# Blender 5.1.0
# www.blender.org
o Mesh_0005.rip
v 0.361184 0.918441 -0.515926
v 0.171516 0.956073 -0.464934
v 0.300378 1.069144 -0.340677
v 2.134591 0.136714 -0.104644
v 2.142901 -0.010161 -0.172492
v 2.115357 0.180866 -0.199050
v 2.084369 0.165153 -0.354346
v 2.081854 0.247878 -0.273967
v 2.115357 0.180866 -0.199050
v 2.055238 -0.045179 -0.429394
v 2.093287 -0.007992 -0.354156
v 2.082103 -0.105018 -0.345950
v 1.844193 -0.657642 -0.180038
v 1.783943 -0.627968 -0.388659
v 1.848243 -0.599208 -0.309482
v 1.638016 -0.666442 -0.532136
v 1.686937 -0.595569 -0.571310
v 1.725830 -0.625433 -0.477381
v 0.893051 -0.831048 -0.538427
v 0.831612 -0.739576 -0.681369
v 0.872217 -0.739223 -0.683649
v 0.008909 1.334069 -0.127091
v -0.017322 1.450315 0.000001
v 0.031547 1.347671 -0.099279
v 0.031547 1.347671 -0.099279
v -0.017322 1.450315 0.000001
v 0.052088 1.360712 -0.069507
v 0.073027 1.372818 0.000001
v 0.067173 1.368793 -0.035736
v -0.017322 1.450315 0.000001
v 0.067173 1.368793 -0.035736
v 0.052088 1.360712 -0.069507
v -0.017322 1.450315 0.000001
v 0.000475 1.314070 0.000001
v -0.017322 1.450315 0.000001
v 0.008909 1.334069 -0.127091
v 0.000475 1.314070 0.000001
v 0.038172 1.178374 -0.133481
v 0.211918 0.660592 0.000001
v 0.150688 0.886330 -0.375905
v 0.186105 0.809903 -0.427224
v 0.211918 0.660592 0.000001
v 0.665556 -0.468516 -0.756855
v 0.762118 -0.616672 -0.656340
v 0.705298 -0.468516 -0.000000
v 0.038172 1.178374 -0.133481
v 0.085205 1.048754 -0.248218
v 0.211918 0.660592 0.000001
v 0.085205 1.048754 -0.248218
v 0.141829 0.905433 -0.363073
v 0.211918 0.660592 0.000001
v 0.802840 -0.669545 -0.584265
v 0.811549 -0.680848 -0.568859
v 0.705298 -0.468516 -0.000000
v 0.811549 -0.680848 -0.568859
v 0.863737 -0.762253 -0.449921
v 0.705298 -0.468516 -0.000000
v 0.705298 -0.468516 -0.000000
v 0.929004 -0.863094 -0.165429
v 0.935498 -0.877069 -0.000000
v 0.705298 -0.468516 -0.000000
v 0.863737 -0.762253 -0.449921
v 0.909567 -0.823914 -0.313473
v 0.909567 -0.823914 -0.313473
v 0.929004 -0.863094 -0.165429
v 0.705298 -0.468516 -0.000000
v 1.416034 0.816855 -0.569662
v 1.425024 0.846450 -0.539550
v 1.557715 0.773369 -0.540877
v 1.997261 0.428105 -0.338640
v 1.966679 0.488505 -0.357227
v 1.951195 0.522066 -0.322064
v 1.853509 0.716314 -0.104649
v 1.874723 0.673142 -0.199049
v 1.767891 0.787879 -0.179181
v 1.863139 0.628049 -0.359676
v 1.874723 0.673142 -0.199049
v 1.904547 0.604301 -0.273966
v 2.042256 0.333607 -0.322065
v 2.081854 0.247878 -0.273967
v 2.084369 0.165153 -0.354346
v 2.115357 0.180866 -0.199050
v 2.142901 -0.010161 -0.172492
v 2.093287 -0.007992 -0.354156
v 2.055238 -0.045179 -0.429394
v 2.017286 -0.015799 -0.523871
v 2.093287 -0.007992 -0.354156
v 1.844193 -0.657642 -0.180038
v 1.848243 -0.599208 -0.309482
v 1.917183 -0.544374 -0.250414
v 2.071192 -0.278979 -0.229887
v 2.089178 -0.185469 -0.278991
v 2.117578 -0.191531 -0.173099
v 2.093287 -0.007992 -0.354156
v 2.142901 -0.010161 -0.172492
v 2.117578 -0.191531 -0.173099
v 0.186105 0.809903 -0.427224
v 0.236378 0.660592 -0.526209
v 0.211918 0.660592 0.000001
v 2.042256 0.333607 -0.322065
v 2.084369 0.165153 -0.354346
v 2.016992 0.154765 -0.510831
v 1.668931 -0.462460 -0.731983
v 1.620448 -0.359077 -0.590387
v 1.669016 -0.466890 -0.712572
v 1.621735 -0.412487 -0.542302
v 1.669042 -0.540598 -0.659385
v 1.664188 -0.521397 -0.667146
v 2.017286 -0.015799 -0.523871
v 1.857488 -0.056430 -0.449634
v 2.005552 -0.021490 -0.532071
v 1.821000 -0.056201 -0.511556
v 1.962243 -0.014819 -0.614416
v 1.968763 -0.021522 -0.591824
v 2.115357 0.180866 -0.199050
v 2.093287 -0.007992 -0.354156
v 2.084369 0.165153 -0.354346
v 1.920815 0.022322 -0.588616
v 1.968763 -0.021522 -0.591824
v 1.962243 -0.014819 -0.614416
v 1.669016 -0.466890 -0.712572
v 1.622656 -0.455313 -0.710259
v 1.668931 -0.462460 -0.731983
v 0.737135 -0.482093 -0.812969
v 0.992606 -0.510473 -0.741508
v 0.834173 -0.636585 -0.732002
v 1.668931 -0.462460 -0.731983
v 1.622656 -0.455313 -0.710259
v 1.513008 -0.412755 -0.705150
v 1.571023 -0.315474 -0.775481
v 1.513008 -0.412755 -0.705150
v 1.587958 -0.235121 -0.668061
v 1.718192 -0.037620 -0.617761
v 1.798127 0.024818 -0.685217
v 1.747670 -0.042337 -0.756718
v 1.718192 -0.037620 -0.617761
v 1.827625 0.060046 -0.591648
v 1.798127 0.024818 -0.685217
v 1.587958 -0.235121 -0.668061
v 1.629137 -0.219834 -0.803927
v 1.571023 -0.315474 -0.775481
v 0.179787 0.933199 -0.466789
v 0.201386 0.889616 -0.460543
v 0.150688 0.886330 -0.375905
v 1.622656 -0.455313 -0.710259
v 1.573101 -0.500412 -0.719994
v 1.513008 -0.412755 -0.705150
v 0.395359 0.436049 -0.717956
v 0.286567 0.683968 -0.593254
v 0.470034 0.687241 -0.616610
v 0.470034 0.687241 -0.616610
v 0.318247 0.815561 -0.544006
v 0.515141 0.778210 -0.608751
v 0.795660 0.664453 -0.662102
v 0.614642 0.770998 -0.631206
v 0.842922 0.748967 -0.672594
v 1.096256 0.649903 -0.666211
v 0.951002 0.750849 -0.677455
v 1.151253 0.746171 -0.674051
v 1.328599 0.629330 -0.644501
v 1.247469 0.736763 -0.665577
v 1.422646 0.706031 -0.638072
v 1.540519 0.558744 -0.603029
v 1.507624 0.677826 -0.619413
v 1.668480 0.595416 -0.585056
v 0.992606 -0.510473 -0.741508
v 1.022574 -0.639042 -0.739966
v 0.834173 -0.636585 -0.732002
v 1.265684 -0.491762 -0.719994
v 1.342659 -0.600704 -0.743017
v 1.159720 -0.629137 -0.742658
v 1.827625 0.060046 -0.591648
v 1.718192 -0.037620 -0.617761
v 1.605656 0.019801 -0.627528
v 1.605656 0.019801 -0.627528
v 1.718192 -0.037620 -0.617761
v 1.566966 -0.084588 -0.653198
v 1.718192 -0.037620 -0.617761
v 1.642445 -0.123762 -0.643888
v 1.566966 -0.084588 -0.653198
v 1.642445 -0.123762 -0.643888
v 1.587958 -0.235121 -0.668061
v 1.566966 -0.084588 -0.653198
v 1.566966 -0.084588 -0.653198
v 1.587958 -0.235121 -0.668061
v 1.482504 -0.193792 -0.678266
v 1.587958 -0.235121 -0.668061
v 1.513008 -0.412755 -0.705150
v 1.482504 -0.193792 -0.678266
v 0.211918 0.660592 0.000001
v 0.141829 0.905433 -0.363073
v 0.150688 0.886330 -0.375905
v 0.705298 -0.468516 -0.000000
v 0.762118 -0.616672 -0.656340
v 0.802840 -0.669545 -0.584265
v 1.920815 0.022322 -0.588616
v 1.962243 -0.014819 -0.614416
v 1.902117 -0.045702 -0.696063
v 0.337272 0.429732 -0.647847
v 0.407772 0.380869 -0.858878
v 0.256344 0.454369 -0.802856
v 0.337272 0.429732 -0.647847
v 0.123202 0.556543 -0.751399
v 0.162069 0.343185 -0.816242
v 0.549603 0.341591 -0.915195
v 0.407772 0.380869 -0.858878
v 0.337272 0.429732 -0.647847
v 0.878770 -0.556735 -0.869848
v 1.010677 -0.669879 -0.768223
v 0.779026 -0.665384 -0.763538
v 1.137161 -0.447479 -0.937768
v 1.196326 -0.219873 -1.015083
v 1.364075 -0.291974 -0.975687
v 0.923980 -0.309098 -0.995770
v 1.093290 -0.096831 -1.039759
v 1.196326 -0.219873 -1.015083
v 1.041180 0.683301 -0.798739
v 1.210001 0.722743 -0.760421
v 1.210850 0.481567 -0.917619
v 1.378069 -0.493931 -0.868881
v 1.268526 -0.487104 -0.901920
v 1.364075 -0.291974 -0.975687
v 1.480564 -0.483432 -0.841533
v 1.378069 -0.493931 -0.868881
v 1.500673 -0.292334 -0.934096
v 1.585266 -0.452673 -0.811558
v 1.480564 -0.483432 -0.841533
v 1.500673 -0.292334 -0.934096
v 1.402530 0.709460 -0.733341
v 1.549842 0.495143 -0.826578
v 1.387974 0.531278 -0.867790
v 1.210001 0.722743 -0.760421
v 1.402530 0.709460 -0.733341
v 1.387974 0.531278 -0.867790
v 1.693986 -0.373464 -0.784412
v 1.585266 -0.452673 -0.811558
v 1.627366 -0.233364 -0.893106
v 1.676653 0.595063 -0.669603
v 1.679025 0.388788 -0.804045
v 1.549842 0.495143 -0.826578
v 1.566267 0.661787 -0.690221
v 1.676653 0.595063 -0.669603
v 1.549842 0.495143 -0.826578
v 1.932399 0.018723 -0.670348
v 1.902117 -0.045702 -0.696063
v 1.778396 0.052963 -0.818287
v 1.933222 0.150153 -0.655517
v 1.778396 0.052963 -0.818287
v 1.761266 0.232315 -0.801438
v 1.906109 0.279557 -0.647579
v 1.933222 0.150153 -0.655517
v 1.761266 0.232315 -0.801438
v 1.852360 0.400260 -0.646462
v 1.761266 0.232315 -0.801438
v 1.679025 0.388788 -0.804045
v 1.774274 0.507112 -0.653831
v 1.852360 0.400260 -0.646462
v 1.679025 0.388788 -0.804045
v 1.248821 0.113678 -1.030030
v 1.256544 0.186105 -1.017460
v 1.446551 0.124196 -0.997142
v 1.252741 0.061548 -1.036283
v 1.248821 0.113678 -1.030030
v 1.446551 0.124196 -0.997142
v 1.280436 0.002769 -1.034702
v 1.252741 0.061548 -1.036283
v 1.446551 0.124196 -0.997142
v 1.256544 0.186105 -1.017460
v 1.293555 0.249785 -0.999514
v 1.446551 0.124196 -0.997142
v 1.337909 -0.051517 -1.022256
v 1.280436 0.002769 -1.034702
v 1.446551 0.124196 -0.997142
v 1.293555 0.249785 -0.999514
v 1.353504 0.291049 -0.974497
v 1.446551 0.124196 -0.997142
v 1.412879 -0.080864 -1.002585
v 1.337909 -0.051517 -1.022256
v 1.446551 0.124196 -0.997142
v 1.353504 0.291049 -0.974497
v 1.431074 0.308781 -0.948867
v 1.446551 0.124196 -0.997142
v 1.489050 -0.079760 -0.980385
v 1.412879 -0.080864 -1.002585
v 1.446551 0.124196 -0.997142
v 1.555429 -0.051915 -0.959151
v 1.489050 -0.079760 -0.980385
v 1.446551 0.124196 -0.997142
v 1.431074 0.308781 -0.948867
v 1.515752 0.291755 -0.927158
v 1.446551 0.124196 -0.997142
v 1.608269 0.003676 -0.937637
v 1.555429 -0.051915 -0.959151
v 1.446551 0.124196 -0.997142
v 1.515752 0.291755 -0.927158
v 1.583227 0.241606 -0.914954
v 1.446551 0.124196 -0.997142
v 1.634821 0.083193 -0.921102
v 1.608269 0.003676 -0.937637
v 1.446551 0.124196 -0.997142
v 1.626079 0.167806 -0.912981
v 1.634821 0.083193 -0.921102
v 1.446551 0.124196 -0.997142
v 1.583227 0.241606 -0.914954
v 1.626079 0.167806 -0.912981
v 1.446551 0.124196 -0.997142
v 1.693986 -0.373464 -0.784412
v 1.627366 -0.233364 -0.893106
v 1.725379 -0.273674 -0.802542
v 1.500673 -0.292334 -0.934096
v 1.627366 -0.233364 -0.893106
v 1.585266 -0.452673 -0.811558
v 1.364075 -0.291974 -0.975687
v 1.500673 -0.292334 -0.934096
v 1.378069 -0.493931 -0.868881
v 1.933222 0.150153 -0.655517
v 1.932399 0.018723 -0.670348
v 1.778396 0.052963 -0.818287
v 1.852360 0.400260 -0.646462
v 1.906109 0.279557 -0.647579
v 1.761266 0.232315 -0.801438
v 1.676653 0.595063 -0.669603
v 1.774274 0.507112 -0.653831
v 1.679025 0.388788 -0.804045
v 1.402530 0.709460 -0.733341
v 1.566267 0.661787 -0.690221
v 1.549842 0.495143 -0.826578
v 1.774391 -0.180164 -0.793069
v 1.728051 -0.115556 -0.851124
v 1.834027 -0.100974 -0.755633
v 1.962243 -0.014819 -0.614416
v 1.902117 -0.045702 -0.696063
v 1.932399 0.018723 -0.670348
v 0.227865 0.846882 -0.540876
v 0.424262 0.807440 -0.619126
v 0.366482 0.749281 -0.651968
v 0.665556 -0.468516 -0.756855
v 0.762118 -0.616672 -0.656340
v 0.938007 -0.372902 -0.683813
v 0.762118 -0.616672 -0.656340
v 0.778497 -0.621003 -0.653773
v 0.938007 -0.372902 -0.683813
v 0.778497 -0.621003 -0.653773
v 0.790028 -0.665155 -0.746467
v 0.938007 -0.372902 -0.683813
v 0.790028 -0.665155 -0.746467
v 1.008599 -0.674282 -0.748969
v 0.938007 -0.372902 -0.683813
v 1.008599 -0.674282 -0.748969
v 1.180032 -0.663646 -0.752125
v 0.938007 -0.372902 -0.683813
v 1.340784 -0.640584 -0.753386
v 1.347624 -0.327169 -0.684584
v 1.173270 -0.368231 -0.686367
v 1.340784 -0.640584 -0.753386
v 1.474239 -0.594354 -0.747780
v 1.347624 -0.327169 -0.684584
v 1.474239 -0.594354 -0.747780
v 1.590179 -0.538351 -0.734929
v 1.347624 -0.327169 -0.684584
v 1.590179 -0.538351 -0.734929
v 1.669016 -0.466890 -0.712572
v 1.462238 -0.250311 -0.678168
v 1.669016 -0.466890 -0.712572
v 1.668931 -0.462460 -0.731983
v 1.462238 -0.250311 -0.678168
v 1.668931 -0.462460 -0.731983
v 1.693986 -0.373464 -0.784412
v 1.462238 -0.250311 -0.678168
v 1.693986 -0.373464 -0.784412
v 1.725379 -0.273674 -0.802542
v 1.495962 -0.137495 -0.707359
v 1.725379 -0.273674 -0.802542
v 1.774391 -0.180164 -0.793069
v 1.495962 -0.137495 -0.707359
v 1.774391 -0.180164 -0.793069
v 1.834027 -0.100974 -0.755633
v 1.560845 -0.034367 -0.687883
v 1.834027 -0.100974 -0.755633
v 1.902117 -0.045702 -0.696063
v 1.560845 -0.034367 -0.687883
v 1.902117 -0.045702 -0.696063
v 1.962243 -0.014819 -0.614416
v 1.638277 0.017651 -0.629279
v 1.962243 -0.014819 -0.614416
v 1.968763 -0.021522 -0.591824
v 1.638277 0.017651 -0.629279
v 1.968763 -0.021522 -0.591824
v 1.966980 0.145442 -0.584272
v 1.638277 0.017651 -0.629279
v 1.966980 0.145442 -0.584272
v 1.621696 0.193893 -0.613208
v 1.638277 0.017651 -0.629279
v 1.937031 0.285927 -0.575125
v 1.877454 0.417475 -0.572713
v 1.621696 0.193893 -0.613208
v 1.877454 0.417475 -0.572713
v 1.791032 0.533983 -0.579724
v 1.535306 0.340683 -0.615148
v 1.791032 0.533983 -0.579724
v 1.683481 0.629735 -0.596403
v 1.535306 0.340683 -0.615148
v 1.683481 0.629735 -0.596403
v 1.561923 0.702098 -0.617793
v 1.399708 0.440198 -0.630939
v 1.561923 0.702098 -0.617793
v 1.392116 0.760819 -0.657509
v 1.399708 0.440198 -0.630939
v 1.392116 0.760819 -0.657509
v 1.172728 0.783705 -0.686549
v 1.169011 0.488564 -0.659430
v 1.172728 0.783705 -0.686549
v 0.941176 0.786135 -0.688280
v 1.169011 0.488564 -0.659430
v 0.941176 0.786135 -0.688280
v 0.683425 0.794720 -0.659384
v 0.878182 0.495110 -0.648174
v 0.426961 0.817469 -0.601270
v 0.224814 0.857858 -0.525268
v 0.606084 0.532507 -0.592601
v 0.224814 0.857858 -0.525268
v 0.186242 0.824002 -0.415973
v 0.606084 0.532507 -0.592601
v 0.186242 0.824002 -0.415973
v 0.186105 0.809903 -0.427224
v 0.606084 0.532507 -0.592601
v 0.186105 0.809903 -0.427224
v 0.236378 0.660592 -0.526209
v 0.606084 0.532507 -0.592601
v 0.236378 0.660592 -0.526209
v 0.337272 0.429732 -0.647847
v 0.606084 0.532507 -0.592601
v 0.337272 0.429732 -0.647847
v 0.699261 0.090759 -0.697774
v 0.606084 0.532507 -0.592601
v 0.424752 0.110568 -0.779545
v 0.470681 -0.048955 -0.812734
v 0.699261 0.090759 -0.697774
v 0.470681 -0.048955 -0.812734
v 0.532101 -0.200266 -0.819594
v 0.782737 -0.093767 -0.714356
v 0.532101 -0.200266 -0.819594
v 0.593611 -0.340627 -0.797943
v 0.782737 -0.093767 -0.714356
v 0.593611 -0.340627 -0.797943
v 0.665556 -0.468516 -0.756855
v 0.782737 -0.093767 -0.714356
v 0.941176 0.786135 -0.688280
v 0.878182 0.495110 -0.648174
v 1.169011 0.488564 -0.659430
v 1.392116 0.760819 -0.657509
v 1.169011 0.488564 -0.659430
v 1.399708 0.440198 -0.630939
v 1.683481 0.629735 -0.596403
v 1.399708 0.440198 -0.630939
v 1.535306 0.340683 -0.615148
v 1.966980 0.145442 -0.584272
v 1.937031 0.285927 -0.575125
v 1.621696 0.193893 -0.613208
v 1.877454 0.417475 -0.572713
v 1.535306 0.340683 -0.615148
v 1.621696 0.193893 -0.613208
v 1.902117 -0.045702 -0.696063
v 1.638277 0.017651 -0.629279
v 1.560845 -0.034367 -0.687883
v 1.774391 -0.180164 -0.793069
v 1.560845 -0.034367 -0.687883
v 1.495962 -0.137495 -0.707359
v 1.693986 -0.373464 -0.784412
v 1.495962 -0.137495 -0.707359
v 1.462238 -0.250311 -0.678168
v 1.590179 -0.538351 -0.734929
v 1.462238 -0.250311 -0.678168
v 1.347624 -0.327169 -0.684584
v 1.173270 -0.368231 -0.686367
v 1.180032 -0.663646 -0.752125
v 1.340784 -0.640584 -0.753386
v 1.180032 -0.663646 -0.752125
v 1.173270 -0.368231 -0.686367
v 0.938007 -0.372902 -0.683813
v 0.665556 -0.468516 -0.756855
v 0.938007 -0.372902 -0.683813
v 0.782737 -0.093767 -0.714356
v 0.782737 -0.093767 -0.714356
v 0.699261 0.090759 -0.697774
v 0.470681 -0.048955 -0.812734
v 0.337272 0.429732 -0.647847
v 0.424752 0.110568 -0.779545
v 0.699261 0.090759 -0.697774
v 1.684546 0.090811 -0.444244
v 1.680391 0.127940 -0.450163
v 1.680391 0.127940 -0.329251
v 1.680391 0.127940 -0.450163
v 1.676229 0.165068 -0.444244
v 1.680391 0.127940 -0.329251
v 1.676229 0.165068 -0.444244
v 1.672472 0.198564 -0.427068
v 1.680391 0.127940 -0.329251
v 1.672472 0.198564 -0.427068
v 1.669499 0.225142 -0.400320
v 1.680391 0.127940 -0.329251
v 1.669499 0.225142 -0.400320
v 1.667585 0.242213 -0.366615
v 1.680391 0.127940 -0.329251
v 1.667585 0.242213 -0.366615
v 1.666925 0.248093 -0.329251
v 1.680391 0.127940 -0.329251
v 1.666925 0.248093 -0.329251
v 1.667585 0.242213 -0.291894
v 1.680391 0.127940 -0.329251
v 1.667585 0.242213 -0.291894
v 1.669499 0.225142 -0.258189
v 1.680391 0.127940 -0.329251
v 1.669499 0.225142 -0.258189
v 1.672472 0.198564 -0.231442
v 1.680391 0.127940 -0.329251
v 1.672472 0.198564 -0.231442
v 1.676229 0.165068 -0.214266
v 1.680391 0.127940 -0.329251
v 1.676229 0.165068 -0.214266
v 1.680391 0.127940 -0.208347
v 1.680391 0.127940 -0.329251
v 1.680391 0.127940 -0.208347
v 1.684546 0.090811 -0.214266
v 1.680391 0.127940 -0.329251
v 1.684546 0.090811 -0.214266
v 1.688302 0.057315 -0.231442
v 1.680391 0.127940 -0.329251
v 1.688302 0.057315 -0.231442
v 1.691282 0.030731 -0.258189
v 1.680391 0.127940 -0.329251
v 1.691282 0.030731 -0.258189
v 1.693189 0.013666 -0.291894
v 1.680391 0.127940 -0.329251
v 1.693189 0.013666 -0.291894
v 1.693849 0.007786 -0.329251
v 1.680391 0.127940 -0.329251
v 1.693849 0.007786 -0.329251
v 1.693189 0.013666 -0.366615
v 1.680391 0.127940 -0.329251
v 1.693189 0.013666 -0.366615
v 1.691282 0.030731 -0.400320
v 1.680391 0.127940 -0.329251
v 1.691282 0.030731 -0.400320
v 1.688302 0.057315 -0.427068
v 1.680391 0.127940 -0.329251
v 1.688302 0.057315 -0.427068
v 1.684546 0.090811 -0.444244
v 1.680391 0.127940 -0.329251
v 0.242238 -0.477695 -0.135056
v -0.091939 -0.045911 -0.126609
v 0.670299 -0.045911 -0.150056
v -1.016333 -0.107363 -0.129725
v -0.826881 -0.083732 -0.144372
v -0.933151 -0.325378 -0.116652
v -0.248738 0.746766 -0.224515
v -0.237141 0.783764 -0.234701
v -0.035544 0.519244 -0.162424
v -1.568637 1.005295 -0.279597
v -1.559484 1.016813 -0.278957
v -1.553833 1.003060 -0.291860
v -0.864937 0.703679 -0.209031
v -0.845213 0.538602 -0.188466
v -0.879337 0.532265 -0.188243
v -0.746378 0.860471 -0.266067
v -1.193947 0.748301 -0.191130
v -1.287575 0.825231 -0.216819
v -0.245909 0.669366 -0.144646
v -0.278967 0.694604 -0.145652
v -0.248738 0.746766 -0.224515
v 0.278374 -0.527871 -0.116240
v 0.315078 -0.560133 -0.083580
v 0.283993 -0.573232 -0.082894
v -0.281443 0.982591 -0.296251
v -0.288218 0.997500 -0.294572
v -0.261556 0.982565 -0.291913
v -1.571910 0.914338 -0.069572
v -1.560085 0.929456 -0.072930
v -1.571146 0.920989 -0.087342
v -1.560085 0.929456 -0.072930
v -1.579123 0.940393 -0.094921
v -1.571146 0.920989 -0.087342
v -1.561653 0.922015 -0.275958
v -1.553833 0.937179 -0.296251
v -1.416144 0.885442 -0.245108
v -1.568637 0.938675 -0.280048
v -1.553833 0.937179 -0.296251
v -1.561653 0.922015 -0.275958
v -0.252063 -0.303864 -0.129790
v -0.244099 -0.278110 -0.126648
v -0.091939 -0.045911 -0.126609
v -0.252063 -0.303864 -0.129790
v -0.269102 -0.283905 -0.126328
v -0.244099 -0.278110 -0.126648
v -0.812299 0.095398 -0.142595
v -0.784290 0.100592 -0.142615
v -0.782148 0.036794 -0.138303
v -0.867100 0.516259 -0.168506
v -0.839353 0.521459 -0.168278
v -0.837210 0.457655 -0.163966
v -1.063882 0.464032 -0.168128
v -1.069671 0.509386 -0.171067
v -0.917184 0.479888 -0.181096
v -0.782148 0.036794 -0.138303
v -0.834348 0.078000 -0.139303
v -0.812299 0.095398 -0.142595
v -0.782148 0.036794 -0.138303
v -0.847284 0.048489 -0.136212
v -0.834348 0.078000 -0.139303
v -0.773733 -0.027010 -0.133998
v -0.815402 -0.067921 -0.129418
v -0.836028 -0.038306 -0.130359
v -0.788694 -0.085463 -0.130274
v -0.815402 -0.067921 -0.129418
v -0.773733 -0.027010 -0.133998
v -0.828795 0.393851 -0.159660
v -0.870079 0.352940 -0.155100
v -0.890678 0.382555 -0.155943
v -0.843489 0.335404 -0.156178
v -0.870079 0.352940 -0.155100
v -0.828795 0.393851 -0.159660
v -0.837210 0.457655 -0.163966
v -0.889025 0.498861 -0.164985
v -0.867100 0.516259 -0.168506
v -0.837210 0.457655 -0.163966
v -0.901942 0.469356 -0.161797
v -0.889025 0.498861 -0.164985
v -0.083870 0.754861 -0.227135
v -0.056587 0.737155 -0.223228
v -0.035544 0.519244 -0.162424
v -0.056587 0.737155 -0.223228
v -0.019537 0.734803 -0.220027
v -0.035544 0.519244 -0.162424
v -0.828795 0.393851 -0.159660
v -0.814108 0.330054 -0.155355
v -0.843489 0.335404 -0.156178
v -0.773733 -0.027010 -0.133998
v -0.759046 -0.090814 -0.129686
v -0.788694 -0.085463 -0.130274
v -0.826881 -0.083732 -0.144372
v -0.796893 -0.101378 -0.145098
v -0.933151 -0.325378 -0.116652
v -1.441271 0.863150 -0.099893
v -1.571910 0.914338 -0.069572
v -1.571146 0.920989 -0.087342
v -0.833604 0.760715 -0.221948
v -0.864937 0.703679 -0.209031
v -1.193947 0.748301 -0.191130
v 0.418160 0.489831 -0.796865
v 0.549603 0.341591 -0.915195
v 0.337272 0.429732 -0.647847
v 0.219424 0.414248 -0.823539
v 0.123202 0.556543 -0.751399
v 0.256344 0.454369 -0.802856
v 1.210001 0.722743 -0.760421
v 1.387974 0.531278 -0.867790
v 1.210850 0.481567 -0.917619
v 1.364075 -0.291974 -0.975687
v 1.268526 -0.487104 -0.901920
v 1.137161 -0.447479 -0.937768
v 1.137161 -0.447479 -0.937768
v 1.032563 -0.394200 -0.971173
v 1.196326 -0.219873 -1.015083
v 1.196326 -0.219873 -1.015083
v 1.032563 -0.394200 -0.971173
v 0.923980 -0.309098 -0.995770
v 0.923980 -0.309098 -0.995770
v 0.841595 -0.227830 -1.013855
v 1.093290 -0.096831 -1.039759
v -0.005615 -0.823822 -0.268518
v -0.005615 -0.572415 -0.268518
v 0.090294 -0.803961 -0.268518
v -0.183385 -0.750186 -0.268518
v -0.237161 -0.668324 -0.268518
v -0.005615 -0.572415 -0.268518
v -0.257022 -0.572415 -0.268518
v -0.005615 -0.572415 -0.268518
v -0.237161 -0.668324 -0.268518
v -0.183385 -0.394644 -0.268518
v -0.101523 -0.340876 -0.268518
v -0.005615 -0.572415 -0.268518
v -0.005615 -0.321008 -0.268518
v -0.005615 -0.572415 -0.268518
v -0.101523 -0.340876 -0.268518
v 0.172156 -0.394644 -0.268518
v 0.225931 -0.476506 -0.268518
v -0.005615 -0.572415 -0.268518
v 0.245793 -0.572415 -0.268518
v 0.225931 -0.668324 -0.268518
v -0.005615 -0.572415 -0.268518
v 0.225931 -0.668324 -0.268518
v 0.172156 -0.750186 -0.268518
v -0.005615 -0.572415 -0.268518
v -0.005615 -0.321008 -0.268518
v 0.090294 -0.340876 -0.268518
v -0.005615 -0.572415 -0.268518
v -0.005615 -0.572415 -0.268518
v -0.237161 -0.476506 -0.268518
v -0.183385 -0.394644 -0.268518
v -0.257022 -0.572415 -0.268518
v -0.237161 -0.476506 -0.268518
v -0.005615 -0.572415 -0.268518
v -0.005615 -0.572415 -0.268518
v -0.101523 -0.803961 -0.268518
v -0.183385 -0.750186 -0.268518
v -0.005615 -0.823822 -0.268518
v -0.101523 -0.803961 -0.268518
v -0.005615 -0.572415 -0.268518
v 0.172156 -0.750186 -0.268518
v 0.090294 -0.803961 -0.268518
v -0.005615 -0.572415 -0.268518
v -0.005615 -0.572415 -0.268518
v 0.225931 -0.476506 -0.268518
v 0.245793 -0.572415 -0.268518
v -0.005615 -0.572415 -0.268518
v 0.090294 -0.340876 -0.268518
v 0.172156 -0.394644 -0.268518
v 1.696364 -0.282658 -0.535853
v 1.709483 -0.248005 -0.543458
v 1.763553 -0.265717 -0.436776
v 1.709483 -0.248005 -0.543458
v 1.727894 -0.215084 -0.540616
v 1.763553 -0.265717 -0.436776
v 1.727894 -0.215084 -0.540616
v 1.749800 -0.187121 -0.527608
v 1.763553 -0.265717 -0.436776
v 1.749800 -0.187121 -0.527608
v 1.773045 -0.166849 -0.505715
v 1.763553 -0.265717 -0.436776
v 1.773045 -0.166849 -0.505715
v 1.795370 -0.156252 -0.477067
v 1.763553 -0.265717 -0.436776
v 1.795370 -0.156252 -0.477067
v 1.814571 -0.156376 -0.444479
v 1.763553 -0.265717 -0.436776
v 1.814571 -0.156376 -0.444479
v 1.828781 -0.167202 -0.411133
v 1.763553 -0.265717 -0.436776
v 1.828781 -0.167202 -0.411133
v 1.836608 -0.187670 -0.380302
v 1.763553 -0.265717 -0.436776
v 1.836608 -0.187670 -0.380302
v 1.837281 -0.215776 -0.354993
v 1.763553 -0.265717 -0.436776
v 1.837281 -0.215776 -0.354993
v 1.830741 -0.248776 -0.337692
v 1.763553 -0.265717 -0.436776
v 1.830741 -0.248776 -0.337692
v 1.817622 -0.283429 -0.330094
v 1.763553 -0.265717 -0.436776
v 1.817622 -0.283429 -0.330094
v 1.799205 -0.316356 -0.332936
v 1.763553 -0.265717 -0.436776
v 1.799205 -0.316356 -0.332936
v 1.777305 -0.344319 -0.345937
v 1.763553 -0.265717 -0.436776
v 1.777305 -0.344319 -0.345937
v 1.754053 -0.364592 -0.367837
v 1.763553 -0.265717 -0.436776
v 1.754053 -0.364592 -0.367837
v 1.731736 -0.375182 -0.396479
v 1.763553 -0.265717 -0.436776
v 1.731736 -0.375182 -0.396479
v 1.712528 -0.375058 -0.429073
v 1.763553 -0.265717 -0.436776
v 1.712528 -0.375058 -0.429073
v 1.698318 -0.364239 -0.462413
v 1.763553 -0.265717 -0.436776
v 1.698318 -0.364239 -0.462413
v 1.690497 -0.343770 -0.493250
v 1.763553 -0.265717 -0.436776
v 1.690497 -0.343770 -0.493250
v 1.689818 -0.315657 -0.518553
v 1.763553 -0.265717 -0.436776
v 1.689818 -0.315657 -0.518553
v 1.696364 -0.282658 -0.535853
v 1.763553 -0.265717 -0.436776
v 0.366482 0.749281 -0.651968
v 0.303749 0.668830 -0.667687
v 0.227865 0.846882 -0.540876
v 1.390842 0.577116 -0.444243
v 1.358045 0.595004 -0.450163
v 1.358045 0.595004 -0.329250
v 1.358045 0.595004 -0.450163
v 1.325241 0.612892 -0.444243
v 1.358045 0.595004 -0.329250
v 1.325241 0.612892 -0.444243
v 1.295652 0.629029 -0.427067
v 1.358045 0.595004 -0.329250
v 1.295652 0.629029 -0.427067
v 1.272171 0.641835 -0.400319
v 1.358045 0.595004 -0.329250
v 1.272171 0.641835 -0.400319
v 1.257092 0.650060 -0.366614
v 1.358045 0.595004 -0.329250
v 1.257092 0.650060 -0.366614
v 1.251899 0.652889 -0.329250
v 1.358045 0.595004 -0.329250
v 1.251899 0.652889 -0.329250
v 1.257092 0.650060 -0.291893
v 1.358045 0.595004 -0.329250
v 1.257092 0.650060 -0.291893
v 1.272171 0.641835 -0.258188
v 1.358045 0.595004 -0.329250
v 1.272171 0.641835 -0.258188
v 1.295652 0.629029 -0.231441
v 1.358045 0.595004 -0.329250
v 1.295652 0.629029 -0.231441
v 1.325241 0.612892 -0.214265
v 1.358045 0.595004 -0.329250
v 1.325241 0.612892 -0.214265
v 1.358045 0.595004 -0.208346
v 1.358045 0.595004 -0.329250
v 1.358045 0.595004 -0.208346
v 1.390842 0.577116 -0.214265
v 1.358045 0.595004 -0.329250
v 1.390842 0.577116 -0.214265
v 1.420438 0.560972 -0.231442
v 1.358045 0.595004 -0.329250
v 1.420438 0.560972 -0.231442
v 1.443918 0.548167 -0.258188
v 1.358045 0.595004 -0.329250
v 1.443918 0.548167 -0.258188
v 1.458997 0.539948 -0.291893
v 1.358045 0.595004 -0.329250
v 1.458997 0.539948 -0.291893
v 1.464191 0.537113 -0.329250
v 1.358045 0.595004 -0.329250
v 1.464191 0.537113 -0.329250
v 1.458997 0.539948 -0.366614
v 1.358045 0.595004 -0.329250
v 1.458997 0.539948 -0.366614
v 1.443918 0.548167 -0.400319
v 1.358045 0.595004 -0.329250
v 1.443918 0.548167 -0.400319
v 1.420438 0.560972 -0.427067
v 1.358045 0.595004 -0.329250
v 1.420438 0.560972 -0.427067
v 1.390842 0.577116 -0.444243
v 1.358045 0.595004 -0.329250
v 0.926717 -0.565555 -0.943497
v 0.926717 -0.329312 -1.029482
v 1.022626 -0.546890 -0.950286
v 0.748947 -0.496361 -0.968677
v 0.695171 -0.419432 -0.996678
v 0.926717 -0.329312 -1.029482
v 0.675310 -0.329312 -1.029482
v 0.926717 -0.329312 -1.029482
v 0.695171 -0.419432 -0.996678
v 0.748947 -0.162262 -1.090281
v 0.830809 -0.111727 -1.108672
v 0.926717 -0.329312 -1.029482
v 0.926718 -0.093068 -1.115467
v 0.926717 -0.329312 -1.029482
v 0.830809 -0.111727 -1.108672
v 1.104488 -0.162262 -1.090281
v 1.158263 -0.239185 -1.062286
v 0.926717 -0.329312 -1.029482
v 1.178125 -0.329312 -1.029482
v 1.158263 -0.419432 -0.996679
v 0.926717 -0.329312 -1.029482
v 1.158263 -0.419432 -0.996679
v 1.104488 -0.496361 -0.968677
v 0.926717 -0.329312 -1.029482
v 0.926718 -0.093068 -1.115467
v 1.022626 -0.111734 -1.108672
v 0.926717 -0.329312 -1.029482
v 0.926717 -0.329312 -1.029482
v 0.695171 -0.239185 -1.062286
v 0.748947 -0.162262 -1.090281
v 0.675310 -0.329312 -1.029482
v 0.695171 -0.239185 -1.062286
v 0.926717 -0.329312 -1.029482
v 0.926717 -0.329312 -1.029482
v 0.830809 -0.546890 -0.950286
v 0.748947 -0.496361 -0.968677
v 0.926717 -0.565555 -0.943497
v 0.830809 -0.546890 -0.950286
v 0.926717 -0.329312 -1.029482
v 1.104488 -0.496361 -0.968677
v 1.022626 -0.546890 -0.950286
v 0.926717 -0.329312 -1.029482
v 0.926717 -0.329312 -1.029482
v 1.158263 -0.239185 -1.062286
v 1.178125 -0.329312 -1.029482
v 0.926717 -0.329312 -1.029482
v 1.022626 -0.111734 -1.108672
v 1.104488 -0.162262 -1.090281
v 1.846891 0.311773 -0.114992
v 1.830284 0.345243 -0.120905
v 1.830284 0.345243 -0.000000
v 1.830284 0.345243 -0.120905
v 1.813676 0.378713 -0.114992
v 1.830284 0.345243 -0.000000
v 1.813676 0.378713 -0.114992
v 1.798695 0.408903 -0.097816
v 1.830284 0.345243 -0.000000
v 1.798695 0.408903 -0.097816
v 1.786805 0.432861 -0.071069
v 1.830284 0.345243 -0.000000
v 1.786805 0.432861 -0.071069
v 1.779167 0.448247 -0.037364
v 1.830284 0.345243 -0.000000
v 1.779167 0.448247 -0.037364
v 1.776534 0.453545 -0.000000
v 1.830284 0.345243 -0.000000
v 1.884027 0.236941 -0.000000
v 1.881400 0.242239 -0.037364
v 1.830284 0.345243 -0.000000
v 1.881400 0.242239 -0.037364
v 1.873763 0.257625 -0.071069
v 1.830284 0.345243 -0.000000
v 1.873763 0.257625 -0.071069
v 1.861872 0.281583 -0.097816
v 1.830284 0.345243 -0.000000
v 1.861872 0.281583 -0.097816
v 1.846891 0.311773 -0.114992
v 1.830284 0.345243 -0.000000
v -0.237141 0.783764 -0.234701
v -0.745666 0.783764 -0.233975
v -0.746378 0.860471 -0.266067
v -0.746378 0.860471 -0.266067
v -0.745666 0.783764 -0.233975
v -0.833604 0.760715 -0.221948
v -0.746378 0.860471 -0.266067
v -0.833604 0.760715 -0.221948
v -1.193947 0.748301 -0.191130
v -1.287575 0.825231 -0.216819
v -1.416144 0.885442 -0.245108
v -0.746378 0.860471 -0.266067
v 0.361184 0.918441 0.515928
v 0.300378 1.069144 0.340679
v 0.171516 0.956073 0.464935
v 2.134591 0.136714 0.104643
v 2.115357 0.180866 0.199049
v 2.142901 -0.010161 0.172492
v 2.084369 0.165153 0.354346
v 2.115357 0.180866 0.199049
v 2.081854 0.247878 0.273967
v 2.055238 -0.045179 0.429393
v 2.082103 -0.105018 0.345950
v 2.093287 -0.007992 0.354156
v 1.844193 -0.657642 0.180038
v 1.848243 -0.599208 0.309482
v 1.783943 -0.627968 0.388658
v 1.638016 -0.666442 0.532136
v 1.725830 -0.625433 0.477380
v 1.686937 -0.595569 0.571309
v 0.893051 -0.831048 0.538427
v 0.872217 -0.739223 0.683649
v 0.831612 -0.739576 0.681369
v 0.008909 1.334069 0.127093
v 0.031547 1.347671 0.099281
v -0.017322 1.450315 0.000001
v 0.031547 1.347671 0.099281
v 0.052088 1.360712 0.069509
v -0.017322 1.450315 0.000001
v 0.073027 1.372818 0.000001
v -0.017322 1.450315 0.000001
v 0.067173 1.368793 0.035738
v 0.067173 1.368793 0.035738
v -0.017322 1.450315 0.000001
v 0.052088 1.360712 0.069509
v 0.000475 1.314070 0.000001
v 0.008909 1.334069 0.127093
v -0.017322 1.450315 0.000001
v 0.000475 1.314070 0.000001
v 0.211918 0.660592 0.000001
v 0.038172 1.178374 0.133482
v 0.150688 0.886330 0.375906
v 0.211918 0.660592 0.000001
v 0.186105 0.809903 0.427225
v 0.665556 -0.468516 0.756855
v 0.705298 -0.468516 -0.000000
v 0.762118 -0.616672 0.656340
v 0.038172 1.178374 0.133482
v 0.211918 0.660592 0.000001
v 0.085205 1.048754 0.248220
v 0.085205 1.048754 0.248220
v 0.211918 0.660592 0.000001
v 0.141829 0.905433 0.363075
v 0.802840 -0.669545 0.584265
v 0.705298 -0.468516 -0.000000
v 0.811549 -0.680848 0.568859
v 0.811549 -0.680848 0.568859
v 0.705298 -0.468516 -0.000000
v 0.863737 -0.762253 0.449921
v 0.705298 -0.468516 -0.000000
v 0.935498 -0.877069 -0.000000
v 0.929004 -0.863094 0.165429
v 0.705298 -0.468516 -0.000000
v 0.909567 -0.823914 0.313473
v 0.863737 -0.762253 0.449921
v 0.909567 -0.823914 0.313473
v 0.705298 -0.468516 -0.000000
v 0.929004 -0.863094 0.165429
v 1.416034 0.816855 0.569664
v 1.557715 0.773369 0.540878
v 1.425024 0.846451 0.539552
v 1.997261 0.428105 0.338640
v 1.951195 0.522066 0.322066
v 1.966679 0.488505 0.357227
v 1.853509 0.716314 0.104651
v 1.767891 0.787879 0.179183
v 1.874723 0.673142 0.199050
v 1.863139 0.628049 0.359677
v 1.904547 0.604301 0.273968
v 1.874723 0.673142 0.199050
v 2.042256 0.333607 0.322065
v 2.084369 0.165153 0.354346
v 2.081854 0.247878 0.273967
v 2.115357 0.180866 0.199049
v 2.093287 -0.007992 0.354156
v 2.142901 -0.010161 0.172492
v 2.055238 -0.045179 0.429393
v 2.093287 -0.007992 0.354156
v 2.017286 -0.015799 0.523871
v 1.844193 -0.657642 0.180038
v 1.917183 -0.544374 0.250414
v 1.848243 -0.599208 0.309482
v 2.071192 -0.278979 0.229887
v 2.117578 -0.191531 0.173099
v 2.089178 -0.185468 0.278991
v 2.093287 -0.007992 0.354156
v 2.117578 -0.191531 0.173099
v 2.142901 -0.010161 0.172492
v 0.186105 0.809903 0.427225
v 0.211918 0.660592 0.000001
v 0.236378 0.660592 0.526211
v 2.042256 0.333607 0.322065
v 2.016992 0.154765 0.510831
v 2.084369 0.165153 0.354346
v 1.668931 -0.462460 0.731982
v 1.669016 -0.466890 0.712572
v 1.620448 -0.359077 0.590387
v 1.621735 -0.412487 0.542302
v 1.664188 -0.521397 0.667146
v 1.669042 -0.540598 0.659385
v 2.017286 -0.015799 0.523871
v 2.005552 -0.021490 0.532070
v 1.857488 -0.056430 0.449633
v 1.821000 -0.056201 0.511556
v 1.968763 -0.021522 0.591824
v 1.962243 -0.014819 0.614416
v 2.115357 0.180866 0.199049
v 2.084369 0.165153 0.354346
v 2.093287 -0.007992 0.354156
v 1.920815 0.022323 0.588616
v 1.962243 -0.014819 0.614416
v 1.968763 -0.021522 0.591824
v 1.669016 -0.466890 0.712572
v 1.668931 -0.462460 0.731982
v 1.622656 -0.455313 0.710259
v 0.737135 -0.482092 0.812969
v 0.834173 -0.636585 0.732002
v 0.992606 -0.510473 0.741508
v 1.668931 -0.462460 0.731982
v 1.513008 -0.412755 0.705150
v 1.622656 -0.455313 0.710259
v 1.571023 -0.315474 0.775481
v 1.587958 -0.235121 0.668061
v 1.513008 -0.412755 0.705150
v 1.718192 -0.037620 0.617761
v 1.747670 -0.042337 0.756717
v 1.798127 0.024818 0.685217
v 1.718192 -0.037620 0.617761
v 1.798127 0.024818 0.685217
v 1.827625 0.060046 0.591647
v 1.587958 -0.235121 0.668061
v 1.571023 -0.315474 0.775481
v 1.629137 -0.219834 0.803927
v 0.179787 0.933199 0.466791
v 0.150688 0.886330 0.375906
v 0.201386 0.889616 0.460545
v 1.622656 -0.455313 0.710259
v 1.513008 -0.412755 0.705150
v 1.573101 -0.500412 0.719994
v 0.395359 0.436049 0.717955
v 0.470034 0.687241 0.616612
v 0.286567 0.683968 0.593256
v 0.470034 0.687241 0.616612
v 0.515141 0.778211 0.608753
v 0.318247 0.815561 0.544008
v 0.795660 0.664453 0.662103
v 0.842922 0.748967 0.672596
v 0.614642 0.770998 0.631208
v 1.096256 0.649903 0.666213
v 1.151253 0.746171 0.674053
v 0.951002 0.750849 0.677457
v 1.328599 0.629330 0.644503
v 1.422646 0.706031 0.638074
v 1.247469 0.736763 0.665579
v 1.540519 0.558744 0.603028
v 1.668480 0.595416 0.585055
v 1.507624 0.677826 0.619415
v 0.992606 -0.510473 0.741508
v 0.834173 -0.636585 0.732002
v 1.022574 -0.639041 0.739966
v 1.265684 -0.491762 0.719994
v 1.159720 -0.629137 0.742658
v 1.342659 -0.600704 0.743017
v 1.827625 0.060046 0.591647
v 1.605656 0.019801 0.627528
v 1.718192 -0.037620 0.617761
v 1.605656 0.019801 0.627528
v 1.566966 -0.084588 0.653197
v 1.718192 -0.037620 0.617761
v 1.718192 -0.037620 0.617761
v 1.566966 -0.084588 0.653197
v 1.642445 -0.123762 0.643888
v 1.642445 -0.123762 0.643888
v 1.566966 -0.084588 0.653197
v 1.587958 -0.235121 0.668061
v 1.566966 -0.084588 0.653197
v 1.482504 -0.193792 0.678266
v 1.587958 -0.235121 0.668061
v 1.587958 -0.235121 0.668061
v 1.482504 -0.193792 0.678266
v 1.513008 -0.412755 0.705150
v 0.211918 0.660592 0.000001
v 0.150688 0.886330 0.375906
v 0.141829 0.905433 0.363075
v 0.705298 -0.468516 -0.000000
v 0.802840 -0.669545 0.584265
v 0.762118 -0.616672 0.656340
v 1.920815 0.022323 0.588616
v 1.902117 -0.045702 0.696062
v 1.962243 -0.014819 0.614416
v 0.337272 0.429732 0.647847
v 0.256344 0.454369 0.802855
v 0.407772 0.380869 0.858878
v 0.337272 0.429732 0.647847
v 0.162069 0.343185 0.816242
v 0.123202 0.556543 0.751399
v 0.549603 0.341591 0.915195
v 0.337272 0.429732 0.647847
v 0.407772 0.380869 0.858878
v 0.878770 -0.556735 0.869848
v 0.779026 -0.665384 0.763538
v 1.010677 -0.669879 0.768223
v 1.137161 -0.447479 0.937768
v 1.364075 -0.291974 0.975687
v 1.196326 -0.219873 1.015082
v 0.923980 -0.309098 0.995770
v 1.196326 -0.219873 1.015082
v 1.093290 -0.096831 1.039759
v 1.041180 0.683301 0.798740
v 1.210850 0.481567 0.917619
v 1.210001 0.722743 0.760423
v 1.378069 -0.493931 0.868881
v 1.364075 -0.291974 0.975687
v 1.268526 -0.487103 0.901920
v 1.480564 -0.483432 0.841532
v 1.500673 -0.292333 0.934096
v 1.378069 -0.493931 0.868881
v 1.585266 -0.452673 0.811558
v 1.500673 -0.292333 0.934096
v 1.480564 -0.483432 0.841532
v 1.402530 0.709461 0.733342
v 1.387974 0.531278 0.867790
v 1.549842 0.495143 0.826578
v 1.210001 0.722743 0.760423
v 1.387974 0.531278 0.867790
v 1.402530 0.709461 0.733342
v 1.693986 -0.373464 0.784412
v 1.627366 -0.233364 0.893106
v 1.585266 -0.452673 0.811558
v 1.676653 0.595063 0.669603
v 1.549842 0.495143 0.826578
v 1.679025 0.388788 0.804044
v 1.566267 0.661787 0.690223
v 1.549842 0.495143 0.826578
v 1.676653 0.595063 0.669603
v 1.932399 0.018723 0.670347
v 1.778396 0.052964 0.818287
v 1.902117 -0.045702 0.696062
v 1.933222 0.150153 0.655517
v 1.761266 0.232315 0.801438
v 1.778396 0.052964 0.818287
v 1.906109 0.279557 0.647579
v 1.761266 0.232315 0.801438
v 1.933222 0.150153 0.655517
v 1.852360 0.400260 0.646463
v 1.679025 0.388788 0.804044
v 1.761266 0.232315 0.801438
v 1.774274 0.507112 0.653831
v 1.679025 0.388788 0.804044
v 1.852360 0.400260 0.646463
v 1.248821 0.113678 1.030031
v 1.446551 0.124196 0.997142
v 1.256544 0.186105 1.017461
v 1.252741 0.061548 1.036283
v 1.446551 0.124196 0.997142
v 1.248821 0.113678 1.030031
v 1.280436 0.002769 1.034702
v 1.446551 0.124196 0.997142
v 1.252741 0.061548 1.036283
v 1.256544 0.186105 1.017461
v 1.446551 0.124196 0.997142
v 1.293555 0.249785 0.999514
v 1.337909 -0.051517 1.022256
v 1.446551 0.124196 0.997142
v 1.280436 0.002769 1.034702
v 1.293555 0.249785 0.999514
v 1.446551 0.124196 0.997142
v 1.353504 0.291050 0.974498
v 1.412879 -0.080864 1.002584
v 1.446551 0.124196 0.997142
v 1.337909 -0.051517 1.022256
v 1.353504 0.291050 0.974498
v 1.446551 0.124196 0.997142
v 1.431074 0.308781 0.948868
v 1.489050 -0.079760 0.980384
v 1.446551 0.124196 0.997142
v 1.412879 -0.080864 1.002584
v 1.555429 -0.051915 0.959151
v 1.446551 0.124196 0.997142
v 1.489050 -0.079760 0.980384
v 1.431074 0.308781 0.948868
v 1.446551 0.124196 0.997142
v 1.515752 0.291755 0.927158
v 1.608269 0.003677 0.937637
v 1.446551 0.124196 0.997142
v 1.555429 -0.051915 0.959151
v 1.515752 0.291755 0.927158
v 1.446551 0.124196 0.997142
v 1.583227 0.241606 0.914953
v 1.634821 0.083193 0.921101
v 1.446551 0.124196 0.997142
v 1.608269 0.003677 0.937637
v 1.626079 0.167806 0.912980
v 1.446551 0.124196 0.997142
v 1.634821 0.083193 0.921101
v 1.583227 0.241606 0.914953
v 1.446551 0.124196 0.997142
v 1.626079 0.167806 0.912980
v 1.693986 -0.373464 0.784412
v 1.725379 -0.273674 0.802542
v 1.627366 -0.233364 0.893106
v 1.500673 -0.292333 0.934096
v 1.585266 -0.452673 0.811558
v 1.627366 -0.233364 0.893106
v 1.364075 -0.291974 0.975687
v 1.378069 -0.493931 0.868881
v 1.500673 -0.292333 0.934096
v 1.933222 0.150153 0.655517
v 1.778396 0.052964 0.818287
v 1.932399 0.018723 0.670347
v 1.852360 0.400260 0.646463
v 1.761266 0.232315 0.801438
v 1.906109 0.279557 0.647579
v 1.676653 0.595063 0.669603
v 1.679025 0.388788 0.804044
v 1.774274 0.507112 0.653831
v 1.402530 0.709461 0.733342
v 1.549842 0.495143 0.826578
v 1.566267 0.661787 0.690223
v 1.774391 -0.180163 0.793069
v 1.834027 -0.100974 0.755633
v 1.728051 -0.115556 0.851123
v 1.962243 -0.014819 0.614416
v 1.932399 0.018723 0.670347
v 1.902117 -0.045702 0.696062
v 0.227865 0.846882 0.540878
v 0.366482 0.749281 0.651970
v 0.424262 0.807440 0.619127
v 0.665556 -0.468516 0.756855
v 0.938007 -0.372902 0.683812
v 0.762118 -0.616672 0.656340
v 0.762118 -0.616672 0.656340
v 0.938007 -0.372902 0.683812
v 0.778497 -0.621003 0.653773
v 0.778497 -0.621003 0.653773
v 0.938007 -0.372902 0.683812
v 0.790028 -0.665155 0.746467
v 0.790028 -0.665155 0.746467
v 0.938007 -0.372902 0.683812
v 1.008599 -0.674282 0.748969
v 1.008599 -0.674282 0.748969
v 0.938007 -0.372902 0.683812
v 1.180032 -0.663646 0.752124
v 1.340784 -0.640584 0.753385
v 1.173270 -0.368230 0.686367
v 1.347624 -0.327169 0.684583
v 1.340784 -0.640584 0.753385
v 1.347624 -0.327169 0.684583
v 1.474239 -0.594354 0.747780
v 1.474239 -0.594354 0.747780
v 1.347624 -0.327169 0.684583
v 1.590179 -0.538351 0.734929
v 1.590179 -0.538351 0.734929
v 1.462238 -0.250311 0.678168
v 1.669016 -0.466890 0.712572
v 1.669016 -0.466890 0.712572
v 1.462238 -0.250311 0.678168
v 1.668931 -0.462460 0.731982
v 1.668931 -0.462460 0.731982
v 1.462238 -0.250311 0.678168
v 1.693986 -0.373464 0.784412
v 1.693986 -0.373464 0.784412
v 1.495962 -0.137495 0.707358
v 1.725379 -0.273674 0.802542
v 1.725379 -0.273674 0.802542
v 1.495962 -0.137495 0.707358
v 1.774391 -0.180163 0.793069
v 1.774391 -0.180163 0.793069
v 1.560845 -0.034367 0.687883
v 1.834027 -0.100974 0.755633
v 1.834027 -0.100974 0.755633
v 1.560845 -0.034367 0.687883
v 1.902117 -0.045702 0.696062
v 1.902117 -0.045702 0.696062
v 1.638277 0.017651 0.629279
v 1.962243 -0.014819 0.614416
v 1.962243 -0.014819 0.614416
v 1.638277 0.017651 0.629279
v 1.968763 -0.021522 0.591824
v 1.968763 -0.021522 0.591824
v 1.638277 0.017651 0.629279
v 1.966980 0.145442 0.584271
v 1.966980 0.145442 0.584271
v 1.638277 0.017651 0.629279
v 1.621696 0.193893 0.613207
v 1.937031 0.285928 0.575125
v 1.621696 0.193893 0.613207
v 1.877454 0.417475 0.572714
v 1.877454 0.417475 0.572714
v 1.535306 0.340683 0.615148
v 1.791032 0.533983 0.579724
v 1.791032 0.533983 0.579724
v 1.535306 0.340683 0.615148
v 1.683481 0.629735 0.596405
v 1.683481 0.629735 0.596405
v 1.399708 0.440198 0.630939
v 1.561923 0.702098 0.617795
v 1.561923 0.702098 0.617795
v 1.399708 0.440198 0.630939
v 1.392116 0.760819 0.657510
v 1.392116 0.760819 0.657510
v 1.169011 0.488564 0.659431
v 1.172728 0.783705 0.686551
v 1.172728 0.783705 0.686551
v 1.169011 0.488564 0.659431
v 0.941176 0.786135 0.688282
v 0.941176 0.786135 0.688282
v 0.878182 0.495110 0.648173
v 0.683425 0.794720 0.659386
v 0.426961 0.817469 0.601272
v 0.606084 0.532507 0.592601
v 0.224814 0.857858 0.525270
v 0.224814 0.857858 0.525270
v 0.606084 0.532507 0.592601
v 0.186242 0.824002 0.415975
v 0.186242 0.824002 0.415975
v 0.606084 0.532507 0.592601
v 0.186105 0.809903 0.427225
v 0.186105 0.809903 0.427225
v 0.606084 0.532507 0.592601
v 0.236378 0.660592 0.526211
v 0.236378 0.660592 0.526211
v 0.606084 0.532507 0.592601
v 0.337272 0.429732 0.647847
v 0.337272 0.429732 0.647847
v 0.606084 0.532507 0.592601
v 0.699261 0.090759 0.697774
v 0.424752 0.110568 0.779545
v 0.699261 0.090759 0.697774
v 0.470681 -0.048955 0.812734
v 0.470681 -0.048955 0.812734
v 0.782737 -0.093767 0.714356
v 0.532101 -0.200266 0.819594
v 0.532101 -0.200266 0.819594
v 0.782737 -0.093767 0.714356
v 0.593611 -0.340627 0.797942
v 0.593611 -0.340627 0.797942
v 0.782737 -0.093767 0.714356
v 0.665556 -0.468516 0.756855
v 0.941176 0.786135 0.688282
v 1.169011 0.488564 0.659431
v 0.878182 0.495110 0.648173
v 1.392116 0.760819 0.657510
v 1.399708 0.440198 0.630939
v 1.169011 0.488564 0.659431
v 1.683481 0.629735 0.596405
v 1.535306 0.340683 0.615148
v 1.399708 0.440198 0.630939
v 1.966980 0.145442 0.584271
v 1.621696 0.193893 0.613207
v 1.937031 0.285928 0.575125
v 1.877454 0.417475 0.572714
v 1.621696 0.193893 0.613207
v 1.535306 0.340683 0.615148
v 1.902117 -0.045702 0.696062
v 1.560845 -0.034367 0.687883
v 1.638277 0.017651 0.629279
v 1.774391 -0.180163 0.793069
v 1.495962 -0.137495 0.707358
v 1.560845 -0.034367 0.687883
v 1.693986 -0.373464 0.784412
v 1.462238 -0.250311 0.678168
v 1.495962 -0.137495 0.707358
v 1.590179 -0.538351 0.734929
v 1.347624 -0.327169 0.684583
v 1.462238 -0.250311 0.678168
v 1.173270 -0.368230 0.686367
v 1.340784 -0.640584 0.753385
v 1.180032 -0.663646 0.752124
v 1.180032 -0.663646 0.752124
v 0.938007 -0.372902 0.683812
v 1.173270 -0.368230 0.686367
v 0.665556 -0.468516 0.756855
v 0.782737 -0.093767 0.714356
v 0.938007 -0.372902 0.683812
v 0.782737 -0.093767 0.714356
v 0.470681 -0.048955 0.812734
v 0.699261 0.090759 0.697774
v 0.337272 0.429732 0.647847
v 0.699261 0.090759 0.697774
v 0.424752 0.110568 0.779545
v 1.684546 0.090811 0.444244
v 1.680391 0.127940 0.329251
v 1.680391 0.127940 0.450163
v 1.680391 0.127940 0.450163
v 1.680391 0.127940 0.329251
v 1.676229 0.165068 0.444244
v 1.676229 0.165068 0.444244
v 1.680391 0.127940 0.329251
v 1.672472 0.198565 0.427067
v 1.672472 0.198565 0.427067
v 1.680391 0.127940 0.329251
v 1.669499 0.225142 0.400320
v 1.669499 0.225142 0.400320
v 1.680391 0.127940 0.329251
v 1.667585 0.242213 0.366615
v 1.667585 0.242213 0.366615
v 1.680391 0.127940 0.329251
v 1.666925 0.248093 0.329251
v 1.666925 0.248093 0.329251
v 1.680391 0.127940 0.329251
v 1.667585 0.242213 0.291894
v 1.667585 0.242213 0.291894
v 1.680391 0.127940 0.329251
v 1.669499 0.225142 0.258189
v 1.669499 0.225142 0.258189
v 1.680391 0.127940 0.329251
v 1.672472 0.198565 0.231441
v 1.672472 0.198565 0.231441
v 1.680391 0.127940 0.329251
v 1.676229 0.165068 0.214265
v 1.676229 0.165068 0.214265
v 1.680391 0.127940 0.329251
v 1.680391 0.127940 0.208346
v 1.680391 0.127940 0.208346
v 1.680391 0.127940 0.329251
v 1.684546 0.090811 0.214265
v 1.684546 0.090811 0.214265
v 1.680391 0.127940 0.329251
v 1.688302 0.057315 0.231441
v 1.688302 0.057315 0.231441
v 1.680391 0.127940 0.329251
v 1.691282 0.030731 0.258189
v 1.691282 0.030731 0.258189
v 1.680391 0.127940 0.329251
v 1.693189 0.013666 0.291894
v 1.693189 0.013666 0.291894
v 1.680391 0.127940 0.329251
v 1.693849 0.007786 0.329251
v 1.693849 0.007786 0.329251
v 1.680391 0.127940 0.329251
v 1.693189 0.013666 0.366615
v 1.693189 0.013666 0.366615
v 1.680391 0.127940 0.329251
v 1.691282 0.030731 0.400320
v 1.691282 0.030731 0.400320
v 1.680391 0.127940 0.329251
v 1.688302 0.057315 0.427067
v 1.688302 0.057315 0.427067
v 1.680391 0.127940 0.329251
v 1.684546 0.090811 0.444244
v 0.242238 -0.477695 0.135056
v 0.670299 -0.045911 0.150056
v -0.091939 -0.045911 0.126608
v -1.016333 -0.107363 0.129725
v -0.933151 -0.325378 0.116652
v -0.826881 -0.083732 0.144372
v -0.248738 0.746766 0.224517
v -0.035544 0.519244 0.162424
v -0.237141 0.783764 0.234703
v -1.568637 1.005295 0.279599
v -1.553833 1.003060 0.291862
v -1.559484 1.016813 0.278959
v -0.864937 0.703679 0.209033
v -0.879337 0.532265 0.188243
v -0.845213 0.538602 0.188466
v -0.746378 0.860471 0.266069
v -1.287575 0.825231 0.216821
v -1.193947 0.748301 0.191132
v -0.245909 0.669366 0.144648
v -0.248738 0.746766 0.224517
v -0.278967 0.694604 0.145654
v 0.278374 -0.527871 0.116240
v 0.283993 -0.573232 0.082894
v 0.315078 -0.560133 0.083580
v -0.281443 0.982591 0.296253
v -0.261556 0.982565 0.291915
v -0.288218 0.997500 0.294574
v -1.571910 0.914338 0.069574
v -1.571146 0.920989 0.087344
v -1.560085 0.929456 0.072932
v -1.560085 0.929456 0.072932
v -1.571146 0.920989 0.087344
v -1.579123 0.940393 0.094923
v -1.561653 0.922015 0.275960
v -1.416144 0.885442 0.245110
v -1.553833 0.937179 0.296253
v -1.568637 0.938675 0.280050
v -1.561653 0.922015 0.275960
v -1.553833 0.937179 0.296253
v -0.252063 -0.303864 0.129790
v -0.091939 -0.045911 0.126608
v -0.244099 -0.278110 0.126648
v -0.252063 -0.303864 0.129790
v -0.244099 -0.278110 0.126648
v -0.269102 -0.283905 0.126328
v -0.812299 0.095398 0.142595
v -0.782148 0.036794 0.138303
v -0.784290 0.100592 0.142615
v -0.867100 0.516259 0.168506
v -0.837210 0.457655 0.163966
v -0.839353 0.521459 0.168278
v -1.063882 0.464032 0.168127
v -0.917184 0.479888 0.181096
v -1.069671 0.509386 0.171067
v -0.782148 0.036794 0.138303
v -0.812299 0.095398 0.142595
v -0.834348 0.078000 0.139303
v -0.782148 0.036794 0.138303
v -0.834348 0.078000 0.139303
v -0.847284 0.048489 0.136212
v -0.773733 -0.027010 0.133998
v -0.836028 -0.038306 0.130359
v -0.815402 -0.067921 0.129418
v -0.788694 -0.085463 0.130274
v -0.773733 -0.027010 0.133998
v -0.815402 -0.067921 0.129418
v -0.828795 0.393851 0.159660
v -0.890678 0.382555 0.155943
v -0.870079 0.352940 0.155100
v -0.843489 0.335404 0.156178
v -0.828795 0.393851 0.159660
v -0.870079 0.352940 0.155100
v -0.837210 0.457655 0.163966
v -0.867100 0.516259 0.168506
v -0.889025 0.498861 0.164985
v -0.837210 0.457655 0.163966
v -0.889025 0.498861 0.164985
v -0.901942 0.469356 0.161797
v -0.083870 0.754861 0.227137
v -0.035544 0.519244 0.162424
v -0.056587 0.737155 0.223230
v -0.056587 0.737155 0.223230
v -0.035544 0.519244 0.162424
v -0.019537 0.734803 0.220029
v -0.828795 0.393851 0.159660
v -0.843489 0.335404 0.156178
v -0.814108 0.330054 0.155355
v -0.773733 -0.027010 0.133998
v -0.788694 -0.085463 0.130274
v -0.759046 -0.090814 0.129686
v -0.826881 -0.083732 0.144372
v -0.933151 -0.325378 0.116652
v -0.796893 -0.101378 0.145098
v -1.441271 0.863150 0.099895
v -1.571146 0.920989 0.087344
v -1.571910 0.914338 0.069574
v -0.833604 0.760715 0.221950
v -1.193947 0.748301 0.191132
v -0.864937 0.703679 0.209033
v 0.418160 0.489831 0.796864
v 0.337272 0.429732 0.647847
v 0.549603 0.341591 0.915195
v 0.219424 0.414248 0.823540
v 0.256344 0.454369 0.802855
v 0.123202 0.556543 0.751399
v 1.210001 0.722743 0.760423
v 1.210850 0.481567 0.917619
v 1.387974 0.531278 0.867790
v 1.364075 -0.291974 0.975687
v 1.137161 -0.447479 0.937768
v 1.268526 -0.487103 0.901920
v 1.137161 -0.447479 0.937768
v 1.196326 -0.219873 1.015082
v 1.032563 -0.394200 0.971172
v 1.196326 -0.219873 1.015082
v 0.923980 -0.309098 0.995770
v 1.032563 -0.394200 0.971172
v 0.923980 -0.309098 0.995770
v 1.093290 -0.096831 1.039759
v 0.841595 -0.227830 1.013854
v -0.005615 -0.823822 0.268518
v 0.090294 -0.803961 0.268518
v -0.005615 -0.572415 0.268518
v -0.183385 -0.750186 0.268518
v -0.005615 -0.572415 0.268518
v -0.237161 -0.668324 0.268518
v -0.257022 -0.572415 0.268518
v -0.237161 -0.668324 0.268518
v -0.005615 -0.572415 0.268518
v -0.183385 -0.394644 0.268518
v -0.005615 -0.572415 0.268518
v -0.101523 -0.340875 0.268518
v -0.005615 -0.321008 0.268518
v -0.101523 -0.340875 0.268518
v -0.005615 -0.572415 0.268518
v 0.172156 -0.394644 0.268518
v -0.005615 -0.572415 0.268518
v 0.225931 -0.476506 0.268518
v 0.245793 -0.572415 0.268518
v -0.005615 -0.572415 0.268518
v 0.225931 -0.668324 0.268518
v 0.225931 -0.668324 0.268518
v -0.005615 -0.572415 0.268518
v 0.172156 -0.750186 0.268518
v -0.005615 -0.321008 0.268518
v -0.005615 -0.572415 0.268518
v 0.090294 -0.340876 0.268518
v -0.005615 -0.572415 0.268518
v -0.183385 -0.394644 0.268518
v -0.237161 -0.476506 0.268518
v -0.257022 -0.572415 0.268518
v -0.005615 -0.572415 0.268518
v -0.237161 -0.476506 0.268518
v -0.005615 -0.572415 0.268518
v -0.183385 -0.750186 0.268518
v -0.101523 -0.803961 0.268518
v -0.005615 -0.823822 0.268518
v -0.005615 -0.572415 0.268518
v -0.101523 -0.803961 0.268518
v 0.172156 -0.750186 0.268518
v -0.005615 -0.572415 0.268518
v 0.090294 -0.803961 0.268518
v -0.005615 -0.572415 0.268518
v 0.245793 -0.572415 0.268518
v 0.225931 -0.476506 0.268518
v -0.005615 -0.572415 0.268518
v 0.172156 -0.394644 0.268518
v 0.090294 -0.340876 0.268518
v 1.696364 -0.282658 0.535853
v 1.763553 -0.265717 0.436776
v 1.709483 -0.248005 0.543458
v 1.709483 -0.248005 0.543458
v 1.763553 -0.265717 0.436776
v 1.727894 -0.215084 0.540616
v 1.727894 -0.215084 0.540616
v 1.763553 -0.265717 0.436776
v 1.749800 -0.187121 0.527608
v 1.749800 -0.187121 0.527608
v 1.763553 -0.265717 0.436776
v 1.773045 -0.166849 0.505715
v 1.773045 -0.166849 0.505715
v 1.763553 -0.265717 0.436776
v 1.795370 -0.156252 0.477067
v 1.795370 -0.156252 0.477067
v 1.763553 -0.265717 0.436776
v 1.814571 -0.156376 0.444479
v 1.814571 -0.156376 0.444479
v 1.763553 -0.265717 0.436776
v 1.828781 -0.167202 0.411133
v 1.828781 -0.167202 0.411133
v 1.763553 -0.265717 0.436776
v 1.836608 -0.187670 0.380302
v 1.836608 -0.187670 0.380302
v 1.763553 -0.265717 0.436776
v 1.837281 -0.215776 0.354992
v 1.837281 -0.215776 0.354992
v 1.763553 -0.265717 0.436776
v 1.830741 -0.248776 0.337692
v 1.830741 -0.248776 0.337692
v 1.763553 -0.265717 0.436776
v 1.817622 -0.283429 0.330094
v 1.817622 -0.283429 0.330094
v 1.763553 -0.265717 0.436776
v 1.799205 -0.316356 0.332936
v 1.799205 -0.316356 0.332936
v 1.763553 -0.265717 0.436776
v 1.777305 -0.344319 0.345937
v 1.777305 -0.344319 0.345937
v 1.763553 -0.265717 0.436776
v 1.754053 -0.364592 0.367837
v 1.754053 -0.364592 0.367837
v 1.763553 -0.265717 0.436776
v 1.731736 -0.375182 0.396479
v 1.731736 -0.375182 0.396479
v 1.763553 -0.265717 0.436776
v 1.712528 -0.375058 0.429073
v 1.712528 -0.375058 0.429073
v 1.763553 -0.265717 0.436776
v 1.698318 -0.364239 0.462413
v 1.698318 -0.364239 0.462413
v 1.763553 -0.265717 0.436776
v 1.690497 -0.343770 0.493250
v 1.690497 -0.343770 0.493250
v 1.763553 -0.265717 0.436776
v 1.689818 -0.315657 0.518553
v 1.689818 -0.315657 0.518553
v 1.763553 -0.265717 0.436776
v 1.696364 -0.282658 0.535853
v 0.366482 0.749281 0.651970
v 0.227865 0.846882 0.540878
v 0.303749 0.668830 0.667689
v 1.390842 0.577116 0.444245
v 1.358045 0.595004 0.329251
v 1.358045 0.595004 0.450164
v 1.358045 0.595004 0.450164
v 1.358045 0.595004 0.329251
v 1.325241 0.612892 0.444245
v 1.325241 0.612892 0.444245
v 1.358045 0.595004 0.329251
v 1.295652 0.629029 0.427068
v 1.295652 0.629029 0.427068
v 1.358045 0.595004 0.329251
v 1.272171 0.641835 0.400321
v 1.272171 0.641835 0.400321
v 1.358045 0.595004 0.329251
v 1.257092 0.650060 0.366616
v 1.257092 0.650060 0.366616
v 1.358045 0.595004 0.329251
v 1.251899 0.652889 0.329251
v 1.251899 0.652889 0.329251
v 1.358045 0.595004 0.329251
v 1.257092 0.650060 0.291894
v 1.257092 0.650060 0.291894
v 1.358045 0.595004 0.329251
v 1.272171 0.641835 0.258189
v 1.272171 0.641835 0.258189
v 1.358045 0.595004 0.329251
v 1.295652 0.629029 0.231442
v 1.295652 0.629029 0.231442
v 1.358045 0.595004 0.329251
v 1.325241 0.612892 0.214266
v 1.325241 0.612892 0.214266
v 1.358045 0.595004 0.329251
v 1.358045 0.595004 0.208347
v 1.358045 0.595004 0.208347
v 1.358045 0.595004 0.329251
v 1.390842 0.577116 0.214266
v 1.390842 0.577116 0.214266
v 1.358045 0.595004 0.329251
v 1.420438 0.560972 0.231441
v 1.420438 0.560972 0.231441
v 1.358045 0.595004 0.329251
v 1.443918 0.548167 0.258189
v 1.443918 0.548167 0.258189
v 1.358045 0.595004 0.329251
v 1.458997 0.539948 0.291894
v 1.458997 0.539948 0.291894
v 1.358045 0.595004 0.329251
v 1.464191 0.537113 0.329251
v 1.464191 0.537113 0.329251
v 1.358045 0.595004 0.329251
v 1.458997 0.539948 0.366616
v 1.458997 0.539948 0.366616
v 1.358045 0.595004 0.329251
v 1.443918 0.548167 0.400321
v 1.443918 0.548167 0.400321
v 1.358045 0.595004 0.329251
v 1.420438 0.560972 0.427069
v 1.420438 0.560972 0.427069
v 1.358045 0.595004 0.329251
v 1.390842 0.577116 0.444245
v 0.926717 -0.565555 0.943497
v 1.022626 -0.546890 0.950286
v 0.926717 -0.329312 1.029482
v 0.748947 -0.496361 0.968677
v 0.926717 -0.329312 1.029482
v 0.695171 -0.419432 0.996678
v 0.675310 -0.329312 1.029482
v 0.695171 -0.419432 0.996678
v 0.926717 -0.329312 1.029482
v 0.748947 -0.162262 1.090281
v 0.926717 -0.329312 1.029482
v 0.830809 -0.111727 1.108672
v 0.926718 -0.093068 1.115466
v 0.830809 -0.111727 1.108672
v 0.926717 -0.329312 1.029482
v 1.104488 -0.162262 1.090281
v 0.926717 -0.329312 1.029482
v 1.158263 -0.239185 1.062286
v 1.178125 -0.329312 1.029482
v 0.926717 -0.329312 1.029482
v 1.158263 -0.419432 0.996678
v 1.158263 -0.419432 0.996678
v 0.926717 -0.329312 1.029482
v 1.104488 -0.496361 0.968677
v 0.926718 -0.093068 1.115466
v 0.926717 -0.329312 1.029482
v 1.022626 -0.111734 1.108672
v 0.926717 -0.329312 1.029482
v 0.748947 -0.162262 1.090281
v 0.695171 -0.239185 1.062286
v 0.675310 -0.329312 1.029482
v 0.926717 -0.329312 1.029482
v 0.695171 -0.239185 1.062286
v 0.926717 -0.329312 1.029482
v 0.748947 -0.496361 0.968677
v 0.830809 -0.546890 0.950286
v 0.926717 -0.565555 0.943497
v 0.926717 -0.329312 1.029482
v 0.830809 -0.546890 0.950286
v 1.104488 -0.496361 0.968677
v 0.926717 -0.329312 1.029482
v 1.022626 -0.546890 0.950286
v 0.926717 -0.329312 1.029482
v 1.178125 -0.329312 1.029482
v 1.158263 -0.239185 1.062286
v 0.926717 -0.329312 1.029482
v 1.104488 -0.162262 1.090281
v 1.022626 -0.111734 1.108672
v 1.846891 0.311773 0.114992
v 1.830284 0.345243 -0.000000
v 1.830284 0.345243 0.120905
v 1.830284 0.345243 0.120905
v 1.830284 0.345243 -0.000000
v 1.813676 0.378713 0.114992
v 1.813676 0.378713 0.114992
v 1.830284 0.345243 -0.000000
v 1.798695 0.408903 0.097816
v 1.798695 0.408903 0.097816
v 1.830284 0.345243 -0.000000
v 1.786805 0.432861 0.071069
v 1.786805 0.432861 0.071069
v 1.830284 0.345243 -0.000000
v 1.779167 0.448247 0.037364
v 1.779167 0.448247 0.037364
v 1.830284 0.345243 -0.000000
v 1.776534 0.453545 -0.000000
v 1.884027 0.236941 -0.000000
v 1.830284 0.345243 -0.000000
v 1.881400 0.242239 0.037364
v 1.881400 0.242239 0.037364
v 1.830284 0.345243 -0.000000
v 1.873763 0.257625 0.071069
v 1.873763 0.257625 0.071069
v 1.830284 0.345243 -0.000000
v 1.861872 0.281583 0.097816
v 1.861872 0.281583 0.097816
v 1.830284 0.345243 -0.000000
v 1.846891 0.311773 0.114992
v -0.237141 0.783764 0.234703
v -0.746378 0.860471 0.266069
v -0.745666 0.783764 0.233977
v -0.746378 0.860471 0.266069
v -0.833604 0.760715 0.221950
v -0.745666 0.783764 0.233977
v -0.746378 0.860471 0.266069
v -1.193947 0.748301 0.191132
v -0.833604 0.760715 0.221950
v -1.287575 0.825231 0.216821
v -0.746378 0.860471 0.266069
v -1.416144 0.885442 0.245110
v 0.868663 1.091344 -0.165402
v 0.726231 1.119352 -0.156282
v 0.878365 1.109396 0.000001
v 0.739428 1.135673 0.000001
v 0.853199 1.037405 -0.332961
v 0.706716 1.064113 -0.308370
v 0.868663 1.091344 -0.165402
v 0.726231 1.119352 -0.156282
v 0.832057 0.866691 -0.605099
v 0.662316 0.875118 -0.590961
v 0.840851 0.957144 -0.491034
v 0.686045 0.983532 -0.461536
v 0.840851 0.957144 -0.491034
v 0.686045 0.983532 -0.461536
v 0.853199 1.037405 -0.332961
v 0.706716 1.064113 -0.308370
v 0.544958 1.099988 -0.276416
v 0.520589 1.016362 -0.414653
v 0.378889 1.143852 -0.225241
v 0.300378 1.069144 -0.340677
v 0.577435 1.173193 0.000001
v 0.565532 1.154998 -0.135519
v 0.449135 1.205187 0.000001
v 0.430240 1.189572 -0.111476
v 0.565532 1.154998 -0.135519
v 0.544958 1.099988 -0.276416
v 0.430240 1.189572 -0.111476
v 0.378889 1.143852 -0.225241
v 0.998375 0.932696 -0.520140
v 1.006855 1.010142 -0.356775
v 1.157845 0.910254 -0.531233
v 1.170135 0.979769 -0.364935
v 1.020046 1.062434 -0.179109
v 1.026847 1.081962 0.000001
v 1.183796 1.031179 -0.182859
v 1.190185 1.050674 0.000001
v 1.006855 1.010142 -0.356775
v 1.020046 1.062434 -0.179109
v 1.170135 0.979769 -0.364935
v 1.183796 1.031179 -0.182859
v 1.461578 0.954766 -0.183624
v 1.468098 0.973758 0.000001
v 1.618703 0.888923 -0.181585
v 1.628301 0.906387 0.000001
v 1.445650 0.905511 -0.368627
v 1.461578 0.954766 -0.183624
v 1.594373 0.843602 -0.365843
v 1.618703 0.888923 -0.181585
v 1.425024 0.846450 -0.539550
v 1.445650 0.905511 -0.368627
v 1.557715 0.773369 -0.540877
v 1.594373 0.843602 -0.365843
v 1.557715 0.773369 -0.540877
v 1.594373 0.843602 -0.365843
v 1.695776 0.692918 -0.518801
v 1.737197 0.747700 -0.362590
v 1.695776 0.692918 -0.518801
v 1.737197 0.747700 -0.362590
v 1.817537 0.586550 -0.501155
v 1.863139 0.628049 -0.359676
v 1.618703 0.888923 -0.181585
v 1.628301 0.906387 0.000001
v 1.767891 0.787879 -0.179181
v 1.779820 0.803377 0.000001
v 1.767891 0.787879 -0.179181
v 1.779820 0.803377 0.000001
v 1.853509 0.716314 -0.104649
v 1.850981 0.733555 0.000001
v 1.594373 0.843602 -0.365843
v 1.618703 0.888923 -0.181585
v 1.737197 0.747700 -0.362590
v 1.767891 0.787879 -0.179181
v 1.737197 0.747700 -0.362590
v 1.767891 0.787879 -0.179181
v 1.863139 0.628049 -0.359676
v 1.874723 0.673142 -0.199049
v 2.084369 0.165153 -0.354346
v 2.093287 -0.007992 -0.354156
v 2.016992 0.154765 -0.510831
v 2.017286 -0.015799 -0.523871
v 2.075236 -0.372301 -0.000000
v 2.057831 -0.364187 -0.174569
v 2.136211 -0.196098 -0.000000
v 2.117578 -0.191531 -0.173099
v 2.057831 -0.364187 -0.174569
v 2.038179 -0.377946 -0.210803
v 2.117578 -0.191531 -0.173099
v 2.071192 -0.278979 -0.229887
v 2.136211 -0.196098 -0.000000
v 2.117578 -0.191531 -0.173099
v 2.162057 -0.010997 -0.000000
v 2.142901 -0.010161 -0.172492
v 2.117578 -0.191531 -0.173099
v 2.089178 -0.185469 -0.278991
v 2.093287 -0.007992 -0.354156
v 2.082103 -0.105018 -0.345950
v 2.057831 -0.364187 -0.174569
v 2.075236 -0.372301 -0.000000
v 1.963968 -0.520940 -0.176980
v 1.979445 -0.532281 -0.000000
v 1.963968 -0.520940 -0.176980
v 1.979445 -0.532281 -0.000000
v 1.844193 -0.657642 -0.180038
v 1.857416 -0.671741 -0.000000
v 2.038179 -0.377946 -0.210803
v 2.057831 -0.364187 -0.174569
v 1.982803 -0.468216 -0.216513
v 1.963968 -0.520940 -0.176980
v 1.568926 -0.871979 -0.000000
v 1.559668 -0.854326 -0.186708
v 1.717715 -0.786400 -0.000000
v 1.706693 -0.770152 -0.183409
v 1.559668 -0.854326 -0.186708
v 1.536592 -0.808378 -0.368889
v 1.706693 -0.770152 -0.183409
v 1.678502 -0.727979 -0.365890
v 1.717715 -0.786400 -0.000000
v 1.706693 -0.770152 -0.183409
v 1.857416 -0.671741 -0.000000
v 1.844193 -0.657642 -0.180038
v 1.706693 -0.770152 -0.183409
v 1.678502 -0.727979 -0.365890
v 1.844193 -0.657642 -0.180038
v 1.783943 -0.627968 -0.388659
v 1.504384 -0.741131 -0.534834
v 1.482458 -0.657080 -0.688758
v 1.638016 -0.666442 -0.532136
v 1.604304 -0.597425 -0.677129
v 1.638016 -0.666442 -0.532136
v 1.604304 -0.597425 -0.677129
v 1.686937 -0.595569 -0.571310
v 1.669042 -0.540598 -0.659385
v 1.536592 -0.808378 -0.368889
v 1.504384 -0.741131 -0.534834
v 1.678502 -0.727979 -0.365890
v 1.638016 -0.666442 -0.532136
v 1.482458 -0.657080 -0.688758
v 1.504384 -0.741131 -0.534834
v 1.349343 -0.698181 -0.694501
v 1.365689 -0.788595 -0.536350
v 1.504384 -0.741131 -0.534834
v 1.536592 -0.808378 -0.368889
v 1.365689 -0.788595 -0.536350
v 1.391606 -0.858495 -0.370966
v 1.349343 -0.698181 -0.694501
v 1.365689 -0.788595 -0.536350
v 1.193439 -0.729828 -0.698160
v 1.218350 -0.815068 -0.537193
v 1.365689 -0.788595 -0.536350
v 1.391606 -0.858495 -0.370966
v 1.218350 -0.815068 -0.537193
v 1.243098 -0.885764 -0.372384
v 1.559668 -0.854326 -0.186708
v 1.568926 -0.871979 -0.000000
v 1.411310 -0.906024 -0.189504
v 1.419608 -0.924193 -0.000000
v 1.411310 -0.906024 -0.189504
v 1.419608 -0.924193 -0.000000
v 1.261946 -0.933359 -0.191889
v 1.269897 -0.951385 -0.000000
v 1.536592 -0.808378 -0.368889
v 1.559668 -0.854326 -0.186708
v 1.391606 -0.858495 -0.370966
v 1.411310 -0.906024 -0.189504
v 1.391606 -0.858495 -0.370966
v 1.411310 -0.906024 -0.189504
v 1.243098 -0.885764 -0.372384
v 1.261946 -0.933359 -0.191889
v 0.969831 -0.964059 -0.000000
v 0.961566 -0.947439 -0.195874
v 1.119933 -0.961897 -0.000000
v 1.111923 -0.944459 -0.193967
v 0.961566 -0.947439 -0.195874
v 0.936171 -0.901719 -0.374187
v 1.111923 -0.944459 -0.193967
v 1.090624 -0.897596 -0.373397
v 1.119933 -0.961897 -0.000000
v 1.111923 -0.944459 -0.193967
v 1.269897 -0.951385 -0.000000
v 1.261946 -0.933359 -0.191889
v 1.111923 -0.944459 -0.193967
v 1.090624 -0.897596 -0.373397
v 1.261946 -0.933359 -0.191889
v 1.243098 -0.885764 -0.372384
v 1.058761 -0.826749 -0.537866
v 1.020692 -0.740811 -0.692580
v 1.218350 -0.815068 -0.537193
v 1.193439 -0.729828 -0.698160
v 0.936171 -0.901719 -0.374187
v 0.893051 -0.831048 -0.538427
v 1.090624 -0.897596 -0.373397
v 1.058761 -0.826749 -0.537866
v 1.090624 -0.897596 -0.373397
v 1.058761 -0.826749 -0.537866
v 1.243098 -0.885764 -0.372384
v 1.218350 -0.815068 -0.537193
v 0.171516 0.956073 -0.464934
v 0.101708 1.100118 -0.343558
v 0.300378 1.069144 -0.340677
v 0.177115 1.158970 -0.256143
v 0.300378 1.069144 -0.340677
v 0.177115 1.158970 -0.256143
v 0.378889 1.143852 -0.225241
v 0.241977 1.209316 -0.169551
v 0.051754 1.212837 -0.238301
v 0.008909 1.334069 -0.127091
v 0.099434 1.246026 -0.179063
v 0.031547 1.347671 -0.099279
v 0.099434 1.246026 -0.179063
v 0.031547 1.347671 -0.099279
v 0.140894 1.275511 -0.119702
v 0.052088 1.360712 -0.069507
v 0.181355 1.306766 0.000001
v 0.169941 1.297580 -0.059883
v 0.073027 1.372818 0.000001
v 0.067173 1.368793 -0.035736
v 0.181355 1.306766 0.000001
v 0.302351 1.255042 0.000001
v 0.169941 1.297580 -0.059883
v 0.285744 1.242635 -0.084148
v 0.169941 1.297580 -0.059883
v 0.140894 1.275511 -0.119702
v 0.067173 1.368793 -0.035736
v 0.052088 1.360712 -0.069507
v 0.169941 1.297580 -0.059883
v 0.285744 1.242635 -0.084148
v 0.140894 1.275511 -0.119702
v 0.241977 1.209316 -0.169551
v 0.449135 1.205187 0.000001
v 0.430240 1.189572 -0.111476
v 0.302351 1.255042 0.000001
v 0.285744 1.242635 -0.084148
v 0.430240 1.189572 -0.111476
v 0.378889 1.143852 -0.225241
v 0.285744 1.242635 -0.084148
v 0.241977 1.209316 -0.169551
v 0.863737 -0.762253 -0.449921
v 0.811549 -0.680848 -0.568859
v 0.893051 -0.831048 -0.538427
v 0.831612 -0.739576 -0.681369
v 0.909567 -0.823914 -0.313473
v 0.863737 -0.762253 -0.449921
v 0.936171 -0.901719 -0.374187
v 0.893051 -0.831048 -0.538427
v 0.935498 -0.877069 -0.000000
v 0.929004 -0.863094 -0.165429
v 0.969831 -0.964059 -0.000000
v 0.961566 -0.947439 -0.195874
v 0.929004 -0.863094 -0.165429
v 0.909567 -0.823914 -0.313473
v 0.961566 -0.947439 -0.195874
v 0.936171 -0.901719 -0.374187
v 0.141829 0.905433 -0.363073
v 0.085205 1.048754 -0.248218
v 0.171516 0.956073 -0.464934
v 0.101708 1.100118 -0.343558
v 0.000475 1.314070 0.000001
v 0.008909 1.334069 -0.127091
v 0.038172 1.178374 -0.133481
v 0.051754 1.212837 -0.238301
v 0.101708 1.100118 -0.343558
v 0.051754 1.212837 -0.238301
v 0.177115 1.158970 -0.256143
v 0.099434 1.246026 -0.179063
v 0.177115 1.158970 -0.256143
v 0.099434 1.246026 -0.179063
v 0.241977 1.209316 -0.169551
v 0.140894 1.275511 -0.119702
v 0.038172 1.178374 -0.133481
v 0.051754 1.212837 -0.238301
v 0.085205 1.048754 -0.248218
v 0.101708 1.100118 -0.343558
v 0.236378 0.660592 -0.526209
v 0.337272 0.429732 -0.647847
v 0.211918 0.660592 0.000001
v 0.306885 0.429732 -0.000000
v 0.424752 0.110568 -0.779545
v 0.470681 -0.048955 -0.812734
v 0.432233 0.105537 -0.000000
v 0.495436 -0.048955 -0.000000
v 0.306885 0.429732 -0.000000
v 0.337272 0.429732 -0.647847
v 0.432233 0.105537 -0.000000
v 0.424752 0.110568 -0.779545
v 0.495436 -0.048955 -0.000000
v 0.470681 -0.048955 -0.812734
v 0.566662 -0.200266 -0.000000
v 0.532101 -0.200266 -0.819594
v 0.566662 -0.200266 -0.000000
v 0.532101 -0.200266 -0.819594
v 0.628205 -0.340627 -0.000000
v 0.593611 -0.340627 -0.797943
v 0.628205 -0.340627 -0.000000
v 0.593611 -0.340627 -0.797943
v 0.705298 -0.468516 -0.000000
v 0.665556 -0.468516 -0.756855
v 0.996140 0.860850 -0.609613
v 0.998375 0.932696 -0.520140
v 1.147745 0.857224 -0.604661
v 1.157845 0.910254 -0.531233
v 1.983045 0.311486 -0.499881
v 1.915373 0.457400 -0.495138
v 1.997261 0.428105 -0.338640
v 1.966679 0.488505 -0.357227
v 2.016992 0.154765 -0.510831
v 1.983045 0.311486 -0.499881
v 2.042256 0.333607 -0.322065
v 1.997261 0.428105 -0.338640
v 1.915373 0.457400 -0.495138
v 1.817537 0.586550 -0.501155
v 1.966679 0.488505 -0.357227
v 1.863139 0.628049 -0.359676
v 1.853509 0.716314 -0.104649
v 1.850981 0.733555 0.000001
v 1.729749 0.539262 -0.070991
v 1.724751 0.549336 -0.000000
v 1.853509 0.716314 -0.104649
v 1.729749 0.539262 -0.070991
v 1.874723 0.673142 -0.199049
v 1.744253 0.510032 -0.135037
v 1.997261 0.428105 -0.338640
v 1.951195 0.522066 -0.322064
v 1.826867 0.343551 -0.229730
v 1.795311 0.407139 -0.218486
v 1.997261 0.428105 -0.338640
v 1.826867 0.343551 -0.229730
v 2.042256 0.333607 -0.322065
v 1.858429 0.279956 -0.218486
v 1.951195 0.522066 -0.322064
v 1.904547 0.604301 -0.273966
v 1.795311 0.407139 -0.218486
v 1.766845 0.464508 -0.185859
v 1.904547 0.604301 -0.273966
v 1.874723 0.673142 -0.199049
v 1.766845 0.464508 -0.185859
v 1.744253 0.510032 -0.135037
v 2.134591 0.136714 -0.104644
v 2.115357 0.180866 -0.199050
v 1.923990 0.147833 -0.070991
v 1.909487 0.177063 -0.135037
v 2.147448 0.124588 -0.000000
v 2.134591 0.136714 -0.104644
v 1.928988 0.137766 -0.000000
v 1.923990 0.147833 -0.070991
v 2.081854 0.247878 -0.273967
v 2.042256 0.333607 -0.322065
v 1.886894 0.222594 -0.185859
v 1.858429 0.279956 -0.218486
v 2.081854 0.247878 -0.273967
v 1.886894 0.222594 -0.185859
v 2.115357 0.180866 -0.199050
v 1.909487 0.177063 -0.135037
v 2.071192 -0.278979 -0.229887
v 2.038179 -0.377946 -0.210803
v 1.888208 -0.231999 -0.246736
v 1.863283 -0.297848 -0.232297
v 2.089178 -0.185469 -0.278991
v 2.071192 -0.278979 -0.229887
v 1.900640 -0.169305 -0.279612
v 1.888208 -0.231999 -0.246736
v 2.089178 -0.185469 -0.278991
v 1.900640 -0.169305 -0.279612
v 2.082103 -0.105018 -0.345950
v 1.899360 -0.115896 -0.327697
v 2.082103 -0.105018 -0.345950
v 1.899360 -0.115896 -0.327697
v 2.055238 -0.045179 -0.429394
v 1.884490 -0.077003 -0.386280
v 2.017286 -0.015799 -0.523871
v 2.055238 -0.045179 -0.429394
v 1.857488 -0.056430 -0.449634
v 1.884490 -0.077003 -0.386280
v 1.783943 -0.627968 -0.388659
v 1.700095 -0.472182 -0.358442
v 1.848243 -0.599208 -0.309482
v 1.742502 -0.452053 -0.304013
v 1.982803 -0.468216 -0.216513
v 1.917183 -0.544374 -0.250414
v 1.828297 -0.360404 -0.237694
v 1.786680 -0.413539 -0.262403
v 2.038179 -0.377946 -0.210803
v 1.982803 -0.468216 -0.216513
v 1.863283 -0.297848 -0.232297
v 1.828297 -0.360404 -0.237694
v 1.917183 -0.544374 -0.250414
v 1.848243 -0.599208 -0.309482
v 1.786680 -0.413539 -0.262403
v 1.742502 -0.452053 -0.304013
v 1.686937 -0.595569 -0.571310
v 1.669042 -0.540598 -0.659385
v 1.636605 -0.451380 -0.483718
v 1.621735 -0.412487 -0.542302
v 1.686937 -0.595569 -0.571310
v 1.636605 -0.451380 -0.483718
v 1.725830 -0.625433 -0.477381
v 1.663606 -0.471953 -0.420365
v 1.783943 -0.627968 -0.388659
v 1.725830 -0.625433 -0.477381
v 1.700095 -0.472182 -0.358442
v 1.663606 -0.471953 -0.420365
v 2.005552 -0.021490 -0.532071
v 1.857488 -0.056430 -0.449634
v 1.968763 -0.021522 -0.591824
v 1.821000 -0.056201 -0.511556
v 1.664188 -0.521397 -0.667146
v 1.669016 -0.466890 -0.712572
v 1.621735 -0.412487 -0.542302
v 1.620448 -0.359077 -0.590387
v 1.902117 -0.045702 -0.696063
v 1.962243 -0.014819 -0.614416
v 1.778592 -0.076330 -0.565985
v 1.821000 -0.056201 -0.511556
v 1.725379 -0.273674 -0.802542
v 1.657811 -0.230535 -0.637701
v 1.693986 -0.373464 -0.784412
v 1.632880 -0.296384 -0.623262
v 1.725379 -0.273674 -0.802542
v 1.774391 -0.180164 -0.793069
v 1.657811 -0.230535 -0.637701
v 1.692797 -0.167979 -0.632304
v 1.834027 -0.100974 -0.755633
v 1.902117 -0.045702 -0.696063
v 1.774391 -0.180164 -0.793069
v 1.778592 -0.076330 -0.565985
v 1.692797 -0.167979 -0.632304
v 1.734414 -0.114844 -0.607595
v 1.693986 -0.373464 -0.784412
v 1.632880 -0.296384 -0.623262
v 1.668931 -0.462460 -0.731983
v 1.620448 -0.359077 -0.590387
v 1.904547 0.604301 -0.273966
v 1.951195 0.522066 -0.322064
v 1.863139 0.628049 -0.359676
v 1.966679 0.488505 -0.357227
v 2.134591 0.136714 -0.104644
v 2.147448 0.124588 -0.000000
v 2.142901 -0.010161 -0.172492
v 2.162057 -0.010997 -0.000000
v 1.725830 -0.625433 -0.477381
v 1.783943 -0.627968 -0.388659
v 1.638016 -0.666442 -0.532136
v 1.678502 -0.727979 -0.365890
v 1.917183 -0.544374 -0.250414
v 1.982803 -0.468216 -0.216513
v 1.844193 -0.657642 -0.180038
v 1.963968 -0.520940 -0.176980
v 1.632880 -0.296384 -0.623262
v 1.657811 -0.230535 -0.637701
v 1.674040 -0.306766 -0.618970
v 1.696266 -0.248064 -0.631847
v 1.657811 -0.230535 -0.637701
v 1.692797 -0.167979 -0.632304
v 1.696266 -0.248064 -0.631847
v 1.727450 -0.192296 -0.627032
v 1.692797 -0.167979 -0.632304
v 1.734414 -0.114844 -0.607595
v 1.727450 -0.192296 -0.627032
v 1.764552 -0.144929 -0.605002
v 1.734414 -0.114844 -0.607595
v 1.778592 -0.076330 -0.565985
v 1.764552 -0.144929 -0.605002
v 1.803935 -0.110590 -0.567912
v 1.778592 -0.076330 -0.565985
v 1.821000 -0.056201 -0.511556
v 1.803935 -0.110590 -0.567912
v 1.841743 -0.092650 -0.519390
v 1.821000 -0.056201 -0.511556
v 1.857488 -0.056430 -0.449634
v 1.841743 -0.092650 -0.519390
v 1.874272 -0.092853 -0.464190
v 1.857488 -0.056430 -0.449634
v 1.884490 -0.077003 -0.386280
v 1.874272 -0.092853 -0.464190
v 1.898341 -0.111192 -0.407710
v 1.884490 -0.077003 -0.386280
v 1.899360 -0.115896 -0.327697
v 1.898341 -0.111192 -0.407710
v 1.911597 -0.145864 -0.355483
v 1.899360 -0.115896 -0.327697
v 1.900640 -0.169305 -0.279612
v 1.911597 -0.145864 -0.355483
v 1.912740 -0.193478 -0.312618
v 1.900640 -0.169305 -0.279612
v 1.888208 -0.231999 -0.246736
v 1.912740 -0.193478 -0.312618
v 1.901660 -0.249371 -0.283309
v 1.888208 -0.231999 -0.246736
v 1.863283 -0.297848 -0.232297
v 1.901660 -0.249371 -0.283309
v 1.879433 -0.308072 -0.270432
v 1.863283 -0.297848 -0.232297
v 1.828297 -0.360404 -0.237694
v 1.879433 -0.308072 -0.270432
v 1.848243 -0.363840 -0.275247
v 1.828297 -0.360404 -0.237694
v 1.786680 -0.413539 -0.262403
v 1.848243 -0.363840 -0.275247
v 1.811148 -0.411206 -0.297278
v 1.786680 -0.413539 -0.262403
v 1.742502 -0.452053 -0.304013
v 1.811148 -0.411206 -0.297278
v 1.771765 -0.445545 -0.334367
v 1.742502 -0.452053 -0.304013
v 1.700095 -0.472182 -0.358442
v 1.771765 -0.445545 -0.334367
v 1.733957 -0.463486 -0.382890
v 1.700095 -0.472182 -0.358442
v 1.663606 -0.471953 -0.420365
v 1.733957 -0.463486 -0.382890
v 1.701428 -0.463283 -0.438089
v 1.663606 -0.471953 -0.420365
v 1.636605 -0.451380 -0.483718
v 1.701428 -0.463283 -0.438089
v 1.677353 -0.444944 -0.494570
v 1.636605 -0.451380 -0.483718
v 1.621735 -0.412487 -0.542302
v 1.677353 -0.444944 -0.494570
v 1.664097 -0.410272 -0.546797
v 1.621735 -0.412487 -0.542302
v 1.620448 -0.359077 -0.590387
v 1.664097 -0.410272 -0.546797
v 1.662953 -0.362658 -0.589662
v 1.620448 -0.359077 -0.590387
v 1.632880 -0.296384 -0.623262
v 1.662953 -0.362658 -0.589662
v 1.674040 -0.306766 -0.618970
v 1.674040 -0.306766 -0.618970
v 1.696266 -0.248064 -0.631847
v 1.713508 -0.296815 -0.560765
v 1.728025 -0.258471 -0.569173
v 1.696266 -0.248064 -0.631847
v 1.727450 -0.192296 -0.627032
v 1.728025 -0.258471 -0.569173
v 1.748395 -0.222042 -0.566031
v 1.727450 -0.192296 -0.627032
v 1.764552 -0.144929 -0.605002
v 1.748395 -0.222042 -0.566031
v 1.772634 -0.191100 -0.551644
v 1.764552 -0.144929 -0.605002
v 1.803935 -0.110590 -0.567912
v 1.772634 -0.191100 -0.551644
v 1.798355 -0.168672 -0.527412
v 1.803935 -0.110590 -0.567912
v 1.841743 -0.092650 -0.519390
v 1.798355 -0.168672 -0.527412
v 1.823051 -0.156951 -0.495719
v 1.841743 -0.092650 -0.519390
v 1.874272 -0.092853 -0.464190
v 1.823051 -0.156951 -0.495719
v 1.844297 -0.157088 -0.459662
v 1.874272 -0.092853 -0.464190
v 1.898341 -0.111192 -0.407710
v 1.844297 -0.157088 -0.459662
v 1.860023 -0.169064 -0.422769
v 1.898341 -0.111192 -0.407710
v 1.911597 -0.145864 -0.355483
v 1.860023 -0.169064 -0.422769
v 1.868680 -0.191714 -0.388659
v 1.911597 -0.145864 -0.355483
v 1.912740 -0.193478 -0.312618
v 1.868680 -0.191714 -0.388659
v 1.869431 -0.222813 -0.360657
v 1.912740 -0.193478 -0.312618
v 1.901660 -0.249371 -0.283309
v 1.869431 -0.222813 -0.360657
v 1.862185 -0.259321 -0.341514
v 1.901660 -0.249371 -0.283309
v 1.879433 -0.308072 -0.270432
v 1.862185 -0.259321 -0.341514
v 1.847675 -0.297665 -0.333106
v 1.879433 -0.308072 -0.270432
v 1.848243 -0.363840 -0.275247
v 1.847675 -0.297665 -0.333106
v 1.827298 -0.334094 -0.336249
v 1.848243 -0.363840 -0.275247
v 1.811148 -0.411206 -0.297278
v 1.827298 -0.334094 -0.336249
v 1.803066 -0.365036 -0.350635
v 1.811148 -0.411206 -0.297278
v 1.771765 -0.445545 -0.334367
v 1.803066 -0.365036 -0.350635
v 1.777344 -0.387465 -0.374867
v 1.771765 -0.445545 -0.334367
v 1.733957 -0.463486 -0.382890
v 1.777344 -0.387465 -0.374867
v 1.752649 -0.399185 -0.406560
v 1.733957 -0.463486 -0.382890
v 1.701428 -0.463283 -0.438089
v 1.752649 -0.399185 -0.406560
v 1.731396 -0.399048 -0.442617
v 1.701428 -0.463283 -0.438089
v 1.677353 -0.444944 -0.494570
v 1.731396 -0.399048 -0.442617
v 1.715677 -0.387073 -0.479510
v 1.677353 -0.444944 -0.494570
v 1.664097 -0.410272 -0.546797
v 1.715677 -0.387073 -0.479510
v 1.707014 -0.364422 -0.513627
v 1.664097 -0.410272 -0.546797
v 1.662953 -0.362658 -0.589662
v 1.707014 -0.364422 -0.513627
v 1.706269 -0.333323 -0.541622
v 1.662953 -0.362658 -0.589662
v 1.674040 -0.306766 -0.618970
v 1.706269 -0.333323 -0.541622
v 1.713508 -0.296815 -0.560765
v 1.713508 -0.296815 -0.560765
v 1.728025 -0.258471 -0.569173
v 1.696364 -0.282658 -0.535853
v 1.709483 -0.248005 -0.543458
v 1.728025 -0.258471 -0.569173
v 1.748395 -0.222042 -0.566031
v 1.709483 -0.248005 -0.543458
v 1.727894 -0.215084 -0.540616
v 1.748395 -0.222042 -0.566031
v 1.772634 -0.191100 -0.551644
v 1.727894 -0.215084 -0.540616
v 1.749800 -0.187121 -0.527608
v 1.772634 -0.191100 -0.551644
v 1.798355 -0.168672 -0.527412
v 1.749800 -0.187121 -0.527608
v 1.773045 -0.166849 -0.505715
v 1.798355 -0.168672 -0.527412
v 1.823051 -0.156951 -0.495719
v 1.773045 -0.166849 -0.505715
v 1.795370 -0.156252 -0.477067
v 1.823051 -0.156951 -0.495719
v 1.844297 -0.157088 -0.459662
v 1.795370 -0.156252 -0.477067
v 1.814571 -0.156376 -0.444479
v 1.844297 -0.157088 -0.459662
v 1.860023 -0.169064 -0.422769
v 1.814571 -0.156376 -0.444479
v 1.828781 -0.167202 -0.411133
v 1.860023 -0.169064 -0.422769
v 1.868680 -0.191714 -0.388659
v 1.828781 -0.167202 -0.411133
v 1.836608 -0.187670 -0.380302
v 1.868680 -0.191714 -0.388659
v 1.869431 -0.222813 -0.360657
v 1.836608 -0.187670 -0.380302
v 1.837281 -0.215776 -0.354993
v 1.869431 -0.222813 -0.360657
v 1.862185 -0.259321 -0.341514
v 1.837281 -0.215776 -0.354993
v 1.830741 -0.248776 -0.337692
v 1.862185 -0.259321 -0.341514
v 1.847675 -0.297665 -0.333106
v 1.830741 -0.248776 -0.337692
v 1.817622 -0.283429 -0.330094
v 1.847675 -0.297665 -0.333106
v 1.827298 -0.334094 -0.336249
v 1.817622 -0.283429 -0.330094
v 1.799205 -0.316356 -0.332936
v 1.827298 -0.334094 -0.336249
v 1.803066 -0.365036 -0.350635
v 1.799205 -0.316356 -0.332936
v 1.777305 -0.344319 -0.345937
v 1.803066 -0.365036 -0.350635
v 1.777344 -0.387465 -0.374867
v 1.777305 -0.344319 -0.345937
v 1.754053 -0.364592 -0.367837
v 1.777344 -0.387465 -0.374867
v 1.752649 -0.399185 -0.406560
v 1.754053 -0.364592 -0.367837
v 1.731736 -0.375182 -0.396479
v 1.752649 -0.399185 -0.406560
v 1.731396 -0.399048 -0.442617
v 1.731736 -0.375182 -0.396479
v 1.712528 -0.375058 -0.429073
v 1.731396 -0.399048 -0.442617
v 1.715677 -0.387073 -0.479510
v 1.712528 -0.375058 -0.429073
v 1.698318 -0.364239 -0.462413
v 1.715677 -0.387073 -0.479510
v 1.707014 -0.364422 -0.513627
v 1.698318 -0.364239 -0.462413
v 1.690497 -0.343770 -0.493250
v 1.707014 -0.364422 -0.513627
v 1.706269 -0.333323 -0.541622
v 1.690497 -0.343770 -0.493250
v 1.689818 -0.315657 -0.518553
v 1.706269 -0.333323 -0.541622
v 1.713508 -0.296815 -0.560765
v 1.689818 -0.315657 -0.518553
v 1.696364 -0.282658 -0.535853
v 1.604304 -0.597425 -0.677129
v 1.482458 -0.657080 -0.688758
v 1.597457 -0.579543 -0.685152
v 1.476500 -0.638584 -0.696559
v 1.482458 -0.657080 -0.688758
v 1.349343 -0.698181 -0.694501
v 1.476500 -0.638584 -0.696559
v 1.344240 -0.679117 -0.702027
v 1.349343 -0.698181 -0.694501
v 1.193439 -0.729828 -0.698160
v 1.344240 -0.679117 -0.702027
v 1.188885 -0.710026 -0.705144
v 1.193439 -0.729828 -0.698160
v 1.020692 -0.740811 -0.692580
v 1.188885 -0.710026 -0.705144
v 1.017014 -0.720734 -0.699414
v 0.872217 -0.739223 -0.683649
v 0.865468 -0.718669 -0.689542
v 1.020692 -0.740811 -0.692580
v 1.017014 -0.720734 -0.699414
v 0.831612 -0.739576 -0.681369
v 0.811549 -0.680848 -0.568859
v 0.824027 -0.718107 -0.686844
v 0.802840 -0.669545 -0.584265
v 1.669042 -0.540598 -0.659385
v 1.604304 -0.597425 -0.677129
v 1.664188 -0.521397 -0.667146
v 1.597457 -0.579543 -0.685152
v 0.361184 0.918441 -0.515926
v 0.351717 0.894608 -0.517350
v 0.171516 0.956073 -0.464934
v 0.179787 0.933199 -0.466789
v 1.147745 0.857224 -0.604661
v 1.145230 0.840276 -0.611573
v 0.996140 0.860850 -0.609613
v 0.992534 0.843452 -0.616251
v 1.557715 0.773369 -0.540877
v 1.553272 0.757323 -0.548455
v 1.416034 0.816855 -0.569662
v 1.414022 0.800038 -0.576672
v 1.557715 0.773369 -0.540877
v 1.695776 0.692918 -0.518801
v 1.553272 0.757323 -0.548455
v 1.688942 0.678140 -0.526686
v 1.695776 0.692918 -0.518801
v 1.817537 0.586550 -0.501155
v 1.688942 0.678140 -0.526686
v 1.808841 0.573438 -0.509328
v 1.817537 0.586550 -0.501155
v 1.915373 0.457400 -0.495138
v 1.808841 0.573438 -0.509328
v 1.904907 0.446561 -0.503395
v 1.915373 0.457400 -0.495138
v 1.983045 0.311486 -0.499881
v 1.904907 0.446561 -0.503395
v 1.971409 0.303077 -0.508041
v 1.983045 0.311486 -0.499881
v 2.016992 0.154765 -0.510831
v 1.971409 0.303077 -0.508041
v 2.004814 0.148546 -0.518795
v 2.016992 0.154765 -0.510831
v 2.017286 -0.015799 -0.523871
v 2.004814 0.148546 -0.518795
v 2.005552 -0.021490 -0.532071
v 0.141829 0.905433 -0.363073
v 0.171516 0.956073 -0.464934
v 0.150688 0.886330 -0.375905
v 0.179787 0.933199 -0.466789
v 0.503426 0.890217 -0.554172
v 0.520589 1.016362 -0.414653
v 0.662316 0.875118 -0.590961
v 0.686045 0.983532 -0.461536
v 0.520589 1.016362 -0.414653
v 0.544958 1.099988 -0.276416
v 0.686045 0.983532 -0.461536
v 0.706716 1.064113 -0.308370
v 0.565532 1.154998 -0.135519
v 0.577435 1.173193 0.000001
v 0.726231 1.119352 -0.156282
v 0.739428 1.135673 0.000001
v 0.544958 1.099988 -0.276416
v 0.565532 1.154998 -0.135519
v 0.706716 1.064113 -0.308370
v 0.726231 1.119352 -0.156282
v 0.502198 0.870402 -0.557660
v 0.503426 0.890217 -0.554172
v 0.655867 0.855852 -0.595521
v 0.662316 0.875118 -0.590961
v 1.461578 0.954766 -0.183624
v 1.331781 0.994691 -0.183852
v 1.468098 0.973758 0.000001
v 1.337772 1.014108 0.000001
v 1.445650 0.905511 -0.368627
v 1.317989 0.944012 -0.368025
v 1.461578 0.954766 -0.183624
v 1.331781 0.994691 -0.183852
v 1.425024 0.846450 -0.539550
v 1.302956 0.882632 -0.536591
v 1.445650 0.905511 -0.368627
v 1.317989 0.944012 -0.368025
v 1.416034 0.816855 -0.569662
v 1.291647 0.840107 -0.588419
v 1.425024 0.846450 -0.539550
v 1.302956 0.882632 -0.536591
v 1.291647 0.840107 -0.588419
v 1.416034 0.816855 -0.569662
v 1.286806 0.823813 -0.595821
v 1.414022 0.800038 -0.576672
v 1.170135 0.979769 -0.364935
v 1.317989 0.944012 -0.368025
v 1.157845 0.910254 -0.531233
v 1.302956 0.882632 -0.536591
v 1.190185 1.050674 0.000001
v 1.337772 1.014108 0.000001
v 1.183796 1.031179 -0.182859
v 1.331781 0.994691 -0.183852
v 1.183796 1.031179 -0.182859
v 1.331781 0.994691 -0.183852
v 1.170135 0.979769 -0.364935
v 1.317989 0.944012 -0.368025
v 1.157845 0.910254 -0.531233
v 1.302956 0.882632 -0.536591
v 1.147745 0.857224 -0.604661
v 1.291647 0.840107 -0.588419
v 1.147745 0.857224 -0.604661
v 1.291647 0.840107 -0.588419
v 1.145230 0.840276 -0.611573
v 1.286806 0.823813 -0.595821
v 0.878365 1.109396 0.000001
v 1.026847 1.081962 0.000001
v 0.868663 1.091344 -0.165402
v 1.020046 1.062434 -0.179109
v 0.868663 1.091344 -0.165402
v 1.020046 1.062434 -0.179109
v 0.853199 1.037405 -0.332961
v 1.006855 1.010142 -0.356775
v 0.840851 0.957144 -0.491034
v 0.998375 0.932696 -0.520140
v 0.832057 0.866691 -0.605099
v 0.996140 0.860850 -0.609613
v 0.853199 1.037405 -0.332961
v 1.006855 1.010142 -0.356775
v 0.840851 0.957144 -0.491034
v 0.998375 0.932696 -0.520140
v 0.832057 0.866691 -0.605099
v 0.996140 0.860850 -0.609613
v 0.826752 0.848469 -0.610841
v 0.992534 0.843452 -0.616251
v 0.662316 0.875118 -0.590961
v 0.832057 0.866691 -0.605099
v 0.655867 0.855852 -0.595521
v 0.826752 0.848469 -0.610841
v 0.361184 0.918441 -0.515926
v 0.503426 0.890217 -0.554172
v 0.351717 0.894608 -0.517350
v 0.502198 0.870402 -0.557660
v 0.872217 -0.739223 -0.683649
v 0.831612 -0.739576 -0.681369
v 0.865468 -0.718669 -0.689542
v 0.824027 -0.718107 -0.686844
v 0.872217 -0.739223 -0.683649
v 1.020692 -0.740811 -0.692580
v 0.893051 -0.831048 -0.538427
v 1.058761 -0.826749 -0.537866
v 1.590179 -0.538351 -0.734929
v 1.597457 -0.579543 -0.685152
v 1.474239 -0.594354 -0.747780
v 1.476500 -0.638584 -0.696559
v 1.340784 -0.640584 -0.753386
v 1.344240 -0.679117 -0.702027
v 1.180032 -0.663646 -0.752125
v 1.188885 -0.710026 -0.705144
v 0.826752 0.848469 -0.610841
v 0.816357 0.784606 -0.682694
v 0.655867 0.855852 -0.595521
v 0.643441 0.798241 -0.649721
v 1.966980 0.145442 -0.584272
v 1.937031 0.285927 -0.575125
v 2.004814 0.148546 -0.518795
v 1.971409 0.303077 -0.508041
v 1.877454 0.417475 -0.572713
v 1.791032 0.533983 -0.579724
v 1.904907 0.446561 -0.503395
v 1.808841 0.573438 -0.509328
v 1.553272 0.757323 -0.548455
v 1.688942 0.678140 -0.526686
v 1.545302 0.707847 -0.621680
v 1.669793 0.637888 -0.598814
v 1.145230 0.840276 -0.611573
v 1.132601 0.784175 -0.686595
v 0.992534 0.843452 -0.616251
v 0.979676 0.784247 -0.688783
v 1.286806 0.823813 -0.595821
v 1.414022 0.800038 -0.576672
v 1.274804 0.772480 -0.672267
v 1.407018 0.751045 -0.652080
v 0.351717 0.894608 -0.517350
v 0.502198 0.870402 -0.557660
v 0.337115 0.835423 -0.567493
v 0.483950 0.812412 -0.614180
v 0.863462 -0.675922 -0.743697
v 1.008599 -0.674282 -0.748969
v 0.865468 -0.718669 -0.689542
v 1.017014 -0.720734 -0.699414
v 1.188885 -0.710026 -0.705144
v 1.017014 -0.720734 -0.699414
v 1.166528 -0.671636 -0.689131
v 1.030296 -0.680142 -0.684283
v 1.476500 -0.638584 -0.696559
v 1.344240 -0.679117 -0.702027
v 1.449831 -0.603977 -0.686001
v 1.348317 -0.634710 -0.689915
v 1.669016 -0.466890 -0.712572
v 1.664188 -0.521397 -0.667146
v 1.622656 -0.455313 -0.710259
v 1.627491 -0.498282 -0.660580
v 1.664188 -0.521397 -0.667146
v 1.597457 -0.579543 -0.685152
v 1.627491 -0.498282 -0.660580
v 1.582711 -0.536959 -0.672432
v 0.502198 0.870402 -0.557660
v 0.655867 0.855852 -0.595521
v 0.531519 0.828432 -0.548017
v 0.628284 0.819383 -0.571968
v 1.904907 0.446561 -0.503395
v 1.971409 0.303077 -0.508041
v 1.880583 0.397914 -0.499600
v 1.922729 0.305462 -0.502900
v 2.004814 0.148546 -0.518795
v 2.005552 -0.021490 -0.532071
v 1.962792 0.116578 -0.515169
v 1.963765 0.017782 -0.523636
v 2.005552 -0.021490 -0.532071
v 1.968763 -0.021522 -0.591824
v 1.963765 0.017782 -0.523636
v 1.920815 0.022322 -0.588616
v 0.179787 0.933199 -0.466789
v 0.351717 0.894608 -0.517350
v 0.201386 0.889616 -0.460543
v 0.320749 0.864398 -0.486559
v 1.688942 0.678140 -0.526686
v 1.808841 0.573438 -0.509328
v 1.683807 0.626612 -0.517677
v 1.758914 0.560985 -0.506780
v 1.414022 0.800038 -0.576672
v 1.553272 0.757323 -0.548455
v 1.427278 0.752175 -0.563201
v 1.511309 0.726545 -0.546273
v 1.145230 0.840276 -0.611573
v 1.286806 0.823813 -0.595821
v 1.165365 0.796406 -0.598866
v 1.249913 0.786253 -0.589216
v 0.826752 0.848469 -0.610841
v 0.992534 0.843452 -0.616251
v 0.855884 0.807140 -0.598872
v 0.960162 0.803736 -0.602074
v 1.507624 0.677826 -0.619413
v 1.545302 0.707847 -0.621680
v 1.668480 0.595416 -0.585056
v 1.669793 0.637888 -0.598814
v 1.180032 -0.663646 -0.752125
v 1.188885 -0.710026 -0.705144
v 1.159720 -0.629137 -0.742658
v 1.166528 -0.671636 -0.689131
v 1.166528 -0.671636 -0.689131
v 1.030296 -0.680142 -0.684283
v 1.159720 -0.629137 -0.742658
v 1.022574 -0.639042 -0.739966
v 1.030296 -0.680142 -0.684283
v 1.017014 -0.720734 -0.699414
v 1.022574 -0.639042 -0.739966
v 1.008599 -0.674282 -0.748969
v 0.863462 -0.675922 -0.743697
v 0.865468 -0.718669 -0.689542
v 0.834173 -0.636585 -0.732002
v 0.837009 -0.681854 -0.653857
v 0.201386 0.889616 -0.460543
v 0.320749 0.864398 -0.486559
v 0.232981 0.827517 -0.509412
v 0.318247 0.815561 -0.544006
v 0.320749 0.864398 -0.486559
v 0.351717 0.894608 -0.517350
v 0.318247 0.815561 -0.544006
v 0.337115 0.835423 -0.567493
v 0.483950 0.812412 -0.614180
v 0.502198 0.870402 -0.557660
v 0.515141 0.778210 -0.608751
v 0.531519 0.828432 -0.548017
v 0.531519 0.828432 -0.548017
v 0.628284 0.819383 -0.571968
v 0.515141 0.778210 -0.608751
v 0.614642 0.770998 -0.631206
v 0.628284 0.819383 -0.571968
v 0.655867 0.855852 -0.595521
v 0.614642 0.770998 -0.631206
v 0.643441 0.798241 -0.649721
v 0.816357 0.784606 -0.682694
v 0.826752 0.848469 -0.610841
v 0.842922 0.748967 -0.672594
v 0.855884 0.807140 -0.598872
v 0.855884 0.807140 -0.598872
v 0.960162 0.803736 -0.602074
v 0.842922 0.748967 -0.672594
v 0.951002 0.750849 -0.677455
v 0.960162 0.803736 -0.602074
v 0.992534 0.843452 -0.616251
v 0.951002 0.750849 -0.677455
v 0.979676 0.784247 -0.688783
v 1.132601 0.784175 -0.686595
v 1.145230 0.840276 -0.611573
v 1.151253 0.746171 -0.674051
v 1.165365 0.796406 -0.598866
v 1.165365 0.796406 -0.598866
v 1.249913 0.786253 -0.589216
v 1.151253 0.746171 -0.674051
v 1.247469 0.736763 -0.665577
v 1.249913 0.786253 -0.589216
v 1.286806 0.823813 -0.595821
v 1.247469 0.736763 -0.665577
v 1.274804 0.772480 -0.672267
v 1.407018 0.751045 -0.652080
v 1.414022 0.800038 -0.576672
v 1.422646 0.706031 -0.638072
v 1.427278 0.752175 -0.563201
v 1.427278 0.752175 -0.563201
v 1.511309 0.726545 -0.546273
v 1.422646 0.706031 -0.638072
v 1.507624 0.677826 -0.619413
v 1.511309 0.726545 -0.546273
v 1.553272 0.757323 -0.548455
v 1.507624 0.677826 -0.619413
v 1.545302 0.707847 -0.621680
v 1.669793 0.637888 -0.598814
v 1.688942 0.678140 -0.526686
v 1.668480 0.595416 -0.585056
v 1.683807 0.626612 -0.517677
v 1.683807 0.626612 -0.517677
v 1.758914 0.560985 -0.506780
v 1.668480 0.595416 -0.585056
v 1.743090 0.521210 -0.575961
v 1.758914 0.560985 -0.506780
v 1.808841 0.573438 -0.509328
v 1.743090 0.521210 -0.575961
v 1.791032 0.533983 -0.579724
v 1.877454 0.417475 -0.572713
v 1.904907 0.446561 -0.503395
v 1.845944 0.383489 -0.565325
v 1.880583 0.397914 -0.499600
v 1.880583 0.397914 -0.499600
v 1.922729 0.305462 -0.502900
v 1.845944 0.383489 -0.565325
v 1.889024 0.287959 -0.567578
v 1.922729 0.305462 -0.502900
v 1.971409 0.303077 -0.508041
v 1.889024 0.287959 -0.567578
v 1.937031 0.285927 -0.575125
v 1.966980 0.145442 -0.584272
v 2.004814 0.148546 -0.518795
v 1.922769 0.117258 -0.576164
v 1.962792 0.116578 -0.515169
v 1.962792 0.116578 -0.515169
v 1.963765 0.017782 -0.523636
v 1.922769 0.117258 -0.576164
v 1.920815 0.022322 -0.588616
v 1.622656 -0.455313 -0.710259
v 1.627491 -0.498282 -0.660580
v 1.573101 -0.500412 -0.719994
v 1.582711 -0.536959 -0.672432
v 1.582711 -0.536959 -0.672432
v 1.597457 -0.579543 -0.685152
v 1.573101 -0.500412 -0.719994
v 1.590179 -0.538351 -0.734929
v 1.474239 -0.594354 -0.747780
v 1.476500 -0.638584 -0.696559
v 1.450164 -0.562929 -0.738960
v 1.449831 -0.603977 -0.686001
v 1.449831 -0.603977 -0.686001
v 1.348317 -0.634710 -0.689915
v 1.450164 -0.562929 -0.738960
v 1.342659 -0.600704 -0.743017
v 1.348317 -0.634710 -0.689915
v 1.344240 -0.679117 -0.702027
v 1.342659 -0.600704 -0.743017
v 1.340784 -0.640584 -0.753386
v 1.247469 0.736763 -0.665577
v 1.274804 0.772480 -0.672267
v 1.422646 0.706031 -0.638072
v 1.407018 0.751045 -0.652080
v 0.951002 0.750849 -0.677455
v 0.979676 0.784247 -0.688783
v 1.151253 0.746171 -0.674051
v 1.132601 0.784175 -0.686595
v 0.614642 0.770998 -0.631206
v 0.643441 0.798241 -0.649721
v 0.842922 0.748967 -0.672594
v 0.816357 0.784606 -0.682694
v 0.318247 0.815561 -0.544006
v 0.337115 0.835423 -0.567493
v 0.515141 0.778210 -0.608751
v 0.483950 0.812412 -0.614180
v 1.573101 -0.500412 -0.719994
v 1.590179 -0.538351 -0.734929
v 1.450164 -0.562929 -0.738960
v 1.474239 -0.594354 -0.747780
v 1.743090 0.521210 -0.575961
v 1.791032 0.533983 -0.579724
v 1.845944 0.383489 -0.565325
v 1.877454 0.417475 -0.572713
v 1.889024 0.287959 -0.567578
v 1.937031 0.285927 -0.575125
v 1.922769 0.117258 -0.576164
v 1.966980 0.145442 -0.584272
v 1.342659 -0.600704 -0.743017
v 1.340784 -0.640584 -0.753386
v 1.159720 -0.629137 -0.742658
v 1.180032 -0.663646 -0.752125
v 1.022574 -0.639042 -0.739966
v 1.008599 -0.674282 -0.748969
v 0.834173 -0.636585 -0.732002
v 0.863462 -0.675922 -0.743697
v 1.920815 0.022322 -0.588616
v 1.902117 -0.045702 -0.696063
v 1.827625 0.060046 -0.591648
v 1.798127 0.024818 -0.685217
v 1.689707 -0.124604 -0.792063
v 1.774391 -0.180164 -0.793069
v 1.629137 -0.219834 -0.803927
v 1.725379 -0.273674 -0.802542
v 1.798127 0.024818 -0.685217
v 1.902117 -0.045702 -0.696063
v 1.747670 -0.042337 -0.756718
v 1.834027 -0.100974 -0.755633
v 1.747670 -0.042337 -0.756718
v 1.834027 -0.100974 -0.755633
v 1.689707 -0.124604 -0.792063
v 1.774391 -0.180164 -0.793069
v 1.629137 -0.219834 -0.803927
v 1.725379 -0.273674 -0.802542
v 1.571023 -0.315474 -0.775481
v 1.693986 -0.373464 -0.784412
v 1.642445 -0.123762 -0.643888
v 1.718192 -0.037620 -0.617761
v 1.689707 -0.124604 -0.792063
v 1.747670 -0.042337 -0.756718
v 1.587958 -0.235121 -0.668061
v 1.642445 -0.123762 -0.643888
v 1.629137 -0.219834 -0.803927
v 1.689707 -0.124604 -0.792063
v 0.201386 0.889616 -0.460543
v 0.232981 0.827517 -0.509412
v 0.150688 0.886330 -0.375905
v 0.186105 0.809903 -0.427224
v 0.286567 0.683968 -0.593254
v 0.395359 0.436049 -0.717956
v 0.236378 0.660592 -0.526209
v 0.337272 0.429732 -0.647847
v 0.802840 -0.669545 -0.584265
v 0.762118 -0.616672 -0.656340
v 0.837009 -0.681854 -0.653857
v 0.834173 -0.636585 -0.732002
v 0.762118 -0.616672 -0.656340
v 0.665556 -0.468516 -0.756855
v 0.834173 -0.636585 -0.732002
v 0.737135 -0.482093 -0.812969
v 0.593611 -0.340627 -0.797943
v 0.532101 -0.200266 -0.819594
v 0.661708 -0.348017 -0.856043
v 0.596643 -0.200867 -0.878746
v 0.665556 -0.468516 -0.756855
v 0.593611 -0.340627 -0.797943
v 0.737135 -0.482093 -0.812969
v 0.661708 -0.348017 -0.856043
v 0.532101 -0.200266 -0.819594
v 0.470681 -0.048955 -0.812734
v 0.596643 -0.200867 -0.878746
v 0.531781 -0.042239 -0.871553
v 0.470681 -0.048955 -0.812734
v 0.424752 0.110568 -0.779545
v 0.531781 -0.042239 -0.871553
v 0.482487 0.125006 -0.836757
v 0.424752 0.110568 -0.779545
v 0.337272 0.429732 -0.647847
v 0.482487 0.125006 -0.836757
v 0.395359 0.436049 -0.717956
v 0.286567 0.683968 -0.593254
v 0.232981 0.827517 -0.509412
v 0.470034 0.687241 -0.616610
v 0.318247 0.815561 -0.544006
v 0.470034 0.687241 -0.616610
v 0.515141 0.778210 -0.608751
v 0.795660 0.664453 -0.662102
v 0.614642 0.770998 -0.631206
v 0.795660 0.664453 -0.662102
v 0.842922 0.748967 -0.672594
v 1.096256 0.649903 -0.666211
v 0.951002 0.750849 -0.677455
v 1.096256 0.649903 -0.666211
v 1.151253 0.746171 -0.674051
v 1.328599 0.629330 -0.644501
v 1.247469 0.736763 -0.665577
v 1.328599 0.629330 -0.644501
v 1.422646 0.706031 -0.638072
v 1.540519 0.558744 -0.603029
v 1.507624 0.677826 -0.619413
v 1.540519 0.558744 -0.603029
v 1.668480 0.595416 -0.585056
v 1.684585 0.451141 -0.579247
v 1.743090 0.521210 -0.575961
v 1.684585 0.451141 -0.579247
v 1.743090 0.521210 -0.575961
v 1.757268 0.355193 -0.571042
v 1.845944 0.383489 -0.565325
v 1.757268 0.355193 -0.571042
v 1.845944 0.383489 -0.565325
v 1.803040 0.253692 -0.573420
v 1.889024 0.287959 -0.567578
v 1.803040 0.253692 -0.573420
v 1.889024 0.287959 -0.567578
v 1.828722 0.133976 -0.580789
v 1.922769 0.117258 -0.576164
v 0.236378 0.660592 -0.526209
v 0.186105 0.809903 -0.427224
v 0.286567 0.683968 -0.593254
v 0.232981 0.827517 -0.509412
v 1.828722 0.133976 -0.580789
v 1.922769 0.117258 -0.576164
v 1.827625 0.060046 -0.591648
v 1.920815 0.022322 -0.588616
v 1.265684 -0.491762 -0.719994
v 1.159720 -0.629137 -0.742658
v 0.992606 -0.510473 -0.741508
v 1.022574 -0.639042 -0.739966
v 1.513008 -0.412755 -0.705150
v 1.573101 -0.500412 -0.719994
v 1.430793 -0.447251 -0.716616
v 1.450164 -0.562929 -0.738960
v 1.430793 -0.447251 -0.716616
v 1.450164 -0.562929 -0.738960
v 1.265684 -0.491762 -0.719994
v 1.342659 -0.600704 -0.743017
v 1.239133 -0.296260 -0.704275
v 1.265684 -0.491762 -0.719994
v 1.057076 -0.308738 -0.723986
v 0.992606 -0.510473 -0.741508
v 1.057076 -0.308738 -0.723986
v 0.992606 -0.510473 -0.741508
v 0.886760 -0.289818 -0.766256
v 0.737135 -0.482093 -0.812969
v 0.886760 -0.289818 -0.766256
v 0.737135 -0.482093 -0.812969
v 0.836480 -0.200430 -0.794970
v 0.661708 -0.348017 -0.856043
v 0.836480 -0.200430 -0.794970
v 0.661708 -0.348017 -0.856043
v 0.785082 -0.102332 -0.810108
v 0.596643 -0.200867 -0.878746
v 0.785082 -0.102332 -0.810108
v 0.596643 -0.200867 -0.878746
v 0.735325 0.003422 -0.805306
v 0.531781 -0.042239 -0.871553
v 0.735325 0.003422 -0.805306
v 0.531781 -0.042239 -0.871553
v 0.686802 0.114919 -0.782112
v 0.482487 0.125006 -0.836757
v 0.686802 0.114919 -0.782112
v 0.482487 0.125006 -0.836757
v 0.662322 0.302783 -0.719778
v 0.395359 0.436049 -0.717956
v 0.654587 0.493562 -0.667858
v 0.470034 0.687241 -0.616610
v 0.865951 0.479966 -0.673320
v 0.795660 0.664453 -0.662102
v 0.865951 0.479966 -0.673320
v 0.795660 0.664453 -0.662102
v 1.126179 0.464848 -0.668414
v 1.096256 0.649903 -0.666211
v 1.126179 0.464848 -0.668414
v 1.096256 0.649903 -0.666211
v 1.281076 0.451135 -0.653943
v 1.328599 0.629330 -0.644501
v 1.281076 0.451135 -0.653943
v 1.328599 0.629330 -0.644501
v 1.422352 0.404075 -0.626294
v 1.540519 0.558744 -0.603029
v 1.422352 0.404075 -0.626294
v 1.540519 0.558744 -0.603029
v 1.518398 0.332340 -0.610436
v 1.684585 0.451141 -0.579247
v 1.518398 0.332340 -0.610436
v 1.684585 0.451141 -0.579247
v 1.566849 0.268379 -0.604969
v 1.757268 0.355193 -0.571042
v 1.566849 0.268379 -0.604969
v 1.757268 0.355193 -0.571042
v 1.597366 0.200707 -0.606557
v 1.803040 0.253692 -0.573420
v 1.597366 0.200707 -0.606557
v 1.803040 0.253692 -0.573420
v 1.614489 0.120897 -0.611470
v 1.828722 0.133976 -0.580789
v 1.614489 0.120897 -0.611470
v 1.828722 0.133976 -0.580789
v 1.605656 0.019801 -0.627528
v 1.827625 0.060046 -0.591648
v 1.482504 -0.193792 -0.678266
v 1.513008 -0.412755 -0.705150
v 1.372679 -0.256819 -0.697454
v 1.430793 -0.447251 -0.716616
v 1.372679 -0.256819 -0.697454
v 1.430793 -0.447251 -0.716616
v 1.239133 -0.296260 -0.704275
v 1.265684 -0.491762 -0.719994
v 0.662322 0.302783 -0.719778
v 0.395359 0.436049 -0.717956
v 0.654587 0.493562 -0.667858
v 0.470034 0.687241 -0.616610
v 0.824027 -0.718107 -0.686844
v 0.802840 -0.669545 -0.584265
v 0.865468 -0.718669 -0.689542
v 0.837009 -0.681854 -0.653857
v 0.300378 1.069144 -0.340677
v 0.520589 1.016362 -0.414653
v 0.361184 0.918441 -0.515926
v 0.503426 0.890217 -0.554172
v 1.513008 -0.412755 -0.705150
v 1.571023 -0.315474 -0.775481
v 1.668931 -0.462460 -0.731983
v 1.693986 -0.373464 -0.784412
v 0.762118 -0.616672 -0.656340
v 0.665556 -0.468516 -0.756855
v 0.779026 -0.665384 -0.763538
v 0.626951 -0.516085 -0.876420
v 0.532101 -0.200266 -0.819594
v 0.400952 -0.210818 -0.946320
v 0.593611 -0.340627 -0.797943
v 0.518394 -0.374404 -0.927491
v 0.593611 -0.340627 -0.797943
v 0.518394 -0.374404 -0.927491
v 0.665556 -0.468516 -0.756855
v 0.626951 -0.516085 -0.876420
v 0.532101 -0.200266 -0.819594
v 0.470681 -0.048955 -0.812734
v 0.400952 -0.210818 -0.946320
v 0.305115 -0.039953 -0.928961
v 0.470681 -0.048955 -0.812734
v 0.424752 0.110568 -0.779545
v 0.305115 -0.039953 -0.928961
v 0.221273 0.148147 -0.881784
v 0.518394 -0.374404 -0.927491
v 0.658500 -0.313580 -0.974498
v 0.626951 -0.516085 -0.876420
v 0.762366 -0.431100 -0.954865
v 0.507019 0.096253 -0.961582
v 0.566472 -0.136194 -0.983037
v 0.305115 -0.039953 -0.928961
v 0.400952 -0.210818 -0.946320
v 0.221273 0.148147 -0.881784
v 0.162069 0.343185 -0.816242
v 0.336886 0.289625 -0.892936
v 0.219424 0.414248 -0.823539
v 1.480564 -0.483432 -0.841533
v 1.585266 -0.452673 -0.811558
v 1.473893 -0.591453 -0.767994
v 1.588814 -0.536123 -0.755391
v 1.378069 -0.493931 -0.868881
v 1.480564 -0.483432 -0.841533
v 1.341176 -0.637173 -0.773332
v 1.473893 -0.591453 -0.767994
v 0.566472 -0.136194 -0.983037
v 0.658500 -0.313580 -0.974498
v 0.400952 -0.210818 -0.946320
v 0.518394 -0.374404 -0.927491
v 1.010677 -0.669879 -0.768223
v 0.878770 -0.556735 -0.869848
v 1.137161 -0.447479 -0.937768
v 1.032563 -0.394200 -0.971173
v 0.566472 -0.136194 -0.983037
v 0.507019 0.096253 -0.961582
v 0.762863 -0.072985 -1.015605
v 0.732790 0.114037 -0.999664
v 0.658500 -0.313580 -0.974498
v 0.566472 -0.136194 -0.983037
v 0.841595 -0.227830 -1.013855
v 0.762863 -0.072985 -1.015605
v 1.181372 -0.659484 -0.771574
v 1.010677 -0.669879 -0.768223
v 1.268526 -0.487104 -0.901920
v 1.137161 -0.447479 -0.937768
v 1.181372 -0.659484 -0.771574
v 1.268526 -0.487104 -0.901920
v 1.341176 -0.637173 -0.773332
v 1.378069 -0.493931 -0.868881
v 1.668931 -0.462460 -0.731983
v 1.588814 -0.536123 -0.755391
v 1.693986 -0.373464 -0.784412
v 1.585266 -0.452673 -0.811558
v 1.962243 -0.014819 -0.614416
v 1.932399 0.018723 -0.670348
v 1.961145 0.151688 -0.607288
v 1.933222 0.150153 -0.655517
v 0.762863 -0.072985 -1.015605
v 0.732790 0.114037 -0.999664
v 1.051405 0.007812 -1.044679
v 1.040978 0.119244 -1.035877
v 0.841595 -0.227830 -1.013855
v 0.762863 -0.072985 -1.015605
v 1.093290 -0.096831 -1.039759
v 1.051405 0.007812 -1.044679
v 0.761876 0.299478 -0.963202
v 0.849951 0.510993 -0.904298
v 1.055743 0.240149 -1.004904
v 1.099569 0.364758 -0.970643
v 0.849951 0.510993 -0.904298
v 1.041180 0.683301 -0.798739
v 1.099569 0.364758 -0.970643
v 1.210850 0.481567 -0.917619
v 1.627366 -0.233364 -0.893106
v 1.728051 -0.115556 -0.851124
v 1.725379 -0.273674 -0.802542
v 1.774391 -0.180164 -0.793069
v 1.834027 -0.100974 -0.755633
v 1.728051 -0.115556 -0.851124
v 1.902117 -0.045702 -0.696063
v 1.778396 0.052963 -0.818287
v 1.196326 -0.219873 -1.015083
v 1.337909 -0.051517 -1.022256
v 1.364075 -0.291974 -0.975687
v 1.412879 -0.080864 -1.002585
v 1.040978 0.119244 -1.035877
v 1.055743 0.240149 -1.004904
v 1.248821 0.113678 -1.030030
v 1.256544 0.186105 -1.017460
v 1.051405 0.007812 -1.044679
v 1.040978 0.119244 -1.035877
v 1.252741 0.061548 -1.036283
v 1.248821 0.113678 -1.030030
v 1.093290 -0.096831 -1.039759
v 1.051405 0.007812 -1.044679
v 1.280436 0.002769 -1.034702
v 1.252741 0.061548 -1.036283
v 1.055743 0.240149 -1.004904
v 1.099569 0.364758 -0.970643
v 1.256544 0.186105 -1.017460
v 1.293555 0.249785 -0.999514
v 1.196326 -0.219873 -1.015083
v 1.093290 -0.096831 -1.039759
v 1.337909 -0.051517 -1.022256
v 1.280436 0.002769 -1.034702
v 1.099569 0.364758 -0.970643
v 1.210850 0.481567 -0.917619
v 1.293555 0.249785 -0.999514
v 1.353504 0.291049 -0.974497
v 1.210850 0.481567 -0.917619
v 1.387974 0.531278 -0.867790
v 1.353504 0.291049 -0.974497
v 1.431074 0.308781 -0.948867
v 1.500673 -0.292334 -0.934096
v 1.364075 -0.291974 -0.975687
v 1.489050 -0.079760 -0.980385
v 1.412879 -0.080864 -1.002585
v 1.627366 -0.233364 -0.893106
v 1.500673 -0.292334 -0.934096
v 1.555429 -0.051915 -0.959151
v 1.489050 -0.079760 -0.980385
v 1.387974 0.531278 -0.867790
v 1.549842 0.495143 -0.826578
v 1.431074 0.308781 -0.948867
v 1.515752 0.291755 -0.927158
v 1.728051 -0.115556 -0.851124
v 1.627366 -0.233364 -0.893106
v 1.608269 0.003676 -0.937637
v 1.555429 -0.051915 -0.959151
v 1.549842 0.495143 -0.826578
v 1.679025 0.388788 -0.804045
v 1.515752 0.291755 -0.927158
v 1.583227 0.241606 -0.914954
v 1.778396 0.052963 -0.818287
v 1.728051 -0.115556 -0.851124
v 1.634821 0.083193 -0.921102
v 1.608269 0.003676 -0.937637
v 1.761266 0.232315 -0.801438
v 1.778396 0.052963 -0.818287
v 1.626079 0.167806 -0.912981
v 1.634821 0.083193 -0.921102
v 1.679025 0.388788 -0.804045
v 1.761266 0.232315 -0.801438
v 1.583227 0.241606 -0.914954
v 1.626079 0.167806 -0.912981
v 0.732790 0.114037 -0.999664
v 0.761876 0.299478 -0.963202
v 1.040978 0.119244 -1.035877
v 1.055743 0.240149 -1.004904
v 0.227865 0.846882 -0.540876
v 0.303749 0.668830 -0.667687
v 0.186105 0.809903 -0.427224
v 0.236378 0.660592 -0.526209
v 0.944064 0.781353 -0.709873
v 0.688997 0.587817 -0.835959
v 0.672063 0.786344 -0.680486
v 0.541613 0.657711 -0.760003
v 1.176635 0.779628 -0.708592
v 1.210001 0.722743 -0.760421
v 0.944064 0.781353 -0.709873
v 1.041180 0.683301 -0.798739
v 1.563419 0.698981 -0.640437
v 1.566267 0.661787 -0.690221
v 1.393383 0.757670 -0.680114
v 1.402530 0.709460 -0.733341
v 1.393383 0.757670 -0.680114
v 1.402530 0.709460 -0.733341
v 1.176635 0.779628 -0.708592
v 1.210001 0.722743 -0.760421
v 1.788693 0.533591 -0.602937
v 1.774274 0.507112 -0.653831
v 1.683030 0.627683 -0.619335
v 1.676653 0.595063 -0.669603
v 1.683030 0.627683 -0.619335
v 1.676653 0.595063 -0.669603
v 1.563419 0.698981 -0.640437
v 1.566267 0.661787 -0.690221
v 1.961145 0.151688 -0.607288
v 1.933222 0.150153 -0.655517
v 1.931758 0.290200 -0.598344
v 1.906109 0.279557 -0.647579
v 1.931758 0.290200 -0.598344
v 1.906109 0.279557 -0.647579
v 1.873364 0.419304 -0.596025
v 1.852360 0.400260 -0.646462
v 1.873364 0.419304 -0.596025
v 1.852360 0.400260 -0.646462
v 1.788693 0.533591 -0.602937
v 1.774274 0.507112 -0.653831
v 0.762118 -0.616672 -0.656340
v 0.779026 -0.665384 -0.763538
v 0.778497 -0.621003 -0.653773
v 0.790028 -0.665155 -0.746467
v 0.779026 -0.665384 -0.763538
v 1.010677 -0.669879 -0.768223
v 0.790028 -0.665155 -0.746467
v 1.008599 -0.674282 -0.748969
v 1.010677 -0.669879 -0.768223
v 1.181372 -0.659484 -0.771574
v 1.008599 -0.674282 -0.748969
v 1.180032 -0.663646 -0.752125
v 1.181372 -0.659484 -0.771574
v 1.341176 -0.637173 -0.773332
v 1.180032 -0.663646 -0.752125
v 1.340784 -0.640584 -0.753386
v 1.341176 -0.637173 -0.773332
v 1.473893 -0.591453 -0.767994
v 1.340784 -0.640584 -0.753386
v 1.474239 -0.594354 -0.747780
v 1.473893 -0.591453 -0.767994
v 1.588814 -0.536123 -0.755391
v 1.474239 -0.594354 -0.747780
v 1.590179 -0.538351 -0.734929
v 1.588814 -0.536123 -0.755391
v 1.668931 -0.462460 -0.731983
v 1.590179 -0.538351 -0.734929
v 1.669016 -0.466890 -0.712572
v 1.962243 -0.014819 -0.614416
v 1.961145 0.151688 -0.607288
v 1.968763 -0.021522 -0.591824
v 1.966980 0.145442 -0.584272
v 1.961145 0.151688 -0.607288
v 1.931758 0.290200 -0.598344
v 1.966980 0.145442 -0.584272
v 1.937031 0.285927 -0.575125
v 1.931758 0.290200 -0.598344
v 1.873364 0.419304 -0.596025
v 1.937031 0.285927 -0.575125
v 1.877454 0.417475 -0.572713
v 1.873364 0.419304 -0.596025
v 1.788693 0.533591 -0.602937
v 1.877454 0.417475 -0.572713
v 1.791032 0.533983 -0.579724
v 1.788693 0.533591 -0.602937
v 1.683030 0.627683 -0.619335
v 1.791032 0.533983 -0.579724
v 1.683481 0.629735 -0.596403
v 1.683030 0.627683 -0.619335
v 1.563419 0.698981 -0.640437
v 1.683481 0.629735 -0.596403
v 1.561923 0.702098 -0.617793
v 1.563419 0.698981 -0.640437
v 1.393383 0.757670 -0.680114
v 1.561923 0.702098 -0.617793
v 1.392116 0.760819 -0.657509
v 1.393383 0.757670 -0.680114
v 1.176635 0.779628 -0.708592
v 1.392116 0.760819 -0.657509
v 1.172728 0.783705 -0.686549
v 1.176635 0.779628 -0.708592
v 0.944064 0.781353 -0.709873
v 1.172728 0.783705 -0.686549
v 0.941176 0.786135 -0.688280
v 0.944064 0.781353 -0.709873
v 0.672063 0.786344 -0.680486
v 0.941176 0.786135 -0.688280
v 0.683425 0.794720 -0.659384
v 0.672063 0.786344 -0.680486
v 0.424262 0.807440 -0.619126
v 0.683425 0.794720 -0.659384
v 0.426961 0.817469 -0.601270
v 0.944064 0.781353 -0.709873
v 1.041180 0.683301 -0.798739
v 0.688997 0.587817 -0.835959
v 0.849951 0.510993 -0.904298
v 0.424262 0.807440 -0.619126
v 0.227865 0.846882 -0.540876
v 0.426961 0.817469 -0.601270
v 0.224814 0.857858 -0.525268
v 0.424262 0.807440 -0.619126
v 0.672063 0.786344 -0.680486
v 0.366482 0.749281 -0.651968
v 0.541613 0.657711 -0.760003
v 0.224814 0.857858 -0.525268
v 0.227865 0.846882 -0.540876
v 0.186242 0.824002 -0.415973
v 0.186105 0.809903 -0.427224
v 0.683425 0.794720 -0.659384
v 0.426961 0.817469 -0.601270
v 0.878182 0.495110 -0.648174
v 0.606084 0.532507 -0.592601
v 0.337344 0.689645 -0.646520
v 0.324421 0.673828 -0.645174
v 0.337690 0.689580 0.000001
v 0.324473 0.673685 0.000001
v 1.684506 0.056962 -0.547744
v 1.676601 0.127515 -0.558988
v 1.718048 0.068474 -0.524028
v 1.711005 0.131370 -0.534057
v 1.676601 0.127515 -0.558988
v 1.668696 0.198061 -0.547744
v 1.711005 0.131370 -0.534057
v 1.703956 0.194259 -0.524028
v 1.668696 0.198061 -0.547744
v 1.661568 0.261708 -0.515110
v 1.703956 0.194259 -0.524028
v 1.697599 0.251000 -0.494942
v 1.661568 0.261708 -0.515110
v 1.655910 0.312211 -0.464288
v 1.697599 0.251000 -0.494942
v 1.692555 0.296021 -0.449634
v 1.655910 0.312211 -0.464288
v 1.652271 0.344642 -0.400242
v 1.692555 0.296021 -0.449634
v 1.689321 0.324931 -0.392539
v 1.652271 0.344642 -0.400242
v 1.651023 0.355814 -0.329251
v 1.689321 0.324931 -0.392539
v 1.688204 0.334894 -0.329251
v 1.702179 -0.100791 -0.329251
v 1.700931 -0.089612 -0.400242
v 1.733807 -0.072155 -0.329251
v 1.732689 -0.062199 -0.392539
v 1.700931 -0.089612 -0.400242
v 1.697292 -0.057188 -0.464288
v 1.732689 -0.062199 -0.392539
v 1.729455 -0.033289 -0.449634
v 1.697292 -0.057188 -0.464288
v 1.691634 -0.006679 -0.515110
v 1.729455 -0.033289 -0.449634
v 1.724405 0.011739 -0.494942
v 1.691634 -0.006679 -0.515110
v 1.684506 0.056962 -0.547744
v 1.724405 0.011739 -0.494942
v 1.718048 0.068474 -0.524028
v 1.718048 0.068474 -0.524028
v 1.711005 0.131370 -0.534057
v 1.715611 0.090288 -0.456481
v 1.711005 0.131370 -0.463027
v 1.711005 0.131370 -0.534057
v 1.703956 0.194259 -0.524028
v 1.711005 0.131370 -0.463027
v 1.706399 0.172451 -0.456481
v 1.703956 0.194259 -0.524028
v 1.697599 0.251000 -0.494942
v 1.706399 0.172451 -0.456481
v 1.702251 0.209508 -0.437482
v 1.697599 0.251000 -0.494942
v 1.692555 0.296021 -0.449634
v 1.702251 0.209508 -0.437482
v 1.698958 0.238920 -0.407886
v 1.692555 0.296021 -0.449634
v 1.689321 0.324931 -0.392539
v 1.698958 0.238920 -0.407886
v 1.696841 0.257802 -0.370594
v 1.689321 0.324931 -0.392539
v 1.688204 0.334894 -0.329251
v 1.696841 0.257802 -0.370594
v 1.696110 0.264309 -0.329251
v 1.733807 -0.072155 -0.329251
v 1.732689 -0.062199 -0.392539
v 1.725901 -0.001576 -0.329251
v 1.725170 0.004931 -0.370594
v 1.732689 -0.062199 -0.392539
v 1.729455 -0.033289 -0.449634
v 1.725170 0.004931 -0.370594
v 1.723053 0.023819 -0.407886
v 1.729455 -0.033289 -0.449634
v 1.724405 0.011739 -0.494942
v 1.723053 0.023819 -0.407886
v 1.719760 0.053225 -0.437482
v 1.724405 0.011739 -0.494942
v 1.718048 0.068474 -0.524028
v 1.719760 0.053225 -0.437482
v 1.715611 0.090288 -0.456481
v 1.715611 0.090288 -0.456481
v 1.711005 0.131370 -0.463027
v 1.684546 0.090811 -0.444244
v 1.680391 0.127940 -0.450163
v 1.711005 0.131370 -0.463027
v 1.706399 0.172451 -0.456481
v 1.680391 0.127940 -0.450163
v 1.676229 0.165068 -0.444244
v 1.706399 0.172451 -0.456481
v 1.702251 0.209508 -0.437482
v 1.676229 0.165068 -0.444244
v 1.672472 0.198564 -0.427068
v 1.702251 0.209508 -0.437482
v 1.698958 0.238920 -0.407886
v 1.672472 0.198564 -0.427068
v 1.669499 0.225142 -0.400320
v 1.698958 0.238920 -0.407886
v 1.696841 0.257802 -0.370594
v 1.669499 0.225142 -0.400320
v 1.667585 0.242213 -0.366615
v 1.696841 0.257802 -0.370594
v 1.696110 0.264309 -0.329251
v 1.667585 0.242213 -0.366615
v 1.666925 0.248093 -0.329251
v 1.725901 -0.001576 -0.329251
v 1.725170 0.004931 -0.370594
v 1.693849 0.007786 -0.329251
v 1.693189 0.013666 -0.366615
v 1.725170 0.004931 -0.370594
v 1.723053 0.023819 -0.407886
v 1.693189 0.013666 -0.366615
v 1.691282 0.030731 -0.400320
v 1.723053 0.023819 -0.407886
v 1.719760 0.053225 -0.437482
v 1.691282 0.030731 -0.400320
v 1.688302 0.057315 -0.427068
v 1.719760 0.053225 -0.437482
v 1.715611 0.090288 -0.456481
v 1.688302 0.057315 -0.427068
v 1.684546 0.090811 -0.444244
v 1.684506 0.056962 -0.110765
v 1.718055 0.068474 -0.134481
v 1.676601 0.127515 -0.099522
v 1.711005 0.131370 -0.124453
v 1.676601 0.127515 -0.099522
v 1.711005 0.131370 -0.124453
v 1.668696 0.198061 -0.110765
v 1.703956 0.194259 -0.134481
v 1.668696 0.198061 -0.110765
v 1.703956 0.194259 -0.134481
v 1.661568 0.261708 -0.143399
v 1.697599 0.251000 -0.163567
v 1.661568 0.261708 -0.143399
v 1.697599 0.251000 -0.163567
v 1.655910 0.312211 -0.194222
v 1.692555 0.296021 -0.208876
v 1.655910 0.312211 -0.194222
v 1.692555 0.296021 -0.208876
v 1.652271 0.344642 -0.258261
v 1.689321 0.324931 -0.265970
v 1.652271 0.344642 -0.258261
v 1.689321 0.324931 -0.265970
v 1.651023 0.355814 -0.329251
v 1.688204 0.334894 -0.329251
v 1.702179 -0.100791 -0.329251
v 1.733807 -0.072155 -0.329251
v 1.700925 -0.089612 -0.258261
v 1.732689 -0.062199 -0.265970
v 1.700925 -0.089612 -0.258261
v 1.732689 -0.062199 -0.265970
v 1.697292 -0.057188 -0.194222
v 1.729455 -0.033289 -0.208876
v 1.697292 -0.057188 -0.194222
v 1.729455 -0.033289 -0.208876
v 1.691634 -0.006679 -0.143399
v 1.724405 0.011739 -0.163567
v 1.691634 -0.006679 -0.143399
v 1.724405 0.011739 -0.163567
v 1.684506 0.056962 -0.110765
v 1.718055 0.068474 -0.134481
v 1.718055 0.068474 -0.134481
v 1.715611 0.090288 -0.202029
v 1.711005 0.131370 -0.124453
v 1.711005 0.131370 -0.195482
v 1.711005 0.131370 -0.124453
v 1.711005 0.131370 -0.195482
v 1.703956 0.194259 -0.134481
v 1.706399 0.172451 -0.202029
v 1.703956 0.194259 -0.134481
v 1.706399 0.172451 -0.202029
v 1.697599 0.251000 -0.163567
v 1.702251 0.209508 -0.221028
v 1.697599 0.251000 -0.163567
v 1.702251 0.209508 -0.221028
v 1.692555 0.296021 -0.208876
v 1.698958 0.238920 -0.250623
v 1.692555 0.296021 -0.208876
v 1.698958 0.238920 -0.250623
v 1.689321 0.324931 -0.265970
v 1.696841 0.257802 -0.287915
v 1.689321 0.324931 -0.265970
v 1.696841 0.257802 -0.287915
v 1.688204 0.334894 -0.329251
v 1.696110 0.264309 -0.329251
v 1.733807 -0.072155 -0.329251
v 1.725901 -0.001576 -0.329251
v 1.732689 -0.062199 -0.265970
v 1.725170 0.004931 -0.287915
v 1.732689 -0.062199 -0.265970
v 1.725170 0.004931 -0.287915
v 1.729455 -0.033289 -0.208876
v 1.723053 0.023819 -0.250623
v 1.729455 -0.033289 -0.208876
v 1.723053 0.023819 -0.250623
v 1.724405 0.011739 -0.163567
v 1.719760 0.053225 -0.221028
v 1.724405 0.011739 -0.163567
v 1.719760 0.053225 -0.221028
v 1.718055 0.068474 -0.134481
v 1.715611 0.090288 -0.202029
v 1.715611 0.090288 -0.202029
v 1.684546 0.090811 -0.214266
v 1.711005 0.131370 -0.195482
v 1.680391 0.127940 -0.208347
v 1.711005 0.131370 -0.195482
v 1.680391 0.127940 -0.208347
v 1.706399 0.172451 -0.202029
v 1.676229 0.165068 -0.214266
v 1.706399 0.172451 -0.202029
v 1.676229 0.165068 -0.214266
v 1.702251 0.209508 -0.221028
v 1.672472 0.198564 -0.231442
v 1.702251 0.209508 -0.221028
v 1.672472 0.198564 -0.231442
v 1.698958 0.238920 -0.250623
v 1.669499 0.225142 -0.258189
v 1.698958 0.238920 -0.250623
v 1.669499 0.225142 -0.258189
v 1.696841 0.257802 -0.287915
v 1.667585 0.242213 -0.291894
v 1.696841 0.257802 -0.287915
v 1.667585 0.242213 -0.291894
v 1.696110 0.264309 -0.329251
v 1.666925 0.248093 -0.329251
v 1.725901 -0.001576 -0.329251
v 1.693849 0.007786 -0.329251
v 1.725170 0.004931 -0.287915
v 1.693189 0.013666 -0.291894
v 1.725170 0.004931 -0.287915
v 1.693189 0.013666 -0.291894
v 1.723053 0.023819 -0.250623
v 1.691282 0.030731 -0.258189
v 1.723053 0.023819 -0.250623
v 1.691282 0.030731 -0.258189
v 1.719760 0.053225 -0.221028
v 1.688302 0.057315 -0.231442
v 1.719760 0.053225 -0.221028
v 1.688302 0.057315 -0.231442
v 1.715611 0.090288 -0.202029
v 1.684546 0.090811 -0.214266
v 1.676601 0.127515 -0.558988
v 1.684506 0.056962 -0.547744
v 1.538657 0.112057 -0.558988
v 1.546563 0.041511 -0.547744
v 1.684506 0.056962 -0.547744
v 1.691634 -0.006679 -0.515110
v 1.546563 0.041511 -0.547744
v 1.553697 -0.022130 -0.515110
v 1.691634 -0.006679 -0.515110
v 1.697292 -0.057188 -0.464288
v 1.553697 -0.022130 -0.515110
v 1.559355 -0.072639 -0.464288
v 1.697292 -0.057188 -0.464288
v 1.700931 -0.089612 -0.400242
v 1.559355 -0.072639 -0.464288
v 1.562987 -0.105070 -0.400242
v 1.700931 -0.089612 -0.400242
v 1.702179 -0.100791 -0.329251
v 1.562987 -0.105070 -0.400242
v 1.564242 -0.116242 -0.329251
v 1.702179 -0.100791 -0.329251
v 1.700925 -0.089612 -0.258261
v 1.564242 -0.116242 -0.329251
v 1.562987 -0.105070 -0.258261
v 1.700925 -0.089612 -0.258261
v 1.697292 -0.057188 -0.194222
v 1.562987 -0.105070 -0.258261
v 1.559355 -0.072639 -0.194222
v 1.697292 -0.057188 -0.194222
v 1.691634 -0.006679 -0.143399
v 1.559355 -0.072639 -0.194222
v 1.553690 -0.022130 -0.143399
v 1.691634 -0.006679 -0.143399
v 1.684506 0.056962 -0.110765
v 1.553690 -0.022130 -0.143399
v 1.546563 0.041511 -0.110765
v 1.684506 0.056962 -0.110765
v 1.676601 0.127515 -0.099522
v 1.546563 0.041511 -0.110765
v 1.538657 0.112057 -0.099522
v 1.676601 0.127515 -0.099522
v 1.668696 0.198061 -0.110765
v 1.538657 0.112057 -0.099522
v 1.530752 0.182610 -0.110765
v 1.668696 0.198061 -0.110765
v 1.661568 0.261708 -0.143399
v 1.530752 0.182610 -0.110765
v 1.523624 0.246251 -0.143399
v 1.661568 0.261708 -0.143399
v 1.655910 0.312211 -0.194222
v 1.523624 0.246251 -0.143399
v 1.517967 0.296760 -0.194222
v 1.655910 0.312211 -0.194222
v 1.652271 0.344642 -0.258261
v 1.517967 0.296760 -0.194222
v 1.514334 0.329184 -0.258261
v 1.652271 0.344642 -0.258261
v 1.651023 0.355814 -0.329251
v 1.514334 0.329184 -0.258261
v 1.513080 0.340363 -0.329251
v 1.651023 0.355814 -0.329251
v 1.652271 0.344642 -0.400242
v 1.513080 0.340363 -0.329251
v 1.514334 0.329184 -0.400242
v 1.652271 0.344642 -0.400242
v 1.655910 0.312211 -0.464288
v 1.514334 0.329184 -0.400242
v 1.517967 0.296760 -0.464288
v 1.655910 0.312211 -0.464288
v 1.661568 0.261708 -0.515110
v 1.517967 0.296760 -0.464288
v 1.523624 0.246251 -0.515110
v 1.661568 0.261708 -0.515110
v 1.668696 0.198061 -0.547744
v 1.523624 0.246251 -0.515110
v 1.530752 0.182610 -0.547744
v 1.668696 0.198061 -0.547744
v 1.676601 0.127515 -0.558988
v 1.530752 0.182610 -0.547744
v 1.538657 0.112057 -0.558988
v 0.667973 0.175084 -0.387594
v 0.667973 0.055316 -0.368621
v -0.185665 0.175084 -0.387594
v -0.185665 0.055316 -0.368621
v 0.667973 0.055316 -0.368621
v 0.667973 -0.052732 -0.313565
v -0.185665 0.055316 -0.368621
v -0.185665 -0.052732 -0.313565
v 0.667973 -0.052732 -0.313565
v 0.667973 -0.138481 -0.227822
v -0.185665 -0.052732 -0.313565
v -0.185665 -0.138481 -0.227822
v 0.667973 -0.138481 -0.227822
v 0.667973 -0.193531 -0.119775
v -0.185665 -0.138481 -0.227822
v -0.185665 -0.193530 -0.119775
v 0.667973 -0.193531 -0.119775
v 0.667973 -0.212503 -0.000000
v -0.185665 -0.193530 -0.119775
v -0.185665 -0.212503 -0.000000
v 0.667973 0.562671 -0.000000
v 0.667973 0.543705 -0.119774
v -0.185665 0.562671 -0.000000
v -0.185665 0.543705 -0.119774
v 0.667973 0.543705 -0.119774
v 0.667973 0.488649 -0.227822
v -0.185665 0.543705 -0.119774
v -0.185665 0.488649 -0.227822
v 0.667973 0.488649 -0.227822
v 0.667973 0.402906 -0.313565
v -0.185665 0.488649 -0.227822
v -0.185665 0.402906 -0.313565
v 0.667973 0.402906 -0.313565
v 0.667973 0.294858 -0.368621
v -0.185665 0.402906 -0.313565
v -0.185665 0.294859 -0.368621
v 0.667973 0.294858 -0.368621
v 0.667973 0.175084 -0.387594
v -0.185665 0.294859 -0.368621
v -0.185665 0.175084 -0.387594
v -0.199686 0.175084 -0.382204
v -0.199686 0.056982 -0.363492
v -0.283233 0.175084 -0.301152
v -0.283233 0.082024 -0.286413
v -0.199686 0.056982 -0.363492
v -0.199686 -0.049563 -0.309207
v -0.283233 0.082024 -0.286413
v -0.283233 -0.001922 -0.243633
v -0.199686 -0.049563 -0.309207
v -0.199692 -0.134123 -0.224653
v -0.283233 -0.001922 -0.243633
v -0.283233 -0.068549 -0.177013
v -0.199692 -0.134123 -0.224653
v -0.199686 -0.188408 -0.118109
v -0.283233 -0.068549 -0.177013
v -0.283233 -0.111322 -0.093060
v -0.199686 -0.188408 -0.118109
v -0.199686 -0.207113 -0.000000
v -0.283233 -0.111322 -0.093060
v -0.283233 -0.126061 -0.000000
v -0.199692 0.557281 -0.000000
v -0.199692 0.538576 -0.118109
v -0.283233 0.476229 -0.000000
v -0.283233 0.461490 -0.093060
v -0.199692 0.538576 -0.118109
v -0.199692 0.484291 -0.224654
v -0.283233 0.461490 -0.093060
v -0.283233 0.418717 -0.177013
v -0.199692 0.484291 -0.224654
v -0.199686 0.399737 -0.309207
v -0.283233 0.418717 -0.177013
v -0.283233 0.352097 -0.243633
v -0.199686 0.399737 -0.309207
v -0.199692 0.293193 -0.363492
v -0.283233 0.352097 -0.243633
v -0.283233 0.268144 -0.286413
v -0.199692 0.293193 -0.363492
v -0.199686 0.175084 -0.382204
v -0.283233 0.268144 -0.286413
v -0.283233 0.175084 -0.301152
v -0.185665 0.175084 -0.387594
v -0.199686 0.056982 -0.363492
v -0.185665 0.055316 -0.368621
v -0.199686 -0.049563 -0.309207
v -0.199686 -0.049563 -0.309207
v -0.185665 -0.052732 -0.313565
v -0.199692 -0.134123 -0.224653
v -0.185665 -0.138481 -0.227822
v -0.199686 -0.188408 -0.118109
v -0.199686 -0.188408 -0.118109
v -0.185665 -0.193530 -0.119775
v -0.199686 -0.207113 -0.000000
v -0.199692 0.557281 -0.000000
v -0.185665 0.562671 -0.000000
v -0.199692 0.538576 -0.118109
v -0.199692 0.538576 -0.118109
v -0.185665 0.543705 -0.119774
v -0.199692 0.484291 -0.224654
v -0.199692 0.484291 -0.224654
v -0.185665 0.488649 -0.227822
v -0.199686 0.399737 -0.309207
v -0.185665 0.402906 -0.313565
v -0.199686 0.399737 -0.309207
v -0.185665 0.402906 -0.313565
v -0.199692 0.293193 -0.363492
v -0.199692 0.293193 -0.363492
v -0.185665 0.294859 -0.368621
v -0.199686 0.175084 -0.382204
v -0.185665 0.175084 -0.387594
v -0.283233 0.476229 -0.000000
v -0.283233 0.461490 -0.093060
v -0.283233 -0.126061 -0.000000
v -0.283233 -0.111322 -0.093060
v -0.283233 0.461490 -0.093060
v -0.283233 0.418717 -0.177013
v -0.283233 -0.111322 -0.093060
v -0.283233 -0.068549 -0.177013
v -0.283233 0.418717 -0.177013
v -0.283233 0.352097 -0.243633
v -0.283233 -0.068549 -0.177013
v -0.283233 -0.001922 -0.243633
v -0.283233 0.352097 -0.243633
v -0.283233 0.268144 -0.286413
v -0.283233 -0.001922 -0.243633
v -0.283233 0.175084 -0.301152
v -0.283233 0.082024 -0.286413
v -0.840091 -0.555579 -0.000000
v -0.838948 -0.553991 -0.045426
v -0.220128 -0.584031 -0.000000
v -0.220128 -0.582542 -0.045374
v -0.828697 -0.539677 -0.081143
v -0.220128 -0.565549 -0.088010
v -0.838948 -0.553991 -0.045426
v -0.220128 -0.582542 -0.045374
v -0.027181 0.739011 -0.073962
v -0.027181 0.739011 0.000001
v 0.644676 0.730655 -0.069337
v 0.644676 0.730387 0.000001
v 0.681857 -0.335322 -0.094439
v 0.681857 -0.339954 -0.051678
v 0.315078 -0.560133 -0.083580
v 0.317750 -0.563837 -0.045452
v 0.681857 -0.340471 -0.000000
v 0.318044 -0.564249 -0.000000
v 0.681857 -0.339954 -0.051678
v 0.317750 -0.563837 -0.045452
v -1.562084 1.020020 -0.259788
v -1.564678 1.020020 -0.097861
v -0.747096 1.020020 -0.260488
v -0.747096 1.020020 -0.097861
v 0.644676 0.726480 -0.203008
v 0.644676 0.519244 -0.192497
v -0.019537 0.734803 -0.220027
v -0.035544 0.519244 -0.162424
v -0.220128 -0.584031 -0.000000
v -0.220128 -0.582542 -0.045374
v 0.286358 -0.577263 -0.000000
v 0.286122 -0.576858 -0.045080
v 0.242238 -0.477695 -0.135056
v -0.236004 -0.468412 -0.108348
v -0.091939 -0.045911 -0.126609
v -0.252063 -0.303864 -0.129790
v -0.116354 0.519244 -0.132345
v -0.245909 0.669366 -0.144646
v -0.035544 0.519244 -0.162424
v -0.248738 0.746766 -0.224515
v -0.035544 0.519244 -0.162424
v -0.237141 0.783764 -0.234701
v -0.083870 0.754861 -0.227135
v -0.237213 0.937178 -0.296251
v -0.724720 -0.235121 -0.129627
v -0.744072 -0.108428 -0.138832
v -0.698600 -0.221454 -0.097130
v -0.723034 -0.108487 -0.102775
v -0.698600 -0.221454 -0.097130
v -0.723034 -0.108487 -0.102775
v -0.692073 -0.218037 -0.000000
v -0.717762 -0.108578 -0.000000
v -0.745666 0.746766 -0.212684
v -0.248738 0.746766 -0.224515
v -0.745666 0.702777 -0.145894
v -0.278967 0.694604 -0.145652
v -0.745666 0.702777 -0.145894
v -0.278967 0.694604 -0.145652
v -0.745666 0.689678 0.000001
v -0.280176 0.681381 0.000001
v -0.640499 -0.283213 -0.126445
v -0.623108 -0.257962 -0.095327
v -0.269102 -0.283905 -0.126328
v -0.274119 -0.256028 -0.095334
v -0.623108 -0.257962 -0.095327
v -0.618757 -0.251650 -0.000000
v -0.274119 -0.256028 -0.095334
v -0.275374 -0.249057 -0.000000
v -0.091939 -0.045911 -0.126609
v -0.244099 -0.278110 -0.126648
v -0.117451 -0.045911 -0.103161
v -0.250247 -0.249730 -0.095556
v -0.250247 -0.249730 -0.095556
v -0.134458 -0.045911 -0.000000
v -0.251782 -0.242628 -0.000000
v -0.116354 0.519244 -0.132345
v -0.134457 0.519244 -0.000000
v -0.245909 0.669366 -0.144646
v -0.247157 0.653301 0.000001
v -0.840091 -0.555579 -0.000000
v -0.925717 -0.527577 -0.000000
v -0.838948 -0.553991 -0.045426
v -0.924292 -0.526107 -0.046203
v -0.925717 -0.527577 -0.000000
v -0.986260 -0.489495 -0.000000
v -0.924292 -0.526107 -0.046203
v -0.984608 -0.488188 -0.047281
v -1.027479 -0.442461 -0.000000
v -1.055134 -0.387601 -0.000000
v -1.025656 -0.441344 -0.048673
v -1.053220 -0.386687 -0.050359
v -0.986260 -0.489495 -0.000000
v -1.027479 -0.442461 -0.000000
v -0.984608 -0.488188 -0.047281
v -1.025656 -0.441344 -0.048673
v -1.036051 -0.378520 -0.089356
v -1.009284 -0.431289 -0.086540
v -1.053220 -0.386687 -0.050359
v -1.025656 -0.441344 -0.048673
v -1.009284 -0.431289 -0.086540
v -0.969718 -0.476421 -0.084227
v -1.025656 -0.441344 -0.048673
v -0.984608 -0.488188 -0.047281
v -0.911480 -0.512897 -0.082430
v -0.828697 -0.539677 -0.081143
v -0.924292 -0.526107 -0.046203
v -0.838948 -0.553991 -0.045426
v -0.969718 -0.476421 -0.084227
v -0.911480 -0.512897 -0.082430
v -0.984608 -0.488188 -0.047281
v -0.924292 -0.526107 -0.046203
v -0.767507 -0.453908 -0.108877
v -0.654651 -0.303734 -0.129842
v -0.236004 -0.468412 -0.108348
v -0.252063 -0.303864 -0.129790
v -0.933151 -0.325378 -0.116652
v -0.746417 -0.245823 -0.133789
v -0.911840 -0.369550 -0.113869
v -0.739629 -0.268127 -0.132168
v -0.911840 -0.369550 -0.113869
v -0.739629 -0.268127 -0.132168
v -0.881284 -0.405699 -0.111673
v -0.725419 -0.284591 -0.131038
v -0.767507 -0.453908 -0.108877
v -0.835257 -0.433818 -0.110027
v -0.654651 -0.303734 -0.129842
v -0.698770 -0.296149 -0.130300
v -0.835257 -0.433818 -0.110027
v -0.881284 -0.405699 -0.111673
v -0.698770 -0.296149 -0.130300
v -0.725419 -0.284591 -0.131038
v -1.243110 0.726715 0.000001
v -1.324639 0.804207 0.000001
v -1.240849 0.727767 -0.087780
v -1.323254 0.805102 -0.093876
v -1.225940 0.732811 -0.165454
v -1.240849 0.727767 -0.087780
v -1.310546 0.810198 -0.188419
v -1.323254 0.805102 -0.093876
v -1.560085 0.929456 -0.072930
v -1.560353 0.928051 0.000001
v -1.557916 0.968865 -0.073962
v -1.557916 0.968865 0.000001
v -1.552487 0.987962 0.000001
v -1.552487 0.987962 -0.073962
v -1.557916 0.968865 0.000001
v -1.557916 0.968865 -0.073962
v -0.091743 0.760349 0.000001
v -0.091743 0.760342 -0.073962
v -0.208473 0.936244 0.000001
v -0.208473 0.936244 -0.073962
v -0.256636 0.972419 -0.073962
v -0.256636 0.972419 0.000001
v -0.208473 0.936244 -0.073962
v -0.208473 0.936244 0.000001
v -0.019537 0.762393 -0.189686
v -0.019537 0.767666 -0.097861
v 0.644676 0.756932 -0.174771
v 0.644676 0.762021 -0.097861
v -1.542334 0.994110 -0.073962
v -1.542334 0.994110 0.000001
v -0.747096 0.994207 -0.073962
v -0.747096 0.994207 0.000001
v -0.074835 0.788742 -0.097861
v -0.076017 0.783163 -0.196076
v -0.190173 0.936244 -0.097861
v -0.192591 0.936244 -0.246611
v -0.241166 0.995298 -0.258266
v -0.238154 1.000440 -0.097861
v -0.192591 0.936244 -0.246611
v -0.190173 0.936244 -0.097861
v -1.574687 1.009887 -0.097861
v -1.571224 1.007594 -0.260109
v -1.579286 0.982591 -0.097861
v -1.574491 0.982591 -0.260971
v -1.572871 0.939530 -0.259743
v -1.579123 0.940393 -0.094921
v -1.574491 0.982591 -0.260971
v -1.579286 0.982591 -0.097861
v 0.644676 0.730655 -0.069337
v 0.644676 0.762021 -0.097861
v -0.027181 0.739011 -0.073962
v -0.019537 0.767666 -0.097861
v -0.208473 0.936244 -0.073962
v -0.190173 0.936244 -0.097861
v -0.256636 0.972419 -0.073962
v -0.238154 1.000440 -0.097861
v -0.091743 0.760342 -0.073962
v -0.074835 0.788742 -0.097861
v -0.208473 0.936244 -0.073962
v -0.190173 0.936244 -0.097861
v -0.287937 0.986871 -0.073962
v -0.260334 1.014683 -0.097861
v -0.747096 0.994207 -0.073962
v -0.747096 1.020020 -0.097861
v -1.560085 0.929456 -0.072930
v -1.557916 0.968865 -0.073962
v -1.579123 0.940393 -0.094921
v -1.579286 0.982591 -0.097861
v -1.557916 0.968865 -0.073962
v -1.552487 0.987962 -0.073962
v -1.579286 0.982591 -0.097861
v -1.574687 1.009887 -0.097861
v -1.560085 0.929456 -0.072930
v -1.571910 0.914338 -0.069572
v -1.560353 0.928051 0.000001
v -1.571910 0.914338 0.000001
v 0.681857 -0.301473 -0.129777
v 0.278374 -0.527871 -0.116240
v 0.670299 -0.045911 -0.150056
v 0.242238 -0.477695 -0.135056
v 0.681857 -0.301473 -0.129777
v 0.681857 -0.335322 -0.094439
v 0.278374 -0.527871 -0.116240
v 0.315078 -0.560133 -0.083580
v -0.019537 0.734803 -0.220027
v -0.019537 0.748759 -0.214147
v 0.644676 0.726480 -0.203008
v 0.644676 0.742441 -0.196951
v -0.019537 0.757396 -0.204099
v -0.019537 0.762393 -0.189686
v 0.644676 0.751836 -0.187557
v 0.644676 0.756932 -0.174771
v -0.019537 0.748759 -0.214147
v -0.019537 0.757396 -0.204099
v 0.644676 0.742441 -0.196951
v 0.644676 0.751836 -0.187557
v -0.225669 -0.526434 -0.101736
v -0.236004 -0.468412 -0.108348
v 0.278374 -0.527871 -0.116240
v 0.242238 -0.477695 -0.135056
v -0.281443 0.982591 -0.296251
v -0.261556 0.982565 -0.291913
v -0.237213 0.937178 -0.296251
v -0.217874 0.936244 -0.277585
v -0.244210 0.990216 -0.278480
v -0.241166 0.995298 -0.258266
v -0.200130 0.936244 -0.265414
v -0.192591 0.936244 -0.246611
v -0.261556 0.982565 -0.291913
v -0.244210 0.990216 -0.278480
v -0.217874 0.936244 -0.277585
v -0.200130 0.936244 -0.265414
v -0.076017 0.783163 -0.196076
v -0.077520 0.778139 -0.211187
v -0.192591 0.936244 -0.246611
v -0.200130 0.936244 -0.265414
v -0.077520 0.778139 -0.211187
v -0.080016 0.769325 -0.221471
v -0.200130 0.936244 -0.265414
v -0.217874 0.936244 -0.277585
v -0.080016 0.769325 -0.221471
v -0.083870 0.754861 -0.227135
v -0.217874 0.936244 -0.277585
v -0.237213 0.937178 -0.296251
v -1.225940 0.732811 -0.165454
v -1.310546 0.810198 -0.188419
v -1.193947 0.748301 -0.191130
v -1.287575 0.825231 -0.216819
v -1.571224 1.007594 -0.260109
v -1.568637 1.005295 -0.279597
v -1.574491 0.982591 -0.260971
v -1.568637 0.982591 -0.281316
v -1.571224 1.007594 -0.260109
v -1.562084 1.020020 -0.259788
v -1.568637 1.005295 -0.279597
v -1.559484 1.016813 -0.278957
v -1.568637 1.005295 -0.279597
v -1.553833 1.003060 -0.291860
v -1.568637 0.982591 -0.281316
v -1.553833 0.982591 -0.296251
v -0.745666 0.702777 -0.145894
v -0.790432 0.693173 -0.144215
v -0.745666 0.746766 -0.212684
v -0.810306 0.731550 -0.205366
v -0.745666 0.746766 -0.212684
v -0.810306 0.731550 -0.205366
v -0.745666 0.783764 -0.233975
v -0.833604 0.760715 -0.221948
v -0.839804 0.686882 -0.197252
v -0.829056 0.539315 -0.180691
v -0.864937 0.703679 -0.209031
v -0.845213 0.538602 -0.188466
v -0.019537 0.762393 -0.189686
v -0.048969 0.764157 -0.192450
v -0.019537 0.767666 -0.097861
v -0.047820 0.769600 -0.097861
v -0.048969 0.764157 -0.192450
v -0.076017 0.783163 -0.196076
v -0.047820 0.769600 -0.097861
v -0.074835 0.788742 -0.097861
v 0.283993 -0.573232 -0.082894
v 0.315078 -0.560133 -0.083580
v 0.286122 -0.576858 -0.045080
v 0.317750 -0.563837 -0.045452
v 0.318044 -0.564249 -0.000000
v 0.286358 -0.577263 -0.000000
v 0.317750 -0.563837 -0.045452
v 0.286122 -0.576858 -0.045080
v -0.640499 -0.283213 -0.126445
v -0.681581 -0.277372 -0.126798
v -0.623108 -0.257962 -0.095327
v -0.660472 -0.254264 -0.095504
v -0.681581 -0.277372 -0.126798
v -0.705983 -0.268121 -0.127379
v -0.660472 -0.254264 -0.095504
v -0.682182 -0.247802 -0.095824
v -0.623108 -0.257962 -0.095327
v -0.660472 -0.254264 -0.095504
v -0.618757 -0.251650 -0.000000
v -0.655193 -0.248482 -0.000000
v -0.660472 -0.254264 -0.095504
v -0.682182 -0.247802 -0.095824
v -0.655193 -0.248482 -0.000000
v -0.676230 -0.242719 -0.000000
v -0.718696 -0.254394 -0.128294
v -0.724720 -0.235121 -0.129627
v -0.693230 -0.237290 -0.096340
v -0.698600 -0.221454 -0.097130
v -0.693230 -0.237290 -0.096340
v -0.698600 -0.221454 -0.097130
v -0.686860 -0.233011 -0.000000
v -0.692073 -0.218037 -0.000000
v -0.705983 -0.268121 -0.127379
v -0.718696 -0.254394 -0.128294
v -0.682182 -0.247802 -0.095824
v -0.693230 -0.237290 -0.096340
v -0.682182 -0.247802 -0.095824
v -0.693230 -0.237290 -0.096340
v -0.676230 -0.242719 -0.000000
v -0.686860 -0.233011 -0.000000
v -0.813991 0.663486 -0.142104
v -0.790432 0.693173 -0.144215
v -0.807529 0.657632 0.000001
v -0.785466 0.683569 0.000001
v -0.745666 0.702777 -0.145894
v -0.745666 0.689678 0.000001
v -0.790432 0.693173 -0.144215
v -0.785466 0.683569 0.000001
v -0.245909 0.669366 -0.144646
v -0.247157 0.653301 0.000001
v -0.278967 0.694604 -0.145652
v -0.280176 0.681381 0.000001
v -0.244099 -0.278110 -0.126648
v -0.269102 -0.283905 -0.126328
v -0.250247 -0.249730 -0.095556
v -0.274119 -0.256028 -0.095334
v -0.274119 -0.256028 -0.095334
v -0.251782 -0.242628 -0.000000
v -0.275374 -0.249057 -0.000000
v -0.287937 0.986871 0.000001
v -0.256636 0.972419 0.000001
v -0.287937 0.986871 -0.073962
v -0.256636 0.972419 -0.073962
v -0.027181 0.739011 -0.073962
v -0.068759 0.746165 -0.073962
v -0.027181 0.739011 0.000001
v -0.064675 0.741134 0.000001
v -0.068759 0.746165 -0.073962
v -0.091743 0.760342 -0.073962
v -0.064675 0.741134 0.000001
v -0.091743 0.760349 0.000001
v -0.260334 1.014683 -0.097861
v -0.238154 1.000440 -0.097861
v -0.263398 1.009567 -0.260455
v -0.241166 0.995298 -0.258266
v -0.091743 0.760342 -0.073962
v -0.068759 0.746165 -0.073962
v -0.074835 0.788742 -0.097861
v -0.047820 0.769600 -0.097861
v -0.068759 0.746165 -0.073962
v -0.027181 0.739011 -0.073962
v -0.047820 0.769600 -0.097861
v -0.019537 0.767666 -0.097861
v -0.287937 0.986871 -0.073962
v -0.256636 0.972419 -0.073962
v -0.260334 1.014683 -0.097861
v -0.238154 1.000440 -0.097861
v -0.076017 0.783163 -0.196076
v -0.048969 0.764157 -0.192450
v -0.077520 0.778139 -0.211187
v -0.050368 0.759153 -0.207156
v -0.077520 0.778139 -0.211187
v -0.050368 0.759153 -0.207156
v -0.080016 0.769325 -0.221471
v -0.052765 0.750666 -0.217335
v -0.048969 0.764157 -0.192450
v -0.019537 0.762393 -0.189686
v -0.050368 0.759153 -0.207156
v -0.019537 0.757396 -0.204099
v -0.050368 0.759153 -0.207156
v -0.019537 0.757396 -0.204099
v -0.052765 0.750666 -0.217335
v -0.019537 0.748759 -0.214147
v -0.019537 0.734803 -0.220027
v -0.056587 0.737155 -0.223228
v -0.019537 0.748759 -0.214147
v -0.052765 0.750666 -0.217335
v -0.056587 0.737155 -0.223228
v -0.083870 0.754861 -0.227135
v -0.052765 0.750666 -0.217335
v -0.080016 0.769325 -0.221471
v -0.263398 1.009567 -0.260455
v -0.266475 1.004465 -0.280930
v -0.747096 1.020020 -0.260488
v -0.747096 1.014180 -0.280349
v -0.263398 1.009567 -0.260455
v -0.241166 0.995298 -0.258266
v -0.266475 1.004465 -0.280930
v -0.244210 0.990216 -0.278480
v -0.266475 1.004465 -0.280930
v -0.244210 0.990216 -0.278480
v -0.288218 0.997500 -0.294572
v -0.261556 0.982565 -0.291913
v -1.553833 0.982591 -0.296251
v -1.553833 1.003060 -0.291860
v -0.747096 0.982591 -0.296251
v -0.747096 1.004020 -0.293605
v -1.562084 1.020020 -0.259788
v -1.571224 1.007594 -0.260109
v -1.564678 1.020020 -0.097861
v -1.574687 1.009887 -0.097861
v -1.542334 0.994110 -0.073962
v -1.552487 0.987962 -0.073962
v -1.542334 0.994110 0.000001
v -1.552487 0.987962 0.000001
v -1.552487 0.987962 -0.073962
v -1.542334 0.994110 -0.073962
v -1.574687 1.009887 -0.097861
v -1.564678 1.020020 -0.097861
v -1.572871 0.939530 -0.259743
v -1.574491 0.982591 -0.260971
v -1.568637 0.938675 -0.280048
v -1.568637 0.982591 -0.281316
v -1.568637 0.938675 -0.280048
v -1.568637 0.982591 -0.281316
v -1.553833 0.937179 -0.296251
v -1.553833 0.982591 -0.296251
v -1.416144 0.885442 -0.245108
v -1.435855 0.867109 -0.214069
v -1.561653 0.922015 -0.275958
v -1.571146 0.920989 -0.255666
v -1.572871 0.939530 -0.259743
v -1.568637 0.938675 -0.280048
v -1.571146 0.920989 -0.255666
v -1.561653 0.922015 -0.275958
v -1.572871 0.939530 -0.259743
v -1.571146 0.920989 -0.255666
v -1.579123 0.940393 -0.094921
v -1.571146 0.920989 -0.087342
v -1.443701 0.858472 0.000001
v -1.571910 0.914338 0.000001
v -1.441271 0.863150 -0.099893
v -1.571910 0.914338 -0.069572
v -1.148469 0.259651 -0.000000
v -1.147436 0.259618 -0.060786
v -1.137114 0.172490 -0.000000
v -1.135827 0.172510 -0.057931
v -1.124224 0.172517 -0.101645
v -1.135827 0.172510 -0.057931
v -1.136114 0.259527 -0.106597
v -1.147436 0.259618 -0.060786
v -0.773837 0.118454 -0.153493
v -0.799284 0.312433 -0.166030
v -0.752931 0.118506 -0.113581
v -0.778463 0.312375 -0.122826
v -0.752931 0.118506 -0.113581
v -0.778463 0.312375 -0.122826
v -0.747711 0.118604 -0.000000
v -0.773243 0.312283 -0.000000
v -1.182520 0.530919 -0.000000
v -1.181501 0.530880 -0.067900
v -1.171172 0.443752 -0.000000
v -1.169891 0.443779 -0.065045
v -1.158354 0.443779 -0.114097
v -1.169891 0.443779 -0.065045
v -1.170244 0.530795 -0.119043
v -1.181501 0.530880 -0.067900
v -1.090087 -0.098752 -0.089199
v -1.101762 -0.098752 -0.050816
v -1.101984 -0.011742 -0.094158
v -1.113378 -0.011650 -0.053677
v -1.114411 -0.011611 -0.000000
v -1.113378 -0.011650 -0.053677
v -1.103062 -0.098778 -0.000000
v -1.101762 -0.098752 -0.050816
v -0.829056 0.539315 -0.180691
v -0.839804 0.686882 -0.197252
v -0.808359 0.539367 -0.133632
v -0.813991 0.663486 -0.142104
v -0.808359 0.539367 -0.133632
v -0.813991 0.663486 -0.142104
v -0.803198 0.539465 -0.000000
v -0.807529 0.657632 0.000001
v -0.724720 -0.235121 -0.129627
v -0.746417 -0.245823 -0.133789
v -0.744072 -0.108428 -0.138832
v -0.760660 -0.107722 -0.144771
v -0.828697 -0.539677 -0.081143
v -0.802531 -0.503116 -0.099861
v -0.220128 -0.565549 -0.088010
v -0.225669 -0.526434 -0.101736
v -0.767507 -0.453908 -0.108877
v -0.236004 -0.468412 -0.108348
v -0.802531 -0.503116 -0.099861
v -0.225669 -0.526434 -0.101736
v -0.654651 -0.303734 -0.129842
v -0.640499 -0.283213 -0.126445
v -0.252063 -0.303864 -0.129790
v -0.269102 -0.283905 -0.126328
v -0.746417 -0.245823 -0.133789
v -0.724720 -0.235121 -0.129627
v -0.739629 -0.268127 -0.132168
v -0.718696 -0.254394 -0.128294
v -0.739629 -0.268127 -0.132168
v -0.718696 -0.254394 -0.128294
v -0.725419 -0.284591 -0.131038
v -0.705983 -0.268121 -0.127379
v -0.640499 -0.283213 -0.126445
v -0.654651 -0.303734 -0.129842
v -0.681581 -0.277372 -0.126798
v -0.698770 -0.296149 -0.130300
v -0.681581 -0.277372 -0.126798
v -0.698770 -0.296149 -0.130300
v -0.705983 -0.268121 -0.127379
v -0.725419 -0.284591 -0.131038
v -0.767507 -0.453908 -0.108877
v -0.802531 -0.503116 -0.099861
v -0.835257 -0.433818 -0.110027
v -0.878801 -0.479152 -0.101214
v -0.835257 -0.433818 -0.110027
v -0.878801 -0.479152 -0.101214
v -0.881284 -0.405699 -0.111673
v -0.931773 -0.446349 -0.103102
v -0.828697 -0.539677 -0.081143
v -0.911480 -0.512897 -0.082430
v -0.802531 -0.503116 -0.099861
v -0.878801 -0.479152 -0.101214
v -0.911480 -0.512897 -0.082430
v -0.969718 -0.476421 -0.084227
v -0.878801 -0.479152 -0.101214
v -0.931773 -0.446349 -0.103102
v -1.036051 -0.378520 -0.089356
v -0.992232 -0.357235 -0.108498
v -1.009284 -0.431289 -0.086540
v -0.967543 -0.405463 -0.105526
v -1.009284 -0.431289 -0.086540
v -0.967543 -0.405463 -0.105526
v -0.969718 -0.476421 -0.084227
v -0.931773 -0.446349 -0.103102
v -0.933151 -0.325378 -0.116652
v -0.911840 -0.369550 -0.113869
v -0.992232 -0.357235 -0.108498
v -0.967543 -0.405463 -0.105526
v -0.911840 -0.369550 -0.113869
v -0.881284 -0.405699 -0.111673
v -0.967543 -0.405463 -0.105526
v -0.931773 -0.446349 -0.103102
v -0.851642 0.319483 -0.173746
v -0.815709 0.313139 -0.173223
v -0.824588 0.111404 -0.159595
v -0.790157 0.117741 -0.160013
v -0.815709 0.313139 -0.173223
v -0.799284 0.312433 -0.166030
v -0.790157 0.117741 -0.160013
v -0.773837 0.118454 -0.153493
v -1.136114 0.259527 -0.106597
v -1.107864 0.259573 -0.126308
v -1.124224 0.172517 -0.101645
v -1.096144 0.172281 -0.120572
v -1.107864 0.259573 -0.126308
v -1.072075 0.255162 -0.130914
v -1.096144 0.172281 -0.120572
v -1.061909 0.176476 -0.125740
v -1.170244 0.530795 -0.119043
v -1.142164 0.530841 -0.140969
v -1.158354 0.443779 -0.114097
v -1.130437 0.443550 -0.135239
v -1.142164 0.530841 -0.140969
v -1.106551 0.526431 -0.146038
v -1.130437 0.443550 -0.135239
v -1.096385 0.447744 -0.140864
v -1.101984 -0.011742 -0.094158
v -1.073571 -0.011696 -0.111647
v -1.090087 -0.098752 -0.089199
v -1.061844 -0.098981 -0.105904
v -1.073571 -0.011696 -0.111647
v -1.037599 -0.016106 -0.115789
v -1.061844 -0.098981 -0.105904
v -1.027427 -0.094793 -0.110615
v -1.243110 0.726715 0.000001
v -1.240849 0.727767 -0.087780
v -1.191268 0.548788 -0.000000
v -1.189779 0.548768 -0.079667
v -1.225940 0.732811 -0.165454
v -1.175686 0.548736 -0.139825
v -1.240849 0.727767 -0.087780
v -1.189779 0.548768 -0.079667
v -1.036051 -0.378520 -0.089356
v -1.053220 -0.386687 -0.050359
v -1.091178 -0.117855 -0.104369
v -1.105630 -0.117881 -0.059388
v -1.055134 -0.387601 -0.000000
v -1.107316 -0.117901 -0.000000
v -1.053220 -0.386687 -0.050359
v -1.105630 -0.117881 -0.059388
v -0.933151 -0.325378 -0.116652
v -0.992232 -0.357235 -0.108498
v -1.016333 -0.107363 -0.129725
v -1.055899 -0.117561 -0.124054
v -1.036051 -0.378520 -0.089356
v -1.091178 -0.117855 -0.104369
v -0.992232 -0.357235 -0.108498
v -1.055899 -0.117561 -0.124054
v -1.175392 0.424629 -0.000000
v -1.173726 0.424649 -0.075819
v -1.157223 0.277519 -0.000000
v -1.155727 0.277500 -0.071455
v -1.159438 0.424675 -0.133103
v -1.141557 0.277474 -0.125459
v -1.173726 0.424649 -0.075819
v -1.155727 0.277500 -0.071455
v -1.159438 0.424675 -0.133103
v -1.123224 0.424688 -0.157975
v -1.141557 0.277474 -0.125459
v -1.105035 0.277461 -0.148926
v -1.075381 0.429575 -0.165011
v -1.056774 0.269947 -0.154950
v -1.123224 0.424688 -0.157975
v -1.105035 0.277461 -0.148926
v -0.862585 0.059027 -0.152800
v -1.000451 -0.033145 -0.136062
v -0.849924 0.093758 -0.156387
v -1.018607 -0.002353 -0.137499
v -1.044256 0.160998 -0.147567
v -1.029276 0.192763 -0.150625
v -1.018607 -0.002353 -0.137499
v -0.849924 0.093758 -0.156387
v -1.018607 -0.002353 -0.137499
v -1.070703 0.006199 -0.132005
v -1.044256 0.160998 -0.147567
v -1.088898 0.153420 -0.141054
v -1.107433 0.006205 -0.111098
v -1.125308 0.153413 -0.118736
v -1.070703 0.006199 -0.132005
v -1.088898 0.153420 -0.141054
v -1.107433 0.006205 -0.111098
v -1.121676 0.006238 -0.063249
v -1.125308 0.153413 -0.118736
v -1.139681 0.153381 -0.067600
v -1.123185 0.006258 -0.000000
v -1.141354 0.153361 -0.000000
v -1.121676 0.006238 -0.063249
v -1.139681 0.153381 -0.067600
v -1.157223 0.277519 -0.000000
v -1.155727 0.277500 -0.071455
v -1.148469 0.259651 -0.000000
v -1.147436 0.259618 -0.060786
v -1.141557 0.277474 -0.125459
v -1.136114 0.259527 -0.106597
v -1.155727 0.277500 -0.071455
v -1.147436 0.259618 -0.060786
v -1.141557 0.277474 -0.125459
v -1.105035 0.277461 -0.148926
v -1.136114 0.259527 -0.106597
v -1.107864 0.259573 -0.126308
v -1.056774 0.269947 -0.154950
v -1.072075 0.255162 -0.130914
v -1.105035 0.277461 -0.148926
v -1.107864 0.259573 -0.126308
v -1.035064 0.238124 -0.153565
v -1.029276 0.192763 -0.150625
v -1.053566 0.238176 -0.131286
v -1.047843 0.193351 -0.128366
v -1.044256 0.160998 -0.147567
v -1.088898 0.153420 -0.141054
v -1.061909 0.176476 -0.125740
v -1.096144 0.172281 -0.120572
v -1.125308 0.153413 -0.118736
v -1.124224 0.172517 -0.101645
v -1.088898 0.153420 -0.141054
v -1.096144 0.172281 -0.120572
v -1.125308 0.153413 -0.118736
v -1.139681 0.153381 -0.067600
v -1.124224 0.172517 -0.101645
v -1.135827 0.172510 -0.057931
v -1.141354 0.153361 -0.000000
v -1.137114 0.172490 -0.000000
v -1.139681 0.153381 -0.067600
v -1.135827 0.172510 -0.057931
v -1.191268 0.548788 -0.000000
v -1.189779 0.548768 -0.079667
v -1.182520 0.530919 -0.000000
v -1.181501 0.530880 -0.067900
v -1.175686 0.548736 -0.139825
v -1.170244 0.530795 -0.119043
v -1.189779 0.548768 -0.079667
v -1.181501 0.530880 -0.067900
v -1.175686 0.548736 -0.139825
v -1.140622 0.548448 -0.165723
v -1.170244 0.530795 -0.119043
v -1.142164 0.530841 -0.140969
v -1.092100 0.542085 -0.171721
v -1.106551 0.526431 -0.146038
v -1.140622 0.548448 -0.165723
v -1.142164 0.530841 -0.140969
v -1.069671 0.509386 -0.171067
v -1.063882 0.464032 -0.168128
v -1.088088 0.509444 -0.146535
v -1.082371 0.464620 -0.143608
v -1.075381 0.429575 -0.165011
v -1.123224 0.424688 -0.157975
v -1.096385 0.447744 -0.140864
v -1.130437 0.443550 -0.135239
v -1.159438 0.424675 -0.133103
v -1.158354 0.443779 -0.114097
v -1.123224 0.424688 -0.157975
v -1.130437 0.443550 -0.135239
v -1.159438 0.424675 -0.133103
v -1.173726 0.424649 -0.075819
v -1.158354 0.443779 -0.114097
v -1.169891 0.443779 -0.065045
v -1.175392 0.424629 -0.000000
v -1.171172 0.443752 -0.000000
v -1.173726 0.424649 -0.075819
v -1.169891 0.443779 -0.065045
v -1.091178 -0.117855 -0.104369
v -1.105630 -0.117881 -0.059388
v -1.090087 -0.098752 -0.089199
v -1.101762 -0.098752 -0.050816
v -1.107316 -0.117901 -0.000000
v -1.103062 -0.098778 -0.000000
v -1.105630 -0.117881 -0.059388
v -1.101762 -0.098752 -0.050816
v -1.123185 0.006258 -0.000000
v -1.121676 0.006238 -0.063249
v -1.114411 -0.011611 -0.000000
v -1.113378 -0.011650 -0.053677
v -1.107433 0.006205 -0.111098
v -1.101984 -0.011742 -0.094158
v -1.121676 0.006238 -0.063249
v -1.113378 -0.011650 -0.053677
v -1.107433 0.006205 -0.111098
v -1.070703 0.006199 -0.132005
v -1.101984 -0.011742 -0.094158
v -1.073571 -0.011696 -0.111647
v -1.018607 -0.002353 -0.137499
v -1.037599 -0.016106 -0.115789
v -1.070703 0.006199 -0.132005
v -1.073571 -0.011696 -0.111647
v -1.000451 -0.033145 -0.136062
v -0.994662 -0.078499 -0.133122
v -1.019038 -0.033092 -0.116038
v -1.013315 -0.077917 -0.113117
v -1.016333 -0.107363 -0.129725
v -1.055899 -0.117561 -0.124054
v -1.027427 -0.094793 -0.110615
v -1.061844 -0.098981 -0.105904
v -1.091178 -0.117855 -0.104369
v -1.090087 -0.098752 -0.089199
v -1.055899 -0.117561 -0.124054
v -1.061844 -0.098981 -0.105904
v -1.035064 0.238124 -0.153565
v -1.056774 0.269947 -0.154950
v -0.903163 0.371860 -0.173818
v -1.075381 0.429575 -0.165011
v -0.848565 -0.049001 -0.145522
v -0.994662 -0.078499 -0.133122
v -0.862585 0.059027 -0.152800
v -1.000451 -0.033145 -0.136062
v -0.760437 -0.027225 -0.128431
v -0.768944 0.036918 -0.132567
v -0.743647 -0.027343 -0.095027
v -0.752192 0.036846 -0.098071
v -0.773733 -0.027010 -0.133998
v -0.782148 0.036794 -0.138303
v -0.760437 -0.027225 -0.128431
v -0.768944 0.036918 -0.132567
v -0.807595 0.457707 -0.116136
v -0.799056 0.393524 -0.113091
v -0.824150 0.457786 -0.157080
v -0.815650 0.393636 -0.152944
v -0.803622 0.457649 -0.000000
v -0.795110 0.393400 -0.000000
v -0.807595 0.457707 -0.116136
v -0.799056 0.393524 -0.113091
v -0.743647 -0.027343 -0.095027
v -0.752192 0.036846 -0.098071
v -0.739649 -0.027461 -0.000000
v -0.748161 0.036788 -0.000000
v -0.828795 0.393851 -0.159660
v -0.837210 0.457655 -0.163966
v -0.815650 0.393636 -0.152944
v -0.824150 0.457786 -0.157080
v -0.824588 0.111404 -0.159595
v -0.790157 0.117741 -0.160013
v -0.812299 0.095398 -0.142595
v -0.784290 0.100592 -0.142615
v -0.773837 0.118454 -0.153493
v -0.752931 0.118506 -0.113581
v -0.771172 0.101068 -0.136702
v -0.754460 0.101036 -0.101122
v -0.790157 0.117741 -0.160013
v -0.773837 0.118454 -0.153493
v -0.784290 0.100592 -0.142615
v -0.771172 0.101068 -0.136702
v -0.752931 0.118506 -0.113581
v -0.747711 0.118604 -0.000000
v -0.754460 0.101036 -0.101122
v -0.750402 0.101042 -0.000000
v -0.717762 -0.108578 -0.000000
v -0.723034 -0.108487 -0.102775
v -0.724857 -0.091716 -0.000000
v -0.728829 -0.091526 -0.091982
v -0.723034 -0.108487 -0.102775
v -0.744072 -0.108428 -0.138832
v -0.728829 -0.091526 -0.091982
v -0.745659 -0.091369 -0.124289
v -0.744072 -0.108428 -0.138832
v -0.760660 -0.107722 -0.144771
v -0.745659 -0.091369 -0.124289
v -0.759046 -0.090814 -0.129686
v -0.796893 -0.101378 -0.145098
v -0.788694 -0.085463 -0.130274
v -0.760660 -0.107722 -0.144771
v -0.759046 -0.090814 -0.129686
v -0.848565 -0.049001 -0.145522
v -0.862585 0.059027 -0.152800
v -0.836028 -0.038306 -0.130359
v -0.847284 0.048489 -0.136212
v -0.782148 0.036794 -0.138303
v -0.773733 -0.027010 -0.133998
v -0.847284 0.048489 -0.136212
v -0.836028 -0.038306 -0.130359
v -0.773243 0.312283 -0.000000
v -0.778463 0.312375 -0.122826
v -0.780318 0.329145 -0.000000
v -0.784238 0.329335 -0.110047
v -0.778463 0.312375 -0.122826
v -0.799284 0.312433 -0.166030
v -0.784238 0.329335 -0.110047
v -0.800872 0.329492 -0.148809
v -0.799284 0.312433 -0.166030
v -0.815709 0.313139 -0.173223
v -0.800872 0.329492 -0.148809
v -0.814108 0.330054 -0.155355
v -0.851642 0.319483 -0.173746
v -0.843489 0.335404 -0.156178
v -0.815709 0.313139 -0.173223
v -0.814108 0.330054 -0.155355
v -0.903163 0.371860 -0.173818
v -0.917184 0.479888 -0.181096
v -0.890678 0.382555 -0.155943
v -0.901942 0.469356 -0.161797
v -0.837210 0.457655 -0.163966
v -0.828795 0.393851 -0.159660
v -0.901942 0.469356 -0.161797
v -0.890678 0.382555 -0.155943
v -0.879337 0.532265 -0.188243
v -0.845213 0.538602 -0.188466
v -0.867100 0.516259 -0.168506
v -0.839353 0.521459 -0.168278
v -0.829056 0.539315 -0.180691
v -0.808359 0.539367 -0.133632
v -0.826378 0.521930 -0.161222
v -0.809862 0.521897 -0.119180
v -0.845213 0.538602 -0.188466
v -0.829056 0.539315 -0.180691
v -0.839353 0.521459 -0.168278
v -0.826378 0.521930 -0.161222
v -0.808359 0.539367 -0.133632
v -0.803198 0.539465 -0.000000
v -0.809862 0.521897 -0.119180
v -0.805863 0.521903 -0.000000
v -1.069671 0.509386 -0.171067
v -1.092100 0.542085 -0.171721
v -0.917184 0.479888 -0.181096
v -0.904542 0.514619 -0.184820
v -0.862585 0.059027 -0.152800
v -0.849924 0.093758 -0.156387
v -0.847284 0.048489 -0.136212
v -0.834348 0.078000 -0.139303
v -0.824588 0.111404 -0.159595
v -0.812299 0.095398 -0.142595
v -0.849924 0.093758 -0.156387
v -0.834348 0.078000 -0.139303
v -0.796893 -0.101378 -0.145098
v -0.826881 -0.083732 -0.144372
v -0.788694 -0.085463 -0.130274
v -0.815402 -0.067921 -0.129418
v -0.848565 -0.049001 -0.145522
v -0.836028 -0.038306 -0.130359
v -0.826881 -0.083732 -0.144372
v -0.815402 -0.067921 -0.129418
v -0.851642 0.319483 -0.173746
v -0.881499 0.337129 -0.172805
v -0.843489 0.335404 -0.156178
v -0.870079 0.352940 -0.155100
v -0.903163 0.371860 -0.173818
v -0.890678 0.382555 -0.155943
v -0.881499 0.337129 -0.172805
v -0.870079 0.352940 -0.155100
v -0.917184 0.479888 -0.181096
v -0.904542 0.514619 -0.184820
v -0.901942 0.469356 -0.161797
v -0.889025 0.498861 -0.164985
v -0.879337 0.532265 -0.188243
v -0.867100 0.516259 -0.168506
v -0.904542 0.514619 -0.184820
v -0.889025 0.498861 -0.164985
v -1.175686 0.548736 -0.139825
v -1.225940 0.732811 -0.165454
v -1.140622 0.548448 -0.165723
v -1.193947 0.748301 -0.191130
v -1.035064 0.238124 -0.153565
v -1.053566 0.238176 -0.131286
v -1.056774 0.269947 -0.154950
v -1.072075 0.255162 -0.130914
v -1.029276 0.192763 -0.150625
v -1.044256 0.160998 -0.147567
v -1.047843 0.193351 -0.128366
v -1.061909 0.176476 -0.125740
v -1.069671 0.509386 -0.171067
v -1.088088 0.509444 -0.146535
v -1.092100 0.542085 -0.171721
v -1.106551 0.526431 -0.146038
v -1.063882 0.464032 -0.168128
v -1.075381 0.429575 -0.165011
v -1.082371 0.464620 -0.143608
v -1.096385 0.447744 -0.140864
v -1.000451 -0.033145 -0.136062
v -1.019038 -0.033092 -0.116038
v -1.018607 -0.002353 -0.137499
v -1.037599 -0.016106 -0.115789
v -0.994662 -0.078499 -0.133122
v -1.016333 -0.107363 -0.129725
v -1.013315 -0.077917 -0.113117
v -1.027427 -0.094793 -0.110615
v -0.745666 0.746766 -0.212684
v -0.745666 0.783764 -0.233975
v -0.248738 0.746766 -0.224515
v -0.237141 0.783764 -0.234701
v -0.220128 -0.565549 -0.088010
v 0.283993 -0.573232 -0.082894
v -0.220128 -0.582542 -0.045374
v 0.286122 -0.576858 -0.045080
v 0.278374 -0.527871 -0.116240
v 0.283993 -0.573232 -0.082894
v -0.225669 -0.526434 -0.101736
v -0.220128 -0.565549 -0.088010
v -1.072075 0.255162 -0.130914
v -1.053566 0.238176 -0.131286
v -1.061909 0.176476 -0.125740
v -1.047843 0.193351 -0.128366
v -1.037599 -0.016106 -0.115789
v -1.019038 -0.033092 -0.116038
v -1.027427 -0.094793 -0.110615
v -1.013315 -0.077917 -0.113117
v -1.106551 0.526431 -0.146038
v -1.088088 0.509444 -0.146535
v -1.096385 0.447744 -0.140864
v -1.082371 0.464620 -0.143608
v -1.553833 1.003060 -0.291860
v -1.559484 1.016813 -0.278957
v -0.747096 1.004020 -0.293605
v -0.747096 1.014180 -0.280349
v -0.768944 0.036918 -0.132567
v -0.771172 0.101068 -0.136702
v -0.752192 0.036846 -0.098071
v -0.754460 0.101036 -0.101122
v -0.743647 -0.027343 -0.095027
v -0.728829 -0.091526 -0.091982
v -0.760437 -0.027225 -0.128431
v -0.745659 -0.091369 -0.124289
v -0.782148 0.036794 -0.138303
v -0.784290 0.100592 -0.142615
v -0.768944 0.036918 -0.132567
v -0.771172 0.101068 -0.136702
v -0.760437 -0.027225 -0.128431
v -0.745659 -0.091369 -0.124289
v -0.773733 -0.027010 -0.133998
v -0.759046 -0.090814 -0.129686
v -0.799056 0.393524 -0.113091
v -0.784238 0.329335 -0.110047
v -0.815650 0.393636 -0.152944
v -0.800872 0.329492 -0.148809
v -0.824150 0.457786 -0.157080
v -0.826378 0.521930 -0.161222
v -0.807595 0.457707 -0.116136
v -0.809862 0.521897 -0.119180
v -0.795110 0.393400 -0.000000
v -0.780318 0.329145 -0.000000
v -0.799056 0.393524 -0.113091
v -0.784238 0.329335 -0.110047
v -0.807595 0.457707 -0.116136
v -0.809862 0.521897 -0.119180
v -0.803622 0.457649 -0.000000
v -0.805863 0.521903 -0.000000
v -0.752192 0.036846 -0.098071
v -0.754460 0.101036 -0.101122
v -0.748161 0.036788 -0.000000
v -0.750402 0.101042 -0.000000
v -0.739649 -0.027461 -0.000000
v -0.724857 -0.091716 -0.000000
v -0.743647 -0.027343 -0.095027
v -0.728829 -0.091526 -0.091982
v -0.837210 0.457655 -0.163966
v -0.839353 0.521459 -0.168278
v -0.824150 0.457786 -0.157080
v -0.826378 0.521930 -0.161222
v -0.815650 0.393636 -0.152944
v -0.800872 0.329492 -0.148809
v -0.828795 0.393851 -0.159660
v -0.814108 0.330054 -0.155355
v -1.075381 0.429575 -0.165011
v -1.063882 0.464032 -0.168128
v -0.903163 0.371860 -0.173818
v -0.917184 0.479888 -0.181096
v -0.881499 0.337129 -0.172805
v -0.851642 0.319483 -0.173746
v -0.849924 0.093758 -0.156387
v -0.824588 0.111404 -0.159595
v -1.016333 -0.107363 -0.129725
v -0.994662 -0.078499 -0.133122
v -0.826881 -0.083732 -0.144372
v -0.848565 -0.049001 -0.145522
v -1.571146 0.920989 -0.087342
v -1.571146 0.920989 -0.255666
v -1.441271 0.863150 -0.099893
v -1.435855 0.867109 -0.214069
v -0.796893 -0.101378 -0.145098
v -0.760660 -0.107722 -0.144771
v -0.933151 -0.325378 -0.116652
v -0.746417 -0.245823 -0.133789
v -1.092100 0.542085 -0.171721
v -1.140622 0.548448 -0.165723
v -0.864937 0.703679 -0.209031
v -1.193947 0.748301 -0.191130
v -0.864937 0.703679 -0.209031
v -0.879337 0.532265 -0.188243
v -1.092100 0.542085 -0.171721
v -0.904542 0.514619 -0.184820
v -0.747096 1.020020 -0.097861
v -0.260334 1.014683 -0.097861
v -0.747096 1.020020 -0.260488
v -0.263398 1.009567 -0.260455
v -0.747096 0.994207 0.000001
v -0.287937 0.986871 0.000001
v -0.747096 0.994207 -0.073962
v -0.287937 0.986871 -0.073962
v -0.747096 1.020020 -0.097861
v -1.564678 1.020020 -0.097861
v -0.747096 0.994207 -0.073962
v -1.542334 0.994110 -0.073962
v -0.747096 1.014180 -0.280349
v -1.559484 1.016813 -0.278957
v -0.747096 1.020020 -0.260488
v -1.562084 1.020020 -0.259788
v -0.747096 1.004020 -0.293605
v -0.288218 0.997500 -0.294572
v -0.747096 0.982591 -0.296251
v -0.281443 0.982591 -0.296251
v -0.747096 1.014180 -0.280349
v -0.266475 1.004465 -0.280930
v -0.747096 1.004020 -0.293605
v -0.288218 0.997500 -0.294572
v -0.747096 0.982591 -0.296251
v -0.281443 0.982591 -0.296251
v -0.747096 0.937178 -0.296251
v -0.237213 0.937178 -0.296251
v -1.553833 0.937179 -0.296251
v -1.553833 0.982591 -0.296251
v -0.747096 0.937178 -0.296251
v -0.747096 0.982591 -0.296251
v -0.237141 0.783764 -0.234701
v -0.746378 0.860471 -0.266067
v -0.237213 0.937178 -0.296251
v -0.747096 0.937178 -0.296251
v -1.324639 0.804207 0.000001
v -1.443701 0.858472 0.000001
v -1.323254 0.805102 -0.093876
v -1.441271 0.863150 -0.099893
v -1.323254 0.805102 -0.093876
v -1.441271 0.863150 -0.099893
v -1.310546 0.810198 -0.188419
v -1.435855 0.867109 -0.214069
v -1.310546 0.810198 -0.188419
v -1.435855 0.867109 -0.214069
v -1.287575 0.825231 -0.216819
v -1.416144 0.885442 -0.245108
v -0.790432 0.693173 -0.144215
v -0.813991 0.663486 -0.142104
v -0.810306 0.731550 -0.205366
v -0.839804 0.686882 -0.197252
v -0.810306 0.731550 -0.205366
v -0.839804 0.686882 -0.197252
v -0.833604 0.760715 -0.221948
v -0.864937 0.703679 -0.209031
v 0.915082 -0.484673 -0.000000
v 0.915082 -0.484673 -0.809944
v 1.041226 -0.476742 -0.000000
v 1.041226 -0.476742 -0.800144
v 0.784253 -0.480623 -0.000000
v 0.784214 -0.480616 -0.818255
v 0.915082 -0.484673 -0.000000
v 0.915082 -0.484673 -0.809944
v 0.484819 0.662663 0.000001
v 0.484819 0.662663 -0.693572
v 0.337690 0.689580 0.000001
v 0.337344 0.689645 -0.646520
v 0.601223 0.652066 0.000001
v 0.601223 0.652066 -0.724501
v 0.484819 0.662663 0.000001
v 0.484819 0.662663 -0.693572
v 0.757192 0.637235 0.000001
v 0.757192 0.637235 -0.762165
v 0.601223 0.652066 0.000001
v 0.601223 0.652066 -0.724501
v 0.878234 0.637229 0.000001
v 0.878234 0.637229 -0.774572
v 0.757192 0.637235 0.000001
v 0.757192 0.637235 -0.762165
v 1.012395 0.634282 0.000001
v 1.012395 0.634282 -0.786430
v 0.878234 0.637229 0.000001
v 0.878234 0.637229 -0.774572
v 1.114739 0.626351 0.000001
v 1.114739 0.626351 -0.786430
v 1.012395 0.634282 0.000001
v 1.012395 0.634282 -0.786430
v 1.224896 0.607698 0.000001
v 1.224896 0.607698 -0.786431
v 1.114739 0.626351 0.000001
v 1.114739 0.626351 -0.786430
v 1.325137 0.576352 0.000001
v 1.325137 0.576351 -0.786431
v 1.224896 0.607698 0.000001
v 1.224896 0.607698 -0.786431
v 1.424991 0.521060 -0.000000
v 1.424991 0.521060 -0.786431
v 1.325137 0.576352 0.000001
v 1.325137 0.576351 -0.786431
v 1.514060 0.444856 -0.000000
v 1.514060 0.444856 -0.786431
v 1.424991 0.521060 -0.000000
v 1.424991 0.521060 -0.786431
v 1.584083 0.352391 -0.000000
v 1.584083 0.352391 -0.786431
v 1.514060 0.444856 -0.000000
v 1.514060 0.444856 -0.786431
v 1.628137 0.254698 -0.000000
v 1.628137 0.254698 -0.786431
v 1.584083 0.352391 -0.000000
v 1.584083 0.352391 -0.786431
v 1.652813 0.143659 -0.000000
v 1.652813 0.143659 -0.786431
v 1.628137 0.254698 -0.000000
v 1.628137 0.254698 -0.786431
v 1.653957 0.023015 -0.000000
v 1.653950 0.023015 -0.786431
v 1.652813 0.143659 -0.000000
v 1.652813 0.143659 -0.786431
v 1.355902 -0.381585 -0.000000
v 1.355902 -0.381585 -0.786431
v 1.405281 -0.336296 -0.000000
v 1.405281 -0.336296 -0.786431
v 1.268075 -0.421444 -0.000000
v 1.268075 -0.421444 -0.786431
v 1.355902 -0.381585 -0.000000
v 1.355902 -0.381585 -0.786431
v 1.172650 -0.454901 -0.000000
v 1.172650 -0.454901 -0.786548
v 1.268075 -0.421444 -0.000000
v 1.268075 -0.421444 -0.786431
v 1.041226 -0.476742 -0.000000
v 1.041226 -0.476742 -0.800144
v 1.172650 -0.454901 -0.786548
v 1.405281 -0.336296 -0.000000
v 1.405281 -0.336296 -0.786431
v 1.506847 -0.236938 -0.000000
v 1.506847 -0.236938 -0.786431
v 1.506847 -0.236938 -0.000000
v 1.506847 -0.236938 -0.786431
v 1.596340 -0.123611 -0.000000
v 1.596340 -0.123611 -0.786431
v 1.596340 -0.123611 -0.000000
v 1.596340 -0.123611 -0.786431
v 1.653957 0.023015 -0.000000
v 1.653950 0.023015 -0.786431
v 0.324473 0.673685 0.000001
v 0.324421 0.673828 -0.645174
v 0.755702 -0.460278 -0.000000
v 0.755761 -0.460428 -0.816941
v 0.755702 -0.460278 -0.000000
v 0.755761 -0.460428 -0.816941
v 0.784253 -0.480623 -0.000000
v 0.784214 -0.480616 -0.818255
v 0.303749 0.668830 -0.667687
v 0.366482 0.749281 -0.651968
v 0.418160 0.489831 -0.796865
v 0.541613 0.657711 -0.760003
v 0.849951 0.510993 -0.904298
v 0.761876 0.299478 -0.963202
v 0.688997 0.587817 -0.835959
v 0.549603 0.341591 -0.915195
v 0.407772 0.380869 -0.858878
v 0.336886 0.289625 -0.892936
v 0.256344 0.454369 -0.802856
v 0.219424 0.414248 -0.823539
v 0.549603 0.341591 -0.915195
v 0.761876 0.299478 -0.963202
v 0.507019 0.096253 -0.961582
v 0.732790 0.114037 -0.999664
v 0.337272 0.429732 -0.647847
v 0.236378 0.660592 -0.526209
v 0.418160 0.489831 -0.796865
v 0.303749 0.668830 -0.667687
v 0.549603 0.341591 -0.915195
v 0.418160 0.489831 -0.796865
v 0.688997 0.587817 -0.835959
v 0.541613 0.657711 -0.760003
v 0.162069 0.343185 -0.816242
v 0.123202 0.556543 -0.751399
v 0.219424 0.414248 -0.823539
v 0.123202 0.556543 -0.751399
v 0.256344 0.454369 -0.802856
v 0.123202 0.556543 -0.751399
v 0.337272 0.429732 -0.647847
v 0.123202 0.556543 -0.751399
v 0.162069 0.343185 -0.816242
v 0.221273 0.148147 -0.881784
v 0.337272 0.429732 -0.647847
v 0.424752 0.110568 -0.779545
v 0.407772 0.380869 -0.858878
v 0.549603 0.341591 -0.915195
v 0.336886 0.289625 -0.892936
v 0.507019 0.096253 -0.961582
v 0.336886 0.289625 -0.892936
v 0.507019 0.096253 -0.961582
v 0.221273 0.148147 -0.881784
v 0.305115 -0.039953 -0.928961
v 0.779026 -0.665384 -0.763538
v 0.626951 -0.516085 -0.876420
v 0.878770 -0.556735 -0.869848
v 0.762366 -0.431100 -0.954865
v 0.878770 -0.556735 -0.869848
v 0.762366 -0.431100 -0.954865
v 1.032563 -0.394200 -0.971173
v 0.923980 -0.309098 -0.995770
v 0.762366 -0.431100 -0.954865
v 0.658500 -0.313580 -0.974498
v 0.923980 -0.309098 -0.995770
v 0.841595 -0.227830 -1.013855
v -0.005615 -0.844023 -0.000000
v -0.109233 -0.822568 -0.000000
v -0.005615 -0.844023 -0.238622
v -0.109233 -0.822568 -0.238622
v -0.109233 -0.822568 -0.000000
v -0.197674 -0.764474 -0.000000
v -0.109233 -0.822568 -0.238622
v -0.197674 -0.764474 -0.238622
v -0.197674 -0.764474 -0.000000
v -0.255768 -0.676033 -0.000000
v -0.197674 -0.764474 -0.238622
v -0.255768 -0.676033 -0.238622
v -0.255768 -0.676033 -0.000000
v -0.277223 -0.572415 -0.000000
v -0.255768 -0.676033 -0.238622
v -0.277223 -0.572415 -0.238622
v -0.277223 -0.572415 -0.000000
v -0.255768 -0.468804 -0.000000
v -0.255768 -0.468804 -0.238622
v -0.255768 -0.468804 -0.000000
v -0.197674 -0.380363 -0.000000
v -0.255768 -0.468804 -0.238622
v -0.197674 -0.380363 -0.238622
v -0.197674 -0.380363 -0.000000
v -0.109232 -0.322269 -0.000000
v -0.197674 -0.380363 -0.238622
v -0.109232 -0.322269 -0.238622
v -0.109232 -0.322269 -0.000000
v -0.005615 -0.300807 -0.000000
v -0.109232 -0.322269 -0.238622
v -0.005615 -0.300807 -0.238622
v -0.005615 -0.300807 -0.000000
v 0.098003 -0.322269 -0.000000
v -0.005615 -0.300807 -0.238622
v 0.098003 -0.322269 -0.238622
v 0.098003 -0.322269 -0.000000
v 0.186444 -0.380363 -0.000000
v 0.098003 -0.322269 -0.238622
v 0.186444 -0.380363 -0.238622
v 0.186444 -0.380363 -0.000000
v 0.244538 -0.468804 -0.000000
v 0.186444 -0.380363 -0.238622
v 0.244538 -0.468804 -0.238622
v 0.244538 -0.468804 -0.000000
v 0.265993 -0.572415 -0.000000
v 0.244538 -0.468804 -0.238622
v 0.265993 -0.572415 -0.238622
v 0.265993 -0.572415 -0.000000
v 0.244538 -0.676033 -0.000000
v 0.265993 -0.572415 -0.238622
v 0.244538 -0.676033 -0.238622
v 0.244538 -0.676033 -0.000000
v 0.186444 -0.764474 -0.000000
v 0.244538 -0.676033 -0.238622
v 0.186444 -0.764474 -0.238622
v 0.186444 -0.764474 -0.000000
v 0.098003 -0.822568 -0.000000
v 0.186444 -0.764474 -0.238622
v 0.098003 -0.822568 -0.238622
v 0.098003 -0.822568 -0.000000
v -0.005615 -0.844023 -0.000000
v 0.098003 -0.822568 -0.238622
v -0.005615 -0.844023 -0.238622
v -0.109233 -0.822568 -0.238622
v -0.197674 -0.764474 -0.238622
v -0.101523 -0.803961 -0.268518
v -0.183385 -0.750186 -0.268518
v -0.255768 -0.676033 -0.238622
v -0.183385 -0.750186 -0.268518
v -0.237161 -0.668324 -0.268518
v -0.255768 -0.676033 -0.238622
v -0.277223 -0.572415 -0.238622
v -0.257022 -0.572415 -0.268518
v -0.255768 -0.468804 -0.238622
v -0.257022 -0.572415 -0.268518
v -0.237161 -0.476506 -0.268518
v -0.255768 -0.468804 -0.238622
v -0.197674 -0.380363 -0.238622
v -0.183385 -0.394644 -0.268518
v -0.109232 -0.322269 -0.238622
v -0.183385 -0.394644 -0.268518
v -0.101523 -0.340876 -0.268518
v -0.109232 -0.322269 -0.238622
v -0.005615 -0.300807 -0.238622
v -0.005615 -0.321008 -0.268518
v 0.098003 -0.322269 -0.238622
v -0.005615 -0.321008 -0.268518
v 0.090294 -0.340876 -0.268518
v 0.098003 -0.322269 -0.238622
v 0.186444 -0.380363 -0.238622
v 0.172156 -0.394644 -0.268518
v 0.244538 -0.468804 -0.238622
v 0.172156 -0.394644 -0.268518
v 0.225931 -0.476506 -0.268518
v 0.244538 -0.468804 -0.238622
v 0.265993 -0.572415 -0.238622
v 0.245793 -0.572415 -0.268518
v 0.244538 -0.676033 -0.238622
v 0.245793 -0.572415 -0.268518
v 0.225931 -0.668324 -0.268518
v 0.244538 -0.676033 -0.238622
v 0.186444 -0.764474 -0.238622
v 0.172156 -0.750186 -0.268518
v 0.098003 -0.822568 -0.238622
v 0.172156 -0.750186 -0.268518
v 0.090294 -0.803961 -0.268518
v 0.098003 -0.822568 -0.238622
v -0.005615 -0.844023 -0.238622
v -0.005615 -0.823822 -0.268518
v -0.005615 -0.844023 -0.238622
v -0.109233 -0.822568 -0.238622
v -0.005615 -0.823822 -0.268518
v 0.689971 -0.317676 -1.028920
v 0.711962 -0.230875 -1.057458
v 0.688899 -0.315069 -1.021237
v 0.711446 -0.234004 -1.063769
v 0.711962 -0.230875 -1.057458
v 0.765260 -0.159956 -1.076757
v 0.711446 -0.234004 -1.063769
v 0.765437 -0.170207 -1.100453
v 0.841968 -0.112113 -1.085133
v 0.765437 -0.170207 -1.100453
v 0.842882 -0.129988 -1.127423
v 0.841968 -0.112113 -1.085133
v 0.934198 -0.094564 -1.080912
v 0.842882 -0.129988 -1.127423
v 0.935812 -0.119659 -1.140809
v 0.934198 -0.094564 -1.080912
v 1.025017 -0.112113 -1.064298
v 0.935812 -0.119659 -1.140809
v 1.027160 -0.142617 -1.137412
v 1.025017 -0.112113 -1.064298
v 1.097883 -0.159956 -1.038897
v 1.027160 -0.142617 -1.137412
v 1.100287 -0.193165 -1.118603
v 1.097883 -0.159956 -1.038897
v 1.145478 -0.230875 -1.008112
v 1.100287 -0.193165 -1.118603
v 1.147869 -0.263927 -1.087426
v 1.145478 -0.230875 -1.008112
v 1.160491 -0.317676 -0.975360
v 1.162575 -0.347540 -1.046913
v 1.160491 -0.317676 -0.975360
v 1.138500 -0.404477 -0.946823
v 1.162575 -0.347540 -1.046913
v 1.140029 -0.428605 -1.004381
v 1.138500 -0.404477 -0.946823
v 1.085202 -0.475396 -0.927530
v 1.140029 -0.428605 -1.004381
v 1.086045 -0.492402 -0.967703
v 1.008495 -0.523239 -0.919155
v 1.086045 -0.492402 -0.967703
v 1.008592 -0.532621 -0.940734
v 1.008495 -0.523239 -0.919155
v 0.916264 -0.540788 -0.923375
v 1.008592 -0.532621 -0.940734
v 0.915663 -0.542950 -0.927341
v 0.916264 -0.540788 -0.923375
v 0.825445 -0.523239 -0.939989
v 0.915663 -0.542950 -0.927341
v 0.824315 -0.519992 -0.930745
v 0.825445 -0.523239 -0.939989
v 0.752579 -0.475396 -0.965391
v 0.824315 -0.519992 -0.930745
v 0.751188 -0.469444 -0.949547
v 0.752579 -0.475396 -0.965391
v 0.704984 -0.404477 -0.996175
v 0.703606 -0.398682 -0.980724
v 0.704984 -0.404477 -0.996175
v 0.689971 -0.317676 -1.028920
v 0.703606 -0.398682 -0.980724
v 0.688899 -0.315069 -1.021237
v 0.688899 -0.315069 -1.021237
v 0.711446 -0.234004 -1.063769
v 0.690252 -0.311312 -1.014828
v 0.710309 -0.237434 -1.069780
v 0.711446 -0.234004 -1.063769
v 0.765437 -0.170207 -1.100453
v 0.710309 -0.237434 -1.069780
v 0.761190 -0.182587 -1.121941
v 0.765437 -0.170207 -1.100453
v 0.842882 -0.129988 -1.127423
v 0.835310 -0.151959 -1.165512
v 0.842882 -0.129988 -1.127423
v 0.935812 -0.119659 -1.140809
v 0.835310 -0.151959 -1.165512
v 0.925084 -0.150744 -1.194670
v 0.935812 -0.119659 -1.140809
v 1.027160 -0.142617 -1.137412
v 0.925084 -0.150744 -1.194670
v 1.014054 -0.180568 -1.203143
v 1.027160 -0.142617 -1.137412
v 1.100287 -0.193165 -1.118603
v 1.014054 -0.180568 -1.203143
v 1.085986 -0.234579 -1.190332
v 1.147869 -0.263927 -1.087426
v 1.085986 -0.234579 -1.190332
v 1.133614 -0.305197 -1.158906
v 1.147869 -0.263927 -1.087426
v 1.162575 -0.347540 -1.046913
v 1.133614 -0.305197 -1.158906
v 1.149698 -0.384858 -1.111566
v 1.162575 -0.347540 -1.046913
v 1.140029 -0.428605 -1.004381
v 1.149698 -0.384858 -1.111566
v 1.129641 -0.458743 -1.056615
v 1.140029 -0.428605 -1.004381
v 1.086045 -0.492402 -0.967703
v 1.129641 -0.458743 -1.056615
v 1.078753 -0.513590 -1.004453
v 1.086045 -0.492402 -0.967703
v 1.008592 -0.532621 -0.940734
v 1.078753 -0.513590 -1.004453
v 1.004633 -0.544211 -0.960883
v 1.008592 -0.532621 -0.940734
v 0.915663 -0.542950 -0.927341
v 0.914860 -0.545433 -0.931724
v 0.915663 -0.542950 -0.927341
v 0.824315 -0.519992 -0.930745
v 0.914860 -0.545433 -0.931724
v 0.825896 -0.515602 -0.923251
v 0.824315 -0.519992 -0.930745
v 0.751188 -0.469444 -0.949547
v 0.825896 -0.515602 -0.923251
v 0.753964 -0.461598 -0.936063
v 0.703606 -0.398682 -0.980724
v 0.753964 -0.461598 -0.936063
v 0.706330 -0.390979 -0.967481
v 0.703606 -0.398682 -0.980724
v 0.688899 -0.315069 -1.021237
v 0.706330 -0.390979 -0.967481
v 0.690252 -0.311312 -1.014828
v 0.690252 -0.311312 -1.014828
v 0.710309 -0.237434 -1.069780
v 0.691395 -0.309503 -1.012515
v 0.707049 -0.242994 -1.077319
v 0.710309 -0.237434 -1.069780
v 0.761190 -0.182587 -1.121941
v 0.707049 -0.242994 -1.077319
v 0.752429 -0.197372 -1.141828
v 0.761190 -0.182587 -1.121941
v 0.835310 -0.151959 -1.165512
v 0.820630 -0.176661 -1.198661
v 0.835310 -0.151959 -1.165512
v 0.925084 -0.150744 -1.194670
v 0.820630 -0.176661 -1.198661
v 0.904766 -0.184900 -1.240468
v 0.925084 -0.150744 -1.194670
v 1.014054 -0.180568 -1.203143
v 0.904766 -0.184900 -1.240468
v 0.989463 -0.221879 -1.258513
v 1.014054 -0.180568 -1.203143
v 1.085986 -0.234579 -1.190332
v 0.989463 -0.221879 -1.258513
v 1.059219 -0.279528 -1.250582
v 1.133614 -0.305197 -1.158906
v 1.059219 -0.279528 -1.250582
v 1.106899 -0.350075 -1.219065
v 1.133614 -0.305197 -1.158906
v 1.149698 -0.384858 -1.111566
v 1.106899 -0.350075 -1.219065
v 1.125381 -0.425730 -1.166354
v 1.149698 -0.384858 -1.111566
v 1.129641 -0.458743 -1.056615
v 1.125381 -0.425730 -1.166354
v 1.109721 -0.492239 -1.101551
v 1.129641 -0.458743 -1.056615
v 1.078753 -0.513590 -1.004453
v 1.109721 -0.492239 -1.101551
v 1.064341 -0.537861 -1.037041
v 1.078753 -0.513590 -1.004453
v 1.004633 -0.544211 -0.960883
v 1.064341 -0.537861 -1.037041
v 0.996140 -0.558565 -0.980201
v 1.004633 -0.544211 -0.960883
v 0.914860 -0.545433 -0.931724
v 0.996140 -0.558565 -0.980201
v 0.912011 -0.550333 -0.938402
v 0.914860 -0.545433 -0.931724
v 0.825896 -0.515602 -0.923251
v 0.827307 -0.513354 -0.920357
v 0.825896 -0.515602 -0.923251
v 0.753964 -0.461598 -0.936063
v 0.827307 -0.513354 -0.920357
v 0.757551 -0.455705 -0.928288
v 0.706330 -0.390979 -0.967481
v 0.757551 -0.455705 -0.928288
v 0.709871 -0.385158 -0.959805
v 0.706330 -0.390979 -0.967481
v 0.690252 -0.311312 -1.014828
v 0.709871 -0.385158 -0.959805
v 0.691395 -0.309503 -1.012515
v 0.691395 -0.309503 -1.012515
v 0.707049 -0.242994 -1.077319
v 0.689984 -0.311398 -1.014626
v 0.700346 -0.251690 -1.086642
v 0.707049 -0.242994 -1.077319
v 0.752429 -0.197372 -1.141828
v 0.700346 -0.251690 -1.086642
v 0.739062 -0.214620 -1.160213
v 0.752429 -0.197372 -1.141828
v 0.820630 -0.176661 -1.198661
v 0.800076 -0.203147 -1.226833
v 0.820630 -0.176661 -1.198661
v 0.904766 -0.184900 -1.240468
v 0.800076 -0.203147 -1.226833
v 0.877332 -0.220212 -1.277995
v 0.904766 -0.184900 -1.240468
v 0.989463 -0.221879 -1.258513
v 0.877332 -0.220212 -1.277995
v 0.956810 -0.263907 -1.303161
v 0.989463 -0.221879 -1.258513
v 1.059219 -0.279528 -1.250582
v 0.956810 -0.263907 -1.303161
v 1.023867 -0.325026 -1.298902
v 1.106899 -0.350075 -1.219065
v 1.023867 -0.325026 -1.298902
v 1.071541 -0.395579 -1.267405
v 1.106899 -0.350075 -1.219065
v 1.125381 -0.425730 -1.166354
v 1.071541 -0.395579 -1.267405
v 1.092865 -0.467576 -1.210820
v 1.125381 -0.425730 -1.166354
v 1.109721 -0.492239 -1.101551
v 1.092865 -0.467576 -1.210820
v 1.082504 -0.527283 -1.138804
v 1.109721 -0.492239 -1.101551
v 1.064341 -0.537861 -1.037041
v 1.082504 -0.527283 -1.138804
v 1.043787 -0.564353 -1.065232
v 1.064341 -0.537861 -1.037041
v 0.996140 -0.558565 -0.980201
v 1.043787 -0.564353 -1.065232
v 0.982779 -0.575826 -0.998612
v 0.996140 -0.558565 -0.980201
v 0.912011 -0.550333 -0.938402
v 0.982779 -0.575826 -0.998612
v 0.905517 -0.558761 -0.947450
v 0.912011 -0.550333 -0.938402
v 0.827307 -0.513354 -0.920357
v 0.826040 -0.515066 -0.922284
v 0.827307 -0.513354 -0.920357
v 0.757551 -0.455705 -0.928288
v 0.826040 -0.515066 -0.922284
v 0.758988 -0.453947 -0.926544
v 0.757551 -0.455705 -0.928288
v 0.709871 -0.385158 -0.959805
v 0.758988 -0.453947 -0.926544
v 0.711315 -0.383394 -0.958047
v 0.709871 -0.385158 -0.959805
v 0.691395 -0.309503 -1.012515
v 0.711315 -0.383394 -0.958047
v 0.689984 -0.311398 -1.014626
v 0.689984 -0.311398 -1.014626
v 0.700346 -0.251690 -1.086642
v 0.673990 -0.327554 -1.026771
v 0.673664 -0.278777 -1.107183
v 0.700346 -0.251690 -1.086642
v 0.739062 -0.214620 -1.160213
v 0.673664 -0.278777 -1.107183
v 0.698804 -0.255597 -1.191423
v 0.739062 -0.214620 -1.160213
v 0.800076 -0.203147 -1.226833
v 0.698804 -0.255597 -1.191423
v 0.745073 -0.259203 -1.269626
v 0.800076 -0.203147 -1.226833
v 0.877332 -0.220212 -1.277995
v 0.745073 -0.259203 -1.269626
v 0.808138 -0.290785 -1.331934
v 0.877332 -0.220212 -1.277995
v 0.956810 -0.263907 -1.303161
v 0.808138 -0.290785 -1.331934
v 0.876718 -0.345619 -1.365652
v 0.956810 -0.263907 -1.303161
v 1.023867 -0.325026 -1.298902
v 0.876718 -0.345619 -1.365652
v 0.938020 -0.412624 -1.365914
v 1.071541 -0.395579 -1.267405
v 0.938020 -0.412624 -1.365914
v 0.985439 -0.483432 -1.334606
v 1.071541 -0.395579 -1.267405
v 1.092865 -0.467576 -1.210820
v 0.985439 -0.483432 -1.334606
v 1.012382 -0.549686 -1.273605
v 1.092865 -0.467576 -1.210820
v 1.082504 -0.527283 -1.138804
v 1.012382 -0.549686 -1.273605
v 1.012708 -0.598463 -1.193193
v 1.082504 -0.527283 -1.138804
v 1.043787 -0.564353 -1.065232
v 1.012708 -0.598463 -1.193193
v 0.987568 -0.621644 -1.108953
v 1.043787 -0.564353 -1.065232
v 0.982779 -0.575826 -0.998612
v 0.987568 -0.621644 -1.108953
v 0.941300 -0.618037 -1.030750
v 0.982779 -0.575826 -0.998612
v 0.905517 -0.558761 -0.947450
v 0.941300 -0.618037 -1.030750
v 0.878234 -0.586455 -0.968442
v 0.905517 -0.558761 -0.947450
v 0.826040 -0.515066 -0.922284
v 0.878234 -0.586455 -0.968442
v 0.809654 -0.531621 -0.934723
v 0.826040 -0.515066 -0.922284
v 0.758988 -0.453947 -0.926544
v 0.809654 -0.531621 -0.934723
v 0.748359 -0.464616 -0.934462
v 0.758988 -0.453947 -0.926544
v 0.711315 -0.383394 -0.958047
v 0.748359 -0.464616 -0.934462
v 0.700934 -0.393802 -0.965770
v 0.711315 -0.383394 -0.958047
v 0.689984 -0.311398 -1.014626
v 0.673990 -0.327554 -1.026771
v 0.673990 -0.327554 -1.026771
v 0.673664 -0.278777 -1.107183
v 0.639403 -0.356327 -1.040033
v 0.629649 -0.315422 -1.124123
v 0.673664 -0.278777 -1.107183
v 0.698804 -0.255597 -1.191423
v 0.629649 -0.315422 -1.124123
v 0.642624 -0.302401 -1.213113
v 0.698804 -0.255597 -1.191423
v 0.745073 -0.259203 -1.269626
v 0.642624 -0.302401 -1.213113
v 0.675539 -0.317166 -1.296530
v 0.745073 -0.259203 -1.269626
v 0.808138 -0.290785 -1.331934
v 0.675539 -0.317166 -1.296530
v 0.725603 -0.359607 -1.363914
v 0.808138 -0.290785 -1.331934
v 0.876718 -0.345619 -1.365652
v 0.725603 -0.359607 -1.363914
v 0.784043 -0.422914 -1.401585
v 0.876718 -0.345619 -1.365652
v 0.938020 -0.412624 -1.365914
v 0.784043 -0.422914 -1.401585
v 0.839792 -0.494552 -1.404009
v 0.985439 -0.483432 -1.334606
v 0.839792 -0.494552 -1.404009
v 0.886622 -0.565849 -1.372924
v 0.985439 -0.483432 -1.334606
v 1.012382 -0.549686 -1.273605
v 0.886622 -0.565849 -1.372924
v 0.918309 -0.628138 -1.310074
v 1.012382 -0.549686 -1.273605
v 1.012708 -0.598463 -1.193193
v 0.918309 -0.628138 -1.310074
v 0.928057 -0.669042 -1.225977
v 1.012708 -0.598463 -1.193193
v 0.987568 -0.621644 -1.108953
v 0.928057 -0.669042 -1.225977
v 0.915082 -0.682063 -1.136987
v 0.987568 -0.621644 -1.108953
v 0.941300 -0.618037 -1.030750
v 0.915082 -0.682063 -1.136987
v 0.882174 -0.667298 -1.053570
v 0.941300 -0.618037 -1.030750
v 0.878234 -0.586455 -0.968442
v 0.882174 -0.667298 -1.053570
v 0.832109 -0.624858 -0.986193
v 0.878234 -0.586455 -0.968442
v 0.809654 -0.531621 -0.934723
v 0.832109 -0.624858 -0.986193
v 0.773669 -0.561557 -0.948515
v 0.809654 -0.531621 -0.934723
v 0.748359 -0.464616 -0.934462
v 0.773669 -0.561557 -0.948515
v 0.717920 -0.489913 -0.946091
v 0.748359 -0.464616 -0.934462
v 0.700934 -0.393802 -0.965770
v 0.717920 -0.489913 -0.946091
v 0.671083 -0.418615 -0.977177
v 0.700934 -0.393802 -0.965770
v 0.673990 -0.327554 -1.026771
v 0.639403 -0.356327 -1.040033
v 0.639403 -0.356327 -1.040033
v 0.629649 -0.315422 -1.124123
v 0.590201 -0.391417 -1.047501
v 0.572169 -0.356438 -1.132871
v 0.629649 -0.315422 -1.124123
v 0.642624 -0.302401 -1.213113
v 0.572169 -0.356438 -1.132871
v 0.574227 -0.351224 -1.223547
v 0.642624 -0.302401 -1.213113
v 0.675539 -0.317166 -1.296530
v 0.574227 -0.351224 -1.223547
v 0.594990 -0.374672 -1.308839
v 0.675539 -0.317166 -1.296530
v 0.725603 -0.359607 -1.363914
v 0.594990 -0.374672 -1.308839
v 0.633066 -0.425678 -1.378072
v 0.725603 -0.359607 -1.363914
v 0.784043 -0.422914 -1.401585
v 0.633066 -0.425678 -1.378072
v 0.681994 -0.495780 -1.417206
v 0.784043 -0.422914 -1.401585
v 0.839792 -0.494552 -1.404009
v 0.681994 -0.495780 -1.417206
v 0.732333 -0.571285 -1.420466
v 0.886622 -0.565849 -1.372924
v 0.732333 -0.571285 -1.420466
v 0.778229 -0.643249 -1.389525
v 0.886622 -0.565849 -1.372924
v 0.918309 -0.628138 -1.310074
v 0.778229 -0.643249 -1.389525
v 0.813855 -0.702721 -1.326061
v 0.918309 -0.628138 -1.310074
v 0.928057 -0.669042 -1.225977
v 0.813855 -0.702721 -1.326061
v 0.831887 -0.737701 -1.240684
v 0.928057 -0.669042 -1.225977
v 0.915082 -0.682063 -1.136987
v 0.831887 -0.737701 -1.240684
v 0.829829 -0.742914 -1.150015
v 0.915082 -0.682063 -1.136987
v 0.882174 -0.667298 -1.053570
v 0.829829 -0.742914 -1.150015
v 0.809066 -0.719466 -1.064723
v 0.882174 -0.667298 -1.053570
v 0.832109 -0.624858 -0.986193
v 0.809066 -0.719466 -1.064723
v 0.770990 -0.668461 -0.995489
v 0.832109 -0.624858 -0.986193
v 0.773669 -0.561557 -0.948515
v 0.770990 -0.668461 -0.995489
v 0.722062 -0.598359 -0.956348
v 0.773669 -0.561557 -0.948515
v 0.717920 -0.489913 -0.946091
v 0.722062 -0.598359 -0.956348
v 0.671723 -0.522854 -0.953088
v 0.717920 -0.489913 -0.946091
v 0.671083 -0.418615 -0.977177
v 0.671723 -0.522854 -0.953088
v 0.625827 -0.450890 -0.984037
v 0.671083 -0.418615 -0.977177
v 0.639403 -0.356327 -1.040033
v 0.590201 -0.391417 -1.047501
v 0.590201 -0.391417 -1.047501
v 0.572169 -0.356438 -1.132871
v 0.531924 -0.427311 -1.046162
v 0.506131 -0.397108 -1.131369
v 0.572169 -0.356438 -1.132871
v 0.574227 -0.351224 -1.223547
v 0.506131 -0.397108 -1.131369
v 0.497729 -0.398342 -1.221809
v 0.574227 -0.351224 -1.223547
v 0.594990 -0.374672 -1.308839
v 0.497729 -0.398342 -1.221809
v 0.506680 -0.429069 -1.306846
v 0.594990 -0.374672 -1.308839
v 0.633066 -0.425678 -1.378072
v 0.506680 -0.429069 -1.306846
v 0.532950 -0.487358 -1.375811
v 0.681994 -0.495780 -1.417206
v 0.532950 -0.487358 -1.375811
v 0.572333 -0.563340 -1.414743
v 0.681994 -0.495780 -1.417206
v 0.732333 -0.571285 -1.420466
v 0.572333 -0.563340 -1.414743
v 0.617027 -0.642321 -1.417873
v 0.732333 -0.571285 -1.420466
v 0.778229 -0.643249 -1.389525
v 0.617027 -0.642321 -1.417873
v 0.661616 -0.715096 -1.386899
v 0.778229 -0.643249 -1.389525
v 0.813855 -0.702721 -1.326061
v 0.661616 -0.715096 -1.386899
v 0.700685 -0.772445 -1.323506
v 0.813855 -0.702721 -1.326061
v 0.831887 -0.737701 -1.240684
v 0.700685 -0.772445 -1.323506
v 0.726472 -0.802642 -1.238305
v 0.831887 -0.737701 -1.240684
v 0.829829 -0.742914 -1.150015
v 0.726472 -0.802642 -1.238305
v 0.734874 -0.801407 -1.147859
v 0.829829 -0.742914 -1.150015
v 0.809066 -0.719466 -1.064723
v 0.734874 -0.801407 -1.147859
v 0.725924 -0.770681 -1.062828
v 0.809066 -0.719466 -1.064723
v 0.770990 -0.668461 -0.995489
v 0.725924 -0.770681 -1.062828
v 0.699653 -0.712397 -0.993856
v 0.770990 -0.668461 -0.995489
v 0.722062 -0.598359 -0.956348
v 0.699653 -0.712397 -0.993856
v 0.660271 -0.636409 -0.954931
v 0.722062 -0.598359 -0.956348
v 0.671723 -0.522854 -0.953088
v 0.660271 -0.636409 -0.954931
v 0.615576 -0.557428 -0.951795
v 0.671723 -0.522854 -0.953088
v 0.625827 -0.450890 -0.984037
v 0.615576 -0.557428 -0.951795
v 0.570987 -0.484653 -0.982769
v 0.625827 -0.450890 -0.984037
v 0.590201 -0.391417 -1.047501
v 0.531924 -0.427311 -1.046162
v 0.531924 -0.427311 -1.046162
v 0.506131 -0.397108 -1.131369
v 0.470152 -0.459553 -1.035205
v 0.436545 -0.433439 -1.119021
v 0.506131 -0.397108 -1.131369
v 0.497729 -0.398342 -1.221809
v 0.436545 -0.433439 -1.119021
v 0.417356 -0.440299 -1.207553
v 0.497729 -0.398342 -1.221809
v 0.506680 -0.429069 -1.306846
v 0.417356 -0.440299 -1.207553
v 0.413966 -0.477473 -1.290395
v 0.506680 -0.429069 -1.306846
v 0.532950 -0.487358 -1.375811
v 0.413966 -0.477473 -1.290395
v 0.427738 -0.542284 -1.357152
v 0.532950 -0.487358 -1.375811
v 0.572333 -0.563340 -1.414743
v 0.427738 -0.542284 -1.357152
v 0.456857 -0.623630 -1.394255
v 0.572333 -0.563340 -1.414743
v 0.617027 -0.642321 -1.417873
v 0.456857 -0.623630 -1.394255
v 0.495292 -0.705884 -1.396274
v 0.617027 -0.642321 -1.417873
v 0.661616 -0.715096 -1.386899
v 0.495292 -0.705884 -1.396274
v 0.538118 -0.779572 -1.364986
v 0.661616 -0.715096 -1.386899
v 0.700685 -0.772445 -1.323506
v 0.538118 -0.779572 -1.364986
v 0.580401 -0.835236 -1.302168
v 0.700685 -0.772445 -1.323506
v 0.726472 -0.802642 -1.238305
v 0.580401 -0.835236 -1.302168
v 0.614008 -0.861356 -1.218346
v 0.726472 -0.802642 -1.238305
v 0.734874 -0.801407 -1.147859
v 0.614008 -0.861356 -1.218346
v 0.633197 -0.854490 -1.129814
v 0.734874 -0.801407 -1.147859
v 0.725924 -0.770681 -1.062828
v 0.633197 -0.854490 -1.129814
v 0.636587 -0.817315 -1.046972
v 0.725924 -0.770681 -1.062828
v 0.699653 -0.712397 -0.993856
v 0.622815 -0.752505 -0.980221
v 0.699653 -0.712397 -0.993856
v 0.660271 -0.636409 -0.954931
v 0.622815 -0.752505 -0.980221
v 0.593696 -0.671166 -0.943112
v 0.660271 -0.636409 -0.954931
v 0.615576 -0.557428 -0.951795
v 0.593696 -0.671166 -0.943112
v 0.555261 -0.588912 -0.941093
v 0.570987 -0.484653 -0.982769
v 0.555261 -0.588912 -0.941093
v 0.512435 -0.515223 -0.972381
v 0.570987 -0.484653 -0.982769
v 0.531924 -0.427311 -1.046162
v 0.512435 -0.515223 -0.972381
v 0.470152 -0.459553 -1.035205
v 0.470152 -0.459553 -1.035205
v 0.436545 -0.433439 -1.119021
v 0.410183 -0.484771 -1.015239
v 0.368226 -0.462166 -1.096272
v 0.436545 -0.433439 -1.119021
v 0.417356 -0.440299 -1.207553
v 0.368226 -0.462166 -1.096272
v 0.337298 -0.473965 -1.180891
v 0.417356 -0.440299 -1.207553
v 0.413966 -0.477473 -1.290395
v 0.337298 -0.473965 -1.180891
v 0.320318 -0.516850 -1.259199
v 0.413966 -0.477473 -1.290395
v 0.427738 -0.542284 -1.357152
v 0.320318 -0.516850 -1.259199
v 0.320181 -0.587501 -1.321311
v 0.427738 -0.542284 -1.357152
v 0.456857 -0.623630 -1.394255
v 0.320181 -0.587501 -1.321311
v 0.337716 -0.673707 -1.354552
v 0.456857 -0.623630 -1.394255
v 0.495292 -0.705884 -1.396274
v 0.337716 -0.673707 -1.354552
v 0.368925 -0.758999 -1.354160
v 0.495292 -0.705884 -1.396274
v 0.538118 -0.779572 -1.364986
v 0.368925 -0.758999 -1.354160
v 0.409438 -0.833655 -1.322101
v 0.538118 -0.779572 -1.364986
v 0.580401 -0.835236 -1.302168
v 0.409438 -0.833655 -1.322101
v 0.454916 -0.887979 -1.260342
v 0.580401 -0.835236 -1.302168
v 0.614008 -0.861356 -1.218346
v 0.496873 -0.910591 -1.179303
v 0.614008 -0.861356 -1.218346
v 0.633197 -0.854490 -1.129814
v 0.496873 -0.910591 -1.179303
v 0.527795 -0.898792 -1.094691
v 0.633197 -0.854490 -1.129814
v 0.636587 -0.817315 -1.046972
v 0.527795 -0.898792 -1.094691
v 0.544782 -0.855907 -1.016383
v 0.636587 -0.817315 -1.046972
v 0.622815 -0.752505 -0.980221
v 0.544782 -0.855907 -1.016383
v 0.544919 -0.785250 -0.954271
v 0.622815 -0.752505 -0.980221
v 0.593696 -0.671166 -0.943112
v 0.544919 -0.785250 -0.954271
v 0.527377 -0.699043 -0.921023
v 0.593696 -0.671166 -0.943112
v 0.555261 -0.588912 -0.941093
v 0.527377 -0.699043 -0.921023
v 0.496174 -0.613758 -0.921422
v 0.555261 -0.588912 -0.941093
v 0.512435 -0.515223 -0.972381
v 0.496174 -0.613758 -0.921422
v 0.455655 -0.539095 -0.953480
v 0.470152 -0.459553 -1.035205
v 0.455655 -0.539095 -0.953480
v 0.410183 -0.484771 -1.015239
v 0.410183 -0.484771 -1.015239
v 0.368226 -0.462166 -1.096272
v 0.356408 -0.500882 -0.987924
v 0.305357 -0.480995 -1.064337
v 0.368226 -0.462166 -1.096272
v 0.337298 -0.473965 -1.180891
v 0.305357 -0.480995 -1.064337
v 0.261433 -0.496675 -1.142338
v 0.337298 -0.473965 -1.180891
v 0.320318 -0.516850 -1.259199
v 0.261433 -0.496675 -1.142338
v 0.229263 -0.544100 -1.212917
v 0.320318 -0.516850 -1.259199
v 0.320181 -0.587501 -1.321311
v 0.229263 -0.544100 -1.212917
v 0.213459 -0.619435 -1.267052
v 0.320181 -0.587501 -1.321311
v 0.337716 -0.673707 -1.354552
v 0.213459 -0.619435 -1.267052
v 0.217830 -0.709581 -1.293590
v 0.337716 -0.673707 -1.354552
v 0.368925 -0.758999 -1.354160
v 0.217830 -0.709581 -1.293590
v 0.240657 -0.797369 -1.288932
v 0.368925 -0.758999 -1.354160
v 0.409438 -0.833655 -1.322101
v 0.240657 -0.797369 -1.288932
v 0.278283 -0.872894 -1.255396
v 0.409438 -0.833655 -1.322101
v 0.454916 -0.887979 -1.260342
v 0.278283 -0.872894 -1.255396
v 0.327021 -0.926245 -1.195303
v 0.454916 -0.887979 -1.260342
v 0.496873 -0.910591 -1.179303
v 0.378072 -0.946132 -1.118896
v 0.496873 -0.910591 -1.179303
v 0.527795 -0.898792 -1.094691
v 0.378072 -0.946132 -1.118896
v 0.421995 -0.930446 -1.040889
v 0.527795 -0.898792 -1.094691
v 0.544782 -0.855907 -1.016383
v 0.421995 -0.930446 -1.040889
v 0.454172 -0.883020 -0.970310
v 0.544782 -0.855907 -1.016383
v 0.544919 -0.785250 -0.954271
v 0.454172 -0.883020 -0.970310
v 0.469976 -0.807685 -0.916175
v 0.544919 -0.785250 -0.954271
v 0.527377 -0.699043 -0.921023
v 0.469976 -0.807685 -0.916175
v 0.465605 -0.717546 -0.889637
v 0.527377 -0.699043 -0.921023
v 0.496174 -0.613758 -0.921422
v 0.465605 -0.717546 -0.889637
v 0.442771 -0.629751 -0.894295
v 0.496174 -0.613758 -0.921422
v 0.455655 -0.539095 -0.953480
v 0.442771 -0.629751 -0.894295
v 0.405152 -0.554226 -0.927831
v 0.410183 -0.484771 -1.015239
v 0.405152 -0.554226 -0.927831
v 0.356408 -0.500882 -0.987924
v 0.356408 -0.500882 -0.987924
v 0.305357 -0.480995 -1.064337
v 0.311132 -0.507337 -0.955055
v 0.250523 -0.488802 -1.024517
v 0.305357 -0.480995 -1.064337
v 0.261433 -0.496675 -1.142338
v 0.250523 -0.488802 -1.024517
v 0.192775 -0.506449 -1.092469
v 0.261433 -0.496675 -1.142338
v 0.229263 -0.544100 -1.212917
v 0.192775 -0.506449 -1.092469
v 0.144337 -0.556180 -1.151230
v 0.229263 -0.544100 -1.212917
v 0.213459 -0.619435 -1.267052
v 0.144337 -0.556180 -1.151230
v 0.111651 -0.633913 -1.193095
v 0.213459 -0.619435 -1.267052
v 0.217830 -0.709581 -1.293590
v 0.111651 -0.633913 -1.193095
v 0.101734 -0.726084 -1.209245
v 0.217830 -0.709581 -1.293590
v 0.240657 -0.797369 -1.288932
v 0.101734 -0.726084 -1.209245
v 0.115356 -0.815179 -1.197897
v 0.240657 -0.797369 -1.288932
v 0.278283 -0.872894 -1.255396
v 0.115356 -0.815179 -1.197897
v 0.149623 -0.891181 -1.161918
v 0.278283 -0.872894 -1.255396
v 0.327021 -0.926245 -1.195303
v 0.149623 -0.891181 -1.161918
v 0.201621 -0.944061 -1.104184
v 0.327021 -0.926245 -1.195303
v 0.378072 -0.946132 -1.118896
v 0.262230 -0.962596 -1.034728
v 0.378072 -0.946132 -1.118896
v 0.421995 -0.930446 -1.040889
v 0.262230 -0.962596 -1.034728
v 0.319978 -0.944949 -0.966769
v 0.421995 -0.930446 -1.040889
v 0.454172 -0.883020 -0.970310
v 0.319978 -0.944949 -0.966769
v 0.368416 -0.895212 -0.908015
v 0.454172 -0.883020 -0.970310
v 0.469976 -0.807685 -0.916175
v 0.368416 -0.895212 -0.908015
v 0.401102 -0.817485 -0.866150
v 0.469976 -0.807685 -0.916175
v 0.465605 -0.717546 -0.889637
v 0.401102 -0.817485 -0.866150
v 0.411019 -0.725314 -0.850000
v 0.465605 -0.717546 -0.889637
v 0.442771 -0.629751 -0.894295
v 0.411019 -0.725314 -0.850000
v 0.397391 -0.636219 -0.861348
v 0.442771 -0.629751 -0.894295
v 0.405152 -0.554226 -0.927831
v 0.397391 -0.636219 -0.861348
v 0.363130 -0.560217 -0.897327
v 0.356408 -0.500882 -0.987924
v 0.363130 -0.560217 -0.897327
v 0.311132 -0.507337 -0.955055
v 0.311132 -0.507337 -0.955055
v 0.250523 -0.488802 -1.024517
v 0.264125 -0.504279 -0.907355
v 0.196055 -0.485320 -0.969356
v 0.250523 -0.488802 -1.024517
v 0.192775 -0.506449 -1.092469
v 0.196055 -0.485320 -0.969356
v 0.127906 -0.502398 -1.026928
v 0.192775 -0.506449 -1.092469
v 0.144337 -0.556180 -1.151230
v 0.127906 -0.502398 -1.026928
v 0.067473 -0.551482 -1.073732
v 0.144337 -0.556180 -1.151230
v 0.111651 -0.633913 -1.193095
v 0.067473 -0.551482 -1.073732
v 0.022563 -0.628562 -1.103432
v 0.111651 -0.633913 -1.193095
v 0.101734 -0.726084 -1.209245
v 0.022563 -0.628562 -1.103432
v 0.002526 -0.720204 -1.109534
v 0.101734 -0.726084 -1.209245
v 0.115356 -0.815179 -1.197897
v 0.002526 -0.720204 -1.109534
v 0.009889 -0.808985 -1.091980
v 0.115356 -0.815179 -1.197897
v 0.149623 -0.891181 -1.161918
v 0.009889 -0.808985 -1.091980
v 0.042248 -0.884908 -1.054145
v 0.149623 -0.891181 -1.161918
v 0.201621 -0.944061 -1.104184
v 0.042248 -0.884908 -1.054145
v 0.097186 -0.937978 -0.999383
v 0.201621 -0.944061 -1.104184
v 0.262230 -0.962596 -1.034728
v 0.097186 -0.937978 -0.999383
v 0.165257 -0.956931 -0.937382
v 0.262230 -0.962596 -1.034728
v 0.319978 -0.944949 -0.966769
v 0.165257 -0.956931 -0.937382
v 0.233405 -0.939860 -0.879811
v 0.319978 -0.944949 -0.966769
v 0.368416 -0.895212 -0.908015
v 0.233405 -0.939860 -0.879811
v 0.293838 -0.890776 -0.833007
v 0.368416 -0.895212 -0.908015
v 0.401102 -0.817485 -0.866150
v 0.293838 -0.890776 -0.833007
v 0.338748 -0.813696 -0.803300
v 0.401102 -0.817485 -0.866150
v 0.411019 -0.725314 -0.850000
v 0.338748 -0.813696 -0.803300
v 0.358786 -0.722053 -0.797204
v 0.411019 -0.725314 -0.850000
v 0.397391 -0.636219 -0.861348
v 0.358786 -0.722053 -0.797204
v 0.351423 -0.633273 -0.814753
v 0.397391 -0.636219 -0.861348
v 0.363130 -0.560217 -0.897327
v 0.351423 -0.633273 -0.814753
v 0.319063 -0.557349 -0.852593
v 0.363130 -0.560217 -0.897327
v 0.311132 -0.507337 -0.955055
v 0.264125 -0.504279 -0.907355
v 0.264125 -0.504279 -0.907355
v 0.196055 -0.485320 -0.969356
v 0.218869 -0.494689 -0.849582
v 0.145376 -0.474579 -0.904644
v 0.196055 -0.485320 -0.969356
v 0.127906 -0.502398 -1.026928
v 0.145376 -0.474579 -0.904644
v 0.070394 -0.490194 -0.953480
v 0.127906 -0.502398 -1.026928
v 0.067473 -0.551482 -1.073732
v 0.070394 -0.490194 -0.953480
v 0.002585 -0.537704 -0.990851
v 0.067473 -0.551482 -1.073732
v 0.022563 -0.628562 -1.103432
v 0.002585 -0.537704 -0.990851
v -0.049388 -0.613281 -1.011529
v 0.022563 -0.628562 -1.103432
v 0.002526 -0.720204 -1.109534
v -0.049388 -0.613281 -1.011529
v -0.074802 -0.703773 -1.010745
v 0.002526 -0.720204 -1.109534
v 0.009889 -0.808985 -1.091980
v -0.074802 -0.703773 -1.010745
v -0.070229 -0.791966 -0.989636
v 0.009889 -0.808985 -1.091980
v 0.042248 -0.884908 -1.054145
v -0.037896 -0.867889 -0.951769
v 0.042248 -0.884908 -1.054145
v 0.097186 -0.937978 -0.999383
v -0.037896 -0.867889 -0.951769
v 0.019943 -0.921580 -0.900724
v 0.097186 -0.937978 -0.999383
v 0.165257 -0.956931 -0.937382
v 0.019943 -0.921580 -0.900724
v 0.093436 -0.941689 -0.845662
v 0.165257 -0.956931 -0.937382
v 0.233405 -0.939860 -0.879811
v 0.093436 -0.941689 -0.845662
v 0.168419 -0.926075 -0.796825
v 0.233405 -0.939860 -0.879811
v 0.293838 -0.890776 -0.833007
v 0.168419 -0.926075 -0.796825
v 0.236228 -0.878565 -0.759455
v 0.293838 -0.890776 -0.833007
v 0.338748 -0.813696 -0.803300
v 0.236228 -0.878565 -0.759455
v 0.288200 -0.802988 -0.738784
v 0.358786 -0.722053 -0.797204
v 0.288200 -0.802988 -0.738784
v 0.313615 -0.712489 -0.739561
v 0.358786 -0.722053 -0.797204
v 0.351423 -0.633273 -0.814753
v 0.313615 -0.712489 -0.739561
v 0.309041 -0.624302 -0.760670
v 0.351423 -0.633273 -0.814753
v 0.319063 -0.557349 -0.852593
v 0.309041 -0.624302 -0.760670
v 0.276708 -0.548379 -0.798544
v 0.319063 -0.557349 -0.852593
v 0.264125 -0.504279 -0.907355
v 0.276708 -0.548379 -0.798544
v 0.218869 -0.494689 -0.849582
v 0.218869 -0.494689 -0.849582
v 0.145376 -0.474579 -0.904644
v 0.183628 -0.481263 -0.791925
v 0.105386 -0.459324 -0.839194
v 0.145376 -0.474579 -0.904644
v 0.070394 -0.490194 -0.953480
v 0.105386 -0.459324 -0.839194
v 0.024667 -0.472743 -0.878629
v 0.070394 -0.490194 -0.953480
v 0.002585 -0.537704 -0.990851
v 0.024667 -0.472743 -0.878629
v -0.049153 -0.517960 -0.906160
v 0.002585 -0.537704 -0.990851
v -0.049388 -0.613281 -1.011529
v -0.049153 -0.517960 -0.906160
v -0.106678 -0.591414 -0.917730
v -0.049388 -0.613281 -1.011529
v -0.074802 -0.703773 -1.010745
v -0.136124 -0.680371 -0.910354
v -0.074802 -0.703773 -1.010745
v -0.070229 -0.791966 -0.989636
v -0.136124 -0.680371 -0.910354
v -0.133380 -0.767865 -0.886253
v -0.070229 -0.791966 -0.989636
v -0.037896 -0.867889 -0.951769
v -0.133380 -0.767865 -0.886253
v -0.100602 -0.843964 -0.849131
v -0.037896 -0.867889 -0.951769
v 0.019943 -0.921580 -0.900724
v -0.100602 -0.843964 -0.849131
v -0.039941 -0.898733 -0.802712
v 0.019943 -0.921580 -0.900724
v 0.093436 -0.941689 -0.845662
v -0.039941 -0.898733 -0.802712
v 0.038309 -0.920665 -0.755444
v 0.093436 -0.941689 -0.845662
v 0.168419 -0.926075 -0.796825
v 0.038309 -0.920665 -0.755444
v 0.119027 -0.907246 -0.716009
v 0.236228 -0.878565 -0.759455
v 0.119027 -0.907246 -0.716009
v 0.192840 -0.862029 -0.688477
v 0.236228 -0.878565 -0.759455
v 0.288200 -0.802988 -0.738784
v 0.192840 -0.862029 -0.688477
v 0.250372 -0.788582 -0.676907
v 0.288200 -0.802988 -0.738784
v 0.313615 -0.712489 -0.739561
v 0.250372 -0.788582 -0.676907
v 0.279818 -0.699618 -0.684283
v 0.313615 -0.712489 -0.739561
v 0.309041 -0.624302 -0.760670
v 0.279818 -0.699618 -0.684283
v 0.277074 -0.612124 -0.708384
v 0.309041 -0.624302 -0.760670
v 0.276708 -0.548379 -0.798544
v 0.277074 -0.612124 -0.708384
v 0.244290 -0.536031 -0.745506
v 0.276708 -0.548379 -0.798544
v 0.218869 -0.494689 -0.849582
v 0.244290 -0.536031 -0.745506
v 0.183628 -0.481263 -0.791925
v 0.183628 -0.481263 -0.791925
v 0.105386 -0.459324 -0.839194
v 0.156548 -0.464897 -0.732858
v 0.074490 -0.440652 -0.771803
v 0.105386 -0.459324 -0.839194
v 0.024667 -0.472743 -0.878629
v 0.074490 -0.440652 -0.771803
v -0.010593 -0.451432 -0.801712
v 0.024667 -0.472743 -0.878629
v -0.049153 -0.517960 -0.906160
v -0.088790 -0.494003 -0.819685
v -0.049153 -0.517960 -0.906160
v -0.106678 -0.591414 -0.917730
v -0.088790 -0.494003 -0.819685
v -0.150190 -0.565111 -0.822815
v -0.106678 -0.591414 -0.917730
v -0.136124 -0.680371 -0.910354
v -0.150190 -0.565111 -0.822815
v -0.182229 -0.652507 -0.809794
v -0.136124 -0.680371 -0.910354
v -0.133380 -0.767865 -0.886253
v -0.182229 -0.652507 -0.809794
v -0.180387 -0.739458 -0.783739
v -0.133380 -0.767865 -0.886253
v -0.100602 -0.843964 -0.849131
v -0.180387 -0.739458 -0.783739
v -0.146806 -0.816048 -0.748374
v -0.100602 -0.843964 -0.849131
v -0.039941 -0.898733 -0.802712
v -0.146806 -0.816048 -0.748374
v -0.083635 -0.872338 -0.707430
v -0.039941 -0.898733 -0.802712
v 0.038309 -0.920665 -0.755444
v -0.083635 -0.872338 -0.707430
v -0.001577 -0.896577 -0.668492
v 0.119027 -0.907246 -0.716009
v -0.001577 -0.896577 -0.668492
v 0.083506 -0.885797 -0.638583
v 0.119027 -0.907246 -0.716009
v 0.192840 -0.862029 -0.688477
v 0.083506 -0.885797 -0.638583
v 0.161703 -0.843233 -0.620610
v 0.192840 -0.862029 -0.688477
v 0.250372 -0.788582 -0.676907
v 0.161703 -0.843233 -0.620610
v 0.223102 -0.772124 -0.617480
v 0.250372 -0.788582 -0.676907
v 0.279818 -0.699618 -0.684283
v 0.223102 -0.772124 -0.617480
v 0.255142 -0.684729 -0.630501
v 0.279818 -0.699618 -0.684283
v 0.277074 -0.612124 -0.708384
v 0.255142 -0.684729 -0.630501
v 0.253293 -0.597771 -0.656556
v 0.277074 -0.612124 -0.708384
v 0.244290 -0.536031 -0.745506
v 0.253293 -0.597771 -0.656556
v 0.219712 -0.521188 -0.691920
v 0.244290 -0.536031 -0.745506
v 0.183628 -0.481263 -0.791925
v 0.219712 -0.521188 -0.691920
v 0.156548 -0.464897 -0.732858
v 0.156548 -0.464897 -0.732858
v 0.074490 -0.440652 -0.771803
v 0.136491 -0.446473 -0.671040
v 0.051663 -0.419680 -0.701439
v 0.074490 -0.440652 -0.771803
v -0.010593 -0.451432 -0.801712
v -0.036386 -0.427729 -0.722202
v -0.010593 -0.451432 -0.801712
v -0.088790 -0.494003 -0.819685
v -0.036386 -0.427729 -0.722202
v -0.117393 -0.467713 -0.731512
v -0.088790 -0.494003 -0.819685
v -0.150190 -0.565111 -0.822815
v -0.117393 -0.467713 -0.731512
v -0.181105 -0.536711 -0.727540
v -0.150190 -0.565111 -0.822815
v -0.182229 -0.652507 -0.809794
v -0.181105 -0.536711 -0.727540
v -0.214484 -0.622878 -0.710410
v -0.182229 -0.652507 -0.809794
v -0.180387 -0.739458 -0.783739
v -0.214484 -0.622878 -0.710410
v -0.212805 -0.709686 -0.683858
v -0.180387 -0.739458 -0.783739
v -0.146806 -0.816048 -0.748374
v -0.212805 -0.709686 -0.683858
v -0.178263 -0.787151 -0.651460
v -0.146806 -0.816048 -0.748374
v -0.083635 -0.872338 -0.707430
v -0.178263 -0.787151 -0.651460
v -0.113068 -0.845317 -0.616794
v -0.001577 -0.896577 -0.668492
v -0.113068 -0.845317 -0.616794
v -0.028239 -0.872110 -0.586395
v -0.001577 -0.896577 -0.668492
v 0.083506 -0.885797 -0.638583
v -0.028239 -0.872110 -0.586395
v 0.059810 -0.864054 -0.565625
v 0.083506 -0.885797 -0.638583
v 0.161703 -0.843233 -0.620610
v 0.059810 -0.864054 -0.565625
v 0.140816 -0.824071 -0.556316
v 0.161703 -0.843233 -0.620610
v 0.223102 -0.772124 -0.617480
v 0.140816 -0.824071 -0.556316
v 0.204528 -0.755079 -0.560294
v 0.223102 -0.772124 -0.617480
v 0.255142 -0.684729 -0.630501
v 0.204528 -0.755079 -0.560294
v 0.237907 -0.668912 -0.577418
v 0.255142 -0.684729 -0.630501
v 0.253293 -0.597771 -0.656556
v 0.237907 -0.668912 -0.577418
v 0.236228 -0.582104 -0.603976
v 0.253293 -0.597771 -0.656556
v 0.219712 -0.521188 -0.691920
v 0.236228 -0.582104 -0.603976
v 0.201686 -0.504632 -0.636374
v 0.219712 -0.521188 -0.691920
v 0.156548 -0.464897 -0.732858
v 0.201686 -0.504632 -0.636374
v 0.136491 -0.446473 -0.671040
v 0.136491 -0.446473 -0.671040
v 0.051663 -0.419680 -0.701439
v 0.122849 -0.427089 -0.605439
v 0.036251 -0.397774 -0.627300
v 0.051663 -0.419680 -0.701439
v -0.036386 -0.427729 -0.722202
v -0.053549 -0.403340 -0.639680
v -0.036386 -0.427729 -0.722202
v -0.117393 -0.467713 -0.731512
v -0.053549 -0.403340 -0.639680
v -0.136078 -0.441168 -0.641706
v -0.117393 -0.467713 -0.731512
v -0.181105 -0.536711 -0.727540
v -0.136078 -0.441168 -0.641706
v -0.200881 -0.508611 -0.632494
v -0.181105 -0.536711 -0.727540
v -0.214484 -0.622878 -0.710410
v -0.200881 -0.508611 -0.632494
v -0.234698 -0.594164 -0.613279
v -0.214484 -0.622878 -0.710410
v -0.212805 -0.709686 -0.683858
v -0.234698 -0.594164 -0.613279
v -0.232757 -0.681358 -0.588035
v -0.212805 -0.709686 -0.683858
v -0.178263 -0.787151 -0.651460
v -0.232757 -0.681358 -0.588035
v -0.197321 -0.760116 -0.559994
v -0.178263 -0.787151 -0.651460
v -0.113068 -0.845317 -0.616794
v -0.197321 -0.760116 -0.559994
v -0.130655 -0.820366 -0.532384
v -0.028239 -0.872110 -0.586395
v -0.130655 -0.820366 -0.532384
v -0.044057 -0.849681 -0.510517
v -0.028239 -0.872110 -0.586395
v 0.059810 -0.864054 -0.565625
v -0.044057 -0.849681 -0.510517
v 0.045737 -0.844108 -0.498143
v 0.059810 -0.864054 -0.565625
v 0.140816 -0.824071 -0.556316
v 0.045737 -0.844108 -0.498143
v 0.128272 -0.806280 -0.496118
v 0.140816 -0.824071 -0.556316
v 0.204528 -0.755079 -0.560294
v 0.128272 -0.806280 -0.496118
v 0.193076 -0.738837 -0.505330
v 0.204528 -0.755079 -0.560294
v 0.237907 -0.668912 -0.577418
v 0.193076 -0.738837 -0.505330
v 0.226892 -0.653284 -0.524538
v 0.237907 -0.668912 -0.577418
v 0.236228 -0.582104 -0.603976
v 0.226892 -0.653284 -0.524538
v 0.224945 -0.566091 -0.549789
v 0.236228 -0.582104 -0.603976
v 0.201686 -0.504632 -0.636374
v 0.224945 -0.566091 -0.549789
v 0.189508 -0.487339 -0.577830
v 0.201686 -0.504632 -0.636374
v 0.136491 -0.446473 -0.671040
v 0.189508 -0.487339 -0.577830
v 0.122849 -0.427089 -0.605439
v 0.122849 -0.427089 -0.605439
v 0.036251 -0.397774 -0.627300
v 0.115218 -0.408273 -0.535259
v 0.027705 -0.376691 -0.548698
v 0.036251 -0.397774 -0.627300
v -0.053549 -0.403340 -0.639680
v -0.062898 -0.380284 -0.553696
v -0.053549 -0.403340 -0.639680
v -0.136078 -0.441168 -0.641706
v -0.062898 -0.380284 -0.553696
v -0.146034 -0.416616 -0.550168
v -0.136078 -0.441168 -0.641706
v -0.200881 -0.508611 -0.632494
v -0.146034 -0.416616 -0.550168
v -0.211165 -0.483268 -0.538016
v -0.200881 -0.508611 -0.632494
v -0.234698 -0.594164 -0.613279
v -0.211165 -0.483268 -0.538016
v -0.244955 -0.568920 -0.519167
v -0.234698 -0.594164 -0.613279
v -0.232757 -0.681358 -0.588035
v -0.244955 -0.568920 -0.519167
v -0.242642 -0.657028 -0.497366
v -0.232757 -0.681358 -0.588035
v -0.197321 -0.760116 -0.559994
v -0.242642 -0.657028 -0.497366
v -0.206565 -0.737381 -0.475283
v -0.197321 -0.760116 -0.559994
v -0.130655 -0.820366 -0.532384
v -0.206565 -0.737381 -0.475283
v -0.139044 -0.799754 -0.455572
v -0.044057 -0.849681 -0.510517
v -0.139044 -0.799754 -0.455572
v -0.051531 -0.831329 -0.442133
v -0.044057 -0.849681 -0.510517
v 0.045737 -0.844108 -0.498143
v -0.051531 -0.831329 -0.442133
v 0.039073 -0.827736 -0.437129
v 0.045737 -0.844108 -0.498143
v 0.128272 -0.806280 -0.496118
v 0.039073 -0.827736 -0.437129
v 0.122209 -0.791404 -0.440663
v 0.128272 -0.806280 -0.496118
v 0.193076 -0.738837 -0.505330
v 0.122209 -0.791404 -0.440663
v 0.187339 -0.724752 -0.452809
v 0.193076 -0.738837 -0.505330
v 0.226892 -0.653284 -0.524538
v 0.187339 -0.724752 -0.452809
v 0.221123 -0.639107 -0.471664
v 0.226892 -0.653284 -0.524538
v 0.224945 -0.566091 -0.549789
v 0.221123 -0.639107 -0.471664
v 0.218817 -0.550992 -0.493465
v 0.224945 -0.566091 -0.549789
v 0.189508 -0.487339 -0.577830
v 0.218817 -0.550992 -0.493465
v 0.182733 -0.470640 -0.515548
v 0.189508 -0.487339 -0.577830
v 0.122849 -0.427089 -0.605439
v 0.182733 -0.470640 -0.515548
v 0.115218 -0.408273 -0.535259
v 0.115218 -0.408273 -0.535259
v 0.027705 -0.376691 -0.548698
v 0.113206 -0.392097 -0.459675
v 0.025471 -0.358744 -0.464843
v 0.027705 -0.376691 -0.548698
v -0.062898 -0.380284 -0.553696
v -0.065296 -0.361005 -0.463661
v -0.062898 -0.380284 -0.553696
v -0.146034 -0.416616 -0.550168
v -0.065296 -0.361005 -0.463661
v -0.148530 -0.396585 -0.456631
v -0.146034 -0.416616 -0.550168
v -0.211165 -0.483268 -0.538016
v -0.148530 -0.396585 -0.456631
v -0.213674 -0.463185 -0.444257
v -0.211165 -0.483268 -0.538016
v -0.244955 -0.568920 -0.519167
v -0.213674 -0.463185 -0.444257
v -0.247385 -0.549516 -0.428649
v -0.244955 -0.568920 -0.519167
v -0.242642 -0.657028 -0.497366
v -0.247385 -0.549516 -0.428649
v -0.244922 -0.638904 -0.412805
v -0.242642 -0.657028 -0.497366
v -0.206565 -0.737381 -0.475283
v -0.244922 -0.638904 -0.412805
v -0.208637 -0.720936 -0.398563
v -0.206565 -0.737381 -0.475283
v -0.139044 -0.799754 -0.455572
v -0.208637 -0.720936 -0.398563
v -0.140886 -0.785204 -0.387737
v -0.051531 -0.831329 -0.442133
v -0.140886 -0.785204 -0.387737
v -0.053151 -0.818556 -0.382576
v -0.051531 -0.831329 -0.442133
v 0.039073 -0.827736 -0.437129
v -0.053151 -0.818556 -0.382576
v 0.037616 -0.816289 -0.383758
v 0.039073 -0.827736 -0.437129
v 0.122209 -0.791404 -0.440663
v 0.037616 -0.816289 -0.383758
v 0.120850 -0.780716 -0.390788
v 0.122209 -0.791404 -0.440663
v 0.187339 -0.724752 -0.452809
v 0.120850 -0.780716 -0.390788
v 0.185993 -0.714115 -0.403162
v 0.187339 -0.724752 -0.452809
v 0.221123 -0.639107 -0.471664
v 0.185993 -0.714115 -0.403162
v 0.219705 -0.627778 -0.418770
v 0.221123 -0.639107 -0.471664
v 0.218817 -0.550992 -0.493465
v 0.219705 -0.627778 -0.418770
v 0.217242 -0.538396 -0.434614
v 0.218817 -0.550992 -0.493465
v 0.182733 -0.470640 -0.515548
v 0.217242 -0.538396 -0.434614
v 0.180956 -0.456364 -0.448856
v 0.182733 -0.470640 -0.515548
v 0.115218 -0.408273 -0.535259
v 0.180956 -0.456364 -0.448856
v 0.113206 -0.392097 -0.459675
v 0.113206 -0.392097 -0.459675
v 0.025471 -0.358744 -0.464843
v 0.116329 -0.381408 -0.377748
v 0.028907 -0.346991 -0.374808
v 0.025471 -0.358744 -0.464843
v -0.065296 -0.361005 -0.463661
v -0.061683 -0.348624 -0.368850
v -0.065296 -0.361005 -0.463661
v -0.148530 -0.396585 -0.456631
v -0.061683 -0.348624 -0.368850
v -0.144878 -0.384054 -0.360729
v -0.148530 -0.396585 -0.456631
v -0.213674 -0.463185 -0.444257
v -0.144878 -0.384054 -0.360729
v -0.210146 -0.451027 -0.351301
v -0.213674 -0.463185 -0.444257
v -0.247385 -0.549516 -0.428649
v -0.210146 -0.451027 -0.351301
v -0.244112 -0.538220 -0.342305
v -0.247385 -0.549516 -0.428649
v -0.244922 -0.638904 -0.412805
v -0.244112 -0.538220 -0.342305
v -0.241995 -0.628758 -0.335380
v -0.244922 -0.638904 -0.412805
v -0.208637 -0.720936 -0.398563
v -0.241995 -0.628758 -0.335380
v -0.206102 -0.712097 -0.331185
v -0.208637 -0.720936 -0.398563
v -0.140886 -0.785204 -0.387737
v -0.206102 -0.712097 -0.331185
v -0.138737 -0.777671 -0.330401
v -0.140886 -0.785204 -0.387737
v -0.053151 -0.818556 -0.382576
v -0.138737 -0.777671 -0.330401
v -0.051308 -0.812089 -0.333341
v 0.037616 -0.816289 -0.383758
v -0.051308 -0.812089 -0.333341
v 0.039275 -0.810455 -0.339299
v 0.037616 -0.816289 -0.383758
v 0.120850 -0.780716 -0.390788
v 0.039275 -0.810455 -0.339299
v 0.122477 -0.775025 -0.347420
v 0.120850 -0.780716 -0.390788
v 0.185993 -0.714115 -0.403162
v 0.122477 -0.775025 -0.347420
v 0.187738 -0.708053 -0.356854
v 0.185993 -0.714115 -0.403162
v 0.219705 -0.627778 -0.418770
v 0.187738 -0.708053 -0.356854
v 0.221704 -0.620859 -0.365844
v 0.219705 -0.627778 -0.418770
v 0.217242 -0.538396 -0.434614
v 0.221704 -0.620859 -0.365844
v 0.219588 -0.530321 -0.372776
v 0.217242 -0.538396 -0.434614
v 0.180956 -0.456364 -0.448856
v 0.219588 -0.530321 -0.372776
v 0.183694 -0.446983 -0.376964
v 0.180956 -0.456364 -0.448856
v 0.113206 -0.392097 -0.459675
v 0.183694 -0.446983 -0.376964
v 0.116329 -0.381408 -0.377748
v 0.116329 -0.381408 -0.377748
v 0.028907 -0.346991 -0.374808
v 0.123875 -0.380180 -0.288634
v 0.037106 -0.345651 -0.277874
v 0.028907 -0.346991 -0.374808
v -0.061683 -0.348624 -0.368850
v -0.053216 -0.347232 -0.268805
v -0.061683 -0.348624 -0.368850
v -0.144878 -0.384054 -0.360729
v -0.053216 -0.347232 -0.268805
v -0.136561 -0.382675 -0.262370
v -0.144878 -0.384054 -0.360729
v -0.210146 -0.451027 -0.351301
v -0.136561 -0.382675 -0.262370
v -0.202391 -0.449727 -0.259515
v -0.210146 -0.451027 -0.351301
v -0.244112 -0.538220 -0.342305
v -0.202391 -0.449727 -0.259515
v -0.237239 -0.537044 -0.260946
v -0.244112 -0.538220 -0.342305
v -0.241995 -0.628758 -0.335380
v -0.237239 -0.537044 -0.260946
v -0.236161 -0.627745 -0.266212
v -0.241995 -0.628758 -0.335380
v -0.206102 -0.712097 -0.331185
v -0.236161 -0.627745 -0.266212
v -0.201326 -0.711247 -0.274489
v -0.206102 -0.712097 -0.331185
v -0.138737 -0.777671 -0.330401
v -0.201326 -0.711247 -0.274489
v -0.134915 -0.776985 -0.284962
v -0.138737 -0.777671 -0.330401
v -0.051308 -0.812089 -0.333341
v -0.134915 -0.776985 -0.284962
v -0.048153 -0.811507 -0.295716
v 0.039275 -0.810455 -0.339299
v -0.048153 -0.811507 -0.295716
v 0.042176 -0.809926 -0.304784
v 0.039275 -0.810455 -0.339299
v 0.122477 -0.775025 -0.347420
v 0.042176 -0.809926 -0.304784
v 0.125521 -0.774483 -0.311219
v 0.122477 -0.775025 -0.347420
v 0.187738 -0.708053 -0.356854
v 0.125521 -0.774483 -0.311219
v 0.191344 -0.707438 -0.314081
v 0.187738 -0.708053 -0.356854
v 0.221704 -0.620859 -0.365844
v 0.191344 -0.707438 -0.314081
v 0.226199 -0.620115 -0.312650
v 0.221704 -0.620859 -0.365844
v 0.219588 -0.530321 -0.372776
v 0.226199 -0.620115 -0.312650
v 0.225115 -0.529413 -0.307378
v 0.219588 -0.530321 -0.372776
v 0.183694 -0.446983 -0.376964
v 0.225115 -0.529413 -0.307378
v 0.190279 -0.445911 -0.299100
v 0.183694 -0.446983 -0.376964
v 0.116329 -0.381408 -0.377748
v 0.190279 -0.445911 -0.299100
v 0.123875 -0.380180 -0.288634
v 0.123875 -0.380180 -0.288634
v 0.037106 -0.345651 -0.277874
v 0.134583 -0.393945 -0.192634
v 0.048618 -0.360469 -0.174693
v 0.037106 -0.345651 -0.277874
v -0.053216 -0.347232 -0.268805
v 0.048618 -0.360469 -0.174693
v -0.041574 -0.362200 -0.164469
v -0.053216 -0.347232 -0.268805
v -0.136561 -0.382675 -0.262370
v -0.041574 -0.362200 -0.164469
v -0.125442 -0.396938 -0.162679
v -0.136561 -0.382675 -0.262370
v -0.202391 -0.449727 -0.259515
v -0.125442 -0.396938 -0.162679
v -0.192414 -0.462453 -0.170068
v -0.202391 -0.449727 -0.259515
v -0.237239 -0.537044 -0.260946
v -0.192414 -0.462453 -0.170068
v -0.228850 -0.547667 -0.185643
v -0.237239 -0.537044 -0.260946
v -0.236161 -0.627745 -0.266212
v -0.228850 -0.547667 -0.185643
v -0.229484 -0.636101 -0.206197
v -0.236161 -0.627745 -0.266212
v -0.201326 -0.711247 -0.274489
v -0.229484 -0.636101 -0.206197
v -0.196282 -0.717441 -0.229083
v -0.201326 -0.711247 -0.274489
v -0.134915 -0.776985 -0.284962
v -0.196282 -0.717441 -0.229083
v -0.131224 -0.781395 -0.251669
v -0.134915 -0.776985 -0.284962
v -0.048153 -0.811507 -0.295716
v -0.131224 -0.781395 -0.251669
v -0.045265 -0.814872 -0.269615
v 0.042176 -0.809926 -0.304784
v -0.045265 -0.814872 -0.269615
v 0.044933 -0.813140 -0.279840
v 0.042176 -0.809926 -0.304784
v 0.125521 -0.774483 -0.311219
v 0.044933 -0.813140 -0.279840
v 0.128801 -0.778403 -0.281630
v 0.125521 -0.774483 -0.311219
v 0.191344 -0.707438 -0.314081
v 0.128801 -0.778403 -0.281630
v 0.195767 -0.712887 -0.274241
v 0.191344 -0.707438 -0.314081
v 0.226199 -0.620115 -0.312650
v 0.195767 -0.712887 -0.274241
v 0.232210 -0.627674 -0.258659
v 0.226199 -0.620115 -0.312650
v 0.225115 -0.529413 -0.307378
v 0.232210 -0.627674 -0.258659
v 0.232837 -0.539239 -0.238112
v 0.225115 -0.529413 -0.307378
v 0.190279 -0.445911 -0.299100
v 0.232837 -0.539239 -0.238112
v 0.199635 -0.457900 -0.215226
v 0.190279 -0.445911 -0.299100
v 0.123875 -0.380180 -0.288634
v 0.134583 -0.393945 -0.192634
v 1.008495 -0.523239 -0.919155
v 1.085202 -0.475396 -0.927530
v 0.916264 -0.540788 -0.923375
v 1.138500 -0.404477 -0.946823
v 0.825445 -0.523239 -0.939989
v 1.160491 -0.317676 -0.975360
v 0.752579 -0.475396 -0.965391
v 1.145478 -0.230875 -1.008112
v 0.704984 -0.404477 -0.996175
v 1.097883 -0.159956 -1.038897
v 0.689971 -0.317676 -1.028920
v 1.025017 -0.112113 -1.064298
v 0.711962 -0.230875 -1.057458
v 0.934198 -0.094564 -1.080912
v 0.765260 -0.159956 -1.076757
v 0.841968 -0.112113 -1.085133
v 0.128801 -0.778403 -0.281630
v 0.195767 -0.712887 -0.274241
v 0.044933 -0.813140 -0.279840
v 0.232210 -0.627674 -0.258659
v -0.045265 -0.814872 -0.269615
v 0.232837 -0.539239 -0.238112
v -0.131224 -0.781395 -0.251669
v 0.199635 -0.457900 -0.215226
v -0.196282 -0.717441 -0.229083
v 0.134583 -0.393945 -0.192634
v -0.229484 -0.636101 -0.206197
v 0.048618 -0.360469 -0.174693
v -0.228850 -0.547667 -0.185643
v -0.041574 -0.362200 -0.164469
v -0.192414 -0.462453 -0.170068
v -0.125442 -0.396938 -0.162679
v 1.858429 0.279956 -0.218486
v 1.826867 0.343551 -0.229730
v 1.886013 0.302248 -0.194777
v 1.857880 0.358937 -0.204799
v 1.826867 0.343551 -0.229730
v 1.795311 0.407139 -0.218486
v 1.857880 0.358937 -0.204799
v 1.829748 0.415626 -0.194777
v 1.795311 0.407139 -0.218486
v 1.766845 0.464508 -0.185859
v 1.829748 0.415626 -0.194777
v 1.804373 0.466769 -0.165691
v 1.766845 0.464508 -0.185859
v 1.744253 0.510032 -0.135037
v 1.804373 0.466769 -0.165691
v 1.784230 0.507354 -0.120382
v 1.744253 0.510032 -0.135037
v 1.729749 0.539262 -0.070991
v 1.784230 0.507354 -0.120382
v 1.771301 0.533415 -0.063288
v 1.729749 0.539262 -0.070991
v 1.724751 0.549336 -0.000000
v 1.771301 0.533415 -0.063288
v 1.766845 0.542392 -0.000000
v 1.928988 0.137766 -0.000000
v 1.923990 0.147833 -0.070991
v 1.948921 0.175482 -0.000000
v 1.944459 0.184466 -0.063288
v 1.923990 0.147833 -0.070991
v 1.909487 0.177063 -0.135037
v 1.944459 0.184466 -0.063288
v 1.931530 0.210520 -0.120382
v 1.909487 0.177063 -0.135037
v 1.886894 0.222594 -0.185859
v 1.931530 0.210520 -0.120382
v 1.911394 0.251105 -0.165691
v 1.886894 0.222594 -0.185859
v 1.858429 0.279956 -0.218486
v 1.911394 0.251105 -0.165691
v 1.886013 0.302248 -0.194777
v 1.886013 0.302248 -0.194777
v 1.857880 0.358937 -0.204799
v 1.876258 0.321906 -0.127229
v 1.857880 0.358937 -0.133776
v 1.857880 0.358937 -0.204799
v 1.829748 0.415626 -0.194777
v 1.857880 0.358937 -0.133776
v 1.839502 0.395967 -0.127229
v 1.829748 0.415626 -0.194777
v 1.804373 0.466769 -0.165691
v 1.839502 0.395967 -0.127229
v 1.822927 0.429372 -0.108224
v 1.804373 0.466769 -0.165691
v 1.784230 0.507354 -0.120382
v 1.822927 0.429372 -0.108224
v 1.809776 0.455884 -0.078635
v 1.784230 0.507354 -0.120382
v 1.771301 0.533415 -0.063288
v 1.809776 0.455884 -0.078635
v 1.801328 0.472903 -0.041343
v 1.771301 0.533415 -0.063288
v 1.766845 0.542392 -0.000000
v 1.801328 0.472903 -0.041343
v 1.798414 0.478770 -0.000000
v 1.948921 0.175482 -0.000000
v 1.944459 0.184466 -0.063288
v 1.917346 0.239110 -0.000000
v 1.914432 0.244970 -0.041343
v 1.944459 0.184466 -0.063288
v 1.931530 0.210520 -0.120382
v 1.914432 0.244970 -0.041343
v 1.905991 0.261996 -0.078635
v 1.931530 0.210520 -0.120382
v 1.911394 0.251105 -0.165691
v 1.905991 0.261996 -0.078635
v 1.892833 0.288502 -0.108224
v 1.911394 0.251105 -0.165691
v 1.886013 0.302248 -0.194777
v 1.892833 0.288502 -0.108224
v 1.876258 0.321906 -0.127229
v 1.876258 0.321906 -0.127229
v 1.857880 0.358937 -0.133776
v 1.846891 0.311773 -0.114992
v 1.830284 0.345243 -0.120905
v 1.857880 0.358937 -0.133776
v 1.839502 0.395967 -0.127229
v 1.830284 0.345243 -0.120905
v 1.813676 0.378713 -0.114992
v 1.839502 0.395967 -0.127229
v 1.822927 0.429372 -0.108224
v 1.813676 0.378713 -0.114992
v 1.798695 0.408903 -0.097816
v 1.822927 0.429372 -0.108224
v 1.809776 0.455884 -0.078635
v 1.798695 0.408903 -0.097816
v 1.786805 0.432861 -0.071069
v 1.809776 0.455884 -0.078635
v 1.801328 0.472903 -0.041343
v 1.786805 0.432861 -0.071069
v 1.779167 0.448247 -0.037364
v 1.801328 0.472903 -0.041343
v 1.798414 0.478770 -0.000000
v 1.779167 0.448247 -0.037364
v 1.776534 0.453545 -0.000000
v 1.917346 0.239110 -0.000000
v 1.914432 0.244970 -0.041343
v 1.884027 0.236941 -0.000000
v 1.881400 0.242239 -0.037364
v 1.914432 0.244970 -0.041343
v 1.905991 0.261996 -0.078635
v 1.881400 0.242239 -0.037364
v 1.873763 0.257625 -0.071069
v 1.905991 0.261996 -0.078635
v 1.892833 0.288502 -0.108224
v 1.873763 0.257625 -0.071069
v 1.861872 0.281583 -0.097816
v 1.892833 0.288502 -0.108224
v 1.876258 0.321906 -0.127229
v 1.861872 0.281583 -0.097816
v 1.846891 0.311773 -0.114992
v 1.418543 0.557666 -0.547743
v 1.356222 0.591659 -0.558987
v 1.428356 0.591750 -0.524028
v 1.372797 0.622052 -0.534056
v 1.356222 0.591659 -0.558987
v 1.293895 0.625645 -0.547743
v 1.372797 0.622052 -0.534056
v 1.317238 0.652353 -0.524027
v 1.293895 0.625645 -0.547743
v 1.237669 0.656312 -0.515109
v 1.317238 0.652353 -0.524027
v 1.267115 0.679688 -0.494942
v 1.237669 0.656312 -0.515109
v 1.193053 0.680642 -0.464287
v 1.267115 0.679688 -0.494942
v 1.227334 0.701379 -0.449633
v 1.193053 0.680642 -0.464287
v 1.164405 0.696270 -0.400241
v 1.227334 0.701379 -0.449633
v 1.201795 0.715308 -0.392538
v 1.164405 0.696270 -0.400241
v 1.154533 0.701653 -0.329250
v 1.201795 0.715308 -0.392538
v 1.192995 0.720110 -0.329250
v 1.557904 0.481665 -0.329251
v 1.548033 0.487048 -0.400242
v 1.552593 0.523994 -0.329250
v 1.543792 0.528789 -0.392538
v 1.548033 0.487048 -0.400242
v 1.519384 0.502669 -0.464288
v 1.543792 0.528789 -0.392538
v 1.518254 0.542718 -0.449633
v 1.519384 0.502669 -0.464288
v 1.474768 0.527006 -0.515110
v 1.518254 0.542718 -0.449633
v 1.478479 0.564415 -0.494942
v 1.474768 0.527006 -0.515110
v 1.418543 0.557666 -0.547743
v 1.478479 0.564415 -0.494942
v 1.428356 0.591750 -0.524028
v 1.428356 0.591750 -0.524028
v 1.372797 0.622052 -0.534056
v 1.409089 0.602256 -0.456481
v 1.372797 0.622052 -0.463026
v 1.372797 0.622052 -0.534056
v 1.317238 0.652353 -0.524027
v 1.372797 0.622052 -0.463026
v 1.336504 0.641841 -0.456481
v 1.317238 0.652353 -0.524027
v 1.267115 0.679688 -0.494942
v 1.336504 0.641841 -0.456481
v 1.303766 0.659697 -0.437481
v 1.267115 0.679688 -0.494942
v 1.227334 0.701379 -0.449633
v 1.303766 0.659697 -0.437481
v 1.277783 0.673867 -0.407885
v 1.227334 0.701379 -0.449633
v 1.201795 0.715308 -0.392538
v 1.277783 0.673867 -0.407885
v 1.261097 0.682968 -0.370593
v 1.201795 0.715308 -0.392538
v 1.192995 0.720110 -0.329250
v 1.261097 0.682968 -0.370593
v 1.255355 0.686104 -0.329250
v 1.552593 0.523994 -0.329250
v 1.543792 0.528789 -0.392538
v 1.490239 0.558000 -0.329250
v 1.484490 0.561136 -0.370593
v 1.543792 0.528789 -0.392538
v 1.518254 0.542718 -0.449633
v 1.484490 0.561136 -0.370593
v 1.467810 0.570230 -0.407885
v 1.518254 0.542718 -0.449633
v 1.478479 0.564415 -0.494942
v 1.467810 0.570230 -0.407885
v 1.441828 0.584400 -0.437481
v 1.478479 0.564415 -0.494942
v 1.428356 0.591750 -0.524028
v 1.441828 0.584400 -0.437481
v 1.409089 0.602256 -0.456481
v 1.409089 0.602256 -0.456481
v 1.372797 0.622052 -0.463026
v 1.390842 0.577116 -0.444243
v 1.358045 0.595004 -0.450163
v 1.372797 0.622052 -0.463026
v 1.336504 0.641841 -0.456481
v 1.358045 0.595004 -0.450163
v 1.325241 0.612892 -0.444243
v 1.336504 0.641841 -0.456481
v 1.303766 0.659697 -0.437481
v 1.325241 0.612892 -0.444243
v 1.295652 0.629029 -0.427067
v 1.303766 0.659697 -0.437481
v 1.277783 0.673867 -0.407885
v 1.295652 0.629029 -0.427067
v 1.272171 0.641835 -0.400319
v 1.277783 0.673867 -0.407885
v 1.261097 0.682968 -0.370593
v 1.272171 0.641835 -0.400319
v 1.257092 0.650060 -0.366614
v 1.261097 0.682968 -0.370593
v 1.255355 0.686104 -0.329250
v 1.257092 0.650060 -0.366614
v 1.251899 0.652889 -0.329250
v 1.490239 0.558000 -0.329250
v 1.484490 0.561136 -0.370593
v 1.464191 0.537113 -0.329250
v 1.458997 0.539948 -0.366614
v 1.484490 0.561136 -0.370593
v 1.467810 0.570230 -0.407885
v 1.458997 0.539948 -0.366614
v 1.443918 0.548167 -0.400319
v 1.467810 0.570230 -0.407885
v 1.441828 0.584400 -0.437481
v 1.443918 0.548167 -0.400319
v 1.420438 0.560972 -0.427067
v 1.441828 0.584400 -0.437481
v 1.409089 0.602256 -0.456481
v 1.420438 0.560972 -0.427067
v 1.390842 0.577116 -0.444243
v 1.418543 0.557666 -0.110765
v 1.428356 0.591750 -0.134480
v 1.356222 0.591659 -0.099521
v 1.372797 0.622052 -0.124452
v 1.356222 0.591659 -0.099521
v 1.372797 0.622052 -0.124452
v 1.293895 0.625645 -0.110764
v 1.317231 0.652353 -0.134480
v 1.293895 0.625645 -0.110764
v 1.317231 0.652353 -0.134480
v 1.237669 0.656312 -0.143398
v 1.267115 0.679688 -0.163566
v 1.237669 0.656312 -0.143398
v 1.267115 0.679688 -0.163566
v 1.193053 0.680642 -0.194221
v 1.227334 0.701379 -0.208875
v 1.193053 0.680642 -0.194221
v 1.227334 0.701379 -0.208875
v 1.164405 0.696270 -0.258260
v 1.201795 0.715308 -0.265969
v 1.164405 0.696270 -0.258260
v 1.201795 0.715308 -0.265969
v 1.154533 0.701653 -0.329250
v 1.192995 0.720110 -0.329250
v 1.557904 0.481665 -0.329251
v 1.552593 0.523994 -0.329250
v 1.548033 0.487041 -0.258261
v 1.543792 0.528789 -0.265969
v 1.548033 0.487041 -0.258261
v 1.543792 0.528789 -0.265969
v 1.519384 0.502669 -0.194222
v 1.518254 0.542718 -0.208876
v 1.519384 0.502669 -0.194222
v 1.518254 0.542718 -0.208876
v 1.474768 0.527006 -0.143399
v 1.478479 0.564415 -0.163566
v 1.474768 0.527006 -0.143399
v 1.478479 0.564415 -0.163566
v 1.418543 0.557666 -0.110765
v 1.428356 0.591750 -0.134480
v 1.428356 0.591750 -0.134480
v 1.409089 0.602256 -0.202028
v 1.372797 0.622052 -0.124452
v 1.372797 0.622052 -0.195481
v 1.372797 0.622052 -0.124452
v 1.372797 0.622052 -0.195481
v 1.317231 0.652353 -0.134480
v 1.336504 0.641841 -0.202028
v 1.317231 0.652353 -0.134480
v 1.336504 0.641841 -0.202028
v 1.267115 0.679688 -0.163566
v 1.303766 0.659697 -0.221027
v 1.267115 0.679688 -0.163566
v 1.303766 0.659697 -0.221027
v 1.227334 0.701379 -0.208875
v 1.277783 0.673867 -0.250622
v 1.227334 0.701379 -0.208875
v 1.277783 0.673867 -0.250622
v 1.201795 0.715308 -0.265969
v 1.261097 0.682968 -0.287914
v 1.201795 0.715308 -0.265969
v 1.261097 0.682968 -0.287914
v 1.192995 0.720110 -0.329250
v 1.255355 0.686104 -0.329250
v 1.552593 0.523994 -0.329250
v 1.490239 0.558000 -0.329250
v 1.543792 0.528789 -0.265969
v 1.484490 0.561136 -0.287914
v 1.543792 0.528789 -0.265969
v 1.484490 0.561136 -0.287914
v 1.518254 0.542718 -0.208876
v 1.467810 0.570230 -0.250622
v 1.518254 0.542718 -0.208876
v 1.467810 0.570230 -0.250622
v 1.478479 0.564415 -0.163566
v 1.441828 0.584400 -0.221027
v 1.478479 0.564415 -0.163566
v 1.441828 0.584400 -0.221027
v 1.428356 0.591750 -0.134480
v 1.409089 0.602256 -0.202028
v 1.409089 0.602256 -0.202028
v 1.390842 0.577116 -0.214265
v 1.372797 0.622052 -0.195481
v 1.358045 0.595004 -0.208346
v 1.372797 0.622052 -0.195481
v 1.358045 0.595004 -0.208346
v 1.336504 0.641841 -0.202028
v 1.325241 0.612892 -0.214265
v 1.336504 0.641841 -0.202028
v 1.325241 0.612892 -0.214265
v 1.303766 0.659697 -0.221027
v 1.295652 0.629029 -0.231441
v 1.303766 0.659697 -0.221027
v 1.295652 0.629029 -0.231441
v 1.277783 0.673867 -0.250622
v 1.272171 0.641835 -0.258188
v 1.277783 0.673867 -0.250622
v 1.272171 0.641835 -0.258188
v 1.261097 0.682968 -0.287914
v 1.257092 0.650060 -0.291893
v 1.261097 0.682968 -0.287914
v 1.257092 0.650060 -0.291893
v 1.255355 0.686104 -0.329250
v 1.251899 0.652889 -0.329250
v 1.490239 0.558000 -0.329250
v 1.464191 0.537113 -0.329250
v 1.484490 0.561136 -0.287914
v 1.458997 0.539948 -0.291893
v 1.484490 0.561136 -0.287914
v 1.458997 0.539948 -0.291893
v 1.467810 0.570230 -0.250622
v 1.443918 0.548167 -0.258188
v 1.467810 0.570230 -0.250622
v 1.443918 0.548167 -0.258188
v 1.441828 0.584400 -0.221027
v 1.420438 0.560972 -0.231442
v 1.441828 0.584400 -0.221027
v 1.420438 0.560972 -0.231442
v 1.409089 0.602256 -0.202028
v 1.390842 0.577116 -0.214265
v 1.356222 0.591659 -0.558987
v 1.418543 0.557666 -0.547743
v 1.289759 0.469800 -0.558987
v 1.352087 0.435807 -0.547743
v 1.418543 0.557666 -0.547743
v 1.474768 0.527006 -0.515110
v 1.352087 0.435807 -0.547743
v 1.408305 0.405147 -0.515110
v 1.474768 0.527006 -0.515110
v 1.519384 0.502669 -0.464288
v 1.408305 0.405147 -0.515110
v 1.452928 0.380810 -0.464288
v 1.519384 0.502669 -0.464288
v 1.548033 0.487048 -0.400242
v 1.452928 0.380810 -0.464288
v 1.481576 0.365189 -0.400242
v 1.548033 0.487048 -0.400242
v 1.557904 0.481665 -0.329251
v 1.481576 0.365189 -0.400242
v 1.491441 0.359806 -0.329251
v 1.557904 0.481665 -0.329251
v 1.548033 0.487041 -0.258261
v 1.491441 0.359806 -0.329251
v 1.481576 0.365183 -0.258261
v 1.548033 0.487041 -0.258261
v 1.519384 0.502669 -0.194222
v 1.481576 0.365183 -0.258261
v 1.452928 0.380810 -0.194222
v 1.519384 0.502669 -0.194222
v 1.474768 0.527006 -0.143399
v 1.452928 0.380810 -0.194222
v 1.408305 0.405147 -0.143399
v 1.474768 0.527006 -0.143399
v 1.418543 0.557666 -0.110765
v 1.408305 0.405147 -0.143399
v 1.352087 0.435807 -0.110765
v 1.418543 0.557666 -0.110765
v 1.356222 0.591659 -0.099521
v 1.352087 0.435807 -0.110765
v 1.289759 0.469800 -0.099522
v 1.356222 0.591659 -0.099521
v 1.293895 0.625645 -0.110764
v 1.289759 0.469800 -0.099522
v 1.227438 0.503786 -0.110765
v 1.293895 0.625645 -0.110764
v 1.237669 0.656312 -0.143398
v 1.227438 0.503786 -0.110765
v 1.171212 0.534454 -0.143399
v 1.237669 0.656312 -0.143398
v 1.193053 0.680642 -0.194221
v 1.171212 0.534454 -0.143399
v 1.126590 0.558784 -0.194222
v 1.193053 0.680642 -0.194221
v 1.164405 0.696270 -0.258260
v 1.126590 0.558784 -0.194222
v 1.097942 0.574411 -0.258260
v 1.164405 0.696270 -0.258260
v 1.154533 0.701653 -0.329250
v 1.097942 0.574411 -0.258260
v 1.088070 0.579795 -0.329250
v 1.154533 0.701653 -0.329250
v 1.164405 0.696270 -0.400241
v 1.088070 0.579795 -0.329250
v 1.097942 0.574411 -0.400241
v 1.164405 0.696270 -0.400241
v 1.193053 0.680642 -0.464287
v 1.097942 0.574411 -0.400241
v 1.126590 0.558784 -0.464287
v 1.193053 0.680642 -0.464287
v 1.237669 0.656312 -0.515109
v 1.126590 0.558784 -0.464287
v 1.171212 0.534454 -0.515110
v 1.237669 0.656312 -0.515109
v 1.293895 0.625645 -0.547743
v 1.171212 0.534454 -0.515110
v 1.227438 0.503786 -0.547743
v 1.293895 0.625645 -0.547743
v 1.356222 0.591659 -0.558987
v 1.227438 0.503786 -0.547743
v 1.289759 0.469800 -0.558987
v 0.926717 -0.492702 -0.684263
v 0.823100 -0.472534 -0.691600
v 0.926717 -0.574310 -0.908492
v 0.823100 -0.554148 -0.915829
v 0.823100 -0.472534 -0.691600
v 0.734658 -0.417949 -0.711468
v 0.823100 -0.554148 -0.915829
v 0.734658 -0.499556 -0.935697
v 0.734658 -0.417949 -0.711468
v 0.676564 -0.334839 -0.741717
v 0.734658 -0.499556 -0.935697
v 0.676564 -0.416453 -0.965946
v 0.676564 -0.334839 -0.741717
v 0.655109 -0.237473 -0.777160
v 0.676564 -0.416453 -0.965946
v 0.655109 -0.319081 -1.001382
v 0.655109 -0.237473 -0.777160
v 0.676565 -0.140108 -0.812597
v 0.655109 -0.319081 -1.001382
v 0.676565 -0.221715 -1.036826
v 0.676565 -0.140108 -0.812597
v 0.734659 -0.056998 -0.842846
v 0.676565 -0.221715 -1.036826
v 0.734659 -0.138612 -1.067075
v 0.734659 -0.056998 -0.842846
v 0.823100 -0.002406 -0.862713
v 0.734659 -0.138612 -1.067075
v 0.823100 -0.084020 -1.086942
v 0.823100 -0.002406 -0.862713
v 0.926718 0.017756 -0.870050
v 0.823100 -0.084020 -1.086942
v 0.926718 -0.063858 -1.094279
v 0.926718 0.017756 -0.870050
v 1.030329 -0.002406 -0.862713
v 0.926718 -0.063858 -1.094279
v 1.030335 -0.084020 -1.086942
v 1.030329 -0.002406 -0.862713
v 1.118776 -0.056998 -0.842846
v 1.030335 -0.084020 -1.086942
v 1.118776 -0.138612 -1.067075
v 1.118776 -0.056998 -0.842846
v 1.176864 -0.140108 -0.812597
v 1.118776 -0.138612 -1.067075
v 1.176864 -0.221715 -1.036826
v 1.176864 -0.140108 -0.812597
v 1.198326 -0.237473 -0.777160
v 1.176864 -0.221715 -1.036826
v 1.198326 -0.319087 -1.001382
v 1.198326 -0.237473 -0.777160
v 1.176864 -0.334839 -0.741717
v 1.198326 -0.319087 -1.001382
v 1.176864 -0.416453 -0.965946
v 1.176864 -0.334839 -0.741717
v 1.118770 -0.417949 -0.711468
v 1.176864 -0.416453 -0.965946
v 1.118776 -0.499556 -0.935697
v 1.118770 -0.417949 -0.711468
v 1.030329 -0.472534 -0.691600
v 1.118776 -0.499556 -0.935697
v 1.030329 -0.554148 -0.915829
v 1.030329 -0.472534 -0.691600
v 0.926717 -0.492702 -0.684263
v 1.030329 -0.554148 -0.915829
v 0.926717 -0.574310 -0.908492
v 0.823100 -0.554148 -0.915829
v 0.734658 -0.499556 -0.935697
v 0.830809 -0.546890 -0.950286
v 0.748947 -0.496361 -0.968677
v 0.676564 -0.416453 -0.965946
v 0.748947 -0.496361 -0.968677
v 0.695171 -0.419432 -0.996678
v 0.676564 -0.416453 -0.965946
v 0.655109 -0.319081 -1.001382
v 0.675310 -0.329312 -1.029482
v 0.676565 -0.221715 -1.036826
v 0.675310 -0.329312 -1.029482
v 0.695171 -0.239185 -1.062286
v 0.676565 -0.221715 -1.036826
v 0.734659 -0.138612 -1.067075
v 0.748947 -0.162262 -1.090281
v 0.823100 -0.084020 -1.086942
v 0.748947 -0.162262 -1.090281
v 0.830809 -0.111727 -1.108672
v 0.823100 -0.084020 -1.086942
v 0.926718 -0.063858 -1.094279
v 0.926718 -0.093068 -1.115467
v 1.030335 -0.084020 -1.086942
v 0.926718 -0.093068 -1.115467
v 1.022626 -0.111734 -1.108672
v 1.030335 -0.084020 -1.086942
v 1.118776 -0.138612 -1.067075
v 1.104488 -0.162262 -1.090281
v 1.176864 -0.221715 -1.036826
v 1.104488 -0.162262 -1.090281
v 1.158263 -0.239185 -1.062286
v 1.176864 -0.221715 -1.036826
v 1.198326 -0.319087 -1.001382
v 1.178125 -0.329312 -1.029482
v 1.176864 -0.416453 -0.965946
v 1.178125 -0.329312 -1.029482
v 1.158263 -0.419432 -0.996679
v 1.176864 -0.416453 -0.965946
v 1.118776 -0.499556 -0.935697
v 1.104488 -0.496361 -0.968677
v 1.030329 -0.554148 -0.915829
v 1.104488 -0.496361 -0.968677
v 1.022626 -0.546890 -0.950286
v 1.030329 -0.554148 -0.915829
v 0.926717 -0.574310 -0.908492
v 0.926717 -0.565555 -0.943497
v 0.926717 -0.574310 -0.908492
v 0.823100 -0.554148 -0.915829
v 0.926717 -0.565555 -0.943497
v -1.416144 0.885442 -0.245108
v -1.553833 0.937179 -0.296251
v -0.746378 0.860471 -0.266067
v -0.747096 0.937178 -0.296251
v -1.029276 0.192763 -0.150625
v -1.035064 0.238124 -0.153565
v -0.849924 0.093758 -0.156387
v -0.903163 0.371860 -0.173818
v -0.881499 0.337129 -0.172805
v 0.868663 1.091344 0.165404
v 0.878365 1.109396 0.000001
v 0.726231 1.119352 0.156284
v 0.739428 1.135673 0.000001
v 0.853199 1.037405 0.332963
v 0.868663 1.091344 0.165404
v 0.706716 1.064113 0.308372
v 0.726231 1.119352 0.156284
v 0.832057 0.866691 0.605101
v 0.840851 0.957144 0.491036
v 0.662316 0.875119 0.590962
v 0.686045 0.983532 0.461538
v 0.840851 0.957144 0.491036
v 0.853199 1.037405 0.332963
v 0.686045 0.983532 0.461538
v 0.706716 1.064113 0.308372
v 0.544958 1.099988 0.276418
v 0.378889 1.143852 0.225242
v 0.520589 1.016362 0.414655
v 0.300378 1.069144 0.340679
v 0.577435 1.173193 0.000001
v 0.449135 1.205187 0.000001
v 0.565532 1.154998 0.135521
v 0.430240 1.189572 0.111478
v 0.565532 1.154998 0.135521
v 0.430240 1.189572 0.111478
v 0.544958 1.099988 0.276418
v 0.378889 1.143852 0.225242
v 0.998375 0.932696 0.520142
v 1.157845 0.910254 0.531235
v 1.006855 1.010142 0.356777
v 1.170135 0.979769 0.364937
v 1.020046 1.062434 0.179111
v 1.183796 1.031179 0.182861
v 1.026847 1.081962 0.000001
v 1.190185 1.050674 0.000001
v 1.006855 1.010142 0.356777
v 1.170135 0.979769 0.364937
v 1.020046 1.062434 0.179111
v 1.183796 1.031179 0.182861
v 1.461578 0.954766 0.183625
v 1.618703 0.888923 0.181587
v 1.468098 0.973758 0.000001
v 1.628301 0.906387 0.000001
v 1.445650 0.905511 0.368628
v 1.594373 0.843602 0.365845
v 1.461578 0.954766 0.183625
v 1.618703 0.888923 0.181587
v 1.425024 0.846451 0.539552
v 1.557715 0.773369 0.540878
v 1.445650 0.905511 0.368628
v 1.594373 0.843602 0.365845
v 1.557715 0.773369 0.540878
v 1.695776 0.692918 0.518802
v 1.594373 0.843602 0.365845
v 1.737197 0.747700 0.362591
v 1.695776 0.692918 0.518802
v 1.817537 0.586550 0.501155
v 1.737197 0.747700 0.362591
v 1.863139 0.628049 0.359677
v 1.618703 0.888923 0.181587
v 1.767891 0.787879 0.179183
v 1.628301 0.906387 0.000001
v 1.779820 0.803377 0.000001
v 1.767891 0.787879 0.179183
v 1.853509 0.716314 0.104651
v 1.779820 0.803377 0.000001
v 1.850981 0.733555 0.000001
v 1.594373 0.843602 0.365845
v 1.737197 0.747700 0.362591
v 1.618703 0.888923 0.181587
v 1.767891 0.787879 0.179183
v 1.737197 0.747700 0.362591
v 1.863139 0.628049 0.359677
v 1.767891 0.787879 0.179183
v 1.874723 0.673142 0.199050
v 2.084369 0.165153 0.354346
v 2.016992 0.154765 0.510831
v 2.093287 -0.007992 0.354156
v 2.017286 -0.015799 0.523871
v 2.075236 -0.372301 -0.000000
v 2.136211 -0.196098 -0.000000
v 2.057831 -0.364187 0.174569
v 2.117578 -0.191531 0.173099
v 2.057831 -0.364187 0.174569
v 2.117578 -0.191531 0.173099
v 2.038179 -0.377946 0.210803
v 2.071192 -0.278979 0.229887
v 2.136211 -0.196098 -0.000000
v 2.162057 -0.010997 -0.000000
v 2.117578 -0.191531 0.173099
v 2.142901 -0.010161 0.172492
v 2.117578 -0.191531 0.173099
v 2.093287 -0.007992 0.354156
v 2.089178 -0.185468 0.278991
v 2.082103 -0.105018 0.345950
v 2.057831 -0.364187 0.174569
v 1.963968 -0.520940 0.176980
v 2.075236 -0.372301 -0.000000
v 1.979445 -0.532281 -0.000000
v 1.963968 -0.520940 0.176980
v 1.844193 -0.657642 0.180038
v 1.979445 -0.532281 -0.000000
v 1.857416 -0.671741 -0.000000
v 2.038179 -0.377946 0.210803
v 1.982803 -0.468216 0.216513
v 2.057831 -0.364187 0.174569
v 1.963968 -0.520940 0.176980
v 1.568926 -0.871979 -0.000000
v 1.717715 -0.786400 -0.000000
v 1.559668 -0.854326 0.186708
v 1.706693 -0.770152 0.183409
v 1.559668 -0.854326 0.186708
v 1.706693 -0.770152 0.183409
v 1.536592 -0.808378 0.368889
v 1.678502 -0.727979 0.365890
v 1.717715 -0.786400 -0.000000
v 1.857416 -0.671741 -0.000000
v 1.706693 -0.770152 0.183409
v 1.844193 -0.657642 0.180038
v 1.706693 -0.770152 0.183409
v 1.844193 -0.657642 0.180038
v 1.678502 -0.727979 0.365890
v 1.783943 -0.627968 0.388658
v 1.504384 -0.741131 0.534834
v 1.638016 -0.666442 0.532136
v 1.482458 -0.657080 0.688758
v 1.604304 -0.597425 0.677129
v 1.638016 -0.666442 0.532136
v 1.686937 -0.595569 0.571309
v 1.604304 -0.597425 0.677129
v 1.669042 -0.540598 0.659385
v 1.536592 -0.808378 0.368889
v 1.678502 -0.727979 0.365890
v 1.504384 -0.741131 0.534834
v 1.638016 -0.666442 0.532136
v 1.482458 -0.657080 0.688758
v 1.349343 -0.698181 0.694501
v 1.504384 -0.741131 0.534834
v 1.365689 -0.788595 0.536350
v 1.504384 -0.741131 0.534834
v 1.365689 -0.788595 0.536350
v 1.536592 -0.808378 0.368889
v 1.391606 -0.858495 0.370966
v 1.349343 -0.698181 0.694501
v 1.193439 -0.729828 0.698160
v 1.365689 -0.788595 0.536350
v 1.218350 -0.815068 0.537193
v 1.365689 -0.788595 0.536350
v 1.218350 -0.815068 0.537193
v 1.391606 -0.858495 0.370966
v 1.243098 -0.885764 0.372384
v 1.559668 -0.854326 0.186708
v 1.411310 -0.906024 0.189504
v 1.568926 -0.871979 -0.000000
v 1.419608 -0.924193 -0.000000
v 1.411310 -0.906024 0.189504
v 1.261946 -0.933359 0.191889
v 1.419608 -0.924193 -0.000000
v 1.269897 -0.951385 -0.000000
v 1.536592 -0.808378 0.368889
v 1.391606 -0.858495 0.370966
v 1.559668 -0.854326 0.186708
v 1.411310 -0.906024 0.189504
v 1.391606 -0.858495 0.370966
v 1.243098 -0.885764 0.372384
v 1.411310 -0.906024 0.189504
v 1.261946 -0.933359 0.191889
v 0.969831 -0.964059 -0.000000
v 1.119933 -0.961897 -0.000000
v 0.961566 -0.947439 0.195874
v 1.111923 -0.944459 0.193967
v 0.961566 -0.947439 0.195874
v 1.111923 -0.944459 0.193967
v 0.936171 -0.901719 0.374187
v 1.090624 -0.897596 0.373397
v 1.119933 -0.961897 -0.000000
v 1.269897 -0.951385 -0.000000
v 1.111923 -0.944459 0.193967
v 1.261946 -0.933359 0.191889
v 1.111923 -0.944459 0.193967
v 1.261946 -0.933359 0.191889
v 1.090624 -0.897596 0.373397
v 1.243098 -0.885764 0.372384
v 1.058761 -0.826749 0.537866
v 1.218350 -0.815068 0.537193
v 1.020692 -0.740811 0.692580
v 1.193439 -0.729828 0.698160
v 0.936171 -0.901719 0.374187
v 1.090624 -0.897596 0.373397
v 0.893051 -0.831048 0.538427
v 1.058761 -0.826749 0.537866
v 1.090624 -0.897596 0.373397
v 1.243098 -0.885764 0.372384
v 1.058761 -0.826749 0.537866
v 1.218350 -0.815068 0.537193
v 0.171516 0.956073 0.464935
v 0.300378 1.069144 0.340679
v 0.101708 1.100118 0.343560
v 0.177115 1.158970 0.256145
v 0.300378 1.069144 0.340679
v 0.378889 1.143852 0.225242
v 0.177115 1.158970 0.256145
v 0.241977 1.209316 0.169553
v 0.051754 1.212837 0.238302
v 0.099434 1.246026 0.179065
v 0.008909 1.334069 0.127093
v 0.031547 1.347671 0.099281
v 0.099434 1.246026 0.179065
v 0.140894 1.275511 0.119704
v 0.031547 1.347671 0.099281
v 0.052088 1.360712 0.069509
v 0.181355 1.306766 0.000001
v 0.073027 1.372818 0.000001
v 0.169941 1.297580 0.059885
v 0.067173 1.368793 0.035738
v 0.181355 1.306766 0.000001
v 0.169941 1.297580 0.059885
v 0.302351 1.255042 0.000001
v 0.285744 1.242635 0.084150
v 0.169941 1.297580 0.059885
v 0.067173 1.368793 0.035738
v 0.140894 1.275511 0.119704
v 0.052088 1.360712 0.069509
v 0.169941 1.297580 0.059885
v 0.140894 1.275511 0.119704
v 0.285744 1.242635 0.084150
v 0.241977 1.209316 0.169553
v 0.449135 1.205187 0.000001
v 0.302351 1.255042 0.000001
v 0.430240 1.189572 0.111478
v 0.285744 1.242635 0.084150
v 0.430240 1.189572 0.111478
v 0.285744 1.242635 0.084150
v 0.378889 1.143852 0.225242
v 0.241977 1.209316 0.169553
v 0.863737 -0.762253 0.449921
v 0.893051 -0.831048 0.538427
v 0.811549 -0.680848 0.568859
v 0.831612 -0.739576 0.681369
v 0.909567 -0.823914 0.313473
v 0.936171 -0.901719 0.374187
v 0.863737 -0.762253 0.449921
v 0.893051 -0.831048 0.538427
v 0.935498 -0.877069 -0.000000
v 0.969831 -0.964059 -0.000000
v 0.929004 -0.863094 0.165429
v 0.961566 -0.947439 0.195874
v 0.929004 -0.863094 0.165429
v 0.961566 -0.947439 0.195874
v 0.909567 -0.823914 0.313473
v 0.936171 -0.901719 0.374187
v 0.141829 0.905433 0.363075
v 0.171516 0.956073 0.464935
v 0.085205 1.048754 0.248220
v 0.101708 1.100118 0.343560
v 0.000475 1.314070 0.000001
v 0.038172 1.178374 0.133482
v 0.008909 1.334069 0.127093
v 0.051754 1.212837 0.238302
v 0.101708 1.100118 0.343560
v 0.177115 1.158970 0.256145
v 0.051754 1.212837 0.238302
v 0.099434 1.246026 0.179065
v 0.177115 1.158970 0.256145
v 0.241977 1.209316 0.169553
v 0.099434 1.246026 0.179065
v 0.140894 1.275511 0.119704
v 0.038172 1.178374 0.133482
v 0.085205 1.048754 0.248220
v 0.051754 1.212837 0.238302
v 0.101708 1.100118 0.343560
v 0.236378 0.660592 0.526211
v 0.211918 0.660592 0.000001
v 0.337272 0.429732 0.647847
v 0.306885 0.429732 -0.000000
v 0.424752 0.110568 0.779545
v 0.432233 0.105537 -0.000000
v 0.470681 -0.048955 0.812734
v 0.495436 -0.048955 -0.000000
v 0.306885 0.429732 -0.000000
v 0.432233 0.105537 -0.000000
v 0.337272 0.429732 0.647847
v 0.424752 0.110568 0.779545
v 0.495436 -0.048955 -0.000000
v 0.566662 -0.200266 -0.000000
v 0.470681 -0.048955 0.812734
v 0.532101 -0.200266 0.819594
v 0.566662 -0.200266 -0.000000
v 0.628205 -0.340627 -0.000000
v 0.532101 -0.200266 0.819594
v 0.593611 -0.340627 0.797942
v 0.628205 -0.340627 -0.000000
v 0.705298 -0.468516 -0.000000
v 0.593611 -0.340627 0.797942
v 0.665556 -0.468516 0.756855
v 0.996140 0.860850 0.609615
v 1.147745 0.857224 0.604663
v 0.998375 0.932696 0.520142
v 1.157845 0.910254 0.531235
v 1.983045 0.311486 0.499881
v 1.997261 0.428105 0.338640
v 1.915373 0.457400 0.495138
v 1.966679 0.488505 0.357227
v 2.016992 0.154765 0.510831
v 2.042256 0.333607 0.322065
v 1.983045 0.311486 0.499881
v 1.997261 0.428105 0.338640
v 1.915373 0.457400 0.495138
v 1.966679 0.488505 0.357227
v 1.817537 0.586550 0.501155
v 1.863139 0.628049 0.359677
v 1.853509 0.716314 0.104651
v 1.729749 0.539262 0.070991
v 1.850981 0.733555 0.000001
v 1.724751 0.549336 -0.000000
v 1.853509 0.716314 0.104651
v 1.874723 0.673142 0.199050
v 1.729749 0.539262 0.070991
v 1.744253 0.510032 0.135036
v 1.997261 0.428105 0.338640
v 1.826867 0.343551 0.229730
v 1.951195 0.522066 0.322066
v 1.795311 0.407140 0.218486
v 1.997261 0.428105 0.338640
v 2.042256 0.333607 0.322065
v 1.826867 0.343551 0.229730
v 1.858429 0.279956 0.218486
v 1.951195 0.522066 0.322066
v 1.795311 0.407140 0.218486
v 1.904547 0.604301 0.273968
v 1.766845 0.464508 0.185859
v 1.904547 0.604301 0.273968
v 1.766845 0.464508 0.185859
v 1.874723 0.673142 0.199050
v 1.744253 0.510032 0.135036
v 2.134591 0.136714 0.104643
v 1.923990 0.147833 0.070991
v 2.115357 0.180866 0.199049
v 1.909487 0.177063 0.135036
v 2.147448 0.124588 -0.000000
v 1.928988 0.137766 -0.000000
v 2.134591 0.136714 0.104643
v 1.923990 0.147833 0.070991
v 2.081854 0.247878 0.273967
v 1.886894 0.222594 0.185859
v 2.042256 0.333607 0.322065
v 1.858429 0.279956 0.218486
v 2.081854 0.247878 0.273967
v 2.115357 0.180866 0.199049
v 1.886894 0.222594 0.185859
v 1.909487 0.177063 0.135036
v 2.071192 -0.278979 0.229887
v 1.888208 -0.231998 0.246736
v 2.038179 -0.377946 0.210803
v 1.863283 -0.297848 0.232297
v 2.089178 -0.185468 0.278991
v 1.900640 -0.169305 0.279611
v 2.071192 -0.278979 0.229887
v 1.888208 -0.231998 0.246736
v 2.089178 -0.185468 0.278991
v 2.082103 -0.105018 0.345950
v 1.900640 -0.169305 0.279611
v 1.899360 -0.115896 0.327696
v 2.082103 -0.105018 0.345950
v 2.055238 -0.045179 0.429393
v 1.899360 -0.115896 0.327696
v 1.884490 -0.077003 0.386280
v 2.017286 -0.015799 0.523871
v 1.857488 -0.056430 0.449633
v 2.055238 -0.045179 0.429393
v 1.884490 -0.077003 0.386280
v 1.783943 -0.627968 0.388658
v 1.848243 -0.599208 0.309482
v 1.700095 -0.472182 0.358442
v 1.742502 -0.452053 0.304013
v 1.982803 -0.468216 0.216513
v 1.828297 -0.360404 0.237694
v 1.917183 -0.544374 0.250414
v 1.786680 -0.413539 0.262403
v 2.038179 -0.377946 0.210803
v 1.863283 -0.297848 0.232297
v 1.982803 -0.468216 0.216513
v 1.828297 -0.360404 0.237694
v 1.917183 -0.544374 0.250414
v 1.786680 -0.413539 0.262403
v 1.848243 -0.599208 0.309482
v 1.742502 -0.452053 0.304013
v 1.686937 -0.595569 0.571309
v 1.636605 -0.451380 0.483718
v 1.669042 -0.540598 0.659385
v 1.621735 -0.412487 0.542302
v 1.686937 -0.595569 0.571309
v 1.725830 -0.625433 0.477380
v 1.636605 -0.451380 0.483718
v 1.663606 -0.471953 0.420364
v 1.783943 -0.627968 0.388658
v 1.700095 -0.472182 0.358442
v 1.725830 -0.625433 0.477380
v 1.663606 -0.471953 0.420364
v 2.005552 -0.021490 0.532070
v 1.968763 -0.021522 0.591824
v 1.857488 -0.056430 0.449633
v 1.821000 -0.056201 0.511556
v 1.664188 -0.521397 0.667146
v 1.621735 -0.412487 0.542302
v 1.669016 -0.466890 0.712572
v 1.620448 -0.359077 0.590387
v 1.902117 -0.045702 0.696062
v 1.778592 -0.076330 0.565985
v 1.962243 -0.014819 0.614416
v 1.821000 -0.056201 0.511556
v 1.725379 -0.273674 0.802542
v 1.693986 -0.373464 0.784412
v 1.657811 -0.230535 0.637701
v 1.632880 -0.296384 0.623262
v 1.725379 -0.273674 0.802542
v 1.657811 -0.230535 0.637701
v 1.774391 -0.180163 0.793069
v 1.692797 -0.167979 0.632304
v 1.834027 -0.100974 0.755633
v 1.774391 -0.180163 0.793069
v 1.902117 -0.045702 0.696062
v 1.692797 -0.167979 0.632304
v 1.778592 -0.076330 0.565985
v 1.734414 -0.114844 0.607595
v 1.693986 -0.373464 0.784412
v 1.668931 -0.462460 0.731982
v 1.632880 -0.296384 0.623262
v 1.620448 -0.359077 0.590387
v 1.904547 0.604301 0.273968
v 1.863139 0.628049 0.359677
v 1.951195 0.522066 0.322066
v 1.966679 0.488505 0.357227
v 2.134591 0.136714 0.104643
v 2.142901 -0.010161 0.172492
v 2.147448 0.124588 -0.000000
v 2.162057 -0.010997 -0.000000
v 1.725830 -0.625433 0.477380
v 1.638016 -0.666442 0.532136
v 1.783943 -0.627968 0.388658
v 1.678502 -0.727979 0.365890
v 1.917183 -0.544374 0.250414
v 1.844193 -0.657642 0.180038
v 1.982803 -0.468216 0.216513
v 1.963968 -0.520940 0.176980
v 1.632880 -0.296384 0.623262
v 1.674040 -0.306766 0.618970
v 1.657811 -0.230535 0.637701
v 1.696266 -0.248064 0.631847
v 1.657811 -0.230535 0.637701
v 1.696266 -0.248064 0.631847
v 1.692797 -0.167979 0.632304
v 1.727450 -0.192296 0.627032
v 1.692797 -0.167979 0.632304
v 1.727450 -0.192296 0.627032
v 1.734414 -0.114844 0.607595
v 1.764552 -0.144929 0.605001
v 1.734414 -0.114844 0.607595
v 1.764552 -0.144929 0.605001
v 1.778592 -0.076330 0.565985
v 1.803935 -0.110590 0.567912
v 1.778592 -0.076330 0.565985
v 1.803935 -0.110590 0.567912
v 1.821000 -0.056201 0.511556
v 1.841743 -0.092650 0.519389
v 1.821000 -0.056201 0.511556
v 1.841743 -0.092650 0.519389
v 1.857488 -0.056430 0.449633
v 1.874272 -0.092853 0.464190
v 1.857488 -0.056430 0.449633
v 1.874272 -0.092853 0.464190
v 1.884490 -0.077003 0.386280
v 1.898341 -0.111192 0.407709
v 1.884490 -0.077003 0.386280
v 1.898341 -0.111192 0.407709
v 1.899360 -0.115896 0.327696
v 1.911597 -0.145864 0.355482
v 1.899360 -0.115896 0.327696
v 1.911597 -0.145864 0.355482
v 1.900640 -0.169305 0.279611
v 1.912740 -0.193478 0.312618
v 1.900640 -0.169305 0.279611
v 1.912740 -0.193478 0.312618
v 1.888208 -0.231998 0.246736
v 1.901660 -0.249371 0.283309
v 1.888208 -0.231998 0.246736
v 1.901660 -0.249371 0.283309
v 1.863283 -0.297848 0.232297
v 1.879433 -0.308072 0.270432
v 1.863283 -0.297848 0.232297
v 1.879433 -0.308072 0.270432
v 1.828297 -0.360404 0.237694
v 1.848243 -0.363840 0.275247
v 1.828297 -0.360404 0.237694
v 1.848243 -0.363840 0.275247
v 1.786680 -0.413539 0.262403
v 1.811148 -0.411206 0.297277
v 1.786680 -0.413539 0.262403
v 1.811148 -0.411206 0.297277
v 1.742502 -0.452053 0.304013
v 1.771765 -0.445545 0.334367
v 1.742502 -0.452053 0.304013
v 1.771765 -0.445545 0.334367
v 1.700095 -0.472182 0.358442
v 1.733957 -0.463486 0.382889
v 1.700095 -0.472182 0.358442
v 1.733957 -0.463486 0.382889
v 1.663606 -0.471953 0.420364
v 1.701428 -0.463283 0.438089
v 1.663606 -0.471953 0.420364
v 1.701428 -0.463283 0.438089
v 1.636605 -0.451380 0.483718
v 1.677353 -0.444944 0.494569
v 1.636605 -0.451380 0.483718
v 1.677353 -0.444944 0.494569
v 1.621735 -0.412487 0.542302
v 1.664097 -0.410272 0.546796
v 1.621735 -0.412487 0.542302
v 1.664097 -0.410272 0.546796
v 1.620448 -0.359077 0.590387
v 1.662953 -0.362658 0.589661
v 1.620448 -0.359077 0.590387
v 1.662953 -0.362658 0.589661
v 1.632880 -0.296384 0.623262
v 1.674040 -0.306766 0.618970
v 1.674040 -0.306766 0.618970
v 1.713508 -0.296815 0.560765
v 1.696266 -0.248064 0.631847
v 1.728025 -0.258471 0.569173
v 1.696266 -0.248064 0.631847
v 1.728025 -0.258471 0.569173
v 1.727450 -0.192296 0.627032
v 1.748395 -0.222042 0.566030
v 1.727450 -0.192296 0.627032
v 1.748395 -0.222042 0.566030
v 1.764552 -0.144929 0.605001
v 1.772634 -0.191100 0.551644
v 1.764552 -0.144929 0.605001
v 1.772634 -0.191100 0.551644
v 1.803935 -0.110590 0.567912
v 1.798355 -0.168671 0.527412
v 1.803935 -0.110590 0.567912
v 1.798355 -0.168671 0.527412
v 1.841743 -0.092650 0.519389
v 1.823051 -0.156951 0.495719
v 1.841743 -0.092650 0.519389
v 1.823051 -0.156951 0.495719
v 1.874272 -0.092853 0.464190
v 1.844297 -0.157088 0.459662
v 1.874272 -0.092853 0.464190
v 1.844297 -0.157088 0.459662
v 1.898341 -0.111192 0.407709
v 1.860023 -0.169064 0.422769
v 1.898341 -0.111192 0.407709
v 1.860023 -0.169064 0.422769
v 1.911597 -0.145864 0.355482
v 1.868680 -0.191714 0.388658
v 1.911597 -0.145864 0.355482
v 1.868680 -0.191714 0.388658
v 1.912740 -0.193478 0.312618
v 1.869431 -0.222813 0.360657
v 1.912740 -0.193478 0.312618
v 1.869431 -0.222813 0.360657
v 1.901660 -0.249371 0.283309
v 1.862185 -0.259321 0.341514
v 1.901660 -0.249371 0.283309
v 1.862185 -0.259321 0.341514
v 1.879433 -0.308072 0.270432
v 1.847675 -0.297665 0.333106
v 1.879433 -0.308072 0.270432
v 1.847675 -0.297665 0.333106
v 1.848243 -0.363840 0.275247
v 1.827298 -0.334094 0.336248
v 1.848243 -0.363840 0.275247
v 1.827298 -0.334094 0.336248
v 1.811148 -0.411206 0.297277
v 1.803066 -0.365036 0.350635
v 1.811148 -0.411206 0.297277
v 1.803066 -0.365036 0.350635
v 1.771765 -0.445545 0.334367
v 1.777344 -0.387465 0.374867
v 1.771765 -0.445545 0.334367
v 1.777344 -0.387465 0.374867
v 1.733957 -0.463486 0.382889
v 1.752649 -0.399185 0.406560
v 1.733957 -0.463486 0.382889
v 1.752649 -0.399185 0.406560
v 1.701428 -0.463283 0.438089
v 1.731396 -0.399048 0.442617
v 1.701428 -0.463283 0.438089
v 1.731396 -0.399048 0.442617
v 1.677353 -0.444944 0.494569
v 1.715677 -0.387073 0.479510
v 1.677353 -0.444944 0.494569
v 1.715677 -0.387073 0.479510
v 1.664097 -0.410272 0.546796
v 1.707014 -0.364422 0.513627
v 1.664097 -0.410272 0.546796
v 1.707014 -0.364422 0.513627
v 1.662953 -0.362658 0.589661
v 1.706269 -0.333323 0.541622
v 1.662953 -0.362658 0.589661
v 1.706269 -0.333323 0.541622
v 1.674040 -0.306766 0.618970
v 1.713508 -0.296815 0.560765
v 1.713508 -0.296815 0.560765
v 1.696364 -0.282658 0.535853
v 1.728025 -0.258471 0.569173
v 1.709483 -0.248005 0.543458
v 1.728025 -0.258471 0.569173
v 1.709483 -0.248005 0.543458
v 1.748395 -0.222042 0.566030
v 1.727894 -0.215084 0.540616
v 1.748395 -0.222042 0.566030
v 1.727894 -0.215084 0.540616
v 1.772634 -0.191100 0.551644
v 1.749800 -0.187121 0.527608
v 1.772634 -0.191100 0.551644
v 1.749800 -0.187121 0.527608
v 1.798355 -0.168671 0.527412
v 1.773045 -0.166849 0.505715
v 1.798355 -0.168671 0.527412
v 1.773045 -0.166849 0.505715
v 1.823051 -0.156951 0.495719
v 1.795370 -0.156252 0.477067
v 1.823051 -0.156951 0.495719
v 1.795370 -0.156252 0.477067
v 1.844297 -0.157088 0.459662
v 1.814571 -0.156376 0.444479
v 1.844297 -0.157088 0.459662
v 1.814571 -0.156376 0.444479
v 1.860023 -0.169064 0.422769
v 1.828781 -0.167202 0.411133
v 1.860023 -0.169064 0.422769
v 1.828781 -0.167202 0.411133
v 1.868680 -0.191714 0.388658
v 1.836608 -0.187670 0.380302
v 1.868680 -0.191714 0.388658
v 1.836608 -0.187670 0.380302
v 1.869431 -0.222813 0.360657
v 1.837281 -0.215776 0.354992
v 1.869431 -0.222813 0.360657
v 1.837281 -0.215776 0.354992
v 1.862185 -0.259321 0.341514
v 1.830741 -0.248776 0.337692
v 1.862185 -0.259321 0.341514
v 1.830741 -0.248776 0.337692
v 1.847675 -0.297665 0.333106
v 1.817622 -0.283429 0.330094
v 1.847675 -0.297665 0.333106
v 1.817622 -0.283429 0.330094
v 1.827298 -0.334094 0.336248
v 1.799205 -0.316356 0.332936
v 1.827298 -0.334094 0.336248
v 1.799205 -0.316356 0.332936
v 1.803066 -0.365036 0.350635
v 1.777305 -0.344319 0.345937
v 1.803066 -0.365036 0.350635
v 1.777305 -0.344319 0.345937
v 1.777344 -0.387465 0.374867
v 1.754053 -0.364592 0.367837
v 1.777344 -0.387465 0.374867
v 1.754053 -0.364592 0.367837
v 1.752649 -0.399185 0.406560
v 1.731736 -0.375182 0.396479
v 1.752649 -0.399185 0.406560
v 1.731736 -0.375182 0.396479
v 1.731396 -0.399048 0.442617
v 1.712528 -0.375058 0.429073
v 1.731396 -0.399048 0.442617
v 1.712528 -0.375058 0.429073
v 1.715677 -0.387073 0.479510
v 1.698318 -0.364239 0.462413
v 1.715677 -0.387073 0.479510
v 1.698318 -0.364239 0.462413
v 1.707014 -0.364422 0.513627
v 1.690497 -0.343770 0.493250
v 1.707014 -0.364422 0.513627
v 1.690497 -0.343770 0.493250
v 1.706269 -0.333323 0.541622
v 1.689818 -0.315657 0.518553
v 1.706269 -0.333323 0.541622
v 1.689818 -0.315657 0.518553
v 1.713508 -0.296815 0.560765
v 1.696364 -0.282658 0.535853
v 1.604304 -0.597425 0.677129
v 1.597457 -0.579543 0.685152
v 1.482458 -0.657080 0.688758
v 1.476500 -0.638584 0.696559
v 1.482458 -0.657080 0.688758
v 1.476500 -0.638584 0.696559
v 1.349343 -0.698181 0.694501
v 1.344240 -0.679117 0.702027
v 1.349343 -0.698181 0.694501
v 1.344240 -0.679117 0.702027
v 1.193439 -0.729828 0.698160
v 1.188885 -0.710026 0.705144
v 1.193439 -0.729828 0.698160
v 1.188885 -0.710026 0.705144
v 1.020692 -0.740811 0.692580
v 1.017014 -0.720734 0.699414
v 0.872217 -0.739223 0.683649
v 1.020692 -0.740811 0.692580
v 0.865468 -0.718669 0.689542
v 1.017014 -0.720734 0.699414
v 0.831612 -0.739576 0.681369
v 0.824027 -0.718107 0.686844
v 0.811549 -0.680848 0.568859
v 0.802840 -0.669545 0.584265
v 1.669042 -0.540598 0.659385
v 1.664188 -0.521397 0.667146
v 1.604304 -0.597425 0.677129
v 1.597457 -0.579543 0.685152
v 0.361184 0.918441 0.515928
v 0.171516 0.956073 0.464935
v 0.351717 0.894608 0.517352
v 0.179787 0.933199 0.466791
v 1.147745 0.857224 0.604663
v 0.996140 0.860850 0.609615
v 1.145230 0.840277 0.611575
v 0.992534 0.843452 0.616253
v 1.557715 0.773369 0.540878
v 1.416034 0.816855 0.569664
v 1.553272 0.757324 0.548457
v 1.414022 0.800038 0.576674
v 1.557715 0.773369 0.540878
v 1.553272 0.757324 0.548457
v 1.695776 0.692918 0.518802
v 1.688942 0.678140 0.526688
v 1.695776 0.692918 0.518802
v 1.688942 0.678140 0.526688
v 1.817537 0.586550 0.501155
v 1.808841 0.573438 0.509328
v 1.817537 0.586550 0.501155
v 1.808841 0.573438 0.509328
v 1.915373 0.457400 0.495138
v 1.904907 0.446561 0.503396
v 1.915373 0.457400 0.495138
v 1.904907 0.446561 0.503396
v 1.983045 0.311486 0.499881
v 1.971409 0.303077 0.508042
v 1.983045 0.311486 0.499881
v 1.971409 0.303077 0.508042
v 2.016992 0.154765 0.510831
v 2.004814 0.148546 0.518795
v 2.016992 0.154765 0.510831
v 2.004814 0.148546 0.518795
v 2.017286 -0.015799 0.523871
v 2.005552 -0.021490 0.532070
v 0.141829 0.905433 0.363075
v 0.150688 0.886330 0.375906
v 0.171516 0.956073 0.464935
v 0.179787 0.933199 0.466791
v 0.503426 0.890217 0.554174
v 0.662316 0.875119 0.590962
v 0.520589 1.016362 0.414655
v 0.686045 0.983532 0.461538
v 0.520589 1.016362 0.414655
v 0.686045 0.983532 0.461538
v 0.544958 1.099988 0.276418
v 0.706716 1.064113 0.308372
v 0.565532 1.154998 0.135521
v 0.726231 1.119352 0.156284
v 0.577435 1.173193 0.000001
v 0.739428 1.135673 0.000001
v 0.544958 1.099988 0.276418
v 0.706716 1.064113 0.308372
v 0.565532 1.154998 0.135521
v 0.726231 1.119352 0.156284
v 0.502198 0.870402 0.557662
v 0.655867 0.855852 0.595523
v 0.503426 0.890217 0.554174
v 0.662316 0.875119 0.590962
v 1.461578 0.954766 0.183625
v 1.468098 0.973758 0.000001
v 1.331781 0.994691 0.183854
v 1.337772 1.014108 0.000001
v 1.445650 0.905511 0.368628
v 1.461578 0.954766 0.183625
v 1.317989 0.944012 0.368027
v 1.331781 0.994691 0.183854
v 1.425024 0.846451 0.539552
v 1.445650 0.905511 0.368628
v 1.302956 0.882632 0.536592
v 1.317989 0.944012 0.368027
v 1.416034 0.816855 0.569664
v 1.425024 0.846451 0.539552
v 1.291647 0.840107 0.588421
v 1.302956 0.882632 0.536592
v 1.291647 0.840107 0.588421
v 1.286806 0.823813 0.595823
v 1.416034 0.816855 0.569664
v 1.414022 0.800038 0.576674
v 1.170135 0.979769 0.364937
v 1.157845 0.910254 0.531235
v 1.317989 0.944012 0.368027
v 1.302956 0.882632 0.536592
v 1.190185 1.050674 0.000001
v 1.183796 1.031179 0.182861
v 1.337772 1.014108 0.000001
v 1.331781 0.994691 0.183854
v 1.183796 1.031179 0.182861
v 1.170135 0.979769 0.364937
v 1.331781 0.994691 0.183854
v 1.317989 0.944012 0.368027
v 1.157845 0.910254 0.531235
v 1.147745 0.857224 0.604663
v 1.302956 0.882632 0.536592
v 1.291647 0.840107 0.588421
v 1.147745 0.857224 0.604663
v 1.145230 0.840277 0.611575
v 1.291647 0.840107 0.588421
v 1.286806 0.823813 0.595823
v 0.878365 1.109396 0.000001
v 0.868663 1.091344 0.165404
v 1.026847 1.081962 0.000001
v 1.020046 1.062434 0.179111
v 0.868663 1.091344 0.165404
v 0.853199 1.037405 0.332963
v 1.020046 1.062434 0.179111
v 1.006855 1.010142 0.356777
v 0.840851 0.957144 0.491036
v 0.832057 0.866691 0.605101
v 0.998375 0.932696 0.520142
v 0.996140 0.860850 0.609615
v 0.853199 1.037405 0.332963
v 0.840851 0.957144 0.491036
v 1.006855 1.010142 0.356777
v 0.998375 0.932696 0.520142
v 0.832057 0.866691 0.605101
v 0.826752 0.848469 0.610843
v 0.996140 0.860850 0.609615
v 0.992534 0.843452 0.616253
v 0.662316 0.875119 0.590962
v 0.655867 0.855852 0.595523
v 0.832057 0.866691 0.605101
v 0.826752 0.848469 0.610843
v 0.361184 0.918441 0.515928
v 0.351717 0.894608 0.517352
v 0.503426 0.890217 0.554174
v 0.502198 0.870402 0.557662
v 0.872217 -0.739223 0.683649
v 0.865468 -0.718669 0.689542
v 0.831612 -0.739576 0.681369
v 0.824027 -0.718107 0.686844
v 0.872217 -0.739223 0.683649
v 0.893051 -0.831048 0.538427
v 1.020692 -0.740811 0.692580
v 1.058761 -0.826749 0.537866
v 1.590179 -0.538351 0.734929
v 1.474239 -0.594354 0.747780
v 1.597457 -0.579543 0.685152
v 1.476500 -0.638584 0.696559
v 1.340784 -0.640584 0.753385
v 1.180032 -0.663646 0.752124
v 1.344240 -0.679117 0.702027
v 1.188885 -0.710026 0.705144
v 0.826752 0.848469 0.610843
v 0.655867 0.855852 0.595523
v 0.816357 0.784606 0.682696
v 0.643441 0.798242 0.649723
v 1.966980 0.145442 0.584271
v 2.004814 0.148546 0.518795
v 1.937031 0.285928 0.575125
v 1.971409 0.303077 0.508042
v 1.877454 0.417475 0.572714
v 1.904907 0.446561 0.503396
v 1.791032 0.533983 0.579724
v 1.808841 0.573438 0.509328
v 1.553272 0.757324 0.548457
v 1.545302 0.707847 0.621682
v 1.688942 0.678140 0.526688
v 1.669793 0.637888 0.598815
v 1.145230 0.840277 0.611575
v 0.992534 0.843452 0.616253
v 1.132601 0.784175 0.686597
v 0.979676 0.784247 0.688785
v 1.286806 0.823813 0.595823
v 1.274804 0.772481 0.672269
v 1.414022 0.800038 0.576674
v 1.407018 0.751045 0.652081
v 0.351717 0.894608 0.517352
v 0.337115 0.835423 0.567495
v 0.502198 0.870402 0.557662
v 0.483950 0.812412 0.614182
v 0.863462 -0.675922 0.743697
v 0.865468 -0.718669 0.689542
v 1.008599 -0.674282 0.748969
v 1.017014 -0.720734 0.699414
v 1.188885 -0.710026 0.705144
v 1.166528 -0.671636 0.689131
v 1.017014 -0.720734 0.699414
v 1.030296 -0.680142 0.684283
v 1.476500 -0.638584 0.696559
v 1.449831 -0.603977 0.686001
v 1.344240 -0.679117 0.702027
v 1.348317 -0.634710 0.689915
v 1.669016 -0.466890 0.712572
v 1.622656 -0.455313 0.710259
v 1.664188 -0.521397 0.667146
v 1.627491 -0.498282 0.660580
v 1.664188 -0.521397 0.667146
v 1.627491 -0.498282 0.660580
v 1.597457 -0.579543 0.685152
v 1.582711 -0.536959 0.672432
v 0.502198 0.870402 0.557662
v 0.531519 0.828432 0.548019
v 0.655867 0.855852 0.595523
v 0.628284 0.819383 0.571970
v 1.904907 0.446561 0.503396
v 1.880583 0.397914 0.499600
v 1.971409 0.303077 0.508042
v 1.922729 0.305462 0.502899
v 2.004814 0.148546 0.518795
v 1.962792 0.116578 0.515169
v 2.005552 -0.021490 0.532070
v 1.963765 0.017782 0.523636
v 2.005552 -0.021490 0.532070
v 1.963765 0.017782 0.523636
v 1.968763 -0.021522 0.591824
v 1.920815 0.022323 0.588616
v 0.179787 0.933199 0.466791
v 0.201386 0.889616 0.460545
v 0.351717 0.894608 0.517352
v 0.320749 0.864398 0.486561
v 1.688942 0.678140 0.526688
v 1.683807 0.626612 0.517679
v 1.808841 0.573438 0.509328
v 1.758914 0.560985 0.506781
v 1.414022 0.800038 0.576674
v 1.427278 0.752175 0.563202
v 1.553272 0.757324 0.548457
v 1.511309 0.726545 0.546275
v 1.145230 0.840277 0.611575
v 1.165365 0.796406 0.598868
v 1.286806 0.823813 0.595823
v 1.249913 0.786253 0.589218
v 0.826752 0.848469 0.610843
v 0.855884 0.807140 0.598874
v 0.992534 0.843452 0.616253
v 0.960162 0.803736 0.602076
v 1.507624 0.677826 0.619415
v 1.668480 0.595416 0.585055
v 1.545302 0.707847 0.621682
v 1.669793 0.637888 0.598815
v 1.180032 -0.663646 0.752124
v 1.159720 -0.629137 0.742658
v 1.188885 -0.710026 0.705144
v 1.166528 -0.671636 0.689131
v 1.166528 -0.671636 0.689131
v 1.159720 -0.629137 0.742658
v 1.030296 -0.680142 0.684283
v 1.022574 -0.639041 0.739966
v 1.030296 -0.680142 0.684283
v 1.022574 -0.639041 0.739966
v 1.017014 -0.720734 0.699414
v 1.008599 -0.674282 0.748969
v 0.863462 -0.675922 0.743697
v 0.834173 -0.636585 0.732002
v 0.865468 -0.718669 0.689542
v 0.837009 -0.681854 0.653857
v 0.201386 0.889616 0.460545
v 0.232981 0.827517 0.509414
v 0.320749 0.864398 0.486561
v 0.318247 0.815561 0.544008
v 0.320749 0.864398 0.486561
v 0.318247 0.815561 0.544008
v 0.351717 0.894608 0.517352
v 0.337115 0.835423 0.567495
v 0.483950 0.812412 0.614182
v 0.515141 0.778211 0.608753
v 0.502198 0.870402 0.557662
v 0.531519 0.828432 0.548019
v 0.531519 0.828432 0.548019
v 0.515141 0.778211 0.608753
v 0.628284 0.819383 0.571970
v 0.614642 0.770998 0.631208
v 0.628284 0.819383 0.571970
v 0.614642 0.770998 0.631208
v 0.655867 0.855852 0.595523
v 0.643441 0.798242 0.649723
v 0.816357 0.784606 0.682696
v 0.842922 0.748967 0.672596
v 0.826752 0.848469 0.610843
v 0.855884 0.807140 0.598874
v 0.855884 0.807140 0.598874
v 0.842922 0.748967 0.672596
v 0.960162 0.803736 0.602076
v 0.951002 0.750849 0.677457
v 0.960162 0.803736 0.602076
v 0.951002 0.750849 0.677457
v 0.992534 0.843452 0.616253
v 0.979676 0.784247 0.688785
v 1.132601 0.784175 0.686597
v 1.151253 0.746171 0.674053
v 1.145230 0.840277 0.611575
v 1.165365 0.796406 0.598868
v 1.165365 0.796406 0.598868
v 1.151253 0.746171 0.674053
v 1.249913 0.786253 0.589218
v 1.247469 0.736763 0.665579
v 1.249913 0.786253 0.589218
v 1.247469 0.736763 0.665579
v 1.286806 0.823813 0.595823
v 1.274804 0.772481 0.672269
v 1.407018 0.751045 0.652081
v 1.422646 0.706031 0.638074
v 1.414022 0.800038 0.576674
v 1.427278 0.752175 0.563202
v 1.427278 0.752175 0.563202
v 1.422646 0.706031 0.638074
v 1.511309 0.726545 0.546275
v 1.507624 0.677826 0.619415
v 1.511309 0.726545 0.546275
v 1.507624 0.677826 0.619415
v 1.553272 0.757324 0.548457
v 1.545302 0.707847 0.621682
v 1.669793 0.637888 0.598815
v 1.668480 0.595416 0.585055
v 1.688942 0.678140 0.526688
v 1.683807 0.626612 0.517679
v 1.683807 0.626612 0.517679
v 1.668480 0.595416 0.585055
v 1.758914 0.560985 0.506781
v 1.743090 0.521211 0.575961
v 1.758914 0.560985 0.506781
v 1.743090 0.521211 0.575961
v 1.808841 0.573438 0.509328
v 1.791032 0.533983 0.579724
v 1.877454 0.417475 0.572714
v 1.845944 0.383489 0.565325
v 1.904907 0.446561 0.503396
v 1.880583 0.397914 0.499600
v 1.880583 0.397914 0.499600
v 1.845944 0.383489 0.565325
v 1.922729 0.305462 0.502899
v 1.889024 0.287959 0.567579
v 1.922729 0.305462 0.502899
v 1.889024 0.287959 0.567579
v 1.971409 0.303077 0.508042
v 1.937031 0.285928 0.575125
v 1.966980 0.145442 0.584271
v 1.922769 0.117258 0.576164
v 2.004814 0.148546 0.518795
v 1.962792 0.116578 0.515169
v 1.962792 0.116578 0.515169
v 1.922769 0.117258 0.576164
v 1.963765 0.017782 0.523636
v 1.920815 0.022323 0.588616
v 1.622656 -0.455313 0.710259
v 1.573101 -0.500412 0.719994
v 1.627491 -0.498282 0.660580
v 1.582711 -0.536959 0.672432
v 1.582711 -0.536959 0.672432
v 1.573101 -0.500412 0.719994
v 1.597457 -0.579543 0.685152
v 1.590179 -0.538351 0.734929
v 1.474239 -0.594354 0.747780
v 1.450164 -0.562929 0.738960
v 1.476500 -0.638584 0.696559
v 1.449831 -0.603977 0.686001
v 1.449831 -0.603977 0.686001
v 1.450164 -0.562929 0.738960
v 1.348317 -0.634710 0.689915
v 1.342659 -0.600704 0.743017
v 1.348317 -0.634710 0.689915
v 1.342659 -0.600704 0.743017
v 1.344240 -0.679117 0.702027
v 1.340784 -0.640584 0.753385
v 1.247469 0.736763 0.665579
v 1.422646 0.706031 0.638074
v 1.274804 0.772481 0.672269
v 1.407018 0.751045 0.652081
v 0.951002 0.750849 0.677457
v 1.151253 0.746171 0.674053
v 0.979676 0.784247 0.688785
v 1.132601 0.784175 0.686597
v 0.614642 0.770998 0.631208
v 0.842922 0.748967 0.672596
v 0.643441 0.798242 0.649723
v 0.816357 0.784606 0.682696
v 0.318247 0.815561 0.544008
v 0.515141 0.778211 0.608753
v 0.337115 0.835423 0.567495
v 0.483950 0.812412 0.614182
v 1.573101 -0.500412 0.719994
v 1.450164 -0.562929 0.738960
v 1.590179 -0.538351 0.734929
v 1.474239 -0.594354 0.747780
v 1.743090 0.521211 0.575961
v 1.845944 0.383489 0.565325
v 1.791032 0.533983 0.579724
v 1.877454 0.417475 0.572714
v 1.889024 0.287959 0.567579
v 1.922769 0.117258 0.576164
v 1.937031 0.285928 0.575125
v 1.966980 0.145442 0.584271
v 1.342659 -0.600704 0.743017
v 1.159720 -0.629137 0.742658
v 1.340784 -0.640584 0.753385
v 1.180032 -0.663646 0.752124
v 1.022574 -0.639041 0.739966
v 0.834173 -0.636585 0.732002
v 1.008599 -0.674282 0.748969
v 0.863462 -0.675922 0.743697
v 1.920815 0.022323 0.588616
v 1.827625 0.060046 0.591647
v 1.902117 -0.045702 0.696062
v 1.798127 0.024818 0.685217
v 1.689707 -0.124604 0.792062
v 1.629137 -0.219834 0.803927
v 1.774391 -0.180163 0.793069
v 1.725379 -0.273674 0.802542
v 1.798127 0.024818 0.685217
v 1.747670 -0.042337 0.756717
v 1.902117 -0.045702 0.696062
v 1.834027 -0.100974 0.755633
v 1.747670 -0.042337 0.756717
v 1.689707 -0.124604 0.792062
v 1.834027 -0.100974 0.755633
v 1.774391 -0.180163 0.793069
v 1.629137 -0.219834 0.803927
v 1.571023 -0.315474 0.775481
v 1.725379 -0.273674 0.802542
v 1.693986 -0.373464 0.784412
v 1.642445 -0.123762 0.643888
v 1.689707 -0.124604 0.792062
v 1.718192 -0.037620 0.617761
v 1.747670 -0.042337 0.756717
v 1.587958 -0.235121 0.668061
v 1.629137 -0.219834 0.803927
v 1.642445 -0.123762 0.643888
v 1.689707 -0.124604 0.792062
v 0.201386 0.889616 0.460545
v 0.150688 0.886330 0.375906
v 0.232981 0.827517 0.509414
v 0.186105 0.809903 0.427225
v 0.286567 0.683968 0.593256
v 0.236378 0.660592 0.526211
v 0.395359 0.436049 0.717955
v 0.337272 0.429732 0.647847
v 0.802840 -0.669545 0.584265
v 0.837009 -0.681854 0.653857
v 0.762118 -0.616672 0.656340
v 0.834173 -0.636585 0.732002
v 0.762118 -0.616672 0.656340
v 0.834173 -0.636585 0.732002
v 0.665556 -0.468516 0.756855
v 0.737135 -0.482092 0.812969
v 0.593611 -0.340627 0.797942
v 0.661708 -0.348017 0.856043
v 0.532101 -0.200266 0.819594
v 0.596643 -0.200867 0.878746
v 0.665556 -0.468516 0.756855
v 0.737135 -0.482092 0.812969
v 0.593611 -0.340627 0.797942
v 0.661708 -0.348017 0.856043
v 0.532101 -0.200266 0.819594
v 0.596643 -0.200867 0.878746
v 0.470681 -0.048955 0.812734
v 0.531781 -0.042239 0.871553
v 0.470681 -0.048955 0.812734
v 0.531781 -0.042239 0.871553
v 0.424752 0.110568 0.779545
v 0.482487 0.125006 0.836757
v 0.424752 0.110568 0.779545
v 0.482487 0.125006 0.836757
v 0.337272 0.429732 0.647847
v 0.395359 0.436049 0.717955
v 0.286567 0.683968 0.593256
v 0.470034 0.687241 0.616612
v 0.232981 0.827517 0.509414
v 0.318247 0.815561 0.544008
v 0.470034 0.687241 0.616612
v 0.795660 0.664453 0.662103
v 0.515141 0.778211 0.608753
v 0.614642 0.770998 0.631208
v 0.795660 0.664453 0.662103
v 1.096256 0.649903 0.666213
v 0.842922 0.748967 0.672596
v 0.951002 0.750849 0.677457
v 1.096256 0.649903 0.666213
v 1.328599 0.629330 0.644503
v 1.151253 0.746171 0.674053
v 1.247469 0.736763 0.665579
v 1.328599 0.629330 0.644503
v 1.540519 0.558744 0.603028
v 1.422646 0.706031 0.638074
v 1.507624 0.677826 0.619415
v 1.540519 0.558744 0.603028
v 1.684585 0.451141 0.579247
v 1.668480 0.595416 0.585055
v 1.743090 0.521211 0.575961
v 1.684585 0.451141 0.579247
v 1.757268 0.355193 0.571041
v 1.743090 0.521211 0.575961
v 1.845944 0.383489 0.565325
v 1.757268 0.355193 0.571041
v 1.803040 0.253692 0.573420
v 1.845944 0.383489 0.565325
v 1.889024 0.287959 0.567579
v 1.803040 0.253692 0.573420
v 1.828722 0.133976 0.580789
v 1.889024 0.287959 0.567579
v 1.922769 0.117258 0.576164
v 0.236378 0.660592 0.526211
v 0.286567 0.683968 0.593256
v 0.186105 0.809903 0.427225
v 0.232981 0.827517 0.509414
v 1.828722 0.133976 0.580789
v 1.827625 0.060046 0.591647
v 1.922769 0.117258 0.576164
v 1.920815 0.022323 0.588616
v 1.265684 -0.491762 0.719994
v 0.992606 -0.510473 0.741508
v 1.159720 -0.629137 0.742658
v 1.022574 -0.639041 0.739966
v 1.513008 -0.412755 0.705150
v 1.430793 -0.447250 0.716616
v 1.573101 -0.500412 0.719994
v 1.450164 -0.562929 0.738960
v 1.430793 -0.447250 0.716616
v 1.265684 -0.491762 0.719994
v 1.450164 -0.562929 0.738960
v 1.342659 -0.600704 0.743017
v 1.239133 -0.296260 0.704275
v 1.057076 -0.308738 0.723986
v 1.265684 -0.491762 0.719994
v 0.992606 -0.510473 0.741508
v 1.057076 -0.308738 0.723986
v 0.886760 -0.289818 0.766256
v 0.992606 -0.510473 0.741508
v 0.737135 -0.482092 0.812969
v 0.886760 -0.289818 0.766256
v 0.836480 -0.200430 0.794970
v 0.737135 -0.482092 0.812969
v 0.661708 -0.348017 0.856043
v 0.836480 -0.200430 0.794970
v 0.785082 -0.102332 0.810107
v 0.661708 -0.348017 0.856043
v 0.596643 -0.200867 0.878746
v 0.785082 -0.102332 0.810107
v 0.735325 0.003422 0.805305
v 0.596643 -0.200867 0.878746
v 0.531781 -0.042239 0.871553
v 0.735325 0.003422 0.805305
v 0.686802 0.114919 0.782112
v 0.531781 -0.042239 0.871553
v 0.482487 0.125006 0.836757
v 0.686802 0.114919 0.782112
v 0.662322 0.302783 0.719778
v 0.482487 0.125006 0.836757
v 0.395359 0.436049 0.717955
v 0.654587 0.493562 0.667858
v 0.865951 0.479966 0.673320
v 0.470034 0.687241 0.616612
v 0.795660 0.664453 0.662103
v 0.865951 0.479966 0.673320
v 1.126179 0.464848 0.668414
v 0.795660 0.664453 0.662103
v 1.096256 0.649903 0.666213
v 1.126179 0.464848 0.668414
v 1.281076 0.451135 0.653942
v 1.096256 0.649903 0.666213
v 1.328599 0.629330 0.644503
v 1.281076 0.451135 0.653942
v 1.422352 0.404075 0.626293
v 1.328599 0.629330 0.644503
v 1.540519 0.558744 0.603028
v 1.422352 0.404075 0.626293
v 1.518398 0.332340 0.610437
v 1.540519 0.558744 0.603028
v 1.684585 0.451141 0.579247
v 1.518398 0.332340 0.610437
v 1.566849 0.268379 0.604970
v 1.684585 0.451141 0.579247
v 1.757268 0.355193 0.571041
v 1.566849 0.268379 0.604970
v 1.597366 0.200707 0.606556
v 1.757268 0.355193 0.571041
v 1.803040 0.253692 0.573420
v 1.597366 0.200707 0.606556
v 1.614489 0.120897 0.611469
v 1.803040 0.253692 0.573420
v 1.828722 0.133976 0.580789
v 1.614489 0.120897 0.611469
v 1.605656 0.019801 0.627528
v 1.828722 0.133976 0.580789
v 1.827625 0.060046 0.591647
v 1.482504 -0.193792 0.678266
v 1.372679 -0.256818 0.697454
v 1.513008 -0.412755 0.705150
v 1.430793 -0.447250 0.716616
v 1.372679 -0.256818 0.697454
v 1.239133 -0.296260 0.704275
v 1.430793 -0.447250 0.716616
v 1.265684 -0.491762 0.719994
v 0.662322 0.302783 0.719778
v 0.654587 0.493562 0.667858
v 0.395359 0.436049 0.717955
v 0.470034 0.687241 0.616612
v 0.824027 -0.718107 0.686844
v 0.865468 -0.718669 0.689542
v 0.802840 -0.669545 0.584265
v 0.837009 -0.681854 0.653857
v 0.300378 1.069144 0.340679
v 0.361184 0.918441 0.515928
v 0.520589 1.016362 0.414655
v 0.503426 0.890217 0.554174
v 1.513008 -0.412755 0.705150
v 1.668931 -0.462460 0.731982
v 1.571023 -0.315474 0.775481
v 1.693986 -0.373464 0.784412
v 0.762118 -0.616672 0.656340
v 0.779026 -0.665384 0.763538
v 0.665556 -0.468516 0.756855
v 0.626951 -0.516085 0.876420
v 0.532101 -0.200266 0.819594
v 0.593611 -0.340627 0.797942
v 0.400952 -0.210817 0.946320
v 0.518394 -0.374404 0.927491
v 0.593611 -0.340627 0.797942
v 0.665556 -0.468516 0.756855
v 0.518394 -0.374404 0.927491
v 0.626951 -0.516085 0.876420
v 0.532101 -0.200266 0.819594
v 0.400952 -0.210817 0.946320
v 0.470681 -0.048955 0.812734
v 0.305115 -0.039953 0.928961
v 0.470681 -0.048955 0.812734
v 0.305115 -0.039953 0.928961
v 0.424752 0.110568 0.779545
v 0.221273 0.148147 0.881784
v 0.518394 -0.374404 0.927491
v 0.626951 -0.516085 0.876420
v 0.658500 -0.313580 0.974498
v 0.762366 -0.431100 0.954865
v 0.507019 0.096253 0.961582
v 0.305115 -0.039953 0.928961
v 0.566472 -0.136194 0.983037
v 0.400952 -0.210817 0.946320
v 0.221273 0.148147 0.881784
v 0.336886 0.289625 0.892936
v 0.162069 0.343185 0.816242
v 0.219424 0.414248 0.823540
v 1.480564 -0.483432 0.841532
v 1.473893 -0.591453 0.767994
v 1.585266 -0.452673 0.811558
v 1.588814 -0.536123 0.755391
v 1.378069 -0.493931 0.868881
v 1.341176 -0.637173 0.773332
v 1.480564 -0.483432 0.841532
v 1.473893 -0.591453 0.767994
v 0.566472 -0.136194 0.983037
v 0.400952 -0.210817 0.946320
v 0.658500 -0.313580 0.974498
v 0.518394 -0.374404 0.927491
v 1.010677 -0.669879 0.768223
v 1.137161 -0.447479 0.937768
v 0.878770 -0.556735 0.869848
v 1.032563 -0.394200 0.971172
v 0.566472 -0.136194 0.983037
v 0.762863 -0.072985 1.015605
v 0.507019 0.096253 0.961582
v 0.732790 0.114037 0.999664
v 0.658500 -0.313580 0.974498
v 0.841595 -0.227830 1.013854
v 0.566472 -0.136194 0.983037
v 0.762863 -0.072985 1.015605
v 1.181372 -0.659484 0.771574
v 1.268526 -0.487103 0.901920
v 1.010677 -0.669879 0.768223
v 1.137161 -0.447479 0.937768
v 1.181372 -0.659484 0.771574
v 1.341176 -0.637173 0.773332
v 1.268526 -0.487103 0.901920
v 1.378069 -0.493931 0.868881
v 1.668931 -0.462460 0.731982
v 1.693986 -0.373464 0.784412
v 1.588814 -0.536123 0.755391
v 1.585266 -0.452673 0.811558
v 1.962243 -0.014819 0.614416
v 1.961145 0.151688 0.607288
v 1.932399 0.018723 0.670347
v 1.933222 0.150153 0.655517
v 0.762863 -0.072985 1.015605
v 1.051405 0.007812 1.044678
v 0.732790 0.114037 0.999664
v 1.040978 0.119244 1.035878
v 0.841595 -0.227830 1.013854
v 1.093290 -0.096831 1.039759
v 0.762863 -0.072985 1.015605
v 1.051405 0.007812 1.044678
v 0.761876 0.299478 0.963202
v 1.055743 0.240149 1.004905
v 0.849951 0.510993 0.904298
v 1.099569 0.364758 0.970643
v 0.849951 0.510993 0.904298
v 1.099569 0.364758 0.970643
v 1.041180 0.683301 0.798740
v 1.210850 0.481567 0.917619
v 1.627366 -0.233364 0.893106
v 1.725379 -0.273674 0.802542
v 1.728051 -0.115556 0.851123
v 1.774391 -0.180163 0.793069
v 1.834027 -0.100974 0.755633
v 1.902117 -0.045702 0.696062
v 1.728051 -0.115556 0.851123
v 1.778396 0.052964 0.818287
v 1.196326 -0.219873 1.015082
v 1.364075 -0.291974 0.975687
v 1.337909 -0.051517 1.022256
v 1.412879 -0.080864 1.002584
v 1.040978 0.119244 1.035878
v 1.248821 0.113678 1.030031
v 1.055743 0.240149 1.004905
v 1.256544 0.186105 1.017461
v 1.051405 0.007812 1.044678
v 1.252741 0.061548 1.036283
v 1.040978 0.119244 1.035878
v 1.248821 0.113678 1.030031
v 1.093290 -0.096831 1.039759
v 1.280436 0.002769 1.034702
v 1.051405 0.007812 1.044678
v 1.252741 0.061548 1.036283
v 1.055743 0.240149 1.004905
v 1.256544 0.186105 1.017461
v 1.099569 0.364758 0.970643
v 1.293555 0.249785 0.999514
v 1.196326 -0.219873 1.015082
v 1.337909 -0.051517 1.022256
v 1.093290 -0.096831 1.039759
v 1.280436 0.002769 1.034702
v 1.099569 0.364758 0.970643
v 1.293555 0.249785 0.999514
v 1.210850 0.481567 0.917619
v 1.353504 0.291050 0.974498
v 1.210850 0.481567 0.917619
v 1.353504 0.291050 0.974498
v 1.387974 0.531278 0.867790
v 1.431074 0.308781 0.948868
v 1.500673 -0.292333 0.934096
v 1.489050 -0.079760 0.980384
v 1.364075 -0.291974 0.975687
v 1.412879 -0.080864 1.002584
v 1.627366 -0.233364 0.893106
v 1.555429 -0.051915 0.959151
v 1.500673 -0.292333 0.934096
v 1.489050 -0.079760 0.980384
v 1.387974 0.531278 0.867790
v 1.431074 0.308781 0.948868
v 1.549842 0.495143 0.826578
v 1.515752 0.291755 0.927158
v 1.728051 -0.115556 0.851123
v 1.608269 0.003677 0.937637
v 1.627366 -0.233364 0.893106
v 1.555429 -0.051915 0.959151
v 1.549842 0.495143 0.826578
v 1.515752 0.291755 0.927158
v 1.679025 0.388788 0.804044
v 1.583227 0.241606 0.914953
v 1.778396 0.052964 0.818287
v 1.634821 0.083193 0.921101
v 1.728051 -0.115556 0.851123
v 1.608269 0.003677 0.937637
v 1.761266 0.232315 0.801438
v 1.626079 0.167806 0.912980
v 1.778396 0.052964 0.818287
v 1.634821 0.083193 0.921101
v 1.679025 0.388788 0.804044
v 1.583227 0.241606 0.914953
v 1.761266 0.232315 0.801438
v 1.626079 0.167806 0.912980
v 0.732790 0.114037 0.999664
v 1.040978 0.119244 1.035878
v 0.761876 0.299478 0.963202
v 1.055743 0.240149 1.004905
v 0.227865 0.846882 0.540878
v 0.186105 0.809903 0.427225
v 0.303749 0.668830 0.667689
v 0.236378 0.660592 0.526211
v 0.944064 0.781353 0.709875
v 0.672063 0.786344 0.680488
v 0.688997 0.587818 0.835960
v 0.541613 0.657711 0.760005
v 1.176635 0.779628 0.708594
v 0.944064 0.781353 0.709875
v 1.210001 0.722743 0.760423
v 1.041180 0.683301 0.798740
v 1.563419 0.698981 0.640439
v 1.393383 0.757670 0.680116
v 1.566267 0.661787 0.690223
v 1.402530 0.709461 0.733342
v 1.393383 0.757670 0.680116
v 1.176635 0.779628 0.708594
v 1.402530 0.709461 0.733342
v 1.210001 0.722743 0.760423
v 1.788693 0.533591 0.602937
v 1.683030 0.627683 0.619336
v 1.774274 0.507112 0.653831
v 1.676653 0.595063 0.669603
v 1.683030 0.627683 0.619336
v 1.563419 0.698981 0.640439
v 1.676653 0.595063 0.669603
v 1.566267 0.661787 0.690223
v 1.961145 0.151688 0.607288
v 1.931758 0.290200 0.598345
v 1.933222 0.150153 0.655517
v 1.906109 0.279557 0.647579
v 1.931758 0.290200 0.598345
v 1.873364 0.419304 0.596025
v 1.906109 0.279557 0.647579
v 1.852360 0.400260 0.646463
v 1.873364 0.419304 0.596025
v 1.788693 0.533591 0.602937
v 1.852360 0.400260 0.646463
v 1.774274 0.507112 0.653831
v 0.762118 -0.616672 0.656340
v 0.778497 -0.621003 0.653773
v 0.779026 -0.665384 0.763538
v 0.790028 -0.665155 0.746467
v 0.779026 -0.665384 0.763538
v 0.790028 -0.665155 0.746467
v 1.010677 -0.669879 0.768223
v 1.008599 -0.674282 0.748969
v 1.010677 -0.669879 0.768223
v 1.008599 -0.674282 0.748969
v 1.181372 -0.659484 0.771574
v 1.180032 -0.663646 0.752124
v 1.181372 -0.659484 0.771574
v 1.180032 -0.663646 0.752124
v 1.341176 -0.637173 0.773332
v 1.340784 -0.640584 0.753385
v 1.341176 -0.637173 0.773332
v 1.340784 -0.640584 0.753385
v 1.473893 -0.591453 0.767994
v 1.474239 -0.594354 0.747780
v 1.473893 -0.591453 0.767994
v 1.474239 -0.594354 0.747780
v 1.588814 -0.536123 0.755391
v 1.590179 -0.538351 0.734929
v 1.588814 -0.536123 0.755391
v 1.590179 -0.538351 0.734929
v 1.668931 -0.462460 0.731982
v 1.669016 -0.466890 0.712572
v 1.962243 -0.014819 0.614416
v 1.968763 -0.021522 0.591824
v 1.961145 0.151688 0.607288
v 1.966980 0.145442 0.584271
v 1.961145 0.151688 0.607288
v 1.966980 0.145442 0.584271
v 1.931758 0.290200 0.598345
v 1.937031 0.285928 0.575125
v 1.931758 0.290200 0.598345
v 1.937031 0.285928 0.575125
v 1.873364 0.419304 0.596025
v 1.877454 0.417475 0.572714
v 1.873364 0.419304 0.596025
v 1.877454 0.417475 0.572714
v 1.788693 0.533591 0.602937
v 1.791032 0.533983 0.579724
v 1.788693 0.533591 0.602937
v 1.791032 0.533983 0.579724
v 1.683030 0.627683 0.619336
v 1.683481 0.629735 0.596405
v 1.683030 0.627683 0.619336
v 1.683481 0.629735 0.596405
v 1.563419 0.698981 0.640439
v 1.561923 0.702098 0.617795
v 1.563419 0.698981 0.640439
v 1.561923 0.702098 0.617795
v 1.393383 0.757670 0.680116
v 1.392116 0.760819 0.657510
v 1.393383 0.757670 0.680116
v 1.392116 0.760819 0.657510
v 1.176635 0.779628 0.708594
v 1.172728 0.783705 0.686551
v 1.176635 0.779628 0.708594
v 1.172728 0.783705 0.686551
v 0.944064 0.781353 0.709875
v 0.941176 0.786135 0.688282
v 0.944064 0.781353 0.709875
v 0.941176 0.786135 0.688282
v 0.672063 0.786344 0.680488
v 0.683425 0.794720 0.659386
v 0.672063 0.786344 0.680488
v 0.683425 0.794720 0.659386
v 0.424262 0.807440 0.619127
v 0.426961 0.817469 0.601272
v 0.944064 0.781353 0.709875
v 0.688997 0.587818 0.835960
v 1.041180 0.683301 0.798740
v 0.849951 0.510993 0.904298
v 0.424262 0.807440 0.619127
v 0.426961 0.817469 0.601272
v 0.227865 0.846882 0.540878
v 0.224814 0.857858 0.525270
v 0.424262 0.807440 0.619127
v 0.366482 0.749281 0.651970
v 0.672063 0.786344 0.680488
v 0.541613 0.657711 0.760005
v 0.224814 0.857858 0.525270
v 0.186242 0.824002 0.415975
v 0.227865 0.846882 0.540878
v 0.186105 0.809903 0.427225
v 0.683425 0.794720 0.659386
v 0.878182 0.495110 0.648173
v 0.426961 0.817469 0.601272
v 0.606084 0.532507 0.592601
v 0.337344 0.689645 0.646522
v 0.337690 0.689580 0.000001
v 0.324421 0.673828 0.645176
v 0.324473 0.673685 0.000001
v 1.684506 0.056962 0.547744
v 1.718048 0.068474 0.524028
v 1.676601 0.127515 0.558988
v 1.711005 0.131370 0.534057
v 1.676601 0.127515 0.558988
v 1.711005 0.131370 0.534057
v 1.668696 0.198061 0.547744
v 1.703956 0.194259 0.524028
v 1.668696 0.198061 0.547744
v 1.703956 0.194259 0.524028
v 1.661568 0.261708 0.515110
v 1.697599 0.251001 0.494942
v 1.661568 0.261708 0.515110
v 1.697599 0.251001 0.494942
v 1.655910 0.312211 0.464288
v 1.692555 0.296021 0.449633
v 1.655910 0.312211 0.464288
v 1.692555 0.296021 0.449633
v 1.652271 0.344642 0.400242
v 1.689321 0.324931 0.392539
v 1.652271 0.344642 0.400242
v 1.689321 0.324931 0.392539
v 1.651023 0.355814 0.329251
v 1.688204 0.334894 0.329251
v 1.702179 -0.100791 0.329251
v 1.733807 -0.072155 0.329251
v 1.700931 -0.089612 0.400242
v 1.732689 -0.062198 0.392539
v 1.700931 -0.089612 0.400242
v 1.732689 -0.062198 0.392539
v 1.697292 -0.057188 0.464288
v 1.729455 -0.033289 0.449633
v 1.697292 -0.057188 0.464288
v 1.729455 -0.033289 0.449633
v 1.691634 -0.006679 0.515110
v 1.724405 0.011739 0.494942
v 1.691634 -0.006679 0.515110
v 1.724405 0.011739 0.494942
v 1.684506 0.056962 0.547744
v 1.718048 0.068474 0.524028
v 1.718048 0.068474 0.524028
v 1.715611 0.090288 0.456480
v 1.711005 0.131370 0.534057
v 1.711005 0.131370 0.463027
v 1.711005 0.131370 0.534057
v 1.711005 0.131370 0.463027
v 1.703956 0.194259 0.524028
v 1.706399 0.172451 0.456480
v 1.703956 0.194259 0.524028
v 1.706399 0.172451 0.456480
v 1.697599 0.251001 0.494942
v 1.702251 0.209508 0.437482
v 1.697599 0.251001 0.494942
v 1.702251 0.209508 0.437482
v 1.692555 0.296021 0.449633
v 1.698958 0.238920 0.407886
v 1.692555 0.296021 0.449633
v 1.698958 0.238920 0.407886
v 1.689321 0.324931 0.392539
v 1.696841 0.257802 0.370594
v 1.689321 0.324931 0.392539
v 1.696841 0.257802 0.370594
v 1.688204 0.334894 0.329251
v 1.696110 0.264309 0.329251
v 1.733807 -0.072155 0.329251
v 1.725901 -0.001576 0.329251
v 1.732689 -0.062198 0.392539
v 1.725170 0.004931 0.370594
v 1.732689 -0.062198 0.392539
v 1.725170 0.004931 0.370594
v 1.729455 -0.033289 0.449633
v 1.723053 0.023819 0.407886
v 1.729455 -0.033289 0.449633
v 1.723053 0.023819 0.407886
v 1.724405 0.011739 0.494942
v 1.719760 0.053225 0.437482
v 1.724405 0.011739 0.494942
v 1.719760 0.053225 0.437482
v 1.718048 0.068474 0.524028
v 1.715611 0.090288 0.456480
v 1.715611 0.090288 0.456480
v 1.684546 0.090811 0.444244
v 1.711005 0.131370 0.463027
v 1.680391 0.127940 0.450163
v 1.711005 0.131370 0.463027
v 1.680391 0.127940 0.450163
v 1.706399 0.172451 0.456480
v 1.676229 0.165068 0.444244
v 1.706399 0.172451 0.456480
v 1.676229 0.165068 0.444244
v 1.702251 0.209508 0.437482
v 1.672472 0.198565 0.427067
v 1.702251 0.209508 0.437482
v 1.672472 0.198565 0.427067
v 1.698958 0.238920 0.407886
v 1.669499 0.225142 0.400320
v 1.698958 0.238920 0.407886
v 1.669499 0.225142 0.400320
v 1.696841 0.257802 0.370594
v 1.667585 0.242213 0.366615
v 1.696841 0.257802 0.370594
v 1.667585 0.242213 0.366615
v 1.696110 0.264309 0.329251
v 1.666925 0.248093 0.329251
v 1.725901 -0.001576 0.329251
v 1.693849 0.007786 0.329251
v 1.725170 0.004931 0.370594
v 1.693189 0.013666 0.366615
v 1.725170 0.004931 0.370594
v 1.693189 0.013666 0.366615
v 1.723053 0.023819 0.407886
v 1.691282 0.030731 0.400320
v 1.723053 0.023819 0.407886
v 1.691282 0.030731 0.400320
v 1.719760 0.053225 0.437482
v 1.688302 0.057315 0.427067
v 1.719760 0.053225 0.437482
v 1.688302 0.057315 0.427067
v 1.715611 0.090288 0.456480
v 1.684546 0.090811 0.444244
v 1.684506 0.056962 0.110765
v 1.676601 0.127515 0.099521
v 1.718055 0.068474 0.134481
v 1.711005 0.131370 0.124452
v 1.676601 0.127515 0.099521
v 1.668696 0.198061 0.110765
v 1.711005 0.131370 0.124452
v 1.703956 0.194259 0.134481
v 1.668696 0.198061 0.110765
v 1.661568 0.261708 0.143399
v 1.703956 0.194259 0.134481
v 1.697599 0.251001 0.163567
v 1.661568 0.261708 0.143399
v 1.655910 0.312211 0.194221
v 1.697599 0.251001 0.163567
v 1.692555 0.296021 0.208875
v 1.655910 0.312211 0.194221
v 1.652271 0.344642 0.258261
v 1.692555 0.296021 0.208875
v 1.689321 0.324931 0.265970
v 1.652271 0.344642 0.258261
v 1.651023 0.355814 0.329251
v 1.689321 0.324931 0.265970
v 1.688204 0.334894 0.329251
v 1.702179 -0.100791 0.329251
v 1.700925 -0.089612 0.258261
v 1.733807 -0.072155 0.329251
v 1.732689 -0.062198 0.265970
v 1.700925 -0.089612 0.258261
v 1.697292 -0.057188 0.194221
v 1.732689 -0.062198 0.265970
v 1.729455 -0.033289 0.208875
v 1.697292 -0.057188 0.194221
v 1.691634 -0.006679 0.143399
v 1.729455 -0.033289 0.208875
v 1.724405 0.011739 0.163567
v 1.691634 -0.006679 0.143399
v 1.684506 0.056962 0.110765
v 1.724405 0.011739 0.163567
v 1.718055 0.068474 0.134481
v 1.718055 0.068474 0.134481
v 1.711005 0.131370 0.124452
v 1.715611 0.090288 0.202029
v 1.711005 0.131370 0.195482
v 1.711005 0.131370 0.124452
v 1.703956 0.194259 0.134481
v 1.711005 0.131370 0.195482
v 1.706399 0.172451 0.202029
v 1.703956 0.194259 0.134481
v 1.697599 0.251001 0.163567
v 1.706399 0.172451 0.202029
v 1.702251 0.209508 0.221027
v 1.697599 0.251001 0.163567
v 1.692555 0.296021 0.208875
v 1.702251 0.209508 0.221027
v 1.698958 0.238920 0.250623
v 1.692555 0.296021 0.208875
v 1.689321 0.324931 0.265970
v 1.698958 0.238920 0.250623
v 1.696841 0.257802 0.287915
v 1.689321 0.324931 0.265970
v 1.688204 0.334894 0.329251
v 1.696841 0.257802 0.287915
v 1.696110 0.264309 0.329251
v 1.733807 -0.072155 0.329251
v 1.732689 -0.062198 0.265970
v 1.725901 -0.001576 0.329251
v 1.725170 0.004931 0.287915
v 1.732689 -0.062198 0.265970
v 1.729455 -0.033289 0.208875
v 1.725170 0.004931 0.287915
v 1.723053 0.023819 0.250623
v 1.729455 -0.033289 0.208875
v 1.724405 0.011739 0.163567
v 1.723053 0.023819 0.250623
v 1.719760 0.053225 0.221027
v 1.724405 0.011739 0.163567
v 1.718055 0.068474 0.134481
v 1.719760 0.053225 0.221027
v 1.715611 0.090288 0.202029
v 1.715611 0.090288 0.202029
v 1.711005 0.131370 0.195482
v 1.684546 0.090811 0.214265
v 1.680391 0.127940 0.208346
v 1.711005 0.131370 0.195482
v 1.706399 0.172451 0.202029
v 1.680391 0.127940 0.208346
v 1.676229 0.165068 0.214265
v 1.706399 0.172451 0.202029
v 1.702251 0.209508 0.221027
v 1.676229 0.165068 0.214265
v 1.672472 0.198565 0.231441
v 1.702251 0.209508 0.221027
v 1.698958 0.238920 0.250623
v 1.672472 0.198565 0.231441
v 1.669499 0.225142 0.258189
v 1.698958 0.238920 0.250623
v 1.696841 0.257802 0.287915
v 1.669499 0.225142 0.258189
v 1.667585 0.242213 0.291894
v 1.696841 0.257802 0.287915
v 1.696110 0.264309 0.329251
v 1.667585 0.242213 0.291894
v 1.666925 0.248093 0.329251
v 1.725901 -0.001576 0.329251
v 1.725170 0.004931 0.287915
v 1.693849 0.007786 0.329251
v 1.693189 0.013666 0.291894
v 1.725170 0.004931 0.287915
v 1.723053 0.023819 0.250623
v 1.693189 0.013666 0.291894
v 1.691282 0.030731 0.258189
v 1.723053 0.023819 0.250623
v 1.719760 0.053225 0.221027
v 1.691282 0.030731 0.258189
v 1.688302 0.057315 0.231441
v 1.719760 0.053225 0.221027
v 1.715611 0.090288 0.202029
v 1.688302 0.057315 0.231441
v 1.684546 0.090811 0.214265
v 1.676601 0.127515 0.558988
v 1.538657 0.112057 0.558988
v 1.684506 0.056962 0.547744
v 1.546563 0.041511 0.547744
v 1.684506 0.056962 0.547744
v 1.546563 0.041511 0.547744
v 1.691634 -0.006679 0.515110
v 1.553697 -0.022130 0.515110
v 1.691634 -0.006679 0.515110
v 1.553697 -0.022130 0.515110
v 1.697292 -0.057188 0.464288
v 1.559355 -0.072639 0.464288
v 1.697292 -0.057188 0.464288
v 1.559355 -0.072639 0.464288
v 1.700931 -0.089612 0.400242
v 1.562987 -0.105070 0.400242
v 1.700931 -0.089612 0.400242
v 1.562987 -0.105070 0.400242
v 1.702179 -0.100791 0.329251
v 1.564242 -0.116242 0.329251
v 1.702179 -0.100791 0.329251
v 1.564242 -0.116242 0.329251
v 1.700925 -0.089612 0.258261
v 1.562987 -0.105070 0.258261
v 1.700925 -0.089612 0.258261
v 1.562987 -0.105070 0.258261
v 1.697292 -0.057188 0.194221
v 1.559355 -0.072639 0.194221
v 1.697292 -0.057188 0.194221
v 1.559355 -0.072639 0.194221
v 1.691634 -0.006679 0.143399
v 1.553690 -0.022130 0.143399
v 1.691634 -0.006679 0.143399
v 1.553690 -0.022130 0.143399
v 1.684506 0.056962 0.110765
v 1.546563 0.041511 0.110765
v 1.684506 0.056962 0.110765
v 1.546563 0.041511 0.110765
v 1.676601 0.127515 0.099521
v 1.538657 0.112057 0.099521
v 1.676601 0.127515 0.099521
v 1.538657 0.112057 0.099521
v 1.668696 0.198061 0.110765
v 1.530752 0.182610 0.110765
v 1.668696 0.198061 0.110765
v 1.530752 0.182610 0.110765
v 1.661568 0.261708 0.143399
v 1.523624 0.246251 0.143399
v 1.661568 0.261708 0.143399
v 1.523624 0.246251 0.143399
v 1.655910 0.312211 0.194221
v 1.517967 0.296760 0.194221
v 1.655910 0.312211 0.194221
v 1.517967 0.296760 0.194221
v 1.652271 0.344642 0.258261
v 1.514334 0.329184 0.258261
v 1.652271 0.344642 0.258261
v 1.514334 0.329184 0.258261
v 1.651023 0.355814 0.329251
v 1.513080 0.340363 0.329251
v 1.651023 0.355814 0.329251
v 1.513080 0.340363 0.329251
v 1.652271 0.344642 0.400242
v 1.514334 0.329184 0.400242
v 1.652271 0.344642 0.400242
v 1.514334 0.329184 0.400242
v 1.655910 0.312211 0.464288
v 1.517967 0.296760 0.464288
v 1.655910 0.312211 0.464288
v 1.517967 0.296760 0.464288
v 1.661568 0.261708 0.515110
v 1.523624 0.246251 0.515110
v 1.661568 0.261708 0.515110
v 1.523624 0.246251 0.515110
v 1.668696 0.198061 0.547744
v 1.530752 0.182610 0.547744
v 1.668696 0.198061 0.547744
v 1.530752 0.182610 0.547744
v 1.676601 0.127515 0.558988
v 1.538657 0.112057 0.558988
v 0.667973 0.175084 0.387593
v -0.185665 0.175084 0.387594
v 0.667973 0.055316 0.368621
v -0.185665 0.055316 0.368621
v 0.667973 0.055316 0.368621
v -0.185665 0.055316 0.368621
v 0.667973 -0.052732 0.313565
v -0.185665 -0.052732 0.313565
v 0.667973 -0.052732 0.313565
v -0.185665 -0.052732 0.313565
v 0.667973 -0.138481 0.227822
v -0.185665 -0.138481 0.227822
v 0.667973 -0.138481 0.227822
v -0.185665 -0.138481 0.227822
v 0.667973 -0.193531 0.119775
v -0.185665 -0.193530 0.119775
v 0.667973 -0.193531 0.119775
v -0.185665 -0.193530 0.119775
v 0.667973 -0.212503 -0.000000
v -0.185665 -0.212503 -0.000000
v 0.667973 0.562671 -0.000000
v -0.185665 0.562671 -0.000000
v 0.667973 0.543705 0.119775
v -0.185665 0.543705 0.119775
v 0.667973 0.543705 0.119775
v -0.185665 0.543705 0.119775
v 0.667973 0.488649 0.227822
v -0.185665 0.488649 0.227822
v 0.667973 0.488649 0.227822
v -0.185665 0.488649 0.227822
v 0.667973 0.402906 0.313565
v -0.185665 0.402906 0.313565
v 0.667973 0.402906 0.313565
v -0.185665 0.402906 0.313565
v 0.667973 0.294859 0.368621
v -0.185665 0.294859 0.368621
v 0.667973 0.294859 0.368621
v -0.185665 0.294859 0.368621
v 0.667973 0.175084 0.387593
v -0.185665 0.175084 0.387594
v -0.199686 0.175084 0.382204
v -0.283233 0.175084 0.301152
v -0.199686 0.056982 0.363492
v -0.283233 0.082024 0.286413
v -0.199686 0.056982 0.363492
v -0.283233 0.082024 0.286413
v -0.199686 -0.049563 0.309207
v -0.283233 -0.001922 0.243633
v -0.199686 -0.049563 0.309207
v -0.283233 -0.001922 0.243633
v -0.199692 -0.134123 0.224653
v -0.283233 -0.068549 0.177013
v -0.199692 -0.134123 0.224653
v -0.283233 -0.068549 0.177013
v -0.199686 -0.188408 0.118109
v -0.283233 -0.111322 0.093060
v -0.199686 -0.188408 0.118109
v -0.283233 -0.111322 0.093060
v -0.199686 -0.207113 -0.000000
v -0.283233 -0.126061 -0.000000
v -0.199692 0.557281 -0.000000
v -0.283233 0.476229 -0.000000
v -0.199692 0.538576 0.118109
v -0.283233 0.461490 0.093060
v -0.199692 0.538576 0.118109
v -0.283233 0.461490 0.093060
v -0.199692 0.484291 0.224653
v -0.283233 0.418717 0.177013
v -0.199692 0.484291 0.224653
v -0.283233 0.418717 0.177013
v -0.199686 0.399737 0.309207
v -0.283233 0.352097 0.243633
v -0.199686 0.399737 0.309207
v -0.283233 0.352097 0.243633
v -0.199692 0.293193 0.363492
v -0.283233 0.268144 0.286413
v -0.199692 0.293193 0.363492
v -0.283233 0.268144 0.286413
v -0.199686 0.175084 0.382204
v -0.283233 0.175084 0.301152
v -0.199686 0.056982 0.363492
v -0.185665 0.175084 0.387594
v -0.199686 -0.049563 0.309207
v -0.185665 0.055316 0.368621
v -0.199686 -0.049563 0.309207
v -0.199692 -0.134123 0.224653
v -0.185665 -0.052732 0.313565
v -0.199686 -0.188408 0.118109
v -0.185665 -0.138481 0.227822
v -0.199686 -0.188408 0.118109
v -0.199686 -0.207113 -0.000000
v -0.185665 -0.193530 0.119775
v -0.199692 0.557281 -0.000000
v -0.199692 0.538576 0.118109
v -0.185665 0.562671 -0.000000
v -0.199692 0.538576 0.118109
v -0.199692 0.484291 0.224653
v -0.185665 0.543705 0.119775
v -0.199692 0.484291 0.224653
v -0.199686 0.399737 0.309207
v -0.185665 0.488649 0.227822
v -0.185665 0.402906 0.313565
v -0.199686 0.399737 0.309207
v -0.199692 0.293193 0.363492
v -0.185665 0.402906 0.313565
v -0.199692 0.293193 0.363492
v -0.199686 0.175084 0.382204
v -0.185665 0.294859 0.368621
v -0.185665 0.175084 0.387594
v -0.283233 0.476229 -0.000000
v -0.283233 -0.126061 -0.000000
v -0.283233 0.461490 0.093060
v -0.283233 -0.111322 0.093060
v -0.283233 0.461490 0.093060
v -0.283233 -0.111322 0.093060
v -0.283233 0.418717 0.177013
v -0.283233 -0.068549 0.177013
v -0.283233 0.418717 0.177013
v -0.283233 -0.068549 0.177013
v -0.283233 0.352097 0.243633
v -0.283233 -0.001922 0.243633
v -0.283233 0.352097 0.243633
v -0.283233 -0.001922 0.243633
v -0.283233 0.268144 0.286413
v -0.283233 0.082024 0.286413
v -0.283233 0.175084 0.301152
v -0.840091 -0.555579 -0.000000
v -0.220128 -0.584031 -0.000000
v -0.838948 -0.553991 0.045426
v -0.220128 -0.582542 0.045374
v -0.828697 -0.539677 0.081143
v -0.838948 -0.553991 0.045426
v -0.220128 -0.565548 0.088010
v -0.220128 -0.582542 0.045374
v -0.027181 0.739011 0.073964
v 0.644676 0.730655 0.069339
v -0.027181 0.739011 0.000001
v 0.644676 0.730387 0.000001
v 0.681857 -0.335322 0.094439
v 0.315078 -0.560133 0.083580
v 0.681857 -0.339954 0.051678
v 0.317750 -0.563837 0.045452
v 0.681857 -0.340471 -0.000000
v 0.681857 -0.339954 0.051678
v 0.318044 -0.564249 -0.000000
v 0.317750 -0.563837 0.045452
v -1.562084 1.020020 0.259790
v -0.747096 1.020020 0.260489
v -1.564678 1.020020 0.097863
v -0.747096 1.020020 0.097863
v 0.644676 0.726480 0.203010
v -0.019537 0.734803 0.220029
v 0.644676 0.519244 0.192497
v -0.035544 0.519244 0.162424
v -0.220128 -0.584031 -0.000000
v 0.286358 -0.577263 -0.000000
v -0.220128 -0.582542 0.045374
v 0.286122 -0.576858 0.045080
v 0.242238 -0.477695 0.135056
v -0.091939 -0.045911 0.126608
v -0.236004 -0.468412 0.108348
v -0.252063 -0.303864 0.129790
v -0.116354 0.519244 0.132345
v -0.035544 0.519244 0.162424
v -0.245909 0.669366 0.144648
v -0.248738 0.746766 0.224517
v -0.035544 0.519244 0.162424
v -0.083870 0.754861 0.227137
v -0.237141 0.783764 0.234703
v -0.237213 0.937178 0.296253
v -0.724720 -0.235121 0.129627
v -0.698600 -0.221454 0.097130
v -0.744072 -0.108428 0.138832
v -0.723034 -0.108487 0.102775
v -0.698600 -0.221454 0.097130
v -0.692073 -0.218037 -0.000000
v -0.723034 -0.108487 0.102775
v -0.717762 -0.108578 -0.000000
v -0.745666 0.746766 0.212685
v -0.745666 0.702777 0.145896
v -0.248738 0.746766 0.224517
v -0.278967 0.694604 0.145654
v -0.745666 0.702777 0.145896
v -0.745666 0.689678 0.000001
v -0.278967 0.694604 0.145654
v -0.280176 0.681381 0.000001
v -0.640499 -0.283213 0.126445
v -0.269102 -0.283905 0.126328
v -0.623108 -0.257962 0.095327
v -0.274119 -0.256028 0.095334
v -0.623108 -0.257962 0.095327
v -0.274119 -0.256028 0.095334
v -0.618757 -0.251650 -0.000000
v -0.275374 -0.249057 -0.000000
v -0.091939 -0.045911 0.126608
v -0.117451 -0.045911 0.103161
v -0.244099 -0.278110 0.126648
v -0.250247 -0.249730 0.095556
v -0.134458 -0.045911 -0.000000
v -0.250247 -0.249730 0.095556
v -0.251782 -0.242628 -0.000000
v -0.116354 0.519244 0.132345
v -0.245909 0.669366 0.144648
v -0.134457 0.519244 -0.000000
v -0.247157 0.653301 0.000001
v -0.840091 -0.555579 -0.000000
v -0.838948 -0.553991 0.045426
v -0.925717 -0.527577 -0.000000
v -0.924292 -0.526107 0.046203
v -0.925717 -0.527577 -0.000000
v -0.924292 -0.526107 0.046203
v -0.986260 -0.489495 -0.000000
v -0.984608 -0.488188 0.047281
v -1.027479 -0.442461 -0.000000
v -1.025656 -0.441344 0.048673
v -1.055134 -0.387601 -0.000000
v -1.053220 -0.386687 0.050359
v -0.986260 -0.489495 -0.000000
v -0.984608 -0.488188 0.047281
v -1.027479 -0.442461 -0.000000
v -1.025656 -0.441344 0.048673
v -1.036051 -0.378520 0.089356
v -1.053220 -0.386687 0.050359
v -1.009284 -0.431289 0.086540
v -1.025656 -0.441344 0.048673
v -1.009284 -0.431289 0.086540
v -1.025656 -0.441344 0.048673
v -0.969718 -0.476421 0.084227
v -0.984608 -0.488188 0.047281
v -0.911480 -0.512897 0.082430
v -0.924292 -0.526107 0.046203
v -0.828697 -0.539677 0.081143
v -0.838948 -0.553991 0.045426
v -0.969718 -0.476421 0.084227
v -0.984608 -0.488188 0.047281
v -0.911480 -0.512897 0.082430
v -0.924292 -0.526107 0.046203
v -0.767507 -0.453908 0.108877
v -0.236004 -0.468412 0.108348
v -0.654651 -0.303734 0.129842
v -0.252063 -0.303864 0.129790
v -0.933151 -0.325378 0.116652
v -0.911840 -0.369550 0.113869
v -0.746417 -0.245823 0.133789
v -0.739629 -0.268127 0.132168
v -0.911840 -0.369550 0.113869
v -0.881284 -0.405699 0.111673
v -0.739629 -0.268127 0.132168
v -0.725419 -0.284591 0.131038
v -0.767507 -0.453908 0.108877
v -0.654651 -0.303734 0.129842
v -0.835257 -0.433818 0.110027
v -0.698770 -0.296149 0.130300
v -0.835257 -0.433818 0.110027
v -0.698770 -0.296149 0.130300
v -0.881284 -0.405699 0.111673
v -0.725419 -0.284591 0.131038
v -1.243110 0.726715 0.000001
v -1.240849 0.727767 0.087782
v -1.324639 0.804207 0.000001
v -1.323254 0.805102 0.093878
v -1.225940 0.732811 0.165456
v -1.310546 0.810198 0.188421
v -1.240849 0.727767 0.087782
v -1.323254 0.805102 0.093878
v -1.560085 0.929456 0.072932
v -1.557916 0.968865 0.073964
v -1.560353 0.928051 0.000001
v -1.557916 0.968865 0.000001
v -1.552487 0.987962 0.000001
v -1.557916 0.968865 0.000001
v -1.552487 0.987962 0.073964
v -1.557916 0.968865 0.073964
v -0.091743 0.760349 0.000001
v -0.208473 0.936244 0.000001
v -0.091743 0.760342 0.073964
v -0.208473 0.936244 0.073964
v -0.256636 0.972419 0.073964
v -0.208473 0.936244 0.073964
v -0.256636 0.972419 0.000001
v -0.208473 0.936244 0.000001
v -0.019537 0.762393 0.189688
v 0.644676 0.756932 0.174773
v -0.019537 0.767666 0.097863
v 0.644676 0.762021 0.097863
v -1.542334 0.994110 0.073964
v -0.747096 0.994207 0.073964
v -1.542334 0.994110 0.000001
v -0.747096 0.994207 0.000001
v -0.074835 0.788742 0.097863
v -0.190173 0.936244 0.097863
v -0.076017 0.783163 0.196078
v -0.192591 0.936244 0.246613
v -0.241166 0.995298 0.258268
v -0.192591 0.936244 0.246613
v -0.238154 1.000440 0.097863
v -0.190173 0.936244 0.097863
v -1.574687 1.009887 0.097863
v -1.579286 0.982591 0.097863
v -1.571224 1.007594 0.260111
v -1.574491 0.982591 0.260973
v -1.572871 0.939530 0.259745
v -1.574491 0.982591 0.260973
v -1.579123 0.940393 0.094923
v -1.579286 0.982591 0.097863
v 0.644676 0.730655 0.069339
v -0.027181 0.739011 0.073964
v 0.644676 0.762021 0.097863
v -0.019537 0.767666 0.097863
v -0.208473 0.936244 0.073964
v -0.256636 0.972419 0.073964
v -0.190173 0.936244 0.097863
v -0.238154 1.000440 0.097863
v -0.091743 0.760342 0.073964
v -0.208473 0.936244 0.073964
v -0.074835 0.788742 0.097863
v -0.190173 0.936244 0.097863
v -0.287937 0.986871 0.073964
v -0.747096 0.994207 0.073964
v -0.260334 1.014683 0.097863
v -0.747096 1.020020 0.097863
v -1.560085 0.929456 0.072932
v -1.579123 0.940393 0.094923
v -1.557916 0.968865 0.073964
v -1.579286 0.982591 0.097863
v -1.557916 0.968865 0.073964
v -1.579286 0.982591 0.097863
v -1.552487 0.987962 0.073964
v -1.574687 1.009887 0.097863
v -1.560085 0.929456 0.072932
v -1.560353 0.928051 0.000001
v -1.571910 0.914338 0.069574
v -1.571910 0.914338 0.000001
v 0.681857 -0.301473 0.129777
v 0.670299 -0.045911 0.150056
v 0.278374 -0.527871 0.116240
v 0.242238 -0.477695 0.135056
v 0.681857 -0.301473 0.129777
v 0.278374 -0.527871 0.116240
v 0.681857 -0.335322 0.094439
v 0.315078 -0.560133 0.083580
v -0.019537 0.734803 0.220029
v 0.644676 0.726480 0.203010
v -0.019537 0.748759 0.214149
v 0.644676 0.742441 0.196953
v -0.019537 0.757396 0.204101
v 0.644676 0.751836 0.187558
v -0.019537 0.762393 0.189688
v 0.644676 0.756932 0.174773
v -0.019537 0.748759 0.214149
v 0.644676 0.742441 0.196953
v -0.019537 0.757396 0.204101
v 0.644676 0.751836 0.187558
v -0.225669 -0.526434 0.101736
v 0.278374 -0.527871 0.116240
v -0.236004 -0.468412 0.108348
v 0.242238 -0.477695 0.135056
v -0.281443 0.982591 0.296253
v -0.237213 0.937178 0.296253
v -0.261556 0.982565 0.291915
v -0.217874 0.936244 0.277587
v -0.244210 0.990216 0.278482
v -0.200130 0.936244 0.265416
v -0.241166 0.995298 0.258268
v -0.192591 0.936244 0.246613
v -0.261556 0.982565 0.291915
v -0.217874 0.936244 0.277587
v -0.244210 0.990216 0.278482
v -0.200130 0.936244 0.265416
v -0.076017 0.783163 0.196078
v -0.192591 0.936244 0.246613
v -0.077520 0.778139 0.211189
v -0.200130 0.936244 0.265416
v -0.077520 0.778139 0.211189
v -0.200130 0.936244 0.265416
v -0.080016 0.769325 0.221473
v -0.217874 0.936244 0.277587
v -0.080016 0.769325 0.221473
v -0.217874 0.936244 0.277587
v -0.083870 0.754861 0.227137
v -0.237213 0.937178 0.296253
v -1.225940 0.732811 0.165456
v -1.193947 0.748301 0.191132
v -1.310546 0.810198 0.188421
v -1.287575 0.825231 0.216821
v -1.571224 1.007594 0.260111
v -1.574491 0.982591 0.260973
v -1.568637 1.005295 0.279599
v -1.568637 0.982591 0.281318
v -1.571224 1.007594 0.260111
v -1.568637 1.005295 0.279599
v -1.562084 1.020020 0.259790
v -1.559484 1.016813 0.278959
v -1.568637 1.005295 0.279599
v -1.568637 0.982591 0.281318
v -1.553833 1.003060 0.291862
v -1.553833 0.982591 0.296253
v -0.745666 0.702777 0.145896
v -0.745666 0.746766 0.212685
v -0.790432 0.693173 0.144217
v -0.810306 0.731550 0.205368
v -0.745666 0.746766 0.212685
v -0.745666 0.783764 0.233977
v -0.810306 0.731550 0.205368
v -0.833604 0.760715 0.221950
v -0.839804 0.686882 0.197254
v -0.864937 0.703679 0.209033
v -0.829056 0.539315 0.180691
v -0.845213 0.538602 0.188466
v -0.019537 0.762393 0.189688
v -0.019537 0.767666 0.097863
v -0.048969 0.764158 0.192452
v -0.047820 0.769600 0.097863
v -0.048969 0.764158 0.192452
v -0.047820 0.769600 0.097863
v -0.076017 0.783163 0.196078
v -0.074835 0.788742 0.097863
v 0.283993 -0.573232 0.082894
v 0.286122 -0.576858 0.045080
v 0.315078 -0.560133 0.083580
v 0.317750 -0.563837 0.045452
v 0.318044 -0.564249 -0.000000
v 0.317750 -0.563837 0.045452
v 0.286358 -0.577263 -0.000000
v 0.286122 -0.576858 0.045080
v -0.640499 -0.283213 0.126445
v -0.623108 -0.257962 0.095327
v -0.681581 -0.277372 0.126798
v -0.660472 -0.254264 0.095504
v -0.681581 -0.277372 0.126798
v -0.660472 -0.254264 0.095504
v -0.705983 -0.268121 0.127379
v -0.682182 -0.247802 0.095824
v -0.623108 -0.257962 0.095327
v -0.618757 -0.251650 -0.000000
v -0.660472 -0.254264 0.095504
v -0.655193 -0.248482 -0.000000
v -0.660472 -0.254264 0.095504
v -0.655193 -0.248482 -0.000000
v -0.682182 -0.247802 0.095824
v -0.676230 -0.242719 -0.000000
v -0.718696 -0.254394 0.128294
v -0.693230 -0.237290 0.096340
v -0.724720 -0.235121 0.129627
v -0.698600 -0.221454 0.097130
v -0.693230 -0.237290 0.096340
v -0.686860 -0.233011 -0.000000
v -0.698600 -0.221454 0.097130
v -0.692073 -0.218037 -0.000000
v -0.705983 -0.268121 0.127379
v -0.682182 -0.247802 0.095824
v -0.718696 -0.254394 0.128294
v -0.693230 -0.237290 0.096340
v -0.682182 -0.247802 0.095824
v -0.676230 -0.242719 -0.000000
v -0.693230 -0.237290 0.096340
v -0.686860 -0.233011 -0.000000
v -0.813991 0.663486 0.142106
v -0.807529 0.657632 0.000001
v -0.790432 0.693173 0.144217
v -0.785466 0.683569 0.000001
v -0.745666 0.702777 0.145896
v -0.790432 0.693173 0.144217
v -0.745666 0.689678 0.000001
v -0.785466 0.683569 0.000001
v -0.245909 0.669366 0.144648
v -0.278967 0.694604 0.145654
v -0.247157 0.653301 0.000001
v -0.280176 0.681381 0.000001
v -0.244099 -0.278110 0.126648
v -0.250247 -0.249730 0.095556
v -0.269102 -0.283905 0.126328
v -0.274119 -0.256028 0.095334
v -0.251782 -0.242628 -0.000000
v -0.274119 -0.256028 0.095334
v -0.275374 -0.249057 -0.000000
v -0.287937 0.986871 0.000001
v -0.287937 0.986871 0.073964
v -0.256636 0.972419 0.000001
v -0.256636 0.972419 0.073964
v -0.027181 0.739011 0.073964
v -0.027181 0.739011 0.000001
v -0.068759 0.746165 0.073964
v -0.064675 0.741134 0.000001
v -0.068759 0.746165 0.073964
v -0.064675 0.741134 0.000001
v -0.091743 0.760342 0.073964
v -0.091743 0.760349 0.000001
v -0.260334 1.014683 0.097863
v -0.263398 1.009567 0.260457
v -0.238154 1.000440 0.097863
v -0.241166 0.995298 0.258268
v -0.091743 0.760342 0.073964
v -0.074835 0.788742 0.097863
v -0.068759 0.746165 0.073964
v -0.047820 0.769600 0.097863
v -0.068759 0.746165 0.073964
v -0.047820 0.769600 0.097863
v -0.027181 0.739011 0.073964
v -0.019537 0.767666 0.097863
v -0.287937 0.986871 0.073964
v -0.260334 1.014683 0.097863
v -0.256636 0.972419 0.073964
v -0.238154 1.000440 0.097863
v -0.076017 0.783163 0.196078
v -0.077520 0.778139 0.211189
v -0.048969 0.764158 0.192452
v -0.050368 0.759153 0.207158
v -0.077520 0.778139 0.211189
v -0.080016 0.769325 0.221473
v -0.050368 0.759153 0.207158
v -0.052765 0.750666 0.217337
v -0.048969 0.764158 0.192452
v -0.050368 0.759153 0.207158
v -0.019537 0.762393 0.189688
v -0.019537 0.757396 0.204101
v -0.050368 0.759153 0.207158
v -0.052765 0.750666 0.217337
v -0.019537 0.757396 0.204101
v -0.019537 0.748759 0.214149
v -0.019537 0.734803 0.220029
v -0.019537 0.748759 0.214149
v -0.056587 0.737155 0.223230
v -0.052765 0.750666 0.217337
v -0.056587 0.737155 0.223230
v -0.052765 0.750666 0.217337
v -0.083870 0.754861 0.227137
v -0.080016 0.769325 0.221473
v -0.263398 1.009567 0.260457
v -0.747096 1.020020 0.260489
v -0.266475 1.004465 0.280932
v -0.747096 1.014180 0.280351
v -0.263398 1.009567 0.260457
v -0.266475 1.004465 0.280932
v -0.241166 0.995298 0.258268
v -0.244210 0.990216 0.278482
v -0.266475 1.004465 0.280932
v -0.288218 0.997500 0.294574
v -0.244210 0.990216 0.278482
v -0.261556 0.982565 0.291915
v -1.553833 0.982591 0.296253
v -0.747096 0.982591 0.296253
v -1.553833 1.003060 0.291862
v -0.747096 1.004020 0.293607
v -1.562084 1.020020 0.259790
v -1.564678 1.020020 0.097863
v -1.571224 1.007594 0.260111
v -1.574687 1.009887 0.097863
v -1.542334 0.994110 0.073964
v -1.542334 0.994110 0.000001
v -1.552487 0.987962 0.073964
v -1.552487 0.987962 0.000001
v -1.552487 0.987962 0.073964
v -1.574687 1.009887 0.097863
v -1.542334 0.994110 0.073964
v -1.564678 1.020020 0.097863
v -1.572871 0.939530 0.259745
v -1.568637 0.938675 0.280050
v -1.574491 0.982591 0.260973
v -1.568637 0.982591 0.281318
v -1.568637 0.938675 0.280050
v -1.553833 0.937179 0.296253
v -1.568637 0.982591 0.281318
v -1.553833 0.982591 0.296253
v -1.416144 0.885442 0.245110
v -1.561653 0.922015 0.275960
v -1.435855 0.867109 0.214071
v -1.571146 0.920989 0.255668
v -1.572871 0.939530 0.259745
v -1.571146 0.920989 0.255668
v -1.568637 0.938675 0.280050
v -1.561653 0.922015 0.275960
v -1.572871 0.939530 0.259745
v -1.579123 0.940393 0.094923
v -1.571146 0.920989 0.255668
v -1.571146 0.920989 0.087344
v -1.443701 0.858472 0.000001
v -1.441271 0.863150 0.099895
v -1.571910 0.914338 0.000001
v -1.571910 0.914338 0.069574
v -1.148469 0.259651 -0.000000
v -1.137114 0.172490 -0.000000
v -1.147436 0.259618 0.060786
v -1.135827 0.172510 0.057931
v -1.124224 0.172517 0.101645
v -1.136114 0.259527 0.106597
v -1.135827 0.172510 0.057931
v -1.147436 0.259618 0.060786
v -0.773837 0.118454 0.153493
v -0.752931 0.118506 0.113581
v -0.799284 0.312433 0.166030
v -0.778463 0.312375 0.122826
v -0.752931 0.118506 0.113581
v -0.747711 0.118604 -0.000000
v -0.778463 0.312375 0.122826
v -0.773243 0.312283 -0.000000
v -1.182520 0.530919 -0.000000
v -1.171172 0.443752 -0.000000
v -1.181501 0.530880 0.067900
v -1.169891 0.443779 0.065045
v -1.158354 0.443779 0.114097
v -1.170244 0.530795 0.119043
v -1.169891 0.443779 0.065045
v -1.181501 0.530880 0.067900
v -1.090087 -0.098752 0.089199
v -1.101984 -0.011742 0.094158
v -1.101762 -0.098752 0.050816
v -1.113378 -0.011650 0.053677
v -1.114411 -0.011611 -0.000000
v -1.103062 -0.098778 -0.000000
v -1.113378 -0.011650 0.053677
v -1.101762 -0.098752 0.050816
v -0.829056 0.539315 0.180691
v -0.808359 0.539367 0.133632
v -0.839804 0.686882 0.197254
v -0.813991 0.663486 0.142106
v -0.808359 0.539367 0.133632
v -0.803198 0.539465 -0.000000
v -0.813991 0.663486 0.142106
v -0.807529 0.657632 0.000001
v -0.724720 -0.235121 0.129627
v -0.744072 -0.108428 0.138832
v -0.746417 -0.245823 0.133789
v -0.760660 -0.107722 0.144771
v -0.828697 -0.539677 0.081143
v -0.220128 -0.565548 0.088010
v -0.802531 -0.503116 0.099861
v -0.225669 -0.526434 0.101736
v -0.767507 -0.453908 0.108877
v -0.802531 -0.503116 0.099861
v -0.236004 -0.468412 0.108348
v -0.225669 -0.526434 0.101736
v -0.654651 -0.303734 0.129842
v -0.252063 -0.303864 0.129790
v -0.640499 -0.283213 0.126445
v -0.269102 -0.283905 0.126328
v -0.746417 -0.245823 0.133789
v -0.739629 -0.268127 0.132168
v -0.724720 -0.235121 0.129627
v -0.718696 -0.254394 0.128294
v -0.739629 -0.268127 0.132168
v -0.725419 -0.284591 0.131038
v -0.718696 -0.254394 0.128294
v -0.705983 -0.268121 0.127379
v -0.640499 -0.283213 0.126445
v -0.681581 -0.277372 0.126798
v -0.654651 -0.303734 0.129842
v -0.698770 -0.296149 0.130300
v -0.681581 -0.277372 0.126798
v -0.705983 -0.268121 0.127379
v -0.698770 -0.296149 0.130300
v -0.725419 -0.284591 0.131038
v -0.767507 -0.453908 0.108877
v -0.835257 -0.433818 0.110027
v -0.802531 -0.503116 0.099861
v -0.878801 -0.479152 0.101214
v -0.835257 -0.433818 0.110027
v -0.881284 -0.405699 0.111673
v -0.878801 -0.479152 0.101214
v -0.931773 -0.446349 0.103102
v -0.828697 -0.539677 0.081143
v -0.802531 -0.503116 0.099861
v -0.911480 -0.512897 0.082430
v -0.878801 -0.479152 0.101214
v -0.911480 -0.512897 0.082430
v -0.878801 -0.479152 0.101214
v -0.969718 -0.476421 0.084227
v -0.931773 -0.446349 0.103102
v -1.036051 -0.378520 0.089356
v -1.009284 -0.431289 0.086540
v -0.992232 -0.357235 0.108498
v -0.967543 -0.405463 0.105526
v -1.009284 -0.431289 0.086540
v -0.969718 -0.476421 0.084227
v -0.967543 -0.405463 0.105526
v -0.931773 -0.446349 0.103102
v -0.933151 -0.325378 0.116652
v -0.992232 -0.357235 0.108498
v -0.911840 -0.369550 0.113869
v -0.967543 -0.405463 0.105526
v -0.911840 -0.369550 0.113869
v -0.967543 -0.405463 0.105526
v -0.881284 -0.405699 0.111673
v -0.931773 -0.446349 0.103102
v -0.851642 0.319483 0.173746
v -0.824588 0.111404 0.159595
v -0.815709 0.313139 0.173223
v -0.790157 0.117741 0.160013
v -0.815709 0.313139 0.173223
v -0.790157 0.117741 0.160013
v -0.799284 0.312433 0.166030
v -0.773837 0.118454 0.153493
v -1.136114 0.259527 0.106597
v -1.124224 0.172517 0.101645
v -1.107864 0.259573 0.126308
v -1.096144 0.172281 0.120572
v -1.107864 0.259573 0.126308
v -1.096144 0.172281 0.120572
v -1.072075 0.255162 0.130914
v -1.061909 0.176476 0.125740
v -1.170244 0.530795 0.119043
v -1.158354 0.443779 0.114097
v -1.142164 0.530841 0.140969
v -1.130437 0.443550 0.135239
v -1.142164 0.530841 0.140969
v -1.130437 0.443550 0.135239
v -1.106551 0.526431 0.146038
v -1.096385 0.447744 0.140864
v -1.101984 -0.011742 0.094158
v -1.090087 -0.098752 0.089199
v -1.073571 -0.011696 0.111647
v -1.061844 -0.098980 0.105905
v -1.073571 -0.011696 0.111647
v -1.061844 -0.098980 0.105905
v -1.037599 -0.016106 0.115789
v -1.027427 -0.094793 0.110615
v -1.243110 0.726715 0.000001
v -1.191268 0.548788 -0.000000
v -1.240849 0.727767 0.087782
v -1.189779 0.548768 0.079668
v -1.225940 0.732811 0.165456
v -1.240849 0.727767 0.087782
v -1.175686 0.548736 0.139825
v -1.189779 0.548768 0.079668
v -1.036051 -0.378520 0.089356
v -1.091178 -0.117855 0.104369
v -1.053220 -0.386687 0.050359
v -1.105630 -0.117881 0.059388
v -1.055134 -0.387601 -0.000000
v -1.053220 -0.386687 0.050359
v -1.107316 -0.117901 -0.000000
v -1.105630 -0.117881 0.059388
v -0.933151 -0.325378 0.116652
v -1.016333 -0.107363 0.129725
v -0.992232 -0.357235 0.108498
v -1.055899 -0.117561 0.124054
v -1.036051 -0.378520 0.089356
v -0.992232 -0.357235 0.108498
v -1.091178 -0.117855 0.104369
v -1.055899 -0.117561 0.124054
v -1.175392 0.424629 -0.000000
v -1.157223 0.277519 -0.000000
v -1.173726 0.424649 0.075819
v -1.155727 0.277500 0.071455
v -1.159438 0.424675 0.133103
v -1.173726 0.424649 0.075819
v -1.141557 0.277474 0.125459
v -1.155727 0.277500 0.071455
v -1.159438 0.424675 0.133103
v -1.141557 0.277474 0.125459
v -1.123224 0.424688 0.157975
v -1.105035 0.277461 0.148926
v -1.075381 0.429575 0.165011
v -1.123224 0.424688 0.157975
v -1.056774 0.269947 0.154950
v -1.105035 0.277461 0.148926
v -0.862585 0.059027 0.152800
v -0.849924 0.093758 0.156387
v -1.000451 -0.033145 0.136062
v -1.018607 -0.002353 0.137499
v -1.044256 0.160998 0.147567
v -1.018607 -0.002353 0.137499
v -1.029275 0.192763 0.150625
v -0.849924 0.093758 0.156387
v -1.018607 -0.002353 0.137499
v -1.044256 0.160998 0.147567
v -1.070703 0.006199 0.132005
v -1.088898 0.153420 0.141054
v -1.107433 0.006205 0.111098
v -1.070703 0.006199 0.132005
v -1.125308 0.153413 0.118736
v -1.088898 0.153420 0.141054
v -1.107433 0.006205 0.111098
v -1.125308 0.153413 0.118736
v -1.121676 0.006238 0.063249
v -1.139681 0.153381 0.067600
v -1.123185 0.006258 -0.000000
v -1.121676 0.006238 0.063249
v -1.141354 0.153361 -0.000000
v -1.139681 0.153381 0.067600
v -1.157223 0.277519 -0.000000
v -1.148469 0.259651 -0.000000
v -1.155727 0.277500 0.071455
v -1.147436 0.259618 0.060786
v -1.141557 0.277474 0.125459
v -1.155727 0.277500 0.071455
v -1.136114 0.259527 0.106597
v -1.147436 0.259618 0.060786
v -1.141557 0.277474 0.125459
v -1.136114 0.259527 0.106597
v -1.105035 0.277461 0.148926
v -1.107864 0.259573 0.126308
v -1.056774 0.269947 0.154950
v -1.105035 0.277461 0.148926
v -1.072075 0.255162 0.130914
v -1.107864 0.259573 0.126308
v -1.035064 0.238124 0.153565
v -1.053566 0.238176 0.131286
v -1.029275 0.192763 0.150625
v -1.047843 0.193351 0.128366
v -1.044256 0.160998 0.147567
v -1.061909 0.176476 0.125740
v -1.088898 0.153420 0.141054
v -1.096144 0.172281 0.120572
v -1.125308 0.153413 0.118736
v -1.088898 0.153420 0.141054
v -1.124224 0.172517 0.101645
v -1.096144 0.172281 0.120572
v -1.125308 0.153413 0.118736
v -1.124224 0.172517 0.101645
v -1.139681 0.153381 0.067600
v -1.135827 0.172510 0.057931
v -1.141354 0.153361 -0.000000
v -1.139681 0.153381 0.067600
v -1.137114 0.172490 -0.000000
v -1.135827 0.172510 0.057931
v -1.191268 0.548788 -0.000000
v -1.182520 0.530919 -0.000000
v -1.189779 0.548768 0.079668
v -1.181501 0.530880 0.067900
v -1.175686 0.548736 0.139825
v -1.189779 0.548768 0.079668
v -1.170244 0.530795 0.119043
v -1.181501 0.530880 0.067900
v -1.175686 0.548736 0.139825
v -1.170244 0.530795 0.119043
v -1.140622 0.548448 0.165723
v -1.142164 0.530841 0.140969
v -1.092099 0.542085 0.171721
v -1.140622 0.548448 0.165723
v -1.106551 0.526431 0.146038
v -1.142164 0.530841 0.140969
v -1.069671 0.509386 0.171067
v -1.088088 0.509444 0.146535
v -1.063882 0.464032 0.168127
v -1.082371 0.464620 0.143608
v -1.075381 0.429575 0.165011
v -1.096385 0.447744 0.140864
v -1.123224 0.424688 0.157975
v -1.130437 0.443550 0.135239
v -1.159438 0.424675 0.133103
v -1.123224 0.424688 0.157975
v -1.158354 0.443779 0.114097
v -1.130437 0.443550 0.135239
v -1.159438 0.424675 0.133103
v -1.158354 0.443779 0.114097
v -1.173726 0.424649 0.075819
v -1.169891 0.443779 0.065045
v -1.175392 0.424629 -0.000000
v -1.173726 0.424649 0.075819
v -1.171172 0.443752 -0.000000
v -1.169891 0.443779 0.065045
v -1.091178 -0.117855 0.104369
v -1.090087 -0.098752 0.089199
v -1.105630 -0.117881 0.059388
v -1.101762 -0.098752 0.050816
v -1.107316 -0.117901 -0.000000
v -1.105630 -0.117881 0.059388
v -1.103062 -0.098778 -0.000000
v -1.101762 -0.098752 0.050816
v -1.123185 0.006258 -0.000000
v -1.114411 -0.011611 -0.000000
v -1.121676 0.006238 0.063249
v -1.113378 -0.011650 0.053677
v -1.107433 0.006205 0.111098
v -1.121676 0.006238 0.063249
v -1.101984 -0.011742 0.094158
v -1.113378 -0.011650 0.053677
v -1.107433 0.006205 0.111098
v -1.101984 -0.011742 0.094158
v -1.070703 0.006199 0.132005
v -1.073571 -0.011696 0.111647
v -1.018607 -0.002353 0.137499
v -1.070703 0.006199 0.132005
v -1.037599 -0.016106 0.115789
v -1.073571 -0.011696 0.111647
v -1.000451 -0.033145 0.136062
v -1.019038 -0.033092 0.116038
v -0.994662 -0.078499 0.133122
v -1.013315 -0.077917 0.113117
v -1.016333 -0.107363 0.129725
v -1.027427 -0.094793 0.110615
v -1.055899 -0.117561 0.124054
v -1.061844 -0.098980 0.105905
v -1.091178 -0.117855 0.104369
v -1.055899 -0.117561 0.124054
v -1.090087 -0.098752 0.089199
v -1.061844 -0.098980 0.105905
v -1.035064 0.238124 0.153565
v -0.903163 0.371860 0.173818
v -1.056774 0.269947 0.154950
v -1.075381 0.429575 0.165011
v -0.848565 -0.049001 0.145522
v -0.862585 0.059027 0.152800
v -0.994662 -0.078499 0.133122
v -1.000451 -0.033145 0.136062
v -0.760437 -0.027225 0.128431
v -0.743647 -0.027343 0.095027
v -0.768944 0.036918 0.132567
v -0.752192 0.036846 0.098071
v -0.773733 -0.027010 0.133998
v -0.760437 -0.027225 0.128431
v -0.782148 0.036794 0.138303
v -0.768944 0.036918 0.132567
v -0.807595 0.457707 0.116136
v -0.824150 0.457786 0.157080
v -0.799056 0.393524 0.113091
v -0.815650 0.393636 0.152944
v -0.803622 0.457649 -0.000000
v -0.807595 0.457707 0.116136
v -0.795110 0.393400 -0.000000
v -0.799056 0.393524 0.113091
v -0.743647 -0.027343 0.095027
v -0.739649 -0.027461 -0.000000
v -0.752192 0.036846 0.098071
v -0.748161 0.036788 -0.000000
v -0.828795 0.393851 0.159660
v -0.815650 0.393636 0.152944
v -0.837210 0.457655 0.163966
v -0.824150 0.457786 0.157080
v -0.824588 0.111404 0.159595
v -0.812299 0.095398 0.142595
v -0.790157 0.117741 0.160013
v -0.784290 0.100592 0.142615
v -0.773837 0.118454 0.153493
v -0.771172 0.101068 0.136702
v -0.752931 0.118506 0.113581
v -0.754460 0.101036 0.101122
v -0.790157 0.117741 0.160013
v -0.784290 0.100592 0.142615
v -0.773837 0.118454 0.153493
v -0.771172 0.101068 0.136702
v -0.752931 0.118506 0.113581
v -0.754460 0.101036 0.101122
v -0.747711 0.118604 -0.000000
v -0.750402 0.101042 -0.000000
v -0.717762 -0.108578 -0.000000
v -0.724857 -0.091716 -0.000000
v -0.723034 -0.108487 0.102775
v -0.728829 -0.091526 0.091982
v -0.723034 -0.108487 0.102775
v -0.728829 -0.091526 0.091982
v -0.744072 -0.108428 0.138832
v -0.745659 -0.091369 0.124289
v -0.744072 -0.108428 0.138832
v -0.745659 -0.091369 0.124289
v -0.760660 -0.107722 0.144771
v -0.759046 -0.090814 0.129686
v -0.796893 -0.101378 0.145098
v -0.760660 -0.107722 0.144771
v -0.788694 -0.085463 0.130274
v -0.759046 -0.090814 0.129686
v -0.848565 -0.049001 0.145522
v -0.836028 -0.038306 0.130359
v -0.862585 0.059027 0.152800
v -0.847284 0.048489 0.136212
v -0.782148 0.036794 0.138303
v -0.847284 0.048489 0.136212
v -0.773733 -0.027010 0.133998
v -0.836028 -0.038306 0.130359
v -0.773243 0.312283 -0.000000
v -0.780318 0.329145 -0.000000
v -0.778463 0.312375 0.122826
v -0.784238 0.329335 0.110047
v -0.778463 0.312375 0.122826
v -0.784238 0.329335 0.110047
v -0.799284 0.312433 0.166030
v -0.800872 0.329492 0.148809
v -0.799284 0.312433 0.166030
v -0.800872 0.329492 0.148809
v -0.815709 0.313139 0.173223
v -0.814108 0.330054 0.155355
v -0.851642 0.319483 0.173746
v -0.815709 0.313139 0.173223
v -0.843489 0.335404 0.156178
v -0.814108 0.330054 0.155355
v -0.903163 0.371860 0.173818
v -0.890678 0.382555 0.155943
v -0.917184 0.479888 0.181096
v -0.901942 0.469356 0.161797
v -0.837210 0.457655 0.163966
v -0.901942 0.469356 0.161797
v -0.828795 0.393851 0.159660
v -0.890678 0.382555 0.155943
v -0.879337 0.532265 0.188243
v -0.867100 0.516259 0.168506
v -0.845213 0.538602 0.188466
v -0.839353 0.521459 0.168278
v -0.829056 0.539315 0.180691
v -0.826378 0.521930 0.161222
v -0.808359 0.539367 0.133632
v -0.809862 0.521897 0.119180
v -0.845213 0.538602 0.188466
v -0.839353 0.521459 0.168278
v -0.829056 0.539315 0.180691
v -0.826378 0.521930 0.161222
v -0.808359 0.539367 0.133632
v -0.809862 0.521897 0.119180
v -0.803198 0.539465 -0.000000
v -0.805863 0.521903 -0.000000
v -1.069671 0.509386 0.171067
v -0.917184 0.479888 0.181096
v -1.092099 0.542085 0.171721
v -0.904542 0.514619 0.184820
v -0.862585 0.059027 0.152800
v -0.847284 0.048489 0.136212
v -0.849924 0.093758 0.156387
v -0.834348 0.078000 0.139303
v -0.824588 0.111404 0.159595
v -0.849924 0.093758 0.156387
v -0.812299 0.095398 0.142595
v -0.834348 0.078000 0.139303
v -0.796893 -0.101378 0.145098
v -0.788694 -0.085463 0.130274
v -0.826881 -0.083732 0.144372
v -0.815402 -0.067921 0.129418
v -0.848565 -0.049001 0.145522
v -0.826881 -0.083732 0.144372
v -0.836028 -0.038306 0.130359
v -0.815402 -0.067921 0.129418
v -0.851642 0.319483 0.173746
v -0.843489 0.335404 0.156178
v -0.881499 0.337129 0.172805
v -0.870079 0.352940 0.155100
v -0.903163 0.371860 0.173818
v -0.881499 0.337129 0.172805
v -0.890678 0.382555 0.155943
v -0.870079 0.352940 0.155100
v -0.917184 0.479888 0.181096
v -0.901942 0.469356 0.161797
v -0.904542 0.514619 0.184820
v -0.889025 0.498861 0.164985
v -0.879337 0.532265 0.188243
v -0.904542 0.514619 0.184820
v -0.867100 0.516259 0.168506
v -0.889025 0.498861 0.164985
v -1.175686 0.548736 0.139825
v -1.140622 0.548448 0.165723
v -1.225940 0.732811 0.165456
v -1.193947 0.748301 0.191132
v -1.035064 0.238124 0.153565
v -1.056774 0.269947 0.154950
v -1.053566 0.238176 0.131286
v -1.072075 0.255162 0.130914
v -1.029275 0.192763 0.150625
v -1.047843 0.193351 0.128366
v -1.044256 0.160998 0.147567
v -1.061909 0.176476 0.125740
v -1.069671 0.509386 0.171067
v -1.092099 0.542085 0.171721
v -1.088088 0.509444 0.146535
v -1.106551 0.526431 0.146038
v -1.063882 0.464032 0.168127
v -1.082371 0.464620 0.143608
v -1.075381 0.429575 0.165011
v -1.096385 0.447744 0.140864
v -1.000451 -0.033145 0.136062
v -1.018607 -0.002353 0.137499
v -1.019038 -0.033092 0.116038
v -1.037599 -0.016106 0.115789
v -0.994662 -0.078499 0.133122
v -1.013315 -0.077917 0.113117
v -1.016333 -0.107363 0.129725
v -1.027427 -0.094793 0.110615
v -0.745666 0.746766 0.212685
v -0.248738 0.746766 0.224517
v -0.745666 0.783764 0.233977
v -0.237141 0.783764 0.234703
v -0.220128 -0.565548 0.088010
v -0.220128 -0.582542 0.045374
v 0.283993 -0.573232 0.082894
v 0.286122 -0.576858 0.045080
v 0.278374 -0.527871 0.116240
v -0.225669 -0.526434 0.101736
v 0.283993 -0.573232 0.082894
v -0.220128 -0.565548 0.088010
v -1.072075 0.255162 0.130914
v -1.061909 0.176476 0.125740
v -1.053566 0.238176 0.131286
v -1.047843 0.193351 0.128366
v -1.037599 -0.016106 0.115789
v -1.027427 -0.094793 0.110615
v -1.019038 -0.033092 0.116038
v -1.013315 -0.077917 0.113117
v -1.106551 0.526431 0.146038
v -1.096385 0.447744 0.140864
v -1.088088 0.509444 0.146535
v -1.082371 0.464620 0.143608
v -1.553833 1.003060 0.291862
v -0.747096 1.004020 0.293607
v -1.559484 1.016813 0.278959
v -0.747096 1.014180 0.280351
v -0.768944 0.036918 0.132567
v -0.752192 0.036846 0.098071
v -0.771172 0.101068 0.136702
v -0.754460 0.101036 0.101122
v -0.743647 -0.027343 0.095027
v -0.760437 -0.027225 0.128431
v -0.728829 -0.091526 0.091982
v -0.745659 -0.091369 0.124289
v -0.782148 0.036794 0.138303
v -0.768944 0.036918 0.132567
v -0.784290 0.100592 0.142615
v -0.771172 0.101068 0.136702
v -0.760437 -0.027225 0.128431
v -0.773733 -0.027010 0.133998
v -0.745659 -0.091369 0.124289
v -0.759046 -0.090814 0.129686
v -0.799056 0.393524 0.113091
v -0.815650 0.393636 0.152944
v -0.784238 0.329335 0.110047
v -0.800872 0.329492 0.148809
v -0.824150 0.457786 0.157080
v -0.807595 0.457707 0.116136
v -0.826378 0.521930 0.161222
v -0.809862 0.521897 0.119180
v -0.795110 0.393400 -0.000000
v -0.799056 0.393524 0.113091
v -0.780318 0.329145 -0.000000
v -0.784238 0.329335 0.110047
v -0.807595 0.457707 0.116136
v -0.803622 0.457649 -0.000000
v -0.809862 0.521897 0.119180
v -0.805863 0.521903 -0.000000
v -0.752192 0.036846 0.098071
v -0.748161 0.036788 -0.000000
v -0.754460 0.101036 0.101122
v -0.750402 0.101042 -0.000000
v -0.739649 -0.027461 -0.000000
v -0.743647 -0.027343 0.095027
v -0.724857 -0.091716 -0.000000
v -0.728829 -0.091526 0.091982
v -0.837210 0.457655 0.163966
v -0.824150 0.457786 0.157080
v -0.839353 0.521459 0.168278
v -0.826378 0.521930 0.161222
v -0.815650 0.393636 0.152944
v -0.828795 0.393851 0.159660
v -0.800872 0.329492 0.148809
v -0.814108 0.330054 0.155355
v -1.075381 0.429575 0.165011
v -0.903163 0.371860 0.173818
v -1.063882 0.464032 0.168127
v -0.917184 0.479888 0.181096
v -0.881499 0.337129 0.172805
v -0.849924 0.093758 0.156387
v -0.851642 0.319483 0.173746
v -0.824588 0.111404 0.159595
v -1.016333 -0.107363 0.129725
v -0.826881 -0.083732 0.144372
v -0.994662 -0.078499 0.133122
v -0.848565 -0.049001 0.145522
v -1.571146 0.920989 0.087344
v -1.441271 0.863150 0.099895
v -1.571146 0.920989 0.255668
v -1.435855 0.867109 0.214071
v -0.796893 -0.101378 0.145098
v -0.933151 -0.325378 0.116652
v -0.760660 -0.107722 0.144771
v -0.746417 -0.245823 0.133789
v -1.092099 0.542085 0.171721
v -0.864937 0.703679 0.209033
v -1.140622 0.548448 0.165723
v -1.193947 0.748301 0.191132
v -0.864937 0.703679 0.209033
v -1.092099 0.542085 0.171721
v -0.879337 0.532265 0.188243
v -0.904542 0.514619 0.184820
v -0.747096 1.020020 0.097863
v -0.747096 1.020020 0.260489
v -0.260334 1.014683 0.097863
v -0.263398 1.009567 0.260457
v -0.747096 0.994207 0.000001
v -0.747096 0.994207 0.073964
v -0.287937 0.986871 0.000001
v -0.287937 0.986871 0.073964
v -0.747096 1.020020 0.097863
v -0.747096 0.994207 0.073964
v -1.564678 1.020020 0.097863
v -1.542334 0.994110 0.073964
v -0.747096 1.014180 0.280351
v -0.747096 1.020020 0.260489
v -1.559484 1.016813 0.278959
v -1.562084 1.020020 0.259790
v -0.747096 1.004020 0.293607
v -0.747096 0.982591 0.296253
v -0.288218 0.997500 0.294574
v -0.281443 0.982591 0.296253
v -0.747096 1.014180 0.280351
v -0.747096 1.004020 0.293607
v -0.266475 1.004465 0.280932
v -0.288218 0.997500 0.294574
v -0.747096 0.982591 0.296253
v -0.747096 0.937178 0.296253
v -0.281443 0.982591 0.296253
v -0.237213 0.937178 0.296253
v -1.553833 0.937179 0.296253
v -0.747096 0.937178 0.296253
v -1.553833 0.982591 0.296253
v -0.747096 0.982591 0.296253
v -0.237141 0.783764 0.234703
v -0.237213 0.937178 0.296253
v -0.746378 0.860471 0.266069
v -0.747096 0.937178 0.296253
v -1.324639 0.804207 0.000001
v -1.323254 0.805102 0.093878
v -1.443701 0.858472 0.000001
v -1.441271 0.863150 0.099895
v -1.323254 0.805102 0.093878
v -1.310546 0.810198 0.188421
v -1.441271 0.863150 0.099895
v -1.435855 0.867109 0.214071
v -1.310546 0.810198 0.188421
v -1.287575 0.825231 0.216821
v -1.435855 0.867109 0.214071
v -1.416144 0.885442 0.245110
v -0.790432 0.693173 0.144217
v -0.810306 0.731550 0.205368
v -0.813991 0.663486 0.142106
v -0.839804 0.686882 0.197254
v -0.810306 0.731550 0.205368
v -0.833604 0.760715 0.221950
v -0.839804 0.686882 0.197254
v -0.864937 0.703679 0.209033
v 0.915082 -0.484673 -0.000000
v 1.041226 -0.476742 -0.000000
v 0.915082 -0.484673 0.809944
v 1.041226 -0.476742 0.800144
v 0.784253 -0.480623 -0.000000
v 0.915082 -0.484673 -0.000000
v 0.784214 -0.480616 0.818255
v 0.915082 -0.484673 0.809944
v 0.484819 0.662663 0.000001
v 0.337690 0.689580 0.000001
v 0.484819 0.662663 0.693574
v 0.337344 0.689645 0.646522
v 0.601223 0.652066 0.000001
v 0.484819 0.662663 0.000001
v 0.601223 0.652066 0.724503
v 0.484819 0.662663 0.693574
v 0.757192 0.637235 0.000001
v 0.601223 0.652066 0.000001
v 0.757192 0.637235 0.762167
v 0.601223 0.652066 0.724503
v 0.878234 0.637229 0.000001
v 0.757192 0.637235 0.000001
v 0.878234 0.637229 0.774574
v 0.757192 0.637235 0.762167
v 1.012395 0.634282 0.000001
v 0.878234 0.637229 0.000001
v 1.012395 0.634282 0.786432
v 0.878234 0.637229 0.774574
v 1.114739 0.626351 0.000001
v 1.012395 0.634282 0.000001
v 1.114739 0.626351 0.786432
v 1.012395 0.634282 0.786432
v 1.224896 0.607698 0.000001
v 1.114739 0.626351 0.000001
v 1.224896 0.607698 0.786431
v 1.114739 0.626351 0.786432
v 1.325137 0.576352 0.000001
v 1.224896 0.607698 0.000001
v 1.325137 0.576352 0.786431
v 1.224896 0.607698 0.786431
v 1.424991 0.521060 -0.000000
v 1.325137 0.576352 0.000001
v 1.424991 0.521060 0.786431
v 1.325137 0.576352 0.786431
v 1.514060 0.444856 -0.000000
v 1.424991 0.521060 -0.000000
v 1.514060 0.444856 0.786431
v 1.424991 0.521060 0.786431
v 1.584083 0.352391 -0.000000
v 1.514060 0.444856 -0.000000
v 1.584083 0.352391 0.786431
v 1.514060 0.444856 0.786431
v 1.628137 0.254698 -0.000000
v 1.584083 0.352391 -0.000000
v 1.628137 0.254699 0.786431
v 1.584083 0.352391 0.786431
v 1.652813 0.143659 -0.000000
v 1.628137 0.254698 -0.000000
v 1.652813 0.143659 0.786431
v 1.628137 0.254699 0.786431
v 1.653957 0.023015 -0.000000
v 1.652813 0.143659 -0.000000
v 1.653950 0.023015 0.786431
v 1.652813 0.143659 0.786431
v 1.355902 -0.381585 -0.000000
v 1.405281 -0.336296 -0.000000
v 1.355902 -0.381585 0.786431
v 1.405281 -0.336296 0.786431
v 1.268075 -0.421444 -0.000000
v 1.355902 -0.381585 -0.000000
v 1.268075 -0.421444 0.786431
v 1.355902 -0.381585 0.786431
v 1.172650 -0.454901 -0.000000
v 1.268075 -0.421444 -0.000000
v 1.172650 -0.454901 0.786548
v 1.268075 -0.421444 0.786431
v 1.041226 -0.476742 -0.000000
v 1.041226 -0.476742 0.800144
v 1.172650 -0.454901 0.786548
v 1.405281 -0.336296 -0.000000
v 1.506847 -0.236938 -0.000000
v 1.405281 -0.336296 0.786431
v 1.506847 -0.236938 0.786431
v 1.506847 -0.236938 -0.000000
v 1.596340 -0.123611 -0.000000
v 1.506847 -0.236938 0.786431
v 1.596340 -0.123611 0.786431
v 1.596340 -0.123611 -0.000000
v 1.653957 0.023015 -0.000000
v 1.596340 -0.123611 0.786431
v 1.653950 0.023015 0.786431
v 0.324473 0.673685 0.000001
v 0.755702 -0.460278 -0.000000
v 0.324421 0.673828 0.645176
v 0.755761 -0.460428 0.816941
v 0.755702 -0.460278 -0.000000
v 0.784253 -0.480623 -0.000000
v 0.755761 -0.460428 0.816941
v 0.784214 -0.480616 0.818255
v 0.303749 0.668830 0.667689
v 0.418160 0.489831 0.796864
v 0.366482 0.749281 0.651970
v 0.541613 0.657711 0.760005
v 0.849951 0.510993 0.904298
v 0.688997 0.587818 0.835960
v 0.761876 0.299478 0.963202
v 0.549603 0.341591 0.915195
v 0.407772 0.380869 0.858878
v 0.256344 0.454369 0.802855
v 0.336886 0.289625 0.892936
v 0.219424 0.414248 0.823540
v 0.549603 0.341591 0.915195
v 0.507019 0.096253 0.961582
v 0.761876 0.299478 0.963202
v 0.732790 0.114037 0.999664
v 0.337272 0.429732 0.647847
v 0.418160 0.489831 0.796864
v 0.236378 0.660592 0.526211
v 0.303749 0.668830 0.667689
v 0.549603 0.341591 0.915195
v 0.688997 0.587818 0.835960
v 0.418160 0.489831 0.796864
v 0.541613 0.657711 0.760005
v 0.162069 0.343185 0.816242
v 0.219424 0.414248 0.823540
v 0.123202 0.556543 0.751399
v 0.123202 0.556543 0.751399
v 0.256344 0.454369 0.802855
v 0.337272 0.429732 0.647847
v 0.123202 0.556543 0.751399
v 0.123202 0.556543 0.751399
v 0.162069 0.343185 0.816242
v 0.337272 0.429732 0.647847
v 0.221273 0.148147 0.881784
v 0.424752 0.110568 0.779545
v 0.407772 0.380869 0.858878
v 0.336886 0.289625 0.892936
v 0.549603 0.341591 0.915195
v 0.507019 0.096253 0.961582
v 0.336886 0.289625 0.892936
v 0.221273 0.148147 0.881784
v 0.507019 0.096253 0.961582
v 0.305115 -0.039953 0.928961
v 0.779026 -0.665384 0.763538
v 0.878770 -0.556735 0.869848
v 0.626951 -0.516085 0.876420
v 0.762366 -0.431100 0.954865
v 0.878770 -0.556735 0.869848
v 1.032563 -0.394200 0.971172
v 0.762366 -0.431100 0.954865
v 0.923980 -0.309098 0.995770
v 0.762366 -0.431100 0.954865
v 0.923980 -0.309098 0.995770
v 0.658500 -0.313580 0.974498
v 0.841595 -0.227830 1.013854
v -0.005615 -0.844023 -0.000000
v -0.005615 -0.844023 0.238622
v -0.109233 -0.822568 -0.000000
v -0.109233 -0.822568 0.238622
v -0.109233 -0.822568 -0.000000
v -0.109233 -0.822568 0.238622
v -0.197674 -0.764474 -0.000000
v -0.197674 -0.764474 0.238622
v -0.197674 -0.764474 -0.000000
v -0.197674 -0.764474 0.238622
v -0.255768 -0.676033 -0.000000
v -0.255768 -0.676033 0.238622
v -0.255768 -0.676033 -0.000000
v -0.255768 -0.676033 0.238622
v -0.277223 -0.572415 -0.000000
v -0.277223 -0.572415 0.238622
v -0.277223 -0.572415 -0.000000
v -0.255768 -0.468804 -0.000000
v -0.255768 -0.468804 0.238622
v -0.255768 -0.468804 -0.000000
v -0.255768 -0.468804 0.238622
v -0.197674 -0.380363 -0.000000
v -0.197674 -0.380363 0.238622
v -0.197674 -0.380363 -0.000000
v -0.197674 -0.380363 0.238622
v -0.109232 -0.322269 -0.000000
v -0.109232 -0.322269 0.238622
v -0.109232 -0.322269 -0.000000
v -0.109232 -0.322269 0.238622
v -0.005615 -0.300807 -0.000000
v -0.005615 -0.300807 0.238622
v -0.005615 -0.300807 -0.000000
v -0.005615 -0.300807 0.238622
v 0.098003 -0.322269 -0.000000
v 0.098003 -0.322269 0.238622
v 0.098003 -0.322269 -0.000000
v 0.098003 -0.322269 0.238622
v 0.186444 -0.380363 -0.000000
v 0.186444 -0.380363 0.238622
v 0.186444 -0.380363 -0.000000
v 0.186444 -0.380363 0.238622
v 0.244538 -0.468804 -0.000000
v 0.244538 -0.468804 0.238622
v 0.244538 -0.468804 -0.000000
v 0.244538 -0.468804 0.238622
v 0.265993 -0.572415 -0.000000
v 0.265993 -0.572415 0.238622
v 0.265993 -0.572415 -0.000000
v 0.265993 -0.572415 0.238622
v 0.244538 -0.676033 -0.000000
v 0.244538 -0.676033 0.238622
v 0.244538 -0.676033 -0.000000
v 0.244538 -0.676033 0.238622
v 0.186444 -0.764474 -0.000000
v 0.186444 -0.764474 0.238622
v 0.186444 -0.764474 -0.000000
v 0.186444 -0.764474 0.238622
v 0.098003 -0.822568 -0.000000
v 0.098003 -0.822568 0.238622
v 0.098003 -0.822568 -0.000000
v 0.098003 -0.822568 0.238622
v -0.005615 -0.844023 -0.000000
v -0.005615 -0.844023 0.238622
v -0.109233 -0.822568 0.238622
v -0.101523 -0.803961 0.268518
v -0.197674 -0.764474 0.238622
v -0.183385 -0.750186 0.268518
v -0.183385 -0.750186 0.268518
v -0.255768 -0.676033 0.238622
v -0.237161 -0.668324 0.268518
v -0.255768 -0.676033 0.238622
v -0.277223 -0.572415 0.238622
v -0.257022 -0.572415 0.268518
v -0.257022 -0.572415 0.268518
v -0.255768 -0.468804 0.238622
v -0.237161 -0.476506 0.268518
v -0.255768 -0.468804 0.238622
v -0.197674 -0.380363 0.238622
v -0.183385 -0.394644 0.268518
v -0.183385 -0.394644 0.268518
v -0.109232 -0.322269 0.238622
v -0.101523 -0.340875 0.268518
v -0.109232 -0.322269 0.238622
v -0.005615 -0.300807 0.238622
v -0.005615 -0.321008 0.268518
v -0.005615 -0.321008 0.268518
v 0.098003 -0.322269 0.238622
v 0.090294 -0.340876 0.268518
v 0.098003 -0.322269 0.238622
v 0.186444 -0.380363 0.238622
v 0.172156 -0.394644 0.268518
v 0.172156 -0.394644 0.268518
v 0.244538 -0.468804 0.238622
v 0.225931 -0.476506 0.268518
v 0.244538 -0.468804 0.238622
v 0.265993 -0.572415 0.238622
v 0.245793 -0.572415 0.268518
v 0.245793 -0.572415 0.268518
v 0.244538 -0.676033 0.238622
v 0.225931 -0.668324 0.268518
v 0.244538 -0.676033 0.238622
v 0.186444 -0.764474 0.238622
v 0.172156 -0.750186 0.268518
v 0.172156 -0.750186 0.268518
v 0.098003 -0.822568 0.238622
v 0.090294 -0.803961 0.268518
v 0.098003 -0.822568 0.238622
v -0.005615 -0.844023 0.238622
v -0.005615 -0.823822 0.268518
v -0.005615 -0.844023 0.238622
v -0.005615 -0.823822 0.268518
v -0.109233 -0.822568 0.238622
v 0.689971 -0.317676 1.028920
v 0.688899 -0.315069 1.021237
v 0.711962 -0.230875 1.057457
v 0.711446 -0.234004 1.063769
v 0.711962 -0.230875 1.057457
v 0.711446 -0.234004 1.063769
v 0.765260 -0.159956 1.076757
v 0.765437 -0.170207 1.100453
v 0.765437 -0.170207 1.100453
v 0.841968 -0.112113 1.085132
v 0.842882 -0.129988 1.127422
v 0.841968 -0.112113 1.085132
v 0.842882 -0.129988 1.127422
v 0.934198 -0.094564 1.080912
v 0.935812 -0.119658 1.140809
v 0.934198 -0.094564 1.080912
v 0.935812 -0.119658 1.140809
v 1.025017 -0.112113 1.064298
v 1.027160 -0.142617 1.137412
v 1.025017 -0.112113 1.064298
v 1.027160 -0.142617 1.137412
v 1.097883 -0.159956 1.038896
v 1.100287 -0.193165 1.118602
v 1.097883 -0.159956 1.038896
v 1.100287 -0.193165 1.118602
v 1.145478 -0.230875 1.008111
v 1.147869 -0.263927 1.087426
v 1.145478 -0.230875 1.008111
v 1.160491 -0.317676 0.975360
v 1.162575 -0.347539 1.046913
v 1.160491 -0.317676 0.975360
v 1.162575 -0.347539 1.046913
v 1.138500 -0.404477 0.946823
v 1.140029 -0.428605 1.004381
v 1.138500 -0.404477 0.946823
v 1.140029 -0.428605 1.004381
v 1.085202 -0.475396 0.927530
v 1.086045 -0.492402 0.967703
v 1.086045 -0.492402 0.967703
v 1.008495 -0.523239 0.919155
v 1.008592 -0.532621 0.940734
v 1.008495 -0.523239 0.919155
v 1.008592 -0.532621 0.940734
v 0.916264 -0.540787 0.923375
v 0.915663 -0.542950 0.927341
v 0.916264 -0.540787 0.923375
v 0.915663 -0.542950 0.927341
v 0.825445 -0.523239 0.939989
v 0.824315 -0.519992 0.930745
v 0.825445 -0.523239 0.939989
v 0.824315 -0.519992 0.930745
v 0.752579 -0.475396 0.965391
v 0.751188 -0.469444 0.949547
v 0.752579 -0.475396 0.965391
v 0.704984 -0.404477 0.996175
v 0.703606 -0.398682 0.980724
v 0.704984 -0.404477 0.996175
v 0.703606 -0.398682 0.980724
v 0.689971 -0.317676 1.028920
v 0.688899 -0.315069 1.021237
v 0.688899 -0.315069 1.021237
v 0.690252 -0.311312 1.014828
v 0.711446 -0.234004 1.063769
v 0.710309 -0.237434 1.069779
v 0.711446 -0.234004 1.063769
v 0.710309 -0.237434 1.069779
v 0.765437 -0.170207 1.100453
v 0.761190 -0.182587 1.121941
v 0.765437 -0.170207 1.100453
v 0.842882 -0.129988 1.127422
v 0.835310 -0.151959 1.165511
v 0.842882 -0.129988 1.127422
v 0.835310 -0.151959 1.165511
v 0.935812 -0.119658 1.140809
v 0.925084 -0.150744 1.194669
v 0.935812 -0.119658 1.140809
v 0.925084 -0.150744 1.194669
v 1.027160 -0.142617 1.137412
v 1.014054 -0.180568 1.203143
v 1.027160 -0.142617 1.137412
v 1.014054 -0.180568 1.203143
v 1.100287 -0.193165 1.118602
v 1.085986 -0.234579 1.190331
v 1.085986 -0.234579 1.190331
v 1.147869 -0.263927 1.087426
v 1.133614 -0.305197 1.158906
v 1.147869 -0.263927 1.087426
v 1.133614 -0.305197 1.158906
v 1.162575 -0.347539 1.046913
v 1.149698 -0.384858 1.111566
v 1.162575 -0.347539 1.046913
v 1.149698 -0.384858 1.111566
v 1.140029 -0.428605 1.004381
v 1.129641 -0.458743 1.056615
v 1.140029 -0.428605 1.004381
v 1.129641 -0.458743 1.056615
v 1.086045 -0.492402 0.967703
v 1.078753 -0.513589 1.004453
v 1.086045 -0.492402 0.967703
v 1.078753 -0.513589 1.004453
v 1.008592 -0.532621 0.940734
v 1.004633 -0.544211 0.960883
v 1.008592 -0.532621 0.940734
v 0.915663 -0.542950 0.927341
v 0.914860 -0.545433 0.931724
v 0.915663 -0.542950 0.927341
v 0.914860 -0.545433 0.931724
v 0.824315 -0.519992 0.930745
v 0.825896 -0.515602 0.923251
v 0.824315 -0.519992 0.930745
v 0.825896 -0.515602 0.923251
v 0.751188 -0.469444 0.949547
v 0.753964 -0.461597 0.936063
v 0.753964 -0.461597 0.936063
v 0.703606 -0.398682 0.980724
v 0.706330 -0.390979 0.967481
v 0.703606 -0.398682 0.980724
v 0.706330 -0.390979 0.967481
v 0.688899 -0.315069 1.021237
v 0.690252 -0.311312 1.014828
v 0.690252 -0.311312 1.014828
v 0.691395 -0.309503 1.012515
v 0.710309 -0.237434 1.069779
v 0.707049 -0.242994 1.077319
v 0.710309 -0.237434 1.069779
v 0.707049 -0.242994 1.077319
v 0.761190 -0.182587 1.121941
v 0.752429 -0.197372 1.141828
v 0.761190 -0.182587 1.121941
v 0.835310 -0.151959 1.165511
v 0.820630 -0.176661 1.198661
v 0.835310 -0.151959 1.165511
v 0.820630 -0.176661 1.198661
v 0.925084 -0.150744 1.194669
v 0.904766 -0.184900 1.240468
v 0.925084 -0.150744 1.194669
v 0.904766 -0.184900 1.240468
v 1.014054 -0.180568 1.203143
v 0.989463 -0.221878 1.258513
v 1.014054 -0.180568 1.203143
v 0.989463 -0.221878 1.258513
v 1.085986 -0.234579 1.190331
v 1.059219 -0.279528 1.250581
v 1.059219 -0.279528 1.250581
v 1.133614 -0.305197 1.158906
v 1.106899 -0.350074 1.219065
v 1.133614 -0.305197 1.158906
v 1.106899 -0.350074 1.219065
v 1.149698 -0.384858 1.111566
v 1.125381 -0.425730 1.166354
v 1.149698 -0.384858 1.111566
v 1.125381 -0.425730 1.166354
v 1.129641 -0.458743 1.056615
v 1.109721 -0.492239 1.101551
v 1.129641 -0.458743 1.056615
v 1.109721 -0.492239 1.101551
v 1.078753 -0.513589 1.004453
v 1.064341 -0.537861 1.037041
v 1.078753 -0.513589 1.004453
v 1.064341 -0.537861 1.037041
v 1.004633 -0.544211 0.960883
v 0.996140 -0.558565 0.980201
v 1.004633 -0.544211 0.960883
v 0.996140 -0.558565 0.980201
v 0.914860 -0.545433 0.931724
v 0.912011 -0.550333 0.938402
v 0.914860 -0.545433 0.931724
v 0.825896 -0.515602 0.923251
v 0.827307 -0.513354 0.920357
v 0.825896 -0.515602 0.923251
v 0.827307 -0.513354 0.920357
v 0.753964 -0.461597 0.936063
v 0.757551 -0.455704 0.928288
v 0.757551 -0.455704 0.928288
v 0.706330 -0.390979 0.967481
v 0.709871 -0.385158 0.959804
v 0.706330 -0.390979 0.967481
v 0.709871 -0.385158 0.959804
v 0.690252 -0.311312 1.014828
v 0.691395 -0.309503 1.012515
v 0.691395 -0.309503 1.012515
v 0.689984 -0.311397 1.014625
v 0.707049 -0.242994 1.077319
v 0.700346 -0.251690 1.086642
v 0.707049 -0.242994 1.077319
v 0.700346 -0.251690 1.086642
v 0.752429 -0.197372 1.141828
v 0.739062 -0.214620 1.160213
v 0.752429 -0.197372 1.141828
v 0.820630 -0.176661 1.198661
v 0.800076 -0.203147 1.226833
v 0.820630 -0.176661 1.198661
v 0.800076 -0.203147 1.226833
v 0.904766 -0.184900 1.240468
v 0.877332 -0.220212 1.277995
v 0.904766 -0.184900 1.240468
v 0.877332 -0.220212 1.277995
v 0.989463 -0.221878 1.258513
v 0.956810 -0.263907 1.303161
v 0.989463 -0.221878 1.258513
v 0.956810 -0.263907 1.303161
v 1.059219 -0.279528 1.250581
v 1.023867 -0.325026 1.298901
v 1.023867 -0.325026 1.298901
v 1.106899 -0.350074 1.219065
v 1.071541 -0.395579 1.267404
v 1.106899 -0.350074 1.219065
v 1.071541 -0.395579 1.267404
v 1.125381 -0.425730 1.166354
v 1.092865 -0.467576 1.210820
v 1.125381 -0.425730 1.166354
v 1.092865 -0.467576 1.210820
v 1.109721 -0.492239 1.101551
v 1.082504 -0.527283 1.138803
v 1.109721 -0.492239 1.101551
v 1.082504 -0.527283 1.138803
v 1.064341 -0.537861 1.037041
v 1.043787 -0.564353 1.065232
v 1.064341 -0.537861 1.037041
v 1.043787 -0.564353 1.065232
v 0.996140 -0.558565 0.980201
v 0.982779 -0.575825 0.998612
v 0.996140 -0.558565 0.980201
v 0.982779 -0.575825 0.998612
v 0.912011 -0.550333 0.938402
v 0.905517 -0.558761 0.947450
v 0.912011 -0.550333 0.938402
v 0.827307 -0.513354 0.920357
v 0.826040 -0.515066 0.922284
v 0.827307 -0.513354 0.920357
v 0.826040 -0.515066 0.922284
v 0.757551 -0.455704 0.928288
v 0.758988 -0.453947 0.926544
v 0.757551 -0.455704 0.928288
v 0.758988 -0.453947 0.926544
v 0.709871 -0.385158 0.959804
v 0.711315 -0.383394 0.958047
v 0.709871 -0.385158 0.959804
v 0.711315 -0.383394 0.958047
v 0.691395 -0.309503 1.012515
v 0.689984 -0.311397 1.014625
v 0.689984 -0.311397 1.014625
v 0.673990 -0.327554 1.026771
v 0.700346 -0.251690 1.086642
v 0.673664 -0.278777 1.107182
v 0.700346 -0.251690 1.086642
v 0.673664 -0.278777 1.107182
v 0.739062 -0.214620 1.160213
v 0.698804 -0.255597 1.191422
v 0.739062 -0.214620 1.160213
v 0.698804 -0.255597 1.191422
v 0.800076 -0.203147 1.226833
v 0.745073 -0.259203 1.269626
v 0.800076 -0.203147 1.226833
v 0.745073 -0.259203 1.269626
v 0.877332 -0.220212 1.277995
v 0.808138 -0.290785 1.331934
v 0.877332 -0.220212 1.277995
v 0.808138 -0.290785 1.331934
v 0.956810 -0.263907 1.303161
v 0.876718 -0.345619 1.365652
v 0.956810 -0.263907 1.303161
v 0.876718 -0.345619 1.365652
v 1.023867 -0.325026 1.298901
v 0.938020 -0.412624 1.365913
v 0.938020 -0.412624 1.365913
v 1.071541 -0.395579 1.267404
v 0.985439 -0.483432 1.334606
v 1.071541 -0.395579 1.267404
v 0.985439 -0.483432 1.334606
v 1.092865 -0.467576 1.210820
v 1.012382 -0.549686 1.273605
v 1.092865 -0.467576 1.210820
v 1.012382 -0.549686 1.273605
v 1.082504 -0.527283 1.138803
v 1.012708 -0.598463 1.193193
v 1.082504 -0.527283 1.138803
v 1.012708 -0.598463 1.193193
v 1.043787 -0.564353 1.065232
v 0.987568 -0.621643 1.108953
v 1.043787 -0.564353 1.065232
v 0.987568 -0.621643 1.108953
v 0.982779 -0.575825 0.998612
v 0.941300 -0.618037 1.030749
v 0.982779 -0.575825 0.998612
v 0.941300 -0.618037 1.030749
v 0.905517 -0.558761 0.947450
v 0.878234 -0.586455 0.968442
v 0.905517 -0.558761 0.947450
v 0.878234 -0.586455 0.968442
v 0.826040 -0.515066 0.922284
v 0.809654 -0.531621 0.934723
v 0.826040 -0.515066 0.922284
v 0.809654 -0.531621 0.934723
v 0.758988 -0.453947 0.926544
v 0.748359 -0.464616 0.934462
v 0.758988 -0.453947 0.926544
v 0.748359 -0.464616 0.934462
v 0.711315 -0.383394 0.958047
v 0.700934 -0.393802 0.965769
v 0.711315 -0.383394 0.958047
v 0.689984 -0.311397 1.014625
v 0.673990 -0.327554 1.026771
v 0.673990 -0.327554 1.026771
v 0.639403 -0.356327 1.040033
v 0.673664 -0.278777 1.107182
v 0.629649 -0.315422 1.124123
v 0.673664 -0.278777 1.107182
v 0.629649 -0.315422 1.124123
v 0.698804 -0.255597 1.191422
v 0.642624 -0.302401 1.213113
v 0.698804 -0.255597 1.191422
v 0.642624 -0.302401 1.213113
v 0.745073 -0.259203 1.269626
v 0.675539 -0.317166 1.296530
v 0.745073 -0.259203 1.269626
v 0.675539 -0.317166 1.296530
v 0.808138 -0.290785 1.331934
v 0.725604 -0.359607 1.363914
v 0.808138 -0.290785 1.331934
v 0.725604 -0.359607 1.363914
v 0.876718 -0.345619 1.365652
v 0.784044 -0.422914 1.401585
v 0.876718 -0.345619 1.365652
v 0.784044 -0.422914 1.401585
v 0.938020 -0.412624 1.365913
v 0.839792 -0.494551 1.404009
v 0.839792 -0.494551 1.404009
v 0.985439 -0.483432 1.334606
v 0.886623 -0.565849 1.372923
v 0.985439 -0.483432 1.334606
v 0.886623 -0.565849 1.372923
v 1.012382 -0.549686 1.273605
v 0.918309 -0.628137 1.310073
v 1.012382 -0.549686 1.273605
v 0.918309 -0.628137 1.310073
v 1.012708 -0.598463 1.193193
v 0.928057 -0.669042 1.225977
v 1.012708 -0.598463 1.193193
v 0.928057 -0.669042 1.225977
v 0.987568 -0.621643 1.108953
v 0.915082 -0.682063 1.136987
v 0.987568 -0.621643 1.108953
v 0.915082 -0.682063 1.136987
v 0.941300 -0.618037 1.030749
v 0.882174 -0.667298 1.053570
v 0.941300 -0.618037 1.030749
v 0.882174 -0.667298 1.053570
v 0.878234 -0.586455 0.968442
v 0.832109 -0.624858 0.986193
v 0.878234 -0.586455 0.968442
v 0.832109 -0.624858 0.986193
v 0.809654 -0.531621 0.934723
v 0.773669 -0.561557 0.948515
v 0.809654 -0.531621 0.934723
v 0.773669 -0.561557 0.948515
v 0.748359 -0.464616 0.934462
v 0.717920 -0.489913 0.946091
v 0.748359 -0.464616 0.934462
v 0.717920 -0.489913 0.946091
v 0.700934 -0.393802 0.965769
v 0.671083 -0.418615 0.977177
v 0.700934 -0.393802 0.965769
v 0.673990 -0.327554 1.026771
v 0.639403 -0.356327 1.040033
v 0.639403 -0.356327 1.040033
v 0.590201 -0.391417 1.047501
v 0.629649 -0.315422 1.124123
v 0.572169 -0.356438 1.132871
v 0.629649 -0.315422 1.124123
v 0.572169 -0.356438 1.132871
v 0.642624 -0.302401 1.213113
v 0.574227 -0.351224 1.223547
v 0.642624 -0.302401 1.213113
v 0.574227 -0.351224 1.223547
v 0.675539 -0.317166 1.296530
v 0.594990 -0.374672 1.308838
v 0.675539 -0.317166 1.296530
v 0.594990 -0.374672 1.308838
v 0.725604 -0.359607 1.363914
v 0.633066 -0.425678 1.378072
v 0.725604 -0.359607 1.363914
v 0.633066 -0.425678 1.378072
v 0.784044 -0.422914 1.401585
v 0.681994 -0.495780 1.417206
v 0.784044 -0.422914 1.401585
v 0.681994 -0.495780 1.417206
v 0.839792 -0.494551 1.404009
v 0.732333 -0.571285 1.420466
v 0.732333 -0.571285 1.420466
v 0.886623 -0.565849 1.372923
v 0.778229 -0.643249 1.389525
v 0.886623 -0.565849 1.372923
v 0.778229 -0.643249 1.389525
v 0.918309 -0.628137 1.310073
v 0.813855 -0.702721 1.326060
v 0.918309 -0.628137 1.310073
v 0.813855 -0.702721 1.326060
v 0.928057 -0.669042 1.225977
v 0.831887 -0.737701 1.240683
v 0.928057 -0.669042 1.225977
v 0.831887 -0.737701 1.240683
v 0.915082 -0.682063 1.136987
v 0.829829 -0.742914 1.150015
v 0.915082 -0.682063 1.136987
v 0.829829 -0.742914 1.150015
v 0.882174 -0.667298 1.053570
v 0.809066 -0.719466 1.064722
v 0.882174 -0.667298 1.053570
v 0.809066 -0.719466 1.064722
v 0.832109 -0.624858 0.986193
v 0.770990 -0.668461 0.995489
v 0.832109 -0.624858 0.986193
v 0.770990 -0.668461 0.995489
v 0.773669 -0.561557 0.948515
v 0.722062 -0.598359 0.956348
v 0.773669 -0.561557 0.948515
v 0.722062 -0.598359 0.956348
v 0.717920 -0.489913 0.946091
v 0.671723 -0.522854 0.953088
v 0.717920 -0.489913 0.946091
v 0.671723 -0.522854 0.953088
v 0.671083 -0.418615 0.977177
v 0.625827 -0.450890 0.984037
v 0.671083 -0.418615 0.977177
v 0.639403 -0.356327 1.040033
v 0.590201 -0.391417 1.047501
v 0.590201 -0.391417 1.047501
v 0.531924 -0.427311 1.046161
v 0.572169 -0.356438 1.132871
v 0.506131 -0.397107 1.131368
v 0.572169 -0.356438 1.132871
v 0.506131 -0.397107 1.131368
v 0.574227 -0.351224 1.223547
v 0.497729 -0.398342 1.221809
v 0.574227 -0.351224 1.223547
v 0.497729 -0.398342 1.221809
v 0.594990 -0.374672 1.308838
v 0.506680 -0.429068 1.306846
v 0.594990 -0.374672 1.308838
v 0.506680 -0.429068 1.306846
v 0.633066 -0.425678 1.378072
v 0.532950 -0.487358 1.375811
v 0.532950 -0.487358 1.375811
v 0.681994 -0.495780 1.417206
v 0.572333 -0.563340 1.414743
v 0.681994 -0.495780 1.417206
v 0.572333 -0.563340 1.414743
v 0.732333 -0.571285 1.420466
v 0.617027 -0.642321 1.417873
v 0.732333 -0.571285 1.420466
v 0.617027 -0.642321 1.417873
v 0.778229 -0.643249 1.389525
v 0.661616 -0.715095 1.386898
v 0.778229 -0.643249 1.389525
v 0.661616 -0.715095 1.386898
v 0.813855 -0.702721 1.326060
v 0.700685 -0.772445 1.323506
v 0.813855 -0.702721 1.326060
v 0.700685 -0.772445 1.323506
v 0.831887 -0.737701 1.240683
v 0.726472 -0.802641 1.238305
v 0.831887 -0.737701 1.240683
v 0.726472 -0.802641 1.238305
v 0.829829 -0.742914 1.150015
v 0.734874 -0.801407 1.147859
v 0.829829 -0.742914 1.150015
v 0.734874 -0.801407 1.147859
v 0.809066 -0.719466 1.064722
v 0.725924 -0.770681 1.062828
v 0.809066 -0.719466 1.064722
v 0.725924 -0.770681 1.062828
v 0.770990 -0.668461 0.995489
v 0.699653 -0.712397 0.993856
v 0.770990 -0.668461 0.995489
v 0.699653 -0.712397 0.993856
v 0.722062 -0.598359 0.956348
v 0.660271 -0.636409 0.954931
v 0.722062 -0.598359 0.956348
v 0.660271 -0.636409 0.954931
v 0.671723 -0.522854 0.953088
v 0.615576 -0.557428 0.951795
v 0.671723 -0.522854 0.953088
v 0.615576 -0.557428 0.951795
v 0.625827 -0.450890 0.984037
v 0.570987 -0.484653 0.982769
v 0.625827 -0.450890 0.984037
v 0.590201 -0.391417 1.047501
v 0.531924 -0.427311 1.046161
v 0.531924 -0.427311 1.046161
v 0.470152 -0.459553 1.035205
v 0.506131 -0.397107 1.131368
v 0.436545 -0.433439 1.119021
v 0.506131 -0.397107 1.131368
v 0.436545 -0.433439 1.119021
v 0.497729 -0.398342 1.221809
v 0.417356 -0.440299 1.207553
v 0.497729 -0.398342 1.221809
v 0.417356 -0.440299 1.207553
v 0.506680 -0.429068 1.306846
v 0.413966 -0.477473 1.290395
v 0.506680 -0.429068 1.306846
v 0.413966 -0.477473 1.290395
v 0.532950 -0.487358 1.375811
v 0.427738 -0.542284 1.357152
v 0.532950 -0.487358 1.375811
v 0.427738 -0.542284 1.357152
v 0.572333 -0.563340 1.414743
v 0.456857 -0.623629 1.394255
v 0.572333 -0.563340 1.414743
v 0.456857 -0.623629 1.394255
v 0.617027 -0.642321 1.417873
v 0.495292 -0.705884 1.396273
v 0.617027 -0.642321 1.417873
v 0.495292 -0.705884 1.396273
v 0.661616 -0.715095 1.386898
v 0.538118 -0.779572 1.364986
v 0.661616 -0.715095 1.386898
v 0.538118 -0.779572 1.364986
v 0.700685 -0.772445 1.323506
v 0.580401 -0.835236 1.302168
v 0.700685 -0.772445 1.323506
v 0.580401 -0.835236 1.302168
v 0.726472 -0.802641 1.238305
v 0.614008 -0.861356 1.218346
v 0.726472 -0.802641 1.238305
v 0.614008 -0.861356 1.218346
v 0.734874 -0.801407 1.147859
v 0.633197 -0.854490 1.129814
v 0.734874 -0.801407 1.147859
v 0.633197 -0.854490 1.129814
v 0.725924 -0.770681 1.062828
v 0.636587 -0.817315 1.046972
v 0.725924 -0.770681 1.062828
v 0.699653 -0.712397 0.993856
v 0.622815 -0.752505 0.980221
v 0.699653 -0.712397 0.993856
v 0.622815 -0.752505 0.980221
v 0.660271 -0.636409 0.954931
v 0.593696 -0.671166 0.943112
v 0.660271 -0.636409 0.954931
v 0.593696 -0.671166 0.943112
v 0.615576 -0.557428 0.951795
v 0.555261 -0.588912 0.941093
v 0.555261 -0.588912 0.941093
v 0.570987 -0.484653 0.982769
v 0.512435 -0.515223 0.972381
v 0.570987 -0.484653 0.982769
v 0.512435 -0.515223 0.972381
v 0.531924 -0.427311 1.046161
v 0.470152 -0.459553 1.035205
v 0.470152 -0.459553 1.035205
v 0.410183 -0.484771 1.015239
v 0.436545 -0.433439 1.119021
v 0.368226 -0.462166 1.096272
v 0.436545 -0.433439 1.119021
v 0.368226 -0.462166 1.096272
v 0.417356 -0.440299 1.207553
v 0.337298 -0.473965 1.180891
v 0.417356 -0.440299 1.207553
v 0.337298 -0.473965 1.180891
v 0.413966 -0.477473 1.290395
v 0.320318 -0.516850 1.259199
v 0.413966 -0.477473 1.290395
v 0.320318 -0.516850 1.259199
v 0.427738 -0.542284 1.357152
v 0.320181 -0.587500 1.321311
v 0.427738 -0.542284 1.357152
v 0.320181 -0.587500 1.321311
v 0.456857 -0.623629 1.394255
v 0.337716 -0.673707 1.354552
v 0.456857 -0.623629 1.394255
v 0.337716 -0.673707 1.354552
v 0.495292 -0.705884 1.396273
v 0.368925 -0.758999 1.354160
v 0.495292 -0.705884 1.396273
v 0.368925 -0.758999 1.354160
v 0.538118 -0.779572 1.364986
v 0.409438 -0.833655 1.322101
v 0.538118 -0.779572 1.364986
v 0.409438 -0.833655 1.322101
v 0.580401 -0.835236 1.302168
v 0.454916 -0.887979 1.260342
v 0.580401 -0.835236 1.302168
v 0.614008 -0.861356 1.218346
v 0.496873 -0.910591 1.179303
v 0.614008 -0.861356 1.218346
v 0.496873 -0.910591 1.179303
v 0.633197 -0.854490 1.129814
v 0.527795 -0.898792 1.094691
v 0.633197 -0.854490 1.129814
v 0.527795 -0.898792 1.094691
v 0.636587 -0.817315 1.046972
v 0.544782 -0.855907 1.016383
v 0.636587 -0.817315 1.046972
v 0.544782 -0.855907 1.016383
v 0.622815 -0.752505 0.980221
v 0.544919 -0.785250 0.954271
v 0.622815 -0.752505 0.980221
v 0.544919 -0.785250 0.954271
v 0.593696 -0.671166 0.943112
v 0.527377 -0.699043 0.921023
v 0.593696 -0.671166 0.943112
v 0.527377 -0.699043 0.921023
v 0.555261 -0.588912 0.941093
v 0.496174 -0.613758 0.921422
v 0.555261 -0.588912 0.941093
v 0.496174 -0.613758 0.921422
v 0.512435 -0.515223 0.972381
v 0.455655 -0.539095 0.953480
v 0.455655 -0.539095 0.953480
v 0.470152 -0.459553 1.035205
v 0.410183 -0.484771 1.015239
v 0.410183 -0.484771 1.015239
v 0.356408 -0.500882 0.987924
v 0.368226 -0.462166 1.096272
v 0.305357 -0.480995 1.064337
v 0.368226 -0.462166 1.096272
v 0.305357 -0.480995 1.064337
v 0.337298 -0.473965 1.180891
v 0.261433 -0.496675 1.142338
v 0.337298 -0.473965 1.180891
v 0.261433 -0.496675 1.142338
v 0.320318 -0.516850 1.259199
v 0.229263 -0.544100 1.212917
v 0.320318 -0.516850 1.259199
v 0.229263 -0.544100 1.212917
v 0.320181 -0.587500 1.321311
v 0.213459 -0.619435 1.267052
v 0.320181 -0.587500 1.321311
v 0.213459 -0.619435 1.267052
v 0.337716 -0.673707 1.354552
v 0.217830 -0.709581 1.293590
v 0.337716 -0.673707 1.354552
v 0.217830 -0.709581 1.293590
v 0.368925 -0.758999 1.354160
v 0.240657 -0.797369 1.288932
v 0.368925 -0.758999 1.354160
v 0.240657 -0.797369 1.288932
v 0.409438 -0.833655 1.322101
v 0.278283 -0.872894 1.255396
v 0.409438 -0.833655 1.322101
v 0.278283 -0.872894 1.255396
v 0.454916 -0.887979 1.260342
v 0.327021 -0.926245 1.195303
v 0.454916 -0.887979 1.260342
v 0.496873 -0.910591 1.179303
v 0.378072 -0.946132 1.118896
v 0.496873 -0.910591 1.179303
v 0.378072 -0.946132 1.118896
v 0.527795 -0.898792 1.094691
v 0.421995 -0.930446 1.040889
v 0.527795 -0.898792 1.094691
v 0.421995 -0.930446 1.040889
v 0.544782 -0.855907 1.016383
v 0.454172 -0.883020 0.970310
v 0.544782 -0.855907 1.016383
v 0.454172 -0.883020 0.970310
v 0.544919 -0.785250 0.954271
v 0.469976 -0.807685 0.916175
v 0.544919 -0.785250 0.954271
v 0.469976 -0.807685 0.916175
v 0.527377 -0.699043 0.921023
v 0.465605 -0.717545 0.889637
v 0.527377 -0.699043 0.921023
v 0.465605 -0.717545 0.889637
v 0.496174 -0.613758 0.921422
v 0.442771 -0.629751 0.894295
v 0.496174 -0.613758 0.921422
v 0.442771 -0.629751 0.894295
v 0.455655 -0.539095 0.953480
v 0.405152 -0.554226 0.927831
v 0.405152 -0.554226 0.927831
v 0.410183 -0.484771 1.015239
v 0.356408 -0.500882 0.987924
v 0.356408 -0.500882 0.987924
v 0.311132 -0.507337 0.955055
v 0.305357 -0.480995 1.064337
v 0.250523 -0.488802 1.024517
v 0.305357 -0.480995 1.064337
v 0.250523 -0.488802 1.024517
v 0.261433 -0.496675 1.142338
v 0.192775 -0.506448 1.092469
v 0.261433 -0.496675 1.142338
v 0.192775 -0.506448 1.092469
v 0.229263 -0.544100 1.212917
v 0.144337 -0.556180 1.151230
v 0.229263 -0.544100 1.212917
v 0.144337 -0.556180 1.151230
v 0.213459 -0.619435 1.267052
v 0.111651 -0.633913 1.193095
v 0.213459 -0.619435 1.267052
v 0.111651 -0.633913 1.193095
v 0.217830 -0.709581 1.293590
v 0.101734 -0.726084 1.209245
v 0.217830 -0.709581 1.293590
v 0.101734 -0.726084 1.209245
v 0.240657 -0.797369 1.288932
v 0.115356 -0.815179 1.197897
v 0.240657 -0.797369 1.288932
v 0.115356 -0.815179 1.197897
v 0.278283 -0.872894 1.255396
v 0.149623 -0.891180 1.161918
v 0.278283 -0.872894 1.255396
v 0.149623 -0.891180 1.161918
v 0.327021 -0.926245 1.195303
v 0.201621 -0.944061 1.104184
v 0.327021 -0.926245 1.195303
v 0.378072 -0.946132 1.118896
v 0.262230 -0.962596 1.034728
v 0.378072 -0.946132 1.118896
v 0.262230 -0.962596 1.034728
v 0.421995 -0.930446 1.040889
v 0.319978 -0.944949 0.966769
v 0.421995 -0.930446 1.040889
v 0.319978 -0.944949 0.966769
v 0.454172 -0.883020 0.970310
v 0.368416 -0.895211 0.908015
v 0.454172 -0.883020 0.970310
v 0.368416 -0.895211 0.908015
v 0.469976 -0.807685 0.916175
v 0.401102 -0.817485 0.866150
v 0.469976 -0.807685 0.916175
v 0.401102 -0.817485 0.866150
v 0.465605 -0.717545 0.889637
v 0.411019 -0.725313 0.850000
v 0.465605 -0.717545 0.889637
v 0.411019 -0.725313 0.850000
v 0.442771 -0.629751 0.894295
v 0.397391 -0.636219 0.861348
v 0.442771 -0.629751 0.894295
v 0.397391 -0.636219 0.861348
v 0.405152 -0.554226 0.927831
v 0.363130 -0.560217 0.897327
v 0.363130 -0.560217 0.897327
v 0.356408 -0.500882 0.987924
v 0.311132 -0.507337 0.955055
v 0.311132 -0.507337 0.955055
v 0.264125 -0.504279 0.907355
v 0.250523 -0.488802 1.024517
v 0.196055 -0.485320 0.969356
v 0.250523 -0.488802 1.024517
v 0.196055 -0.485320 0.969356
v 0.192775 -0.506448 1.092469
v 0.127906 -0.502398 1.026928
v 0.192775 -0.506448 1.092469
v 0.127906 -0.502398 1.026928
v 0.144337 -0.556180 1.151230
v 0.067473 -0.551482 1.073732
v 0.144337 -0.556180 1.151230
v 0.067473 -0.551482 1.073732
v 0.111651 -0.633913 1.193095
v 0.022563 -0.628562 1.103432
v 0.111651 -0.633913 1.193095
v 0.022563 -0.628562 1.103432
v 0.101734 -0.726084 1.209245
v 0.002526 -0.720204 1.109534
v 0.101734 -0.726084 1.209245
v 0.002526 -0.720204 1.109534
v 0.115356 -0.815179 1.197897
v 0.009889 -0.808985 1.091980
v 0.115356 -0.815179 1.197897
v 0.009889 -0.808985 1.091980
v 0.149623 -0.891180 1.161918
v 0.042248 -0.884908 1.054145
v 0.149623 -0.891180 1.161918
v 0.042248 -0.884908 1.054145
v 0.201621 -0.944061 1.104184
v 0.097186 -0.937978 0.999383
v 0.201621 -0.944061 1.104184
v 0.097186 -0.937978 0.999383
v 0.262230 -0.962596 1.034728
v 0.165257 -0.956931 0.937382
v 0.262230 -0.962596 1.034728
v 0.165257 -0.956931 0.937382
v 0.319978 -0.944949 0.966769
v 0.233405 -0.939860 0.879811
v 0.319978 -0.944949 0.966769
v 0.233405 -0.939860 0.879811
v 0.368416 -0.895211 0.908015
v 0.293838 -0.890775 0.833007
v 0.368416 -0.895211 0.908015
v 0.293838 -0.890775 0.833007
v 0.401102 -0.817485 0.866150
v 0.338748 -0.813696 0.803300
v 0.401102 -0.817485 0.866150
v 0.338748 -0.813696 0.803300
v 0.411019 -0.725313 0.850000
v 0.358786 -0.722053 0.797204
v 0.411019 -0.725313 0.850000
v 0.358786 -0.722053 0.797204
v 0.397391 -0.636219 0.861348
v 0.351423 -0.633273 0.814753
v 0.397391 -0.636219 0.861348
v 0.351423 -0.633273 0.814753
v 0.363130 -0.560217 0.897327
v 0.319063 -0.557349 0.852593
v 0.363130 -0.560217 0.897327
v 0.311132 -0.507337 0.955055
v 0.264125 -0.504279 0.907355
v 0.264125 -0.504279 0.907355
v 0.218869 -0.494689 0.849582
v 0.196055 -0.485320 0.969356
v 0.145376 -0.474579 0.904644
v 0.196055 -0.485320 0.969356
v 0.145376 -0.474579 0.904644
v 0.127906 -0.502398 1.026928
v 0.070394 -0.490194 0.953480
v 0.127906 -0.502398 1.026928
v 0.070394 -0.490194 0.953480
v 0.067473 -0.551482 1.073732
v 0.002585 -0.537704 0.990851
v 0.067473 -0.551482 1.073732
v 0.002585 -0.537704 0.990851
v 0.022563 -0.628562 1.103432
v -0.049388 -0.613281 1.011529
v 0.022563 -0.628562 1.103432
v -0.049388 -0.613281 1.011529
v 0.002526 -0.720204 1.109534
v -0.074802 -0.703773 1.010745
v 0.002526 -0.720204 1.109534
v -0.074802 -0.703773 1.010745
v 0.009889 -0.808985 1.091980
v -0.070229 -0.791966 0.989636
v 0.009889 -0.808985 1.091980
v 0.042248 -0.884908 1.054145
v -0.037896 -0.867889 0.951769
v 0.042248 -0.884908 1.054145
v -0.037896 -0.867889 0.951769
v 0.097186 -0.937978 0.999383
v 0.019944 -0.921580 0.900724
v 0.097186 -0.937978 0.999383
v 0.019944 -0.921580 0.900724
v 0.165257 -0.956931 0.937382
v 0.093436 -0.941689 0.845662
v 0.165257 -0.956931 0.937382
v 0.093436 -0.941689 0.845662
v 0.233405 -0.939860 0.879811
v 0.168419 -0.926075 0.796825
v 0.233405 -0.939860 0.879811
v 0.168419 -0.926075 0.796825
v 0.293838 -0.890775 0.833007
v 0.236228 -0.878565 0.759455
v 0.293838 -0.890775 0.833007
v 0.236228 -0.878565 0.759455
v 0.338748 -0.813696 0.803300
v 0.288200 -0.802988 0.738784
v 0.288200 -0.802988 0.738784
v 0.358786 -0.722053 0.797204
v 0.313615 -0.712489 0.739561
v 0.358786 -0.722053 0.797204
v 0.313615 -0.712489 0.739561
v 0.351423 -0.633273 0.814753
v 0.309041 -0.624302 0.760670
v 0.351423 -0.633273 0.814753
v 0.309041 -0.624302 0.760670
v 0.319063 -0.557349 0.852593
v 0.276708 -0.548379 0.798544
v 0.319063 -0.557349 0.852593
v 0.276708 -0.548379 0.798544
v 0.264125 -0.504279 0.907355
v 0.218869 -0.494689 0.849582
v 0.218869 -0.494689 0.849582
v 0.183628 -0.481263 0.791925
v 0.145376 -0.474579 0.904644
v 0.105386 -0.459324 0.839194
v 0.145376 -0.474579 0.904644
v 0.105386 -0.459324 0.839194
v 0.070394 -0.490194 0.953480
v 0.024667 -0.472743 0.878629
v 0.070394 -0.490194 0.953480
v 0.024667 -0.472743 0.878629
v 0.002585 -0.537704 0.990851
v -0.049152 -0.517960 0.906160
v 0.002585 -0.537704 0.990851
v -0.049152 -0.517960 0.906160
v -0.049388 -0.613281 1.011529
v -0.106678 -0.591414 0.917730
v -0.049388 -0.613281 1.011529
v -0.074802 -0.703773 1.010745
v -0.136124 -0.680371 0.910354
v -0.074802 -0.703773 1.010745
v -0.136124 -0.680371 0.910354
v -0.070229 -0.791966 0.989636
v -0.133380 -0.767865 0.886253
v -0.070229 -0.791966 0.989636
v -0.133380 -0.767865 0.886253
v -0.037896 -0.867889 0.951769
v -0.100602 -0.843964 0.849131
v -0.037896 -0.867889 0.951769
v -0.100602 -0.843964 0.849131
v 0.019944 -0.921580 0.900724
v -0.039941 -0.898733 0.802712
v 0.019944 -0.921580 0.900724
v -0.039941 -0.898733 0.802712
v 0.093436 -0.941689 0.845662
v 0.038309 -0.920665 0.755444
v 0.093436 -0.941689 0.845662
v 0.038309 -0.920665 0.755444
v 0.168419 -0.926075 0.796825
v 0.119027 -0.907246 0.716009
v 0.119027 -0.907246 0.716009
v 0.236228 -0.878565 0.759455
v 0.192840 -0.862029 0.688477
v 0.236228 -0.878565 0.759455
v 0.192840 -0.862029 0.688477
v 0.288200 -0.802988 0.738784
v 0.250372 -0.788582 0.676907
v 0.288200 -0.802988 0.738784
v 0.250372 -0.788582 0.676907
v 0.313615 -0.712489 0.739561
v 0.279818 -0.699618 0.684283
v 0.313615 -0.712489 0.739561
v 0.279818 -0.699618 0.684283
v 0.309041 -0.624302 0.760670
v 0.277074 -0.612124 0.708384
v 0.309041 -0.624302 0.760670
v 0.277074 -0.612124 0.708384
v 0.276708 -0.548379 0.798544
v 0.244290 -0.536031 0.745506
v 0.276708 -0.548379 0.798544
v 0.244290 -0.536031 0.745506
v 0.218869 -0.494689 0.849582
v 0.183628 -0.481263 0.791925
v 0.183628 -0.481263 0.791925
v 0.156548 -0.464897 0.732858
v 0.105386 -0.459324 0.839194
v 0.074490 -0.440652 0.771803
v 0.105386 -0.459324 0.839194
v 0.074490 -0.440652 0.771803
v 0.024667 -0.472743 0.878629
v -0.010593 -0.451432 0.801712
v 0.024667 -0.472743 0.878629
v -0.049152 -0.517960 0.906160
v -0.088790 -0.494003 0.819685
v -0.049152 -0.517960 0.906160
v -0.088790 -0.494003 0.819685
v -0.106678 -0.591414 0.917730
v -0.150190 -0.565111 0.822815
v -0.106678 -0.591414 0.917730
v -0.150190 -0.565111 0.822815
v -0.136124 -0.680371 0.910354
v -0.182229 -0.652506 0.809794
v -0.136124 -0.680371 0.910354
v -0.182229 -0.652506 0.809794
v -0.133380 -0.767865 0.886253
v -0.180386 -0.739458 0.783739
v -0.133380 -0.767865 0.886253
v -0.180386 -0.739458 0.783739
v -0.100602 -0.843964 0.849131
v -0.146805 -0.816048 0.748374
v -0.100602 -0.843964 0.849131
v -0.146805 -0.816048 0.748374
v -0.039941 -0.898733 0.802712
v -0.083635 -0.872338 0.707430
v -0.039941 -0.898733 0.802712
v -0.083635 -0.872338 0.707430
v 0.038309 -0.920665 0.755444
v -0.001577 -0.896577 0.668492
v -0.001577 -0.896577 0.668492
v 0.119027 -0.907246 0.716009
v 0.083506 -0.885797 0.638583
v 0.119027 -0.907246 0.716009
v 0.083506 -0.885797 0.638583
v 0.192840 -0.862029 0.688477
v 0.161703 -0.843233 0.620610
v 0.192840 -0.862029 0.688477
v 0.161703 -0.843233 0.620610
v 0.250372 -0.788582 0.676907
v 0.223102 -0.772124 0.617480
v 0.250372 -0.788582 0.676907
v 0.223102 -0.772124 0.617480
v 0.279818 -0.699618 0.684283
v 0.255142 -0.684729 0.630501
v 0.279818 -0.699618 0.684283
v 0.255142 -0.684729 0.630501
v 0.277074 -0.612124 0.708384
v 0.253293 -0.597771 0.656556
v 0.277074 -0.612124 0.708384
v 0.253293 -0.597771 0.656556
v 0.244290 -0.536031 0.745506
v 0.219712 -0.521188 0.691920
v 0.244290 -0.536031 0.745506
v 0.219712 -0.521188 0.691920
v 0.183628 -0.481263 0.791925
v 0.156548 -0.464897 0.732858
v 0.156548 -0.464897 0.732858
v 0.136491 -0.446473 0.671040
v 0.074490 -0.440652 0.771803
v 0.051663 -0.419680 0.701439
v 0.074490 -0.440652 0.771803
v -0.010593 -0.451432 0.801712
v -0.036386 -0.427729 0.722202
v -0.010593 -0.451432 0.801712
v -0.036386 -0.427729 0.722202
v -0.088790 -0.494003 0.819685
v -0.117392 -0.467713 0.731512
v -0.088790 -0.494003 0.819685
v -0.117392 -0.467713 0.731512
v -0.150190 -0.565111 0.822815
v -0.181105 -0.536711 0.727540
v -0.150190 -0.565111 0.822815
v -0.181105 -0.536711 0.727540
v -0.182229 -0.652506 0.809794
v -0.214484 -0.622878 0.710410
v -0.182229 -0.652506 0.809794
v -0.214484 -0.622878 0.710410
v -0.180386 -0.739458 0.783739
v -0.212805 -0.709686 0.683858
v -0.180386 -0.739458 0.783739
v -0.212805 -0.709686 0.683858
v -0.146805 -0.816048 0.748374
v -0.178263 -0.787151 0.651460
v -0.146805 -0.816048 0.748374
v -0.178263 -0.787151 0.651460
v -0.083635 -0.872338 0.707430
v -0.113068 -0.845317 0.616794
v -0.113068 -0.845317 0.616794
v -0.001577 -0.896577 0.668492
v -0.028239 -0.872110 0.586395
v -0.001577 -0.896577 0.668492
v -0.028239 -0.872110 0.586395
v 0.083506 -0.885797 0.638583
v 0.059810 -0.864054 0.565625
v 0.083506 -0.885797 0.638583
v 0.059810 -0.864054 0.565625
v 0.161703 -0.843233 0.620610
v 0.140816 -0.824071 0.556316
v 0.161703 -0.843233 0.620610
v 0.140816 -0.824071 0.556316
v 0.223102 -0.772124 0.617480
v 0.204528 -0.755079 0.560294
v 0.223102 -0.772124 0.617480
v 0.204528 -0.755079 0.560294
v 0.255142 -0.684729 0.630501
v 0.237907 -0.668912 0.577418
v 0.255142 -0.684729 0.630501
v 0.237907 -0.668912 0.577418
v 0.253293 -0.597771 0.656556
v 0.236228 -0.582104 0.603976
v 0.253293 -0.597771 0.656556
v 0.236228 -0.582104 0.603976
v 0.219712 -0.521188 0.691920
v 0.201686 -0.504632 0.636374
v 0.219712 -0.521188 0.691920
v 0.201686 -0.504632 0.636374
v 0.156548 -0.464897 0.732858
v 0.136491 -0.446473 0.671040
v 0.136491 -0.446473 0.671040
v 0.122849 -0.427089 0.605439
v 0.051663 -0.419680 0.701439
v 0.036251 -0.397774 0.627300
v 0.051663 -0.419680 0.701439
v -0.036386 -0.427729 0.722202
v -0.053549 -0.403340 0.639680
v -0.036386 -0.427729 0.722202
v -0.053549 -0.403340 0.639680
v -0.117392 -0.467713 0.731512
v -0.136078 -0.441168 0.641706
v -0.117392 -0.467713 0.731512
v -0.136078 -0.441168 0.641706
v -0.181105 -0.536711 0.727540
v -0.200881 -0.508611 0.632494
v -0.181105 -0.536711 0.727540
v -0.200881 -0.508611 0.632494
v -0.214484 -0.622878 0.710410
v -0.234698 -0.594164 0.613279
v -0.214484 -0.622878 0.710410
v -0.234698 -0.594164 0.613279
v -0.212805 -0.709686 0.683858
v -0.232757 -0.681357 0.588035
v -0.212805 -0.709686 0.683858
v -0.232757 -0.681357 0.588035
v -0.178263 -0.787151 0.651460
v -0.197321 -0.760116 0.559994
v -0.178263 -0.787151 0.651460
v -0.197321 -0.760116 0.559994
v -0.113068 -0.845317 0.616794
v -0.130655 -0.820366 0.532384
v -0.130655 -0.820366 0.532384
v -0.028239 -0.872110 0.586395
v -0.044057 -0.849681 0.510517
v -0.028239 -0.872110 0.586395
v -0.044057 -0.849681 0.510517
v 0.059810 -0.864054 0.565625
v 0.045737 -0.844108 0.498143
v 0.059810 -0.864054 0.565625
v 0.045737 -0.844108 0.498143
v 0.140816 -0.824071 0.556316
v 0.128272 -0.806280 0.496118
v 0.140816 -0.824071 0.556316
v 0.128272 -0.806280 0.496118
v 0.204528 -0.755079 0.560294
v 0.193076 -0.738837 0.505330
v 0.204528 -0.755079 0.560294
v 0.193076 -0.738837 0.505330
v 0.237907 -0.668912 0.577418
v 0.226892 -0.653284 0.524538
v 0.237907 -0.668912 0.577418
v 0.226892 -0.653284 0.524538
v 0.236228 -0.582104 0.603976
v 0.224945 -0.566091 0.549789
v 0.236228 -0.582104 0.603976
v 0.224945 -0.566091 0.549789
v 0.201686 -0.504632 0.636374
v 0.189508 -0.487339 0.577830
v 0.201686 -0.504632 0.636374
v 0.189508 -0.487339 0.577830
v 0.136491 -0.446473 0.671040
v 0.122849 -0.427089 0.605439
v 0.122849 -0.427089 0.605439
v 0.115218 -0.408273 0.535259
v 0.036251 -0.397774 0.627300
v 0.027705 -0.376691 0.548698
v 0.036251 -0.397774 0.627300
v -0.053549 -0.403340 0.639680
v -0.062898 -0.380284 0.553696
v -0.053549 -0.403340 0.639680
v -0.062898 -0.380284 0.553696
v -0.136078 -0.441168 0.641706
v -0.146034 -0.416616 0.550168
v -0.136078 -0.441168 0.641706
v -0.146034 -0.416616 0.550168
v -0.200881 -0.508611 0.632494
v -0.211165 -0.483268 0.538016
v -0.200881 -0.508611 0.632494
v -0.211165 -0.483268 0.538016
v -0.234698 -0.594164 0.613279
v -0.244955 -0.568920 0.519167
v -0.234698 -0.594164 0.613279
v -0.244955 -0.568920 0.519167
v -0.232757 -0.681357 0.588035
v -0.242642 -0.657027 0.497366
v -0.232757 -0.681357 0.588035
v -0.242642 -0.657027 0.497366
v -0.197321 -0.760116 0.559994
v -0.206565 -0.737381 0.475283
v -0.197321 -0.760116 0.559994
v -0.206565 -0.737381 0.475283
v -0.130655 -0.820366 0.532384
v -0.139044 -0.799754 0.455572
v -0.139044 -0.799754 0.455572
v -0.044057 -0.849681 0.510517
v -0.051531 -0.831329 0.442133
v -0.044057 -0.849681 0.510517
v -0.051531 -0.831329 0.442133
v 0.045737 -0.844108 0.498143
v 0.039073 -0.827736 0.437129
v 0.045737 -0.844108 0.498143
v 0.039073 -0.827736 0.437129
v 0.128272 -0.806280 0.496118
v 0.122209 -0.791404 0.440663
v 0.128272 -0.806280 0.496118
v 0.122209 -0.791404 0.440663
v 0.193076 -0.738837 0.505330
v 0.187339 -0.724752 0.452809
v 0.193076 -0.738837 0.505330
v 0.187339 -0.724752 0.452809
v 0.226892 -0.653284 0.524538
v 0.221123 -0.639107 0.471664
v 0.226892 -0.653284 0.524538
v 0.221123 -0.639107 0.471664
v 0.224945 -0.566091 0.549789
v 0.218817 -0.550992 0.493465
v 0.224945 -0.566091 0.549789
v 0.218817 -0.550992 0.493465
v 0.189508 -0.487339 0.577830
v 0.182733 -0.470640 0.515548
v 0.189508 -0.487339 0.577830
v 0.182733 -0.470640 0.515548
v 0.122849 -0.427089 0.605439
v 0.115218 -0.408273 0.535259
v 0.115218 -0.408273 0.535259
v 0.113206 -0.392097 0.459675
v 0.027705 -0.376691 0.548698
v 0.025471 -0.358744 0.464843
v 0.027705 -0.376691 0.548698
v -0.062898 -0.380284 0.553696
v -0.065296 -0.361004 0.463661
v -0.062898 -0.380284 0.553696
v -0.065296 -0.361004 0.463661
v -0.146034 -0.416616 0.550168
v -0.148530 -0.396585 0.456631
v -0.146034 -0.416616 0.550168
v -0.148530 -0.396585 0.456631
v -0.211165 -0.483268 0.538016
v -0.213674 -0.463185 0.444257
v -0.211165 -0.483268 0.538016
v -0.213674 -0.463185 0.444257
v -0.244955 -0.568920 0.519167
v -0.247385 -0.549516 0.428649
v -0.244955 -0.568920 0.519167
v -0.247385 -0.549516 0.428649
v -0.242642 -0.657027 0.497366
v -0.244922 -0.638904 0.412805
v -0.242642 -0.657027 0.497366
v -0.244922 -0.638904 0.412805
v -0.206565 -0.737381 0.475283
v -0.208637 -0.720936 0.398563
v -0.206565 -0.737381 0.475283
v -0.208637 -0.720936 0.398563
v -0.139044 -0.799754 0.455572
v -0.140886 -0.785204 0.387737
v -0.140886 -0.785204 0.387737
v -0.051531 -0.831329 0.442133
v -0.053151 -0.818556 0.382576
v -0.051531 -0.831329 0.442133
v -0.053151 -0.818556 0.382576
v 0.039073 -0.827736 0.437129
v 0.037616 -0.816289 0.383759
v 0.039073 -0.827736 0.437129
v 0.037616 -0.816289 0.383759
v 0.122209 -0.791404 0.440663
v 0.120850 -0.780716 0.390788
v 0.122209 -0.791404 0.440663
v 0.120850 -0.780716 0.390788
v 0.187339 -0.724752 0.452809
v 0.185993 -0.714115 0.403162
v 0.187339 -0.724752 0.452809
v 0.185993 -0.714115 0.403162
v 0.221123 -0.639107 0.471664
v 0.219705 -0.627778 0.418770
v 0.221123 -0.639107 0.471664
v 0.219705 -0.627778 0.418770
v 0.218817 -0.550992 0.493465
v 0.217242 -0.538396 0.434614
v 0.218817 -0.550992 0.493465
v 0.217242 -0.538396 0.434614
v 0.182733 -0.470640 0.515548
v 0.180956 -0.456364 0.448856
v 0.182733 -0.470640 0.515548
v 0.180956 -0.456364 0.448856
v 0.115218 -0.408273 0.535259
v 0.113206 -0.392097 0.459675
v 0.113206 -0.392097 0.459675
v 0.116329 -0.381408 0.377748
v 0.025471 -0.358744 0.464843
v 0.028907 -0.346991 0.374808
v 0.025471 -0.358744 0.464843
v -0.065296 -0.361004 0.463661
v -0.061683 -0.348624 0.368850
v -0.065296 -0.361004 0.463661
v -0.061683 -0.348624 0.368850
v -0.148530 -0.396585 0.456631
v -0.144878 -0.384054 0.360729
v -0.148530 -0.396585 0.456631
v -0.144878 -0.384054 0.360729
v -0.213674 -0.463185 0.444257
v -0.210146 -0.451026 0.351301
v -0.213674 -0.463185 0.444257
v -0.210146 -0.451026 0.351301
v -0.247385 -0.549516 0.428649
v -0.244112 -0.538220 0.342305
v -0.247385 -0.549516 0.428649
v -0.244112 -0.538220 0.342305
v -0.244922 -0.638904 0.412805
v -0.241995 -0.628758 0.335380
v -0.244922 -0.638904 0.412805
v -0.241995 -0.628758 0.335380
v -0.208637 -0.720936 0.398563
v -0.206102 -0.712096 0.331185
v -0.208637 -0.720936 0.398563
v -0.206102 -0.712096 0.331185
v -0.140886 -0.785204 0.387737
v -0.138737 -0.777671 0.330401
v -0.140886 -0.785204 0.387737
v -0.138737 -0.777671 0.330401
v -0.053151 -0.818556 0.382576
v -0.051308 -0.812089 0.333341
v -0.051308 -0.812089 0.333341
v 0.037616 -0.816289 0.383759
v 0.039275 -0.810455 0.339300
v 0.037616 -0.816289 0.383759
v 0.039275 -0.810455 0.339300
v 0.120850 -0.780716 0.390788
v 0.122477 -0.775025 0.347420
v 0.120850 -0.780716 0.390788
v 0.122477 -0.775025 0.347420
v 0.185993 -0.714115 0.403162
v 0.187738 -0.708053 0.356854
v 0.185993 -0.714115 0.403162
v 0.187738 -0.708053 0.356854
v 0.219705 -0.627778 0.418770
v 0.221704 -0.620859 0.365844
v 0.219705 -0.627778 0.418770
v 0.221704 -0.620859 0.365844
v 0.217242 -0.538396 0.434614
v 0.219588 -0.530321 0.372776
v 0.217242 -0.538396 0.434614
v 0.219588 -0.530321 0.372776
v 0.180956 -0.456364 0.448856
v 0.183694 -0.446983 0.376964
v 0.180956 -0.456364 0.448856
v 0.183694 -0.446983 0.376964
v 0.113206 -0.392097 0.459675
v 0.116329 -0.381408 0.377748
v 0.116329 -0.381408 0.377748
v 0.123875 -0.380180 0.288634
v 0.028907 -0.346991 0.374808
v 0.037106 -0.345651 0.277874
v 0.028907 -0.346991 0.374808
v -0.061683 -0.348624 0.368850
v -0.053216 -0.347232 0.268805
v -0.061683 -0.348624 0.368850
v -0.053216 -0.347232 0.268805
v -0.144878 -0.384054 0.360729
v -0.136561 -0.382675 0.262370
v -0.144878 -0.384054 0.360729
v -0.136561 -0.382675 0.262370
v -0.210146 -0.451026 0.351301
v -0.202391 -0.449727 0.259515
v -0.210146 -0.451026 0.351301
v -0.202391 -0.449727 0.259515
v -0.244112 -0.538220 0.342305
v -0.237239 -0.537044 0.260946
v -0.244112 -0.538220 0.342305
v -0.237239 -0.537044 0.260946
v -0.241995 -0.628758 0.335380
v -0.236161 -0.627745 0.266212
v -0.241995 -0.628758 0.335380
v -0.236161 -0.627745 0.266212
v -0.206102 -0.712096 0.331185
v -0.201326 -0.711247 0.274489
v -0.206102 -0.712096 0.331185
v -0.201326 -0.711247 0.274489
v -0.138737 -0.777671 0.330401
v -0.134915 -0.776985 0.284962
v -0.138737 -0.777671 0.330401
v -0.134915 -0.776985 0.284962
v -0.051308 -0.812089 0.333341
v -0.048153 -0.811507 0.295716
v -0.048153 -0.811507 0.295716
v 0.039275 -0.810455 0.339300
v 0.042176 -0.809926 0.304784
v 0.039275 -0.810455 0.339300
v 0.042176 -0.809926 0.304784
v 0.122477 -0.775025 0.347420
v 0.125521 -0.774483 0.311219
v 0.122477 -0.775025 0.347420
v 0.125521 -0.774483 0.311219
v 0.187738 -0.708053 0.356854
v 0.191344 -0.707438 0.314081
v 0.187738 -0.708053 0.356854
v 0.191344 -0.707438 0.314081
v 0.221704 -0.620859 0.365844
v 0.226199 -0.620115 0.312650
v 0.221704 -0.620859 0.365844
v 0.226199 -0.620115 0.312650
v 0.219588 -0.530321 0.372776
v 0.225115 -0.529413 0.307378
v 0.219588 -0.530321 0.372776
v 0.225115 -0.529413 0.307378
v 0.183694 -0.446983 0.376964
v 0.190279 -0.445911 0.299100
v 0.183694 -0.446983 0.376964
v 0.190279 -0.445911 0.299100
v 0.116329 -0.381408 0.377748
v 0.123875 -0.380180 0.288634
v 0.123875 -0.380180 0.288634
v 0.134583 -0.393945 0.192634
v 0.037106 -0.345651 0.277874
v 0.048618 -0.360469 0.174693
v 0.037106 -0.345651 0.277874
v 0.048618 -0.360469 0.174693
v -0.053216 -0.347232 0.268805
v -0.041574 -0.362200 0.164469
v -0.053216 -0.347232 0.268805
v -0.041574 -0.362200 0.164469
v -0.136561 -0.382675 0.262370
v -0.125442 -0.396938 0.162679
v -0.136561 -0.382675 0.262370
v -0.125442 -0.396938 0.162679
v -0.202391 -0.449727 0.259515
v -0.192414 -0.462453 0.170068
v -0.202391 -0.449727 0.259515
v -0.192414 -0.462453 0.170068
v -0.237239 -0.537044 0.260946
v -0.228850 -0.547667 0.185643
v -0.237239 -0.537044 0.260946
v -0.228850 -0.547667 0.185643
v -0.236161 -0.627745 0.266212
v -0.229484 -0.636101 0.206197
v -0.236161 -0.627745 0.266212
v -0.229484 -0.636101 0.206197
v -0.201326 -0.711247 0.274489
v -0.196282 -0.717441 0.229083
v -0.201326 -0.711247 0.274489
v -0.196282 -0.717441 0.229083
v -0.134915 -0.776985 0.284962
v -0.131224 -0.781395 0.251669
v -0.134915 -0.776985 0.284962
v -0.131224 -0.781395 0.251669
v -0.048153 -0.811507 0.295716
v -0.045265 -0.814872 0.269616
v -0.045265 -0.814872 0.269616
v 0.042176 -0.809926 0.304784
v 0.044933 -0.813140 0.279840
v 0.042176 -0.809926 0.304784
v 0.044933 -0.813140 0.279840
v 0.125521 -0.774483 0.311219
v 0.128801 -0.778403 0.281630
v 0.125521 -0.774483 0.311219
v 0.128801 -0.778403 0.281630
v 0.191344 -0.707438 0.314081
v 0.195767 -0.712887 0.274241
v 0.191344 -0.707438 0.314081
v 0.195767 -0.712887 0.274241
v 0.226199 -0.620115 0.312650
v 0.232210 -0.627674 0.258659
v 0.226199 -0.620115 0.312650
v 0.232210 -0.627674 0.258659
v 0.225115 -0.529413 0.307378
v 0.232837 -0.539239 0.238112
v 0.225115 -0.529413 0.307378
v 0.232837 -0.539239 0.238112
v 0.190279 -0.445911 0.299100
v 0.199635 -0.457900 0.215226
v 0.190279 -0.445911 0.299100
v 0.123875 -0.380180 0.288634
v 0.134583 -0.393945 0.192634
v 1.008495 -0.523239 0.919155
v 0.916264 -0.540787 0.923375
v 1.085202 -0.475396 0.927530
v 0.825445 -0.523239 0.939989
v 1.138500 -0.404477 0.946823
v 0.752579 -0.475396 0.965391
v 1.160491 -0.317676 0.975360
v 0.704984 -0.404477 0.996175
v 1.145478 -0.230875 1.008111
v 0.689971 -0.317676 1.028920
v 1.097883 -0.159956 1.038896
v 0.711962 -0.230875 1.057457
v 1.025017 -0.112113 1.064298
v 0.765260 -0.159956 1.076757
v 0.934198 -0.094564 1.080912
v 0.841968 -0.112113 1.085132
v 0.128801 -0.778403 0.281630
v 0.044933 -0.813140 0.279840
v 0.195767 -0.712887 0.274241
v -0.045265 -0.814872 0.269616
v 0.232210 -0.627674 0.258659
v -0.131224 -0.781395 0.251669
v 0.232837 -0.539239 0.238112
v -0.196282 -0.717441 0.229083
v 0.199635 -0.457900 0.215226
v -0.229484 -0.636101 0.206197
v 0.134583 -0.393945 0.192634
v -0.228850 -0.547667 0.185643
v 0.048618 -0.360469 0.174693
v -0.192414 -0.462453 0.170068
v -0.041574 -0.362200 0.164469
v -0.125442 -0.396938 0.162679
v 1.858429 0.279956 0.218486
v 1.886013 0.302248 0.194777
v 1.826867 0.343551 0.229730
v 1.857880 0.358937 0.204799
v 1.826867 0.343551 0.229730
v 1.857880 0.358937 0.204799
v 1.795311 0.407140 0.218486
v 1.829748 0.415626 0.194777
v 1.795311 0.407140 0.218486
v 1.829748 0.415626 0.194777
v 1.766845 0.464508 0.185859
v 1.804373 0.466769 0.165690
v 1.766845 0.464508 0.185859
v 1.804373 0.466769 0.165690
v 1.744253 0.510032 0.135036
v 1.784230 0.507354 0.120382
v 1.744253 0.510032 0.135036
v 1.784230 0.507354 0.120382
v 1.729749 0.539262 0.070991
v 1.771301 0.533415 0.063288
v 1.729749 0.539262 0.070991
v 1.771301 0.533415 0.063288
v 1.724751 0.549336 -0.000000
v 1.766845 0.542392 -0.000000
v 1.928988 0.137766 -0.000000
v 1.948921 0.175482 -0.000000
v 1.923990 0.147833 0.070991
v 1.944459 0.184466 0.063288
v 1.923990 0.147833 0.070991
v 1.944459 0.184466 0.063288
v 1.909487 0.177063 0.135036
v 1.931530 0.210520 0.120382
v 1.909487 0.177063 0.135036
v 1.931530 0.210520 0.120382
v 1.886894 0.222594 0.185859
v 1.911394 0.251105 0.165690
v 1.886894 0.222594 0.185859
v 1.911394 0.251105 0.165690
v 1.858429 0.279956 0.218486
v 1.886013 0.302248 0.194777
v 1.886013 0.302248 0.194777
v 1.876258 0.321906 0.127229
v 1.857880 0.358937 0.204799
v 1.857880 0.358937 0.133775
v 1.857880 0.358937 0.204799
v 1.857880 0.358937 0.133775
v 1.829748 0.415626 0.194777
v 1.839502 0.395967 0.127229
v 1.829748 0.415626 0.194777
v 1.839502 0.395967 0.127229
v 1.804373 0.466769 0.165690
v 1.822927 0.429372 0.108224
v 1.804373 0.466769 0.165690
v 1.822927 0.429372 0.108224
v 1.784230 0.507354 0.120382
v 1.809776 0.455884 0.078634
v 1.784230 0.507354 0.120382
v 1.809776 0.455884 0.078634
v 1.771301 0.533415 0.063288
v 1.801328 0.472903 0.041342
v 1.771301 0.533415 0.063288
v 1.801328 0.472903 0.041342
v 1.766845 0.542392 -0.000000
v 1.798414 0.478770 -0.000000
v 1.948921 0.175482 -0.000000
v 1.917346 0.239110 -0.000000
v 1.944459 0.184466 0.063288
v 1.914432 0.244970 0.041342
v 1.944459 0.184466 0.063288
v 1.914432 0.244970 0.041342
v 1.931530 0.210520 0.120382
v 1.905991 0.261996 0.078634
v 1.931530 0.210520 0.120382
v 1.905991 0.261996 0.078634
v 1.911394 0.251105 0.165690
v 1.892833 0.288502 0.108224
v 1.911394 0.251105 0.165690
v 1.892833 0.288502 0.108224
v 1.886013 0.302248 0.194777
v 1.876258 0.321906 0.127229
v 1.876258 0.321906 0.127229
v 1.846891 0.311773 0.114992
v 1.857880 0.358937 0.133775
v 1.830284 0.345243 0.120905
v 1.857880 0.358937 0.133775
v 1.830284 0.345243 0.120905
v 1.839502 0.395967 0.127229
v 1.813676 0.378713 0.114992
v 1.839502 0.395967 0.127229
v 1.813676 0.378713 0.114992
v 1.822927 0.429372 0.108224
v 1.798695 0.408903 0.097816
v 1.822927 0.429372 0.108224
v 1.798695 0.408903 0.097816
v 1.809776 0.455884 0.078634
v 1.786805 0.432861 0.071069
v 1.809776 0.455884 0.078634
v 1.786805 0.432861 0.071069
v 1.801328 0.472903 0.041342
v 1.779167 0.448247 0.037364
v 1.801328 0.472903 0.041342
v 1.779167 0.448247 0.037364
v 1.798414 0.478770 -0.000000
v 1.776534 0.453545 -0.000000
v 1.917346 0.239110 -0.000000
v 1.884027 0.236941 -0.000000
v 1.914432 0.244970 0.041342
v 1.881400 0.242239 0.037364
v 1.914432 0.244970 0.041342
v 1.881400 0.242239 0.037364
v 1.905991 0.261996 0.078634
v 1.873763 0.257625 0.071069
v 1.905991 0.261996 0.078634
v 1.873763 0.257625 0.071069
v 1.892833 0.288502 0.108224
v 1.861872 0.281583 0.097816
v 1.892833 0.288502 0.108224
v 1.861872 0.281583 0.097816
v 1.876258 0.321906 0.127229
v 1.846891 0.311773 0.114992
v 1.418543 0.557666 0.547744
v 1.428356 0.591750 0.524028
v 1.356222 0.591659 0.558988
v 1.372797 0.622052 0.534058
v 1.356222 0.591659 0.558988
v 1.372797 0.622052 0.534058
v 1.293895 0.625645 0.547745
v 1.317238 0.652353 0.524029
v 1.293895 0.625645 0.547745
v 1.317238 0.652353 0.524029
v 1.237669 0.656312 0.515111
v 1.267115 0.679688 0.494943
v 1.237669 0.656312 0.515111
v 1.267115 0.679688 0.494943
v 1.193053 0.680642 0.464289
v 1.227334 0.701379 0.449634
v 1.193053 0.680642 0.464289
v 1.227334 0.701379 0.449634
v 1.164405 0.696270 0.400243
v 1.201795 0.715308 0.392540
v 1.164405 0.696270 0.400243
v 1.201795 0.715308 0.392540
v 1.154533 0.701653 0.329252
v 1.192995 0.720110 0.329252
v 1.557904 0.481665 0.329251
v 1.552593 0.523994 0.329251
v 1.548033 0.487048 0.400242
v 1.543792 0.528789 0.392540
v 1.548033 0.487048 0.400242
v 1.543792 0.528789 0.392540
v 1.519384 0.502669 0.464288
v 1.518254 0.542718 0.449634
v 1.519384 0.502669 0.464288
v 1.518254 0.542718 0.449634
v 1.474768 0.527006 0.515110
v 1.478479 0.564415 0.494943
v 1.474768 0.527006 0.515110
v 1.478479 0.564415 0.494943
v 1.418543 0.557666 0.547744
v 1.428356 0.591750 0.524028
v 1.428356 0.591750 0.524028
v 1.409089 0.602256 0.456481
v 1.372797 0.622052 0.534058
v 1.372797 0.622052 0.463028
v 1.372797 0.622052 0.534058
v 1.372797 0.622052 0.463028
v 1.317238 0.652353 0.524029
v 1.336504 0.641841 0.456481
v 1.317238 0.652353 0.524029
v 1.336504 0.641841 0.456481
v 1.267115 0.679688 0.494943
v 1.303766 0.659697 0.437483
v 1.267115 0.679688 0.494943
v 1.303766 0.659697 0.437483
v 1.227334 0.701379 0.449634
v 1.277783 0.673867 0.407887
v 1.227334 0.701379 0.449634
v 1.277783 0.673867 0.407887
v 1.201795 0.715308 0.392540
v 1.261097 0.682968 0.370595
v 1.201795 0.715308 0.392540
v 1.261097 0.682968 0.370595
v 1.192995 0.720110 0.329252
v 1.255355 0.686104 0.329251
v 1.552593 0.523994 0.329251
v 1.490239 0.558000 0.329251
v 1.543792 0.528789 0.392540
v 1.484490 0.561136 0.370595
v 1.543792 0.528789 0.392540
v 1.484490 0.561136 0.370595
v 1.518254 0.542718 0.449634
v 1.467810 0.570230 0.407887
v 1.518254 0.542718 0.449634
v 1.467810 0.570230 0.407887
v 1.478479 0.564415 0.494943
v 1.441828 0.584401 0.437483
v 1.478479 0.564415 0.494943
v 1.441828 0.584401 0.437483
v 1.428356 0.591750 0.524028
v 1.409089 0.602256 0.456481
v 1.409089 0.602256 0.456481
v 1.390842 0.577116 0.444245
v 1.372797 0.622052 0.463028
v 1.358045 0.595004 0.450164
v 1.372797 0.622052 0.463028
v 1.358045 0.595004 0.450164
v 1.336504 0.641841 0.456481
v 1.325241 0.612892 0.444245
v 1.336504 0.641841 0.456481
v 1.325241 0.612892 0.444245
v 1.303766 0.659697 0.437483
v 1.295652 0.629029 0.427068
v 1.303766 0.659697 0.437483
v 1.295652 0.629029 0.427068
v 1.277783 0.673867 0.407887
v 1.272171 0.641835 0.400321
v 1.277783 0.673867 0.407887
v 1.272171 0.641835 0.400321
v 1.261097 0.682968 0.370595
v 1.257092 0.650060 0.366616
v 1.261097 0.682968 0.370595
v 1.257092 0.650060 0.366616
v 1.255355 0.686104 0.329251
v 1.251899 0.652889 0.329251
v 1.490239 0.558000 0.329251
v 1.464191 0.537113 0.329251
v 1.484490 0.561136 0.370595
v 1.458997 0.539948 0.366616
v 1.484490 0.561136 0.370595
v 1.458997 0.539948 0.366616
v 1.467810 0.570230 0.407887
v 1.443918 0.548167 0.400321
v 1.467810 0.570230 0.407887
v 1.443918 0.548167 0.400321
v 1.441828 0.584401 0.437483
v 1.420438 0.560972 0.427069
v 1.441828 0.584401 0.437483
v 1.420438 0.560972 0.427069
v 1.409089 0.602256 0.456481
v 1.390842 0.577116 0.444245
v 1.418543 0.557666 0.110766
v 1.356222 0.591659 0.099522
v 1.428356 0.591750 0.134482
v 1.372797 0.622052 0.124453
v 1.356222 0.591659 0.099522
v 1.293895 0.625645 0.110766
v 1.372797 0.622052 0.124453
v 1.317231 0.652353 0.134482
v 1.293895 0.625645 0.110766
v 1.237669 0.656312 0.143400
v 1.317231 0.652353 0.134482
v 1.267115 0.679688 0.163568
v 1.237669 0.656312 0.143400
v 1.193053 0.680642 0.194222
v 1.267115 0.679688 0.163568
v 1.227334 0.701379 0.208876
v 1.193053 0.680642 0.194222
v 1.164405 0.696270 0.258262
v 1.227334 0.701379 0.208876
v 1.201795 0.715308 0.265971
v 1.164405 0.696270 0.258262
v 1.154533 0.701653 0.329252
v 1.201795 0.715308 0.265971
v 1.192995 0.720110 0.329252
v 1.557904 0.481665 0.329251
v 1.548033 0.487041 0.258261
v 1.552593 0.523994 0.329251
v 1.543792 0.528789 0.265970
v 1.548033 0.487041 0.258261
v 1.519384 0.502669 0.194221
v 1.543792 0.528789 0.265970
v 1.518254 0.542718 0.208875
v 1.519384 0.502669 0.194221
v 1.474768 0.527006 0.143399
v 1.518254 0.542718 0.208875
v 1.478479 0.564415 0.163568
v 1.474768 0.527006 0.143399
v 1.418543 0.557666 0.110766
v 1.478479 0.564415 0.163568
v 1.428356 0.591750 0.134482
v 1.428356 0.591750 0.134482
v 1.372797 0.622052 0.124453
v 1.409089 0.602256 0.202030
v 1.372797 0.622052 0.195483
v 1.372797 0.622052 0.124453
v 1.317231 0.652353 0.134482
v 1.372797 0.622052 0.195483
v 1.336504 0.641841 0.202030
v 1.317231 0.652353 0.134482
v 1.267115 0.679688 0.163568
v 1.336504 0.641841 0.202030
v 1.303766 0.659697 0.221028
v 1.267115 0.679688 0.163568
v 1.227334 0.701379 0.208876
v 1.303766 0.659697 0.221028
v 1.277783 0.673867 0.250623
v 1.227334 0.701379 0.208876
v 1.201795 0.715308 0.265971
v 1.277783 0.673867 0.250623
v 1.261097 0.682968 0.287915
v 1.201795 0.715308 0.265971
v 1.192995 0.720110 0.329252
v 1.261097 0.682968 0.287915
v 1.255355 0.686104 0.329251
v 1.552593 0.523994 0.329251
v 1.543792 0.528789 0.265970
v 1.490239 0.558000 0.329251
v 1.484490 0.561136 0.287915
v 1.543792 0.528789 0.265970
v 1.518254 0.542718 0.208875
v 1.484490 0.561136 0.287915
v 1.467810 0.570230 0.250623
v 1.518254 0.542718 0.208875
v 1.478479 0.564415 0.163568
v 1.467810 0.570230 0.250623
v 1.441828 0.584401 0.221028
v 1.478479 0.564415 0.163568
v 1.428356 0.591750 0.134482
v 1.441828 0.584401 0.221028
v 1.409089 0.602256 0.202030
v 1.409089 0.602256 0.202030
v 1.372797 0.622052 0.195483
v 1.390842 0.577116 0.214266
v 1.358045 0.595004 0.208347
v 1.372797 0.622052 0.195483
v 1.336504 0.641841 0.202030
v 1.358045 0.595004 0.208347
v 1.325241 0.612892 0.214266
v 1.336504 0.641841 0.202030
v 1.303766 0.659697 0.221028
v 1.325241 0.612892 0.214266
v 1.295652 0.629029 0.231442
v 1.303766 0.659697 0.221028
v 1.277783 0.673867 0.250623
v 1.295652 0.629029 0.231442
v 1.272171 0.641835 0.258189
v 1.277783 0.673867 0.250623
v 1.261097 0.682968 0.287915
v 1.272171 0.641835 0.258189
v 1.257092 0.650060 0.291894
v 1.261097 0.682968 0.287915
v 1.255355 0.686104 0.329251
v 1.257092 0.650060 0.291894
v 1.251899 0.652889 0.329251
v 1.490239 0.558000 0.329251
v 1.484490 0.561136 0.287915
v 1.464191 0.537113 0.329251
v 1.458997 0.539948 0.291894
v 1.484490 0.561136 0.287915
v 1.467810 0.570230 0.250623
v 1.458997 0.539948 0.291894
v 1.443918 0.548167 0.258189
v 1.467810 0.570230 0.250623
v 1.441828 0.584401 0.221028
v 1.443918 0.548167 0.258189
v 1.420438 0.560972 0.231441
v 1.441828 0.584401 0.221028
v 1.409089 0.602256 0.202030
v 1.420438 0.560972 0.231441
v 1.390842 0.577116 0.214266
v 1.356222 0.591659 0.558988
v 1.289759 0.469800 0.558988
v 1.418543 0.557666 0.547744
v 1.352087 0.435807 0.547744
v 1.418543 0.557666 0.547744
v 1.352087 0.435807 0.547744
v 1.474768 0.527006 0.515110
v 1.408305 0.405147 0.515110
v 1.474768 0.527006 0.515110
v 1.408305 0.405147 0.515110
v 1.519384 0.502669 0.464288
v 1.452928 0.380810 0.464288
v 1.519384 0.502669 0.464288
v 1.452928 0.380810 0.464288
v 1.548033 0.487048 0.400242
v 1.481576 0.365189 0.400242
v 1.548033 0.487048 0.400242
v 1.481576 0.365189 0.400242
v 1.557904 0.481665 0.329251
v 1.491441 0.359806 0.329251
v 1.557904 0.481665 0.329251
v 1.491441 0.359806 0.329251
v 1.548033 0.487041 0.258261
v 1.481576 0.365183 0.258261
v 1.548033 0.487041 0.258261
v 1.481576 0.365183 0.258261
v 1.519384 0.502669 0.194221
v 1.452928 0.380810 0.194221
v 1.519384 0.502669 0.194221
v 1.452928 0.380810 0.194221
v 1.474768 0.527006 0.143399
v 1.408305 0.405147 0.143399
v 1.474768 0.527006 0.143399
v 1.408305 0.405147 0.143399
v 1.418543 0.557666 0.110766
v 1.352087 0.435807 0.110765
v 1.418543 0.557666 0.110766
v 1.352087 0.435807 0.110765
v 1.356222 0.591659 0.099522
v 1.289759 0.469800 0.099521
v 1.356222 0.591659 0.099522
v 1.289759 0.469800 0.099521
v 1.293895 0.625645 0.110766
v 1.227438 0.503786 0.110765
v 1.293895 0.625645 0.110766
v 1.227438 0.503786 0.110765
v 1.237669 0.656312 0.143400
v 1.171212 0.534454 0.143399
v 1.237669 0.656312 0.143400
v 1.171212 0.534454 0.143399
v 1.193053 0.680642 0.194222
v 1.126590 0.558784 0.194221
v 1.193053 0.680642 0.194222
v 1.126590 0.558784 0.194221
v 1.164405 0.696270 0.258262
v 1.097942 0.574411 0.258262
v 1.164405 0.696270 0.258262
v 1.097942 0.574411 0.258262
v 1.154533 0.701653 0.329252
v 1.088070 0.579795 0.329251
v 1.154533 0.701653 0.329252
v 1.088070 0.579795 0.329251
v 1.164405 0.696270 0.400243
v 1.097942 0.574411 0.400243
v 1.164405 0.696270 0.400243
v 1.097942 0.574411 0.400243
v 1.193053 0.680642 0.464289
v 1.126590 0.558784 0.464289
v 1.193053 0.680642 0.464289
v 1.126590 0.558784 0.464289
v 1.237669 0.656312 0.515111
v 1.171212 0.534454 0.515110
v 1.237669 0.656312 0.515111
v 1.171212 0.534454 0.515110
v 1.293895 0.625645 0.547745
v 1.227438 0.503786 0.547744
v 1.293895 0.625645 0.547745
v 1.227438 0.503786 0.547744
v 1.356222 0.591659 0.558988
v 1.289759 0.469800 0.558988
v 0.926717 -0.492702 0.684263
v 0.926717 -0.574310 0.908492
v 0.823100 -0.472534 0.691600
v 0.823100 -0.554148 0.915829
v 0.823100 -0.472534 0.691600
v 0.823100 -0.554148 0.915829
v 0.734658 -0.417949 0.711468
v 0.734658 -0.499556 0.935697
v 0.734658 -0.417949 0.711468
v 0.734658 -0.499556 0.935697
v 0.676564 -0.334839 0.741717
v 0.676564 -0.416453 0.965946
v 0.676564 -0.334839 0.741717
v 0.676564 -0.416453 0.965946
v 0.655109 -0.237473 0.777160
v 0.655109 -0.319080 1.001382
v 0.655109 -0.237473 0.777160
v 0.655109 -0.319080 1.001382
v 0.676565 -0.140108 0.812597
v 0.676565 -0.221715 1.036825
v 0.676565 -0.140108 0.812597
v 0.676565 -0.221715 1.036825
v 0.734659 -0.056998 0.842846
v 0.734659 -0.138612 1.067074
v 0.734659 -0.056998 0.842846
v 0.734659 -0.138612 1.067074
v 0.823100 -0.002406 0.862713
v 0.823100 -0.084019 1.086942
v 0.823100 -0.002406 0.862713
v 0.823100 -0.084019 1.086942
v 0.926718 0.017756 0.870050
v 0.926718 -0.063858 1.094279
v 0.926718 0.017756 0.870050
v 0.926718 -0.063858 1.094279
v 1.030329 -0.002406 0.862713
v 1.030335 -0.084020 1.086942
v 1.030329 -0.002406 0.862713
v 1.030335 -0.084020 1.086942
v 1.118776 -0.056998 0.842846
v 1.118776 -0.138612 1.067074
v 1.118776 -0.056998 0.842846
v 1.118776 -0.138612 1.067074
v 1.176864 -0.140108 0.812597
v 1.176864 -0.221715 1.036825
v 1.176864 -0.140108 0.812597
v 1.176864 -0.221715 1.036825
v 1.198326 -0.237473 0.777160
v 1.198326 -0.319087 1.001382
v 1.198326 -0.237473 0.777160
v 1.198326 -0.319087 1.001382
v 1.176864 -0.334839 0.741717
v 1.176864 -0.416453 0.965946
v 1.176864 -0.334839 0.741717
v 1.176864 -0.416453 0.965946
v 1.118770 -0.417949 0.711468
v 1.118776 -0.499556 0.935697
v 1.118770 -0.417949 0.711468
v 1.118776 -0.499556 0.935697
v 1.030329 -0.472534 0.691600
v 1.030329 -0.554148 0.915829
v 1.030329 -0.472534 0.691600
v 1.030329 -0.554148 0.915829
v 0.926717 -0.492702 0.684263
v 0.926717 -0.574310 0.908492
v 0.823100 -0.554148 0.915829
v 0.830809 -0.546890 0.950286
v 0.734658 -0.499556 0.935697
v 0.748947 -0.496361 0.968677
v 0.748947 -0.496361 0.968677
v 0.676564 -0.416453 0.965946
v 0.695171 -0.419432 0.996678
v 0.676564 -0.416453 0.965946
v 0.655109 -0.319080 1.001382
v 0.675310 -0.329312 1.029482
v 0.675310 -0.329312 1.029482
v 0.676565 -0.221715 1.036825
v 0.695171 -0.239185 1.062286
v 0.676565 -0.221715 1.036825
v 0.734659 -0.138612 1.067074
v 0.748947 -0.162262 1.090281
v 0.748947 -0.162262 1.090281
v 0.823100 -0.084019 1.086942
v 0.830809 -0.111727 1.108672
v 0.823100 -0.084019 1.086942
v 0.926718 -0.063858 1.094279
v 0.926718 -0.093068 1.115466
v 0.926718 -0.093068 1.115466
v 1.030335 -0.084020 1.086942
v 1.022626 -0.111734 1.108672
v 1.030335 -0.084020 1.086942
v 1.118776 -0.138612 1.067074
v 1.104488 -0.162262 1.090281
v 1.104488 -0.162262 1.090281
v 1.176864 -0.221715 1.036825
v 1.158263 -0.239185 1.062286
v 1.176864 -0.221715 1.036825
v 1.198326 -0.319087 1.001382
v 1.178125 -0.329312 1.029482
v 1.178125 -0.329312 1.029482
v 1.176864 -0.416453 0.965946
v 1.158263 -0.419432 0.996678
v 1.176864 -0.416453 0.965946
v 1.118776 -0.499556 0.935697
v 1.104488 -0.496361 0.968677
v 1.104488 -0.496361 0.968677
v 1.030329 -0.554148 0.915829
v 1.022626 -0.546890 0.950286
v 1.030329 -0.554148 0.915829
v 0.926717 -0.574310 0.908492
v 0.926717 -0.565555 0.943497
v 0.926717 -0.574310 0.908492
v 0.926717 -0.565555 0.943497
v 0.823100 -0.554148 0.915829
v -1.416144 0.885442 0.245110
v -0.746378 0.860471 0.266069
v -1.553833 0.937179 0.296253
v -0.747096 0.937178 0.296253
v -1.029275 0.192763 0.150625
v -0.849924 0.093758 0.156387
v -1.035064 0.238124 0.153565
v -0.881499 0.337129 0.172805
v -0.903163 0.371860 0.173818
vn -0.0315 0.7488 -0.6621
vn 0.0392 0.7372 -0.6745
vn 0.0631 0.7731 -0.6311
vn 0.9870 0.1097 -0.1175
vn 0.9836 -0.0156 -0.1795
vn 0.9725 0.1255 -0.1961
vn 0.9371 0.1562 -0.3123
vn 0.9374 0.2578 -0.2343
vn 0.9110 -0.1256 -0.3927
vn 0.9464 -0.0391 -0.3207
vn 0.9456 -0.1328 -0.2970
vn 0.6867 -0.7024 -0.1873
vn 0.6171 -0.7187 -0.3203
vn 0.6879 -0.6723 -0.2736
vn 0.5252 -0.7290 -0.4390
vn 0.6112 -0.6425 -0.4623
vn 0.5865 -0.6959 -0.4144
vn 0.0078 -0.8864 -0.4628
vn -0.0158 -0.8496 -0.5271
vn -0.0078 -0.8554 -0.5179
vn 0.3223 0.7075 -0.6289
vn 0.5511 0.8345 -0.0000
vn 0.3374 0.7219 -0.6042
vn 0.5510 0.8345 -0.0000
vn 0.4255 0.7406 -0.5200
vn 0.5886 0.8084 -0.0001
vn 0.5414 0.7768 -0.3217
vn 0.5511 0.8344 -0.0001
vn 0.4256 0.7406 -0.5200
vn -0.9888 -0.1491 -0.0000
vn -0.9910 -0.1337 -0.0000
vn -0.9794 -0.1645 -0.1175
vn -0.9495 -0.3139 -0.0000
vn -0.9492 -0.3138 0.0235
vn -0.9354 -0.3537 -0.0000
vn -0.9228 -0.3786 -0.0710
vn -0.9424 -0.3298 -0.0550
vn -0.8579 -0.5116 0.0472
vn -0.8395 -0.5413 0.0471
vn -0.8609 -0.5087 -0.0000
vn -0.9436 -0.3303 -0.0236
vn -0.9313 -0.3600 -0.0548
vn -0.8235 -0.5647 0.0549
vn -0.8359 -0.5469 0.0469
vn -0.8547 -0.5176 0.0392
vn -0.8697 -0.4936 -0.0078
vn -0.8697 -0.4936 -0.0000
vn -0.8552 -0.5178 0.0235
vn -0.8697 -0.4936 -0.0079
vn 0.2750 0.6679 -0.6915
vn 0.3140 0.7851 -0.5340
vn 0.4546 0.7837 -0.4232
vn 0.8825 0.3515 -0.3124
vn 0.8478 0.4711 -0.2434
vn 0.8125 0.5546 -0.1797
vn 0.7054 0.6976 -0.1254
vn 0.7130 0.6660 -0.2194
vn 0.6297 0.7555 -0.1810
vn 0.7205 0.6187 -0.3133
vn 0.7921 0.5725 -0.2118
vn 0.9031 0.2749 -0.3298
vn 0.9836 -0.0156 -0.1796
vn 0.9167 0.0078 -0.3996
vn 0.7433 -0.6103 -0.2739
vn 0.9069 -0.3205 -0.2736
vn 0.9462 -0.1955 -0.2580
vn 0.9538 -0.2345 -0.1876
vn 0.9538 -0.2345 -0.1877
vn -0.9424 -0.3299 -0.0550
vn -0.9346 -0.3534 -0.0393
vn 0.9370 0.1562 -0.3124
vn 0.9098 0.1568 -0.3843
vn 0.9608 0.1017 0.2578
vn 0.9551 0.0626 0.2896
vn 0.9557 0.2585 0.1410
vn 0.9620 0.2502 0.1095
vn 0.9518 0.3042 0.0390
vn 0.9642 0.2195 0.1489
vn 0.1946 -0.9729 -0.1246
vn 0.1328 -0.9685 -0.2108
vn 0.2659 -0.9620 0.0625
vn 0.2572 -0.9663 -0.0078
vn 0.2270 -0.9707 -0.0784
vn 0.1176 -0.9719 -0.2038
vn 0.9464 -0.0391 -0.3206
vn 0.6368 0.7232 -0.2673
vn 0.6508 0.7292 -0.2117
vn 0.6791 0.7337 0.0234
vn -0.3061 -0.8318 -0.4630
vn -0.3294 -0.7449 -0.5802
vn -0.2426 -0.9468 -0.2114
vn 0.3066 -0.1258 -0.9435
vn 0.1259 -0.0158 -0.9919
vn 0.0866 -0.0945 -0.9917
vn -0.2895 -0.5164 -0.8059
vn -0.3374 -0.8240 -0.4552
vn -0.2832 -0.4876 -0.8259
vn -0.8827 0.4335 -0.1813
vn -0.8973 0.4093 -0.1653
vn -0.8561 0.4713 -0.2121
vn -0.7013 0.6934 -0.1655
vn -0.6699 0.7330 -0.1182
vn -0.7176 0.6703 -0.1893
vn -0.6524 0.7546 -0.0707
vn -0.8561 0.4712 -0.2121
vn -0.8439 0.4890 -0.2208
vn -0.6684 -0.1731 -0.7234
vn -0.8387 -0.2117 -0.5017
vn -0.8725 -0.2122 -0.4402
vn 0.0315 0.1809 -0.9830
vn 0.0157 0.2277 -0.9736
vn 0.0788 0.1575 -0.9844
vn 0.0941 0.3453 -0.9338
vn -0.1580 0.3871 -0.9084
vn -0.1181 0.2520 -0.9605
vn -0.1181 0.2519 -0.9605
vn -0.2448 0.1658 -0.9553
vn -0.2351 0.0157 -0.9718
vn -0.0863 0.0157 -0.9961
vn -0.1656 -0.0315 -0.9857
vn -0.1020 -0.1648 -0.9810
vn 0.0393 -0.0393 -0.9985
vn -0.0079 -0.1733 -0.9848
vn 0.0472 -0.1731 -0.9838
vn 0.1412 -0.0549 -0.9885
vn 0.1022 -0.1572 -0.9823
vn 0.1488 -0.1409 -0.9788
vn 0.1732 -0.0394 -0.9841
vn 0.1411 -0.1411 -0.9799
vn 0.1176 -0.1019 -0.9878
vn 0.1260 -0.0157 -0.9919
vn -0.0000 0.0941 -0.9956
vn 0.0865 -0.0945 -0.9918
vn 0.0163 0.1186 -0.9928
vn -0.0316 0.2051 -0.9782
vn 0.0079 0.1337 -0.9910
vn 0.1103 0.1339 -0.9848
vn 0.1568 0.1254 -0.9796
vn 0.1574 0.1496 -0.9761
vn 0.1567 0.1254 -0.9796
vn 0.1731 0.1338 -0.9758
vn 0.1885 0.1257 -0.9740
vn 0.1567 0.1254 -0.9797
vn 0.1259 0.1260 -0.9840
vn 0.1259 0.1259 -0.9840
vn 0.3846 0.7692 -0.5102
vn 0.3463 0.7642 -0.5441
vn 0.3697 0.6764 -0.6371
vn 0.4379 0.8913 -0.1173
vn 0.2663 0.9557 -0.1254
vn 0.5028 0.8563 -0.1178
vn -0.5175 -0.3920 0.7606
vn -0.5561 -0.3368 0.7598
vn -0.5159 -0.3986 0.7582
vn 0.2120 0.9658 -0.1492
vn 0.2663 0.9557 -0.1253
vn 0.4378 0.8914 -0.1173
vn -0.0156 -0.6024 -0.7980
vn 0.0157 -0.6284 -0.7777
vn -0.0551 -0.6614 -0.7480
vn 0.0708 -0.4957 -0.8656
vn 0.0861 -0.2269 -0.9701
vn 0.2047 -0.3072 -0.9294
vn -0.0079 -0.2996 -0.9540
vn 0.0078 -0.1096 -0.9939
vn -0.0000 0.5886 -0.8084
vn 0.0941 0.6427 -0.7603
vn 0.0788 0.4490 -0.8901
vn 0.2193 -0.5248 -0.8225
vn 0.1257 -0.5265 -0.8408
vn 0.2048 -0.3072 -0.9293
vn 0.3133 -0.5012 -0.8066
vn 0.3461 -0.3225 -0.8810
vn 0.4533 -0.4689 -0.7581
vn 0.3132 -0.5012 -0.8066
vn 0.2677 0.6613 -0.7007
vn 0.4011 0.4562 -0.7944
vn 0.2194 0.4857 -0.8461
vn 0.2194 0.4858 -0.8461
vn 0.5334 -0.4001 -0.7453
vn 0.4876 -0.2595 -0.8336
vn 0.5482 0.5795 -0.6030
vn 0.5351 0.3620 -0.7633
vn 0.4328 0.6453 -0.6295
vn 0.7979 -0.0235 -0.6024
vn 0.7208 -0.0705 -0.6895
vn 0.6451 0.0394 -0.7631
vn 0.7927 0.1256 -0.5965
vn 0.6199 0.2197 -0.7533
vn 0.7588 0.2660 -0.5945
vn 0.7087 0.3859 -0.5906
vn 0.6348 0.5016 -0.5878
vn 0.0867 0.1497 -0.9849
vn 0.0787 0.2046 -0.9757
vn 0.2829 0.1257 -0.9509
vn 0.0946 0.0552 -0.9940
vn 0.1259 -0.0315 -0.9915
vn 0.0947 0.0552 -0.9940
vn 0.2828 0.1257 -0.9509
vn 0.1176 0.2666 -0.9566
vn 0.1803 -0.0862 -0.9798
vn 0.1811 0.3228 -0.9290
vn 0.2429 -0.1097 -0.9638
vn 0.2584 0.3289 -0.9083
vn 0.3214 -0.1097 -0.9406
vn 0.2829 0.1258 -0.9509
vn 0.4010 -0.0865 -0.9120
vn 0.3214 -0.1098 -0.9406
vn 0.3539 0.3146 -0.8808
vn 0.4721 -0.0236 -0.8812
vn 0.4310 0.2665 -0.8621
vn 0.5109 0.0707 -0.8567
vn 0.4956 0.1809 -0.8495
vn 0.5334 -0.4001 -0.7452
vn 0.5904 -0.2834 -0.7557
vn 0.7979 -0.0235 -0.6023
vn 0.6451 0.0393 -0.7631
vn 0.7087 0.3858 -0.5906
vn 0.7588 0.2660 -0.5946
vn 0.6425 -0.2115 -0.7365
vn 0.6016 -0.1250 -0.7890
vn 0.6811 -0.0783 -0.7280
vn 0.8631 -0.0549 -0.5021
vn -0.2757 0.5277 -0.8034
vn -0.1577 0.6150 -0.7726
vn -0.2515 0.5186 -0.8172
vn -0.3528 0.1412 0.9250
vn -0.2265 0.2655 0.9371
vn -0.0703 -0.0938 0.9931
vn 0.4517 -0.1871 0.8723
vn -0.0704 -0.0938 0.9931
vn 0.4518 -0.1868 0.8723
vn 0.4609 -0.4062 0.7890
vn -0.0704 -0.0939 0.9931
vn 0.0234 -0.2111 0.9772
vn 0.0313 -0.2111 0.9770
vn 0.0390 -0.2185 0.9751
vn 0.0469 -0.2034 0.9780
vn 0.0312 -0.2185 0.9753
vn 0.0390 -0.2184 0.9751
vn 0.0234 -0.2259 0.9739
vn 0.0470 -0.2034 0.9780
vn -0.0156 -0.2186 0.9757
vn 0.4680 0.3120 0.8268
vn 0.2881 -0.0000 0.9576
vn 0.6904 0.5493 0.4708
vn 0.2880 -0.0000 0.9576
vn 0.6905 0.5492 0.4707
vn 0.4824 0.1867 0.8558
vn 0.3361 -0.0860 0.9379
vn 0.3441 -0.1251 0.9306
vn 0.1794 -0.3666 0.9129
vn 0.1805 -0.3673 0.9124
vn 0.0391 -0.6412 0.7664
vn 0.1331 -0.5168 0.8457
vn 0.0391 -0.6413 0.7663
vn -0.0704 -0.8441 0.5315
vn -0.0703 -0.8441 0.5315
vn -0.0940 -0.9951 -0.0313
vn -0.0624 -0.5226 0.8503
vn -0.1568 -0.7139 0.6825
vn -0.1569 -0.7139 0.6825
vn -0.1016 -0.0703 0.9923
vn -0.0624 -0.5227 0.8503
vn -0.1015 -0.0781 0.9918
vn -0.0938 -0.0782 0.9925
vn -0.1017 -0.0469 0.9937
vn -0.1017 -0.0470 0.9937
vn -0.1250 -0.0156 0.9920
vn -0.1173 -0.0234 0.9928
vn -0.1403 0.0156 0.9900
vn -0.1718 0.0547 0.9836
vn -0.1249 0.0390 0.9914
vn -0.1486 0.0782 0.9858
vn -0.0548 0.0862 0.9948
vn -0.0470 0.0940 0.9945
vn 0.0625 0.1094 0.9920
vn 0.1952 0.1562 0.9683
vn 0.1172 0.1328 0.9842
vn 0.3441 0.2424 0.9071
vn 0.5954 0.5798 0.5562
vn 0.1325 -0.0546 0.9897
vn 0.4675 0.1402 0.8728
vn 0.1325 -0.0545 0.9897
vn 0.4676 0.1403 0.8728
vn -0.0859 -0.6090 0.7885
vn 0.1325 -0.0544 0.9897
vn -0.0312 -0.5381 0.8423
vn -0.0861 -0.3915 0.9161
vn -0.0861 -0.3915 0.9162
vn -0.2650 -0.2885 0.9201
vn -0.2894 -0.3676 0.8838
vn -0.3056 -0.2272 0.9246
vn -0.2651 -0.2885 0.9201
vn -0.3056 -0.2272 0.9247
vn -0.3450 -0.1019 0.9331
vn -0.3214 -0.1097 0.9406
vn -0.4156 0.0079 0.9095
vn -0.4156 0.0078 0.9095
vn -0.3528 0.1411 0.9250
vn -0.3213 -0.1097 0.9406
vn -0.0938 -0.0781 0.9925
vn -0.1173 -0.0235 0.9928
vn 0.1794 -0.3667 0.9129
vn -0.0156 -0.2185 0.9757
vn 0.0313 -0.2110 0.9770
vn -0.2651 -0.2885 0.9200
vn -0.0862 -0.3915 0.9161
vn 0.9940 0.1096 -0.0000
vn 0.9940 0.1095 -0.0000
vn -0.0079 -0.1260 -0.9920
vn -0.2748 0.1491 -0.9499
vn 0.0157 -0.0629 -0.9979
vn -0.0788 -0.0867 -0.9931
vn -0.0627 -0.0783 -0.9950
vn -0.0709 -0.0946 -0.9930
vn -0.0939 -0.5007 -0.8605
vn -0.0000 -0.3373 -0.9414
vn -0.1416 -0.3225 -0.9359
vn -0.8197 0.3231 -0.4729
vn -0.3705 0.8040 -0.4651
vn -0.2991 0.4014 -0.8657
vn 0.0782 -0.1955 -0.9776
vn 0.2190 -0.1017 -0.9704
vn -0.0394 -0.1181 -0.9922
vn -0.0157 -0.4250 -0.9051
vn -0.2363 -0.3704 -0.8983
vn -0.1647 -0.5880 -0.7919
vn -0.5967 -0.6909 -0.4082
vn -0.2905 -0.8795 -0.3769
vn 0.1024 -0.3938 -0.9135
vn 0.3997 -0.7915 -0.4624
vn 0.1645 -0.8302 -0.5327
vn 0.1337 0.1259 -0.9830
vn 0.0944 0.5191 -0.8495
vn 0.4389 0.3606 -0.8230
vn -0.7718 0.6300 0.0866
vn -0.8393 0.3765 0.3922
vn -0.8317 0.2197 0.5100
vn -0.7452 0.0157 0.6667
vn -0.8317 0.2196 0.5100
vn -0.4777 -0.7047 -0.5246
vn -0.3458 -0.3457 -0.8723
vn -0.1099 -0.7067 -0.6989
vn -0.8602 -0.1894 -0.4735
vn -0.3458 -0.3458 -0.8723
vn -0.4776 -0.7047 -0.5247
vn -0.0236 -0.0000 -0.9997
vn -0.3150 0.3701 -0.8740
vn -0.2748 0.1492 -0.9499
vn -0.0550 0.4559 -0.8883
vn -0.3149 0.3700 -0.8740
vn 0.1172 -0.4221 -0.8989
vn 0.2509 -0.4076 -0.8780
vn 0.1807 -0.0550 -0.9820
vn 0.1336 -0.4557 -0.8800
vn 0.2910 -0.4404 -0.8493
vn 0.2124 -0.0551 -0.9756
vn -0.0783 -0.0782 -0.9939
vn -0.0789 -0.0789 -0.9938
vn 0.2517 -0.2990 -0.9205
vn 0.1172 -0.4221 -0.8990
vn 0.4072 -0.0940 -0.9085
vn 0.2517 -0.2989 -0.9205
vn 0.1731 -0.0315 -0.9844
vn 0.2436 0.2278 -0.9427
vn 0.4012 0.0787 -0.9126
vn 0.1180 0.3305 -0.9364
vn 0.2127 -0.0236 -0.9768
vn 0.2668 0.2668 -0.9261
vn 0.4326 0.0944 -0.8966
vn 0.1413 0.3690 -0.9186
vn 0.2126 -0.0236 -0.9768
vn 0.2828 -0.3221 -0.9035
vn 0.1335 -0.4557 -0.8801
vn 0.2123 -0.0551 -0.9756
vn 0.4483 -0.0944 -0.8889
vn 0.2126 -0.0394 -0.9763
vn 0.1018 -0.0157 -0.9947
vn 0.0549 0.0783 -0.9954
vn 0.2909 0.4089 -0.8650
vn 0.2445 0.3628 -0.8992
vn -0.0548 -0.0939 -0.9941
vn -0.3993 -0.9160 -0.0393
vn -0.3999 -0.9016 -0.1647
vn -0.6126 -0.7776 -0.1414
vn 0.0078 -0.3605 -0.9327
vn 0.0781 -0.1955 -0.9776
vn -0.8203 -0.2367 -0.5206
vn -0.7939 -0.2751 -0.5423
vn -0.8483 -0.1885 -0.4948
vn -0.2128 0.3231 -0.9221
vn -0.3384 0.2282 -0.9129
vn -0.0395 0.4500 -0.8921
vn 0.0788 0.4490 -0.8900
vn 0.2048 -0.3071 -0.9294
vn 0.0472 -0.4246 -0.9042
vn 0.0860 -0.2269 -0.9701
vn 0.0472 -0.4245 -0.9042
vn -0.0708 -0.1653 -0.9837
vn -0.0000 -0.0000 -1.0000
vn 0.7915 -0.3997 -0.4624
vn 0.7915 -0.3997 -0.4623
vn -0.3237 0.4263 -0.8447
vn 0.4785 0.8781 -0.0000
vn 0.4787 0.8780 -0.0000
vn 0.4783 0.8782 -0.0000
vn 0.4781 0.8783 -0.0000
vn 0.4788 0.8779 -0.0000
vn 0.4784 0.8782 -0.0000
vn 0.4786 0.8780 -0.0000
vn 0.4783 0.8782 -0.0001
vn 0.4788 0.8779 -0.0001
vn 0.4782 0.8782 -0.0000
vn 0.4784 0.8781 -0.0000
vn -0.0000 -0.3442 -0.9389
vn -0.0000 -0.3443 -0.9389
vn -0.0000 -0.3441 -0.9389
vn -0.0000 -0.3440 -0.9390
vn 0.8991 0.4378 -0.0000
vn 0.8991 0.4378 0.0001
vn -0.0000 -0.4156 -0.9096
vn -0.2364 -0.3703 -0.8983
vn -0.1646 -0.5880 -0.7919
vn -0.1099 -0.7067 -0.6990
vn -0.0314 0.7449 0.6665
vn 0.0628 0.7693 0.6358
vn 0.0390 0.7333 0.6787
vn 0.9861 0.1096 0.1252
vn 0.9710 0.1253 0.2036
vn 0.9822 -0.0156 0.1871
vn 0.9370 0.1562 0.3123
vn 0.9356 0.2573 0.2417
vn 0.9082 -0.1253 0.3993
vn 0.9456 -0.1328 0.2970
vn 0.9440 -0.0390 0.3277
vn 0.6857 -0.7013 0.1948
vn 0.6864 -0.6708 0.2808
vn 0.6156 -0.7169 0.3273
vn 0.5234 -0.7265 0.4453
vn 0.5846 -0.6936 0.4209
vn 0.6089 -0.6401 0.4684
vn 0.0078 -0.8832 0.4689
vn -0.0078 -0.8519 0.5237
vn -0.0157 -0.8461 0.5328
vn 0.3223 0.7075 0.6289
vn 0.3374 0.7219 0.6042
vn 0.5511 0.8344 -0.0000
vn 0.4237 0.7376 0.5258
vn 0.5886 0.8084 -0.0000
vn 0.5511 0.8344 0.0001
vn 0.5400 0.7748 0.3287
vn 0.4237 0.7376 0.5257
vn -0.9784 -0.1644 0.1252
vn -0.9492 -0.3138 -0.0235
vn -0.9223 -0.3784 0.0788
vn -0.9420 -0.3297 0.0628
vn -0.8582 -0.5118 -0.0394
vn -0.8395 -0.5413 -0.0471
vn -0.9434 -0.3302 0.0315
vn -0.9309 -0.3598 0.0626
vn -0.8235 -0.5647 -0.0549
vn -0.8362 -0.5470 -0.0391
vn -0.8550 -0.5177 -0.0314
vn -0.8696 -0.4935 0.0157
vn -0.8553 -0.5179 -0.0157
vn 0.2736 0.6643 0.6956
vn 0.4546 0.7838 0.4232
vn 0.3140 0.7851 0.5339
vn 0.8804 0.3506 0.3193
vn 0.8113 0.5539 0.1871
vn 0.8463 0.4701 0.2507
vn 0.7054 0.6976 0.1254
vn 0.6287 0.7544 0.1886
vn 0.7130 0.6660 0.2194
vn 0.7187 0.6171 0.3203
vn 0.7907 0.5716 0.2192
vn 0.9008 0.2742 0.3368
vn 0.9371 0.1562 0.3123
vn 0.9138 0.0078 0.4061
vn 0.7417 -0.6090 0.2811
vn 0.9049 -0.3198 0.2808
vn 0.9538 -0.2345 0.1876
vn 0.9442 -0.1952 0.2653
vn 0.9538 -0.2345 0.1877
vn -0.9343 -0.3533 0.0471
vn 0.9070 0.1564 0.3910
vn 0.9370 0.1562 0.3124
vn 0.9609 0.1016 -0.2578
vn 0.9567 0.2588 -0.1333
vn 0.9572 0.0628 -0.2824
vn 0.9628 0.2505 -0.1017
vn 0.9653 0.2197 -0.1413
vn 0.9521 0.3043 -0.0312
vn 0.1944 -0.9720 0.1322
vn 0.2660 -0.9624 -0.0548
vn 0.1326 -0.9668 0.2183
vn 0.2570 -0.9663 0.0156
vn 0.1174 -0.9703 0.2113
vn 0.2269 -0.9701 0.0861
vn 0.6354 0.7217 0.2746
vn 0.6791 0.7337 -0.0234
vn 0.6497 0.7279 0.2192
vn -0.3049 -0.8289 0.4691
vn -0.2422 -0.9453 0.2187
vn -0.3278 -0.7415 0.5854
vn 0.3044 -0.1250 0.9443
vn 0.0859 -0.0937 0.9919
vn 0.1250 -0.0156 0.9920
vn -0.2895 -0.5164 0.8059
vn -0.2813 -0.4846 0.8283
vn -0.3374 -0.8240 0.4552
vn -0.8815 0.4328 0.1889
vn -0.8561 0.4713 0.2121
vn -0.8961 0.4088 0.1729
vn -0.7013 0.6934 0.1655
vn -0.7165 0.6692 0.1969
vn -0.6693 0.7323 0.1260
vn -0.6520 0.7541 0.0786
vn -0.8561 0.4712 0.2121
vn -0.8814 0.4329 0.1889
vn -0.8424 0.4881 0.2283
vn -0.6646 -0.1720 0.7271
vn -0.8694 -0.2115 0.4465
vn -0.8355 -0.2108 0.5075
vn 0.0312 0.1795 0.9833
vn 0.0781 0.1563 0.9846
vn 0.0157 0.2277 0.9736
vn 0.0941 0.3453 0.9338
vn -0.1172 0.2502 0.9611
vn -0.1569 0.3843 0.9098
vn -0.1172 0.2501 0.9611
vn -0.2351 0.0157 0.9718
vn -0.2429 0.1646 0.9560
vn -0.0863 0.0157 0.9961
vn -0.1013 -0.1635 0.9813
vn -0.1643 -0.0313 0.9859
vn 0.0393 -0.0393 0.9985
vn 0.0469 -0.1718 0.9840
vn -0.0078 -0.1720 0.9851
vn 0.1401 -0.0545 0.9886
vn 0.1488 -0.1409 0.9788
vn 0.1014 -0.1559 0.9826
vn 0.1719 -0.0390 0.9843
vn 0.1176 -0.1019 0.9878
vn 0.1400 -0.1400 0.9802
vn 0.0858 -0.0937 0.9919
vn -0.0000 0.0941 0.9956
vn 0.0156 0.1173 0.9930
vn 0.0078 0.1327 0.9911
vn -0.0313 0.2036 0.9786
vn 0.1094 0.1329 0.9851
vn 0.1562 0.1484 0.9765
vn 0.1568 0.1254 0.9796
vn 0.1563 0.1484 0.9765
vn 0.1718 0.1328 0.9761
vn 0.1567 0.1254 0.9796
vn 0.1567 0.1254 0.9797
vn 0.1871 0.1247 0.9744
vn 0.1250 0.1250 0.9843
vn 0.1250 0.1250 0.9842
vn 0.0782 0.1563 0.9846
vn -0.9309 -0.3599 0.0626
vn 0.3831 0.7662 0.5160
vn 0.3678 0.6730 0.6417
vn 0.3452 0.7611 0.5492
vn 0.4374 0.8905 0.1250
vn 0.5023 0.8555 0.1256
vn 0.2661 0.9547 0.1331
vn -0.5175 -0.3920 -0.7606
vn -0.5159 -0.3986 -0.7582
vn -0.5595 -0.3388 -0.7564
vn 0.2118 0.9646 0.1569
vn 0.4374 0.8906 0.1250
vn 0.2661 0.9547 0.1330
vn -0.0155 -0.5987 0.8008
vn -0.0548 -0.6575 0.7515
vn 0.0156 -0.6246 0.7808
vn 0.0703 -0.4924 0.8675
vn 0.2033 -0.3049 0.9304
vn 0.0861 -0.2269 0.9701
vn -0.0078 -0.2974 0.9547
vn 0.0078 -0.1096 0.9939
vn -0.0000 0.5849 0.8111
vn 0.0782 0.4458 0.8917
vn 0.0941 0.6427 0.7603
vn 0.2179 -0.5214 0.8250
vn 0.1249 -0.5230 0.8431
vn 0.3113 -0.4981 0.8093
vn 0.3437 -0.3203 0.8828
vn 0.4533 -0.4689 0.7581
vn 0.2662 0.6577 0.7047
vn 0.2194 0.4857 0.8461
vn 0.3986 0.4533 0.7972
vn 0.2194 0.4858 0.8461
vn 0.5303 -0.3977 0.7487
vn 0.4844 -0.2578 0.8360
vn 0.5482 0.5795 0.6030
vn 0.3986 0.4533 0.7973
vn 0.5319 0.3598 0.7666
vn 0.4307 0.6420 0.6343
vn 0.3986 0.4534 0.7972
vn 0.7979 -0.0235 0.6024
vn 0.6412 0.0391 0.7664
vn 0.7170 -0.0701 0.6936
vn 0.7890 0.1250 0.6015
vn 0.6163 0.2184 0.7567
vn 0.6412 0.0391 0.7663
vn 0.7588 0.2660 0.5945
vn 0.6162 0.2184 0.7567
vn 0.7054 0.3841 0.5957
vn 0.6163 0.2184 0.7566
vn 0.6319 0.4992 0.5929
vn 0.0860 0.1486 0.9851
vn 0.2808 0.1248 0.9516
vn 0.0781 0.2030 0.9761
vn 0.0939 0.0548 0.9941
vn 0.0860 0.1486 0.9852
vn 0.1249 -0.0312 0.9917
vn 0.1176 0.2666 0.9566
vn 0.1789 -0.0856 0.9801
vn 0.2808 0.1249 0.9516
vn 0.1798 0.3204 0.9301
vn 0.2429 -0.1097 0.9638
vn 0.1797 0.3205 0.9301
vn 0.2584 0.3289 0.9083
vn 0.3190 -0.1090 0.9415
vn 0.3981 -0.0859 0.9133
vn 0.3190 -0.1089 0.9415
vn 0.3515 0.3124 0.8825
vn 0.4688 -0.0234 0.8830
vn 0.4310 0.2665 0.8621
vn 0.5075 0.0703 0.8588
vn 0.4923 0.1797 0.8517
vn 0.4922 0.1797 0.8517
vn 0.5303 -0.3978 0.7487
vn 0.5869 -0.2817 0.7591
vn 0.4844 -0.2579 0.8360
vn 0.2179 -0.5215 0.8250
vn 0.7979 -0.0235 0.6023
vn 0.7588 0.2660 0.5946
vn 0.4307 0.6421 0.6342
vn 0.6388 -0.2104 0.7401
vn 0.6772 -0.0778 0.7317
vn 0.6015 -0.1250 0.7890
vn 0.8596 -0.0547 0.5080
vn 0.7979 -0.0236 0.6023
vn 0.7170 -0.0701 0.6935
vn -0.2739 0.5244 0.8062
vn -0.2515 0.5186 0.8172
vn -0.1567 0.6112 0.7758
vn -0.3553 0.1422 -0.9239
vn -0.2282 0.2675 -0.9361
vn -0.2281 0.2675 -0.9362
vn -0.0709 -0.0945 -0.9930
vn 0.4548 -0.1882 -0.8705
vn 0.4609 -0.4062 -0.7890
vn 0.0236 -0.2127 -0.9768
vn 0.0315 -0.2126 -0.9766
vn 0.0393 -0.2201 -0.9747
vn 0.0315 -0.2201 -0.9750
vn 0.0469 -0.2034 -0.9780
vn 0.0470 -0.2034 -0.9780
vn 0.0236 -0.2277 -0.9734
vn -0.0157 -0.2202 -0.9753
vn 0.2903 -0.0000 -0.9569
vn 0.4711 0.3140 -0.8243
vn 0.4710 0.3140 -0.8244
vn 0.2902 0.0001 -0.9570
vn 0.6931 0.5512 -0.4646
vn 0.6930 0.5512 -0.4646
vn 0.2902 -0.0000 -0.9570
vn 0.4856 0.1881 -0.8537
vn 0.4856 0.1880 -0.8537
vn 0.3466 -0.1260 -0.9295
vn 0.3386 -0.0866 -0.9369
vn 0.3386 -0.0867 -0.9369
vn 0.1807 -0.3693 -0.9116
vn 0.1331 -0.5168 -0.8457
vn 0.0391 -0.6412 -0.7664
vn 0.0391 -0.6413 -0.7663
vn 0.1331 -0.5169 -0.8457
vn -0.0707 -0.8477 -0.5258
vn -0.0706 -0.8477 -0.5258
vn -0.0630 -0.5261 -0.8481
vn -0.0940 -0.9948 0.0392
vn -0.0629 -0.5261 -0.8481
vn -0.1569 -0.7139 -0.6825
vn -0.1569 -0.7139 -0.6824
vn -0.0628 -0.5261 -0.8481
vn -0.1024 -0.0709 -0.9922
vn -0.1023 -0.0787 -0.9916
vn -0.0945 -0.0788 -0.9924
vn -0.1025 -0.0473 -0.9936
vn -0.1182 -0.0236 -0.9927
vn -0.1259 -0.0158 -0.9919
vn -0.1260 -0.0157 -0.9919
vn -0.1414 0.0157 -0.9898
vn -0.1259 0.0393 -0.9913
vn -0.1731 0.0551 -0.9834
vn -0.1498 0.0788 -0.9856
vn -0.0473 0.0947 -0.9944
vn -0.0552 0.0868 -0.9947
vn -0.0553 0.0868 -0.9947
vn 0.0630 0.1102 -0.9919
vn 0.1181 0.1338 -0.9839
vn 0.1967 0.1574 -0.9678
vn 0.3441 0.2424 -0.9071
vn 0.1335 -0.0550 -0.9895
vn 0.5980 0.5823 -0.5508
vn 0.1335 -0.0549 -0.9895
vn 0.4707 0.1412 -0.8709
vn 0.4708 0.1412 -0.8709
vn -0.0864 -0.6127 -0.7856
vn -0.0314 -0.5417 -0.8400
vn -0.0861 -0.3915 -0.9161
vn -0.0861 -0.3915 -0.9162
vn -0.2670 -0.2906 -0.9188
vn -0.2914 -0.3701 -0.8821
vn -0.3078 -0.2289 -0.9235
vn -0.3237 -0.1105 -0.9397
vn -0.3456 -0.1022 -0.9328
vn -0.3450 -0.1019 -0.9331
vn -0.3237 -0.1106 -0.9397
vn -0.4185 0.0079 -0.9082
vn -0.3238 -0.1105 -0.9397
vn -0.3553 0.1421 -0.9239
vn -0.0474 0.0947 -0.9944
vn -0.1182 -0.0237 -0.9927
vn -0.0945 -0.0787 -0.9924
vn -0.0706 -0.8476 -0.5259
vn 0.1808 -0.3693 -0.9116
vn 0.3452 -0.1254 -0.9301
vn 0.3466 -0.1261 -0.9295
vn 0.2901 -0.0000 -0.9570
vn 0.0314 -0.2202 -0.9750
vn 0.0315 -0.2127 -0.9766
vn 0.0314 -0.2201 -0.9750
vn -0.3238 -0.1106 -0.9396
vn -0.0862 -0.3915 -0.9161
vn -0.2914 -0.3702 -0.8821
vn -0.0078 -0.1250 0.9921
vn 0.0157 -0.0629 0.9979
vn -0.2748 0.1491 0.9499
vn -0.0782 -0.0860 0.9932
vn -0.0627 -0.0783 0.9950
vn -0.0939 -0.5007 0.8605
vn -0.1405 -0.3201 0.9369
vn -0.0000 -0.3349 0.9423
vn -0.8197 0.3231 0.4729
vn -0.2970 0.3987 0.8676
vn -0.3691 0.8011 0.4712
vn 0.0782 -0.1955 0.9776
vn -0.0391 -0.1172 0.9923
vn 0.2190 -0.1017 0.9704
vn -0.0156 -0.4220 0.9065
vn -0.1647 -0.5880 0.7919
vn -0.2347 -0.3677 0.8998
vn -0.5947 -0.6887 0.4148
vn -0.2897 -0.8769 0.3836
vn 0.1017 -0.3910 0.9147
vn 0.1638 -0.8268 0.5382
vn 0.3982 -0.7886 0.4685
vn 0.1327 0.1249 0.9833
vn 0.4361 0.3583 0.8255
vn 0.0944 0.5190 0.8495
vn -0.7723 0.6304 -0.0788
vn -0.8317 0.2197 -0.5100
vn -0.8419 0.3777 -0.3855
vn -0.8317 0.2196 -0.5100
vn -0.7452 0.0157 -0.6667
vn -0.4757 -0.7018 0.5303
vn -0.1093 -0.7029 0.7029
vn -0.3434 -0.3434 0.8741
vn -0.8570 -0.1887 0.4796
vn -0.3434 -0.3434 0.8742
vn -0.0236 -0.0000 0.9997
vn -0.2748 0.1492 0.9499
vn -0.3150 0.3701 0.8740
vn -0.3150 0.3700 0.8740
vn -0.0547 0.4528 0.8900
vn 0.1172 -0.4221 0.8989
vn 0.1792 -0.0546 0.9823
vn 0.2491 -0.4048 0.8798
vn 0.1327 -0.4526 0.8818
vn 0.2108 -0.0546 0.9760
vn 0.2890 -0.4375 0.8515
vn -0.0783 -0.0782 0.9939
vn 0.1793 -0.0546 0.9823
vn 0.1172 -0.4221 0.8990
vn 0.2500 -0.2968 0.9216
vn 0.4072 -0.0940 0.9085
vn 0.1719 -0.0312 0.9846
vn 0.3984 0.0781 0.9139
vn 0.2446 0.2233 0.9436
vn 0.1172 0.3281 0.9374
vn 0.1719 -0.0313 0.9846
vn 0.2418 0.2262 0.9436
vn 0.2110 -0.0234 0.9772
vn 0.4296 0.0937 0.8981
vn 0.2649 0.2649 0.9272
vn 0.1413 0.3690 0.9186
vn 0.2108 -0.0547 0.9760
vn 0.1326 -0.4526 0.8818
vn 0.2808 -0.3198 0.9049
vn 0.2107 -0.0547 0.9760
vn 0.4452 -0.0937 0.8905
vn 0.2109 -0.0391 0.9767
vn 0.1018 -0.0157 0.9947
vn 0.0549 0.0784 0.9954
vn 0.2111 -0.0234 0.9772
vn 0.2890 0.4061 0.8669
vn 0.1172 0.3280 0.9374
vn 0.2428 0.3603 0.9007
vn -0.0548 -0.0939 0.9941
vn -0.3992 -0.9156 0.0471
vn -0.6120 -0.7767 0.1491
vn -0.3994 -0.9004 0.1723
vn 0.0078 -0.3579 0.9337
vn -0.2347 -0.3678 0.8998
vn 0.0781 -0.1955 0.9776
vn -0.8170 -0.2357 0.5263
vn -0.8450 -0.1878 0.5007
vn -0.7939 -0.2751 0.5423
vn -0.2112 0.3208 0.9233
vn -0.0392 0.4469 0.8937
vn -0.3360 0.2266 0.9142
vn 0.2033 -0.3050 0.9304
vn 0.0468 -0.4215 0.9056
vn 0.0860 -0.2269 0.9701
vn 0.0468 -0.4216 0.9056
vn 0.0078 -0.1097 0.9939
vn -0.0703 -0.1640 0.9840
vn -0.0000 -0.0000 1.0000
vn 0.7886 -0.3982 0.4685
vn -0.3215 0.4235 0.8469
vn 0.4782 0.8783 -0.0000
vn 0.4789 0.8779 -0.0000
vn 0.4783 0.8782 0.0001
vn 0.4788 0.8779 0.0001
vn -0.0000 -0.3442 0.9389
vn -0.0000 -0.3443 0.9389
vn -0.0000 -0.3441 0.9389
vn -0.0000 -0.3440 0.9390
vn -0.0000 -0.4127 0.9109
vn -0.0000 -0.4126 0.9109
vn -0.1646 -0.5880 0.7919
vn -0.1093 -0.7028 0.7029
vn 0.1657 0.9629 -0.2131
vn 0.1725 0.9565 -0.2352
vn 0.1886 0.9821 -0.0000
vn 0.2036 0.9791 -0.0000
vn 0.1097 0.9168 -0.3840
vn 0.1021 0.9034 -0.4164
vn 0.1725 0.9565 -0.2353
vn 0.0079 0.7778 -0.6285
vn -0.0236 0.7635 -0.6454
vn 0.0392 0.8398 -0.5415
vn 0.0157 0.8246 -0.5654
vn 0.0157 0.8246 -0.5655
vn 0.0941 0.8857 -0.4546
vn -0.0000 0.8084 -0.5886
vn 0.1410 0.8537 -0.5013
vn 0.2277 0.9737 -0.0000
vn 0.1814 0.9462 -0.2681
vn 0.2758 0.9612 -0.0000
vn 0.2278 0.9268 -0.2985
vn 0.0628 0.8481 -0.5261
vn 0.1262 0.9232 -0.3630
vn 0.1342 0.8525 -0.5052
vn 0.1801 0.9242 -0.3368
vn 0.1724 0.9637 -0.2037
vn 0.2044 0.9590 -0.1965
vn 0.2203 0.9754 -0.0000
vn 0.1263 0.9232 -0.3630
vn 0.3387 0.9217 -0.1891
vn 0.3443 0.9389 -0.0000
vn 0.4703 0.8622 -0.1881
vn 0.3377 0.8873 -0.3141
vn 0.4625 0.8232 -0.3293
vn 0.3140 0.7851 -0.5338
vn 0.4626 0.8232 -0.3293
vn 0.5734 0.7147 -0.4006
vn 0.5973 0.7309 -0.3301
vn 0.5733 0.7147 -0.4006
vn 0.6898 0.6036 -0.3998
vn 0.6296 0.7555 -0.1810
vn 0.6332 0.7740 -0.0001
vn 0.6332 0.7740 -0.0000
vn 0.6992 0.7149 -0.0000
vn 0.4626 0.8231 -0.3293
vn 0.9066 -0.4220 -0.0000
vn 0.8936 -0.4076 -0.1881
vn 0.9720 -0.2351 -0.0000
vn 0.9538 -0.2346 -0.1876
vn 0.8621 -0.4310 -0.2665
vn 0.9538 -0.2346 -0.1877
vn 0.9539 -0.2345 -0.1876
vn 0.9999 -0.0157 -0.0000
vn 0.9456 -0.1329 -0.2970
vn 0.7886 -0.5856 -0.1874
vn 0.8111 -0.5849 -0.0000
vn 0.6953 -0.7187 -0.0000
vn 0.8621 -0.4311 -0.2665
vn 0.8079 -0.5255 -0.2667
vn 0.7887 -0.5855 -0.1874
vn 0.4156 -0.9095 -0.0000
vn 0.4141 -0.8907 -0.1875
vn 0.5708 -0.8211 -0.0000
vn 0.5628 -0.8050 -0.1876
vn 0.3925 -0.8556 -0.3375
vn 0.5400 -0.7748 -0.3287
vn 0.3684 -0.8152 -0.4468
vn 0.3596 -0.7974 -0.4847
vn 0.5237 -0.7112 -0.4689
vn 0.5237 -0.7112 -0.4690
vn 0.6111 -0.6425 -0.4623
vn 0.6168 -0.6325 -0.4685
vn 0.3685 -0.8152 -0.4468
vn 0.3684 -0.8153 -0.4468
vn 0.2274 -0.8391 -0.4941
vn 0.2354 -0.8629 -0.4472
vn 0.2353 -0.8629 -0.4472
vn 0.2431 -0.9095 -0.3372
vn 0.1094 -0.8678 -0.4847
vn 0.1169 -0.8883 -0.4442
vn 0.1169 -0.8883 -0.4441
vn 0.1249 -0.9365 -0.3278
vn 0.4155 -0.9096 -0.0000
vn 0.2569 -0.9497 -0.1790
vn 0.2572 -0.9664 -0.0000
vn 0.2569 -0.9497 -0.1791
vn 0.1326 -0.9748 -0.1794
vn 0.1327 -0.9912 -0.0000
vn 0.0236 -0.9997 -0.0000
vn 0.0234 -0.9848 -0.1720
vn 0.0472 -0.9989 -0.0000
vn 0.0469 -0.9840 -0.1718
vn 0.0234 -0.9445 -0.3278
vn 0.0546 -0.9433 -0.3274
vn 0.0392 -0.8937 -0.4469
vn 0.0235 -0.8694 -0.4935
vn 0.0234 -0.9444 -0.3278
vn 0.1249 -0.9364 -0.3278
vn 0.1577 0.7177 -0.6783
vn 0.1886 0.7544 -0.6287
vn 0.2357 0.8170 -0.5263
vn 0.2513 0.7225 -0.6440
vn 0.2830 0.7310 -0.6210
vn 0.2830 0.7310 -0.6209
vn 0.3371 0.7761 -0.5330
vn 0.4628 0.8865 -0.0000
vn 0.4176 0.8431 -0.3388
vn 0.4628 0.8865 -0.0001
vn 0.3537 0.9354 -0.0000
vn 0.3149 0.8897 -0.3307
vn 0.3149 0.8896 -0.3307
vn 0.3371 0.7760 -0.5331
vn 0.2356 0.8170 -0.5263
vn 0.2757 0.9612 -0.0000
vn 0.2278 0.9268 -0.2986
vn -0.8917 -0.4458 0.0782
vn -0.8820 -0.4646 0.0788
vn -0.8869 -0.4552 0.0785
vn -0.8820 -0.4646 0.0787
vn -0.9182 -0.3924 0.0549
vn -0.9136 -0.4017 0.0630
vn -0.9290 -0.3700 -0.0000
vn -0.9298 -0.3672 0.0234
vn -0.9325 -0.3605 0.0235
vn -0.9394 -0.1658 -0.3000
vn -0.9522 -0.1731 -0.2518
vn -0.9483 -0.1724 -0.2665
vn -0.9694 -0.1813 -0.1655
vn -0.9654 -0.1805 -0.1884
vn 0.2513 0.7226 -0.6440
vn 0.3370 0.7761 -0.5330
vn -0.9129 -0.1731 -0.3698
vn -0.9045 -0.1651 -0.3933
vn -0.9286 -0.3698 0.0315
vn -0.9471 -0.3209 -0.0000
vn -0.9045 -0.1652 -0.3932
vn -0.9167 -0.3996 -0.0000
vn -0.9147 -0.4022 0.0394
vn -0.8913 -0.4535 -0.0000
vn -0.8937 -0.4469 0.0392
vn 0.0315 0.7881 -0.6147
vn 0.0942 0.7850 -0.6123
vn 0.8871 0.3062 -0.3454
vn 0.7993 0.4623 -0.3840
vn 0.8479 0.4710 -0.2434
vn 0.9098 0.1569 -0.3843
vn 0.8115 -0.5244 0.2579
vn 0.8272 -0.5619 0.0001
vn 0.8106 -0.5222 0.2650
vn 0.8272 -0.5619 -0.0000
vn 0.8122 -0.5233 0.2577
vn 0.7565 -0.4133 0.5068
vn 0.7589 -0.4068 0.5085
vn 0.4465 0.2115 0.8694
vn 0.5618 -0.0156 0.8271
vn 0.3353 0.4522 0.8265
vn 0.6759 -0.2331 0.6992
vn 0.6746 -0.2345 0.7000
vn 0.7564 -0.4133 0.5069
vn 0.0945 0.9610 0.2599
vn 0.1490 0.8472 0.5099
vn 0.0943 0.9590 0.2673
vn 0.0707 0.9975 -0.0000
vn 0.2269 0.6728 0.7042
vn 0.2269 0.6729 0.7041
vn 0.0786 -0.1101 -0.9908
vn -0.0392 -0.5651 -0.8241
vn -0.0000 -0.3374 -0.9414
vn -0.0235 -0.7450 -0.6667
vn -0.0157 -0.7451 -0.6667
vn -0.0235 -0.7451 -0.6666
vn -0.0157 -0.7452 -0.6667
vn 0.0469 -0.8903 -0.4530
vn 0.0469 -0.8903 -0.4529
vn 0.6833 0.4713 -0.5576
vn 0.5318 0.4066 -0.7429
vn 0.5317 0.4066 -0.7429
vn 0.2043 0.0943 -0.9744
vn 0.3624 0.2758 -0.8903
vn 0.2043 0.0943 -0.9743
vn 0.5317 0.4066 -0.7430
vn 0.3624 0.2757 -0.8903
vn 0.9176 0.3843 -0.1019
vn 0.9518 0.3043 0.0390
vn 0.9168 0.3840 -0.1097
vn 0.9620 0.2503 0.1095
vn 0.9176 0.3843 -0.1020
vn 0.8163 0.4631 -0.3453
vn 0.8162 0.4631 -0.3454
vn 0.6833 0.4713 -0.5577
vn 0.2659 -0.9620 0.0626
vn 0.1328 -0.9684 -0.2109
vn 0.9551 0.0626 0.2897
vn 0.4589 -0.8633 0.2100
vn 0.2271 -0.9707 -0.0783
vn 0.8347 -0.3354 0.4368
vn 0.8325 -0.3423 0.4357
vn 0.9096 -0.1244 0.3965
vn 0.9124 -0.1248 0.3899
vn 0.6875 -0.6171 0.3828
vn 0.6841 -0.6219 0.3810
vn 0.5677 -0.7622 0.3111
vn 0.6841 -0.6220 0.3809
vn 0.9608 0.1015 0.2579
vn 0.8124 0.5547 -0.1797
vn 0.9948 0.1018 -0.0000
vn 0.9999 -0.0158 -0.0000
vn 0.6868 -0.7023 -0.1873
vn 0.7886 -0.5856 -0.1875
vn 0.0157 -0.3536 -0.9353
vn 0.1019 -0.1176 -0.9878
vn 0.0157 -0.3537 -0.9352
vn 0.2283 0.1023 -0.9682
vn 0.3702 0.2914 -0.8821
vn 0.3701 0.2914 -0.8821
vn 0.5288 0.4262 -0.7340
vn 0.6772 0.4961 -0.5433
vn 0.6773 0.4961 -0.5433
vn 0.8078 0.4941 -0.3215
vn 0.8078 0.4941 -0.3216
vn 0.9012 0.4231 -0.0940
vn 0.9012 0.4232 -0.0940
vn 0.9534 0.2813 0.1094
vn 0.9011 0.4232 -0.0940
vn 0.9549 0.0939 0.2818
vn 0.8224 -0.3525 0.4465
vn 0.7008 -0.5762 0.4205
vn 0.7008 -0.5763 0.4205
vn 0.5528 -0.7631 0.3348
vn 0.3976 -0.8966 0.1949
vn 0.2499 -0.9683 -0.0000
vn 0.1172 -0.9687 -0.2188
vn 0.1172 -0.9687 -0.2187
vn 0.0235 -0.8988 -0.4377
vn 0.0234 -0.8988 -0.4377
vn -0.0235 -0.7596 -0.6500
vn -0.0315 -0.5742 -0.8181
vn 0.0157 -0.3538 -0.9352
vn 0.8172 -0.0234 0.5759
vn 0.7185 -0.2890 0.6326
vn 0.5765 -0.5375 0.6154
vn 0.4052 -0.7558 0.5143
vn 0.4052 -0.7559 0.5143
vn 0.2344 -0.9063 0.3516
vn 0.0623 -0.9892 0.1324
vn -0.0780 -0.9901 -0.1169
vn -0.0780 -0.9901 -0.1170
vn -0.1883 -0.9102 -0.3688
vn -0.2505 -0.7514 -0.6104
vn -0.2505 -0.7514 -0.6105
vn -0.2588 -0.5412 -0.8001
vn -0.2588 -0.5413 -0.8000
vn -0.2042 -0.2907 -0.9348
vn -0.1026 -0.0237 -0.9944
vn -0.2042 -0.2905 -0.9348
vn 0.0314 0.2276 -0.9732
vn 0.0314 0.2276 -0.9733
vn 0.2047 0.4409 -0.8739
vn 0.0314 0.2277 -0.9732
vn 0.3773 0.5975 -0.7076
vn 0.3774 0.5975 -0.7075
vn 0.5510 0.6769 -0.4880
vn 0.6989 0.6753 -0.2356
vn 0.8045 0.5937 0.0156
vn 0.8046 0.5937 0.0156
vn 0.8626 0.4392 0.2509
vn 0.8627 0.4391 0.2510
vn 0.8680 0.2190 0.4457
vn 0.8626 0.4392 0.2510
vn 0.8680 0.2189 0.4457
vn 0.8172 -0.0233 0.5759
vn 0.3361 -0.2814 -0.8988
vn 0.1957 -0.3288 -0.9239
vn 0.3530 -0.2746 -0.8944
vn 0.1958 -0.3288 -0.9239
vn 0.1177 -0.3375 -0.9339
vn 0.0393 -0.3301 -0.9431
vn -0.0315 -0.3232 -0.9458
vn -0.0316 -0.3232 -0.9458
vn -0.0551 -0.2992 -0.9526
vn -0.0315 -0.3231 -0.9458
vn -0.5264 -0.4478 -0.7227
vn -0.9015 -0.4311 0.0392
vn -0.7332 -0.4808 -0.4809
vn -0.8253 -0.5581 -0.0865
vn 0.4409 -0.2362 -0.8659
vn 0.4410 -0.2361 -0.8659
vn 0.3531 -0.2746 -0.8944
vn -0.2371 0.1186 -0.9642
vn -0.2429 0.1097 -0.9638
vn -0.6868 -0.1105 -0.7184
vn -0.6684 -0.1730 -0.7234
vn 0.0943 0.3616 -0.9276
vn 0.0158 0.3468 -0.9378
vn 0.0079 0.3468 -0.9379
vn 0.3149 0.3307 -0.8896
vn 0.3149 0.3307 -0.8897
vn 0.2441 0.3465 -0.9057
vn 0.2516 0.3459 -0.9039
vn 0.3616 0.3066 -0.8805
vn 0.4005 0.2827 -0.8716
vn 0.4014 0.2754 -0.8735
vn 0.4235 0.2510 -0.8704
vn 0.4013 0.2755 -0.8735
vn 0.4307 0.2428 -0.8692
vn 0.4235 0.2509 -0.8705
vn 0.4627 0.2039 -0.8627
vn 0.4703 0.1881 -0.8622
vn 0.5082 0.1251 -0.8521
vn 0.5187 0.1022 -0.8488
vn 0.5409 0.0627 -0.8388
vn 0.5409 0.0627 -0.8387
vn -0.8946 -0.2276 -0.3845
vn -0.6685 -0.1730 -0.7234
vn -0.0472 0.7556 -0.6533
vn 0.0940 0.8857 -0.4546
vn 0.1813 0.9462 -0.2681
vn -0.2119 0.1962 -0.9574
vn -0.1413 0.2512 -0.9576
vn -0.1256 0.2590 -0.9577
vn 0.2604 0.9468 -0.1893
vn 0.3442 0.9389 -0.0000
vn 0.2664 0.9639 -0.0000
vn 0.3376 0.8873 -0.3141
vn 0.2432 0.9178 -0.3138
vn 0.3388 0.9217 -0.1890
vn 0.3140 0.7851 -0.5339
vn 0.2055 0.8378 -0.5058
vn 0.1803 0.7446 -0.6427
vn 0.1805 0.3531 -0.9180
vn 0.2442 0.3465 -0.9057
vn 0.1729 0.3536 -0.9193
vn 0.2203 0.9754 -0.0001
vn 0.2604 0.9468 -0.1894
vn 0.2603 0.9468 -0.1894
vn 0.1802 0.9242 -0.3368
vn 0.1886 0.9821 -0.0001
vn 0.1724 0.9637 -0.2038
vn 0.0393 0.8398 -0.5414
vn -0.0393 0.3065 -0.9511
vn -0.0473 0.2993 -0.9530
vn -0.1256 0.2591 -0.9577
vn -0.0551 -0.2991 -0.9526
vn -0.5264 -0.4478 -0.7228
vn -0.7332 -0.4809 -0.4808
vn 0.4000 -0.6824 -0.6118
vn 0.1335 -0.7463 -0.6520
vn 0.1335 -0.7464 -0.6520
vn -0.0473 0.7258 -0.6863
vn 0.8475 0.2119 -0.4866
vn 0.8476 0.2119 -0.4866
vn 0.7144 0.5103 -0.4789
vn 0.7143 0.5103 -0.4788
vn 0.7144 0.5102 -0.4789
vn 0.4943 0.6983 -0.5178
vn 0.0236 0.7883 -0.6149
vn 0.0237 0.7883 -0.6149
vn 0.2272 0.7993 -0.5563
vn 0.2272 0.7993 -0.5564
vn 0.2273 0.7992 -0.5564
vn -0.1021 0.6835 -0.7228
vn -0.0313 -0.7595 -0.6498
vn -0.0313 -0.7594 -0.6498
vn -0.0473 0.3628 -0.9307
vn -0.0392 0.2589 -0.9651
vn -0.3455 -0.6596 -0.6675
vn -0.3293 -0.7449 -0.5803
vn 0.0079 0.2830 -0.9591
vn -0.2515 -0.3850 -0.8880
vn -0.1104 -0.0158 -0.9938
vn -0.1103 -0.0158 -0.9938
vn -0.1333 0.0784 -0.9880
vn 0.6109 0.7049 -0.3603
vn 0.6110 0.7049 -0.3603
vn -0.3133 -0.3994 -0.8616
vn -0.3133 -0.3995 -0.8616
vn -0.3133 -0.3995 -0.8615
vn -0.0000 -0.1733 -0.9849
vn -0.0001 -0.1733 -0.9849
vn 0.1254 -0.2351 -0.9639
vn 0.0784 -0.2510 -0.9648
vn -0.0393 -0.3066 -0.9510
vn -0.0396 -0.3063 -0.9511
vn -0.0393 -0.3064 -0.9511
vn 0.0628 -0.2513 -0.9659
vn 0.1176 -0.1020 -0.9878
vn -0.8709 -0.4315 -0.2353
vn -0.8709 -0.4315 -0.2354
vn 0.0393 -0.7946 -0.6058
vn 0.0395 -0.7947 -0.6057
vn 0.0394 -0.7946 -0.6058
vn 0.9189 -0.2278 -0.3220
vn -0.8387 -0.4703 -0.2744
vn -0.8388 -0.4703 -0.2743
vn -0.8388 -0.4703 -0.2744
vn -0.0865 0.6763 -0.7315
vn -0.0865 0.6764 -0.7315
vn -0.0865 0.6764 -0.7314
vn -0.8261 0.4564 -0.3305
vn 0.6896 0.4232 -0.5877
vn 0.6896 0.4231 -0.5877
vn -0.0790 0.7792 -0.6218
vn -0.0788 0.7792 -0.6218
vn -0.0789 0.7792 -0.6218
vn -0.0787 0.7792 -0.6218
vn -0.8064 0.5139 -0.2925
vn 0.7775 0.4163 -0.4713
vn 0.7776 0.4163 -0.4713
vn 0.7776 0.4163 -0.4712
vn -0.0157 0.8018 -0.5974
vn -0.7792 0.5509 -0.2990
vn -0.7791 0.5509 -0.2991
vn 0.8800 0.2986 -0.3693
vn 0.1498 0.8202 -0.5521
vn 0.1499 0.8202 -0.5521
vn -0.7417 0.5918 -0.3156
vn 0.9503 0.2278 -0.2121
vn 0.9503 0.2278 -0.2120
vn 0.3606 0.7761 -0.5174
vn -0.5603 0.7103 -0.4262
vn -0.5603 0.7102 -0.4262
vn -0.5603 0.7103 -0.4261
vn 0.9776 -0.1095 -0.1799
vn 0.6425 0.6112 -0.4623
vn 0.6425 0.6111 -0.4623
vn -0.2518 0.8656 -0.4328
vn 0.8027 -0.5689 -0.1791
vn 0.8026 -0.5689 -0.1793
vn 0.8027 -0.5689 -0.1792
vn 0.7862 0.3695 -0.4953
vn 0.0157 0.9657 -0.2591
vn 0.5152 -0.8041 -0.2966
vn 0.5152 -0.8041 -0.2967
vn 0.8391 0.0549 -0.5411
vn 0.8392 0.0549 -0.5411
vn 0.6231 -0.5608 -0.5452
vn 0.9382 0.3284 0.1095
vn 0.9382 0.3284 0.1094
vn -0.7816 -0.4924 -0.3829
vn -0.7816 -0.4924 -0.3830
vn 0.2804 -0.7790 -0.5609
vn 0.2804 -0.7790 -0.5608
vn 0.9932 -0.0391 -0.1095
vn 0.9932 -0.0390 -0.1095
vn 0.1021 -0.1572 -0.9823
vn 0.1099 -0.2668 -0.9575
vn 0.1488 -0.1410 -0.9788
vn 0.0157 -0.3209 -0.9470
vn -0.1656 -0.0317 -0.9857
vn -0.1963 -0.4004 -0.8951
vn -0.2447 0.1658 -0.9553
vn -0.3453 -0.5023 -0.7927
vn -0.2352 0.0157 -0.9718
vn -0.3454 -0.5023 -0.7927
vn -0.0236 0.3067 -0.9515
vn -0.0000 0.2277 -0.9737
vn 0.0549 -0.0550 -0.9970
vn -0.0629 -0.1257 -0.9901
vn 0.0236 -0.0315 -0.9992
vn -0.0158 0.0393 -0.9991
vn -0.1733 0.0158 -0.9847
vn -0.0001 0.0785 -0.9969
vn -0.0394 0.2442 -0.9689
vn -0.0314 0.2590 -0.9654
vn 0.0866 -0.0945 -0.9918
vn 0.3846 0.7693 -0.5102
vn 0.4092 0.7711 -0.4878
vn 0.3717 0.6643 -0.6485
vn 0.1259 0.1809 -0.9754
vn -0.0314 -0.0550 -0.9980
vn -0.0393 -0.0550 -0.9977
vn 0.3696 0.6764 -0.6371
vn 0.2600 0.4097 -0.8744
vn 0.2674 0.4246 -0.8650
vn 0.2600 0.4096 -0.8744
vn 0.1258 0.1809 -0.9754
vn -0.2053 -0.3237 -0.9236
vn -0.2052 -0.3237 -0.9236
vn -0.7812 0.5839 -0.2209
vn -0.7878 0.5751 -0.2206
vn -0.8388 -0.2116 -0.5017
vn -0.8498 0.0079 -0.5271
vn -0.8552 -0.0235 -0.5178
vn -0.8084 -0.0000 -0.5886
vn -0.7562 0.0236 -0.6539
vn -0.8185 0.0079 -0.5745
vn -0.9128 -0.1731 -0.3699
vn -0.8253 -0.5581 -0.0864
vn -0.6040 -0.6982 -0.3844
vn -0.6196 -0.7293 -0.2902
vn -0.6055 -0.6920 -0.3932
vn -0.6040 -0.6981 -0.3844
vn -0.5876 -0.5876 -0.5563
vn -0.5868 -0.6103 -0.5321
vn -0.6075 -0.4497 -0.6548
vn -0.6465 -0.2996 -0.7017
vn -0.6040 -0.4706 -0.6432
vn -0.6371 -0.3226 -0.7000
vn -0.5869 -0.6103 -0.5321
vn -0.6848 -0.1338 -0.7163
vn -0.6371 -0.3225 -0.7001
vn -0.6774 -0.1654 -0.7168
vn -0.7149 -0.0079 -0.6992
vn -0.9045 -0.1652 -0.3933
vn -0.9128 -0.1731 -0.3698
vn -0.1815 0.3788 -0.9075
vn 0.1732 -0.0393 -0.9841
vn 0.1337 -0.0000 -0.9910
vn 0.0550 -0.0549 -0.9970
vn 0.1026 0.0316 -0.9942
vn 0.0946 0.0709 -0.9930
vn -0.0157 0.0393 -0.9991
vn 0.1021 0.1021 -0.9895
vn -0.0000 0.0785 -0.9969
vn -0.8497 0.0079 -0.5272
vn 0.0784 0.1333 -0.9880
vn 0.0158 0.1182 -0.9929
vn 0.1260 -0.0158 -0.9919
vn 0.0787 0.1575 -0.9844
vn 0.0314 0.1490 -0.9883
vn 0.0470 0.0784 -0.9958
vn 0.1578 0.0473 -0.9863
vn 0.1259 -0.0157 -0.9919
vn 0.3232 -0.0315 -0.9458
vn 0.3604 -0.0313 -0.9323
vn 0.3629 -0.0395 -0.9310
vn 0.3604 -0.0314 -0.9323
vn 0.3629 -0.0394 -0.9310
vn 0.3058 0.0784 -0.9489
vn 0.2664 0.2116 -0.9403
vn 0.2587 0.2195 -0.9407
vn 0.2352 0.3214 -0.9173
vn 0.2363 0.3308 -0.9136
vn 0.0158 0.2052 -0.9786
vn -0.0236 0.0550 -0.9982
vn 0.0550 0.0314 -0.9980
vn 0.1414 0.0079 -0.9899
vn 0.1885 -0.0000 -0.9821
vn 0.1886 -0.0000 -0.9821
vn 0.1733 0.0236 -0.9846
vn 0.1489 0.0548 -0.9873
vn 0.1026 0.0315 -0.9942
vn 0.1409 0.0861 -0.9863
vn 0.1339 0.1103 -0.9848
vn 0.1575 0.1496 -0.9761
vn 0.1260 0.1259 -0.9840
vn 0.0551 0.1103 -0.9924
vn 0.0942 0.3453 -0.9338
vn -0.4402 0.6839 -0.5818
vn -0.4403 0.6839 -0.5818
vn -0.4402 0.6840 -0.5817
vn -0.8240 -0.4866 0.2903
vn -0.8157 -0.4392 0.3765
vn -0.8240 -0.4865 0.2904
vn -0.8085 -0.4239 0.4082
vn -0.6579 -0.3368 0.6736
vn -0.6356 -0.3453 0.6905
vn -0.7556 -0.3542 0.5510
vn -0.7423 -0.3516 0.5704
vn -0.5549 -0.3595 0.7502
vn -0.5407 -0.3605 0.7601
vn -0.5549 -0.3595 0.7503
vn -0.4924 -0.3986 0.7737
vn -0.4938 -0.4076 0.7682
vn -0.1877 -0.2894 -0.9386
vn -0.1490 -0.2509 -0.9565
vn -0.1335 -0.5260 -0.8400
vn -0.0785 -0.4395 -0.8948
vn -0.1885 0.1257 -0.9740
vn -0.1731 -0.0551 -0.9834
vn -0.2198 0.0628 -0.9735
vn -0.1880 -0.0783 -0.9790
vn -0.3477 0.1975 -0.9166
vn -0.2120 0.2591 -0.9423
vn 0.2906 -0.5576 -0.7776
vn 0.4471 -0.5177 -0.7295
vn 0.1725 -0.5960 -0.7842
vn 0.0472 -0.4246 -0.9041
vn -0.1411 0.1411 -0.9799
vn 0.0626 -0.6187 -0.7831
vn 0.0627 -0.6187 -0.7831
vn 0.1257 -0.5266 -0.8408
vn 0.5730 -0.4867 -0.6594
vn 0.7980 -0.0235 -0.6023
vn 0.8670 0.1172 -0.4843
vn -0.0315 0.0157 -0.9994
vn -0.0470 0.1489 -0.9877
vn -0.0708 -0.1652 -0.9837
vn -0.1337 0.2754 -0.9520
vn -0.0791 0.4427 -0.8932
vn -0.0393 0.2516 -0.9670
vn -0.0000 0.3537 -0.9354
vn -0.0790 0.4427 -0.8932
vn 0.6015 -0.1250 -0.7890
vn 0.6425 -0.2116 -0.7365
vn 0.2048 -0.3072 -0.9294
vn 0.0078 -0.1095 -0.9940
vn 0.5109 0.0708 -0.8567
vn 0.4955 0.1809 -0.8495
vn 0.4311 0.2665 -0.8621
vn -0.1338 0.2754 -0.9520
vn -0.9126 -0.0787 -0.4012
vn -0.8791 -0.1413 -0.4552
vn -0.8990 -0.1025 -0.4258
vn -0.0552 0.6228 -0.7804
vn -0.1573 0.5035 -0.8496
vn -0.1020 0.6118 -0.7844
vn -0.2052 0.5208 -0.8286
vn 0.0627 0.6978 -0.7135
vn -0.0552 0.6228 -0.7805
vn -0.0000 0.5887 -0.8084
vn 0.4421 0.7185 -0.5369
vn 0.2596 0.7393 -0.6213
vn 0.0940 0.6427 -0.7603
vn 0.6766 0.5586 -0.4799
vn 0.6348 0.5016 -0.5877
vn 0.5655 0.6598 -0.4948
vn 0.4422 0.7185 -0.5369
vn 0.8240 0.2904 -0.4865
vn 0.8240 0.2903 -0.4865
vn 0.7632 0.4327 -0.4799
vn -0.3755 -0.8605 0.3442
vn -0.1876 -0.9770 0.1016
vn -0.2181 -0.9658 0.1402
vn 0.0157 -0.9875 -0.1567
vn 0.0079 -0.9888 -0.1491
vn 0.0157 -0.9875 -0.1568
vn 0.1016 -0.9770 -0.1876
vn 0.0078 -0.9888 -0.1491
vn 0.0937 -0.9763 -0.1953
vn 0.2341 -0.9596 -0.1560
vn 0.2337 -0.9584 -0.1636
vn 0.3829 -0.9142 -0.1328
vn 0.2338 -0.9584 -0.1636
vn 0.3895 -0.9114 -0.1324
vn 0.5605 -0.8175 -0.1324
vn 0.3895 -0.9115 -0.1324
vn 0.5871 -0.7985 -0.1331
vn 0.6882 -0.7117 -0.1408
vn 0.9681 0.0156 -0.2499
vn 0.9694 0.1251 -0.2111
vn 0.9704 0.1018 -0.2191
vn 0.9349 0.3221 -0.1493
vn 0.9704 0.1017 -0.2191
vn 0.9415 0.2981 -0.1569
vn 0.8544 0.5095 -0.1019
vn 0.8658 0.4880 -0.1102
vn 0.7356 0.6729 -0.0783
vn 0.8658 0.4881 -0.1102
vn 0.7498 0.6561 -0.0859
vn 0.7356 0.6729 -0.0782
vn 0.5956 0.7994 -0.0784
vn 0.6044 0.7928 -0.0785
vn 0.4326 0.8966 -0.0944
vn 0.4389 0.8936 -0.0941
vn 0.2277 0.9656 -0.1256
vn 0.4390 0.8936 -0.0941
vn 0.2443 0.9615 -0.1261
vn 0.0708 0.9837 -0.1653
vn 0.0629 0.9829 -0.1730
vn 0.0078 0.9719 -0.2351
vn -0.0000 0.9678 -0.2518
vn -0.0079 0.9290 -0.3700
vn -0.0079 0.9379 -0.3468
vn -0.0237 0.8845 -0.4659
vn -0.0237 0.8761 -0.4815
vn -0.0790 0.4426 -0.8932
vn -0.0315 0.8493 -0.5269
vn -0.1577 0.6149 -0.7727
vn -0.2514 0.5186 -0.8172
vn -0.2052 0.5209 -0.8286
vn -0.9428 0.1885 -0.2750
vn -0.9428 0.1886 -0.2750
vn 0.1952 0.1562 0.9682
vn -0.2830 0.9591 -0.0000
vn -0.9888 0.1491 -0.0000
vn -0.3398 0.9405 -0.0000
vn -0.9876 0.1568 0.0002
vn 0.6116 -0.1882 -0.7684
vn 0.5823 0.0629 -0.8105
vn 0.5823 0.0630 -0.8105
vn 0.5571 0.3139 -0.7689
vn 0.5571 0.3138 -0.7689
vn 0.5353 0.5353 -0.6534
vn 0.5122 0.7170 -0.4728
vn 0.4945 0.8321 -0.2512
vn 0.4936 0.8697 -0.0000
vn 0.6711 -0.7414 -0.0000
vn 0.6648 -0.7039 -0.2503
vn 0.6583 -0.5878 -0.4702
vn 0.6583 -0.5878 -0.4703
vn 0.6373 -0.4092 -0.6530
vn 0.6373 -0.4091 -0.6530
vn 0.6373 -0.4091 -0.6531
vn 0.9939 0.1099 -0.0000
vn 0.9940 0.1097 -0.0000
vn 0.9939 0.1098 -0.0000
vn 0.9940 0.1094 -0.0000
vn 0.3530 0.3216 0.8786
vn 0.3832 0.0391 0.9228
vn 0.4149 -0.2427 0.8769
vn 0.4150 -0.2426 0.8769
vn 0.4150 -0.2427 0.8769
vn 0.4429 -0.4973 0.7460
vn 0.4657 -0.6985 0.5433
vn 0.4834 -0.8265 0.2885
vn 0.4843 -0.8749 -0.0000
vn 0.2830 0.9591 -0.0000
vn 0.2908 0.9116 0.2906
vn 0.2908 0.9116 0.2907
vn 0.2908 0.9115 0.2908
vn 0.3043 0.7804 0.5462
vn 0.3204 0.5784 0.7502
vn 0.3204 0.5783 0.7503
vn 0.6079 -0.1871 0.7716
vn 0.6080 -0.1870 0.7716
vn 0.5786 0.0625 0.8132
vn 0.5786 0.0626 0.8132
vn 0.5537 0.3119 0.7721
vn 0.5537 0.3120 0.7721
vn 0.5326 0.5325 0.6579
vn 0.5326 0.5326 0.6578
vn 0.5103 0.7143 0.4790
vn 0.5103 0.7143 0.4789
vn 0.5103 0.7144 0.4789
vn 0.4945 0.8321 0.2512
vn 0.4936 0.8697 0.0001
vn 0.6711 -0.7413 -0.0000
vn 0.6648 -0.7039 0.2503
vn 0.6648 -0.7039 0.2502
vn 0.6559 -0.5856 0.4763
vn 0.6340 -0.4070 0.6575
vn 0.3530 0.3216 -0.8786
vn 0.3860 0.0394 -0.9217
vn 0.4149 -0.2427 -0.8769
vn 0.4150 -0.2426 -0.8769
vn 0.4150 -0.2427 -0.8769
vn 0.4455 -0.5002 -0.7425
vn 0.4677 -0.7015 -0.5378
vn 0.4677 -0.7014 -0.5378
vn 0.4677 -0.7015 -0.5377
vn 0.4845 -0.8283 -0.2813
vn 0.4845 -0.8283 -0.2814
vn 0.2914 0.9136 -0.2835
vn 0.2914 0.9136 -0.2836
vn 0.3056 0.7837 -0.5407
vn 0.3056 0.7837 -0.5408
vn 0.3223 0.5817 -0.7468
vn 0.0393 -0.3064 -0.9511
vn 0.0393 -0.3065 -0.9511
vn 0.0705 -0.5871 -0.8064
vn 0.0705 -0.5872 -0.8064
vn 0.0938 -0.8048 -0.5861
vn 0.0938 -0.8049 -0.5860
vn 0.1095 -0.9461 -0.3049
vn 0.1096 -0.9940 -0.0000
vn 0.1095 -0.9461 -0.3048
vn 0.1092 -0.9438 0.3120
vn 0.1096 -0.9940 0.0001
vn 0.1092 -0.9438 0.3119
vn 0.0938 -0.8049 0.5860
vn 0.0938 -0.8048 0.5861
vn 0.0700 -0.5835 0.8091
vn 0.0390 -0.3043 0.9518
vn 0.0390 -0.3042 0.9518
vn -0.0312 0.3044 0.9520
vn -0.0312 0.3045 0.9520
vn -0.0626 0.5786 0.8132
vn -0.0312 0.3043 0.9521
vn -0.0866 0.8026 0.5902
vn -0.1022 0.9437 0.3146
vn -0.1104 0.9939 -0.0000
vn -0.1104 0.9939 0.0001
vn -0.1025 0.9460 -0.3074
vn -0.1025 0.9460 -0.3075
vn -0.1025 0.9460 -0.3076
vn -0.0865 0.8026 -0.5902
vn -0.0866 0.8026 -0.5902
vn -0.0630 0.5823 -0.8105
vn -0.0629 0.5823 -0.8105
vn -0.0630 0.5823 -0.8106
vn -0.0315 0.3066 -0.9513
vn -0.0314 0.3066 -0.9513
vn -0.0315 0.3065 -0.9513
vn -0.0000 -0.3138 -0.9495
vn -0.1732 -0.0000 -0.9849
vn -0.1730 -0.3067 -0.9360
vn -0.0000 -0.3139 -0.9495
vn -0.0000 -0.5886 -0.8084
vn -0.1730 -0.3067 -0.9359
vn -0.1731 -0.5821 -0.7945
vn -0.0001 -0.5886 -0.8084
vn -0.0000 -0.8111 -0.5849
vn -0.1728 -0.8010 -0.5732
vn -0.0000 -0.9525 -0.3046
vn -0.1722 -0.9391 -0.2974
vn -0.0000 -0.9525 -0.3045
vn -0.0000 -1.0000 -0.0000
vn -0.1720 -0.9851 -0.0000
vn -0.0000 1.0000 -0.0001
vn -0.0000 0.9518 -0.3068
vn -0.1733 0.9849 -0.0000
vn -0.1735 0.9382 -0.2996
vn -0.0001 0.9518 -0.3068
vn -0.1734 0.9382 -0.2996
vn -0.1739 0.7981 -0.5769
vn -0.1738 0.7981 -0.5769
vn -0.1738 0.5770 -0.7981
vn -0.0000 0.3068 -0.9518
vn -0.1738 0.5769 -0.7981
vn -0.1734 0.2996 -0.9382
vn -0.0000 0.0001 -1.0000
vn -0.1733 -0.0000 -0.9849
vn -0.5272 -0.0000 -0.8497
vn -0.5255 -0.2667 -0.8079
vn -0.9082 -0.0000 -0.4186
vn -0.9059 -0.1339 -0.4018
vn -0.5256 -0.2667 -0.8079
vn -0.5272 -0.5035 -0.6845
vn -0.9059 -0.1339 -0.4017
vn -0.9064 -0.2522 -0.3389
vn -0.5272 -0.5036 -0.6845
vn -0.5264 -0.6913 -0.4949
vn -0.9064 -0.2523 -0.3389
vn -0.9057 -0.3465 -0.2441
vn -0.5264 -0.6913 -0.4950
vn -0.5266 -0.8096 -0.2594
vn -0.9068 -0.4022 -0.1262
vn -0.5237 -0.8519 -0.0000
vn -0.9052 -0.4250 -0.0000
vn -0.5272 0.8497 -0.0000
vn -0.5266 0.8096 -0.2594
vn -0.9082 0.4185 -0.0000
vn -0.9068 0.4023 -0.1261
vn -0.5266 0.8095 -0.2594
vn -0.5292 0.6872 -0.4977
vn -0.9068 0.4022 -0.1262
vn -0.9082 0.3396 -0.2448
vn -0.5293 0.6872 -0.4977
vn -0.5293 0.4976 -0.6872
vn -0.9081 0.3396 -0.2448
vn -0.9081 0.2448 -0.3396
vn -0.5292 0.4977 -0.6872
vn -0.5266 0.2594 -0.8096
vn -0.9082 0.2448 -0.3396
vn -0.9068 0.1262 -0.4022
vn -0.5271 -0.0000 -0.8498
vn -0.9068 0.1261 -0.4023
vn -0.9082 -0.0000 -0.4185
vn -0.1730 -0.3068 -0.9359
vn -0.5271 -0.5036 -0.6845
vn -0.1730 -0.5821 -0.7945
vn -0.5264 -0.6914 -0.4949
vn -0.1727 -0.8010 -0.5732
vn -0.5271 0.8498 -0.0000
vn -0.5265 0.8096 -0.2594
vn -0.1735 0.9381 -0.2996
vn -0.5293 0.6872 -0.4976
vn -0.5292 0.6872 -0.4976
vn -0.1739 0.5769 -0.7981
vn -0.5292 0.4976 -0.6873
vn -0.1739 0.5768 -0.7981
vn -0.1734 0.2995 -0.9382
vn -0.9082 0.4186 -0.0000
vn -0.9051 -0.4251 -0.0002
vn -0.9082 0.3395 -0.2448
vn -0.9082 0.2447 -0.3396
vn -0.1796 -0.9837 -0.0000
vn -0.1794 -0.9592 -0.2184
vn -0.0158 -0.9999 -0.0000
vn -0.0157 -0.9863 -0.1644
vn -0.1177 -0.7139 -0.6903
vn -0.0157 -0.7597 -0.6501
vn 0.0707 0.9974 0.0157
vn 0.0707 0.9975 0.0003
vn 0.0158 0.9999 -0.0000
vn 0.0157 0.9999 -0.0000
vn 0.4384 -0.7514 -0.4931
vn 0.5229 -0.8507 -0.0546
vn 0.3997 -0.7915 -0.4623
vn 0.4528 -0.8899 -0.0547
vn 0.5237 -0.8519 -0.0000
vn 0.4534 -0.8913 -0.0000
vn 0.4528 -0.8899 -0.0546
vn -0.4319 0.8952 -0.1099
vn -0.4250 0.9051 -0.0079
vn 0.0079 0.9920 -0.1260
vn 0.0079 0.9999 -0.0079
vn 0.0079 0.1026 -0.9947
vn -0.0078 -0.1644 -0.9864
vn 0.0549 0.0784 -0.9954
vn -0.0157 -0.9999 -0.0000
vn 0.2037 -0.9790 -0.0000
vn 0.2027 -0.9748 -0.0936
vn -0.0157 -0.1337 -0.9909
vn -0.2747 0.1491 -0.9499
vn -0.6128 -0.6284 -0.4792
vn 0.2126 -0.0393 -0.9763
vn 0.2829 0.0236 -0.9589
vn 0.5169 0.0626 -0.8537
vn 0.5418 0.0235 -0.8402
vn 0.9085 0.2115 -0.3603
vn 0.9242 0.1645 -0.3447
vn 0.9086 0.2115 -0.3603
vn 0.9242 0.1645 -0.3446
vn 0.9639 0.2664 -0.0000
vn 0.9775 0.2111 -0.0000
vn 0.0313 -0.6499 -0.7594
vn 0.0782 -0.9385 -0.3363
vn 0.0782 -0.9385 -0.3362
vn -0.2906 -0.8795 -0.3769
vn 0.0863 -0.9963 -0.0000
vn -0.3442 -0.9389 -0.0000
vn 0.0392 0.4779 -0.8775
vn 0.0474 0.9241 -0.3791
vn -0.1175 0.9091 -0.3997
vn 0.0472 0.9989 -0.0000
vn -0.1337 0.9910 -0.0000
vn -0.7711 0.4878 -0.4093
vn -0.5572 0.7141 -0.4238
vn -0.7711 0.4879 -0.4091
vn -0.8498 0.5272 -0.0001
vn -0.5975 0.8019 -0.0000
vn -0.7565 -0.6540 -0.0000
vn -0.5967 -0.6909 -0.4081
vn -0.6953 -0.7187 -0.0000
vn -0.4220 -0.9066 -0.0000
vn -0.1794 -0.9592 -0.2183
vn -0.4064 -0.8831 -0.2344
vn -0.6455 -0.7637 -0.0000
vn -0.4064 -0.8831 -0.2345
vn -0.6250 -0.7421 -0.2422
vn -0.8247 -0.5655 -0.0000
vn -0.9438 -0.3304 -0.0000
vn -0.7998 -0.5489 -0.2430
vn -0.9182 -0.3296 -0.2196
vn -0.6456 -0.7637 -0.0000
vn -0.8247 -0.5656 -0.0000
vn -0.6250 -0.7421 -0.2421
vn -0.7998 -0.5489 -0.2431
vn -0.6657 -0.2663 -0.6971
vn -0.5504 -0.4168 -0.7234
vn -0.9182 -0.3296 -0.2197
vn -0.7998 -0.5489 -0.2432
vn -0.4321 -0.5499 -0.7148
vn -0.7997 -0.5489 -0.2431
vn -0.2821 -0.6505 -0.7052
vn -0.1794 -0.9592 -0.2185
vn -0.2821 -0.6504 -0.7053
vn -0.0079 -0.1414 -0.9899
vn 0.0079 -0.0000 -1.0000
vn 0.0784 -0.0627 -0.9949
vn -0.0630 -0.1102 -0.9919
vn 0.0471 -0.0471 -0.9978
vn -0.0472 -0.1258 -0.9909
vn 0.0315 -0.0315 -0.9990
vn -0.0078 -0.1414 -0.9899
vn -0.0314 -0.1414 -0.9895
vn 0.0157 -0.0078 -0.9998
vn 0.0158 -0.0079 -0.9998
vn -0.8519 -0.5238 -0.0000
vn -0.5566 -0.8308 -0.0000
vn -0.8395 -0.5336 -0.1020
vn -0.5497 -0.8324 -0.0707
vn -0.6677 -0.5264 -0.5264
vn -0.8396 -0.5336 -0.1020
vn -0.4239 -0.8085 -0.4082
vn -0.9985 0.0550 -0.0000
vn -0.9862 0.1657 -0.0000
vn -0.7952 0.6063 -0.0000
vn -0.7953 0.6063 -0.0000
vn 0.7110 0.7032 -0.0000
vn 0.7110 0.7031 0.0078
vn 0.7303 0.6831 -0.0000
vn 0.5179 0.8554 -0.0000
vn 0.7303 0.6831 0.0001
vn 0.0470 0.9795 -0.1959
vn 0.0393 0.9977 -0.0550
vn 0.0157 0.9789 -0.2036
vn 0.0079 0.9985 -0.0550
vn -0.2663 0.9639 -0.0000
vn 0.0079 1.0000 -0.0000
vn 0.6987 0.7144 -0.0392
vn 0.7130 0.6816 -0.1645
vn 0.7912 0.6111 -0.0235
vn 0.7994 0.5800 -0.1568
vn 0.6744 0.7215 -0.1568
vn 0.6748 0.7376 -0.0235
vn 0.7994 0.5800 -0.1567
vn -0.9124 0.4089 -0.0157
vn -0.9156 0.3866 -0.1105
vn -0.9982 0.0550 -0.0236
vn -0.9913 0.0393 -0.1259
vn -0.9761 -0.1496 -0.1574
vn -0.9874 -0.1566 -0.0235
vn 0.0078 0.6501 0.7598
vn 0.0469 0.6494 0.7590
vn 0.0391 0.6496 0.7592
vn 0.5463 0.4682 0.6945
vn 0.5661 0.4482 0.6919
vn 0.3986 0.4924 0.7737
vn 0.3853 0.4954 0.7785
vn 0.4533 0.4689 0.7581
vn 0.4838 0.4526 0.7491
vn 0.5661 0.4481 0.6919
vn 0.1018 0.6031 0.7911
vn 0.1797 0.5547 0.8124
vn 0.0078 0.6668 0.7452
vn -0.7084 0.0866 0.7005
vn -0.7451 0.0157 0.6667
vn -0.6950 0.1093 0.7106
vn -0.5420 0.2985 0.7856
vn -0.5037 0.3383 0.7949
vn -0.7717 0.6300 0.0866
vn -0.7778 0.6285 -0.0000
vn 0.1654 -0.3072 -0.9372
vn 0.1024 -0.3937 -0.9135
vn 0.1654 -0.3071 -0.9372
vn 0.4383 -0.7515 -0.4931
vn 0.0549 0.0785 -0.9954
vn 0.0706 0.5730 -0.8165
vn 0.0314 0.5653 -0.8243
vn 0.0629 0.8572 -0.5112
vn 0.0237 0.8531 -0.5213
vn 0.0157 0.9789 -0.2037
vn 0.0706 0.5732 -0.8164
vn 0.0629 0.8572 -0.5111
vn 0.0237 0.8530 -0.5214
vn -0.0158 -0.3233 -0.9462
vn -0.0158 -0.1337 -0.9909
vn 0.1337 0.1258 -0.9830
vn 0.4389 0.3605 -0.8231
vn 0.5808 0.2668 -0.7691
vn 0.6107 0.5480 -0.5716
vn 0.7309 0.4244 -0.5345
vn 0.6106 0.5481 -0.5716
vn 0.7130 0.6816 -0.1646
vn 0.6674 0.5496 -0.5025
vn 0.7309 0.4244 -0.5344
vn 0.5581 0.3616 -0.7468
vn 0.2127 -0.0394 -0.9763
vn -0.6678 -0.5263 -0.5263
vn -0.4239 -0.8085 -0.4083
vn -0.2364 -0.3704 -0.8983
vn -0.8197 0.3232 -0.4729
vn -0.8674 0.0315 -0.4967
vn -0.9155 0.3867 -0.1105
vn -0.8673 0.0315 -0.4968
vn -0.3693 0.0629 -0.9272
vn 0.4770 -0.8054 -0.3519
vn 0.0313 -0.6498 -0.7594
vn 0.2351 -0.5642 -0.7914
vn 0.2350 -0.5642 -0.7915
vn -0.0000 -0.4156 -0.9095
vn 0.5556 -0.2582 -0.7903
vn 0.7262 -0.0234 -0.6871
vn 0.2191 -0.1017 -0.9704
vn 0.3452 0.9178 -0.1961
vn 0.3367 0.9399 -0.0559
vn 0.3453 0.9178 -0.1961
vn 0.3368 0.9400 -0.0548
vn 0.6986 0.7144 -0.0393
vn 0.1645 -0.8302 -0.5326
vn 0.2027 -0.9747 -0.0936
vn 0.2036 -0.9791 -0.0000
vn 0.4528 -0.8900 -0.0546
vn 0.2029 -0.9747 -0.0936
vn 0.0392 0.4780 -0.8775
vn 0.1258 0.4405 -0.8889
vn 0.0474 0.9241 -0.3792
vn 0.1810 0.9048 -0.3855
vn 0.1259 0.4405 -0.8889
vn 0.2590 0.3219 -0.9106
vn 0.4636 0.7778 -0.4243
vn 0.0474 0.9242 -0.3791
vn 0.1809 0.9048 -0.3855
vn 0.4636 0.7779 -0.4243
vn 0.4935 0.8697 -0.0000
vn 0.3927 0.1728 -0.9033
vn 0.5170 0.0627 -0.8537
vn 0.7807 0.4574 -0.4258
vn 0.8427 0.5383 -0.0000
vn 0.4636 0.7779 -0.4242
vn 0.8427 0.5384 -0.0000
vn 0.9129 -0.2887 -0.2887
vn 0.9502 -0.3116 -0.0000
vn 0.5088 -0.8609 -0.0000
vn 0.5087 -0.8610 -0.0000
vn -0.3149 0.3701 -0.8740
vn -0.0550 0.4560 -0.8883
vn -0.1176 0.9091 -0.3997
vn -0.1338 0.9910 -0.0000
vn 0.2278 0.9737 -0.0000
vn 0.5180 0.8554 -0.0000
vn 0.3603 0.9325 0.0235
vn 0.3373 0.9414 -0.0000
vn 0.3605 0.9324 0.0235
vn 0.7109 0.7032 0.0078
vn 0.7110 0.7032 -0.0001
vn 0.2902 0.9567 -0.0235
vn 0.6748 0.7376 -0.0236
vn 0.2985 0.9427 -0.1492
vn 0.4532 0.4689 0.7581
vn 0.2361 0.5588 0.7950
vn 0.4837 0.4526 0.7491
vn 0.1885 0.5892 0.7857
vn 0.2360 0.5588 0.7950
vn 0.1886 0.5892 0.7857
vn 0.0391 0.6497 0.7592
vn 0.1798 0.5547 0.8124
vn 0.3392 0.7888 -0.5126
vn 0.5581 0.3617 -0.7468
vn 0.2748 0.4947 -0.8244
vn 0.3391 0.7888 -0.5126
vn 0.3391 0.7887 -0.5127
vn 0.2748 0.4947 -0.8245
vn 0.0707 0.5731 -0.8164
vn 0.2747 0.4947 -0.8245
vn 0.2748 0.4946 -0.8245
vn 0.5581 0.3616 -0.7469
vn 0.2984 0.9427 -0.1493
vn 0.2991 0.7952 -0.5275
vn 0.0079 0.9920 -0.1261
vn 0.0079 0.9007 -0.4345
vn 0.2985 0.9427 -0.1493
vn 0.6107 0.5481 -0.5715
vn 0.2992 0.7951 -0.5275
vn -0.3692 0.0629 -0.9272
vn -0.0000 0.0707 -0.9975
vn 0.0079 0.5029 -0.8643
vn -0.4319 0.8952 -0.1098
vn -0.9156 0.3867 -0.1105
vn -0.4251 0.9051 -0.0079
vn -0.9124 0.4091 -0.0157
vn -0.2664 0.9639 -0.0000
vn -0.2664 0.9638 -0.0000
vn -0.7952 0.6064 -0.0000
vn -0.5420 0.2986 0.7855
vn -0.1489 0.6033 0.7835
vn -0.5036 0.3384 0.7949
vn -0.2272 0.5563 0.7993
vn -0.3693 0.0628 -0.9272
vn -0.3128 -0.9071 -0.2816
vn -0.4776 -0.7047 -0.5246
vn -0.7217 -0.6590 -0.2118
vn -0.7217 -0.6590 -0.2119
vn -0.9874 -0.1567 -0.0235
vn -0.6127 -0.7776 -0.1414
vn -0.3996 -0.9167 -0.0000
vn -0.3835 -0.9235 -0.0000
vn -0.3993 -0.9160 -0.0391
vn -0.3999 -0.9017 -0.1645
vn -0.9570 -0.2901 -0.0000
vn -0.9452 -0.3072 -0.1103
vn -0.9992 0.0392 -0.0000
vn -0.9915 0.0551 -0.1180
vn -0.8406 0.1571 -0.5183
vn -0.7801 -0.4098 -0.4728
vn 0.7024 0.0468 -0.7102
vn 0.6582 0.0313 -0.7522
vn 0.9656 0.1099 -0.2356
vn 0.9600 0.1093 -0.2576
vn 0.9656 0.1099 -0.2355
vn 0.9601 0.1093 -0.2575
vn 0.9922 0.1250 -0.0000
vn -0.9468 -0.3077 -0.0947
vn -0.9992 0.0394 -0.0000
vn -0.9932 0.0552 -0.1025
vn -0.8637 0.1570 -0.4789
vn -0.9932 0.0551 -0.1025
vn -0.8005 -0.4159 -0.4316
vn -0.8130 0.1579 -0.5604
vn -0.9885 0.0549 -0.1412
vn -0.7556 -0.4092 -0.5115
vn -0.9412 -0.3137 -0.1255
vn -0.9570 -0.2902 -0.0000
vn 0.5556 -0.2583 -0.7903
vn 0.9755 0.0234 -0.2185
vn 0.9756 0.0234 -0.2185
vn 0.9992 0.0393 -0.0000
vn 0.5169 0.0627 -0.8538
vn 0.5417 0.0236 -0.8402
vn 0.0947 -0.0709 -0.9930
vn -0.0392 -0.2900 -0.9562
vn -0.0157 -0.7598 -0.6500
vn -0.0158 -0.3232 -0.9462
vn 0.0079 0.0001 -1.0000
vn 0.0392 0.4779 -0.8776
vn 0.0783 -0.0627 -0.9950
vn 0.5169 0.0626 -0.8538
vn 0.0472 -0.0471 -0.9978
vn 0.2591 0.3219 -0.9106
vn 0.0157 -0.0079 -0.9998
vn 0.1259 0.4404 -0.8889
vn 0.0315 -0.0314 -0.9990
vn -0.0314 -0.1413 -0.9895
vn -0.0941 -0.2745 -0.9570
vn -0.1418 -0.2364 -0.9613
vn -0.1176 -0.7139 -0.6903
vn -0.2289 -0.1421 -0.9630
vn -0.5505 -0.4167 -0.7234
vn -0.1808 -0.1808 -0.9668
vn -0.4320 -0.5499 -0.7148
vn -0.1418 -0.2364 -0.9612
vn -0.1807 -0.1808 -0.9668
vn -0.0470 -0.0784 -0.9958
vn 0.1731 -0.0472 -0.9838
vn -0.0392 -0.0784 -0.9962
vn 0.2035 -0.0391 -0.9783
vn 0.1732 -0.0472 -0.9837
vn 0.6582 0.0314 -0.7522
vn -0.7801 -0.4097 -0.4728
vn -0.3619 -0.4877 -0.7945
vn -0.8405 0.1571 -0.5185
vn -0.3785 0.3233 -0.8673
vn -0.3618 -0.4877 -0.7945
vn -0.2906 -0.4713 -0.8327
vn -0.3149 0.3307 -0.8896
vn -0.3854 -0.5191 -0.7629
vn -0.8637 0.1570 -0.4790
vn -0.4018 0.3388 -0.8508
vn -0.2986 -0.4794 -0.8252
vn -0.4018 0.3387 -0.8508
vn -0.3228 0.3228 -0.8897
vn -0.7555 -0.4093 -0.5115
vn -0.3384 -0.4643 -0.8185
vn -0.3548 0.3074 -0.8830
vn -0.2600 -0.4413 -0.8589
vn -0.3548 0.3075 -0.8829
vn -0.3225 0.3461 -0.8810
vn -0.8519 -0.5237 -0.0000
vn -0.8396 -0.5335 -0.1020
vn -0.9591 -0.2830 -0.0000
vn -0.9526 -0.2834 -0.1102
vn -0.6678 -0.5264 -0.5263
vn -0.7904 -0.2895 -0.5399
vn -0.9182 -0.3296 -0.2198
vn -0.7203 -0.1957 -0.6655
vn -0.9590 -0.2044 -0.1965
vn -0.9439 -0.3303 -0.0000
vn -0.9806 -0.1961 -0.0000
vn -0.2591 -0.1256 -0.9576
vn -0.2590 -0.1256 -0.9577
vn -0.9920 -0.1260 -0.0000
vn -0.9830 -0.1258 -0.1337
vn -0.8122 -0.1341 -0.5677
vn -0.8021 -0.1337 -0.5820
vn -0.8122 -0.1340 -0.5678
vn -0.3544 -0.1024 -0.9295
vn -0.3311 -0.1025 -0.9380
vn -0.1333 -0.0784 -0.9880
vn -0.3545 -0.1024 -0.9294
vn -0.0626 -0.0783 -0.9950
vn -0.0705 -0.0783 -0.9944
vn -0.0627 -0.0706 -0.9955
vn -0.1177 -0.0789 -0.9899
vn -0.2983 -0.0942 -0.9498
vn -0.1178 -0.0786 -0.9899
vn -0.3215 -0.1020 -0.9414
vn -0.7784 -0.1337 -0.6134
vn -0.7890 -0.1341 -0.5996
vn -0.3216 -0.1020 -0.9414
vn -0.7784 -0.1337 -0.6133
vn -0.9808 -0.1256 -0.1491
vn -0.9808 -0.1255 -0.1492
vn -0.9808 -0.1255 -0.1491
vn -0.8991 -0.4378 -0.0000
vn -0.8657 -0.4801 -0.1417
vn -0.5639 -0.6736 -0.4778
vn -0.8657 -0.4801 -0.1416
vn -0.9452 -0.3073 -0.1103
vn -0.2664 -0.7519 -0.6031
vn -0.3618 -0.4878 -0.7945
vn -0.4391 -0.6431 -0.6274
vn -0.2907 -0.4713 -0.8327
vn -0.2663 -0.7519 -0.6031
vn -0.7058 -0.3137 -0.6352
vn -0.7399 0.0707 -0.6690
vn -0.4774 -0.2661 -0.8374
vn -0.5116 0.0472 -0.8579
vn -0.5034 0.4955 -0.7079
vn -0.2838 0.6701 -0.6859
vn -0.3149 0.3307 -0.8897
vn -0.6233 0.5287 -0.5761
vn -0.6234 0.5287 -0.5760
vn -0.9496 0.2668 -0.1648
vn -0.9771 0.2128 -0.0000
vn -0.9992 0.0393 -0.0000
vn -0.8675 -0.4811 -0.1262
vn -0.5661 -0.6919 -0.4481
vn -0.8005 -0.4159 -0.4315
vn -0.9467 -0.3077 -0.0947
vn -0.2660 -0.7823 -0.5633
vn -0.4471 -0.6668 -0.5962
vn -0.2986 -0.4795 -0.8252
vn -0.7383 -0.3141 -0.5969
vn -0.7628 0.0472 -0.6449
vn -0.5006 -0.2737 -0.8213
vn -0.5363 0.0236 -0.8437
vn -0.5131 0.4816 -0.7105
vn -0.2750 0.6915 -0.6679
vn -0.4018 0.3388 -0.8507
vn -0.6285 0.5578 -0.5421
vn -0.2751 0.6915 -0.6679
vn -0.4017 0.3387 -0.8508
vn -0.9519 0.2675 -0.1495
vn -0.8637 0.1570 -0.4788
vn -0.9932 0.0552 -0.1026
vn -0.6150 0.5125 -0.5993
vn -0.9448 0.2677 -0.1890
vn -0.8130 0.1578 -0.5604
vn -0.9771 0.2127 -0.0000
vn -0.8637 -0.4790 -0.1569
vn -0.5586 -0.6530 -0.5114
vn -0.8637 -0.4789 -0.1570
vn -0.2513 -0.7226 -0.6440
vn -0.4319 -0.5889 -0.6831
vn -0.6701 -0.2838 -0.6859
vn -0.7228 0.1021 -0.6835
vn -0.4494 -0.2444 -0.8593
vn -0.4951 0.0864 -0.8645
vn -0.4799 0.5586 -0.6765
vn -0.2981 0.6510 -0.6981
vn -0.3548 0.3076 -0.8829
vn -0.0704 -0.0782 -0.9945
vn 0.6773 0.0709 -0.7323
vn 0.6913 0.0078 -0.7226
vn 0.9572 0.1569 -0.2433
vn 0.9682 0.0625 -0.2420
vn 0.1733 -0.0315 -0.9844
vn 0.6772 0.0709 -0.7324
vn 0.6912 0.0079 -0.7226
vn 0.9766 0.0703 -0.2031
vn 0.9646 0.1568 -0.2118
vn 0.7377 0.0157 -0.6749
vn 0.7276 0.0861 -0.6806
vn 0.9969 0.0785 -0.0000
vn 0.9851 0.1720 -0.0000
vn 0.9646 0.1569 -0.2118
vn 0.9572 0.1569 -0.2431
vn 0.2128 -0.0236 -0.9768
vn 0.2125 -0.0551 -0.9756
vn 0.7276 0.0860 -0.6806
vn 0.2272 -0.6188 -0.7520
vn 0.2032 -0.6645 -0.7192
vn 0.1173 -0.4221 -0.8989
vn 0.2509 -0.4077 -0.8780
vn 0.5091 -0.5640 -0.6502
vn 0.9126 -0.2730 -0.3042
vn 0.7211 -0.2587 -0.6427
vn 0.9747 -0.0936 -0.2027
vn 0.2516 -0.4073 -0.8779
vn 0.9127 -0.2730 -0.3042
vn 0.9912 -0.1327 -0.0000
vn 0.9748 -0.0936 -0.2027
vn 0.9985 -0.0550 -0.0000
vn 0.9301 0.3673 -0.0000
vn 0.8464 0.4467 -0.2900
vn 0.9547 0.2974 -0.0000
vn 0.9256 0.3138 -0.2118
vn 0.4959 0.5981 -0.6296
vn 0.9255 0.3138 -0.2118
vn 0.6764 0.3697 -0.6370
vn 0.4958 0.5981 -0.6296
vn 0.2126 0.6379 -0.7402
vn 0.6763 0.3697 -0.6371
vn 0.2445 0.3629 -0.8992
vn 0.2288 0.5917 -0.7730
vn 0.2126 0.6378 -0.7402
vn 0.6579 0.2193 -0.7205
vn 0.6501 -0.1880 -0.7362
vn 0.4072 -0.0939 -0.9085
vn 0.9328 0.3605 -0.0000
vn 0.8529 0.4538 -0.2582
vn 0.9570 0.2902 -0.0000
vn 0.9337 0.3138 -0.1725
vn 0.5121 0.6381 -0.5750
vn 0.9337 0.3138 -0.1726
vn 0.7208 0.3917 -0.5719
vn 0.5120 0.6381 -0.5751
vn 0.2282 0.7001 -0.6765
vn 0.2910 0.4090 -0.8649
vn 0.2515 0.6522 -0.7151
vn 0.2281 0.7002 -0.6766
vn 0.2910 0.4089 -0.8649
vn 0.7089 0.2442 -0.6617
vn 0.7061 -0.1883 -0.6826
vn 0.4484 -0.0944 -0.8889
vn 0.2127 -0.0238 -0.9768
vn 0.2516 -0.6685 -0.6999
vn 0.2268 -0.7118 -0.6648
vn 0.1336 -0.4558 -0.8800
vn 0.5321 -0.6026 -0.5948
vn 0.9241 -0.2741 -0.2663
vn 0.7672 -0.2583 -0.5871
vn 0.9815 -0.0857 -0.1714
vn 0.2268 -0.7117 -0.6648
vn 0.5321 -0.6026 -0.5947
vn -0.0786 -0.1178 -0.9899
vn -0.0787 -0.1023 -0.9916
vn 0.4323 -0.4558 -0.7780
vn 0.4073 -0.0940 -0.9084
vn 0.2518 -0.2989 -0.9205
vn 0.4322 -0.4558 -0.7781
vn 0.2288 0.5916 -0.7731
vn 0.4386 0.4543 -0.7754
vn 0.2435 0.2278 -0.9428
vn 0.4781 0.5016 -0.7210
vn 0.4772 -0.4928 -0.7276
vn 0.4484 -0.0944 -0.8888
vn 0.2516 -0.6684 -0.6999
vn 0.4764 -0.4918 -0.7288
vn -0.7903 -0.2895 -0.5400
vn -0.2912 -0.1967 -0.9362
vn -0.4392 -0.6430 -0.6273
vn -0.7399 0.0708 -0.6690
vn -0.5006 -0.2738 -0.8212
vn -0.4472 -0.6668 -0.5962
vn -0.2987 -0.4794 -0.8252
vn -0.7628 0.0473 -0.6449
vn -0.5132 0.4816 -0.7104
vn -0.5363 0.0237 -0.8437
vn -0.4493 -0.2444 -0.8593
vn -0.4951 0.0865 -0.8645
vn 0.0313 -0.6498 -0.7595
vn 0.2028 -0.9747 -0.0936
vn -0.5362 0.0237 -0.8438
vn 0.0078 0.5029 -0.8643
vn 0.0079 0.9006 -0.4345
vn 0.9682 0.0625 -0.2421
vn 0.9747 -0.0936 -0.2028
vn 0.6764 0.3696 -0.6371
vn 0.6764 0.3697 -0.6371
vn 0.1732 -0.0315 -0.9844
vn 0.9647 0.1568 -0.2117
vn 0.7378 0.0157 -0.6749
vn 0.9766 0.0703 -0.2032
vn 0.9985 -0.0551 -0.0000
vn 0.9548 0.2974 -0.0000
vn 0.9572 0.1569 -0.2432
vn 0.7377 0.0157 -0.6750
vn 0.7207 0.3917 -0.5719
vn 0.2127 -0.0237 -0.9768
vn -0.0783 -0.0783 -0.9938
vn -0.0788 -0.0789 -0.9938
vn -0.0471 -0.0784 -0.9958
vn -0.7217 -0.6590 -0.2117
vn -0.3128 -0.9071 -0.2815
vn 0.0946 -0.0709 -0.9930
vn -0.0786 -0.1179 -0.9899
vn -0.2911 -0.1967 -0.9363
vn 0.2900 0.9567 -0.0235
vn 0.0079 0.6668 0.7452
vn -0.2271 0.5564 0.7993
vn -0.3705 0.8040 -0.4650
vn 0.0079 0.9006 -0.4346
vn -0.0000 -0.2425 -0.9702
vn 0.2828 0.0236 -0.9589
vn -0.0000 -0.2425 -0.9701
vn -0.5565 -0.8309 -0.0000
vn 0.2351 -0.5642 -0.7915
vn 0.2351 -0.5641 -0.7915
vn 0.5556 -0.2582 -0.7904
vn 0.0080 -0.3605 -0.9327
vn 0.0158 -0.9999 -0.0000
vn 0.1173 -0.9931 -0.0000
vn -0.3139 -0.9495 -0.0000
vn -0.3208 -0.9471 -0.0000
vn 0.0157 -0.9999 -0.0000
vn 0.1414 0.9900 -0.0000
vn 0.1337 0.9910 -0.0000
vn 0.0941 0.9956 -0.0000
vn 0.0947 0.9955 -0.0000
vn 0.0551 0.9985 -0.0000
vn 0.1260 0.9920 -0.0000
vn 0.0550 0.9985 -0.0000
vn 0.2352 0.9720 -0.0000
vn 0.3996 0.9167 -0.0000
vn 0.2351 0.9720 -0.0000
vn 0.5745 0.8185 -0.0000
vn 0.7303 0.6832 -0.0000
vn 0.8609 0.5087 -0.0000
vn 0.9494 0.3139 -0.0000
vn 0.8610 0.5087 -0.0000
vn 0.9495 0.3139 -0.0000
vn 0.9837 -0.1796 -0.0000
vn 0.5529 -0.8332 -0.0000
vn 0.5529 -0.8332 0.0001
vn 0.6873 -0.7264 -0.0000
vn 0.3741 -0.9274 -0.0000
vn 0.5528 -0.8333 -0.0000
vn 0.7414 -0.6711 -0.0000
vn 0.7413 -0.6711 -0.0000
vn 0.8663 -0.4995 -0.0000
vn 0.9837 -0.1797 0.0001
vn -0.9876 0.1568 -0.0000
vn -0.7915 -0.6111 0.0001
vn -0.7778 -0.6285 -0.0000
vn -0.7914 -0.6113 -0.0000
vn -0.3139 -0.9494 0.0001
vn -0.3209 -0.9471 -0.0000
vn -0.2900 0.4154 -0.8622
vn -0.0791 0.4426 -0.8932
vn -0.1573 0.5034 -0.8496
vn -0.1896 0.3081 -0.9323
vn -0.1257 0.3535 -0.9269
vn -0.8204 -0.2366 -0.5206
vn -0.1233 0.0688 0.9900
vn -0.2129 0.3231 -0.9221
vn -0.2167 0.3205 -0.9221
vn 0.8826 0.2791 0.3782
vn 0.2438 0.3535 0.9031
vn 0.4379 0.8915 -0.1164
vn 0.4492 0.0848 0.8894
vn -0.4938 -0.4076 0.7681
vn -0.5175 -0.3921 0.7606
vn -0.1335 -0.5260 -0.8399
vn -0.0157 -0.6024 -0.7980
vn -0.0001 -1.0000 -0.0001
vn -0.3768 -0.9263 -0.0000
vn -0.0001 -1.0000 -0.0000
vn -0.3768 -0.9263 0.0001
vn -0.3768 -0.9263 -0.0001
vn -0.7032 -0.7110 -0.0000
vn -0.9235 -0.3836 -0.0000
vn -0.9235 -0.3835 -0.0000
vn -1.0000 -0.0001 -0.0000
vn -1.0000 -0.0001 0.0001
vn -1.0000 0.0001 -0.0001
vn -0.9263 0.3768 -0.0000
vn -1.0000 0.0001 -0.0000
vn -0.7071 0.7071 -0.0000
vn -0.3768 0.9263 -0.0000
vn -0.3768 0.9263 -0.0001
vn -0.0000 1.0000 -0.0000
vn 0.3835 0.9236 -0.0000
vn 0.3836 0.9235 -0.0000
vn 0.9263 0.3768 -0.0000
vn 0.9263 0.3768 -0.0001
vn 1.0000 0.0001 -0.0000
vn 1.0000 -0.0001 -0.0001
vn 0.9235 -0.3835 -0.0000
vn 1.0000 -0.0001 -0.0000
vn 0.9235 -0.3836 -0.0000
vn 0.7071 -0.7071 -0.0000
vn 0.3836 -0.9235 -0.0000
vn 0.3835 -0.9235 -0.0000
vn 0.0001 -1.0000 -0.0000
vn 0.0001 -1.0000 0.0001
vn -0.3138 -0.7689 -0.5570
vn -0.5824 -0.5904 -0.5588
vn -0.5825 -0.5903 -0.5588
vn -0.7637 -0.3228 -0.5590
vn -0.7637 -0.3229 -0.5590
vn -0.7638 -0.3228 -0.5590
vn -0.8284 -0.0000 -0.5601
vn -0.8284 -0.0000 -0.5602
vn -0.7657 0.3157 -0.5604
vn -0.5851 0.5852 -0.5614
vn -0.3157 0.7657 -0.5604
vn -0.0000 0.8284 -0.5601
vn -0.3158 0.7657 -0.5604
vn 0.3228 0.7638 -0.5590
vn 0.3228 0.7637 -0.5590
vn 0.5903 0.5825 -0.5588
vn 0.5903 0.5824 -0.5588
vn 0.7689 0.3138 -0.5571
vn 0.7688 0.3139 -0.5571
vn 0.7689 0.3138 -0.5570
vn 0.8308 -0.0000 -0.5565
vn 0.7670 -0.3209 -0.5557
vn 0.7669 -0.3209 -0.5557
vn 0.5876 -0.5876 -0.5563
vn 0.3209 -0.7670 -0.5557
vn 0.3208 -0.7670 -0.5557
vn -0.0000 -0.8308 -0.5565
vn -0.3138 -0.7690 -0.5570
vn -0.3137 -0.7689 -0.5571
vn 0.4771 0.3129 0.8213
vn -0.2109 0.5314 0.8205
vn 0.9954 0.0157 0.0941
vn -0.1655 0.9694 0.1815
vn -0.2109 0.5313 0.8205
vn -0.5594 0.7249 0.4019
vn -0.1655 0.9694 0.1813
vn -0.6665 0.6900 -0.2823
vn -0.5594 0.7249 0.4020
vn -0.3216 0.8786 0.3531
vn -0.3306 0.8578 -0.3935
vn -0.3217 0.8786 0.3530
vn -0.0314 0.9349 0.3536
vn 0.0548 0.8931 -0.4465
vn -0.0315 0.9349 0.3536
vn 0.2597 0.8818 0.3937
vn 0.0549 0.8931 -0.4465
vn 0.4329 0.7950 -0.4250
vn 0.2598 0.8818 0.3937
vn 0.5035 0.7237 0.4720
vn 0.7374 0.5805 -0.3452
vn 0.5034 0.7237 0.4720
vn 0.6569 0.4926 0.5708
vn 0.7375 0.5805 -0.3452
vn 0.9363 0.2809 -0.2107
vn 0.6568 0.4928 0.5708
vn 0.7028 0.2110 0.6794
vn 0.9969 -0.0627 -0.0471
vn 0.7028 0.2109 0.6794
vn 0.6238 -0.0546 0.7797
vn 0.9969 -0.0628 -0.0471
vn 0.9082 -0.3993 0.1253
vn 0.4457 -0.2737 0.8523
vn 0.1956 -0.4070 0.8922
vn 0.3594 -0.8438 0.3985
vn 0.1957 -0.4070 0.8922
vn 0.0940 0.1799 0.9792
vn 0.9595 -0.0235 0.2808
vn 0.0941 0.1803 0.9791
vn 0.2360 0.8495 0.4719
vn 0.9594 -0.0233 0.2810
vn 0.4326 0.8258 -0.3618
vn 0.4781 0.7210 0.5016
vn 0.4327 0.8258 -0.3618
vn 0.7382 0.5969 -0.3142
vn 0.4780 0.7210 0.5016
vn 0.6313 0.4911 0.6002
vn 0.7383 0.5969 -0.3141
vn 0.9378 0.2971 -0.1798
vn 0.6314 0.4911 0.6002
vn 0.9378 0.2970 -0.1797
vn 0.9955 0.0156 0.0940
vn 0.9422 -0.0078 -0.3349
vn -0.7955 0.5829 -0.1654
vn -0.1654 0.9694 0.1813
vn -0.6603 0.7076 -0.2516
vn -0.6664 0.6900 -0.2823
vn -0.3307 0.8578 -0.3935
vn -0.6604 0.7075 -0.2516
vn -0.3458 0.8329 -0.4322
vn -0.3305 0.8579 -0.3935
vn -0.3456 0.8329 -0.4322
vn 0.0315 0.8341 -0.5508
vn 0.0315 0.8340 -0.5508
vn 0.3991 0.7044 -0.5870
vn 0.3992 0.7043 -0.5870
vn 0.6978 0.4783 -0.5332
vn 0.9004 0.1724 -0.3994
vn 0.9005 0.1723 -0.3994
vn 0.9668 -0.1559 -0.2027
vn 0.9969 -0.0629 -0.0471
vn 0.9667 -0.1560 -0.2027
vn 0.8879 -0.4594 0.0234
vn 0.8879 -0.4595 0.0234
vn 0.6783 -0.6939 0.2417
vn 0.3662 -0.8260 0.4286
vn 0.9595 -0.0233 0.2809
vn 0.1797 -0.8279 0.5312
vn 0.9595 -0.0234 0.2808
vn 0.4326 0.8258 -0.3619
vn 0.1796 -0.8280 0.5312
vn 0.5635 0.6183 -0.5479
vn 0.6975 0.4702 -0.5407
vn 0.9378 0.2970 -0.1798
vn 0.6976 0.4702 -0.5407
vn 0.8976 0.1717 -0.4059
vn 0.9378 0.2969 -0.1798
vn 0.8977 0.1717 -0.4059
vn 0.9422 -0.0078 -0.3350
vn -0.9696 0.2444 -0.0156
vn -0.8491 0.5267 0.0393
vn -0.6604 0.7075 -0.2515
vn -0.8491 0.5268 0.0392
vn -0.6523 0.7229 -0.2279
vn -0.3457 0.8329 -0.4322
vn -0.6521 0.7230 -0.2279
vn -0.3545 0.8114 -0.4648
vn 0.0314 0.8340 -0.5508
vn -0.3544 0.8114 -0.4648
vn -0.0079 0.7708 -0.6371
vn 0.3466 0.6143 -0.7089
vn 0.3465 0.6143 -0.7089
vn 0.6371 0.3697 -0.6764
vn 0.9005 0.1723 -0.3993
vn 0.6371 0.3696 -0.6764
vn 0.8383 0.0705 -0.5406
vn 0.9005 0.1722 -0.3993
vn 0.9667 -0.1559 -0.2027
vn 0.9156 -0.2426 -0.3208
vn 0.9155 -0.2426 -0.3209
vn 0.8507 -0.5228 -0.0546
vn 0.8506 -0.5230 -0.0546
vn 0.6623 -0.7168 0.2182
vn 0.3663 -0.8259 0.4286
vn 0.3829 -0.8049 0.4533
vn 0.1797 -0.8280 0.5312
vn 0.0234 -0.7807 0.6245
vn 0.1797 -0.8280 0.5311
vn 0.5635 0.6183 -0.5478
vn 0.0233 -0.7807 0.6245
vn -0.1958 -0.9791 0.0549
vn -0.1958 -0.9791 0.0548
vn 0.5183 0.1100 -0.8481
vn 0.6975 0.4702 -0.5408
vn 0.5183 0.1099 -0.8481
vn 0.6575 0.0548 -0.7515
vn 0.8976 0.1716 -0.4059
vn 0.9423 -0.0078 -0.3348
vn -0.9695 0.2444 -0.0158
vn -0.9696 0.2443 -0.0157
vn -0.8491 0.5268 0.0393
vn -0.9088 0.2664 0.3212
vn -0.7942 0.5976 0.1101
vn -0.6522 0.7230 -0.2279
vn -0.6305 0.7487 -0.2049
vn -0.6304 0.7487 -0.2049
vn -0.3786 0.7809 -0.4969
vn -0.0080 0.7708 -0.6371
vn -0.0552 0.7021 -0.7099
vn -0.0079 0.7707 -0.6371
vn 0.3466 0.6143 -0.7088
vn -0.0552 0.7021 -0.7100
vn 0.2672 0.5107 -0.8172
vn 0.3466 0.6142 -0.7089
vn 0.5478 0.2504 -0.7983
vn 0.5479 0.2504 -0.7982
vn 0.7444 -0.0469 -0.6661
vn 0.7444 -0.0470 -0.6661
vn 0.8353 -0.3434 -0.4293
vn 0.9155 -0.2427 -0.3208
vn 0.8507 -0.5229 -0.0546
vn 0.8353 -0.3435 -0.4293
vn 0.7993 -0.5877 -0.1254
vn 0.8506 -0.5229 -0.0546
vn 0.6623 -0.7168 0.2181
vn 0.7993 -0.5877 -0.1253
vn 0.6464 -0.7398 0.1869
vn 0.3830 -0.8049 0.4533
vn 0.3992 -0.7827 0.4775
vn 0.3829 -0.8050 0.4532
vn 0.3992 -0.7827 0.4774
vn 0.0856 -0.7084 0.7006
vn -0.1959 -0.9791 0.0548
vn 0.0857 -0.7084 0.7006
vn -0.3204 -0.7187 0.6171
vn 0.5182 0.1099 -0.8482
vn -0.3202 -0.7187 0.6172
vn -0.6125 -0.6990 0.3692
vn -0.6126 -0.6989 0.3691
vn -0.9024 0.0784 0.4238
vn 0.6575 0.0547 -0.7514
vn -0.9024 0.0786 0.4236
vn -0.9088 0.2663 0.3212
vn -0.7942 0.5976 0.1102
vn -0.7141 0.4709 0.5180
vn -0.7158 0.6765 0.1731
vn -0.7158 0.6765 0.1730
vn -0.6076 0.7732 -0.1814
vn -0.3786 0.7809 -0.4968
vn -0.6075 0.7733 -0.1815
vn -0.4026 0.7580 -0.5132
vn -0.4027 0.7579 -0.5132
vn -0.1338 0.6220 -0.7715
vn -0.0552 0.7020 -0.7100
vn 0.2671 0.5107 -0.8172
vn 0.1498 0.3942 -0.9067
vn 0.1499 0.3942 -0.9067
vn 0.4095 0.1103 -0.9056
vn 0.5478 0.2504 -0.7982
vn 0.6116 -0.1881 -0.7685
vn 0.7444 -0.0471 -0.6661
vn 0.6117 -0.1882 -0.7684
vn 0.7206 -0.4621 -0.5169
vn 0.8353 -0.3435 -0.4294
vn 0.7214 -0.6664 -0.1882
vn 0.6464 -0.7398 0.1868
vn 0.7214 -0.6665 -0.1882
vn 0.6154 -0.7711 0.1636
vn 0.6464 -0.7398 0.1870
vn 0.6153 -0.7711 0.1636
vn 0.4230 -0.7599 0.4936
vn 0.4231 -0.7599 0.4935
vn 0.1563 -0.6331 0.7581
vn -0.3203 -0.7187 0.6171
vn -0.1325 -0.4054 0.9045
vn -0.6126 -0.6990 0.3691
vn -0.1326 -0.4054 0.9045
vn -0.3903 -0.1172 0.9132
vn -0.9024 0.0785 0.4237
vn -0.3903 -0.1171 0.9132
vn -0.5980 0.1887 0.7789
vn -0.5980 0.1888 0.7789
vn -0.7158 0.6765 0.1732
vn -0.5903 0.5747 0.5668
vn -0.6294 0.7475 0.2124
vn -0.6076 0.7733 -0.1814
vn -0.6294 0.7475 0.2123
vn -0.5740 0.8020 -0.1651
vn -0.6076 0.7733 -0.1815
vn -0.5740 0.8020 -0.1652
vn -0.4256 0.7406 -0.5200
vn -0.1339 0.6220 -0.7715
vn -0.4255 0.7406 -0.5201
vn -0.2123 0.5583 -0.8020
vn 0.0314 0.2901 -0.9565
vn 0.1498 0.3942 -0.9068
vn 0.4095 0.1102 -0.9056
vn 0.2664 -0.0078 -0.9638
vn 0.6116 -0.1882 -0.7685
vn 0.4619 -0.3131 -0.8298
vn 0.5929 -0.5693 -0.5695
vn 0.5928 -0.5694 -0.5695
vn 0.6331 -0.7425 -0.2188
vn 0.6153 -0.7711 0.1634
vn 0.6331 -0.7425 -0.2189
vn 0.5763 -0.8022 0.1558
vn 0.5764 -0.8022 0.1559
vn 0.4375 -0.7421 0.5078
vn 0.2340 -0.5695 0.7880
vn 0.2341 -0.5695 0.7880
vn -0.0156 -0.3046 0.9524
vn -0.1325 -0.4055 0.9045
vn -0.0156 -0.3044 0.9524
vn -0.2499 -0.0000 0.9683
vn -0.5980 0.1888 0.7790
vn -0.4538 0.3051 0.8373
vn -0.4539 0.3051 0.8372
vn -0.5904 0.5745 0.5668
vn -0.5904 0.5746 0.5668
vn -0.6294 0.7475 0.2125
vn -0.4702 0.6583 0.5878
vn -0.5509 0.8028 0.2282
vn -0.5740 0.8020 -0.1650
vn -0.5361 0.8278 -0.1654
vn -0.4255 0.7406 -0.5200
vn -0.5361 0.8278 -0.1655
vn -0.4478 0.7228 -0.5263
vn -0.4477 0.7228 -0.5264
vn -0.2846 0.5060 -0.8142
vn -0.2846 0.5059 -0.8143
vn -0.0786 0.2122 -0.9741
vn -0.0786 0.2121 -0.9741
vn 0.1340 -0.1025 -0.9857
vn 0.4619 -0.3132 -0.8298
vn 0.1341 -0.1025 -0.9856
vn 0.3285 -0.4066 -0.8525
vn 0.3285 -0.4067 -0.8524
vn 0.4702 -0.6583 -0.5878
vn 0.5928 -0.5695 -0.5694
vn 0.5465 -0.8040 -0.2342
vn 0.5763 -0.8022 0.1557
vn 0.5465 -0.8041 -0.2341
vn 0.5395 -0.8288 0.1484
vn 0.5764 -0.8022 0.1558
vn 0.5395 -0.8288 0.1486
vn 0.4526 -0.7335 0.5072
vn 0.4525 -0.7334 0.5072
vn 0.2955 -0.5209 0.8008
vn 0.2341 -0.5694 0.7880
vn -0.0156 -0.3045 0.9524
vn 0.0938 -0.2268 0.9694
vn -0.0156 -0.3043 0.9524
vn -0.2498 -0.0000 0.9683
vn 0.0938 -0.2267 0.9694
vn -0.1254 0.0940 0.9876
vn -0.4538 0.3052 0.8372
vn -0.1254 0.0941 0.9876
vn -0.3215 0.4077 0.8546
vn -0.4538 0.3051 0.8372
vn -0.5509 0.8028 0.2283
vn -0.3541 0.7318 0.5823
vn -0.4643 0.8578 0.2203
vn -0.5361 0.8278 -0.1656
vn -0.4643 0.8578 0.2204
vn -0.4969 0.8519 -0.1655
vn -0.5361 0.8278 -0.1657
vn -0.4969 0.8518 -0.1656
vn -0.4566 0.7164 -0.5275
vn -0.4478 0.7227 -0.5264
vn -0.3476 0.4661 -0.8136
vn -0.0785 0.2121 -0.9741
vn -0.1803 0.1490 -0.9723
vn 0.1340 -0.1024 -0.9857
vn 0.0079 -0.1809 -0.9835
vn 0.1340 -0.1026 -0.9857
vn 0.3285 -0.4067 -0.8525
vn 0.0079 -0.1810 -0.9834
vn 0.1961 -0.4941 -0.8470
vn 0.3525 -0.7284 -0.5875
vn 0.5465 -0.8041 -0.2342
vn 0.3525 -0.7285 -0.5874
vn 0.4627 -0.8547 -0.2354
vn 0.5464 -0.8041 -0.2342
vn 0.4627 -0.8547 -0.2353
vn 0.5007 -0.8528 0.1487
vn 0.5395 -0.8288 0.1485
vn 0.4526 -0.7335 0.5071
vn 0.5007 -0.8528 0.1486
vn 0.4613 -0.7273 0.5082
vn 0.4526 -0.7334 0.5072
vn 0.4613 -0.7272 0.5082
vn 0.3574 -0.4817 0.8001
vn 0.3574 -0.4817 0.8002
vn 0.1950 -0.1637 0.9670
vn -0.1254 0.0940 0.9877
vn 0.1950 -0.1638 0.9670
vn -0.0000 0.1719 0.9851
vn -0.1254 0.0942 0.9876
vn -0.0000 0.1720 0.9851
vn -0.1880 0.4856 0.8537
vn -0.3215 0.4078 0.8546
vn -0.4702 0.6583 0.5879
vn -0.4643 0.8578 0.2205
vn -0.2277 0.7929 0.5652
vn -0.3703 0.9061 0.2048
vn -0.4969 0.8519 -0.1656
vn -0.3703 0.9060 0.2048
vn -0.4561 0.8729 -0.1730
vn -0.4561 0.8729 -0.1731
vn -0.4654 0.7100 -0.5285
vn -0.4566 0.7164 -0.5276
vn -0.4654 0.7099 -0.5286
vn -0.4094 0.4331 -0.8030
vn -0.4094 0.4329 -0.8031
vn -0.2839 0.0946 -0.9542
vn 0.0079 -0.1810 -0.9835
vn -0.2839 0.0945 -0.9542
vn -0.1258 -0.2516 -0.9596
vn -0.1258 -0.2517 -0.9596
vn 0.0549 -0.5646 -0.8235
vn 0.1961 -0.4942 -0.8470
vn 0.0549 -0.5647 -0.8235
vn 0.2277 -0.7929 -0.5652
vn 0.3671 -0.9060 -0.2109
vn 0.3671 -0.9060 -0.2108
vn 0.4542 -0.8770 0.1566
vn 0.4613 -0.7272 0.5083
vn 0.4542 -0.8770 0.1567
vn 0.4701 -0.7208 0.5093
vn 0.4142 -0.4532 0.7893
vn 0.3574 -0.4816 0.8002
vn 0.4142 -0.4533 0.7893
vn 0.2956 -0.1089 0.9491
vn 0.1328 0.2422 0.9611
vn -0.0000 0.1721 0.9851
vn -0.0470 0.5559 0.8299
vn -0.0470 0.5560 0.8299
vn -0.3703 0.9060 0.2050
vn -0.0860 0.8523 0.5160
vn -0.2665 0.9483 0.1724
vn -0.3703 0.9060 0.2049
vn -0.4561 0.8730 -0.1730
vn -0.4010 0.8964 -0.1887
vn -0.4735 0.7103 -0.5208
vn -0.4094 0.4330 -0.8031
vn -0.4735 0.7103 -0.5209
vn -0.4728 0.4098 -0.7801
vn -0.4020 0.0474 -0.9144
vn -0.4020 0.0472 -0.9144
vn -0.2670 -0.3142 -0.9110
vn -0.1259 -0.2517 -0.9596
vn -0.0944 -0.6295 -0.7712
vn -0.0944 -0.6296 -0.7712
vn 0.0938 -0.8516 -0.5158
vn 0.0938 -0.8516 -0.5157
vn 0.2661 -0.9470 -0.1800
vn 0.2661 -0.9470 -0.1799
vn 0.3993 -0.9005 0.1723
vn 0.4701 -0.7209 0.5092
vn 0.4762 -0.7182 0.5074
vn 0.4701 -0.7208 0.5094
vn 0.4142 -0.4533 0.7892
vn 0.4771 -0.4302 0.7664
vn 0.4771 -0.4301 0.7664
vn 0.4053 -0.0625 0.9120
vn 0.2956 -0.1088 0.9491
vn 0.4054 -0.0624 0.9120
vn 0.2737 0.2970 0.9148
vn 0.1328 0.2423 0.9611
vn 0.2737 0.2971 0.9148
vn 0.1021 0.6204 0.7776
vn 0.1021 0.6205 0.7775
vn 0.0626 0.9004 0.4306
vn -0.1494 0.9826 0.1101
vn -0.4010 0.8965 -0.1887
vn -0.1494 0.9826 0.1100
vn -0.3390 0.9145 -0.2208
vn -0.4010 0.8964 -0.1888
vn -0.3390 0.9145 -0.2207
vn -0.4796 0.7076 -0.5189
vn -0.4735 0.7102 -0.5209
vn -0.5423 0.3852 -0.7467
vn -0.4728 0.4097 -0.7801
vn -0.4020 0.0473 -0.9144
vn -0.5423 0.3851 -0.7467
vn -0.5271 0.0080 -0.8498
vn -0.5271 0.0079 -0.8498
vn -0.4262 -0.3630 -0.8286
vn -0.2670 -0.3143 -0.9110
vn -0.4261 -0.3630 -0.8286
vn -0.2678 -0.6773 -0.6853
vn 0.0937 -0.8516 -0.5157
vn -0.2678 -0.6773 -0.6852
vn -0.0626 -0.9003 -0.4306
vn -0.0626 -0.9004 -0.4306
vn 0.1481 -0.9820 -0.1170
vn 0.1481 -0.9820 -0.1169
vn 0.3347 -0.9186 0.2101
vn 0.3347 -0.9186 0.2102
vn 0.4675 -0.7246 0.5063
vn 0.4675 -0.7245 0.5064
vn 0.5387 -0.4138 0.7339
vn 0.4053 -0.0624 0.9120
vn 0.5290 -0.0311 0.8480
vn 0.4053 -0.0622 0.9120
vn 0.2736 0.2971 0.9148
vn 0.5290 -0.0310 0.8481
vn 0.4322 0.3457 0.8329
vn 0.2736 0.2972 0.9148
vn 0.1021 0.6205 0.7776
vn 0.2736 0.6723 0.6879
vn 0.1021 0.6206 0.7775
vn -0.0860 0.8522 0.5161
vn 0.0626 0.9004 0.4305
vn 0.2283 0.9212 0.3150
vn -0.0315 0.9994 0.0157
vn -0.0315 0.9994 0.0158
vn -0.2755 0.9210 -0.2755
vn -0.4823 0.7036 -0.5218
vn -0.4823 0.7037 -0.5218
vn -0.6141 0.3780 -0.6928
vn -0.5272 0.0079 -0.8497
vn -0.6141 0.3779 -0.6929
vn -0.6501 -0.0078 -0.7598
vn -0.5272 0.0078 -0.8497
vn -0.6501 -0.0079 -0.7598
vn -0.5906 -0.3858 -0.7087
vn -0.4261 -0.3631 -0.8286
vn -0.5906 -0.3859 -0.7087
vn -0.4389 -0.7054 -0.5565
vn -0.4389 -0.7055 -0.5565
vn -0.2267 -0.9224 -0.3128
vn -0.0626 -0.9004 -0.4305
vn -0.2267 -0.9224 -0.3127
vn 0.0236 -0.9992 -0.0316
vn 0.0236 -0.9992 -0.0315
vn 0.2655 -0.9291 0.2575
vn 0.4675 -0.7246 0.5064
vn 0.2655 -0.9290 0.2576
vn 0.6085 -0.3979 0.6866
vn 0.5291 -0.0311 0.8480
vn 0.6085 -0.3978 0.6866
vn 0.6545 -0.0156 0.7559
vn 0.5290 -0.0310 0.8480
vn 0.4321 0.3458 0.8329
vn 0.6546 -0.0155 0.7558
vn 0.5959 0.3685 0.7135
vn 0.2736 0.6722 0.6879
vn 0.4477 0.6990 0.5577
vn 0.2736 0.6723 0.6878
vn 0.4477 0.6990 0.5576
vn 0.2284 0.9212 0.3150
vn 0.3452 0.9178 0.1961
vn 0.0627 0.9961 -0.0626
vn 0.0627 0.9961 -0.0627
vn -0.2289 0.9235 -0.3078
vn -0.2290 0.9235 -0.3078
vn -0.4876 0.7078 -0.5112
vn -0.6681 0.3851 -0.6367
vn -0.6142 0.3779 -0.6928
vn -0.6501 -0.0077 -0.7598
vn -0.7491 0.0001 -0.6624
vn -0.7492 -0.0000 -0.6624
vn -0.7148 -0.3770 -0.5890
vn -0.5906 -0.3860 -0.7087
vn -0.4390 -0.7054 -0.5565
vn -0.7147 -0.3770 -0.5891
vn -0.5722 -0.6976 -0.4312
vn -0.5722 -0.6977 -0.4311
vn -0.3446 -0.9164 -0.2036
vn 0.0235 -0.9992 -0.0315
vn -0.0628 -0.9965 0.0549
vn 0.2654 -0.9291 0.2576
vn 0.2182 -0.9274 0.3038
vn 0.2182 -0.9274 0.3039
vn 0.6640 -0.3984 0.6327
vn 0.6086 -0.3978 0.6865
vn 0.6546 -0.0156 0.7558
vn 0.6640 -0.3983 0.6328
vn 0.7486 -0.0156 0.6628
vn 0.7173 0.3665 0.5926
vn 0.7173 0.3666 0.5926
vn 0.5806 0.6904 0.4315
vn 0.4477 0.6991 0.5576
vn 0.2283 0.9212 0.3149
vn 0.3452 0.9178 0.1962
vn 0.0627 0.9961 -0.0628
vn 0.4160 0.9027 0.1099
vn 0.1096 0.9861 -0.1251
vn 0.1096 0.9861 -0.1252
vn -0.2123 0.9197 -0.3302
vn -0.5025 0.7145 -0.4868
vn -0.4876 0.7077 -0.5112
vn -0.7170 0.3939 -0.5751
vn -0.6681 0.3850 -0.6367
vn -0.8184 0.0157 -0.5744
vn -0.7147 -0.3769 -0.5891
vn -0.8184 0.0156 -0.5744
vn -0.8004 -0.3609 -0.4787
vn -0.7147 -0.3771 -0.5891
vn -0.5723 -0.6976 -0.4311
vn -0.8003 -0.3610 -0.4787
vn -0.6578 -0.6813 -0.3211
vn -0.3447 -0.9164 -0.2036
vn -0.6578 -0.6814 -0.3211
vn -0.4160 -0.9027 -0.1099
vn -0.4159 -0.9027 -0.1099
vn -0.1097 -0.9870 0.1174
vn -0.1096 -0.9870 0.1175
vn 0.2032 -0.9225 0.3283
vn 0.4910 -0.7249 0.4832
vn 0.4762 -0.7181 0.5074
vn 0.6640 -0.3984 0.6328
vn 0.4911 -0.7248 0.4833
vn 0.7092 -0.4053 0.5768
vn 0.7093 -0.4053 0.5768
vn 0.8170 -0.0311 0.5758
vn 0.7486 -0.0155 0.6628
vn 0.7173 0.3664 0.5926
vn 0.7996 0.3528 0.4860
vn 0.6657 0.6736 0.3211
vn 0.4721 0.8812 0.0236
vn 0.1415 0.9747 -0.1729
vn -0.2057 0.9176 -0.3402
vn -0.2056 0.9176 -0.3401
vn -0.5218 0.7194 -0.4585
vn -0.7586 0.4109 -0.5057
vn -0.8184 0.0157 -0.5745
vn -0.7586 0.4108 -0.5057
vn -0.8775 0.0392 -0.4779
vn -0.8775 0.0391 -0.4779
vn -0.8651 -0.3303 -0.3775
vn -0.7242 -0.6534 -0.2204
vn -0.7242 -0.6535 -0.2204
vn -0.4688 -0.8830 -0.0234
vn -0.1481 -0.9740 0.1714
vn -0.1097 -0.9870 0.1175
vn 0.1947 -0.9191 0.3427
vn 0.2032 -0.9224 0.3283
vn 0.1948 -0.9190 0.3427
vn 0.5082 -0.7272 0.4614
vn 0.4911 -0.7248 0.4832
vn 0.5083 -0.7271 0.4614
vn 0.7506 -0.4222 0.5082
vn 0.8170 -0.0312 0.5758
vn 0.8772 -0.0470 0.4778
vn 0.8170 -0.0310 0.5758
vn 0.8772 -0.0469 0.4778
vn 0.8693 0.3211 0.3759
vn 0.7279 0.6497 0.2192
vn 0.5023 0.8634 -0.0471
vn 0.1568 0.9647 -0.2117
vn -0.2042 0.9188 -0.3377
vn -0.2057 0.9176 -0.3401
vn -0.5362 0.7334 -0.4179
vn -0.5363 0.7333 -0.4179
vn -0.7893 0.4342 -0.4341
vn -0.8775 0.0393 -0.4779
vn -0.7894 0.4341 -0.4341
vn -0.9233 0.0631 -0.3788
vn -0.9233 0.0630 -0.3788
vn -0.9133 -0.3070 -0.2677
vn -0.7693 -0.6280 -0.1177
vn -0.5082 -0.8599 0.0469
vn -0.4688 -0.8830 -0.0235
vn -0.1482 -0.9740 0.1714
vn -0.5081 -0.8600 0.0469
vn -0.1645 -0.9634 0.2115
vn -0.1480 -0.9740 0.1714
vn 0.1947 -0.9190 0.3427
vn 0.5083 -0.7272 0.4613
vn 0.5283 -0.7381 0.4196
vn 0.5084 -0.7272 0.4613
vn 0.7506 -0.4223 0.5082
vn 0.7842 -0.4426 0.4348
vn 0.7507 -0.4222 0.5082
vn 0.8772 -0.0471 0.4778
vn 0.7843 -0.4426 0.4348
vn 0.9207 -0.0780 0.3823
vn 0.8693 0.3210 0.3759
vn 0.9148 0.2971 0.2737
vn 0.7685 0.6274 0.1255
vn 0.4722 0.8812 0.0236
vn 0.5023 0.8634 -0.0472
vn 0.1568 0.9646 -0.2118
vn 0.5239 0.8447 -0.1095
vn 0.1649 0.9578 -0.2355
vn 0.1569 0.9646 -0.2118
vn -0.2047 0.9213 -0.3307
vn -0.5361 0.7334 -0.4179
vn -0.5511 0.7479 -0.3700
vn -0.8170 0.4556 -0.3535
vn -0.9542 0.0946 -0.2839
vn -0.9133 -0.3069 -0.2677
vn -0.9475 -0.2741 -0.1645
vn -0.9475 -0.2742 -0.1645
vn -0.7977 -0.6022 -0.0313
vn -0.5082 -0.8600 0.0469
vn -0.7977 -0.6023 -0.0313
vn -0.5240 -0.8446 0.1094
vn -0.1646 -0.9634 0.2115
vn -0.5239 -0.8447 0.1095
vn -0.1725 -0.9565 0.2352
vn 0.2033 -0.9224 0.3283
vn 0.5447 -0.7547 0.3657
vn 0.7842 -0.4427 0.4348
vn 0.8111 -0.4679 0.3510
vn 0.9541 -0.1017 0.2816
vn 0.9208 -0.0780 0.3823
vn 0.9148 0.2971 0.2736
vn 0.9483 0.2664 0.1724
vn 0.9483 0.2666 0.1724
vn 0.7977 0.6022 0.0313
vn 0.5240 0.8446 -0.1095
vn 0.5240 0.8447 -0.1095
vn 0.5338 0.8323 -0.1492
vn 0.1646 0.9560 -0.2429
vn -0.2133 0.9322 -0.2923
vn -0.5651 0.7692 -0.2983
vn -0.8351 0.4805 -0.2678
vn -0.8350 0.4806 -0.2679
vn -0.9740 0.1257 -0.1885
vn -0.9667 -0.2437 -0.0786
vn -0.9667 -0.2436 -0.0786
vn -0.8144 -0.5795 0.0313
vn -0.5240 -0.8446 0.1095
vn -0.8143 -0.5795 0.0313
vn -0.5339 -0.8323 0.1492
vn -0.5240 -0.8447 0.1095
vn -0.5338 -0.8323 0.1492
vn -0.1723 -0.9547 0.2426
vn -0.1722 -0.9547 0.2426
vn 0.2038 -0.9326 0.2978
vn 0.5446 -0.7548 0.3657
vn 0.2039 -0.9326 0.2978
vn 0.5551 -0.7739 0.3049
vn 0.8111 -0.4679 0.3509
vn 0.5550 -0.7739 0.3049
vn 0.8270 -0.4915 0.2730
vn 0.8112 -0.4679 0.3509
vn 0.9542 -0.1016 0.2815
vn 0.8270 -0.4914 0.2731
vn 0.9744 -0.1247 0.1871
vn 0.9542 -0.1017 0.2815
vn 0.9666 0.2416 0.0857
vn 0.9483 0.2665 0.1724
vn 0.7978 0.6022 0.0313
vn 0.8144 0.5795 -0.0313
vn 0.7977 0.6023 0.0313
vn 0.8143 0.5795 -0.0313
vn 0.5339 0.8323 -0.1492
vn 0.1647 0.9560 -0.2429
vn 0.5332 0.8313 -0.1569
vn 0.1656 0.9612 -0.2206
vn -0.2132 0.9322 -0.2923
vn 0.1655 0.9612 -0.2206
vn -0.2208 0.9462 -0.2366
vn -0.5688 0.7899 -0.2291
vn -0.5651 0.7692 -0.2982
vn -0.8350 0.4807 -0.2678
vn -0.5687 0.7900 -0.2291
vn -0.8418 0.5113 -0.1731
vn -0.8351 0.4806 -0.2678
vn -0.9835 0.1495 -0.1023
vn -0.9740 0.1256 -0.1885
vn -0.9737 -0.2277 -0.0078
vn -0.8144 -0.5794 0.0313
vn -0.9737 -0.2277 -0.0079
vn -0.8222 -0.5638 0.0783
vn -0.5382 -0.8268 0.1638
vn -0.1719 -0.9605 0.2187
vn 0.2037 -0.9327 0.2978
vn -0.1717 -0.9606 0.2186
vn 0.2113 -0.9468 0.2426
vn 0.5550 -0.7740 0.3049
vn 0.2114 -0.9468 0.2426
vn 0.5694 -0.7880 0.2340
vn 0.8269 -0.4915 0.2731
vn 0.5695 -0.7879 0.2341
vn 0.8429 -0.5073 0.1795
vn 0.9837 -0.1485 0.1015
vn 0.9744 -0.1246 0.1871
vn 0.9837 -0.1483 0.1015
vn 0.9740 0.2260 0.0156
vn 0.9666 0.2416 0.0858
vn 0.8222 0.5638 -0.0783
vn 0.5333 0.8313 -0.1568
vn 0.5332 0.8313 -0.1568
vn 0.5345 0.8333 -0.1415
vn 0.1647 0.9725 -0.1647
vn -0.2207 0.9462 -0.2366
vn -0.2209 0.9624 -0.1578
vn -0.2209 0.9462 -0.2365
vn -0.5678 0.8122 -0.1341
vn -0.5689 0.7899 -0.2291
vn -0.8418 0.5114 -0.1731
vn -0.5678 0.8122 -0.1340
vn -0.8443 0.5288 -0.0868
vn -0.8418 0.5112 -0.1731
vn -0.9834 0.1495 -0.1023
vn -0.8444 0.5287 -0.0868
vn -0.9859 0.1656 -0.0236
vn -0.9737 -0.2276 -0.0079
vn -0.9859 0.1656 -0.0237
vn -0.9760 -0.2125 0.0472
vn -0.9737 -0.2278 -0.0078
vn -0.8222 -0.5637 0.0783
vn -0.8241 -0.5572 0.1020
vn -0.5382 -0.8267 0.1638
vn -0.5395 -0.8288 0.1486
vn -0.5394 -0.8288 0.1486
vn -0.1722 -0.9699 0.1721
vn -0.1717 -0.9606 0.2187
vn -0.1720 -0.9699 0.1721
vn 0.2189 -0.9618 0.1642
vn 0.5688 -0.8104 0.1403
vn 0.5695 -0.7880 0.2340
vn 0.5689 -0.8103 0.1403
vn 0.8431 -0.5308 0.0859
vn 0.9861 -0.1645 0.0235
vn 0.9740 0.2259 0.0156
vn 0.9861 -0.1644 0.0235
vn 0.9767 0.2110 -0.0391
vn 0.8205 0.5626 -0.1016
vn 0.5333 0.8312 -0.1569
vn 0.5346 0.8332 -0.1415
vn 0.5345 0.8332 -0.1415
vn 0.5344 0.8408 -0.0864
vn 0.1728 0.9818 -0.0785
vn -0.2208 0.9625 -0.1578
vn 0.1728 0.9818 -0.0786
vn -0.2124 0.9756 -0.0551
vn -0.2210 0.9624 -0.1578
vn -0.5677 0.8122 -0.1340
vn -0.5654 0.8245 -0.0235
vn -0.5678 0.8121 -0.1341
vn -0.5654 0.8245 -0.0236
vn -0.8403 0.5419 0.0157
vn -0.9859 0.1657 -0.0237
vn -0.9824 0.1808 0.0471
vn -0.9824 0.1808 0.0472
vn -0.9757 -0.2045 0.0787
vn -0.9760 -0.2126 0.0472
vn -0.9757 -0.2046 0.0787
vn -0.8247 -0.5577 0.0942
vn -0.8247 -0.5576 0.0943
vn -0.5396 -0.8367 0.0938
vn -0.5394 -0.8288 0.1485
vn -0.1721 -0.9699 0.1721
vn -0.1714 -0.9815 0.0857
vn 0.2190 -0.9618 0.1642
vn -0.1713 -0.9815 0.0857
vn 0.2107 -0.9756 0.0624
vn 0.2107 -0.9755 0.0624
vn 0.5707 -0.8208 0.0235
vn 0.8431 -0.5309 0.0859
vn 0.5707 -0.8208 0.0234
vn 0.8426 -0.5384 -0.0078
vn 0.9861 -0.1643 0.0235
vn 0.8427 -0.5384 -0.0078
vn 0.9840 -0.1719 -0.0468
vn 0.9840 -0.1718 -0.0469
vn 0.9751 0.2106 -0.0702
vn 0.9750 0.2106 -0.0702
vn 0.8217 0.5634 -0.0861
vn 0.8204 0.5627 -0.1016
vn 0.1729 0.9818 -0.0785
vn 0.5419 0.8404 -0.0000
vn 0.1808 0.9824 0.0472
vn -0.2125 0.9756 -0.0551
vn 0.1806 0.9824 0.0472
vn -0.1969 0.9766 0.0866
vn -0.5513 0.8270 0.1103
vn -0.8262 0.5509 0.1180
vn -0.9824 0.1809 0.0472
vn -0.8263 0.5508 0.1180
vn -0.9772 0.1812 0.1103
vn -0.9772 0.1813 0.1103
vn -0.9750 -0.2045 0.0865
vn -0.9751 -0.2044 0.0865
vn -0.8299 -0.5559 0.0470
vn -0.8247 -0.5577 0.0943
vn -0.5475 -0.8367 0.0078
vn -0.5396 -0.8367 0.0939
vn -0.5474 -0.8368 0.0078
vn -0.1795 -0.9833 -0.0312
vn 0.2106 -0.9756 0.0624
vn 0.2032 -0.9766 -0.0703
vn 0.5626 -0.8205 -0.1016
vn 0.5626 -0.8204 -0.1016
vn 0.8354 -0.5387 -0.1093
vn 0.8427 -0.5383 -0.0078
vn 0.9840 -0.1718 -0.0468
vn 0.9797 -0.1725 -0.1019
vn 0.9840 -0.1717 -0.0469
vn 0.9798 -0.1724 -0.1019
vn 0.9745 0.2105 -0.0779
vn 0.9750 0.2107 -0.0702
vn 0.9745 0.2106 -0.0779
vn 0.8241 0.5651 -0.0393
vn 0.5419 0.8405 -0.0000
vn 0.1808 0.9824 0.0471
vn 0.4997 0.4841 0.7183
vn 0.2276 0.5967 0.7695
vn -0.1968 0.9766 0.0866
vn 0.2277 0.5967 0.7695
vn -0.0627 0.5874 0.8068
vn -0.5512 0.8270 0.1103
vn -0.3359 0.4766 0.8124
vn -0.5513 0.8270 0.1102
vn -0.3359 0.4765 0.8125
vn -0.5467 0.2578 0.7967
vn -0.9772 0.1814 0.1103
vn -0.5466 0.2578 0.7967
vn -0.6501 -0.0157 0.7597
vn -0.9772 0.1811 0.1103
vn -0.9751 -0.2043 0.0865
vn -0.6501 -0.0156 0.7597
vn -0.6429 -0.2979 0.7056
vn -0.6428 -0.2980 0.7056
vn -0.5311 -0.5546 0.6406
vn -0.5311 -0.5547 0.6406
vn -0.3277 -0.7415 0.5854
vn -0.0623 -0.8411 0.5373
vn -0.1794 -0.9833 -0.0312
vn 0.2030 -0.9766 -0.0703
vn -0.0623 -0.8410 0.5374
vn 0.2108 -0.8355 0.5075
vn 0.2031 -0.9766 -0.0703
vn 0.2108 -0.8354 0.5076
vn 0.4684 -0.7339 0.4920
vn 0.8353 -0.5387 -0.1093
vn 0.6790 -0.5307 0.5073
vn 0.9797 -0.1726 -0.1019
vn 0.6790 -0.5306 0.5073
vn 0.7967 -0.2734 0.5390
vn 0.9797 -0.1724 -0.1019
vn 0.9745 0.2104 -0.0780
vn 0.7967 -0.2734 0.5391
vn 0.8046 0.0078 0.5937
vn 0.9745 0.2105 -0.0780
vn 0.8241 0.5650 -0.0393
vn 0.7032 0.2734 0.6564
vn 0.7032 0.2735 0.6563
vn 0.4996 0.4841 0.7183
vn 0.1957 -0.4071 0.8922
vn 0.0940 0.1802 0.9791
vn 0.6238 -0.0545 0.7797
vn 0.2359 0.8495 0.4719
vn 0.6568 0.4927 0.5708
vn -0.2110 0.5313 0.8205
vn -0.0314 0.9349 0.3535
vn -0.5595 0.7249 0.4019
vn -0.3216 0.8786 0.3529
vn 0.4685 -0.7339 0.4918
vn 0.6790 -0.5307 0.5072
vn 0.2108 -0.8355 0.5074
vn 0.8047 0.0078 0.5937
vn 0.7032 0.2734 0.6563
vn -0.5312 -0.5546 0.6405
vn -0.0626 0.5875 0.8068
vn -0.5467 0.2578 0.7966
vn 0.6368 0.0314 -0.7704
vn 0.5266 0.2594 -0.8096
vn 0.4173 0.4802 -0.7715
vn 0.3157 0.6865 -0.6550
vn 0.2360 0.8495 -0.4719
vn 0.1807 0.9509 -0.2514
vn 0.1807 0.9508 -0.2515
vn 0.1644 0.9864 -0.0000
vn 0.8832 -0.4690 -0.0000
vn 0.8676 -0.4299 -0.2501
vn 0.8176 -0.3302 -0.4717
vn 0.7383 -0.1728 -0.6519
vn 0.6368 0.0315 -0.7704
vn 0.8991 0.4378 -0.0001
vn 0.2197 0.4237 0.8788
vn 0.3446 0.1645 0.9242
vn 0.2197 0.4236 0.8788
vn 0.4765 -0.0859 0.8750
vn 0.5849 -0.3120 0.7487
vn 0.5849 -0.3119 0.7487
vn 0.6759 -0.4972 0.5439
vn 0.6760 -0.4973 0.5439
vn 0.6760 -0.4973 0.5438
vn 0.7330 -0.6160 0.2885
vn 0.7559 -0.6546 0.0001
vn -0.0629 0.9980 -0.0000
vn -0.0392 0.9562 0.2900
vn -0.0629 0.9980 0.0001
vn 0.0156 0.8367 0.5474
vn -0.0392 0.9562 0.2901
vn 0.1096 0.6501 0.7519
vn 0.1097 0.6501 0.7519
vn 0.5028 0.3928 -0.7700
vn 0.2835 0.5118 -0.8110
vn 0.2834 0.5118 -0.8110
vn 0.0631 0.6311 -0.7731
vn -0.1343 0.7428 -0.6559
vn -0.2926 0.8303 -0.4744
vn -0.2926 0.8302 -0.4745
vn -0.3944 0.8836 -0.2525
vn -0.3944 0.8836 -0.2524
vn -0.4315 0.9021 -0.0001
vn -0.4314 0.9022 -0.0000
vn 0.9931 0.1173 -0.0000
vn 0.9582 0.1402 -0.2493
vn 0.8609 0.1957 -0.4696
vn 0.9582 0.1402 -0.2494
vn 0.8609 0.1957 -0.4697
vn 0.7013 0.2837 -0.6540
vn 0.4786 0.8781 -0.0000
vn 0.4780 0.8783 -0.0000
vn 0.4787 0.8780 0.0001
vn -0.0628 0.4713 0.8797
vn 0.1877 0.3363 0.9229
vn 0.1876 0.3363 0.9229
vn 0.4385 0.1958 0.8771
vn 0.4386 0.1958 0.8771
vn 0.6609 0.0778 0.7464
vn 0.8389 -0.0233 0.5438
vn 0.6610 0.0778 0.7464
vn 0.9534 -0.0860 0.2891
vn 0.8390 -0.0233 0.5437
vn 0.9534 -0.0860 0.2892
vn 0.9948 -0.1018 -0.0000
vn -0.6237 0.7816 -0.0000
vn -0.5839 0.7575 0.2920
vn -0.5839 0.7575 0.2919
vn -0.4708 0.6905 0.5491
vn -0.4708 0.6904 0.5492
vn -0.4708 0.6905 0.5492
vn -0.2893 0.5942 0.7505
vn 0.4998 0.3905 0.7731
vn 0.2816 0.5085 0.8137
vn 0.2817 0.5085 0.8137
vn 0.2816 0.5086 0.8137
vn 0.0627 0.6273 0.7763
vn -0.1336 0.7390 0.6604
vn -0.1337 0.7390 0.6603
vn -0.1336 0.7390 0.6603
vn -0.2915 0.8271 0.4805
vn -0.3944 0.8836 0.2525
vn -0.3944 0.8836 0.2524
vn -0.4315 0.9021 -0.0000
vn 0.9931 0.1173 0.0001
vn 0.9582 0.1402 0.2493
vn 0.8578 0.1949 0.4756
vn 0.8578 0.1949 0.4757
vn 0.8577 0.1949 0.4757
vn 0.6977 0.2822 0.6585
vn -0.0628 0.4713 -0.8797
vn 0.1891 0.3387 -0.9217
vn 0.4385 0.1958 -0.8771
vn 0.4386 0.1958 -0.8771
vn 0.6647 0.0782 -0.7430
vn 0.8425 -0.0234 -0.5382
vn 0.8425 -0.0234 -0.5383
vn 0.9555 -0.0862 -0.2820
vn 0.9555 -0.0862 -0.2821
vn -0.5852 0.7592 -0.2847
vn -0.4728 0.6934 -0.5437
vn -0.4728 0.6934 -0.5438
vn -0.2910 0.5977 -0.7470
vn -0.2910 0.5977 -0.7471
vn 0.2748 -0.1491 -0.9499
vn 0.2747 -0.1491 -0.9499
vn 0.2748 -0.1492 -0.9498
vn 0.5176 -0.2823 -0.8077
vn 0.5176 -0.2824 -0.8077
vn 0.7105 -0.3904 -0.5855
vn 0.8372 -0.4538 -0.3053
vn 0.8372 -0.4538 -0.3052
vn 0.8372 -0.4538 -0.3051
vn 0.8782 -0.4783 -0.0001
vn 0.8782 -0.4783 -0.0000
vn 0.8352 -0.4527 0.3122
vn 0.7105 -0.3904 0.5855
vn 0.8352 -0.4527 0.3123
vn 0.7105 -0.3904 0.5854
vn 0.5143 -0.2805 0.8104
vn 0.7104 -0.3904 0.5856
vn 0.2727 -0.1480 0.9506
vn 0.5143 -0.2805 0.8105
vn 0.2727 -0.1481 0.9506
vn 0.2727 -0.1480 0.9507
vn -0.2658 0.1407 0.9537
vn -0.5096 0.2744 0.8155
vn -0.5097 0.2744 0.8154
vn -0.7087 0.3859 0.5906
vn -0.8328 0.4557 0.3143
vn -0.8782 0.4783 -0.0000
vn -0.8782 0.4783 0.0001
vn -0.8349 0.4568 -0.3072
vn -0.8348 0.4568 -0.3072
vn -0.8349 0.4568 -0.3071
vn -0.7087 0.3859 -0.5906
vn -0.7087 0.3859 -0.5907
vn -0.5129 0.2762 -0.8128
vn -0.2678 0.1418 -0.9530
vn -0.0000 -0.9389 0.3443
vn -0.3759 -0.8693 0.3211
vn -0.0000 -0.9389 0.3442
vn -0.3759 -0.8692 0.3211
vn -0.7052 -0.6661 0.2429
vn -0.9234 -0.3601 0.1330
vn -0.9234 -0.3600 0.1330
vn -1.0000 -0.0000 -0.0000
vn -0.9270 0.3535 -0.1257
vn -0.9269 0.3536 -0.1257
vn -0.7103 0.6629 -0.2368
vn -0.9269 0.3535 -0.1257
vn -0.3794 0.8695 -0.3162
vn -0.7103 0.6629 -0.2367
vn -0.0000 0.9414 -0.3373
vn 0.3862 0.8669 -0.3152
vn 0.7141 0.6593 -0.2354
vn 0.7142 0.6592 -0.2354
vn 0.9269 0.3535 -0.1257
vn 0.9270 0.3534 -0.1257
vn 1.0000 -0.0000 -0.0000
vn 0.9270 0.3535 -0.1257
vn 1.0000 -0.0000 -0.0001
vn 0.9234 -0.3600 0.1330
vn 0.7091 -0.6624 0.2416
vn 0.7092 -0.6623 0.2416
vn 0.3826 -0.8667 0.3201
vn 0.3827 -0.8667 0.3201
vn 0.3825 -0.8667 0.3201
vn -0.3126 -0.9142 -0.2579
vn -0.5817 -0.7469 -0.3223
vn -0.3125 -0.9142 -0.2579
vn -0.5817 -0.7468 -0.3223
vn -0.7624 -0.4952 -0.4166
vn -0.8265 -0.1969 -0.5274
vn -0.8265 -0.1968 -0.5274
vn -0.7674 0.1027 -0.6329
vn -0.7674 0.1028 -0.6329
vn -0.7674 0.1029 -0.6329
vn -0.5857 0.3561 -0.7281
vn -0.5856 0.3562 -0.7281
vn -0.3153 0.5282 -0.7884
vn -0.3154 0.5282 -0.7884
vn 0.3224 0.5269 -0.7864
vn 0.3223 0.5269 -0.7864
vn 0.5908 0.3545 -0.7247
vn 0.5907 0.3545 -0.7248
vn 0.7706 0.1022 -0.6291
vn 0.8290 -0.1955 -0.5240
vn 0.7657 -0.4922 -0.4141
vn 0.5869 -0.7434 -0.3208
vn 0.3196 -0.9120 -0.2572
vn 0.3195 -0.9120 -0.2572
vn -0.0000 -0.9702 -0.2425
vn -0.1100 -0.7067 -0.6989
vn 0.1655 0.9612 0.2206
vn 0.1722 0.9547 0.2426
vn 0.1094 0.9140 0.3906
vn 0.1018 0.9005 0.4228
vn 0.0079 0.7778 0.6285
vn 0.0391 0.8362 0.5470
vn -0.0236 0.7635 0.6454
vn 0.0156 0.8210 0.5707
vn 0.0391 0.8362 0.5471
vn 0.0156 0.8210 0.5708
vn 0.0941 0.8857 0.4546
vn 0.1410 0.8537 0.5013
vn -0.0000 0.8047 0.5937
vn 0.1810 0.9441 0.2754
vn 0.2272 0.9247 0.3056
vn 0.2272 0.9246 0.3056
vn 0.0626 0.8446 0.5318
vn 0.1337 0.8491 0.5110
vn 0.1259 0.9205 0.3698
vn 0.1801 0.9242 0.3368
vn 0.1721 0.9622 0.2112
vn 0.2044 0.9590 0.1965
vn 0.3382 0.9203 0.1967
vn 0.4703 0.8622 0.1881
vn 0.3368 0.8851 0.3212
vn 0.4625 0.8232 0.3293
vn 0.3382 0.9203 0.1966
vn 0.3141 0.7851 0.5338
vn 0.4546 0.7837 0.4232
vn 0.4626 0.8232 0.3293
vn 0.5715 0.7125 0.4071
vn 0.5957 0.7290 0.3371
vn 0.6898 0.6036 0.3998
vn 0.4626 0.8231 0.3293
vn 0.5958 0.7290 0.3371
vn 0.7187 0.6172 0.3203
vn 0.9440 -0.0390 0.3276
vn 0.8922 -0.4070 0.1957
vn 0.8922 -0.4070 0.1958
vn 0.9538 -0.2346 0.1877
vn 0.8603 -0.4301 0.2737
vn 0.9049 -0.3198 0.2809
vn 0.9539 -0.2345 0.1876
vn 0.9442 -0.1951 0.2653
vn 0.9456 -0.1329 0.2970
vn 0.7874 -0.5848 0.1949
vn 0.7875 -0.5847 0.1949
vn 0.8062 -0.5244 0.2740
vn 0.4141 -0.8907 0.1875
vn 0.5628 -0.8050 0.1876
vn 0.3914 -0.8533 0.3445
vn 0.5386 -0.7728 0.3357
vn 0.3684 -0.8152 0.4468
vn 0.3596 -0.7974 0.4847
vn 0.5218 -0.7086 0.4750
vn 0.6089 -0.6402 0.4684
vn 0.6168 -0.6325 0.4685
vn 0.3685 -0.8152 0.4468
vn 0.2274 -0.8391 0.4941
vn 0.2345 -0.8599 0.4534
vn 0.3684 -0.8153 0.4468
vn 0.2424 -0.9071 0.3441
vn 0.1090 -0.8645 0.4907
vn 0.1169 -0.8883 0.4442
vn 0.1169 -0.8883 0.4441
vn 0.1245 -0.9341 0.3347
vn 0.2565 -0.9484 0.1866
vn 0.4156 -0.9096 -0.0000
vn 0.2565 -0.9484 0.1865
vn 0.1326 -0.9748 0.1794
vn 0.2565 -0.9483 0.1866
vn 0.1246 -0.9341 0.3347
vn 0.0234 -0.9835 0.1795
vn 0.0468 -0.9827 0.1794
vn 0.0234 -0.9420 0.3348
vn 0.0546 -0.9433 0.3274
vn 0.0391 -0.8906 0.4531
vn 0.0234 -0.8661 0.4994
vn 0.0078 -0.8832 0.4690
vn 0.0390 0.7333 0.6788
vn 0.1569 0.7139 0.6825
vn 0.1877 0.7507 0.6334
vn 0.2347 0.8136 0.5320
vn 0.2513 0.7225 0.6440
vn 0.2830 0.7310 0.6210
vn 0.2830 0.7310 0.6209
vn 0.3371 0.7761 0.5330
vn 0.4165 0.8408 0.3458
vn 0.4628 0.8865 0.0001
vn 0.3141 0.8873 0.3377
vn 0.4165 0.8408 0.3457
vn 0.3371 0.7760 0.5331
vn 0.3141 0.8873 0.3376
vn 0.2273 0.9246 0.3056
vn 0.2347 0.8136 0.5319
vn -0.8917 -0.4458 -0.0782
vn -0.8874 -0.4555 -0.0707
vn -0.8825 -0.4649 -0.0709
vn -0.9185 -0.3925 -0.0471
vn -0.9139 -0.4023 -0.0549
vn -0.9300 -0.3673 -0.0156
vn -0.9326 -0.3605 -0.0157
vn -0.9140 -0.4019 -0.0552
vn -0.9372 -0.1654 0.3072
vn -0.9372 -0.1654 0.3071
vn -0.9502 -0.1728 0.2592
vn -0.9463 -0.1720 0.2737
vn -0.9694 -0.1813 0.1655
vn -0.9639 -0.1802 0.1959
vn 0.2513 0.7226 0.6440
vn -0.9503 -0.1728 0.2591
vn -0.9463 -0.1721 0.2737
vn -0.9128 -0.1731 0.3698
vn -0.9045 -0.1651 0.3933
vn -0.9288 -0.3699 -0.0236
vn -0.9045 -0.1652 0.3932
vn -0.9150 -0.4023 -0.0315
vn -0.8937 -0.4469 -0.0392
vn 0.0314 0.7843 0.6196
vn 0.0938 0.7812 0.6172
vn 0.0626 0.8445 0.5318
vn 0.8847 0.3053 0.3523
vn 0.8804 0.3506 0.3194
vn 0.7969 0.4609 0.3906
vn 0.8462 0.4701 0.2508
vn 0.9008 0.2741 0.3368
vn 0.8462 0.4701 0.2507
vn 0.8122 -0.5233 -0.2578
vn 0.8122 -0.5233 -0.2577
vn 0.8272 -0.5619 -0.0001
vn 0.7594 -0.4150 -0.5011
vn 0.8123 -0.5233 -0.2577
vn 0.7619 -0.4084 -0.5027
vn 0.4495 0.2129 -0.8675
vn 0.5655 -0.0157 -0.8246
vn 0.3374 0.4551 -0.8240
vn 0.6796 -0.2343 -0.6952
vn 0.7594 -0.4149 -0.5011
vn 0.0945 0.9610 -0.2599
vn 0.1490 0.8472 -0.5099
vn 0.2281 0.6766 -0.7001
vn 0.2281 0.6765 -0.7002
vn 0.3374 0.4552 -0.8240
vn 0.0780 -0.1093 0.9909
vn 0.0780 -0.1092 0.9910
vn -0.0390 -0.5614 0.8266
vn -0.0000 -0.3349 0.9422
vn -0.0000 -0.3348 0.9423
vn -0.0390 -0.5615 0.8266
vn -0.0234 -0.7411 0.6710
vn -0.0390 -0.5615 0.8265
vn -0.0156 -0.7413 0.6710
vn 0.0467 -0.8871 0.4592
vn -0.0156 -0.7412 0.6711
vn 0.1326 -0.9668 0.2184
vn 0.0467 -0.8872 0.4591
vn 0.6803 0.4692 0.5630
vn 0.5287 0.4043 0.7463
vn 0.5317 0.4066 0.7429
vn 0.2027 0.0936 0.9748
vn 0.2028 0.0936 0.9747
vn 0.3599 0.2738 0.8919
vn 0.5286 0.4043 0.7464
vn 0.5318 0.4066 0.7429
vn 0.9168 0.3840 0.1097
vn 0.8163 0.4631 0.3453
vn 0.8162 0.4631 0.3454
vn 0.2572 -0.9662 0.0156
vn 0.9628 0.2505 -0.1018
vn 0.9572 0.0628 -0.2825
vn 0.4596 -0.8647 -0.2025
vn 0.2571 -0.9663 0.0156
vn 0.8375 -0.3366 -0.4305
vn 0.9124 -0.1248 -0.3899
vn 0.6895 -0.6190 -0.3761
vn 0.6862 -0.6237 -0.3743
vn 0.5677 -0.7622 -0.3111
vn 0.4596 -0.8647 -0.2026
vn 0.6861 -0.6238 -0.3743
vn 0.9608 0.1015 -0.2579
vn 0.8113 0.5539 0.1872
vn 0.8462 0.4702 0.2507
vn 0.5845 -0.6937 0.4209
vn 0.7417 -0.6090 0.2810
vn 0.0156 -0.3511 0.9362
vn 0.1011 -0.1167 0.9880
vn 0.2265 0.1016 0.9687
vn 0.2265 0.1015 0.9687
vn 0.2266 0.1016 0.9687
vn 0.3676 0.2894 0.8838
vn 0.5257 0.4237 0.7377
vn 0.5257 0.4237 0.7376
vn 0.6743 0.4940 0.5489
vn 0.8057 0.4928 0.3286
vn 0.8057 0.4928 0.3285
vn 0.9005 0.4228 0.1018
vn 0.9541 0.2816 -0.1017
vn 0.9570 0.0941 -0.2745
vn 0.8253 -0.3537 -0.4402
vn 0.7008 -0.5762 -0.4205
vn 0.7008 -0.5763 -0.4205
vn 0.5528 -0.7631 -0.3348
vn 0.3982 -0.8979 -0.1874
vn 0.3982 -0.8980 -0.1874
vn 0.2499 -0.9682 0.0078
vn 0.1172 -0.9687 0.2188
vn 0.1172 -0.9687 0.2187
vn 0.0234 -0.8957 0.4440
vn -0.0235 -0.7596 0.6500
vn -0.0313 -0.5706 0.8206
vn -0.0313 -0.5705 0.8207
vn 0.7886 -0.3983 0.4685
vn 0.8208 -0.0235 -0.5707
vn 0.7185 -0.2890 -0.6326
vn 0.5792 -0.5401 -0.6106
vn 0.5792 -0.5402 -0.6105
vn 0.4068 -0.7589 -0.5085
vn 0.2350 -0.9088 -0.3447
vn 0.0624 -0.9902 -0.1248
vn 0.0624 -0.9902 -0.1247
vn -0.0779 -0.9891 0.1246
vn -0.1878 -0.9076 0.3756
vn -0.1878 -0.9076 0.3755
vn -0.2505 -0.7514 0.6104
vn -0.2505 -0.7514 0.6105
vn -0.2505 -0.7513 0.6105
vn -0.2572 -0.5378 0.8029
vn -0.2027 -0.2885 0.9358
vn -0.2028 -0.2885 0.9358
vn -0.1018 -0.0235 0.9945
vn 0.0314 0.2276 0.9732
vn 0.0314 0.2276 0.9733
vn 0.2033 0.4379 0.8757
vn 0.3773 0.5975 0.7076
vn 0.3774 0.5975 0.7075
vn 0.5510 0.6769 0.4880
vn 0.6975 0.6741 0.2430
vn 0.6976 0.6740 0.2430
vn 0.6976 0.6741 0.2430
vn 0.6976 0.6741 0.2429
vn 0.8045 0.5937 -0.0156
vn 0.8046 0.5937 -0.0156
vn 0.8626 0.4393 -0.2509
vn 0.8627 0.4391 -0.2510
vn 0.8626 0.4392 -0.2509
vn 0.8626 0.4392 -0.2510
vn 0.8710 0.2197 -0.4394
vn 0.8208 -0.0234 -0.5707
vn 0.3361 -0.2814 0.8988
vn 0.3505 -0.2727 0.8960
vn 0.1957 -0.3288 0.9239
vn 0.1958 -0.3288 0.9239
vn 0.1168 -0.3350 0.9349
vn 0.1169 -0.3350 0.9349
vn 0.0390 -0.3277 0.9440
vn -0.0313 -0.3208 0.9466
vn -0.0547 -0.2969 0.9533
vn -0.5264 -0.4478 0.7227
vn -0.7303 -0.4791 0.4869
vn -0.9017 -0.4313 -0.0314
vn 0.4379 -0.2346 0.8679
vn 0.4378 -0.2346 0.8679
vn 0.3506 -0.2727 0.8959
vn -0.2353 0.1177 0.9648
vn -0.6829 -0.1099 0.7222
vn -0.2429 0.1097 0.9638
vn 0.0936 0.3590 0.9286
vn 0.0157 0.3442 0.9388
vn 0.0078 0.3442 0.9389
vn 0.3127 0.3284 0.8913
vn 0.2424 0.3441 0.9071
vn 0.2497 0.3434 0.9054
vn 0.3591 0.3045 0.8822
vn 0.3978 0.2808 0.8735
vn 0.3986 0.2736 0.8754
vn 0.3977 0.2808 0.8735
vn 0.4235 0.2510 0.8704
vn 0.4307 0.2428 0.8692
vn 0.4235 0.2509 0.8705
vn 0.4596 0.2025 0.8647
vn 0.4671 0.1869 0.8642
vn 0.4597 0.2025 0.8647
vn 0.4672 0.1869 0.8642
vn 0.5081 0.1251 0.8522
vn 0.5153 0.1015 0.8510
vn 0.5082 0.1251 0.8521
vn 0.5373 0.0623 0.8411
vn -0.8919 -0.2269 0.3912
vn -0.0470 0.7517 0.6578
vn 0.0156 0.8209 0.5708
vn -0.0000 0.8046 0.5938
vn 0.0940 0.8857 0.4546
vn 0.1018 0.9005 0.4229
vn -0.2119 0.1962 0.9574
vn -0.1413 0.2512 0.9576
vn -0.1256 0.2590 0.9577
vn 0.2600 0.9453 0.1969
vn 0.2426 0.9155 0.3208
vn 0.2600 0.9453 0.1970
vn 0.3368 0.8851 0.3211
vn 0.2047 0.8344 0.5117
vn 0.2426 0.9156 0.3208
vn 0.2735 0.6643 0.6956
vn 0.1803 0.7446 0.6427
vn 0.1805 0.3531 0.9180
vn 0.1729 0.3536 0.9193
vn 0.2203 0.9754 0.0001
vn 0.1802 0.9242 0.3368
vn 0.0937 0.7812 0.6172
vn 0.0937 0.3590 0.9286
vn 0.1886 0.9821 0.0001
vn -0.0390 0.3043 0.9518
vn -0.0469 0.2970 0.9537
vn 0.0078 0.3443 0.9388
vn -0.1256 0.2591 0.9576
vn -0.0469 0.2971 0.9537
vn -0.5264 -0.4478 0.7228
vn -0.7304 -0.4791 0.4869
vn -0.0078 -0.8519 0.5236
vn 0.3981 -0.6791 0.6167
vn 0.1329 -0.7425 0.6565
vn -0.0471 0.7219 0.6904
vn -0.0471 0.7218 0.6905
vn 0.8443 0.2111 0.4925
vn 0.7117 0.5083 0.4849
vn 0.4923 0.6954 0.5235
vn 0.0235 0.7845 0.6197
vn 0.2272 0.7993 0.5563
vn 0.2272 0.7992 0.5564
vn 0.2273 0.7993 0.5564
vn -0.1021 0.6835 0.7228
vn -0.0313 -0.7594 0.6498
vn -0.0313 -0.7595 0.6498
vn -0.0470 0.3602 0.9317
vn -0.0470 0.3601 0.9317
vn -0.0392 0.2589 0.9651
vn -0.3049 -0.8288 0.4692
vn -0.3437 -0.6562 0.6718
vn 0.0078 0.2809 0.9597
vn -0.2497 -0.3824 0.8896
vn -0.1096 -0.0157 0.9939
vn -0.1095 -0.0157 0.9939
vn -0.1096 -0.0156 0.9939
vn -0.1333 0.0784 0.9880
vn 0.6092 0.7029 0.3671
vn -0.3112 -0.3968 0.8636
vn -0.3112 -0.3968 0.8635
vn -0.0000 -0.1720 0.9851
vn 0.1254 -0.2351 0.9639
vn 0.0779 -0.2491 0.9653
vn 0.0778 -0.2491 0.9653
vn 0.0780 -0.2491 0.9653
vn -0.0389 -0.3043 0.9518
vn -0.0390 -0.3042 0.9518
vn 0.0623 -0.2494 0.9664
vn -0.8692 -0.4307 0.2428
vn 0.0392 -0.7908 0.6108
vn 0.0392 -0.7909 0.6107
vn 0.0391 -0.7908 0.6108
vn 0.9166 -0.2272 0.3290
vn -0.8369 -0.4693 0.2816
vn -0.0860 0.6725 0.7351
vn -0.8240 0.4552 0.3375
vn -0.8240 0.4552 0.3374
vn -0.8240 0.4551 0.3374
vn 0.6864 0.4212 0.5928
vn -0.0783 0.7754 0.6266
vn -0.8045 0.5127 0.2997
vn -0.8046 0.5127 0.2997
vn 0.7747 0.4147 0.4773
vn -0.0157 0.8018 0.5974
vn -0.7792 0.5509 0.2990
vn -0.7791 0.5509 0.2991
vn 0.8775 0.2977 0.3761
vn 0.1492 0.8167 0.5575
vn 0.1492 0.8166 0.5575
vn -0.7399 0.5903 0.3227
vn 0.9487 0.2274 0.2195
vn 0.9487 0.2274 0.2196
vn 0.3606 0.7761 0.5174
vn -0.5584 0.7079 0.4326
vn -0.5584 0.7078 0.4326
vn 0.9762 -0.1093 0.1874
vn 0.6402 0.6089 0.4684
vn -0.2518 0.8656 0.4328
vn 0.8015 -0.5681 0.1868
vn 0.8015 -0.5681 0.1867
vn 0.7831 0.3681 0.5012
vn 0.7831 0.3680 0.5012
vn 0.7831 0.3682 0.5013
vn 0.0157 0.9657 0.2591
vn 0.5140 -0.8022 0.3037
vn 0.5140 -0.8022 0.3038
vn 0.8356 0.0547 0.5467
vn 0.8355 0.0547 0.5467
vn 0.6231 -0.5608 0.5452
vn 0.9390 0.3286 -0.1017
vn -0.7816 -0.4924 0.3829
vn -0.7816 -0.4924 0.3830
vn 0.2804 -0.7790 0.5609
vn 0.2804 -0.7790 0.5608
vn 0.9923 -0.0391 0.1172
vn 0.1014 -0.1559 0.9825
vn 0.1488 -0.1410 0.9788
vn 0.1090 -0.2648 0.9581
vn 0.1091 -0.2648 0.9581
vn 0.0469 -0.1719 0.9840
vn 0.0157 -0.3209 0.9470
vn -0.1013 -0.1636 0.9813
vn -0.1963 -0.4004 0.8951
vn -0.2429 0.1647 0.9560
vn -0.2352 0.0157 0.9718
vn -0.3432 -0.4992 0.7956
vn -0.0000 0.2260 0.9741
vn -0.0234 0.3044 0.9523
vn 0.0549 -0.0550 0.9970
vn 0.0236 -0.0315 0.9992
vn -0.0624 -0.1248 0.9902
vn -0.0157 0.0393 0.9991
vn -0.0000 0.0785 0.9969
vn -0.1720 0.0156 0.9850
vn -0.0313 0.2035 0.9786
vn -0.0391 0.2423 0.9694
vn -0.0391 0.2424 0.9694
vn -0.0000 0.0942 0.9956
vn 0.0859 -0.0936 0.9919
vn -0.0312 0.2571 0.9659
vn 0.4076 0.7681 0.4938
vn 0.3698 0.6609 0.6530
vn 0.1249 0.1795 0.9758
vn -0.0314 -0.0550 0.9980
vn 0.1249 0.1796 0.9758
vn -0.0393 -0.0550 0.9977
vn 0.3698 0.6609 0.6531
vn 0.2582 0.4068 0.8762
vn 0.2656 0.4218 0.8669
vn 0.2582 0.4068 0.8763
vn 0.2655 0.4218 0.8669
vn -0.2038 -0.3213 0.9248
vn -0.7812 0.5839 0.2209
vn -0.7864 0.5741 0.2281
vn -0.7165 0.6692 0.1968
vn -0.8355 -0.2107 0.5075
vn -0.8695 -0.2114 0.4465
vn -0.8462 0.0078 0.5328
vn -0.8517 -0.0234 0.5235
vn -0.8047 -0.0000 0.5937
vn -0.8185 0.0079 0.5745
vn -0.7524 0.0235 0.6583
vn -0.9128 -0.1731 0.3699
vn -0.8246 -0.5577 0.0943
vn -0.6181 -0.7277 0.2973
vn -0.6040 -0.6982 0.3844
vn -0.6036 -0.6898 0.3998
vn -0.6040 -0.6981 0.3844
vn -0.5850 -0.5850 0.5617
vn -0.5868 -0.6103 0.5321
vn -0.6043 -0.4474 0.6593
vn -0.6009 -0.4683 0.6478
vn -0.6371 -0.3226 0.7000
vn -0.5851 -0.5850 0.5616
vn -0.5869 -0.6103 0.5321
vn -0.6371 -0.3225 0.7001
vn -0.6810 -0.1331 0.7201
vn -0.6736 -0.1645 0.7206
vn -0.6810 -0.1330 0.7201
vn -0.7149 -0.0078 0.6992
vn -0.9045 -0.1652 0.3933
vn -0.7149 -0.0079 0.6992
vn -0.1172 0.2500 0.9611
vn -0.1802 0.3761 0.9089
vn 0.1719 -0.0391 0.9843
vn 0.1327 -0.0000 0.9912
vn 0.0550 -0.0549 0.9970
vn 0.1018 0.0313 0.9943
vn 0.0938 0.0704 0.9931
vn 0.1013 0.1013 0.9897
vn -0.8517 -0.0235 0.5235
vn -0.8462 0.0079 0.5328
vn 0.1095 0.1329 0.9851
vn 0.0784 0.1333 0.9880
vn 0.0314 0.1490 0.9883
vn 0.0470 0.0784 0.9958
vn 0.1566 0.0470 0.9865
vn 0.3208 -0.0313 0.9466
vn 0.3044 -0.1249 0.9443
vn 0.3578 -0.0311 0.9333
vn 0.3603 -0.0392 0.9320
vn 0.3036 0.0779 0.9496
vn 0.3036 0.0778 0.9496
vn 0.2645 0.2100 0.9412
vn 0.2587 0.2195 0.9407
vn 0.2352 0.3214 0.9173
vn 0.2346 0.3284 0.9149
vn 0.0157 0.2036 0.9789
vn -0.0236 0.0550 0.9982
vn 0.0550 0.0314 0.9980
vn 0.1403 0.0078 0.9901
vn 0.1871 -0.0000 0.9823
vn 0.1720 0.0234 0.9848
vn 0.1489 0.0548 0.9873
vn 0.1409 0.0861 0.9863
vn 0.1329 0.1094 0.9851
vn 0.1563 0.1482 0.9765
vn 0.0547 0.1094 0.9925
vn 0.0942 0.3453 0.9338
vn -0.4402 0.6839 0.5818
vn -0.4402 0.6840 0.5817
vn -0.4403 0.6839 0.5818
vn -0.4402 0.6839 0.5819
vn -0.0313 0.7449 0.6665
vn -0.2813 -0.4845 0.8283
vn -0.8259 -0.4877 -0.2830
vn -0.8258 -0.4876 -0.2832
vn -0.8181 -0.4405 -0.3697
vn -0.8111 -0.4252 -0.4016
vn -0.6614 -0.3386 -0.6693
vn -0.7556 -0.3542 -0.5510
vn -0.6356 -0.3453 -0.6905
vn -0.7456 -0.3532 -0.5651
vn -0.5581 -0.3616 -0.7468
vn -0.5439 -0.3626 -0.7568
vn -0.5439 -0.3626 -0.7567
vn -0.4954 -0.4010 -0.7706
vn -0.4938 -0.4076 -0.7681
vn -0.1877 -0.2894 0.9386
vn -0.1334 -0.5260 0.8400
vn -0.1479 -0.2491 0.9571
vn -0.0785 -0.4395 0.8948
vn -0.1885 0.1257 0.9740
vn -0.2181 0.0623 0.9739
vn -0.1718 -0.0546 0.9836
vn -0.1880 -0.0783 0.9790
vn -0.2120 0.2591 0.9423
vn -0.3452 0.1962 0.9178
vn 0.2888 -0.5543 0.7806
vn 0.4446 -0.5147 0.7331
vn 0.1725 -0.5960 0.7842
vn 0.2888 -0.5542 0.7807
vn -0.1717 -0.0546 0.9836
vn -0.1479 -0.2490 0.9571
vn -0.0156 -0.5987 0.8008
vn -0.1717 -0.0547 0.9836
vn -0.1411 0.1411 0.9799
vn 0.0623 -0.6149 0.7861
vn 0.5701 -0.4842 0.6637
vn 0.8670 0.1172 0.4843
vn -0.0315 0.0157 0.9994
vn -0.0470 0.1489 0.9877
vn -0.1327 0.2733 0.9527
vn -0.0390 0.2497 0.9675
vn -0.0785 0.4395 0.8948
vn -0.0000 0.3511 0.9363
vn 0.0782 0.4459 0.8917
vn 0.6388 -0.2103 0.7401
vn 0.7169 -0.0701 0.6936
vn 0.6413 0.0391 0.7663
vn 0.1789 -0.0855 0.9801
vn 0.0078 -0.1095 0.9940
vn 0.1798 0.3205 0.9300
vn 0.3437 -0.3202 0.8828
vn 0.3514 0.3124 0.8825
vn 0.4311 0.2665 0.8621
vn -0.1328 0.2733 0.9527
vn -0.9097 -0.0784 0.4078
vn -0.8760 -0.1408 0.4614
vn -0.8959 -0.1022 0.4323
vn -0.0548 0.6190 0.7835
vn -0.1020 0.6118 0.7844
vn -0.1563 0.5001 0.8518
vn -0.2039 0.5174 0.8311
vn 0.0627 0.6978 0.7135
vn 0.4403 0.7154 0.5425
vn 0.2583 0.7357 0.6261
vn 0.0940 0.6427 0.7603
vn 0.6740 0.5564 0.4859
vn 0.5633 0.6572 0.5007
vn 0.6319 0.4993 0.5928
vn 0.5482 0.5796 0.6030
vn 0.8208 0.2892 0.4925
vn 0.7589 0.2660 0.5945
vn 0.8208 0.2893 0.4925
vn 0.7603 0.4311 0.4859
vn 0.7603 0.4311 0.4860
vn -0.3755 -0.8605 -0.3442
vn -0.1877 -0.9777 -0.0939
vn -0.2183 -0.9668 -0.1326
vn 0.0157 -0.9863 0.1644
vn 0.0078 -0.9876 0.1567
vn 0.0156 -0.9863 0.1644
vn 0.0078 -0.9876 0.1568
vn 0.1015 -0.9755 0.1951
vn 0.0937 -0.9763 0.1952
vn 0.1014 -0.9755 0.1951
vn 0.0937 -0.9763 0.1953
vn 0.2338 -0.9584 0.1636
vn 0.2337 -0.9584 0.1636
vn 0.3824 -0.9133 0.1405
vn 0.3891 -0.9105 0.1401
vn 0.3825 -0.9132 0.1405
vn 0.5600 -0.8166 0.1400
vn 0.5865 -0.7976 0.1407
vn 0.5865 -0.7976 0.1408
vn 0.6875 -0.7109 0.1484
vn 0.9662 0.0156 0.2572
vn 0.9663 0.0156 0.2571
vn 0.9678 0.1249 0.2185
vn 0.9687 0.1016 0.2266
vn 0.9687 0.1016 0.2265
vn 0.9338 0.3217 0.1569
vn 0.9403 0.2978 0.1646
vn 0.9337 0.3218 0.1569
vn 0.8537 0.5091 0.1096
vn 0.8651 0.4876 0.1180
vn 0.8651 0.4876 0.1179
vn 0.7351 0.6725 0.0860
vn 0.7498 0.6561 0.0859
vn 0.5953 0.7989 0.0861
vn 0.6040 0.7923 0.0863
vn 0.5952 0.7989 0.0862
vn 0.4323 0.8959 0.1022
vn 0.4386 0.8929 0.1018
vn 0.4386 0.8929 0.1019
vn 0.2274 0.9646 0.1333
vn 0.2443 0.9615 0.1261
vn 0.0707 0.9824 0.1729
vn 0.0629 0.9829 0.1730
vn 0.0708 0.9824 0.1729
vn 0.0078 0.9701 0.2425
vn -0.0000 0.9678 0.2518
vn -0.0078 0.9263 0.3768
vn -0.0079 0.9353 0.3537
vn -0.0236 0.8812 0.4721
vn -0.0236 0.8728 0.4875
vn -0.1563 0.5002 0.8517
vn -0.0313 0.8458 0.5325
vn -0.2514 0.5186 0.8172
vn -0.2038 0.5175 0.8311
vn -0.9407 0.1881 0.2822
vn 0.1967 0.1574 -0.9677
vn -0.3398 0.9405 -0.0002
vn 0.6079 -0.1870 0.7717
vn 0.6080 -0.1871 0.7716
vn 0.5786 0.0624 0.8132
vn 0.5786 0.0627 0.8132
vn 0.5326 0.5326 0.6579
vn 0.5103 0.7144 0.4788
vn 0.6340 -0.4071 0.6575
vn 0.6340 -0.4070 0.6576
vn 0.5122 0.7170 -0.4729
vn 0.5122 0.7171 -0.4727
vn 0.6648 -0.7039 -0.2502
vn 0.9940 0.1098 -0.0000
vn 0.4834 -0.8265 0.2886
vn 0.2907 0.9116 0.2908
vn 0.1096 -0.9940 -0.0001
vn 0.0938 -0.8048 -0.5860
vn -0.0001 -0.0000 -1.0000
vn -0.0314 0.3067 -0.9513
vn -0.0630 0.5824 -0.8105
vn -0.1104 0.9939 -0.0001
vn -0.1022 0.9438 0.3145
vn -0.0865 0.8026 0.5902
vn -0.0625 0.5786 0.8132
vn -0.0312 0.3042 0.9521
vn -0.0000 -0.0001 1.0000
vn -0.1720 -0.0000 0.9851
vn -0.0000 -0.3116 0.9502
vn -0.1718 -0.3045 0.9369
vn -0.0000 -0.3115 0.9502
vn -0.0001 -0.5849 0.8111
vn -0.1719 -0.5785 0.7974
vn -0.0000 -0.5850 0.8111
vn -0.1720 -0.5785 0.7973
vn -0.0000 -0.8111 0.5849
vn -0.1719 -0.7974 0.5785
vn -0.1720 -0.7974 0.5785
vn -0.0000 -0.9502 0.3115
vn -0.1718 -0.9369 0.3045
vn -0.0001 0.9495 0.3139
vn -0.1730 0.9360 0.3067
vn -0.0000 0.9495 0.3139
vn -0.1730 0.9359 0.3067
vn -0.0001 0.8084 0.5886
vn -0.1731 0.7945 0.5821
vn -0.0000 0.8084 0.5886
vn -0.1727 0.5733 0.8009
vn -0.1728 0.5732 0.8010
vn -0.0000 0.3046 0.9525
vn -0.1722 0.2974 0.9391
vn -0.0000 0.3045 0.9525
vn -0.5237 -0.0000 0.8519
vn -0.9052 -0.0000 0.4250
vn -0.5256 -0.2667 0.8079
vn -0.9059 -0.1339 0.4018
vn -0.5255 -0.2667 0.8079
vn -0.9059 -0.1339 0.4017
vn -0.5243 -0.5008 0.6887
vn -0.9039 -0.2515 0.3460
vn -0.5243 -0.5009 0.6886
vn -0.9039 -0.2515 0.3459
vn -0.5244 -0.6886 0.5008
vn -0.9039 -0.3458 0.2516
vn -0.5244 -0.6886 0.5009
vn -0.9039 -0.3460 0.2515
vn -0.5255 -0.8079 0.2667
vn -0.9059 -0.4018 0.1339
vn -0.5256 -0.8079 0.2667
vn -0.9059 -0.4017 0.1339
vn -0.5255 0.8079 0.2667
vn -0.9059 0.4017 0.1339
vn -0.5272 0.6845 0.5035
vn -0.9064 0.3389 0.2522
vn -0.5272 0.6844 0.5036
vn -0.5264 0.4949 0.6913
vn -0.9057 0.2442 0.3465
vn -0.5264 0.4950 0.6913
vn -0.9057 0.2441 0.3465
vn -0.5266 0.2594 0.8096
vn -0.9068 0.1262 0.4022
vn -0.9068 0.1261 0.4023
vn -0.1721 -0.0000 0.9851
vn -0.1717 -0.3045 0.9369
vn -0.5244 -0.5008 0.6886
vn -0.1720 -0.5784 0.7974
vn -0.5243 -0.6887 0.5008
vn -0.1720 -0.7973 0.5785
vn -0.1720 -0.9851 0.0001
vn -0.5271 0.6846 0.5035
vn -0.5271 0.6845 0.5037
vn -0.5263 0.4949 0.6914
vn -0.1729 0.5732 0.8010
vn -0.1722 0.2975 0.9391
vn -0.9051 -0.4251 -0.0000
vn -0.9059 0.4018 0.1339
vn -0.9039 -0.3459 0.2515
vn -0.9051 -0.0000 0.4251
vn -0.1794 -0.9592 0.2184
vn -0.0156 -0.9850 0.1720
vn -0.1177 -0.7139 0.6903
vn -0.0156 -0.7559 0.6545
vn 0.0707 0.9974 -0.0157
vn 0.4367 -0.7485 0.4990
vn 0.5226 -0.8503 0.0624
vn 0.4526 -0.8895 0.0624
vn -0.4315 0.8944 0.1177
vn 0.0079 0.9920 0.1260
vn -0.4250 0.9051 0.0157
vn 0.0079 0.9999 0.0079
vn 0.0078 0.1017 0.9948
vn 0.0549 0.0783 0.9954
vn -0.0078 -0.1644 0.9864
vn 0.2026 -0.9740 0.1013
vn -0.0156 -0.1326 0.9910
vn -0.6104 -0.6261 0.4852
vn -0.1406 -0.3201 0.9369
vn 0.2110 -0.0391 0.9767
vn 0.2808 0.0234 0.9595
vn 0.5169 0.0626 0.8537
vn 0.9060 0.2109 0.3671
vn 0.5382 0.0234 0.8425
vn 0.9217 0.1640 0.3516
vn 0.9217 0.1640 0.3515
vn 0.0311 -0.6460 0.7627
vn 0.0782 -0.9385 0.3363
vn 0.0782 -0.9385 0.3362
vn 0.0392 0.4779 0.8775
vn -0.0547 0.4528 0.8899
vn 0.0473 0.9214 0.3858
vn -0.1175 0.9091 0.3997
vn 0.0473 0.9213 0.3859
vn -0.7686 0.4862 0.4157
vn -0.5553 0.7117 0.4302
vn -0.7686 0.4863 0.4156
vn -0.8498 0.5272 0.0001
vn -0.5948 -0.6886 0.4148
vn -0.1797 -0.9837 -0.0000
vn -0.1794 -0.9592 0.2183
vn -0.4056 -0.8815 0.2418
vn -0.6238 -0.7407 0.2495
vn -0.7983 -0.5478 0.2504
vn -0.9166 -0.3290 0.2272
vn -0.7982 -0.5478 0.2504
vn -0.6657 -0.2663 0.6971
vn -0.5473 -0.4144 0.7271
vn -0.5473 -0.4145 0.7271
vn -0.4296 -0.5468 0.7186
vn -0.2805 -0.6468 0.7092
vn -0.1794 -0.9592 0.2185
vn -0.4296 -0.5469 0.7186
vn -0.4057 -0.8814 0.2418
vn -0.0078 -0.1403 0.9901
vn -0.0156 -0.1327 0.9910
vn 0.0079 -0.0000 1.0000
vn -0.0625 -0.1094 0.9920
vn 0.0784 -0.0627 0.9950
vn 0.0471 -0.0471 0.9978
vn -0.0468 -0.1248 0.9911
vn 0.0315 -0.0315 0.9990
vn -0.0312 -0.1403 0.9896
vn 0.0157 -0.0078 0.9998
vn 0.0158 -0.0079 0.9998
vn -0.0468 -0.1249 0.9911
vn -0.8389 -0.5331 0.1098
vn -0.5497 -0.8324 0.0707
vn -0.6650 -0.5242 0.5320
vn -0.4226 -0.8059 0.4147
vn -0.8389 -0.5331 0.1097
vn 0.7110 0.7032 0.0001
vn 0.0469 0.9780 0.2034
vn 0.0157 0.9789 0.2036
vn 0.0392 0.9973 0.0628
vn 0.0079 0.9980 0.0629
vn 0.6987 0.7144 0.0392
vn 0.7912 0.6111 0.0235
vn 0.7120 0.6807 0.1722
vn 0.7984 0.5792 0.1643
vn 0.6736 0.7206 0.1645
vn 0.7984 0.5792 0.1644
vn 0.6747 0.7374 0.0314
vn -0.9123 0.4088 0.0236
vn -0.9980 0.0550 0.0314
vn -0.9147 0.3864 0.1183
vn -0.9903 0.0393 0.1336
vn -0.9749 -0.1494 0.1651
vn -0.9874 -0.1567 0.0235
vn 0.0079 0.6540 -0.7564
vn 0.0472 0.6533 -0.7556
vn 0.0394 0.6535 -0.7559
vn 0.5492 0.4708 -0.6904
vn 0.4010 0.4954 -0.7706
vn 0.5661 0.4482 -0.6919
vn 0.3853 0.4954 -0.7785
vn 0.4533 0.4688 -0.7581
vn 0.4866 0.4552 -0.7456
vn 0.5661 0.4481 -0.6919
vn 0.1025 0.6069 -0.7882
vn 0.0079 0.6707 -0.7417
vn 0.1807 0.5582 -0.8098
vn -0.7451 0.0157 -0.6667
vn -0.7123 0.0870 -0.6965
vn -0.6989 0.1100 -0.7067
vn -0.7123 0.0871 -0.6965
vn -0.6989 0.1099 -0.7067
vn -0.5454 0.3004 -0.7825
vn -0.5037 0.3384 -0.7949
vn 0.1642 -0.3049 0.9381
vn 0.1017 -0.3909 0.9148
vn -0.0077 -0.1250 0.9921
vn 0.1641 -0.3049 0.9381
vn 0.4366 -0.7486 0.4990
vn 0.0549 0.0785 0.9954
vn 0.0078 0.1018 0.9948
vn 0.0706 0.5730 0.8165
vn 0.0314 0.5653 0.8243
vn 0.0629 0.8572 0.5112
vn 0.0236 0.8496 0.5270
vn 0.0470 0.9780 0.2034
vn 0.0157 0.9789 0.2037
vn 0.0706 0.5732 0.8164
vn 0.0629 0.8572 0.5111
vn 0.0236 0.8495 0.5270
vn -0.0156 -0.3208 0.9470
vn 0.1327 0.1249 0.9832
vn 0.4361 0.3582 0.8255
vn 0.5773 0.2652 0.7723
vn 0.6107 0.5480 0.5716
vn 0.7309 0.4244 0.5345
vn 0.7121 0.6807 0.1721
vn 0.6649 0.5474 0.5083
vn 0.7309 0.4244 0.5344
vn 0.6648 0.5474 0.5083
vn 0.5549 0.3595 0.7502
vn 0.5549 0.3594 0.7502
vn 0.5773 0.2652 0.7722
vn -0.2348 -0.3678 0.8998
vn -0.4225 -0.8059 0.4147
vn -0.8639 0.0314 0.5027
vn -0.8197 0.3232 0.4729
vn -0.2970 0.3987 0.8677
vn -0.3666 0.0624 0.9283
vn 0.4757 -0.8032 0.3587
vn 0.2336 -0.5607 0.7944
vn 0.2335 -0.5607 0.7944
vn 0.5556 -0.2582 0.7903
vn 0.7223 -0.0233 0.6912
vn 0.2191 -0.1017 0.9704
vn 0.0393 0.9973 0.0628
vn 0.3446 0.9164 0.2036
vn 0.3367 0.9395 0.0626
vn 0.3447 0.9164 0.2036
vn 0.7120 0.6808 0.1721
vn 0.6986 0.7144 0.0393
vn 0.2027 -0.9740 0.1013
vn 0.0392 0.4780 0.8775
vn 0.0472 0.9213 0.3859
vn 0.1250 0.4375 0.8905
vn 0.1804 0.9020 0.3922
vn 0.2590 0.3219 0.9106
vn 0.4619 0.7753 0.4307
vn 0.4620 0.7753 0.4307
vn 0.3900 0.1716 0.9047
vn 0.7780 0.4558 0.4323
vn 0.5170 0.0627 0.8537
vn 0.7780 0.4559 0.4322
vn 0.2590 0.3219 0.9107
vn 0.9108 -0.2880 0.2958
vn 0.4756 -0.8032 0.3587
vn 0.5087 -0.8609 -0.0000
vn -0.5948 -0.6887 0.4147
vn -0.3149 0.3701 0.8740
vn -0.5553 0.7118 0.4302
vn -0.1176 0.9091 0.3996
vn 0.3605 0.9326 -0.0157
vn 0.2901 0.9565 0.0313
vn 0.2982 0.9415 0.1569
vn 0.4532 0.4689 -0.7581
vn 0.2361 0.5588 -0.7950
vn 0.1885 0.5892 -0.7857
vn 0.2360 0.5588 -0.7950
vn 0.1886 0.5892 -0.7857
vn 0.0472 0.6532 -0.7557
vn 0.1025 0.6068 -0.7882
vn 0.1808 0.5582 -0.8098
vn 0.6647 0.5475 0.5083
vn 0.3378 0.7855 0.5185
vn 0.6647 0.5474 0.5084
vn 0.3378 0.7856 0.5184
vn 0.2748 0.4947 0.8245
vn 0.0469 0.9779 0.2035
vn 0.3377 0.7856 0.5185
vn 0.0707 0.5731 0.8164
vn 0.2748 0.4946 0.8245
vn 0.2979 0.7919 0.5331
vn 0.0079 0.8975 0.4409
vn 0.2982 0.9415 0.1570
vn 0.2979 0.7918 0.5332
vn 0.6735 0.7206 0.1645
vn 0.6107 0.5481 0.5715
vn 0.0944 0.5191 0.8495
vn 0.6106 0.5481 0.5716
vn -0.3667 0.0624 0.9282
vn -0.0000 0.0707 0.9975
vn 0.0078 0.4995 0.8663
vn -0.4250 0.9050 0.0157
vn -0.9123 0.4089 0.0236
vn -0.5036 0.3384 -0.7949
vn -0.1498 0.6070 -0.7804
vn -0.2287 0.5599 -0.7964
vn -0.8640 0.0314 0.5026
vn -0.1093 -0.7029 0.7028
vn -0.3128 -0.9071 0.2815
vn -0.7205 -0.6579 0.2193
vn -0.4757 -0.7018 0.5302
vn -0.6119 -0.7767 0.1492
vn -0.3991 -0.9157 0.0470
vn -0.3993 -0.9005 0.1723
vn -0.9444 -0.3069 0.1181
vn -0.9905 0.0550 0.1258
vn -0.8371 0.1565 0.5242
vn -0.7772 -0.4082 0.4789
vn 0.7024 0.0468 0.7102
vn 0.9638 0.1097 0.2429
vn 0.6543 0.0311 0.7556
vn 0.9581 0.1090 0.2649
vn 0.9581 0.1091 0.2649
vn -0.9460 -0.3075 0.1025
vn -0.9924 0.0550 0.1103
vn -0.8604 0.1564 0.4850
vn -0.7978 -0.4145 0.4379
vn -0.8094 0.1572 0.5658
vn -0.7525 -0.4076 0.5172
vn -0.9885 0.0549 0.1412
vn -0.9402 -0.3134 0.1332
vn -0.9403 -0.3134 0.1332
vn 0.9739 0.0234 0.2259
vn 0.5556 -0.2583 0.7903
vn 0.9108 -0.2879 0.2958
vn 0.5169 0.0627 0.8537
vn 0.0784 -0.0627 0.9949
vn 0.0938 -0.0704 0.9931
vn -0.0156 -0.7558 0.6546
vn -0.0389 -0.2879 0.9569
vn -0.0157 -0.3209 0.9470
vn -0.0389 -0.2878 0.9569
vn -0.0157 -0.3208 0.9470
vn 0.0079 0.0001 1.0000
vn 0.0392 0.4779 0.8776
vn -0.0546 0.4528 0.8899
vn 0.0783 -0.0627 0.9950
vn 0.5169 0.0626 0.8538
vn 0.0472 -0.0471 0.9978
vn 0.2591 0.3219 0.9106
vn 0.1250 0.4374 0.8905
vn 0.0157 -0.0079 0.9998
vn 0.0315 -0.0314 0.9990
vn -0.0389 -0.2877 0.9569
vn -0.0934 -0.2725 0.9576
vn -0.1408 -0.2346 0.9618
vn -0.1176 -0.7139 0.6903
vn -0.0934 -0.2726 0.9576
vn -0.4296 -0.5468 0.7187
vn -0.1408 -0.2347 0.9618
vn -0.5473 -0.4144 0.7272
vn -0.2272 -0.1410 0.9636
vn -0.1794 -0.1794 0.9673
vn -0.0625 -0.1093 0.9920
vn -0.0470 -0.0784 0.9958
vn -0.0392 -0.0784 0.9962
vn 0.1718 -0.0469 0.9840
vn 0.2035 -0.0391 0.9783
vn 0.1719 -0.0469 0.9840
vn -0.3596 -0.4847 0.7974
vn -0.3759 0.3211 0.8692
vn -0.3759 0.3211 0.8693
vn -0.2888 -0.4682 0.8351
vn -0.3127 0.3284 0.8913
vn -0.8604 0.1565 0.4850
vn -0.3831 -0.5160 0.7662
vn -0.3991 0.3365 0.8530
vn -0.3831 -0.5159 0.7662
vn -0.2986 -0.4794 0.8252
vn -0.3206 0.3206 0.8913
vn -0.7525 -0.4076 0.5173
vn -0.3362 -0.4614 0.8210
vn -0.3523 0.3053 0.8847
vn -0.2583 -0.4383 0.8609
vn -0.3203 0.3437 0.8828
vn -0.9518 -0.2832 0.1180
vn -0.7904 -0.2895 0.5399
vn -0.7203 -0.1957 0.6655
vn -0.9574 -0.2041 0.2041
vn -0.9575 -0.2040 0.2040
vn -0.2591 -0.1256 0.9576
vn -0.2590 -0.1256 0.9577
vn -0.9819 -0.1257 0.1414
vn -0.9830 -0.1258 0.1337
vn -0.8086 -0.1335 0.5730
vn -0.8021 -0.1337 0.5820
vn -0.8086 -0.1335 0.5731
vn -0.3519 -0.1017 0.9305
vn -0.3288 -0.1017 0.9389
vn -0.1333 -0.0784 0.9880
vn -0.3286 -0.1017 0.9390
vn -0.0626 -0.0783 0.9950
vn -0.0705 -0.0783 0.9944
vn -0.0627 -0.0706 0.9955
vn -0.1169 -0.0780 0.9901
vn -0.2983 -0.0942 0.9498
vn -0.3193 -0.1012 0.9422
vn -0.7747 -0.1330 0.6182
vn -0.7852 -0.1335 0.6046
vn -0.7853 -0.1335 0.6046
vn -0.9808 -0.1256 0.1491
vn -0.9796 -0.1254 0.1567
vn -0.9808 -0.1255 0.1491
vn -0.9797 -0.1254 0.1566
vn -0.8647 -0.4795 0.1494
vn -0.5619 -0.6710 0.4838
vn -0.7772 -0.4082 0.4788
vn -0.9444 -0.3070 0.1180
vn -0.5617 -0.6711 0.4838
vn -0.2651 -0.7484 0.6080
vn -0.3596 -0.4848 0.7973
vn -0.4391 -0.6431 0.6274
vn -0.2650 -0.7484 0.6080
vn -0.2888 -0.4683 0.8350
vn -0.7058 -0.3136 0.6352
vn -0.4774 -0.2661 0.8374
vn -0.7399 0.0707 0.6690
vn -0.5082 0.0469 0.8600
vn -0.5006 0.4927 0.7118
vn -0.2823 0.6665 0.6900
vn -0.6233 0.5287 0.5761
vn -0.8371 0.1564 0.5242
vn -0.6234 0.5287 0.5760
vn -0.8371 0.1566 0.5242
vn -0.9483 0.2665 0.1724
vn -0.8666 -0.4806 0.1339
vn -0.5641 -0.6894 0.4544
vn -0.8666 -0.4806 0.1340
vn -0.7977 -0.4145 0.4380
vn -0.2648 -0.7789 0.5686
vn -0.3869 -0.5145 0.7653
vn -0.4451 -0.6637 0.6012
vn -0.2648 -0.7788 0.5686
vn -0.2986 -0.4795 0.8252
vn -0.7348 -0.3127 0.6019
vn -0.5006 -0.2737 0.8213
vn -0.7628 0.0472 0.6449
vn -0.5327 0.0235 0.8460
vn -0.5102 0.4789 0.7144
vn -0.2736 0.6879 0.6723
vn -0.3991 0.3365 0.8529
vn -0.6285 0.5578 0.5421
vn -0.2737 0.6879 0.6723
vn -0.9507 0.2672 0.1572
vn -0.9924 0.0552 0.1103
vn -0.9507 0.2672 0.1571
vn -0.9924 0.0551 0.1103
vn -0.6121 0.5101 0.6043
vn -0.9448 0.2677 0.1890
vn -0.8626 -0.4784 0.1647
vn -0.5563 -0.6504 0.5172
vn -0.9402 -0.3135 0.1332
vn -0.2500 -0.7189 0.6486
vn -0.4295 -0.5858 0.6873
vn -0.2501 -0.7189 0.6486
vn -0.6665 -0.2822 0.6900
vn -0.4463 -0.2427 0.8613
vn -0.7189 0.1016 0.6877
vn -0.4952 0.0864 0.8645
vn -0.4773 0.5557 0.6808
vn -0.2981 0.6510 0.6981
vn -0.6121 0.5102 0.6042
vn 0.6733 0.0704 0.7360
vn 0.9553 0.1566 0.2507
vn 0.6873 0.0078 0.7263
vn 0.9664 0.0624 0.2494
vn 0.6733 0.0705 0.7360
vn 0.6873 0.0078 0.7264
vn 0.9750 0.0702 0.2106
vn 0.7338 0.0156 0.6792
vn 0.9646 0.1568 0.2118
vn 0.7276 0.0861 0.6806
vn 0.9751 0.0702 0.2106
vn 0.9646 0.1569 0.2118
vn 0.9553 0.1566 0.2506
vn 0.9664 0.0623 0.2493
vn 0.2112 -0.0234 0.9772
vn 0.7276 0.0860 0.6806
vn 0.2258 -0.6152 0.7554
vn 0.1173 -0.4221 0.8989
vn 0.2032 -0.6645 0.7192
vn 0.2492 -0.4049 0.8797
vn 0.5065 -0.5611 0.6547
vn 0.7175 -0.2574 0.6472
vn 0.9104 -0.2724 0.3113
vn 0.9732 -0.0934 0.2102
vn 0.2491 -0.4049 0.8798
vn 0.5066 -0.5611 0.6546
vn 0.7175 -0.2574 0.6473
vn 0.9105 -0.2724 0.3113
vn 0.8445 0.4457 0.2971
vn 0.9256 0.3138 0.2118
vn 0.8444 0.4458 0.2971
vn 0.9255 0.3138 0.2118
vn 0.4934 0.5952 0.6343
vn 0.6730 0.3678 0.6417
vn 0.4933 0.5952 0.6343
vn 0.2114 0.6341 0.7438
vn 0.2274 0.5880 0.7762
vn 0.1172 0.3281 0.9373
vn 0.6542 0.2181 0.7242
vn 0.6463 -0.1869 0.7398
vn 0.4072 -0.0939 0.9085
vn 0.1718 -0.0313 0.9846
vn 0.3983 0.0781 0.9139
vn 0.8529 0.4538 0.2582
vn 0.9324 0.3134 0.1801
vn 0.9324 0.3134 0.1802
vn 0.5097 0.6352 0.5803
vn 0.7175 0.3900 0.5771
vn 0.2269 0.6964 0.6808
vn 0.2890 0.4062 0.8669
vn 0.2501 0.6486 0.7189
vn 0.7052 0.2429 0.6661
vn 0.4295 0.0937 0.8982
vn 0.7023 -0.1873 0.6868
vn 0.2107 -0.0546 0.9760
vn 0.4453 -0.0937 0.8905
vn 0.4296 0.0937 0.8982
vn 0.2503 -0.6648 0.7039
vn 0.2256 -0.7081 0.6691
vn 0.5297 -0.5998 0.5998
vn 0.7637 -0.2571 0.5921
vn 0.9222 -0.2735 0.2735
vn 0.9801 -0.0855 0.1789
vn 0.2257 -0.7081 0.6691
vn 0.2890 -0.4374 0.8515
vn 0.5296 -0.5998 0.5998
vn 0.7637 -0.2572 0.5922
vn 0.9222 -0.2735 0.2734
vn 0.9801 -0.0856 0.1789
vn -0.0783 -0.0783 0.9939
vn -0.0780 -0.1169 0.9901
vn -0.0781 -0.1015 0.9918
vn 0.4073 -0.0940 0.9084
vn 0.4297 -0.4530 0.7811
vn 0.2499 -0.2968 0.9216
vn 0.2258 -0.6152 0.7553
vn 0.4296 -0.4531 0.7811
vn 0.2499 -0.2968 0.9217
vn 0.4360 0.4515 0.7785
vn 0.2418 0.2263 0.9436
vn 0.2500 0.6486 0.7189
vn 0.4778 0.5011 0.7215
vn 0.4781 0.5016 0.7210
vn 0.7024 -0.1873 0.6867
vn 0.4745 -0.4901 0.7312
vn 0.2809 -0.3198 0.9049
vn 0.2808 -0.3199 0.9049
vn -0.7903 -0.2895 0.5400
vn -0.2890 -0.1953 0.9372
vn -0.7058 -0.3137 0.6352
vn -0.4392 -0.6430 0.6274
vn -0.7399 0.0709 0.6690
vn -0.4450 -0.6637 0.6012
vn -0.5006 -0.2738 0.8212
vn -0.7628 0.0473 0.6449
vn -0.5103 0.4789 0.7143
vn -0.3207 0.3206 0.8913
vn -0.6665 -0.2823 0.6900
vn -0.4296 -0.5857 0.6873
vn -0.7189 0.1016 0.6876
vn -0.4951 0.0865 0.8645
vn -0.4773 0.5556 0.6808
vn 0.1638 -0.8267 0.5382
vn 0.1016 -0.3910 0.9148
vn -0.0156 -0.3209 0.9470
vn -0.2888 -0.4683 0.8351
vn -0.4463 -0.2427 0.8614
vn -0.4951 0.0864 0.8645
vn -0.2987 -0.4794 0.8252
vn 0.6874 0.0078 0.7263
vn 0.9664 0.0623 0.2494
vn 0.7175 -0.2573 0.6473
vn 0.9647 0.1568 0.2117
vn 0.7176 0.3900 0.5771
vn 0.9750 0.0702 0.2107
vn 0.7636 -0.2572 0.5922
vn -0.0471 -0.0784 0.9958
vn -0.6120 -0.7767 0.1490
vn -0.3992 -0.9157 0.0470
vn -0.0779 -0.1169 0.9901
vn -0.2890 -0.1952 0.9372
vn -0.2347 -0.3677 0.8999
vn 0.2900 0.9565 0.0314
vn 0.2981 0.9416 0.1569
vn 0.0079 0.9920 0.1261
vn 0.0079 0.8975 0.4410
vn -0.0000 -0.2425 0.9702
vn 0.2807 0.0234 0.9595
vn -0.3434 -0.3435 0.8741
vn -0.3665 0.0624 0.9283
vn -0.0000 -0.2425 0.9701
vn -0.3991 -0.9157 0.0469
vn 0.4757 -0.8031 0.3587
vn -0.3139 -0.9495 -0.0002
vn 0.0942 0.9956 -0.0000
vn 0.9837 -0.1796 -0.0001
vn 0.9837 -0.1797 -0.0000
vn -0.9876 0.1568 -0.0002
vn -0.7915 -0.6111 -0.0000
vn -0.7914 -0.6112 -0.0001
vn -0.3139 -0.9494 -0.0000
vn -0.2900 0.4154 0.8622
vn -0.1328 0.2734 0.9527
vn -0.1882 0.3059 0.9333
vn -0.1257 0.3536 0.9269
vn -0.1882 0.3058 0.9333
vn -0.8759 -0.1408 0.4614
vn -0.1563 0.5001 0.8517
vn -0.3452 0.1961 0.9178
vn -0.2971 -0.5809 0.7578
vn -0.2972 -0.5809 0.7578
vn -0.2151 0.3182 0.9233
vn 0.4907 0.0533 0.8697
vn 0.4907 0.0532 0.8697
vn 0.4375 0.8905 0.1249
vn -0.4937 -0.4076 -0.7682
vn -0.1257 0.3535 0.9269
vn -0.2747 0.1491 0.9499
vn -0.2182 0.0623 0.9739
vn -0.0548 -0.6575 0.7514
vn -0.1335 -0.5260 0.8399
vn 0.0469 -0.4216 0.9056
vn -0.1478 -0.2490 0.9572
vn -0.7032 -0.7110 0.0001
vn 0.3835 0.9236 0.0001
vn 0.3836 0.9235 -0.0001
vn 1.0000 0.0001 0.0001
vn 0.9235 -0.3835 0.0001
vn 0.3836 -0.9235 0.0001
vn -0.3125 -0.7655 0.5624
vn -0.3124 -0.7655 0.5624
vn -0.5799 -0.5877 0.5642
vn -0.7604 -0.3214 0.5644
vn -0.8247 -0.0000 0.5655
vn -0.7623 0.3142 0.5658
vn -0.7623 0.3143 0.5658
vn -0.5825 0.5826 0.5668
vn -0.3144 0.7623 0.5658
vn -0.3143 0.7623 0.5658
vn -0.0000 0.8247 0.5655
vn 0.0001 0.8247 0.5655
vn 0.3213 0.7604 0.5644
vn 0.3214 0.7604 0.5644
vn 0.5877 0.5799 0.5642
vn 0.7655 0.3126 0.5624
vn 0.7655 0.3125 0.5624
vn 0.8272 0.0001 0.5619
vn 0.8272 -0.0000 0.5619
vn 0.7637 -0.3195 0.5610
vn 0.7636 -0.3195 0.5611
vn 0.7636 -0.3195 0.5610
vn 0.5851 -0.5851 0.5616
vn 0.5851 -0.5850 0.5616
vn 0.5850 -0.5851 0.5616
vn 0.3195 -0.7637 0.5610
vn 0.3196 -0.7636 0.5610
vn 0.3194 -0.7637 0.5610
vn -0.0000 -0.8272 0.5619
vn 0.0001 -0.8272 0.5619
vn -0.3124 -0.7656 0.5624
vn 0.4771 0.3127 -0.8213
vn 0.9961 0.0157 -0.0863
vn -0.2123 0.5347 -0.8179
vn -0.1657 0.9708 -0.1737
vn -0.2123 0.5348 -0.8179
vn -0.1657 0.9708 -0.1736
vn -0.5612 0.7273 -0.3952
vn -0.6665 0.6900 0.2823
vn -0.5612 0.7272 -0.3953
vn -0.3225 0.8810 -0.3461
vn -0.3295 0.8552 0.4001
vn -0.3225 0.8810 -0.3462
vn -0.3294 0.8552 0.4001
vn -0.0315 0.9375 -0.3466
vn 0.0547 0.8931 0.4465
vn -0.0314 0.9375 -0.3466
vn 0.0549 0.8931 0.4465
vn 0.2598 0.8818 -0.3937
vn 0.4313 0.7923 0.4315
vn 0.4314 0.7923 0.4314
vn 0.5035 0.7237 -0.4720
vn 0.7354 0.5789 0.3521
vn 0.5034 0.7237 -0.4721
vn 0.7354 0.5790 0.3520
vn 0.6569 0.4926 -0.5708
vn 0.9348 0.2804 0.2181
vn 0.6568 0.4927 -0.5709
vn 0.7066 0.2120 -0.6751
vn 0.9965 -0.0627 0.0549
vn 0.9965 -0.0628 0.0549
vn 0.6276 -0.0549 -0.7766
vn 0.9091 -0.3997 -0.1176
vn 0.4486 -0.2755 -0.8502
vn 0.1970 -0.4098 -0.8906
vn 0.3606 -0.8464 -0.3919
vn 0.1971 -0.4098 -0.8906
vn 0.3605 -0.8465 -0.3919
vn 0.0947 0.1816 -0.9788
vn 0.9595 -0.0234 -0.2809
vn 0.0947 0.1814 -0.9788
vn 0.9595 -0.0235 -0.2809
vn 0.4312 0.8235 0.3686
vn 0.4313 0.8235 0.3686
vn 0.4799 0.7239 -0.4957
vn 0.7364 0.5954 0.3212
vn 0.6343 0.4934 -0.5952
vn 0.9364 0.2966 0.1873
vn 0.6342 0.4934 -0.5952
vn 0.9365 0.2966 0.1873
vn 0.4771 0.3128 -0.8213
vn 0.9423 -0.0078 0.3348
vn -0.7955 0.5829 0.1654
vn -0.1656 0.9708 -0.1735
vn -0.6591 0.7061 0.2589
vn -0.6664 0.6900 0.2823
vn -0.6590 0.7062 0.2589
vn -0.3296 0.8552 0.4001
vn -0.3445 0.8301 0.4385
vn -0.3444 0.8301 0.4385
vn 0.0548 0.8931 0.4465
vn 0.0313 0.8304 0.5562
vn 0.0315 0.8304 0.5562
vn 0.3991 0.7044 0.5870
vn 0.4314 0.7923 0.4315
vn 0.3992 0.7043 0.5870
vn 0.6978 0.4784 0.5332
vn 0.6978 0.4783 0.5332
vn 0.9005 0.1723 0.3993
vn 0.9005 0.1723 0.3992
vn 0.9668 -0.1559 0.2027
vn 0.9965 -0.0629 0.0549
vn 0.9668 -0.1559 0.2026
vn 0.8880 -0.4596 -0.0156
vn 0.9091 -0.3997 -0.1175
vn 0.8880 -0.4596 -0.0157
vn 0.6783 -0.6939 -0.2417
vn 0.6878 -0.6723 -0.2736
vn 0.3675 -0.8287 -0.4222
vn 0.3673 -0.8287 -0.4222
vn 0.9595 -0.0234 -0.2808
vn 0.1804 -0.8315 -0.5255
vn 0.1804 -0.8314 -0.5256
vn 0.5611 0.6157 0.5533
vn 0.5611 0.6156 0.5533
vn 0.6975 0.4703 0.5407
vn 0.6975 0.4702 0.5407
vn 0.8976 0.1717 0.4059
vn 0.9365 0.2964 0.1873
vn 0.8977 0.1717 0.4059
vn 0.9422 -0.0078 0.3349
vn -0.9694 0.2444 0.0237
vn -0.8493 0.5269 -0.0315
vn -0.8493 0.5269 -0.0314
vn -0.6511 0.7216 0.2353
vn -0.3445 0.8301 0.4384
vn -0.3532 0.8084 0.4709
vn -0.3446 0.8301 0.4385
vn -0.3531 0.8084 0.4709
vn 0.0312 0.8304 0.5562
vn -0.0079 0.7669 0.6417
vn -0.0078 0.7669 0.6417
vn 0.3446 0.6110 0.7127
vn 0.3446 0.6109 0.7127
vn 0.6337 0.3677 0.6806
vn 0.6978 0.4782 0.5332
vn 0.8348 0.0702 0.5461
vn 0.9005 0.1722 0.3993
vn 0.8348 0.0702 0.5460
vn 0.9667 -0.1559 0.2027
vn 0.9132 -0.2420 0.3278
vn 0.9667 -0.1560 0.2027
vn 0.8507 -0.5228 0.0546
vn 0.8506 -0.5229 0.0546
vn 0.6634 -0.7180 -0.2107
vn 0.3674 -0.8287 -0.4222
vn 0.3829 -0.8049 -0.4533
vn 0.1804 -0.8314 -0.5255
vn 0.0235 -0.7845 -0.6197
vn 0.0234 -0.7845 -0.6197
vn -0.1958 -0.9791 -0.0549
vn 0.5611 0.6157 0.5532
vn -0.1959 -0.9791 -0.0548
vn 0.6975 0.4702 0.5408
vn 0.5149 0.1092 0.8503
vn 0.6536 0.0545 0.7549
vn 0.6536 0.0545 0.7548
vn 0.9423 -0.0077 0.3348
vn -0.9694 0.2443 0.0239
vn -0.9694 0.2443 0.0236
vn -0.9110 0.2670 -0.3142
vn -0.8493 0.5269 -0.0316
vn -0.7942 0.5976 -0.1101
vn -0.8493 0.5270 -0.0315
vn -0.6510 0.7217 0.2353
vn -0.3771 0.7778 0.5028
vn -0.3770 0.7778 0.5028
vn -0.0549 0.6982 0.7138
vn 0.3446 0.6109 0.7128
vn 0.2654 0.5075 0.8198
vn 0.3447 0.6109 0.7128
vn 0.2656 0.5075 0.8197
vn 0.5444 0.2490 0.8010
vn 0.5444 0.2489 0.8010
vn 0.7405 -0.0468 0.6704
vn 0.8348 0.0701 0.5461
vn 0.7406 -0.0468 0.6703
vn 0.9132 -0.2420 0.3279
vn 0.8353 -0.3434 0.4293
vn 0.9132 -0.2421 0.3278
vn 0.8353 -0.3435 0.4293
vn 0.8506 -0.5229 0.0547
vn 0.7985 -0.5871 0.1331
vn 0.6473 -0.7408 -0.1793
vn 0.6473 -0.7408 -0.1794
vn 0.3829 -0.8050 -0.4532
vn 0.4007 -0.7857 -0.4713
vn 0.4006 -0.7857 -0.4714
vn 0.0861 -0.7123 -0.6966
vn -0.3218 -0.7222 -0.6123
vn -0.1958 -0.9791 -0.0548
vn -0.3218 -0.7221 -0.6123
vn 0.5148 0.1092 0.8503
vn -0.6143 -0.7009 -0.3625
vn 0.5150 0.1092 0.8502
vn -0.6144 -0.7009 -0.3623
vn 0.6537 0.0545 0.7548
vn -0.9054 0.0787 -0.4171
vn 0.6537 0.0544 0.7548
vn -0.9054 0.0789 -0.4172
vn -0.9694 0.2443 0.0237
vn -0.9111 0.2670 -0.3142
vn -0.7171 0.4728 -0.5121
vn -0.7942 0.5976 -0.1102
vn -0.7168 0.6774 -0.1654
vn -0.7168 0.6774 -0.1653
vn -0.6294 0.7474 0.2125
vn -0.6067 0.7721 0.1891
vn -0.4010 0.7549 0.5190
vn -0.1330 0.6182 0.7747
vn 0.2655 0.5075 0.8197
vn 0.1487 0.3915 0.9081
vn 0.2654 0.5074 0.8198
vn 0.1487 0.3914 0.9081
vn 0.5443 0.2489 0.8011
vn 0.4066 0.1095 0.9070
vn 0.5444 0.2488 0.8011
vn 0.4067 0.1095 0.9070
vn 0.7177 -0.4602 0.5226
vn 0.8353 -0.3435 0.4294
vn 0.7177 -0.4602 0.5225
vn 0.7985 -0.5871 0.1332
vn 0.7203 -0.6655 0.1957
vn 0.6473 -0.7409 -0.1792
vn 0.6161 -0.7721 -0.1560
vn 0.6472 -0.7409 -0.1794
vn 0.4007 -0.7856 -0.4714
vn 0.4230 -0.7599 -0.4935
vn 0.4007 -0.7856 -0.4715
vn 0.4230 -0.7599 -0.4936
vn 0.1573 -0.6368 -0.7548
vn 0.1572 -0.6368 -0.7548
vn -0.1335 -0.4084 -0.9030
vn -0.1335 -0.4083 -0.9030
vn -0.6143 -0.7010 -0.3623
vn -0.3931 -0.1179 -0.9119
vn -0.3930 -0.1179 -0.9119
vn -0.9054 0.0787 -0.4172
vn -0.6017 0.1900 -0.7758
vn -0.9110 0.2670 -0.3143
vn -0.7170 0.4728 -0.5122
vn -0.7170 0.4729 -0.5122
vn -0.5903 0.5747 -0.5668
vn -0.7168 0.6774 -0.1655
vn -0.6305 0.7486 -0.2049
vn -0.6305 0.7487 -0.2048
vn -0.5732 0.8010 0.1728
vn -0.6067 0.7721 0.1892
vn -0.5732 0.8010 0.1727
vn -0.4010 0.7549 0.5189
vn -0.4237 0.7377 0.5257
vn -0.4237 0.7376 0.5258
vn -0.2110 0.5547 0.8048
vn -0.2110 0.5548 0.8048
vn 0.1488 0.3914 0.9081
vn 0.0314 0.2901 0.9565
vn 0.0315 0.2901 0.9565
vn 0.2644 -0.0078 0.9644
vn 0.4066 0.1094 0.9070
vn 0.2645 -0.0078 0.9644
vn 0.4589 -0.3111 0.8322
vn 0.7176 -0.4602 0.5227
vn 0.5929 -0.5694 0.5695
vn 0.7177 -0.4603 0.5225
vn 0.5928 -0.5694 0.5695
vn 0.7203 -0.6655 0.1958
vn 0.6320 -0.7412 0.2263
vn 0.6161 -0.7721 -0.1559
vn 0.5770 -0.8032 -0.1482
vn 0.5770 -0.8032 -0.1481
vn 0.4230 -0.7600 -0.4935
vn 0.4392 -0.7451 -0.5020
vn 0.4392 -0.7451 -0.5019
vn 0.2340 -0.5695 -0.7880
vn 0.2341 -0.5695 -0.7880
vn -0.0157 -0.3067 -0.9517
vn -0.0158 -0.3067 -0.9517
vn -0.2518 -0.0000 -0.9678
vn -0.4568 0.3072 -0.8349
vn -0.6017 0.1901 -0.7758
vn -0.4568 0.3072 -0.8348
vn -0.5904 0.5746 -0.5669
vn -0.5904 0.5746 -0.5668
vn -0.4724 0.6614 -0.5825
vn -0.5519 0.8041 -0.2209
vn -0.5519 0.8042 -0.2207
vn -0.5361 0.8278 0.1654
vn -0.5361 0.8278 0.1655
vn -0.4478 0.7228 0.5263
vn -0.4237 0.7376 0.5257
vn -0.4478 0.7228 0.5264
vn -0.2828 0.5027 0.8169
vn 0.0313 0.2901 0.9565
vn -0.0780 0.2105 0.9745
vn -0.0779 0.2105 0.9745
vn 0.1330 -0.1017 0.9859
vn 0.2644 -0.0079 0.9644
vn 0.1331 -0.1017 0.9859
vn 0.3285 -0.4066 0.8525
vn 0.3285 -0.4067 0.8524
vn 0.5927 -0.5695 0.5695
vn 0.4681 -0.6552 0.5929
vn 0.5929 -0.5695 0.5694
vn 0.4681 -0.6553 0.5928
vn 0.5454 -0.8026 0.2415
vn 0.6320 -0.7412 0.2262
vn 0.5454 -0.8026 0.2414
vn 0.5401 -0.8297 -0.1408
vn 0.5401 -0.8297 -0.1409
vn 0.4526 -0.7334 -0.5072
vn 0.4525 -0.7334 -0.5072
vn 0.2973 -0.5242 -0.7980
vn 0.0945 -0.2284 -0.9690
vn 0.0945 -0.2285 -0.9690
vn -0.1254 0.0940 -0.9876
vn -0.2518 0.0001 -0.9678
vn -0.1254 0.0941 -0.9876
vn -0.3215 0.4077 -0.8547
vn -0.4568 0.3071 -0.8349
vn -0.3215 0.4077 -0.8546
vn -0.4724 0.6614 -0.5826
vn -0.3541 0.7318 -0.5823
vn -0.4643 0.8578 -0.2204
vn -0.5361 0.8278 0.1656
vn -0.4969 0.8518 0.1656
vn -0.4566 0.7164 0.5275
vn -0.3453 0.4631 0.8163
vn -0.3454 0.4631 0.8162
vn -0.1803 0.1490 0.9723
vn -0.0779 0.2104 0.9745
vn 0.1329 -0.1017 0.9859
vn 0.0078 -0.1796 0.9837
vn 0.0079 -0.1796 0.9837
vn 0.3285 -0.4067 0.8525
vn 0.1948 -0.4908 0.8492
vn 0.4681 -0.6553 0.5929
vn 0.3525 -0.7284 0.5876
vn 0.3525 -0.7285 0.5874
vn 0.4627 -0.8547 0.2353
vn 0.5454 -0.8026 0.2416
vn 0.5013 -0.8537 -0.1410
vn 0.4526 -0.7335 -0.5071
vn 0.4613 -0.7273 -0.5082
vn 0.4613 -0.7272 -0.5083
vn 0.3596 -0.4847 -0.7973
vn 0.1964 -0.1650 -0.9665
vn 0.1965 -0.1650 -0.9665
vn -0.1253 0.0940 -0.9877
vn -0.0000 0.1732 -0.9849
vn -0.1254 0.0942 -0.9876
vn -0.0000 0.1733 -0.9849
vn -0.1892 0.4888 -0.8516
vn -0.1893 0.4889 -0.8515
vn -0.2287 0.7964 -0.5598
vn -0.3703 0.9061 -0.2048
vn -0.3704 0.9060 -0.2048
vn -0.4969 0.8519 0.1656
vn -0.4561 0.8729 0.1730
vn -0.4561 0.8729 0.1731
vn -0.4654 0.7100 0.5285
vn -0.4566 0.7164 0.5276
vn -0.4654 0.7099 0.5286
vn -0.4068 0.4304 0.8058
vn -0.3454 0.4631 0.8163
vn -0.4068 0.4303 0.8058
vn -0.2818 0.0940 0.9549
vn -0.2818 0.0939 0.9549
vn -0.1249 -0.2497 0.9602
vn -0.1249 -0.2498 0.9602
vn 0.0545 -0.5611 0.8260
vn 0.0546 -0.5611 0.8259
vn 0.3524 -0.7284 0.5875
vn 0.2267 -0.7894 0.5705
vn 0.3525 -0.7284 0.5875
vn 0.3665 -0.9045 0.2183
vn 0.3664 -0.9045 0.2183
vn 0.4547 -0.8781 -0.1488
vn 0.5013 -0.8537 -0.1411
vn 0.4547 -0.8781 -0.1490
vn 0.4720 -0.7237 -0.5034
vn 0.4720 -0.7237 -0.5035
vn 0.4168 -0.4561 -0.7863
vn 0.3596 -0.4846 -0.7974
vn 0.4167 -0.4561 -0.7864
vn 0.2978 -0.1097 -0.9483
vn 0.1964 -0.1650 -0.9666
vn 0.1338 0.2440 -0.9605
vn 0.1338 0.2441 -0.9605
vn -0.1892 0.4889 -0.8516
vn -0.0473 0.5594 -0.8275
vn -0.0473 0.5595 -0.8275
vn -0.2287 0.7964 -0.5599
vn -0.0864 0.8557 -0.5103
vn -0.3703 0.9060 -0.2049
vn -0.2668 0.9496 -0.1648
vn -0.4561 0.8730 0.1730
vn -0.4004 0.8951 0.1963
vn -0.4716 0.7073 0.5266
vn -0.4699 0.4073 0.7832
vn -0.4699 0.4071 0.7832
vn -0.3992 0.0471 0.9157
vn -0.3991 0.0470 0.9157
vn -0.1250 -0.2498 0.9602
vn -0.2651 -0.3118 0.9124
vn -0.2651 -0.3119 0.9124
vn 0.0545 -0.5610 0.8260
vn -0.0938 -0.6257 0.7744
vn -0.0939 -0.6257 0.7744
vn 0.2266 -0.7894 0.5705
vn 0.0938 -0.8516 0.5158
vn 0.0938 -0.8516 0.5157
vn 0.2657 -0.9456 0.1876
vn 0.3665 -0.9045 0.2182
vn 0.3994 -0.9005 -0.1722
vn 0.3993 -0.9005 -0.1724
vn 0.4781 -0.7210 -0.5015
vn 0.4781 -0.7210 -0.5016
vn 0.4771 -0.4302 -0.7664
vn 0.4771 -0.4301 -0.7664
vn 0.4082 -0.0629 -0.9107
vn 0.4082 -0.0628 -0.9107
vn 0.2756 0.2992 -0.9135
vn 0.2756 0.2993 -0.9135
vn 0.1027 0.6243 -0.7744
vn -0.0863 0.8556 -0.5103
vn -0.0864 0.8557 -0.5102
vn 0.0629 0.9034 -0.4242
vn -0.1495 0.9835 -0.1023
vn -0.3384 0.9129 0.2281
vn -0.3384 0.9129 0.2282
vn -0.4777 0.7047 0.5246
vn -0.4776 0.7047 0.5247
vn -0.5423 0.3852 0.7467
vn -0.4699 0.4072 0.7832
vn -0.5423 0.3851 0.7467
vn -0.3991 0.0469 0.9157
vn -0.5237 0.0078 0.8519
vn -0.3992 0.0470 0.9157
vn -0.5236 0.0078 0.8519
vn -0.4234 -0.3606 0.8311
vn -0.4233 -0.3607 0.8311
vn -0.2663 -0.6737 0.6894
vn -0.0939 -0.6258 0.7743
vn 0.0937 -0.8516 0.5157
vn -0.0624 -0.8973 0.4370
vn 0.2657 -0.9456 0.1875
vn 0.1480 -0.9811 0.1246
vn 0.3993 -0.9005 -0.1723
vn 0.3353 -0.9201 -0.2027
vn 0.3353 -0.9200 -0.2027
vn 0.4693 -0.7275 -0.5006
vn 0.4693 -0.7274 -0.5007
vn 0.5418 -0.4163 -0.7302
vn 0.5418 -0.4162 -0.7302
vn 0.4083 -0.0628 -0.9107
vn 0.5325 -0.0313 -0.8458
vn 0.4082 -0.0627 -0.9107
vn 0.5326 -0.0313 -0.8458
vn 0.4322 0.3457 -0.8329
vn 0.2756 0.2994 -0.9135
vn 0.1028 0.6243 -0.7744
vn 0.2751 0.6758 -0.6838
vn 0.2751 0.6759 -0.6837
vn 0.0628 0.9034 -0.4242
vn 0.2289 0.9235 -0.3078
vn -0.0315 0.9994 -0.0157
vn -0.1495 0.9835 -0.1022
vn -0.0315 0.9994 -0.0158
vn -0.2755 0.9210 0.2755
vn -0.4776 0.7048 0.5246
vn -0.4803 0.7008 0.5275
vn -0.4776 0.7047 0.5246
vn -0.6108 0.3758 0.6969
vn -0.6108 0.3759 0.6969
vn -0.6501 -0.0078 0.7598
vn -0.6501 -0.0079 0.7598
vn -0.5873 -0.3837 0.7126
vn -0.4370 -0.7023 0.5620
vn -0.2664 -0.6737 0.6893
vn -0.4370 -0.7023 0.5619
vn -0.0624 -0.8973 0.4369
vn -0.2261 -0.9201 0.3198
vn -0.2261 -0.9202 0.3197
vn 0.1479 -0.9811 0.1246
vn 0.0236 -0.9992 0.0316
vn 0.1480 -0.9811 0.1245
vn 0.0236 -0.9992 0.0315
vn 0.2660 -0.9309 -0.2503
vn 0.4693 -0.7274 -0.5006
vn 0.6118 -0.4000 -0.6824
vn 0.5418 -0.4162 -0.7303
vn 0.6584 -0.0157 -0.7525
vn 0.6584 -0.0156 -0.7525
vn 0.5959 0.3685 -0.7135
vn 0.2752 0.6759 -0.6837
vn 0.4477 0.6990 -0.5577
vn 0.4477 0.6990 -0.5576
vn 0.2289 0.9235 -0.3077
vn 0.0627 0.9955 0.0706
vn 0.0627 0.9955 0.0705
vn -0.2754 0.9210 0.2755
vn -0.2283 0.9213 0.3148
vn -0.2283 0.9212 0.3150
vn -0.4856 0.7050 0.5169
vn -0.4803 0.7007 0.5275
vn -0.4856 0.7049 0.5170
vn -0.6681 0.3851 0.6366
vn -0.6681 0.3851 0.6367
vn -0.6501 -0.0077 0.7598
vn -0.7452 -0.0000 0.6668
vn -0.7114 -0.3753 0.5942
vn -0.5722 -0.6976 0.4312
vn -0.4370 -0.7024 0.5619
vn -0.5722 -0.6977 0.4311
vn -0.2261 -0.9201 0.3197
vn -0.3446 -0.9164 0.2036
vn 0.0235 -0.9992 0.0315
vn -0.0628 -0.9965 -0.0549
vn -0.0627 -0.9965 -0.0549
vn 0.2187 -0.9296 -0.2968
vn 0.2660 -0.9309 -0.2504
vn 0.6673 -0.4004 -0.6280
vn 0.7525 -0.0158 -0.6584
vn 0.7525 -0.0157 -0.6584
vn 0.7206 0.3681 -0.5875
vn 0.5826 0.6927 -0.4251
vn 0.4477 0.6991 -0.5576
vn 0.5825 0.6928 -0.4251
vn 0.2290 0.9235 -0.3078
vn 0.4164 0.9034 -0.1021
vn 0.1096 0.9861 0.1251
vn 0.1096 0.9861 0.1252
vn -0.2284 0.9212 0.3150
vn -0.2117 0.9174 0.3371
vn -0.2283 0.9213 0.3149
vn -0.5005 0.7118 0.4928
vn -0.4857 0.7049 0.5169
vn -0.5006 0.7117 0.4928
vn -0.7136 0.3922 0.5804
vn -0.6681 0.3850 0.6367
vn -0.7137 0.3921 0.5804
vn -0.7452 0.0001 0.6668
vn -0.8184 0.0157 0.5744
vn -0.8184 0.0156 0.5744
vn -0.7114 -0.3752 0.5942
vn -0.7974 -0.3595 0.4847
vn -0.7973 -0.3596 0.4847
vn -0.5723 -0.6976 0.4311
vn -0.6561 -0.6796 0.3281
vn -0.3447 -0.9164 0.2036
vn -0.4156 -0.9019 0.1176
vn -0.1098 -0.9879 -0.1098
vn 0.2037 -0.9248 -0.3213
vn 0.2038 -0.9248 -0.3213
vn 0.4910 -0.7249 -0.4832
vn 0.4910 -0.7248 -0.4833
vn 0.6673 -0.4005 -0.6280
vn 0.7125 -0.4071 -0.5715
vn 0.8206 -0.0313 -0.5706
vn 0.7525 -0.0156 -0.6584
vn 0.7206 0.3682 -0.5875
vn 0.8026 0.3541 -0.4800
vn 0.6657 0.6736 -0.3211
vn 0.5825 0.6928 -0.4250
vn 0.4721 0.8814 -0.0157
vn 0.1097 0.9861 0.1252
vn 0.1413 0.9734 0.1805
vn 0.1412 0.9734 0.1805
vn -0.2051 0.9151 0.3471
vn -0.5005 0.7118 0.4927
vn -0.5199 0.7168 0.4647
vn -0.7555 0.4093 0.5116
vn -0.7556 0.4092 0.5115
vn -0.8184 0.0157 0.5745
vn -0.8775 0.0393 0.4779
vn -0.8775 0.0391 0.4779
vn -0.7974 -0.3596 0.4847
vn -0.8651 -0.3302 0.3775
vn -0.8651 -0.3303 0.3775
vn -0.7242 -0.6534 0.2204
vn -0.7242 -0.6535 0.2204
vn -0.4157 -0.9018 0.1177
vn -0.4687 -0.8828 0.0313
vn -0.4157 -0.9019 0.1176
vn -0.1482 -0.9753 -0.1638
vn -0.1097 -0.9879 -0.1098
vn -0.1481 -0.9753 -0.1638
vn 0.1952 -0.9215 -0.3358
vn 0.5101 -0.7298 -0.4552
vn 0.4911 -0.7248 -0.4832
vn 0.5101 -0.7297 -0.4552
vn 0.7536 -0.4239 -0.5024
vn 0.8207 -0.0313 -0.5706
vn 0.8772 -0.0471 -0.4778
vn 0.8772 -0.0469 -0.4778
vn 0.8693 0.3211 -0.3759
vn 0.8692 0.3211 -0.3759
vn 0.7292 0.6507 -0.2117
vn 0.7291 0.6508 -0.2117
vn 0.4165 0.9034 -0.1021
vn 0.4722 0.8813 -0.0157
vn 0.4722 0.8814 -0.0157
vn 0.5021 0.8631 0.0549
vn 0.1567 0.9630 0.2192
vn 0.1413 0.9734 0.1806
vn 0.1566 0.9630 0.2192
vn -0.2036 0.9164 0.3446
vn -0.2052 0.9151 0.3471
vn -0.2037 0.9164 0.3446
vn -0.5344 0.7310 0.4244
vn -0.5345 0.7309 0.4244
vn -0.7555 0.4092 0.5116
vn -0.7866 0.4327 0.4405
vn -0.9206 0.0629 0.3855
vn -0.9205 0.0630 0.3855
vn -0.9113 -0.3064 0.2750
vn -0.7685 -0.6274 0.1255
vn -0.7685 -0.6275 0.1255
vn -0.4688 -0.8828 0.0312
vn -0.5082 -0.8600 -0.0469
vn -0.5081 -0.8600 -0.0469
vn -0.1482 -0.9753 -0.1639
vn -0.1648 -0.9650 -0.2040
vn -0.1483 -0.9753 -0.1638
vn -0.1647 -0.9650 -0.2040
vn 0.5301 -0.7405 -0.4131
vn 0.5102 -0.7298 -0.4552
vn 0.7869 -0.4441 -0.4285
vn 0.9234 -0.0783 -0.3757
vn 0.8772 -0.0470 -0.4778
vn 0.9235 -0.0783 -0.3756
vn 0.8693 0.3210 -0.3759
vn 0.9167 0.2978 -0.2664
vn 0.7693 0.6279 -0.1178
vn 0.7292 0.6508 -0.2117
vn 0.7692 0.6280 -0.1177
vn 0.4722 0.8813 -0.0158
vn 0.5022 0.8630 0.0549
vn 0.5235 0.8439 0.1172
vn 0.1646 0.9560 0.2429
vn 0.1645 0.9560 0.2428
vn -0.2047 0.9213 0.3307
vn -0.5511 0.7479 0.3700
vn -0.8170 0.4556 0.3535
vn -0.7867 0.4326 0.4405
vn -0.9206 0.0631 0.3855
vn -0.9542 0.0946 0.2839
vn -0.9206 0.0630 0.3855
vn -0.9463 -0.2737 0.1720
vn -0.9463 -0.2738 0.1721
vn -0.7975 -0.6020 0.0391
vn -0.5244 -0.8454 -0.1018
vn -0.5243 -0.8454 -0.1018
vn -0.1649 -0.9650 -0.2040
vn -0.1725 -0.9565 -0.2352
vn 0.1951 -0.9215 -0.3358
vn 0.5447 -0.7547 -0.3657
vn 0.8111 -0.4679 -0.3510
vn 0.7869 -0.4440 -0.4285
vn 0.9541 -0.1017 -0.2816
vn 0.9235 -0.0782 -0.3756
vn 0.9168 0.2977 -0.2664
vn 0.9496 0.2668 -0.1648
vn 0.9167 0.2979 -0.2664
vn 0.7977 0.6022 -0.0313
vn 0.7693 0.6280 -0.1177
vn 0.5236 0.8439 0.1172
vn 0.5332 0.8313 0.1569
vn 0.1645 0.9560 0.2429
vn -0.2127 0.9301 0.2995
vn -0.2128 0.9300 0.2995
vn -0.5638 0.7674 0.3054
vn -0.8333 0.4795 0.2751
vn -0.9740 0.1257 0.1885
vn -0.9463 -0.2737 0.1721
vn -0.9661 -0.2435 0.0864
vn -0.9660 -0.2435 0.0864
vn -0.7976 -0.6020 0.0391
vn -0.8144 -0.5795 -0.0313
vn -0.8143 -0.5795 -0.0313
vn -0.5244 -0.8454 -0.1017
vn -0.5345 -0.8332 -0.1415
vn 0.2041 -0.9348 -0.2907
vn 0.2042 -0.9348 -0.2906
vn 0.5446 -0.7548 -0.3657
vn 0.5551 -0.7739 -0.3049
vn 0.5550 -0.7739 -0.3049
vn 0.8111 -0.4679 -0.3509
vn 0.8287 -0.4925 -0.2658
vn 0.8112 -0.4679 -0.3509
vn 0.8288 -0.4925 -0.2658
vn 0.9542 -0.1016 -0.2815
vn 0.9744 -0.1247 -0.1871
vn 0.9542 -0.1017 -0.2815
vn 0.9672 0.2418 -0.0780
vn 0.9672 0.2419 -0.0780
vn 0.7978 0.6022 -0.0313
vn 0.8142 0.5793 0.0391
vn 0.7977 0.6023 -0.0313
vn 0.8141 0.5793 0.0392
vn 0.5333 0.8313 0.1568
vn 0.5332 0.8313 0.1568
vn 0.5326 0.8302 0.1645
vn 0.1647 0.9560 0.2429
vn 0.1656 0.9612 0.2206
vn -0.2204 0.9444 0.2440
vn -0.2129 0.9301 0.2995
vn -0.2205 0.9444 0.2440
vn -0.5688 0.7899 0.2291
vn -0.5687 0.7900 0.2291
vn -0.8333 0.4796 0.2751
vn -0.8406 0.5106 0.1807
vn -0.8406 0.5107 0.1807
vn -0.9835 0.1495 0.1023
vn -0.9740 0.1256 0.1885
vn -0.9661 -0.2434 0.0864
vn -0.9736 -0.2277 0.0157
vn -0.8222 -0.5638 -0.0783
vn -0.5346 -0.8332 -0.1415
vn -0.5389 -0.8278 -0.1562
vn -0.5388 -0.8278 -0.1562
vn -0.1719 -0.9605 -0.2187
vn -0.1717 -0.9606 -0.2186
vn 0.2117 -0.9486 -0.2352
vn 0.2042 -0.9348 -0.2907
vn 0.2118 -0.9486 -0.2352
vn 0.5550 -0.7740 -0.3049
vn 0.5705 -0.7894 -0.2266
vn 0.5705 -0.7894 -0.2267
vn 0.8440 -0.5080 -0.1719
vn 0.8441 -0.5080 -0.1719
vn 0.9837 -0.1485 -0.1015
vn 0.9744 -0.1246 -0.1871
vn 0.9837 -0.1483 -0.1015
vn 0.9672 0.2417 -0.0780
vn 0.9741 0.2260 -0.0078
vn 0.8217 0.5634 0.0861
vn 0.8141 0.5793 0.0391
vn 0.5339 0.8323 0.1492
vn 0.1646 0.9712 0.1723
vn 0.1645 0.9712 0.1723
vn -0.2206 0.9612 0.1654
vn -0.2207 0.9612 0.1655
vn -0.5671 0.8113 0.1418
vn -0.5689 0.7899 0.2291
vn -0.5672 0.8113 0.1418
vn -0.8443 0.5288 0.0868
vn -0.8444 0.5287 0.0868
vn -0.9859 0.1656 0.0236
vn -0.9835 0.1494 0.1023
vn -0.9859 0.1656 0.0237
vn -0.9764 -0.2126 -0.0394
vn -0.9763 -0.2126 -0.0394
vn -0.8247 -0.5577 -0.0943
vn -0.8247 -0.5577 -0.0942
vn -0.5402 -0.8297 -0.1409
vn -0.5401 -0.8297 -0.1409
vn -0.1723 -0.9712 -0.1645
vn -0.1717 -0.9606 -0.2187
vn -0.1722 -0.9712 -0.1645
vn 0.2189 -0.9618 -0.1642
vn 0.5694 -0.8113 -0.1326
vn 0.8440 -0.5081 -0.1719
vn 0.8431 -0.5308 -0.0859
vn 0.9863 -0.1644 -0.0157
vn 0.9863 -0.1643 -0.0157
vn 0.9764 0.2108 0.0469
vn 0.9764 0.2110 0.0469
vn 0.8217 0.5633 0.0861
vn 0.8205 0.5626 0.1016
vn 0.5327 0.8302 0.1645
vn 0.5340 0.8402 0.0942
vn 0.1728 0.9812 0.0864
vn 0.1726 0.9812 0.0864
vn -0.2122 0.9752 0.0629
vn -0.2206 0.9612 0.1655
vn -0.2123 0.9752 0.0629
vn -0.5671 0.8114 0.1418
vn -0.5654 0.8245 0.0235
vn -0.5654 0.8245 0.0236
vn -0.8404 0.5419 -0.0078
vn -0.9859 0.1657 0.0237
vn -0.9827 0.1808 -0.0393
vn -0.9827 0.1807 -0.0393
vn -0.9764 -0.2125 -0.0394
vn -0.9763 -0.2047 -0.0709
vn -0.8247 -0.5576 -0.0943
vn -0.8253 -0.5580 -0.0865
vn -0.5396 -0.8367 -0.0938
vn -0.1724 -0.9712 -0.1645
vn -0.1715 -0.9821 -0.0779
vn 0.2190 -0.9618 -0.1642
vn 0.2108 -0.9760 -0.0547
vn 0.5707 -0.8208 -0.0235
vn 0.5695 -0.8112 -0.1326
vn 0.5707 -0.8208 -0.0234
vn 0.8431 -0.5309 -0.0859
vn 0.8426 -0.5383 0.0156
vn 0.9840 -0.1719 0.0468
vn 0.9863 -0.1643 -0.0156
vn 0.9840 -0.1718 0.0469
vn 0.9764 0.2109 0.0469
vn 0.9745 0.2105 0.0780
vn 0.8211 0.5630 0.0938
vn 0.8204 0.5627 0.1016
vn 0.1727 0.9812 0.0864
vn 0.1808 0.9827 -0.0393
vn 0.1727 0.9812 0.0863
vn -0.1970 0.9772 -0.0788
vn -0.5517 0.8277 -0.1025
vn -0.5518 0.8276 -0.1025
vn -0.8404 0.5419 -0.0079
vn -0.8270 0.5513 -0.1103
vn -0.9780 0.1815 -0.1025
vn -0.9781 0.1813 -0.1025
vn -0.9763 -0.2046 -0.0709
vn -0.9757 -0.2046 -0.0787
vn -0.9763 -0.2047 -0.0708
vn -0.8299 -0.5559 -0.0470
vn -0.8299 -0.5560 -0.0470
vn -0.5475 -0.8368 -0.0000
vn -0.5396 -0.8367 -0.0939
vn -0.5474 -0.8369 -0.0000
vn -0.1716 -0.9821 -0.0779
vn -0.1795 -0.9830 0.0390
vn -0.1794 -0.9830 0.0390
vn 0.2030 -0.9761 0.0781
vn 0.2109 -0.9760 -0.0547
vn 0.5625 -0.8205 0.1016
vn 0.5626 -0.8205 0.1016
vn 0.8347 -0.5382 0.1170
vn 0.9840 -0.1718 0.0468
vn 0.9789 -0.1724 0.1096
vn 0.9840 -0.1717 0.0469
vn 0.9789 -0.1723 0.1096
vn 0.9739 0.2104 0.0857
vn 0.9745 0.2106 0.0780
vn 0.8238 0.5649 0.0471
vn 0.8211 0.5631 0.0938
vn 0.5025 0.4868 -0.7145
vn 0.1809 0.9827 -0.0393
vn 0.2276 0.5967 -0.7695
vn 0.1807 0.9827 -0.0393
vn 0.2277 0.5967 -0.7695
vn -0.0631 0.5912 -0.8040
vn -0.0631 0.5912 -0.8041
vn -0.3379 0.4796 -0.8098
vn -0.3381 0.4795 -0.8098
vn -0.5501 0.2593 -0.7938
vn -0.5502 0.2594 -0.7937
vn -0.9780 0.1814 -0.1025
vn -0.6539 -0.0158 -0.7564
vn -0.9781 0.1814 -0.1025
vn -0.9757 -0.2045 -0.0787
vn -0.6465 -0.2996 -0.7016
vn -0.6465 -0.2995 -0.7017
vn -0.5338 -0.5573 -0.6360
vn -0.5338 -0.5573 -0.6359
vn -0.0625 -0.8446 -0.5318
vn -0.0626 -0.8446 -0.5318
vn 0.2029 -0.9761 0.0781
vn 0.2117 -0.8387 -0.5017
vn 0.2115 -0.8388 -0.5017
vn 0.4683 -0.7339 -0.4920
vn 0.4684 -0.7339 -0.4920
vn 0.8346 -0.5383 0.1170
vn 0.6817 -0.5328 -0.5014
vn 0.6816 -0.5328 -0.5015
vn 0.9789 -0.1723 0.1097
vn 0.8000 -0.2746 -0.5334
vn 0.9739 0.2103 0.0857
vn 0.8084 0.0078 -0.5886
vn 0.9738 0.2105 0.0857
vn 0.7068 0.2749 -0.6518
vn 0.1970 -0.4099 -0.8906
vn 0.0947 0.1815 -0.9788
vn 0.4487 -0.2755 -0.8502
vn 0.2359 0.8495 -0.4719
vn 0.4800 0.7238 -0.4957
vn 0.7065 0.2120 -0.6752
vn 0.6568 0.4927 -0.5708
vn 0.4771 0.3129 -0.8212
vn -0.5612 0.7272 -0.3952
vn 0.4685 -0.7339 -0.4918
vn 0.2116 -0.8388 -0.5017
vn 0.8001 -0.2745 -0.5334
vn -0.3293 -0.7449 -0.5802
vn 0.8084 0.0079 -0.5885
vn -0.5338 -0.5574 -0.6359
vn 0.7068 0.2748 -0.6518
vn -0.5501 0.2594 -0.7938
vn -0.3381 0.4796 -0.8097
vn 0.6329 0.0314 0.7736
vn 0.6329 0.0313 0.7736
vn 0.5233 0.2577 0.8123
vn 0.5233 0.2577 0.8122
vn 0.4147 0.4773 0.7747
vn 0.4147 0.4774 0.7747
vn 0.3140 0.6830 0.6594
vn 0.3140 0.6831 0.6594
vn 0.2351 0.8463 0.4780
vn 0.1807 0.9509 0.2514
vn 0.1807 0.9508 0.2515
vn 0.1644 0.9864 0.0001
vn 0.8676 -0.4299 0.2501
vn 0.8145 -0.3290 0.4778
vn 0.8146 -0.3290 0.4777
vn 0.8145 -0.3289 0.4778
vn 0.8146 -0.3290 0.4778
vn 0.7346 -0.1719 0.6564
vn 0.6329 0.0312 0.7736
vn 0.2197 0.4237 -0.8788
vn 0.2197 0.4236 -0.8788
vn 0.3471 0.1657 -0.9231
vn 0.4765 -0.0859 -0.8750
vn 0.5883 -0.3138 -0.7453
vn 0.5884 -0.3138 -0.7452
vn 0.5883 -0.3139 -0.7452
vn 0.6788 -0.4994 -0.5384
vn 0.7346 -0.6174 -0.2813
vn 0.7346 -0.6174 -0.2814
vn 0.7559 -0.6546 -0.0001
vn -0.0393 0.9584 -0.2828
vn 0.0157 0.8403 -0.5419
vn 0.1103 0.6539 -0.7485
vn 0.0627 0.6273 0.7762
vn -0.1336 0.7389 0.6604
vn -0.4315 0.9021 0.0001
vn 0.9582 0.1402 0.2494
vn 0.4787 0.8780 -0.0001
vn 0.6648 0.0782 -0.7429
vn -0.2909 0.5977 -0.7471
vn -0.0629 0.4713 -0.8797
vn -0.2926 0.8303 -0.4743
vn 0.9931 0.1173 -0.0001
vn -0.5839 0.7575 0.2921
vn 0.5143 -0.2806 0.8104
vn 0.8782 -0.4783 0.0001
vn 0.7105 -0.3904 -0.5854
vn 0.7104 -0.3904 -0.5856
vn 0.2748 -0.1492 -0.9499
vn 0.2747 -0.1492 -0.9499
vn -0.8348 0.4568 -0.3073
vn -0.8782 0.4783 -0.0001
vn -0.7087 0.3859 0.5907
vn -0.0001 -0.0000 1.0000
vn -0.0000 -0.9414 -0.3373
vn -0.3768 -0.8715 -0.3140
vn -0.3768 -0.8714 -0.3140
vn -0.3769 -0.8714 -0.3140
vn -0.7065 -0.6673 -0.2355
vn -0.7066 -0.6673 -0.2355
vn -0.7066 -0.6672 -0.2355
vn -0.9243 -0.3604 -0.1253
vn -0.9244 -0.3603 -0.1253
vn -0.9260 0.3531 0.1334
vn -0.7089 0.6617 0.2442
vn -0.3785 0.8673 0.3233
vn -0.0001 0.9389 0.3443
vn -0.0000 0.9389 0.3443
vn 0.3852 0.8647 0.3223
vn 0.3853 0.8647 0.3223
vn 0.7128 0.6580 0.2428
vn 0.9260 0.3532 0.1334
vn 0.9260 0.3531 0.1334
vn 0.9244 -0.3603 -0.1253
vn 0.9243 -0.3604 -0.1253
vn 0.7105 -0.6636 -0.2342
vn 0.7105 -0.6635 -0.2342
vn 0.7104 -0.6637 -0.2342
vn 0.3835 -0.8688 -0.3131
vn 0.3836 -0.8688 -0.3131
vn 0.3835 -0.8689 -0.3131
vn -0.3119 -0.9124 0.2651
vn -0.5802 -0.7450 0.3293
vn -0.5802 -0.7449 0.3293
vn -0.7624 -0.4952 0.4166
vn -0.8265 -0.1969 0.5274
vn -0.8265 -0.1968 0.5274
vn -0.8265 -0.1967 0.5274
vn -0.7636 0.1023 0.6376
vn -0.7635 0.1023 0.6376
vn -0.7635 0.1024 0.6376
vn -0.5823 0.3541 0.7318
vn -0.3135 0.5249 0.7913
vn -0.3134 0.5250 0.7913
vn -0.3134 0.5249 0.7913
vn 0.3204 0.5236 0.7894
vn 0.3203 0.5237 0.7894
vn 0.5874 0.3525 0.7285
vn 0.5875 0.3525 0.7284
vn 0.7668 0.1017 0.6338
vn 0.8290 -0.1955 0.5240
vn 0.7657 -0.4922 0.4141
vn 0.5854 -0.7415 0.3278
vn 0.3190 -0.9101 0.2645
vn 0.3189 -0.9101 0.2645
vn -0.0000 -0.9702 0.2425
vn -0.3118 -0.9124 0.2651
vn -0.0704 -0.0783 0.9944
vt 0.397000 0.139200
vt 0.426800 0.136600
vt 0.415500 0.107100
vt 0.065600 0.093900
vt 0.059800 0.118300
vt 0.083000 0.097500
vt 0.098800 0.116000
vt 0.100300 0.098900
vt 0.087000 0.145600
vt 0.081500 0.133900
vt 0.072800 0.144200
vt 0.055900 0.221900
vt 0.090500 0.216200
vt 0.074700 0.209800
vt 0.120600 0.231200
vt 0.125500 0.217500
vt 0.108300 0.218800
vt 0.165800 0.339800
vt 0.192300 0.339800
vt 0.190800 0.333700
vt 0.475600 0.075100
vt 0.491200 0.054000
vt 0.474600 0.069600
vt 0.473400 0.064000
vt 0.472700 0.052600
vt 0.472400 0.058300
vt 0.495100 0.075300
vt 0.455800 0.577100
vt 0.429900 0.550300
vt 0.329800 0.577100
vt 0.372300 0.502400
vt 0.356900 0.491900
vt 0.105700 0.426500
vt 0.073500 0.446500
vt 0.102800 0.577600
vt 0.404800 0.527800
vt 0.376200 0.504900
vt 0.061600 0.460900
vt 0.059000 0.464100
vt 0.041400 0.487800
vt 0.019500 0.544400
vt 0.016700 0.577600
vt 0.027500 0.515100
vt 0.240700 0.111600
vt 0.241500 0.105400
vt 0.219200 0.105300
vt 0.132200 0.090300
vt 0.142300 0.088300
vt 0.146100 0.080900
vt 0.174600 0.038600
vt 0.168200 0.054400
vt 0.192100 0.048600
vt 0.167700 0.080400
vt 0.158600 0.068800
vt 0.117600 0.096600
vt 0.098300 0.154100
vt 0.061800 0.200000
vt 0.052300 0.160000
vt 0.061100 0.148800
vt 0.046700 0.143900
vt 0.327900 0.472400
vt 0.113000 0.137000
vt 0.089100 0.815900
vt 0.089100 0.780800
vt 0.090800 0.815900
vt 0.099900 0.780800
vt 0.099900 0.815900
vt 0.098100 0.815900
vt 0.228500 0.815900
vt 0.228500 0.780800
vt 0.230500 0.815900
vt 0.024500 0.780800
vt 0.024300 0.815900
vt 0.022000 0.815900
vt 0.679700 0.191400
vt 0.685100 0.189500
vt 0.685100 0.098900
vt 0.680200 0.093300
vt 0.685100 0.099100
vt 0.743200 0.062900
vt 0.752400 0.101300
vt 0.767600 0.073800
vt 0.659200 0.093400
vt 0.659200 0.111100
vt 0.634800 0.120200
vt 0.636200 0.169200
vt 0.659200 0.175300
vt 0.659200 0.161100
vt 0.659200 0.191300
vt 0.659200 0.127600
vt 0.505900 0.016500
vt 0.512700 0.018700
vt 0.510300 0.011000
vt 0.760700 0.199100
vt 0.766100 0.190300
vt 0.751000 0.183500
vt 0.592300 0.035600
vt 0.548800 0.025900
vt 0.553700 0.054000
vt 0.528800 0.034400
vt 0.541000 0.063300
vt 0.566900 0.103000
vt 0.545400 0.078200
vt 0.555700 0.112400
vt 0.577100 0.148400
vt 0.558100 0.129000
vt 0.564500 0.159400
vt 0.586400 0.183500
vt 0.567900 0.173800
vt 0.577100 0.199800
vt 0.602100 0.214000
vt 0.583000 0.212200
vt 0.599100 0.234500
vt 0.772900 0.102500
vt 0.756800 0.143600
vt 0.775900 0.152300
vt 0.775400 0.123700
vt 0.685100 0.244500
vt 0.697800 0.225100
vt 0.686000 0.209500
vt 0.701700 0.200700
vt 0.709500 0.211200
vt 0.725100 0.199800
vt 0.716300 0.184800
vt 0.685100 0.175300
vt 0.188600 0.152800
vt 0.227100 0.137600
vt 0.194900 0.124900
vt 0.570800 0.325900
vt 0.562000 0.279500
vt 0.533200 0.303500
vt 0.254200 0.151400
vt 0.378200 0.417700
vt 0.351800 0.439900
vt 0.391800 0.443800
vt 0.339600 0.389200
vt 0.337200 0.347400
vt 0.307600 0.354700
vt 0.378900 0.370600
vt 0.357900 0.330100
vt 0.390900 0.197800
vt 0.363000 0.185200
vt 0.356700 0.232200
vt 0.296600 0.391100
vt 0.316200 0.392600
vt 0.278800 0.386500
vt 0.283900 0.351100
vt 0.260300 0.379200
vt 0.329300 0.180900
vt 0.299800 0.216900
vt 0.328400 0.217700
vt 0.241200 0.363300
vt 0.262000 0.338100
vt 0.277300 0.186900
vt 0.274400 0.228800
vt 0.299300 0.180800
vt 0.207600 0.272500
vt 0.209600 0.286100
vt 0.243400 0.281500
vt 0.214600 0.250700
vt 0.254400 0.251500
vt 0.225000 0.230300
vt 0.238900 0.212200
vt 0.256800 0.197400
vt 0.339800 0.292200
vt 0.341100 0.280300
vt 0.307400 0.284900
vt 0.337400 0.300500
vt 0.331100 0.309300
vt 0.336700 0.269000
vt 0.319800 0.316400
vt 0.327600 0.260500
vt 0.306400 0.319100
vt 0.315200 0.254900
vt 0.293200 0.316700
vt 0.282200 0.310100
vt 0.300300 0.254400
vt 0.274700 0.298800
vt 0.287400 0.259800
vt 0.272900 0.284400
vt 0.277600 0.270500
vt 0.238200 0.343000
vt 0.231600 0.322800
vt 0.246000 0.314000
vt 0.222500 0.304000
vt 0.195300 0.271700
vt 0.532200 0.161500
vt 0.499500 0.175500
vt 0.509300 0.187900
vt 0.673800 0.522500
vt 0.668500 0.545900
vt 0.628900 0.526400
vt 0.666000 0.547900
vt 0.668000 0.556200
vt 0.637700 0.571800
vt 0.612300 0.581500
vt 0.588400 0.589400
vt 0.567900 0.547900
vt 0.595200 0.541500
vt 0.566400 0.592300
vt 0.546400 0.592300
vt 0.530800 0.587900
vt 0.546900 0.545400
vt 0.530800 0.587400
vt 0.522000 0.578600
vt 0.511700 0.568400
vt 0.535200 0.533200
vt 0.499000 0.559100
vt 0.485400 0.551800
vt 0.519500 0.523900
vt 0.471900 0.547900
vt 0.460900 0.546400
vt 0.504900 0.521000
vt 0.460200 0.547400
vt 0.450200 0.525400
vt 0.496600 0.496600
vt 0.445800 0.504900
vt 0.446300 0.483600
vt 0.451700 0.463100
vt 0.500000 0.471900
vt 0.461200 0.443800
vt 0.474400 0.426800
vt 0.513200 0.450400
vt 0.495400 0.408700
vt 0.525400 0.391800
vt 0.543500 0.429400
vt 0.558100 0.376200
vt 0.593800 0.357400
vt 0.584500 0.409200
vt 0.628400 0.336400
vt 0.654300 0.316400
vt 0.620100 0.385300
vt 0.661100 0.315900
vt 0.662100 0.318100
vt 0.664600 0.342800
vt 0.665000 0.381800
vt 0.634800 0.450900
vt 0.673300 0.431600
vt 0.676800 0.456300
vt 0.677200 0.480000
vt 0.634300 0.480700
vt 0.676800 0.502000
vt 0.555200 0.498500
vt 0.556200 0.494600
vt 0.543000 0.494600
vt 0.555200 0.490700
vt 0.553700 0.487100
vt 0.550800 0.484100
vt 0.546900 0.482400
vt 0.543000 0.481700
vt 0.539100 0.482400
vt 0.535600 0.484100
vt 0.532700 0.487100
vt 0.530800 0.490700
vt 0.530300 0.494600
vt 0.530800 0.498500
vt 0.532700 0.502000
vt 0.535600 0.504900
vt 0.539100 0.506800
vt 0.543000 0.507300
vt 0.546900 0.506800
vt 0.550800 0.504900
vt 0.553700 0.502000
vt 0.095800 0.954600
vt 0.154400 0.880400
vt 0.020700 0.880400
vt 0.329300 0.879900
vt 0.295400 0.877400
vt 0.319600 0.922400
vt 0.175800 0.715800
vt 0.173600 0.708500
vt 0.143900 0.759800
vt 0.419900 0.639200
vt 0.416700 0.638700
vt 0.416300 0.643100
vt 0.288100 0.724100
vt 0.284700 0.758300
vt 0.290800 0.758800
vt 0.266600 0.693800
vt 0.344700 0.715300
vt 0.363000 0.701200
vt 0.176600 0.731000
vt 0.182400 0.726100
vt 0.089800 0.962900
vt 0.084000 0.968800
vt 0.089400 0.970700
vt 0.178600 0.670400
vt 0.177700 0.665000
vt 0.173200 0.668000
vt 0.419700 0.687000
vt 0.417500 0.678700
vt 0.413300 0.683100
vt 0.415000 0.678700
vt 0.409200 0.682100
vt 0.407500 0.679200
vt 0.384300 0.689000
vt 0.410400 0.678700
vt 0.182400 0.924300
vt 0.181000 0.919900
vt 0.185400 0.920900
vt 0.289100 0.843300
vt 0.284200 0.842800
vt 0.285200 0.855000
vt 0.289300 0.762200
vt 0.284700 0.761700
vt 0.285400 0.773900
vt 0.324700 0.770000
vt 0.324700 0.761200
vt 0.298600 0.768600
vt 0.293500 0.846700
vt 0.296400 0.852100
vt 0.285200 0.867200
vt 0.293500 0.874500
vt 0.296400 0.868700
vt 0.289100 0.878400
vt 0.285400 0.786100
vt 0.293500 0.793500
vt 0.296400 0.787600
vt 0.289300 0.796900
vt 0.293500 0.765100
vt 0.296400 0.770500
vt 0.151400 0.714400
vt 0.146600 0.717800
vt 0.140100 0.718300
vt 0.284200 0.798300
vt 0.284200 0.879900
vt 0.290800 0.881300
vt 0.396000 0.697800
vt 0.282500 0.712900
vt 0.215000 0.173100
vt 0.529800 0.287800
vt 0.560100 0.279800
vt 0.528800 0.278100
vt 0.358400 0.382100
vt 0.394800 0.359100
vt 0.761700 0.622600
vt 0.802700 0.458500
vt 0.761700 0.602100
vt 0.761700 0.335700
vt 0.761700 0.356200
vt 0.761700 0.376700
vt 0.761700 0.417500
vt 0.761700 0.438000
vt 0.761700 0.458500
vt 0.761700 0.499500
vt 0.761700 0.520000
vt 0.761700 0.540500
vt 0.761700 0.561000
vt 0.761700 0.581500
vt 0.761700 0.479000
vt 0.761700 0.397000
vt 0.761700 0.315200
vt 0.761700 0.294700
vt 0.588400 0.497300
vt 0.588400 0.493200
vt 0.575700 0.495400
vt 0.586900 0.489300
vt 0.584500 0.486100
vt 0.581500 0.483600
vt 0.577600 0.482400
vt 0.573200 0.482400
vt 0.569800 0.483600
vt 0.566400 0.486100
vt 0.564000 0.489500
vt 0.562500 0.493400
vt 0.562500 0.497300
vt 0.564000 0.501000
vt 0.566400 0.504400
vt 0.569800 0.506800
vt 0.573700 0.507800
vt 0.577600 0.507800
vt 0.581500 0.506800
vt 0.584500 0.504400
vt 0.586900 0.501000
vt 0.521000 0.202800
vt 0.573200 0.471200
vt 0.573700 0.467300
vt 0.561000 0.467300
vt 0.573200 0.463400
vt 0.571300 0.459700
vt 0.568400 0.456800
vt 0.564900 0.455100
vt 0.561000 0.454300
vt 0.556600 0.455100
vt 0.553200 0.456800
vt 0.550300 0.459700
vt 0.548300 0.463400
vt 0.547900 0.467300
vt 0.548300 0.471200
vt 0.550300 0.474900
vt 0.553200 0.477800
vt 0.556600 0.479500
vt 0.561000 0.480200
vt 0.564900 0.479500
vt 0.568400 0.477800
vt 0.571300 0.474900
vt 0.866200 0.663100
vt 0.825200 0.827100
vt 0.866200 0.683600
vt 0.866200 0.950200
vt 0.866200 0.929700
vt 0.866200 0.909200
vt 0.866200 0.868200
vt 0.866200 0.847700
vt 0.866200 0.827100
vt 0.866200 0.786100
vt 0.866200 0.765600
vt 0.866200 0.745100
vt 0.866200 0.724600
vt 0.866200 0.704100
vt 0.866200 0.806600
vt 0.866200 0.888700
vt 0.866200 0.970700
vt 0.866200 0.991200
vt 0.580100 0.464600
vt 0.579600 0.468800
vt 0.592300 0.469000
vt 0.580100 0.472700
vt 0.581500 0.476300
vt 0.584500 0.479200
vt 0.588400 0.481200
vt 0.592300 0.481900
vt 0.592300 0.456100
vt 0.588400 0.456500
vt 0.585000 0.458300
vt 0.582000 0.461200
vt 0.266800 0.708500
vt -0.603000 0.139200
vt -0.584500 0.107100
vt -0.573200 0.136600
vt -0.934600 0.093900
vt -0.917000 0.097500
vt -0.940400 0.118300
vt -0.901400 0.116000
vt -0.899400 0.098900
vt -0.913100 0.145600
vt -0.927200 0.144200
vt -0.918500 0.133900
vt -0.943800 0.221900
vt -0.925300 0.209800
vt -0.909700 0.216200
vt -0.879400 0.231200
vt -0.891600 0.218800
vt -0.874500 0.217500
vt -0.834500 0.339800
vt -0.809100 0.333700
vt -0.807600 0.339800
vt -0.524400 0.075100
vt -0.525400 0.069600
vt -0.508800 0.054000
vt -0.526900 0.064000
vt -0.527300 0.052600
vt -0.527300 0.058300
vt -0.504900 0.075300
vt -0.544400 0.577100
vt -0.669900 0.577100
vt -0.569800 0.550300
vt -0.627400 0.502400
vt -0.643100 0.491900
vt -0.894000 0.426500
vt -0.897000 0.577600
vt -0.926300 0.446500
vt -0.595200 0.527800
vt -0.623500 0.504900
vt -0.938500 0.460900
vt -0.940900 0.464100
vt -0.958500 0.487800
vt -0.983400 0.577600
vt -0.980500 0.544400
vt -0.972700 0.515100
vt -0.759300 0.111600
vt -0.780800 0.105300
vt -0.758300 0.105400
vt -0.867700 0.090300
vt -0.854000 0.080900
vt -0.857400 0.088300
vt -0.825700 0.038600
vt -0.807600 0.048600
vt -0.831500 0.054400
vt -0.832000 0.080400
vt -0.841300 0.068800
vt -0.882300 0.096600
vt -0.901900 0.154100
vt -0.938000 0.200000
vt -0.947800 0.160000
vt -0.953100 0.143900
vt -0.939000 0.148800
vt -0.671900 0.472400
vt -0.886700 0.137000
vt -0.911100 0.815900
vt -0.909200 0.815900
vt -0.911100 0.780800
vt -0.899900 0.780800
vt -0.901900 0.815900
vt -0.899900 0.815900
vt -0.771500 0.815900
vt -0.769500 0.815900
vt -0.771500 0.780800
vt -0.975600 0.780800
vt -0.978000 0.815900
vt -0.975600 0.815900
vt -0.320300 0.191400
vt -0.314900 0.189500
vt -0.314900 0.098900
vt -0.314900 0.099100
vt -0.319800 0.093300
vt -0.257100 0.062900
vt -0.232500 0.073800
vt -0.247300 0.101300
vt -0.341100 0.093400
vt -0.341100 0.111100
vt -0.365200 0.120200
vt -0.363800 0.169200
vt -0.341100 0.161100
vt -0.341100 0.175300
vt -0.341100 0.191300
vt -0.341100 0.127600
vt -0.494400 0.016500
vt -0.489700 0.011000
vt -0.487300 0.018700
vt -0.239500 0.199100
vt -0.249000 0.183500
vt -0.233800 0.190300
vt -0.408000 0.035600
vt -0.446000 0.054000
vt -0.450900 0.025900
vt -0.459000 0.063300
vt -0.471200 0.034400
vt -0.433100 0.103000
vt -0.444300 0.112400
vt -0.454800 0.078200
vt -0.422600 0.148400
vt -0.435800 0.159400
vt -0.441700 0.129000
vt -0.413800 0.183500
vt -0.423100 0.199800
vt -0.431900 0.173800
vt -0.398200 0.214000
vt -0.400600 0.234500
vt -0.416700 0.212200
vt -0.226900 0.102500
vt -0.243300 0.143600
vt -0.224700 0.123700
vt -0.224200 0.152300
vt -0.314700 0.244500
vt -0.314000 0.209500
vt -0.302200 0.225100
vt -0.298600 0.200700
vt -0.290800 0.211200
vt -0.274700 0.199800
vt -0.283700 0.184800
vt -0.314900 0.175300
vt -0.811500 0.152800
vt -0.805200 0.124900
vt -0.772900 0.137600
vt -0.429200 0.325900
vt -0.467000 0.303500
vt -0.438200 0.279500
vt -0.745600 0.151400
vt -0.622100 0.417700
vt -0.608400 0.443800
vt -0.647900 0.439900
vt -0.660600 0.389200
vt -0.692400 0.354700
vt -0.662600 0.347400
vt -0.621100 0.370600
vt -0.642100 0.330100
vt -0.608900 0.197800
vt -0.643600 0.232200
vt -0.637200 0.185200
vt -0.703100 0.391100
vt -0.683600 0.392600
vt -0.721200 0.386500
vt -0.715800 0.351100
vt -0.739700 0.379200
vt -0.670400 0.180900
vt -0.671900 0.217700
vt -0.700200 0.216900
vt -0.758800 0.363300
vt -0.737800 0.338100
vt -0.722700 0.186900
vt -0.725600 0.228800
vt -0.700700 0.180800
vt -0.792500 0.272500
vt -0.756300 0.281500
vt -0.790500 0.286100
vt -0.785600 0.250700
vt -0.745600 0.251500
vt -0.774900 0.230300
vt -0.761200 0.212200
vt -0.743200 0.197400
vt -0.660200 0.292200
vt -0.692400 0.284900
vt -0.659200 0.280300
vt -0.662600 0.300500
vt -0.668900 0.309300
vt -0.663100 0.269000
vt -0.680200 0.316400
vt -0.672400 0.260500
vt -0.693400 0.319100
vt -0.685100 0.254900
vt -0.706500 0.316700
vt -0.717800 0.310100
vt -0.699700 0.254400
vt -0.725100 0.298800
vt -0.712900 0.259800
vt -0.727100 0.284400
vt -0.722200 0.270500
vt -0.761700 0.343000
vt -0.768600 0.322800
vt -0.777300 0.304000
vt -0.753900 0.314000
vt -0.804700 0.271700
vt -0.468000 0.161500
vt -0.490500 0.187900
vt -0.500500 0.175500
vt -0.326200 0.522500
vt -0.371300 0.526400
vt -0.331800 0.545900
vt -0.333700 0.547900
vt -0.332000 0.556200
vt -0.362500 0.571800
vt -0.387500 0.581500
vt -0.411900 0.589400
vt -0.405000 0.541500
vt -0.432400 0.547900
vt -0.433600 0.592300
vt -0.453600 0.592300
vt -0.453400 0.545400
vt -0.469200 0.587900
vt -0.469500 0.587400
vt -0.478000 0.578600
vt -0.464600 0.533200
vt -0.488300 0.568400
vt -0.501000 0.559100
vt -0.480200 0.523900
vt -0.514600 0.551800
vt -0.527800 0.547900
vt -0.494900 0.521000
vt -0.539100 0.546400
vt -0.540000 0.547400
vt -0.549800 0.525400
vt -0.503400 0.496600
vt -0.554200 0.504900
vt -0.553700 0.483600
vt -0.500000 0.471900
vt -0.548300 0.463100
vt -0.538600 0.443800
vt -0.486600 0.450400
vt -0.525900 0.426800
vt -0.504900 0.408700
vt -0.456500 0.429400
vt -0.474600 0.391800
vt -0.441900 0.376200
vt -0.415800 0.409200
vt -0.406000 0.357400
vt -0.371300 0.336400
vt -0.379600 0.385300
vt -0.345700 0.316400
vt -0.339100 0.315900
vt -0.338100 0.318100
vt -0.335400 0.342800
vt -0.334700 0.381800
vt -0.365200 0.450900
vt -0.326900 0.431600
vt -0.323500 0.456300
vt -0.366000 0.480700
vt -0.323000 0.480000
vt -0.323500 0.502000
vt -0.444600 0.498500
vt -0.456800 0.494600
vt -0.444100 0.494600
vt -0.444600 0.490700
vt -0.446500 0.487100
vt -0.449200 0.484100
vt -0.452900 0.482400
vt -0.456800 0.481700
vt -0.460900 0.482400
vt -0.464400 0.484100
vt -0.467300 0.487100
vt -0.469200 0.490700
vt -0.469700 0.494600
vt -0.469200 0.498500
vt -0.467300 0.502000
vt -0.464400 0.504900
vt -0.460900 0.506800
vt -0.456800 0.507300
vt -0.452900 0.506800
vt -0.449200 0.504900
vt -0.446500 0.502000
vt -0.904300 0.954600
vt -0.979500 0.880400
vt -0.845700 0.880400
vt -0.670900 0.879900
vt -0.680200 0.922400
vt -0.704600 0.877400
vt -0.824200 0.715800
vt -0.856000 0.759800
vt -0.826700 0.708500
vt -0.580100 0.639200
vt -0.584000 0.643100
vt -0.583500 0.638700
vt -0.711900 0.724100
vt -0.709500 0.758800
vt -0.715300 0.758300
vt -0.733400 0.693800
vt -0.636700 0.701200
vt -0.655300 0.715300
vt -0.823200 0.731000
vt -0.817900 0.726100
vt -0.910200 0.962900
vt -0.910600 0.970700
vt -0.916000 0.968800
vt -0.821300 0.670400
vt -0.826700 0.668000
vt -0.822300 0.665000
vt -0.580600 0.687000
vt -0.586900 0.683100
vt -0.582500 0.678700
vt -0.585000 0.678700
vt -0.590800 0.682100
vt -0.615700 0.689000
vt -0.592300 0.679200
vt -0.589800 0.678700
vt -0.817900 0.924300
vt -0.818800 0.919900
vt -0.814500 0.920900
vt -0.710900 0.843300
vt -0.714800 0.855000
vt -0.715800 0.842800
vt -0.710900 0.762200
vt -0.714800 0.773900
vt -0.715300 0.761700
vt -0.675300 0.770000
vt -0.701700 0.768600
vt -0.675300 0.761200
vt -0.706500 0.846700
vt -0.703600 0.852100
vt -0.714800 0.867200
vt -0.703600 0.868700
vt -0.706500 0.874500
vt -0.710900 0.878400
vt -0.714800 0.786100
vt -0.703600 0.787600
vt -0.706500 0.793500
vt -0.710900 0.796900
vt -0.706500 0.765100
vt -0.703600 0.770500
vt -0.848600 0.714400
vt -0.853500 0.717800
vt -0.859900 0.718300
vt -0.715800 0.798300
vt -0.715800 0.879900
vt -0.709500 0.881300
vt -0.604000 0.697800
vt -0.717300 0.712900
vt -0.785200 0.173100
vt -0.470500 0.287800
vt -0.471200 0.278100
vt -0.439900 0.279800
vt -0.641600 0.382100
vt -0.605500 0.359100
vt -0.238400 0.622600
vt -0.238400 0.602100
vt -0.197400 0.458500
vt -0.238400 0.335700
vt -0.238400 0.356200
vt -0.238400 0.376700
vt -0.238400 0.417500
vt -0.238400 0.438000
vt -0.238400 0.458500
vt -0.238400 0.499500
vt -0.238400 0.520000
vt -0.238400 0.540500
vt -0.238400 0.561000
vt -0.238400 0.581500
vt -0.238400 0.479000
vt -0.238400 0.397000
vt -0.238400 0.315200
vt -0.238400 0.294700
vt -0.411600 0.497300
vt -0.424600 0.495400
vt -0.411600 0.493200
vt -0.413100 0.489300
vt -0.415300 0.486100
vt -0.418700 0.483600
vt -0.422600 0.482400
vt -0.426500 0.482400
vt -0.430400 0.483600
vt -0.433600 0.486100
vt -0.436000 0.489500
vt -0.437300 0.493400
vt -0.437300 0.497300
vt -0.436000 0.501000
vt -0.433600 0.504400
vt -0.430400 0.506800
vt -0.426500 0.507800
vt -0.422400 0.507800
vt -0.418500 0.506800
vt -0.415300 0.504400
vt -0.412800 0.501000
vt -0.479200 0.202800
vt -0.427000 0.471200
vt -0.439200 0.467300
vt -0.426300 0.467300
vt -0.427000 0.463400
vt -0.428700 0.459700
vt -0.431600 0.456800
vt -0.435300 0.455100
vt -0.439200 0.454300
vt -0.443100 0.455100
vt -0.446800 0.456800
vt -0.449700 0.459700
vt -0.451400 0.463400
vt -0.452100 0.467300
vt -0.451400 0.471200
vt -0.449700 0.474900
vt -0.446800 0.477800
vt -0.443100 0.479500
vt -0.439200 0.480200
vt -0.435300 0.479500
vt -0.431600 0.477800
vt -0.428700 0.474900
vt -0.133800 0.663100
vt -0.133800 0.683600
vt -0.174900 0.827100
vt -0.133800 0.950200
vt -0.133800 0.929700
vt -0.133800 0.909200
vt -0.133800 0.868200
vt -0.133800 0.847700
vt -0.133800 0.827100
vt -0.133800 0.786100
vt -0.133800 0.765600
vt -0.133800 0.745100
vt -0.133800 0.724600
vt -0.133800 0.704100
vt -0.133800 0.806600
vt -0.133800 0.888700
vt -0.133800 0.970700
vt -0.133800 0.991200
vt -0.419900 0.464600
vt -0.407700 0.469000
vt -0.420700 0.468800
vt -0.420200 0.472700
vt -0.418200 0.476300
vt -0.415500 0.479200
vt -0.411900 0.481200
vt -0.408000 0.481900
vt -0.407500 0.456100
vt -0.411600 0.456500
vt -0.415000 0.458300
vt -0.418000 0.461200
vt -0.732900 0.708500
vt 0.338100 0.059500
vt 0.360400 0.062000
vt 0.341600 0.034300
vt 0.363000 0.038000
vt 0.334500 0.086400
vt 0.357400 0.086900
vt 0.325000 0.135500
vt 0.350100 0.139600
vt 0.329600 0.113400
vt 0.353500 0.113500
vt 0.383100 0.086400
vt 0.379900 0.111500
vt 0.410400 0.083300
vt 0.388200 0.042300
vt 0.386000 0.063200
vt 0.408400 0.045400
vt 0.408000 0.063000
vt 0.305400 0.112900
vt 0.310500 0.085700
vt 0.281500 0.109900
vt 0.285600 0.082700
vt 0.314500 0.057500
vt 0.318400 0.030300
vt 0.289300 0.054000
vt 0.293000 0.026200
vt 0.245600 0.049000
vt 0.247600 0.021000
vt 0.219700 0.047800
vt 0.220200 0.019900
vt 0.243500 0.078000
vt 0.219500 0.076500
vt 0.196200 0.102500
vt 0.193800 0.077000
vt 0.172900 0.103400
vt 0.191400 0.020700
vt 0.175800 0.022000
vt 0.018500 0.166400
vt 0.044200 0.169900
vt 0.024600 0.135100
vt 0.049600 0.173600
vt 0.038200 0.106500
vt 0.047900 0.196200
vt 0.020300 0.198000
vt 0.027600 0.228000
vt 0.052900 0.187600
vt 0.046500 0.281000
vt 0.073600 0.271200
vt 0.036900 0.255600
vt 0.064400 0.247100
vt 0.101300 0.262000
vt 0.093000 0.238400
vt 0.128200 0.253700
vt 0.153600 0.243800
vt 0.145600 0.224700
vt 0.142000 0.212200
vt 0.162800 0.263400
vt 0.136700 0.274400
vt 0.110200 0.283200
vt 0.173100 0.286100
vt 0.146100 0.295200
vt 0.119700 0.304000
vt 0.083100 0.293200
vt 0.055900 0.303700
vt 0.092800 0.313700
vt 0.065600 0.325200
vt 0.085400 0.366500
vt 0.112700 0.354200
vt 0.075300 0.345900
vt 0.102700 0.334000
vt 0.139200 0.345500
vt 0.129400 0.324500
vt 0.156100 0.316900
vt 0.183500 0.311300
vt 0.445300 0.114000
vt 0.439500 0.095000
vt 0.434800 0.077400
vt 0.460400 0.095300
vt 0.456800 0.082900
vt 0.454100 0.071200
vt 0.452600 0.050900
vt 0.452600 0.060500
vt 0.432400 0.048600
vt 0.432400 0.062000
vt 0.162000 0.357700
vt 0.185300 0.357900
vt 0.138500 0.360800
vt 0.092700 0.378900
vt 0.115800 0.367900
vt 0.441900 0.144800
vt 0.460400 0.121200
vt 0.477100 0.099100
vt 0.281500 0.448000
vt 0.283900 0.577100
vt 0.221300 0.421900
vt 0.191000 0.415300
vt 0.220000 0.577100
vt 0.189200 0.577100
vt 0.158400 0.577100
vt 0.160900 0.413800
vt 0.130100 0.577100
vt 0.132700 0.418200
vt 0.301000 0.130000
vt 0.279300 0.123700
vt 0.130900 0.121900
vt 0.150600 0.109800
vt 0.026600 0.865700
vt 0.016500 0.865700
vt 0.026600 0.830100
vt 0.016500 0.830100
vt 0.038100 0.865700
vt 0.038100 0.830100
vt 0.071400 0.865700
vt 0.059900 0.865700
vt 0.071400 0.830100
vt 0.059900 0.830100
vt 0.082100 0.865700
vt 0.082100 0.830100
vt 0.048800 0.865700
vt 0.048800 0.830100
vt 0.114100 0.865700
vt 0.103400 0.865700
vt 0.114100 0.830100
vt 0.103400 0.830100
vt 0.124800 0.865700
vt 0.124800 0.830100
vt 0.092800 0.865700
vt 0.092800 0.830100
vt 0.185500 0.815900
vt 0.174800 0.815900
vt 0.185500 0.780800
vt 0.174800 0.780800
vt 0.196300 0.815900
vt 0.196300 0.780800
vt 0.206900 0.815900
vt 0.206900 0.780800
vt 0.217700 0.815900
vt 0.217700 0.780800
vt 0.132000 0.815900
vt 0.132000 0.780800
vt 0.142700 0.815900
vt 0.142700 0.780800
vt 0.164100 0.815900
vt 0.153400 0.815900
vt 0.164100 0.780800
vt 0.153400 0.780800
vt 0.110600 0.815900
vt 0.110600 0.780800
vt 0.121300 0.815900
vt 0.121300 0.780800
vt 0.014200 0.815900
vt 0.014200 0.780800
vt 0.035100 0.815900
vt 0.035200 0.780800
vt 0.067600 0.815900
vt 0.067600 0.780800
vt 0.078400 0.815900
vt 0.078400 0.780800
vt 0.056800 0.815900
vt 0.056800 0.780800
vt 0.046000 0.815900
vt 0.046000 0.780800
vt 0.049900 0.087600
vt 0.990700 0.669900
vt 0.990700 0.658700
vt 0.974100 0.669900
vt 0.974100 0.658700
vt 0.990700 0.647500
vt 0.974100 0.647500
vt 0.990700 0.636700
vt 0.974100 0.636700
vt 0.990700 0.625500
vt 0.974100 0.625500
vt 0.990700 0.614300
vt 0.974100 0.614300
vt 0.990700 0.603000
vt 0.974100 0.603000
vt 0.990700 0.591800
vt 0.974100 0.591800
vt 0.990700 0.580600
vt 0.974100 0.580600
vt 0.990700 0.569300
vt 0.974100 0.569300
vt 0.990700 0.558100
vt 0.974100 0.558100
vt 0.990700 0.547400
vt 0.974100 0.547400
vt 0.990700 0.536100
vt 0.974100 0.536100
vt 0.990700 0.524900
vt 0.974100 0.524900
vt 0.990700 0.513700
vt 0.974100 0.513700
vt 0.990700 0.502400
vt 0.974100 0.502400
vt 0.990700 0.491200
vt 0.974100 0.491200
vt 0.990700 0.714800
vt 0.990700 0.703600
vt 0.974100 0.714800
vt 0.974100 0.703600
vt 0.990700 0.692400
vt 0.974100 0.692400
vt 0.990700 0.681200
vt 0.974100 0.681200
vt 0.957000 0.669900
vt 0.957000 0.658700
vt 0.957000 0.647500
vt 0.957000 0.636700
vt 0.957000 0.625500
vt 0.957000 0.614300
vt 0.957000 0.603000
vt 0.957000 0.591800
vt 0.957000 0.580600
vt 0.957000 0.569300
vt 0.957000 0.558100
vt 0.957000 0.547400
vt 0.957000 0.536100
vt 0.957000 0.524900
vt 0.957000 0.513700
vt 0.957000 0.502400
vt 0.957000 0.491200
vt 0.957000 0.714800
vt 0.957000 0.703600
vt 0.957000 0.692400
vt 0.957000 0.681200
vt 0.948700 0.669900
vt 0.948700 0.658700
vt 0.948700 0.647500
vt 0.948700 0.636700
vt 0.948700 0.625500
vt 0.948700 0.614300
vt 0.948700 0.603000
vt 0.948700 0.591800
vt 0.948700 0.580600
vt 0.948700 0.569300
vt 0.948700 0.558100
vt 0.948700 0.547400
vt 0.948700 0.536100
vt 0.948700 0.524900
vt 0.948700 0.513700
vt 0.948700 0.502400
vt 0.948700 0.491200
vt 0.948700 0.714800
vt 0.948700 0.703600
vt 0.948700 0.692400
vt 0.948700 0.681200
vt 0.148900 0.223400
vt 0.157100 0.242600
vt 0.166500 0.262200
vt 0.176500 0.285400
vt 0.186600 0.310800
vt 0.193500 0.334200
vt 0.194200 0.341100
vt 0.188500 0.357900
vt 0.145000 0.210100
vt 0.398200 0.142800
vt 0.425800 0.139400
vt 0.278800 0.126500
vt 0.300500 0.133200
vt 0.219000 0.107500
vt 0.239900 0.114100
vt 0.195900 0.104700
vt 0.172700 0.105800
vt 0.150900 0.112700
vt 0.130700 0.124400
vt 0.111300 0.139300
vt 0.102500 0.156000
vt 0.439000 0.148400
vt 0.374800 0.140500
vt 0.374300 0.143800
vt 0.350300 0.142800
vt 0.266100 0.051000
vt 0.269300 0.023000
vt 0.263200 0.080000
vt 0.259800 0.107200
vt 0.258500 0.117400
vt 0.258300 0.120100
vt 0.325000 0.138700
vt 0.772900 0.191900
vt 0.778300 0.191900
vt 0.778300 0.172600
vt 0.784200 0.171900
vt 0.782200 0.151000
vt 0.787100 0.150600
vt 0.781200 0.125900
vt 0.787600 0.126000
vt 0.538600 0.112700
vt 0.549800 0.109300
vt 0.532700 0.086900
vt 0.542500 0.083300
vt 0.675800 0.268100
vt 0.653300 0.267300
vt 0.674800 0.274200
vt 0.650400 0.273200
vt 0.631800 0.261700
vt 0.611800 0.251700
vt 0.626500 0.266800
vt 0.605000 0.255600
vt 0.570800 0.221400
vt 0.585900 0.240000
vt 0.579600 0.218600
vt 0.593300 0.235800
vt 0.548300 0.161100
vt 0.558100 0.157600
vt 0.543900 0.137900
vt 0.554200 0.134300
vt 0.554700 0.182400
vt 0.561000 0.201200
vt 0.563500 0.179000
vt 0.569800 0.198600
vt 0.517100 0.041700
vt 0.525900 0.063900
vt 0.526900 0.037700
vt 0.535200 0.059400
vt 0.774400 0.077100
vt 0.778300 0.099400
vt 0.779800 0.076400
vt 0.784700 0.099500
vt 0.780800 0.123700
vt 0.778300 0.102700
vt 0.777800 0.168700
vt 0.780300 0.152500
vt 0.763700 0.205800
vt 0.771000 0.203700
vt 0.766100 0.198700
vt 0.771000 0.190900
vt 0.532700 0.067300
vt 0.537100 0.081700
vt 0.633300 0.261700
vt 0.648400 0.265900
vt 0.701200 0.269500
vt 0.678700 0.266800
vt 0.693800 0.264200
vt 0.701200 0.263900
vt 0.693400 0.257800
vt 0.520500 0.036200
vt 0.593800 0.237900
vt 0.605500 0.247600
vt 0.568400 0.202000
vt 0.574200 0.214100
vt 0.555700 0.163100
vt 0.559100 0.175800
vt 0.545400 0.116100
vt 0.548800 0.132000
vt 0.772900 0.073200
vt 0.523900 0.021700
vt 0.612300 0.244000
vt 0.635700 0.256100
vt 0.651900 0.260000
vt 0.678700 0.260500
vt 0.772900 0.169800
vt 0.659200 0.144500
vt 0.685100 0.144500
vt 0.685100 0.127600
vt 0.685100 0.161100
vt 0.685100 0.111100
vt 0.632800 0.144500
vt 0.523900 0.014300
vt 0.549800 0.017700
vt 0.590300 0.026700
vt 0.768600 0.068400
vt 0.761200 0.063500
vt 0.737800 0.052500
vt 0.717300 0.044800
vt 0.694800 0.039200
vt 0.721200 0.054900
vt 0.697800 0.048900
vt 0.669900 0.033900
vt 0.671400 0.043200
vt 0.643600 0.031200
vt 0.644000 0.040300
vt 0.621600 0.233200
vt 0.638200 0.241700
vt 0.654800 0.246000
vt 0.673800 0.246700
vt 0.754400 0.170000
vt 0.726100 0.144800
vt 0.723100 0.116600
vt 0.716800 0.091000
vt 0.702100 0.085700
vt 0.686500 0.080400
vt 0.668900 0.075700
vt 0.649900 0.071400
vt 0.619600 0.072800
vt 0.589400 0.076800
vt 0.597200 0.108700
vt 0.606400 0.148100
vt 0.612300 0.171400
vt 0.622600 0.191800
vt 0.635700 0.204500
vt 0.647000 0.210200
vt 0.657700 0.213000
vt 0.670400 0.213500
vt 0.723100 0.166300
vt 0.778800 0.070100
vt 0.401900 0.460000
vt 0.429900 0.435300
vt 0.420400 0.415800
vt 0.475600 0.400600
vt 0.465100 0.371800
vt 0.452600 0.418200
vt 0.442100 0.394800
vt 0.498800 0.381300
vt 0.485800 0.349100
vt 0.522000 0.362500
vt 0.507800 0.325900
vt 0.421400 0.378900
vt 0.401100 0.395300
vt 0.459500 0.316200
vt 0.441700 0.352800
vt 0.499300 0.295700
vt 0.275100 0.407700
vt 0.256300 0.395000
vt 0.296100 0.420400
vt 0.412800 0.335900
vt 0.424600 0.305400
vt 0.322500 0.431600
vt 0.240800 0.383100
vt 0.207000 0.245800
vt 0.368400 0.314200
vt 0.374000 0.296400
vt 0.427500 0.271700
vt 0.419200 0.234500
vt 0.376000 0.275900
vt 0.372300 0.254600
vt 0.124600 0.199000
vt 0.169600 0.192600
vt 0.114300 0.182300
vt 0.147000 0.177200
vt 0.410400 0.180100
vt 0.451200 0.223000
vt 0.456800 0.182400
vt 0.478000 0.209700
vt 0.369900 0.175000
vt 0.299600 0.170700
vt 0.331800 0.170300
vt 0.252900 0.188500
vt 0.275400 0.177200
vt 0.218300 0.224000
vt 0.233600 0.204500
vt 0.397200 0.462600
vt 0.390100 0.447300
vt 0.351600 0.442600
vt 0.321800 0.434600
vt 0.295400 0.422600
vt 0.273900 0.409700
vt 0.255100 0.397000
vt 0.238800 0.387200
vt 0.190800 0.270000
vt 0.202800 0.244000
vt 0.214700 0.221800
vt 0.230800 0.201800
vt 0.251000 0.185200
vt 0.274400 0.173500
vt 0.299300 0.166900
vt 0.331800 0.167500
vt 0.370400 0.172900
vt 0.410400 0.178000
vt 0.454800 0.179200
vt 0.498800 0.171900
vt 0.531700 0.156400
vt 0.121800 0.197800
vt 0.110500 0.182500
vt 0.821800 0.460200
vt 0.822300 0.462400
vt 0.923800 0.460200
vt 0.923800 0.462400
vt 0.972200 0.295200
vt 0.972200 0.306400
vt 0.966300 0.295200
vt 0.966300 0.306400
vt 0.972200 0.317600
vt 0.966300 0.317600
vt 0.972200 0.328900
vt 0.966300 0.328900
vt 0.972200 0.339800
vt 0.966300 0.339800
vt 0.972200 0.351100
vt 0.966300 0.351100
vt 0.972200 0.362300
vt 0.966300 0.362300
vt 0.972200 0.250500
vt 0.972200 0.261700
vt 0.966300 0.250500
vt 0.966300 0.261700
vt 0.972200 0.272900
vt 0.966300 0.272900
vt 0.972200 0.283900
vt 0.966300 0.283900
vt 0.950200 0.295200
vt 0.950200 0.306400
vt 0.950200 0.317600
vt 0.950200 0.328900
vt 0.950200 0.339800
vt 0.950200 0.351100
vt 0.950200 0.362300
vt 0.950200 0.250500
vt 0.950200 0.261700
vt 0.950200 0.272900
vt 0.950200 0.283900
vt 0.936000 0.295200
vt 0.936000 0.306400
vt 0.936000 0.317600
vt 0.936000 0.328900
vt 0.936000 0.339800
vt 0.936000 0.351100
vt 0.936000 0.362300
vt 0.936000 0.250500
vt 0.936000 0.261700
vt 0.936000 0.272900
vt 0.936000 0.283900
vt 0.972200 0.429400
vt 0.966300 0.429400
vt 0.972200 0.418200
vt 0.966300 0.418200
vt 0.972200 0.407000
vt 0.966300 0.407000
vt 0.972200 0.395800
vt 0.966300 0.395800
vt 0.972200 0.384500
vt 0.966300 0.384500
vt 0.972200 0.373500
vt 0.966300 0.373500
vt 0.972200 0.474100
vt 0.966300 0.474100
vt 0.972200 0.462900
vt 0.966300 0.462900
vt 0.972200 0.451700
vt 0.966300 0.451700
vt 0.972200 0.440400
vt 0.966300 0.440400
vt 0.950200 0.429400
vt 0.950200 0.418200
vt 0.950200 0.407000
vt 0.950200 0.395800
vt 0.950200 0.384500
vt 0.950200 0.373500
vt 0.950200 0.474100
vt 0.950200 0.462900
vt 0.950200 0.451700
vt 0.950200 0.440400
vt 0.936000 0.429400
vt 0.936000 0.418200
vt 0.936000 0.407000
vt 0.936000 0.395800
vt 0.936000 0.384500
vt 0.936000 0.373500
vt 0.936000 0.474100
vt 0.936000 0.462900
vt 0.936000 0.451700
vt 0.936000 0.440400
vt 0.993700 0.306400
vt 0.993700 0.295200
vt 0.993700 0.283900
vt 0.993700 0.272900
vt 0.993700 0.261700
vt 0.993700 0.250500
vt 0.993700 0.474100
vt 0.993700 0.462900
vt 0.993700 0.451700
vt 0.993700 0.440400
vt 0.993700 0.429400
vt 0.993700 0.418200
vt 0.993700 0.407000
vt 0.993700 0.395800
vt 0.993700 0.384500
vt 0.993700 0.373500
vt 0.993700 0.362300
vt 0.993700 0.351100
vt 0.993700 0.339800
vt 0.993700 0.328900
vt 0.993700 0.317600
vt 0.564900 0.779300
vt 0.587900 0.779300
vt 0.564900 0.631300
vt 0.587900 0.631300
vt 0.611300 0.779300
vt 0.611300 0.631300
vt 0.634300 0.779300
vt 0.634300 0.631300
vt 0.657200 0.779300
vt 0.657200 0.631300
vt 0.680700 0.779300
vt 0.680700 0.631300
vt 0.450700 0.779300
vt 0.473400 0.779300
vt 0.450700 0.631300
vt 0.473400 0.631300
vt 0.496300 0.779300
vt 0.496300 0.631300
vt 0.519000 0.779300
vt 0.519000 0.631300
vt 0.542000 0.779300
vt 0.542000 0.631300
vt 0.564900 0.628900
vt 0.587900 0.628900
vt 0.564900 0.614300
vt 0.587900 0.614300
vt 0.611300 0.628900
vt 0.610800 0.614300
vt 0.634300 0.628900
vt 0.634300 0.614300
vt 0.657200 0.628900
vt 0.657200 0.614300
vt 0.680700 0.628900
vt 0.680700 0.614300
vt 0.450700 0.628900
vt 0.473400 0.628900
vt 0.450700 0.614300
vt 0.473400 0.614300
vt 0.496300 0.628900
vt 0.496100 0.614300
vt 0.519000 0.628900
vt 0.519000 0.614300
vt 0.542000 0.628900
vt 0.542000 0.614300
vt 0.706500 0.643600
vt 0.727500 0.647000
vt 0.706500 0.777300
vt 0.727500 0.773900
vt 0.746600 0.656200
vt 0.746600 0.764600
vt 0.761700 0.671400
vt 0.761700 0.749500
vt 0.771500 0.689900
vt 0.774900 0.710400
vt 0.771500 0.731000
vt 0.322500 0.982900
vt 0.315700 0.973600
vt 0.179000 0.982900
vt 0.177700 0.976600
vt 0.306600 0.964800
vt 0.177500 0.969200
vt 0.143200 0.612800
vt 0.143200 0.602500
vt 0.023200 0.612300
vt 0.023200 0.602500
vt 0.019700 0.930200
vt 0.017400 0.937000
vt 0.076500 0.974100
vt 0.015100 0.944800
vt 0.070400 0.982900
vt 0.417200 0.636200
vt 0.417700 0.616200
vt 0.271700 0.636200
vt 0.271700 0.616200
vt 0.024300 0.718800
vt 0.024500 0.759800
vt 0.082800 0.982900
vt 0.086900 0.976600
vt 0.179900 0.952600
vt 0.158600 0.759800
vt 0.172900 0.679200
vt 0.281200 0.907700
vt 0.281700 0.883300
vt 0.268600 0.901900
vt 0.269500 0.883800
vt 0.246800 0.893600
vt 0.246900 0.884300
vt 0.266100 0.717300
vt 0.266400 0.724100
vt 0.240500 0.739700
vt 0.189700 0.738800
vt 0.147900 0.691400
vt 0.147900 0.684100
vt 0.069000 0.691400
vt 0.069000 0.684100
vt 0.147900 0.672400
vt 0.069000 0.672400
vt 0.016400 0.691400
vt 0.062100 0.691400
vt 0.016400 0.684100
vt 0.062100 0.684100
vt 0.016400 0.672400
vt 0.062100 0.672400
vt 0.169100 0.763200
vt 0.185900 0.742200
vt 0.341800 0.971200
vt 0.330100 0.964800
vt 0.354500 0.958500
vt 0.342800 0.955100
vt 0.366000 0.945800
vt 0.368200 0.933100
vt 0.349100 0.943800
vt 0.353500 0.933100
vt 0.339100 0.931600
vt 0.335700 0.941900
vt 0.329800 0.951200
vt 0.320600 0.959000
vt 0.293700 0.949200
vt 0.270500 0.921900
vt 0.285200 0.909700
vt 0.316900 0.931200
vt 0.284400 0.914100
vt 0.312500 0.938500
vt 0.282500 0.917500
vt 0.305200 0.944300
vt 0.278100 0.919900
vt 0.372800 0.730000
vt 0.381300 0.716800
vt 0.361300 0.723100
vt 0.375200 0.710000
vt 0.350800 0.718300
vt 0.367400 0.704100
vt 0.428000 0.679700
vt 0.418000 0.670900
vt 0.428000 0.670900
vt 0.427200 0.665000
vt 0.418500 0.665000
vt 0.154700 0.602500
vt 0.154700 0.612800
vt 0.171000 0.602500
vt 0.171000 0.612800
vt 0.177600 0.612800
vt 0.177600 0.602500
vt 0.141700 0.628900
vt 0.141700 0.616200
vt 0.023400 0.627400
vt 0.023200 0.616200
vt 0.413600 0.612800
vt 0.413600 0.602500
vt 0.271700 0.612800
vt 0.271700 0.602500
vt 0.151600 0.616200
vt 0.151900 0.629900
vt 0.167700 0.616200
vt 0.168100 0.634300
vt 0.174800 0.635700
vt 0.174300 0.616200
vt 0.414100 0.665000
vt 0.411100 0.665500
vt 0.415000 0.670400
vt 0.411600 0.670400
vt 0.411400 0.678700
vt 0.183100 0.612800
vt 0.178200 0.616200
vt 0.425800 0.689500
vt 0.019100 0.924300
vt 0.139300 0.712400
vt 0.024400 0.711900
vt 0.141700 0.630900
vt 0.023200 0.629400
vt 0.141500 0.634300
vt 0.023400 0.632300
vt 0.178200 0.962900
vt 0.166700 0.676800
vt 0.175300 0.638700
vt 0.169400 0.636700
vt 0.178100 0.642100
vt 0.172400 0.640100
vt 0.152100 0.631800
vt 0.152200 0.635300
vt 0.147300 0.709000
vt 0.410400 0.666000
vt 0.410400 0.670400
vt 0.420900 0.636200
vt 0.407500 0.666500
vt 0.407500 0.670400
vt 0.271000 0.727500
vt 0.276600 0.720200
vt 0.281200 0.728500
vt 0.282000 0.758300
vt 0.147000 0.629400
vt 0.146900 0.616200
vt 0.267600 0.918000
vt 0.274700 0.916500
vt 0.259500 0.909700
vt 0.262900 0.908200
vt 0.278800 0.914600
vt 0.264900 0.906200
vt 0.238200 0.900400
vt 0.241300 0.899400
vt 0.243800 0.897900
vt 0.280500 0.911600
vt 0.267100 0.903800
vt 0.245600 0.896000
vt 0.275900 0.733900
vt 0.247200 0.745600
vt 0.245600 0.740700
vt 0.183100 0.602500
vt 0.150500 0.612800
vt 0.149800 0.602500
vt 0.178700 0.636200
vt 0.147300 0.631300
vt 0.147300 0.634800
vt 0.142300 0.711400
vt 0.179300 0.639200
vt 0.271700 0.638700
vt 0.182900 0.642600
vt 0.266400 0.670400
vt 0.266600 0.666000
vt 0.421100 0.616200
vt 0.415500 0.612800
vt 0.415500 0.602500
vt 0.388200 0.692400
vt 0.411100 0.682100
vt 0.400600 0.703100
vt 0.368200 0.808100
vt 0.355200 0.807600
vt 0.368200 0.824700
vt 0.355700 0.825200
vt 0.342500 0.824700
vt 0.342500 0.808100
vt 0.281700 0.839400
vt 0.281700 0.802200
vt 0.269500 0.840300
vt 0.269500 0.802700
vt 0.246900 0.839800
vt 0.246900 0.802700
vt 0.368200 0.757300
vt 0.353800 0.756300
vt 0.368200 0.772000
vt 0.355700 0.772000
vt 0.342500 0.772500
vt 0.342500 0.755900
vt 0.342500 0.877400
vt 0.355700 0.877000
vt 0.342800 0.860400
vt 0.356000 0.860800
vt 0.368200 0.859900
vt 0.368200 0.877000
vt 0.269500 0.758800
vt 0.246900 0.759800
vt 0.284400 0.882800
vt 0.301000 0.958000
vt 0.313700 0.952600
vt 0.322300 0.945800
vt 0.330800 0.927700
vt 0.327600 0.937500
vt 0.290800 0.799800
vt 0.284700 0.801800
vt 0.290800 0.840300
vt 0.284400 0.839400
vt 0.337400 0.808600
vt 0.337400 0.825200
vt 0.331100 0.809600
vt 0.331300 0.824700
vt 0.337400 0.755900
vt 0.337200 0.772900
vt 0.331100 0.757300
vt 0.331100 0.772500
vt 0.337400 0.860800
vt 0.337400 0.877400
vt 0.331300 0.862300
vt 0.331300 0.877400
vt 0.368200 0.752400
vt 0.354500 0.752900
vt 0.342800 0.752400
vt 0.343000 0.880900
vt 0.355700 0.880900
vt 0.368200 0.880900
vt 0.336400 0.881300
vt 0.368200 0.775400
vt 0.355500 0.775400
vt 0.368200 0.803700
vt 0.356200 0.804200
vt 0.342800 0.776400
vt 0.342800 0.804700
vt 0.335900 0.776900
vt 0.336200 0.805200
vt 0.327400 0.776400
vt 0.327900 0.807100
vt 0.298600 0.849600
vt 0.324700 0.865700
vt 0.295400 0.843300
vt 0.327400 0.859900
vt 0.328100 0.828100
vt 0.324700 0.822300
vt 0.336200 0.857400
vt 0.336200 0.829100
vt 0.343000 0.856900
vt 0.342800 0.828600
vt 0.356400 0.856400
vt 0.356700 0.828600
vt 0.368200 0.856900
vt 0.368200 0.828100
vt 0.324700 0.813500
vt 0.328400 0.813000
vt 0.328400 0.821800
vt 0.336200 0.752900
vt 0.327900 0.754400
vt 0.328100 0.760700
vt 0.328400 0.769500
vt 0.324700 0.874500
vt 0.328400 0.865700
vt 0.328400 0.874000
vt 0.298600 0.789600
vt 0.298600 0.870600
vt 0.283000 0.867700
vt 0.283000 0.855000
vt 0.269500 0.868700
vt 0.269500 0.856000
vt 0.269500 0.774400
vt 0.269500 0.786600
vt 0.283200 0.773900
vt 0.283200 0.786100
vt 0.246900 0.774900
vt 0.246900 0.787600
vt 0.246900 0.868700
vt 0.246900 0.856000
vt 0.282000 0.842800
vt 0.269500 0.843800
vt 0.246900 0.843300
vt 0.246900 0.880900
vt 0.269500 0.880400
vt 0.282000 0.879900
vt 0.246900 0.799300
vt 0.269500 0.799300
vt 0.282000 0.798800
vt 0.282200 0.761700
vt 0.269500 0.762200
vt 0.246900 0.763200
vt 0.295400 0.762200
vt 0.295400 0.796400
vt 0.271200 0.642600
vt 0.266400 0.679200
vt 0.923800 0.033900
vt 0.796400 0.033900
vt 0.923800 0.052500
vt 0.797900 0.052500
vt 0.923800 0.014500
vt 0.794900 0.014500
vt 0.923800 0.433600
vt 0.814500 0.433600
vt 0.923800 0.414300
vt 0.809600 0.414300
vt 0.923800 0.389200
vt 0.803700 0.389200
vt 0.923800 0.369100
vt 0.801800 0.369100
vt 0.923800 0.349100
vt 0.799800 0.349100
vt 0.923800 0.334500
vt 0.799800 0.334500
vt 0.923800 0.318100
vt 0.799800 0.318100
vt 0.923800 0.304700
vt 0.799800 0.304700
vt 0.923800 0.290000
vt 0.799800 0.290000
vt 0.923800 0.272000
vt 0.799800 0.272000
vt 0.923800 0.256100
vt 0.799800 0.256100
vt 0.923800 0.237500
vt 0.799800 0.237500
vt 0.923800 0.214400
vt 0.799800 0.214400
vt 0.923800 0.189000
vt 0.799800 0.189000
vt 0.923800 0.098000
vt 0.799800 0.098000
vt 0.923800 0.116300
vt 0.799800 0.116300
vt 0.923800 0.084800
vt 0.799800 0.084800
vt 0.923800 0.072400
vt 0.799800 0.072400
vt 0.923800 0.136200
vt 0.799800 0.136200
vt 0.923800 0.160200
vt 0.799800 0.160200
vt 0.923800 0.650400
vt 0.794900 0.650400
vt 0.923800 0.012700
vt 0.794900 0.012700
vt 0.496800 0.242200
vt 0.465600 0.270800
vt 0.496300 0.274700
vt 0.159800 0.123900
vt 0.156000 0.129800
vt 0.701700 0.294700
vt 0.701700 0.315200
vt 0.750500 0.294700
vt 0.750500 0.315200
vt 0.701700 0.335700
vt 0.750500 0.335700
vt 0.701700 0.356200
vt 0.750500 0.356200
vt 0.701700 0.376700
vt 0.750500 0.376700
vt 0.701700 0.397000
vt 0.750500 0.397000
vt 0.701700 0.417500
vt 0.750500 0.417500
vt 0.701700 0.438000
vt 0.750500 0.438000
vt 0.701700 0.458500
vt 0.750500 0.458500
vt 0.701700 0.479000
vt 0.750500 0.479000
vt 0.701700 0.499500
vt 0.750500 0.499500
vt 0.701700 0.520000
vt 0.750500 0.520000
vt 0.701700 0.540500
vt 0.750500 0.540500
vt 0.701700 0.561000
vt 0.750500 0.561000
vt 0.701700 0.581500
vt 0.750500 0.581500
vt 0.701700 0.602100
vt 0.750500 0.602100
vt 0.701700 0.622600
vt 0.750500 0.622600
vt 0.806600 0.987800
vt 0.806600 0.975100
vt 0.798800 0.987800
vt 0.798800 0.975100
vt 0.806600 0.963400
vt 0.798800 0.963400
vt 0.806600 0.951700
vt 0.798800 0.951700
vt 0.806600 0.939500
vt 0.798800 0.939500
vt 0.806600 0.927200
vt 0.798800 0.927200
vt 0.806600 0.915500
vt 0.798800 0.915500
vt 0.806600 0.903300
vt 0.798800 0.903300
vt 0.806600 0.891100
vt 0.798800 0.891100
vt 0.806600 0.878900
vt 0.798800 0.878900
vt 0.806600 0.867200
vt 0.798800 0.867200
vt 0.806600 0.855500
vt 0.798800 0.855500
vt 0.806600 0.843300
vt 0.798800 0.843300
vt 0.806600 0.831100
vt 0.798800 0.831100
vt 0.806600 0.818800
vt 0.798800 0.818800
vt 0.806600 0.807100
vt 0.798800 0.807100
vt 0.806600 0.794900
vt 0.798800 0.794900
vt 0.791000 0.987800
vt 0.791000 0.975100
vt 0.791000 0.963400
vt 0.791000 0.951700
vt 0.791000 0.939500
vt 0.791000 0.927200
vt 0.791000 0.915500
vt 0.791000 0.903300
vt 0.791000 0.891100
vt 0.791000 0.878900
vt 0.791000 0.867200
vt 0.791000 0.855500
vt 0.791000 0.843300
vt 0.791000 0.831100
vt 0.791000 0.818800
vt 0.791000 0.807100
vt 0.791000 0.794900
vt 0.783200 0.987800
vt 0.783200 0.975100
vt 0.783200 0.963400
vt 0.783200 0.951700
vt 0.783200 0.939500
vt 0.783200 0.927200
vt 0.783200 0.915500
vt 0.783200 0.903300
vt 0.783200 0.891100
vt 0.783200 0.878900
vt 0.783200 0.867200
vt 0.783200 0.855500
vt 0.783200 0.843300
vt 0.783200 0.831100
vt 0.783200 0.818800
vt 0.783200 0.807100
vt 0.783200 0.794900
vt 0.774900 0.987800
vt 0.774900 0.975100
vt 0.774900 0.963400
vt 0.774900 0.951700
vt 0.774900 0.939500
vt 0.774900 0.927200
vt 0.774900 0.915500
vt 0.774900 0.903300
vt 0.774900 0.891100
vt 0.774900 0.878900
vt 0.774900 0.867200
vt 0.774900 0.855500
vt 0.774900 0.843300
vt 0.774900 0.831100
vt 0.774900 0.818800
vt 0.774900 0.807100
vt 0.774900 0.794900
vt 0.756800 0.987800
vt 0.756800 0.975100
vt 0.756800 0.963400
vt 0.756800 0.951700
vt 0.756800 0.939500
vt 0.756800 0.927200
vt 0.756800 0.915500
vt 0.756800 0.903300
vt 0.756800 0.891100
vt 0.756800 0.878900
vt 0.756800 0.867200
vt 0.756800 0.855500
vt 0.756800 0.843300
vt 0.756800 0.831100
vt 0.756800 0.818800
vt 0.756800 0.807100
vt 0.756800 0.794900
vt 0.736800 0.987800
vt 0.736800 0.975100
vt 0.736800 0.963400
vt 0.736800 0.951700
vt 0.736800 0.939500
vt 0.736800 0.927200
vt 0.736800 0.915500
vt 0.736800 0.903300
vt 0.736800 0.891100
vt 0.736800 0.878900
vt 0.736800 0.867200
vt 0.736800 0.855500
vt 0.736800 0.843300
vt 0.736800 0.831100
vt 0.736800 0.818800
vt 0.736800 0.807100
vt 0.736800 0.794900
vt 0.715300 0.987800
vt 0.715300 0.975100
vt 0.715300 0.963400
vt 0.715300 0.951700
vt 0.715300 0.939500
vt 0.715300 0.927200
vt 0.715300 0.915500
vt 0.715300 0.903300
vt 0.715300 0.891100
vt 0.715300 0.878900
vt 0.715300 0.867200
vt 0.715300 0.855500
vt 0.715300 0.843300
vt 0.715300 0.831100
vt 0.715300 0.818800
vt 0.715300 0.807100
vt 0.715300 0.794900
vt 0.692400 0.987800
vt 0.692400 0.975100
vt 0.692400 0.963400
vt 0.692400 0.951700
vt 0.692400 0.939500
vt 0.692400 0.927200
vt 0.692400 0.915500
vt 0.692400 0.903300
vt 0.692400 0.891100
vt 0.692400 0.878900
vt 0.692400 0.867200
vt 0.692400 0.855500
vt 0.692400 0.843300
vt 0.692400 0.831100
vt 0.692400 0.818800
vt 0.692400 0.807100
vt 0.692400 0.794900
vt 0.668900 0.987800
vt 0.668900 0.975100
vt 0.668900 0.963400
vt 0.668900 0.951700
vt 0.668900 0.939500
vt 0.668900 0.927200
vt 0.668900 0.915500
vt 0.668900 0.903300
vt 0.668900 0.891100
vt 0.668900 0.878900
vt 0.668900 0.867200
vt 0.668900 0.855500
vt 0.668900 0.843300
vt 0.668900 0.831100
vt 0.668900 0.818800
vt 0.668900 0.807100
vt 0.668900 0.794900
vt 0.645000 0.987800
vt 0.645000 0.975100
vt 0.645000 0.963400
vt 0.645000 0.951700
vt 0.645000 0.939500
vt 0.645000 0.927200
vt 0.645000 0.915500
vt 0.645000 0.903300
vt 0.645000 0.891100
vt 0.645000 0.878900
vt 0.645000 0.867200
vt 0.645000 0.855500
vt 0.645000 0.843300
vt 0.645000 0.831100
vt 0.645000 0.818800
vt 0.645000 0.807100
vt 0.645000 0.794900
vt 0.621100 0.987800
vt 0.621100 0.975100
vt 0.621100 0.963400
vt 0.621100 0.951700
vt 0.621100 0.939500
vt 0.621100 0.927200
vt 0.621100 0.915500
vt 0.621100 0.903300
vt 0.621100 0.891100
vt 0.621100 0.878900
vt 0.621100 0.867200
vt 0.621100 0.855500
vt 0.621100 0.843300
vt 0.621100 0.831100
vt 0.621100 0.818800
vt 0.621100 0.807100
vt 0.621100 0.794900
vt 0.596700 0.987800
vt 0.596700 0.975100
vt 0.596700 0.963400
vt 0.596700 0.951700
vt 0.596700 0.939500
vt 0.596700 0.927200
vt 0.596700 0.915500
vt 0.596700 0.903300
vt 0.596700 0.891100
vt 0.596700 0.878900
vt 0.596700 0.867200
vt 0.596700 0.855500
vt 0.596700 0.843300
vt 0.596700 0.831100
vt 0.596700 0.818800
vt 0.596700 0.807100
vt 0.596700 0.794900
vt 0.572300 0.987800
vt 0.572300 0.975100
vt 0.572300 0.963400
vt 0.572300 0.951700
vt 0.572300 0.939500
vt 0.572300 0.927200
vt 0.572300 0.915500
vt 0.572300 0.903300
vt 0.572300 0.891100
vt 0.572300 0.878900
vt 0.572300 0.867200
vt 0.572300 0.855500
vt 0.572300 0.843300
vt 0.572300 0.831100
vt 0.572300 0.818800
vt 0.572300 0.807100
vt 0.572300 0.794900
vt 0.549800 0.987800
vt 0.549800 0.975100
vt 0.549800 0.963400
vt 0.549800 0.951700
vt 0.549800 0.939500
vt 0.549800 0.927200
vt 0.549800 0.915500
vt 0.549800 0.903300
vt 0.549800 0.891100
vt 0.549800 0.878900
vt 0.549800 0.867200
vt 0.549800 0.855500
vt 0.549800 0.843300
vt 0.549800 0.831100
vt 0.549800 0.818800
vt 0.549800 0.807100
vt 0.549800 0.794900
vt 0.528300 0.987800
vt 0.528300 0.975100
vt 0.528300 0.963400
vt 0.528300 0.951700
vt 0.528300 0.939500
vt 0.528300 0.927200
vt 0.528300 0.915500
vt 0.528300 0.903300
vt 0.528300 0.891100
vt 0.528300 0.878900
vt 0.528300 0.867200
vt 0.528300 0.855500
vt 0.528300 0.843300
vt 0.528300 0.831100
vt 0.528300 0.818800
vt 0.528300 0.807100
vt 0.528300 0.794900
vt 0.508800 0.987800
vt 0.508800 0.975100
vt 0.508800 0.963400
vt 0.508800 0.951700
vt 0.508800 0.939500
vt 0.508800 0.927200
vt 0.508800 0.915500
vt 0.508800 0.903300
vt 0.508800 0.891100
vt 0.508800 0.878900
vt 0.508800 0.867200
vt 0.508800 0.855500
vt 0.508800 0.843300
vt 0.508800 0.831100
vt 0.508800 0.818800
vt 0.508800 0.807100
vt 0.508800 0.794900
vt 0.489500 0.987800
vt 0.489500 0.975100
vt 0.489500 0.963400
vt 0.489500 0.951700
vt 0.489500 0.939500
vt 0.489500 0.927200
vt 0.489500 0.915500
vt 0.489500 0.903300
vt 0.489500 0.891100
vt 0.489500 0.878900
vt 0.489500 0.867200
vt 0.489500 0.855500
vt 0.489500 0.843300
vt 0.489500 0.831100
vt 0.489500 0.818800
vt 0.489500 0.807100
vt 0.489500 0.794900
vt 0.471400 0.987800
vt 0.471400 0.975100
vt 0.471400 0.963400
vt 0.471400 0.951700
vt 0.471400 0.939500
vt 0.471400 0.927200
vt 0.471400 0.915500
vt 0.471400 0.903300
vt 0.471400 0.891100
vt 0.471400 0.878900
vt 0.471400 0.867200
vt 0.471400 0.855500
vt 0.471400 0.843300
vt 0.471400 0.831100
vt 0.471400 0.818800
vt 0.471400 0.807100
vt 0.471400 0.794900
vt 0.454100 0.987800
vt 0.454100 0.975100
vt 0.454100 0.963400
vt 0.454100 0.951700
vt 0.454100 0.939500
vt 0.454100 0.927200
vt 0.454100 0.915500
vt 0.454100 0.903300
vt 0.454100 0.891100
vt 0.454100 0.878900
vt 0.454100 0.867200
vt 0.454100 0.855500
vt 0.454100 0.843300
vt 0.454100 0.831100
vt 0.454100 0.818800
vt 0.454100 0.807100
vt 0.454100 0.794900
vt 0.437500 0.987800
vt 0.437500 0.975100
vt 0.437500 0.963400
vt 0.437500 0.951700
vt 0.437500 0.939500
vt 0.437500 0.927200
vt 0.437500 0.915500
vt 0.437500 0.903300
vt 0.437500 0.891100
vt 0.437500 0.878900
vt 0.437500 0.867200
vt 0.437500 0.855500
vt 0.437500 0.843300
vt 0.437500 0.831100
vt 0.437500 0.818800
vt 0.437500 0.807100
vt 0.437500 0.794900
vt 0.421400 0.987800
vt 0.421400 0.975100
vt 0.421400 0.963400
vt 0.421400 0.951700
vt 0.421400 0.939500
vt 0.421400 0.927200
vt 0.421400 0.915500
vt 0.421400 0.903300
vt 0.421400 0.891100
vt 0.421400 0.878900
vt 0.421400 0.867200
vt 0.421400 0.855500
vt 0.421400 0.843300
vt 0.421400 0.831100
vt 0.421400 0.818800
vt 0.421400 0.807100
vt 0.421400 0.794900
vt 0.406000 0.987800
vt 0.406000 0.975100
vt 0.406000 0.963400
vt 0.406000 0.951700
vt 0.406000 0.939500
vt 0.406000 0.927200
vt 0.406000 0.915500
vt 0.406000 0.903300
vt 0.406000 0.891100
vt 0.406000 0.878900
vt 0.406000 0.867200
vt 0.406000 0.855500
vt 0.406000 0.843300
vt 0.406000 0.831100
vt 0.406000 0.818800
vt 0.406000 0.807100
vt 0.406000 0.794900
vt 0.391100 0.987800
vt 0.391100 0.975100
vt 0.391100 0.963400
vt 0.391100 0.951700
vt 0.391100 0.939500
vt 0.391100 0.927200
vt 0.391100 0.915500
vt 0.391100 0.903300
vt 0.391100 0.891100
vt 0.391100 0.878900
vt 0.391100 0.867200
vt 0.391100 0.855500
vt 0.391100 0.843300
vt 0.391100 0.831100
vt 0.391100 0.818800
vt 0.391100 0.807100
vt 0.391100 0.794900
vt 0.990700 0.794900
vt 0.990700 0.783700
vt 0.974100 0.794900
vt 0.974100 0.783700
vt 0.990700 0.772900
vt 0.974100 0.772900
vt 0.990700 0.761700
vt 0.974100 0.761700
vt 0.990700 0.750500
vt 0.974100 0.750500
vt 0.990700 0.739300
vt 0.974100 0.739300
vt 0.990700 0.728000
vt 0.974100 0.728000
vt 0.990700 0.839800
vt 0.990700 0.828600
vt 0.974100 0.839800
vt 0.974100 0.828600
vt 0.990700 0.817400
vt 0.974100 0.817400
vt 0.990700 0.806200
vt 0.974100 0.806200
vt 0.957500 0.794900
vt 0.957500 0.783700
vt 0.957500 0.772900
vt 0.957500 0.761700
vt 0.957500 0.750500
vt 0.957500 0.739300
vt 0.957500 0.728000
vt 0.957500 0.839800
vt 0.957500 0.828600
vt 0.957500 0.817400
vt 0.957500 0.806200
vt 0.948700 0.794900
vt 0.948700 0.783700
vt 0.948700 0.772900
vt 0.948700 0.761700
vt 0.948700 0.750500
vt 0.948700 0.739300
vt 0.948700 0.728000
vt 0.948700 0.839800
vt 0.948700 0.828600
vt 0.948700 0.817400
vt 0.948700 0.806200
vt 0.972700 0.058600
vt 0.972700 0.069800
vt 0.966800 0.058600
vt 0.966800 0.069800
vt 0.972700 0.080900
vt 0.966800 0.080900
vt 0.972700 0.092100
vt 0.966800 0.092100
vt 0.972700 0.103300
vt 0.966800 0.103300
vt 0.972700 0.114400
vt 0.966800 0.114400
vt 0.972700 0.125600
vt 0.966800 0.125600
vt 0.972700 0.013900
vt 0.972700 0.025100
vt 0.966800 0.013900
vt 0.966800 0.025100
vt 0.972700 0.036200
vt 0.966800 0.036200
vt 0.972700 0.047400
vt 0.966800 0.047400
vt 0.951200 0.058600
vt 0.951200 0.069800
vt 0.951200 0.080900
vt 0.951200 0.092100
vt 0.951200 0.103300
vt 0.951200 0.114400
vt 0.951200 0.125600
vt 0.951200 0.013900
vt 0.951200 0.025100
vt 0.951200 0.036200
vt 0.951200 0.047400
vt 0.936500 0.058600
vt 0.936500 0.069800
vt 0.936500 0.080900
vt 0.936500 0.092100
vt 0.936500 0.103300
vt 0.936500 0.114400
vt 0.936500 0.125600
vt 0.936500 0.013900
vt 0.936500 0.025100
vt 0.936500 0.036200
vt 0.936500 0.047400
vt 0.972700 0.192600
vt 0.966800 0.192600
vt 0.972700 0.181500
vt 0.966800 0.181500
vt 0.972700 0.170300
vt 0.966800 0.170300
vt 0.972700 0.159200
vt 0.966800 0.159200
vt 0.972700 0.147900
vt 0.966800 0.147900
vt 0.972700 0.136800
vt 0.966800 0.136800
vt 0.972700 0.237400
vt 0.966800 0.237400
vt 0.972700 0.226200
vt 0.966800 0.226200
vt 0.972700 0.215000
vt 0.966800 0.215000
vt 0.972700 0.203900
vt 0.966800 0.203900
vt 0.951200 0.192600
vt 0.951200 0.181500
vt 0.951200 0.170300
vt 0.951200 0.159200
vt 0.951200 0.147900
vt 0.951200 0.136800
vt 0.951200 0.237400
vt 0.951200 0.226200
vt 0.951200 0.215000
vt 0.951200 0.203900
vt 0.936500 0.192600
vt 0.936500 0.181500
vt 0.936500 0.170300
vt 0.936500 0.159200
vt 0.936500 0.147900
vt 0.936500 0.136800
vt 0.936500 0.237400
vt 0.936500 0.226200
vt 0.936500 0.215000
vt 0.936500 0.203900
vt 0.994100 0.069800
vt 0.994100 0.058600
vt 0.994100 0.047400
vt 0.994100 0.036200
vt 0.994100 0.025100
vt 0.994100 0.013900
vt 0.994100 0.237400
vt 0.994100 0.226200
vt 0.994100 0.215000
vt 0.994100 0.203900
vt 0.994100 0.192600
vt 0.994100 0.181500
vt 0.994100 0.170300
vt 0.994100 0.159200
vt 0.994100 0.147900
vt 0.994100 0.136800
vt 0.994100 0.125600
vt 0.994100 0.114400
vt 0.994100 0.103300
vt 0.994100 0.092100
vt 0.994100 0.080900
vt 0.926300 0.991200
vt 0.926300 0.970700
vt 0.877000 0.991200
vt 0.877000 0.970700
vt 0.926300 0.950200
vt 0.877000 0.950200
vt 0.926300 0.929700
vt 0.877000 0.929700
vt 0.926300 0.909200
vt 0.877000 0.909200
vt 0.926300 0.888700
vt 0.877000 0.888700
vt 0.926300 0.868200
vt 0.877000 0.868200
vt 0.926300 0.847700
vt 0.877000 0.847700
vt 0.926300 0.827100
vt 0.877000 0.827100
vt 0.926300 0.806600
vt 0.877000 0.806600
vt 0.926300 0.786100
vt 0.877000 0.786100
vt 0.926300 0.765600
vt 0.877000 0.765600
vt 0.926300 0.745100
vt 0.877000 0.745100
vt 0.926300 0.724600
vt 0.877000 0.724600
vt 0.926300 0.704100
vt 0.877000 0.704100
vt 0.926300 0.683600
vt 0.877000 0.683600
vt 0.926300 0.663100
vt 0.877000 0.663100
vt -0.662100 0.059500
vt -0.658700 0.034300
vt -0.639600 0.062000
vt -0.637200 0.038000
vt -0.665500 0.086400
vt -0.642600 0.086900
vt -0.675300 0.135500
vt -0.670400 0.113400
vt -0.649900 0.139600
vt -0.646500 0.113500
vt -0.616700 0.086400
vt -0.589400 0.083300
vt -0.620100 0.111500
vt -0.611800 0.042300
vt -0.591800 0.045400
vt -0.614300 0.063200
vt -0.592300 0.063000
vt -0.694800 0.112900
vt -0.718800 0.109900
vt -0.689500 0.085700
vt -0.714400 0.082700
vt -0.685500 0.057500
vt -0.710900 0.054000
vt -0.681600 0.030300
vt -0.707000 0.026200
vt -0.754400 0.049000
vt -0.780300 0.047800
vt -0.752400 0.021000
vt -0.779800 0.019900
vt -0.756300 0.078000
vt -0.780300 0.076500
vt -0.803700 0.102500
vt -0.806200 0.077000
vt -0.827100 0.103400
vt -0.808600 0.020700
vt -0.824200 0.022000
vt -0.981400 0.166400
vt -0.975600 0.135100
vt -0.955600 0.169900
vt -0.950200 0.173600
vt -0.961900 0.106500
vt -0.952100 0.196200
vt -0.979500 0.198000
vt -0.972200 0.228000
vt -0.947300 0.187600
vt -0.953600 0.281000
vt -0.963400 0.255600
vt -0.926300 0.271200
vt -0.935500 0.247100
vt -0.898900 0.262000
vt -0.907200 0.238400
vt -0.872100 0.253700
vt -0.846200 0.243800
vt -0.854500 0.224700
vt -0.857900 0.212200
vt -0.837400 0.263400
vt -0.863300 0.274400
vt -0.889600 0.283200
vt -0.827100 0.286100
vt -0.854000 0.295200
vt -0.880400 0.304000
vt -0.917000 0.293200
vt -0.943800 0.303700
vt -0.907200 0.313700
vt -0.934600 0.325200
vt -0.914600 0.366500
vt -0.924800 0.345900
vt -0.887200 0.354200
vt -0.897500 0.334000
vt -0.860800 0.345500
vt -0.870600 0.324500
vt -0.843800 0.316900
vt -0.816400 0.311300
vt -0.554700 0.114000
vt -0.560500 0.095000
vt -0.565400 0.077400
vt -0.539600 0.095300
vt -0.543500 0.082900
vt -0.545900 0.071200
vt -0.547400 0.050900
vt -0.547400 0.060500
vt -0.567900 0.048600
vt -0.567900 0.062000
vt -0.837900 0.357700
vt -0.814900 0.357900
vt -0.861300 0.360800
vt -0.907200 0.378900
vt -0.884300 0.367900
vt -0.558100 0.144800
vt -0.539600 0.121200
vt -0.522900 0.099100
vt -0.718300 0.448000
vt -0.715800 0.577100
vt -0.778800 0.421900
vt -0.779800 0.577100
vt -0.809100 0.415300
vt -0.810500 0.577100
vt -0.841800 0.577100
vt -0.838900 0.413800
vt -0.869600 0.577100
vt -0.867200 0.418200
vt -0.699200 0.130000
vt -0.720700 0.123700
vt -0.869100 0.121900
vt -0.849100 0.109800
vt -0.973600 0.865700
vt -0.973600 0.830100
vt -0.983400 0.865700
vt -0.983400 0.830100
vt -0.961900 0.865700
vt -0.961900 0.830100
vt -0.928700 0.865700
vt -0.928700 0.830100
vt -0.939900 0.865700
vt -0.939900 0.830100
vt -0.918000 0.865700
vt -0.918000 0.830100
vt -0.951200 0.865700
vt -0.951200 0.830100
vt -0.885700 0.865700
vt -0.885700 0.830100
vt -0.896500 0.865700
vt -0.896500 0.830100
vt -0.875000 0.865700
vt -0.875000 0.830100
vt -0.907200 0.865700
vt -0.907200 0.830100
vt -0.814500 0.815900
vt -0.814500 0.780800
vt -0.825200 0.815900
vt -0.825200 0.780800
vt -0.803700 0.815900
vt -0.803700 0.780800
vt -0.793000 0.815900
vt -0.793000 0.780800
vt -0.782200 0.815900
vt -0.782200 0.780800
vt -0.868200 0.815900
vt -0.857400 0.815900
vt -0.868200 0.780800
vt -0.857400 0.780800
vt -0.835900 0.815900
vt -0.835900 0.780800
vt -0.846700 0.815900
vt -0.846700 0.780800
vt -0.889600 0.815900
vt -0.889600 0.780800
vt -0.878900 0.815900
vt -0.878900 0.780800
vt -0.985800 0.815900
vt -0.985800 0.780800
vt -0.964800 0.815900
vt -0.964800 0.780800
vt -0.932600 0.815900
vt -0.921900 0.815900
vt -0.932600 0.780800
vt -0.921900 0.780800
vt -0.943400 0.815900
vt -0.943400 0.780800
vt -0.954100 0.815900
vt -0.954100 0.780800
vt -0.950200 0.087600
vt -0.009300 0.669900
vt -0.025900 0.669900
vt -0.009300 0.658700
vt -0.025900 0.658700
vt -0.009300 0.647500
vt -0.025900 0.647500
vt -0.009300 0.636700
vt -0.025900 0.636700
vt -0.009300 0.625500
vt -0.025900 0.625500
vt -0.009300 0.614300
vt -0.025900 0.614300
vt -0.009300 0.603000
vt -0.025900 0.603000
vt -0.009300 0.591800
vt -0.025900 0.591800
vt -0.009300 0.580600
vt -0.025900 0.580600
vt -0.009300 0.569300
vt -0.025900 0.569300
vt -0.009300 0.558100
vt -0.025900 0.558100
vt -0.009300 0.547400
vt -0.025900 0.547400
vt -0.009300 0.536100
vt -0.025900 0.536100
vt -0.009300 0.524900
vt -0.025900 0.524900
vt -0.009300 0.513700
vt -0.025900 0.513700
vt -0.009300 0.502400
vt -0.025900 0.502400
vt -0.009300 0.491200
vt -0.025900 0.491200
vt -0.009300 0.714800
vt -0.025900 0.714800
vt -0.009300 0.703600
vt -0.025900 0.703600
vt -0.009300 0.692400
vt -0.025900 0.692400
vt -0.009300 0.681200
vt -0.025900 0.681200
vt -0.042800 0.669900
vt -0.042800 0.658700
vt -0.042800 0.647500
vt -0.042800 0.636700
vt -0.042800 0.625500
vt -0.042800 0.614300
vt -0.042800 0.603000
vt -0.042800 0.591800
vt -0.042800 0.580600
vt -0.042800 0.569300
vt -0.042800 0.558100
vt -0.042800 0.547400
vt -0.042800 0.536100
vt -0.042800 0.524900
vt -0.042800 0.513700
vt -0.042800 0.502400
vt -0.042800 0.491200
vt -0.042800 0.714800
vt -0.042800 0.703600
vt -0.042800 0.692400
vt -0.042800 0.681200
vt -0.051300 0.669900
vt -0.051300 0.658700
vt -0.051300 0.647500
vt -0.051300 0.636700
vt -0.051300 0.625500
vt -0.051300 0.614300
vt -0.051300 0.603000
vt -0.051300 0.591800
vt -0.051300 0.580600
vt -0.051300 0.569300
vt -0.051300 0.558100
vt -0.051300 0.547400
vt -0.051300 0.536100
vt -0.051300 0.524900
vt -0.051300 0.513700
vt -0.051300 0.502400
vt -0.051300 0.491200
vt -0.051300 0.714800
vt -0.051300 0.703600
vt -0.051300 0.692400
vt -0.051300 0.681200
vt -0.851100 0.223400
vt -0.842800 0.242600
vt -0.833500 0.262200
vt -0.823200 0.285400
vt -0.813500 0.310800
vt -0.806600 0.334200
vt -0.805700 0.341100
vt -0.811500 0.357900
vt -0.855000 0.210100
vt -0.602100 0.142800
vt -0.574200 0.139400
vt -0.721200 0.126500
vt -0.699200 0.133200
vt -0.781200 0.107500
vt -0.760300 0.114100
vt -0.804200 0.104700
vt -0.827100 0.105800
vt -0.849100 0.112700
vt -0.869100 0.124400
vt -0.888700 0.139300
vt -0.897500 0.156000
vt -0.561000 0.148400
vt -0.625500 0.140500
vt -0.625500 0.143800
vt -0.649400 0.142800
vt -0.733900 0.051000
vt -0.731000 0.023000
vt -0.736800 0.080000
vt -0.740200 0.107200
vt -0.741200 0.117400
vt -0.741700 0.120100
vt -0.675300 0.138700
vt -0.227200 0.191900
vt -0.221600 0.172600
vt -0.221800 0.191900
vt -0.215800 0.171900
vt -0.218000 0.151000
vt -0.218800 0.125900
vt -0.213000 0.150600
vt -0.212400 0.126000
vt -0.461200 0.112700
vt -0.467300 0.086900
vt -0.450400 0.109300
vt -0.457800 0.083300
vt -0.324200 0.268100
vt -0.325000 0.274200
vt -0.346700 0.267300
vt -0.349600 0.273200
vt -0.368200 0.261700
vt -0.373300 0.266800
vt -0.388200 0.251700
vt -0.395000 0.255600
vt -0.429200 0.221400
vt -0.420400 0.218600
vt -0.413800 0.240000
vt -0.406700 0.235800
vt -0.451400 0.161100
vt -0.455800 0.137900
vt -0.441700 0.157600
vt -0.445800 0.134300
vt -0.445600 0.182400
vt -0.436500 0.179000
vt -0.438700 0.201200
vt -0.430200 0.198600
vt -0.482900 0.041700
vt -0.473100 0.037700
vt -0.474400 0.063900
vt -0.464800 0.059400
vt -0.225600 0.077100
vt -0.220100 0.076400
vt -0.221800 0.099400
vt -0.215500 0.099500
vt -0.219100 0.123700
vt -0.221600 0.102700
vt -0.221900 0.168700
vt -0.220000 0.152500
vt -0.236500 0.205800
vt -0.229100 0.203700
vt -0.233800 0.198700
vt -0.228900 0.190900
vt -0.467300 0.067300
vt -0.462900 0.081700
vt -0.366700 0.261700
vt -0.351300 0.265900
vt -0.321300 0.266800
vt -0.298800 0.269500
vt -0.306200 0.264200
vt -0.298600 0.263900
vt -0.306600 0.257800
vt -0.479700 0.036200
vt -0.406200 0.237900
vt -0.394500 0.247600
vt -0.431400 0.202000
vt -0.425500 0.214100
vt -0.444600 0.163100
vt -0.440900 0.175800
vt -0.454300 0.116100
vt -0.450900 0.132000
vt -0.227200 0.073200
vt -0.475800 0.021700
vt -0.387700 0.244000
vt -0.364000 0.256100
vt -0.348400 0.260000
vt -0.321300 0.260500
vt -0.227200 0.169800
vt -0.341100 0.144500
vt -0.314900 0.144500
vt -0.314900 0.127600
vt -0.314900 0.161100
vt -0.314900 0.111100
vt -0.367200 0.144500
vt -0.476100 0.014300
vt -0.450200 0.017700
vt -0.409900 0.026700
vt -0.231300 0.068400
vt -0.239000 0.063500
vt -0.262200 0.052500
vt -0.282700 0.044800
vt -0.278600 0.054900
vt -0.305400 0.039200
vt -0.302200 0.048900
vt -0.330100 0.033900
vt -0.328400 0.043200
vt -0.356200 0.031200
vt -0.356000 0.040300
vt -0.378400 0.233200
vt -0.362100 0.241700
vt -0.345200 0.246000
vt -0.326200 0.246700
vt -0.245700 0.170000
vt -0.274200 0.144800
vt -0.276600 0.116600
vt -0.283200 0.091000
vt -0.297600 0.085700
vt -0.313700 0.080400
vt -0.331300 0.075700
vt -0.349900 0.071400
vt -0.380400 0.072800
vt -0.410600 0.076800
vt -0.402800 0.108700
vt -0.393800 0.148100
vt -0.387700 0.171400
vt -0.377400 0.191800
vt -0.364300 0.204500
vt -0.353300 0.210200
vt -0.342000 0.213000
vt -0.329300 0.213500
vt -0.276600 0.166300
vt -0.221300 0.070100
vt -0.598100 0.460000
vt -0.570300 0.435300
vt -0.579600 0.415800
vt -0.524400 0.400600
vt -0.547400 0.418200
vt -0.534700 0.371800
vt -0.557600 0.394800
vt -0.501000 0.381300
vt -0.514200 0.349100
vt -0.477800 0.362500
vt -0.491900 0.325900
vt -0.578600 0.378900
vt -0.599100 0.395300
vt -0.540500 0.316200
vt -0.558600 0.352800
vt -0.501000 0.295700
vt -0.725100 0.407700
vt -0.743700 0.395000
vt -0.703600 0.420400
vt -0.587400 0.335900
vt -0.575700 0.305400
vt -0.677700 0.431600
vt -0.759300 0.383100
vt -0.793000 0.245800
vt -0.631800 0.314200
vt -0.626000 0.296400
vt -0.572800 0.271700
vt -0.624000 0.275900
vt -0.581100 0.234500
vt -0.627400 0.254600
vt -0.875500 0.199000
vt -0.885700 0.182300
vt -0.830600 0.192600
vt -0.853000 0.177200
vt -0.589800 0.180100
vt -0.543000 0.182400
vt -0.548800 0.223000
vt -0.522000 0.209700
vt -0.630400 0.175000
vt -0.700700 0.170700
vt -0.668500 0.170300
vt -0.747100 0.188500
vt -0.724600 0.177200
vt -0.781700 0.224000
vt -0.766600 0.204500
vt -0.603000 0.462600
vt -0.609900 0.447300
vt -0.648400 0.442600
vt -0.678200 0.434600
vt -0.704600 0.422600
vt -0.726100 0.409700
vt -0.745100 0.397000
vt -0.761200 0.387200
vt -0.809100 0.270000
vt -0.797400 0.244000
vt -0.785200 0.221800
vt -0.769000 0.201800
vt -0.749000 0.185200
vt -0.725600 0.173500
vt -0.700700 0.166900
vt -0.668500 0.167500
vt -0.629900 0.172900
vt -0.589400 0.178000
vt -0.544900 0.179200
vt -0.501000 0.171900
vt -0.468000 0.156400
vt -0.878400 0.197800
vt -0.889600 0.182500
vt -0.178100 0.460200
vt -0.076200 0.460200
vt -0.177900 0.462400
vt -0.076200 0.462400
vt -0.027700 0.295200
vt -0.033700 0.295200
vt -0.027700 0.306400
vt -0.033700 0.306400
vt -0.027700 0.317600
vt -0.033700 0.317600
vt -0.027700 0.328900
vt -0.033700 0.328900
vt -0.027700 0.339800
vt -0.033700 0.339800
vt -0.027700 0.351100
vt -0.033700 0.351100
vt -0.027700 0.362300
vt -0.033700 0.362300
vt -0.027700 0.250500
vt -0.033700 0.250500
vt -0.027700 0.261700
vt -0.033700 0.261700
vt -0.027700 0.272900
vt -0.033700 0.272900
vt -0.027700 0.283900
vt -0.033700 0.283900
vt -0.049600 0.295200
vt -0.049600 0.306400
vt -0.049600 0.317600
vt -0.049600 0.328900
vt -0.049600 0.339800
vt -0.049600 0.351100
vt -0.049600 0.362300
vt -0.049600 0.250500
vt -0.049600 0.261700
vt -0.049600 0.272900
vt -0.049600 0.283900
vt -0.063800 0.295200
vt -0.063800 0.306400
vt -0.063800 0.317600
vt -0.063800 0.328900
vt -0.063800 0.339800
vt -0.063800 0.351100
vt -0.063800 0.362300
vt -0.063800 0.250500
vt -0.063800 0.261700
vt -0.063800 0.272900
vt -0.063800 0.283900
vt -0.027700 0.429400
vt -0.027700 0.418200
vt -0.033700 0.429400
vt -0.033700 0.418200
vt -0.027700 0.407000
vt -0.033700 0.407000
vt -0.027700 0.395800
vt -0.033700 0.395800
vt -0.027700 0.384500
vt -0.033700 0.384500
vt -0.027700 0.373500
vt -0.033700 0.373500
vt -0.027700 0.474100
vt -0.027700 0.462900
vt -0.033700 0.474100
vt -0.033700 0.462900
vt -0.027700 0.451700
vt -0.033700 0.451700
vt -0.027700 0.440400
vt -0.033700 0.440400
vt -0.049600 0.429400
vt -0.049600 0.418200
vt -0.049600 0.407000
vt -0.049600 0.395800
vt -0.049600 0.384500
vt -0.049600 0.373500
vt -0.049600 0.474100
vt -0.049600 0.462900
vt -0.049600 0.451700
vt -0.049600 0.440400
vt -0.063800 0.429400
vt -0.063800 0.418200
vt -0.063800 0.407000
vt -0.063800 0.395800
vt -0.063800 0.384500
vt -0.063800 0.373500
vt -0.063800 0.474100
vt -0.063800 0.462900
vt -0.063800 0.451700
vt -0.063800 0.440400
vt -0.006300 0.306400
vt -0.006300 0.295200
vt -0.006300 0.283900
vt -0.006300 0.272900
vt -0.006300 0.261700
vt -0.006300 0.250500
vt -0.006300 0.474100
vt -0.006300 0.462900
vt -0.006300 0.451700
vt -0.006300 0.440400
vt -0.006300 0.429400
vt -0.006300 0.418200
vt -0.006300 0.407000
vt -0.006300 0.395800
vt -0.006300 0.384500
vt -0.006300 0.373500
vt -0.006300 0.362300
vt -0.006300 0.351100
vt -0.006300 0.339800
vt -0.006300 0.328900
vt -0.006300 0.317600
vt -0.435100 0.779300
vt -0.435100 0.631300
vt -0.411900 0.779300
vt -0.411900 0.631300
vt -0.388900 0.779300
vt -0.388900 0.631300
vt -0.365700 0.779300
vt -0.365700 0.631300
vt -0.342500 0.779300
vt -0.342500 0.631300
vt -0.319300 0.779300
vt -0.319300 0.631300
vt -0.549300 0.779300
vt -0.549300 0.631300
vt -0.526400 0.779300
vt -0.526400 0.631300
vt -0.503900 0.779300
vt -0.503900 0.631300
vt -0.481000 0.779300
vt -0.481000 0.631300
vt -0.458000 0.779300
vt -0.458000 0.631300
vt -0.435100 0.628900
vt -0.435100 0.614300
vt -0.411900 0.628900
vt -0.412100 0.614300
vt -0.388900 0.628900
vt -0.388900 0.614300
vt -0.365700 0.628900
vt -0.365700 0.614300
vt -0.342500 0.628900
vt -0.342500 0.614300
vt -0.319300 0.628900
vt -0.319300 0.614300
vt -0.549300 0.628900
vt -0.549300 0.614300
vt -0.526400 0.628900
vt -0.526400 0.614300
vt -0.503900 0.628900
vt -0.503900 0.614300
vt -0.481000 0.628900
vt -0.481000 0.614300
vt -0.458000 0.628900
vt -0.458000 0.614300
vt -0.293700 0.643600
vt -0.293700 0.777300
vt -0.272500 0.647000
vt -0.272500 0.773900
vt -0.253400 0.656200
vt -0.253400 0.764600
vt -0.238200 0.671400
vt -0.238200 0.749500
vt -0.228400 0.689900
vt -0.228400 0.731000
vt -0.225100 0.710400
vt -0.677200 0.982900
vt -0.820800 0.982900
vt -0.684600 0.973600
vt -0.822300 0.976600
vt -0.693400 0.964800
vt -0.822800 0.969200
vt -0.856900 0.612800
vt -0.977100 0.612300
vt -0.856900 0.602500
vt -0.977100 0.602500
vt -0.980500 0.930200
vt -0.982400 0.937000
vt -0.923300 0.974100
vt -0.984900 0.944800
vt -0.929700 0.982900
vt -0.583000 0.636200
vt -0.728500 0.636200
vt -0.582500 0.616200
vt -0.728500 0.616200
vt -0.975600 0.718800
vt -0.975600 0.759800
vt -0.917000 0.982900
vt -0.913100 0.976600
vt -0.820300 0.952600
vt -0.841300 0.759800
vt -0.827100 0.679200
vt -0.718800 0.907700
vt -0.731400 0.901900
vt -0.718300 0.883300
vt -0.730500 0.883800
vt -0.752900 0.893600
vt -0.752900 0.884300
vt -0.733900 0.717300
vt -0.733400 0.724100
vt -0.759800 0.739700
vt -0.810100 0.738800
vt -0.852100 0.691400
vt -0.931200 0.691400
vt -0.852100 0.684100
vt -0.931200 0.684100
vt -0.852100 0.672400
vt -0.931200 0.672400
vt -0.983400 0.691400
vt -0.983400 0.684100
vt -0.938000 0.691400
vt -0.938000 0.684100
vt -0.983400 0.672400
vt -0.938000 0.672400
vt -0.831100 0.763200
vt -0.814000 0.742200
vt -0.658200 0.971200
vt -0.669900 0.964800
vt -0.645500 0.958500
vt -0.657200 0.955100
vt -0.633800 0.945800
vt -0.650900 0.943800
vt -0.631800 0.933100
vt -0.646500 0.933100
vt -0.660600 0.931600
vt -0.664100 0.941900
vt -0.669900 0.951200
vt -0.679700 0.959000
vt -0.706100 0.949200
vt -0.729500 0.921900
vt -0.683100 0.931200
vt -0.714800 0.909700
vt -0.715300 0.914100
vt -0.687500 0.938500
vt -0.717800 0.917500
vt -0.694800 0.944300
vt -0.722200 0.919900
vt -0.627000 0.730000
vt -0.638700 0.723100
vt -0.618700 0.716800
vt -0.625000 0.710000
vt -0.649400 0.718300
vt -0.632300 0.704100
vt -0.582000 0.670900
vt -0.572300 0.679700
vt -0.571800 0.670900
vt -0.572800 0.665000
vt -0.581500 0.665000
vt -0.845200 0.602500
vt -0.829100 0.602500
vt -0.845200 0.612800
vt -0.829100 0.612800
vt -0.822300 0.612800
vt -0.822300 0.602500
vt -0.858400 0.628900
vt -0.976600 0.627400
vt -0.858400 0.616200
vt -0.977100 0.616200
vt -0.586400 0.612800
vt -0.728500 0.612800
vt -0.586400 0.602500
vt -0.728500 0.602500
vt -0.848100 0.616200
vt -0.832500 0.616200
vt -0.848100 0.629900
vt -0.832000 0.634300
vt -0.825200 0.635700
vt -0.825700 0.616200
vt -0.585900 0.665000
vt -0.585000 0.670400
vt -0.588900 0.665500
vt -0.588400 0.670400
vt -0.588400 0.678700
vt -0.816900 0.612800
vt -0.821800 0.616200
vt -0.574200 0.689500
vt -0.981000 0.924300
vt -0.860800 0.712400
vt -0.975600 0.711900
vt -0.858400 0.630900
vt -0.977100 0.629400
vt -0.858400 0.634300
vt -0.976600 0.632300
vt -0.821800 0.962900
vt -0.833500 0.676800
vt -0.824700 0.638700
vt -0.830600 0.636700
vt -0.821800 0.642100
vt -0.827600 0.640100
vt -0.847700 0.631800
vt -0.847700 0.635300
vt -0.852500 0.709000
vt -0.589800 0.666000
vt -0.589800 0.670400
vt -0.579100 0.636200
vt -0.592300 0.666500
vt -0.592300 0.670400
vt -0.729000 0.727500
vt -0.723600 0.720200
vt -0.718800 0.728500
vt -0.718300 0.758300
vt -0.853000 0.629400
vt -0.853000 0.616200
vt -0.732400 0.918000
vt -0.740700 0.909700
vt -0.725100 0.916500
vt -0.736800 0.908200
vt -0.721200 0.914600
vt -0.734900 0.906200
vt -0.761700 0.900400
vt -0.758800 0.899400
vt -0.756300 0.897900
vt -0.719200 0.911600
vt -0.732900 0.903800
vt -0.754400 0.896000
vt -0.724100 0.733900
vt -0.752900 0.745600
vt -0.754400 0.740700
vt -0.816900 0.602500
vt -0.849600 0.612800
vt -0.850100 0.602500
vt -0.821300 0.636200
vt -0.852500 0.631300
vt -0.852500 0.634800
vt -0.857900 0.711400
vt -0.820800 0.639200
vt -0.728500 0.638700
vt -0.816900 0.642600
vt -0.733400 0.670400
vt -0.733400 0.666000
vt -0.579100 0.616200
vt -0.584500 0.612800
vt -0.584500 0.602500
vt -0.611800 0.692400
vt -0.588900 0.682100
vt -0.599100 0.703100
vt -0.631800 0.808100
vt -0.631800 0.824700
vt -0.644500 0.807600
vt -0.644000 0.825200
vt -0.657700 0.824700
vt -0.657200 0.808100
vt -0.718300 0.839400
vt -0.730500 0.840300
vt -0.718300 0.802200
vt -0.730500 0.802700
vt -0.752900 0.839800
vt -0.752900 0.802700
vt -0.631800 0.757300
vt -0.631800 0.772000
vt -0.646000 0.756300
vt -0.644500 0.772000
vt -0.657700 0.772500
vt -0.657200 0.755900
vt -0.657200 0.877400
vt -0.657200 0.860400
vt -0.644000 0.877000
vt -0.644000 0.860800
vt -0.631800 0.859900
vt -0.631800 0.877000
vt -0.730500 0.758800
vt -0.752900 0.759800
vt -0.715300 0.882800
vt -0.698700 0.958000
vt -0.686000 0.952600
vt -0.677700 0.945800
vt -0.669400 0.927700
vt -0.672400 0.937500
vt -0.709500 0.799800
vt -0.709500 0.840300
vt -0.715300 0.801800
vt -0.715300 0.839400
vt -0.662600 0.808600
vt -0.662600 0.825200
vt -0.668900 0.809600
vt -0.668900 0.824700
vt -0.662600 0.755900
vt -0.662600 0.772900
vt -0.668900 0.757300
vt -0.668900 0.772500
vt -0.662600 0.860800
vt -0.662600 0.877400
vt -0.668900 0.862300
vt -0.668900 0.877400
vt -0.631800 0.752400
vt -0.645500 0.752900
vt -0.657200 0.752400
vt -0.657200 0.880900
vt -0.644000 0.880900
vt -0.631800 0.880900
vt -0.663600 0.881300
vt -0.631800 0.775400
vt -0.631800 0.803700
vt -0.644500 0.775400
vt -0.643600 0.804200
vt -0.657200 0.776400
vt -0.657200 0.804700
vt -0.664100 0.776900
vt -0.664100 0.805200
vt -0.672400 0.776400
vt -0.672400 0.807100
vt -0.701700 0.849600
vt -0.704600 0.843300
vt -0.675300 0.865700
vt -0.672900 0.859900
vt -0.671900 0.828100
vt -0.675300 0.822300
vt -0.663600 0.857400
vt -0.664100 0.829100
vt -0.656700 0.856900
vt -0.657200 0.828600
vt -0.643600 0.856400
vt -0.643100 0.828600
vt -0.631800 0.856900
vt -0.631800 0.828100
vt -0.675300 0.813500
vt -0.671900 0.813000
vt -0.671900 0.821800
vt -0.663600 0.752900
vt -0.672400 0.754400
vt -0.671900 0.760700
vt -0.671900 0.769500
vt -0.671400 0.865700
vt -0.675300 0.874500
vt -0.671400 0.874000
vt -0.701700 0.789600
vt -0.701700 0.870600
vt -0.716800 0.867700
vt -0.730500 0.868700
vt -0.716800 0.855000
vt -0.730500 0.856000
vt -0.730500 0.774400
vt -0.716800 0.773900
vt -0.730500 0.786600
vt -0.716800 0.786100
vt -0.752900 0.774900
vt -0.752900 0.787600
vt -0.752900 0.868700
vt -0.752900 0.856000
vt -0.718300 0.842800
vt -0.730500 0.843800
vt -0.752900 0.843300
vt -0.752900 0.880900
vt -0.730500 0.880400
vt -0.718300 0.879900
vt -0.752900 0.799300
vt -0.730500 0.799300
vt -0.717800 0.798800
vt -0.717800 0.761700
vt -0.730500 0.762200
vt -0.752900 0.763200
vt -0.704600 0.762200
vt -0.704600 0.796400
vt -0.728500 0.642600
vt -0.733400 0.679200
vt -0.076200 0.033900
vt -0.076200 0.052500
vt -0.203900 0.033900
vt -0.202300 0.052500
vt -0.076200 0.014500
vt -0.205100 0.014500
vt -0.076200 0.433600
vt -0.185500 0.433600
vt -0.076200 0.414300
vt -0.190300 0.414300
vt -0.076200 0.389200
vt -0.196300 0.389200
vt -0.076200 0.369100
vt -0.198200 0.369100
vt -0.076200 0.349100
vt -0.200100 0.349100
vt -0.076200 0.334500
vt -0.200100 0.334500
vt -0.076200 0.318100
vt -0.200100 0.318100
vt -0.076200 0.304700
vt -0.200100 0.304700
vt -0.076200 0.290000
vt -0.200100 0.290000
vt -0.076200 0.272000
vt -0.200100 0.272000
vt -0.076200 0.256100
vt -0.200100 0.256100
vt -0.076200 0.237500
vt -0.200100 0.237500
vt -0.076200 0.214400
vt -0.200100 0.214400
vt -0.076200 0.189000
vt -0.200100 0.189000
vt -0.076200 0.098000
vt -0.076200 0.116300
vt -0.200100 0.098000
vt -0.200100 0.116300
vt -0.076200 0.084800
vt -0.200100 0.084800
vt -0.076200 0.072400
vt -0.200200 0.072400
vt -0.076200 0.136200
vt -0.200100 0.136200
vt -0.076200 0.160200
vt -0.200100 0.160200
vt -0.076200 0.650400
vt -0.205000 0.650400
vt -0.076200 0.012700
vt -0.205000 0.012700
vt -0.502900 0.242200
vt -0.534700 0.270800
vt -0.503900 0.274700
vt -0.840300 0.123900
vt -0.843800 0.129800
vt -0.298600 0.294700
vt -0.249400 0.294700
vt -0.298600 0.315200
vt -0.249400 0.315200
vt -0.298600 0.335700
vt -0.249400 0.335700
vt -0.298600 0.356200
vt -0.249400 0.356200
vt -0.298600 0.376700
vt -0.249400 0.376700
vt -0.298600 0.397000
vt -0.249400 0.397000
vt -0.298600 0.417500
vt -0.249400 0.417500
vt -0.298600 0.438000
vt -0.249400 0.438000
vt -0.298600 0.458500
vt -0.249400 0.458500
vt -0.298600 0.479000
vt -0.249400 0.479000
vt -0.298600 0.499500
vt -0.249400 0.499500
vt -0.298600 0.520000
vt -0.249400 0.520000
vt -0.298600 0.540500
vt -0.249400 0.540500
vt -0.298600 0.561000
vt -0.249400 0.561000
vt -0.298600 0.581500
vt -0.249400 0.581500
vt -0.298600 0.602100
vt -0.249400 0.602100
vt -0.298600 0.622600
vt -0.249400 0.622600
vt -0.193500 0.987800
vt -0.201400 0.987800
vt -0.193500 0.975100
vt -0.201400 0.975100
vt -0.193500 0.963400
vt -0.201400 0.963400
vt -0.193500 0.951700
vt -0.201400 0.951700
vt -0.193500 0.939500
vt -0.201400 0.939500
vt -0.193500 0.927200
vt -0.201400 0.927200
vt -0.193500 0.915500
vt -0.201400 0.915500
vt -0.193500 0.903300
vt -0.201400 0.903300
vt -0.193500 0.891100
vt -0.201400 0.891100
vt -0.193500 0.878900
vt -0.201400 0.878900
vt -0.193500 0.867200
vt -0.201400 0.867200
vt -0.193500 0.855500
vt -0.201400 0.855500
vt -0.193500 0.843300
vt -0.201400 0.843300
vt -0.193500 0.831100
vt -0.201400 0.831100
vt -0.193500 0.818800
vt -0.201400 0.818800
vt -0.193500 0.807100
vt -0.201400 0.807100
vt -0.193500 0.794900
vt -0.201400 0.794900
vt -0.209100 0.987800
vt -0.209100 0.975100
vt -0.209100 0.963400
vt -0.209100 0.951700
vt -0.209100 0.939500
vt -0.209100 0.927200
vt -0.209100 0.915500
vt -0.209100 0.903300
vt -0.209100 0.891100
vt -0.209100 0.878900
vt -0.209100 0.867200
vt -0.209100 0.855500
vt -0.209100 0.843300
vt -0.209100 0.831100
vt -0.209100 0.818800
vt -0.209100 0.807100
vt -0.209100 0.794900
vt -0.217000 0.987800
vt -0.217000 0.975100
vt -0.217000 0.963400
vt -0.217000 0.951700
vt -0.217000 0.939500
vt -0.217000 0.927200
vt -0.217000 0.915500
vt -0.217000 0.903300
vt -0.217000 0.891100
vt -0.217000 0.878900
vt -0.217000 0.867200
vt -0.217000 0.855500
vt -0.217000 0.843300
vt -0.217000 0.831100
vt -0.217000 0.818800
vt -0.217000 0.807100
vt -0.217000 0.794900
vt -0.225200 0.987800
vt -0.225200 0.975100
vt -0.225200 0.963400
vt -0.225200 0.951700
vt -0.225200 0.939500
vt -0.225200 0.927200
vt -0.225200 0.915500
vt -0.225200 0.903300
vt -0.225200 0.891100
vt -0.225200 0.878900
vt -0.225200 0.867200
vt -0.225200 0.855500
vt -0.225200 0.843300
vt -0.225200 0.831100
vt -0.225200 0.818800
vt -0.225200 0.807100
vt -0.225200 0.794900
vt -0.243000 0.987800
vt -0.243000 0.975100
vt -0.243000 0.963400
vt -0.243000 0.951700
vt -0.243000 0.939500
vt -0.243000 0.927200
vt -0.243000 0.915500
vt -0.243000 0.903300
vt -0.243000 0.891100
vt -0.243000 0.878900
vt -0.243000 0.867200
vt -0.243000 0.855500
vt -0.243000 0.843300
vt -0.243000 0.831100
vt -0.243000 0.818800
vt -0.243000 0.807100
vt -0.243000 0.794900
vt -0.262900 0.987800
vt -0.262900 0.975100
vt -0.262900 0.963400
vt -0.262900 0.951700
vt -0.262900 0.939500
vt -0.262900 0.927200
vt -0.262900 0.915500
vt -0.262900 0.903300
vt -0.262900 0.891100
vt -0.262900 0.878900
vt -0.262900 0.867200
vt -0.262900 0.855500
vt -0.262900 0.843300
vt -0.262900 0.831100
vt -0.262900 0.818800
vt -0.262900 0.807100
vt -0.262900 0.794900
vt -0.284700 0.987800
vt -0.284700 0.975100
vt -0.284700 0.963400
vt -0.284700 0.951700
vt -0.284700 0.939500
vt -0.284700 0.927200
vt -0.284700 0.915500
vt -0.284700 0.903300
vt -0.284700 0.891100
vt -0.284700 0.878900
vt -0.284700 0.867200
vt -0.284700 0.855500
vt -0.284700 0.843300
vt -0.284700 0.831100
vt -0.284700 0.818800
vt -0.284700 0.807100
vt -0.284700 0.794900
vt -0.307400 0.987800
vt -0.307400 0.975100
vt -0.307400 0.963400
vt -0.307400 0.951700
vt -0.307400 0.939500
vt -0.307400 0.927200
vt -0.307400 0.915500
vt -0.307400 0.903300
vt -0.307400 0.891100
vt -0.307400 0.878900
vt -0.307400 0.867200
vt -0.307400 0.855500
vt -0.307400 0.843300
vt -0.307400 0.831100
vt -0.307400 0.818800
vt -0.307400 0.807100
vt -0.307400 0.794900
vt -0.331100 0.987800
vt -0.331100 0.975100
vt -0.331100 0.963400
vt -0.331100 0.951700
vt -0.331100 0.939500
vt -0.331100 0.927200
vt -0.331100 0.915500
vt -0.331100 0.903300
vt -0.331100 0.891100
vt -0.331100 0.878900
vt -0.331100 0.867200
vt -0.331100 0.855500
vt -0.331100 0.843300
vt -0.331100 0.831100
vt -0.331100 0.818800
vt -0.331100 0.807100
vt -0.331100 0.794900
vt -0.355000 0.987800
vt -0.355000 0.975100
vt -0.355000 0.963400
vt -0.355000 0.951700
vt -0.355000 0.939500
vt -0.355000 0.927200
vt -0.355000 0.915500
vt -0.355000 0.903300
vt -0.355000 0.891100
vt -0.355000 0.878900
vt -0.355000 0.867200
vt -0.355000 0.855500
vt -0.355000 0.843300
vt -0.355000 0.831100
vt -0.355000 0.818800
vt -0.355000 0.807100
vt -0.355000 0.794900
vt -0.378900 0.987800
vt -0.378900 0.975100
vt -0.378900 0.963400
vt -0.378900 0.951700
vt -0.378900 0.939500
vt -0.378900 0.927200
vt -0.378900 0.915500
vt -0.378900 0.903300
vt -0.378900 0.891100
vt -0.378900 0.878900
vt -0.378900 0.867200
vt -0.378900 0.855500
vt -0.378900 0.843300
vt -0.378900 0.831100
vt -0.378900 0.818800
vt -0.378900 0.807100
vt -0.378900 0.794900
vt -0.403100 0.987800
vt -0.403100 0.975100
vt -0.403100 0.963400
vt -0.403100 0.951700
vt -0.403100 0.939500
vt -0.403100 0.927200
vt -0.403100 0.915500
vt -0.403100 0.903300
vt -0.403100 0.891100
vt -0.403100 0.878900
vt -0.403100 0.867200
vt -0.403100 0.855500
vt -0.403100 0.843300
vt -0.403100 0.831100
vt -0.403100 0.818800
vt -0.403100 0.807100
vt -0.403100 0.794900
vt -0.427700 0.987800
vt -0.427700 0.975100
vt -0.427700 0.963400
vt -0.427700 0.951700
vt -0.427700 0.939500
vt -0.427700 0.927200
vt -0.427700 0.915500
vt -0.427700 0.903300
vt -0.427700 0.891100
vt -0.427700 0.878900
vt -0.427700 0.867200
vt -0.427700 0.855500
vt -0.427700 0.843300
vt -0.427700 0.831100
vt -0.427700 0.818800
vt -0.427700 0.807100
vt -0.427700 0.794900
vt -0.450400 0.987800
vt -0.450400 0.975100
vt -0.450400 0.963400
vt -0.450400 0.951700
vt -0.450400 0.939500
vt -0.450400 0.927200
vt -0.450400 0.915500
vt -0.450400 0.903300
vt -0.450400 0.891100
vt -0.450400 0.878900
vt -0.450400 0.867200
vt -0.450400 0.855500
vt -0.450400 0.843300
vt -0.450400 0.831100
vt -0.450400 0.818800
vt -0.450400 0.807100
vt -0.450400 0.794900
vt -0.471400 0.987800
vt -0.471400 0.975100
vt -0.471400 0.963400
vt -0.471400 0.951700
vt -0.471400 0.939500
vt -0.471400 0.927200
vt -0.471400 0.915500
vt -0.471400 0.903300
vt -0.471400 0.891100
vt -0.471400 0.878900
vt -0.471400 0.867200
vt -0.471400 0.855500
vt -0.471400 0.843300
vt -0.471400 0.831100
vt -0.471400 0.818800
vt -0.471400 0.807100
vt -0.471400 0.794900
vt -0.491500 0.987800
vt -0.491500 0.975100
vt -0.491500 0.963400
vt -0.491500 0.951700
vt -0.491500 0.939500
vt -0.491500 0.927200
vt -0.491500 0.915500
vt -0.491500 0.903300
vt -0.491500 0.891100
vt -0.491500 0.878900
vt -0.491500 0.867200
vt -0.491500 0.855500
vt -0.491500 0.843300
vt -0.491500 0.831100
vt -0.491500 0.818800
vt -0.491500 0.807100
vt -0.491500 0.794900
vt -0.510300 0.987800
vt -0.510300 0.975100
vt -0.510300 0.963400
vt -0.510300 0.951700
vt -0.510300 0.939500
vt -0.510300 0.927200
vt -0.510300 0.915500
vt -0.510300 0.903300
vt -0.510300 0.891100
vt -0.510300 0.878900
vt -0.510300 0.867200
vt -0.510300 0.855500
vt -0.510300 0.843300
vt -0.510300 0.831100
vt -0.510300 0.818800
vt -0.510300 0.807100
vt -0.510300 0.794900
vt -0.528300 0.987800
vt -0.528300 0.975100
vt -0.528300 0.963400
vt -0.528300 0.951700
vt -0.528300 0.939500
vt -0.528300 0.927200
vt -0.528300 0.915500
vt -0.528300 0.903300
vt -0.528300 0.891100
vt -0.528300 0.878900
vt -0.528300 0.867200
vt -0.528300 0.855500
vt -0.528300 0.843300
vt -0.528300 0.831100
vt -0.528300 0.818800
vt -0.528300 0.807100
vt -0.528300 0.794900
vt -0.545900 0.987800
vt -0.545900 0.975100
vt -0.545900 0.963400
vt -0.545900 0.951700
vt -0.545900 0.939500
vt -0.545900 0.927200
vt -0.545900 0.915500
vt -0.545900 0.903300
vt -0.545900 0.891100
vt -0.545900 0.878900
vt -0.545900 0.867200
vt -0.545900 0.855500
vt -0.545900 0.843300
vt -0.545900 0.831100
vt -0.545900 0.818800
vt -0.545900 0.807100
vt -0.545900 0.794900
vt -0.562500 0.987800
vt -0.562500 0.975100
vt -0.562500 0.963400
vt -0.562500 0.951700
vt -0.562500 0.939500
vt -0.562500 0.927200
vt -0.562500 0.915500
vt -0.562500 0.903300
vt -0.562500 0.891100
vt -0.562500 0.878900
vt -0.562500 0.867200
vt -0.562500 0.855500
vt -0.562500 0.843300
vt -0.562500 0.831100
vt -0.562500 0.818800
vt -0.562500 0.807100
vt -0.562500 0.794900
vt -0.578600 0.987800
vt -0.578600 0.975100
vt -0.578600 0.963400
vt -0.578600 0.951700
vt -0.578600 0.939500
vt -0.578600 0.927200
vt -0.578600 0.915500
vt -0.578600 0.903300
vt -0.578600 0.891100
vt -0.578600 0.878900
vt -0.578600 0.867200
vt -0.578600 0.855500
vt -0.578600 0.843300
vt -0.578600 0.831100
vt -0.578600 0.818800
vt -0.578600 0.807100
vt -0.578600 0.794900
vt -0.593800 0.987800
vt -0.593800 0.975100
vt -0.593800 0.963400
vt -0.593800 0.951700
vt -0.593800 0.939500
vt -0.593800 0.927200
vt -0.593800 0.915500
vt -0.593800 0.903300
vt -0.593800 0.891100
vt -0.593800 0.878900
vt -0.593800 0.867200
vt -0.593800 0.855500
vt -0.593800 0.843300
vt -0.593800 0.831100
vt -0.593800 0.818800
vt -0.593800 0.807100
vt -0.593800 0.794900
vt -0.608900 0.987800
vt -0.608900 0.975100
vt -0.608900 0.963400
vt -0.608900 0.951700
vt -0.608900 0.939500
vt -0.608900 0.927200
vt -0.608900 0.915500
vt -0.608900 0.903300
vt -0.608900 0.891100
vt -0.608900 0.878900
vt -0.608900 0.867200
vt -0.608900 0.855500
vt -0.608900 0.843300
vt -0.608900 0.831100
vt -0.608900 0.818800
vt -0.608900 0.807100
vt -0.608900 0.794900
vt -0.009100 0.794900
vt -0.025700 0.794900
vt -0.009100 0.783700
vt -0.025700 0.783700
vt -0.009100 0.772900
vt -0.025700 0.772900
vt -0.009100 0.761700
vt -0.025700 0.761700
vt -0.009100 0.750500
vt -0.025700 0.750500
vt -0.009100 0.739300
vt -0.025700 0.739300
vt -0.009100 0.728000
vt -0.025700 0.728000
vt -0.009100 0.839800
vt -0.025700 0.839800
vt -0.009100 0.828600
vt -0.025700 0.828600
vt -0.009100 0.817400
vt -0.025700 0.817400
vt -0.009100 0.806200
vt -0.025700 0.806200
vt -0.042700 0.794900
vt -0.042700 0.783700
vt -0.042700 0.772900
vt -0.042700 0.761700
vt -0.042700 0.750500
vt -0.042700 0.739300
vt -0.042700 0.728000
vt -0.042700 0.839800
vt -0.042700 0.828600
vt -0.042700 0.817400
vt -0.042700 0.806200
vt -0.051100 0.794900
vt -0.051100 0.783700
vt -0.051100 0.772900
vt -0.051100 0.761700
vt -0.051100 0.750500
vt -0.051100 0.739300
vt -0.051100 0.728000
vt -0.051100 0.839800
vt -0.051100 0.828600
vt -0.051100 0.817400
vt -0.051100 0.806200
vt -0.027100 0.058600
vt -0.033100 0.058600
vt -0.027100 0.069800
vt -0.033100 0.069800
vt -0.027100 0.080900
vt -0.033100 0.080900
vt -0.027100 0.092100
vt -0.033100 0.092100
vt -0.027100 0.103300
vt -0.033100 0.103300
vt -0.027100 0.114400
vt -0.033100 0.114400
vt -0.027100 0.125600
vt -0.033100 0.125600
vt -0.027100 0.013900
vt -0.033100 0.013900
vt -0.027100 0.025100
vt -0.033100 0.025100
vt -0.027100 0.036200
vt -0.033100 0.036200
vt -0.027100 0.047400
vt -0.033100 0.047400
vt -0.049000 0.058600
vt -0.049000 0.069800
vt -0.049000 0.080900
vt -0.049000 0.092100
vt -0.049000 0.103300
vt -0.049000 0.114400
vt -0.049000 0.125600
vt -0.049000 0.013900
vt -0.049000 0.025100
vt -0.049000 0.036200
vt -0.049000 0.047400
vt -0.063200 0.058600
vt -0.063200 0.069800
vt -0.063200 0.080900
vt -0.063200 0.092100
vt -0.063200 0.103300
vt -0.063200 0.114400
vt -0.063200 0.125600
vt -0.063200 0.013900
vt -0.063200 0.025100
vt -0.063200 0.036200
vt -0.063200 0.047400
vt -0.027100 0.192600
vt -0.027100 0.181500
vt -0.033100 0.192600
vt -0.033100 0.181500
vt -0.027100 0.170300
vt -0.033100 0.170300
vt -0.027100 0.159200
vt -0.033100 0.159200
vt -0.027100 0.147900
vt -0.033100 0.147900
vt -0.027100 0.136800
vt -0.033100 0.136800
vt -0.027100 0.237400
vt -0.027100 0.226200
vt -0.033100 0.237400
vt -0.033100 0.226200
vt -0.027100 0.215000
vt -0.033100 0.215000
vt -0.027100 0.203900
vt -0.033100 0.203900
vt -0.049000 0.192600
vt -0.049000 0.181500
vt -0.049000 0.170300
vt -0.049000 0.159200
vt -0.049000 0.147900
vt -0.049000 0.136800
vt -0.049000 0.237400
vt -0.049000 0.226200
vt -0.049000 0.215000
vt -0.049000 0.203900
vt -0.063200 0.192600
vt -0.063200 0.181500
vt -0.063200 0.170300
vt -0.063200 0.159200
vt -0.063200 0.147900
vt -0.063200 0.136800
vt -0.063200 0.237400
vt -0.063200 0.226200
vt -0.063200 0.215000
vt -0.063200 0.203900
vt -0.005700 0.069800
vt -0.005700 0.058600
vt -0.005700 0.047400
vt -0.005700 0.036200
vt -0.005700 0.025100
vt -0.005700 0.013900
vt -0.005700 0.237400
vt -0.005700 0.226200
vt -0.005700 0.215000
vt -0.005700 0.203900
vt -0.005700 0.192600
vt -0.005700 0.181500
vt -0.005700 0.170300
vt -0.005700 0.159200
vt -0.005700 0.147900
vt -0.005700 0.136800
vt -0.005700 0.125600
vt -0.005700 0.114400
vt -0.005700 0.103300
vt -0.005700 0.092100
vt -0.005700 0.080900
vt -0.073900 0.991200
vt -0.122900 0.991200
vt -0.073900 0.970700
vt -0.122900 0.970700
vt -0.073900 0.950200
vt -0.122900 0.950200
vt -0.073900 0.929700
vt -0.122900 0.929700
vt -0.073900 0.909200
vt -0.122900 0.909200
vt -0.073900 0.888700
vt -0.122900 0.888700
vt -0.073900 0.868200
vt -0.122900 0.868200
vt -0.073900 0.847700
vt -0.122900 0.847700
vt -0.073900 0.827100
vt -0.122900 0.827100
vt -0.073900 0.806600
vt -0.122900 0.806600
vt -0.073900 0.786100
vt -0.122900 0.786100
vt -0.073900 0.765600
vt -0.122900 0.765600
vt -0.073900 0.745100
vt -0.122900 0.745100
vt -0.073900 0.724600
vt -0.122900 0.724600
vt -0.073900 0.704100
vt -0.122900 0.704100
vt -0.073900 0.683600
vt -0.122900 0.683600
vt -0.073900 0.663100
vt -0.122900 0.663100
s 1
f 1/1/1 2/2/2 3/3/3
f 4/4/4 5/5/5 6/6/6
f 7/7/7 8/8/8 9/6/6
f 10/9/9 11/10/10 12/11/11
f 13/12/12 14/13/13 15/14/14
f 16/15/15 17/16/16 18/17/17
f 19/18/18 20/19/19 21/20/20
f 22/21/21 23/22/22 24/23/23
f 25/23/23 26/22/24 27/24/25
f 28/25/26 29/26/27 30/22/28
f 31/26/27 32/24/29 33/22/22
f 34/27/30 35/22/31 36/21/32
f 37/28/33 38/29/34 39/30/35
f 40/31/36 41/32/37 42/30/35
f 43/33/38 44/34/39 45/35/40
f 46/29/34 47/36/41 48/30/35
f 49/36/41 50/37/42 51/30/35
f 52/38/43 53/39/44 54/35/40
f 55/39/44 56/40/45 57/35/40
f 58/35/40 59/41/46 60/42/47
f 61/35/40 62/40/45 63/43/48
f 64/43/48 65/41/49 66/35/40
f 67/44/50 68/45/51 69/46/52
f 70/47/53 71/48/54 72/49/55
f 73/50/56 74/51/57 75/52/58
f 76/53/59 77/51/57 78/54/60
f 79/55/61 80/8/8 81/7/7
f 82/6/6 83/5/62 84/10/10
f 85/9/9 86/56/63 87/10/10
f 88/12/12 89/14/14 90/57/64
f 91/58/65 92/59/66 93/60/67
f 94/10/10 95/5/5 96/60/68
f 97/32/69 98/61/70 99/30/35
f 100/55/61 101/7/71 102/62/72
f 103/63/73 104/64/74 105/65/75
f 106/66/76 107/67/77 108/68/78
f 109/69/79 110/70/80 111/71/81
f 112/72/82 113/73/83 114/74/84
f 115/6/6 116/10/85 117/7/71
f 118/75/86 119/76/87 120/76/88
f 121/77/89 122/78/90 123/79/91
f 124/80/92 125/81/93 126/82/94
f 127/79/95 128/78/96 129/83/97
f 130/84/98 131/83/99 132/85/100
f 133/86/101 134/87/102 135/88/103
f 136/86/101 137/89/104 138/87/102
f 139/85/105 140/90/106 141/84/98
f 142/91/107 143/92/108 144/93/109
f 145/94/110 146/95/111 147/96/112
f 148/97/113 149/98/114 150/99/115
f 151/99/116 152/100/117 153/101/118
f 154/102/119 155/103/120 156/104/121
f 157/105/122 158/106/123 159/107/124
f 160/108/125 161/109/126 162/110/127
f 163/111/128 164/112/129 165/113/130
f 166/81/131 167/114/132 168/82/133
f 169/115/134 170/116/135 171/117/136
f 172/118/137 173/119/138 174/120/139
f 175/120/139 176/119/140 177/121/141
f 178/119/140 179/122/142 180/121/141
f 181/122/142 182/123/143 183/121/141
f 184/121/141 185/123/143 186/124/144
f 187/123/143 188/96/112 189/124/145
f 190/30/35 191/37/42 192/31/36
f 193/35/40 194/34/39 195/38/43
f 196/75/146 197/76/147 198/125/148
f 199/126/149 200/127/150 201/128/151
f 202/129/152 203/130/153 204/131/154
f 205/132/155 206/127/156 207/126/157
f 208/133/158 209/134/159 210/135/160
f 211/136/161 212/137/162 213/138/163
f 214/139/164 215/140/165 216/137/162
f 217/141/166 218/142/167 219/143/168
f 220/144/169 221/145/170 222/138/171
f 223/146/172 224/144/169 225/147/173
f 226/148/174 227/146/175 228/147/173
f 229/149/176 230/150/177 231/151/178
f 232/142/167 233/149/176 234/151/179
f 235/152/180 236/148/174 237/153/181
f 238/154/182 239/155/183 240/150/177
f 241/156/184 242/154/182 243/150/177
f 244/157/185 245/158/186 246/159/187
f 247/160/188 248/159/187 249/161/189
f 250/162/190 251/160/188 252/161/189
f 253/163/191 254/161/189 255/155/183
f 256/164/192 257/163/191 258/155/183
f 259/165/193 260/166/194 261/167/195
f 262/168/196 263/165/193 264/167/195
f 265/169/197 266/168/198 267/167/199
f 268/166/194 269/170/200 270/167/195
f 271/171/201 272/169/197 273/167/195
f 274/170/200 275/172/202 276/167/195
f 277/173/203 278/171/201 279/167/195
f 280/172/202 281/174/204 282/167/195
f 283/175/205 284/173/203 285/167/206
f 286/176/207 287/175/208 288/167/195
f 289/174/204 290/177/209 291/167/195
f 292/178/210 293/176/207 294/167/195
f 295/177/209 296/179/211 297/167/195
f 298/180/212 299/178/210 300/167/195
f 301/181/213 302/180/212 303/167/195
f 304/179/211 305/181/213 306/167/195
f 307/152/214 308/153/181 309/182/215
f 310/147/173 311/153/181 312/148/174
f 313/138/171 314/147/173 315/144/169
f 316/160/188 317/157/216 318/159/217
f 319/163/218 320/162/219 321/161/189
f 322/154/182 323/164/192 324/155/183
f 325/149/176 326/156/184 327/150/177
f 328/183/220 329/184/221 330/185/222
f 331/186/223 332/158/186 333/157/216
f 334/187/224 335/188/225 336/189/226
f 337/190/227 338/191/228 339/192/229
f 340/191/228 341/193/230 342/192/231
f 343/193/232 344/194/233 345/192/234
f 346/194/233 347/195/235 348/192/231
f 349/195/235 350/196/236 351/192/231
f 352/197/237 353/198/238 354/199/239
f 355/197/240 356/200/241 357/198/242
f 358/200/241 359/201/243 360/198/238
f 361/201/243 362/202/244 363/203/245
f 364/202/244 365/204/246 366/203/247
f 367/204/248 368/205/249 369/203/245
f 370/205/249 371/206/250 372/207/251
f 373/206/250 374/208/252 375/207/251
f 376/208/253 377/209/254 378/210/255
f 379/209/256 380/211/257 381/210/255
f 382/211/258 383/212/259 384/213/260
f 385/212/259 386/214/261 387/213/260
f 388/214/262 389/215/263 390/213/264
f 391/215/263 392/216/265 393/213/260
f 394/217/266 395/218/267 396/216/265
f 397/218/268 398/219/269 399/220/270
f 400/219/269 401/221/271 402/220/270
f 403/221/271 404/222/272 405/223/273
f 406/222/272 407/224/274 408/223/273
f 409/224/274 410/225/275 411/226/276
f 412/225/275 413/227/277 414/226/276
f 415/227/277 416/228/278 417/229/279
f 418/230/280 419/231/281 420/232/282
f 421/231/281 422/233/283 423/232/284
f 424/233/285 425/234/286 426/232/287
f 427/234/286 428/235/288 429/232/282
f 430/235/288 431/236/289 432/232/282
f 433/236/290 434/237/291 435/232/284
f 436/238/292 437/239/293 438/237/294
f 439/239/295 440/240/296 441/241/297
f 442/240/296 443/242/298 444/241/297
f 445/242/299 446/190/300 447/241/301
f 448/227/277 449/229/279 450/226/276
f 451/224/274 452/226/276 453/223/273
f 454/221/271 455/223/273 456/220/270
f 457/215/263 458/217/302 459/216/265
f 460/218/267 461/220/303 462/216/265
f 463/211/258 464/213/260 465/210/255
f 466/208/304 467/210/255 468/207/251
f 469/205/249 470/207/251 471/203/245
f 472/201/305 473/203/245 474/198/238
f 475/199/239 476/196/306 477/197/240
f 478/196/306 479/199/239 480/192/231
f 481/190/300 482/192/231 483/241/297
f 484/241/297 485/237/307 486/239/295
f 487/236/308 488/238/292 489/237/307
f 490/243/309 491/244/309 492/245/309
f 493/244/309 494/246/309 495/245/309
f 496/246/309 497/247/309 498/245/309
f 499/247/309 500/248/309 501/245/309
f 502/248/310 503/249/310 504/245/310
f 505/249/309 506/250/309 507/245/309
f 508/250/309 509/251/309 510/245/309
f 511/251/309 512/252/309 513/245/309
f 514/252/309 515/253/309 516/245/309
f 517/253/309 518/254/309 519/245/309
f 520/254/309 521/255/309 522/245/309
f 523/255/309 524/256/309 525/245/309
f 526/256/309 527/257/309 528/245/309
f 529/257/309 530/258/309 531/245/309
f 532/258/309 533/259/309 534/245/309
f 535/259/309 536/260/309 537/245/309
f 538/260/309 539/261/309 540/245/309
f 541/261/309 542/262/309 543/245/309
f 544/262/309 545/263/309 546/245/309
f 547/263/309 548/243/309 549/245/309
f 550/264/311 551/265/312 552/266/313
f 553/267/314 554/268/315 555/269/316
f 556/270/317 557/271/318 558/272/319
f 559/273/320 560/274/321 561/275/322
f 562/276/323 563/277/324 564/278/325
f 565/279/326 566/280/327 567/281/328
f 568/282/329 569/283/330 570/270/317
f 571/284/331 572/285/332 573/286/333
f 574/287/334 575/288/335 576/289/336
f 577/290/337 578/291/338 579/292/339
f 580/291/338 581/293/340 582/292/341
f 583/294/342 584/295/343 585/296/344
f 586/297/345 587/295/346 588/294/347
f 589/298/348 590/299/349 591/265/350
f 592/298/348 593/300/351 594/299/352
f 595/301/353 596/302/354 597/303/355
f 598/304/356 599/305/357 600/306/358
f 601/307/359 602/308/360 603/309/360
f 604/303/355 605/310/361 606/301/362
f 607/303/355 608/311/363 609/310/364
f 610/312/365 611/313/366 612/314/367
f 613/315/368 614/313/366 615/312/365
f 616/316/369 617/317/370 618/318/371
f 619/319/372 620/317/370 621/316/373
f 622/306/358 623/320/374 624/304/375
f 625/306/376 626/321/377 627/320/374
f 628/322/378 629/323/379 630/272/319
f 631/323/379 632/324/380 633/272/319
f 634/316/369 635/325/381 636/319/372
f 637/312/365 638/326/382 639/315/368
f 640/268/315 641/327/383 642/269/316
f 643/328/384 644/290/385 645/292/386
f 646/329/387 647/276/388 648/280/327
f 649/330/389 650/132/390 651/126/391
f 652/331/392 653/332/393 654/333/394
f 655/142/167 656/151/178 657/143/395
f 658/138/396 659/145/170 660/136/161
f 661/136/161 662/334/397 663/137/162
f 664/137/398 665/334/399 666/139/164
f 667/139/164 668/335/400 669/140/165
f 670/336/401 671/337/401 672/338/401
f 673/339/401 674/340/401 675/337/401
f 676/341/401 677/337/401 678/340/401
f 679/342/401 680/343/401 681/337/401
f 682/344/401 683/337/401 684/343/401
f 685/345/401 686/346/401 687/337/401
f 688/347/401 689/348/401 690/337/401
f 691/348/401 692/349/401 693/337/401
f 694/344/401 695/350/401 696/337/401
f 697/337/401 698/351/401 699/342/401
f 700/341/401 701/351/401 702/337/401
f 703/337/401 704/352/401 705/339/401
f 706/353/401 707/352/401 708/337/401
f 709/349/401 710/338/401 711/337/401
f 712/337/401 713/346/401 714/347/401
f 715/337/401 716/350/401 717/345/401
f 718/354/402 719/355/402 720/356/402
f 721/355/403 722/357/403 723/356/403
f 724/357/402 725/358/402 726/356/402
f 727/358/402 728/359/402 729/356/402
f 730/359/402 731/360/402 732/356/402
f 733/360/402 734/361/402 735/356/402
f 736/361/402 737/362/402 738/356/402
f 739/362/402 740/363/402 741/356/402
f 742/363/402 743/364/402 744/356/402
f 745/364/402 746/365/402 747/356/402
f 748/365/402 749/366/402 750/356/402
f 751/366/402 752/367/402 753/356/402
f 754/367/402 755/368/402 756/356/402
f 757/368/402 758/369/402 759/356/402
f 760/369/402 761/370/402 762/356/402
f 763/370/402 764/371/402 765/356/402
f 766/371/402 767/372/402 768/356/402
f 769/372/403 770/373/403 771/356/403
f 772/373/402 773/374/402 774/356/402
f 775/374/402 776/354/402 777/356/402
f 778/189/226 779/375/404 780/187/224
f 781/376/405 782/377/405 783/378/405
f 784/377/406 785/379/406 786/378/406
f 787/379/407 788/380/407 789/378/407
f 790/380/408 791/381/408 792/378/408
f 793/381/409 794/382/409 795/378/409
f 796/382/410 797/383/410 798/378/410
f 799/383/410 800/384/410 801/378/410
f 802/384/407 803/385/407 804/378/407
f 805/385/410 806/386/410 807/378/410
f 808/386/410 809/387/410 810/378/410
f 811/387/406 812/388/406 813/378/406
f 814/388/409 815/389/409 816/378/409
f 817/389/411 818/390/411 819/378/411
f 820/390/405 821/391/405 822/378/405
f 823/391/412 824/392/412 825/378/412
f 826/392/413 827/393/413 828/378/413
f 829/393/414 830/394/414 831/378/414
f 832/394/407 833/395/407 834/378/407
f 835/395/409 836/396/409 837/378/409
f 838/396/415 839/376/415 840/378/415
f 841/397/416 842/398/416 843/399/416
f 844/400/416 845/401/416 846/398/416
f 847/402/417 848/398/417 849/401/417
f 850/403/417 851/404/417 852/398/417
f 853/405/417 854/398/417 855/404/417
f 856/406/418 857/407/418 858/398/418
f 859/408/416 860/409/416 861/398/416
f 862/409/416 863/410/416 864/398/416
f 865/405/417 866/411/417 867/398/417
f 868/398/416 869/412/416 870/403/416
f 871/402/417 872/412/417 873/398/417
f 874/398/416 875/413/416 876/400/416
f 877/414/419 878/413/419 879/398/419
f 880/410/416 881/399/416 882/398/416
f 883/398/416 884/407/416 885/408/416
f 886/398/416 887/411/416 888/406/416
f 889/415/420 890/416/420 891/417/420
f 892/416/420 893/418/420 894/417/420
f 895/418/420 896/419/420 897/417/420
f 898/419/420 899/420/420 900/417/420
f 901/420/420 902/421/420 903/417/420
f 904/421/420 905/422/421 906/417/420
f 907/423/420 908/424/420 909/417/421
f 910/424/420 911/425/420 912/417/420
f 913/425/420 914/426/420 915/417/420
f 916/426/420 917/415/420 918/417/420
f 919/271/318 920/427/422 921/279/326
f 922/279/326 923/427/422 924/329/387
f 925/279/326 926/329/387 927/280/423
f 928/281/424 929/296/425 930/279/326
f 931/428/426 932/429/427 933/430/428
f 934/431/429 935/432/430 936/433/431
f 937/434/432 938/432/430 939/435/433
f 940/436/434 941/437/435 942/438/436
f 943/439/437 944/440/438 945/441/439
f 946/442/440 947/443/441 948/444/442
f 949/445/443 950/446/444 951/447/445
f 952/448/446 953/449/447 954/450/448
f 955/449/447 956/451/449 957/450/22
f 958/452/450 959/450/451 960/453/452
f 961/453/452 962/450/22 963/451/453
f 964/454/30 965/448/454 966/450/31
f 967/455/33 968/456/35 969/457/455
f 970/458/456 971/456/35 972/459/457
f 973/460/458 974/461/40 975/462/459
f 976/457/455 977/456/35 978/463/460
f 979/463/460 980/456/35 981/464/461
f 982/465/462 983/461/40 984/466/463
f 985/466/463 986/461/40 987/467/464
f 988/461/40 989/468/47 990/469/465
f 991/461/40 992/470/466 993/467/464
f 994/470/466 995/461/40 996/469/465
f 997/471/467 998/472/468 999/473/469
f 1000/474/470 1001/475/471 1002/476/472
f 1003/477/473 1004/478/474 1005/479/475
f 1006/480/476 1007/481/477 1008/479/475
f 1009/482/478 1010/434/479 1011/435/433
f 1012/432/430 1013/438/436 1014/433/431
f 1015/436/434 1016/438/436 1017/483/480
f 1018/439/437 1019/484/481 1020/440/438
f 1021/485/482 1022/486/483 1023/487/484
f 1024/438/436 1025/486/485 1026/433/431
f 1027/459/457 1028/456/35 1029/488/486
f 1030/482/478 1031/489/487 1032/434/488
f 1033/490/489 1034/491/490 1035/492/491
f 1036/493/492 1037/494/493 1038/495/494
f 1039/496/495 1040/497/496 1041/498/497
f 1042/499/498 1043/500/499 1044/501/500
f 1045/432/430 1046/434/488 1047/438/436
f 1048/502/501 1049/503/502 1050/503/503
f 1051/504/504 1052/505/505 1053/506/506
f 1054/507/507 1055/508/508 1056/509/509
f 1057/505/510 1058/510/511 1059/506/512
f 1060/511/513 1061/512/514 1062/510/515
f 1063/513/516 1064/514/517 1065/515/518
f 1066/513/516 1067/515/518 1068/516/519
f 1069/512/520 1070/511/521 1071/517/522
f 1072/518/523 1073/519/524 1074/520/525
f 1075/521/526 1076/522/527 1077/523/528
f 1078/524/529 1079/525/530 1080/526/531
f 1081/525/532 1082/527/533 1083/528/534
f 1084/529/535 1085/530/536 1086/531/537
f 1087/532/538 1088/533/539 1089/534/540
f 1090/535/541 1091/536/542 1092/537/543
f 1093/538/544 1094/539/545 1095/540/546
f 1096/509/509 1097/508/547 1098/541/548
f 1099/542/549 1100/543/550 1101/544/551
f 1102/545/552 1103/546/553 1104/547/554
f 1105/546/555 1106/548/556 1107/547/557
f 1108/547/558 1109/548/556 1110/549/559
f 1111/549/559 1112/548/556 1113/550/558
f 1114/548/556 1115/551/560 1116/550/558
f 1117/550/558 1118/551/561 1119/522/562
f 1120/456/35 1121/458/456 1122/464/563
f 1123/461/40 1124/465/462 1125/462/459
f 1126/502/564 1127/552/565 1128/503/566
f 1129/553/567 1130/554/568 1131/555/569
f 1132/556/570 1133/557/571 1134/558/572
f 1135/559/573 1136/553/574 1137/555/575
f 1138/560/576 1139/561/577 1140/562/578
f 1141/563/579 1142/564/580 1143/565/581
f 1144/566/582 1145/565/581 1146/567/583
f 1147/568/584 1148/569/585 1149/570/586
f 1150/571/587 1151/564/580 1152/572/588
f 1153/573/589 1154/574/590 1155/571/587
f 1156/575/591 1157/574/590 1158/573/589
f 1159/576/592 1160/577/593 1161/578/594
f 1162/570/586 1163/577/595 1164/576/592
f 1165/579/596 1166/580/597 1167/575/591
f 1168/581/598 1169/578/599 1170/582/600
f 1171/583/601 1172/578/602 1173/581/598
f 1174/584/603 1175/585/604 1176/586/605
f 1177/587/606 1178/588/607 1179/585/608
f 1180/589/609 1181/588/610 1182/587/606
f 1183/590/611 1184/582/600 1185/588/612
f 1186/591/613 1187/582/600 1188/590/611
f 1189/592/614 1190/593/615 1191/594/616
f 1192/595/617 1193/593/615 1194/592/618
f 1195/596/619 1196/593/615 1197/595/617
f 1198/594/616 1199/593/615 1200/597/620
f 1201/598/621 1202/593/615 1203/596/619
f 1204/597/620 1205/593/622 1206/599/623
f 1207/600/624 1208/593/615 1209/598/621
f 1210/599/625 1211/593/615 1212/601/626
f 1213/602/627 1214/593/615 1215/600/624
f 1216/603/628 1217/593/615 1218/602/629
f 1219/601/626 1220/593/615 1221/604/630
f 1222/605/631 1223/593/615 1224/603/628
f 1225/604/630 1226/593/615 1227/606/632
f 1228/607/633 1229/593/615 1230/605/631
f 1231/608/634 1232/593/615 1233/607/633
f 1234/606/632 1235/593/615 1236/608/635
f 1237/579/636 1238/609/637 1239/580/597
f 1240/574/590 1241/575/591 1242/580/638
f 1243/564/580 1244/571/639 1245/574/590
f 1246/587/606 1247/585/604 1248/584/640
f 1249/590/611 1250/588/612 1251/589/641
f 1252/581/598 1253/582/600 1254/591/613
f 1255/576/592 1256/578/594 1257/583/642
f 1258/610/643 1259/611/644 1260/612/645
f 1261/613/646 1262/584/647 1263/586/648
f 1264/614/649 1265/615/650 1266/616/651
f 1267/617/652 1268/618/316 1269/619/653
f 1270/619/654 1271/618/655 1272/620/656
f 1273/620/656 1274/618/316 1275/621/657
f 1276/621/657 1277/618/316 1278/622/658
f 1279/622/658 1280/618/316 1281/623/659
f 1282/624/660 1283/625/661 1284/626/662
f 1285/624/660 1286/626/663 1287/627/664
f 1288/627/664 1289/626/662 1290/628/665
f 1291/628/665 1292/629/666 1293/630/667
f 1294/630/668 1295/629/669 1296/631/670
f 1297/631/671 1298/629/672 1299/632/673
f 1300/632/674 1301/633/675 1302/634/676
f 1303/634/677 1304/633/675 1305/635/678
f 1306/635/678 1307/636/679 1308/637/680
f 1309/637/681 1310/636/682 1311/638/683
f 1312/638/684 1313/639/685 1314/640/686
f 1315/640/686 1316/639/687 1317/641/688
f 1318/641/689 1319/639/690 1320/642/691
f 1321/642/691 1322/639/687 1323/643/692
f 1324/644/693 1325/643/692 1326/645/694
f 1327/645/694 1328/646/695 1329/647/696
f 1330/647/697 1331/646/695 1332/648/698
f 1333/648/698 1334/649/699 1335/650/700
f 1336/650/700 1337/649/699 1338/651/701
f 1339/651/701 1340/652/702 1341/653/703
f 1342/653/704 1343/652/702 1344/654/705
f 1345/654/705 1346/655/706 1347/656/707
f 1348/657/708 1349/658/709 1350/659/710
f 1351/659/710 1352/658/711 1353/660/712
f 1354/660/713 1355/658/709 1356/661/714
f 1357/661/714 1358/658/709 1359/662/715
f 1360/662/715 1361/658/709 1362/663/716
f 1363/663/717 1364/658/709 1365/664/718
f 1366/665/719 1367/664/718 1368/666/720
f 1369/666/720 1370/667/721 1371/668/722
f 1372/668/723 1373/667/724 1374/669/725
f 1375/669/725 1376/667/726 1377/617/727
f 1378/654/705 1379/652/702 1380/655/706
f 1381/651/701 1382/649/699 1383/652/728
f 1384/648/698 1385/646/729 1386/649/699
f 1387/642/691 1388/643/692 1389/644/730
f 1390/645/694 1391/643/692 1392/646/695
f 1393/638/731 1394/636/679 1395/639/690
f 1396/635/732 1397/633/733 1398/636/679
f 1399/632/674 1400/629/672 1401/633/734
f 1402/628/665 1403/626/662 1404/629/735
f 1405/625/736 1406/624/660 1407/623/737
f 1408/623/659 1409/618/316 1410/625/738
f 1411/617/727 1412/667/739 1413/618/316
f 1414/667/726 1415/666/720 1416/664/718
f 1417/663/740 1418/664/718 1419/665/741
f 1420/670/309 1421/671/309 1422/672/309
f 1423/672/309 1424/671/309 1425/673/309
f 1426/673/309 1427/671/309 1428/674/309
f 1429/674/309 1430/671/309 1431/675/309
f 1432/675/310 1433/671/310 1434/676/310
f 1435/676/309 1436/671/309 1437/677/309
f 1438/677/309 1439/671/309 1440/678/309
f 1441/678/309 1442/671/309 1443/679/309
f 1444/679/309 1445/671/309 1446/680/309
f 1447/680/309 1448/671/309 1449/681/309
f 1450/681/309 1451/671/309 1452/682/309
f 1453/682/309 1454/671/309 1455/683/309
f 1456/683/309 1457/671/309 1458/684/309
f 1459/684/309 1460/671/309 1461/685/309
f 1462/685/309 1463/671/309 1464/686/309
f 1465/686/309 1466/671/309 1467/687/309
f 1468/687/309 1469/671/309 1470/688/309
f 1471/688/309 1472/671/309 1473/689/309
f 1474/689/309 1475/671/309 1476/690/309
f 1477/690/310 1478/671/310 1479/670/310
f 1480/691/742 1481/692/743 1482/693/744
f 1483/694/745 1484/695/231 1485/696/746
f 1486/697/747 1487/698/748 1488/699/749
f 1489/700/750 1490/701/751 1491/702/752
f 1492/703/753 1493/704/754 1494/705/755
f 1495/706/756 1496/707/757 1497/708/758
f 1498/709/759 1499/697/747 1500/710/760
f 1501/711/761 1502/712/762 1503/713/763
f 1504/714/764 1505/715/765 1506/716/766
f 1507/717/767 1508/718/768 1509/719/769
f 1510/719/769 1511/718/770 1512/720/771
f 1513/721/772 1514/722/773 1515/723/774
f 1516/724/775 1517/721/772 1518/723/776
f 1519/725/777 1520/693/778 1521/726/779
f 1522/725/777 1523/726/780 1524/727/781
f 1525/728/782 1526/729/783 1527/730/784
f 1528/731/785 1529/732/786 1530/733/787
f 1531/734/788 1532/735/788 1533/736/788
f 1534/729/789 1535/728/790 1536/737/791
f 1537/729/783 1538/737/791 1539/738/792
f 1540/739/793 1541/740/794 1542/741/795
f 1543/742/796 1544/739/797 1545/741/798
f 1546/743/799 1547/744/800 1548/745/801
f 1549/746/802 1550/743/799 1551/745/801
f 1552/732/803 1553/731/804 1554/747/805
f 1555/732/806 1556/747/805 1557/748/807
f 1558/749/808 1559/698/748 1560/750/809
f 1561/750/809 1562/698/748 1563/751/810
f 1564/743/811 1565/746/802 1566/752/812
f 1567/739/797 1568/742/813 1569/753/814
f 1570/696/746 1571/695/231 1572/754/815
f 1573/755/816 1574/718/817 1575/717/818
f 1576/756/819 1577/708/820 1578/703/821
f 1579/757/822 1580/553/823 1581/559/824
f 1582/758/825 1583/759/826 1584/760/827
f 1585/570/586 1586/569/585 1587/577/593
f 1588/564/828 1589/563/579 1590/572/588
f 1591/563/579 1592/565/581 1593/761/829
f 1594/565/830 1595/566/582 1596/761/831
f 1597/566/582 1598/567/832 1599/762/833
f 1600/763/834 1601/764/834 1602/765/834
f 1603/766/834 1604/765/834 1605/767/834
f 1606/768/834 1607/767/834 1608/765/834
f 1609/769/834 1610/765/834 1611/770/834
f 1612/771/834 1613/770/834 1614/765/834
f 1615/772/834 1616/765/834 1617/773/834
f 1618/774/834 1619/765/834 1620/775/834
f 1621/775/834 1622/765/834 1623/776/834
f 1624/771/834 1625/765/834 1626/777/834
f 1627/765/834 1628/769/834 1629/778/834
f 1630/768/834 1631/765/834 1632/778/834
f 1633/765/834 1634/766/834 1635/779/834
f 1636/780/834 1637/765/834 1638/779/834
f 1639/776/834 1640/765/834 1641/764/834
f 1642/765/834 1643/774/834 1644/773/834
f 1645/765/834 1646/772/834 1647/777/834
f 1648/781/835 1649/782/835 1650/783/835
f 1651/783/835 1652/782/835 1653/784/835
f 1654/784/835 1655/782/835 1656/785/835
f 1657/785/835 1658/782/835 1659/786/835
f 1660/786/835 1661/782/835 1662/787/835
f 1663/787/835 1664/782/835 1665/788/835
f 1666/788/835 1667/782/835 1668/789/835
f 1669/789/835 1670/782/835 1671/790/835
f 1672/790/835 1673/782/835 1674/791/835
f 1675/791/835 1676/782/835 1677/792/835
f 1678/792/835 1679/782/835 1680/793/835
f 1681/793/835 1682/782/835 1683/794/835
f 1684/794/835 1685/782/835 1686/795/835
f 1687/795/835 1688/782/835 1689/796/835
f 1690/796/835 1691/782/835 1692/797/835
f 1693/797/835 1694/782/835 1695/798/835
f 1696/798/835 1697/782/835 1698/799/835
f 1699/799/835 1700/782/835 1701/800/835
f 1702/800/835 1703/782/835 1704/801/835
f 1705/801/835 1706/782/835 1707/781/835
f 1708/615/650 1709/614/649 1710/802/836
f 1711/803/409 1712/804/409 1713/805/409
f 1714/805/406 1715/804/406 1716/806/406
f 1717/806/837 1718/804/414 1719/807/837
f 1720/807/407 1721/804/407 1722/808/407
f 1723/808/409 1724/804/409 1725/809/409
f 1726/809/413 1727/804/413 1728/810/413
f 1729/810/410 1730/804/410 1731/811/410
f 1732/811/410 1733/804/410 1734/812/410
f 1735/812/409 1736/804/409 1737/813/409
f 1738/813/410 1739/804/410 1740/814/410
f 1741/814/414 1742/804/414 1743/815/414
f 1744/815/405 1745/804/405 1746/816/405
f 1747/816/838 1748/804/838 1749/817/838
f 1750/817/415 1751/804/415 1752/818/415
f 1753/818/839 1754/804/839 1755/819/839
f 1756/819/840 1757/804/840 1758/820/840
f 1759/820/413 1760/804/413 1761/821/413
f 1762/821/840 1763/804/840 1764/822/840
f 1765/822/409 1766/804/409 1767/823/409
f 1768/823/410 1769/804/410 1770/803/410
f 1771/824/841 1772/825/841 1773/826/841
f 1774/827/841 1775/826/841 1776/828/841
f 1777/829/842 1778/828/842 1779/826/842
f 1780/830/842 1781/826/842 1782/831/842
f 1783/832/842 1784/831/842 1785/826/842
f 1786/833/843 1787/826/843 1788/834/843
f 1789/835/841 1790/826/841 1791/836/841
f 1792/836/841 1793/826/841 1794/837/841
f 1795/832/842 1796/826/842 1797/838/842
f 1798/826/841 1799/830/841 1800/839/841
f 1801/829/842 1802/826/842 1803/839/842
f 1804/826/841 1805/827/841 1806/840/841
f 1807/841/844 1808/826/844 1809/840/844
f 1810/837/841 1811/826/841 1812/825/841
f 1813/826/841 1814/835/841 1815/834/841
f 1816/826/841 1817/833/841 1818/838/841
f 1819/842/420 1820/843/420 1821/844/420
f 1822/844/420 1823/843/420 1824/845/420
f 1825/845/420 1826/843/420 1827/846/420
f 1828/846/420 1829/843/420 1830/847/420
f 1831/847/420 1832/843/420 1833/848/420
f 1834/848/420 1835/843/420 1836/849/420
f 1837/850/420 1838/843/420 1839/851/420
f 1840/851/420 1841/843/420 1842/852/420
f 1843/852/420 1844/843/420 1845/853/420
f 1846/853/420 1847/843/420 1848/842/420
f 1849/699/749 1850/706/756 1851/854/845
f 1852/706/756 1853/756/819 1854/854/846
f 1855/706/756 1856/708/758 1857/756/819
f 1858/707/847 1859/706/756 1860/722/848
f 1861/855/849 1862/856/850 1863/857/851
f 1863/857/851 1862/856/850 1864/858/852
f 1865/859/853 1866/860/854 1867/855/849
f 1867/855/849 1866/860/854 1868/856/855
f 1869/861/856 1870/862/857 1871/863/858
f 1871/863/858 1870/862/857 1872/864/859
f 1873/863/858 1874/864/860 1875/859/853
f 1875/859/853 1874/864/860 1876/860/854
f 1877/865/861 1878/866/862 1879/867/863
f 1879/867/863 1878/866/862 1880/3/3
f 1881/868/864 1882/869/865 1883/870/866
f 1883/870/866 1882/869/865 1884/871/867
f 1885/869/865 1886/865/861 1887/871/867
f 1887/871/867 1886/865/861 1888/867/863
f 1889/872/868 1890/873/869 1891/874/870
f 1891/874/870 1890/873/869 1892/875/871
f 1893/876/872 1894/877/851 1895/878/873
f 1895/878/873 1894/877/851 1896/879/874
f 1897/873/875 1898/876/872 1899/875/871
f 1899/875/871 1898/876/872 1900/878/873
f 1901/880/876 1902/881/877 1903/882/878
f 1903/882/878 1902/881/877 1904/883/407
f 1905/884/879 1906/880/876 1907/885/880
f 1907/885/880 1906/880/876 1908/882/878
f 1909/45/881 1910/884/879 1911/46/52
f 1911/46/52 1910/884/879 1912/885/882
f 1913/46/52 1914/885/882 1915/886/883
f 1915/886/883 1914/885/882 1916/887/884
f 1917/886/885 1918/887/884 1919/888/886
f 1919/888/886 1918/887/884 1920/53/59
f 1921/882/878 1922/883/407 1923/52/887
f 1923/52/887 1922/883/407 1924/889/888
f 1925/52/887 1926/889/889 1927/50/56
f 1927/50/56 1926/889/889 1928/890/890
f 1929/885/891 1930/882/878 1931/887/884
f 1931/887/884 1930/882/878 1932/52/887
f 1933/887/884 1934/52/887 1935/53/59
f 1935/53/59 1934/52/887 1936/51/57
f 1937/7/71 1938/10/10 1939/62/72
f 1939/62/72 1938/10/10 1940/56/63
f 1941/891/892 1942/892/893 1943/893/894
f 1943/893/894 1942/892/893 1944/60/895
f 1945/892/893 1946/894/896 1947/60/897
f 1947/60/897 1946/894/896 1948/58/65
f 1949/893/894 1950/60/898 1951/895/899
f 1951/895/899 1950/60/898 1952/5/5
f 1953/60/67 1954/59/66 1955/10/10
f 1955/10/10 1954/59/66 1956/11/900
f 1957/892/893 1958/891/892 1959/896/901
f 1959/896/901 1958/891/892 1960/897/902
f 1961/896/901 1962/897/902 1963/12/12
f 1963/12/12 1962/897/902 1964/898/903
f 1965/894/904 1966/892/893 1967/899/905
f 1967/899/905 1966/892/893 1968/896/906
f 1969/900/907 1970/901/908 1971/902/909
f 1971/902/909 1970/901/908 1972/903/910
f 1973/901/908 1974/904/911 1975/903/910
f 1975/903/910 1974/904/911 1976/905/912
f 1977/902/909 1978/903/910 1979/898/903
f 1979/898/903 1978/903/910 1980/12/12
f 1981/903/910 1982/905/912 1983/12/12
f 1983/12/12 1982/905/912 1984/13/13
f 1985/906/913 1986/907/914 1987/15/15
f 1987/15/15 1986/907/914 1988/908/915
f 1989/15/15 1990/908/916 1991/16/917
f 1991/16/917 1990/908/916 1992/909/918
f 1993/904/911 1994/906/919 1995/905/912
f 1995/905/912 1994/906/919 1996/15/15
f 1997/907/914 1998/906/920 1999/910/921
f 1999/910/921 1998/906/920 2000/911/922
f 2001/906/920 2002/904/911 2003/911/923
f 2003/911/923 2002/904/911 2004/912/924
f 2005/910/921 2006/911/923 2007/913/925
f 2007/913/925 2006/911/923 2008/914/926
f 2009/911/923 2010/912/924 2011/914/927
f 2011/914/927 2010/912/924 2012/915/928
f 2013/901/908 2014/900/929 2015/916/930
f 2015/916/930 2014/900/929 2016/917/931
f 2017/916/932 2018/917/931 2019/918/933
f 2019/918/933 2018/917/931 2020/919/934
f 2021/904/911 2022/901/908 2023/912/924
f 2023/912/924 2022/901/908 2024/916/932
f 2025/912/924 2026/916/932 2027/915/928
f 2027/915/928 2026/916/932 2028/918/933
f 2029/920/935 2030/921/936 2031/922/937
f 2031/922/937 2030/921/936 2032/923/938
f 2033/921/936 2034/924/939 2035/923/938
f 2035/923/938 2034/924/939 2036/925/940
f 2037/922/937 2038/923/938 2039/919/934
f 2039/919/934 2038/923/938 2040/918/933
f 2041/923/938 2042/925/940 2043/918/933
f 2043/918/933 2042/925/940 2044/915/928
f 2045/926/941 2046/927/942 2047/914/926
f 2047/914/926 2046/927/942 2048/913/925
f 2049/924/943 2050/18/18 2051/925/940
f 2051/925/940 2050/18/18 2052/926/941
f 2053/925/940 2054/926/941 2055/915/944
f 2055/915/944 2054/926/941 2056/914/927
f 2057/2/2 2058/928/945 2059/3/3
f 2059/3/3 2058/928/945 2060/929/946
f 2061/3/3 2062/929/946 2063/867/863
f 2063/867/863 2062/929/946 2064/930/947
f 2065/931/948 2066/21/21 2067/932/949
f 2067/932/949 2066/21/21 2068/23/23
f 2069/932/950 2070/23/23 2071/933/951
f 2071/933/951 2070/23/23 2072/24/25
f 2073/934/952 2074/935/953 2075/25/26
f 2075/25/26 2074/935/953 2076/26/27
f 2077/934/954 2078/936/955 2079/935/953
f 2079/935/953 2078/936/955 2080/937/956
f 2081/935/953 2082/933/951 2083/26/27
f 2083/26/27 2082/933/951 2084/24/25
f 2085/935/953 2086/937/957 2087/933/958
f 2087/933/958 2086/937/957 2088/930/959
f 2089/870/960 2090/871/867 2091/936/955
f 2091/936/955 2090/871/867 2092/937/956
f 2093/871/961 2094/867/863 2095/937/956
f 2095/937/956 2094/867/863 2096/930/947
f 2097/938/962 2098/939/963 2099/18/964
f 2099/18/964 2098/939/963 2100/19/965
f 2101/940/966 2102/938/962 2103/924/967
f 2103/924/967 2102/938/962 2104/18/964
f 2105/941/968 2106/942/969 2107/920/968
f 2107/920/968 2106/942/969 2108/921/970
f 2109/942/969 2110/940/966 2111/921/970
f 2111/921/970 2110/940/966 2112/924/967
f 2113/943/971 2114/944/972 2115/2/971
f 2115/2/971 2114/944/972 2116/928/973
f 2117/27/30 2118/21/32 2119/945/974
f 2119/945/974 2118/21/32 2120/931/975
f 2121/928/945 2122/931/976 2123/929/946
f 2123/929/946 2122/931/976 2124/932/950
f 2125/929/946 2126/932/950 2127/930/947
f 2127/930/947 2126/932/950 2128/933/977
f 2129/945/974 2130/931/975 2131/944/972
f 2131/944/972 2130/931/975 2132/928/973
f 2133/61/70 2134/946/978 2135/30/35
f 2135/30/35 2134/946/978 2136/947/35
f 2137/948/979 2138/949/980 2139/950/981
f 2139/950/981 2138/949/980 2140/951/968
f 2141/947/35 2142/946/978 2143/950/981
f 2143/950/981 2142/946/978 2144/948/982
f 2145/951/968 2146/949/980 2147/952/983
f 2147/952/983 2146/949/980 2148/953/984
f 2149/952/983 2150/953/984 2151/954/985
f 2151/954/985 2150/953/984 2152/955/986
f 2153/954/985 2154/955/986 2155/35/40
f 2155/35/40 2154/955/986 2156/33/38
f 2157/956/987 2158/872/868 2159/957/988
f 2159/957/988 2158/872/868 2160/874/870
f 2161/958/989 2162/959/990 2163/47/53
f 2163/47/53 2162/959/990 2164/48/991
f 2165/62/992 2166/958/989 2167/55/61
f 2167/55/61 2166/958/989 2168/47/53
f 2169/959/990 2170/888/886 2171/48/54
f 2171/48/54 2170/888/886 2172/53/59
f 2173/960/993 2174/961/994 2175/962/995
f 2175/962/995 2174/961/994 2176/963/996
f 2177/960/997 2178/962/995 2179/964/998
f 2179/964/998 2178/962/995 2180/965/999
f 2181/966/1000 2182/967/1001 2183/968/1000
f 2183/968/1000 2182/967/1001 2184/969/1001
f 2185/966/1000 2186/968/1000 2187/970/1002
f 2187/970/1002 2186/968/1000 2188/971/1002
f 2189/967/1001 2190/972/1003 2191/969/1001
f 2191/969/1001 2190/972/1003 2192/973/1003
f 2193/972/1004 2194/964/1005 2195/973/1003
f 2195/973/1003 2194/964/1005 2196/965/999
f 2197/974/1006 2198/975/1007 2199/976/1008
f 2199/976/1008 2198/975/1007 2200/977/1007
f 2201/978/1009 2202/974/1006 2203/979/1009
f 2203/979/1009 2202/974/1006 2204/976/1008
f 2205/980/1010 2206/970/1002 2207/981/1011
f 2207/981/1011 2206/970/1002 2208/971/1002
f 2209/980/1011 2210/981/1011 2211/975/1007
f 2211/975/1007 2210/981/1011 2212/977/1007
f 2213/982/318 2214/983/1012 2215/984/318
f 2215/984/318 2214/983/1012 2216/985/1012
f 2217/986/1013 2218/982/1014 2219/987/1013
f 2219/987/1013 2218/982/1014 2220/984/318
f 2221/986/1013 2222/987/1013 2223/988/1015
f 2223/988/1015 2222/987/1013 2224/989/1016
f 2225/988/1017 2226/989/1018 2227/990/1019
f 2227/990/1019 2226/989/1018 2228/991/1019
f 2229/69/79 2230/990/1020 2231/70/80
f 2231/70/80 2230/990/1020 2232/991/1020
f 2233/992/1021 2234/993/1021 2235/994/1022
f 2235/994/1022 2234/993/1021 2236/995/1023
f 2237/996/1024 2238/997/1025 2239/998/1026
f 2239/998/1026 2238/997/1025 2240/999/1025
f 2241/983/1012 2242/996/1024 2243/985/1012
f 2243/985/1012 2242/996/1024 2244/998/1024
f 2245/997/1025 2246/994/1027 2247/999/1028
f 2247/999/1028 2246/994/1027 2248/995/1022
f 2249/1000/1029 2250/67/1030 2251/1001/1031
f 2251/1001/1031 2250/67/1030 2252/66/1032
f 2253/1000/1033 2254/1001/1031 2255/1002/1034
f 2255/1002/1034 2254/1001/1031 2256/1003/1035
f 2257/992/1036 2258/1002/1034 2259/993/1021
f 2259/993/1021 2258/1002/1034 2260/1003/1035
f 2261/1004/1037 2262/1005/1038 2263/74/84
f 2263/74/84 2262/1005/1038 2264/72/82
f 2265/68/78 2266/65/75 2267/66/1032
f 2267/66/1032 2266/65/75 2268/64/1039
f 2269/1006/1040 2270/73/1041 2271/1007/1040
f 2271/1007/1040 2270/73/1041 2272/72/82
f 2273/1008/1042 2274/1009/1043 2275/1010/1044
f 2275/1010/1044 2274/1009/1043 2276/1011/1045
f 2277/1008/1042 2278/1012/1046 2279/1009/1043
f 2279/1009/1043 2278/1012/1046 2280/1013/1047
f 2281/1014/1048 2282/1006/1040 2283/1012/1046
f 2282/1006/1040 2284/1007/1040 2283/1012/1046
f 2283/1012/1046 2284/1007/1040 2285/1013/1049
f 2284/1007/1040 2286/1015/1048 2285/1013/1049
f 2287/1010/1044 2288/1011/1045 2289/63/1050
f 2289/63/1050 2288/1011/1045 2290/64/74
f 2291/54/60 2292/49/1051 2293/53/59
f 2293/53/59 2292/49/1051 2294/48/991
f 2295/4/4 2296/1016/1052 2297/5/62
f 2297/5/62 2296/1016/1052 2298/895/1053
f 2299/17/17 2300/13/13 2301/15/15
f 2301/15/15 2300/13/13 2302/905/912
f 2303/57/64 2304/899/905 2305/12/1054
f 2305/12/1054 2304/899/905 2306/896/1055
f 2307/1017/1056 2308/1018/1057 2309/1019/1058
f 2309/1019/1058 2308/1018/1057 2310/1020/1057
f 2311/1018/1057 2312/1021/1059 2313/1020/1057
f 2313/1020/1057 2312/1021/1059 2314/1022/1059
f 2315/1021/1059 2316/1023/1060 2317/1022/1059
f 2317/1022/1059 2316/1023/1060 2318/1024/1060
f 2319/1023/1061 2320/1025/1062 2321/1024/1060
f 2321/1024/1060 2320/1025/1062 2322/1026/1062
f 2323/1025/1062 2324/1027/1063 2325/1026/1062
f 2325/1026/1062 2324/1027/1063 2326/1028/1063
f 2327/1027/1064 2328/1029/1065 2329/1028/1064
f 2329/1028/1064 2328/1029/1065 2330/1030/1065
f 2331/1029/1066 2332/1031/1067 2333/1030/1065
f 2333/1030/1065 2332/1031/1067 2334/1032/1067
f 2335/1031/1068 2336/1033/1069 2337/1032/1070
f 2337/1032/1070 2336/1033/1069 2338/1034/1069
f 2339/1033/1069 2340/1035/1071 2341/1034/1069
f 2341/1034/1069 2340/1035/1071 2342/1036/1071
f 2343/1035/1071 2344/1037/1045 2345/1036/1071
f 2345/1036/1071 2344/1037/1045 2346/1038/1045
f 2347/1037/1045 2348/1039/1072 2349/1038/1045
f 2349/1038/1045 2348/1039/1072 2350/1040/1072
f 2351/1039/1072 2352/1041/1073 2353/1040/1072
f 2353/1040/1072 2352/1041/1073 2354/1042/1073
f 2355/1041/1074 2356/1043/1075 2357/1042/1074
f 2357/1042/1074 2356/1043/1075 2358/1044/1075
f 2359/1043/1075 2360/1045/1076 2361/1044/1075
f 2361/1044/1075 2360/1045/1076 2362/1046/1076
f 2363/1045/1076 2364/1047/1077 2365/1046/1076
f 2365/1046/1076 2364/1047/1077 2366/1048/1077
f 2367/1047/1077 2368/1049/1078 2369/1048/1077
f 2369/1048/1077 2368/1049/1078 2370/1050/1078
f 2371/1051/1079 2372/1052/1080 2373/1053/1078
f 2373/1053/1078 2372/1052/1080 2374/1054/1080
f 2375/1052/1081 2376/1055/1082 2377/1054/1081
f 2377/1054/1081 2376/1055/1082 2378/1056/1082
f 2379/1055/1082 2380/1057/1083 2381/1056/1082
f 2381/1056/1082 2380/1057/1083 2382/1058/1083
f 2383/1057/1083 2384/1017/1058 2385/1058/1083
f 2385/1058/1083 2384/1017/1058 2386/1019/1084
f 2387/1019/403 2388/1020/403 2389/1059/402
f 2389/1059/402 2388/1020/403 2390/1060/402
f 2391/1020/402 2392/1022/402 2393/1060/403
f 2393/1060/403 2392/1022/402 2394/1061/402
f 2395/1022/402 2396/1024/402 2397/1061/402
f 2397/1061/402 2396/1024/402 2398/1062/403
f 2399/1024/403 2400/1026/402 2401/1062/402
f 2401/1062/402 2400/1026/402 2402/1063/402
f 2403/1026/402 2404/1028/402 2405/1063/402
f 2405/1063/402 2404/1028/402 2406/1064/402
f 2407/1028/403 2408/1030/402 2409/1064/403
f 2409/1064/403 2408/1030/402 2410/1065/402
f 2411/1030/402 2412/1032/402 2413/1065/402
f 2413/1065/402 2412/1032/402 2414/1066/402
f 2415/1032/402 2416/1034/402 2417/1066/402
f 2417/1066/402 2416/1034/402 2418/1067/402
f 2419/1034/402 2420/1036/402 2421/1067/403
f 2421/1067/403 2420/1036/402 2422/1068/403
f 2423/1036/402 2424/1038/402 2425/1068/403
f 2425/1068/403 2424/1038/402 2426/1069/402
f 2427/1038/402 2428/1040/402 2429/1069/402
f 2429/1069/402 2428/1040/402 2430/1070/402
f 2431/1040/402 2432/1042/402 2433/1070/403
f 2433/1070/403 2432/1042/402 2434/1071/402
f 2435/1042/403 2436/1044/402 2437/1071/403
f 2437/1071/403 2436/1044/402 2438/1072/402
f 2439/1044/402 2440/1046/402 2441/1072/402
f 2441/1072/402 2440/1046/402 2442/1073/402
f 2443/1046/402 2444/1048/402 2445/1073/402
f 2445/1073/402 2444/1048/402 2446/1074/402
f 2447/1048/402 2448/1050/402 2449/1074/402
f 2449/1074/402 2448/1050/402 2450/1075/403
f 2451/1053/402 2452/1054/402 2453/1076/403
f 2453/1076/403 2452/1054/402 2454/1077/402
f 2455/1054/403 2456/1056/402 2457/1077/402
f 2457/1077/402 2456/1056/402 2458/1078/402
f 2459/1056/402 2460/1058/403 2461/1078/402
f 2461/1078/402 2460/1058/403 2462/1079/402
f 2463/1058/402 2464/1019/402 2465/1079/402
f 2465/1079/402 2464/1019/402 2466/1059/403
f 2467/1059/1085 2468/1060/1086 2469/1080/1085
f 2469/1080/1085 2468/1060/1086 2470/1081/1086
f 2471/1060/1086 2472/1061/1087 2473/1081/1086
f 2473/1081/1086 2472/1061/1087 2474/1082/1087
f 2475/1061/1087 2476/1062/1088 2477/1082/1087
f 2477/1082/1087 2476/1062/1088 2478/1083/1088
f 2479/1062/1089 2480/1063/1090 2481/1083/1089
f 2481/1083/1089 2480/1063/1090 2482/1084/1090
f 2483/1063/1090 2484/1064/1091 2485/1084/1090
f 2485/1084/1090 2484/1064/1091 2486/1085/1091
f 2487/1064/1091 2488/1065/1092 2489/1085/1091
f 2489/1085/1091 2488/1065/1092 2490/1086/1093
f 2491/1065/1092 2492/1066/1094 2493/1086/1093
f 2493/1086/1093 2492/1066/1094 2494/1087/1094
f 2495/1066/1094 2496/1067/1095 2497/1087/1094
f 2497/1087/1094 2496/1067/1095 2498/1088/1096
f 2499/1067/1096 2500/1068/1097 2501/1088/1096
f 2501/1088/1096 2500/1068/1097 2502/1089/1098
f 2503/1068/1097 2504/1069/1099 2505/1089/1097
f 2505/1089/1097 2504/1069/1099 2506/1090/1099
f 2507/1069/1099 2508/1070/1100 2509/1090/1101
f 2509/1090/1101 2508/1070/1100 2510/1091/1100
f 2511/1070/1100 2512/1071/1102 2513/1091/1100
f 2513/1091/1100 2512/1071/1102 2514/1092/1103
f 2515/1071/1102 2516/1072/1104 2517/1092/1105
f 2517/1092/1105 2516/1072/1104 2518/1093/1104
f 2519/1072/1104 2520/1073/1106 2521/1093/1104
f 2521/1093/1104 2520/1073/1106 2522/1094/1107
f 2523/1073/1107 2524/1074/1108 2525/1094/1106
f 2525/1094/1106 2524/1074/1108 2526/1095/1108
f 2527/1074/1108 2528/1075/1109 2529/1095/1108
f 2529/1095/1108 2528/1075/1109 2530/1096/1109
f 2531/1076/1109 2532/1077/1110 2533/1097/1109
f 2533/1097/1109 2532/1077/1110 2534/1098/1111
f 2535/1077/1111 2536/1078/1112 2537/1098/1111
f 2537/1098/1111 2536/1078/1112 2538/1099/1113
f 2539/1078/1112 2540/1079/1114 2541/1099/1115
f 2541/1099/1115 2540/1079/1114 2542/1100/1116
f 2543/1079/1116 2544/1059/1117 2545/1100/1116
f 2545/1100/1116 2544/1059/1117 2546/1080/1117
f 2547/908/1118 2548/907/1119 2549/1101/1120
f 2549/1101/1120 2548/907/1119 2550/1102/1121
f 2551/907/1119 2552/910/1122 2553/1102/1119
f 2553/1102/1119 2552/910/1122 2554/1103/1122
f 2555/910/1122 2556/913/1123 2557/1103/1122
f 2557/1103/1122 2556/913/1123 2558/1104/1123
f 2559/913/1123 2560/927/1124 2561/1104/1123
f 2561/1104/1123 2560/927/1124 2562/1105/1125
f 2563/20/1126 2564/1106/1126 2565/927/1124
f 2565/927/1124 2564/1106/1126 2566/1105/1127
f 2567/19/1128 2568/939/1129 2569/1107/1130
f 2569/1107/1130 2568/939/1129 2570/1108/1131
f 2571/909/1132 2572/908/1118 2573/1109/1133
f 2573/1109/1133 2572/908/1118 2574/1101/1134
f 2575/1/1135 2576/1110/1136 2577/2/1137
f 2577/2/1137 2576/1110/1136 2578/1111/1138
f 2579/957/1139 2580/1112/1139 2581/956/1140
f 2581/956/1140 2580/1112/1139 2582/1113/1141
f 2583/46/1142 2584/1114/1143 2585/44/1144
f 2585/44/1144 2584/1114/1143 2586/1115/1145
f 2587/46/1143 2588/886/1146 2589/1114/1143
f 2589/1114/1143 2588/886/1146 2590/1116/1146
f 2591/886/1146 2592/888/1147 2593/1116/1146
f 2593/1116/1146 2592/888/1147 2594/1117/1148
f 2595/888/1147 2596/959/1149 2597/1117/1150
f 2597/1117/1150 2596/959/1149 2598/1118/1151
f 2599/959/1152 2600/958/1153 2601/1118/1151
f 2601/1118/1151 2600/958/1153 2602/1119/1154
f 2603/958/1153 2604/62/1155 2605/1119/1154
f 2605/1119/1154 2604/62/1155 2606/1120/1156
f 2607/62/1155 2608/56/1157 2609/1120/1156
f 2609/1120/1156 2608/56/1157 2610/1121/1158
f 2611/943/1159 2612/2/1137 2613/1122/109
f 2613/1122/109 2612/2/1137 2614/1111/1160
f 2615/1123/1161 2616/866/862 2617/862/857
f 2617/862/857 2616/866/862 2618/864/859
f 2619/866/862 2620/865/1162 2621/864/860
f 2621/864/860 2620/865/1162 2622/860/854
f 2623/869/865 2624/868/864 2625/856/850
f 2625/856/850 2624/868/864 2626/858/852
f 2627/865/1162 2628/869/1163 2629/860/854
f 2629/860/854 2628/869/1163 2630/856/855
f 2631/1124/1164 2632/1123/1164 2633/1125/1165
f 2633/1125/1165 2632/1123/1164 2634/862/1166
f 2635/880/876 2636/1126/1167 2637/881/1168
f 2637/881/1168 2636/1126/1167 2638/1127/1169
f 2639/884/1170 2640/1128/1171 2641/880/1172
f 2641/880/1172 2640/1128/1171 2642/1126/1167
f 2643/45/1173 2644/1129/1174 2645/884/1170
f 2645/884/1170 2644/1129/1174 2646/1128/1171
f 2647/44/50 2648/1130/1175 2649/45/1173
f 2649/45/1173 2648/1130/1175 2650/1129/1174
f 2651/1130/1176 2652/44/1177 2653/1131/1178
f 2653/1131/1178 2652/44/1177 2654/1115/1145
f 2655/875/871 2656/1128/1171 2657/874/870
f 2657/874/870 2656/1128/1171 2658/1129/1174
f 2659/879/1179 2660/1127/1169 2661/878/873
f 2661/878/873 2660/1127/1169 2662/1126/1180
f 2663/878/873 2664/1126/1181 2665/875/1182
f 2665/875/1182 2664/1126/1181 2666/1128/1171
f 2667/874/870 2668/1129/1174 2669/957/988
f 2669/957/988 2668/1129/1174 2670/1130/1175
f 2671/957/1139 2672/1130/1176 2673/1112/1139
f 2673/1112/1139 2672/1130/1176 2674/1131/1178
f 2675/857/1183 2676/877/851 2677/855/849
f 2677/855/849 2676/877/851 2678/876/872
f 2679/855/849 2680/876/1184 2681/859/853
f 2681/859/853 2680/876/1184 2682/873/875
f 2683/863/858 2684/872/868 2685/861/856
f 2685/861/856 2684/872/868 2686/956/987
f 2687/859/853 2688/873/875 2689/863/1185
f 2689/863/1185 2688/873/875 2690/872/868
f 2691/861/1186 2692/956/1140 2693/1132/1187
f 2693/1132/1187 2692/956/1140 2694/1113/1141
f 2695/862/1188 2696/861/1186 2697/1125/1165
f 2697/1125/1165 2696/861/1186 2698/1132/1187
f 2699/1/1135 2700/1123/1164 2701/1110/1136
f 2701/1110/1136 2700/1123/1164 2702/1124/1164
f 2703/20/1189 2704/19/1190 2705/1106/1126
f 2705/1106/1126 2704/19/1190 2706/1107/1191
f 2707/20/20 2708/927/942 2709/18/18
f 2709/18/18 2708/927/942 2710/926/941
f 2711/1133/1192 2712/1134/1192 2713/1135/1192
f 2713/1135/1192 2712/1134/1192 2714/1136/1192
f 2715/1137/1193 2716/1138/1193 2717/1139/1194
f 2717/1139/1194 2716/1138/1193 2718/1140/1194
f 2719/1141/1195 2720/1142/1195 2721/1143/1195
f 2721/1143/1195 2720/1142/1195 2722/1144/1195
f 2723/1145/1196 2724/1146/1196 2725/1147/1196
f 2725/1147/1196 2724/1146/1196 2726/1148/1197
f 2727/1149/1198 2728/1150/1199 2729/1151/1198
f 2729/1151/1198 2728/1150/1199 2730/1152/1200
f 2731/1153/1201 2732/1154/1201 2733/1155/1201
f 2733/1155/1201 2732/1154/1201 2734/1156/1201
f 2735/1157/1202 2736/1158/1203 2737/1159/1202
f 2737/1159/1202 2736/1158/1203 2738/1160/1203
f 2739/1161/1204 2740/1162/1204 2741/1163/1205
f 2741/1163/1205 2740/1162/1204 2742/1164/1206
f 2743/1165/1207 2744/1166/1207 2745/1167/1207
f 2745/1167/1207 2744/1166/1207 2746/1168/1207
f 2747/1169/1208 2748/1170/1209 2749/1171/1208
f 2749/1171/1208 2748/1170/1209 2750/1172/1209
f 2751/1140/1210 2752/1172/1210 2753/1173/1210
f 2753/1173/1210 2752/1172/1210 2754/1174/1210
f 2755/1136/1211 2756/1138/1211 2757/1175/1211
f 2757/1175/1211 2756/1138/1211 2758/1176/1211
f 2759/1177/89 2760/1178/1212 2761/94/1213
f 2761/94/1213 2760/1178/1212 2762/1179/1212
f 2763/1178/1214 2764/1134/1214 2765/1179/1214
f 2765/1179/1214 2764/1134/1214 2766/1180/1214
f 2767/1166/1215 2768/1143/1215 2769/1181/1215
f 2769/1181/1215 2768/1143/1215 2770/1182/1215
f 2771/1151/1216 2772/1148/1217 2773/1183/1216
f 2773/1183/1216 2772/1148/1217 2774/1184/1216
f 2775/1147/1218 2776/1185/1218 2777/1186/1218
f 2777/1186/1218 2776/1185/1218 2778/1187/1218
f 2779/1185/1219 2780/1188/87 2781/1187/1220
f 2781/1187/1220 2780/1188/87 2782/1189/86
f 2783/91/1221 2784/1165/1221 2785/92/1222
f 2785/92/1222 2784/1165/1221 2786/1190/1223
f 2787/1154/1224 2788/1152/1224 2789/1191/1224
f 2789/1191/1224 2788/1152/1224 2790/1192/1225
f 2791/1162/1226 2792/1153/1226 2793/1193/1226
f 2793/1193/1226 2792/1153/1226 2794/1194/1226
f 2795/1157/1227 2796/1161/1227 2797/1195/1227
f 2797/1195/1227 2796/1161/1227 2798/1196/1227
f 2799/1141/1228 2800/1159/1229 2801/1197/1228
f 2801/1197/1228 2800/1159/1229 2802/1198/1230
f 2803/112/129 2804/1155/1231 2805/113/1232
f 2805/113/1232 2804/1155/1231 2806/1156/1231
f 2807/1139/1233 2808/1140/1234 2809/117/1234
f 2809/117/1234 2808/1140/1234 2810/1173/1234
f 2811/1173/1235 2812/1174/1236 2813/117/1237
f 2813/117/1237 2812/1174/1236 2814/114/1235
f 2815/1174/1238 2816/1172/1238 2817/114/1238
f 2817/114/1238 2816/1172/1238 2818/1170/1238
f 2819/1169/1239 2820/1171/1239 2821/82/1240
f 2821/82/1240 2820/1171/1239 2822/1199/1241
f 2823/92/1242 2824/1190/1243 2825/1200/1244
f 2825/1200/1244 2824/1190/1243 2826/100/1244
f 2827/1190/1245 2828/1165/1245 2829/100/1245
f 2829/100/1245 2828/1165/1245 2830/1167/1245
f 2831/1168/1246 2832/1166/1247 2833/101/1246
f 2833/101/1246 2832/1166/1247 2834/1181/1247
f 2835/1181/1248 2836/1182/1249 2837/101/1250
f 2837/101/1250 2836/1182/1249 2838/103/1251
f 2839/1182/1252 2840/1143/1252 2841/103/1252
f 2841/103/1252 2840/1143/1252 2842/1144/1252
f 2843/1142/1253 2844/1141/1254 2845/104/1255
f 2845/104/1255 2844/1141/1254 2846/1197/1255
f 2847/1197/1256 2848/1198/1256 2849/104/1256
f 2849/104/1256 2848/1198/1256 2850/106/1256
f 2851/1198/1257 2852/1159/1258 2853/106/1258
f 2853/106/1258 2852/1159/1258 2854/1160/1258
f 2855/1158/1259 2856/1157/1259 2857/107/1259
f 2857/107/1259 2856/1157/1259 2858/1195/1259
f 2859/1195/1260 2860/1196/1261 2861/107/1261
f 2861/107/1261 2860/1196/1261 2862/109/1261
f 2863/1196/1262 2864/1161/1262 2865/109/1262
f 2865/109/1262 2864/1161/1262 2866/1163/1262
f 2867/1164/1263 2868/1162/1263 2869/110/1263
f 2869/110/1263 2868/1162/1263 2870/1193/1264
f 2871/1193/1265 2872/1194/1265 2873/110/1265
f 2873/110/1265 2872/1194/1265 2874/112/1265
f 2875/1194/1266 2876/1153/1267 2877/112/1268
f 2877/112/1268 2876/1153/1267 2878/1155/1267
f 2879/1156/1269 2880/1154/1269 2881/113/1269
f 2881/113/1269 2880/1154/1269 2882/1191/1269
f 2883/1191/1270 2884/1192/1271 2885/113/1270
f 2885/113/1270 2884/1192/1271 2886/1201/1271
f 2887/1192/1272 2888/1152/1272 2889/1201/1272
f 2889/1201/1272 2888/1152/1272 2890/1150/1272
f 2891/1149/1273 2892/1151/1274 2893/1202/1275
f 2893/1202/1275 2892/1151/1274 2894/1183/1275
f 2895/1183/1276 2896/1184/1276 2897/1202/1276
f 2897/1202/1276 2896/1184/1276 2898/1203/1276
f 2899/1184/1277 2900/1148/1277 2901/1203/1277
f 2901/1203/1277 2900/1148/1277 2902/1146/1277
f 2903/1145/1278 2904/1147/1278 2905/1204/1278
f 2905/1204/1278 2904/1147/1278 2906/1186/1279
f 2907/1186/1280 2908/1187/1280 2909/1204/1281
f 2909/1204/1281 2908/1187/1280 2910/1189/1281
f 2911/94/1282 2912/1179/1282 2913/95/1282
f 2913/95/1282 2912/1179/1282 2914/1180/1282
f 2915/1180/1283 2916/1134/1284 2917/95/1283
f 2917/95/1283 2916/1134/1284 2918/1133/1284
f 2919/1135/1285 2920/1136/1286 2921/1205/1286
f 2921/1205/1286 2920/1136/1286 2922/1175/1286
f 2923/1175/1287 2924/1176/1288 2925/1205/1287
f 2925/1205/1287 2924/1176/1288 2926/116/1287
f 2927/1176/1289 2928/1138/1289 2929/116/1290
f 2929/116/1290 2928/1138/1289 2930/1137/1289
f 2931/109/1291 2932/1163/1292 2933/110/1293
f 2933/110/1293 2932/1163/1292 2934/1164/1292
f 2935/106/123 2936/1160/1294 2937/107/124
f 2937/107/124 2936/1160/1294 2938/1158/1294
f 2939/103/1295 2940/1144/1296 2941/104/121
f 2941/104/121 2940/1144/1296 2942/1142/1296
f 2943/100/1297 2944/1167/1298 2945/101/1299
f 2945/101/1299 2944/1167/1298 2946/1168/1300
f 2947/95/111 2948/1133/1301 2949/1205/1302
f 2949/1205/1302 2948/1133/1301 2950/1135/1301
f 2951/1201/1303 2952/1150/1304 2953/1202/1305
f 2953/1202/1305 2952/1150/1304 2954/1149/1304
f 2955/1203/1306 2956/1146/1307 2957/1204/1308
f 2957/1204/1308 2956/1146/1307 2958/1145/1307
f 2959/116/135 2960/1137/1309 2961/117/136
f 2961/117/136 2960/1137/1309 2962/1139/1309
f 2963/114/132 2964/1170/1310 2965/82/1311
f 2965/82/1311 2964/1170/1310 2966/1169/1310
f 2967/75/1312 2968/125/148 2969/89/1313
f 2969/89/1313 2968/125/148 2970/87/1314
f 2971/1206/1315 2972/1207/1315 2973/90/1316
f 2973/90/1316 2972/1207/1315 2974/1208/1317
f 2975/87/1314 2976/125/1318 2977/88/1319
f 2977/88/1319 2976/125/1318 2978/1209/1320
f 2979/88/1321 2980/1209/1320 2981/1206/1322
f 2981/1206/1322 2980/1209/1320 2982/1207/1315
f 2983/90/1316 2984/1208/1317 2985/84/1323
f 2985/84/1323 2984/1208/1317 2986/1210/1324
f 2987/1211/1325 2988/86/101 2989/1206/1326
f 2989/1206/1326 2988/86/101 2990/88/103
f 2991/85/105 2992/1211/1325 2993/90/106
f 2993/90/106 2992/1211/1325 2994/1206/1326
f 2995/92/1327 2996/1200/1328 2997/93/109
f 2997/93/109 2996/1200/1328 2998/1212/1329
f 2999/98/1330 3000/97/1331 3001/1213/1332
f 3001/1213/1332 3000/97/1331 3002/1214/1333
f 3003/1215/1334 3004/1216/1335 3005/1199/1336
f 3005/1199/1336 3004/1216/1335 3006/82/1337
f 3007/1216/1338 3008/1217/1339 3009/82/1337
f 3009/82/1337 3008/1217/1339 3010/80/1340
f 3011/1218/1341 3012/1219/1342 3013/1220/1343
f 3013/1220/1343 3012/1219/1342 3014/1221/1344
f 3015/1217/1339 3016/1218/1341 3017/80/1345
f 3017/80/1345 3016/1218/1341 3018/1220/1343
f 3019/1219/1342 3020/1222/1346 3021/1221/1347
f 3021/1221/1347 3020/1222/1346 3022/1223/1348
f 3023/1222/1346 3024/1224/982 3025/1223/1348
f 3025/1223/1348 3024/1224/982 3026/1225/1349
f 3027/1224/1350 3028/1214/1351 3029/1225/1349
f 3029/1225/1349 3028/1214/1351 3030/97/1331
f 3031/98/114 3032/1200/1352 3033/99/115
f 3033/99/115 3032/1200/1352 3034/100/1297
f 3035/99/115 3036/101/118 3037/102/119
f 3037/102/119 3036/101/118 3038/103/120
f 3039/102/119 3040/104/121 3041/105/122
f 3041/105/122 3040/104/121 3042/106/123
f 3043/105/122 3044/107/124 3045/108/125
f 3045/108/125 3044/107/124 3046/109/1291
f 3047/108/125 3048/110/127 3049/111/1353
f 3049/111/1353 3048/110/127 3050/112/129
f 3051/111/128 3052/113/130 3053/1226/1354
f 3053/1226/1354 3052/113/130 3054/1201/1355
f 3055/1226/1354 3056/1201/1303 3057/1227/1356
f 3057/1227/1356 3056/1201/1303 3058/1202/1305
f 3059/1227/1356 3060/1202/1305 3061/1228/1357
f 3061/1228/1357 3060/1202/1305 3062/1203/1358
f 3063/1228/1357 3064/1203/1358 3065/1229/1359
f 3065/1229/1359 3064/1203/1358 3066/1204/1360
f 3067/1213/1332 3068/1212/1329 3069/98/1330
f 3069/98/1330 3068/1212/1329 3070/1200/1361
f 3071/1229/1359 3072/1204/1360 3073/118/137
f 3073/118/137 3072/1204/1360 3074/1189/1362
f 3075/115/1363 3076/117/136 3077/81/1364
f 3077/81/1364 3076/117/136 3078/114/132
f 3079/96/1365 3080/95/111 3081/1230/1366
f 3081/1230/1366 3080/95/111 3082/1205/1302
f 3083/1230/1366 3084/1205/1302 3085/115/1363
f 3085/115/1363 3084/1205/1302 3086/116/135
f 3087/1231/1367 3088/115/1363 3089/1232/1368
f 3089/1232/1368 3088/115/1363 3090/81/1364
f 3091/1232/1368 3092/81/1369 3093/1233/1370
f 3093/1233/1370 3092/81/1369 3094/80/92
f 3095/1233/1370 3096/80/92 3097/1234/1371
f 3097/1234/1371 3096/80/92 3098/1220/1372
f 3099/1234/1373 3100/1220/1374 3101/1235/1375
f 3101/1235/1375 3100/1220/1374 3102/1221/1375
f 3103/1235/1375 3104/1221/1375 3105/1236/1376
f 3105/1236/1376 3104/1221/1375 3106/1223/1377
f 3107/1236/1376 3108/1223/1377 3109/1237/1378
f 3109/1237/1378 3108/1223/1377 3110/1225/1379
f 3111/1237/1378 3112/1225/1379 3113/1238/1176
f 3113/1238/1176 3112/1225/1379 3114/97/113
f 3115/1239/1380 3116/99/116 3117/1240/1381
f 3117/1240/1381 3116/99/116 3118/102/119
f 3119/1240/1381 3120/102/119 3121/1241/1382
f 3121/1241/1382 3120/102/119 3122/105/122
f 3123/1241/1382 3124/105/122 3125/1242/1383
f 3125/1242/1383 3124/105/122 3126/108/125
f 3127/1242/1383 3128/108/125 3129/1243/1384
f 3129/1243/1384 3128/108/125 3130/111/128
f 3131/1243/1385 3132/111/128 3133/1244/1386
f 3133/1244/1386 3132/111/128 3134/1226/1354
f 3135/1244/1386 3136/1226/1354 3137/1245/1387
f 3137/1245/1387 3136/1226/1354 3138/1227/1356
f 3139/1245/1387 3140/1227/1388 3141/1246/1389
f 3141/1246/1389 3140/1227/1388 3142/1228/1357
f 3143/1246/1389 3144/1228/1357 3145/1247/1390
f 3145/1247/1390 3144/1228/1357 3146/1229/1359
f 3147/1247/1390 3148/1229/1359 3149/120/1391
f 3149/120/1391 3148/1229/1359 3150/118/137
f 3151/124/1392 3152/96/112 3153/1248/1393
f 3153/1248/1393 3152/96/112 3154/1230/1366
f 3155/1248/1393 3156/1230/1366 3157/1231/1367
f 3157/1231/1367 3156/1230/1366 3158/115/1363
f 3159/1238/1176 3160/97/1394 3161/1239/1380
f 3161/1239/1380 3160/97/1394 3162/99/115
f 3163/1249/1395 3164/1215/1396 3165/1171/1397
f 3165/1171/1397 3164/1215/1396 3166/1199/1396
f 3167/3/3 3168/866/862 3169/1/1
f 3169/1/1 3168/866/862 3170/1123/1161
f 3171/83/97 3172/84/1324 3173/79/95
f 3173/79/95 3172/84/1324 3174/1210/1323
f 3175/1250/1398 3176/1251/1399 3177/135/1400
f 3177/135/1400 3176/1251/1399 3178/1252/1401
f 3179/1253/1402 3180/1254/1403 3181/1255/1404
f 3181/1255/1404 3180/1254/1403 3182/1256/1405
f 3183/1255/1404 3184/1256/1405 3185/1251/1399
f 3185/1251/1399 3184/1256/1405 3186/1252/1401
f 3187/1253/1402 3188/1257/1406 3189/1254/1403
f 3189/1254/1403 3188/1257/1406 3190/1258/1407
f 3191/1257/1408 3192/1259/1409 3193/1258/1407
f 3193/1258/1407 3192/1259/1409 3194/1260/1410
f 3195/1256/1411 3196/1261/1412 3197/1252/1413
f 3197/1252/1413 3196/1261/1412 3198/1262/1414
f 3199/1263/1415 3200/1264/1416 3201/1258/1417
f 3201/1258/1417 3200/1264/1416 3202/1254/1418
f 3203/1260/350 3204/131/1419 3205/1265/1420
f 3205/1265/1420 3204/131/1419 3206/331/392
f 3207/146/172 3208/148/174 3209/1266/1421
f 3209/1266/1421 3208/148/174 3210/1267/1422
f 3211/144/169 3212/146/172 3213/1268/1423
f 3213/1268/1423 3212/146/172 3214/1266/1421
f 3215/1264/1416 3216/1261/1412 3217/1254/1418
f 3217/1254/1418 3216/1261/1412 3218/1256/1411
f 3219/134/159 3220/133/158 3221/136/161
f 3221/136/161 3220/133/158 3222/334/1424
f 3223/1264/1416 3224/1263/1415 3225/1269/696
f 3225/1269/696 3224/1263/1415 3226/1270/1425
f 3227/1261/1412 3228/1264/1416 3229/335/400
f 3229/335/400 3228/1264/1416 3230/1269/697
f 3231/1271/1426 3232/134/159 3233/145/170
f 3233/145/170 3232/134/159 3234/136/161
f 3235/1271/1427 3236/145/1428 3237/1268/1423
f 3237/1268/1423 3236/145/1428 3238/144/169
f 3239/1272/1429 3240/1267/1422 3241/152/214
f 3241/152/214 3240/1267/1422 3242/148/174
f 3243/186/223 3244/157/1430 3245/1273/1431
f 3245/1273/1431 3244/157/1430 3246/160/188
f 3247/1269/697 3248/1270/1425 3249/1274/1432
f 3249/1274/1432 3248/1270/1425 3250/1275/1433
f 3251/335/1434 3252/1269/697 3253/140/165
f 3253/140/165 3252/1269/697 3254/1274/1432
f 3255/1276/1435 3256/1277/1436 3257/1278/1437
f 3257/1278/1437 3256/1277/1436 3258/1279/1438
f 3259/1277/1439 3260/141/166 3261/1279/1438
f 3261/1279/1438 3260/141/166 3262/143/168
f 3263/153/181 3264/184/1440 3265/182/215
f 3265/182/215 3264/184/1440 3266/183/1441
f 3267/185/222 3268/184/1440 3269/158/186
f 3269/158/186 3268/184/1440 3270/159/187
f 3271/137/398 3272/171/201 3273/138/1442
f 3273/138/1442 3272/171/201 3274/173/203
f 3275/1275/1433 3276/1278/1437 3277/165/193
f 3277/165/193 3276/1278/1437 3278/166/194
f 3279/1274/1432 3280/1275/1433 3281/168/196
f 3281/168/196 3280/1275/1433 3282/165/193
f 3283/140/1443 3284/1274/1432 3285/169/197
f 3285/169/197 3284/1274/1432 3286/168/198
f 3287/1278/1437 3288/1279/1438 3289/166/194
f 3289/166/194 3288/1279/1438 3290/170/200
f 3291/137/162 3292/140/165 3293/171/201
f 3293/171/201 3292/140/165 3294/169/197
f 3295/1279/1438 3296/143/168 3297/170/200
f 3297/170/200 3296/143/168 3298/172/202
f 3299/143/168 3300/151/178 3301/172/202
f 3301/172/202 3300/151/178 3302/174/204
f 3303/147/173 3304/138/396 3305/175/205
f 3305/175/205 3304/138/396 3306/173/203
f 3307/153/181 3308/147/173 3309/176/207
f 3309/176/207 3308/147/173 3310/175/205
f 3311/151/178 3312/150/177 3313/174/204
f 3313/174/204 3312/150/177 3314/177/209
f 3315/184/1440 3316/153/181 3317/178/210
f 3317/178/210 3316/153/181 3318/176/207
f 3319/150/177 3320/155/183 3321/177/209
f 3321/177/209 3320/155/183 3322/179/211
f 3323/159/217 3324/184/1440 3325/180/1444
f 3325/180/1444 3324/184/1440 3326/178/210
f 3327/161/189 3328/159/217 3329/181/1445
f 3329/181/1445 3328/159/217 3330/180/212
f 3331/155/183 3332/161/189 3333/179/1446
f 3333/179/1446 3332/161/189 3334/181/213
f 3335/1270/1425 3336/1276/1447 3337/1275/1433
f 3337/1275/1433 3336/1276/1447 3338/1278/1437
f 3339/1280/1448 3340/1281/1449 3341/1282/1448
f 3341/1282/1448 3340/1281/1449 3342/1283/1450
f 3343/1284/1451 3344/1285/1452 3345/1286/1453
f 3345/1286/1453 3344/1285/1452 3346/1287/1454
f 3347/1288/1455 3348/142/167 3349/1284/1456
f 3349/1284/1456 3348/142/167 3350/141/1457
f 3351/1289/1458 3352/156/184 3353/1290/1459
f 3353/1290/1459 3352/156/184 3354/149/176
f 3355/1290/1459 3356/149/176 3357/1288/1455
f 3357/1288/1455 3356/149/176 3358/142/1460
f 3359/1291/1461 3360/164/1462 3361/1292/1463
f 3361/1292/1463 3360/164/1462 3362/154/182
f 3363/1292/1463 3364/154/182 3365/1289/1464
f 3365/1289/1464 3364/154/182 3366/156/184
f 3367/1273/1431 3368/160/188 3369/1293/1465
f 3369/1293/1465 3368/160/188 3370/162/190
f 3371/1293/1466 3372/162/190 3373/1294/1467
f 3373/1294/1467 3372/162/190 3374/163/191
f 3375/1294/1467 3376/163/191 3377/1291/1461
f 3377/1291/1461 3376/163/191 3378/164/192
f 3379/1250/1468 3380/135/1469 3381/1295/1468
f 3381/1295/1468 3380/135/1469 3382/1296/1470
f 3383/135/1469 3384/134/1471 3385/1296/1470
f 3385/1296/1470 3384/134/1471 3386/1297/1472
f 3387/134/1473 3388/1271/1474 3389/1297/1475
f 3389/1297/1475 3388/1271/1474 3390/1298/1476
f 3391/1271/1474 3392/1268/1477 3393/1298/1476
f 3393/1298/1476 3392/1268/1477 3394/1299/1478
f 3395/1268/1477 3396/1266/1479 3397/1299/1480
f 3397/1299/1480 3396/1266/1479 3398/1300/1481
f 3399/1266/1479 3400/1267/1482 3401/1300/1483
f 3401/1300/1483 3400/1267/1482 3402/1301/1484
f 3403/1267/1482 3404/1272/1485 3405/1301/1484
f 3405/1301/1484 3404/1272/1485 3406/1302/1485
f 3407/186/1486 3408/1273/1487 3409/1303/1486
f 3409/1303/1486 3408/1273/1487 3410/1304/1488
f 3411/1273/1487 3412/1293/1489 3413/1304/1490
f 3413/1304/1490 3412/1293/1489 3414/1305/1491
f 3415/1293/1489 3416/1294/1492 3417/1305/1491
f 3417/1305/1491 3416/1294/1492 3418/1306/1493
f 3419/1294/1492 3420/1291/1494 3421/1306/1495
f 3421/1306/1495 3420/1291/1494 3422/1307/1496
f 3423/1291/1497 3424/1292/1498 3425/1307/1496
f 3425/1307/1496 3424/1292/1498 3426/1308/1499
f 3427/1292/1498 3428/1289/1500 3429/1308/1499
f 3429/1308/1499 3428/1289/1500 3430/1309/1501
f 3431/1289/1500 3432/1290/1502 3433/1309/1503
f 3433/1309/1503 3432/1290/1502 3434/1310/1504
f 3435/1290/1502 3436/1288/1505 3437/1310/1504
f 3437/1310/1504 3436/1288/1505 3438/1311/1506
f 3439/1288/1505 3440/1284/1507 3441/1311/1506
f 3441/1311/1506 3440/1284/1507 3442/1312/1508
f 3443/1284/1507 3444/1286/1509 3445/1312/1508
f 3445/1312/1508 3444/1286/1509 3446/1313/1510
f 3447/1286/1509 3448/188/1511 3449/1313/1510
f 3449/1313/1510 3448/188/1511 3450/1314/1512
f 3451/1284/1451 3452/141/166 3453/1285/1452
f 3453/1285/1452 3452/141/166 3454/1277/1513
f 3455/188/1511 3456/187/1514 3457/1314/1512
f 3457/1314/1512 3456/187/1514 3458/1315/1514
f 3459/188/1515 3460/1286/1453 3461/189/1516
f 3461/189/1516 3460/1286/1453 3462/1287/1517
f 3463/1316/1518 3464/1280/1519 3465/1317/1518
f 3465/1317/1518 3464/1280/1519 3466/1282/1518
f 3467/228/1520 3468/230/280 3469/229/279
f 3469/229/279 3468/230/280 3470/232/282
f 3471/1318/1521 3472/1319/1522 3473/1320/1523
f 3473/1320/1523 3472/1319/1522 3474/1321/1524
f 3475/1322/1525 3476/1323/1526 3477/1324/1525
f 3477/1324/1525 3476/1323/1526 3478/1325/1526
f 3479/1323/1527 3480/1326/1528 3481/1325/1526
f 3481/1325/1526 3480/1326/1528 3482/1327/1529
f 3483/1326/1528 3484/1328/1530 3485/1327/1529
f 3485/1327/1529 3484/1328/1530 3486/1329/1530
f 3487/1328/1530 3488/1330/1531 3489/1329/1530
f 3489/1329/1530 3488/1330/1531 3490/1331/1531
f 3491/1330/1531 3492/1332/1532 3493/1331/1531
f 3493/1331/1531 3492/1332/1532 3494/1333/1532
f 3495/1332/1532 3496/1334/1533 3497/1333/1532
f 3497/1333/1532 3496/1334/1533 3498/1335/1533
f 3499/1336/1534 3500/1337/1535 3501/1338/1534
f 3501/1338/1534 3500/1337/1535 3502/1339/1535
f 3503/1337/1535 3504/1340/1536 3505/1339/1535
f 3505/1339/1535 3504/1340/1536 3506/1341/1536
f 3507/1340/1537 3508/1342/1538 3509/1341/1536
f 3509/1341/1536 3508/1342/1538 3510/1343/1538
f 3511/1342/1539 3512/1322/1525 3513/1343/1540
f 3513/1343/1540 3512/1322/1525 3514/1324/1525
f 3515/1324/1541 3516/1325/309 3517/1344/309
f 3517/1344/309 3516/1325/309 3518/1345/309
f 3519/1325/309 3520/1327/310 3521/1345/310
f 3521/1345/310 3520/1327/310 3522/1346/309
f 3523/1327/309 3524/1329/309 3525/1346/309
f 3525/1346/309 3524/1329/309 3526/1347/309
f 3527/1329/309 3528/1331/309 3529/1347/1542
f 3529/1347/1542 3528/1331/309 3530/1348/309
f 3531/1331/309 3532/1333/309 3533/1348/309
f 3533/1348/309 3532/1333/309 3534/1349/309
f 3535/1333/309 3536/1335/309 3537/1349/309
f 3537/1349/309 3536/1335/309 3538/1350/309
f 3539/1338/1543 3540/1339/309 3541/1351/309
f 3541/1351/309 3540/1339/309 3542/1352/310
f 3543/1339/1544 3544/1341/309 3545/1352/310
f 3545/1352/310 3544/1341/309 3546/1353/310
f 3547/1341/309 3548/1343/309 3549/1353/309
f 3549/1353/309 3548/1343/309 3550/1354/309
f 3551/1343/309 3552/1324/310 3553/1354/310
f 3553/1354/310 3552/1324/310 3554/1344/309
f 3555/1344/1545 3556/1345/1546 3557/1355/1545
f 3557/1355/1545 3556/1345/1546 3558/1356/1546
f 3559/1345/1546 3560/1346/1547 3561/1356/1546
f 3561/1356/1546 3560/1346/1547 3562/1357/1548
f 3563/1346/1549 3564/1347/1550 3565/1357/1549
f 3565/1357/1549 3564/1347/1550 3566/1358/1550
f 3567/1347/1550 3568/1348/1551 3569/1358/1550
f 3569/1358/1550 3568/1348/1551 3570/1359/1551
f 3571/1348/1551 3572/1349/1552 3573/1359/1551
f 3573/1359/1551 3572/1349/1552 3574/1360/1552
f 3575/1349/1552 3576/1350/1553 3577/1360/1552
f 3577/1360/1552 3576/1350/1553 3578/1361/1553
f 3579/1351/1554 3580/1352/1555 3581/1362/1554
f 3581/1362/1554 3580/1352/1555 3582/1363/1556
f 3583/1352/1557 3584/1353/1558 3585/1363/1556
f 3585/1363/1556 3584/1353/1558 3586/1364/1558
f 3587/1353/1558 3588/1354/1559 3589/1364/1558
f 3589/1364/1558 3588/1354/1559 3590/1365/1560
f 3591/1354/1560 3592/1344/1545 3593/1365/1560
f 3593/1365/1560 3592/1344/1545 3594/1355/1545
f 3595/1366/1561 3596/1367/1562 3597/1368/1563
f 3597/1368/1563 3596/1367/1562 3598/1369/1564
f 3599/1368/1563 3600/1369/1564 3601/1370/1565
f 3601/1370/1565 3600/1369/1564 3602/1371/1566
f 3603/1370/1565 3604/1371/1566 3605/1372/1567
f 3605/1372/1567 3604/1371/1566 3606/1373/1568
f 3607/1372/1568 3608/1373/1568 3609/1374/1569
f 3609/1374/1569 3608/1373/1568 3610/1375/1570
f 3611/1374/1571 3612/1375/1571 3613/1376/1572
f 3613/1376/1572 3612/1375/1571 3614/1377/1572
f 3615/1376/1572 3616/1377/1572 3617/1334/1533
f 3617/1334/1533 3616/1377/1572 3618/1335/1573
f 3619/1378/1534 3620/1379/1574 3621/1380/1575
f 3621/1380/1575 3620/1379/1574 3622/1381/1576
f 3623/1380/1576 3624/1381/1575 3625/1382/1577
f 3625/1382/1577 3624/1381/1575 3626/1383/1577
f 3627/1382/1577 3628/1383/1577 3629/1384/1578
f 3629/1384/1578 3628/1383/1577 3630/1385/1578
f 3631/1384/1578 3632/1385/1578 3633/1366/1561
f 3633/1366/1561 3632/1385/1578 3634/1367/1561
f 3635/1367/309 3636/1386/309 3637/1369/309
f 3637/1369/309 3636/1386/309 3638/1387/309
f 3639/1369/309 3640/1387/309 3641/1371/310
f 3641/1371/310 3640/1387/309 3642/1388/309
f 3643/1371/309 3644/1388/309 3645/1373/1542
f 3645/1373/1542 3644/1388/309 3646/1389/310
f 3647/1373/1541 3648/1389/309 3649/1375/309
f 3649/1375/309 3648/1389/309 3650/1390/309
f 3651/1375/309 3652/1390/309 3653/1377/309
f 3653/1377/309 3652/1390/309 3654/1391/309
f 3655/1377/309 3656/1391/309 3657/1335/309
f 3657/1335/309 3656/1391/309 3658/1350/310
f 3659/1379/309 3660/1392/309 3661/1381/1542
f 3661/1381/1542 3660/1392/309 3662/1393/309
f 3663/1381/309 3664/1393/309 3665/1383/309
f 3665/1383/309 3664/1393/309 3666/1394/309
f 3667/1383/309 3668/1394/309 3669/1385/309
f 3669/1385/309 3668/1394/309 3670/1395/309
f 3671/1385/309 3672/1395/309 3673/1367/309
f 3673/1367/309 3672/1395/309 3674/1386/309
f 3675/1386/1579 3676/1396/1579 3677/1387/1580
f 3677/1387/1580 3676/1396/1579 3678/1397/1580
f 3679/1387/1580 3680/1397/1580 3681/1388/1581
f 3681/1388/1581 3680/1397/1580 3682/1398/1582
f 3683/1388/1583 3684/1398/1583 3685/1389/1584
f 3685/1389/1584 3684/1398/1583 3686/1399/1584
f 3687/1389/1584 3688/1399/1584 3689/1390/1585
f 3689/1390/1585 3688/1399/1584 3690/1400/1586
f 3691/1390/1587 3692/1400/1587 3693/1391/1588
f 3693/1391/1588 3692/1400/1587 3694/1401/1589
f 3695/1391/1588 3696/1401/1588 3697/1350/1553
f 3697/1350/1553 3696/1401/1588 3698/1361/1553
f 3699/1392/1554 3700/1402/1554 3701/1393/1590
f 3701/1393/1590 3700/1402/1554 3702/1403/1590
f 3703/1393/1591 3704/1403/1591 3705/1394/1592
f 3705/1394/1592 3704/1403/1591 3706/1404/1593
f 3707/1394/1592 3708/1404/1592 3709/1395/1594
f 3709/1395/1594 3708/1404/1592 3710/1405/1594
f 3711/1395/1594 3712/1405/1594 3713/1386/1579
f 3713/1386/1579 3712/1405/1594 3714/1396/1579
f 3715/1323/401 3716/1322/1595 3717/1406/401
f 3717/1406/401 3716/1322/1595 3718/1407/1596
f 3719/1322/1596 3720/1342/1597 3721/1407/1596
f 3721/1407/1596 3720/1342/1597 3722/1408/1597
f 3723/1342/1598 3724/1340/1599 3725/1408/1598
f 3725/1408/1598 3724/1340/1599 3726/1409/1599
f 3727/1340/1600 3728/1337/1601 3729/1409/1600
f 3729/1409/1600 3728/1337/1601 3730/1410/1601
f 3731/1337/1601 3732/1336/1602 3733/1410/1603
f 3733/1410/1603 3732/1336/1602 3734/1411/1602
f 3735/1378/1602 3736/1380/1604 3737/1412/1605
f 3737/1412/1605 3736/1380/1604 3738/1413/1606
f 3739/1380/1604 3740/1382/1607 3741/1413/1604
f 3741/1413/1604 3740/1382/1607 3742/1414/1608
f 3743/1382/1608 3744/1384/1609 3745/1414/1608
f 3745/1414/1608 3744/1384/1609 3746/1415/1609
f 3747/1384/1609 3748/1366/1610 3749/1415/1609
f 3749/1415/1609 3748/1366/1610 3750/1416/1610
f 3751/1366/1611 3752/1368/834 3753/1416/1610
f 3753/1416/1610 3752/1368/834 3754/1417/834
f 3755/1368/834 3756/1370/1612 3757/1417/834
f 3757/1417/834 3756/1370/1612 3758/1418/1612
f 3759/1370/1613 3760/1372/1614 3761/1418/1615
f 3761/1418/1615 3760/1372/1614 3762/1419/1614
f 3763/1372/1614 3764/1374/1616 3765/1419/1614
f 3765/1419/1614 3764/1374/1616 3766/1420/1616
f 3767/1374/1616 3768/1376/1617 3769/1420/1616
f 3769/1420/1616 3768/1376/1617 3770/1421/1617
f 3771/1376/1617 3772/1334/1618 3773/1421/1617
f 3773/1421/1617 3772/1334/1618 3774/1422/1619
f 3775/1334/1618 3776/1332/1620 3777/1422/1618
f 3777/1422/1618 3776/1332/1620 3778/1423/1621
f 3779/1332/1622 3780/1330/1623 3781/1423/1620
f 3781/1423/1620 3780/1330/1623 3782/1424/1624
f 3783/1330/1624 3784/1328/1625 3785/1424/1624
f 3785/1424/1624 3784/1328/1625 3786/1425/1626
f 3787/1328/1627 3788/1326/1628 3789/1425/1625
f 3789/1425/1625 3788/1326/1628 3790/1426/1629
f 3791/1326/1630 3792/1323/401 3793/1426/1629
f 3793/1426/1629 3792/1323/401 3794/1406/401
f 3795/1427/401 3796/1428/1631 3797/1429/1632
f 3797/1429/1632 3796/1428/1631 3798/1430/1633
f 3799/1428/1634 3800/1431/1635 3801/1430/1636
f 3801/1430/1636 3800/1431/1635 3802/1432/1637
f 3803/1431/1638 3804/1433/1639 3805/1432/1637
f 3805/1432/1637 3804/1433/1639 3806/1434/1640
f 3807/1433/1639 3808/1435/1641 3809/1434/1640
f 3809/1434/1640 3808/1435/1641 3810/1436/1642
f 3811/1435/1643 3812/1437/1644 3813/1436/1642
f 3813/1436/1642 3812/1437/1644 3814/1438/1645
f 3815/1439/1646 3816/1440/1647 3817/1441/1648
f 3817/1441/1648 3816/1440/1647 3818/1442/1649
f 3819/1440/1650 3820/1443/862 3821/1442/1651
f 3821/1442/1651 3820/1443/862 3822/1444/1652
f 3823/1443/862 3824/1445/166 3825/1444/1653
f 3825/1444/1653 3824/1445/166 3826/1446/1654
f 3827/1445/166 3828/1447/1655 3829/1446/1656
f 3829/1446/1656 3828/1447/1655 3830/1448/1657
f 3831/1447/1655 3832/1427/1658 3833/1448/1657
f 3833/1448/1657 3832/1427/1658 3834/1429/1659
f 3835/1449/1660 3836/1450/1661 3837/1451/1662
f 3837/1451/1662 3836/1450/1661 3838/1452/1663
f 3839/1450/1664 3840/1453/1665 3841/1452/1666
f 3841/1452/1666 3840/1453/1665 3842/1454/1667
f 3843/1453/1668 3844/1455/1669 3845/1454/1670
f 3845/1454/1670 3844/1455/1669 3846/1456/1671
f 3847/1455/1672 3848/1457/1673 3849/1456/1671
f 3849/1456/1671 3848/1457/1673 3850/1458/1674
f 3851/1457/1673 3852/1459/1675 3853/1458/1674
f 3853/1458/1674 3852/1459/1675 3854/1460/1676
f 3855/1461/1677 3856/1462/1678 3857/1463/1679
f 3857/1463/1679 3856/1462/1678 3858/1464/1680
f 3859/1462/1681 3860/1465/1682 3861/1464/1683
f 3861/1464/1683 3860/1465/1682 3862/1466/1684
f 3863/1465/1685 3864/1467/1686 3865/1466/1687
f 3865/1466/1687 3864/1467/1686 3866/1468/1688
f 3867/1467/1689 3868/1469/1690 3869/1468/1691
f 3869/1468/1691 3868/1469/1690 3870/1470/1692
f 3871/1469/1690 3872/1449/1693 3873/1470/1694
f 3873/1470/1694 3872/1449/1693 3874/1451/1695
f 3835/1449/1693 3875/1429/1659 3876/1450/1661
f 3876/1450/1661 3875/1429/1659 3798/1430/1636
f 3839/1450/1661 3877/1430/1696 3878/1453/1697
f 3878/1453/1697 3877/1430/1696 3802/1432/1698
f 3879/1453/1665 3880/1432/1637 3881/1455/1699
f 3881/1455/1699 3880/1432/1637 3806/1434/1700
f 3847/1455/1699 3882/1434/1640 3883/1457/1673
f 3883/1457/1673 3882/1434/1640 3810/1436/1642
f 3884/1457/1673 3885/1436/1642 3886/1459/1675
f 3886/1459/1675 3885/1436/1642 3814/1438/1645
f 3887/1461/1701 3888/1441/1648 3889/1462/1678
f 3889/1462/1678 3888/1441/1648 3818/1442/1651
f 3890/1462/1702 3891/1442/1703 3892/1465/1704
f 3892/1465/1704 3891/1442/1703 3822/1444/1653
f 3893/1465/1705 3894/1444/1652 3895/1467/1689
f 3895/1467/1689 3894/1444/1652 3896/1446/1706
f 3897/1467/1707 3898/1446/1708 3899/1469/1690
f 3899/1469/1690 3898/1446/1708 3830/1448/1657
f 3900/1469/1690 3901/1448/1709 3902/1449/1660
f 3902/1449/1660 3901/1448/1709 3903/1429/1659
f 3904/1471/1710 3905/1472/1683 3906/1473/1711
f 3906/1473/1711 3905/1472/1683 3907/1474/1674
f 3908/1472/1683 3909/1475/1712 3910/1474/1674
f 3910/1474/1674 3909/1475/1712 3911/1476/1671
f 3912/1475/1712 3913/1477/1691 3914/1476/1671
f 3914/1476/1671 3913/1477/1691 3915/1478/1667
f 3916/1477/1713 3917/1479/1692 3918/1478/1667
f 3917/1479/1692 3919/1480/1662 3918/1478/1667
f 3918/1478/1667 3919/1480/1662 3920/1481/1663
f 3921/1482/1714 3922/1483/1715 3923/1484/1716
f 3923/1484/1716 3922/1483/1715 3924/1485/1717
f 3925/1486/1718 3926/1487/1719 3927/1483/1715
f 3927/1483/1715 3926/1487/1719 3928/1485/1717
f 3929/1488/1720 3930/1489/1721 3931/1490/1722
f 3931/1490/1722 3930/1489/1721 3932/1491/1723
f 3933/1492/1724 3934/1493/1725 3935/285/1726
f 3935/285/1726 3934/1493/1725 3936/1494/1727
f 3937/1495/1728 3938/1496/1729 3939/1493/1725
f 3939/1493/1725 3938/1496/1729 3940/1494/1730
f 3941/1497/1731 3942/1498/1732 3943/1499/1733
f 3943/1499/1733 3942/1498/1732 3944/1500/1734
f 3945/1501/1735 3946/1502/1736 3947/324/1737
f 3947/324/1737 3946/1502/1736 3948/272/319
f 3949/1484/1738 3950/1485/1717 3951/1503/1739
f 3951/1503/1739 3950/1485/1717 3952/1504/1740
f 3953/264/311 3954/1505/1741 3955/265/1742
f 3955/265/1742 3954/1505/1741 3956/298/348
f 3957/1506/1743 3958/282/329 3959/272/319
f 3959/272/319 3958/282/329 3960/270/317
f 3961/272/319 3962/271/318 3963/322/1744
f 3963/322/1744 3962/271/318 3964/1507/1745
f 3965/1508/1746 3966/1509/1747 3967/1510/1748
f 3967/1510/1748 3966/1509/1747 3968/1511/1749
f 3969/1510/1750 3970/1511/1751 3971/1512/1752
f 3971/1512/1752 3970/1511/1751 3972/1513/1753
f 3973/1514/1754 3974/270/317 3975/1515/1755
f 3975/1515/1755 3974/270/317 3976/283/330
f 3977/1515/1756 3978/283/1757 3979/1516/1758
f 3979/1516/1758 3978/283/1757 3980/1517/1759
f 3981/1518/1760 3982/1519/1761 3983/1520/351
f 3983/1520/351 3982/1519/1761 3984/1521/1762
f 3985/1519/1761 3986/1522/1763 3987/1521/1762
f 3987/1521/1762 3986/1522/1763 3988/1523/1764
f 3989/1524/312 3990/1525/349 3991/1526/1765
f 3991/1526/1765 3990/1525/349 3992/1527/1766
f 3991/1526/1767 3993/1527/1766 3994/1528/1768
f 3994/1528/1768 3993/1527/1766 3995/1529/1769
f 3996/1506/1743 3997/1530/1770 3998/282/1771
f 3998/282/1771 3997/1530/1770 3999/1531/1772
f 4000/1482/1714 4001/1532/1773 4002/1483/1774
f 4002/1483/1774 4001/1532/1773 4003/1533/1775
f 4004/1532/1773 4005/1534/1776 4006/1533/1777
f 4006/1533/1777 4005/1534/1776 4007/1535/1778
f 4008/1536/1779 4009/1537/1780 4010/1538/1781
f 4010/1538/1781 4009/1537/1780 4011/1539/1782
f 4012/1534/1783 4013/1536/1784 4014/1535/1785
f 4014/1535/1785 4013/1536/1784 4015/1538/1786
f 4016/1540/1787 4017/1541/1788 4018/1539/1789
f 4018/1539/1789 4017/1541/1788 4019/1538/1790
f 4020/1541/1788 4021/1542/1791 4022/1538/1792
f 4022/1538/1792 4021/1542/1791 4023/1535/1778
f 4024/1543/1793 4025/1486/1718 4026/1533/1775
f 4026/1533/1775 4025/1486/1718 4027/1483/1794
f 4028/1542/1791 4029/1543/1795 4030/1535/1778
f 4030/1535/1778 4029/1543/1795 4031/1533/1777
f 4032/1544/1796 4033/1545/1797 4034/1505/1741
f 4034/1505/1741 4033/1545/1797 4035/298/348
f 4036/269/316 4037/1546/1798 4038/1547/1799
f 4038/1547/1799 4037/1546/1798 4039/1548/1800
f 4040/1547/1799 4041/1548/1800 4042/1549/1801
f 4042/1549/1801 4041/1548/1800 4043/1550/1802
f 4044/1544/1803 4045/1551/1804 4046/1545/1797
f 4046/1545/1797 4045/1551/1804 4047/1552/1805
f 4048/1551/1804 4049/1549/1801 4050/1552/1806
f 4050/1552/1806 4049/1549/1801 4051/1550/1802
f 4052/1553/1807 4053/1554/1808 4054/1555/1809
f 4054/1555/1809 4053/1554/1808 4055/1556/1810
f 4056/1557/1811 4057/1555/1812 4058/1558/1813
f 4058/1558/1813 4057/1555/1812 4059/1556/1810
f 4060/291/1814 4061/1559/1814 4062/1560/1815
f 4062/1560/1815 4061/1559/1814 4063/1561/1815
f 4064/1562/1816 4065/1563/1817 4066/1561/1815
f 4066/1561/1815 4065/1563/1817 4067/1560/1815
f 4068/1564/1818 4069/1565/1819 4070/1566/1820
f 4070/1566/1820 4069/1565/1819 4071/1567/1820
f 4072/1568/1821 4073/1569/1821 4074/1567/1822
f 4074/1567/1822 4073/1569/1821 4075/1566/1820
f 4076/1570/1823 4077/1571/1824 4078/1572/1825
f 4078/1572/1825 4077/1571/1824 4079/1573/1826
f 4080/1574/1827 4081/1575/1827 4082/1576/1828
f 4082/1576/1828 4081/1575/1827 4083/1577/1828
f 4084/1578/1829 4085/1579/1830 4086/1580/1831
f 4086/1580/1831 4085/1579/1830 4087/1581/1832
f 4088/1582/1833 4089/1583/1834 4090/1581/1835
f 4090/1581/1835 4089/1583/1834 4091/1580/1831
f 4092/1584/1836 4093/1585/1837 4094/1586/1838
f 4094/1586/1838 4093/1585/1837 4095/1587/1839
f 4096/1588/1840 4097/293/1841 4098/1587/1839
f 4098/1587/1839 4097/293/1841 4099/1586/1838
f 4100/1490/1842 4101/1573/1842 4102/1488/1843
f 4102/1488/1843 4101/1573/1842 4103/1571/1844
f 4104/1567/1845 4105/1580/1846 4106/1568/1847
f 4106/1568/1847 4105/1580/1846 4107/1583/1848
f 4108/1565/1849 4109/1578/1850 4110/1567/1845
f 4110/1567/1845 4109/1578/1850 4111/1580/1851
f 4112/1589/1852 4113/1590/1853 4114/1576/1854
f 4114/1576/1854 4113/1590/1853 4115/1500/1854
f 4116/291/338 4117/1560/1855 4118/293/1856
f 4118/293/1856 4117/1560/1855 4119/1586/1857
f 4120/1560/1855 4121/1563/1858 4122/1586/1857
f 4122/1586/1857 4121/1563/1858 4123/1584/1859
f 4124/291/338 4125/290/1860 4126/1559/1861
f 4126/1559/1861 4125/290/1860 4127/1591/1861
f 4128/1592/1862 4129/284/1863 4130/266/313
f 4130/266/313 4129/284/1863 4131/264/311
f 4132/1592/1864 4133/1492/1865 4134/284/1863
f 4134/284/1863 4133/1492/1865 4135/285/332
f 4136/324/1866 4137/1593/1867 4138/1501/1735
f 4138/1501/1735 4137/1593/1867 4139/1594/1868
f 4140/1595/1869 4141/1570/1823 4142/1596/1870
f 4142/1596/1870 4141/1570/1823 4143/1572/1871
f 4144/1597/1872 4145/1595/1873 4146/1598/1868
f 4146/1598/1868 4145/1595/1873 4147/1596/1874
f 4148/1599/1875 4149/1505/1876 4150/284/331
f 4150/284/331 4149/1505/1876 4151/264/311
f 4152/287/1877 4153/289/1878 4154/1507/1745
f 4154/1507/1745 4153/289/1878 4155/1600/1879
f 4156/1601/1880 4157/1582/1833 4158/1602/1881
f 4158/1602/1881 4157/1582/1833 4159/1581/1835
f 4160/1603/336 4161/1601/1882 4162/1604/1879
f 4162/1604/1879 4161/1601/1882 4163/1602/1881
f 4164/1579/1883 4165/1605/1884 4166/1581/1835
f 4166/1581/1835 4165/1605/1884 4167/1602/1885
f 4168/1605/1884 4169/1606/1886 4170/1602/1885
f 4170/1602/1885 4169/1606/1886 4171/1604/1879
f 4172/1607/1886 4173/322/1887 4174/1600/1879
f 4174/1600/1879 4173/322/1887 4175/1507/1745
f 4176/1557/1888 4177/1558/1889 4178/280/1890
f 4178/280/1890 4177/1558/1889 4179/281/328
f 4180/1585/1837 4181/1608/1891 4182/1587/1839
f 4182/1587/1839 4181/1608/1891 4183/1609/1892
f 4184/1610/1893 4185/1497/1731 4186/273/320
f 4186/273/320 4185/1497/1731 4187/274/321
f 4188/1608/1891 4189/1611/322 4190/1609/1894
f 4190/1609/1894 4189/1611/322 4191/1612/1895
f 4192/1515/1755 4193/1613/1896 4194/1514/1897
f 4194/1514/1897 4193/1613/1896 4195/1614/1898
f 4196/1514/1897 4197/1614/1899 4198/427/1900
f 4198/427/1900 4197/1614/1899 4199/329/387
f 4200/1615/1901 4201/1616/1902 4202/276/323
f 4202/276/323 4201/1616/1902 4203/277/1903
f 4204/1570/1823 4205/1617/1904 4206/1571/1824
f 4206/1571/1824 4205/1617/1904 4207/1618/1905
f 4208/1617/1906 4209/1579/1830 4210/1618/1907
f 4210/1618/1907 4209/1579/1830 4211/1578/1908
f 4212/286/1909 4213/285/1726 4214/1504/1910
f 4214/1504/1910 4213/285/1726 4215/1494/1730
f 4216/1496/1729 4217/1503/1911 4218/1494/1912
f 4218/1494/1912 4217/1503/1911 4219/1504/1913
f 4220/1619/1914 4221/1620/1915 4222/1621/1916
f 4222/1621/1916 4221/1620/1915 4223/1622/1917
f 4224/1620/1918 4225/1623/1919 4226/1622/1917
f 4226/1622/1917 4225/1623/1919 4227/1624/1920
f 4228/1621/1921 4229/1622/1917 4230/1625/1763
f 4230/1625/1763 4229/1622/1917 4231/1626/851
f 4232/1622/1922 4233/1624/1923 4234/1626/851
f 4234/1626/851 4233/1624/1923 4235/1627/1924
f 4236/1628/1925 4237/1508/1926 4238/1629/1927
f 4238/1629/1927 4237/1508/1926 4239/1510/1748
f 4240/1629/1927 4241/1510/1748 4242/1630/1928
f 4242/1630/1928 4241/1510/1748 4243/1512/1752
f 4244/1623/1919 4245/1628/1925 4246/1624/1923
f 4246/1624/1923 4245/1628/1925 4247/1629/1927
f 4248/1624/1929 4249/1629/1927 4250/1627/1533
f 4250/1627/1533 4249/1629/1927 4251/1630/1930
f 4252/1631/1931 4253/1613/1896 4254/1632/1932
f 4254/1632/1932 4253/1613/1896 4255/1633/1933
f 4256/1515/1755 4257/1516/1758 4258/1613/1896
f 4258/1613/1896 4257/1516/1758 4259/1633/1934
f 4260/282/329 4261/1531/1772 4262/283/1757
f 4262/283/1757 4261/1531/1772 4263/1517/1759
f 4264/1525/1935 4265/1520/1936 4266/1527/1766
f 4266/1527/1766 4265/1520/1936 4267/1521/1762
f 4266/1527/1766 4268/1521/1937 4269/1529/1769
f 4269/1529/1769 4268/1521/1937 4270/1523/1938
f 4271/1634/1939 4272/1569/1940 4273/1589/1939
f 4273/1589/1939 4272/1569/1940 4274/1568/1940
f 4275/1488/1720 4276/1635/1941 4277/1489/1009
f 4277/1489/1009 4276/1635/1941 4278/1636/1942
f 4279/1635/1943 4280/1565/1944 4281/1636/1942
f 4281/1636/1942 4280/1565/1944 4282/1564/1945
f 4283/1590/1946 4284/1583/1947 4285/1637/1948
f 4285/1637/1948 4284/1583/1947 4286/1582/1833
f 4287/1565/1949 4288/1635/1950 4289/1578/1951
f 4289/1578/1951 4288/1635/1950 4290/1618/1952
f 4291/1635/1953 4292/1488/1843 4293/1618/1954
f 4293/1618/1954 4292/1488/1843 4294/1571/1955
f 4295/1589/1852 4296/1568/1847 4297/1590/1956
f 4297/1590/1956 4296/1568/1847 4298/1583/1848
f 4299/1579/1883 4300/1617/1904 4301/1605/1884
f 4301/1605/1884 4300/1617/1904 4302/1638/1957
f 4303/1605/1884 4304/1638/1957 4305/1606/1958
f 4305/1606/1958 4304/1638/1957 4306/1639/1959
f 4307/1617/1904 4308/1570/1823 4309/1638/1960
f 4309/1638/1960 4308/1570/1823 4310/1595/1869
f 4311/1638/1961 4312/1595/1869 4313/1639/1962
f 4313/1639/1962 4312/1595/1869 4314/1597/1963
f 4315/324/380 4316/323/379 4317/1593/1963
f 4317/1593/1963 4316/323/379 4318/1640/1964
f 4319/323/379 4320/322/378 4321/1640/1965
f 4321/1640/1965 4320/322/378 4322/1607/1966
f 4323/1637/1967 4324/1641/1968 4325/1499/1969
f 4325/1499/1969 4324/1641/1968 4326/1642/1970
f 4327/1637/1971 4328/1582/1833 4329/1641/1968
f 4329/1641/1968 4328/1582/1833 4330/1601/1972
f 4331/1641/1973 4332/1601/1882 4333/1643/335
f 4333/1643/335 4332/1601/1882 4334/1603/336
f 4335/1612/1974 4336/1611/322 4337/1644/1975
f 4337/1644/1975 4336/1611/322 4338/1645/1976
f 4339/1497/1977 4340/1610/1978 4341/1498/1979
f 4341/1498/1979 4340/1610/1978 4342/1646/1980
f 4343/1574/1981 4344/1647/1816 4345/1575/1982
f 4345/1575/1982 4344/1647/1816 4346/1648/1983
f 4347/1647/1984 4348/1574/1985 4349/1646/1986
f 4349/1646/1986 4348/1574/1985 4350/1498/1987
f 4351/1588/1840 4352/1587/1839 4353/297/345
f 4353/297/345 4352/1587/1839 4354/1609/1892
f 4355/297/345 4356/1609/1894 4357/295/346
f 4357/295/346 4356/1609/1894 4358/1612/1988
f 4359/296/344 4360/1649/1989 4361/294/1990
f 4361/294/1990 4360/1649/1989 4362/1650/1991
f 4363/1588/1840 4364/297/345 4365/1650/1991
f 4365/1650/1991 4364/297/345 4366/294/1990
f 4367/1588/1840 4368/1650/1992 4369/293/1993
f 4369/293/1993 4368/1650/1992 4370/292/1994
f 4371/1651/1995 4372/1591/1996 4373/328/1997
f 4373/328/1997 4372/1591/1996 4374/290/1998
f 4375/1652/1999 4376/1653/2000 4377/1654/2001
f 4377/1654/2001 4376/1653/2000 4378/1655/2002
f 4379/1656/2003 4380/1655/2002 4381/1657/2004
f 4381/1657/2004 4380/1655/2002 4382/1653/2000
f 4383/1658/2005 4384/1659/2006 4385/1660/2007
f 4385/1660/2007 4384/1659/2006 4386/1661/2008
f 4387/1660/2009 4388/1661/2010 4389/1662/2011
f 4389/1662/2011 4388/1661/2010 4390/1663/2011
f 4391/1664/1999 4392/1665/2012 4393/1666/2013
f 4393/1666/2013 4392/1665/2012 4394/1667/2014
f 4395/1668/2015 4396/1667/2016 4397/1669/2017
f 4397/1669/2017 4396/1667/2016 4398/1665/2012
f 4399/1670/2018 4400/1671/2019 4401/1672/2020
f 4401/1672/2020 4400/1671/2019 4402/1673/2021
f 4403/1674/2022 4404/1673/2021 4405/1675/2013
f 4405/1675/2013 4404/1673/2021 4406/1671/2019
f 4407/1616/1902 4408/1615/2023 4409/1676/2024
f 4409/1676/2024 4408/1615/2023 4410/1631/1931
f 4411/1676/2025 4412/1631/1931 4413/1677/2026
f 4413/1677/2026 4412/1631/1931 4414/1632/1932
f 4415/1508/2027 4416/1546/1798 4417/1509/2028
f 4417/1509/2028 4416/1546/1798 4418/1678/2029
f 4419/1486/1718 4420/1679/2030 4421/1487/2031
f 4421/1487/2031 4420/1679/2030 4422/1599/1875
f 4423/1544/1796 4424/1505/1741 4425/1679/2030
f 4425/1679/2030 4424/1505/1741 4426/1599/2032
f 4427/1545/2033 4428/1619/2034 4429/298/348
f 4429/298/348 4428/1619/2034 4430/300/351
f 4431/1546/2035 4432/1508/2036 4433/1548/1800
f 4433/1548/1800 4432/1508/2036 4434/1628/1925
f 4435/1548/2037 4436/1628/1925 4437/1550/1802
f 4437/1550/1802 4436/1628/1925 4438/1623/2038
f 4439/1619/1914 4440/1545/1797 4441/1620/1918
f 4441/1620/1918 4440/1545/1797 4442/1552/2039
f 4443/1620/2040 4444/1552/2039 4445/1623/2038
f 4445/1623/2038 4444/1552/2039 4446/1550/2041
f 4447/1544/1796 4448/1679/2030 4449/1551/2042
f 4449/1551/2042 4448/1679/2030 4450/1680/2043
f 4451/1551/1804 4452/1680/2043 4453/1549/1801
f 4453/1549/1801 4452/1680/2043 4454/1681/2044
f 4455/1486/2045 4456/1543/1795 4457/1679/2030
f 4457/1679/2030 4456/1543/1795 4458/1680/2043
f 4459/1543/1795 4460/1542/1791 4461/1680/2043
f 4461/1680/2043 4460/1542/1791 4462/1681/2044
f 4463/1540/1787 4464/1682/2046 4465/1541/2047
f 4465/1541/2047 4464/1682/2046 4466/1683/2048
f 4467/1541/1788 4468/1683/2048 4469/1542/2049
f 4469/1542/2049 4468/1683/2048 4470/1681/2050
f 4471/269/316 4472/1547/1799 4473/1682/2046
f 4473/1682/2046 4472/1547/1799 4474/1683/2048
f 4475/1547/1799 4476/1549/1801 4477/1683/2051
f 4477/1683/2051 4476/1549/1801 4478/1681/2044
f 4479/1684/2052 4480/1685/2053 4481/1686/2054
f 4481/1686/2054 4480/1685/2053 4482/1687/2055
f 4483/1685/2056 4484/1659/2057 4485/1687/2055
f 4485/1687/2055 4484/1659/2057 4486/1658/2005
f 4487/1657/2058 4488/1688/2059 4489/1656/2060
f 4489/1656/2060 4488/1688/2059 4490/1689/2061
f 4491/1688/2062 4492/1690/2063 4493/1689/2061
f 4493/1689/2061 4492/1690/2063 4494/1691/2064
f 4495/1669/2017 4496/1692/2065 4497/1668/2066
f 4497/1668/2066 4496/1692/2065 4498/1693/2067
f 4499/1692/2065 4500/1694/2068 4501/1693/2069
f 4501/1693/2069 4500/1694/2068 4502/1695/2070
f 4503/1672/2071 4504/1696/2072 4505/1670/2018
f 4505/1670/2018 4504/1696/2072 4506/1697/2073
f 4507/1696/2072 4508/1698/2074 4509/1697/2075
f 4509/1697/2075 4508/1698/2074 4510/1699/2076
f 4511/1553/2077 4512/1555/2078 4513/1700/2079
f 4513/1700/2079 4512/1555/2078 4514/1701/2080
f 4515/1557/2081 4516/1702/2082 4517/1555/2078
f 4517/1555/2078 4516/1702/2082 4518/1701/2080
f 4519/1540/1787 4520/1539/2083 4521/1703/2084
f 4521/1703/2084 4520/1539/2083 4522/1704/2085
f 4523/1537/2086 4524/1705/2087 4525/1539/2083
f 4525/1539/2083 4524/1705/2087 4526/1704/2085
f 4527/269/316 4528/1682/2046 4529/267/314
f 4529/267/314 4528/1682/2046 4530/1706/2088
f 4531/1540/1787 4532/1703/2084 4533/1682/2046
f 4533/1682/2046 4532/1703/2084 4534/1706/2089
f 4535/1707/2090 4536/1708/2091 4537/1709/2090
f 4537/1709/2090 4536/1708/2091 4538/1710/2091
f 4539/1711/2092 4540/1712/2093 4541/1708/2091
f 4541/1708/2091 4540/1712/2093 4542/1710/2091
f 4543/1711/2094 4544/1713/2095 4545/1712/2093
f 4545/1712/2093 4544/1713/2095 4546/1714/2096
f 4547/1715/2097 4548/1716/2097 4549/1713/2098
f 4549/1713/2098 4548/1716/2097 4550/1714/2096
f 4551/1717/2099 4552/1718/315 4553/1719/2100
f 4553/1719/2100 4552/1718/315 4554/1720/315
f 4555/1721/2101 4556/1722/2100 4557/1720/315
f 4557/1720/315 4556/1722/2100 4558/1719/2100
f 4559/1720/2102 4560/1723/2103 4561/1721/2104
f 4561/1721/2104 4560/1723/2103 4562/1724/2105
f 4563/1725/2106 4564/1726/2107 4565/1723/2103
f 4565/1723/2103 4564/1726/2107 4566/1724/2108
f 4567/1725/2109 4568/1727/2110 4569/1726/2107
f 4569/1726/2107 4568/1727/2110 4570/1728/2111
f 4571/1729/2090 4572/1730/2090 4573/1727/2112
f 4573/1727/2112 4572/1730/2090 4574/1728/2112
f 4575/1709/2113 4576/1710/2114 4577/1652/2022
f 4577/1652/2022 4576/1710/2114 4578/1653/2000
f 4579/1712/2115 4580/1657/2058 4581/1710/2116
f 4581/1710/2116 4580/1657/2058 4582/1653/2117
f 4583/1712/2115 4584/1714/2118 4585/1657/2058
f 4585/1657/2058 4584/1714/2118 4586/1688/2119
f 4587/1716/2120 4588/1690/2121 4589/1714/2122
f 4589/1714/2122 4588/1690/2121 4590/1688/2119
f 4591/1731/2123 4592/1722/2124 4593/1732/2125
f 4593/1732/2125 4592/1722/2124 4594/1733/2126
f 4595/1721/2127 4596/1724/2128 4597/1691/2129
f 4597/1691/2129 4596/1724/2128 4598/1689/2061
f 4599/1726/2130 4600/1656/2060 4601/1724/2128
f 4601/1724/2128 4600/1656/2060 4602/1689/2061
f 4603/1726/2131 4604/1728/2132 4605/1656/2060
f 4605/1656/2060 4604/1728/2132 4606/1655/2002
f 4607/1730/2133 4608/1654/2134 4609/1728/2132
f 4609/1728/2132 4608/1654/2134 4610/1655/2002
f 4611/1700/2113 4612/1701/2135 4613/1664/2022
f 4613/1664/2022 4612/1701/2135 4614/1665/2012
f 4615/1702/2136 4616/1669/2137 4617/1701/2135
f 4617/1701/2135 4616/1669/2137 4618/1665/2138
f 4619/1702/2136 4620/1734/2139 4621/1669/2017
f 4621/1669/2017 4620/1734/2139 4622/1692/2065
f 4623/1735/2140 4624/1694/2141 4625/1734/2139
f 4625/1734/2139 4624/1694/2141 4626/1692/2065
f 4627/308/2142 4628/307/2143 4629/1736/2144
f 4629/1736/2144 4628/307/2143 4630/1737/2145
f 4631/1715/2146 4632/1713/2147 4633/1695/2070
f 4633/1695/2070 4632/1713/2147 4634/1693/2148
f 4635/1711/2149 4636/1668/2066 4637/1713/2150
f 4637/1713/2150 4636/1668/2066 4638/1693/2151
f 4639/1711/2149 4640/1708/2152 4641/1668/2153
f 4641/1668/2153 4640/1708/2152 4642/1667/2014
f 4643/1707/2133 4644/1666/2013 4645/1708/2152
f 4645/1708/2152 4644/1666/2013 4646/1667/2154
f 4647/1703/2155 4648/1704/2156 4649/1670/2157
f 4649/1670/2157 4648/1704/2156 4650/1671/2019
f 4651/1705/2158 4652/1675/2134 4653/1704/2156
f 4653/1704/2156 4652/1675/2134 4654/1671/2019
f 4655/1729/2113 4656/1727/2159 4657/1674/2022
f 4657/1674/2022 4656/1727/2159 4658/1673/2021
f 4659/1725/2160 4660/1672/2071 4661/1727/2161
f 4661/1727/2161 4660/1672/2071 4662/1673/2021
f 4663/1725/2160 4664/1723/2162 4665/1672/2071
f 4665/1672/2071 4664/1723/2162 4666/1696/2072
f 4667/1720/2163 4668/1698/2074 4669/1723/2162
f 4669/1723/2162 4668/1698/2074 4670/1696/2072
f 4671/1718/2164 4672/1738/2165 4673/1739/2166
f 4673/1739/2166 4672/1738/2165 4674/1740/2167
f 4675/267/2168 4676/1706/2169 4677/1699/2076
f 4677/1699/2076 4676/1706/2169 4678/1697/2170
f 4679/1703/2155 4680/1670/2018 4681/1706/2169
f 4681/1706/2169 4680/1670/2018 4682/1697/2073
f 4683/1731/2171 4684/1716/2100 4685/1741/2100
f 4685/1741/2100 4684/1716/2100 4686/1715/2100
f 4687/1742/315 4688/1738/315 4689/1717/315
f 4689/1717/315 4688/1738/315 4690/1718/315
f 4691/1743/2172 4692/1744/2173 4693/1745/2174
f 4693/1745/2174 4692/1744/2173 4694/1746/2175
f 4695/312/2176 4696/303/355 4697/1743/2177
f 4697/1743/2177 4696/303/355 4698/1744/2178
f 4699/1747/2179 4700/1748/2180 4701/1749/2181
f 4701/1749/2181 4700/1748/2180 4702/1750/2182
f 4703/1751/2183 4704/1752/2184 4705/1747/2179
f 4705/1747/2179 4704/1752/2184 4706/1748/2185
f 4707/1745/2186 4708/1746/2175 4709/1753/2184
f 4709/1753/2184 4708/1746/2175 4710/1754/2183
f 4711/316/2187 4712/306/2188 4713/1750/2189
f 4713/1750/2189 4712/306/2188 4714/1749/2181
f 4715/1686/2190 4716/1687/2191 4717/301/2192
f 4717/301/2192 4716/1687/2191 4718/302/2193
f 4719/1658/2194 4720/1660/2195 4721/1755/2196
f 4721/1755/2196 4720/1660/2195 4722/1756/2197
f 4723/1687/2191 4724/1658/2194 4725/302/2198
f 4725/302/2198 4724/1658/2194 4726/1755/2196
f 4727/1660/2199 4728/1662/2200 4729/1756/2201
f 4729/1756/2201 4728/1662/2200 4730/1757/2202
f 4731/1513/2203 4732/1511/2204 4733/1758/2205
f 4733/1758/2205 4732/1511/2204 4734/1759/2206
f 4735/1511/2204 4736/1509/2207 4737/1759/2208
f 4737/1759/2208 4736/1509/2207 4738/1760/2209
f 4739/1509/2210 4740/1678/2211 4741/1760/2212
f 4741/1760/2212 4740/1678/2211 4742/326/2213
f 4743/327/2214 4744/315/368 4745/1678/2215
f 4745/1678/2215 4744/315/368 4746/326/382
f 4747/1742/2216 4748/1717/2217 4749/314/367
f 4749/314/367 4748/1717/2217 4750/311/363
f 4751/303/355 4752/312/2176 4753/311/2218
f 4753/311/2218 4752/312/2176 4754/314/367
f 4755/1663/2219 4756/1661/2220 4757/1761/2221
f 4757/1761/2221 4756/1661/2220 4758/1762/2222
f 4759/1661/2220 4760/1659/2223 4761/1762/2224
f 4761/1762/2224 4760/1659/2223 4762/1763/2225
f 4763/1659/2226 4764/1685/2227 4765/1763/2225
f 4765/1763/2225 4764/1685/2227 4766/325/2228
f 4767/1684/2229 4768/319/372 4769/1685/2230
f 4769/1685/2230 4768/319/372 4770/325/2231
f 4771/1741/2232 4772/309/2233 4773/318/371
f 4773/318/371 4772/309/2233 4774/321/2234
f 4775/306/358 4776/316/2235 4777/321/377
f 4777/321/377 4776/316/2235 4778/318/371
f 4779/278/2236 4780/277/2237 4781/304/2238
f 4781/304/2238 4780/277/2237 4782/305/357
f 4783/1616/2239 4784/1676/2240 4785/1764/2241
f 4785/1764/2241 4784/1676/2240 4786/1765/2242
f 4787/277/2243 4788/1616/2244 4789/305/357
f 4789/305/357 4788/1616/2244 4790/1764/2241
f 4791/1676/2240 4792/1677/2200 4793/1765/2242
f 4793/1765/2242 4792/1677/2200 4794/1766/2202
f 4795/308/360 4796/1735/2245 4797/309/360
f 4797/309/360 4796/1735/2245 4798/1767/2246
f 4799/1717/2217 4800/1719/2247 4801/311/2248
f 4801/311/2248 4800/1719/2247 4802/310/2249
f 4803/1686/2190 4804/301/2192 4805/1719/2250
f 4805/1719/2250 4804/301/2192 4806/310/364
f 4807/327/2251 4808/268/2252 4809/315/368
f 4809/315/368 4808/268/2252 4810/313/2253
f 4811/1742/2216 4812/314/367 4813/268/2252
f 4813/268/2252 4812/314/367 4814/313/2253
f 4815/1684/2229 4816/1768/2254 4817/319/372
f 4817/319/372 4816/1768/2254 4818/317/370
f 4819/1741/2232 4820/318/371 4821/1768/2254
f 4821/1768/2254 4820/318/371 4822/317/370
f 4823/309/2233 4824/1767/2255 4825/321/2256
f 4825/321/2256 4824/1767/2255 4826/320/374
f 4827/278/2257 4828/304/356 4829/1767/2258
f 4829/1767/2258 4828/304/356 4830/320/374
f 4831/1702/2259 4832/1557/1811 4833/1734/2260
f 4833/1734/2260 4832/1557/1811 4834/280/1890
f 4835/1731/2123 4836/1732/2125 4837/1716/2261
f 4837/1716/2261 4836/1732/2125 4838/1690/2121
f 4839/1722/2262 4840/1721/2127 4841/1733/2126
f 4841/1733/2126 4840/1721/2127 4842/1691/2064
f 4843/308/2142 4844/1736/2263 4845/1735/2264
f 4845/1735/2264 4844/1736/2263 4846/1694/2265
f 4847/307/2266 4848/1715/2267 4849/1737/2268
f 4849/1737/2268 4848/1715/2267 4850/1695/2070
f 4851/1718/2164 4852/1739/2269 4853/1720/2163
f 4853/1720/2163 4852/1739/2269 4854/1698/2074
f 4855/1738/2165 4856/267/2168 4857/1740/2270
f 4857/1740/2270 4856/267/2168 4858/1699/2076
f 4859/1514/2271 4860/427/422 4861/270/317
f 4861/270/317 4860/427/422 4862/271/1014
f 4863/1487/1719 4864/286/1909 4865/1485/1717
f 4865/1485/1717 4864/286/1909 4866/1504/2272
f 4867/284/331 4868/286/333 4869/1599/1875
f 4869/1599/1875 4868/286/333 4870/1487/1719
f 4871/1690/2121 4872/1732/2125 4873/1691/2129
f 4873/1691/2129 4872/1732/2125 4874/1733/2126
f 4875/1698/2074 4876/1739/2269 4877/1699/2076
f 4877/1699/2076 4876/1739/2269 4878/1740/2167
f 4879/1694/2265 4880/1736/2144 4881/1695/2070
f 4881/1695/2070 4880/1736/2144 4882/1737/2273
f 4883/275/322 4884/274/321 4885/1769/2274
f 4885/1769/2274 4884/274/321 4886/1642/2275
f 4887/1744/2178 4888/1755/2196 4889/1746/2276
f 4889/1746/2276 4888/1755/2196 4890/1756/2277
f 4891/1745/2174 4892/1759/2206 4893/1743/2172
f 4893/1743/2172 4892/1759/2206 4894/1760/2278
f 4895/303/355 4896/302/354 4897/1744/2178
f 4897/1744/2178 4896/302/354 4898/1755/2196
f 4899/1743/2177 4900/1760/2279 4901/312/2280
f 4901/312/2280 4900/1760/2279 4902/326/382
f 4903/1748/2281 4904/1762/2224 4905/1750/2182
f 4905/1750/2182 4904/1762/2224 4906/1763/2225
f 4907/1749/2282 4908/1764/2241 4909/1747/2283
f 4909/1747/2283 4908/1764/2241 4910/1765/2242
f 4911/1752/2184 4912/1761/2221 4913/1748/2185
f 4913/1748/2185 4912/1761/2221 4914/1762/2224
f 4915/1747/2179 4916/1765/2242 4917/1751/2183
f 4917/1751/2183 4916/1765/2242 4918/1766/2284
f 4919/1746/2276 4920/1756/2277 4921/1754/2183
f 4921/1754/2183 4920/1756/2277 4922/1757/2202
f 4923/1753/2184 4924/1758/2285 4925/1745/2286
f 4925/1745/2286 4924/1758/2285 4926/1759/2206
f 4927/306/358 4928/305/357 4929/1749/2287
f 4929/1749/2287 4928/305/357 4930/1764/2241
f 4931/1750/2182 4932/1763/2288 4933/316/2289
f 4933/316/2289 4932/1763/2288 4934/325/381
f 4935/1715/2100 4936/307/2290 4937/1741/2100
f 4937/1741/2100 4936/307/2290 4938/309/2291
f 4939/1768/2100 4940/1684/2292 4941/1719/2100
f 4941/1719/2100 4940/1684/2292 4942/1686/2054
f 4943/267/314 4944/1738/315 4945/268/315
f 4945/268/315 4944/1738/315 4946/1742/315
f 4947/292/1994 4948/1650/2293 4949/328/1997
f 4949/328/1997 4948/1650/2293 4950/1649/2294
f 4951/327/383 4952/1678/2295 4953/269/316
f 4953/269/316 4952/1678/2295 4954/1546/2035
f 4955/1735/2296 4956/1734/2297 4957/276/323
f 4957/276/323 4956/1734/2297 4958/280/1890
f 4959/276/323 4960/278/325 4961/1735/2296
f 4961/1735/2296 4960/278/325 4962/1767/2246
f 4963/1500/1734 4964/1590/2298 4965/1499/1733
f 4965/1499/1733 4964/1590/2298 4966/1637/1967
f 4967/1577/1828 4968/1634/864 4969/1576/1828
f 4969/1576/1828 4968/1634/864 4970/1589/864
f 4971/1500/2299 4972/1498/2300 4973/1576/2299
f 4973/1576/2299 4972/1498/2300 4974/1574/1985
f 4975/1642/2275 4976/274/2301 4977/1499/1733
f 4977/1499/1733 4976/274/2301 4978/1497/1731
f 4979/1645/2274 4980/288/335 4981/1644/1975
f 4981/1644/1975 4980/288/335 4982/287/1877
f 4983/1642/2302 4984/1641/1968 4985/1769/2274
f 4985/1769/2274 4984/1641/1968 4986/1643/335
f 4987/1644/1975 4988/287/1877 4989/1770/2303
f 4989/1770/2303 4988/287/1877 4990/1507/2304
f 4991/295/343 4992/1612/1895 4993/1770/2303
f 4993/1770/2303 4992/1612/1895 4994/1644/1975
f 4995/271/318 4996/279/326 4997/1507/1745
f 4997/1507/1745 4996/279/326 4998/1770/2305
f 4999/1554/2306 5000/1651/1995 5001/1556/1810
f 5001/1556/1810 5000/1651/1995 5002/328/1997
f 5003/1556/1810 5004/328/1997 5005/1558/1813
f 5005/1558/1813 5004/328/1997 5006/1649/2294
f 5007/1558/1813 5008/1649/2294 5009/281/424
f 5009/281/424 5008/1649/2294 5010/296/344
f 5011/1613/1896 5012/1631/1931 5013/1614/2307
f 5013/1614/2307 5012/1631/1931 5014/1615/1901
f 5015/1614/2308 5016/1615/2309 5017/329/2310
f 5017/329/2310 5016/1615/2309 5018/276/323
f 5019/1771/2311 5020/1772/2311 5021/1773/2312
f 5021/1773/2312 5020/1772/2311 5022/1774/1602
f 5023/1775/2313 5024/1776/2314 5025/1771/2315
f 5025/1771/2315 5024/1776/2314 5026/1772/2315
f 5027/1777/2316 5028/1778/2317 5029/1320/1523
f 5029/1320/1523 5028/1778/2317 5030/1318/1521
f 5031/1779/2318 5032/1780/2318 5033/1777/2316
f 5033/1777/2316 5032/1780/2318 5034/1778/2317
f 5035/1781/1763 5036/1782/1763 5037/1779/2319
f 5037/1779/2319 5036/1782/1763 5038/1780/2318
f 5039/1783/1723 5040/1784/1723 5041/1781/1763
f 5041/1781/1763 5040/1784/1723 5042/1782/1763
f 5043/1785/2320 5044/1786/2320 5045/1783/1722
f 5045/1783/1722 5044/1786/2320 5046/1784/1722
f 5047/1787/2321 5048/1788/2321 5049/1785/2322
f 5049/1785/2322 5048/1788/2321 5050/1786/2322
f 5051/1789/2323 5052/1790/2323 5053/1787/2321
f 5053/1787/2321 5052/1790/2323 5054/1788/2321
f 5055/1791/2324 5056/1792/2324 5057/1789/2325
f 5057/1789/2325 5056/1792/2324 5058/1790/2325
f 5059/1793/2326 5060/1794/2326 5061/1791/2324
f 5061/1791/2324 5060/1794/2326 5062/1792/2324
f 5063/1795/2327 5064/1796/2327 5065/1793/2326
f 5065/1793/2326 5064/1796/2327 5066/1794/2326
f 5067/1797/2328 5068/1798/2328 5069/1795/2327
f 5069/1795/2327 5068/1798/2328 5070/1796/2327
f 5071/1799/2329 5072/1800/2329 5073/1797/2330
f 5073/1797/2330 5072/1800/2329 5074/1798/2330
f 5075/1801/309 5076/1802/309 5077/1799/2331
f 5077/1799/2331 5076/1802/309 5078/1800/2331
f 5079/1803/2332 5080/1804/2332 5081/1801/309
f 5081/1801/309 5080/1804/2332 5082/1802/309
f 5083/1805/2333 5084/1806/2334 5085/1807/2335
f 5085/1807/2335 5084/1806/2334 5086/1808/2335
f 5087/1809/2336 5088/1810/2336 5089/1805/2337
f 5089/1805/2337 5088/1810/2336 5090/1806/2337
f 5091/1811/1077 5092/1812/1077 5093/1809/2336
f 5093/1809/2336 5092/1812/1077 5094/1810/2336
f 5095/1773/2312 5096/1774/1602 5091/1811/1077
f 5091/1811/1077 5096/1774/1602 5097/1812/1077
f 5098/1807/2335 5099/1808/2335 5100/1813/2338
f 5100/1813/2338 5099/1808/2335 5101/1814/2338
f 5102/1813/2339 5103/1814/2339 5104/1815/2340
f 5104/1815/2340 5103/1814/2339 5105/1816/2340
f 5106/1815/2340 5107/1816/2340 5108/1803/2341
f 5108/1803/2341 5107/1816/2340 5109/1804/2332
f 5110/1321/2342 5111/1319/1522 5112/1817/2343
f 5112/1817/2343 5111/1319/1522 5113/1818/2344
f 5114/1819/2345 5115/1820/2344 5116/1775/2346
f 5116/1775/2346 5115/1820/2344 5117/1776/2347
f 5118/375/404 5119/189/1516 5120/1821/2348
f 5120/1821/2348 5119/189/1516 5121/1287/1517
f 5122/1277/2349 5123/1276/1435 5124/1285/2350
f 5124/1285/2350 5123/1276/1435 5125/1822/2351
f 5126/1823/2352 5127/1265/1420 5128/333/394
f 5128/333/394 5127/1265/1420 5129/331/392
f 5130/1822/2351 5131/1276/1435 5132/1263/1415
f 5132/1263/1415 5131/1276/1435 5133/1270/1425
f 5134/126/391 5135/1283/1450 5136/330/2353
f 5136/330/2353 5135/1283/1450 5137/1281/1449
f 5138/1822/2351 5139/1821/2348 5140/1285/2350
f 5140/1285/2350 5139/1821/2348 5141/1287/1454
f 5142/131/1419 5143/130/2354 5144/331/2355
s 0
f 5144/331/2356 5143/130/834 5145/332/2357
s 1
f 5146/128/151 5147/1824/2358 5148/126/2359
s 0
f 5148/126/2359 5147/1824/834 5149/1825/2360
s 1
f 5150/131/154 5151/1260/2361 5152/129/2362
f 5152/129/2362 5151/1260/2361 5153/1259/1409
f 5154/1823/2352 5155/1822/2351 5156/1265/1420
f 5156/1265/1420 5155/1822/2351 5157/1263/1415
f 5158/1265/1420 5159/1263/1415 5160/1260/1742
f 5160/1260/1742 5159/1263/1415 5161/1258/1417
f 5162/135/160 5163/1252/2363 5164/133/2364
f 5164/133/2364 5163/1252/2363 5165/1262/1414
f 5166/133/158 5167/1262/1414 5168/334/397
f 5168/334/397 5167/1262/1414 5169/139/164
f 5170/1262/1414 5171/1261/1412 5172/139/164
f 5172/139/164 5171/1261/1412 5173/335/400
f 5174/1826/2365 5175/1827/2366 5176/1828/2367
f 5176/1828/2367 5175/1827/2366 5177/1829/2368
f 5178/1827/2369 5179/1830/2370 5180/1829/2366
f 5180/1829/2366 5179/1830/2370 5181/1831/2370
f 5182/1830/2370 5183/1832/2371 5184/1831/2370
f 5184/1831/2370 5183/1832/2371 5185/1833/2371
f 5186/1832/2372 5187/1834/2373 5188/1833/2372
f 5188/1833/2372 5187/1834/2373 5189/1835/2374
f 5190/1834/2375 5191/1836/2376 5189/1835/2377
f 5189/1835/2377 5191/1836/2376 5192/1837/2376
f 5193/1836/2376 5194/1838/2378 5195/1837/2376
f 5195/1837/2376 5194/1838/2378 5196/1839/2378
f 5197/1838/2378 5198/1840/2379 5199/1839/2378
f 5199/1839/2378 5198/1840/2379 5200/1841/2379
f 5201/1840/2380 5202/1842/2381 5203/1841/2379
f 5203/1841/2379 5202/1842/2381 5204/1843/2381
f 5205/1842/2381 5206/1844/2382 5207/1843/2381
f 5207/1843/2381 5206/1844/2382 5208/1845/2382
f 5209/1844/2383 5210/1846/1818 5211/1845/2383
f 5211/1845/2383 5210/1846/1818 5212/1847/1818
f 5213/1846/1945 5214/1848/2384 5215/1847/1818
f 5215/1847/1818 5214/1848/2384 5216/1849/2384
f 5217/1848/2385 5218/1850/2386 5219/1849/2384
f 5219/1849/2384 5218/1850/2386 5220/1851/2386
f 5221/1850/2387 5222/1852/2388 5223/1851/2389
f 5223/1851/2389 5222/1852/2388 5224/1853/2388
f 5225/1852/2390 5226/1854/2391 5227/1853/2390
f 5227/1853/2390 5226/1854/2391 5228/1855/2391
f 5229/1854/2391 5230/1856/2392 5231/1855/2391
f 5231/1855/2391 5230/1856/2392 5232/1857/2392
f 5233/1856/2393 5234/1858/2394 5235/1857/2393
f 5235/1857/2393 5234/1858/2394 5236/1859/2395
f 5237/1829/2396 5238/1831/2397 5239/352/2396
f 5239/352/2396 5238/1831/2397 5240/339/2397
f 5238/1831/2398 5241/1833/2399 5242/339/2398
f 5242/339/2398 5241/1833/2399 5243/340/2400
f 5244/1833/2401 5245/1835/2402 5243/340/2399
f 5243/340/2399 5245/1835/2402 5246/341/2403
f 5245/1835/2403 5247/1837/2404 5248/341/2403
f 5248/341/2403 5247/1837/2404 5249/351/2404
f 5250/1837/2404 5251/1839/2405 5249/351/2404
f 5249/351/2404 5251/1839/2405 5252/342/2405
f 5251/1839/2405 5253/1841/2406 5254/342/2405
f 5254/342/2405 5253/1841/2406 5255/343/2406
f 5256/1841/2406 5257/1843/2407 5255/343/2408
f 5255/343/2408 5257/1843/2407 5258/344/2407
f 5257/1843/2407 5259/1845/2409 5260/344/2407
f 5260/344/2407 5259/1845/2409 5261/350/2410
f 5262/1845/2410 5263/1847/2411 5261/350/2410
f 5261/350/2410 5263/1847/2411 5264/345/2411
f 5263/1847/2412 5265/1849/2413 5266/345/2412
f 5266/345/2412 5265/1849/2413 5267/346/2414
f 5268/1849/2415 5269/1851/2416 5267/346/2413
f 5267/346/2413 5269/1851/2416 5270/347/2416
f 5269/1851/2416 5271/1853/2417 5272/347/2416
f 5272/347/2416 5271/1853/2417 5273/348/2417
f 5274/1853/2418 5275/1855/2419 5273/348/2417
f 5273/348/2417 5275/1855/2419 5276/349/2419
f 5275/1855/2419 5277/1857/2420 5278/349/2419
f 5278/349/2419 5277/1857/2420 5279/338/2420
f 5280/1857/2421 5281/1859/2422 5279/338/2421
f 5279/338/2421 5281/1859/2422 5282/336/2422
f 5283/1828/2422 5284/1829/2423 5285/353/2422
f 5285/353/2422 5284/1829/2423 5239/352/2424
f 5286/1860/2425 5287/1861/2426 5288/1862/2427
f 5288/1862/2427 5287/1861/2426 5289/1863/2428
f 5290/1861/2429 5291/1864/2430 5292/1863/2431
f 5292/1863/2431 5291/1864/2430 5293/1865/2432
f 5291/1864/2433 5294/1866/2434 5295/1865/2432
f 5295/1865/2432 5294/1866/2434 5296/1867/2435
f 5297/1866/2436 5298/1868/2437 5299/1867/2435
f 5299/1867/2435 5298/1868/2437 5300/1869/2438
f 5301/1868/2439 5302/1870/2440 5303/1869/2441
f 5303/1869/2441 5302/1870/2440 5304/1871/2442
f 5305/1870/2443 5306/1872/2444 5307/1871/2442
f 5307/1871/2442 5306/1872/2444 5308/1873/2445
f 5309/1872/2446 5310/1874/2447 5311/1873/2448
f 5311/1873/2448 5310/1874/2447 5312/1875/2449
f 5313/1874/2450 5314/1876/2451 5312/1875/2449
f 5312/1875/2449 5314/1876/2451 5315/1877/2452
f 5316/1876/2453 5317/1878/2454 5318/1877/2455
f 5318/1877/2455 5317/1878/2454 5319/1879/2456
f 5320/1878/2454 5321/1880/2457 5322/1879/2456
f 5322/1879/2456 5321/1880/2457 5323/1881/438
f 5321/1880/2457 5324/1882/2458 5325/1881/438
f 5325/1881/438 5324/1882/2458 5326/1883/2459
f 5327/1882/2460 5328/1884/2461 5329/1883/2459
f 5329/1883/2459 5328/1884/2461 5330/1885/2462
f 5331/1884/2463 5332/1886/2464 5333/1885/2465
f 5333/1885/2465 5332/1886/2464 5334/1887/2466
f 5335/1886/2464 5336/1888/2467 5337/1887/2468
f 5337/1887/2468 5336/1888/2467 5338/1889/2469
f 5339/1888/2470 5340/1890/2471 5338/1889/2472
f 5338/1889/2472 5340/1890/2471 5341/1891/2473
f 5342/1890/2474 5343/1892/2425 5344/1891/2475
f 5344/1891/2475 5343/1892/2425 5345/1893/2427
f 5346/1862/2476 5347/1863/2431 5348/1894/2477
f 5348/1894/2477 5347/1863/2431 5349/1895/2478
f 5350/1863/2479 5351/1865/2432 5352/1895/2478
f 5352/1895/2478 5351/1865/2432 5353/1896/2480
f 5354/1865/2481 5355/1867/2482 5353/1896/2483
f 5353/1896/2483 5355/1867/2482 5356/1897/2484
f 5357/1867/2485 5358/1869/2438 5359/1897/2486
f 5359/1897/2486 5358/1869/2438 5360/1898/2487
f 5361/1869/2438 5362/1871/2442 5363/1898/2488
f 5363/1898/2488 5362/1871/2442 5364/1899/2489
f 5365/1871/2442 5366/1873/2445 5367/1899/2490
f 5367/1899/2490 5366/1873/2445 5368/1900/2491
f 5366/1873/2448 5369/1875/2449 5370/1900/2491
f 5370/1900/2491 5369/1875/2449 5371/1901/2492
f 5372/1875/2449 5373/1877/2455 5374/1901/2493
f 5374/1901/2493 5373/1877/2455 5375/1902/2494
f 5376/1877/2495 5377/1879/2456 5378/1902/2496
f 5378/1902/2496 5377/1879/2456 5379/1903/2497
f 5380/1879/2456 5381/1881/438 5382/1903/2498
f 5382/1903/2498 5381/1881/438 5383/1904/2499
f 5384/1881/438 5385/1883/2459 5386/1904/2499
f 5386/1904/2499 5385/1883/2459 5387/1905/2500
f 5388/1883/2459 5389/1885/2501 5387/1905/2500
f 5387/1905/2500 5389/1885/2501 5390/1906/2502
f 5391/1885/2503 5392/1887/2504 5393/1906/2505
f 5393/1906/2505 5392/1887/2504 5394/1907/2506
f 5395/1887/2466 5396/1889/2472 5397/1907/2506
f 5397/1907/2506 5396/1889/2472 5398/1908/2507
f 5396/1889/2472 5399/1891/2508 5400/1908/2509
f 5400/1908/2509 5399/1891/2508 5401/1909/2510
f 5402/1891/2511 5403/1893/2427 5404/1909/2512
f 5404/1909/2512 5403/1893/2427 5405/1910/2477
f 5406/1894/2513 5407/1895/2478 5408/1911/2514
f 5408/1911/2514 5407/1895/2478 5409/1912/2515
f 5410/1895/2478 5411/1896/2516 5412/1912/2517
f 5412/1912/2517 5411/1896/2516 5413/1913/2518
f 5414/1896/2483 5415/1897/2519 5413/1913/2520
f 5413/1913/2520 5415/1897/2519 5416/1914/2521
f 5417/1897/2519 5418/1898/2522 5419/1914/2523
f 5419/1914/2523 5418/1898/2522 5420/1915/2524
f 5421/1898/2488 5422/1899/2489 5423/1915/2524
f 5423/1915/2524 5422/1899/2489 5424/1916/2525
f 5425/1899/2490 5426/1900/2491 5427/1916/2526
f 5427/1916/2526 5426/1900/2491 5428/1917/2527
f 5426/1900/2491 5429/1901/2528 5430/1917/2529
f 5430/1917/2529 5429/1901/2528 5431/1918/2530
f 5432/1901/2531 5433/1902/2532 5434/1918/2530
f 5434/1918/2530 5433/1902/2532 5435/1919/2533
f 5436/1902/2496 5437/1903/2498 5438/1919/2534
f 5438/1919/2534 5437/1903/2498 5439/1920/2535
f 5440/1903/2498 5441/1904/2499 5442/1920/2536
f 5442/1920/2536 5441/1904/2499 5443/1921/2537
f 5444/1904/2499 5445/1905/2538 5446/1921/2537
f 5446/1921/2537 5445/1905/2538 5447/1922/2539
f 5448/1905/2500 5449/1906/2540 5450/1922/2539
f 5450/1922/2539 5449/1906/2540 5451/1923/2541
f 5452/1906/2542 5453/1907/2543 5451/1923/2544
f 5451/1923/2544 5453/1907/2543 5454/1924/2545
f 5455/1907/2543 5456/1908/2507 5457/1924/2546
f 5457/1924/2546 5456/1908/2507 5458/1925/2547
f 5456/1908/2548 5459/1909/2510 5460/1925/2549
f 5460/1925/2549 5459/1909/2510 5461/1926/2550
f 5462/1909/2551 5463/1910/2552 5464/1926/2550
f 5464/1926/2550 5463/1910/2552 5465/1927/2553
f 5466/1911/2554 5467/1912/2555 5468/1928/2556
f 5468/1928/2556 5467/1912/2555 5469/1929/2557
f 5470/1912/2555 5471/1913/2558 5472/1929/2557
f 5472/1929/2557 5471/1913/2558 5473/1930/2559
f 5474/1913/2558 5475/1914/2521 5473/1930/2560
f 5473/1930/2560 5475/1914/2521 5476/1931/2561
f 5477/1914/2521 5478/1915/2562 5479/1931/2561
f 5479/1931/2561 5478/1915/2562 5480/1932/2563
f 5481/1915/2564 5482/1916/2565 5483/1932/2566
f 5483/1932/2566 5482/1916/2565 5484/1933/2567
f 5485/1916/2568 5486/1917/2529 5487/1933/2567
f 5487/1933/2567 5486/1917/2529 5488/1934/2569
f 5486/1917/2527 5489/1918/2530 5490/1934/2570
f 5490/1934/2570 5489/1918/2530 5491/1935/2571
f 5492/1918/2530 5493/1919/2534 5494/1935/2572
f 5494/1935/2572 5493/1919/2534 5495/1936/2573
f 5496/1919/2574 5497/1920/2575 5498/1936/2576
f 5498/1936/2576 5497/1920/2575 5499/1937/2577
f 5500/1920/2578 5501/1921/2579 5502/1937/2580
f 5502/1937/2580 5501/1921/2579 5503/1938/2581
f 5504/1921/2537 5505/1922/2582 5506/1938/2581
f 5506/1938/2581 5505/1922/2582 5507/1939/2583
f 5508/1922/2584 5509/1923/2541 5510/1939/2585
f 5510/1939/2585 5509/1923/2541 5511/1940/2586
f 5512/1923/2541 5513/1924/2587 5511/1940/2588
f 5511/1940/2588 5513/1924/2587 5514/1941/2589
f 5515/1924/2545 5516/1925/2590 5517/1941/2591
f 5517/1941/2591 5516/1925/2590 5518/1942/2592
f 5519/1925/2549 5520/1926/2550 5521/1942/2593
f 5521/1942/2593 5520/1926/2550 5522/1943/2594
f 5523/1926/2595 5524/1927/2554 5525/1943/2596
f 5525/1943/2596 5524/1927/2554 5526/1944/2597
f 5527/1928/2597 5528/1929/2598 5529/1945/2599
f 5529/1945/2599 5528/1929/2598 5530/1946/2600
f 5531/1929/2557 5532/1930/2559 5533/1946/2601
f 5533/1946/2601 5532/1930/2559 5534/1947/2602
f 5535/1930/2559 5536/1931/2603 5537/1947/2604
f 5537/1947/2604 5536/1931/2603 5538/1948/2605
f 5539/1931/2561 5540/1932/2566 5541/1948/2606
f 5541/1948/2606 5540/1932/2566 5542/1949/2607
f 5543/1932/2608 5544/1933/2609 5545/1949/2607
f 5545/1949/2607 5544/1933/2609 5546/1950/2610
f 5547/1933/2567 5548/1934/2569 5549/1950/2611
f 5549/1950/2611 5548/1934/2569 5550/1951/2612
f 5548/1934/2613 5551/1935/2572 5552/1951/2612
f 5552/1951/2612 5551/1935/2572 5553/1952/2614
f 5554/1935/2615 5555/1936/2576 5556/1952/2616
f 5556/1952/2616 5555/1936/2576 5557/1953/2617
f 5558/1936/2618 5559/1937/2577 5560/1953/2617
f 5560/1953/2617 5559/1937/2577 5561/1954/2619
f 5562/1937/2577 5563/1938/2620 5564/1954/2621
f 5564/1954/2621 5563/1938/2620 5565/1955/2622
f 5566/1938/2623 5567/1939/2583 5568/1955/2624
f 5568/1955/2624 5567/1939/2583 5569/1956/2625
f 5570/1939/2583 5571/1940/2586 5572/1956/2626
f 5572/1956/2626 5571/1940/2586 5573/1957/2627
f 5574/1940/2586 5575/1941/2628 5576/1957/2627
f 5576/1957/2627 5575/1941/2628 5577/1958/2629
f 5578/1941/2628 5579/1942/2630 5580/1958/2631
f 5580/1958/2631 5579/1942/2630 5581/1959/2632
f 5582/1942/2593 5583/1943/2633 5584/1959/2634
f 5584/1959/2634 5583/1943/2633 5585/1960/2635
f 5586/1943/2633 5587/1944/2556 5585/1960/2636
f 5585/1960/2636 5587/1944/2556 5588/1961/2599
f 5589/1945/2599 5590/1946/2637 5591/1962/2638
f 5591/1962/2638 5590/1946/2637 5592/1963/2639
f 5593/1946/2600 5594/1947/2640 5595/1963/2641
f 5595/1963/2641 5594/1947/2640 5596/1964/2642
f 5597/1947/2643 5598/1948/2606 5599/1964/2644
f 5599/1964/2644 5598/1948/2606 5600/1965/2645
f 5601/1948/2605 5602/1949/2646 5603/1965/2647
f 5603/1965/2647 5602/1949/2646 5604/1966/2648
f 5605/1949/2646 5606/1950/2610 5607/1966/2648
f 5607/1966/2648 5606/1950/2610 5608/1967/2649
f 5609/1950/2650 5610/1951/2651 5611/1967/2649
f 5611/1967/2649 5610/1951/2651 5612/1968/2652
f 5610/1951/2612 5613/1952/2653 5614/1968/2652
f 5614/1968/2652 5613/1952/2653 5615/1969/2654
f 5616/1952/1525 5617/1953/2617 5618/1969/2654
f 5618/1969/2654 5617/1953/2617 5619/1970/2655
f 5620/1953/2617 5621/1954/2621 5622/1970/2656
f 5622/1970/2656 5621/1954/2621 5623/1971/2657
f 5624/1954/2621 5625/1955/2658 5626/1971/2659
f 5626/1971/2659 5625/1955/2658 5627/1972/2660
f 5628/1955/2624 5629/1956/2626 5630/1972/2661
f 5630/1972/2661 5629/1956/2626 5631/1973/2662
f 5632/1956/2625 5633/1957/2627 5634/1973/2662
f 5634/1973/2662 5633/1957/2627 5635/1974/2663
f 5636/1957/2627 5637/1958/2631 5638/1974/2664
f 5638/1974/2664 5637/1958/2631 5639/1975/2665
f 5640/1958/2666 5641/1959/2634 5642/1975/2667
f 5642/1975/2667 5641/1959/2634 5643/1976/2668
f 5644/1959/2634 5645/1960/2669 5646/1976/2668
f 5646/1976/2668 5645/1960/2669 5647/1977/2670
f 5648/1960/2669 5649/1961/2599 5647/1977/2671
f 5647/1977/2671 5649/1961/2599 5650/1978/2672
f 5651/1962/2673 5652/1963/2674 5653/1979/2675
f 5653/1979/2675 5652/1963/2674 5654/1980/2676
f 5655/1963/2639 5656/1964/2677 5657/1980/2676
f 5657/1980/2676 5656/1964/2677 5658/1981/2678
f 5659/1964/2644 5660/1965/2679 5661/1981/2680
f 5661/1981/2680 5660/1965/2679 5662/1982/2681
f 5663/1965/2679 5664/1966/2648 5665/1982/2682
f 5665/1982/2682 5664/1966/2648 5666/1983/2683
f 5667/1966/2648 5668/1967/2649 5669/1983/2684
f 5669/1983/2684 5668/1967/2649 5670/1984/2685
f 5671/1967/2649 5672/1968/2652 5673/1984/2686
f 5673/1984/2686 5672/1968/2652 5674/1985/2687
f 5672/1968/2652 5675/1969/2688 5676/1985/2689
f 5676/1985/2689 5675/1969/2688 5677/1986/2690
f 5678/1969/2688 5679/1970/2656 5680/1986/2691
f 5680/1986/2691 5679/1970/2656 5681/1987/2692
f 5682/1970/2693 5683/1971/2657 5684/1987/2692
f 5684/1987/2692 5683/1971/2657 5685/1988/2694
f 5686/1971/2657 5687/1972/2695 5688/1988/2696
f 5688/1988/2696 5687/1972/2695 5689/1989/2697
f 5690/1972/2698 5691/1973/2662 5692/1989/2699
f 5692/1989/2699 5691/1973/2662 5693/1990/2700
f 5694/1973/2662 5695/1974/2663 5696/1990/2701
f 5696/1990/2701 5695/1974/2663 5697/1991/2702
f 5698/1974/2703 5699/1975/2704 5700/1991/2702
f 5700/1991/2702 5699/1975/2704 5701/1992/2705
f 5702/1975/2706 5703/1976/2707 5704/1992/2708
f 5704/1992/2708 5703/1976/2707 5705/1993/2709
f 5706/1976/2668 5707/1977/2710 5708/1993/2711
f 5708/1993/2711 5707/1977/2710 5709/1994/2712
f 5710/1977/2713 5711/1978/2673 5709/1994/2712
f 5709/1994/2712 5711/1978/2673 5712/1995/2675
f 5713/1979/2675 5714/1980/2714 5715/1996/2715
f 5715/1996/2715 5714/1980/2714 5716/1997/2716
f 5717/1980/2676 5718/1981/2717 5719/1997/2718
f 5719/1997/2718 5718/1981/2717 5720/1998/2719
f 5721/1981/2720 5722/1982/2681 5723/1998/2721
f 5723/1998/2721 5722/1982/2681 5724/1999/2722
f 5725/1982/2723 5726/1983/2684 5727/1999/2722
f 5727/1999/2722 5726/1983/2684 5728/2000/2724
f 5726/1983/2683 5729/1984/2725 5730/2000/2724
f 5730/2000/2724 5729/1984/2725 5731/2001/2726
f 5732/1984/2686 5733/1985/2727 5734/2001/2726
f 5734/2001/2726 5733/1985/2727 5735/2002/2728
f 5736/1985/2729 5737/1986/2730 5738/2002/2731
f 5738/2002/2731 5737/1986/2730 5739/2003/2732
f 5740/1986/2730 5741/1987/2692 5742/2003/2732
f 5742/2003/2732 5741/1987/2692 5743/2004/2733
f 5744/1987/2692 5745/1988/2734 5746/2004/2735
f 5746/2004/2735 5745/1988/2734 5747/2005/2736
f 5748/1988/2737 5749/1989/2699 5750/2005/2738
f 5750/2005/2738 5749/1989/2699 5751/2006/2739
f 5752/1989/2740 5753/1990/2741 5754/2006/2742
f 5754/2006/2742 5753/1990/2741 5755/2007/2743
f 5756/1990/2744 5757/1991/2702 5758/2007/2745
f 5758/2007/2745 5757/1991/2702 5759/2008/2746
f 5760/1991/2702 5761/1992/2708 5762/2008/2747
f 5762/2008/2747 5761/1992/2708 5763/2009/2748
f 5764/1992/2708 5765/1993/2749 5766/2009/2750
f 5766/2009/2750 5765/1993/2749 5767/2010/2751
f 5768/1993/2752 5769/1994/2712 5770/2010/2753
f 5770/2010/2753 5769/1994/2712 5771/2011/2754
f 5772/1994/2755 5773/1995/2756 5771/2011/2754
f 5771/2011/2754 5773/1995/2756 5774/2012/2715
f 5775/1996/2715 5776/1997/2757 5777/2013/2758
f 5777/2013/2758 5776/1997/2757 5778/2014/2759
f 5779/1997/2718 5780/1998/2760 5781/2014/2761
f 5781/2014/2761 5780/1998/2760 5782/2015/2762
f 5783/1998/2721 5784/1999/2722 5785/2015/2763
f 5785/2015/2763 5784/1999/2722 5786/2016/2764
f 5787/1999/2765 5788/2000/2724 5789/2016/2766
f 5789/2016/2766 5788/2000/2724 5790/2017/2767
f 5791/2000/2724 5792/2001/2726 5793/2017/2768
f 5793/2017/2768 5792/2001/2726 5794/2018/2769
f 5795/2001/2726 5796/2002/2770 5797/2018/2771
f 5797/2018/2771 5796/2002/2770 5798/2019/2772
f 5799/2002/2728 5800/2003/2732 5801/2019/2773
f 5801/2019/2773 5800/2003/2732 5802/2020/2774
f 5803/2003/2775 5804/2004/2733 5805/2020/2776
f 5805/2020/2776 5804/2004/2733 5806/2021/2777
f 5807/2004/2733 5808/2005/2738 5809/2021/2777
f 5809/2021/2777 5808/2005/2738 5810/2022/2778
f 5811/2005/2738 5812/2006/2739 5813/2022/2779
f 5813/2022/2779 5812/2006/2739 5814/2023/2780
f 5815/2006/2739 5816/2007/2781 5817/2023/2782
f 5817/2023/2782 5816/2007/2781 5818/2024/2783
f 5819/2007/2781 5820/2008/2746 5818/2024/2783
f 5818/2024/2783 5820/2008/2746 5821/2025/2784
f 5822/2008/2785 5823/2009/2750 5824/2025/2786
f 5824/2025/2786 5823/2009/2750 5825/2026/2787
f 5826/2009/2750 5827/2010/2753 5828/2026/2787
f 5828/2026/2787 5827/2010/2753 5829/2027/2788
f 5827/2010/2789 5830/2011/2754 5831/2027/2788
f 5831/2027/2788 5830/2011/2754 5832/2028/2790
f 5833/2011/2754 5834/2012/2715 5835/2028/2791
f 5835/2028/2791 5834/2012/2715 5836/2029/2758
f 5837/2013/2758 5838/2014/2792 5839/2030/2793
f 5839/2030/2793 5838/2014/2792 5840/2031/2794
f 5841/2014/2795 5842/2015/2796 5843/2031/2794
f 5843/2031/2794 5842/2015/2796 5844/2032/2797
f 5845/2015/2763 5846/2016/2764 5847/2032/2797
f 5847/2032/2797 5846/2016/2764 5848/2033/2798
f 5849/2016/2764 5850/2017/2799 5851/2033/2800
f 5851/2033/2800 5850/2017/2799 5852/2034/2801
f 5853/2017/2799 5854/2018/2769 5855/2034/2801
f 5855/2034/2801 5854/2018/2769 5856/2035/2802
f 5857/2018/2771 5858/2019/2773 5859/2035/2803
f 5859/2035/2803 5858/2019/2773 5860/2036/2804
f 5861/2019/2805 5862/2020/2776 5863/2036/2804
f 5863/2036/2804 5862/2020/2776 5864/2037/2806
f 5865/2020/2776 5866/2021/2777 5867/2037/2807
f 5867/2037/2807 5866/2021/2777 5868/2038/2808
f 5869/2021/2777 5870/2022/2778 5868/2038/2809
f 5868/2038/2809 5870/2022/2778 5871/2039/2810
f 5872/2022/2778 5873/2023/2780 5874/2039/2811
f 5874/2039/2811 5873/2023/2780 5875/2040/2812
f 5876/2023/2780 5877/2024/2813 5878/2040/2812
f 5878/2040/2812 5877/2024/2813 5879/2041/2814
f 5880/2024/2815 5881/2025/2816 5882/2041/2814
f 5882/2041/2814 5881/2025/2816 5883/2042/2817
f 5884/2025/2786 5885/2026/2787 5886/2042/2818
f 5886/2042/2818 5885/2026/2787 5887/2043/2819
f 5888/2026/2820 5889/2027/2788 5890/2043/2821
f 5890/2043/2821 5889/2027/2788 5891/2044/2822
f 5892/2027/2823 5893/2028/2790 5894/2044/2824
f 5894/2044/2824 5893/2028/2790 5895/2045/2825
f 5893/2028/2791 5896/2029/2758 5897/2045/2826
f 5897/2045/2826 5896/2029/2758 5898/2046/2793
f 5899/2030/2793 5900/2031/2794 5901/2047/2827
f 5901/2047/2827 5900/2031/2794 5902/2048/2828
f 5903/2031/2794 5904/2032/2829 5905/2048/2830
f 5905/2048/2830 5904/2032/2829 5906/2049/2831
f 5907/2032/2832 5908/2033/2798 5909/2049/2833
f 5909/2049/2833 5908/2033/2798 5910/2050/2834
f 5911/2033/2835 5912/2034/2801 5913/2050/2834
f 5913/2050/2834 5912/2034/2801 5914/2051/2836
f 5915/2034/2837 5916/2035/2838 5917/2051/2839
f 5917/2051/2839 5916/2035/2838 5918/2052/2840
f 5919/2035/2838 5920/2036/2804 5921/2052/2841
f 5921/2052/2841 5920/2036/2804 5922/2053/2842
f 5923/2036/2843 5924/2037/2807 5925/2053/2844
f 5925/2053/2844 5924/2037/2807 5926/2054/2845
f 5927/2037/2806 5928/2038/2846 5929/2054/2847
f 5929/2054/2847 5928/2038/2846 5930/2055/2848
f 5931/2038/2809 5932/2039/2810 5930/2055/2849
f 5930/2055/2849 5932/2039/2810 5933/2056/2850
f 5934/2039/2810 5935/2040/2812 5936/2056/2851
f 5936/2056/2851 5935/2040/2812 5937/2057/2852
f 5938/2040/2812 5939/2041/2814 5940/2057/2853
f 5940/2057/2853 5939/2041/2814 5941/2058/2854
f 5942/2041/2814 5943/2042/2818 5944/2058/2855
f 5944/2058/2855 5943/2042/2818 5945/2059/2856
f 5946/2042/2818 5947/2043/2857 5948/2059/2856
f 5948/2059/2856 5947/2043/2857 5949/2060/2858
f 5950/2043/2859 5951/2044/2860 5952/2060/2861
f 5952/2060/2861 5951/2044/2860 5953/2061/2862
f 5954/2044/2863 5955/2045/2864 5956/2061/2862
f 5956/2061/2862 5955/2045/2864 5957/2062/2865
f 5955/2045/2866 5958/2046/2867 5959/2062/2865
f 5959/2062/2865 5958/2046/2867 5960/2063/2827
f 5961/2047/2868 5962/2048/2830 5963/2064/2869
f 5963/2064/2869 5962/2048/2830 5964/2065/2870
f 5965/2048/2830 5966/2049/2831 5967/2065/2871
f 5967/2065/2871 5966/2049/2831 5968/2066/2872
f 5969/2049/2831 5970/2050/2834 5971/2066/2872
f 5971/2066/2872 5970/2050/2834 5972/2067/2873
f 5973/2050/2834 5974/2051/2836 5975/2067/2874
f 5975/2067/2874 5974/2051/2836 5976/2068/2875
f 5977/2051/2839 5978/2052/2876 5979/2068/2877
f 5979/2068/2877 5978/2052/2876 5980/2069/2878
f 5981/2052/2879 5982/2053/2842 5983/2069/2880
f 5983/2069/2880 5982/2053/2842 5984/2070/2881
f 5985/2053/2882 5986/2054/2847 5987/2070/2883
f 5987/2070/2883 5986/2054/2847 5988/2071/2884
f 5989/2054/2847 5990/2055/2849 5991/2071/2885
f 5991/2071/2885 5990/2055/2849 5992/2072/2886
f 5993/2055/2887 5994/2056/2850 5992/2072/2888
f 5992/2072/2888 5994/2056/2850 5995/2073/2889
f 5996/2056/2851 5997/2057/2853 5998/2073/2890
f 5998/2073/2890 5997/2057/2853 5999/2074/2891
f 6000/2057/2853 6001/2058/2892 6002/2074/2893
f 6002/2074/2893 6001/2058/2892 6003/2075/2892
f 6004/2058/2892 6005/2059/2856 6006/2075/2892
f 6006/2075/2892 6005/2059/2856 6007/2076/2894
f 6008/2059/2856 6009/2060/2895 6010/2076/2896
f 6010/2076/2896 6009/2060/2895 6011/2077/2897
f 6012/2060/2898 6013/2061/2899 6014/2077/2900
f 6014/2077/2900 6013/2061/2899 6015/2078/2901
f 6016/2061/2862 6017/2062/2902 6018/2078/2901
f 6018/2078/2901 6017/2062/2902 6019/2079/2903
f 6017/2062/2904 6020/2063/2827 6021/2079/2905
f 6021/2079/2905 6020/2063/2827 6022/2080/2906
f 6023/2064/2869 6024/2065/2870 6025/2081/2907
f 6025/2081/2907 6024/2065/2870 6026/2082/2908
f 6027/2065/2871 6028/2066/2872 6029/2082/2909
f 6029/2082/2909 6028/2066/2872 6030/2083/2910
f 6031/2066/2872 6032/2067/2873 6033/2083/2911
f 6033/2083/2911 6032/2067/2873 6034/2084/2912
f 6035/2067/2873 6036/2068/2877 6037/2084/2912
f 6037/2084/2912 6036/2068/2877 6038/2085/2913
f 6039/2068/2914 6040/2069/2915 6041/2085/2913
f 6041/2085/2913 6040/2069/2915 6042/2086/2916
f 6043/2069/2880 6044/2070/2883 6045/2086/2917
f 6045/2086/2917 6044/2070/2883 6046/2087/2918
f 6047/2070/2919 6048/2071/2920 6049/2087/2921
f 6049/2087/2921 6048/2071/2920 6050/2088/2922
f 6051/2071/2885 6052/2072/2888 6053/2088/2923
f 6053/2088/2923 6052/2072/2888 6054/2089/2924
f 6055/2072/2888 6056/2073/2925 6057/2089/2924
f 6057/2089/2924 6056/2073/2925 6058/2090/2926
f 6059/2073/2890 6060/2074/2927 6061/2090/2926
f 6061/2090/2926 6060/2074/2927 6062/2091/2928
f 6063/2074/2927 6064/2075/2892 6065/2091/2929
f 6065/2091/2929 6064/2075/2892 6066/2092/2814
f 6067/2075/2855 6068/2076/2894 6069/2092/2814
f 6069/2092/2814 6068/2076/2894 6070/2093/2930
f 6071/2076/2931 6072/2077/2932 6073/2093/2933
f 6073/2093/2933 6072/2077/2932 6074/2094/2934
f 6075/2077/2932 6076/2078/2901 6077/2094/2934
f 6077/2094/2934 6076/2078/2901 6078/2095/2935
f 6079/2078/2901 6080/2079/2905 6081/2095/2936
f 6081/2095/2936 6080/2079/2905 6082/2096/2937
f 6083/2079/2938 6084/2080/2939 6082/2096/2937
f 6082/2096/2937 6084/2080/2939 6085/2097/2940
f 6086/2081/2907 6087/2082/2941 6088/2098/2942
f 6088/2098/2942 6087/2082/2941 6089/2099/2943
f 6090/2082/2909 6091/2083/2910 6092/2099/2944
f 6092/2099/2944 6091/2083/2910 6093/2100/2945
f 6094/2083/2910 6095/2084/2912 6096/2100/2945
f 6096/2100/2945 6095/2084/2912 6097/2101/2946
f 6098/2084/2947 6099/2085/2913 6100/2101/2946
f 6100/2101/2946 6099/2085/2913 6101/2102/2948
f 6102/2085/2949 6103/2086/2917 6104/2102/2948
f 6104/2102/2948 6103/2086/2917 6105/2103/2950
f 6106/2086/2917 6107/2087/2951 6108/2103/2952
f 6108/2103/2952 6107/2087/2951 6109/2104/2953
f 6110/2087/2954 6111/2088/2955 6109/2104/2956
f 6109/2104/2956 6111/2088/2955 6112/2105/2957
f 6113/2088/2923 6114/2089/2958 6115/2105/2959
f 6115/2105/2959 6114/2089/2958 6116/2106/2960
f 6117/2089/2924 6118/2090/2926 6119/2106/2961
f 6119/2106/2961 6118/2090/2926 6120/2107/2962
f 6121/2090/2926 6122/2091/2929 6123/2107/2963
f 6123/2107/2963 6122/2091/2929 6124/2108/2964
f 6125/2091/2929 6126/2092/2814 6127/2108/2964
f 6127/2108/2964 6126/2092/2814 6128/2109/2965
f 6129/2092/2966 6130/2093/2967 6131/2109/2968
f 6131/2109/2968 6130/2093/2967 6132/2110/2969
f 6130/2093/2967 6133/2094/2934 6134/2110/2970
f 6134/2110/2970 6133/2094/2934 6135/2111/2971
f 6136/2094/2972 6137/2095/2973 6138/2111/2971
f 6138/2111/2971 6137/2095/2973 6139/2112/2974
f 6140/2095/2935 6141/2096/2937 6142/2112/2974
f 6142/2112/2974 6141/2096/2937 6143/2113/2975
f 6144/2096/2937 6145/2097/2907 6146/2113/2975
f 6146/2113/2975 6145/2097/2907 6147/2114/2942
f 6148/2098/2942 6149/2099/2944 6150/2115/2976
f 6150/2115/2976 6149/2099/2944 6151/2116/2977
f 6152/2099/2944 6153/2100/2945 6154/2116/2977
f 6154/2116/2977 6153/2100/2945 6155/2117/2978
f 6156/2100/2945 6157/2101/2946 6158/2117/2979
f 6158/2117/2979 6157/2101/2946 6159/2118/2980
f 6160/2101/2946 6161/2102/2948 6162/2118/2980
f 6162/2118/2980 6161/2102/2948 6163/2119/2981
f 6164/2102/2948 6165/2103/2982 6163/2119/2983
f 6163/2119/2983 6165/2103/2982 6166/2120/2984
f 6167/2103/2950 6168/2104/2953 6169/2120/2985
f 6169/2120/2985 6168/2104/2953 6170/2121/2986
f 6171/2104/2953 6172/2105/2957 6173/2121/2986
f 6173/2121/2986 6172/2105/2957 6174/2122/2987
f 6175/2105/2957 6176/2106/2960 6177/2122/2988
f 6177/2122/2988 6176/2106/2960 6178/2123/2989
f 6179/2106/2960 6180/2107/2963 6181/2123/2989
f 6181/2123/2989 6180/2107/2963 6182/2124/2990
f 6183/2107/2991 6184/2108/2964 6185/2124/2990
f 6185/2124/2990 6184/2108/2964 6186/2125/2992
f 6184/2108/2993 6187/2109/2965 6188/2125/2994
f 6188/2125/2994 6187/2109/2965 6189/2126/2995
f 6190/2109/2996 6191/2110/2970 6192/2126/2997
f 6192/2126/2997 6191/2110/2970 6193/2127/2998
f 6194/2110/2970 6195/2111/2999 6196/2127/2998
f 6196/2127/2998 6195/2111/2999 6197/2128/3000
f 6198/2111/3001 6199/2112/2974 6200/2128/3002
f 6200/2128/3002 6199/2112/2974 6201/2129/3003
f 6202/2112/2974 6203/2113/2975 6204/2129/3003
f 6204/2129/3003 6203/2113/2975 6205/2130/3004
f 6206/2113/2975 6207/2114/2942 6208/2130/3004
f 6208/2130/3004 6207/2114/2942 6209/2131/2976
f 6210/2115/2976 6211/2116/2977 6212/2132/3005
f 6212/2132/3005 6211/2116/2977 6213/2133/3006
f 6214/2116/2977 6215/2117/2978 6216/2133/3006
f 6216/2133/3006 6215/2117/2978 6217/2134/3007
f 6218/2117/3008 6219/2118/2980 6217/2134/3007
f 6217/2134/3007 6219/2118/2980 6220/2135/3009
f 6221/2118/2980 6222/2119/2981 6223/2135/3010
f 6223/2135/3010 6222/2119/2981 6224/2136/3011
f 6225/2119/2983 6226/2120/3012 6227/2136/3013
f 6227/2136/3013 6226/2120/3012 6228/2137/3014
f 6229/2120/2984 6230/2121/2986 6231/2137/3015
f 6231/2137/3015 6230/2121/2986 6232/2138/3016
f 6233/2121/2986 6234/2122/2987 6235/2138/3016
f 6235/2138/3016 6234/2122/2987 6236/2139/3017
f 6237/2122/2987 6238/2123/2989 6239/2139/3017
f 6239/2139/3017 6238/2123/2989 6240/2140/3018
f 6241/2123/3019 6242/2124/3020 6243/2140/3021
f 6243/2140/3021 6242/2124/3020 6244/2141/3022
f 6242/2124/3023 6245/2125/2992 6246/2141/3022
f 6246/2141/3022 6245/2125/2992 6247/2142/2992
f 6248/2125/3024 6249/2126/3025 6250/2142/2994
f 6250/2142/2994 6249/2126/3025 6251/2143/3026
f 6252/2126/3027 6253/2127/3028 6254/2143/3026
f 6254/2143/3026 6253/2127/3028 6255/2144/3029
f 6256/2127/3030 6257/2128/3031 6258/2144/3032
f 6258/2144/3032 6257/2128/3031 6259/2145/3033
f 6260/2128/3000 6261/2129/3034 6262/2145/3033
f 6262/2145/3033 6261/2129/3034 6263/2146/3035
f 6264/2129/3003 6265/2130/3004 6266/2146/3035
f 6266/2146/3035 6265/2130/3004 6267/2147/3036
f 6268/2130/3004 6269/2131/3037 6270/2147/3036
f 6270/2147/3036 6269/2131/3037 6271/2148/3005
f 6272/2132/3038 6273/2133/3039 6274/2149/3040
f 6274/2149/3040 6273/2133/3039 6275/2150/3041
f 6276/2133/3042 6277/2134/3007 6275/2150/3041
f 6275/2150/3041 6277/2134/3007 6278/2151/3043
f 6279/2134/3007 6280/2135/3044 6281/2151/3043
f 6281/2151/3043 6280/2135/3044 6282/2152/3045
f 6283/2135/3009 6284/2136/3011 6285/2152/3045
f 6285/2152/3045 6284/2136/3011 6286/2153/3046
f 6287/2136/3013 6288/2137/3014 6289/2153/3046
f 6289/2153/3046 6288/2137/3014 6290/2154/3047
f 6291/2137/3014 6292/2138/3048 6293/2154/3047
f 6293/2154/3047 6292/2138/3048 6294/2155/3049
f 6295/2138/3016 6296/2139/3017 6297/2155/3050
f 6297/2155/3050 6296/2139/3017 6298/2156/3051
f 6299/2139/3017 6300/2140/3052 6301/2156/3053
f 6301/2156/3053 6300/2140/3052 6302/2157/3054
f 6300/2140/3052 6303/2141/3055 6304/2157/3056
f 6304/2157/3056 6303/2141/3055 6305/2158/3057
f 6306/2141/3022 6307/2142/2992 6308/2158/3057
f 6308/2158/3057 6307/2142/2992 6309/2159/2964
f 6310/2142/2994 6311/2143/3026 6312/2159/3058
f 6312/2159/3058 6311/2143/3026 6313/2160/3059
f 6314/2143/3026 6315/2144/3060 6316/2160/3059
f 6316/2160/3059 6315/2144/3060 6317/2161/3061
f 6318/2144/3029 6319/2145/3033 6320/2161/3061
f 6320/2161/3061 6319/2145/3033 6321/2162/3062
f 6322/2145/3063 6323/2146/3064 6324/2162/3062
f 6324/2162/3062 6323/2146/3064 6325/2163/3065
f 6326/2146/3064 6327/2147/3036 6328/2163/3066
f 6328/2163/3066 6327/2147/3036 6329/2164/3067
f 6330/2147/3036 6331/2148/3005 6332/2164/3067
f 6332/2164/3067 6331/2148/3005 6333/2165/3068
f 6334/2149/3069 6335/2150/3041 6336/2166/3070
f 6336/2166/3070 6335/2150/3041 6337/2167/3071
f 6338/2150/3041 6339/2151/3043 6337/2167/3071
f 6337/2167/3071 6339/2151/3043 6340/2168/3072
f 6341/2151/3043 6342/2152/3045 6343/2168/3072
f 6343/2168/3072 6342/2152/3045 6344/2169/3073
f 6345/2152/3045 6346/2153/3046 6347/2169/3073
f 6347/2169/3073 6346/2153/3046 6348/2170/3074
f 6349/2153/3046 6350/2154/3047 6351/2170/3075
f 6351/2170/3075 6350/2154/3047 6352/2171/3076
f 6353/2154/3047 6354/2155/3049 6355/2171/3076
f 6355/2171/3076 6354/2155/3049 6356/2172/3077
f 6357/2155/3049 6358/2156/3051 6359/2172/3078
f 6359/2172/3078 6358/2156/3051 6360/2173/3079
f 6361/2156/3051 6362/2157/3080 6363/2173/3081
f 6363/2173/3081 6362/2157/3080 6364/2174/3082
f 6362/2157/3083 6365/2158/3057 6366/2174/3084
f 6366/2174/3084 6365/2158/3057 6367/2175/3085
f 6368/2158/3057 6369/2159/3058 6370/2175/3086
f 6370/2175/3086 6369/2159/3058 6371/2176/3087
f 6372/2159/2964 6373/2160/3088 6374/2176/3089
f 6374/2176/3089 6373/2160/3088 6375/2177/3090
f 6376/2160/3059 6377/2161/3091 6378/2177/3092
f 6378/2177/3092 6377/2161/3091 6379/2178/3093
f 6380/2161/3094 6381/2162/3095 6382/2178/3096
f 6382/2178/3096 6381/2162/3095 6383/2179/3097
f 6384/2162/3098 6385/2163/3065 6386/2179/3097
f 6386/2179/3097 6385/2163/3065 6387/2180/3099
f 6388/2163/3100 6389/2164/3101 6390/2180/3099
f 6390/2180/3099 6389/2164/3101 6391/2181/3102
f 6392/2164/3103 6393/2165/3068 6394/2181/3104
f 6394/2181/3104 6393/2165/3068 6395/2182/3105
f 6396/2166/3105 6397/2167/3106 6398/2183/3107
f 6398/2183/3107 6397/2167/3106 6399/2184/3108
f 6400/2167/3071 6401/2168/3109 6399/2184/3110
f 6399/2184/3110 6401/2168/3109 6402/2185/3111
f 6403/2168/3072 6404/2169/3073 6405/2185/3111
f 6405/2185/3111 6404/2169/3073 6406/2186/3112
f 6407/2169/3113 6408/2170/3114 6409/2186/3115
f 6409/2186/3115 6408/2170/3114 6410/2187/3116
f 6411/2170/3117 6412/2171/3076 6413/2187/3116
f 6413/2187/3116 6412/2171/3076 6414/2188/3118
f 6415/2171/3119 6416/2172/3077 6417/2188/3118
f 6417/2188/3118 6416/2172/3077 6418/2189/3120
f 6419/2172/3078 6420/2173/3121 6421/2189/3122
f 6421/2189/3122 6420/2173/3121 6422/2190/3123
f 6423/2173/3079 6424/2174/3082 6425/2190/3123
f 6425/2190/3123 6424/2174/3082 6426/2191/3124
f 6424/2174/3082 6427/2175/3085 6428/2191/3124
f 6428/2191/3124 6427/2175/3085 6429/2192/3125
f 6430/2175/3086 6431/2176/3126 6432/2192/3127
f 6432/2192/3127 6431/2176/3126 6433/2193/3128
f 6434/2176/3087 6435/2177/3129 6436/2193/3130
f 6436/2193/3130 6435/2177/3129 6437/2194/3131
f 6438/2177/3090 6439/2178/3132 6440/2194/3133
f 6440/2194/3133 6439/2178/3132 6441/2195/3134
f 6442/2178/3096 6443/2179/3097 6444/2195/3134
f 6444/2195/3134 6443/2179/3097 6445/2196/3135
f 6446/2179/3136 6447/2180/3099 6448/2196/3137
f 6448/2196/3137 6447/2180/3099 6449/2197/3138
f 6450/2180/3139 6451/2181/3102 6452/2197/3138
f 6452/2197/3138 6451/2181/3102 6453/2198/3140
f 6454/2181/3102 6455/2182/3105 6456/2198/3140
f 6456/2198/3140 6455/2182/3105 6457/2199/3141
f 6458/2183/3142 6459/2184/3108 6460/2200/3143
f 6460/2200/3143 6459/2184/3108 6461/2201/3144
f 6462/2184/3110 6463/2185/3145 6461/2201/3144
f 6461/2201/3144 6463/2185/3145 6464/2202/3146
f 6465/2185/3147 6466/2186/3112 6467/2202/3146
f 6467/2202/3146 6466/2186/3112 6468/2203/3148
f 6469/2186/3149 6470/2187/3150 6471/2203/3151
f 6471/2203/3151 6470/2187/3150 6472/2204/3152
f 6473/2187/3153 6474/2188/3154 6475/2204/3155
f 6475/2204/3155 6474/2188/3154 6476/2205/3156
f 6477/2188/3118 6478/2189/3157 6479/2205/3158
f 6479/2205/3158 6478/2189/3157 6480/2206/3159
f 6481/2189/3160 6482/2190/3161 6483/2206/3159
f 6483/2206/3159 6482/2190/3161 6484/2207/3162
f 6485/2190/3123 6486/2191/3163 6487/2207/3162
f 6487/2207/3162 6486/2191/3163 6488/2208/3164
f 6486/2191/3124 6489/2192/3125 6490/2208/3165
f 6490/2208/3165 6489/2192/3125 6491/2209/3166
f 6492/2192/3167 6493/2193/3128 6494/2209/3168
f 6494/2209/3168 6493/2193/3128 6495/2210/3169
f 6496/2193/3130 6497/2194/3133 6498/2210/3169
f 6498/2210/3169 6497/2194/3133 6499/2211/3170
f 6500/2194/3171 6501/2195/3134 6502/2211/3172
f 6502/2211/3172 6501/2195/3134 6503/2212/3173
f 6504/2195/3134 6505/2196/3135 6506/2212/3173
f 6506/2212/3173 6505/2196/3135 6507/2213/3174
f 6508/2196/3137 6509/2197/3175 6510/2213/3176
f 6510/2213/3176 6509/2197/3175 6511/2214/3177
f 6512/2197/3138 6513/2198/3140 6514/2214/3177
f 6514/2214/3177 6513/2198/3140 6515/2215/3178
f 6516/2198/3140 6517/2199/3179 6518/2215/3178
f 6518/2215/3178 6517/2199/3179 6519/2216/3180
f 6520/2200/3181 6521/2201/3144 6522/2217/3182
f 6522/2217/3182 6521/2201/3144 6523/2218/3183
f 6524/2201/3144 6525/2202/3184 6523/2218/3185
f 6523/2218/3185 6525/2202/3184 6526/2219/3186
f 6527/2202/3187 6528/2203/3188 6529/2219/3186
f 6529/2219/3186 6528/2203/3188 6530/2220/3189
f 6531/2203/3190 6532/2204/3155 6533/2220/3191
f 6533/2220/3191 6532/2204/3155 6534/2221/3192
f 6535/2204/3155 6536/2205/3193 6537/2221/3192
f 6537/2221/3192 6536/2205/3193 6538/2222/3194
f 6539/2205/3158 6540/2206/3159 6541/2222/3195
f 6541/2222/3195 6540/2206/3159 6542/2223/3196
f 6543/2206/3197 6544/2207/3162 6545/2223/3198
f 6545/2223/3198 6544/2207/3162 6546/2224/3199
f 6547/2207/3162 6548/2208/3164 6549/2224/3200
f 6549/2224/3200 6548/2208/3164 6550/2225/3201
f 6551/2208/3202 6552/2209/3203 6553/2225/3201
f 6553/2225/3201 6552/2209/3203 6554/2226/3204
f 6552/2209/3203 6555/2210/3205 6556/2226/3206
f 6556/2226/3206 6555/2210/3205 6557/2227/3207
f 6558/2210/3205 6559/2211/3170 6560/2227/3208
f 6560/2227/3208 6559/2211/3170 6561/2228/3209
f 6562/2211/3170 6563/2212/3210 6564/2228/3211
f 6564/2228/3211 6563/2212/3210 6565/2229/3212
f 6566/2212/3210 6567/2213/3213 6568/2229/3214
f 6568/2229/3214 6567/2213/3213 6569/2230/3215
f 6570/2213/3176 6571/2214/3177 6572/2230/3216
f 6572/2230/3216 6571/2214/3177 6573/2231/3217
f 6574/2214/3177 6575/2215/3178 6576/2231/3218
f 6576/2231/3218 6575/2215/3178 6577/2232/3219
f 6578/2215/3220 6579/2216/3180 6580/2232/3219
f 6580/2232/3219 6579/2216/3180 6581/2233/3182
f 6582/2217/3182 6583/2218/3221 6584/2234/3222
f 6584/2234/3222 6583/2218/3221 6585/2235/3223
f 6586/2218/3183 6587/2219/3224 6585/2235/3225
f 6585/2235/3225 6587/2219/3224 6588/2236/3226
f 6589/2219/3186 6590/2220/3191 6591/2236/3226
f 6591/2236/3226 6590/2220/3191 6592/2237/3227
f 6593/2220/3191 6594/2221/3192 6595/2237/3227
f 6595/2237/3227 6594/2221/3192 6596/2238/3228
f 6597/2221/3192 6598/2222/3229 6599/2238/3230
f 6599/2238/3230 6598/2222/3229 6600/2239/3231
f 6601/2222/3194 6602/2223/3196 6603/2239/3232
f 6603/2239/3232 6602/2223/3196 6604/2240/3233
f 6605/2223/3198 6606/2224/3200 6607/2240/3234
f 6607/2240/3234 6606/2224/3200 6608/2241/3235
f 6609/2224/3236 6610/2225/3201 6611/2241/3235
f 6611/2241/3235 6610/2225/3201 6612/2242/3237
f 6613/2225/3238 6614/2226/3204 6615/2242/3239
f 6615/2242/3239 6614/2226/3204 6616/2243/3240
f 6614/2226/3206 6617/2227/3241 6618/2243/3240
f 6618/2243/3240 6617/2227/3241 6619/2244/3242
f 6620/2227/3207 6621/2228/3211 6622/2244/3242
f 6622/2244/3242 6621/2228/3211 6623/2245/3243
f 6624/2228/3209 6625/2229/3212 6626/2245/3244
f 6626/2245/3244 6625/2229/3212 6627/2246/3245
f 6628/2229/3246 6629/2230/3247 6630/2246/3245
f 6630/2246/3245 6629/2230/3247 6631/2247/3248
f 6632/2230/3249 6633/2231/3217 6634/2247/3250
f 6634/2247/3250 6633/2231/3217 6635/2248/3251
f 6636/2231/3252 6637/2232/3219 6638/2248/3253
f 6638/2248/3253 6637/2232/3219 6639/2249/3254
f 6640/2232/3219 6641/2233/3182 6642/2249/3254
f 6642/2249/3254 6641/2233/3182 6643/2250/3222
f 6644/2234/3255 6645/2235/3256 6646/2251/3257
f 6646/2251/3257 6645/2235/3256 6647/2252/3258
f 6648/2235/3223 6649/2236/3259 6650/2252/3260
f 6650/2252/3260 6649/2236/3259 6651/2253/3261
f 6652/2236/3226 6653/2237/3262 6654/2253/3261
f 6654/2253/3261 6653/2237/3262 6655/2254/3263
f 6656/2237/3264 6657/2238/3228 6658/2254/3265
f 6658/2254/3265 6657/2238/3228 6659/2255/3266
f 6660/2238/3230 6661/2239/3267 6662/2255/3268
f 6662/2255/3268 6661/2239/3267 6663/2256/3269
f 6664/2239/3270 6665/2240/3271 6666/2256/3272
f 6666/2256/3272 6665/2240/3271 6667/2257/3273
f 6668/2240/3234 6669/2241/3235 6670/2257/3274
f 6670/2257/3274 6669/2241/3235 6671/2258/3275
f 6672/2241/3235 6673/2242/3239 6674/2258/3276
f 6674/2258/3276 6673/2242/3239 6675/2259/3277
f 6676/2242/3239 6677/2243/3240 6678/2259/506
f 6678/2259/506 6677/2243/3240 6679/2260/3278
f 6677/2243/3279 6680/2244/3280 6681/2260/3281
f 6681/2260/3281 6680/2244/3280 6682/2261/3282
f 6683/2244/3283 6684/2245/3243 6685/2261/3284
f 6685/2261/3284 6684/2245/3243 6686/2262/3285
f 6687/2245/3243 6688/2246/3286 6689/2262/3285
f 6689/2262/3285 6688/2246/3286 6690/2263/3287
f 6691/2246/3245 6692/2247/3288 6693/2263/3289
f 6693/2263/3289 6692/2247/3288 6694/2264/3290
f 6695/2247/3291 6696/2248/3292 6697/2264/3293
f 6697/2264/3293 6696/2248/3292 6698/2265/3294
f 6699/2248/3295 6700/2249/3296 6701/2265/3294
f 6701/2265/3294 6700/2249/3296 6702/2266/3297
f 6703/2249/3254 6704/2250/3222 6702/2266/3298
f 6702/2266/3298 6704/2250/3222 6705/2267/3299
f 6706/1860/3300 6707/1860/2457 6708/1860/3301
f 6707/1860/2457 6709/1860/3302 6708/1860/3301
f 6708/1860/3301 6709/1860/3302 6710/1860/3303
f 6709/1860/3302 6711/1860/2453 6710/1860/3303
f 6710/1860/3303 6711/1860/2453 6712/1860/2467
f 6711/1860/2453 6713/1860/3304 6712/1860/2467
f 6712/1860/2467 6713/1860/3304 6714/1860/2474
f 6713/1860/3304 6715/1860/2446 6714/1860/2474
f 6714/1860/2474 6715/1860/2446 6716/1860/2425
f 6715/1860/2446 6717/1860/2443 6716/1860/2425
f 6716/1860/2425 6717/1860/2443 6718/1860/3305
f 6717/1860/2443 6719/1860/3306 6718/1860/3305
f 6718/1860/3305 6719/1860/3306 6720/1860/3307
f 6719/1860/3306 6721/1860/3308 6720/1860/3307
f 6722/1860/3309 6723/1860/3310 6724/1860/3311
f 6723/1860/3310 6725/1860/3290 6724/1860/3311
f 6724/1860/3311 6725/1860/3290 6726/1860/3278
f 6725/1860/3290 6727/1860/3312 6726/1860/3278
f 6726/1860/3278 6727/1860/3312 6728/1860/506
f 6727/1860/3312 6729/1860/3313 6728/1860/506
f 6728/1860/506 6729/1860/3313 6730/1860/3314
f 6729/1860/3313 6731/1860/3257 6730/1860/3314
f 6730/1860/3314 6731/1860/3257 6732/1860/3273
f 6731/1860/3257 6733/1860/3260 6732/1860/3273
f 6732/1860/3273 6733/1860/3260 6734/1860/3272
f 6733/1860/3260 6735/1860/3315 6734/1860/3272
f 6734/1860/3272 6735/1860/3315 6736/1860/3316
f 6735/1860/3315 6737/1860/3265 6736/1860/3316
f 6738/2268/3317 6739/2269/3318 6740/2270/3317
f 6740/2270/3317 6739/2269/3318 6741/2271/3318
f 6742/2269/3318 6743/2272/3319 6744/2271/3318
f 6744/2271/3318 6743/2272/3319 6745/2273/3319
f 6746/2272/3319 6747/2274/3320 6748/2273/3319
f 6748/2273/3319 6747/2274/3320 6749/2275/3320
f 6750/2274/3320 6751/2276/3321 6752/2275/3320
f 6752/2275/3320 6751/2276/3321 6753/2277/3321
f 6754/2276/3321 6755/2278/3322 6756/2277/3321
f 6756/2277/3321 6755/2278/3322 6757/2279/3323
f 6758/2278/3323 6759/2280/3324 6760/2279/3323
f 6760/2279/3323 6759/2280/3324 6761/2281/3324
f 6762/2282/3325 6763/2283/3326 6764/2284/3325
f 6764/2284/3325 6763/2283/3326 6765/2285/3326
f 6766/2283/3326 6767/2286/3327 6768/2285/3326
f 6768/2285/3326 6767/2286/3327 6769/2287/3327
f 6770/2286/3327 6771/2288/3328 6772/2287/3327
f 6772/2287/3327 6771/2288/3328 6773/2289/3328
f 6774/2288/3328 6775/2268/3329 6776/2289/3328
f 6776/2289/3328 6775/2268/3329 6777/2270/3317
f 6778/2270/420 6779/2271/420 6780/2290/420
f 6780/2290/420 6779/2271/420 6781/2291/420
f 6782/2271/420 6783/2273/420 6784/2291/420
f 6784/2291/420 6783/2273/420 6785/2292/420
f 6786/2273/420 6787/2275/420 6788/2292/420
f 6788/2292/420 6787/2275/420 6789/2293/420
f 6790/2275/420 6791/2277/420 6792/2293/420
f 6792/2293/420 6791/2277/420 6793/2294/420
f 6794/2277/420 6795/2279/420 6796/2294/420
f 6796/2294/420 6795/2279/420 6797/2295/420
f 6798/2279/420 6799/2281/420 6800/2295/420
f 6800/2295/420 6799/2281/420 6801/2296/420
f 6802/2284/420 6803/2285/420 6804/2297/3330
f 6804/2297/3330 6803/2285/420 6805/2298/420
f 6806/2285/420 6807/2287/420 6808/2298/420
f 6808/2298/420 6807/2287/420 6809/2299/420
f 6810/2287/420 6811/2289/420 6812/2299/420
f 6812/2299/420 6811/2289/420 6813/2300/420
f 6814/2289/420 6815/2270/420 6816/2300/420
f 6816/2300/420 6815/2270/420 6817/2290/420
f 6818/2290/3331 6819/2291/3332 6820/2301/3333
f 6820/2301/3333 6819/2291/3332 6821/2302/3332
f 6822/2291/3332 6823/2292/3334 6824/2302/3332
f 6824/2302/3332 6823/2292/3334 6825/2303/3334
f 6826/2292/3334 6827/2293/3335 6828/2303/3334
f 6828/2303/3334 6827/2293/3335 6829/2304/3336
f 6830/2293/3335 6831/2294/3337 6832/2304/3335
f 6832/2304/3335 6831/2294/3337 6833/2305/3338
f 6834/2294/3339 6835/2295/3340 6836/2305/3339
f 6836/2305/3339 6835/2295/3340 6837/2306/3340
f 6838/2295/3340 6839/2296/3341 6840/2306/3340
f 6840/2306/3340 6839/2296/3341 6841/2307/3341
f 6842/2297/3342 6843/2298/3343 6844/2308/3344
f 6844/2308/3344 6843/2298/3343 6845/2309/3343
f 6846/2298/3343 6847/2299/3345 6848/2309/3346
f 6848/2309/3346 6847/2299/3345 6849/2310/3345
f 6850/2299/3345 6851/2300/3347 6852/2310/3345
f 6852/2310/3345 6851/2300/3347 6853/2311/3348
f 6854/2300/3347 6855/2290/3331 6856/2311/3347
f 6856/2311/3347 6855/2290/3331 6857/2301/3331
f 6858/2312/3349 6859/2313/3350 6860/2314/3349
f 6860/2314/3349 6859/2313/3350 6861/2315/3351
f 6862/2313/3350 6863/2316/3352 6864/2315/3350
f 6864/2315/3350 6863/2316/3352 6865/2317/3352
f 6866/2316/3352 6867/2318/3353 6868/2317/3352
f 6868/2317/3352 6867/2318/3353 6869/2319/3353
f 6870/2318/3353 6871/2320/3354 6872/2319/3353
f 6872/2319/3353 6871/2320/3354 6873/2321/3355
f 6874/2320/3354 6875/2322/3356 6876/2321/3355
f 6876/2321/3355 6875/2322/3356 6877/2323/3356
f 6878/2322/3357 6879/2324/3358 6880/2323/3357
f 6880/2323/3357 6879/2324/3358 6881/2325/3359
f 6882/2326/3360 6883/2327/3361 6884/2328/3360
f 6884/2328/3360 6883/2327/3361 6885/2329/3361
f 6886/2327/3361 6887/2330/3362 6888/2329/3363
f 6888/2329/3363 6887/2330/3362 6889/2331/3362
f 6890/2330/3364 6891/2332/3365 6892/2331/3362
f 6892/2331/3362 6891/2332/3365 6893/2333/3365
f 6894/2332/3365 6895/2312/3349 6896/2333/3365
f 6896/2333/3365 6895/2312/3349 6897/2314/3349
f 6898/2314/409 6899/2315/415 6900/2334/405
f 6900/2334/405 6899/2315/415 6901/2335/3366
f 6902/2315/3367 6903/2317/837 6904/2335/409
f 6904/2335/409 6903/2317/837 6905/2336/3368
f 6906/2317/840 6907/2319/415 6908/2336/409
f 6908/2336/409 6907/2319/415 6909/2337/409
f 6910/2319/407 6911/2321/409 6912/2337/405
f 6912/2337/405 6911/2321/409 6913/2338/409
f 6914/2321/409 6915/2323/410 6916/2338/409
f 6916/2338/409 6915/2323/410 6917/2339/409
f 6918/2323/410 6919/2325/407 6920/2339/413
f 6920/2339/413 6919/2325/407 6921/2340/413
f 6922/2328/410 6923/2329/409 6924/2341/405
f 6924/2341/405 6923/2329/409 6925/2342/3366
f 6926/2329/407 6927/2331/409 6928/2342/409
f 6928/2342/409 6927/2331/409 6929/2343/413
f 6930/2331/407 6931/2333/405 6932/2343/410
f 6932/2343/410 6931/2333/405 6933/2344/409
f 6934/2333/409 6935/2314/409 6936/2344/407
f 6936/2344/407 6935/2314/409 6937/2334/409
f 6938/2334/3369 6939/2335/3370 6940/2345/3369
f 6940/2345/3369 6939/2335/3370 6941/2346/3371
f 6942/2335/3370 6943/2336/3372 6944/2346/3370
f 6944/2346/3370 6943/2336/3372 6945/2347/3373
f 6946/2336/3373 6947/2337/3374 6948/2347/3373
f 6948/2347/3373 6947/2337/3374 6949/2348/3374
f 6950/2337/3374 6951/2338/3375 6952/2348/3376
f 6952/2348/3376 6951/2338/3375 6953/2349/3375
f 6954/2338/3375 6955/2339/3377 6956/2349/3378
f 6956/2349/3378 6955/2339/3377 6957/2350/3379
f 6958/2339/3377 6959/2340/3380 6960/2350/3377
f 6960/2350/3377 6959/2340/3380 6961/2351/3380
f 6962/2341/3381 6963/2342/3382 6964/2352/3381
f 6964/2352/3381 6963/2342/3382 6965/2353/3382
f 6966/2342/3383 6967/2343/3384 6968/2353/3382
f 6968/2353/3382 6967/2343/3384 6969/2354/3385
f 6970/2343/3386 6971/2344/3387 6972/2354/3386
f 6972/2354/3386 6971/2344/3387 6973/2355/3387
f 6974/2344/3387 6975/2334/3369 6976/2355/3387
f 6976/2355/3387 6975/2334/3369 6977/2345/3369
f 6978/2356/3388 6979/2357/3388 6980/2358/3389
f 6980/2358/3389 6979/2357/3388 6981/2359/3390
f 6982/2358/3389 6983/2359/3391 6984/2360/3392
f 6984/2360/3392 6983/2359/3391 6985/2361/3392
f 6986/2360/3392 6987/2361/3392 6988/2362/3393
f 6988/2362/3393 6987/2361/3392 6989/2363/3394
f 6990/2362/3394 6991/2363/3395 6992/2364/3396
f 6992/2364/3396 6991/2363/3395 6993/2365/3396
f 6994/2364/3396 6995/2365/3396 6996/2366/3397
f 6996/2366/3397 6995/2365/3396 6997/2367/3398
f 6998/2366/3398 6999/2367/3398 7000/2324/3399
f 7000/2324/3399 6999/2367/3398 7001/2325/3399
f 7002/2368/3360 7003/2369/3400 7004/2370/3401
f 7004/2370/3401 7003/2369/3400 7005/2371/3401
f 7006/2370/3401 7007/2371/3401 7008/2372/3402
f 7008/2372/3402 7007/2371/3401 7009/2373/3403
f 7010/2372/3403 7011/2373/3404 7012/2374/3405
f 7012/2374/3405 7011/2373/3404 7013/2375/3405
f 7014/2374/3405 7015/2375/3405 7016/2356/3388
f 7016/2356/3388 7015/2375/3405 7017/2357/3388
f 7018/2357/415 7019/2376/415 7020/2359/414
f 7020/2359/414 7019/2376/415 7021/2377/410
f 7022/2359/407 7023/2377/415 7024/2361/406
f 7024/2361/406 7023/2377/415 7025/2378/406
f 7026/2361/409 7027/2378/415 7028/2363/415
f 7028/2363/415 7027/2378/415 7029/2379/409
f 7030/2363/410 7031/2379/410 7032/2365/407
f 7032/2365/407 7031/2379/410 7033/2380/409
f 7034/2365/410 7035/2380/405 7036/2367/410
f 7036/2367/410 7035/2380/405 7037/2381/409
f 7038/2367/410 7039/2381/840 7040/2325/840
f 7040/2325/840 7039/2381/840 7041/2340/840
f 7042/2369/410 7043/2382/409 7044/2371/409
f 7044/2371/409 7043/2382/409 7045/2383/410
f 7046/2371/407 7047/2383/407 7048/2373/409
f 7048/2373/409 7047/2383/407 7049/2384/840
f 7050/2373/409 7051/2384/414 7052/2375/409
f 7052/2375/409 7051/2384/414 7053/2385/409
f 7054/2375/409 7055/2385/409 7056/2357/410
f 7056/2357/410 7055/2385/409 7057/2376/409
f 7058/2376/3406 7059/2386/3406 7060/2377/3407
f 7060/2377/3407 7059/2386/3406 7061/2387/3407
f 7062/2377/3407 7063/2387/3407 7064/2378/3408
f 7064/2378/3408 7063/2387/3407 7065/2388/3409
f 7066/2378/3409 7067/2388/3409 7068/2379/3410
f 7068/2379/3410 7067/2388/3409 7069/2389/3410
f 7070/2379/3410 7071/2389/3410 7072/2380/3411
f 7072/2380/3411 7071/2389/3410 7073/2390/3411
f 7074/2380/3411 7075/2390/3412 7076/2381/3413
f 7076/2381/3413 7075/2390/3412 7077/2391/3414
f 7078/2381/3413 7079/2391/3413 7080/2340/3380
f 7080/2340/3380 7079/2391/3413 7081/2351/3380
f 7082/2382/3381 7083/2392/3381 7084/2383/3415
f 7084/2383/3415 7083/2392/3381 7085/2393/3415
f 7086/2383/3415 7087/2393/3415 7088/2384/3416
f 7088/2384/3416 7087/2393/3415 7089/2394/3416
f 7090/2384/3416 7091/2394/3417 7092/2385/3418
f 7092/2385/3418 7091/2394/3417 7093/2395/3418
f 7094/2385/3419 7095/2395/3419 7096/2376/3406
f 7096/2376/3406 7095/2395/3419 7097/2386/3406
f 7098/2313/401 7099/2312/3420 7100/2396/401
f 7100/2396/401 7099/2312/3420 7101/2397/3421
f 7102/2312/3422 7103/2332/3423 7104/2397/3420
f 7104/2397/3420 7103/2332/3423 7105/2398/3423
f 7106/2332/3424 7107/2330/3425 7108/2398/3423
f 7108/2398/3423 7107/2330/3425 7109/2399/3425
f 7110/2330/3425 7111/2327/3426 7112/2399/3425
f 7112/2399/3425 7111/2327/3426 7113/2400/3427
f 7114/2327/3428 7115/2326/3429 7116/2400/3428
f 7116/2400/3428 7115/2326/3429 7117/2401/3429
f 7118/2368/3430 7119/2370/3431 7120/2402/3430
f 7120/2402/3430 7119/2370/3431 7121/2403/3431
f 7122/2370/3431 7123/2372/3432 7124/2403/3433
f 7124/2403/3433 7123/2372/3432 7125/2404/3434
f 7126/2372/3432 7127/2374/3435 7128/2404/3436
f 7128/2404/3436 7127/2374/3435 7129/2405/3435
f 7130/2374/3435 7131/2356/3437 7132/2405/3438
f 7132/2405/3438 7131/2356/3437 7133/2406/3439
f 7134/2356/3437 7135/2358/834 7136/2406/3440
f 7136/2406/3440 7135/2358/834 7137/2407/834
f 7138/2358/834 7139/2360/3441 7140/2407/834
f 7140/2407/834 7139/2360/3441 7141/2408/3441
f 7142/2360/3441 7143/2362/3442 7144/2408/3441
f 7144/2408/3441 7143/2362/3442 7145/2409/3442
f 7146/2362/3443 7147/2364/3444 7148/2409/3443
f 7148/2409/3443 7147/2364/3444 7149/2410/3444
f 7150/2364/3444 7151/2366/3445 7152/2410/3444
f 7152/2410/3444 7151/2366/3445 7153/2411/3445
f 7154/2366/3445 7155/2324/3446 7156/2411/3445
f 7156/2411/3445 7155/2324/3446 7157/2412/3447
f 7158/2324/3446 7159/2322/3448 7160/2412/3446
f 7160/2412/3446 7159/2322/3448 7161/2413/3449
f 7162/2322/3450 7163/2320/3451 7164/2413/3450
f 7164/2413/3450 7163/2320/3451 7165/2414/3451
f 7166/2320/3452 7167/2318/3453 7168/2414/3451
f 7168/2414/3451 7167/2318/3453 7169/2415/3453
f 7170/2318/3453 7171/2316/3454 7172/2415/3453
f 7172/2415/3453 7171/2316/3454 7173/2416/3454
f 7174/2316/3454 7175/2313/401 7176/2416/3454
f 7176/2416/3454 7175/2313/401 7177/2396/401
f 7178/2417/3455 7179/2418/3456 7180/2419/3457
f 7180/2419/3457 7179/2418/3456 7181/2420/3456
f 7182/2418/3458 7183/2421/3459 7184/2420/3458
f 7184/2420/3458 7183/2421/3459 7185/2422/3459
f 7186/2421/3459 7187/2423/3460 7188/2422/3459
f 7188/2422/3459 7187/2423/3460 7189/2424/3461
f 7190/2423/3461 7191/2425/2373 7192/2424/3461
f 7192/2424/3461 7191/2425/2373 7193/2426/3462
f 7194/2425/3462 7195/2427/3463 7196/2426/2377
f 7196/2426/2377 7195/2427/3463 7197/2428/3463
f 7198/2427/3464 7199/2429/3465 7200/2428/3466
f 7200/2428/3466 7199/2429/3465 7201/2430/3465
f 7202/2429/3465 7203/2431/3467 7204/2430/3468
f 7204/2430/3468 7203/2431/3467 7205/2432/3467
f 7206/2431/3467 7207/2433/3469 7208/2432/3467
f 7208/2432/3467 7207/2433/3469 7209/2434/3469
f 7210/2433/3469 7211/2435/3470 7212/2434/3469
f 7212/2434/3469 7211/2435/3470 7213/2436/3470
f 7214/2435/3470 7215/2437/3471 7216/2436/3470
f 7216/2436/3470 7215/2437/3471 7217/2438/3472
f 7218/2437/3472 7219/2439/3473 7220/2438/3472
f 7220/2438/3472 7219/2439/3473 7221/2440/3473
f 7222/2439/3474 7223/2441/3475 7224/2440/3476
f 7224/2440/3476 7223/2441/3475 7225/2442/3477
f 7226/2441/3475 7227/2443/3478 7228/2442/3475
f 7228/2442/3475 7227/2443/3478 7229/2444/3478
f 7230/2443/3478 7231/2445/3479 7232/2444/3478
f 7232/2444/3478 7231/2445/3479 7233/2446/3480
f 7234/2445/3479 7235/2447/3481 7236/2446/3479
f 7236/2446/3479 7235/2447/3481 7237/2448/3482
f 7238/2447/3481 7239/2449/3455 7240/2448/3483
f 7240/2448/3483 7239/2449/3455 7241/2450/3455
f 7242/2420/3484 7243/2422/3485 7244/413/3486
f 7244/413/3486 7243/2422/3485 7245/400/3487
f 7243/2422/3487 7246/2424/3488 7247/400/3487
f 7247/400/3487 7246/2424/3488 7248/401/3488
f 7249/2424/3488 7250/2426/3489 7248/401/3488
f 7248/401/3488 7250/2426/3489 7251/402/3490
f 7250/2426/3490 7252/2428/3491 7253/402/3490
f 7253/402/3490 7252/2428/3491 7254/412/3492
f 7255/2428/3493 7256/2430/3494 7254/412/3492
f 7254/412/3492 7256/2430/3494 7257/403/3494
f 7256/2430/3495 7258/2432/3496 7259/403/3495
f 7259/403/3495 7258/2432/3496 7260/404/3497
f 7261/2432/3497 7262/2434/166 7260/404/3497
f 7260/404/3497 7262/2434/166 7263/405/166
f 7262/2434/166 7264/2436/3498 7265/405/166
f 7265/405/166 7264/2436/3498 7266/411/3499
f 7267/2436/3498 7268/2438/3500 7266/411/3498
f 7266/411/3498 7268/2438/3500 7269/406/3501
f 7268/2438/3500 7270/2440/3502 7271/406/3500
f 7271/406/3500 7270/2440/3502 7272/407/3502
f 7273/2440/3502 7274/2442/3503 7272/407/3502
f 7272/407/3502 7274/2442/3503 7275/408/3503
f 7274/2442/3503 7276/2444/3504 7277/408/3503
f 7277/408/3503 7276/2444/3504 7278/409/3504
f 7279/2444/3504 7280/2446/3505 7278/409/3504
f 7278/409/3504 7280/2446/3505 7281/410/3505
f 7280/2446/3505 7282/2448/3506 7283/410/3505
f 7283/410/3505 7282/2448/3506 7284/399/3506
f 7285/2448/3507 7286/2450/3508 7284/399/3507
f 7284/399/3507 7286/2450/3508 7287/397/3508
f 7288/2419/3508 7289/2420/3484 7290/414/3508
f 7290/414/3508 7289/2420/3484 7244/413/3484
f 7291/296/3509 7292/295/346 7293/279/326
f 7293/279/326 7292/295/346 7294/1770/2305
f 7295/1722/2100 7296/1731/2100 7297/1719/2100
f 7296/1731/2100 7298/1741/2100 7297/1719/2100
f 7297/1719/2100 7298/1741/2100 7299/1768/2100
f 7300/2451/3510 7301/2452/851 7302/2453/3511
f 7302/2453/3511 7301/2452/851 7303/2454/852
f 7304/2455/3512 7305/2451/3510 7306/2456/3513
f 7306/2456/3513 7305/2451/3510 7307/2453/3511
f 7308/2457/3514 7309/2458/3515 7310/2459/3516
f 7310/2459/3516 7309/2458/3515 7311/2460/3517
f 7312/2458/3518 7313/2455/3512 7314/2460/3519
f 7314/2460/3519 7313/2455/3512 7315/2456/3513
f 7316/2461/3520 7317/2462/3521 7318/2463/3522
f 7318/2463/3522 7317/2462/3521 7319/429/427
f 7320/2464/864 7321/2465/866 7322/2466/3523
f 7322/2466/3523 7321/2465/866 7323/2467/3524
f 7324/2466/3523 7325/2467/3525 7326/2461/3520
f 7326/2461/3520 7325/2467/3525 7327/2462/3521
f 7328/2468/3526 7329/2469/3527 7330/2470/3528
f 7330/2470/3528 7329/2469/3527 7331/2471/3529
f 7332/2472/3530 7333/2473/3531 7334/2474/851
f 7334/2474/851 7333/2473/3531 7335/2475/874
f 7336/2470/3528 7337/2471/3529 7338/2472/3530
f 7338/2472/3530 7337/2471/3529 7339/2473/3531
f 7340/2476/3532 7341/2477/3533 7342/2478/877
f 7342/2478/877 7341/2477/3533 7343/2479/407
f 7344/2480/3534 7345/2481/3535 7346/2476/3536
f 7346/2476/3536 7345/2481/3535 7347/2477/3533
f 7348/473/3537 7349/472/3538 7350/2480/3534
f 7350/2480/3534 7349/472/3538 7351/2481/3539
f 7352/472/3538 7353/2482/3540 7354/2481/3539
f 7354/2481/3539 7353/2482/3540 7355/2483/3541
f 7356/2482/3540 7357/2484/3542 7358/2483/3541
f 7358/2483/3541 7357/2484/3542 7359/480/476
f 7360/2477/3533 7361/478/474 7362/2479/407
f 7362/2479/407 7361/478/474 7363/2485/889
f 7364/478/474 7365/477/473 7366/2485/889
f 7366/2485/889 7365/477/473 7367/2486/890
f 7368/2481/3543 7369/2483/3541 7370/2477/3533
f 7370/2477/3533 7369/2483/3541 7371/478/474
f 7372/2483/3544 7373/480/3545 7374/478/474
f 7374/478/474 7373/480/3545 7375/479/475
f 7376/434/488 7377/489/487 7378/438/3546
f 7378/438/3546 7377/489/487 7379/483/480
f 7380/2487/892 7381/2488/894 7382/2489/3547
f 7382/2489/3547 7381/2488/894 7383/486/485
f 7384/2489/3548 7385/486/3549 7386/2490/3550
f 7386/2490/3550 7385/486/3549 7387/485/3551
f 7388/2488/894 7389/2491/899 7390/486/3552
f 7390/486/3552 7389/2491/899 7391/433/431
f 7392/486/483 7393/438/436 7394/487/3553
f 7394/487/3553 7393/438/436 7395/437/3554
f 7396/2489/3547 7397/2492/3555 7398/2487/892
f 7398/2487/892 7397/2492/3555 7399/2493/902
f 7400/2492/3556 7401/439/437 7402/2493/902
f 7402/2493/902 7401/439/437 7403/2494/903
f 7404/2490/3550 7405/2495/3557 7406/2489/3547
f 7406/2489/3547 7405/2495/3557 7407/2492/3556
f 7408/2496/907 7409/2497/909 7410/2498/3558
f 7410/2498/3558 7409/2497/909 7411/2499/3559
f 7412/2498/3558 7413/2499/3559 7414/2500/3560
f 7414/2500/3560 7413/2499/3559 7415/2501/3561
f 7416/2497/909 7417/2494/903 7418/2499/3559
f 7418/2499/3559 7417/2494/903 7419/439/437
f 7420/2499/3559 7421/439/437 7422/2501/3561
f 7422/2501/3561 7421/439/437 7423/441/439
f 7424/2502/3562 7425/442/440 7426/2503/3563
f 7426/2503/3563 7425/442/440 7427/2504/3564
f 7428/442/440 7429/444/3565 7430/2504/3564
f 7430/2504/3564 7429/444/3565 7431/2505/3566
f 7432/2500/3560 7433/2501/3561 7434/2502/3567
f 7434/2502/3567 7433/2501/3561 7435/442/440
f 7436/2503/3563 7437/2506/3568 7438/2502/3562
f 7438/2502/3562 7437/2506/3568 7439/2507/3569
f 7440/2502/3570 7441/2507/3569 7442/2500/3560
f 7442/2500/3560 7441/2507/3569 7443/2508/3571
f 7444/2506/3568 7445/2509/3572 7446/2507/3569
f 7446/2507/3569 7445/2509/3572 7447/2510/3573
f 7448/2507/3569 7449/2510/3574 7450/2508/3571
f 7450/2508/3571 7449/2510/3574 7451/2511/3575
f 7452/2498/3558 7453/2512/3576 7454/2496/3577
f 7454/2496/3577 7453/2512/3576 7455/2513/931
f 7456/2512/3578 7457/2514/3579 7458/2513/931
f 7458/2513/931 7457/2514/3579 7459/2515/934
f 7460/2500/3560 7461/2508/3571 7462/2498/3558
f 7462/2498/3558 7461/2508/3571 7463/2512/3580
f 7464/2508/3571 7465/2511/3581 7466/2512/3576
f 7466/2512/3576 7465/2511/3581 7467/2514/3579
f 7468/2516/935 7469/2517/937 7470/2518/3582
f 7470/2518/3582 7469/2517/937 7471/2519/3583
f 7472/2518/3582 7473/2519/3583 7474/2520/3584
f 7474/2520/3584 7473/2519/3583 7475/2521/3585
f 7476/2517/937 7477/2515/934 7478/2519/3583
f 7478/2519/3583 7477/2515/934 7479/2514/3579
f 7480/2519/3583 7481/2514/3579 7482/2521/3585
f 7482/2521/3585 7481/2514/3579 7483/2511/3575
f 7484/2522/3586 7485/2510/3573 7486/2523/3587
f 7486/2523/3587 7485/2510/3573 7487/2509/3572
f 7488/2520/3584 7489/2521/3585 7490/445/3588
f 7490/445/3588 7489/2521/3585 7491/2522/3586
f 7492/2521/3585 7493/2511/3575 7494/2522/3586
f 7494/2522/3586 7493/2511/3575 7495/2510/3574
f 7496/430/3589 7497/429/427 7498/2524/3590
f 7498/2524/3590 7497/429/427 7499/2525/3591
f 7500/429/427 7501/2462/3521 7502/2525/3591
f 7502/2525/3591 7501/2462/3521 7503/2526/3592
f 7504/2527/3593 7505/2528/3594 7506/448/446
f 7506/448/446 7505/2528/3594 7507/449/447
f 7508/2528/3595 7509/2529/3596 7510/449/447
f 7510/449/447 7509/2529/3596 7511/451/453
f 7512/2530/952 7513/452/450 7514/2531/3597
f 7514/2531/3597 7513/452/450 7515/453/452
f 7516/2530/3598 7517/2531/3597 7518/2532/955
f 7518/2532/955 7517/2531/3597 7519/2533/3599
f 7520/2531/3597 7521/453/452 7522/2529/3596
f 7522/2529/3596 7521/453/452 7523/451/453
f 7524/2531/3600 7525/2529/3601 7526/2533/3602
f 7526/2533/3602 7525/2529/3601 7527/2526/3592
f 7528/2465/960 7529/2532/955 7530/2467/3524
f 7530/2467/3524 7529/2532/955 7531/2533/3602
f 7532/2467/3603 7533/2533/3599 7534/2462/3521
f 7534/2462/3521 7533/2533/3599 7535/2526/3604
f 7536/2534/3605 7537/445/3606 7538/2535/3607
f 7538/2535/3607 7537/445/3606 7539/447/3607
f 7540/2536/3608 7541/2520/3609 7542/2534/3605
f 7542/2534/3605 7541/2520/3609 7543/445/3606
f 7544/2537/968 7545/2516/968 7546/2538/3610
f 7546/2538/3610 7545/2516/968 7547/2518/3611
f 7548/2538/3610 7549/2518/3611 7550/2536/3608
f 7550/2536/3608 7549/2518/3611 7551/2520/3612
f 7552/2539/3613 7553/430/3614 7554/2540/3615
f 7554/2540/3615 7553/430/3614 7555/2524/3616
f 7556/454/30 7557/2541/3617 7558/448/454
f 7558/448/454 7557/2541/3617 7559/2527/3618
f 7560/2524/3590 7561/2525/3591 7562/2527/3619
f 7562/2527/3619 7561/2525/3591 7563/2528/3594
f 7564/2525/3591 7565/2526/3592 7566/2528/3595
f 7566/2528/3595 7565/2526/3592 7567/2529/3596
f 7568/2541/3617 7569/2540/3620 7570/2527/3618
f 7570/2527/3618 7569/2540/3620 7571/2524/3621
f 7572/488/486 7573/456/35 7574/2542/3622
f 7574/2542/3622 7573/456/35 7575/2543/35
f 7576/2544/3623 7577/2545/981 7578/2546/3624
f 7578/2546/3624 7577/2545/981 7579/2547/968
f 7580/2543/35 7581/2545/981 7582/2542/3622
f 7582/2542/3622 7581/2545/981 7583/2544/3625
f 7584/2547/968 7585/2548/983 7586/2546/3624
f 7586/2546/3624 7585/2548/983 7587/2549/3626
f 7588/2548/983 7589/2550/985 7590/2549/3626
f 7590/2549/3626 7589/2550/985 7591/2551/3627
f 7592/2550/985 7593/461/40 7594/2551/3627
f 7594/2551/3627 7593/461/40 7595/460/458
f 7596/2552/3628 7597/2553/3629 7598/2468/3630
f 7598/2468/3630 7597/2553/3629 7599/2469/3527
f 7600/2554/3631 7601/474/3632 7602/2555/3633
f 7602/2555/3633 7601/474/3632 7603/476/3634
f 7604/489/487 7605/482/3635 7606/2554/3631
f 7606/2554/3631 7605/482/3635 7607/474/3632
f 7608/2555/3633 7609/476/3636 7610/2484/3542
f 7610/2484/3542 7609/476/3636 7611/480/3545
f 7612/2556/3637 7613/2557/3638 7614/2558/3639
f 7614/2558/3639 7613/2557/3638 7615/2559/996
f 7616/2556/3638 7617/2560/3640 7618/2557/3641
f 7618/2557/3641 7617/2560/3640 7619/2561/3642
f 7620/2562/3643 7621/2563/3643 7622/2564/3644
f 7622/2564/3644 7621/2563/3643 7623/2565/3644
f 7624/2562/3643 7625/2566/3645 7626/2563/3643
f 7626/2563/3643 7625/2566/3645 7627/2567/3645
f 7628/2564/3644 7629/2565/3644 7630/2568/3646
f 7630/2568/3646 7629/2565/3644 7631/2569/3646
f 7632/2568/3646 7633/2569/3646 7634/2560/3647
f 7634/2560/3647 7633/2569/3646 7635/2561/3642
f 7636/2570/3648 7637/2571/3648 7638/2572/3649
f 7638/2572/3649 7637/2571/3648 7639/2573/3649
f 7640/2574/1009 7641/2575/1009 7642/2570/3648
f 7642/2570/3648 7641/2575/1009 7643/2571/3648
f 7644/2576/3650 7645/2577/3651 7646/2566/3645
f 7646/2566/3645 7645/2577/3651 7647/2567/3652
f 7648/2576/3650 7649/2572/3649 7650/2577/3650
f 7650/2577/3650 7649/2572/3649 7651/2573/3649
f 7652/2578/749 7653/2579/749 7654/2580/3653
f 7654/2580/3653 7653/2579/749 7655/2581/3654
f 7656/2582/3655 7657/2583/3655 7658/2578/3656
f 7658/2578/3656 7657/2583/3655 7659/2579/3657
f 7660/2582/3658 7661/2584/3659 7662/2583/3660
f 7662/2583/3660 7661/2584/3659 7663/2585/3661
f 7664/2584/3659 7665/2586/3662 7666/2585/3663
f 7666/2585/3663 7665/2586/3662 7667/2587/3662
f 7668/496/495 7669/498/3664 7670/2586/3665
f 7670/2586/3665 7669/498/3664 7671/2587/3665
f 7672/2588/3666 7673/2589/3667 7674/2590/3666
f 7674/2590/3666 7673/2589/3667 7675/2591/3668
f 7676/2592/3669 7677/2593/3670 7678/2594/3671
f 7678/2594/3671 7677/2593/3670 7679/2595/3671
f 7680/2580/3653 7681/2581/3654 7682/2592/3670
f 7682/2592/3670 7681/2581/3654 7683/2593/3669
f 7684/2594/3671 7685/2595/3671 7686/2589/3672
f 7686/2589/3672 7685/2595/3671 7687/2591/3673
f 7688/2596/3674 7689/2597/3674 7690/495/494
f 7690/495/494 7689/2597/3674 7691/493/492
f 7692/2596/3674 7693/2598/3675 7694/2597/3674
f 7694/2597/3674 7693/2598/3675 7695/2599/3675
f 7696/2588/3666 7697/2590/3666 7698/2598/3675
f 7698/2598/3675 7697/2590/3666 7699/2599/3676
f 7700/2600/496 7701/500/499 7702/2601/497
f 7702/2601/497 7701/500/499 7703/499/3677
f 7704/494/493 7705/493/3678 7706/491/490
f 7706/491/490 7705/493/3678 7707/492/3679
f 7708/2602/3680 7709/2603/3680 7710/501/500
f 7710/501/500 7709/2603/3680 7711/499/3681
f 7712/2604/3682 7713/2605/3683 7714/2606/2576
f 7714/2606/2576 7713/2605/3683 7715/2607/3683
f 7716/2604/3682 7717/2606/2576 7718/2608/3684
f 7718/2608/3684 7717/2606/2576 7719/2609/3685
f 7720/2610/3686 7721/2608/3684 7722/2602/3687
f 7721/2608/3684 7723/2609/3688 7722/2602/3687
f 7722/2602/3687 7723/2609/3688 7724/2603/3680
f 7723/2609/3688 7725/2611/3686 7724/2603/3680
f 7726/2605/3683 7727/490/3689 7728/2607/3683
f 7728/2607/3683 7727/490/3689 7729/492/3679
f 7730/481/477 7731/480/3545 7732/475/3690
f 7732/475/3690 7731/480/3545 7733/476/3691
f 7734/431/429 7735/433/431 7736/2612/1052
f 7736/2612/1052 7735/433/431 7737/2491/1053
f 7738/443/3692 7739/442/440 7740/441/439
f 7740/441/439 7739/442/440 7741/2501/3561
f 7742/484/3693 7743/439/437 7744/2495/3557
f 7744/2495/3557 7743/439/437 7745/2492/3556
f 7746/2613/3694 7747/2614/3694 7748/2615/3695
f 7748/2615/3695 7747/2614/3694 7749/2616/3695
f 7750/2615/3695 7751/2616/3695 7752/2617/3696
f 7752/2617/3696 7751/2616/3695 7753/2618/3697
f 7754/2617/3698 7755/2618/3697 7756/2619/3699
f 7756/2619/3699 7755/2618/3697 7757/2620/3699
f 7758/2619/3699 7759/2620/3699 7760/2621/3700
f 7760/2621/3700 7759/2620/3699 7761/2622/3700
f 7762/2621/3701 7763/2622/3701 7764/2623/3702
f 7764/2623/3702 7763/2622/3701 7765/2624/3702
f 7766/2623/3702 7767/2624/3702 7768/2625/3703
f 7768/2625/3703 7767/2624/3702 7769/2626/3704
f 7770/2625/3703 7771/2626/3703 7772/2627/3705
f 7772/2627/3705 7771/2626/3703 7773/2628/3705
f 7774/2627/3705 7775/2628/3705 7776/2629/3706
f 7776/2629/3706 7775/2628/3705 7777/2630/3706
f 7778/2629/3706 7779/2630/3706 7780/2631/3707
f 7780/2631/3707 7779/2630/3706 7781/2632/3707
f 7782/2631/3707 7783/2632/3707 7784/2633/3683
f 7784/2633/3683 7783/2632/3707 7785/2634/3683
f 7786/2633/3683 7787/2634/3683 7788/2635/3708
f 7788/2635/3708 7787/2634/3683 7789/2636/3708
f 7790/2635/3708 7791/2636/3708 7792/2637/3709
f 7792/2637/3709 7791/2636/3708 7793/2638/3709
f 7794/2637/3710 7795/2638/3710 7796/2639/3711
f 7796/2639/3711 7795/2638/3710 7797/2640/3711
f 7798/2639/3711 7799/2640/3711 7800/2641/3712
f 7800/2641/3712 7799/2640/3711 7801/2642/3712
f 7802/2641/3713 7803/2642/3713 7804/2643/3714
f 7804/2643/3714 7803/2642/3713 7805/2644/3714
f 7806/2643/3714 7807/2644/3714 7808/2645/3715
f 7808/2645/3715 7807/2644/3714 7809/2646/3715
f 7810/2647/3716 7811/2648/3715 7812/2649/3717
f 7812/2649/3717 7811/2648/3715 7813/2650/3717
f 7814/2649/3717 7815/2650/3717 7816/2651/3718
f 7816/2651/3718 7815/2650/3717 7817/2652/3718
f 7818/2651/3718 7819/2652/3718 7820/2653/3719
f 7820/2653/3719 7819/2652/3718 7821/2654/3720
f 7822/2653/3720 7823/2654/3720 7824/2613/3694
f 7824/2613/3694 7823/2654/3720 7825/2614/3694
f 7826/2614/835 7827/2655/835 7828/2616/835
f 7828/2616/835 7827/2655/835 7829/2656/835
f 7830/2616/835 7831/2656/835 7832/2618/835
f 7832/2618/835 7831/2656/835 7833/2657/835
f 7834/2618/835 7835/2657/835 7836/2620/835
f 7836/2620/835 7835/2657/835 7837/2658/835
f 7838/2620/835 7839/2658/835 7840/2622/835
f 7840/2622/835 7839/2658/835 7841/2659/835
f 7842/2622/835 7843/2659/835 7844/2624/835
f 7844/2624/835 7843/2659/835 7845/2660/835
f 7846/2624/835 7847/2660/835 7848/2626/835
f 7848/2626/835 7847/2660/835 7849/2661/835
f 7850/2626/835 7851/2661/835 7852/2628/835
f 7852/2628/835 7851/2661/835 7853/2662/835
f 7854/2628/835 7855/2662/835 7856/2630/835
f 7856/2630/835 7855/2662/835 7857/2663/835
f 7858/2630/835 7859/2663/835 7860/2632/835
f 7860/2632/835 7859/2663/835 7861/2664/835
f 7862/2632/835 7863/2664/835 7864/2634/3721
f 7864/2634/3721 7863/2664/835 7865/2665/835
f 7866/2634/835 7867/2665/835 7868/2636/835
f 7868/2636/835 7867/2665/835 7869/2666/835
f 7870/2636/835 7871/2666/835 7872/2638/835
f 7872/2638/835 7871/2666/835 7873/2667/835
f 7874/2638/835 7875/2667/835 7876/2640/835
f 7876/2640/835 7875/2667/835 7877/2668/835
f 7878/2640/835 7879/2668/835 7880/2642/835
f 7880/2642/835 7879/2668/835 7881/2669/835
f 7882/2642/835 7883/2669/835 7884/2644/835
f 7884/2644/835 7883/2669/835 7885/2670/835
f 7886/2644/3721 7887/2670/835 7888/2646/835
f 7888/2646/835 7887/2670/835 7889/2671/835
f 7890/2648/835 7891/2672/835 7892/2650/835
f 7892/2650/835 7891/2672/835 7893/2673/835
f 7894/2650/835 7895/2673/835 7896/2652/835
f 7896/2652/835 7895/2673/835 7897/2674/835
f 7898/2652/835 7899/2674/835 7900/2654/835
f 7900/2654/835 7899/2674/835 7901/2675/835
f 7902/2654/835 7903/2675/835 7904/2614/835
f 7904/2614/835 7903/2675/835 7905/2655/835
f 7906/2655/3722 7907/2676/3722 7908/2656/3723
f 7908/2656/3723 7907/2676/3722 7909/2677/3723
f 7910/2656/3723 7911/2677/3723 7912/2657/3724
f 7912/2657/3724 7911/2677/3723 7913/2678/3724
f 7914/2657/3724 7915/2678/3725 7916/2658/3726
f 7916/2658/3726 7915/2678/3725 7917/2679/3726
f 7918/2658/3726 7919/2679/3726 7920/2659/3727
f 7920/2659/3727 7919/2679/3726 7921/2680/3727
f 7922/2659/3727 7923/2680/3727 7924/2660/3728
f 7924/2660/3728 7923/2680/3727 7925/2681/3729
f 7926/2660/3728 7927/2681/3728 7928/2661/3730
f 7928/2661/3730 7927/2681/3728 7929/2682/3730
f 7930/2661/3730 7931/2682/3730 7932/2662/3731
f 7932/2662/3731 7931/2682/3730 7933/2683/3732
f 7934/2662/3732 7935/2683/3732 7936/2663/3733
f 7936/2663/3733 7935/2683/3732 7937/2684/3734
f 7938/2663/3735 7939/2684/3734 7940/2664/3736
f 7940/2664/3736 7939/2684/3734 7941/2685/3736
f 7942/2664/3736 7943/2685/3736 7944/2665/3737
f 7944/2665/3737 7943/2685/3736 7945/2686/3737
f 7946/2665/3738 7947/2686/3737 7948/2666/3739
f 7948/2666/3739 7947/2686/3737 7949/2687/3739
f 7950/2666/3739 7951/2687/3739 7952/2667/3740
f 7952/2667/3740 7951/2687/3739 7953/2688/3741
f 7954/2667/3740 7955/2688/3740 7956/2668/3742
f 7956/2668/3742 7955/2688/3740 7957/2689/3742
f 7958/2668/3742 7959/2689/3742 7960/2669/3743
f 7960/2669/3743 7959/2689/3742 7961/2690/3743
f 7962/2669/3744 7963/2690/3744 7964/2670/3745
f 7964/2670/3745 7963/2690/3744 7965/2691/3745
f 7966/2670/3745 7967/2691/3745 7968/2671/3746
f 7968/2671/3746 7967/2691/3745 7969/2692/3747
f 7970/2672/3748 7971/2693/3749 7972/2673/3750
f 7972/2673/3750 7971/2693/3749 7973/2694/3751
f 7974/2673/3750 7975/2694/3751 7976/2674/3752
f 7976/2674/3752 7975/2694/3751 7977/2695/3753
f 7978/2674/3754 7979/2695/3755 7980/2675/3756
f 7980/2675/3756 7979/2695/3755 7981/2696/3756
f 7982/2675/3756 7983/2696/3756 7984/2655/3757
f 7984/2655/3757 7983/2696/3756 7985/2676/3722
f 7986/2504/3758 7987/2697/3759 7988/2503/3760
f 7988/2503/3760 7987/2697/3759 7989/2698/3761
f 7990/2503/3760 7991/2698/3760 7992/2506/3762
f 7992/2506/3762 7991/2698/3760 7993/2699/3762
f 7994/2506/3763 7995/2699/3763 7996/2509/3764
f 7996/2509/3764 7995/2699/3763 7997/2700/3764
f 7998/2509/3764 7999/2700/3764 8000/2523/3765
f 8000/2523/3765 7999/2700/3764 8001/2701/3765
f 8002/446/3766 8003/2523/3765 8004/2702/3766
f 8004/2702/3766 8003/2523/3765 8005/2701/3765
f 8006/447/3767 8007/2703/3768 8008/2535/3769
f 8008/2535/3769 8007/2703/3768 8009/2704/3199
f 8010/2505/3770 8011/2705/3771 8012/2504/3758
f 8012/2504/3758 8011/2705/3771 8013/2697/3772
f 8014/428/3773 8015/430/3774 8016/2706/3775
f 8016/2706/3775 8015/430/3774 8017/2707/523
f 8018/2553/3776 8019/2552/3777 8020/2708/3776
f 8020/2708/3776 8019/2552/3777 8021/2709/3778
f 8022/472/3779 8023/471/3780 8024/2710/3779
f 8024/2710/3779 8023/471/3780 8025/2711/3781
f 8026/472/3779 8027/2710/3779 8028/2482/3782
f 8028/2482/3782 8027/2710/3779 8029/2712/3782
f 8030/2482/3782 8031/2712/3782 8032/2484/3783
f 8032/2484/3783 8031/2712/3782 8033/2713/3784
f 8034/2484/3785 8035/2713/3784 8036/2555/3786
f 8036/2555/3786 8035/2713/3784 8037/2714/3787
f 8038/2555/3788 8039/2714/3787 8040/2554/3789
f 8040/2554/3789 8039/2714/3787 8041/2715/3790
f 8042/2554/3791 8043/2715/3792 8044/489/3793
f 8044/489/3793 8043/2715/3792 8045/2716/3794
f 8046/489/3795 8047/2716/3794 8048/483/3796
f 8048/483/3796 8047/2716/3794 8049/2717/3796
f 8050/2539/3797 8051/2718/524 8052/430/3774
f 8052/430/3774 8051/2718/524 8053/2707/523
f 8054/2719/3798 8055/2459/3516 8056/2463/3522
f 8056/2463/3522 8055/2459/3516 8057/2460/3799
f 8058/2463/3800 8059/2460/3517 8060/2461/3801
f 8060/2461/3801 8059/2460/3517 8061/2456/3513
f 8062/2466/3523 8063/2453/3511 8064/2464/864
f 8064/2464/864 8063/2453/3511 8065/2454/852
f 8066/2461/3801 8067/2456/3802 8068/2466/3523
f 8068/2466/3523 8067/2456/3802 8069/2453/3511
f 8070/2720/3803 8071/2721/3804 8072/2719/3803
f 8072/2719/3803 8071/2721/3804 8073/2459/3805
f 8074/2476/3536 8075/2478/1168 8076/2722/3806
f 8076/2722/3806 8075/2478/1168 8077/2723/1169
f 8078/2480/3534 8079/2476/3536 8080/2724/3807
f 8080/2724/3807 8079/2476/3536 8081/2722/3808
f 8082/473/469 8083/2480/3809 8084/2725/3810
f 8084/2725/3810 8083/2480/3809 8085/2724/3811
f 8086/471/3812 8087/473/469 8088/2726/3813
f 8088/2726/3813 8087/473/469 8089/2725/3810
f 8090/2726/3814 8091/2727/3815 8092/471/3780
f 8092/471/3780 8091/2727/3815 8093/2711/3781
f 8094/2471/3529 8095/2469/3527 8096/2724/3807
f 8096/2724/3807 8095/2469/3527 8097/2725/3810
f 8098/2475/3816 8099/2473/3531 8100/2723/1169
f 8100/2723/1169 8099/2473/3531 8101/2722/3806
f 8102/2473/3531 8103/2471/3817 8104/2722/3806
f 8104/2722/3806 8103/2471/3817 8105/2724/3807
f 8106/2469/3527 8107/2553/3818 8108/2725/3810
f 8108/2725/3810 8107/2553/3818 8109/2726/3813
f 8110/2553/3776 8111/2708/3819 8112/2726/3814
f 8112/2726/3814 8111/2708/3819 8113/2727/3815
f 8114/2452/3820 8115/2451/3510 8116/2474/851
f 8116/2474/851 8115/2451/3510 8117/2472/3530
f 8118/2451/3510 8119/2455/3512 8120/2472/3530
f 8120/2472/3530 8119/2455/3512 8121/2470/3528
f 8122/2458/3515 8123/2457/3514 8124/2468/3526
f 8124/2468/3526 8123/2457/3514 8125/2552/3628
f 8126/2455/3512 8127/2458/3515 8128/2470/3528
f 8128/2470/3528 8127/2458/3515 8129/2468/3526
f 8130/2457/3821 8131/2728/3822 8132/2552/3777
f 8132/2552/3777 8131/2728/3822 8133/2709/3823
f 8134/2459/3824 8135/2721/3804 8136/2457/3821
f 8136/2457/3821 8135/2721/3804 8137/2728/3825
f 8138/428/3773 8139/2706/3775 8140/2719/3803
f 8140/2719/3803 8139/2706/3775 8141/2720/3803
f 8142/446/3766 8143/2702/3766 8144/447/3826
f 8144/447/3826 8143/2702/3766 8145/2703/3827
f 8146/446/3828 8147/445/443 8148/2523/3587
f 8148/2523/3587 8147/445/443 8149/2522/3586
f 8150/2729/3829 8151/2730/3829 8152/2731/3829
f 8152/2731/3829 8151/2730/3829 8153/2732/3829
f 8154/2733/3830 8155/2734/3830 8156/2735/3830
f 8156/2735/3830 8155/2734/3830 8157/2736/3830
f 8158/2737/3831 8159/2738/3832 8160/2739/3831
f 8160/2739/3831 8159/2738/3832 8161/2740/3832
f 8162/2741/3833 8163/2742/3833 8164/2743/3833
f 8164/2743/3833 8163/2742/3833 8165/2744/3833
f 8166/2745/3834 8167/2746/3834 8168/2747/3834
f 8168/2747/3834 8167/2746/3834 8169/2748/3834
f 8170/2749/3835 8171/2750/3835 8172/2751/3835
f 8172/2751/3835 8171/2750/3835 8173/2752/3835
f 8174/2753/3836 8175/2754/3836 8176/2755/3836
f 8176/2755/3836 8175/2754/3836 8177/2756/3836
f 8178/2757/3837 8179/2758/3838 8180/2759/3837
f 8180/2759/3837 8179/2758/3838 8181/2760/3839
f 8182/2761/3840 8183/2762/3840 8184/2763/3840
f 8184/2763/3840 8183/2762/3840 8185/2764/3840
f 8186/2765/3841 8187/2766/3842 8188/2767/3841
f 8188/2767/3841 8187/2766/3842 8189/2768/3841
f 8190/2736/3843 8191/2769/3843 8192/2768/3843
f 8192/2768/3843 8191/2769/3843 8193/2770/3844
f 8194/2732/3845 8195/2771/3845 8196/2735/3845
f 8196/2735/3845 8195/2771/3845 8197/2772/3845
f 8198/2773/3846 8199/521/506 8200/2774/3847
f 8200/2774/3847 8199/521/506 8201/2775/3847
f 8202/2774/3848 8203/2775/3848 8204/2731/3848
f 8204/2731/3848 8203/2775/3848 8205/2776/3848
f 8206/2763/3849 8207/2777/3849 8208/2738/3849
f 8208/2738/3849 8207/2777/3849 8209/2778/3849
f 8210/2746/3850 8211/2779/3850 8212/2744/3851
f 8212/2744/3851 8211/2779/3850 8213/2780/3852
f 8214/2742/3853 8215/2781/3853 8216/2782/3853
f 8216/2782/3853 8215/2781/3853 8217/2783/3853
f 8218/2782/3854 8219/2783/3854 8220/2784/503
f 8220/2784/503 8219/2783/3854 8221/2785/501
f 8222/518/3855 8223/520/3855 8224/2761/3855
f 8224/2761/3855 8223/520/3855 8225/2786/3856
f 8226/2751/3857 8227/2787/3857 8228/2748/3857
f 8228/2748/3857 8227/2787/3857 8229/2788/3857
f 8230/2759/3858 8231/2789/3858 8232/2749/3858
f 8232/2749/3858 8231/2789/3858 8233/2790/3858
f 8234/2753/3859 8235/2791/3860 8236/2757/3860
f 8236/2757/3860 8235/2791/3860 8237/2792/3861
f 8238/2737/3862 8239/2793/3862 8240/2754/3863
f 8240/2754/3863 8239/2793/3862 8241/2794/3863
f 8242/540/546 8243/539/545 8244/2750/3864
f 8244/2750/3864 8243/539/545 8245/2752/3864
f 8246/2734/3865 8247/543/3865 8248/2736/3865
f 8248/2736/3865 8247/543/3865 8249/2769/3865
f 8250/2769/3866 8251/543/3867 8252/2770/3868
f 8252/2770/3868 8251/543/3867 8253/541/3867
f 8254/2770/3869 8255/541/3869 8256/2768/3869
f 8256/2768/3869 8255/541/3869 8257/2767/3869
f 8258/2765/3870 8259/508/3870 8260/2766/3870
f 8260/2766/3870 8259/508/3870 8261/2795/3870
f 8262/520/3871 8263/2796/3871 8264/2786/3871
f 8264/2786/3871 8263/2796/3871 8265/528/3871
f 8266/2786/3872 8267/528/3873 8268/2761/3874
f 8268/2761/3874 8267/528/3873 8269/2762/3872
f 8270/2764/3875 8271/527/3875 8272/2763/3875
f 8272/2763/3875 8271/527/3875 8273/2777/3875
f 8274/2777/3876 8275/527/3876 8276/2778/3876
f 8276/2778/3876 8275/527/3876 8277/531/3876
f 8278/2778/3877 8279/531/3877 8280/2738/3878
f 8280/2738/3878 8279/531/3877 8281/2740/3877
f 8282/2739/3879 8283/530/3879 8284/2737/3879
f 8284/2737/3879 8283/530/3879 8285/2793/3879
f 8286/2793/3880 8287/530/3880 8288/2794/3880
f 8288/2794/3880 8287/530/3880 8289/534/3880
f 8290/2794/3881 8291/534/3882 8292/2754/3882
f 8292/2754/3882 8291/534/3882 8293/2756/3882
f 8294/2755/3883 8295/533/3883 8296/2753/3883
f 8296/2753/3883 8295/533/3883 8297/2791/3883
f 8298/2791/3884 8299/533/3884 8300/2792/3885
f 8300/2792/3885 8299/533/3884 8301/537/3885
f 8302/2792/3886 8303/537/3886 8304/2757/3886
f 8304/2757/3886 8303/537/3886 8305/2758/3886
f 8306/2760/3887 8307/536/3887 8308/2759/3888
f 8308/2759/3888 8307/536/3887 8309/2789/3887
f 8310/2789/3889 8311/536/3889 8312/2790/3889
f 8312/2790/3889 8311/536/3889 8313/540/3889
f 8314/2790/3890 8315/540/3890 8316/2749/3891
f 8316/2749/3891 8315/540/3890 8317/2750/3891
f 8318/2752/3892 8319/539/3892 8320/2751/3892
f 8320/2751/3892 8319/539/3892 8321/2787/3892
f 8322/2787/3893 8323/539/3893 8324/2788/3893
f 8324/2788/3893 8323/539/3893 8325/2797/3893
f 8326/2788/3894 8327/2797/3894 8328/2748/3894
f 8328/2748/3894 8327/2797/3894 8329/2747/3894
f 8330/2745/3895 8331/2798/3896 8332/2746/3895
f 8332/2746/3895 8331/2798/3896 8333/2779/3895
f 8334/2779/3897 8335/2798/3898 8336/2780/3899
f 8336/2780/3899 8335/2798/3898 8337/2799/3897
f 8338/2780/3900 8339/2799/3900 8340/2744/3900
f 8340/2744/3900 8339/2799/3900 8341/2743/3900
f 8342/2741/3901 8343/2800/3902 8344/2742/3901
f 8344/2742/3901 8343/2800/3902 8345/2781/3902
f 8346/2781/3903 8347/2800/3904 8348/2783/3904
f 8348/2783/3904 8347/2800/3904 8349/2785/3903
f 8350/521/3905 8351/523/3905 8352/2775/3905
f 8352/2775/3905 8351/523/3905 8353/2776/3905
f 8354/2776/3906 8355/523/3906 8356/2731/3906
f 8356/2731/3906 8355/523/3906 8357/2729/3906
f 8358/2730/3907 8359/2801/3908 8360/2732/3908
f 8360/2732/3908 8359/2801/3908 8361/2771/3908
f 8362/2771/3909 8363/2801/3909 8364/2772/3910
f 8364/2772/3910 8363/2801/3909 8365/544/3909
f 8366/2772/3911 8367/544/3911 8368/2735/3911
f 8368/2735/3911 8367/544/3911 8369/2733/3911
f 8370/537/3912 8371/536/3913 8372/2758/3914
f 8372/2758/3914 8371/536/3913 8373/2760/3915
f 8374/534/540 8375/533/3916 8376/2756/3917
f 8376/2756/3917 8375/533/3916 8377/2755/3917
f 8378/531/537 8379/530/3918 8380/2740/3919
f 8380/2740/3919 8379/530/3918 8381/2739/3919
f 8382/528/3920 8383/527/3921 8384/2762/3922
f 8384/2762/3922 8383/527/3921 8385/2764/3922
f 8386/523/528 8387/2801/3923 8388/2729/3924
f 8388/2729/3924 8387/2801/3923 8389/2730/3924
f 8390/2797/3925 8391/2798/3926 8392/2747/3927
f 8392/2747/3927 8391/2798/3926 8393/2745/3927
f 8394/2799/3928 8395/2800/3929 8396/2743/3930
f 8396/2743/3930 8395/2800/3929 8397/2741/3930
f 8398/544/3931 8399/543/550 8400/2733/3932
f 8400/2733/3932 8399/543/550 8401/2734/3933
f 8402/541/3934 8403/508/3935 8404/2767/3936
f 8404/2767/3936 8403/508/3935 8405/2765/3936
f 8406/502/564 8407/516/3937 8408/552/565
f 8408/552/565 8407/516/3937 8409/515/3938
f 8410/2802/3939 8411/517/3940 8412/2803/3941
f 8412/2803/3941 8411/517/3940 8413/2804/3942
f 8414/515/3943 8415/514/3944 8416/552/565
f 8416/552/565 8415/514/3944 8417/2805/3945
f 8418/514/3946 8419/2802/3939 8420/2805/3947
f 8420/2805/3947 8419/2802/3939 8421/2803/3941
f 8422/517/3940 8423/511/3948 8424/2804/3942
f 8424/2804/3942 8423/511/3948 8425/2806/3948
f 8426/2807/3949 8427/2802/3950 8428/513/516
f 8428/513/516 8427/2802/3950 8429/514/3951
f 8430/512/520 8431/517/522 8432/2807/3949
f 8432/2807/3949 8431/517/522 8433/2802/3950
f 8434/520/3952 8435/519/3953 8436/2796/3954
f 8436/2796/3954 8435/519/3953 8437/2808/3955
f 8438/526/3956 8439/2809/3957 8440/524/3958
f 8440/524/3958 8439/2809/3957 8441/2810/3959
f 8442/2811/3960 8443/2795/3961 8444/2812/3962
f 8444/2812/3962 8443/2795/3961 8445/508/3963
f 8446/2812/3964 8447/508/3963 8448/2813/3965
f 8448/2813/3965 8447/508/3963 8449/507/3966
f 8450/2814/3967 8451/2815/3968 8452/2816/3273
f 8452/2816/3273 8451/2815/3968 8453/2817/3969
f 8454/2813/3970 8455/507/3971 8456/2814/3967
f 8456/2814/3967 8455/507/3971 8457/2815/3968
f 8458/2816/3273 8459/2817/3972 8460/2818/3973
f 8460/2818/3973 8459/2817/3972 8461/2819/3974
f 8462/2818/3975 8463/2819/3974 8464/2820/3625
f 8464/2820/3625 8463/2819/3974 8465/2821/3976
f 8466/2820/3977 8467/2821/3978 8468/2810/3959
f 8468/2810/3959 8467/2821/3978 8469/524/3958
f 8470/526/531 8471/525/3979 8472/2796/3980
f 8472/2796/3980 8471/525/3979 8473/528/534
f 8474/525/3979 8475/529/535 8476/527/533
f 8476/527/533 8475/529/535 8477/531/537
f 8478/529/535 8479/532/538 8480/530/3918
f 8480/530/3918 8479/532/538 8481/534/540
f 8482/532/538 8483/535/541 8484/533/539
f 8484/533/539 8483/535/541 8485/537/543
f 8486/535/541 8487/538/544 8488/536/542
f 8488/536/542 8487/538/544 8489/540/546
f 8490/538/3981 8491/2822/3982 8492/539/545
f 8492/539/545 8491/2822/3982 8493/2797/3983
f 8494/2822/3982 8495/2823/3984 8496/2797/3925
f 8496/2797/3925 8495/2823/3984 8497/2798/3926
f 8498/2823/3984 8499/2824/3985 8500/2798/3926
f 8500/2798/3926 8499/2824/3985 8501/2799/3928
f 8502/2824/3985 8503/2825/3986 8504/2799/3928
f 8504/2799/3928 8503/2825/3986 8505/2800/3929
f 8506/2809/3957 8507/526/3956 8508/2808/3987
f 8508/2808/3987 8507/526/3956 8509/2796/3988
f 8510/2825/3986 8511/545/3989 8512/2800/3929
f 8512/2800/3929 8511/545/3989 8513/2785/3990
f 8514/542/549 8515/509/509 8516/543/550
f 8516/543/550 8515/509/509 8517/541/548
f 8518/522/527 8519/2826/3991 8520/523/528
f 8520/523/528 8519/2826/3991 8521/2801/3923
f 8522/2826/3991 8523/542/549 8524/2801/3923
f 8524/2801/3923 8523/542/549 8525/544/3931
f 8526/2827/3992 8527/2828/3993 8528/542/549
f 8528/542/549 8527/2828/3993 8529/509/509
f 8530/2828/3993 8531/2829/3994 8532/509/509
f 8532/509/509 8531/2829/3994 8533/507/3995
f 8534/2829/3994 8535/2830/3996 8536/507/3995
f 8536/507/3995 8535/2830/3996 8537/2815/3997
f 8538/2830/3996 8539/2831/3998 8540/2815/3997
f 8540/2815/3997 8539/2831/3998 8541/2817/3999
f 8542/2831/3999 8543/2832/4000 8544/2817/3999
f 8544/2817/3999 8543/2832/4000 8545/2819/4001
f 8546/2832/4000 8547/2833/4002 8548/2819/4001
f 8548/2819/4001 8547/2833/4002 8549/2821/4003
f 8550/2833/4002 8551/2834/3814 8552/2821/4003
f 8552/2821/4003 8551/2834/3814 8553/524/529
f 8554/2835/4004 8555/2836/4005 8556/525/3979
f 8556/525/3979 8555/2836/4005 8557/529/535
f 8558/2836/4005 8559/2837/4006 8560/529/535
f 8560/529/535 8559/2837/4006 8561/532/538
f 8562/2837/4006 8563/2838/4007 8564/532/538
f 8564/532/538 8563/2838/4007 8565/535/541
f 8566/2838/4007 8567/2839/4008 8568/535/541
f 8568/535/541 8567/2839/4008 8569/538/3981
f 8570/2839/4008 8571/2840/4009 8572/538/544
f 8572/538/544 8571/2840/4009 8573/2822/3982
f 8574/2840/4009 8575/2841/4010 8576/2822/3982
f 8576/2822/3982 8575/2841/4010 8577/2823/3984
f 8578/2841/4010 8579/2842/4011 8580/2823/3984
f 8580/2823/3984 8579/2842/4011 8581/2824/3985
f 8582/2842/4011 8583/2843/4012 8584/2824/3985
f 8584/2824/3985 8583/2843/4012 8585/2825/3986
f 8586/2843/4012 8587/546/4013 8588/2825/3986
f 8588/2825/3986 8587/546/4013 8589/545/552
f 8590/551/560 8591/2844/4014 8592/522/562
f 8592/522/562 8591/2844/4014 8593/2826/3991
f 8594/2844/4014 8595/2827/3992 8596/2826/3991
f 8596/2826/3991 8595/2827/3992 8597/542/549
f 8598/2834/3814 8599/2835/4004 8600/524/4015
f 8600/524/4015 8599/2835/4004 8601/525/3979
f 8602/2845/4016 8603/2766/4017 8604/2811/4018
f 8604/2811/4018 8603/2766/4017 8605/2795/4019
f 8606/429/427 8607/428/4020 8608/2463/3522
f 8608/2463/3522 8607/428/4020 8609/2719/3798
f 8610/510/4021 8611/505/510 8612/511/3948
f 8612/511/3948 8611/505/510 8613/2806/3948
f 8614/2846/4022 8615/561/4023 8616/2847/4024
f 8616/2847/4024 8615/561/4023 8617/2848/4025
f 8618/2849/4026 8619/2850/4027 8620/2851/4028
f 8620/2851/4028 8619/2850/4027 8621/2852/4029
f 8622/2850/4027 8623/2847/4024 8624/2852/4029
f 8624/2852/4029 8623/2847/4024 8625/2848/4025
f 8626/2849/4026 8627/2851/4028 8628/2853/4030
f 8628/2853/4030 8627/2851/4028 8629/2854/4031
f 8630/2853/4030 8631/2854/4032 8632/2855/4033
f 8632/2855/4033 8631/2854/4032 8633/2856/4034
f 8634/2852/4035 8635/2848/4036 8636/2857/4037
f 8636/2857/4037 8635/2848/4036 8637/2858/4038
f 8638/2859/4039 8639/2854/4040 8640/2860/4041
f 8640/2860/4041 8639/2854/4040 8641/2851/4042
f 8642/2856/778 8643/2861/4043 8644/557/4044
f 8644/557/4044 8643/2861/4043 8645/758/825
f 8646/573/589 8647/2862/4045 8648/575/591
f 8648/575/591 8647/2862/4045 8649/2863/4046
f 8650/571/587 8651/2864/4047 8652/573/589
f 8652/573/589 8651/2864/4047 8653/2862/4048
f 8654/2860/4049 8655/2851/4042 8656/2857/4050
f 8656/2857/4050 8655/2851/4042 8657/2852/4035
f 8658/562/578 8659/563/579 8660/560/4051
f 8660/560/4051 8659/563/579 8661/761/831
f 8662/2860/4052 8663/2865/269 8664/2859/4039
f 8664/2859/4039 8663/2865/269 8665/2866/4053
f 8666/2857/4050 8667/762/833 8668/2860/4049
f 8668/2860/4049 8667/762/833 8669/2865/269
f 8670/2867/4054 8671/572/588 8672/562/578
f 8672/562/578 8671/572/588 8673/563/579
f 8674/2867/4054 8675/2864/4047 8676/572/588
f 8676/572/588 8675/2864/4047 8677/571/587
f 8678/2868/4055 8679/579/596 8680/2863/4046
f 8680/2863/4046 8679/579/596 8681/575/591
f 8682/613/646 8683/2869/4056 8684/584/640
f 8684/584/640 8683/2869/4056 8685/587/606
f 8686/2865/269 8687/2870/4057 8688/2866/4053
f 8688/2866/4053 8687/2870/4057 8689/2871/4058
f 8690/762/833 8691/567/583 8692/2865/269
f 8692/2865/269 8691/567/583 8693/2870/4057
f 8694/2872/4059 8695/2873/4060 8696/2874/4061
f 8696/2874/4061 8695/2873/4060 8697/2875/4062
f 8698/2874/4061 8699/2875/4062 8700/568/584
f 8700/568/584 8699/2875/4062 8701/569/4063
f 8702/580/597 8703/609/637 8704/612/645
f 8704/612/645 8703/609/637 8705/610/4064
f 8706/611/644 8707/586/4065 8708/612/645
f 8708/612/645 8707/586/4065 8709/585/4066
f 8710/565/830 8711/564/580 8712/598/4067
f 8712/598/4067 8711/564/580 8713/600/624
f 8714/2871/4058 8715/592/618 8716/2873/4060
f 8716/2873/4060 8715/592/618 8717/594/616
f 8718/2870/4057 8719/595/617 8720/2871/4058
f 8720/2871/4058 8719/595/617 8721/592/618
f 8722/567/4068 8723/596/619 8724/2870/4057
f 8724/2870/4057 8723/596/619 8725/595/617
f 8726/2873/4060 8727/594/616 8728/2875/4062
f 8728/2875/4062 8727/594/616 8729/597/620
f 8730/565/581 8731/598/621 8732/567/583
f 8732/567/583 8731/598/621 8733/596/619
f 8734/2875/4062 8735/597/620 8736/569/585
f 8736/569/585 8735/597/620 8737/599/623
f 8738/569/4063 8739/599/4069 8740/577/593
f 8740/577/593 8739/599/4069 8741/601/626
f 8742/574/590 8743/602/629 8744/564/580
f 8744/564/580 8743/602/629 8745/600/624
f 8746/580/597 8747/603/628 8748/574/4070
f 8748/574/4070 8747/603/628 8749/602/629
f 8750/577/593 8751/601/626 8752/578/599
f 8752/578/599 8751/601/626 8753/604/630
f 8754/612/645 8755/605/631 8756/580/597
f 8756/580/597 8755/605/631 8757/603/628
f 8758/578/599 8759/604/4071 8760/582/600
f 8760/582/600 8759/604/4071 8761/606/632
f 8762/585/604 8763/607/633 8764/612/645
f 8764/612/645 8763/607/633 8765/605/631
f 8766/588/610 8767/608/634 8768/585/604
f 8768/585/604 8767/608/634 8769/607/633
f 8770/582/600 8771/606/4072 8772/588/607
f 8772/588/607 8771/606/4072 8773/608/634
f 8774/2866/4053 8775/2871/4058 8776/2872/4073
f 8776/2872/4073 8775/2871/4058 8777/2873/4060
f 8778/2876/4074 8779/2877/4074 8780/2878/4075
f 8780/2878/4075 8779/2877/4074 8781/2879/4076
f 8782/2880/4077 8783/2881/4078 8784/2882/4079
f 8784/2882/4079 8783/2881/4078 8785/2883/4080
f 8786/2884/4081 8787/2880/4077 8788/570/586
f 8788/570/586 8787/2880/4077 8789/568/584
f 8790/2885/4082 8791/2886/4083 8792/583/642
f 8792/583/642 8791/2886/4083 8793/576/592
f 8794/2886/4083 8795/2884/4081 8796/576/592
f 8796/576/592 8795/2884/4081 8797/570/4084
f 8798/2887/4085 8799/2888/4086 8800/591/4087
f 8800/591/4087 8799/2888/4086 8801/581/598
f 8802/2888/4086 8803/2885/4082 8804/581/4088
f 8804/581/4088 8803/2885/4082 8805/583/642
f 8806/2869/4056 8807/2889/4089 8808/587/606
f 8808/587/606 8807/2889/4089 8809/589/4090
f 8810/2889/4091 8811/2890/4092 8812/589/609
f 8812/589/609 8811/2890/4092 8813/590/611
f 8814/2890/4093 8815/2887/4085 8816/590/611
f 8816/590/611 8815/2887/4085 8817/591/613
f 8818/2846/4094 8819/2891/4094 8820/561/4095
f 8820/561/4095 8819/2891/4094 8821/2892/4096
f 8822/561/4095 8823/2892/4096 8824/562/4097
f 8824/562/4097 8823/2892/4096 8825/2893/4098
f 8826/562/4099 8827/2893/4100 8828/2867/4101
f 8828/2867/4101 8827/2893/4100 8829/2894/4102
f 8830/2867/4103 8831/2894/4104 8832/2864/4105
f 8832/2864/4105 8831/2894/4104 8833/2895/4106
f 8834/2864/4105 8835/2895/4105 8836/2862/4107
f 8836/2862/4107 8835/2895/4105 8837/2896/4108
f 8838/2862/4109 8839/2896/4108 8840/2863/4110
f 8840/2863/4110 8839/2896/4108 8841/2897/4111
f 8842/2863/4110 8843/2897/4112 8844/2868/4113
f 8844/2868/4113 8843/2897/4112 8845/2898/4113
f 8846/613/4114 8847/2899/4115 8848/2869/4116
f 8848/2869/4116 8847/2899/4115 8849/2900/4117
f 8850/2869/4116 8851/2900/4118 8852/2889/4119
f 8852/2889/4119 8851/2900/4118 8853/2901/4120
f 8854/2889/4121 8855/2901/4120 8856/2890/4122
f 8856/2890/4122 8855/2901/4120 8857/2902/4123
f 8858/2890/4122 8859/2902/4124 8860/2887/4125
f 8860/2887/4125 8859/2902/4124 8861/2903/4126
f 8862/2887/4125 8863/2903/4126 8864/2888/4127
f 8864/2888/4127 8863/2903/4126 8865/2904/4128
f 8866/2888/4129 8867/2904/4128 8868/2885/4130
f 8868/2885/4130 8867/2904/4128 8869/2905/4131
f 8870/2885/4130 8871/2905/4132 8872/2886/4133
f 8872/2886/4133 8871/2905/4132 8873/2906/4134
f 8874/2886/4133 8875/2906/4134 8876/2884/4135
f 8876/2884/4135 8875/2906/4134 8877/2907/4136
f 8878/2884/4137 8879/2907/4136 8880/2880/4138
f 8880/2880/4138 8879/2907/4136 8881/2908/4139
f 8882/2880/4138 8883/2908/4139 8884/2881/4140
f 8884/2881/4140 8883/2908/4139 8885/2909/4141
f 8886/2881/4140 8887/2909/4141 8888/616/4142
f 8888/616/4142 8887/2909/4141 8889/2910/4143
f 8890/2880/4077 8891/2882/4144 8892/568/584
f 8892/568/584 8891/2882/4144 8893/2874/4061
f 8894/616/4142 8895/2910/4143 8896/614/4145
f 8896/614/4145 8895/2910/4143 8897/2911/4145
f 8898/616/651 8899/615/4146 8900/2881/4078
f 8900/2881/4078 8899/615/4146 8901/2883/4147
f 8902/2912/4148 8903/2913/4148 8904/2876/4148
f 8904/2876/4148 8903/2913/4148 8905/2877/4148
f 8906/656/4149 8907/655/706 8908/657/708
f 8908/657/708 8907/655/706 8909/658/711
f 8910/2914/1521 8911/2915/4150 8912/2916/1522
f 8912/2916/1522 8911/2915/4150 8913/2917/2342
f 8914/2918/4151 8915/2919/4152 8916/2920/4153
f 8916/2920/4153 8915/2919/4152 8917/2921/1564
f 8918/2920/1563 8919/2921/4154 8920/2922/1565
f 8920/2922/1565 8919/2921/4154 8921/2923/1566
f 8922/2922/1565 8923/2923/1566 8924/2924/1567
f 8924/2924/1567 8923/2923/1566 8925/2925/4155
f 8926/2924/1568 8927/2925/1568 8928/2926/1571
f 8928/2926/1571 8927/2925/1568 8929/2927/1570
f 8930/2926/4156 8931/2927/1570 8932/2928/1572
f 8932/2928/1572 8931/2927/1570 8933/2929/1572
f 8934/2928/1572 8935/2929/1572 8936/2930/1533
f 8936/2930/1533 8935/2929/1572 8937/2931/1533
f 8938/2932/1534 8939/2933/1534 8940/2934/1575
f 8940/2934/1575 8939/2933/1534 8941/2935/1576
f 8942/2934/1575 8943/2935/1575 8944/2936/1577
f 8944/2936/1577 8943/2935/1575 8945/2937/1577
f 8946/2936/1577 8947/2937/1577 8948/2938/4157
f 8948/2938/4157 8947/2937/1577 8949/2939/1578
f 8950/2938/1578 8951/2939/4158 8952/2918/1561
f 8952/2918/1561 8951/2939/4158 8953/2919/4151
f 8954/2919/309 8955/2940/310 8956/2921/309
f 8956/2921/309 8955/2940/310 8957/2941/309
f 8958/2921/309 8959/2941/310 8960/2923/309
f 8960/2923/309 8959/2941/310 8961/2942/309
f 8962/2923/309 8963/2942/309 8964/2925/309
f 8964/2925/309 8963/2942/309 8965/2943/309
f 8966/2925/309 8967/2943/309 8968/2927/309
f 8968/2927/309 8967/2943/309 8969/2944/309
f 8970/2927/309 8971/2944/309 8972/2929/309
f 8972/2929/309 8971/2944/309 8973/2945/309
f 8974/2929/309 8975/2945/309 8976/2931/309
f 8976/2931/309 8975/2945/309 8977/2946/310
f 8978/2933/1543 8979/2947/309 8980/2935/309
f 8980/2935/309 8979/2947/309 8981/2948/309
f 8982/2935/310 8983/2948/310 8984/2937/309
f 8984/2937/309 8983/2948/310 8985/2949/309
f 8986/2937/309 8987/2949/309 8988/2939/309
f 8988/2939/309 8987/2949/309 8989/2950/309
f 8990/2939/309 8991/2950/309 8992/2919/309
f 8992/2919/309 8991/2950/309 8993/2940/310
f 8994/2940/1579 8995/2951/1579 8996/2941/1580
f 8996/2941/1580 8995/2951/1579 8997/2952/1580
f 8998/2941/1580 8999/2952/1580 9000/2942/1581
f 9000/2942/1581 8999/2952/1580 9001/2953/1581
f 9002/2942/1583 9003/2953/1581 9004/2943/1584
f 9004/2943/1584 9003/2953/1581 9005/2954/1584
f 9006/2943/1584 9007/2954/1584 9008/2944/1586
f 9008/2944/1586 9007/2954/1584 9009/2955/1586
f 9010/2944/1587 9011/2955/1587 9012/2945/1588
f 9012/2945/1588 9011/2955/1587 9013/2956/1589
f 9014/2945/1588 9015/2956/1588 9016/2946/1553
f 9016/2946/1553 9015/2956/1588 9017/2957/1553
f 9018/2947/1554 9019/2958/1554 9020/2948/1590
f 9020/2948/1590 9019/2958/1554 9021/2959/1590
f 9022/2948/1591 9023/2959/1591 9024/2949/1592
f 9024/2949/1592 9023/2959/1591 9025/2960/1593
f 9026/2949/1592 9027/2960/1592 9028/2950/1594
f 9028/2950/1594 9027/2960/1592 9029/2961/1594
f 9030/2950/1594 9031/2961/1594 9032/2940/1579
f 9032/2940/1579 9031/2961/1594 9033/2951/1579
f 9034/2962/2653 9035/2963/1527 9036/2964/1525
f 9036/2964/1525 9035/2963/1527 9037/2965/1527
f 9038/2963/1527 9039/2966/1528 9040/2965/1526
f 9040/2965/1526 9039/2966/1528 9041/2967/1529
f 9042/2966/1528 9043/2968/1530 9044/2967/1529
f 9044/2967/1529 9043/2968/1530 9045/2969/1530
f 9046/2968/1530 9047/2970/4159 9048/2969/1530
f 9048/2969/1530 9047/2970/4159 9049/2971/1531
f 9050/2970/4160 9051/2972/1532 9052/2971/4160
f 9052/2971/4160 9051/2972/1532 9053/2973/1532
f 9054/2972/1532 9055/2930/1533 9056/2973/1532
f 9056/2973/1532 9055/2930/1533 9057/2931/1533
f 9058/2974/1534 9059/2975/4161 9060/2976/1574
f 9060/2976/1574 9059/2975/4161 9061/2977/1535
f 9062/2975/1535 9063/2978/1536 9064/2977/1535
f 9064/2977/1535 9063/2978/1536 9065/2979/1536
f 9066/2978/1537 9067/2980/1539 9068/2979/1536
f 9068/2979/1536 9067/2980/1539 9069/2981/1540
f 9070/2980/1538 9071/2962/1525 9072/2981/1539
f 9072/2981/1539 9071/2962/1525 9073/2964/2653
f 9074/2964/309 9075/2965/310 9076/2982/309
f 9076/2982/309 9075/2965/310 9077/2983/309
f 9078/2965/309 9079/2967/310 9080/2983/310
f 9080/2983/310 9079/2967/310 9081/2984/309
f 9082/2967/309 9083/2969/309 9084/2984/309
f 9084/2984/309 9083/2969/309 9085/2985/4162
f 9086/2969/309 9087/2971/310 9088/2985/1542
f 9088/2985/1542 9087/2971/310 9089/2986/309
f 9090/2971/309 9091/2973/309 9092/2986/309
f 9092/2986/309 9091/2973/309 9093/2987/309
f 9094/2973/309 9095/2931/309 9096/2987/309
f 9096/2987/309 9095/2931/309 9097/2946/310
f 9098/2976/309 9099/2977/309 9100/2988/309
f 9100/2988/309 9099/2977/309 9101/2989/309
f 9102/2977/309 9103/2979/309 9104/2989/309
f 9104/2989/309 9103/2979/309 9105/2990/1544
f 9106/2979/1541 9107/2981/309 9108/2990/309
f 9108/2990/309 9107/2981/309 9109/2991/309
f 9110/2981/309 9111/2964/310 9112/2991/309
f 9112/2991/309 9111/2964/310 9113/2982/309
f 9114/2982/1545 9115/2983/1546 9116/2992/1545
f 9116/2992/1545 9115/2983/1546 9117/2993/1546
f 9118/2983/1546 9119/2984/1547 9120/2993/1546
f 9120/2993/1546 9119/2984/1547 9121/2994/1548
f 9122/2984/1549 9123/2985/1550 9124/2994/1547
f 9124/2994/1547 9123/2985/1550 9125/2995/1550
f 9126/2985/1550 9127/2986/1551 9128/2995/1550
f 9128/2995/1550 9127/2986/1551 9129/2996/1551
f 9130/2986/1551 9131/2987/4163 9132/2996/1551
f 9132/2996/1551 9131/2987/4163 9133/2997/1552
f 9134/2987/1552 9135/2946/1553 9136/2997/1552
f 9136/2997/1552 9135/2946/1553 9137/2957/1553
f 9138/2988/1554 9139/2989/4164 9140/2998/1554
f 9140/2998/1554 9139/2989/4164 9141/2999/4164
f 9142/2989/1557 9143/2990/1558 9144/2999/1556
f 9144/2999/1556 9143/2990/1558 9145/3000/1558
f 9146/2990/1558 9147/2991/1559 9148/3000/1558
f 9148/3000/1558 9147/2991/1559 9149/3001/1560
f 9150/2991/1560 9151/2982/1545 9152/3001/1560
f 9152/3001/1560 9151/2982/1545 9153/2992/1545
f 9154/2920/834 9155/3002/834 9156/2918/1610
f 9156/2918/1610 9155/3002/834 9157/3003/1610
f 9158/2918/1610 9159/3003/1610 9160/2938/1609
f 9160/2938/1609 9159/3003/1610 9161/3004/1609
f 9162/2938/1609 9163/3004/1609 9164/2936/1608
f 9164/2936/1608 9163/3004/1609 9165/3005/1608
f 9166/2936/1607 9167/3005/1607 9168/2934/1604
f 9168/2934/1604 9167/3005/1607 9169/3006/1604
f 9170/2934/1604 9171/3006/1604 9172/2932/1602
f 9172/2932/1602 9171/3006/1604 9173/3007/1602
f 9174/2974/1602 9175/3008/4165 9176/2975/1601
f 9176/2975/1601 9175/3008/4165 9177/3009/1601
f 9178/2975/1601 9179/3009/1601 9180/2978/1599
f 9180/2978/1599 9179/3009/1601 9181/3010/1599
f 9182/2978/1599 9183/3010/4166 9184/2980/1598
f 9184/2980/1598 9183/3010/4166 9185/3011/1598
f 9186/2980/1597 9187/3011/1597 9188/2962/1596
f 9188/2962/1596 9187/3011/1597 9189/3012/1596
f 9190/2962/1595 9191/3012/1596 9192/2963/401
f 9192/2963/401 9191/3012/1596 9193/3013/401
f 9194/2963/401 9195/3013/4167 9196/2966/1628
f 9196/2966/1628 9195/3013/4167 9197/3014/1628
f 9198/2966/1629 9199/3014/4168 9200/2968/1625
f 9200/2968/1625 9199/3014/4168 9201/3015/1626
f 9202/2968/4169 9203/3015/1626 9204/2970/1624
f 9204/2970/1624 9203/3015/1626 9205/3016/1624
f 9206/2970/1624 9207/3016/1624 9208/2972/1622
f 9208/2972/1622 9207/3016/1624 9209/3017/1621
f 9210/2972/1621 9211/3017/1621 9212/2930/1618
f 9212/2930/1618 9211/3017/1621 9213/3018/4170
f 9214/2930/1618 9215/3018/1618 9216/2928/4171
f 9216/2928/4171 9215/3018/1618 9217/3019/1617
f 9218/2928/1617 9219/3019/1617 9220/2926/4172
f 9220/2926/4172 9219/3019/1617 9221/3020/1616
f 9222/2926/1616 9223/3020/1616 9224/2924/1614
f 9224/2924/1614 9223/3020/1616 9225/3021/1614
f 9226/2924/1614 9227/3021/4173 9228/2922/1613
f 9228/2922/1613 9227/3021/4173 9229/3022/1612
f 9230/2922/4174 9231/3022/1612 9232/2920/834
f 9232/2920/834 9231/3022/1612 9233/3002/834
f 9234/3023/4175 9235/3024/4176 9236/3025/4177
f 9236/3025/4177 9235/3024/4176 9237/3026/4178
f 9238/3025/4179 9239/3026/4178 9240/3027/4180
f 9240/3027/4180 9239/3026/4178 9241/3028/4181
f 9242/3027/4182 9243/3028/4183 9244/3029/4184
f 9244/3029/4184 9243/3028/4183 9245/3030/4185
f 9246/3029/4184 9247/3030/4186 9248/3031/4187
f 9248/3031/4187 9247/3030/4186 9249/3032/4188
f 9250/3031/4187 9251/3032/4188 9252/3033/1644
f 9252/3033/1644 9251/3032/4188 9253/3034/1645
f 9254/3035/2381 9255/3036/1648 9256/3037/4189
f 9256/3037/4189 9255/3036/1648 9257/3038/4190
f 9258/3037/4191 9259/3038/4192 9260/3039/4193
f 9260/3039/4193 9259/3038/4192 9261/3040/4194
f 9262/3039/4195 9263/3040/4194 9264/3041/584
f 9264/3041/584 9263/3040/4194 9265/3042/4196
f 9266/3041/584 9267/3042/4197 9268/3043/4198
f 9268/3043/4198 9267/3042/4197 9269/3044/4199
f 9270/3043/4200 9271/3044/4199 9272/3023/834
f 9272/3023/834 9271/3044/4199 9273/3024/4176
f 9274/3045/4201 9275/3046/4202 9276/3047/4203
f 9276/3047/4203 9275/3046/4202 9277/3048/4204
f 9278/3047/4205 9279/3048/4206 9280/3049/4207
f 9280/3049/4207 9279/3048/4206 9281/3050/4208
f 9282/3049/4209 9283/3050/4210 9284/3051/4211
f 9284/3051/4211 9283/3050/4210 9285/3052/4212
f 9286/3051/4213 9287/3052/4214 9288/3053/4215
f 9288/3053/4215 9287/3052/4214 9289/3054/4216
f 9290/3053/4217 9291/3054/4218 9292/3055/1675
f 9292/3055/1675 9291/3054/4218 9293/3056/1676
f 9294/3057/1677 9295/3058/1679 9296/3059/4219
f 9296/3059/4219 9295/3058/1679 9297/3060/4220
f 9298/3059/4219 9299/3060/4220 9300/3061/4221
f 9300/3061/4221 9299/3060/4220 9301/3062/4222
f 9302/3061/4223 9303/3062/4222 9304/3063/4224
f 9304/3063/4224 9303/3062/4222 9305/3064/4225
f 9306/3063/4226 9307/3064/4227 9308/3065/4228
f 9308/3065/4228 9307/3064/4227 9309/3066/4229
f 9310/3065/4228 9311/3066/4230 9312/3045/4201
f 9312/3045/4201 9311/3066/4230 9313/3046/4202
f 9274/3045/4201 9314/3047/4205 9315/3024/4231
f 9315/3024/4231 9314/3047/4205 9237/3026/4232
f 9278/3047/4205 9316/3049/4233 9317/3026/4178
f 9317/3026/4178 9316/3049/4233 9241/3028/4234
f 9318/3049/4207 9319/3051/4235 9320/3028/4183
f 9320/3028/4183 9319/3051/4235 9245/3030/4236
f 9286/3051/4235 9321/3053/4215 9322/3030/4186
f 9322/3030/4186 9321/3053/4215 9249/3032/4188
f 9323/3053/4215 9324/3055/1675 9325/3032/4188
f 9325/3032/4188 9324/3055/1675 9253/3034/4237
f 9326/3057/1701 9327/3059/4219 9328/3036/1648
f 9328/3036/1648 9327/3059/4219 9257/3038/4190
f 9329/3059/4219 9330/3061/4238 9331/3038/4192
f 9331/3038/4192 9330/3061/4238 9261/3040/4194
f 9332/3061/4239 9333/3063/4224 9334/3040/4194
f 9334/3040/4194 9333/3063/4224 9335/3042/4197
f 9336/3063/4240 9337/3065/4228 9338/3042/4241
f 9338/3042/4241 9337/3065/4228 9269/3044/4242
f 9339/3065/4228 9340/3045/4201 9341/3044/4199
f 9341/3044/4199 9340/3045/4201 9342/3024/4176
f 9343/3067/1710 9344/3068/4243 9345/3069/4244
f 9345/3069/4244 9344/3068/4243 9346/3070/4216
f 9347/3069/4244 9348/3070/4216 9349/3071/4222
f 9349/3071/4222 9348/3070/4216 9350/3072/4245
f 9351/3071/4222 9352/3072/4245 9353/3073/4227
f 9353/3073/4227 9352/3072/4245 9354/3074/4210
f 9355/3073/4227 9356/3074/4210 9357/3075/4229
f 9356/3074/4210 9358/3076/4204 9357/3075/4229
f 9357/3075/4229 9358/3076/4204 9359/3077/4246
f 9360/3078/1714 9361/3079/1716 9362/3080/4247
f 9362/3080/4247 9361/3079/1716 9363/3081/4248
f 9364/3082/4249 9365/3080/4247 9366/3083/4250
f 9366/3083/4250 9365/3080/4247 9367/3081/4248
f 9368/3084/4251 9369/3085/1722 9370/3086/1009
f 9370/3086/1009 9369/3085/1722 9371/3087/1723
f 9372/3088/4252 9373/713/763 9374/3089/4253
f 9374/3089/4253 9373/713/763 9375/3090/4254
f 9376/3091/1728 9377/3089/4253 9378/3092/1729
f 9378/3092/1729 9377/3089/4253 9379/3090/4254
f 9380/3093/4255 9381/3094/4256 9382/3095/4257
f 9382/3095/4257 9381/3094/4256 9383/3096/4258
f 9384/3097/4259 9385/751/4260 9386/3098/4261
f 9386/3098/4261 9385/751/4260 9387/698/748
f 9388/3079/1738 9389/3099/1739 9390/3081/4248
f 9390/3081/4248 9389/3099/1739 9391/3100/4262
f 9392/691/742 9393/693/744 9394/3101/4263
f 9394/3101/4263 9393/693/744 9395/725/777
f 9396/3102/4264 9397/698/4265 9398/709/759
f 9398/709/759 9397/698/4265 9399/697/747
f 9400/698/748 9401/749/4266 9402/699/749
f 9402/699/749 9401/749/4266 9403/3103/4267
f 9404/3104/4268 9405/3105/4269 9406/3106/4270
f 9406/3106/4270 9405/3105/4269 9407/3107/4271
f 9408/3105/4269 9409/3108/1752 9410/3107/4272
f 9410/3107/4272 9409/3108/1752 9411/3109/1753
f 9412/3110/4273 9413/3111/4274 9414/697/747
f 9414/697/747 9413/3111/4274 9415/710/760
f 9416/3111/4275 9417/3112/1758 9418/710/760
f 9418/710/760 9417/3112/1758 9419/3113/1759
f 9420/3114/4276 9421/3115/4277 9422/3116/4278
f 9422/3116/4278 9421/3115/4277 9423/3117/4279
f 9424/3116/4280 9425/3117/4279 9426/3118/1763
f 9426/3118/1763 9425/3117/4279 9427/3119/1764
f 9428/3120/744 9429/3121/4281 9430/3122/779
f 9430/3122/779 9429/3121/4281 9431/3123/4282
f 9429/3121/4283 9432/3124/4284 9433/3123/4282
f 9433/3123/4282 9432/3124/4284 9434/3125/1769
f 9435/3102/4264 9436/709/4285 9437/3126/1770
f 9437/3126/1770 9436/709/4285 9438/3127/1772
f 9439/3078/4286 9440/3080/4287 9441/3128/1773
f 9441/3128/1773 9440/3080/4287 9442/3129/4288
f 9443/3128/1773 9444/3129/4288 9445/3130/1783
f 9445/3130/1783 9444/3129/4288 9446/3131/4289
f 9447/3132/1779 9448/3133/4290 9449/3134/1780
f 9449/3134/1780 9448/3133/4290 9450/3135/4291
f 9451/3130/1783 9452/3131/4289 9453/3132/1784
f 9453/3132/1784 9452/3131/4289 9454/3133/4292
f 9455/3136/4293 9456/3135/4291 9457/3137/4294
f 9457/3137/4294 9456/3135/4291 9458/3133/4292
f 9459/3137/4295 9460/3133/4292 9461/3138/4296
f 9461/3138/4296 9460/3133/4292 9462/3131/4289
f 9463/3139/4297 9464/3129/4288 9465/3082/4249
f 9465/3082/4249 9464/3129/4288 9466/3080/4298
f 9467/3138/4299 9468/3131/4289 9469/3139/4297
f 9469/3139/4297 9468/3131/4289 9470/3129/4300
f 9471/3140/4301 9472/3101/4302 9473/3141/4303
f 9473/3141/4303 9472/3101/4302 9474/725/777
f 9475/695/231 9476/3142/4304 9477/3143/4305
f 9477/3143/4305 9476/3142/4304 9478/3144/4306
f 9479/3142/4304 9480/3145/4307 9481/3144/4306
f 9481/3144/4306 9480/3145/4307 9482/3146/4308
f 9483/3140/4301 9484/3141/4303 9485/3147/4309
f 9485/3147/4309 9484/3141/4303 9486/3148/4310
f 9487/3147/4309 9488/3148/4311 9489/3145/4312
f 9489/3145/4312 9488/3148/4311 9490/3146/4308
f 9491/3149/1807 9492/3150/4313 9493/3151/1808
f 9493/3151/1808 9492/3150/4313 9494/3152/4314
f 9495/3153/4315 9496/3154/4316 9497/3150/4317
f 9497/3150/4317 9496/3154/4316 9498/3152/4314
f 9499/719/1814 9500/3155/1815 9501/3156/1814
f 9501/3156/1814 9500/3155/1815 9502/3157/1815
f 9503/3158/1816 9504/3157/1815 9505/3159/1817
f 9505/3159/1817 9504/3157/1815 9506/3155/1815
f 9507/3160/4318 9508/3161/1820 9509/3162/1818
f 9509/3162/1818 9508/3161/1820 9510/3163/1820
f 9511/3164/1821 9512/3163/1820 9513/3165/1821
f 9513/3165/1821 9512/3163/1820 9514/3161/1820
f 9515/3166/4319 9516/3167/4320 9517/3168/4321
f 9517/3168/4321 9516/3167/4320 9518/3169/4322
f 9519/3170/1827 9520/3171/1828 9521/3172/1827
f 9521/3172/1827 9520/3171/1828 9522/3173/1828
f 9523/3174/4323 9524/3175/4324 9525/3176/4325
f 9525/3176/4325 9524/3175/4324 9526/3177/4326
f 9527/3178/4327 9528/3177/4328 9529/3179/4329
f 9529/3179/4329 9528/3177/4328 9530/3175/4324
f 9531/3180/4330 9532/3181/4331 9533/3182/4332
f 9533/3182/4332 9532/3181/4331 9534/3183/4333
f 9535/3184/4334 9536/3183/4333 9537/720/4335
f 9537/720/4335 9536/3183/4333 9538/3181/4331
f 9539/3085/4336 9540/3084/4337 9541/3169/4336
f 9541/3169/4336 9540/3084/4337 9542/3168/4338
f 9543/3163/4339 9544/3164/4340 9545/3175/4341
f 9545/3175/4341 9544/3164/4340 9546/3179/4342
f 9547/3162/4343 9548/3163/4339 9549/3174/4344
f 9549/3174/4344 9548/3163/4339 9550/3175/4345
f 9551/3185/4346 9552/3171/4347 9553/3186/4348
f 9553/3186/4348 9552/3171/4347 9554/3096/4347
f 9555/719/769 9556/720/4349 9557/3155/4350
f 9557/3155/4350 9556/720/4349 9558/3181/4351
f 9559/3155/4352 9560/3181/4353 9561/3159/4354
f 9561/3159/4354 9560/3181/4353 9562/3180/4355
f 9563/719/769 9564/3156/1861 9565/717/767
f 9565/717/767 9564/3156/1861 9566/3187/1861
f 9567/3188/4356 9568/692/743 9569/711/4357
f 9569/711/4357 9568/692/743 9570/691/4358
f 9571/3188/4359 9572/711/4357 9573/3088/4360
f 9573/3088/4360 9572/711/4357 9574/713/763
f 9575/751/4361 9576/3097/4362 9577/3189/4363
f 9577/3189/4363 9576/3097/4362 9578/3190/4364
f 9579/3191/4365 9580/3192/4366 9581/3166/4367
f 9581/3166/4367 9580/3192/4366 9582/3167/4368
f 9583/3193/4369 9584/3194/4364 9585/3191/4370
f 9585/3191/4370 9584/3194/4364 9586/3192/4371
f 9587/3195/4372 9588/711/4357 9589/3101/4263
f 9589/3101/4263 9588/711/4357 9590/691/742
f 9591/714/4373 9592/3103/4267 9593/715/4374
f 9593/715/4374 9592/3103/4267 9594/3196/4375
f 9595/3197/4376 9596/3198/4377 9597/3178/4327
f 9597/3178/4327 9596/3198/4377 9598/3177/4328
f 9599/3199/4374 9600/3200/4375 9601/3197/4376
f 9601/3197/4376 9600/3200/4375 9602/3198/4377
f 9603/3176/4378 9604/3177/4328 9605/3201/4379
f 9605/3201/4379 9604/3177/4328 9606/3198/4380
f 9607/3201/4381 9608/3198/4380 9609/3202/4382
f 9609/3202/4382 9608/3198/4380 9610/3200/4375
f 9611/3203/4383 9612/3196/4384 9613/749/4266
f 9613/749/4266 9612/3196/4384 9614/3103/4267
f 9615/3153/4315 9616/708/4385 9617/3154/4386
f 9617/3154/4386 9616/708/4385 9618/707/757
f 9619/3182/4332 9620/3183/4333 9621/3204/750
f 9621/3204/750 9620/3183/4333 9622/3205/4387
f 9623/3206/4332 9624/700/750 9625/3093/4255
f 9625/3093/4255 9624/700/750 9626/702/752
f 9627/3204/4388 9628/3205/4387 9629/3207/4389
f 9629/3207/4389 9628/3205/4387 9630/3208/4390
f 9631/3111/4274 9632/3110/4273 9633/3209/4391
f 9633/3209/4391 9632/3110/4273 9634/3210/4392
f 9635/3110/4273 9636/854/846 9637/3210/4393
f 9637/3210/4393 9636/854/846 9638/756/819
f 9639/3211/4394 9640/703/753 9641/3212/4395
f 9641/3212/4395 9640/703/753 9642/705/4396
f 9643/3166/4319 9644/3168/4397 9645/3213/4398
f 9645/3213/4398 9644/3168/4397 9646/3214/4399
f 9647/3213/4400 9648/3214/4399 9649/3176/4401
f 9649/3176/4401 9648/3214/4399 9650/3174/4402
f 9651/712/762 9652/3100/4262 9653/713/763
f 9653/713/763 9652/3100/4262 9654/3090/4254
f 9655/3092/1729 9656/3090/4254 9657/3099/1911
f 9657/3099/1911 9656/3090/4254 9658/3100/4403
f 9659/3215/4404 9660/3216/4405 9661/3217/4406
f 9661/3217/4406 9660/3216/4405 9662/3218/4407
f 9663/3217/4406 9664/3218/4407 9665/3219/4408
f 9665/3219/4408 9664/3218/4407 9666/3220/4409
f 9667/3216/4405 9668/3221/1763 9669/3218/4407
f 9669/3218/4407 9668/3221/1763 9670/3222/851
f 9671/3218/4407 9672/3222/851 9673/3220/4410
f 9673/3220/4410 9672/3222/851 9674/3223/1924
f 9675/3224/4411 9676/3225/4412 9677/3104/4413
f 9677/3104/4413 9676/3225/4412 9678/3105/4269
f 9679/3225/4414 9680/3226/1930 9681/3105/4269
f 9681/3105/4269 9680/3226/1930 9682/3108/1752
f 9683/3219/4415 9684/3220/4410 9685/3224/4411
f 9685/3224/4411 9684/3220/4410 9686/3225/4412
f 9687/3220/4410 9688/3223/1533 9689/3225/4412
f 9689/3225/4412 9688/3223/1533 9690/3226/1930
f 9691/3227/4416 9692/3228/1932 9693/3209/4391
f 9693/3209/4391 9692/3228/1932 9694/3229/1933
f 9695/3111/4274 9696/3209/4417 9697/3112/1758
f 9697/3112/1758 9696/3209/4417 9698/3229/4418
f 9699/709/4419 9700/710/760 9701/3127/1772
f 9701/3127/1772 9700/710/760 9702/3113/1759
f 9703/3122/4420 9704/3123/4282 9705/3115/4277
f 9705/3115/4277 9704/3123/4282 9706/3117/4279
f 9704/3123/4421 9707/3125/1769 9708/3117/4422
f 9708/3117/4422 9707/3125/1769 9709/3119/1938
f 9710/3230/1939 9711/3185/1939 9712/3165/1940
f 9712/3165/1940 9711/3185/1939 9713/3164/1940
f 9714/3084/4251 9715/3086/1009 9716/3231/4423
f 9716/3231/4423 9715/3086/1009 9717/3232/1942
f 9718/3231/4423 9719/3232/1942 9720/3162/1818
f 9720/3162/1818 9719/3232/1942 9721/3160/1818
f 9722/3186/4424 9723/3233/4425 9724/3179/4329
f 9724/3179/4329 9723/3233/4425 9725/3178/4327
f 9726/3162/4426 9727/3174/4344 9728/3231/4427
f 9728/3231/4427 9727/3174/4344 9729/3214/4428
f 9730/3231/4429 9731/3214/4430 9732/3084/4431
f 9732/3084/4431 9731/3214/4430 9733/3168/4338
f 9734/3185/4432 9735/3186/4433 9736/3164/4340
f 9736/3164/4340 9735/3186/4433 9737/3179/4342
f 9738/3176/4325 9739/3201/4434 9740/3213/4398
f 9740/3213/4398 9739/3201/4434 9741/3234/4435
f 9742/3201/4436 9743/3202/4382 9744/3234/4437
f 9744/3234/4437 9743/3202/4382 9745/3235/4438
f 9746/3213/4398 9747/3234/4437 9748/3166/4439
f 9748/3166/4439 9747/3234/4437 9749/3191/4365
f 9750/3234/4440 9751/3235/4438 9752/3191/4365
f 9752/3191/4365 9751/3235/4438 9753/3193/4441
f 9754/751/4260 9755/3189/4441 9756/750/809
f 9756/750/809 9755/3189/4441 9757/3236/4438
f 9758/750/809 9759/3236/4442 9760/749/4266
f 9760/749/4266 9759/3236/4442 9761/3203/4382
f 9762/3233/4425 9763/3094/4256 9764/3237/4443
f 9764/3237/4443 9763/3094/4256 9765/3238/4444
f 9766/3233/4445 9767/3237/4446 9768/3178/4447
f 9768/3178/4447 9767/3237/4446 9769/3197/4448
f 9770/3237/4443 9771/3239/4449 9772/3197/4450
f 9772/3197/4450 9771/3239/4449 9773/3199/4374
f 9774/3208/4451 9775/3240/4452 9776/3207/4389
f 9776/3207/4389 9775/3240/4452 9777/3241/4453
f 9778/3093/4255 9779/3095/4454 9780/3206/4332
f 9780/3206/4332 9779/3095/4454 9781/3242/4455
f 9782/3170/1981 9783/3172/1982 9784/3243/1816
f 9784/3243/1816 9783/3172/1982 9785/3244/1983
f 9786/3243/4354 9787/3242/4456 9788/3170/4457
f 9788/3170/4457 9787/3242/4456 9789/3095/4458
f 9790/3184/4334 9791/724/775 9792/3183/4333
f 9792/3183/4333 9791/724/775 9793/3205/4459
f 9794/724/775 9795/723/776 9796/3205/4387
f 9796/3205/4387 9795/723/776 9797/3208/4390
f 9798/722/4460 9799/721/772 9800/3245/4461
f 9800/3245/4461 9799/721/772 9801/3246/4462
f 9802/3184/4334 9803/3246/4462 9804/724/775
f 9804/724/775 9803/3246/4462 9805/721/4463
f 9806/3184/4334 9807/720/4335 9808/3246/4462
f 9808/3246/4462 9807/720/4335 9809/718/4464
f 9810/3247/1995 9811/755/4465 9812/3187/1996
f 9812/3187/1996 9811/755/4465 9813/717/4466
f 9814/3248/1999 9815/3249/2001 9816/3250/4467
f 9816/3250/4467 9815/3249/2001 9817/3251/4468
f 9818/3252/4469 9819/3253/4470 9820/3251/4468
f 9820/3251/4468 9819/3253/4470 9821/3250/4467
f 9822/3254/4471 9823/3255/4472 9824/3256/4473
f 9824/3256/4473 9823/3255/4472 9825/3257/4474
f 9826/3255/4472 9827/3258/2011 9828/3257/4475
f 9828/3257/4475 9827/3258/2011 9829/3259/2011
f 9830/3260/1999 9831/3261/2013 9832/3262/4476
f 9832/3262/4476 9831/3261/2013 9833/3263/4477
f 9834/3264/4478 9835/3265/4479 9836/3263/4477
f 9836/3263/4477 9835/3265/4479 9837/3262/4476
f 9838/3266/4480 9839/3267/4481 9840/3268/4482
f 9840/3268/4482 9839/3267/4481 9841/3269/4483
f 9842/3270/2022 9843/3271/2013 9844/3269/4484
f 9844/3269/4484 9843/3271/2013 9845/3268/4482
f 9846/3212/4395 9847/3272/4485 9848/3211/4486
f 9848/3211/4486 9847/3272/4485 9849/3227/4487
f 9850/3272/4485 9851/3273/2026 9852/3227/4416
f 9852/3227/4416 9851/3273/2026 9853/3228/1932
f 9854/3104/4488 9855/3106/4270 9856/3143/4489
f 9856/3143/4489 9855/3106/4270 9857/3274/4490
f 9858/3082/4249 9859/3083/4491 9860/3275/4492
f 9860/3275/4492 9859/3083/4491 9861/3195/4493
f 9862/3140/4301 9863/3275/4494 9864/3101/4302
f 9864/3101/4302 9863/3275/4494 9865/3195/4495
f 9866/3141/4496 9867/725/777 9868/3215/4497
f 9868/3215/4497 9867/725/777 9869/727/4498
f 9870/3143/4499 9871/3144/4306 9872/3104/4500
f 9872/3104/4500 9871/3144/4306 9873/3224/4411
f 9874/3144/4501 9875/3146/4308 9876/3224/4411
f 9876/3224/4411 9875/3146/4308 9877/3219/4502
f 9878/3215/4404 9879/3217/4503 9880/3141/4303
f 9880/3141/4303 9879/3217/4503 9881/3148/4504
f 9882/3217/4503 9883/3219/4502 9884/3148/4504
f 9884/3148/4504 9883/3219/4502 9885/3146/4505
f 9886/3140/4301 9887/3147/4309 9888/3275/4506
f 9888/3275/4506 9887/3147/4309 9889/3276/4507
f 9890/3147/4309 9891/3145/4312 9892/3276/4507
f 9892/3276/4507 9891/3145/4312 9893/3277/4508
f 9894/3082/4509 9895/3275/4494 9896/3139/4297
f 9896/3139/4297 9895/3275/4494 9897/3276/4510
f 9898/3139/4297 9899/3276/4507 9900/3138/4511
f 9900/3138/4511 9899/3276/4507 9901/3277/4512
f 9902/3136/4293 9903/3137/4513 9904/3278/4514
f 9904/3278/4514 9903/3137/4513 9905/3279/4515
f 9906/3137/4294 9907/3138/4511 9908/3279/4515
f 9908/3279/4515 9907/3138/4511 9909/3277/4508
f 9910/695/231 9911/3278/4514 9912/3142/4304
f 9912/3142/4304 9911/3278/4514 9913/3279/4515
f 9914/3142/4516 9915/3279/4515 9916/3145/4312
f 9916/3145/4312 9915/3279/4515 9917/3277/4508
f 9918/3280/4517 9919/3281/4518 9920/3282/4519
f 9920/3282/4519 9919/3281/4518 9921/3283/4520
f 9922/3282/4521 9923/3283/4520 9924/3256/4473
f 9924/3256/4473 9923/3283/4520 9925/3254/4471
f 9926/3253/4470 9927/3252/4469 9928/3284/4522
f 9928/3284/4522 9927/3252/4469 9929/3285/4523
f 9930/3284/4522 9931/3285/4524 9932/3286/4525
f 9932/3286/4525 9931/3285/4524 9933/3287/4526
f 9934/3265/4479 9935/3264/4527 9936/3288/4528
f 9936/3288/4528 9935/3264/4527 9937/3289/4529
f 9938/3288/4530 9939/3289/4529 9940/3290/4531
f 9940/3290/4531 9939/3289/4529 9941/3291/4532
f 9942/3267/4533 9943/3266/4480 9944/3292/4534
f 9944/3292/4534 9943/3266/4480 9945/3293/4535
f 9946/3292/4534 9947/3293/4535 9948/3294/4536
f 9948/3294/4536 9947/3293/4535 9949/3295/4537
f 9950/3149/2077 9951/3296/2079 9952/3150/4313
f 9952/3150/4313 9951/3296/2079 9953/3297/4538
f 9954/3153/4315 9955/3150/4313 9956/3298/4539
f 9956/3298/4539 9955/3150/4313 9957/3297/4538
f 9958/3136/4293 9959/3299/4540 9960/3135/4291
f 9960/3135/4291 9959/3299/4540 9961/3300/4541
f 9962/3134/2086 9963/3135/4291 9964/3301/2087
f 9964/3301/2087 9963/3135/4291 9965/3300/4542
f 9966/695/231 9967/694/745 9968/3278/4514
f 9968/3278/4514 9967/694/745 9969/3302/4543
f 9970/3136/4293 9971/3278/4514 9972/3299/4540
f 9972/3299/4540 9971/3278/4514 9973/3302/4544
f 9974/3303/2090 9975/3304/2090 9976/3305/4545
f 9976/3305/4545 9975/3304/2090 9977/3306/4546
f 9978/3307/4547 9979/3305/4545 9980/3308/4548
f 9980/3308/4548 9979/3305/4545 9981/3306/4546
f 9982/3307/4549 9983/3308/4548 9984/3309/4550
f 9984/3309/4550 9983/3308/4548 9985/3310/4551
f 9986/3311/4552 9987/3309/4550 9988/3312/4552
f 9988/3312/4552 9987/3309/4550 9989/3310/4553
f 9990/3313/4554 9991/3314/4555 9992/3315/746
f 9992/3315/746 9991/3314/4555 9993/3316/746
f 9994/3317/4556 9995/3316/746 9996/3318/4555
f 9996/3318/4555 9995/3316/746 9997/3314/4555
f 9998/3316/4557 9999/3317/4557 10000/3319/4558
f 10000/3319/4558 9999/3317/4557 10001/3320/4559
f 10002/3321/4560 10003/3319/4558 10004/3322/4561
f 10004/3322/4561 10003/3319/4558 10005/3320/4559
f 10006/3321/4560 10007/3322/4562 10008/3323/4563
f 10008/3323/4563 10007/3322/4562 10009/3324/4564
f 10010/3325/2090 10011/3323/4565 10012/3326/2090
f 10012/3326/2090 10011/3323/4565 10013/3324/4566
f 10014/3304/2113 10015/3248/2022 10016/3306/4567
f 10016/3306/4567 10015/3248/2022 10017/3250/4467
f 10018/3308/4568 10019/3306/4567 10020/3253/4569
f 10020/3253/4569 10019/3306/4567 10021/3250/4570
f 10022/3308/4571 10023/3253/4470 10024/3310/4572
f 10024/3310/4572 10023/3253/4470 10025/3284/4573
f 10026/3312/4574 10027/3310/4575 10028/3286/4576
f 10028/3286/4576 10027/3310/4575 10029/3284/4573
f 10030/3327/4577 10031/3328/4578 10032/3318/4579
f 10032/3318/4579 10031/3328/4578 10033/3329/4580
f 10034/3317/4581 10035/3287/4526 10036/3320/4582
f 10036/3320/4582 10035/3287/4526 10037/3285/4524
f 10038/3322/4583 10039/3320/4582 10040/3252/4584
f 10040/3252/4584 10039/3320/4582 10041/3285/4523
f 10042/3322/4585 10043/3252/4586 10044/3324/4587
f 10044/3324/4587 10043/3252/4586 10045/3251/4468
f 10046/3326/2133 10047/3324/4587 10048/3249/2134
f 10048/3249/2134 10047/3324/4587 10049/3251/4468
f 10050/3296/2113 10051/3260/2022 10052/3297/4588
f 10052/3297/4588 10051/3260/2022 10053/3262/4476
f 10054/3298/4589 10055/3297/4590 10056/3265/4591
f 10056/3265/4591 10055/3297/4590 10057/3262/4476
f 10058/3298/4589 10059/3265/4591 10060/3330/4592
f 10060/3330/4592 10059/3265/4591 10061/3288/4593
f 10062/3331/4594 10063/3330/4595 10064/3290/4596
f 10064/3290/4596 10063/3330/4595 10065/3288/4528
f 10066/736/4597 10067/3332/4598 10068/734/4599
f 10068/734/4599 10067/3332/4598 10069/3333/4600
f 10070/3311/4601 10071/3291/4532 10072/3309/4602
f 10072/3309/4602 10071/3291/4532 10073/3289/4603
f 10074/3307/4604 10075/3309/4605 10076/3264/4478
f 10076/3264/4478 10075/3309/4605 10077/3289/4603
f 10078/3307/4604 10079/3264/4527 10080/3305/4606
f 10080/3305/4606 10079/3264/4527 10081/3263/4607
f 10082/3303/2133 10083/3305/4608 10084/3261/2013
f 10084/3261/2013 10083/3305/4608 10085/3263/4609
f 10086/3299/4610 10087/3266/4480 10088/3300/4611
f 10088/3300/4611 10087/3266/4480 10089/3268/4482
f 10090/3301/2158 10091/3300/4611 10092/3271/2134
f 10092/3271/2134 10091/3300/4611 10093/3268/4482
f 10094/3325/2113 10095/3270/2022 10096/3323/4612
f 10096/3323/4612 10095/3270/2022 10097/3269/4483
f 10098/3321/4613 10099/3323/4612 10100/3267/4533
f 10100/3267/4533 10099/3323/4612 10101/3269/4614
f 10102/3321/4613 10103/3267/4533 10104/3319/4615
f 10104/3319/4615 10103/3267/4533 10105/3292/4534
f 10106/3316/4616 10107/3319/4617 10108/3294/4536
f 10108/3294/4536 10107/3319/4617 10109/3292/4534
f 10110/3315/4618 10111/3334/4619 10112/3335/4620
f 10112/3335/4620 10111/3334/4619 10113/3336/4621
f 10114/694/4622 10115/3295/4537 10116/3302/4623
f 10116/3302/4623 10115/3295/4537 10117/3293/4535
f 10118/3299/4624 10119/3302/4623 10120/3266/4480
f 10120/3266/4480 10119/3302/4623 10121/3293/4535
f 10122/3327/4555 10123/3337/4555 10124/3312/4555
f 10124/3312/4555 10123/3337/4555 10125/3311/4555
f 10126/3338/746 10127/3313/746 10128/3335/746
f 10128/3335/746 10127/3313/746 10129/3315/746
f 10130/3339/4625 10131/3340/4626 10132/3341/4627
f 10132/3341/4627 10131/3340/4626 10133/3342/4628
f 10134/739/793 10135/3339/4629 10136/729/789
f 10136/729/789 10135/3339/4629 10137/3341/4630
f 10138/3343/4631 10139/3344/4632 10140/3345/4633
f 10140/3345/4633 10139/3344/4632 10141/3346/4634
f 10142/3347/2183 10143/3343/4635 10144/3348/2184
f 10144/3348/2184 10143/3343/4635 10145/3345/4636
f 10146/3340/4637 10147/3349/2184 10148/3342/4638
f 10148/3342/4638 10147/3349/2184 10149/3350/2183
f 10150/743/4639 10151/3346/4640 10152/732/786
f 10152/732/786 10151/3346/4640 10153/3344/4632
f 10154/3281/4641 10155/728/4642 10156/3283/4643
f 10156/3283/4643 10155/728/4642 10157/730/4644
f 10158/3254/4645 10159/3351/4646 10160/3255/4647
f 10160/3255/4647 10159/3351/4646 10161/3352/4648
f 10162/3283/4643 10163/730/4649 10164/3254/4650
f 10164/3254/4650 10163/730/4649 10165/3351/4651
f 10166/3255/4652 10167/3352/4648 10168/3258/2200
f 10168/3258/2200 10167/3352/4648 10169/3353/2202
f 10170/3109/2203 10171/3354/2205 10172/3107/4653
f 10172/3107/4653 10171/3354/2205 10173/3355/4654
f 10174/3107/4655 10175/3355/4656 10176/3106/4657
f 10176/3106/4657 10175/3355/4656 10177/3356/4658
f 10178/3106/4659 10179/3356/4658 10180/3274/4660
f 10180/3274/4660 10179/3356/4658 10181/753/814
f 10182/754/4661 10183/3274/4660 10184/742/4662
f 10184/742/4662 10183/3274/4660 10185/753/814
f 10186/3338/4663 10187/740/794 10188/3313/4664
f 10188/3313/4664 10187/740/794 10189/738/792
f 10190/729/789 10191/738/4665 10192/739/4666
f 10192/739/4666 10191/738/4665 10193/740/4667
f 10194/3259/2219 10195/3357/2221 10196/3257/4668
f 10196/3257/4668 10195/3357/2221 10197/3358/4669
f 10198/3257/4668 10199/3358/4670 10200/3256/4671
f 10200/3256/4671 10199/3358/4670 10201/3359/4672
f 10202/3256/4671 10203/3359/4672 10204/3282/4673
f 10204/3282/4673 10203/3359/4672 10205/752/4674
f 10206/3280/4675 10207/3282/4673 10208/746/802
f 10208/746/802 10207/3282/4673 10209/752/4674
f 10210/3337/4676 10211/744/4677 10212/735/4678
f 10212/735/4678 10211/744/4677 10213/748/807
f 10214/732/4679 10215/748/4680 10216/743/811
f 10216/743/811 10215/748/4680 10217/744/4681
f 10218/704/4682 10219/731/804 10220/705/4683
f 10220/705/4683 10219/731/804 10221/733/787
f 10222/3212/4684 10223/3360/4685 10224/3272/4686
f 10224/3272/4686 10223/3360/4685 10225/3361/4687
f 10226/705/4688 10227/733/4689 10228/3212/4690
f 10228/3212/4690 10227/733/4689 10229/3360/4691
f 10230/3272/4692 10231/3361/4693 10232/3273/2200
f 10232/3273/2200 10231/3361/4693 10233/3362/2202
f 10234/736/4694 10235/735/788 10236/3331/4695
f 10236/3331/4695 10235/735/788 10237/3363/4696
f 10238/3313/4664 10239/738/4697 10240/3314/4698
f 10240/3314/4698 10239/738/4697 10241/737/4699
f 10242/3281/4700 10243/3314/4701 10244/728/4642
f 10244/728/4642 10243/3314/4701 10245/737/4702
f 10246/754/4661 10247/742/4662 10248/696/4703
f 10248/696/4703 10247/742/4662 10249/741/4704
f 10250/3338/4663 10251/696/4703 10252/740/794
f 10252/740/794 10251/696/4703 10253/741/798
f 10254/3280/4705 10255/746/802 10256/3364/4706
f 10256/3364/4706 10255/746/802 10257/745/801
f 10258/3337/4676 10259/3364/4707 10260/744/4681
f 10260/744/4681 10259/3364/4707 10261/745/801
f 10262/735/4708 10263/748/4680 10264/3363/4709
f 10264/3363/4709 10263/748/4680 10265/747/4710
f 10266/704/4682 10267/3363/4709 10268/731/785
f 10268/731/785 10267/3363/4709 10269/747/4711
f 10270/3298/4712 10271/3330/4713 10272/3153/4315
f 10272/3153/4315 10271/3330/4713 10273/708/820
f 10274/3327/4714 10275/3312/4715 10276/3328/4578
f 10276/3328/4578 10275/3312/4715 10277/3286/4576
f 10278/3318/4716 10279/3329/4580 10280/3317/4581
f 10280/3317/4581 10279/3329/4580 10281/3287/4526
f 10282/736/4597 10283/3331/4717 10284/3332/4718
f 10284/3332/4718 10283/3331/4717 10285/3290/4531
f 10286/734/4719 10287/3333/4600 10288/3311/4720
f 10288/3311/4720 10287/3333/4600 10289/3291/4721
f 10290/3315/4722 10291/3316/4723 10292/3334/4619
f 10292/3334/4619 10291/3316/4723 10293/3294/4536
f 10294/3335/4724 10295/3336/4725 10296/694/4726
f 10296/694/4726 10295/3336/4725 10297/3295/4537
f 10298/3110/4273 10299/697/747 10300/854/846
f 10300/854/846 10299/697/747 10301/699/749
f 10302/3083/4250 10303/3081/4248 10304/712/4727
f 10304/712/4727 10303/3081/4248 10305/3100/4262
f 10306/711/4728 10307/3195/4729 10308/712/762
f 10308/712/762 10307/3195/4729 10309/3083/4491
f 10310/3286/4730 10311/3287/4526 10312/3328/4578
f 10312/3328/4578 10311/3287/4526 10313/3329/4580
f 10314/3294/4536 10315/3295/4537 10316/3334/4731
f 10316/3334/4731 10315/3295/4537 10317/3336/4732
f 10318/3290/4733 10319/3291/4532 10320/3332/4598
f 10320/3332/4598 10319/3291/4532 10321/3333/4600
f 10322/701/4389 10323/3365/4453 10324/702/752
f 10324/702/752 10323/3365/4453 10325/3238/4444
f 10326/3341/4734 10327/3342/4735 10328/3351/4651
f 10328/3351/4651 10327/3342/4735 10329/3352/4648
f 10330/3340/4626 10331/3339/4625 10332/3355/4654
f 10332/3355/4654 10331/3339/4625 10333/3356/4658
f 10334/729/789 10335/3341/4627 10336/730/784
f 10336/730/784 10335/3341/4627 10337/3351/4736
f 10338/3339/4629 10339/739/797 10340/3356/4658
f 10340/3356/4658 10339/739/797 10341/753/814
f 10342/3345/4737 10343/3346/4634 10344/3358/4670
f 10344/3358/4670 10343/3346/4634 10345/3359/4738
f 10346/3344/4632 10347/3343/4739 10348/3360/4740
f 10348/3360/4740 10347/3343/4739 10349/3361/4693
f 10350/3348/2184 10351/3345/4636 10352/3357/2221
f 10352/3357/2221 10351/3345/4636 10353/3358/4670
f 10354/3343/4635 10355/3347/2183 10356/3361/4693
f 10356/3361/4693 10355/3347/2183 10357/3362/2284
f 10358/3342/4735 10359/3350/2183 10360/3352/4648
f 10360/3352/4648 10359/3350/2183 10361/3353/2202
f 10362/3349/2184 10363/3340/4637 10364/3354/2285
f 10364/3354/2285 10363/3340/4637 10365/3355/4654
f 10366/732/803 10367/3344/4632 10368/733/787
f 10368/733/787 10367/3344/4632 10369/3360/4740
f 10370/3346/4634 10371/743/811 10372/3359/4672
f 10372/3359/4672 10371/743/811 10373/752/812
f 10374/3311/4555 10375/3337/4555 10376/734/4694
f 10376/734/4694 10375/3337/4555 10377/735/788
f 10378/3364/4555 10379/3314/4555 10380/3280/4741
f 10380/3280/4741 10379/3314/4555 10381/3281/4518
f 10382/694/745 10383/696/746 10384/3335/746
f 10384/3335/746 10383/696/746 10385/3338/746
f 10386/718/4742 10387/755/4743 10388/3246/4462
f 10388/3246/4462 10387/755/4743 10389/3245/4461
f 10390/754/815 10391/695/231 10392/3274/4490
f 10392/3274/4490 10391/695/231 10393/3143/4499
f 10394/3331/4744 10395/703/753 10396/3330/4745
f 10396/3330/4745 10395/703/753 10397/708/4746
f 10398/703/753 10399/3331/4695 10400/704/754
f 10400/704/754 10399/3331/4695 10401/3363/4696
f 10402/3096/4258 10403/3094/4256 10404/3186/4747
f 10404/3186/4747 10403/3094/4256 10405/3233/4748
f 10406/3173/1828 10407/3171/1828 10408/3230/864
f 10408/3230/864 10407/3171/1828 10409/3185/864
f 10410/3096/4347 10411/3171/4347 10412/3095/4458
f 10412/3095/4458 10411/3171/4347 10413/3170/4457
f 10414/3238/4444 10415/3094/4749 10416/702/752
f 10416/702/752 10415/3094/4749 10417/3093/4255
f 10418/3241/4453 10419/3240/4452 10420/716/4449
f 10420/716/4449 10419/3240/4452 10421/714/764
f 10422/3238/4750 10423/3365/4453 10424/3237/4443
f 10424/3237/4443 10423/3365/4453 10425/3239/4449
f 10426/3240/4452 10427/3366/4751 10428/714/764
f 10428/714/764 10427/3366/4751 10429/3103/4752
f 10430/723/4753 10431/3366/4751 10432/3208/4754
f 10432/3208/4754 10431/3366/4751 10433/3240/4452
f 10434/699/3657 10435/3103/4267 10436/706/756
f 10436/706/756 10435/3103/4267 10437/3366/4755
f 10438/3151/2306 10439/3152/4314 10440/3247/1995
f 10440/3247/1995 10439/3152/4314 10441/755/4465
f 10442/3152/4314 10443/3154/4386 10444/755/4756
f 10444/755/4756 10443/3154/4386 10445/3245/4461
f 10446/3154/4386 10447/707/847 10448/3245/4461
f 10448/3245/4461 10447/707/847 10449/722/773
f 10450/3209/4757 10451/3210/4392 10452/3227/4416
f 10452/3227/4416 10451/3210/4392 10453/3211/4394
f 10454/3210/4392 10455/756/819 10456/3211/4394
f 10456/3211/4394 10455/756/819 10457/703/753
f 10458/3367/2311 10459/3368/2312 10460/3369/2311
f 10460/3369/2311 10459/3368/2312 10461/3370/1602
f 10462/3371/4758 10463/3367/2315 10464/3372/2314
f 10464/3372/2314 10463/3367/2315 10465/3369/2315
f 10466/3373/2316 10467/2915/1523 10468/3374/2317
f 10468/3374/2317 10467/2915/1523 10469/2914/1521
f 10470/3375/2318 10471/3373/2316 10472/3376/2318
f 10472/3376/2318 10471/3373/2316 10473/3374/2317
f 10474/3377/1763 10475/3375/4759 10476/3378/1763
f 10476/3378/1763 10475/3375/4759 10477/3376/2318
f 10478/3379/1723 10479/3377/1763 10480/3380/1723
f 10480/3380/1723 10479/3377/1763 10481/3378/1763
f 10482/3381/2320 10483/3379/1722 10484/3382/2320
f 10484/3382/2320 10483/3379/1722 10485/3380/1722
f 10486/3383/2321 10487/3381/2322 10488/3384/2321
f 10488/3384/2321 10487/3381/2322 10489/3382/2322
f 10490/3385/2323 10491/3383/2321 10492/3386/2323
f 10492/3386/2323 10491/3383/2321 10493/3384/2321
f 10494/3387/2324 10495/3385/2325 10496/3388/2324
f 10496/3388/2324 10495/3385/2325 10497/3386/2325
f 10498/3389/2326 10499/3387/2324 10500/3390/2326
f 10500/3390/2326 10499/3387/2324 10501/3388/2324
f 10502/3391/2327 10503/3389/2326 10504/3392/2327
f 10504/3392/2327 10503/3389/2326 10505/3390/2326
f 10506/3393/2328 10507/3391/2327 10508/3394/2328
f 10508/3394/2328 10507/3391/2327 10509/3392/2327
f 10510/3395/2329 10511/3393/2330 10512/3396/2329
f 10512/3396/2329 10511/3393/2330 10513/3394/2330
f 10514/3397/309 10515/3395/2331 10516/3398/309
f 10516/3398/309 10515/3395/2331 10517/3396/2331
f 10518/3399/4760 10519/3397/309 10520/3400/2332
f 10520/3400/2332 10519/3397/309 10521/3398/309
f 10522/3401/2333 10523/3402/2335 10524/3403/2333
f 10524/3403/2333 10523/3402/2335 10525/3404/2335
f 10526/3405/2336 10527/3401/2337 10528/3406/2336
f 10528/3406/2336 10527/3401/2337 10529/3403/2337
f 10530/3407/1077 10531/3405/2336 10532/3408/1077
f 10532/3408/1077 10531/3405/2336 10533/3406/2336
f 10534/3368/2312 10530/3407/1077 10535/3370/1602
f 10535/3370/1602 10530/3407/1077 10536/3408/1077
f 10537/3402/2335 10538/3409/2338 10539/3404/2335
f 10539/3404/2335 10538/3409/2338 10540/3410/2338
f 10541/3409/2339 10542/3411/2340 10543/3410/2339
f 10543/3410/2339 10542/3411/2340 10544/3412/2340
f 10545/3411/2340 10546/3399/4761 10547/3412/2340
f 10547/3412/2340 10546/3399/4761 10548/3400/2332
f 10549/2917/4762 10550/3413/4763 10551/2916/1522
f 10551/2916/1522 10550/3413/4763 10552/3414/2344
f 10553/3415/4764 10554/3371/4765 10555/3416/2344
f 10555/3416/2344 10554/3371/4765 10556/3372/2347
f 10557/802/836 10558/3417/4766 10559/615/4146
f 10559/615/4146 10558/3417/4766 10560/2883/4147
f 10561/2874/4061 10562/2882/4079 10563/2872/4767
f 10563/2872/4767 10562/2882/4079 10564/3418/4768
f 10565/3419/4769 10566/759/826 10567/2861/4043
f 10567/2861/4043 10566/759/826 10568/758/825
f 10569/3418/4770 10570/2859/4039 10571/2872/4073
f 10571/2872/4073 10570/2859/4039 10572/2866/4053
f 10573/553/823 10574/757/822 10575/2879/4076
f 10575/2879/4076 10574/757/822 10576/2878/4771
f 10577/3418/4768 10578/2882/4772 10579/3417/4766
f 10579/3417/4766 10578/2882/4772 10580/2883/4080
f 10581/557/4773 10582/758/825 10583/558/4774
s 0
f 10583/558/4775 10582/758/4776 10584/760/834
s 1
f 10585/554/568 10586/553/567 10587/3420/4777
s 0
f 10587/3420/4778 10586/553/4779 10588/3421/834
s 1
f 10589/557/571 10590/556/570 10591/2856/4780
f 10591/2856/4780 10590/556/570 10592/2855/4033
f 10593/3419/4781 10594/2861/4043 10595/3418/4768
f 10595/3418/4768 10594/2861/4043 10596/2859/4039
f 10597/2861/4043 10598/2856/4782 10599/2859/4039
f 10599/2859/4039 10598/2856/4782 10600/2854/4783
f 10601/561/4784 10602/560/4051 10603/2848/4785
f 10603/2848/4785 10602/560/4051 10604/2858/4038
f 10605/560/4051 10606/761/4786 10607/2858/4038
f 10607/2858/4038 10606/761/4786 10608/566/582
f 10609/2858/4038 10610/566/582 10611/2857/4787
f 10611/2857/4787 10610/566/582 10612/762/833
f 10613/3422/2367 10614/3423/2367 10615/3424/2366
f 10615/3424/2366 10614/3423/2367 10616/3425/2366
f 10617/3424/2366 10618/3425/2366 10619/3426/4788
f 10619/3426/4788 10618/3425/2366 10620/3427/2370
f 10621/3426/2370 10622/3427/2370 10623/3428/2371
f 10623/3428/2371 10622/3427/2370 10624/3429/2371
f 10625/3428/2372 10626/3429/2372 10627/3430/2374
f 10627/3430/2374 10626/3429/2372 10628/3431/2373
f 10629/3430/2377 10628/3431/2377 10630/3432/2376
f 10630/3432/2376 10628/3431/2377 10631/3433/2376
f 10632/3432/2376 10633/3433/2376 10634/3434/2378
f 10634/3434/2378 10633/3433/2376 10635/3435/2378
f 10636/3434/2378 10637/3435/2378 10638/3436/2379
f 10638/3436/2379 10637/3435/2378 10639/3437/2379
f 10640/3436/2379 10641/3437/2380 10642/3438/2381
f 10642/3438/2381 10641/3437/2380 10643/3439/2381
f 10644/3438/2381 10645/3439/1646 10646/3440/4789
f 10646/3440/4789 10645/3439/1646 10647/3441/2382
f 10648/3440/2383 10649/3441/4790 10650/3442/1818
f 10650/3442/1818 10649/3441/4790 10651/3443/1818
f 10652/3442/1818 10653/3443/1818 10654/3444/2384
f 10654/3444/2384 10653/3443/1818 10655/3445/2384
f 10656/3444/2384 10657/3445/2385 10658/3446/4791
f 10658/3446/4791 10657/3445/2385 10659/3447/2386
f 10660/3446/2389 10661/3447/2389 10662/3448/4792
f 10662/3448/4792 10661/3447/2389 10663/3449/2388
f 10664/3448/2390 10665/3449/2390 10666/3450/2391
f 10666/3450/2391 10665/3449/2390 10667/3451/2391
f 10668/3450/2391 10669/3451/2391 10670/3452/4793
f 10670/3452/4793 10669/3451/2391 10671/3453/2392
f 10672/3452/2393 10673/3453/2393 10674/3454/2394
f 10674/3454/2394 10673/3453/2393 10675/3455/2394
f 10676/3425/4794 10677/779/4795 10678/3427/4796
f 10678/3427/4796 10677/779/4795 10679/766/4796
f 10678/3427/4796 10680/766/4796 10681/3429/4797
f 10681/3429/4797 10680/766/4796 10682/767/4797
f 10683/3429/4797 10682/767/4797 10684/3431/4798
f 10684/3431/4798 10682/767/4797 10685/768/4798
f 10684/3431/4798 10686/768/4798 10687/3433/4799
f 10687/3433/4799 10686/768/4798 10688/778/4799
f 10689/3433/4800 10688/778/4800 10690/3435/4801
f 10690/3435/4801 10688/778/4800 10691/769/4801
f 10690/3435/4801 10692/769/4801 10693/3437/4802
f 10693/3437/4802 10692/769/4801 10694/770/4802
f 10695/3437/4803 10694/770/4803 10696/3439/4804
f 10696/3439/4804 10694/770/4803 10697/771/4804
f 10696/3439/4805 10698/771/4804 10699/3441/4806
f 10699/3441/4806 10698/771/4804 10700/777/4807
f 10701/3441/4807 10700/777/4807 10702/3443/4808
f 10702/3443/4808 10700/777/4807 10703/772/4808
f 10702/3443/4808 10704/772/4808 10705/3445/4809
f 10705/3445/4809 10704/772/4808 10706/773/4809
f 10707/3445/4810 10706/773/4810 10708/3447/4811
f 10708/3447/4811 10706/773/4810 10709/774/4812
f 10708/3447/4812 10710/774/4812 10711/3449/4813
f 10711/3449/4813 10710/774/4812 10712/775/4814
f 10713/3449/4815 10712/775/4813 10714/3451/4816
f 10714/3451/4816 10712/775/4813 10715/776/4817
f 10714/3451/4818 10716/776/4818 10717/3453/4819
f 10717/3453/4819 10716/776/4818 10718/764/4820
f 10719/3453/4819 10718/764/4821 10720/3455/4822
f 10720/3455/4822 10718/764/4821 10721/763/4823
f 10722/3423/4822 10723/780/4822 10724/3425/4824
f 10724/3425/4824 10723/780/4822 10677/779/4824
f 10725/3456/4825 10726/3457/4826 10727/3458/4827
f 10727/3458/4827 10726/3457/4826 10728/3459/4828
f 10729/3458/4829 10730/3459/4830 10731/3460/4831
f 10731/3460/4831 10730/3459/4830 10732/3461/4832
f 10731/3460/4833 10733/3461/4832 10734/3462/4834
f 10734/3462/4834 10733/3461/4832 10735/3463/4835
f 10736/3462/4836 10737/3463/4837 10738/3464/4838
f 10738/3464/4838 10737/3463/4837 10739/3465/4839
f 10740/3464/4840 10741/3465/4841 10742/3466/4842
f 10742/3466/4842 10741/3465/4841 10743/3467/4843
f 10744/3466/4842 10745/3467/4844 10746/3468/4845
f 10746/3468/4845 10745/3467/4844 10747/3469/4846
f 10748/3468/4847 10749/3469/4848 10750/3470/4849
f 10750/3470/4849 10749/3469/4848 10751/3471/4850
f 10752/3470/4851 10751/3471/4850 10753/3472/4852
f 10753/3472/4852 10751/3471/4850 10754/3473/4853
f 10755/3472/4852 10756/3473/4854 10757/3474/4855
f 10757/3474/4855 10756/3473/4854 10758/3475/4856
f 10759/3474/4855 10760/3475/4856 10761/3476/4857
f 10761/3476/4857 10760/3475/4856 10762/3477/14
f 10761/3476/4857 10763/3477/14 10764/3478/4858
f 10764/3478/4858 10763/3477/14 10765/3479/4859
f 10766/3478/4860 10767/3479/4861 10768/3480/4862
f 10768/3480/4862 10767/3479/4861 10769/3481/4863
f 10770/3480/4864 10771/3481/4865 10772/3482/3321
f 10772/3482/3321 10771/3481/4865 10773/3483/4866
f 10774/3482/3321 10775/3483/4867 10776/3484/4868
f 10776/3484/4868 10775/3483/4867 10777/3485/4869
f 10778/3484/4868 10777/3485/4869 10779/3486/4870
f 10779/3486/4870 10777/3485/4869 10780/3487/4871
f 10781/3486/4872 10782/3487/4873 10783/3488/4874
f 10783/3488/4874 10782/3487/4873 10784/3489/4826
f 10785/3457/4826 10786/3490/4875 10787/3459/4830
f 10787/3459/4830 10786/3490/4875 10788/3491/4876
f 10789/3459/4877 10790/3491/4876 10791/3461/4832
f 10791/3461/4832 10790/3491/4876 10792/3492/4878
f 10793/3461/4879 10792/3492/4880 10794/3463/4881
f 10794/3463/4881 10792/3492/4880 10795/3493/4882
f 10796/3463/4835 10797/3493/4883 10798/3465/4884
f 10798/3465/4884 10797/3493/4883 10799/3494/4885
f 10800/3465/4841 10801/3494/4886 10802/3467/4844
f 10802/3467/4844 10801/3494/4886 10803/3495/4887
f 10804/3467/4888 10805/3495/4889 10806/3469/4846
f 10806/3469/4846 10805/3495/4889 10807/3496/4890
f 10806/3469/4846 10808/3496/4891 10809/3471/4850
f 10809/3471/4850 10808/3496/4891 10810/3497/4892
f 10811/3471/4850 10812/3497/4893 10813/3473/4854
f 10813/3473/4854 10812/3497/4893 10814/3498/4894
f 10815/3473/4895 10816/3498/4896 10817/3475/4856
f 10817/3475/4856 10816/3498/4896 10818/3499/4897
f 10819/3475/4898 10820/3499/4899 10821/3477/14
f 10821/3477/14 10820/3499/4899 10822/3500/4900
f 10823/3477/4901 10824/3500/4900 10825/3479/4859
f 10825/3479/4859 10824/3500/4900 10826/3501/4902
f 10827/3479/4861 10826/3501/4903 10828/3481/4904
f 10828/3481/4904 10826/3501/4903 10829/3502/4905
f 10830/3481/4863 10831/3502/4906 10832/3483/4867
f 10832/3483/4867 10831/3502/4906 10833/3503/4907
f 10834/3483/4867 10835/3503/4908 10836/3485/4869
f 10836/3485/4869 10835/3503/4908 10837/3504/4909
f 10836/3485/4869 10838/3504/4910 10839/3487/4871
f 10839/3487/4871 10838/3504/4910 10840/3505/4911
f 10841/3487/4912 10842/3505/4913 10843/3489/4826
f 10843/3489/4826 10842/3505/4913 10844/3506/4914
f 10845/3490/4914 10846/3507/4915 10847/3491/4876
f 10847/3491/4876 10846/3507/4915 10848/3508/4916
f 10849/3491/4876 10850/3508/4917 10851/3492/4878
f 10851/3492/4878 10850/3508/4917 10852/3509/4918
f 10853/3492/4880 10852/3509/4918 10854/3493/4919
f 10854/3493/4919 10852/3509/4918 10855/3510/4920
f 10856/3493/4921 10857/3510/4922 10858/3494/4923
f 10858/3494/4923 10857/3510/4922 10859/3511/4924
f 10860/3494/4885 10861/3511/4925 10862/3495/4887
f 10862/3495/4887 10861/3511/4925 10863/3512/4926
f 10864/3495/4889 10865/3512/4927 10866/3496/4891
f 10866/3496/4891 10865/3512/4927 10867/3513/4928
f 10866/3496/4929 10868/3513/4928 10869/3497/4892
f 10869/3497/4892 10868/3513/4928 10870/3514/4930
f 10871/3497/4931 10872/3514/4932 10873/3498/4933
f 10873/3498/4933 10872/3514/4932 10874/3515/4934
f 10875/3498/4935 10876/3515/4934 10877/3499/4897
f 10877/3499/4897 10876/3515/4934 10878/3516/4936
f 10879/3499/4897 10880/3516/4937 10881/3500/4900
f 10881/3500/4900 10880/3516/4937 10882/3517/4938
f 10883/3500/4900 10884/3517/4938 10885/3501/4939
f 10885/3501/4939 10884/3517/4938 10886/3518/4940
f 10887/3501/4902 10888/3518/4940 10889/3502/4941
f 10889/3502/4941 10888/3518/4940 10890/3519/4942
f 10891/3502/4906 10890/3519/4943 10892/3503/4907
f 10892/3503/4907 10890/3519/4943 10893/3520/4944
f 10894/3503/4945 10895/3520/4946 10896/3504/4947
f 10896/3504/4947 10895/3520/4946 10897/3521/4948
f 10896/3504/4910 10898/3521/4948 10899/3505/4911
f 10899/3505/4911 10898/3521/4948 10900/3522/4949
f 10901/3505/4911 10902/3522/4950 10903/3506/4951
f 10903/3506/4951 10902/3522/4950 10904/3523/4952
f 10905/3507/4953 10906/3524/4954 10907/3508/4955
f 10907/3508/4955 10906/3524/4954 10908/3525/4956
f 10909/3508/4957 10910/3525/4956 10911/3509/4918
f 10911/3509/4918 10910/3525/4956 10912/3526/2639
f 10913/3509/4958 10912/3526/2639 10914/3510/4920
f 10914/3510/4920 10912/3526/2639 10915/3527/4959
f 10916/3510/4920 10917/3527/4960 10918/3511/4925
f 10918/3511/4925 10917/3527/4960 10919/3528/4961
f 10920/3511/4925 10921/3528/4961 10922/3512/4962
f 10922/3512/4962 10921/3528/4961 10923/3529/4963
f 10924/3512/4964 10925/3529/4965 10926/3513/4928
f 10926/3513/4928 10925/3529/4965 10927/3530/4966
f 10926/3513/4928 10928/3530/4967 10929/3514/4930
f 10929/3514/4930 10928/3530/4967 10930/3531/4968
f 10931/3514/4969 10932/3531/4970 10933/3515/4971
f 10933/3515/4971 10932/3531/4970 10934/3532/4972
f 10935/3515/4973 10936/3532/4974 10937/3516/4975
f 10937/3516/4975 10936/3532/4974 10938/3533/4976
f 10939/3516/4937 10940/3533/4976 10941/3517/4938
f 10941/3517/4938 10940/3533/4976 10942/3534/4977
f 10943/3517/4938 10944/3534/4978 10945/3518/4979
f 10945/3518/4979 10944/3534/4978 10946/3535/4980
f 10947/3518/4979 10948/3535/4981 10949/3519/4942
f 10949/3519/4942 10948/3535/4981 10950/3536/4982
f 10951/3519/4942 10950/3536/4982 10952/3520/4946
f 10952/3520/4946 10950/3536/4982 10953/3537/4983
f 10954/3520/4984 10955/3537/4985 10956/3521/4986
f 10956/3521/4986 10955/3537/4985 10957/3538/4987
f 10958/3521/4988 10959/3538/4989 10960/3522/4990
f 10960/3522/4990 10959/3538/4989 10961/3539/4991
f 10962/3522/4992 10963/3539/4993 10964/3523/4994
f 10964/3523/4994 10963/3539/4993 10965/3540/4995
f 10966/3524/4954 10967/3541/4996 10968/3525/4997
f 10968/3525/4997 10967/3541/4996 10969/3542/4998
f 10970/3525/4956 10971/3542/4999 10972/3526/5000
f 10972/3526/5000 10971/3542/4999 10973/3543/5001
f 10974/3526/2639 10975/3543/5001 10976/3527/4959
f 10976/3527/4959 10975/3543/5001 10977/3544/5002
f 10978/3527/4959 10979/3544/5002 10980/3528/4961
f 10980/3528/4961 10979/3544/5002 10981/3545/5003
f 10982/3528/4961 10983/3545/5003 10984/3529/5004
f 10984/3529/5004 10983/3545/5003 10985/3546/5005
f 10986/3529/5006 10987/3546/5007 10988/3530/5008
f 10988/3530/5008 10987/3546/5007 10989/3547/5009
f 10988/3530/5010 10990/3547/5011 10991/3531/4968
f 10991/3531/4968 10990/3547/5011 10992/3548/4152
f 10993/3531/4968 10994/3548/4152 10995/3532/4974
f 10995/3532/4974 10994/3548/4152 10996/3549/5012
f 10997/3532/5013 10998/3549/5014 10999/3533/5015
f 10999/3533/5015 10998/3549/5014 11000/3550/5016
f 11001/3533/4976 11002/3550/5016 11003/3534/5017
f 11003/3534/5017 11002/3550/5016 11004/3551/5018
f 11005/3534/5019 11006/3551/5018 11007/3535/5020
f 11007/3535/5020 11006/3551/5018 11008/3552/5021
f 11009/3535/5022 11010/3552/5023 11011/3536/4982
f 11011/3536/4982 11010/3552/5023 11012/3553/5024
f 11013/3536/4982 11014/3553/5025 11015/3537/4983
f 11015/3537/4983 11014/3553/5025 11016/3554/5026
f 11017/3537/4983 11018/3554/5027 11019/3538/5028
f 11019/3538/5028 11018/3554/5027 11020/3555/5029
f 11021/3538/5028 11022/3555/5030 11023/3539/5031
f 11023/3539/5031 11022/3555/5030 11024/3556/5032
f 11025/3539/5031 11024/3556/5032 11026/3540/5033
f 11026/3540/5033 11024/3556/5032 11027/3557/5034
f 11028/3541/5035 11029/3558/5036 11030/3542/5037
f 11030/3542/5037 11029/3558/5036 11031/3559/5038
f 11032/3542/4999 11033/3559/5039 11034/3543/5001
f 11034/3543/5001 11033/3559/5039 11035/3560/5040
f 11036/3543/5041 11037/3560/5042 11038/3544/5043
f 11038/3544/5043 11037/3560/5042 11039/3561/5044
f 11040/3544/5002 11041/3561/5045 11042/3545/5003
f 11042/3545/5003 11041/3561/5045 11043/3562/5046
f 11044/3545/5003 11045/3562/5047 11046/3546/5048
f 11046/3546/5048 11045/3562/5047 11047/3563/5049
f 11048/3546/5048 11049/3563/5050 11050/3547/5009
f 11050/3547/5009 11049/3563/5050 11051/3564/5051
f 11050/3547/5052 11052/3564/5053 11053/3548/1561
f 11053/3548/1561 11052/3564/5053 11054/3565/5054
f 11055/3548/1562 11056/3565/5054 11057/3549/5055
f 11057/3549/5055 11056/3565/5054 11058/3566/5056
f 11059/3549/5057 11060/3566/5058 11061/3550/5059
f 11061/3550/5059 11060/3566/5058 11062/3567/5060
f 11063/3550/5016 11064/3567/5060 11065/3551/5061
f 11065/3551/5061 11064/3567/5060 11066/3568/5062
f 11067/3551/5018 11068/3568/5063 11069/3552/5064
f 11069/3552/5064 11068/3568/5063 11070/3569/5065
f 11071/3552/5023 11072/3569/5066 11073/3553/5025
f 11073/3553/5025 11072/3569/5066 11074/3570/5067
f 11075/3553/5025 11076/3570/5068 11077/3554/5027
f 11077/3554/5027 11076/3570/5068 11078/3571/5069
f 11079/3554/5027 11080/3571/5070 11081/3555/5029
f 11081/3555/5029 11080/3571/5070 11082/3572/5071
f 11083/3555/5029 11084/3572/5071 11085/3556/5032
f 11085/3556/5032 11084/3572/5071 11086/3573/5072
f 11087/3556/5073 11086/3573/5074 11088/3557/5034
f 11088/3557/5034 11086/3573/5074 11089/3574/5075
f 11090/3558/5076 11091/3575/5077 11092/3559/2559
f 11092/3559/2559 11091/3575/5077 11093/3576/5078
f 11094/3559/5039 11095/3576/5079 11096/3560/5040
f 11096/3560/5040 11095/3576/5079 11097/3577/5080
f 11098/3560/5042 11099/3577/5081 11100/3561/5045
f 11100/3561/5045 11099/3577/5081 11101/3578/5082
f 11102/3561/5083 11103/3578/5084 11104/3562/5047
f 11104/3562/5047 11103/3578/5084 11105/3579/5085
f 11106/3562/5047 11107/3579/5085 11108/3563/5086
f 11108/3563/5086 11107/3579/5085 11109/3580/5087
f 11110/3563/5049 11111/3580/5088 11112/3564/5051
f 11112/3564/5051 11111/3580/5088 11113/3581/5089
f 11112/3564/5090 11114/3581/5091 11115/3565/5054
f 11115/3565/5054 11114/3581/5091 11116/3582/5092
f 11117/3565/5054 11118/3582/5093 11119/3566/5094
f 11119/3566/5094 11118/3582/5093 11120/3583/5095
f 11121/3566/5096 11122/3583/5097 11123/3567/5060
f 11123/3567/5060 11122/3583/5097 11124/3584/5098
f 11125/3567/5099 11126/3584/5100 11127/3568/5062
f 11127/3568/5062 11126/3584/5100 11128/3585/5101
f 11129/3568/5063 11130/3585/5102 11131/3569/5065
f 11131/3569/5065 11130/3585/5102 11132/3586/5103
f 11133/3569/5066 11134/3586/5104 11135/3570/5067
f 11135/3570/5067 11134/3586/5104 11136/3587/5105
f 11137/3570/5068 11138/3587/5105 11139/3571/5069
f 11139/3571/5069 11138/3587/5105 11140/3588/5106
f 11141/3571/5069 11142/3588/5107 11143/3572/5071
f 11143/3572/5071 11142/3588/5107 11144/3589/5108
f 11145/3572/5109 11146/3589/5110 11147/3573/5072
f 11147/3573/5072 11146/3589/5110 11148/3590/5111
f 11149/3573/5112 11148/3590/5113 11150/3574/5076
f 11150/3574/5076 11148/3590/5113 11151/3591/5114
f 11152/3575/5114 11153/3592/5115 11154/3576/5079
f 11154/3576/5079 11153/3592/5115 11155/3593/5116
f 11156/3576/5079 11157/3593/5116 11158/3577/5117
f 11158/3577/5117 11157/3593/5116 11159/3594/5118
f 11160/3577/5117 11161/3594/5118 11162/3578/5082
f 11162/3578/5082 11161/3594/5118 11163/3595/5119
f 11164/3578/5082 11165/3595/5119 11166/3579/5085
f 11166/3579/5085 11165/3595/5119 11167/3596/5120
f 11166/3579/5085 11168/3596/5121 11169/3580/5087
f 11169/3580/5087 11168/3596/5121 11170/3597/5122
f 11171/3580/5123 11172/3597/5122 11173/3581/5124
f 11173/3581/5124 11172/3597/5122 11174/3598/5125
f 11175/3581/5089 11176/3598/5126 11177/3582/5127
f 11177/3582/5127 11176/3598/5126 11178/3599/5128
f 11179/3582/5093 11180/3599/5128 11181/3583/5129
f 11181/3583/5129 11180/3599/5128 11182/3600/5130
f 11183/3583/5097 11184/3600/5131 11185/3584/5098
f 11185/3584/5098 11184/3600/5131 11186/3601/5132
f 11187/3584/5133 11188/3601/5132 11189/3585/5102
f 11189/3585/5102 11188/3601/5132 11190/3602/5134
f 11191/3585/5102 11192/3602/5134 11193/3586/5135
f 11193/3586/5135 11192/3602/5134 11194/3603/5136
f 11195/3586/5103 11196/3603/5137 11197/3587/5105
f 11197/3587/5105 11196/3603/5137 11198/3604/5138
f 11199/3587/5105 11200/3604/5138 11201/3588/5106
f 11201/3588/5106 11200/3604/5138 11202/3605/5139
f 11203/3588/5106 11204/3605/5140 11205/3589/5141
f 11205/3589/5141 11204/3605/5140 11206/3606/5142
f 11207/3589/5143 11208/3606/5144 11209/3590/5113
f 11209/3590/5113 11208/3606/5144 11210/3607/5145
f 11211/3590/5113 11210/3607/5146 11212/3591/5114
f 11212/3591/5114 11210/3607/5146 11213/3608/5115
f 11214/3592/5115 11215/3609/5147 11216/3593/5116
f 11216/3593/5116 11215/3609/5147 11217/3610/5148
f 11218/3593/5116 11219/3610/5149 11220/3594/5150
f 11220/3594/5150 11219/3610/5149 11221/3611/5151
f 11222/3594/5118 11223/3611/5152 11224/3595/5119
f 11224/3595/5119 11223/3611/5152 11225/3612/5153
f 11226/3595/5154 11227/3612/5155 11228/3596/5121
f 11228/3596/5121 11227/3612/5155 11229/3613/5156
f 11230/3596/5157 11231/3613/5158 11232/3597/5122
f 11232/3597/5122 11231/3613/5158 11233/3614/5159
f 11234/3597/5122 11235/3614/5160 11236/3598/5125
f 11236/3598/5125 11235/3614/5160 11237/3615/5161
f 11238/3598/5125 11239/3615/5162 11240/3599/5128
f 11240/3599/5128 11239/3615/5162 11241/3616/5163
f 11242/3599/5128 11243/3616/5164 11244/3600/5165
f 11244/3600/5165 11243/3616/5164 11245/3617/5166
f 11246/3600/5167 11247/3617/5166 11248/3601/5132
f 11248/3601/5132 11247/3617/5166 11249/3618/5168
f 11250/3601/5132 11251/3618/5169 11252/3602/5134
f 11252/3602/5134 11251/3618/5169 11253/3619/5170
f 11254/3602/5171 11255/3619/5172 11256/3603/5137
f 11256/3603/5137 11255/3619/5172 11257/3620/5173
f 11258/3603/5137 11257/3620/5174 11259/3604/5138
f 11259/3604/5138 11257/3620/5174 11260/3621/5175
f 11261/3604/5176 11262/3621/5177 11263/3605/5140
f 11263/3605/5140 11262/3621/5177 11264/3622/5178
f 11265/3605/5179 11266/3622/5178 11267/3606/5144
f 11267/3606/5144 11266/3622/5178 11268/3623/5180
f 11267/3606/5144 11269/3623/5181 11270/3607/5182
f 11270/3607/5182 11269/3623/5181 11271/3624/5183
f 11272/3607/5182 11273/3624/5184 11274/3608/5115
f 11274/3608/5115 11273/3624/5184 11275/3625/5185
f 11276/3609/5185 11277/3626/5186 11278/3610/5187
f 11278/3610/5187 11277/3626/5186 11279/3627/5188
f 11280/3610/5187 11281/3627/5188 11282/3611/5189
f 11282/3611/5189 11281/3627/5188 11283/3628/5190
f 11284/3611/5152 11285/3628/5190 11286/3612/5153
f 11286/3612/5153 11285/3628/5190 11287/3629/5191
f 11288/3612/5153 11289/3629/5191 11290/3613/5158
f 11290/3613/5158 11289/3629/5191 11291/3630/5192
f 11292/3613/5158 11293/3630/5193 11294/3614/5160
f 11294/3614/5160 11293/3630/5193 11295/3631/5194
f 11296/3614/5160 11297/3631/5195 11298/3615/5196
f 11298/3615/5196 11297/3631/5195 11299/3632/5197
f 11300/3615/5162 11301/3632/5198 11302/3616/5199
f 11302/3616/5199 11301/3632/5198 11303/3633/5200
f 11304/3616/5199 11305/3633/5201 11306/3617/5202
f 11306/3617/5202 11305/3633/5201 11307/3634/5203
f 11308/3617/5166 11307/3634/5204 11309/3618/5168
f 11309/3618/5168 11307/3634/5204 11310/3635/5205
f 11311/3618/5206 11312/3635/5205 11313/3619/5172
f 11313/3619/5172 11312/3635/5205 11314/3636/5207
f 11315/3619/5172 11316/3636/5208 11317/3620/5173
f 11317/3620/5173 11316/3636/5208 11318/3637/5209
f 11319/3620/5174 11320/3637/5210 11321/3621/5175
f 11321/3621/5175 11320/3637/5210 11322/3638/5211
f 11323/3621/5177 11324/3638/5212 11325/3622/5178
f 11325/3622/5178 11324/3638/5212 11326/3639/5213
f 11327/3622/5178 11328/3639/5214 11329/3623/5181
f 11329/3623/5181 11328/3639/5214 11330/3640/5215
f 11331/3623/5181 11332/3640/5216 11333/3624/5184
f 11333/3624/5184 11332/3640/5216 11334/3641/5217
f 11333/3624/5184 11335/3641/5217 11336/3625/5147
f 11336/3625/5147 11335/3641/5217 11337/3642/5218
f 11338/3626/5219 11339/3643/5220 11340/3627/5188
f 11340/3627/5188 11339/3643/5220 11341/3644/5221
f 11342/3627/5188 11343/3644/5221 11344/3628/5190
f 11344/3628/5190 11343/3644/5221 11345/3645/5222
f 11346/3628/5190 11347/3645/5223 11348/3629/5191
f 11348/3629/5191 11347/3645/5223 11349/3646/5224
f 11350/3629/5191 11351/3646/5225 11352/3630/5192
f 11352/3630/5192 11351/3646/5225 11353/3647/5226
f 11354/3630/5227 11355/3647/5228 11356/3631/5229
f 11356/3631/5229 11355/3647/5228 11357/3648/5230
f 11358/3631/5231 11359/3648/5232 11360/3632/5198
f 11360/3632/5198 11359/3648/5232 11361/3649/5233
f 11362/3632/5198 11363/3649/5234 11364/3633/5201
f 11364/3633/5201 11363/3649/5234 11365/3650/5235
f 11366/3633/5236 11367/3650/5235 11368/3634/5237
f 11368/3634/5237 11367/3650/5235 11369/3651/5238
f 11370/3634/5204 11369/3651/5238 11371/3635/5239
f 11371/3635/5239 11369/3651/5238 11372/3652/5240
f 11373/3635/5205 11374/3652/5240 11375/3636/5241
f 11375/3636/5241 11374/3652/5240 11376/3653/5242
f 11377/3636/5241 11378/3653/5243 11379/3637/5210
f 11379/3637/5210 11378/3653/5243 11380/3654/5244
f 11381/3637/5210 11382/3654/5245 11383/3638/5212
f 11383/3638/5212 11382/3654/5245 11384/3655/5246
f 11385/3638/5212 11386/3655/5247 11387/3639/5248
f 11387/3639/5248 11386/3655/5247 11388/3656/5249
f 11389/3639/5250 11390/3656/5251 11391/3640/5215
f 11391/3640/5215 11390/3656/5251 11392/3657/5252
f 11393/3640/5253 11394/3657/5252 11395/3641/5254
f 11395/3641/5254 11394/3657/5252 11396/3658/5255
f 11395/3641/5217 11397/3658/5256 11398/3642/5186
f 11398/3642/5186 11397/3658/5256 11399/3659/5220
f 11400/3643/5257 11401/3660/5258 11402/3644/5221
f 11402/3644/5221 11401/3660/5258 11403/3661/5259
f 11404/3644/5260 11405/3661/5261 11406/3645/5223
f 11406/3645/5223 11405/3661/5261 11407/3662/5262
f 11408/3645/5223 11409/3662/5262 11410/3646/5263
f 11410/3646/5263 11409/3662/5262 11411/3663/5264
f 11412/3646/5265 11413/3663/5264 11414/3647/5226
f 11414/3647/5226 11413/3663/5264 11415/3664/5266
f 11416/3647/5228 11417/3664/5267 11418/3648/5232
f 11418/3648/5232 11417/3664/5267 11419/3665/5268
f 11420/3648/5232 11421/3665/5269 11422/3649/5233
f 11422/3649/5233 11421/3665/5269 11423/3666/5270
f 11424/3649/5233 11425/3666/5270 11426/3650/5235
f 11426/3650/5235 11425/3666/5270 11427/3667/5271
f 11428/3650/5272 11429/3667/5273 11430/3651/5274
f 11430/3651/5274 11429/3667/5273 11431/3668/5275
f 11432/3651/5274 11431/3668/5276 11433/3652/5277
f 11433/3652/5277 11431/3668/5276 11434/3669/5278
f 11435/3652/5279 11436/3669/5280 11437/3653/5242
f 11437/3653/5242 11436/3669/5280 11438/3670/5281
f 11439/3653/5243 11440/3670/5281 11441/3654/5282
f 11441/3654/5282 11440/3670/5281 11442/3671/5282
f 11443/3654/5282 11444/3671/5245 11445/3655/5247
f 11445/3655/5247 11444/3671/5245 11446/3672/5283
f 11447/3655/5284 11448/3672/5283 11449/3656/5249
f 11449/3656/5249 11448/3672/5283 11450/3673/5285
f 11451/3656/5249 11452/3673/5286 11453/3657/5252
f 11453/3657/5252 11452/3673/5286 11454/3674/5287
f 11455/3657/5252 11456/3674/5287 11457/3658/5288
f 11457/3658/5288 11456/3674/5287 11458/3675/5289
f 11457/3658/5256 11459/3675/5290 11460/3659/5220
f 11460/3659/5220 11459/3675/5290 11461/3676/5258
f 11462/3660/5291 11463/3677/1904 11464/3661/5259
f 11464/3661/5259 11463/3677/1904 11465/3678/5292
f 11466/3661/5261 11467/3678/5293 11468/3662/5294
f 11468/3662/5294 11467/3678/5293 11469/3679/5295
f 11470/3662/5262 11471/3679/5296 11472/3663/5264
f 11472/3663/5264 11471/3679/5296 11473/3680/5297
f 11474/3663/5298 11475/3680/5299 11476/3664/5267
f 11476/3664/5267 11475/3680/5299 11477/3681/5300
f 11478/3664/5266 11479/3681/5301 11480/3665/5302
f 11480/3665/5302 11479/3681/5301 11481/3682/5303
f 11482/3665/5269 11483/3682/5303 11484/3666/5270
f 11484/3666/5270 11483/3682/5303 11485/3683/5304
f 11486/3666/5270 11487/3683/5304 11488/3667/5273
f 11488/3667/5273 11487/3683/5304 11489/3684/5305
f 11490/3667/5306 11491/3684/5307 11492/3668/5308
f 11492/3668/5308 11491/3684/5307 11493/3685/5309
f 11494/3668/5276 11495/3685/5309 11496/3669/5310
f 11496/3669/5310 11495/3685/5309 11497/3686/5311
f 11498/3669/5280 11499/3686/5312 11500/3670/5281
f 11500/3670/5281 11499/3686/5312 11501/3687/5313
f 11502/3670/5314 11503/3687/5313 11504/3671/5282
f 11504/3671/5282 11503/3687/5313 11505/3688/5210
f 11506/3671/5282 11507/3688/5210 11508/3672/5283
f 11508/3672/5283 11507/3688/5210 11509/3689/5315
f 11510/3672/5283 11511/3689/5315 11512/3673/5285
f 11512/3673/5285 11511/3689/5315 11513/3690/5316
f 11514/3673/5285 11515/3690/5317 11516/3674/5287
f 11516/3674/5287 11515/3690/5317 11517/3691/5318
f 11518/3674/5287 11519/3691/5318 11520/3675/5290
f 11520/3675/5290 11519/3691/5318 11521/3692/5319
f 11522/3675/5320 11521/3692/5321 11523/3676/5322
f 11523/3676/5322 11521/3692/5321 11524/3693/1904
f 11525/3677/1904 11526/3694/5323 11527/3678/5293
f 11527/3678/5293 11526/3694/5323 11528/3695/5324
f 11529/3678/5293 11530/3695/5325 11531/3679/5326
f 11531/3679/5326 11530/3695/5325 11532/3696/5327
f 11533/3679/5328 11534/3696/5327 11535/3680/5299
f 11535/3680/5299 11534/3696/5327 11536/3697/5329
f 11537/3680/5330 11538/3697/5331 11539/3681/5301
f 11539/3681/5301 11538/3697/5331 11540/3698/5332
f 11541/3681/5333 11542/3698/5334 11543/3682/5335
f 11543/3682/5335 11542/3698/5334 11544/3699/5336
f 11545/3682/5303 11546/3699/5337 11547/3683/5338
f 11547/3683/5338 11546/3699/5337 11548/3700/5339
f 11549/3683/5304 11548/3700/5340 11550/3684/5341
f 11550/3684/5341 11548/3700/5340 11551/3701/5342
f 11552/3684/5307 11553/3701/5342 11554/3685/5343
f 11554/3685/5343 11553/3701/5342 11555/3702/5344
f 11556/3685/5309 11557/3702/5344 11558/3686/5311
f 11558/3686/5311 11557/3702/5344 11559/3703/5345
f 11560/3686/5311 11561/3703/5345 11562/3687/5313
f 11562/3687/5313 11561/3703/5345 11563/3704/5346
f 11564/3687/5313 11565/3704/5347 11566/3688/5210
f 11566/3688/5210 11565/3704/5347 11567/3705/5348
f 11568/3688/5210 11569/3705/5349 11570/3689/5350
f 11570/3689/5350 11569/3705/5349 11571/3706/5351
f 11570/3689/5315 11572/3706/5351 11573/3690/5317
f 11573/3690/5317 11572/3706/5351 11574/3707/5352
f 11575/3690/5353 11576/3707/5352 11577/3691/5354
f 11577/3691/5354 11576/3707/5352 11578/3708/5355
f 11579/3691/5354 11580/3708/5355 11581/3692/5321
f 11581/3692/5321 11580/3708/5355 11582/3709/5356
f 11583/3692/5357 11584/3709/5356 11585/3693/1906
f 11585/3693/1906 11584/3709/5356 11586/3710/5323
f 11587/3694/5323 11588/3711/5358 11589/3695/5359
f 11589/3695/5359 11588/3711/5358 11590/3712/5360
f 11591/3695/5325 11592/3712/5361 11593/3696/5327
f 11593/3696/5327 11592/3712/5361 11594/3713/5362
f 11595/3696/5327 11596/3713/5362 11597/3697/5363
f 11597/3697/5363 11596/3713/5362 11598/3714/5364
f 11599/3697/5331 11600/3714/5364 11601/3698/5334
f 11601/3698/5334 11600/3714/5364 11602/3715/5365
f 11603/3698/5334 11602/3715/5366 11604/3699/5367
f 11604/3699/5367 11602/3715/5366 11605/3716/5368
f 11606/3699/5336 11607/3716/5369 11608/3700/5370
f 11608/3700/5370 11607/3716/5369 11609/3717/5371
f 11610/3700/5370 11611/3717/5372 11612/3701/5342
f 11612/3701/5342 11611/3717/5372 11613/3718/5373
f 11614/3701/5342 11615/3718/5374 11616/3702/5375
f 11616/3702/5375 11615/3718/5374 11617/3719/5376
f 11618/3702/5377 11619/3719/5376 11620/3703/5345
f 11620/3703/5345 11619/3719/5376 11621/3720/5378
f 11622/3703/5379 11623/3720/5380 11624/3704/5346
f 11624/3704/5346 11623/3720/5380 11625/3721/5381
f 11624/3704/5347 11626/3721/5381 11627/3705/5348
f 11627/3705/5348 11626/3721/5381 11628/3722/5382
f 11629/3705/5383 11630/3722/5384 11631/3706/5351
f 11631/3706/5351 11630/3722/5384 11632/3723/5385
f 11633/3706/5351 11634/3723/5385 11635/3707/5386
f 11635/3707/5386 11634/3723/5385 11636/3724/5387
f 11637/3707/5352 11638/3724/5388 11639/3708/5355
f 11639/3708/5355 11638/3724/5388 11640/3725/5389
f 11641/3708/5355 11642/3725/5390 11643/3709/5356
f 11643/3709/5356 11642/3725/5390 11644/3726/5391
f 11645/3709/5356 11646/3726/5392 11647/3710/5393
f 11647/3710/5393 11646/3726/5392 11648/3727/5394
f 11649/3711/5395 11650/3728/5396 11651/3712/5360
f 11651/3712/5360 11650/3728/5396 11652/3729/5397
f 11653/3712/5398 11654/3729/5399 11655/3713/5362
f 11655/3713/5362 11654/3729/5399 11656/3730/5400
f 11657/3713/5401 11656/3730/5402 11658/3714/5364
f 11658/3714/5364 11656/3730/5402 11659/3731/5403
f 11660/3714/5364 11661/3731/5404 11662/3715/5405
f 11662/3715/5405 11661/3731/5404 11663/3732/5406
f 11664/3715/5365 11665/3732/5406 11666/3716/5368
f 11666/3716/5368 11665/3732/5406 11667/3733/5407
f 11668/3716/5369 11669/3733/5408 11670/3717/5372
f 11670/3717/5372 11669/3733/5408 11671/3734/5409
f 11672/3717/5372 11673/3734/5409 11674/3718/5373
f 11674/3718/5373 11673/3734/5409 11675/3735/5410
f 11676/3718/5373 11677/3735/5411 11678/3719/5412
f 11678/3719/5412 11677/3735/5411 11679/3736/5413
f 11680/3719/5376 11681/3736/5414 11682/3720/5415
f 11682/3720/5415 11681/3736/5414 11683/3737/5416
f 11682/3720/5417 11684/3737/5418 11685/3721/5381
f 11685/3721/5381 11684/3737/5418 11686/3738/5381
f 11687/3721/5381 11688/3738/5381 11689/3722/5382
f 11689/3722/5382 11688/3738/5381 11690/3739/5419
f 11691/3722/5420 11692/3739/5419 11693/3723/5385
f 11693/3723/5385 11692/3739/5419 11694/3740/5421
f 11695/3723/5385 11696/3740/5421 11697/3724/5387
f 11697/3724/5387 11696/3740/5421 11698/3741/5422
f 11699/3724/5423 11700/3741/5424 11701/3725/5425
f 11701/3725/5425 11700/3741/5424 11702/3742/5426
f 11703/3725/5389 11704/3742/5426 11705/3726/5391
f 11705/3726/5391 11704/3742/5426 11706/3743/5427
f 11707/3726/5428 11708/3743/5429 11709/3727/5430
f 11709/3727/5430 11708/3743/5429 11710/3744/5431
f 11711/3728/5396 11712/3745/5432 11713/3729/5399
f 11713/3729/5399 11712/3745/5432 11714/3746/5433
f 11715/3729/5399 11714/3746/5434 11716/3730/5402
f 11716/3730/5402 11714/3746/5434 11717/3747/5435
f 11718/3730/5402 11719/3747/5435 11720/3731/5403
f 11720/3731/5403 11719/3747/5435 11721/3748/5436
f 11722/3731/5404 11723/3748/5436 11724/3732/5406
f 11724/3732/5406 11723/3748/5436 11725/3749/5437
f 11726/3732/5438 11727/3749/5437 11728/3733/5439
f 11728/3733/5439 11727/3749/5437 11729/3750/5440
f 11730/3733/5441 11731/3750/5440 11732/3734/5409
f 11732/3734/5409 11731/3750/5440 11733/3751/5442
f 11734/3734/5409 11735/3751/5443 11736/3735/5410
f 11736/3735/5410 11735/3751/5443 11737/3752/5444
f 11738/3735/5411 11739/3752/5444 11740/3736/5413
f 11740/3736/5413 11739/3752/5444 11741/3753/5445
f 11740/3736/5413 11742/3753/5446 11743/3737/5447
f 11743/3737/5447 11742/3753/5446 11744/3754/5448
f 11745/3737/5418 11746/3754/5448 11747/3738/5449
f 11747/3738/5449 11746/3754/5448 11748/3755/5347
f 11749/3738/5381 11750/3755/5347 11751/3739/5419
f 11751/3739/5419 11750/3755/5347 11752/3756/5450
f 11753/3739/5419 11754/3756/5450 11755/3740/5421
f 11755/3740/5421 11754/3756/5450 11756/3757/5451
f 11757/3740/5452 11758/3757/5451 11759/3741/5424
f 11759/3741/5424 11758/3757/5451 11760/3758/5453
f 11761/3741/5454 11762/3758/5453 11763/3742/5455
f 11763/3742/5455 11762/3758/5453 11764/3759/5456
f 11765/3742/5457 11766/3759/5456 11767/3743/5427
f 11767/3743/5427 11766/3759/5456 11768/3760/5458
f 11769/3743/5459 11770/3760/5458 11771/3744/5431
f 11771/3744/5431 11770/3760/5458 11772/3761/5460
f 11773/3745/5432 11774/3762/5461 11775/3746/5462
f 11775/3746/5462 11774/3762/5461 11776/3763/5433
f 11777/3746/5433 11776/3763/5462 11778/3747/5435
f 11778/3747/5435 11776/3763/5462 11779/3764/5463
f 11780/3747/5435 11781/3764/5464 11782/3748/5436
f 11782/3748/5436 11781/3764/5464 11783/3765/5465
f 11784/3748/5436 11785/3765/5465 11786/3749/5437
f 11786/3749/5437 11785/3765/5465 11787/3766/5466
f 11788/3749/5437 11789/3766/5466 11790/3750/5440
f 11790/3750/5440 11789/3766/5466 11791/3767/5467
f 11792/3750/5440 11793/3767/5467 11794/3751/5468
f 11794/3751/5468 11793/3767/5467 11795/3768/5469
f 11796/3751/5443 11797/3768/5470 11798/3752/5471
f 11798/3752/5471 11797/3768/5470 11799/3769/5472
f 11800/3752/5444 11801/3769/5473 11802/3753/5474
f 11802/3753/5474 11801/3769/5473 11803/3770/5475
f 11802/3753/5474 11804/3770/5475 11805/3754/5448
f 11805/3754/5448 11804/3770/5475 11806/3771/5448
f 11807/3754/5448 11808/3771/5448 11809/3755/5346
f 11809/3755/5346 11808/3771/5448 11810/3772/5476
f 11811/3755/5347 11812/3772/5477 11813/3756/5478
f 11813/3756/5478 11812/3772/5477 11814/3773/5479
f 11815/3756/5450 11816/3773/5480 11817/3757/5481
f 11817/3757/5481 11816/3773/5480 11818/3774/5482
f 11819/3757/5483 11820/3774/5484 11821/3758/5485
f 11821/3758/5485 11820/3774/5484 11822/3775/5486
f 11823/3758/5487 11824/3775/5486 11825/3759/5456
f 11825/3759/5456 11824/3775/5486 11826/3776/5488
f 11827/3759/5456 11828/3776/5489 11829/3760/5490
f 11829/3760/5490 11828/3776/5489 11830/3777/5491
f 11831/3760/5492 11832/3777/5493 11833/3761/5432
f 11833/3761/5432 11832/3777/5493 11834/3778/5494
f 11835/3762/5495 11836/3779/5496 11837/3763/5497
f 11837/3763/5497 11836/3779/5496 11838/3780/5498
f 11839/3763/5433 11838/3780/3510 11840/3764/5463
f 11840/3764/5463 11838/3780/3510 11841/3781/5499
f 11842/3764/5500 11843/3781/5501 11844/3765/5465
f 11844/3765/5465 11843/3781/5501 11845/3782/5502
f 11846/3765/5465 11847/3782/5503 11848/3766/5504
f 11848/3766/5504 11847/3782/5503 11849/3783/5505
f 11850/3766/5466 11851/3783/5506 11852/3767/5467
f 11852/3767/5467 11851/3783/5506 11853/3784/5507
f 11854/3767/5508 11855/3784/5507 11856/3768/5509
f 11856/3768/5509 11855/3784/5507 11857/3785/5510
f 11858/3768/5470 11859/3785/5510 11860/3769/5472
f 11860/3769/5472 11859/3785/5510 11861/3786/5511
f 11862/3769/5472 11863/3786/5511 11864/3770/5512
f 11864/3770/5512 11863/3786/5511 11865/3787/5513
f 11864/3770/5475 11866/3787/5514 11867/3771/5448
f 11867/3771/5448 11866/3787/5514 11868/3788/5515
f 11869/3771/5448 11870/3788/5516 11871/3772/5477
f 11871/3772/5477 11870/3788/5516 11872/3789/5517
f 11873/3772/5518 11874/3789/5519 11875/3773/5520
f 11875/3773/5520 11874/3789/5519 11876/3790/5521
f 11877/3773/5479 11878/3790/5522 11879/3774/5482
f 11879/3774/5482 11878/3790/5522 11880/3791/5523
f 11881/3774/5484 11882/3791/5524 11883/3775/5486
f 11883/3775/5486 11882/3791/5524 11884/3792/5525
f 11885/3775/5526 11886/3792/5527 11887/3776/5528
f 11887/3776/5528 11886/3792/5527 11888/3793/5529
f 11889/3776/5488 11890/3793/5529 11891/3777/5491
f 11891/3777/5491 11890/3793/5529 11892/3794/5530
f 11893/3777/5531 11894/3794/5530 11895/3778/5494
f 11895/3778/5494 11894/3794/5530 11896/3795/5496
f 11897/3779/5496 11898/3796/5532 11899/3780/5498
f 11899/3780/5498 11898/3796/5532 11900/3797/5533
f 11901/3780/3510 11900/3797/5534 11902/3781/5499
f 11902/3781/5499 11900/3797/5534 11903/3798/5535
f 11904/3781/5499 11905/3798/5536 11906/3782/5502
f 11906/3782/5502 11905/3798/5536 11907/3799/5537
f 11908/3782/5538 11909/3799/5539 11910/3783/5505
f 11910/3783/5505 11909/3799/5539 11911/3800/5540
f 11912/3783/5505 11913/3800/5541 11914/3784/5507
f 11914/3784/5507 11913/3800/5541 11915/3801/5542
f 11916/3784/5543 11917/3801/5544 11918/3785/5510
f 11918/3785/5510 11917/3801/5544 11919/3802/5545
f 11920/3785/5510 11921/3802/5546 11922/3786/5511
f 11922/3786/5511 11921/3802/5546 11923/3803/5547
f 11924/3786/5511 11925/3803/5548 11926/3787/5513
f 11926/3787/5513 11925/3803/5548 11927/3804/5549
f 11926/3787/5513 11928/3804/5550 11929/3788/5515
f 11929/3788/5515 11928/3804/5550 11930/3805/5551
f 11931/3788/5552 11932/3805/5553 11933/3789/5517
f 11933/3789/5517 11932/3805/5553 11934/3806/5554
f 11935/3789/5519 11936/3806/5554 11937/3790/5521
f 11937/3790/5521 11936/3806/5554 11938/3807/5555
f 11939/3790/5522 11940/3807/5555 11941/3791/5556
f 11941/3791/5556 11940/3807/5555 11942/3808/5557
f 11943/3791/5523 11944/3808/5557 11945/3792/5525
f 11945/3792/5525 11944/3808/5557 11946/3809/5558
f 11947/3792/5527 11948/3809/5559 11949/3793/5529
f 11949/3793/5529 11948/3809/5559 11950/3810/5560
f 11951/3793/5529 11952/3810/5561 11953/3794/5562
f 11953/3794/5562 11952/3810/5561 11954/3811/5563
f 11955/3794/5530 11956/3811/5563 11957/3795/5564
f 11957/3795/5564 11956/3811/5563 11958/3812/5532
f 11959/3796/5532 11960/3813/5565 11961/3797/5534
f 11961/3797/5534 11960/3813/5565 11962/3814/5566
f 11963/3797/5534 11962/3814/5567 11964/3798/5535
f 11964/3798/5535 11962/3814/5567 11965/3815/5568
f 11966/3798/5569 11967/3815/5570 11968/3799/5571
f 11968/3799/5571 11967/3815/5570 11969/3816/5572
f 11970/3799/5539 11971/3816/5573 11972/3800/5541
f 11972/3800/5541 11971/3816/5573 11973/3817/5574
f 11974/3800/5541 11975/3817/5574 11976/3801/5575
f 11976/3801/5575 11975/3817/5574 11977/3818/5576
f 11978/3801/5544 11979/3818/5577 11980/3802/5578
f 11980/3802/5578 11979/3818/5577 11981/3819/5579
f 11982/3802/5546 11983/3819/5579 11984/3803/5580
f 11984/3803/5580 11983/3819/5579 11985/3820/5581
f 11986/3803/5548 11987/3820/5581 11988/3804/5550
f 11988/3804/5550 11987/3820/5581 11989/3821/5582
f 11990/3804/5550 11991/3821/5582 11992/3805/5583
f 11992/3805/5583 11991/3821/5582 11993/3822/5584
f 11992/3805/5551 11994/3822/5584 11995/3806/5585
f 11995/3806/5585 11994/3822/5584 11996/3823/5586
f 11997/3806/5585 11998/3823/5586 11999/3807/5555
f 11999/3807/5555 11998/3823/5586 12000/3824/5587
f 12001/3807/5588 12002/3824/5589 12003/3808/5590
f 12003/3808/5590 12002/3824/5589 12004/3825/5591
f 12005/3808/5590 12006/3825/5591 12007/3809/5558
f 12007/3809/5558 12006/3825/5591 12008/3826/5592
f 12009/3809/5593 12010/3826/5594 12011/3810/5595
f 12011/3810/5595 12010/3826/5594 12012/3827/5596
f 12013/3810/5595 12014/3827/5596 12015/3811/5563
f 12015/3811/5563 12014/3827/5596 12016/3828/5597
f 12017/3811/5598 12018/3828/5597 12019/3812/5532
f 12019/3812/5532 12018/3828/5597 12020/3829/5565
f 12021/3813/5565 12022/3830/3222 12023/3814/5599
f 12023/3814/5599 12022/3830/3222 12024/3831/5600
f 12025/3814/5601 12024/3831/5600 12026/3815/5568
f 12026/3815/5568 12024/3831/5600 12027/3832/5602
f 12028/3815/5570 12029/3832/5602 12030/3816/5573
f 12030/3816/5573 12029/3832/5602 12031/3833/5603
f 12032/3816/5573 12033/3833/5604 12034/3817/5605
f 12034/3817/5605 12033/3833/5604 12035/3834/5606
f 12036/3817/5605 12037/3834/5606 12038/3818/5576
f 12038/3818/5576 12037/3834/5606 12039/3835/5607
f 12040/3818/5576 12041/3835/5608 12042/3819/5609
f 12042/3819/5609 12041/3835/5608 12043/3836/5610
f 12044/3819/5611 12045/3836/5610 12046/3820/5581
f 12046/3820/5581 12045/3836/5610 12047/3837/5612
f 12048/3820/5581 12049/3837/5613 12050/3821/5582
f 12050/3821/5582 12049/3837/5613 12051/3838/5614
f 12052/3821/5615 12053/3838/5616 12054/3822/5617
f 12054/3822/5617 12053/3838/5616 12055/3839/5618
f 12054/3822/5584 12056/3839/5619 12057/3823/5586
f 12057/3823/5586 12056/3839/5619 12058/3840/5620
f 12059/3823/5621 12060/3840/5620 12061/3824/5589
f 12061/3824/5589 12060/3840/5620 12062/3841/5622
f 12063/3824/5587 12064/3841/5623 12065/3825/5591
f 12065/3825/5591 12064/3841/5623 12066/3842/5624
f 12067/3825/5591 12068/3842/5624 12069/3826/5625
f 12069/3826/5625 12068/3842/5624 12070/3843/5626
f 12071/3826/5627 12072/3843/5628 12073/3827/5596
f 12073/3827/5596 12072/3843/5628 12074/3844/5629
f 12075/3827/5630 12076/3844/5629 12077/3828/5597
f 12077/3828/5597 12076/3844/5629 12078/3845/5631
f 12079/3828/5632 12080/3845/5631 12081/3829/5565
f 12081/3829/5565 12080/3845/5631 12082/3846/3222
f 12083/3830/3255 12084/3847/5633 12085/3831/5634
f 12085/3831/5634 12084/3847/5633 12086/3848/5635
f 12087/3831/5636 12088/3848/5637 12089/3832/5602
f 12089/3832/5602 12088/3848/5637 12090/3849/5638
f 12091/3832/5602 12092/3849/5639 12093/3833/5603
f 12093/3833/5603 12092/3849/5639 12094/3850/5640
f 12095/3833/5604 12096/3850/5641 12097/3834/5606
f 12097/3834/5606 12096/3850/5641 12098/3851/5642
f 12099/3834/5606 12100/3851/5643 12101/3835/5644
f 12101/3835/5644 12100/3851/5643 12102/3852/5645
f 12103/3835/5646 12104/3852/5645 12105/3836/5647
f 12105/3836/5647 12104/3852/5645 12106/3853/5648
f 12107/3836/5610 12108/3853/5649 12109/3837/5612
f 12109/3837/5612 12108/3853/5649 12110/3854/5650
f 12111/3837/5612 12112/3854/5651 12113/3838/5614
f 12113/3838/5614 12112/3854/5651 12114/3855/90
f 12115/3838/5616 12116/3855/1213 12117/3839/5619
f 12117/3839/5619 12116/3855/1213 12118/3856/5652
f 12117/3839/5619 12119/3856/5653 12120/3840/5654
f 12120/3840/5654 12119/3856/5653 12121/3857/5655
f 12122/3840/5620 12123/3857/5656 12124/3841/5623
f 12124/3841/5623 12123/3857/5656 12125/3858/5657
f 12126/3841/5623 12127/3858/5658 12128/3842/5659
f 12128/3842/5659 12127/3858/5658 12129/3859/5660
f 12130/3842/5624 12131/3859/5661 12132/3843/5662
f 12132/3843/5662 12131/3859/5661 12133/3860/5663
f 12134/3843/5628 12135/3860/5663 12136/3844/5664
f 12136/3844/5664 12135/3860/5663 12137/3861/5665
f 12138/3844/5666 12139/3861/5665 12140/3845/5631
f 12140/3845/5631 12139/3861/5665 12141/3862/5667
f 12142/3845/5631 12141/3862/5667 12143/3846/3222
f 12143/3846/3222 12141/3862/5667 12144/3863/5633
f 12145/3456/5668 12146/3456/5669 12147/3456/5670
f 12146/3456/5669 12148/3456/5671 12147/3456/5670
f 12147/3456/5670 12148/3456/5671 12149/3456/4855
f 12148/3456/5671 12150/3456/5672 12149/3456/4855
f 12149/3456/4855 12150/3456/5672 12151/3456/5673
f 12150/3456/5672 12152/3456/4870 12151/3456/5673
f 12151/3456/5673 12152/3456/4870 12153/3456/5674
f 12152/3456/4870 12154/3456/5675 12153/3456/5674
f 12153/3456/5674 12154/3456/5675 12155/3456/4845
f 12154/3456/5675 12156/3456/4829 12155/3456/4845
f 12155/3456/4845 12156/3456/4829 12157/3456/4842
f 12156/3456/4829 12158/3456/5676 12157/3456/4842
f 12157/3456/4842 12158/3456/5676 12159/3456/4838
f 12158/3456/5676 12160/3456/4834 12159/3456/4838
f 12161/3456/5677 12162/3456/5678 12163/3456/5660
f 12162/3456/5678 12164/3456/5653 12163/3456/5660
f 12163/3456/5660 12164/3456/5653 12165/3456/5679
f 12164/3456/5653 12166/3456/5680 12165/3456/5679
f 12165/3456/5679 12166/3456/5680 12167/3456/5681
f 12166/3456/5680 12168/3456/5682 12167/3456/5681
f 12167/3456/5681 12168/3456/5682 12169/3456/5683
f 12168/3456/5682 12170/3456/5648 12169/3456/5683
f 12169/3456/5683 12170/3456/5648 12171/3456/5633
f 12170/3456/5648 12172/3456/5645 12171/3456/5633
f 12171/3456/5633 12172/3456/5645 12173/3456/5637
f 12172/3456/5645 12174/3456/5684 12173/3456/5637
f 12173/3456/5637 12174/3456/5684 12175/3456/5639
f 12174/3456/5684 12176/3456/5685 12175/3456/5639
f 12177/3864/5686 12178/3865/5687 12179/3866/5688
f 12179/3866/5688 12178/3865/5687 12180/3867/5689
f 12181/3866/5688 12182/3867/5689 12183/3868/5690
f 12183/3868/5690 12182/3867/5689 12184/3869/5690
f 12185/3868/5691 12186/3869/5691 12187/3870/5692
f 12187/3870/5692 12186/3869/5691 12188/3871/5692
f 12189/3870/5693 12190/3871/5693 12191/3872/5694
f 12191/3872/5694 12190/3871/5693 12192/3873/5694
f 12193/3872/5694 12194/3873/5694 12195/3874/5695
f 12195/3874/5695 12194/3873/5694 12196/3875/5696
f 12197/3874/5696 12198/3875/5696 12199/3876/3324
f 12199/3876/3324 12198/3875/5696 12200/3877/5697
f 12201/3878/3325 12202/3879/3325 12203/3880/5698
f 12203/3880/5698 12202/3879/3325 12204/3881/5698
f 12205/3880/5698 12206/3881/5698 12207/3882/5699
f 12207/3882/5699 12206/3881/5698 12208/3883/5700
f 12209/3882/5701 12210/3883/5702 12211/3884/5703
f 12211/3884/5703 12210/3883/5702 12212/3885/5703
f 12213/3884/5703 12214/3885/5703 12215/3864/5704
f 12215/3864/5704 12214/3885/5703 12216/3865/5687
f 12217/3865/420 12218/3886/420 12219/3867/420
f 12219/3867/420 12218/3886/420 12220/3887/420
f 12221/3867/420 12222/3887/420 12223/3869/420
f 12223/3869/420 12222/3887/420 12224/3888/420
f 12225/3869/420 12226/3888/420 12227/3871/420
f 12227/3871/420 12226/3888/420 12228/3889/420
f 12229/3871/420 12230/3889/420 12231/3873/420
f 12231/3873/420 12230/3889/420 12232/3890/420
f 12233/3873/420 12234/3890/420 12235/3875/420
f 12235/3875/420 12234/3890/420 12236/3891/420
f 12237/3875/420 12238/3891/420 12239/3877/420
f 12239/3877/420 12238/3891/420 12240/3892/420
f 12241/3879/420 12242/3893/420 12243/3881/420
f 12243/3881/420 12242/3893/420 12244/3894/420
f 12245/3881/420 12246/3894/420 12247/3883/420
f 12247/3883/420 12246/3894/420 12248/3895/420
f 12249/3883/420 12250/3895/420 12251/3885/420
f 12251/3885/420 12250/3895/420 12252/3896/420
f 12253/3885/420 12254/3896/420 12255/3865/420
f 12255/3865/420 12254/3896/420 12256/3886/420
f 12257/3886/5705 12258/3897/5706 12259/3887/5707
f 12259/3887/5707 12258/3897/5706 12260/3898/5707
f 12261/3887/5707 12262/3898/5707 12263/3888/5708
f 12263/3888/5708 12262/3898/5707 12264/3899/5708
f 12265/3888/5708 12266/3899/5708 12267/3889/5709
f 12267/3889/5709 12266/3899/5708 12268/3900/5710
f 12269/3889/5711 12270/3900/5710 12271/3890/5712
f 12271/3890/5712 12270/3900/5710 12272/3901/5712
f 12273/3890/5712 12274/3901/5712 12275/3891/5713
f 12275/3891/5713 12274/3901/5712 12276/3902/5714
f 12277/3891/5714 12278/3902/5713 12279/3892/5715
f 12279/3892/5715 12278/3902/5713 12280/3903/5715
f 12281/3893/3342 12282/3904/3342 12283/3894/5716
f 12283/3894/5716 12282/3904/3342 12284/3905/5716
f 12285/3894/5716 12286/3905/5716 12287/3895/5717
f 12287/3895/5717 12286/3905/5716 12288/3906/5717
f 12289/3895/5717 12290/3906/5717 12291/3896/5718
f 12291/3896/5718 12290/3906/5717 12292/3907/5718
f 12293/3896/5718 12294/3907/5718 12295/3886/5705
f 12295/3886/5705 12294/3907/5718 12296/3897/5705
f 12297/3908/3388 12298/3909/3388 12299/3910/3389
f 12299/3910/3389 12298/3909/3388 12300/3911/3390
f 12301/3910/3389 12302/3911/3389 12303/3912/3392
f 12303/3912/3392 12302/3911/3389 12304/3913/3392
f 12305/3912/3392 12306/3913/5719 12307/3914/5720
f 12307/3914/5720 12306/3913/5719 12308/3915/3394
f 12309/3914/3394 12310/3915/3395 12311/3916/3396
f 12311/3916/3396 12310/3915/3395 12312/3917/3396
f 12313/3916/3396 12314/3917/3396 12315/3918/3397
f 12315/3918/3397 12314/3917/3396 12316/3919/3397
f 12317/3918/3398 12318/3919/3398 12319/3920/5721
f 12319/3920/5721 12318/3919/3398 12320/3921/3359
f 12321/3922/3360 12322/3923/3360 12323/3924/3401
f 12323/3924/3401 12322/3923/3360 12324/3925/3401
f 12325/3924/3401 12326/3925/5722 12327/3926/3402
f 12327/3926/3402 12326/3925/5722 12328/3927/3403
f 12329/3926/3404 12330/3927/3403 12331/3928/3405
f 12331/3928/3405 12330/3927/3403 12332/3929/3405
f 12333/3928/3405 12334/3929/3405 12335/3908/3388
f 12335/3908/3388 12334/3929/3405 12336/3909/3388
f 12337/3909/409 12338/3930/409 12339/3911/415
f 12339/3911/415 12338/3930/409 12340/3931/3366
f 12341/3911/3367 12342/3931/409 12343/3913/410
f 12343/3913/410 12342/3931/409 12344/3932/5723
f 12345/3913/413 12346/3932/409 12347/3915/408
f 12347/3915/408 12346/3932/409 12348/3933/405
f 12349/3915/413 12350/3933/410 12351/3917/407
f 12351/3917/407 12350/3933/410 12352/3934/407
f 12353/3917/410 12354/3934/410 12355/3919/410
f 12355/3919/410 12354/3934/410 12356/3935/410
f 12357/3919/410 12358/3935/840 12359/3921/840
f 12359/3921/840 12358/3935/840 12360/3936/405
f 12361/3923/410 12362/3937/405 12363/3925/409
f 12363/3925/409 12362/3937/405 12364/3938/838
f 12365/3925/415 12366/3938/405 12367/3927/405
f 12367/3927/405 12366/3938/405 12368/3939/405
f 12369/3927/407 12370/3939/405 12371/3929/407
f 12371/3929/407 12370/3939/405 12372/3940/409
f 12373/3929/410 12374/3940/410 12375/3909/409
f 12375/3909/409 12374/3940/410 12376/3930/410
f 12377/3930/3406 12378/3941/3406 12379/3931/3407
f 12379/3931/3407 12378/3941/3406 12380/3942/3407
f 12381/3931/3407 12382/3942/3407 12383/3932/3408
f 12383/3932/3408 12382/3942/3407 12384/3943/3409
f 12385/3932/3409 12386/3943/3409 12387/3933/3410
f 12387/3933/3410 12386/3943/3409 12388/3944/3410
f 12389/3933/3410 12390/3944/5724 12391/3934/3411
f 12391/3934/3411 12390/3944/5724 12392/3945/3411
f 12393/3934/3411 12394/3945/3412 12395/3935/3413
f 12395/3935/3413 12394/3945/3412 12396/3946/3414
f 12397/3935/3413 12398/3946/3413 12399/3936/3380
f 12399/3936/3380 12398/3946/3413 12400/3947/3380
f 12401/3937/3381 12402/3948/3381 12403/3938/3415
f 12403/3938/3415 12402/3948/3381 12404/3949/3415
f 12405/3938/3415 12406/3949/3415 12407/3939/3416
f 12407/3939/3416 12406/3949/3415 12408/3950/3416
f 12409/3939/3416 12410/3950/3416 12411/3940/3419
f 12411/3940/3419 12410/3950/3416 12412/3951/3418
f 12413/3940/3419 12414/3951/5725 12415/3930/5726
f 12415/3930/5726 12414/3951/5725 12416/3941/3406
f 12417/3952/3349 12418/3953/3350 12419/3954/3349
f 12419/3954/3349 12418/3953/3350 12420/3955/3351
f 12421/3953/3350 12422/3956/3352 12423/3955/3350
f 12423/3955/3350 12422/3956/3352 12424/3957/3352
f 12425/3956/3352 12426/3958/3353 12427/3957/3352
f 12427/3957/3352 12426/3958/3353 12428/3959/3353
f 12429/3958/3353 12430/3960/3354 12431/3959/3353
f 12431/3959/3353 12430/3960/3354 12432/3961/3355
f 12433/3960/3354 12434/3962/3356 12435/3961/5727
f 12435/3961/5727 12434/3962/3356 12436/3963/3357
f 12437/3962/3357 12438/3920/3399 12439/3963/3357
f 12439/3963/3357 12438/3920/3399 12440/3921/3399
f 12441/3964/3360 12442/3965/3361 12443/3966/5728
f 12443/3966/5728 12442/3965/3361 12444/3967/3361
f 12445/3965/3361 12446/3968/3362 12447/3967/3361
f 12447/3967/3361 12446/3968/3362 12448/3969/3362
f 12449/3968/3362 12450/3970/3365 12451/3969/3364
f 12451/3969/3364 12450/3970/3365 12452/3971/3365
f 12453/3970/3365 12454/3952/3349 12455/3971/3365
f 12455/3971/3365 12454/3952/3349 12456/3954/3349
f 12457/3954/409 12458/3955/415 12459/3972/409
f 12459/3972/409 12458/3955/415 12460/3973/407
f 12461/3955/407 12462/3957/406 12463/3973/415
f 12463/3973/415 12462/3957/406 12464/3974/407
f 12465/3957/409 12466/3959/409 12467/3974/405
f 12467/3974/405 12466/3959/409 12468/3975/405
f 12469/3959/410 12470/3961/409 12471/3975/410
f 12471/3975/410 12470/3961/409 12472/3976/409
f 12473/3961/409 12474/3963/409 12475/3976/410
f 12475/3976/410 12474/3963/409 12476/3977/409
f 12477/3963/408 12478/3921/410 12479/3977/413
f 12479/3977/413 12478/3921/410 12480/3936/413
f 12481/3966/410 12482/3967/409 12483/3978/409
f 12483/3978/409 12482/3967/409 12484/3979/410
f 12485/3967/415 12486/3969/409 12487/3979/409
f 12487/3979/409 12486/3969/409 12488/3980/413
f 12489/3969/407 12490/3971/409 12491/3980/405
f 12491/3980/405 12490/3971/409 12492/3981/410
f 12493/3971/410 12494/3954/409 12495/3981/409
f 12495/3981/409 12494/3954/409 12496/3972/410
f 12497/3972/3369 12498/3973/3370 12499/3982/3369
f 12499/3982/3369 12498/3973/3370 12500/3983/3370
f 12501/3973/3370 12502/3974/3372 12503/3983/3370
f 12503/3983/3370 12502/3974/3372 12504/3984/3373
f 12505/3974/3373 12506/3975/3374 12507/3984/3373
f 12507/3984/3373 12506/3975/3374 12508/3985/3374
f 12509/3975/3374 12510/3976/3375 12511/3985/3374
f 12511/3985/3374 12510/3976/3375 12512/3986/3375
f 12513/3976/3375 12514/3977/3377 12515/3986/3378
f 12515/3986/3378 12514/3977/3377 12516/3987/3379
f 12517/3977/3377 12518/3936/3380 12519/3987/3379
f 12519/3987/3379 12518/3936/3380 12520/3947/3380
f 12521/3978/3381 12522/3979/3383 12523/3988/3381
f 12523/3988/3381 12522/3979/3383 12524/3989/3383
f 12525/3979/3383 12526/3980/3384 12527/3989/5729
f 12527/3989/5729 12526/3980/3384 12528/3990/3385
f 12529/3980/3386 12530/3981/3387 12531/3990/3386
f 12531/3990/3386 12530/3981/3387 12532/3991/3387
f 12533/3981/3387 12534/3972/3369 12535/3991/3387
f 12535/3991/3387 12534/3972/3369 12536/3982/3369
f 12537/3910/834 12538/3992/834 12539/3908/3440
f 12539/3908/3440 12538/3992/834 12540/3993/3440
f 12541/3908/3439 12542/3993/3439 12543/3928/3435
f 12543/3928/3435 12542/3993/3439 12544/3994/3438
f 12545/3928/3435 12546/3994/5730 12547/3926/3432
f 12547/3926/3432 12546/3994/5730 12548/3995/3432
f 12549/3926/3432 12550/3995/3432 12551/3924/3431
f 12551/3924/3431 12550/3995/3432 12552/3996/3431
f 12553/3924/3431 12554/3996/3431 12555/3922/5731
f 12555/3922/5731 12554/3996/3431 12556/3997/5731
f 12557/3964/3430 12558/3998/3430 12559/3965/3427
f 12559/3965/3427 12558/3998/3430 12560/3999/3427
f 12561/3965/3428 12562/3999/3428 12563/3968/5732
f 12563/3968/5732 12562/3999/3428 12564/4000/3425
f 12565/3968/3425 12566/4000/5733 12567/3970/3423
f 12567/3970/3423 12566/4000/5733 12568/4001/3423
f 12569/3970/3423 12570/4001/3423 12571/3952/5734
f 12571/3952/5734 12570/4001/3423 12572/4002/3422
f 12573/3952/3420 12574/4002/5735 12575/3953/401
f 12575/3953/401 12574/4002/5735 12576/4003/401
f 12577/3953/401 12578/4003/401 12579/3956/3454
f 12579/3956/3454 12578/4003/401 12580/4004/3454
f 12581/3956/3454 12582/4004/3454 12583/3958/3453
f 12583/3958/3453 12582/4004/3454 12584/4005/3453
f 12585/3958/3453 12586/4005/3453 12587/3960/3451
f 12587/3960/3451 12586/4005/3453 12588/4006/3451
f 12589/3960/3451 12590/4006/3451 12591/3962/5736
f 12591/3962/5736 12590/4006/3451 12592/4007/3450
f 12593/3962/3448 12594/4007/3448 12595/3920/3446
f 12595/3920/3446 12594/4007/3448 12596/4008/5737
f 12597/3920/3446 12598/4008/3446 12599/3918/3445
f 12599/3918/3445 12598/4008/3446 12600/4009/3445
f 12601/3918/3445 12602/4009/3445 12603/3916/3444
f 12603/3916/3444 12602/4009/3445 12604/4010/3444
f 12605/3916/5738 12606/4010/3444 12607/3914/3442
f 12607/3914/3442 12606/4010/3444 12608/4011/3442
f 12609/3914/3442 12610/4011/3442 12611/3912/3441
f 12611/3912/3441 12610/4011/3442 12612/4012/3441
f 12613/3912/3441 12614/4012/3441 12615/3910/5739
f 12615/3910/5739 12614/4012/3441 12616/3992/834
f 12617/4013/5740 12618/4014/5740 12619/4015/5741
f 12619/4015/5741 12618/4014/5740 12620/4016/5741
f 12621/4015/5742 12622/4016/5743 12623/4017/5744
f 12623/4017/5744 12622/4016/5743 12624/4018/5745
f 12625/4017/5746 12626/4018/5745 12627/4019/5747
f 12627/4019/5747 12626/4018/5745 12628/4020/5748
f 12629/4019/5748 12630/4020/5748 12631/4021/2373
f 12631/4021/2373 12630/4020/5748 12632/4022/3462
f 12633/4021/3462 12634/4022/3462 12635/4023/5749
f 12635/4023/5749 12634/4022/3462 12636/4024/5749
f 12637/4023/5749 12638/4024/5749 12639/4025/5750
f 12639/4025/5750 12638/4024/5749 12640/4026/5750
f 12641/4025/5750 12642/4026/5750 12643/4027/5751
f 12643/4027/5751 12642/4026/5750 12644/4028/5751
f 12645/4027/5751 12646/4028/5751 12647/4029/5752
f 12647/4029/5752 12646/4028/5751 12648/4030/5752
f 12649/4029/5753 12650/4030/5753 12651/4031/5754
f 12651/4031/5754 12650/4030/5753 12652/4032/5754
f 12653/4031/5755 12654/4032/5754 12655/4033/5756
f 12655/4033/5756 12654/4032/5754 12656/4034/5756
f 12657/4033/5756 12658/4034/5756 12659/4035/5757
f 12659/4035/5757 12658/4034/5756 12660/4036/5758
f 12661/4035/5758 12662/4036/5758 12663/4037/3475
f 12663/4037/3475 12662/4036/5758 12664/4038/2386
f 12665/4037/3475 12666/4038/3475 12667/4039/5759
f 12667/4039/5759 12666/4038/3475 12668/4040/5759
f 12669/4039/5760 12670/4040/5759 12671/4041/5761
f 12671/4041/5761 12670/4040/5759 12672/4042/5762
f 12673/4041/5761 12674/4042/5763 12675/4043/5764
f 12675/4043/5764 12674/4042/5763 12676/4044/5765
f 12677/4043/5764 12678/4044/5766 12679/4045/5740
f 12679/4045/5740 12678/4044/5766 12680/4046/5740
f 12681/4016/5767 12682/840/5767 12683/4018/5768
f 12683/4018/5768 12682/840/5767 12684/827/5769
f 12683/4018/5769 12685/827/5769 12686/4020/5770
f 12686/4020/5770 12685/827/5769 12687/828/5770
f 12688/4020/5770 12687/828/5770 12689/4022/5771
f 12689/4022/5771 12687/828/5770 12690/829/5772
f 12689/4022/5772 12691/829/5773 12692/4024/5774
f 12692/4024/5774 12691/829/5773 12693/839/5774
f 12694/4024/5775 12693/839/5776 12695/4026/5777
f 12695/4026/5777 12693/839/5776 12696/830/5777
f 12695/4026/5777 12697/830/5777 12698/4028/5778
f 12698/4028/5778 12697/830/5777 12699/831/5779
f 12700/4028/5780 12699/831/5780 12701/4030/584
f 12701/4030/584 12699/831/5780 12702/832/584
f 12701/4030/584 12703/832/584 12704/4032/5781
f 12704/4032/5781 12703/832/584 12705/838/5782
f 12706/4032/5781 12705/838/5781 12707/4034/5783
f 12707/4034/5783 12705/838/5781 12708/833/5783
f 12707/4034/5784 12709/833/5784 12710/4036/5785
f 12710/4036/5785 12709/833/5784 12711/834/5785
f 12712/4036/5785 12711/834/5785 12713/4038/5786
f 12713/4038/5786 12711/834/5785 12714/835/5786
f 12713/4038/5786 12715/835/5786 12716/4040/5787
f 12716/4040/5787 12715/835/5786 12717/836/5787
f 12718/4040/5787 12717/836/5787 12719/4042/5788
f 12719/4042/5788 12717/836/5787 12720/837/5788
f 12719/4042/5788 12721/837/5788 12722/4044/5789
f 12722/4044/5789 12721/837/5788 12723/825/5789
f 12724/4044/5790 12723/825/5790 12725/4046/5791
f 12725/4046/5791 12723/825/5790 12726/824/5791
f 12727/4014/5791 12728/841/5791 12729/4016/5792
f 12729/4016/5792 12728/841/5791 12682/840/5767
f 12730/722/773 12731/706/756 12732/723/774
f 12732/723/774 12731/706/756 12733/3366/4755
f 12734/3318/4555 12735/3314/4555 12736/3327/5793
f 12735/3314/4555 12737/3364/4555 12736/3327/5793
f 12736/3327/5793 12737/3364/4555 12738/3337/4555
