# Blender 5.1.1
# www.blender.org
o ev_obj_w9_hideconsole_metalwall702
v -0.784436 0.470059 0.716187
v -1.447365 0.470059 0.716187
v -0.779576 0.469432 0.718161
v -0.777562 0.467919 0.722926
v -1.452226 0.469432 0.718161
v -0.777562 0.379086 1.002697
v -1.454239 0.467919 0.722926
v -0.779576 0.377573 1.007463
v -1.454239 0.379086 1.002697
v -0.784436 0.376946 1.009435
v -1.452226 0.377573 1.007463
v -1.447365 0.376946 1.009435
v -0.777562 0.434839 1.020400
v -0.779576 0.433326 1.025165
v -0.778770 0.437773 1.021072
v -0.780500 0.436473 1.025166
v -0.778770 0.437773 1.021072
v -0.780500 0.436473 1.025166
v -0.781687 0.439138 1.020879
v -0.782732 0.438352 1.023354
v -0.781687 0.527460 0.742717
v -0.778770 0.526457 0.741772
v -0.778770 0.526457 0.741772
v -0.777562 0.523673 0.740629
v -0.782732 0.528246 0.740243
v -0.780500 0.527756 0.737679
v -0.780500 0.527756 0.737679
v -0.779576 0.525186 0.735864
v -0.785257 0.438027 1.024379
v -0.784677 0.435934 1.026862
v -0.784677 0.435934 1.026862
v -0.780500 0.436473 1.025166
v -0.784436 0.432699 1.027138
v -0.779576 0.433326 1.025165
v -1.447365 0.432699 1.027138
v -1.447124 0.435934 1.026862
v -1.447124 0.435934 1.026862
v -1.446544 0.438027 1.024379
v -1.452226 0.433326 1.025165
v -1.451301 0.436473 1.025166
v -1.451301 0.436473 1.025166
v -1.449069 0.438352 1.023354
v -0.784436 0.525812 0.733891
v -0.779576 0.525186 0.735864
v -0.784677 0.528295 0.735982
v -0.780500 0.527756 0.737679
v -0.784677 0.528295 0.735982
v -0.785257 0.528572 0.739218
v -1.446544 0.528572 0.739218
v -1.447124 0.528295 0.735982
v -1.447124 0.528295 0.735982
v -1.447365 0.525812 0.733891
v -1.449069 0.528246 0.740243
v -1.451301 0.527756 0.737679
v -1.451301 0.527756 0.737679
v -1.452226 0.525186 0.735864
v -1.450114 0.439138 1.020879
v -1.453031 0.437773 1.021072
v -1.453031 0.437773 1.021072
v -1.451301 0.436473 1.025166
v -1.454239 0.434839 1.020400
v -1.452226 0.433326 1.025165
v -1.454239 0.523673 0.740629
v -1.453031 0.526457 0.741772
v -1.453031 0.526457 0.741772
v -1.450114 0.527460 0.742717
v -1.452226 0.525186 0.735864
v -1.451301 0.527756 0.737679
v -1.447365 0.376946 1.009435
v -0.784436 0.376946 1.009435
v -1.447365 0.470059 0.716187
v -0.784436 0.470059 0.716187
v -0.777562 0.379086 1.002697
v -0.777562 0.467919 0.722926
v -1.454239 0.467919 0.722926
v -1.454239 0.379086 1.002697
v -0.779576 0.377573 1.007463
v -0.779576 0.377573 1.007463
v -1.452226 0.377573 1.007463
v -1.452226 0.377573 1.007463
v -0.779576 0.469432 0.718161
v -0.779576 0.469432 0.718161
v -1.452226 0.469432 0.718161
v -1.452226 0.469432 0.718161
v -1.429586 0.513129 0.751916
v -0.797177 0.513139 0.751884
v -1.429646 0.432153 1.006912
v -0.797195 0.432153 1.006912
v -0.797177 0.513139 0.751884
v -0.797177 0.513139 0.751884
v -0.587700 0.482290 0.669657
v -0.756302 0.482290 0.669657
v -0.582110 0.481613 0.671789
v -0.579795 0.479979 0.676935
v -0.761893 0.481613 0.671789
v -0.579795 0.398726 0.932830
v -0.764208 0.479979 0.676935
v -0.582110 0.397092 0.937976
v -0.764208 0.398726 0.932830
v -0.587700 0.396415 0.940109
v -0.761893 0.397092 0.937976
v -0.756302 0.396415 0.940109
v -0.579795 0.456527 0.951183
v -0.582110 0.454893 0.956329
v -0.581184 0.459466 0.951837
v -0.583174 0.458063 0.956259
v -0.581184 0.459466 0.951837
v -0.583174 0.458063 0.956259
v -0.584538 0.460846 0.951598
v -0.585741 0.459997 0.954271
v -0.584538 0.541547 0.697442
v -0.581184 0.540558 0.696451
v -0.581184 0.540558 0.696451
v -0.579795 0.537780 0.695288
v -0.585741 0.542396 0.694768
v -0.583174 0.541962 0.692029
v -0.583174 0.541962 0.692029
v -0.582110 0.539414 0.690142
v -0.588644 0.459646 0.955378
v -0.587977 0.457481 0.958090
v -0.587977 0.457481 0.958090
v -0.583174 0.458063 0.956259
v -0.587700 0.454216 0.958462
v -0.582110 0.454893 0.956329
v -0.756302 0.454216 0.958462
v -0.756026 0.457481 0.958090
v -0.756026 0.457481 0.958090
v -0.755359 0.459646 0.955378
v -0.761893 0.454893 0.956329
v -0.760829 0.458063 0.956259
v -0.760829 0.458063 0.956259
v -0.758262 0.459997 0.954271
v -0.587700 0.540091 0.688010
v -0.582110 0.539414 0.690142
v -0.587977 0.542544 0.690198
v -0.583174 0.541962 0.692029
v -0.587977 0.542544 0.690198
v -0.588644 0.542747 0.693661
v -0.755359 0.542747 0.693661
v -0.756026 0.542544 0.690198
v -0.756026 0.542544 0.690198
v -0.756302 0.540091 0.688010
v -0.758262 0.542396 0.694768
v -0.760829 0.541962 0.692029
v -0.760829 0.541962 0.692029
v -0.761893 0.539414 0.690142
v -0.759465 0.460846 0.951598
v -0.762819 0.459466 0.951837
v -0.762819 0.459466 0.951837
v -0.760829 0.458063 0.956259
v -0.764208 0.456527 0.951183
v -0.761893 0.454893 0.956329
v -0.764208 0.537780 0.695288
v -0.762819 0.540558 0.696451
v -0.762819 0.540558 0.696451
v -0.759465 0.541547 0.697442
v -0.761893 0.539414 0.690142
v -0.760829 0.541962 0.692029
v -0.756302 0.396415 0.940109
v -0.587700 0.396415 0.940109
v -0.756302 0.482290 0.669657
v -0.587700 0.482290 0.669657
v -0.579795 0.398726 0.932830
v -0.579795 0.479979 0.676935
v -0.764208 0.479979 0.676935
v -0.764208 0.398726 0.932830
v -0.582110 0.397092 0.937976
v -0.582110 0.397092 0.937976
v -0.761893 0.397092 0.937976
v -0.761893 0.397092 0.937976
v -0.582110 0.481613 0.671789
v -0.582110 0.481613 0.671789
v -0.761893 0.481613 0.671789
v -0.761893 0.481613 0.671789
v -0.748172 0.441372 0.682519
v -0.595830 0.441372 0.682519
v -0.748172 0.369797 0.907892
v -0.595830 0.369807 0.907861
v -0.547957 0.377154 0.630320
v -0.549004 0.377154 0.624908
v -0.549971 0.372154 0.630523
v -0.550901 0.372153 0.625720
v -0.549971 0.372154 0.630523
v -0.550901 0.372153 0.625720
v -0.554832 0.370083 0.631017
v -0.555480 0.370083 0.627668
v -0.554832 0.370083 1.042782
v -0.549971 0.372154 1.043275
v -0.549971 0.372154 1.043275
v -0.547957 0.377154 1.043479
v -0.555480 0.370083 1.046132
v -0.550901 0.372154 1.048083
v -0.550901 0.372154 1.048083
v -0.549004 0.377153 1.048891
v -1.472099 0.377153 0.616180
v -1.477361 0.377154 0.617256
v -1.471901 0.372153 0.618253
v -1.476575 0.372154 0.619206
v -1.471901 0.372153 0.618253
v -1.476575 0.372154 0.619206
v -1.471422 0.370083 0.623249
v -1.474679 0.370083 0.623915
v -0.562383 0.370083 0.623249
v -0.561905 0.372153 0.618253
v -0.561905 0.372153 0.618253
v -0.561706 0.377153 0.616180
v -1.016903 0.377153 0.616180
v -0.559127 0.370083 0.623915
v -0.557230 0.372154 0.619206
v -0.556445 0.377154 0.617256
v -0.557230 0.372154 0.619206
v -1.478974 0.370083 0.631017
v -1.478326 0.370083 0.627668
v -1.483835 0.372154 0.630523
v -1.482905 0.372153 0.625720
v -1.483835 0.372154 0.630523
v -1.482905 0.372153 0.625720
v -1.485848 0.377154 0.630320
v -1.484802 0.377154 0.624908
v -1.485848 0.377154 1.043479
v -1.483835 0.372154 1.043275
v -1.483835 0.372154 1.043275
v -1.478974 0.370083 1.042782
v -1.484802 0.377153 1.048891
v -1.482905 0.372154 1.048083
v -1.482905 0.372154 1.048083
v -1.478326 0.370083 1.046132
v -1.471422 0.370083 1.050549
v -1.474679 0.370083 1.049883
v -1.471901 0.372154 1.055549
v -1.476575 0.372154 1.054592
v -1.471901 0.372154 1.055549
v -1.476575 0.372154 1.054592
v -1.472099 0.377154 1.057619
v -1.477361 0.377154 1.056543
v -0.561706 0.377154 1.057619
v -0.561905 0.372154 1.055549
v -0.561905 0.372154 1.055549
v -0.562383 0.370083 1.050549
v -0.556445 0.377154 1.056543
v -0.557230 0.372154 1.054592
v -0.557230 0.372154 1.054592
v -0.559127 0.370083 1.049883
v -1.481821 0.377154 0.620320
v -1.480370 0.372154 0.621814
v -1.480370 0.372154 0.621814
v -1.476865 0.370083 0.625418
v -1.481821 0.377154 0.620320
v -1.480370 0.372154 0.621814
v -0.551984 0.377154 0.620320
v -0.553436 0.372154 0.621814
v -0.553436 0.372154 0.621814
v -0.556941 0.370083 0.625418
v -0.551984 0.377154 0.620320
v -0.553436 0.372154 0.621814
v -1.476865 0.370084 1.048380
v -1.480370 0.372154 1.051985
v -1.480370 0.372154 1.051985
v -1.481821 0.377154 1.053477
v -1.480370 0.372154 1.051985
v -1.481821 0.377154 1.053477
v -0.556941 0.370084 1.048380
v -0.553436 0.372154 1.051985
v -0.553436 0.372154 1.051985
v -0.551984 0.377154 1.053477
v -0.553436 0.372154 1.051985
v -0.551984 0.377154 1.053477
v -1.478866 0.558050 0.630964
v -1.479067 0.428400 1.042853
v -1.483791 0.555977 0.630513
v -1.483874 0.426135 1.043296
v -1.483791 0.555977 0.630513
v -1.483874 0.426135 1.043296
v -1.485848 0.550736 0.630320
v -1.485848 0.420904 1.043479
v -1.484802 0.552163 0.624908
v -1.482720 0.557362 0.625722
v -1.482720 0.557362 0.625722
v -1.477863 0.559105 0.627610
v -1.478608 0.427258 1.046481
v -1.483027 0.424724 1.048200
v -1.483027 0.424724 1.048200
v -1.484802 0.419543 1.048890
v -1.471253 0.560170 0.624228
v -1.474083 0.560025 0.624689
v -1.471834 0.559258 0.618707
v -1.476338 0.559033 0.619576
v -1.471834 0.559258 0.618707
v -1.476338 0.559033 0.619576
v -1.472099 0.554264 0.616180
v -1.477361 0.554032 0.617256
v -1.016903 0.554264 0.616180
v -0.561972 0.559258 0.618707
v -0.561972 0.559258 0.618707
v -0.562553 0.560170 0.624228
v -0.561706 0.554264 0.616180
v -0.556445 0.554032 0.617256
v -0.557468 0.559033 0.619576
v -0.557468 0.559033 0.619576
v -0.559723 0.560025 0.624689
v -1.471477 0.425617 1.051695
v -0.562329 0.425617 1.051695
v -1.471927 0.422548 1.055979
v -0.561879 0.422548 1.055979
v -1.471927 0.422548 1.055979
v -0.561879 0.422548 1.055979
v -1.472099 0.417541 1.057619
v -0.561706 0.417541 1.057619
v -1.477361 0.417788 1.056543
v -1.476672 0.422830 1.054980
v -1.476672 0.422830 1.054980
v -1.474882 0.425860 1.050921
v -0.558924 0.425860 1.050921
v -0.557134 0.422830 1.054980
v -0.557134 0.422830 1.054980
v -0.556445 0.417788 1.056543
v -0.554940 0.558050 0.630964
v -0.555943 0.559105 0.627610
v -0.550015 0.555977 0.630513
v -0.551085 0.557362 0.625722
v -0.550015 0.555977 0.630513
v -0.551085 0.557362 0.625722
v -0.547957 0.550736 0.630320
v -0.549004 0.552163 0.624908
v -0.547957 0.420904 1.043479
v -0.549932 0.426135 1.043296
v -0.549932 0.426135 1.043296
v -0.554738 0.428400 1.042853
v -0.549004 0.419543 1.048890
v -0.550779 0.424724 1.048200
v -0.550779 0.424724 1.048200
v -0.555198 0.427258 1.046481
v -1.476101 0.559708 0.625696
v -1.480066 0.558391 0.621973
v -1.480066 0.558391 0.621973
v -1.481821 0.553290 0.620321
v -1.480066 0.558391 0.621973
v -1.481821 0.553290 0.620321
v -0.557705 0.559708 0.625696
v -0.553740 0.558391 0.621973
v -0.553740 0.558391 0.621973
v -0.551984 0.553290 0.620321
v -0.553740 0.558391 0.621973
v -0.551984 0.553290 0.620321
v -1.481821 0.418493 1.053477
v -1.480519 0.423594 1.052256
v -1.480519 0.423594 1.052256
v -1.477192 0.426424 1.049130
v -1.481821 0.418493 1.053477
v -1.480519 0.423594 1.052256
v -0.551984 0.418493 1.053477
v -0.553287 0.423594 1.052256
v -0.553287 0.423594 1.052256
v -0.556614 0.426424 1.049130
v -0.551984 0.418493 1.053477
v -0.553287 0.423594 1.052256
v -0.789321 0.558050 0.630964
v -0.752404 0.558050 0.630964
v -1.439608 0.437580 1.013689
v -1.439477 0.521979 0.745556
v -1.419705 0.396009 0.623250
v -1.424566 0.398080 0.623250
v -1.420106 0.393938 0.618250
v -1.426107 0.396495 0.618250
v -1.420106 0.393938 0.618250
v -1.426107 0.396495 0.618250
v -1.421073 0.388939 0.616179
v -1.429828 0.392668 0.616179
v -1.158969 0.388939 0.616179
v -1.159936 0.393938 0.618250
v -1.159936 0.393938 0.618250
v -1.160336 0.396009 0.623250
v -1.150214 0.392668 0.616179
v -1.153934 0.396495 0.618250
v -1.153934 0.396495 0.618250
v -1.155475 0.398080 0.623250
v -1.426580 0.403079 0.623249
v -1.426580 0.513278 0.623252
v -1.428593 0.402666 0.618253
v -1.428593 0.513690 0.618250
v -1.428593 0.402666 0.618253
v -1.428593 0.513690 0.618250
v -1.433454 0.401673 0.616179
v -1.433454 0.514685 0.616179
v -1.426107 0.396495 0.618250
v -1.424566 0.398080 0.623250
v -1.424566 0.518278 0.623250
v -1.426107 0.519863 0.618250
v -1.426107 0.519863 0.618250
v -1.429828 0.523690 0.616179
v -1.419705 0.520349 0.623250
v -1.160336 0.520349 0.623250
v -1.420106 0.522420 0.618250
v -1.159936 0.522420 0.618250
v -1.420106 0.522420 0.618250
v -1.159936 0.522420 0.618250
v -1.421073 0.527419 0.616179
v -1.158969 0.527419 0.616179
v -1.426107 0.519863 0.618250
v -1.424566 0.518278 0.623250
v -1.155475 0.518278 0.623250
v -1.153934 0.519863 0.618250
v -1.153934 0.519863 0.618250
v -1.150214 0.523690 0.616179
v -1.153462 0.403079 0.623249
v -1.155475 0.398080 0.623250
v -1.151448 0.402666 0.618253
v -1.153934 0.396495 0.618250
v -1.151448 0.402666 0.618253
v -1.146587 0.401673 0.616179
v -1.146587 0.514685 0.616179
v -1.151448 0.513690 0.618250
v -1.151448 0.513690 0.618250
v -1.153462 0.513278 0.623252
v -1.153934 0.519863 0.618250
v -1.155475 0.518278 0.623250
v -1.160336 0.396009 0.645393
v -1.419705 0.396009 0.645393
v -1.426580 0.403079 0.645393
v -1.426580 0.513279 0.645393
v -1.419705 0.520349 0.645393
v -1.160336 0.520349 0.645393
v -1.153462 0.513279 0.645393
v -1.153462 0.403079 0.645393
v -1.424566 0.398080 0.645394
v -1.424566 0.398080 0.645394
v -1.155475 0.398080 0.645394
v -1.155475 0.398080 0.645394
v -1.424566 0.518278 0.645393
v -1.424566 0.518278 0.645393
v -1.155475 0.518278 0.645393
v -1.155475 0.518278 0.645393
v -0.582107 0.477581 0.623249
v -0.582107 0.403079 0.623249
v -0.580094 0.477993 0.618251
v -0.580094 0.402666 0.618253
v -0.580094 0.477993 0.618251
v -0.580094 0.402666 0.618253
v -0.575233 0.478987 0.616179
v -0.575233 0.401673 0.616179
v -0.578860 0.487992 0.616179
v -0.582580 0.484165 0.618250
v -0.582580 0.484165 0.618250
v -0.584121 0.482580 0.623250
v -0.584121 0.398080 0.623250
v -0.582580 0.396495 0.618250
v -0.582580 0.396495 0.618250
v -0.578860 0.392668 0.616179
v -0.588982 0.396009 0.623250
v -0.763757 0.396009 0.623250
v -0.588581 0.393938 0.618250
v -0.764158 0.393938 0.618250
v -0.588581 0.393938 0.618250
v -0.764158 0.393938 0.618250
v -0.587614 0.388939 0.616179
v -0.765125 0.388939 0.616179
v -0.582580 0.396495 0.618250
v -0.584121 0.398080 0.623250
v -0.768618 0.398080 0.623250
v -0.770159 0.396495 0.618250
v -0.770159 0.396495 0.618250
v -0.773880 0.392668 0.616179
v -0.770632 0.403079 0.623249
v -0.770632 0.477581 0.623249
v -0.772645 0.402666 0.618253
v -0.772645 0.477993 0.618251
v -0.772645 0.402666 0.618253
v -0.772645 0.477993 0.618251
v -0.777506 0.401673 0.616179
v -0.777506 0.478987 0.616179
v -0.770159 0.396495 0.618250
v -0.768618 0.398080 0.623250
v -0.768618 0.482580 0.623250
v -0.770159 0.484165 0.618250
v -0.770159 0.484165 0.618250
v -0.773880 0.487992 0.616179
v -0.588982 0.484651 0.623250
v -0.584121 0.482580 0.623250
v -0.588581 0.486722 0.618250
v -0.582580 0.484165 0.618250
v -0.588581 0.486722 0.618250
v -0.587614 0.491722 0.616179
v -0.765125 0.491722 0.616179
v -0.764158 0.486722 0.618250
v -0.764158 0.486722 0.618250
v -0.763757 0.484651 0.623250
v -0.770159 0.484165 0.618250
v -0.768618 0.482580 0.623250
v -0.582107 0.477581 0.636807
v -0.582107 0.403079 0.636807
v -0.588982 0.396009 0.636806
v -0.763757 0.396009 0.636806
v -0.770632 0.403079 0.636807
v -0.770632 0.477581 0.636807
v -0.763757 0.484651 0.636807
v -0.588982 0.484651 0.636807
v -0.584121 0.482581 0.636807
v -0.584121 0.482581 0.636807
v -0.584121 0.398079 0.636808
v -0.584121 0.398079 0.636808
v -0.768618 0.398079 0.636808
v -0.768618 0.398079 0.636808
v -0.768618 0.482581 0.636807
v -0.768618 0.482581 0.636807
v -1.449069 0.528246 0.740243
v -1.429586 0.523486 0.755249
v -1.450114 0.527460 0.742717
v -1.450114 0.527460 0.742717
v -1.429586 0.523486 0.755249
v -1.450114 0.439138 1.020879
v -1.429646 0.442511 1.010245
v -1.450114 0.439138 1.020879
v -1.429646 0.442511 1.010245
v -1.449069 0.438352 1.023354
v -1.449069 0.438352 1.023354
v -1.429646 0.442511 1.010245
v -1.446544 0.438027 1.024379
v -1.446544 0.438027 1.024379
v -1.429646 0.442511 1.010245
v -0.785257 0.438027 1.024379
v -0.797195 0.442511 1.010245
v -0.785257 0.438027 1.024379
v -0.797195 0.442511 1.010245
v -0.782732 0.438352 1.023354
v -0.782732 0.438352 1.023354
v -0.797195 0.442511 1.010245
v -0.781687 0.439138 1.020879
v -0.781687 0.439138 1.020879
v -0.797195 0.442511 1.010245
v -0.781687 0.527460 0.742717
v -0.797177 0.523496 0.755217
v -0.781687 0.527460 0.742717
v -0.797177 0.523496 0.755217
v -0.782732 0.528246 0.740243
v -0.797177 0.523496 0.755217
v -0.782732 0.528246 0.740243
v -0.797177 0.523496 0.755217
v -0.785257 0.528572 0.739218
v -0.797177 0.523496 0.755217
v -0.785257 0.528572 0.739218
v -0.797177 0.523496 0.755217
v -1.446544 0.528572 0.739218
v -1.429586 0.523486 0.755249
v -1.446544 0.528572 0.739218
v -1.429586 0.523486 0.755249
v -1.449069 0.528246 0.740243
v -1.429586 0.523486 0.755249
v -1.429586 0.513129 0.751916
v -1.429646 0.442511 1.010245
v -1.429646 0.432153 1.006912
v -1.429646 0.442511 1.010245
v -1.429646 0.432153 1.006912
v -0.797195 0.442511 1.010245
v -0.797195 0.432153 1.006912
v -0.797195 0.442511 1.010245
v -0.797195 0.432153 1.006912
v -0.797177 0.523496 0.755217
v -0.797177 0.513139 0.751884
v -0.797177 0.523496 0.755217
v -0.797177 0.513139 0.751884
v -0.797177 0.523496 0.755217
v -0.797177 0.513139 0.751884
v -0.797177 0.523496 0.755217
v -0.797177 0.513139 0.751884
v -0.797177 0.523496 0.755217
v -0.797177 0.513139 0.751884
v -1.429586 0.523486 0.755249
v -1.429586 0.513129 0.751916
v -0.789265 0.521979 0.745556
v -1.439477 0.521979 0.745556
v -0.789133 0.437580 1.013689
v -0.752250 0.459572 0.943821
v -0.752369 0.535723 0.701895
v -0.592130 0.535723 0.701895
v -0.789133 0.437580 1.013689
v -1.439608 0.437580 1.013689
v -0.592011 0.459572 0.943821
v -0.592130 0.535723 0.701895
v -0.752250 0.459572 0.943821
v -0.592011 0.459572 0.943821
v -0.789133 0.437580 1.013689
v -0.554738 0.428400 1.042853
v -0.758262 0.542396 0.694768
v -0.748172 0.536681 0.712788
v -0.759465 0.541547 0.697442
v -0.759465 0.541547 0.697442
v -0.748172 0.536681 0.712788
v -0.759465 0.460846 0.951598
v -0.748172 0.465106 0.938161
v -0.759465 0.460846 0.951598
v -0.748172 0.465106 0.938161
v -0.758262 0.459997 0.954271
v -0.758262 0.459997 0.954271
v -0.748172 0.465106 0.938161
v -0.755359 0.459646 0.955378
v -0.755359 0.459646 0.955378
v -0.748172 0.465106 0.938161
v -0.588644 0.459646 0.955378
v -0.595830 0.465116 0.938130
v -0.588644 0.459646 0.955378
v -0.595830 0.465116 0.938130
v -0.585741 0.459997 0.954271
v -0.585741 0.459997 0.954271
v -0.595830 0.465116 0.938130
v -0.584538 0.460846 0.951598
v -0.584538 0.460846 0.951598
v -0.595830 0.465116 0.938130
v -0.584538 0.541547 0.697442
v -0.595830 0.536681 0.712788
v -0.584538 0.541547 0.697442
v -0.595830 0.536681 0.712788
v -0.585741 0.542396 0.694768
v -0.585741 0.542396 0.694768
v -0.595830 0.536681 0.712788
v -0.588644 0.542747 0.693661
v -0.588644 0.542747 0.693661
v -0.595830 0.536681 0.712788
v -0.755359 0.542747 0.693661
v -0.748172 0.536681 0.712788
v -0.755359 0.542747 0.693661
v -0.748172 0.536681 0.712788
v -0.758262 0.542396 0.694768
v -0.748172 0.536681 0.712788
v -0.748172 0.441372 0.682519
v -0.748172 0.465106 0.938161
v -0.748172 0.369797 0.907892
v -0.748172 0.465106 0.938161
v -0.748172 0.369797 0.907892
v -0.595830 0.465116 0.938130
v -0.595830 0.369807 0.907861
v -0.595830 0.465116 0.938130
v -0.595830 0.369807 0.907861
v -0.595830 0.536681 0.712788
v -0.595830 0.441372 0.682519
v -0.595830 0.536681 0.712788
v -0.595830 0.441372 0.682519
v -0.748172 0.536681 0.712788
v -0.748172 0.441372 0.682519
v -0.991519 0.535705 0.602137
v -1.016909 0.535705 0.602137
v -0.991519 0.531130 0.602589
v -1.016909 0.531130 0.602589
v -0.991519 0.526702 0.603948
v -1.016909 0.526702 0.603948
v -0.991519 0.522567 0.606171
v -1.016909 0.522567 0.606171
v -0.991519 0.518859 0.609184
v -1.016909 0.518859 0.609184
v -1.042300 0.535705 0.602137
v -1.042300 0.531130 0.602589
v -1.042300 0.526702 0.603948
v -1.042300 0.522567 0.606171
v -1.042300 0.518859 0.609184
v -0.991519 0.514298 0.613645
v -1.016909 0.514298 0.613645
v -0.991519 0.511165 0.617429
v -1.016909 0.511165 0.617429
v -0.991519 0.508812 0.621856
v -1.016909 0.508812 0.621856
v -0.991519 0.507343 0.626732
v -1.016909 0.507343 0.626732
v -0.991519 0.506824 0.631840
v -1.016909 0.506824 0.631840
v -1.042300 0.514298 0.613645
v -1.042300 0.511165 0.617429
v -1.042300 0.508812 0.621856
v -1.042300 0.507343 0.626732
v -1.042300 0.506824 0.631840
v -1.016909 0.506685 0.652950
v -0.991519 0.506685 0.652950
v -1.042300 0.506685 0.652950
v -1.016909 0.571121 0.602251
v -0.991519 0.571121 0.602251
v -1.042300 0.571121 0.602251
v -0.991519 0.581787 0.606271
v -1.016909 0.581787 0.606271
v -0.991519 0.579711 0.604144
v -1.016909 0.579711 0.604144
v -0.991519 0.577080 0.602762
v -1.016909 0.577080 0.602762
v -0.991519 0.574150 0.602261
v -1.016909 0.574150 0.602261
v -0.991519 0.573919 0.621260
v -1.016909 0.573919 0.621260
v -0.991519 0.576859 0.620831
v -1.016909 0.576859 0.620831
v -0.991519 0.579523 0.619514
v -1.016909 0.579523 0.619514
v -0.991519 0.581651 0.617438
v -1.016909 0.581651 0.617438
v -0.991519 0.583032 0.614806
v -1.016909 0.583032 0.614806
v -0.991519 0.583533 0.611877
v -1.016909 0.583533 0.611877
v -0.991519 0.583104 0.608936
v -1.016909 0.583104 0.608936
v -0.991519 0.579711 0.604144
v -0.991519 0.574034 0.611761
v -0.991519 0.581787 0.606271
v -0.991519 0.577080 0.602762
v -0.991519 0.574150 0.602261
v -0.991519 0.576859 0.620831
v -0.991519 0.573919 0.621260
v -0.991519 0.579523 0.619514
v -0.991519 0.581651 0.617438
v -0.991519 0.583032 0.614806
v -0.991519 0.583533 0.611877
v -0.991519 0.583104 0.608936
v -1.042300 0.581787 0.606271
v -1.042300 0.574034 0.611761
v -1.042300 0.579711 0.604144
v -1.042300 0.577080 0.602762
v -1.042300 0.574150 0.602261
v -1.042300 0.573919 0.621260
v -1.042300 0.576859 0.620831
v -1.042300 0.579523 0.619514
v -1.042300 0.581651 0.617438
v -1.042300 0.583032 0.614806
v -1.042300 0.583533 0.611877
v -1.042300 0.583104 0.608936
v -1.042300 0.577080 0.602762
v -1.042300 0.574150 0.602261
v -1.042300 0.579711 0.604144
v -1.042300 0.581787 0.606271
v -1.042300 0.583104 0.608936
v -1.042300 0.583533 0.611877
v -1.042300 0.583032 0.614806
v -1.042300 0.581651 0.617438
v -1.042300 0.579523 0.619514
v -1.042300 0.576859 0.620831
v -1.042300 0.573919 0.621260
v -1.042300 0.538572 0.614530
v -1.016909 0.538572 0.614530
v -1.042300 0.531962 0.615994
v -1.016909 0.531962 0.615994
v -1.042300 0.523774 0.622693
v -1.016909 0.523774 0.622693
v -1.042300 0.520245 0.628814
v -1.016909 0.520245 0.628814
v -1.042300 0.519156 0.634081
v -1.016909 0.519156 0.634081
v -0.991519 0.538572 0.614532
v -0.991519 0.531963 0.615996
v -0.991519 0.523776 0.622694
v -0.991519 0.520247 0.628815
v -0.991519 0.519158 0.634081
v -1.042300 0.518911 0.653255
v -1.016909 0.518911 0.653274
v -0.991519 0.518913 0.653255
v -1.042300 0.562853 0.614580
v -1.016909 0.562853 0.614580
v -0.991519 0.562853 0.614581
v -0.940739 0.506824 0.631840
v -0.940739 0.506685 0.652950
v -0.940739 0.519162 0.634082
v -0.940739 0.518917 0.653216
v -0.940739 0.520251 0.628815
v -0.940739 0.507343 0.626732
v -1.093080 0.506824 0.631840
v -1.093080 0.519156 0.634081
v -1.093080 0.506685 0.652950
v -1.093080 0.518911 0.653216
v -0.991519 0.564964 0.614587
v -1.093080 0.531962 0.615994
v -1.093080 0.526702 0.603948
v -1.093080 0.538572 0.614530
v -1.093080 0.535705 0.602137
v -1.093080 0.531130 0.602589
v -0.940739 0.538573 0.614536
v -0.940739 0.535705 0.602137
v -0.940739 0.531964 0.615999
v -0.940739 0.526702 0.603948
v -0.940739 0.531130 0.602589
v -1.093080 0.523774 0.622693
v -1.093080 0.511165 0.617429
v -1.093080 0.514298 0.613645
v -1.093080 0.522567 0.606171
v -1.093080 0.518859 0.609184
v -0.940739 0.523780 0.622695
v -0.940739 0.511165 0.617429
v -0.940739 0.508812 0.621856
v -1.093080 0.507343 0.626732
v -1.093080 0.520245 0.628814
v -0.940739 0.514298 0.613645
v -0.940739 0.518859 0.609184
v -0.940739 0.522567 0.606171
v -1.093080 0.508812 0.621856
v -0.991519 0.564964 0.614587
v -1.016909 0.564964 0.614587
v -0.991519 0.566281 0.617252
v -1.016909 0.566281 0.617252
v -0.991519 0.568358 0.619378
v -1.016909 0.568358 0.619378
v -0.991519 0.570989 0.620760
v -1.016909 0.570989 0.620760
v -0.991519 0.566281 0.617252
v -0.991519 0.568358 0.619378
v -0.991519 0.570989 0.620760
v -1.042300 0.564964 0.614587
v -1.042300 0.566281 0.617252
v -1.042300 0.568358 0.619378
v -1.042300 0.570989 0.620760
v -1.042300 0.570989 0.620760
v -1.042300 0.568358 0.619378
v -1.042300 0.566281 0.617252
v -1.042300 0.564964 0.614587
v -1.093080 0.535705 0.602137
v -1.093080 0.567940 0.604075
v -1.093080 0.565940 0.606177
v -0.940739 0.538573 0.614536
v -0.940739 0.562853 0.614581
v -0.940739 0.564625 0.608825
v -1.093080 0.506824 0.631840
v -1.093080 0.506685 0.652950
v -1.093080 0.507343 0.626732
v -1.093080 0.508812 0.621856
v -1.093080 0.511165 0.617429
v -1.093080 0.514298 0.613645
v -1.093080 0.518859 0.609184
v -1.093080 0.522567 0.606171
v -1.093080 0.526702 0.603948
v -1.093080 0.531130 0.602589
v -1.093080 0.535705 0.602137
v -1.093080 0.571121 0.602251
v -1.093080 0.538572 0.614530
v -1.093080 0.562853 0.614580
v -1.093080 0.531962 0.615994
v -1.093080 0.523774 0.622693
v -1.093080 0.520245 0.628814
v -1.093080 0.519156 0.634081
v -1.093080 0.518911 0.653216
v -0.940739 0.519162 0.634082
v -0.940739 0.518917 0.653216
v -0.940739 0.520251 0.628815
v -0.940739 0.523780 0.622695
v -0.940739 0.531964 0.615999
v -0.940739 0.538573 0.614536
v -0.940739 0.562853 0.614581
v -0.940739 0.535705 0.602137
v -0.940739 0.571121 0.602251
v -0.940739 0.531130 0.602589
v -0.940739 0.526702 0.603948
v -0.940739 0.522567 0.606171
v -0.940739 0.518859 0.609184
v -0.940739 0.514298 0.613645
v -0.940739 0.511165 0.617429
v -0.940739 0.508812 0.621856
v -0.940739 0.507343 0.626732
v -0.940739 0.506824 0.631840
v -0.940739 0.506685 0.652950
v -0.991519 0.571121 0.602251
v -0.991519 0.567940 0.604075
v -1.016909 0.564964 0.614587
v -0.991519 0.564964 0.614587
v -1.042300 0.564964 0.614587
v -1.042300 0.562853 0.614580
v -1.042300 0.564625 0.608825
v -1.093080 0.567940 0.604075
v -1.093080 0.535705 0.602137
v -1.093080 0.571121 0.602251
v -0.940739 0.564625 0.608825
v -0.940739 0.562853 0.614581
v -0.991519 0.564625 0.608825
v -0.991519 0.562853 0.614581
v -1.093080 0.567940 0.604075
v -1.093080 0.571121 0.602251
v -1.042300 0.567940 0.604075
v -1.042300 0.571121 0.602251
v -1.093080 0.565940 0.606177
v -1.042300 0.565940 0.606177
v -1.093080 0.564625 0.608825
v -1.042300 0.564625 0.608825
v -1.093080 0.562853 0.614580
v -1.042300 0.562853 0.614580
v -0.940739 0.565940 0.606177
v -0.991519 0.565940 0.606177
v -0.940739 0.567940 0.604075
v -0.991519 0.567940 0.604075
v -0.940739 0.571121 0.602251
v -0.991519 0.571121 0.602251
v -0.991519 0.562853 0.614581
v -0.991519 0.564625 0.608825
v -0.991519 0.565940 0.606177
v -1.042300 0.567940 0.604075
v -1.042300 0.571121 0.602251
v -1.042300 0.565940 0.606177
v -1.093080 0.562853 0.614580
v -1.093080 0.538572 0.614530
v -1.093080 0.564625 0.608825
v -1.093080 0.565940 0.606177
v -1.093080 0.564625 0.608825
v -1.093080 0.538572 0.614530
v -1.093080 0.565940 0.606177
v -0.940739 0.565940 0.606177
v -0.940739 0.567940 0.604075
v -0.940739 0.571121 0.602251
v -0.940739 0.535705 0.602137
v -0.940739 0.565940 0.606177
v -0.940739 0.567940 0.604075
v -0.940739 0.535705 0.602137
v -0.940739 0.538573 0.614536
v -0.940739 0.564625 0.608825
v -0.940739 0.565940 0.606177
v -0.940535 0.567535 0.604797
v -0.991451 0.567535 0.604797
v -0.940535 0.565701 0.607146
v -0.991451 0.565701 0.607146
v -0.940535 0.564683 0.609947
v -0.991451 0.564683 0.609947
v -0.991451 0.564580 0.612925
v -0.940535 0.564580 0.612925
v -0.940535 0.565402 0.615790
v -0.991451 0.565402 0.615790
v -0.940535 0.567070 0.618260
v -0.991451 0.567070 0.618260
v -0.940535 0.569419 0.620094
v -0.991451 0.569419 0.620094
v -0.940535 0.572219 0.621112
v -0.991451 0.572219 0.621112
v -0.940535 0.570005 0.603130
v -0.991451 0.570005 0.603130
v -0.940535 0.610356 0.616173
v -0.991451 0.610356 0.616173
v -0.940535 0.613220 0.615351
v -0.991451 0.613220 0.615351
v -0.940535 0.615691 0.613683
v -0.991451 0.615691 0.613683
v -0.940535 0.617525 0.611334
v -0.991451 0.617525 0.611334
v -0.940535 0.618543 0.608533
v -0.991451 0.618543 0.608533
v -0.940535 0.618646 0.605555
v -0.991451 0.618646 0.605555
v -0.940535 0.617823 0.602691
v -0.991451 0.617823 0.602691
v -0.940535 0.616156 0.600221
v -0.991451 0.616156 0.600221
v -0.940535 0.613807 0.598387
v -0.991451 0.613807 0.598387
v -0.940535 0.611006 0.597368
v -0.991451 0.611006 0.597368
v -0.940535 0.611006 0.597368
v -0.991451 0.611006 0.597368
v -0.940535 0.608028 0.597265
v -0.991451 0.608028 0.597265
v -0.940535 0.613220 0.615351
v -0.940535 0.609192 0.606719
v -0.940535 0.610356 0.616173
v -0.940535 0.615691 0.613683
v -0.940535 0.617525 0.611334
v -0.940535 0.618543 0.608533
v -0.940535 0.618646 0.605555
v -0.940535 0.617823 0.602691
v -0.940535 0.616156 0.600221
v -0.940535 0.613807 0.598387
v -0.940535 0.611006 0.597368
v -0.940535 0.608028 0.597265
v -1.093284 0.610356 0.616173
v -1.093284 0.609192 0.606719
v -1.093283 0.613220 0.615351
v -1.093283 0.615691 0.613683
v -1.093283 0.617525 0.611334
v -1.093283 0.618543 0.608533
v -1.093283 0.618646 0.605555
v -1.093283 0.617823 0.602691
v -1.093283 0.616156 0.600221
v -1.093283 0.613807 0.598387
v -1.093283 0.611006 0.597368
v -1.093284 0.608028 0.597265
v -1.093283 0.565701 0.607146
v -1.093283 0.564683 0.609947
v -1.042367 0.565701 0.607146
v -1.042367 0.564683 0.609947
v -1.093283 0.567535 0.604797
v -1.042367 0.567535 0.604797
v -1.093283 0.570005 0.603130
v -1.042367 0.570005 0.603130
v -1.093283 0.611006 0.597368
v -1.093284 0.608028 0.597265
v -1.042367 0.611006 0.597368
v -1.042367 0.608028 0.597265
v -1.093283 0.613807 0.598387
v -1.093283 0.611006 0.597368
v -1.042367 0.613807 0.598387
v -1.042367 0.611006 0.597368
v -1.093283 0.616156 0.600221
v -1.042367 0.616156 0.600221
v -1.093283 0.617823 0.602691
v -1.042367 0.617823 0.602691
v -1.093283 0.618646 0.605555
v -1.042367 0.618646 0.605555
v -1.093283 0.618543 0.608533
v -1.042367 0.618543 0.608533
v -1.093283 0.617525 0.611334
v -1.042367 0.617525 0.611334
v -1.093283 0.615691 0.613683
v -1.042367 0.615691 0.613683
v -1.093283 0.613220 0.615351
v -1.042367 0.613220 0.615351
v -1.042367 0.610356 0.616173
v -1.093284 0.610356 0.616173
v -1.093283 0.569419 0.620094
v -1.093283 0.572219 0.621112
v -1.042367 0.569419 0.620094
v -1.042367 0.572219 0.621112
v -1.093283 0.567070 0.618260
v -1.042367 0.567070 0.618260
v -1.093283 0.565402 0.615790
v -1.042367 0.565402 0.615790
v -1.093283 0.564580 0.612925
v -1.042367 0.564580 0.612925
v -1.093284 0.575332 0.601954
v -1.093284 0.576606 0.611392
v -1.093283 0.567535 0.604797
v -1.093284 0.574034 0.611761
v -1.093283 0.565701 0.607146
v -1.093283 0.564683 0.609947
v -1.093283 0.564580 0.612925
v -1.093283 0.565402 0.615790
v -1.093283 0.567070 0.618260
v -1.093283 0.569419 0.620094
v -1.093283 0.572219 0.621112
v -1.093284 0.575198 0.621215
v -1.093284 0.572870 0.602307
v -1.093283 0.570005 0.603130
v -1.093284 0.577881 0.620830
v -1.093284 0.572870 0.602307
v -1.042367 0.572870 0.602307
v -1.093284 0.575332 0.601954
v -1.042367 0.575332 0.601954
v -1.042367 0.577881 0.620830
v -1.093284 0.577881 0.620830
v -1.093284 0.575198 0.621215
v -1.042367 0.575198 0.621215
v -0.991451 0.575332 0.601954
v -0.991451 0.572870 0.602307
v -0.940535 0.575332 0.601954
v -0.940535 0.572870 0.602307
v -0.991451 0.577881 0.620830
v -0.940535 0.577881 0.620830
v -0.940535 0.576606 0.611392
v -0.940535 0.574034 0.611761
v -0.940535 0.577881 0.620830
v -0.940535 0.575198 0.621215
v -0.991451 0.575198 0.621215
v -0.940535 0.575198 0.621215
v -0.940535 0.565701 0.607146
v -0.940535 0.567535 0.604797
v -0.940535 0.564683 0.609947
v -0.940535 0.564580 0.612925
v -0.940535 0.565402 0.615790
v -0.940535 0.567070 0.618260
v -0.940535 0.569419 0.620094
v -0.940535 0.572219 0.621112
v -0.940535 0.570005 0.603130
v -0.940535 0.572870 0.602307
v -0.940535 0.575332 0.601954
v -1.042367 0.567535 0.604797
v -1.042367 0.565701 0.607146
v -1.042367 0.574034 0.611761
v -1.042367 0.564683 0.609947
v -1.042367 0.564580 0.612925
v -1.042367 0.565402 0.615790
v -1.042367 0.567070 0.618260
v -1.042367 0.569419 0.620094
v -1.042367 0.572219 0.621112
v -1.042367 0.575198 0.621215
v -1.042367 0.572870 0.602307
v -1.042367 0.570005 0.603130
v -1.042367 0.576606 0.611392
v -1.042367 0.575332 0.601954
v -1.042367 0.577881 0.620830
v -0.991451 0.576606 0.611392
v -0.991451 0.577881 0.620830
v -0.991451 0.574034 0.611761
v -0.991451 0.575198 0.621215
v -0.991451 0.565701 0.607146
v -0.991451 0.567535 0.604797
v -0.991451 0.564683 0.609947
v -0.991451 0.564580 0.612925
v -0.991451 0.565402 0.615790
v -0.991451 0.567070 0.618260
v -0.991451 0.569419 0.620094
v -0.991451 0.572219 0.621112
v -0.991451 0.570005 0.603130
v -0.991451 0.572870 0.602307
v -0.991451 0.575332 0.601954
v -0.991451 0.577881 0.620830
v -0.991451 0.576606 0.611392
v -1.042367 0.577881 0.620830
v -1.042367 0.576606 0.611392
v -1.042367 0.575332 0.601954
v -0.991451 0.575332 0.601954
v -1.202828 2.908215 5.489124
v -0.830990 2.908215 5.489124
v -1.202872 2.894825 5.514835
v -0.830947 2.894825 5.514835
v -1.202872 2.894825 5.514835
v -0.830947 2.894825 5.514835
v -1.202872 2.887740 5.511161
v -0.830947 2.887740 5.511161
v -1.202828 2.883312 5.507620
v -0.830990 2.883312 5.507620
v -1.202828 2.880579 5.502652
v -0.830990 2.880579 5.502652
v -1.202828 2.880579 5.502652
v -0.830990 2.880579 5.502652
v -1.202828 2.879959 5.497016
v -0.830990 2.879958 5.497016
v -1.202828 2.881072 5.491107
v -0.830990 2.881072 5.491107
v -0.830990 2.887100 5.479532
v -1.202828 2.887100 5.479532
v -1.202828 2.908215 5.489124
v -1.202872 2.894825 5.514835
v -1.202828 2.887100 5.479532
v -1.202828 2.881072 5.491107
v -1.202872 2.887740 5.511161
v -1.202828 2.879959 5.497016
v -1.202828 2.883312 5.507620
v -1.202828 2.880579 5.502652
v -1.202828 2.887100 5.479532
v -0.830990 2.887100 5.479532
v -1.202828 2.908215 5.489124
v -0.830990 2.908215 5.489124
v -0.830990 2.908215 5.489124
v -0.830990 2.887100 5.479532
v -0.830947 2.894825 5.514835
v -0.830947 2.887740 5.511161
v -0.830990 2.881072 5.491107
v -0.830990 2.883312 5.507620
v -0.830990 2.879958 5.497016
v -0.830990 2.880579 5.502652
v -1.202828 2.899235 5.480434
v -0.830990 2.899235 5.480434
v -1.202872 2.905311 5.508779
v -0.830947 2.905311 5.508779
v -1.202872 2.905311 5.508779
v -0.830947 2.905311 5.508779
v -1.202872 2.897511 5.510466
v -0.830947 2.897511 5.510466
v -1.202828 2.891841 5.510561
v -0.830990 2.891841 5.510561
v -1.202828 2.886569 5.508475
v -0.830990 2.886569 5.508475
v -1.202828 2.886569 5.508475
v -0.830990 2.886569 5.508475
v -1.202828 2.882498 5.504529
v -0.830990 2.882498 5.504529
v -1.202828 2.879588 5.499268
v -0.830990 2.879588 5.499268
v -0.830990 2.876853 5.486506
v -1.202828 2.876853 5.486506
v -1.202828 2.899235 5.480434
v -1.202872 2.905311 5.508779
v -1.202828 2.876853 5.486506
v -1.202828 2.879588 5.499268
v -1.202872 2.897511 5.510466
v -1.202828 2.882498 5.504529
v -1.202828 2.891841 5.510561
v -1.202828 2.886569 5.508475
v -1.202828 2.876853 5.486506
v -0.830990 2.876853 5.486506
v -1.202828 2.899235 5.480434
v -0.830990 2.899235 5.480434
v -0.830990 2.899235 5.480434
v -0.830990 2.876853 5.486506
v -0.830947 2.905311 5.508779
v -0.830947 2.897511 5.510466
v -0.830990 2.879588 5.499268
v -0.830990 2.891841 5.510561
v -0.830990 2.882498 5.504529
v -0.830990 2.886569 5.508475
v -1.202828 0.627182 0.610345
v -0.830990 0.627182 0.610345
v -1.202872 0.600920 0.622621
v -0.830947 0.600920 0.622621
v -1.202872 0.600920 0.622621
v -0.830947 0.600920 0.622621
v -1.202872 0.597527 0.615398
v -0.830947 0.597527 0.615398
v -1.202828 0.596164 0.609894
v -0.830990 0.596164 0.609894
v -1.202828 0.597014 0.604288
v -0.830990 0.597014 0.604288
v -1.202828 0.597014 0.604288
v -0.830990 0.597014 0.604288
v -1.202828 0.599948 0.599435
v -0.830990 0.599947 0.599435
v -1.202828 0.604423 0.595420
v -0.830990 0.604423 0.595420
v -0.830990 0.616247 0.589894
v -1.202828 0.616247 0.589894
v -1.202828 0.627182 0.610345
v -1.202872 0.600920 0.622621
v -1.202828 0.616247 0.589894
v -1.202828 0.604423 0.595420
v -1.202872 0.597527 0.615398
v -1.202828 0.599948 0.599435
v -1.202828 0.596164 0.609894
v -1.202828 0.597014 0.604288
v -1.202828 0.616247 0.589894
v -0.830990 0.616247 0.589894
v -1.202828 0.627182 0.610345
v -0.830990 0.627182 0.610345
v -0.830990 0.627182 0.610345
v -0.830990 0.616247 0.589894
v -0.830947 0.600920 0.622621
v -0.830947 0.597527 0.615398
v -0.830990 0.604423 0.595420
v -0.830990 0.596164 0.609894
v -0.830990 0.599947 0.599435
v -0.830990 0.597014 0.604288
v -0.417638 0.319639 1.106928
v -0.352073 0.319639 1.106928
v -0.417638 0.290321 1.106928
v -0.352072 0.290321 1.106928
v -0.414889 0.289791 -0.044681
v -0.351876 0.289791 -0.044681
v -0.414889 0.320871 -0.044681
v -0.351950 0.320871 -0.044681
v -0.323597 0.289804 -0.016397
v -0.323788 0.290308 1.078649
v -0.323670 0.320841 -0.016398
v -0.323790 0.319670 1.078648
v -0.443205 0.320841 -0.016434
v -0.445885 0.319670 1.078612
v -0.443205 0.289804 -0.016434
v -0.445885 0.290308 1.078612
v -0.415390 0.037169 1.065264
v -0.415423 0.037169 1.010885
v -0.415390 0.292528 1.065264
v -0.415423 0.291453 1.010936
v -0.349032 0.293276 1.065313
v -0.349224 0.291763 1.010969
v -0.349032 0.037169 1.065313
v -0.349224 0.037169 1.010847
v -0.408356 0.037169 1.003811
v -0.356309 0.037169 1.003791
v -0.408352 0.291340 1.003867
v -0.356304 0.291540 1.003908
v -0.356093 0.037169 1.072393
v -0.408322 0.037169 1.072336
v -0.356093 0.293387 1.072393
v -0.408322 0.292754 1.072336
v -0.349669 0.205549 1.024567
v -0.344964 0.205604 1.024598
v -0.349787 0.211017 1.030162
v -0.345081 0.211072 1.030194
v -0.349872 0.212955 1.037743
v -0.345167 0.213009 1.037775
v -0.349903 0.210843 1.045277
v -0.345197 0.210897 1.045309
v -0.349870 0.205247 1.050746
v -0.345165 0.205301 1.050778
v -0.349783 0.197666 1.052684
v -0.345078 0.197720 1.052716
v -0.349665 0.190132 1.050572
v -0.344960 0.190187 1.050604
v -0.349548 0.184664 1.044976
v -0.344842 0.184719 1.045008
v -0.349462 0.182727 1.037396
v -0.344757 0.182781 1.037427
v -0.349432 0.184839 1.029862
v -0.344726 0.184893 1.029893
v -0.349464 0.190435 1.024393
v -0.344759 0.190489 1.024424
v -0.349551 0.198016 1.022455
v -0.344846 0.198070 1.022486
v -0.349669 0.205549 1.024567
v -0.344964 0.205604 1.024598
v -0.344964 0.205604 1.024598
v -0.344962 0.197895 1.037601
v -0.345081 0.211072 1.030194
v -0.345167 0.213009 1.037775
v -0.345197 0.210897 1.045309
v -0.345165 0.205301 1.050778
v -0.345078 0.197720 1.052716
v -0.344960 0.190187 1.050604
v -0.344842 0.184719 1.045008
v -0.344757 0.182781 1.037427
v -0.344726 0.184893 1.029893
v -0.344759 0.190489 1.024424
v -0.344846 0.198070 1.022486
v -0.337932 0.290319 1.103140
v -0.337932 0.319643 1.103140
v -0.327579 0.290314 1.092789
v -0.327580 0.319654 1.092788
v -0.327579 0.290314 1.092789
v -0.327580 0.319654 1.092788
v -0.442123 0.290314 1.092765
v -0.442123 0.319654 1.092765
v -0.431781 0.290319 1.103132
v -0.431781 0.319643 1.103132
v -0.431781 0.290319 1.103132
v -0.431781 0.319643 1.103132
v -0.327384 0.289798 -0.030538
v -0.327457 0.320856 -0.030539
v -0.337735 0.289793 -0.040891
v -0.337809 0.320867 -0.040891
v -0.337735 0.289793 -0.040891
v -0.337809 0.320867 -0.040891
v -0.429027 0.289793 -0.040899
v -0.429027 0.320867 -0.040899
v -0.439388 0.289798 -0.030563
v -0.439388 0.320856 -0.030563
v -0.439388 0.289798 -0.030563
v -0.439388 0.320856 -0.030563
v -0.439388 0.289798 -0.030563
v -0.443205 0.289804 -0.016434
v -0.429027 0.289793 -0.040899
v -0.414889 0.289791 -0.044681
v -0.445885 0.290308 1.078612
v -0.351876 0.289791 -0.044681
v -0.442123 0.290314 1.092765
v -0.337735 0.289793 -0.040891
v -0.431781 0.290319 1.103132
v -0.327384 0.289798 -0.030538
v -0.417638 0.290321 1.106928
v -0.323597 0.289804 -0.016397
v -0.352072 0.290321 1.106928
v -0.323788 0.290308 1.078649
v -0.337932 0.290319 1.103140
v -0.327579 0.290314 1.092789
v -1.726017 0.319639 1.106928
v -1.660452 0.319639 1.106928
v -1.726017 0.290321 1.106928
v -1.660451 0.290321 1.106928
v -1.723268 0.289791 -0.044681
v -1.660255 0.289791 -0.044681
v -1.723268 0.320871 -0.044681
v -1.660329 0.320871 -0.044681
v -1.631976 0.289804 -0.016397
v -1.632167 0.290308 1.078649
v -1.632049 0.320841 -0.016398
v -1.632169 0.319670 1.078648
v -1.751584 0.320841 -0.016434
v -1.754264 0.319670 1.078612
v -1.751584 0.289804 -0.016434
v -1.754264 0.290308 1.078612
v -1.646311 0.290319 1.103140
v -1.646312 0.319643 1.103140
v -1.635958 0.290314 1.092789
v -1.635959 0.319654 1.092788
v -1.635958 0.290314 1.092789
v -1.635959 0.319654 1.092788
v -1.750502 0.290314 1.092765
v -1.750502 0.319654 1.092765
v -1.740160 0.290319 1.103132
v -1.740160 0.319643 1.103132
v -1.740160 0.290319 1.103132
v -1.740160 0.319643 1.103132
v -1.635763 0.289798 -0.030538
v -1.635836 0.320856 -0.030539
v -1.646114 0.289793 -0.040891
v -1.646188 0.320867 -0.040891
v -1.646114 0.289793 -0.040891
v -1.646188 0.320867 -0.040891
v -1.737406 0.289793 -0.040899
v -1.737406 0.320867 -0.040899
v -1.747767 0.289798 -0.030563
v -1.747767 0.320856 -0.030563
v -1.747767 0.289798 -0.030563
v -1.747767 0.320856 -0.030563
v -1.747767 0.289798 -0.030563
v -1.751584 0.289804 -0.016434
v -1.737406 0.289793 -0.040899
v -1.723268 0.289791 -0.044681
v -1.754264 0.290308 1.078612
v -1.660255 0.289791 -0.044681
v -1.750502 0.290314 1.092765
v -1.646114 0.289793 -0.040891
v -1.740160 0.290319 1.103132
v -1.635763 0.289798 -0.030538
v -1.726017 0.290321 1.106928
v -1.631976 0.289804 -0.016397
v -1.660451 0.290321 1.106928
v -1.632167 0.290308 1.078649
v -1.646311 0.290319 1.103140
v -1.635958 0.290314 1.092789
v -0.413353 0.291362 1.005936
v -0.413355 0.037169 1.005885
v -0.413319 0.292652 1.070263
v -0.413319 0.037169 1.070263
v -0.351308 0.037169 1.005855
v -0.351307 0.291616 1.005977
v -0.351092 0.037169 1.070320
v -0.351092 0.293390 1.070320
v -0.351092 0.037169 1.070320
v -0.351092 0.293390 1.070320
v -0.415390 0.037169 0.059859
v -0.415423 0.037169 0.005480
v -0.415390 0.292528 0.059859
v -0.415423 0.291453 0.005531
v -0.349032 0.293276 0.059908
v -0.349224 0.291763 0.005564
v -0.349032 0.037169 0.059908
v -0.349224 0.037169 0.005442
v -0.408356 0.037169 -0.001594
v -0.356309 0.037169 -0.001615
v -0.408352 0.291340 -0.001539
v -0.356304 0.291540 -0.001497
v -0.356093 0.037169 0.066987
v -0.408322 0.037169 0.066931
v -0.356093 0.293387 0.066987
v -0.408322 0.292754 0.066931
v -0.349669 0.205549 0.019161
v -0.344964 0.205604 0.019193
v -0.349787 0.211017 0.024757
v -0.345081 0.211072 0.024789
v -0.349872 0.212955 0.032338
v -0.345167 0.213009 0.032369
v -0.349903 0.210843 0.039872
v -0.345197 0.210897 0.039903
v -0.349870 0.205247 0.045340
v -0.345165 0.205301 0.045372
v -0.349783 0.197666 0.047279
v -0.345078 0.197720 0.047310
v -0.349665 0.190133 0.045167
v -0.344960 0.190187 0.045198
v -0.349548 0.184665 0.039571
v -0.344842 0.184719 0.039602
v -0.349462 0.182727 0.031990
v -0.344757 0.182781 0.032022
v -0.349432 0.184839 0.024456
v -0.344726 0.184893 0.024488
v -0.349464 0.190435 0.018987
v -0.344759 0.190489 0.019019
v -0.349551 0.198016 0.017049
v -0.344846 0.198070 0.017081
v -0.349669 0.205549 0.019161
v -0.344964 0.205604 0.019193
v -0.344964 0.205604 0.019193
v -0.344962 0.197895 0.032195
v -0.345081 0.211072 0.024789
v -0.345167 0.213009 0.032369
v -0.345197 0.210897 0.039903
v -0.345165 0.205301 0.045372
v -0.345078 0.197720 0.047310
v -0.344960 0.190187 0.045198
v -0.344842 0.184719 0.039602
v -0.344757 0.182781 0.032022
v -0.344726 0.184893 0.024488
v -0.344759 0.190489 0.019019
v -0.344846 0.198070 0.017081
v -0.413353 0.291362 0.000530
v -0.413355 0.037169 0.000479
v -0.413319 0.292652 0.064857
v -0.413319 0.037169 0.064857
v -0.351308 0.037169 0.000450
v -0.351307 0.291616 0.000571
v -0.351092 0.037169 0.064915
v -0.351092 0.293390 0.064915
v -0.351092 0.037169 0.064915
v -0.351092 0.293390 0.064915
v -1.658711 0.038744 0.005513
v -1.658679 0.038744 0.059867
v -1.658711 0.292528 0.005513
v -1.658679 0.291453 0.059841
v -1.725069 0.293276 0.005464
v -1.724877 0.291763 0.059809
v -1.725069 0.038687 0.005464
v -1.724877 0.038771 0.059869
v -1.665748 0.038687 0.066939
v -1.717795 0.038660 0.066928
v -1.665749 0.291340 0.066911
v -1.717797 0.291540 0.066870
v -1.718008 0.038743 -0.001615
v -1.665779 0.038715 -0.001558
v -1.718008 0.293387 -0.001615
v -1.665779 0.292754 -0.001558
v -1.724433 0.205549 0.046211
v -1.729138 0.205604 0.046180
v -1.724315 0.211017 0.040615
v -1.729020 0.211072 0.040584
v -1.724230 0.212955 0.033035
v -1.728935 0.213009 0.033003
v -1.724199 0.210843 0.025500
v -1.728904 0.210897 0.025468
v -1.724232 0.205247 0.020032
v -1.728937 0.205301 0.020000
v -1.724318 0.197666 0.018094
v -1.729024 0.197720 0.018062
v -1.724437 0.190133 0.020205
v -1.729142 0.190187 0.020174
v -1.724554 0.184665 0.025801
v -1.729259 0.184719 0.025770
v -1.724639 0.182727 0.033382
v -1.729345 0.182781 0.033351
v -1.724670 0.184839 0.040916
v -1.729375 0.184893 0.040885
v -1.724638 0.190435 0.046385
v -1.729343 0.190489 0.046353
v -1.724550 0.198016 0.048323
v -1.729256 0.198070 0.048292
v -1.724433 0.205549 0.046211
v -1.729138 0.205604 0.046180
v -1.729138 0.205604 0.046180
v -1.729140 0.197895 0.033177
v -1.729020 0.211072 0.040584
v -1.728935 0.213009 0.033003
v -1.728904 0.210897 0.025468
v -1.728937 0.205301 0.020000
v -1.729024 0.197720 0.018062
v -1.729142 0.190187 0.020174
v -1.729259 0.184719 0.025770
v -1.729345 0.182781 0.033351
v -1.729375 0.184893 0.040885
v -1.729343 0.190489 0.046353
v -1.729256 0.198070 0.048292
v -1.660749 0.291362 0.064842
v -1.660748 0.038698 0.064868
v -1.660782 0.292652 0.000515
v -1.660782 0.038715 0.000515
v -1.722794 0.038698 0.064862
v -1.722795 0.291616 0.064801
v -1.723010 0.038744 0.000457
v -1.723010 0.293390 0.000457
v -1.723010 0.038744 0.000457
v -1.723010 0.293390 0.000457
v -1.658712 0.038744 1.010919
v -1.658679 0.038744 1.065273
v -1.658712 0.292528 1.010919
v -1.658679 0.291453 1.065247
v -1.725069 0.293276 1.010870
v -1.724876 0.291763 1.065214
v -1.725069 0.038687 1.010870
v -1.724876 0.038771 1.065275
v -1.665749 0.038687 1.072345
v -1.717795 0.038660 1.072334
v -1.665751 0.291340 1.072317
v -1.717797 0.291540 1.072275
v -1.718008 0.038743 1.003791
v -1.665780 0.038715 1.003847
v -1.718008 0.293387 1.003791
v -1.665780 0.292754 1.003847
v -1.724433 0.205549 1.051617
v -1.729138 0.205604 1.051585
v -1.724315 0.211017 1.046021
v -1.729021 0.211072 1.045989
v -1.724230 0.212955 1.038440
v -1.728934 0.213009 1.038409
v -1.724200 0.210843 1.030906
v -1.728906 0.210897 1.030874
v -1.724233 0.205247 1.025438
v -1.728938 0.205301 1.025405
v -1.724319 0.197666 1.023499
v -1.729023 0.197720 1.023468
v -1.724437 0.190132 1.025611
v -1.729143 0.190187 1.025579
v -1.724553 0.184664 1.031207
v -1.729259 0.184719 1.031176
v -1.724640 0.182727 1.038788
v -1.729344 0.182781 1.038756
v -1.724669 0.184839 1.046322
v -1.729376 0.184893 1.046290
v -1.724638 0.190435 1.051790
v -1.729344 0.190489 1.051759
v -1.724550 0.198016 1.053729
v -1.729257 0.198070 1.053697
v -1.724433 0.205549 1.051617
v -1.729138 0.205604 1.051585
v -1.729138 0.205604 1.051585
v -1.729141 0.197895 1.038582
v -1.729021 0.211072 1.045989
v -1.728934 0.213009 1.038409
v -1.728906 0.210897 1.030874
v -1.728938 0.205301 1.025405
v -1.729023 0.197720 1.023468
v -1.729143 0.190187 1.025579
v -1.729259 0.184719 1.031176
v -1.729344 0.182781 1.038756
v -1.729376 0.184893 1.046290
v -1.729344 0.190489 1.051759
v -1.729257 0.198070 1.053697
v -1.660748 0.291362 1.070248
v -1.660748 0.038698 1.070273
v -1.660781 0.292652 1.005921
v -1.660782 0.038715 1.005921
v -1.722794 0.038698 1.070267
v -1.722796 0.291616 1.070206
v -1.723009 0.038744 1.005863
v -1.723008 0.293390 1.005863
v -1.723009 0.038744 1.005863
v -1.723008 0.293390 1.005863
v -1.730711 0.320875 -0.060623
v -1.744521 0.320873 -0.058805
v -1.731315 0.319614 1.125391
v -1.745126 0.319616 1.123572
v -1.757131 0.320867 -0.053583
v -1.757735 0.319621 1.118348
v -1.767961 0.320858 -0.045277
v -1.768562 0.319630 1.110036
v -1.776273 0.320847 -0.034451
v -1.776868 0.319641 1.099205
v -1.781500 0.320833 -0.021843
v -1.782087 0.319655 1.086593
v -1.783325 0.320819 -0.008035
v -1.783899 0.319670 1.072782
v -1.387159 0.363289 1.115395
v -1.730660 0.363289 1.115395
v -1.385485 0.363069 -0.050619
v -1.730056 0.363069 -0.050619
v -0.342933 0.363289 1.113838
v -0.354787 0.363289 1.115395
v -0.332749 0.363288 1.109633
v -0.323996 0.363287 1.102942
v -0.349910 0.363069 -0.050619
v -0.317267 0.363285 1.094217
v -0.338055 0.363069 -0.049054
v -0.313018 0.363283 1.084052
v -0.327884 0.363070 -0.044828
v -0.311411 0.363281 1.072204
v -0.319158 0.363071 -0.038108
v -0.306779 0.363077 -0.007302
v -0.312475 0.363073 -0.029353
v -0.308293 0.363075 -0.019164
v -0.349253 0.320884 -0.060623
v -0.694478 0.320882 -0.060623
v -0.354134 0.319614 1.125391
v -0.698291 0.319614 1.125391
v -0.698291 0.363289 1.115395
v -1.042725 0.363289 1.115395
v -0.694478 0.363069 -0.050619
v -1.039982 0.363069 -0.050619
v -0.694478 0.320882 -0.060623
v -1.039982 0.320880 -0.060623
v -0.698291 0.319614 1.125391
v -1.042725 0.319614 1.125391
v -1.042725 0.363289 1.115395
v -1.387159 0.363289 1.115395
v -1.039982 0.363069 -0.050619
v -1.385485 0.363069 -0.050619
v -1.039982 0.320880 -0.060623
v -1.385485 0.320877 -0.060623
v -1.042725 0.319614 1.125391
v -1.387159 0.319614 1.125391
v -0.354787 0.363289 1.115395
v -0.698291 0.363289 1.115395
v -0.349910 0.363069 -0.050619
v -0.694478 0.363069 -0.050619
v -1.730660 0.363289 1.115395
v -1.742515 0.363289 1.113833
v -1.730056 0.363069 -0.050619
v -1.741911 0.363069 -0.049059
v -1.752691 0.363288 1.109617
v -1.752089 0.363070 -0.044844
v -1.761429 0.363287 1.102909
v -1.760830 0.363071 -0.038140
v -1.768132 0.363285 1.094168
v -1.767539 0.363073 -0.029403
v -1.772344 0.363283 1.083989
v -1.771758 0.363075 -0.019226
v -1.773899 0.363281 1.072133
v -1.773325 0.363077 -0.007372
v -0.303286 0.319655 1.086695
v -0.301414 0.319670 1.072899
v -0.308548 0.319642 1.099283
v -0.316881 0.319630 1.110086
v -0.296776 0.320828 -0.007918
v -0.327720 0.319621 1.118371
v -0.298540 0.320843 -0.021741
v -0.340330 0.319616 1.123579
v -0.303725 0.320856 -0.034374
v -0.354134 0.319614 1.125391
v -0.312010 0.320868 -0.045227
v -0.349253 0.320884 -0.060623
v -0.322827 0.320877 -0.053560
v -0.335437 0.320882 -0.058799
v -1.385485 0.320877 -0.060623
v -1.730711 0.320875 -0.060623
v -1.387159 0.319614 1.125391
v -1.731315 0.319614 1.125391
vn -0.0000 0.9535 0.3015
vn -0.0000 0.9535 0.3014
vn -0.0000 0.9534 0.3017
vn -0.0000 0.9534 0.3016
vn -0.0001 0.9534 0.3019
vn -0.0001 0.9534 0.3018
vn -1.0000 -0.0000 0.0001
vn 1.0000 -0.0000 -0.0000
vn -1.0000 -0.0000 -0.0000
vn -0.0000 -0.9527 -0.3038
vn -0.0000 -0.9157 -0.4018
vn 0.0470 -0.9522 -0.3017
vn -0.0000 -0.9527 -0.3039
vn -0.0470 -0.9522 -0.3017
vn -0.0000 -0.9535 -0.3015
vn -0.0000 -0.9802 -0.1981
vn -0.0000 -0.9535 -0.3014
vn 0.7171 -0.1920 0.6700
vn 0.7430 0.6369 0.2058
vn 0.5546 0.4410 0.7056
vn 0.9998 0.0158 0.0119
vn 0.7423 0.6403 0.1977
vn 0.9998 0.0197 -0.0001
vn 0.5552 0.7670 -0.3217
vn 0.7174 0.2274 -0.6585
vn 0.0469 -0.9522 -0.3017
vn 0.0469 -0.9522 -0.3018
vn -0.7170 -0.1920 0.6701
vn -0.0020 0.4290 0.9033
vn -0.5547 0.4410 0.7056
vn -0.0021 -0.2842 0.9588
vn 0.0020 0.4290 0.9033
vn 0.0021 -0.2842 0.9588
vn 0.5547 0.4410 0.7056
vn 0.0004 -0.9534 -0.3017
vn -0.0000 -0.9802 -0.1982
vn 0.0001 -0.9802 -0.1982
vn 0.7173 0.2274 -0.6586
vn 0.0020 0.8718 -0.4899
vn 0.0021 0.3216 -0.9469
vn -0.0020 0.8718 -0.4899
vn -0.0021 0.3216 -0.9469
vn -0.5551 0.7670 -0.3217
vn -0.7173 0.2274 -0.6586
vn -0.0004 -0.9528 -0.3037
vn -0.7174 0.2274 -0.6585
vn -0.7423 0.6403 0.1977
vn -0.9998 0.0197 -0.0001
vn -0.7430 0.6369 0.2058
vn -0.9998 0.0157 0.0119
vn -0.7171 -0.1919 0.6700
vn -0.0001 -0.9534 -0.3016
vn -0.0469 -0.9522 -0.3018
vn -0.0469 -0.9522 -0.3017
vn -0.0000 0.9532 0.3022
vn -0.0000 -0.0000 1.0000
vn 0.0059 -0.9516 -0.3074
vn -0.0000 -0.9125 -0.4091
vn 0.1784 -0.9377 -0.2982
vn -0.0059 -0.9516 -0.3074
vn 0.1781 -0.9385 -0.2959
vn -0.1784 -0.9377 -0.2982
vn 0.0059 -0.9551 -0.2961
vn -0.1782 -0.9385 -0.2959
vn -0.0000 -0.9817 -0.1902
vn -0.0059 -0.9551 -0.2962
vn 0.6951 -0.1978 0.6912
vn 0.6936 0.6855 0.2214
vn 0.5134 0.4801 0.7113
vn 0.9998 0.0158 0.0139
vn 0.6941 0.6881 0.2116
vn 0.9998 0.0217 -0.0001
vn 0.5139 0.8022 -0.3040
vn 0.6941 0.2353 -0.6804
vn 0.0059 -0.9516 -0.3073
vn 0.1785 -0.9377 -0.2982
vn 0.1782 -0.9385 -0.2958
vn 0.0058 -0.9551 -0.2961
vn -0.6951 -0.1978 0.6912
vn -0.0079 0.4588 0.8885
vn -0.5134 0.4801 0.7113
vn -0.0118 -0.2824 0.9592
vn 0.0079 0.4588 0.8885
vn 0.0119 -0.2823 0.9592
vn 0.6951 -0.1977 0.6912
vn 0.0059 -0.9551 -0.2962
vn 0.0002 -0.9817 -0.1902
vn 0.0003 -0.9818 -0.1901
vn 0.0079 0.8876 -0.4606
vn 0.0119 0.3216 -0.9468
vn -0.0079 0.8876 -0.4606
vn -0.0118 0.3216 -0.9468
vn -0.5138 0.8022 -0.3040
vn -0.6941 0.2353 -0.6804
vn -0.0058 -0.9515 -0.3074
vn 0.0058 -0.9516 -0.3074
vn -0.6941 0.6881 0.2117
vn -0.5139 0.8022 -0.3040
vn -0.9998 0.0217 -0.0000
vn -0.6935 0.6855 0.2214
vn -0.9998 0.0158 0.0138
vn -0.0059 -0.9551 -0.2961
vn -0.1783 -0.9385 -0.2958
vn -0.1785 -0.9377 -0.2982
vn -0.0058 -0.9516 -0.3074
vn -0.7167 -0.0099 -0.6973
vn -0.2958 -0.6464 -0.7034
vn -0.5549 -0.6351 -0.5373
vn -0.3915 -0.0099 -0.9201
vn -0.0000 -0.8500 -0.5267
vn -0.0294 -0.0745 -0.9968
vn -0.0000 -0.0374 -0.9993
vn 0.0509 -0.1253 -0.9908
vn 0.3915 -0.0099 -0.9201
vn 0.3002 -0.6119 -0.7318
vn 0.5756 -0.6049 -0.5503
vn 0.7167 -0.0099 -0.6973
vn 0.7031 0.0119 -0.7110
vn 0.3818 0.0119 -0.9242
vn 0.3135 0.7249 -0.6134
vn 0.5824 0.6901 -0.4295
vn -0.0000 0.9372 -0.3488
vn 0.0099 0.0335 -0.9994
vn -0.0000 0.0472 -0.9989
vn -0.0236 0.0726 -0.9971
vn -0.3135 0.7249 -0.6134
vn -0.3818 0.0119 -0.9242
vn -0.5824 0.6901 -0.4295
vn -0.7031 0.0119 -0.7110
vn 0.0237 -0.0000 -0.9997
vn 0.0256 -0.0000 -0.9997
vn 0.0333 0.0333 -0.9989
vn -0.0000 0.0530 -0.9986
vn -0.0000 0.0510 -0.9987
vn -0.0138 0.0138 -0.9998
vn -0.0099 -0.0000 -1.0000
vn -0.0080 -0.0000 -1.0000
vn 0.0041 -0.0000 -1.0000
vn 0.0079 0.0079 -0.9999
vn -0.0000 0.0393 -0.9992
vn -0.0000 0.0452 -0.9990
vn -0.0529 0.0510 -0.9973
vn -0.0452 -0.0000 -0.9990
vn -0.0413 -0.0000 -0.9991
vn -0.0236 -0.0236 -0.9994
vn -0.0000 -0.0119 -0.9999
vn -0.0000 -0.0080 -1.0000
vn 0.0060 -0.0060 -1.0000
vn 0.4234 -0.4098 -0.8080
vn 0.6840 -0.0196 -0.7292
vn 0.6840 0.0196 -0.7292
vn 0.4235 0.4097 -0.8079
vn 0.0079 0.6800 -0.7331
vn -0.0078 0.6800 -0.7332
vn -0.4234 0.4098 -0.8080
vn -0.6840 0.0196 -0.7292
vn -0.6840 -0.0196 -0.7292
vn -0.4235 -0.4097 -0.8079
vn -0.0079 -0.6800 -0.7331
vn 0.0079 -0.6801 -0.7331
vn 0.7169 -0.0099 -0.6971
vn 0.7142 -0.6395 -0.2845
vn 0.5757 -0.6049 -0.5501
vn 0.9272 -0.0100 -0.3744
vn 0.7294 -0.6841 -0.0000
vn 0.9999 -0.0158 -0.0020
vn 0.9999 -0.0158 0.0001
vn 0.7142 -0.6395 0.2845
vn 0.9282 -0.0374 0.3701
vn 0.5530 -0.6352 0.5392
vn 0.7173 -0.0393 0.6956
vn 0.7252 0.0334 0.6877
vn 0.9335 0.0335 0.3570
vn 0.6980 0.5860 0.4117
vn 0.5312 0.5565 0.6389
vn 0.7607 0.6194 0.1941
vn 0.9999 0.0119 0.0040
vn 0.6898 0.6918 0.2136
vn 0.9997 0.0237 0.0019
vn 0.7350 0.6624 -0.1451
vn 0.9181 0.0100 -0.3962
vn 0.5825 0.6901 -0.4295
vn 0.7032 0.0118 -0.7109
vn -0.7173 -0.0393 0.6956
vn -0.7142 -0.6395 0.2845
vn -0.5530 -0.6352 0.5392
vn -0.9282 -0.0373 0.3701
vn -0.7294 -0.6841 -0.0000
vn -0.9999 -0.0158 0.0001
vn -0.9999 -0.0158 -0.0020
vn -0.7142 -0.6395 -0.2845
vn -0.9272 -0.0099 -0.3744
vn -0.5550 -0.6351 -0.5372
vn -0.7169 -0.0099 -0.6971
vn -0.7032 0.0119 -0.7109
vn -0.9181 0.0099 -0.3962
vn -0.7350 0.6623 -0.1451
vn -0.5825 0.6902 -0.4294
vn -0.6898 0.6918 0.2136
vn -0.9997 0.0236 0.0019
vn -0.7607 0.6194 0.1941
vn -0.9999 0.0119 0.0040
vn -0.6979 0.5860 0.4117
vn -0.9335 0.0335 0.3570
vn -0.5312 0.5565 0.6389
vn -0.7252 0.0334 0.6878
vn 0.7172 -0.0393 0.6958
vn 0.2958 -0.6464 0.7034
vn 0.5529 -0.6352 0.5393
vn 0.3919 -0.0413 0.9191
vn -0.0000 -0.6952 0.7188
vn 0.0001 -0.0432 0.9991
vn -0.0001 -0.0432 0.9991
vn -0.2959 -0.6464 0.7033
vn -0.3919 -0.0413 0.9191
vn -0.5529 -0.6352 0.5393
vn -0.7172 -0.0393 0.6958
vn -0.7250 0.0334 0.6879
vn -0.3977 0.0315 0.9170
vn -0.2822 0.5446 0.7898
vn -0.5311 0.5564 0.6390
vn -0.0000 0.5806 0.8142
vn -0.0001 0.0354 0.9994
vn 0.0001 0.0354 0.9994
vn 0.2822 0.5446 0.7898
vn 0.3977 0.0315 0.9170
vn 0.5311 0.5565 0.6390
vn 0.7250 0.0334 0.6879
vn -0.0000 0.9539 0.3002
vn -0.0354 0.9534 0.2996
vn -0.0119 0.9540 0.2997
vn -0.6897 0.6919 0.2136
vn -0.7606 0.6195 0.1941
vn -0.0001 0.9540 0.2998
vn -0.0000 0.9540 0.2999
vn 0.0667 0.9517 0.2996
vn -0.0000 0.9282 0.3721
vn 0.0001 0.9540 0.2998
vn 0.6978 0.5862 0.4116
vn 0.7606 0.6195 0.1941
vn 0.0413 0.9530 0.3000
vn -0.0000 0.9540 0.2998
vn 0.6897 0.6919 0.2136
vn 0.0001 0.9541 0.2996
vn -0.0001 0.9546 0.2979
vn -0.0001 0.9546 0.2978
vn -0.0000 0.9540 0.2997
vn -0.0000 0.9538 0.3003
vn -0.0001 0.9540 0.2997
vn -0.7350 0.6624 -0.1450
vn -0.5824 0.6902 -0.4294
vn -0.3135 0.7250 -0.6133
vn -0.0000 0.9870 0.1605
vn -0.0000 0.9372 -0.3489
vn 0.3135 0.7250 -0.6133
vn 0.0001 0.9546 0.2979
vn 0.5824 0.6902 -0.4294
vn 0.0001 0.9546 0.2978
vn 0.7349 0.6624 -0.1450
vn -0.6978 0.5862 0.4117
vn -0.5310 0.5567 0.6388
vn -0.2821 0.5449 0.7896
vn -0.0000 0.5808 0.8141
vn 0.5310 0.5567 0.6388
vn 0.2821 0.5449 0.7896
vn 0.0001 0.9540 0.2999
vn -0.0000 0.5808 0.8140
vn 0.7136 0.6942 -0.0942
vn 0.0059 0.6822 -0.7312
vn 0.0080 0.9969 -0.0784
vn -0.0059 0.6822 -0.7311
vn -0.0080 0.9969 -0.0784
vn -0.4236 0.4097 -0.8079
vn -0.7136 0.6942 -0.0941
vn -0.7168 0.6973 -0.0000
vn -0.0080 1.0000 -0.0000
vn 0.0080 1.0000 -0.0000
vn 0.7168 0.6973 -0.0000
vn 0.7138 -0.6940 -0.0942
vn 0.6872 -0.0137 -0.7263
vn 0.4235 -0.4098 -0.8079
vn 0.9969 -0.0177 -0.0765
vn 0.6872 0.0137 -0.7263
vn 0.9969 0.0177 -0.0765
vn 0.4234 0.4098 -0.8079
vn 0.7138 0.6940 -0.0942
vn 0.7169 0.6972 -0.0000
vn 0.9999 0.0158 -0.0000
vn 0.9999 -0.0158 -0.0000
vn 0.7169 -0.6972 -0.0000
vn -0.7136 -0.6942 -0.0941
vn -0.0059 -0.6822 -0.7312
vn -0.0079 -0.9969 -0.0784
vn 0.0059 -0.6822 -0.7312
vn 0.0079 -0.9969 -0.0784
vn 0.4235 -0.4097 -0.8079
vn 0.7136 -0.6942 -0.0941
vn 0.7168 -0.6973 -0.0000
vn 0.0080 -1.0000 -0.0000
vn -0.0080 -1.0000 -0.0000
vn -0.7167 -0.6973 -0.0000
vn -0.7138 0.6940 -0.0941
vn -0.6872 0.0137 -0.7263
vn -0.4234 0.4098 -0.8079
vn -0.9969 0.0177 -0.0765
vn -0.6872 -0.0137 -0.7263
vn -0.9969 -0.0177 -0.0765
vn -0.4234 -0.4098 -0.8079
vn -0.7138 -0.6940 -0.0941
vn -0.7169 -0.6972 -0.0000
vn -0.9999 -0.0158 -0.0000
vn -0.9999 0.0158 -0.0000
vn -0.7169 0.6971 -0.0001
vn -0.7114 0.6897 -0.1352
vn -0.6841 0.0196 -0.7291
vn -0.9934 0.0256 -0.1118
vn -0.6841 -0.0196 -0.7291
vn -0.9934 -0.0256 -0.1117
vn -0.7114 -0.6896 -0.1352
vn -0.9997 -0.0237 -0.0000
vn -0.9997 0.0237 0.0001
vn -0.7169 0.6972 -0.0001
vn 0.7112 0.6898 -0.1353
vn 0.0078 0.6802 -0.7330
vn 0.0119 0.9934 -0.1137
vn -0.0079 0.6802 -0.7330
vn -0.0119 0.9934 -0.1137
vn -0.7112 0.6899 -0.1352
vn -0.0099 1.0000 0.0001
vn 0.0099 1.0000 -0.0000
vn 0.7167 0.6973 -0.0001
vn 0.7114 -0.6896 -0.1352
vn 0.6841 -0.0196 -0.7291
vn 0.4234 -0.4098 -0.8079
vn 0.9934 -0.0256 -0.1117
vn 0.6841 0.0196 -0.7291
vn 0.9934 0.0256 -0.1117
vn 0.7114 0.6897 -0.1352
vn 0.9997 0.0237 -0.0000
vn 0.9997 -0.0236 0.0001
vn 0.7169 -0.6971 -0.0000
vn -0.7112 -0.6899 -0.1352
vn -0.0079 -0.6801 -0.7330
vn -0.0119 -0.9934 -0.1137
vn 0.0078 -0.6801 -0.7330
vn 0.0119 -0.9934 -0.1137
vn 0.7112 -0.6898 -0.1352
vn 0.7167 -0.6973 -0.0000
vn 0.0099 -1.0000 -0.0000
vn -0.0099 -1.0000 -0.0000
vn -0.0000 0.9534 0.3019
vn 0.0001 0.9535 0.3015
vn 0.0001 0.9535 0.3014
vn 1.0000 -0.0001 0.0002
vn 1.0000 -0.0000 0.0002
vn -0.0000 0.3056 -0.9522
vn -0.0000 0.3059 -0.9521
vn -1.0000 -0.0000 -0.0001
vn -0.0000 -0.0000 -1.0000
vn 0.5463 0.0971 -0.8320
vn 0.9576 0.0365 -0.2858
vn -0.0000 -0.3060 0.9520
vn 0.0001 -0.3064 0.9519
vn -0.0000 -0.3058 0.9521
vn -0.0001 0.9534 0.3017
vn -0.0000 0.3015 -0.9535
vn -0.0000 0.3016 -0.9534
vn -0.0000 -0.3015 0.9535
vn -1.0000 0.0003 -0.0000
vn 1.0000 0.0001 -0.0000
vn -0.0000 -0.8156 0.5786
vn -0.0000 -0.8967 0.4426
vn -0.0000 -0.8968 0.4425
vn -0.0000 -0.8160 0.5780
vn -0.0000 -0.5975 0.8019
vn -0.0000 -0.5979 0.8016
vn -0.0000 -0.3193 0.9476
vn -0.0000 -0.3192 0.9477
vn -0.0000 -0.0121 0.9999
vn -0.0000 0.2962 0.9551
vn -0.0000 0.2963 0.9551
vn -0.0000 0.5778 0.8161
vn -0.0000 0.5779 0.8161
vn -0.0000 0.8018 0.5976
vn -0.0000 0.9476 0.3193
vn -0.0000 0.9477 0.3193
vn -0.0000 0.9999 0.0122
vn -0.0000 0.9551 -0.2963
vn -0.0000 0.9552 -0.2961
vn -0.0000 0.8161 -0.5779
vn -0.0000 0.8162 -0.5778
vn -0.0000 0.5980 -0.8015
vn -0.0000 0.5976 -0.8018
vn -0.0000 0.3192 -0.9477
vn -0.0000 0.0843 -0.9964
vn -0.0000 0.0022 -1.0000
vn -0.0000 0.0020 -1.0000
vn -0.0000 -0.0078 -1.0000
vn -0.0000 -0.1969 -0.9804
vn -0.0000 -0.1963 -0.9805
vn -0.0000 -0.3856 -0.9227
vn -0.0000 -0.3853 -0.9228
vn -0.0000 -0.5545 -0.8322
vn -0.0000 -0.6699 -0.7424
vn -0.0000 -0.6700 -0.7424
vn -0.0000 -0.7312 -0.6822
vn -0.0000 -0.7312 -0.6821
vn -0.0000 -0.8317 -0.5552
vn -0.0000 -0.8318 -0.5551
vn -0.0000 -0.9249 -0.3802
vn -0.0000 -0.9247 -0.3807
vn -0.0000 -0.9810 -0.1938
vn -0.0000 -0.9997 -0.0235
vn -0.0000 -1.0000 -0.0061
vn -0.0000 -1.0000 -0.0066
vn -0.0000 -1.0000 -0.0059
vn -0.0000 -0.3858 -0.9226
vn -0.0000 -0.1962 -0.9806
vn -0.0000 -0.1966 -0.9805
vn -0.0000 -0.0079 -1.0000
vn -0.0000 0.0842 -0.9964
vn -0.0000 0.5979 -0.8016
vn -0.0000 0.8164 -0.5774
vn -0.0000 0.9551 -0.2964
vn -0.0000 0.9476 0.3194
vn -0.0000 -0.3194 0.9476
vn -0.0000 -0.1964 -0.9805
vn -0.0000 -0.8316 -0.5553
vn -0.0000 -0.9810 -0.1939
vn -0.0000 0.9999 0.0124
vn -0.0000 0.9986 0.0529
vn -0.0000 0.9999 0.0119
vn -0.0000 0.9266 0.3761
vn -0.0000 0.7387 0.6740
vn -0.0000 0.4821 0.8761
vn -0.0000 0.0451 0.9990
vn -0.0000 -0.0021 1.0000
vn -0.0000 -0.0025 1.0000
vn -0.0000 -0.0019 1.0000
vn -0.0000 -0.0022 1.0000
vn -0.0000 -0.0001 1.0000
vn -0.0001 0.4821 0.8761
vn -0.0001 0.9986 0.0529
vn -0.0000 0.9999 0.0123
vn 1.0000 -0.0001 -0.0000
vn -1.0000 0.0001 0.0001
vn -0.0000 0.9559 0.2938
vn -0.0000 0.9386 0.3449
vn -0.0000 0.9557 0.2943
vn -0.0000 0.8204 0.5717
vn -0.0000 0.8204 0.5718
vn -0.0000 0.6034 0.7974
vn -0.0000 0.4975 0.8675
vn -0.0000 0.6035 0.7974
vn -0.0000 0.9387 0.3449
vn -0.0000 0.9558 0.2940
vn -0.0000 -0.1276 -0.9918
vn -0.0000 0.1902 -0.9817
vn 0.0001 -0.1276 -0.9918
vn -0.0000 -0.1419 -0.9899
vn -0.0000 -0.1420 -0.9899
vn -0.0000 -0.2156 -0.9765
vn -0.0000 -0.2157 -0.9765
vn -0.0000 -0.4229 -0.9062
vn -0.0000 -0.6815 -0.7318
vn -0.0000 -0.6817 -0.7316
vn -0.0000 -0.8748 -0.4845
vn -0.0000 -0.9817 -0.1905
vn -0.0000 -0.9924 0.1233
vn -0.0000 -0.9924 0.1231
vn -0.0000 -0.9062 0.4229
vn -0.0000 -0.7319 0.6814
vn -0.0000 -0.7317 0.6816
vn -0.0000 -0.4845 0.8748
vn -0.0000 -0.1905 0.9817
vn -0.0000 0.0511 0.9987
vn -0.0000 0.1420 0.9899
vn -0.0000 0.1540 0.9881
vn -0.0000 0.4229 0.9062
vn -0.0000 0.6815 0.7319
vn -0.0000 0.6816 0.7317
vn -0.0000 0.8748 0.4845
vn -0.0000 0.9817 0.1904
vn -0.0000 0.9817 0.1905
vn -0.0000 0.9924 -0.1233
vn -0.0000 0.9924 -0.1232
vn -0.0000 0.9062 -0.4229
vn -0.0000 0.9062 -0.4230
vn -0.0000 0.7318 -0.6815
vn -0.0000 0.7316 -0.6817
vn -0.0000 0.4845 -0.8748
vn -0.0000 0.1905 -0.9817
vn -0.0000 0.7317 -0.6816
vn -0.0000 0.6815 0.7318
vn -0.0000 0.0510 0.9987
vn -0.0000 -0.1423 -0.9898
vn -0.0000 -0.9910 0.1338
vn -0.0000 0.8869 0.4619
vn -0.0000 -0.5310 0.8474
vn -0.0000 -0.4604 0.8877
vn -0.0000 -0.4603 0.8877
vn -0.0000 -0.7648 0.6442
vn -0.0000 -0.7650 0.6440
vn -0.0000 -0.9532 0.3023
vn -0.0000 -0.9990 -0.0444
vn -0.0000 -0.9533 0.3020
vn -0.0000 -0.9990 -0.0443
vn -0.0000 -0.9260 -0.3776
vn -0.0000 -0.8867 -0.4623
vn -0.0000 -0.8869 -0.4620
vn -1.0000 -0.0001 -0.0000
vn -0.0000 0.4124 -0.9110
vn -0.0000 0.4126 -0.9109
vn 1.0000 -0.0000 -0.0001
vn -0.0000 0.9778 -0.2096
vn -0.0000 0.1311 0.9914
vn -0.0000 0.2114 0.9774
vn -0.0000 0.1312 0.9914
vn -0.0000 -0.1791 0.9838
vn -0.0000 -0.1785 0.9839
vn -0.0000 -0.5417 0.8406
vn -0.0000 -0.7979 0.6028
vn -0.0000 -0.5419 0.8404
vn -0.0000 -0.5419 0.8405
vn -0.0000 -0.9541 0.2995
vn -0.0000 -0.9541 0.2994
vn -0.0000 -0.9779 0.2092
vn -0.0000 -0.2629 -0.9648
vn -0.0000 -0.2627 -0.9649
vn 1.0000 0.0001 0.0001
vn -0.0000 0.4235 0.9059
vn -0.0000 -0.9367 0.3500
vn -0.0000 -0.9051 0.4251
vn -0.0000 -0.9053 0.4247
vn -0.0000 -0.9367 0.3501
vn -0.0000 -0.9989 0.0461
vn -0.0000 -0.9989 0.0463
vn -0.0000 -0.9406 -0.3394
vn -0.0000 -0.9406 -0.3395
vn -0.0000 -0.7663 -0.6425
vn -0.0000 -0.9405 -0.3397
vn -0.0000 -0.5057 -0.8627
vn -0.0000 -0.4234 -0.9059
vn -1.0000 -0.0001 -0.0001
vn -0.0000 0.8812 -0.4727
vn -0.0000 0.8813 -0.4725
vn -0.0059 0.8718 -0.4898
vn -0.0000 0.5097 -0.8603
vn -0.0062 0.8717 -0.4900
vn -0.0098 0.9999 0.0098
vn -0.0119 0.8603 0.5096
vn -0.0118 0.8604 0.5096
vn -0.0098 0.4898 0.8718
vn -0.0059 -0.0098 0.9999
vn -0.0066 -0.0119 0.9999
vn 0.0001 -0.5096 0.8604
vn -0.0000 -0.5097 0.8604
vn 0.0062 -0.8717 0.4899
vn 0.0063 -0.8718 0.4898
vn 0.0098 -0.9999 -0.0098
vn 0.0119 -0.8603 -0.5096
vn 0.0099 -0.4898 -0.8718
vn 0.0098 -0.4898 -0.8718
vn 0.0060 0.0118 -0.9999
vn 0.0059 0.0099 -0.9999
vn -0.0000 0.5095 -0.8605
vn 0.5000 -0.0000 0.8660
vn 0.8661 -0.0000 0.4999
vn 0.8661 -0.0000 0.4998
vn 0.0471 -0.0000 0.9989
vn 0.0470 -0.0000 0.9989
vn -0.0470 -0.0000 0.9989
vn -0.0470 -0.0001 0.9989
vn -0.4996 -0.0000 0.8663
vn 1.0000 -0.0000 0.0021
vn 0.8663 -0.0000 0.4996
vn 1.0000 -0.0000 -0.0021
vn 0.8661 0.0020 -0.4998
vn 0.8659 0.0020 -0.5002
vn 0.4998 -0.0000 -0.8661
vn 0.4999 -0.0000 -0.8661
vn -0.8674 -0.0000 0.4975
vn -0.4999 -0.0000 0.8661
vn -0.8669 -0.0000 0.4985
vn -1.0000 0.0001 -0.0060
vn -1.0000 -0.0000 -0.0060
vn -0.8654 -0.0000 -0.5011
vn -0.8654 -0.0001 -0.5011
vn 0.0490 0.0003 -0.9988
vn 0.4996 -0.0000 -0.8663
vn 0.0490 -0.0000 -0.9988
vn -0.0490 -0.0000 -0.9988
vn -0.4996 -0.0000 -0.8663
vn -0.4992 -0.0000 -0.8665
vn -0.8653 -0.0000 -0.5013
vn -0.0000 -1.0000 -0.0000
vn -0.0000 -1.0000 0.0005
vn -0.0000 -1.0000 0.0001
vn -0.0000 -1.0000 -0.0001
vn -0.0000 -1.0000 -0.0003
vn 0.8661 0.0001 0.4998
vn 0.4996 -0.0000 0.8663
vn 0.8659 0.0021 -0.5002
vn -0.8675 -0.0000 0.4974
vn -0.4993 -0.0000 -0.8664
vn 0.0354 -0.0020 0.9994
vn 0.7080 -0.0000 0.7062
vn 0.7060 -0.0000 0.7082
vn 0.0354 -0.0000 0.9994
vn -0.0354 -0.0000 0.9994
vn -0.7034 -0.0000 0.7108
vn -0.7073 -0.0000 0.7069
vn -0.9994 -0.0000 0.0354
vn -0.9994 -0.0000 -0.0334
vn -0.9994 -0.0000 -0.0335
vn -0.7090 0.0001 -0.7052
vn -0.7074 0.0002 -0.7068
vn -0.0354 0.0009 -0.9994
vn -0.0354 0.0001 -0.9994
vn 0.0354 0.0004 -0.9994
vn 0.0354 -0.0000 -0.9994
vn 0.7100 0.0003 -0.7042
vn 0.7060 0.0001 -0.7082
vn 0.9994 -0.0000 -0.0354
vn 0.9993 -0.0000 -0.0374
vn 0.9995 -0.0000 0.0315
vn 0.7062 -0.0000 0.7080
vn 0.7082 -0.0000 0.7060
vn -0.0061 0.8718 -0.4898
vn -0.0061 0.8718 -0.4899
vn -0.0117 0.8604 0.5095
vn -0.0100 0.4898 0.8718
vn -0.0059 -0.0099 0.9999
vn -0.0058 -0.0118 0.9999
vn 0.0061 -0.8718 0.4899
vn 0.0059 -0.8718 0.4898
vn 0.0117 -0.8604 -0.5095
vn 0.0118 -0.8603 -0.5096
vn 0.0100 -0.4898 -0.8718
vn 0.0059 0.0118 -0.9999
vn -0.9994 0.0001 0.0354
vn -0.0354 -0.0000 -0.9994
vn 0.0063 0.8718 0.4898
vn -0.0000 0.5097 0.8604
vn -0.0000 0.5097 0.8603
vn 0.0060 0.8718 0.4898
vn 0.0098 0.9999 -0.0098
vn 0.0099 0.9999 -0.0099
vn 0.0119 0.8603 -0.5096
vn 0.0120 0.8603 -0.5096
vn 0.0098 0.4898 -0.8718
vn 0.0099 0.4898 -0.8718
vn 0.0059 -0.0099 -0.9999
vn 0.0060 -0.0118 -0.9999
vn -0.0001 -0.5096 -0.8604
vn -0.0000 -0.5096 -0.8604
vn -0.0061 -0.8718 -0.4899
vn -0.0058 -0.8718 -0.4898
vn -0.0098 -0.9999 0.0098
vn -0.0099 -0.9999 0.0099
vn -0.0118 -0.8604 0.5096
vn -0.0119 -0.8603 0.5096
vn -0.0100 -0.4898 0.8718
vn -0.0099 -0.4898 0.8718
vn -0.0058 0.0118 0.9999
vn -0.0059 0.0099 0.9999
vn -0.0000 0.5094 0.8605
vn -0.0354 -0.0020 -0.9994
vn -0.7090 -0.0000 -0.7052
vn -0.7060 0.0001 -0.7082
vn -0.0334 -0.0000 -0.9994
vn 0.0354 0.0001 -0.9994
vn 0.7034 -0.0000 -0.7108
vn 0.7071 -0.0000 -0.7071
vn 0.9994 -0.0000 0.0334
vn 0.7090 0.0001 0.7052
vn 0.7063 0.0001 0.7079
vn 0.0354 0.0008 0.9994
vn -0.0354 0.0003 0.9994
vn -0.7100 0.0002 0.7042
vn -0.7040 0.0002 0.7102
vn -0.9993 -0.0000 0.0374
vn -0.9995 0.0003 -0.0315
vn -0.9995 -0.0000 -0.0315
vn -0.7062 -0.0000 -0.7080
vn -0.7091 -0.0000 -0.7051
vn 0.0061 0.8718 0.4898
vn 0.0118 0.8604 -0.5096
vn -0.0059 -0.8718 -0.4898
vn -0.0060 -0.8718 -0.4898
vn -0.0117 -0.8604 0.5095
vn -0.0098 -0.4898 0.8718
vn -0.0057 0.0117 0.9999
vn -0.0059 0.0098 0.9999
vn -0.0000 0.5095 0.8605
vn -0.7060 -0.0000 -0.7082
vn 0.7031 -0.0000 -0.7111
vn 0.7073 -0.0000 -0.7069
vn 0.9994 -0.0000 0.0335
vn 0.7062 0.0001 0.7080
vn -0.7101 0.0002 0.7041
vn -0.0000 1.0000 -0.0002
vn -0.0000 -1.0000 0.0002
vn 0.3920 0.8762 0.2803
vn 0.7428 0.6370 0.2058
vn 0.2605 0.8128 0.5211
vn 0.0019 0.4291 0.9033
vn -0.0000 0.7644 0.6448
vn -0.0020 0.4291 0.9032
vn -0.2605 0.8127 0.5212
vn -0.7428 0.6370 0.2058
vn -0.3920 0.8762 0.2803
vn -0.7422 0.6404 0.1978
vn -0.3918 0.8776 0.2762
vn -0.5551 0.7670 -0.3218
vn -0.2607 0.9645 0.0414
vn -0.0020 0.8719 -0.4898
vn -0.0000 0.9965 -0.0842
vn 0.0020 0.8719 -0.4897
vn 0.2607 0.9645 0.0413
vn 0.7422 0.6404 0.1978
vn 0.3918 0.8776 0.2762
vn 0.3467 0.8933 0.2860
vn 0.6934 0.6856 0.2214
vn 0.2273 0.8286 0.5116
vn 0.0078 0.4590 0.8884
vn 0.0020 0.7820 0.6232
vn -0.0078 0.4589 0.8884
vn -0.0020 0.7820 0.6233
vn -0.2273 0.8286 0.5116
vn -0.6935 0.6857 0.2214
vn -0.3467 0.8933 0.2860
vn -0.6940 0.6882 0.2117
vn -0.3465 0.8947 0.2819
vn -0.2272 0.9720 0.0591
vn -0.0078 0.8877 -0.4604
vn -0.0020 0.9984 -0.0567
vn 0.0078 0.8876 -0.4605
vn 0.0020 0.9984 -0.0568
vn 0.2273 0.9720 0.0588
vn 0.6940 0.6881 0.2118
vn 0.3465 0.8947 0.2819
vn 0.2388 -0.9711 -0.0000
vn 0.7141 -0.6396 -0.2844
vn 0.7292 -0.6843 -0.0000
vn 0.3369 -0.9326 -0.1293
vn 0.5756 -0.6050 -0.5502
vn 0.0060 -1.0000 -0.0040
vn 0.3001 -0.6120 -0.7317
vn 0.0001 -1.0000 -0.0041
vn -0.0000 -1.0000 -0.0041
vn -0.2958 -0.6465 -0.7033
vn -0.0020 -1.0000 -0.0060
vn -0.5549 -0.6352 -0.5372
vn -0.0060 -1.0000 -0.0060
vn -0.7141 -0.6396 -0.2845
vn -0.3369 -0.9326 -0.1293
vn -0.7292 -0.6843 -0.0000
vn -0.2388 -0.9711 -0.0000
vn -0.2333 -0.9724 -0.0000
vn -0.7141 -0.6396 0.2845
vn -0.0099 -0.9999 0.0040
vn -0.5529 -0.6353 0.5392
vn -0.0060 -1.0000 0.0060
vn -0.2958 -0.6465 0.7033
vn -0.0021 -1.0000 0.0060
vn -0.0000 -0.6953 0.7187
vn -0.0000 -1.0000 0.0041
vn -0.0000 -0.6954 0.7187
vn 0.2958 -0.6465 0.7033
vn 0.0020 -1.0000 0.0060
vn 0.5529 -0.6353 0.5392
vn 0.0060 -1.0000 0.0060
vn 0.7141 -0.6396 0.2845
vn 0.0099 -0.9999 0.0040
vn 0.2333 -0.9724 -0.0000
vn 0.4235 0.4097 -0.8080
vn 0.0059 0.6821 -0.7313
vn 0.6871 0.0137 -0.7265
vn 0.6871 -0.0137 -0.7264
vn 0.0256 -0.0255 -0.9993
vn 0.0059 -0.6821 -0.7313
vn -0.0000 -0.0275 -0.9996
vn -0.0059 -0.6821 -0.7312
vn -0.0000 -0.0236 -0.9997
vn -0.4235 -0.4097 -0.8080
vn -0.0118 -0.0118 -0.9999
vn -0.6871 -0.0137 -0.7264
vn -0.6871 0.0137 -0.7264
vn -0.0059 0.6821 -0.7313
vn -1.0000 0.0001 -0.0000
vn 0.9999 0.0117 0.0058
vn 0.9999 0.0118 0.0078
vn 0.9999 0.0118 0.0059
vn 0.9999 0.0117 0.0078
vn -0.9999 0.0117 -0.0078
vn -0.9999 0.0118 -0.0078
vn -0.9999 0.0118 -0.0059
vn -0.9999 0.0117 -0.0058
vn -0.9999 0.0118 -0.0060
vn -0.9999 0.0119 -0.0078
vn -0.9999 0.0117 -0.0059
vn -0.9999 0.0119 -0.0079
vt -0.180420 0.916138
vt -0.178833 0.914917
vt -0.178467 0.915283
vt -0.402588 0.915283
vt -0.402344 0.914917
vt -0.400635 0.916138
vt -0.403320 0.913330
vt -0.402588 0.397949
vt -0.402344 0.398438
vt -0.403320 0.399902
vt -0.400635 0.397461
vt -0.177612 0.913330
vt -0.477783 0.954498
vt -0.474365 0.958984
vt -0.475586 0.960083
vt -0.475586 0.417480
vt -0.474365 0.418457
vt -0.477783 0.422852
vt -0.469971 0.415039
vt -0.143311 0.417480
vt -0.144409 0.418457
vt -0.148926 0.415039
vt -0.140991 0.422852
vt -0.143311 0.960083
vt -0.144409 0.958984
vt -0.140991 0.954498
vt -0.148926 0.962402
vt -0.469971 0.962402
vt 0.612793 0.930786
vt 0.603516 0.939728
vt 0.594727 0.795410
vt 0.942871 0.941895
vt 0.916992 0.933960
vt 0.917480 0.825195
vt 0.595215 0.953979
vt 0.624512 0.924866
vt 0.650391 0.808228
vt 0.650391 0.916931
vt 0.972656 0.812378
vt 0.972168 0.970978
vt 0.963867 0.956726
vt 0.954590 0.947784
vt -0.404785 0.395996
vt -0.406250 0.914307
vt -0.406250 0.399902
vt -0.400879 0.394531
vt -0.404785 0.918091
vt -0.179443 0.394531
vt -0.400879 0.919617
vt -0.175659 0.395996
vt -0.179443 0.919617
vt -0.174072 0.399902
vt -0.175659 0.918091
vt -0.174072 0.914307
vt -0.043213 0.592773
vt -0.041626 0.589844
vt -0.041626 0.592285
vt -0.043213 0.590088
vt -0.041626 0.437500
vt -0.043213 0.437012
vt -0.041626 0.435059
vt -0.043213 0.434570
vt -0.073669 0.434570
vt -0.073669 0.437012
vt -0.073669 0.590088
vt -0.073669 0.592773
vt -0.111938 0.795288
vt -0.110352 0.792480
vt -0.110352 0.794678
vt -0.111938 0.792603
vt -0.110352 0.437500
vt -0.111938 0.437500
vt -0.110352 0.435059
vt -0.111938 0.434570
vt -0.142456 0.434570
vt -0.142456 0.437500
vt -0.142456 0.792603
vt -0.142456 0.795288
vt -0.106506 0.434570
vt -0.108032 0.437012
vt -0.108032 0.435059
vt -0.106506 0.437012
vt -0.108032 0.792114
vt -0.106506 0.792236
vt -0.108032 0.794312
vt -0.106506 0.794800
vt -0.075989 0.794800
vt -0.075989 0.792236
vt -0.075989 0.437012
vt -0.075989 0.434570
vt -0.043213 0.754272
vt -0.041626 0.751465
vt -0.041626 0.753662
vt -0.043213 0.751587
vt -0.041626 0.598877
vt -0.043213 0.598633
vt -0.041626 0.596680
vt -0.043213 0.595947
vt -0.073669 0.595947
vt -0.073669 0.598633
vt -0.073669 0.751587
vt -0.073669 0.754272
vt -0.177612 0.399902
vt -0.178467 0.397949
vt -0.180420 0.397461
vt -0.136841 0.413086
vt -0.472168 0.408691
vt -0.147583 0.408691
vt -0.132324 0.423828
vt -0.482910 0.413086
vt -0.132324 0.958984
vt -0.487549 0.423828
vt -0.136841 0.969742
vt -0.487549 0.958984
vt -0.147583 0.974197
vt -0.482910 0.969742
vt -0.472168 0.974197
vt 0.757324 0.726807
vt 0.759277 0.723389
vt 0.759277 0.726318
vt 0.757324 0.723633
vt 0.759277 0.561523
vt 0.757324 0.561279
vt 0.759277 0.558594
vt 0.757324 0.558105
vt 0.717773 0.558105
vt 0.717773 0.561279
vt 0.717773 0.723633
vt 0.717773 0.726807
vt 0.647949 0.833984
vt 0.649902 0.830566
vt 0.649902 0.833374
vt 0.647949 0.830811
vt 0.649902 0.732422
vt 0.647949 0.732422
vt 0.649902 0.729736
vt 0.647949 0.729004
vt 0.608398 0.729004
vt 0.608398 0.732422
vt 0.608398 0.830811
vt 0.608398 0.833984
vt 0.653320 0.728760
vt 0.651367 0.732178
vt 0.651367 0.729248
vt 0.653320 0.731934
vt 0.651367 0.830200
vt 0.653320 0.830444
vt 0.651367 0.833008
vt 0.653320 0.833618
vt 0.692871 0.833618
vt 0.692871 0.830444
vt 0.692871 0.731934
vt 0.692871 0.728760
vt 0.800293 0.726807
vt 0.802246 0.723389
vt 0.802246 0.726318
vt 0.800293 0.723633
vt 0.802246 0.561523
vt 0.800293 0.561279
vt 0.802246 0.558594
vt 0.800293 0.558105
vt 0.760254 0.558105
vt 0.760254 0.561279
vt 0.760254 0.723633
vt 0.760254 0.726807
vt -1.669922 -0.029297
vt -1.665039 -0.034180
vt -1.665039 -0.030273
vt -1.669922 -0.033203
vt -1.665039 -0.038086
vt -1.669922 -0.038086
vt -1.669922 -0.458008
vt -1.665039 -0.876953
vt -1.669922 -0.876953
vt -1.669922 -0.881836
vt -1.665039 -0.880859
vt -1.665039 -0.884766
vt -1.669922 -0.885742
vt -1.828125 -0.885742
vt -1.828125 -0.881836
vt -1.833008 -0.880859
vt -1.832031 -0.883789
vt -1.833008 -0.876953
vt -1.828125 -0.876953
vt -1.828125 -0.458008
vt -1.833008 -0.039062
vt -1.828125 -0.038086
vt -1.833008 -0.034180
vt -1.828125 -0.033203
vt -1.832031 -0.031250
vt -1.828125 -0.029297
vt -1.792969 -0.074219
vt -1.692383 -0.074219
vt -1.683594 -0.077148
vt -1.680664 -0.084961
vt -1.680664 -0.327148
vt -1.683594 -0.334961
vt -1.692383 -0.337891
vt -1.792969 -0.337891
vt -1.760742 -0.677734
vt -1.692383 -0.677734
vt -1.683594 -0.681641
vt -1.680664 -0.689453
vt -1.680664 -0.852539
vt -1.683594 -0.861328
vt -1.692383 -0.864258
vt -1.760742 -0.864258
vt -1.769531 -0.861328
vt -1.772461 -0.852539
vt -1.772461 -0.689453
vt -1.769531 -0.681641
vt -1.765625 -0.684570
vt -1.759766 -0.682617
vt -1.692383 -0.682617
vt -1.687500 -0.684570
vt -1.684570 -0.690430
vt -1.684570 -0.852539
vt -1.687500 -0.857422
vt -1.692383 -0.860352
vt -1.759766 -0.860352
vt -1.765625 -0.857422
vt -1.767578 -0.852539
vt -1.767578 -0.690430
vt -1.223633 0.614014
vt -1.227539 0.617920
vt -1.227539 0.615234
vt -1.223633 0.617432
vt -1.227539 0.621338
vt -1.223633 0.621094
vt -1.227539 0.914978
vt -1.223633 0.915100
vt -1.227539 0.918396
vt -1.223633 0.918945
vt -1.227539 0.921143
vt -1.223633 0.922180
vt -1.194336 0.922180
vt -1.193359 0.918945
vt -1.190430 0.918457
vt -1.190430 0.921326
vt -1.188477 0.914978
vt -1.192383 0.915100
vt -1.096680 0.621338
vt -1.100586 0.621094
vt -1.095703 0.617920
vt -1.099609 0.617432
vt -1.094727 0.615234
vt -1.098633 0.614014
vt -1.373047 0.615967
vt -1.376953 0.619629
vt -1.376953 0.616943
vt -1.373047 0.619141
vt -1.376953 0.623047
vt -1.373047 0.623047
vt -1.376953 0.916748
vt -1.373047 0.916870
vt -1.376953 0.920166
vt -1.373047 0.920715
vt -1.376953 0.922974
vt -1.373047 0.924011
vt -1.248047 0.924011
vt -1.249023 0.920715
vt -1.245117 0.920166
vt -1.244141 0.922852
vt -1.246094 0.916748
vt -1.250000 0.916870
vt -1.338867 0.623047
vt -1.341797 0.623047
vt -1.339844 0.619629
vt -1.342773 0.619141
vt -1.339844 0.616699
vt -1.343750 0.615967
vt -1.460938 -1.210938
vt -1.465820 -1.205078
vt -1.465820 -1.208984
vt -1.460938 -1.205078
vt -1.465820 -1.199219
vt -1.460938 -1.199219
vt -1.465820 -0.227539
vt -1.460938 -0.227539
vt -1.465820 -0.222656
vt -1.460938 -0.221680
vt -1.465820 -0.218750
vt -1.460938 -0.216797
vt -1.417969 -0.216797
vt -1.417969 -0.221680
vt -1.413086 -0.222656
vt -1.412109 -0.218750
vt -1.413086 -0.227539
vt -1.418945 -0.227539
vt -1.413086 -1.199219
vt -1.418945 -1.199219
vt -1.413086 -1.205078
vt -1.417969 -1.205078
vt -1.412109 -1.208984
vt -1.417969 -1.210938
vt -2.271484 0.946106
vt -2.462891 0.972198
vt -2.443359 0.946198
vt -2.199219 0.972061
vt -2.199219 0.975311
vt -2.462891 0.975357
vt -2.464844 0.971893
vt -2.466797 0.970963
vt -2.466797 0.969437
vt -2.462891 0.363281
vt -2.443359 0.517822
vt -2.468750 0.967194
vt -2.464844 0.363770
vt -2.466797 0.360840
vt -2.462891 0.360352
vt -2.199219 0.363770
vt -2.398438 0.388184
vt -2.244141 0.388184
vt -2.199219 0.360352
vt -2.197266 0.364258
vt -2.195312 0.968918
vt -2.195312 0.970245
vt -2.199219 0.493652
vt -2.244141 0.493652
vt -2.199219 0.517822
vt -2.271484 0.517822
vt -2.398438 0.493652
vt -2.197266 0.971405
vt -2.195312 0.974594
vt -2.193359 0.972855
vt -2.191406 0.970398
vt -2.191406 0.967438
vt -2.195312 0.967041
vt -2.191406 0.368164
vt -2.195312 0.368652
vt -2.191406 0.365234
vt -2.195312 0.366699
vt -2.193359 0.362793
vt -2.195312 0.365234
vt -2.195312 0.360840
vt -2.466797 0.974808
vt -2.468750 0.973145
vt -2.470703 0.970612
vt -2.470703 0.967499
vt -2.468750 0.368164
vt -2.466797 0.364746
vt -2.468750 0.362305
vt -2.470703 0.364746
vt -2.466797 0.366211
vt -2.470703 0.368164
vt -1.384766 -0.922852
vt -1.379883 -0.927734
vt -1.379883 -0.920898
vt -1.384766 -0.927734
vt -1.379883 -1.205078
vt -1.384766 -1.205078
vt -1.379883 -1.212891
vt -1.384766 -1.210938
vt -1.408203 -1.210938
vt -1.408203 -1.205078
vt -1.408203 -0.927734
vt -1.408203 -0.922852
vt -1.273438 -1.083984
vt -1.267578 -1.089844
vt -1.267578 -1.082031
vt -1.273438 -1.089844
vt -1.267578 -1.205078
vt -1.273438 -1.203125
vt -1.267578 -1.210938
vt -1.273438 -1.208984
vt -1.295898 -1.208984
vt -1.295898 -1.203125
vt -1.295898 -1.089844
vt -1.295898 -1.083984
vt -1.370117 -1.210938
vt -1.375977 -1.207031
vt -1.375977 -1.212891
vt -1.370117 -1.207031
vt -1.375977 -0.928711
vt -1.370117 -0.928711
vt -1.375977 -0.921875
vt -1.370117 -0.923828
vt -1.347656 -0.923828
vt -1.347656 -0.928711
vt -1.347656 -1.207031
vt -1.347656 -1.210938
vt -1.258789 -1.208984
vt -1.263672 -1.205078
vt -1.263672 -1.210938
vt -1.258789 -1.203125
vt -1.263672 -1.089844
vt -1.258789 -1.089844
vt -1.263672 -1.082031
vt -1.258789 -1.083984
vt -1.235352 -1.083984
vt -1.235352 -1.089844
vt -1.235352 -1.203125
vt -1.235352 -1.208984
vt -1.226562 -1.208984
vt -1.231445 -1.205078
vt -1.231445 -1.210938
vt -1.226562 -1.203125
vt -1.231445 -1.126953
vt -1.226562 -1.126953
vt -1.231445 -1.119141
vt -1.226562 -1.121094
vt -1.211914 -1.121094
vt -1.211914 -1.126953
vt -1.211914 -1.203125
vt -1.211914 -1.208984
vt -1.329102 -1.011719
vt -1.324219 -1.017578
vt -1.324219 -1.009766
vt -1.329102 -1.017578
vt -1.324219 -1.205078
vt -1.329102 -1.205078
vt -1.324219 -1.210938
vt -1.329102 -1.208984
vt -1.342773 -1.208984
vt -1.342773 -1.205078
vt -1.342773 -1.017578
vt -1.342773 -1.011719
vt -1.193359 -1.121094
vt -1.188477 -1.126953
vt -1.188477 -1.119141
vt -1.193359 -1.126953
vt -1.188477 -1.205078
vt -1.193359 -1.203125
vt -1.188477 -1.210938
vt -1.193359 -1.208984
vt -1.208008 -1.208984
vt -1.208008 -1.203125
vt -1.208008 -1.126953
vt -1.208008 -1.121094
vt -1.314453 -1.210938
vt -1.319336 -1.205078
vt -1.319336 -1.210938
vt -1.314453 -1.205078
vt -1.319336 -1.017578
vt -1.314453 -1.017578
vt -1.319336 -1.011719
vt -1.314453 -1.013672
vt -1.300781 -1.013672
vt -1.300781 -1.017578
vt -1.300781 -1.205078
vt -1.300781 -1.210938
vt 0.745117 0.682373
vt 0.829590 0.738281
vt 0.744141 0.737305
vt 0.839844 0.683105
vt 0.862793 0.685303
vt 0.853516 0.743164
vt 0.904297 0.702393
vt 0.880859 0.759033
vt 0.910645 0.795654
vt 0.921387 0.716553
vt 0.964844 0.772095
vt 0.970703 0.791870
vt 0.884277 0.691895
vt 0.737793 0.721191
vt 0.822266 0.665527
vt 0.823242 0.720215
vt 0.727539 0.666016
vt 0.705078 0.668457
vt 0.714355 0.726074
vt 0.686523 0.741943
vt 0.663086 0.685547
vt 0.683105 0.675049
vt 0.656738 0.778564
vt 0.603027 0.755005
vt 0.645996 0.699463
vt 0.612793 0.736572
vt 0.626465 0.719971
vt 0.596680 0.774902
vt 0.941406 0.736816
vt 0.954590 0.753540
vt -0.037018 0.781494
vt -0.028366 0.696777
vt -0.028366 0.781494
vt -0.037018 0.696777
vt -0.028366 0.611816
vt -0.037018 0.611816
vt -0.043945 0.696777
vt -0.043945 0.611816
vt -0.052490 0.696777
vt -0.052490 0.611816
vt -0.062012 0.696777
vt -0.062012 0.611816
vt -0.071594 0.696777
vt -0.071594 0.611816
vt -0.080200 0.696777
vt -0.080200 0.611816
vt -0.087158 0.696777
vt -0.087158 0.611816
vt -0.095703 0.696777
vt -0.095703 0.611816
vt -0.105225 0.696777
vt -0.105225 0.611816
vt -0.114746 0.696777
vt -0.114746 0.611816
vt -0.123413 0.696777
vt -0.123413 0.611816
vt -0.130371 0.696777
vt -0.130371 0.611572
vt -0.138916 0.696777
vt -0.138916 0.611572
vt -0.148438 0.696777
vt -0.148438 0.611572
vt -0.158325 0.611572
vt -0.158325 0.696777
vt -0.273926 0.611572
vt -0.273926 0.440918
vt -0.158325 0.440918
vt -0.288818 0.611572
vt -0.288818 0.440918
vt -0.303223 0.440918
vt -0.303223 0.611572
vt -0.316650 0.440918
vt -0.316650 0.611572
vt -0.328857 0.440918
vt -0.328857 0.611572
vt -0.343750 0.440918
vt -0.343750 0.611572
vt -0.355957 0.611572
vt -0.355957 0.440918
vt -0.370361 0.440918
vt -0.370361 0.611572
vt -0.386475 0.440918
vt -0.386475 0.611572
vt -0.403076 0.440918
vt -0.403076 0.611572
vt -0.471924 0.440918
vt -0.471924 0.611572
vt -0.403076 0.696777
vt -0.471924 0.696777
vt -0.403076 0.781860
vt -0.471924 0.781860
vt -0.403076 0.952179
vt -0.471924 0.952179
vt -0.386475 0.781860
vt -0.386475 0.952179
vt -0.370361 0.781860
vt -0.370361 0.952179
vt -0.355957 0.781860
vt -0.355957 0.952179
vt -0.343750 0.781860
vt -0.343750 0.952179
vt -0.328857 0.952179
vt -0.328857 0.781860
vt -0.316650 0.781860
vt -0.316650 0.952179
vt -0.303223 0.781860
vt -0.303223 0.952179
vt -0.288818 0.781860
vt -0.288818 0.952179
vt -0.273926 0.781860
vt -0.273926 0.952179
vt -0.158325 0.952179
vt -0.158325 0.781860
vt -0.273926 0.696777
vt -0.148438 0.781860
vt -0.138916 0.781860
vt -0.130371 0.781738
vt -0.123413 0.781494
vt -0.114746 0.781494
vt -0.105225 0.781494
vt -0.095703 0.781494
vt -0.087158 0.781494
vt -0.080200 0.781494
vt -0.071594 0.781494
vt -0.062012 0.781494
vt -0.052490 0.781494
vt -0.043945 0.781494
vt -0.288818 0.696777
vt -0.303223 0.696777
vt -0.316650 0.696777
vt -0.328857 0.696777
vt -0.343750 0.696777
vt -0.355957 0.696777
vt -0.370361 0.696777
vt -0.386475 0.696777
vt -0.469971 -0.218750
vt -0.408203 -0.050781
vt -0.469971 -0.050781
vt -0.408203 -0.218750
vt -0.391357 -0.218750
vt -0.391357 -0.050781
vt -0.371582 -0.218750
vt -0.371826 -0.050781
vt -0.345459 -0.218750
vt -0.345459 -0.050781
vt -0.324219 -0.218750
vt -0.324219 -0.050781
vt -0.245972 -0.050781
vt -0.245972 -0.218750
vt -0.324219 -0.302734
vt -0.245972 -0.302734
vt -0.239258 -0.218750
vt -0.239258 -0.302734
vt -0.245972 -0.386719
vt -0.239258 -0.386719
vt -0.324219 -0.386719
vt -0.324219 -0.554688
vt -0.245972 -0.554688
vt -0.345459 -0.386719
vt -0.345459 -0.554688
vt -0.371582 -0.554688
vt -0.371582 -0.386719
vt -0.391357 -0.554688
vt -0.391357 -0.386719
vt -0.408203 -0.554688
vt -0.408203 -0.386719
vt -0.469971 -0.554688
vt -0.469971 -0.386719
vt -0.408203 -0.302734
vt -0.469971 -0.302734
vt -0.391357 -0.302734
vt -0.371582 -0.302734
vt -0.345459 -0.302734
vt 0.807617 0.579346
vt 0.799316 0.551514
vt 0.807617 0.565918
vt 0.790039 0.542725
vt 0.752441 0.538330
vt 0.778320 0.536621
vt 0.752441 0.528809
vt 0.765137 0.578857
vt 0.740723 0.544189
vt 0.730957 0.553467
vt 0.724609 0.565186
vt 0.722656 0.578369
vt 0.724609 0.591553
vt 0.730469 0.603516
vt 0.739746 0.613037
vt 0.751465 0.619141
vt 0.764648 0.621338
vt 0.777832 0.619385
vt 0.789551 0.613525
vt 0.799316 0.604248
vt 0.805176 0.592529
vt 0.607910 0.572021
vt 0.582520 0.570557
vt 0.607910 0.562744
vt 0.570312 0.576416
vt 0.552734 0.613281
vt 0.561035 0.585449
vt 0.552734 0.599609
vt 0.595215 0.612793
vt 0.555176 0.626465
vt 0.561523 0.638184
vt 0.570801 0.647461
vt 0.583008 0.653320
vt 0.596191 0.655273
vt 0.608887 0.653076
vt 0.621094 0.646973
vt 0.630371 0.637451
vt 0.636230 0.625488
vt 0.638184 0.612305
vt 0.635742 0.599121
vt 0.629395 0.587402
vt 0.620117 0.578125
vt 0.667480 0.090332
vt 0.693359 0.324219
vt 0.667480 0.324219
vt 0.693359 0.090332
vt 0.705078 0.324219
vt 0.705078 0.090332
vt 0.714844 0.324219
vt 0.714844 0.090332
vt 0.729004 0.090332
vt 0.729004 0.324219
vt 0.638672 0.331055
vt 0.624512 0.097168
vt 0.638672 0.097168
vt 0.624512 0.331055
vt 0.615234 0.097168
vt 0.615234 0.331055
vt 0.603027 0.097168
vt 0.603027 0.331055
vt 0.577637 0.331055
vt 0.577637 0.097168
vt -0.453613 0.406250
vt -0.462891 0.590332
vt -0.462891 0.406250
vt -0.453613 0.590332
vt -0.453613 0.774292
vt -0.462891 0.774292
vt -0.453613 0.958191
vt -0.462891 0.958191
vt -0.342529 0.774292
vt -0.342529 0.958191
vt -0.334229 0.958191
vt -0.334229 0.774292
vt -0.323975 0.958191
vt -0.323975 0.774292
vt -0.313477 0.958191
vt -0.313477 0.774292
vt -0.304199 0.958191
vt -0.304199 0.774292
vt -0.296875 0.958191
vt -0.296875 0.774292
vt -0.287598 0.958191
vt -0.287598 0.774292
vt -0.277100 0.958191
vt -0.277100 0.774292
vt -0.266846 0.958191
vt -0.266846 0.774292
vt -0.257568 0.958191
vt -0.257568 0.774292
vt -0.250244 0.958191
vt -0.250244 0.774292
vt -0.240845 0.774292
vt -0.240845 0.958191
vt -0.231689 0.774292
vt -0.231689 0.958191
vt -0.121399 0.774292
vt -0.121399 0.958191
vt -0.111084 0.774292
vt -0.111084 0.958191
vt -0.100769 0.958191
vt -0.100769 0.774292
vt -0.091431 0.958771
vt -0.091431 0.774414
vt -0.083984 0.959351
vt -0.083984 0.774658
vt -0.074646 0.959351
vt -0.074646 0.774658
vt -0.064209 0.959351
vt -0.064209 0.774658
vt -0.053864 0.959351
vt -0.053864 0.774658
vt -0.044495 0.959351
vt -0.044495 0.774658
vt -0.037048 0.959351
vt -0.037048 0.774658
vt -0.044495 0.589844
vt -0.037048 0.589844
vt -0.037048 0.405273
vt -0.044495 0.405273
vt -0.053864 0.589844
vt -0.053864 0.405273
vt -0.064209 0.589844
vt -0.064209 0.405273
vt -0.074646 0.589844
vt -0.074646 0.405273
vt -0.083984 0.589844
vt -0.083984 0.405273
vt -0.091431 0.590088
vt -0.091431 0.405762
vt -0.100769 0.590332
vt -0.100769 0.406250
vt -0.111084 0.590332
vt -0.111084 0.406250
vt -0.121399 0.590332
vt -0.121399 0.406250
vt -0.231689 0.590332
vt -0.231689 0.406250
vt -0.240845 0.406250
vt -0.240845 0.590332
vt -0.250244 0.406250
vt -0.250244 0.590332
vt -0.257568 0.590332
vt -0.257568 0.406250
vt -0.266846 0.590332
vt -0.266846 0.406250
vt -0.277100 0.590332
vt -0.277100 0.406250
vt -0.287598 0.590332
vt -0.287598 0.406250
vt -0.296875 0.406250
vt -0.296875 0.590332
vt -0.304199 0.590332
vt -0.304199 0.406250
vt -0.313477 0.590332
vt -0.313477 0.406250
vt -0.323975 0.590332
vt -0.323975 0.406250
vt -0.334229 0.406250
vt -0.334229 0.590332
vt -0.342529 0.406250
vt -0.342529 0.590332
vt 0.960938 0.947144
vt 0.906738 0.931702
vt 0.960938 0.931702
vt 0.906738 0.946411
vt 0.853027 0.931641
vt 0.853027 0.945709
vt 0.855469 0.962402
vt 0.862793 0.977570
vt 0.874512 0.989677
vt 0.889648 0.997545
vt 0.906250 1.000411
vt 0.922852 0.997992
vt 0.937988 0.990524
vt 0.950195 0.978729
vt 0.958008 0.963776
vt 0.852539 0.605713
vt 0.906738 0.619873
vt 0.852539 0.619873
vt 0.907227 0.604980
vt 0.960938 0.619873
vt 0.961426 0.604492
vt 0.958496 0.587891
vt 0.950684 0.572754
vt 0.938477 0.560791
vt 0.923340 0.553223
vt 0.906250 0.550781
vt 0.889648 0.553711
vt 0.874512 0.561523
vt 0.862793 0.573730
vt 0.854980 0.588867
vt -0.434326 0.921814
vt -0.401611 0.478516
vt -0.401611 0.921814
vt -0.434326 0.478516
vt -0.387695 0.922729
vt -0.378662 0.479004
vt -0.378662 0.922729
vt -0.387695 0.479004
vt -0.394043 0.922668
vt -0.394043 0.479004
vt -0.399170 0.922668
vt -0.399170 0.479004
vt -0.355713 0.922302
vt -0.350342 0.479004
vt -0.350342 0.922302
vt -0.355713 0.479004
vt -0.362061 0.922302
vt -0.362061 0.479004
vt -0.376953 0.479004
vt -0.376953 0.922302
vt -0.294189 0.479492
vt -0.320312 0.510986
vt -0.320312 0.478027
vt -0.294189 0.494629
vt -0.311279 0.510986
vt -0.296143 0.500977
vt -0.304932 0.509766
vt -0.299561 0.506348
vt -0.348145 0.921326
vt -0.322021 0.478027
vt -0.322021 0.921326
vt -0.348145 0.478027
vt -0.291504 0.478516
vt -0.265381 0.509766
vt -0.291504 0.510986
vt -0.282471 0.478027
vt -0.265381 0.495117
vt -0.276367 0.479492
vt -0.267334 0.488281
vt -0.270996 0.482910
vt 1.241211 0.718018
vt 1.262695 0.777954
vt 1.241211 0.777954
vt 1.262695 0.718018
vt 1.241211 0.657959
vt 1.262695 0.657959
vt 1.241211 0.597900
vt 1.262695 0.597900
vt 1.241211 0.538086
vt 1.262695 0.538086
vt 1.241211 0.478027
vt 1.262695 0.478027
vt 1.241211 0.417969
vt 1.262695 0.417969
vt 1.241211 0.357910
vt 1.262695 0.357910
vt 1.241211 0.298340
vt 1.262695 0.298340
vt 1.241211 0.238281
vt 1.262695 0.238281
vt 1.241211 0.178223
vt 1.262695 0.178223
vt 1.241211 0.118164
vt 1.262695 0.118164
vt 1.241211 0.058105
vt 1.262695 0.058105
vt -0.371826 0.071289
vt -0.394043 0.063477
vt -0.371826 0.063477
vt -0.394043 0.071289
vt -0.371826 0.082031
vt -0.394043 0.082031
vt -0.394043 0.131836
vt -0.371826 0.131836
vt -0.371826 0.142578
vt -0.394043 0.142578
vt -0.423096 0.916138
vt -0.400635 0.926941
vt -0.423096 0.926941
vt -0.399658 0.082031
vt -0.423340 0.082031
vt -0.423340 0.071289
vt -0.399658 0.071289
vt -0.423340 0.063477
vt -0.399658 0.063477
vt -0.429932 0.071289
vt -0.452148 0.063477
vt -0.429932 0.063477
vt -0.452148 0.071289
vt -0.429932 0.082031
vt -0.452148 0.082031
vt -0.452637 0.916138
vt -0.428955 0.916138
vt -0.428955 0.926941
vt -0.452637 0.926941
vt -0.342773 0.075195
vt -0.366455 0.064453
vt -0.342773 0.063965
vt -0.366455 0.075195
vt -0.366455 0.123047
vt -0.342773 0.123047
vt -0.342773 0.133789
vt -0.366455 0.133789
vt -0.342773 0.141602
vt -0.366455 0.141602
vt -0.625000 0.041992
vt -0.636719 0.061523
vt -0.633301 0.050293
vt -0.613770 0.039062
vt -0.638672 0.938324
vt -0.563477 0.039062
vt -0.635742 0.949677
vt -0.552246 0.041992
vt -0.627441 0.957977
vt -0.543945 0.050293
vt -0.616211 0.960999
vt -0.541016 0.061523
vt -0.563477 0.960999
vt -0.541016 0.938354
vt -0.552246 0.957977
vt -0.543945 0.949677
vt -0.047821 -0.032227
vt -0.039398 -0.525391
vt -0.039398 -0.032227
vt -0.047821 -0.525391
vt -0.135620 -0.525391
vt -0.135620 -0.033203
vt -0.144043 -0.033203
vt -0.144043 -0.525391
vt -0.152466 -0.033203
vt -0.152466 -0.525391
vt -0.243896 -0.525391
vt -0.243774 -0.035156
vt -0.252197 -0.035156
vt -0.252197 -0.525391
vt -0.260742 -0.035156
vt -0.260498 -0.525391
vt -0.348145 -0.525391
vt -0.348145 -0.035156
vt -0.356445 -0.035156
vt -0.356445 -0.525391
vt -0.364990 -0.034180
vt -0.364746 -0.525391
vt -0.456299 -0.525391
vt -0.456299 -0.032227
vt -0.464844 -0.032227
vt -0.464844 -0.525391
vt -2.437500 0.976562
vt -2.445312 0.364258
vt -2.437500 0.363281
vt -2.445312 0.975616
vt -2.451172 0.366699
vt -2.453125 0.972916
vt -2.457031 0.371094
vt -2.458984 0.968628
vt -2.462891 0.376465
vt -2.462891 0.963013
vt -2.464844 0.383301
vt -2.464844 0.956512
vt -2.464844 0.390137
vt -2.466797 0.949341
vt -2.255859 0.363281
vt -2.257812 0.976562
vt -1.052734 0.972382
vt -1.066406 0.976562
vt -1.059570 0.975754
vt -1.046875 0.968750
vt -1.063477 0.363281
vt -1.042969 0.962677
vt -1.056641 0.364258
vt -1.040039 0.957703
vt -1.049805 0.366699
vt -1.039062 0.951294
vt -1.043945 0.371094
vt -1.036133 0.390625
vt -1.040039 0.376953
vt -1.037109 0.383301
vt -1.246094 0.363281
vt -1.248047 0.976562
vt -1.428711 0.976562
vt -1.427734 0.363281
vt -2.074219 0.363281
vt -2.076172 0.976562
vt -2.445312 0.975632
vt -2.451172 0.367188
vt -1.042969 0.963074
vt -1.039062 0.949402
vt -1.040039 0.956543
vt -1.046875 0.968658
vt -1.052734 0.972931
vt -1.059570 0.975632
vt -0.404297 0.396484
vt -0.401123 0.395020
vt -0.405762 0.399414
vt -0.405762 0.913818
vt -0.404297 0.917053
vt -0.401123 0.918396
vt -0.179932 0.918396
vt -0.176758 0.917053
vt -0.175415 0.913818
vt -0.175415 0.399414
vt -0.176758 0.396484
vt -0.179932 0.395020
vt -0.138306 0.412598
vt -0.134521 0.421387
vt -0.471191 0.408691
vt -0.480469 0.412598
vt -0.484375 0.421387
vt -0.484131 0.955780
vt -0.480469 0.965027
vt -0.471191 0.968842
vt -0.147583 0.968842
vt -0.138306 0.965027
vt -0.134521 0.955780
vt 0.014145 0.007324
vt 0.008652 0.002930
vt 0.013634 0.001953
vt 0.010674 0.007812
vt 0.004604 0.005859
vt 0.008339 0.009277
vt 0.001899 0.009766
vt 0.006783 0.011719
vt 0.000907 0.014648
vt 0.006092 0.015137
vt 0.000907 0.985283
vt 0.006092 0.984772
vt 0.001899 0.990265
vt 0.006783 0.988243
vt 0.004604 0.994312
vt 0.008339 0.990578
vt 0.008652 0.997017
vt 0.010674 0.992134
vt 0.013634 0.998009
vt 0.014145 0.992825
vt 0.441650 0.998009
vt 0.441162 0.992825
vt 0.446533 0.997017
vt 0.444580 0.992134
vt 0.450684 0.994312
vt 0.447021 0.990578
vt 0.453369 0.990265
vt 0.448486 0.988243
vt 0.454346 0.985283
vt 0.449219 0.984772
vt 0.454346 0.014648
vt 0.449219 0.015137
vt 0.453369 0.009766
vt 0.448486 0.011719
vt 0.450684 0.005859
vt 0.447021 0.009277
vt 0.446533 0.002930
vt 0.444580 0.007812
vt 0.441650 0.001953
vt 0.441162 0.007324
vt -1.687500 -0.081055
vt -1.684570 -0.085938
vt -1.692383 -0.078125
vt -1.791992 -0.078125
vt -1.797852 -0.081055
vt -1.800781 -0.077148
vt -1.799805 -0.085938
vt -1.804688 -0.084961
vt -1.799805 -0.326172
vt -1.804688 -0.327148
vt -1.797852 -0.331055
vt -1.800781 -0.334961
vt -1.791992 -0.333984
vt -1.692383 -0.333984
vt -1.687500 -0.331055
vt -1.684570 -0.326172
vt 0.577637 0.678467
vt 0.520508 0.678467
vt 0.523438 0.661133
vt 0.523438 0.696045
vt 0.531738 0.711914
vt 0.543945 0.724365
vt 0.560059 0.732422
vt 0.577637 0.735352
vt 0.594727 0.732422
vt 0.610840 0.724365
vt 0.623047 0.711914
vt 0.631348 0.696045
vt 0.688477 0.507812
vt 0.634277 0.491211
vt 0.692871 0.493652
vt 0.638672 0.476074
vt 0.695312 0.476074
vt 0.692871 0.458496
vt 0.684570 0.442871
vt 0.671875 0.430176
vt 0.656250 0.422363
vt 0.638672 0.419434
vt 0.621094 0.422363
vt 0.605469 0.430176
vt 0.592773 0.442871
vt 0.584961 0.458496
vt 0.580078 0.474121
vt 0.594727 0.111816
vt 0.540527 0.129395
vt 0.538086 0.111816
vt 0.597168 0.316406
vt 0.651367 0.299316
vt 0.602051 0.331543
vt 0.655762 0.314453
vt 0.609863 0.347656
vt 0.622559 0.360352
vt 0.638184 0.368164
vt 0.655762 0.371094
vt 0.673340 0.368164
vt 0.689453 0.360352
vt 0.701660 0.347656
vt 0.709961 0.331543
vt 0.712891 0.314453
vt 0.709961 0.296875
vt 0.705566 0.282715
vt 0.648438 0.094238
vt 0.640625 0.078613
vt 0.627930 0.065918
vt 0.612305 0.058105
vt 0.594727 0.055176
vt 0.577148 0.058105
vt 0.561523 0.065918
vt 0.548828 0.078613
vt 0.540527 0.094238
vt 1.409180 0.377930
vt 1.428711 0.389160
vt 1.420898 0.397461
vt 1.431641 0.377930
vt 1.428711 0.366699
vt 1.420898 0.358398
vt 1.409180 0.355469
vt 1.397461 0.358398
vt 1.389648 0.366699
vt 1.386719 0.377930
vt 1.389648 0.389160
vt 1.397461 0.397461
vt 1.409180 0.400391
s 1
f 507/1/1 506/2/1 505/3/1
f 514/4/1 513/5/1 512/6/1
f 517/7/2 516/5/2 515/4/2
f 524/8/1 523/9/1 522/10/1
f 527/11/3 526/9/3 525/8/3
f 546/3/3 545/2/4 544/12/4
f 585/13/3 584/14/5 583/15/6
f 592/16/3 591/17/4 590/18/4
f 595/19/4 594/17/4 593/16/1
f 602/20/4 601/21/4 600/22/4
f 605/23/2 604/21/1 603/20/2
f 612/24/4 611/25/4 610/26/4
f 615/27/2 614/25/2 613/24/2
f 622/15/4 621/14/2 620/28/1
f 809/29/7 808/30/7 807/31/7
f 812/32/8 811/33/8 810/34/8
f 860/35/9 859/31/9 858/30/9
f 889/36/9 888/37/9 887/38/9
f 892/37/9 891/36/9 890/29/9
f 897/39/8 896/40/8 895/41/8
f 900/39/8 899/41/8 898/42/8
f 903/42/8 902/32/8 901/34/8
f 3/43/10 2/44/11 1/45/11
f 4/46/12 2/44/11 3/43/10
f 2/44/11 4/46/12 5/47/13
f 6/48/12 5/47/13 4/46/12
f 5/47/13 6/48/12 7/49/14
f 8/50/15 7/49/14 6/48/12
f 7/49/14 8/50/15 9/51/14
f 10/52/16 9/51/14 8/50/15
f 9/51/14 10/52/16 11/53/17
f 12/54/16 11/53/17 10/52/16
f 14/55/18 15/56/19 16/57/20
f 13/58/21 15/56/19 14/55/18
f 15/56/19 13/58/21 23/59/22
f 24/60/23 23/59/22 13/58/21
f 23/59/22 24/60/23 27/61/24
f 27/61/24 24/60/23 28/62/25
f 28/62/25 24/60/23 82/63/10
f 82/63/10 24/60/23 74/64/26
f 74/64/26 24/60/23 73/65/27
f 13/58/21 73/65/27 24/60/23
f 14/55/18 73/65/27 13/58/21
f 73/65/27 14/55/18 78/66/15
f 39/67/28 36/68/29 40/69/30
f 35/70/31 36/68/29 39/67/28
f 36/68/29 35/70/31 31/71/32
f 33/72/33 31/71/32 35/70/31
f 31/71/32 33/72/33 32/73/34
f 32/73/34 33/72/33 34/74/18
f 34/74/18 33/72/33 77/75/35
f 77/75/35 33/72/33 70/76/36
f 70/76/36 33/72/33 69/77/37
f 35/70/31 69/77/37 33/72/33
f 39/67/28 69/77/37 35/70/31
f 69/77/37 39/67/28 80/78/15
f 44/79/38 45/80/39 46/81/24
f 43/82/40 45/80/39 44/79/38
f 45/80/39 43/82/40 51/83/41
f 52/84/42 51/83/41 43/82/40
f 51/83/41 52/84/42 55/85/43
f 55/85/43 52/84/42 56/86/44
f 56/86/44 52/84/42 84/87/45
f 84/87/45 52/84/42 71/88/11
f 71/88/11 52/84/42 72/89/11
f 43/82/40 72/89/11 52/84/42
f 44/79/38 72/89/11 43/82/40
f 72/89/11 44/79/38 81/90/10
f 67/91/46 64/92/47 68/93/43
f 63/94/48 64/92/47 67/91/46
f 64/92/47 63/94/48 59/95/49
f 61/96/50 59/95/49 63/94/48
f 59/95/49 61/96/50 60/97/30
f 60/97/30 61/96/50 62/98/51
f 62/98/51 61/96/50 79/99/52
f 79/99/52 61/96/50 76/100/53
f 76/100/53 61/96/50 75/101/54
f 63/94/48 75/101/54 61/96/50
f 67/91/46 75/101/54 63/94/48
f 75/101/54 67/91/46 83/102/10
f 87/5/4 86/103/2 85/2/1
f 88/9/55 86/103/2 87/5/4
f 86/103/2 88/9/55 89/104/56
f 90/105/56 89/104/56 88/9/55
f 93/106/57 92/107/58 91/108/58
f 94/109/59 92/107/58 93/106/57
f 92/107/58 94/109/59 95/110/60
f 96/111/61 95/110/60 94/109/59
f 95/110/60 96/111/61 97/112/62
f 98/113/63 97/112/62 96/111/61
f 97/112/62 98/113/63 99/114/64
f 100/115/65 99/114/64 98/113/63
f 99/114/64 100/115/65 101/116/66
f 102/117/65 101/116/66 100/115/65
f 104/118/67 105/119/68 106/120/69
f 103/121/70 105/119/68 104/118/67
f 105/119/68 103/121/70 113/122/71
f 114/123/72 113/122/71 103/121/70
f 113/122/71 114/123/72 117/124/73
f 117/124/73 114/123/72 118/125/74
f 118/125/74 114/123/72 172/126/75
f 172/126/75 114/123/72 164/127/76
f 164/127/76 114/123/72 163/128/77
f 103/121/70 163/128/77 114/123/72
f 104/118/67 163/128/77 103/121/70
f 163/128/77 104/118/67 168/129/78
f 129/130/79 126/131/80 130/132/81
f 125/133/82 126/131/80 129/130/79
f 126/131/80 125/133/82 121/134/83
f 123/135/84 121/134/83 125/133/82
f 121/134/83 123/135/84 122/136/69
f 122/136/69 123/135/84 124/137/85
f 124/137/85 123/135/84 167/138/86
f 167/138/86 123/135/84 160/139/87
f 160/139/87 123/135/84 159/140/88
f 125/133/82 159/140/88 123/135/84
f 129/130/79 159/140/88 125/133/82
f 159/140/88 129/130/79 170/141/66
f 134/142/74 135/143/89 136/144/73
f 133/145/90 135/143/89 134/142/74
f 135/143/89 133/145/90 141/146/91
f 142/147/92 141/146/91 133/145/90
f 141/146/91 142/147/92 145/148/93
f 145/148/93 142/147/92 146/149/94
f 146/149/94 142/147/92 174/150/95
f 174/150/95 142/147/92 161/151/58
f 161/151/58 142/147/92 162/152/58
f 133/145/90 162/152/58 142/147/92
f 134/142/74 162/152/58 133/145/90
f 162/152/58 134/142/74 171/153/96
f 157/154/94 154/155/97 158/156/98
f 153/157/99 154/155/97 157/154/94
f 154/155/97 153/157/99 149/158/100
f 151/159/101 149/158/100 153/157/99
f 149/158/100 151/159/101 150/160/81
f 150/160/81 151/159/101 152/161/79
f 152/161/79 151/159/101 169/162/102
f 169/162/102 151/159/101 166/163/103
f 166/163/103 151/159/101 165/164/104
f 153/157/99 165/164/104 151/159/101
f 157/154/94 165/164/104 153/157/99
f 165/164/104 157/154/94 173/165/105
f 177/17/1 176/25/4 175/14/1
f 176/25/4 177/17/1 178/21/1
f 244/166/106 198/167/107 245/168/108
f 196/169/109 198/167/107 244/166/106
f 198/167/107 196/169/109 197/170/110
f 195/171/111 197/170/110 196/169/109
f 207/172/112 197/170/110 195/171/111
f 197/170/110 207/172/112 205/173/110
f 206/174/113 205/173/110 207/172/112
f 210/175/114 205/173/110 206/174/113
f 205/173/110 210/175/114 211/176/115
f 211/176/115 210/175/114 255/177/116
f 255/177/116 210/175/114 254/178/117
f 254/178/117 210/175/114 344/179/118
f 297/180/119 344/179/118 210/175/114
f 298/181/120 344/179/118 297/180/119
f 344/179/118 298/181/120 343/182/121
f 297/180/119 293/183/122 298/181/120
f 296/184/123 293/183/122 297/180/119
f 292/185/124 293/183/122 296/184/123
f 293/183/122 292/185/124 288/186/122
f 290/187/125 288/186/122 292/185/124
f 288/186/122 290/187/125 289/188/126
f 291/189/127 289/188/126 290/187/125
f 289/188/126 291/189/127 335/190/128
f 335/190/128 291/189/127 336/191/129
f 336/191/129 291/189/127 244/166/106
f 244/166/106 291/189/127 196/169/109
f 290/187/125 196/169/109 291/189/127
f 196/169/109 290/187/125 195/171/111
f 384/192/130 195/171/111 290/187/125
f 383/193/131 195/171/111 384/192/130
f 368/194/132 195/171/111 383/193/131
f 367/195/133 195/171/111 368/194/132
f 195/171/111 367/195/133 207/172/112
f 369/196/134 207/172/112 367/195/133
f 373/197/135 207/172/112 369/196/134
f 410/198/136 207/172/112 373/197/135
f 411/199/137 207/172/112 410/198/136
f 292/185/124 207/172/112 411/199/137
f 470/200/138 207/172/112 292/185/124
f 469/201/138 207/172/112 470/200/138
f 462/202/139 207/172/112 469/201/138
f 456/203/140 207/172/112 462/202/139
f 455/204/141 207/172/112 456/203/140
f 207/172/112 455/204/141 206/174/113
f 448/205/142 206/174/113 455/204/141
f 440/206/143 206/174/113 448/205/142
f 439/207/144 206/174/113 440/206/143
f 296/184/123 206/174/113 439/207/144
f 297/180/119 206/174/113 296/184/123
f 206/174/113 297/180/119 210/175/114
f 441/208/145 296/184/123 439/207/144
f 482/209/146 296/184/123 441/208/145
f 483/210/147 296/184/123 482/209/146
f 296/184/123 483/210/147 292/185/124
f 476/211/148 292/185/124 483/210/147
f 292/185/124 476/211/148 470/200/138
f 475/212/149 470/200/138 476/211/148
f 468/213/150 470/200/138 475/212/149
f 470/200/138 468/213/150 469/201/138
f 467/214/151 469/201/138 468/213/150
f 469/201/138 467/214/151 462/202/139
f 461/215/152 462/202/139 467/214/151
f 462/202/139 461/215/152 456/203/140
f 454/216/153 456/203/140 461/215/152
f 456/203/140 454/216/153 455/204/141
f 453/217/154 455/204/141 454/216/153
f 455/204/141 453/217/154 448/205/142
f 447/218/155 448/205/142 453/217/154
f 448/205/142 447/218/155 440/206/143
f 438/219/156 440/206/143 447/218/155
f 440/206/143 438/219/156 439/207/144
f 437/220/157 439/207/144 438/219/156
f 439/207/144 437/220/157 441/208/145
f 442/221/158 441/208/145 437/220/157
f 441/208/145 442/221/158 482/209/146
f 481/222/159 482/209/146 442/221/158
f 482/209/146 481/222/159 483/210/147
f 484/223/160 483/210/147 481/222/159
f 483/210/147 484/223/160 476/211/148
f 475/212/149 476/211/148 484/223/160
f 250/224/161 182/225/162 251/226/163
f 180/227/164 182/225/162 250/224/161
f 182/225/162 180/227/164 181/228/165
f 179/229/166 181/228/165 180/227/164
f 181/228/165 179/229/166 189/230/165
f 190/231/167 189/230/165 179/229/166
f 189/230/165 190/231/167 193/232/168
f 194/233/169 193/232/168 190/231/167
f 193/232/168 194/233/169 264/234/170
f 264/234/170 194/233/169 265/235/171
f 265/235/171 194/233/169 351/236/172
f 329/237/173 351/236/172 194/233/169
f 330/238/174 351/236/172 329/237/173
f 351/236/172 330/238/174 352/239/175
f 329/237/173 326/240/176 330/238/174
f 325/241/177 326/240/176 329/237/173
f 326/240/176 325/241/177 321/242/178
f 323/243/179 321/242/178 325/241/177
f 321/242/178 323/243/179 322/244/180
f 324/245/181 322/244/180 323/243/179
f 322/244/180 324/245/181 341/246/182
f 341/246/182 324/245/181 342/247/183
f 342/247/183 324/245/181 250/224/161
f 250/224/161 324/245/181 180/227/164
f 323/243/179 180/227/164 324/245/181
f 180/227/164 323/243/179 179/229/166
f 179/229/166 323/243/179 190/231/167
f 325/241/177 190/231/167 323/243/179
f 329/237/173 190/231/167 325/241/177
f 190/231/167 329/237/173 194/233/169
f 261/248/184 225/249/185 260/250/186
f 224/251/187 225/249/185 261/248/184
f 225/249/185 224/251/187 221/252/188
f 220/253/189 221/252/188 224/251/187
f 221/252/188 220/253/189 216/254/188
f 218/255/190 216/254/188 220/253/189
f 216/254/188 218/255/190 217/256/191
f 219/257/192 217/256/191 218/255/190
f 217/256/191 219/257/192 249/258/193
f 249/258/193 219/257/192 248/259/194
f 248/259/194 219/257/192 338/260/195
f 276/261/196 338/260/195 219/257/192
f 277/262/197 338/260/195 276/261/196
f 338/260/195 277/262/197 337/263/198
f 276/261/196 272/264/199 277/262/197
f 274/265/200 272/264/199 276/261/196
f 272/264/199 274/265/200 273/266/201
f 275/267/202 273/266/201 274/265/200
f 273/266/201 275/267/202 282/268/203
f 283/269/204 282/268/203 275/267/202
f 282/268/203 283/269/204 350/270/205
f 350/270/205 283/269/204 349/271/206
f 349/271/206 283/269/204 261/248/184
f 261/248/184 283/269/204 224/251/187
f 275/267/202 224/251/187 283/269/204
f 224/251/187 275/267/202 220/253/189
f 220/253/189 275/267/202 218/255/190
f 274/265/200 218/255/190 275/267/202
f 276/261/196 218/255/190 274/265/200
f 218/255/190 276/261/196 219/257/192
f 267/272/207 241/273/208 266/274/209
f 240/275/210 241/273/208 267/272/207
f 241/273/208 240/275/210 237/276/211
f 236/277/212 237/276/211 240/275/210
f 237/276/211 236/277/212 232/278/211
f 234/279/213 232/278/211 236/277/212
f 232/278/211 234/279/213 233/280/214
f 235/281/215 233/280/214 234/279/213
f 233/280/214 235/281/215 258/282/216
f 258/282/216 235/281/215 259/283/217
f 259/283/217 235/281/215 345/284/218
f 309/285/219 345/284/218 235/281/215
f 310/286/220 345/284/218 309/285/219
f 345/284/218 310/286/220 346/287/221
f 309/285/219 305/288/222 310/286/220
f 307/289/223 305/288/222 309/285/219
f 305/288/222 307/289/223 306/290/222
f 308/291/224 306/290/222 307/289/223
f 306/290/222 308/291/224 315/292/225
f 316/293/226 315/292/225 308/291/224
f 315/292/225 316/293/226 356/294/227
f 356/294/227 316/293/226 355/295/228
f 355/295/228 316/293/226 267/272/207
f 267/272/207 316/293/226 240/275/210
f 308/291/224 240/275/210 316/293/226
f 240/275/210 308/291/224 236/277/212
f 236/277/212 308/291/224 234/279/213
f 307/289/223 234/279/213 308/291/224
f 309/285/219 234/279/213 307/289/223
f 234/279/213 309/285/219 235/281/215
f 360/296/229 269/297/230 359/298/229
f 268/299/231 269/297/230 360/296/229
f 270/300/232 269/297/230 268/299/231
f 271/301/233 269/297/230 270/300/232
f 280/302/234 269/297/230 271/301/233
f 348/303/234 269/297/230 280/302/234
f 312/304/235 269/297/230 348/303/234
f 328/305/236 269/297/230 312/304/235
f 269/297/230 328/305/236 576/298/229
f 575/306/235 576/298/229 328/305/236
f 301/307/237 328/305/236 312/304/235
f 332/308/238 328/305/236 301/307/237
f 331/309/239 328/305/236 332/308/238
f 327/310/240 328/305/236 331/309/239
f 317/311/241 328/305/236 327/310/240
f 328/305/236 317/311/241 577/312/242
f 578/313/229 577/312/242 317/311/241
f 319/314/243 317/311/241 327/310/240
f 318/315/244 317/311/241 319/314/243
f 285/316/245 317/311/241 318/315/244
f 333/317/246 317/311/241 285/316/245
f 358/318/229 317/311/241 333/317/246
f 317/311/241 358/318/229 574/313/247
f 574/313/247 358/318/229 573/319/235
f 357/320/248 573/319/235 358/318/229
f 569/321/242 573/319/235 357/320/248
f 573/319/235 569/321/242 572/322/247
f 571/306/247 572/322/247 569/321/242
f 268/299/231 569/321/242 357/320/248
f 569/321/242 268/299/231 570/296/235
f 279/323/249 268/299/231 357/320/248
f 278/324/250 268/299/231 279/323/249
f 268/299/231 278/324/250 270/300/232
f 279/323/249 334/325/251 278/324/250
f 333/317/246 334/325/251 279/323/249
f 334/325/251 333/317/246 287/326/252
f 285/316/245 287/326/252 333/317/246
f 287/326/252 285/316/245 286/327/122
f 284/328/253 286/327/122 285/316/245
f 286/327/122 284/328/253 294/329/254
f 295/330/253 294/329/254 284/328/253
f 294/329/254 295/330/253 299/331/255
f 300/332/256 299/331/255 295/330/253
f 299/331/255 300/332/256 340/333/257
f 339/334/258 340/333/257 300/332/256
f 340/333/257 339/334/258 320/335/259
f 318/315/244 320/335/259 339/334/258
f 320/335/259 318/315/244 319/314/243
f 284/328/253 318/315/244 339/334/258
f 318/315/244 284/328/253 285/316/245
f 339/334/258 295/330/253 284/328/253
f 295/330/253 339/334/258 300/332/256
f 281/336/260 280/302/234 271/301/233
f 280/302/234 281/336/260 348/303/234
f 347/337/261 348/303/234 281/336/260
f 348/303/234 347/337/261 312/304/235
f 311/338/262 312/304/235 347/337/261
f 312/304/235 311/338/262 301/307/237
f 303/339/263 301/307/237 311/338/262
f 302/340/237 301/307/237 303/339/263
f 301/307/237 302/340/237 332/308/238
f 354/341/238 332/308/238 302/340/237
f 353/342/264 332/308/238 354/341/238
f 332/308/238 353/342/264 331/309/239
f 354/341/238 314/343/265 353/342/264
f 313/344/266 314/343/265 354/341/238
f 314/343/265 313/344/266 304/345/267
f 302/340/237 304/345/267 313/344/266
f 304/345/267 302/340/237 303/339/263
f 354/341/238 302/340/237 313/344/266
f 358/318/229 279/323/249 357/320/248
f 279/323/249 358/318/229 333/317/246
f 362/346/268 363/347/269 364/348/152
f 361/349/270 363/347/269 362/346/268
f 363/347/269 361/349/270 371/350/271
f 372/351/272 371/350/271 361/349/270
f 371/350/271 372/351/272 375/352/273
f 375/352/273 372/351/272 376/353/274
f 376/353/274 372/351/272 428/354/275
f 428/354/275 372/351/272 417/355/276
f 417/355/276 372/351/272 418/356/277
f 361/349/270 418/356/277 372/351/272
f 362/346/268 418/356/277 361/349/270
f 418/356/277 362/346/268 425/357/278
f 387/358/279 380/359/280 388/360/281
f 378/361/282 380/359/280 387/358/279
f 380/359/280 378/361/282 379/362/283
f 377/363/284 379/362/283 378/361/282
f 379/362/283 377/363/284 385/364/285
f 385/364/285 377/363/284 386/365/286
f 386/365/286 377/363/284 426/366/287
f 426/366/287 377/363/284 419/367/288
f 419/367/288 377/363/284 420/368/289
f 378/361/282 420/368/289 377/363/284
f 387/358/279 420/368/289 378/361/282
f 420/368/289 387/358/279 429/369/290
f 401/370/291 394/371/292 402/372/158
f 392/373/293 394/371/292 401/370/291
f 394/371/292 392/373/293 393/374/294
f 391/375/295 393/374/294 392/373/293
f 393/374/294 391/375/295 399/376/296
f 399/376/296 391/375/295 400/377/297
f 400/377/297 391/375/295 430/378/298
f 430/378/298 391/375/295 421/379/299
f 421/379/299 391/375/295 422/380/300
f 392/373/293 422/380/300 391/375/295
f 401/370/291 422/380/300 392/373/293
f 422/380/300 401/370/291 431/381/301
f 406/382/302 407/383/303 408/384/304
f 405/385/305 407/383/303 406/382/302
f 407/383/303 405/385/305 413/386/306
f 414/387/307 413/386/306 405/385/305
f 413/386/306 414/387/307 415/388/308
f 415/388/308 414/387/307 416/389/309
f 416/389/309 414/387/307 432/390/310
f 432/390/310 414/387/307 423/391/311
f 423/391/311 414/387/307 424/392/312
f 405/385/305 424/392/312 414/387/307
f 406/382/302 424/392/312 405/385/305
f 424/392/312 406/382/302 427/393/313
f 445/394/314 436/395/315 446/396/304
f 434/397/316 436/395/315 445/394/314
f 436/395/315 434/397/316 435/398/317
f 433/399/318 435/398/317 434/397/316
f 435/398/317 433/399/318 443/400/308
f 443/400/308 433/399/318 444/401/319
f 444/401/319 433/399/318 498/402/310
f 498/402/310 433/399/318 489/403/320
f 489/403/320 433/399/318 490/404/321
f 434/397/316 490/404/321 433/399/318
f 445/394/314 490/404/321 434/397/316
f 490/404/321 445/394/314 499/405/322
f 459/406/323 452/407/324 460/408/152
f 450/409/325 452/407/324 459/406/323
f 452/407/324 450/409/325 451/410/326
f 449/411/327 451/410/326 450/409/325
f 451/410/326 449/411/327 457/412/273
f 457/412/273 449/411/327 458/413/328
f 458/413/328 449/411/327 500/414/275
f 500/414/275 449/411/327 491/415/329
f 491/415/329 449/411/327 492/416/330
f 450/409/325 492/416/330 449/411/327
f 459/406/323 492/416/330 450/409/325
f 492/416/330 459/406/323 501/417/331
f 473/418/332 466/419/333 474/420/334
f 464/421/335 466/419/333 473/418/332
f 466/419/333 464/421/335 465/422/336
f 463/423/337 465/422/336 464/421/335
f 465/422/336 463/423/337 471/424/285
f 471/424/285 463/423/337 472/425/338
f 472/425/338 463/423/337 502/426/287
f 502/426/287 463/423/337 493/427/339
f 493/427/339 463/423/337 494/428/340
f 464/421/335 494/428/340 463/423/337
f 473/418/332 494/428/340 464/421/335
f 494/428/340 473/418/332 503/429/341
f 478/430/342 479/431/343 480/432/158
f 477/433/344 479/431/343 478/430/342
f 479/431/343 477/433/344 485/434/345
f 486/435/346 485/434/345 477/433/344
f 485/434/345 486/435/346 487/436/296
f 487/436/296 486/435/346 488/437/347
f 488/437/347 486/435/346 504/438/348
f 504/438/348 486/435/346 495/439/349
f 495/439/349 486/435/346 496/440/350
f 477/433/344 496/440/350 486/435/346
f 478/430/342 496/440/350 477/433/344
f 496/440/350 478/430/342 497/441/301
f 510/6/4 509/2/4 508/1/2
f 509/2/4 510/6/4 511/5/2
f 520/10/1 519/5/4 518/7/351
f 519/5/4 520/10/1 521/9/1
f 530/105/1 529/9/4 528/11/1
f 529/9/4 530/105/1 531/105/1
f 534/104/1 533/105/352 532/105/1
f 533/105/352 534/104/1 535/104/56
f 538/103/2 537/104/353 536/104/1
f 537/104/353 538/103/2 539/103/56
f 542/12/1 541/103/1 540/103/1
f 541/103/1 542/12/1 543/2/4
f 549/5/354 548/2/354 547/2/355
f 548/2/354 549/5/354 550/5/354
f 553/9/356 552/5/357 551/5/357
f 552/5/357 553/9/356 554/9/357
f 557/105/358 556/9/358 555/9/358
f 556/9/358 557/105/358 558/105/358
f 561/104/359 560/105/360 559/105/56
f 560/105/360 561/104/359 562/104/359
f 563/103/361 562/104/359 561/104/359
f 562/104/359 563/103/361 564/103/56
f 567/2/362 566/103/363 565/103/364
f 566/103/363 567/2/362 568/2/364
f 581/306/229 580/312/229 579/322/229
f 580/312/229 581/306/229 582/305/229
f 588/18/4 587/14/1 586/13/1
f 587/14/1 588/18/4 589/17/1
f 598/22/3 597/17/3 596/19/2
f 597/17/3 598/22/3 599/21/1
f 608/26/1 607/21/365 606/23/2
f 607/21/365 608/26/1 609/25/1
f 618/28/2 617/25/2 616/27/1
f 617/25/2 618/28/2 619/14/2
f 625/17/8 624/14/8 623/14/8
f 624/14/8 625/17/8 626/17/8
f 629/21/366 628/17/366 627/17/367
f 628/17/366 629/21/366 630/21/366
f 633/25/9 632/21/9 631/21/9
f 632/21/9 633/25/9 634/25/9
f 637/14/368 636/25/368 635/25/368
f 636/25/368 637/14/368 638/14/368
f 754/442/8 755/443/8 756/444/8
f 753/445/8 755/443/8 754/442/8
f 758/446/8 755/443/8 753/445/8
f 755/443/8 758/446/8 757/447/8
f 780/448/8 757/447/8 758/446/8
f 757/447/8 780/448/8 779/449/8
f 779/449/8 780/448/8 771/450/8
f 784/451/8 771/450/8 780/448/8
f 772/452/8 771/450/8 784/451/8
f 770/39/8 771/450/8 772/452/8
f 771/450/8 770/39/8 769/34/8
f 894/42/8 769/34/8 770/39/8
f 772/452/8 773/453/8 770/39/8
f 758/446/8 781/454/8 780/448/8
f 760/455/9 761/456/9 762/457/9
f 761/456/9 760/455/9 759/458/9
f 759/458/9 760/455/9 782/459/9
f 783/460/9 782/459/9 760/455/9
f 774/461/9 782/459/9 783/460/9
f 775/462/9 782/459/9 774/461/9
f 782/459/9 775/462/9 787/463/9
f 764/464/9 775/462/9 774/461/9
f 765/465/9 775/462/9 764/464/9
f 775/462/9 765/465/9 776/466/9
f 777/467/9 776/466/9 765/465/9
f 776/466/9 777/467/9 778/468/369
f 766/37/9 765/465/9 764/464/9
f 767/31/9 765/465/9 766/37/9
f 765/465/9 767/31/9 768/469/9
f 766/37/9 893/29/9 767/31/9
f 785/470/8 772/452/8 784/451/8
f 772/452/8 785/470/8 786/471/370
f 790/472/371 789/473/372 788/474/373
f 791/475/374 789/473/372 790/472/371
f 789/473/372 791/475/374 806/476/372
f 806/476/372 791/475/374 805/477/371
f 793/478/375 805/477/371 791/475/374
f 805/477/371 793/478/375 804/479/376
f 795/480/377 804/479/376 793/478/375
f 804/479/376 795/480/377 803/481/378
f 684/482/379 803/481/378 795/480/377
f 803/481/378 684/482/379 731/483/379
f 686/484/380 731/483/379 684/482/379
f 731/483/379 686/484/380 730/485/381
f 688/486/382 730/485/381 686/484/380
f 730/485/381 688/486/382 729/487/383
f 690/488/384 729/487/383 688/486/382
f 729/487/383 690/488/384 728/489/384
f 692/490/385 728/489/384 690/488/384
f 728/489/384 692/490/385 727/491/386
f 694/492/387 727/491/386 692/490/385
f 727/491/386 694/492/387 726/493/387
f 696/494/388 726/493/387 694/492/387
f 726/493/387 696/494/388 725/495/389
f 676/496/390 725/495/389 696/494/388
f 725/495/389 676/496/390 724/497/391
f 678/498/392 724/497/391 676/496/390
f 724/497/391 678/498/392 723/499/393
f 680/500/394 723/499/393 678/498/392
f 723/499/393 680/500/394 721/501/394
f 682/502/395 721/501/394 680/500/394
f 721/501/394 682/502/395 722/503/395
f 722/503/395 682/502/395 674/504/396
f 672/505/397 674/504/396 682/502/395
f 649/506/398 674/504/396 672/505/397
f 823/507/398 674/504/396 649/506/398
f 674/504/396 823/507/398 824/508/397
f 650/509/399 823/507/398 649/506/398
f 823/507/398 650/509/399 822/510/400
f 822/510/400 650/509/399 821/511/401
f 651/512/402 821/511/401 650/509/399
f 821/511/401 651/512/402 820/513/403
f 652/514/403 820/513/403 651/512/402
f 820/513/403 652/514/403 819/515/404
f 653/516/405 819/515/404 652/514/403
f 819/515/404 653/516/405 818/517/406
f 664/518/407 818/517/406 653/516/405
f 665/519/408 818/517/406 664/518/407
f 818/517/406 665/519/408 817/520/409
f 817/520/409 665/519/408 816/521/410
f 666/522/411 816/521/410 665/519/408
f 816/521/410 666/522/411 815/523/412
f 667/524/412 815/523/412 666/522/411
f 815/523/412 667/524/412 813/525/413
f 668/526/413 813/525/413 667/524/412
f 813/525/413 668/526/413 814/527/414
f 814/527/414 668/526/413 671/528/415
f 663/529/413 671/528/415 668/526/413
f 671/528/415 663/529/413 669/530/415
f 662/531/413 669/530/415 663/529/413
f 669/530/415 662/531/413 670/532/415
f 849/533/413 670/532/415 662/531/413
f 670/532/415 849/533/413 850/534/416
f 660/535/412 849/533/413 662/531/413
f 849/533/413 660/535/412 848/536/412
f 658/537/411 848/536/412 660/535/412
f 848/536/412 658/537/411 847/538/410
f 656/539/409 847/538/410 658/537/411
f 847/538/410 656/539/409 846/540/408
f 654/541/406 846/540/408 656/539/409
f 846/540/408 654/541/406 845/542/406
f 845/542/406 654/541/406 844/543/404
f 647/544/404 844/543/404 654/541/406
f 645/545/403 844/543/404 647/544/404
f 844/543/404 645/545/403 843/546/403
f 643/547/417 843/546/403 645/545/403
f 843/546/403 643/547/417 842/548/401
f 641/549/418 842/548/401 643/547/417
f 842/548/401 641/549/418 841/550/419
f 639/551/420 841/550/419 641/549/418
f 841/550/419 639/551/420 839/552/420
f 839/552/420 639/551/420 840/553/396
f 840/553/396 639/551/420 673/554/397
f 640/555/398 673/554/397 639/551/420
f 672/505/397 673/554/397 640/555/398
f 673/554/397 672/505/397 681/556/421
f 682/502/395 681/556/421 672/505/397
f 680/500/394 681/556/421 682/502/395
f 681/556/421 680/500/394 679/557/394
f 678/498/392 679/557/394 680/500/394
f 679/557/394 678/498/392 677/558/422
f 676/496/390 677/558/422 678/498/392
f 677/558/422 676/496/390 675/559/423
f 696/494/388 675/559/423 676/496/390
f 675/559/423 696/494/388 695/560/424
f 694/492/387 695/560/424 696/494/388
f 695/560/424 694/492/387 693/561/387
f 692/490/385 693/561/387 694/492/387
f 693/561/387 692/490/385 691/562/425
f 690/488/384 691/562/425 692/490/385
f 691/562/425 690/488/384 689/563/384
f 688/486/382 689/563/384 690/488/384
f 689/563/384 688/486/382 687/564/382
f 686/484/380 687/564/382 688/486/382
f 687/564/382 686/484/380 685/565/381
f 684/482/379 685/565/381 686/484/380
f 685/565/381 684/482/379 683/566/379
f 795/480/377 683/566/379 684/482/379
f 683/566/379 795/480/377 794/567/426
f 793/478/375 794/567/426 795/480/377
f 794/567/426 793/478/375 792/568/375
f 791/475/374 792/568/375 793/478/375
f 792/568/375 791/475/374 790/472/371
f 640/555/398 649/506/398 672/505/397
f 642/569/427 649/506/398 640/555/398
f 649/506/398 642/569/427 650/509/399
f 644/570/402 650/509/399 642/569/427
f 650/509/399 644/570/402 651/512/402
f 646/571/403 651/512/402 644/570/402
f 651/512/402 646/571/403 652/514/403
f 648/572/404 652/514/403 646/571/403
f 652/514/403 648/572/404 653/516/405
f 653/516/405 648/572/404 664/518/407
f 655/573/406 664/518/407 648/572/404
f 657/574/428 664/518/407 655/573/406
f 664/518/407 657/574/428 665/519/408
f 659/575/411 665/519/408 657/574/428
f 665/519/408 659/575/411 666/522/411
f 661/576/429 666/522/411 659/575/411
f 666/522/411 661/576/429 667/524/412
f 663/529/413 667/524/412 661/576/429
f 667/524/412 663/529/413 668/526/413
f 661/576/429 662/531/413 663/529/413
f 662/531/413 661/576/429 660/535/412
f 659/575/411 660/535/412 661/576/429
f 660/535/412 659/575/411 658/537/411
f 657/574/428 658/537/411 659/575/411
f 658/537/411 657/574/428 656/539/409
f 655/573/406 656/539/409 657/574/428
f 656/539/409 655/573/406 654/541/406
f 654/541/406 655/573/406 647/544/404
f 648/572/404 647/544/404 655/573/406
f 646/571/403 647/544/404 648/572/404
f 647/544/404 646/571/403 645/545/403
f 644/570/402 645/545/403 646/571/403
f 645/545/403 644/570/402 643/547/417
f 642/569/427 643/547/417 644/570/402
f 643/547/417 642/569/427 641/549/418
f 640/555/398 641/549/418 642/569/427
f 641/549/418 640/555/398 639/551/420
f 747/577/430 830/578/431 831/579/432
f 740/580/431 830/578/431 747/577/430
f 738/581/433 830/578/431 740/580/431
f 830/578/431 738/581/433 829/582/433
f 736/583/434 829/582/433 738/581/433
f 829/582/433 736/583/434 828/584/434
f 734/585/435 828/584/434 736/583/434
f 828/584/434 734/585/435 827/586/435
f 732/587/436 827/586/435 734/585/435
f 827/586/435 732/587/436 825/588/436
f 825/588/436 732/587/436 826/589/437
f 826/589/437 732/587/436 750/590/438
f 733/591/436 750/590/438 732/587/436
f 751/592/437 750/590/438 733/591/436
f 750/590/438 751/592/437 855/593/439
f 855/593/439 751/592/437 853/594/440
f 752/595/439 853/594/440 751/592/437
f 853/594/440 752/595/439 854/596/437
f 742/597/436 752/595/439 751/592/437
f 837/598/436 752/595/439 742/597/436
f 752/595/439 837/598/436 838/599/441
f 743/600/435 837/598/436 742/597/436
f 837/598/436 743/600/435 836/601/442
f 836/601/442 743/600/435 835/602/434
f 744/603/434 835/602/434 743/600/435
f 835/602/434 744/603/434 834/604/433
f 745/605/433 834/604/433 744/603/434
f 834/604/433 745/605/433 832/606/443
f 746/607/431 832/606/443 745/605/433
f 832/606/443 746/607/431 833/608/432
f 833/608/432 746/607/431 749/609/444
f 741/610/431 749/609/444 746/607/431
f 749/609/444 741/610/431 748/611/432
f 740/580/431 748/611/432 741/610/431
f 748/611/432 740/580/431 747/577/430
f 739/612/433 740/580/431 741/610/431
f 740/580/431 739/612/433 738/581/433
f 737/613/434 738/581/433 739/612/433
f 738/581/433 737/613/434 736/583/434
f 735/614/435 736/583/434 737/613/434
f 736/583/434 735/614/435 734/585/435
f 733/591/436 734/585/435 735/614/435
f 734/585/435 733/591/436 732/587/436
f 742/597/436 733/591/436 735/614/435
f 733/591/436 742/597/436 751/592/437
f 735/614/435 743/600/435 742/597/436
f 737/613/434 743/600/435 735/614/435
f 743/600/435 737/613/434 744/603/434
f 739/612/433 744/603/434 737/613/434
f 744/603/434 739/612/433 745/605/433
f 741/610/431 745/605/433 739/612/433
f 745/605/433 741/610/431 746/607/431
f 701/615/8 852/616/8 851/617/8
f 852/616/8 701/615/8 883/618/8
f 763/619/8 883/618/8 701/615/8
f 883/618/8 763/619/8 882/620/445
f 881/621/8 882/620/445 763/619/8
f 698/622/8 763/619/8 701/615/8
f 763/619/8 698/622/8 796/623/8
f 796/623/8 698/622/8 797/624/8
f 797/624/8 698/622/8 798/625/8
f 798/625/8 698/622/8 703/626/8
f 703/626/8 698/622/8 702/627/8
f 702/627/8 698/622/8 704/628/8
f 704/628/8 698/622/8 705/629/8
f 705/629/8 698/622/8 706/630/8
f 706/630/8 698/622/8 707/631/8
f 707/631/8 698/622/8 708/632/8
f 708/632/8 698/622/8 699/633/8
f 699/633/8 698/622/8 697/634/8
f 697/634/8 698/622/8 700/635/8
f 701/615/8 700/635/8 698/622/8
f 799/636/9 857/637/9 856/638/9
f 857/637/9 799/636/9 886/639/9
f 713/640/9 886/639/9 799/636/9
f 886/639/9 713/640/9 884/641/9
f 885/642/446 884/641/9 713/640/9
f 710/643/9 713/640/9 799/636/9
f 713/640/9 710/643/9 712/644/9
f 712/644/9 710/643/9 711/645/9
f 711/645/9 710/643/9 709/646/9
f 709/646/9 710/643/9 720/647/9
f 720/647/9 710/643/9 719/648/9
f 719/648/9 710/643/9 718/649/9
f 718/649/9 710/643/9 717/650/9
f 717/650/9 710/643/9 716/651/9
f 716/651/9 710/643/9 715/652/9
f 715/652/9 710/643/9 714/653/9
f 714/653/9 710/643/9 802/654/9
f 802/654/9 710/643/9 801/655/9
f 801/655/9 710/643/9 800/656/9
f 799/636/9 800/656/9 710/643/9
f 862/657/447 863/658/448 864/659/449
f 861/660/448 863/658/448 862/657/447
f 863/658/448 861/660/448 876/661/450
f 875/662/451 876/661/450 861/660/448
f 876/661/450 875/662/451 878/663/452
f 877/664/452 878/663/452 875/662/451
f 879/665/453 878/663/452 877/664/452
f 878/663/452 879/665/453 880/666/453
f 866/667/453 867/668/452 868/669/453
f 865/670/454 867/668/452 866/667/453
f 867/668/452 865/670/454 870/671/451
f 869/672/451 870/671/451 865/670/454
f 870/671/451 869/672/451 872/673/448
f 871/674/455 872/673/448 869/672/451
f 873/675/449 872/673/448 871/674/455
f 872/673/448 873/675/449 874/676/456
f 944/677/457 943/678/458 942/679/458
f 945/680/457 943/678/458 944/677/457
f 981/681/457 943/678/458 945/680/457
f 943/678/458 981/681/457 980/682/458
f 979/683/459 980/682/458 981/681/457
f 980/682/458 979/683/459 978/684/458
f 1030/685/460 979/683/459 981/681/457
f 979/683/459 1030/685/460 1029/686/461
f 1029/686/461 1030/685/460 1027/687/462
f 1028/688/463 1027/687/462 1030/685/460
f 1027/687/462 1028/688/463 976/689/464
f 977/690/464 976/689/464 1028/688/463
f 976/689/464 977/690/464 974/691/465
f 975/692/466 974/691/465 977/690/464
f 974/691/465 975/692/466 970/693/467
f 972/694/467 970/693/467 975/692/466
f 970/693/467 972/694/467 971/695/468
f 973/696/468 971/695/468 972/694/467
f 971/695/468 973/696/468 1010/697/469
f 1011/698/470 1010/697/469 973/696/468
f 1010/697/469 1011/698/470 1008/699/471
f 1009/700/471 1008/699/471 1011/698/470
f 1008/699/471 1009/700/471 1006/701/472
f 1007/702/473 1006/701/472 1009/700/471
f 1006/701/472 1007/702/473 1002/703/474
f 1004/704/474 1002/703/474 1007/702/473
f 1002/703/474 1004/704/474 1003/705/475
f 1005/706/475 1003/705/475 1004/704/474
f 1034/707/476 1003/705/475 1005/706/475
f 1003/705/475 1034/707/476 1033/708/476
f 1031/709/477 1033/708/476 1034/707/476
f 1033/708/476 1031/709/477 1032/710/477
f 1000/711/478 1032/710/477 1031/709/477
f 1032/710/477 1000/711/478 1001/712/478
f 999/713/479 1001/712/478 1000/711/478
f 1001/712/478 999/713/479 998/714/479
f 998/714/479 999/713/479 996/715/480
f 997/716/481 996/715/480 999/713/479
f 996/715/480 997/716/481 994/717/482
f 995/718/482 994/717/482 997/716/481
f 994/717/482 995/718/482 992/719/483
f 993/720/484 992/719/483 995/718/482
f 992/719/483 993/720/484 990/721/485
f 991/722/486 990/721/485 993/720/484
f 990/721/485 991/722/486 988/723/487
f 989/724/488 988/723/487 991/722/486
f 988/723/487 989/724/488 986/725/489
f 987/726/490 986/725/489 989/724/488
f 986/725/489 987/726/490 982/727/491
f 984/728/491 982/727/491 987/726/490
f 982/727/491 984/728/491 983/729/492
f 983/729/492 984/728/491 985/730/492
f 939/731/491 985/730/492 984/728/491
f 985/730/492 939/731/491 941/732/492
f 941/732/492 939/731/491 940/733/492
f 940/733/492 939/731/491 938/734/491
f 937/735/493 938/734/491 939/731/491
f 938/734/491 937/735/493 936/736/493
f 935/737/487 936/736/493 937/735/493
f 936/736/493 935/737/487 934/738/487
f 933/739/486 934/738/487 935/737/487
f 934/738/487 933/739/486 932/740/485
f 931/741/484 932/740/485 933/739/486
f 932/740/485 931/741/484 930/742/484
f 929/743/482 930/742/484 931/741/484
f 930/742/484 929/743/482 928/744/482
f 927/745/494 928/744/482 929/743/482
f 928/744/482 927/745/494 926/746/481
f 925/747/479 926/746/481 927/745/494
f 926/746/481 925/747/479 924/748/479
f 923/749/478 924/748/479 925/747/479
f 924/748/479 923/749/478 922/750/478
f 1039/751/477 922/750/478 923/749/478
f 922/750/478 1039/751/477 1040/752/477
f 1040/752/477 1039/751/477 1046/753/495
f 1045/754/476 1046/753/495 1039/751/477
f 1046/753/495 1045/754/476 918/755/475
f 919/756/475 918/755/475 1045/754/476
f 917/757/474 918/755/475 919/756/475
f 918/755/475 917/757/474 916/758/474
f 915/759/473 916/758/474 917/757/474
f 916/758/474 915/759/473 914/760/472
f 913/761/471 914/760/472 915/759/473
f 914/760/472 913/761/471 912/762/471
f 910/763/469 912/762/471 913/761/471
f 912/762/471 910/763/469 911/764/470
f 911/764/470 910/763/469 908/765/468
f 909/766/468 908/765/468 910/763/469
f 907/767/467 908/765/468 909/766/468
f 908/765/468 907/767/467 906/768/467
f 905/769/466 906/768/467 907/767/467
f 906/768/467 905/769/466 904/770/466
f 921/771/464 904/770/466 905/769/466
f 904/770/466 921/771/464 920/772/464
f 920/772/464 921/771/464 1038/773/463
f 1036/774/462 1038/773/463 921/771/464
f 1038/773/463 1036/774/462 1037/775/461
f 1035/776/496 1037/775/461 1036/774/462
f 1037/775/461 1035/776/496 944/677/457
f 944/677/457 1035/776/496 945/680/457
f 1030/685/460 945/680/457 1035/776/496
f 945/680/457 1030/685/460 981/681/457
f 923/749/478 1031/709/477 1039/751/477
f 1031/709/477 923/749/478 1000/711/478
f 925/747/479 1000/711/478 923/749/478
f 1000/711/478 925/747/479 999/713/479
f 999/713/479 925/747/479 997/716/481
f 927/745/494 997/716/481 925/747/479
f 997/716/481 927/745/494 995/718/482
f 929/743/482 995/718/482 927/745/494
f 995/718/482 929/743/482 993/720/484
f 931/741/484 993/720/484 929/743/482
f 993/720/484 931/741/484 991/722/486
f 933/739/486 991/722/486 931/741/484
f 991/722/486 933/739/486 989/724/488
f 935/737/487 989/724/488 933/739/486
f 989/724/488 935/737/487 987/726/490
f 937/735/493 987/726/490 935/737/487
f 987/726/490 937/735/493 984/728/491
f 939/731/491 984/728/491 937/735/493
f 1067/777/8 1070/778/8 1072/779/8
f 1060/780/8 1070/778/8 1067/777/8
f 1070/778/8 1060/780/8 1071/781/8
f 1071/781/8 1060/780/8 1068/782/8
f 1068/782/8 1060/780/8 1069/783/8
f 1069/783/8 1060/780/8 1058/784/8
f 1058/784/8 1060/780/8 1059/785/8
f 1059/785/8 1060/780/8 1061/786/8
f 1061/786/8 1060/780/8 1062/787/8
f 1062/787/8 1060/780/8 1063/788/8
f 1063/788/8 1060/780/8 1064/789/8
f 1064/789/8 1060/780/8 1065/790/8
f 1065/790/8 1060/780/8 1066/791/8
f 1067/777/8 1066/791/8 1060/780/8
f 1086/792/9 1073/793/9 1087/794/9
f 1075/795/9 1073/793/9 1086/792/9
f 1073/793/9 1075/795/9 1074/796/9
f 1074/796/9 1075/795/9 1076/797/9
f 1076/797/9 1075/795/9 1084/798/9
f 1084/798/9 1075/795/9 1083/799/9
f 1083/799/9 1075/795/9 1082/800/9
f 1082/800/9 1075/795/9 1081/801/9
f 1081/801/9 1075/795/9 1080/802/9
f 1080/802/9 1075/795/9 1079/803/9
f 1079/803/9 1075/795/9 1077/804/9
f 1077/804/9 1075/795/9 1078/805/9
f 1078/805/9 1075/795/9 1085/806/9
f 1086/792/9 1085/806/9 1075/795/9
f 1090/779/497 1089/793/497 1088/796/497
f 1091/778/497 1089/793/497 1090/779/497
f 1092/781/497 1089/793/497 1091/778/497
f 1089/793/497 1092/781/497 1093/794/497
f 1096/807/498 1095/808/498 1094/809/498
f 1095/808/498 1096/807/498 1097/810/498
f 1100/811/499 1099/812/500 1098/813/501
f 1099/812/500 1100/811/499 1101/814/499
f 1102/815/502 1101/814/499 1100/811/499
f 1101/814/499 1102/815/502 1103/816/503
f 1104/817/504 1103/816/503 1102/815/502
f 1103/816/503 1104/817/504 1105/818/504
f 1108/819/505 1107/820/506 1106/821/506
f 1107/820/506 1108/819/505 1109/822/507
f 1110/823/508 1109/822/507 1108/819/505
f 1109/822/507 1110/823/508 1111/824/508
f 1111/824/508 1110/823/508 1112/825/509
f 1113/826/510 1112/825/509 1110/823/508
f 1116/827/7 1115/828/9 1114/829/9
f 1117/830/9 1115/828/9 1116/827/7
f 1115/828/9 1117/830/9 1118/831/358
f 1119/832/9 1118/831/358 1117/830/9
f 1118/831/358 1119/832/9 1120/833/511
f 1121/834/9 1120/833/511 1119/832/9
f 1124/835/512 1123/836/512 1122/837/513
f 1123/836/512 1124/835/512 1125/838/513
f 1128/839/8 1127/840/514 1126/841/8
f 1129/842/445 1127/840/514 1128/839/8
f 1127/840/514 1129/842/445 1130/843/8
f 1131/844/445 1130/843/8 1129/842/445
f 1130/843/8 1131/844/445 1132/845/8
f 1133/846/8 1132/845/8 1131/844/445
f 1136/807/515 1135/808/515 1134/809/515
f 1135/808/515 1136/807/515 1137/810/515
f 1140/811/516 1139/812/517 1138/813/517
f 1139/812/517 1140/811/516 1141/814/518
f 1142/815/519 1141/814/518 1140/811/516
f 1141/814/518 1142/815/519 1143/816/520
f 1144/817/521 1143/816/520 1142/815/519
f 1143/816/520 1144/817/521 1145/818/521
f 1148/819/522 1147/820/523 1146/821/524
f 1147/820/523 1148/819/522 1149/822/522
f 1150/823/525 1149/822/522 1148/819/522
f 1149/822/522 1150/823/525 1151/824/526
f 1151/824/526 1150/823/525 1152/825/527
f 1153/826/527 1152/825/527 1150/823/525
f 1156/827/9 1155/828/9 1154/829/9
f 1157/830/9 1155/828/9 1156/827/9
f 1155/828/9 1157/830/9 1158/831/511
f 1159/832/9 1158/831/511 1157/830/9
f 1158/831/511 1159/832/9 1160/833/511
f 1161/834/7 1160/833/511 1159/832/9
f 1164/835/528 1163/836/528 1162/837/529
f 1163/836/528 1164/835/528 1165/838/529
f 1168/839/514 1167/840/530 1166/841/8
f 1169/842/8 1167/840/530 1168/839/514
f 1167/840/530 1169/842/8 1170/843/8
f 1171/844/8 1170/843/8 1169/842/8
f 1170/843/8 1171/844/8 1172/845/8
f 1173/846/8 1172/845/8 1171/844/8
f 1176/807/531 1175/808/531 1174/809/531
f 1175/808/531 1176/807/531 1177/810/531
f 1180/811/532 1179/812/533 1178/813/534
f 1179/812/533 1180/811/532 1181/814/535
f 1182/815/536 1181/814/535 1180/811/532
f 1181/814/535 1182/815/536 1183/816/537
f 1184/817/538 1183/816/537 1182/815/536
f 1183/816/537 1184/817/538 1185/818/539
f 1188/819/540 1187/820/541 1186/821/541
f 1187/820/541 1188/819/540 1189/822/540
f 1190/823/542 1189/822/540 1188/819/540
f 1189/822/540 1190/823/542 1191/824/542
f 1191/824/542 1190/823/542 1192/825/543
f 1193/826/543 1192/825/543 1190/823/542
f 1196/827/9 1195/828/9 1194/829/9
f 1197/830/9 1195/828/9 1196/827/9
f 1195/828/9 1197/830/9 1198/831/9
f 1199/832/9 1198/831/9 1197/830/9
f 1198/831/9 1199/832/9 1200/833/544
f 1201/834/9 1200/833/544 1199/832/9
f 1204/835/545 1203/836/545 1202/837/546
f 1203/836/545 1204/835/545 1205/838/546
f 1208/839/8 1207/840/8 1206/841/8
f 1209/842/8 1207/840/8 1208/839/8
f 1207/840/8 1209/842/8 1210/843/8
f 1211/844/8 1210/843/8 1209/842/8
f 1210/843/8 1211/844/8 1212/845/8
f 1213/846/8 1212/845/8 1211/844/8
f 1248/847/547 1247/848/548 1246/849/548
f 1247/848/548 1248/847/547 1249/850/549
f 1250/851/550 1249/850/549 1248/847/547
f 1249/850/549 1250/851/550 1251/852/550
f 1252/853/551 1251/852/550 1250/851/550
f 1251/852/550 1252/853/551 1253/854/552
f 1254/855/553 1253/854/552 1252/853/551
f 1253/854/552 1254/855/553 1255/856/553
f 1256/857/554 1255/856/553 1254/855/553
f 1255/856/553 1256/857/554 1257/858/555
f 1258/859/556 1257/858/555 1256/857/554
f 1257/858/555 1258/859/556 1259/860/557
f 1260/861/558 1259/860/557 1258/859/556
f 1259/860/557 1260/861/558 1261/862/559
f 1262/863/560 1261/862/559 1260/861/558
f 1261/862/559 1262/863/560 1263/864/560
f 1264/865/561 1263/864/560 1262/863/560
f 1263/864/560 1264/865/561 1265/866/561
f 1266/867/562 1265/866/561 1264/865/561
f 1265/866/561 1266/867/562 1267/868/563
f 1268/869/564 1267/868/563 1266/867/562
f 1267/868/563 1268/869/564 1269/870/565
f 1270/871/566 1269/870/565 1268/869/564
f 1269/870/565 1270/871/566 1271/872/566
f 1286/873/567 1287/874/568 1288/875/569
f 1287/874/568 1286/873/567 1285/876/567
f 1215/877/570 1285/876/567 1286/873/567
f 1285/876/567 1215/877/570 1217/878/571
f 1217/878/571 1215/877/570 1216/879/572
f 1214/880/573 1216/879/572 1215/877/570
f 1296/881/574 1216/879/572 1214/880/573
f 1216/879/572 1296/881/574 1295/882/574
f 1223/883/575 1290/884/576 1289/885/576
f 1290/884/576 1223/883/575 1225/6/575
f 1225/6/575 1223/883/575 1224/886/577
f 1222/887/577 1224/886/577 1223/883/575
f 1297/888/578 1224/886/577 1222/887/577
f 1224/886/577 1297/888/578 1298/889/579
f 1299/890/580 1298/889/579 1297/888/578
f 1298/889/579 1299/890/580 1300/891/581
f 1292/892/582 1293/893/583 1294/894/583
f 1293/893/583 1292/892/582 1291/895/584
f 1227/896/446 1291/895/584 1292/892/582
f 1291/895/584 1227/896/446 1229/897/7
f 1229/897/7 1227/896/446 1228/898/585
f 1226/899/586 1228/898/585 1227/896/446
f 1308/900/587 1228/898/585 1226/899/586
f 1228/898/585 1308/900/587 1307/901/588
f 1219/902/589 1302/903/590 1301/904/590
f 1302/903/590 1219/902/589 1221/905/591
f 1221/905/591 1219/902/589 1220/906/592
f 1218/907/592 1220/906/592 1219/902/589
f 1303/908/593 1220/906/592 1218/907/592
f 1220/906/592 1303/908/593 1304/909/594
f 1305/910/595 1304/909/594 1303/908/593
f 1304/909/594 1305/910/595 1306/911/595
f 1311/912/596 1310/913/597 1309/914/598
f 1312/915/597 1310/913/597 1311/912/596
f 1310/913/597 1312/915/597 1313/916/599
f 1314/917/599 1313/916/599 1312/915/597
f 1313/916/599 1314/917/599 1315/918/596
f 1316/919/597 1315/918/596 1314/917/599
f 1315/918/596 1316/919/597 1317/920/596
f 1318/921/597 1317/920/596 1316/919/597
f 1317/920/596 1318/921/597 1319/922/599
f 1320/923/597 1319/922/599 1318/921/597
f 1319/922/599 1320/923/597 1321/924/597
f 1322/925/600 1321/924/597 1320/923/597
f 1321/924/597 1322/925/600 1323/926/597
f 1324/927/597 1323/926/597 1322/925/600
f 1342/873/567 1343/874/568 1344/875/601
f 1343/874/568 1342/873/567 1341/876/602
f 1326/877/570 1341/876/602 1342/873/567
f 1341/876/602 1326/877/570 1328/878/571
f 1328/878/571 1326/877/570 1327/879/572
f 1325/880/572 1327/879/572 1326/877/570
f 1352/881/574 1327/879/572 1325/880/572
f 1327/879/572 1352/881/574 1351/882/574
f 1334/883/575 1346/884/576 1345/885/576
f 1346/884/576 1334/883/575 1336/6/575
f 1336/6/575 1334/883/575 1335/886/577
f 1333/887/577 1335/886/577 1334/883/575
f 1353/888/578 1335/886/577 1333/887/577
f 1335/886/577 1353/888/578 1354/889/603
f 1355/890/580 1354/889/603 1353/888/578
f 1354/889/603 1355/890/580 1356/891/581
f 1348/892/604 1349/893/583 1350/894/583
f 1349/893/583 1348/892/604 1347/895/584
f 1338/896/446 1347/895/584 1348/892/604
f 1347/895/584 1338/896/446 1340/897/7
f 1340/897/7 1338/896/446 1339/898/585
f 1337/899/586 1339/898/585 1338/896/446
f 1364/900/587 1339/898/585 1337/899/586
f 1339/898/585 1364/900/587 1363/901/587
f 1330/902/589 1358/903/590 1357/904/590
f 1358/903/590 1330/902/589 1332/905/591
f 1332/905/591 1330/902/589 1331/906/592
f 1329/907/592 1331/906/592 1330/902/589
f 1359/908/605 1331/906/592 1329/907/592
f 1331/906/592 1359/908/605 1360/909/594
f 1361/910/595 1360/909/594 1359/908/605
f 1360/909/594 1361/910/595 1362/911/595
f 1367/912/597 1366/913/598 1365/914/600
f 1368/915/597 1366/913/598 1367/912/597
f 1366/913/598 1368/915/597 1369/916/599
f 1370/917/598 1369/916/599 1368/915/597
f 1369/916/599 1370/917/598 1371/918/596
f 1372/919/596 1371/918/596 1370/917/598
f 1371/918/596 1372/919/596 1373/920/596
f 1374/921/596 1373/920/596 1372/919/596
f 1373/920/596 1374/921/596 1375/922/597
f 1376/923/599 1375/922/597 1374/921/596
f 1375/922/597 1376/923/599 1377/924/597
f 1378/925/599 1377/924/597 1376/923/599
f 1377/924/597 1378/925/599 1379/926/597
f 1380/927/596 1379/926/597 1378/925/599
f 1244/928/606 1387/929/607 1388/930/608
f 1387/929/607 1244/928/606 1242/931/609
f 1242/931/609 1244/928/606 1243/932/610
f 1245/933/610 1243/932/610 1244/928/606
f 1383/934/611 1243/932/610 1245/933/610
f 1243/932/610 1383/934/611 1384/935/612
f 1232/936/613 1384/935/612 1383/934/611
f 1384/935/612 1232/936/613 1230/937/613
f 1230/937/613 1232/936/613 1231/938/614
f 1233/939/615 1231/938/614 1232/936/613
f 1381/940/616 1231/938/614 1233/939/615
f 1231/938/614 1381/940/616 1382/941/617
f 1240/942/618 1382/941/617 1381/940/616
f 1382/941/617 1240/942/618 1238/943/619
f 1238/943/619 1240/942/618 1239/944/620
f 1241/945/621 1239/944/620 1240/942/618
f 1386/946/622 1239/944/620 1241/945/621
f 1239/944/620 1386/946/622 1385/947/623
f 1235/948/624 1385/947/623 1386/946/622
f 1385/947/623 1235/948/624 1237/949/625
f 1237/949/625 1235/948/624 1236/950/626
f 1234/951/626 1236/950/626 1235/948/624
f 1390/952/627 1236/950/626 1234/951/626
f 1236/950/626 1390/952/627 1389/953/628
f 1409/847/629 1408/848/548 1407/849/548
f 1408/848/548 1409/847/629 1410/850/630
f 1411/851/550 1410/850/630 1409/847/629
f 1410/850/630 1411/851/550 1412/852/550
f 1413/853/631 1412/852/550 1411/851/550
f 1412/852/550 1413/853/631 1414/854/551
f 1415/855/632 1414/854/551 1413/853/631
f 1414/854/551 1415/855/632 1416/856/632
f 1417/857/633 1416/856/632 1415/855/632
f 1416/856/632 1417/857/633 1418/858/634
f 1419/859/556 1418/858/634 1417/857/633
f 1418/858/634 1419/859/556 1420/860/557
f 1421/861/635 1420/860/557 1419/859/556
f 1420/860/557 1421/861/635 1422/862/636
f 1423/863/560 1422/862/636 1421/861/635
f 1422/862/636 1423/863/560 1424/864/560
f 1425/865/637 1424/864/560 1423/863/560
f 1424/864/560 1425/865/637 1426/866/638
f 1427/867/639 1426/866/638 1425/865/637
f 1426/866/638 1427/867/639 1428/868/639
f 1429/869/640 1428/868/639 1427/867/639
f 1428/868/639 1429/869/640 1430/870/565
f 1431/871/566 1430/870/565 1429/869/640
f 1430/870/565 1431/871/566 1432/872/566
f 1405/928/606 1452/929/607 1453/930/608
f 1452/929/607 1405/928/606 1403/931/609
f 1403/931/609 1405/928/606 1404/932/610
f 1406/933/610 1404/932/610 1405/928/606
f 1448/934/611 1404/932/610 1406/933/610
f 1404/932/610 1448/934/611 1449/935/612
f 1393/936/613 1449/935/612 1448/934/611
f 1449/935/612 1393/936/613 1391/937/641
f 1391/937/641 1393/936/613 1392/938/614
f 1394/939/615 1392/938/614 1393/936/613
f 1446/940/616 1392/938/614 1394/939/615
f 1392/938/614 1446/940/616 1447/941/617
f 1401/942/618 1447/941/617 1446/940/616
f 1447/941/617 1401/942/618 1399/943/642
f 1399/943/642 1401/942/618 1400/944/620
f 1402/945/621 1400/944/620 1401/942/618
f 1451/946/622 1400/944/620 1402/945/621
f 1400/944/620 1451/946/622 1450/947/623
f 1396/948/624 1450/947/623 1451/946/622
f 1450/947/623 1396/948/624 1398/949/625
f 1398/949/625 1396/948/624 1397/950/626
f 1395/951/626 1397/950/626 1396/948/624
f 1455/952/627 1397/950/626 1395/951/626
f 1397/950/626 1455/952/627 1454/953/628
f 1474/847/643 1473/848/644 1472/849/645
f 1473/848/644 1474/847/643 1475/850/646
f 1476/851/647 1475/850/646 1474/847/643
f 1475/850/646 1476/851/647 1477/852/648
f 1478/853/649 1477/852/648 1476/851/647
f 1477/852/648 1478/853/649 1479/854/650
f 1480/855/651 1479/854/650 1478/853/649
f 1479/854/650 1480/855/651 1481/856/652
f 1482/857/653 1481/856/652 1480/855/651
f 1481/856/652 1482/857/653 1483/858/654
f 1484/859/655 1483/858/654 1482/857/653
f 1483/858/654 1484/859/655 1485/860/656
f 1486/861/657 1485/860/656 1484/859/655
f 1485/860/656 1486/861/657 1487/862/658
f 1488/863/659 1487/862/658 1486/861/657
f 1487/862/658 1488/863/659 1489/864/660
f 1490/865/661 1489/864/660 1488/863/659
f 1489/864/660 1490/865/661 1491/866/662
f 1492/867/663 1491/866/662 1490/865/661
f 1491/866/662 1492/867/663 1493/868/664
f 1494/869/665 1493/868/664 1492/867/663
f 1493/868/664 1494/869/665 1495/870/666
f 1496/871/667 1495/870/666 1494/869/665
f 1495/870/666 1496/871/667 1497/872/667
f 1470/928/668 1517/929/669 1518/930/670
f 1517/929/669 1470/928/668 1468/931/671
f 1468/931/671 1470/928/668 1469/932/672
f 1471/933/621 1469/932/672 1470/928/668
f 1513/934/673 1469/932/672 1471/933/621
f 1469/932/672 1513/934/673 1514/935/674
f 1458/936/624 1514/935/674 1513/934/673
f 1514/935/674 1458/936/624 1456/937/624
f 1456/937/624 1458/936/624 1457/938/675
f 1459/939/675 1457/938/675 1458/936/624
f 1511/940/676 1457/938/675 1459/939/675
f 1457/938/675 1511/940/676 1512/941/677
f 1466/942/678 1512/941/677 1511/940/676
f 1512/941/677 1466/942/678 1464/943/609
f 1464/943/609 1466/942/678 1465/944/679
f 1467/945/610 1465/944/679 1466/942/678
f 1516/946/680 1465/944/679 1467/945/610
f 1465/944/679 1516/946/680 1515/947/681
f 1461/948/613 1515/947/681 1516/946/680
f 1515/947/681 1461/948/613 1463/949/682
f 1463/949/682 1461/948/613 1462/950/683
f 1460/951/684 1462/950/683 1461/948/613
f 1520/952/685 1462/950/683 1460/951/684
f 1462/950/683 1520/952/685 1519/953/686
f 1539/847/687 1538/848/645 1537/849/645
f 1538/848/645 1539/847/687 1540/850/646
f 1541/851/647 1540/850/646 1539/847/687
f 1540/850/646 1541/851/647 1542/852/647
f 1543/853/649 1542/852/647 1541/851/647
f 1542/852/647 1543/853/649 1544/854/688
f 1545/855/652 1544/854/688 1543/853/649
f 1544/854/688 1545/855/652 1546/856/652
f 1547/857/653 1546/856/652 1545/855/652
f 1546/856/652 1547/857/653 1548/858/654
f 1549/859/656 1548/858/654 1547/857/653
f 1548/858/654 1549/859/656 1550/860/656
f 1551/861/689 1550/860/656 1549/859/656
f 1550/860/656 1551/861/689 1552/862/690
f 1553/863/659 1552/862/690 1551/861/689
f 1552/862/690 1553/863/659 1554/864/660
f 1555/865/661 1554/864/660 1553/863/659
f 1554/864/660 1555/865/661 1556/866/691
f 1557/867/692 1556/866/691 1555/865/661
f 1556/866/691 1557/867/692 1558/868/692
f 1559/869/693 1558/868/692 1557/867/692
f 1558/868/692 1559/869/693 1560/870/694
f 1561/871/667 1560/870/694 1559/869/693
f 1560/870/694 1561/871/667 1562/872/695
f 1535/928/668 1582/929/669 1583/930/696
f 1582/929/669 1535/928/668 1533/931/642
f 1533/931/642 1535/928/668 1534/932/672
f 1536/933/621 1534/932/672 1535/928/668
f 1578/934/697 1534/932/672 1536/933/621
f 1534/932/672 1578/934/697 1579/935/698
f 1523/936/624 1579/935/698 1578/934/697
f 1579/935/698 1523/936/624 1521/937/624
f 1521/937/624 1523/936/624 1522/938/675
f 1524/939/699 1522/938/675 1523/936/624
f 1576/940/676 1522/938/675 1524/939/699
f 1522/938/675 1576/940/676 1577/941/700
f 1531/942/678 1577/941/700 1576/940/676
f 1577/941/700 1531/942/678 1529/943/609
f 1529/943/609 1531/942/678 1530/944/679
f 1532/945/610 1530/944/679 1531/942/678
f 1581/946/701 1530/944/679 1532/945/610
f 1530/944/679 1581/946/701 1580/947/681
f 1526/948/613 1580/947/681 1581/946/701
f 1580/947/681 1526/948/613 1528/949/682
f 1528/949/682 1526/948/613 1527/950/683
f 1525/951/684 1527/950/683 1526/948/613
f 1585/952/685 1527/950/683 1525/951/684
f 1527/950/683 1585/952/685 1584/953/686
f 1588/954/596 1587/955/596 1586/956/598
f 1589/957/598 1587/955/596 1588/954/596
f 1587/955/596 1589/957/598 1590/958/598
f 1591/959/598 1590/958/598 1589/957/598
f 1590/958/598 1591/959/598 1592/960/598
f 1593/961/598 1592/960/598 1591/959/598
f 1592/960/598 1593/961/598 1594/962/596
f 1595/963/598 1594/962/596 1593/961/598
f 1594/962/596 1595/963/598 1596/964/598
f 1597/965/598 1596/964/598 1595/963/598
f 1596/964/598 1597/965/598 1598/966/598
f 1599/967/598 1598/966/598 1597/965/598
f 1602/968/702 1601/954/702 1600/969/702
f 1601/954/702 1602/968/702 1603/956/702
f 1606/970/702 1605/971/702 1604/972/702
f 1607/973/702 1605/971/702 1606/970/702
f 1605/971/702 1607/973/702 1608/974/702
f 1609/975/702 1608/974/702 1607/973/702
f 1608/974/702 1609/975/702 1610/976/702
f 1611/977/702 1610/976/702 1609/975/702
f 1610/976/702 1611/977/702 1612/978/702
f 1613/979/702 1612/978/702 1611/977/702
f 1612/978/702 1613/979/702 1614/980/702
f 1615/981/702 1614/980/702 1613/979/702
f 1614/980/702 1615/981/702 1616/982/702
f 1617/983/702 1616/982/702 1615/981/702
f 1620/971/598 1619/984/598 1618/974/596
f 1619/984/598 1620/971/598 1621/985/598
f 1624/984/702 1623/986/702 1622/985/702
f 1623/986/702 1624/984/702 1625/987/702
f 1628/985/596 1627/987/596 1626/984/598
f 1627/987/596 1628/985/596 1629/986/596
f 1632/988/702 1631/969/702 1630/989/702
f 1631/969/702 1632/988/702 1633/968/702
f 1636/989/598 1635/968/598 1634/988/598
f 1635/968/598 1636/989/598 1637/969/598
f 1640/974/702 1639/985/702 1638/971/702
f 1639/985/702 1640/974/702 1641/984/702
f 1644/956/702 1643/990/702 1642/954/702
f 1645/955/702 1643/990/702 1644/956/702
f 1643/990/702 1645/955/702 1646/959/702
f 1647/991/702 1646/959/702 1645/955/702
f 1646/959/702 1647/991/702 1648/961/702
f 1649/960/702 1648/961/702 1647/991/702
f 1648/961/702 1649/960/702 1650/963/702
f 1651/962/702 1650/963/702 1649/960/702
f 1650/963/702 1651/962/702 1652/965/702
f 1653/964/702 1652/965/702 1651/962/702
f 1652/965/702 1653/964/702 1654/967/702
f 1655/966/702 1654/967/702 1653/964/702
f 1658/992/596 1657/993/703 1656/994/596
f 1659/995/596 1657/993/703 1658/992/596
f 1657/993/703 1659/995/596 1660/981/596
f 1661/996/596 1660/981/596 1659/995/596
f 1660/981/596 1661/996/596 1662/983/596
f 1663/997/596 1662/983/596 1661/996/596
f 1662/983/596 1663/997/596 1664/982/598
f 1665/971/598 1664/982/598 1663/997/596
f 1664/982/598 1665/971/598 1666/980/596
f 1667/974/598 1666/980/596 1665/971/598
f 1666/980/596 1667/974/598 1668/978/598
f 1669/976/596 1668/978/598 1667/974/598
f 1672/969/598 1671/956/596 1670/968/596
f 1671/956/596 1672/969/598 1673/954/598
f 19/11/704 18/998/34 17/999/705
f 20/8/706 18/998/34 19/11/704
f 18/998/34 20/8/706 30/1000/707
f 29/10/708 30/1000/707 20/8/706
f 30/1000/707 29/10/708 37/1001/709
f 38/7/708 37/1001/709 29/10/708
f 37/1001/709 38/7/708 41/1002/30
f 42/4/710 41/1002/30 38/7/708
f 41/1002/30 42/4/710 58/1003/711
f 57/6/712 58/1003/711 42/4/710
f 58/1003/711 57/6/712 65/1004/713
f 66/1/714 65/1004/713 57/6/712
f 65/1004/713 66/1/714 54/1005/715
f 53/3/716 54/1005/715 66/1/714
f 54/1005/715 53/3/716 50/1006/717
f 49/12/718 50/1006/717 53/3/716
f 50/1006/717 49/12/718 47/1007/719
f 48/103/718 47/1007/719 49/12/718
f 47/1007/719 48/103/718 26/1008/24
f 25/104/720 26/1008/24 48/103/718
f 26/1008/24 25/104/720 22/1009/721
f 21/105/722 22/1009/721 25/104/720
f 22/1009/721 21/105/722 17/999/705
f 19/11/704 17/999/705 21/105/722
f 109/23/723 108/1010/69 107/1011/724
f 110/20/725 108/1010/69 109/23/723
f 108/1010/69 110/20/725 120/108/726
f 119/22/727 120/108/726 110/20/725
f 120/108/726 119/22/727 127/1012/728
f 128/19/729 127/1012/728 119/22/727
f 127/1012/728 128/19/729 131/1013/81
f 132/16/730 131/1013/81 128/19/729
f 131/1013/81 132/16/730 148/1014/731
f 147/18/732 148/1014/731 132/16/730
f 148/1014/731 147/18/732 155/1015/733
f 156/13/734 155/1015/733 147/18/732
f 155/1015/733 156/13/734 144/1016/98
f 143/15/735 144/1016/98 156/13/734
f 144/1016/98 143/15/735 140/1017/736
f 139/28/737 140/1017/736 143/15/735
f 140/1017/736 139/28/737 137/1018/738
f 138/27/739 137/1018/738 139/28/737
f 137/1018/738 138/27/739 116/1019/73
f 115/24/740 116/1019/73 138/27/739
f 116/1019/73 115/24/740 112/1020/741
f 111/26/742 112/1020/741 115/24/740
f 112/1020/741 111/26/742 107/1011/724
f 109/23/723 107/1011/724 111/26/742
f 185/1021/743 184/1022/744 183/1023/745
f 186/1024/746 184/1022/744 185/1021/743
f 184/1022/744 186/1024/746 252/1025/747
f 253/1026/748 252/1025/747 186/1024/746
f 252/1025/747 253/1026/748 209/1027/749
f 208/1028/750 209/1027/749 253/1026/748
f 209/1027/749 208/1028/750 204/1029/110
f 203/1030/751 204/1029/110 208/1028/750
f 204/1029/110 203/1030/751 199/1031/110
f 201/1032/751 199/1031/110 203/1030/751
f 199/1031/110 201/1032/751 200/1033/752
f 202/1034/753 200/1033/752 201/1032/751
f 200/1033/752 202/1034/753 246/1035/754
f 247/1036/755 246/1035/754 202/1034/753
f 246/1035/754 247/1036/755 215/1037/756
f 213/1038/757 215/1037/756 247/1036/755
f 215/1037/756 213/1038/757 214/1039/758
f 212/1040/759 214/1039/758 213/1038/757
f 214/1039/758 212/1040/759 222/1041/758
f 223/1042/760 222/1041/758 212/1040/759
f 222/1041/758 223/1042/760 226/1043/761
f 227/1044/762 226/1043/761 223/1042/760
f 226/1043/761 227/1044/762 257/1045/763
f 256/1046/764 257/1045/763 227/1044/762
f 257/1045/763 256/1046/764 231/1047/765
f 229/1048/766 231/1047/765 256/1046/764
f 231/1047/765 229/1048/766 230/1049/767
f 228/1050/768 230/1049/767 229/1048/766
f 230/1049/767 228/1050/768 238/1051/769
f 239/1052/768 238/1051/769 228/1050/768
f 238/1051/769 239/1052/768 242/1053/770
f 243/1054/771 242/1053/770 239/1052/768
f 242/1053/770 243/1054/771 263/1055/772
f 262/1056/773 263/1055/772 243/1054/771
f 263/1055/772 262/1056/773 192/1057/774
f 191/1058/775 192/1057/774 262/1056/773
f 192/1057/774 191/1058/775 188/1059/745
f 187/1060/776 188/1059/745 191/1058/775
f 188/1059/745 187/1060/776 183/1023/745
f 183/1023/745 187/1060/776 185/1021/743
f 191/1058/775 185/1021/743 187/1060/776
f 253/1026/748 185/1021/743 191/1058/775
f 185/1021/743 253/1026/748 186/1024/746
f 262/1056/773 253/1026/748 191/1058/775
f 253/1026/748 262/1056/773 208/1028/750
f 243/1054/771 208/1028/750 262/1056/773
f 208/1028/750 243/1054/771 203/1030/751
f 239/1052/768 203/1030/751 243/1054/771
f 203/1030/751 239/1052/768 201/1032/751
f 228/1050/768 201/1032/751 239/1052/768
f 229/1048/766 201/1032/751 228/1050/768
f 201/1032/751 229/1048/766 202/1034/753
f 202/1034/753 229/1048/766 247/1036/755
f 256/1046/764 247/1036/755 229/1048/766
f 212/1040/759 247/1036/755 256/1046/764
f 247/1036/755 212/1040/759 213/1038/757
f 227/1044/762 212/1040/759 256/1046/764
f 212/1040/759 227/1044/762 223/1042/760
f 367/195/133 366/1061/777 365/1062/778
f 368/194/132 366/1061/777 367/195/133
f 366/1061/777 368/194/132 381/1063/779
f 383/193/131 381/1063/779 368/194/132
f 381/1063/779 383/193/131 382/1064/780
f 384/192/130 382/1064/780 383/193/131
f 382/1064/780 384/192/130 389/1065/334
f 390/1066/781 389/1065/334 384/192/130
f 389/1065/334 390/1066/781 395/1067/782
f 397/1068/783 395/1067/782 390/1066/781
f 395/1067/782 397/1068/783 396/1069/784
f 398/1070/785 396/1069/784 397/1068/783
f 396/1069/784 398/1070/785 403/1071/786
f 404/1072/787 403/1071/786 398/1070/785
f 403/1071/786 404/1072/787 412/1073/788
f 411/199/137 412/1073/788 404/1072/787
f 412/1073/788 411/199/137 409/1074/789
f 410/198/136 409/1074/789 411/199/137
f 409/1074/789 410/198/136 374/1075/155
f 373/197/135 374/1075/155 410/198/136
f 374/1075/155 373/197/135 370/1076/790
f 369/196/134 370/1076/790 373/197/135
f 370/1076/790 369/196/134 365/1062/778
f 367/195/133 365/1062/778 369/196/134
f 404/1072/787 292/185/124 411/199/137
f 398/1070/785 292/185/124 404/1072/787
f 397/1068/783 292/185/124 398/1070/785
f 292/185/124 397/1068/783 290/187/125
f 390/1066/781 290/187/125 397/1068/783
f 290/187/125 390/1066/781 384/192/130
f 947/1077/8 946/1078/8 948/1079/8
f 946/1078/8 947/1077/8 949/1080/8
f 949/1080/8 947/1077/8 950/1081/8
f 950/1081/8 947/1077/8 951/1082/8
f 951/1082/8 947/1077/8 952/1083/8
f 952/1083/8 947/1077/8 953/1084/8
f 953/1084/8 947/1077/8 954/1085/8
f 954/1085/8 947/1077/8 955/1086/8
f 955/1086/8 947/1077/8 956/1087/8
f 956/1087/8 947/1077/8 957/1088/8
f 957/1088/8 947/1077/8 1057/1089/8
f 1041/1090/8 1057/1089/8 947/1077/8
f 1057/1089/8 1041/1090/8 1056/1091/8
f 1042/1092/8 1056/1091/8 1041/1090/8
f 1056/1091/8 1042/1092/8 1055/1093/8
f 1055/1093/8 1042/1092/8 1048/1094/8
f 1048/1094/8 1042/1092/8 1047/1095/8
f 1047/1095/8 1042/1092/8 1049/1096/8
f 1049/1096/8 1042/1092/8 1050/1097/8
f 1050/1097/8 1042/1092/8 1051/1098/8
f 1051/1098/8 1042/1092/8 1052/1099/8
f 1052/1099/8 1042/1092/8 1053/1100/8
f 1053/1100/8 1042/1092/8 1054/1101/8
f 1054/1101/8 1042/1092/8 1044/1102/8
f 1044/1102/8 1042/1092/8 1043/1103/8
f 1041/1090/8 1043/1103/8 1042/1092/8
f 1043/1103/8 1041/1090/8 948/1079/8
f 947/1077/8 948/1079/8 1041/1090/8
f 959/1104/9 958/1105/9 960/1106/9
f 958/1105/9 959/1104/9 1026/1107/9
f 1013/1108/9 1026/1107/9 959/1104/9
f 1026/1107/9 1013/1108/9 1023/1109/511
f 1015/1110/9 1023/1109/511 1013/1108/9
f 1023/1109/511 1015/1110/9 1022/1111/511
f 1022/1111/511 1015/1110/9 1021/1112/9
f 1021/1112/9 1015/1110/9 1020/1113/9
f 1020/1113/9 1015/1110/9 1019/1114/9
f 1019/1114/9 1015/1110/9 1018/1115/9
f 1018/1115/9 1015/1110/9 1017/1116/9
f 1017/1116/9 1015/1110/9 1016/1117/9
f 1016/1117/9 1015/1110/9 1014/1118/9
f 1014/1118/9 1015/1110/9 1025/1119/9
f 1025/1119/9 1015/1110/9 1024/1120/9
f 1024/1120/9 1015/1110/9 1012/1121/9
f 1013/1108/9 1012/1121/9 1015/1110/9
f 1012/1121/9 1013/1108/9 969/1122/791
f 959/1104/9 969/1122/791 1013/1108/9
f 969/1122/791 959/1104/9 968/1123/791
f 968/1123/791 959/1104/9 967/1124/9
f 967/1124/9 959/1104/9 966/1125/9
f 966/1125/9 959/1104/9 965/1126/9
f 965/1126/9 959/1104/9 964/1127/9
f 964/1127/9 959/1104/9 963/1128/9
f 963/1128/9 959/1104/9 962/1129/9
f 962/1129/9 959/1104/9 961/1130/9
f 960/1106/9 961/1130/9 959/1104/9
f 1273/1131/792 1272/1132/793 1274/1133/794
f 1272/1132/793 1273/1131/792 1284/1134/793
f 1284/1134/793 1273/1131/792 1283/1135/793
f 1283/1135/793 1273/1131/792 1282/1136/793
f 1282/1136/793 1273/1131/792 1281/1137/795
f 1281/1137/795 1273/1131/792 1280/1138/794
f 1280/1138/794 1273/1131/792 1279/1139/794
f 1279/1139/794 1273/1131/792 1278/1140/792
f 1278/1140/792 1273/1131/792 1277/1141/794
f 1277/1141/794 1273/1131/792 1276/1142/794
f 1276/1142/794 1273/1131/792 1275/1143/794
f 1274/1133/794 1275/1143/794 1273/1131/792
f 1434/1131/794 1433/1132/793 1435/1133/794
f 1433/1132/793 1434/1131/794 1445/1134/793
f 1445/1134/793 1434/1131/794 1444/1135/793
f 1444/1135/793 1434/1131/794 1443/1136/793
f 1443/1136/793 1434/1131/794 1442/1137/793
f 1442/1137/793 1434/1131/794 1441/1138/794
f 1441/1138/794 1434/1131/794 1440/1139/794
f 1440/1139/794 1434/1131/794 1439/1140/792
f 1439/1140/792 1434/1131/794 1438/1141/794
f 1438/1141/794 1434/1131/794 1437/1142/794
f 1437/1142/794 1434/1131/794 1436/1143/794
f 1435/1133/794 1436/1143/794 1434/1131/794
f 1499/1131/796 1498/1132/797 1500/1133/798
f 1498/1132/797 1499/1131/796 1510/1134/797
f 1510/1134/797 1499/1131/796 1509/1135/797
f 1509/1135/797 1499/1131/796 1508/1136/797
f 1508/1136/797 1499/1131/796 1507/1137/796
f 1507/1137/796 1499/1131/796 1506/1138/797
f 1506/1138/797 1499/1131/796 1505/1139/799
f 1505/1139/799 1499/1131/796 1504/1140/800
f 1504/1140/800 1499/1131/796 1503/1141/798
f 1503/1141/798 1499/1131/796 1502/1142/797
f 1502/1142/797 1499/1131/796 1501/1143/798
f 1500/1133/798 1501/1143/798 1499/1131/796
f 1564/1131/796 1563/1132/798 1565/1133/797
f 1563/1132/798 1564/1131/796 1575/1134/801
f 1575/1134/801 1564/1131/796 1574/1135/802
f 1574/1135/802 1564/1131/796 1573/1136/797
f 1573/1136/797 1564/1131/796 1572/1137/796
f 1572/1137/796 1564/1131/796 1571/1138/798
f 1571/1138/798 1564/1131/796 1570/1139/801
f 1570/1139/801 1564/1131/796 1569/1140/803
f 1569/1140/803 1564/1131/796 1568/1141/797
f 1568/1141/797 1564/1131/796 1567/1142/798
f 1567/1142/798 1564/1131/796 1566/1143/798
f 1565/1133/797 1566/1143/798 1564/1131/796
