# Blender 5.1.1
# www.blender.org
o ev_obj_w9_hideconsole_metal901
v -1.153462 0.513279 0.645393
v -1.155475 0.518278 0.645393
v -1.153462 0.403079 0.645393
v -1.155475 0.398080 0.645394
v -1.160336 0.520349 0.645393
v -1.160336 0.396009 0.645393
v -1.160336 0.520349 0.645393
v -1.419705 0.520349 0.645393
v -1.160336 0.396009 0.645393
v -1.419705 0.396009 0.645393
v -1.419705 0.520349 0.645393
v -1.424566 0.518278 0.645393
v -1.419705 0.396009 0.645393
v -1.424566 0.398080 0.645394
v -1.426580 0.513279 0.645393
v -1.426580 0.403079 0.645393
v -0.763757 0.484651 0.636807
v -0.763757 0.396009 0.636806
v -0.588982 0.484651 0.636807
v -0.588982 0.396009 0.636806
v -0.763757 0.484651 0.636807
v -0.768618 0.482581 0.636807
v -0.763757 0.396009 0.636806
v -0.768618 0.398079 0.636808
v -0.770632 0.477581 0.636807
v -0.770632 0.403079 0.636807
v -0.588982 0.396009 0.636806
v -0.584121 0.398079 0.636808
v -0.588982 0.484651 0.636807
v -0.584121 0.482581 0.636807
v -0.582107 0.403079 0.636807
v -0.582107 0.477581 0.636807
v -1.429586 0.428745 1.005881
v -1.376885 0.437575 1.008644
v -1.324184 0.437575 1.008644
v -0.797177 0.518488 0.753629
v -0.955279 0.518488 0.753629
v -0.797177 0.509657 0.750865
v -0.955279 0.509657 0.750865
v -0.797177 0.486122 0.855633
v -0.797177 0.502303 0.804633
v -0.797177 0.509657 0.750865
v -1.429586 0.518488 0.753629
v -1.429586 0.502303 0.804633
v -1.429586 0.509657 0.750865
v -0.646611 0.460165 0.936561
v -0.595830 0.460165 0.936561
v -0.595830 0.450837 0.933637
v -0.595830 0.531674 0.711165
v -0.646611 0.531674 0.711165
v -0.595830 0.522355 0.708246
v -0.595830 0.495920 0.823862
v -0.595830 0.531674 0.711165
v -0.595830 0.522355 0.708246
v -0.748172 0.531674 0.711165
v -0.748172 0.513796 0.767513
v -0.748172 0.522355 0.708246
v -0.948473 0.509291 0.799507
v -0.948473 0.521241 0.761847
v -0.803983 0.509291 0.799507
v -0.803983 0.521241 0.761847
v -0.602637 0.534754 0.719489
v -0.602637 0.503235 0.818840
v -0.639805 0.534754 0.719489
v -0.639805 0.503235 0.818840
v -1.113381 0.518488 0.753629
v -1.166082 0.518488 0.753629
v -1.113381 0.509657 0.750865
v -1.166082 0.509657 0.750865
v -1.159276 0.521241 0.761847
v -1.120187 0.521241 0.761847
v -1.159276 0.509291 0.799507
v -1.120187 0.509291 0.799507
v -1.376885 0.518488 0.753629
v -1.429586 0.518488 0.753629
v -1.376885 0.509657 0.750865
v -1.429586 0.509657 0.750865
v -1.422780 0.521240 0.761847
v -1.383691 0.521240 0.761847
v -1.422780 0.509291 0.799507
v -1.383691 0.509291 0.799507
v -1.429586 0.428745 1.005881
v -1.429586 0.437575 1.008644
v -1.376885 0.437575 1.008644
v -1.324184 0.518488 0.753629
v -1.324184 0.509657 0.750865
v -1.370079 0.521241 0.761846
v -1.330990 0.521241 0.761846
v -1.370079 0.509291 0.799507
v -1.330990 0.509291 0.799507
v -1.271484 0.518488 0.753629
v -1.271484 0.509657 0.750865
v -1.317378 0.521241 0.761847
v -1.278290 0.521241 0.761847
v -1.317378 0.509291 0.799507
v -1.278290 0.509291 0.799507
v -1.218783 0.518488 0.753629
v -1.218783 0.509657 0.750865
v -1.264678 0.521241 0.761847
v -1.225589 0.521241 0.761847
v -1.264678 0.509291 0.799507
v -1.225589 0.509291 0.799507
v -1.211977 0.521241 0.761847
v -1.172888 0.521241 0.761847
v -1.211977 0.509291 0.799507
v -1.172888 0.509291 0.799507
v -1.060681 0.518488 0.753629
v -1.060681 0.509657 0.750865
v -1.106575 0.521241 0.761847
v -1.067487 0.521241 0.761847
v -1.106575 0.509291 0.799507
v -1.067487 0.509291 0.799507
v -1.007980 0.518488 0.753629
v -1.007980 0.509657 0.750865
v -1.053875 0.521241 0.761847
v -1.014786 0.521241 0.761847
v -1.053875 0.509291 0.799507
v -1.014786 0.509291 0.799507
v -1.001174 0.521241 0.761847
v -0.962085 0.521241 0.761847
v -1.001174 0.509291 0.799507
v -0.962085 0.509291 0.799507
v -0.741366 0.534754 0.719489
v -0.704197 0.534754 0.719489
v -0.741366 0.521110 0.762495
v -0.704197 0.521110 0.762495
v -0.690585 0.534754 0.719489
v -0.653417 0.534754 0.719489
v -0.690585 0.521110 0.762495
v -0.653417 0.521110 0.762495
v -0.748172 0.450837 0.933637
v -0.748172 0.460165 0.936561
v -0.646611 0.460165 0.936561
v -1.383691 0.456509 0.965862
v -1.383691 0.444561 1.003518
v -1.422780 0.456509 0.965862
v -1.422780 0.444561 1.003518
v -1.330990 0.456509 0.965862
v -1.330990 0.444561 1.003518
v -1.370079 0.456509 0.965862
v -1.370079 0.444561 1.003518
v -1.317378 0.444561 1.003518
v -1.317378 0.456509 0.965862
v -0.962085 0.444561 1.003518
v -0.962085 0.456509 0.965862
v -1.383691 0.472692 0.914858
v -1.383691 0.460744 0.952515
v -1.422780 0.472692 0.914858
v -1.422780 0.460744 0.952515
v -1.330990 0.472692 0.914858
v -1.330990 0.460744 0.952515
v -1.370079 0.472692 0.914858
v -1.370079 0.460744 0.952515
v -1.278290 0.472692 0.914858
v -1.278290 0.460744 0.952515
v -1.317378 0.472692 0.914858
v -1.317378 0.460744 0.952515
v -1.225589 0.472692 0.914858
v -1.225589 0.460744 0.952515
v -1.264678 0.472692 0.914858
v -1.264678 0.460744 0.952515
v -1.172888 0.472692 0.914858
v -1.172888 0.460744 0.952515
v -1.211977 0.472692 0.914858
v -1.211977 0.460744 0.952515
v -1.120187 0.472692 0.914858
v -1.120187 0.460744 0.952515
v -1.159276 0.472692 0.914858
v -1.159276 0.460744 0.952515
v -1.067487 0.472692 0.914858
v -1.067487 0.460744 0.952515
v -1.106575 0.472692 0.914858
v -1.106575 0.460744 0.952515
v -1.014786 0.472692 0.914858
v -1.014786 0.460744 0.952515
v -1.053875 0.472692 0.914858
v -1.053875 0.460744 0.952515
v -0.962085 0.472692 0.914858
v -0.962085 0.460744 0.952515
v -1.001174 0.472692 0.914858
v -1.001174 0.460744 0.952515
v -0.909385 0.472692 0.914858
v -0.909385 0.460744 0.952515
v -0.948473 0.472692 0.914858
v -0.948473 0.460744 0.952515
v -0.856684 0.472692 0.914858
v -0.856684 0.460744 0.952515
v -0.895773 0.472692 0.914858
v -0.895773 0.460744 0.952515
v -0.803983 0.444561 1.003518
v -0.843072 0.456509 0.965862
v -0.803983 0.472692 0.914858
v -0.843072 0.472692 0.914858
v -0.797177 0.428745 1.005881
v -0.797177 0.437575 1.008644
v -0.797177 0.469941 0.906636
v -1.383691 0.488875 0.863855
v -1.383691 0.476925 0.901514
v -1.422780 0.488875 0.863855
v -1.422780 0.476925 0.901514
v -1.330990 0.488875 0.863855
v -1.330990 0.476925 0.901514
v -1.370079 0.488875 0.863855
v -1.370079 0.476925 0.901514
v -1.278290 0.488875 0.863855
v -1.278290 0.476925 0.901514
v -1.317378 0.488875 0.863855
v -1.317378 0.476925 0.901514
v -1.225589 0.488875 0.863855
v -1.225589 0.476925 0.901514
v -1.264678 0.488875 0.863855
v -1.264678 0.476925 0.901514
v -1.172888 0.488875 0.863855
v -1.172888 0.476925 0.901514
v -1.211977 0.488875 0.863855
v -1.211977 0.476925 0.901514
v -1.120187 0.488875 0.863855
v -1.120187 0.476925 0.901514
v -1.159276 0.488875 0.863855
v -1.159276 0.476925 0.901514
v -1.067487 0.488875 0.863855
v -1.067487 0.476925 0.901514
v -1.106575 0.488875 0.863855
v -1.106575 0.476925 0.901514
v -1.014786 0.488875 0.863855
v -1.014786 0.476925 0.901514
v -1.053875 0.488875 0.863855
v -1.053875 0.476925 0.901514
v -0.962085 0.488875 0.863855
v -0.962085 0.476925 0.901514
v -1.001174 0.488875 0.863855
v -1.001174 0.476925 0.901514
v -0.909385 0.488875 0.863855
v -0.909385 0.476925 0.901514
v -0.948473 0.488875 0.863855
v -0.948473 0.476925 0.901514
v -0.856684 0.488875 0.863855
v -0.856684 0.476925 0.901514
v -0.895773 0.488875 0.863855
v -0.895773 0.476925 0.901514
v -0.803983 0.488875 0.863855
v -0.803983 0.476925 0.901514
v -0.843072 0.488875 0.863855
v -0.843072 0.476925 0.901514
v -0.797177 0.428745 1.005881
v -0.797177 0.469941 0.906636
v -0.797177 0.486122 0.855633
v -1.383691 0.505056 0.812850
v -1.383691 0.493107 0.850511
v -1.422780 0.505056 0.812850
v -1.422780 0.493107 0.850511
v -1.330990 0.505056 0.812850
v -1.330990 0.493107 0.850511
v -1.370079 0.505056 0.812850
v -1.370079 0.493107 0.850511
v -1.278290 0.505056 0.812850
v -1.278290 0.493107 0.850511
v -1.317378 0.505056 0.812850
v -1.317378 0.493107 0.850511
v -1.225589 0.505056 0.812850
v -1.225589 0.493107 0.850511
v -1.264678 0.505056 0.812850
v -1.264678 0.493107 0.850511
v -1.172888 0.505056 0.812850
v -1.172888 0.493107 0.850511
v -1.211977 0.505056 0.812850
v -1.211977 0.493107 0.850511
v -1.120187 0.505056 0.812850
v -1.120187 0.493107 0.850511
v -1.159276 0.505056 0.812850
v -1.159276 0.493107 0.850511
v -1.067487 0.505056 0.812850
v -1.067487 0.493107 0.850511
v -1.106575 0.505056 0.812850
v -1.106575 0.493107 0.850511
v -1.014786 0.505056 0.812850
v -1.014786 0.493107 0.850511
v -1.053875 0.505056 0.812850
v -1.053875 0.493107 0.850511
v -0.962085 0.505056 0.812850
v -0.962085 0.493107 0.850511
v -1.001174 0.505056 0.812850
v -1.001174 0.493107 0.850511
v -0.909385 0.505056 0.812850
v -0.909385 0.493107 0.850511
v -0.948473 0.505056 0.812850
v -0.948473 0.493107 0.850511
v -0.856684 0.505056 0.812850
v -0.856684 0.493107 0.850511
v -0.895773 0.505056 0.812850
v -0.895773 0.493107 0.850511
v -0.803983 0.505056 0.812850
v -0.803983 0.493107 0.850511
v -0.843072 0.505056 0.812850
v -0.843072 0.493107 0.850511
v -0.741366 0.467481 0.931539
v -0.741366 0.481124 0.888533
v -0.653417 0.467481 0.931539
v -0.653417 0.481124 0.888533
v -0.704197 0.498999 0.832188
v -0.704197 0.485356 0.875190
v -0.741366 0.498999 0.832188
v -0.741366 0.485356 0.875190
v -0.653417 0.498999 0.832188
v -0.653417 0.485356 0.875190
v -0.690585 0.498999 0.832188
v -0.690585 0.485356 0.875190
v -0.602637 0.467481 0.931539
v -0.639805 0.467481 0.931539
v -0.602637 0.498999 0.832188
v -0.639805 0.498999 0.832188
v -0.595830 0.450837 0.933637
v -0.595830 0.460165 0.936561
v -0.595830 0.495920 0.823862
v -0.704197 0.516877 0.775839
v -0.704197 0.503235 0.818840
v -0.741366 0.516877 0.775839
v -0.741366 0.503235 0.818840
v -0.653417 0.516877 0.775839
v -0.653417 0.503235 0.818840
v -0.690585 0.516877 0.775839
v -0.690585 0.503235 0.818840
v -1.429586 0.518488 0.753629
v -1.422780 0.521240 0.761847
v -1.429586 0.502303 0.804633
v -1.422780 0.509291 0.799507
v -1.429586 0.502303 0.804633
v -1.422780 0.509291 0.799507
v -1.376885 0.502303 0.804633
v -1.383691 0.509291 0.799507
v -1.376885 0.502303 0.804633
v -1.383691 0.509291 0.799507
v -1.376885 0.518488 0.753629
v -1.383691 0.521240 0.761847
v -1.376885 0.518488 0.753629
v -1.383691 0.521240 0.761847
v -1.429586 0.518488 0.753629
v -1.422780 0.521240 0.761847
v -1.376885 0.502303 0.804633
v -1.383691 0.505056 0.812850
v -1.429586 0.502303 0.804633
v -1.422780 0.505056 0.812850
v -1.429586 0.502303 0.804633
v -1.422780 0.505056 0.812850
v -1.429586 0.486122 0.855633
v -1.422780 0.493107 0.850511
v -1.429586 0.486122 0.855633
v -1.422780 0.493107 0.850511
v -1.376885 0.486122 0.855633
v -1.383691 0.493107 0.850511
v -1.376885 0.486122 0.855633
v -1.383691 0.493107 0.850511
v -1.376885 0.502303 0.804633
v -1.383691 0.505056 0.812850
v -1.376885 0.486122 0.855633
v -1.383691 0.488875 0.863855
v -1.429586 0.486122 0.855633
v -1.422780 0.488875 0.863855
v -1.429586 0.486122 0.855633
v -1.422780 0.488875 0.863855
v -1.429586 0.469941 0.906636
v -1.422780 0.476925 0.901514
v -1.429586 0.469941 0.906636
v -1.422780 0.476925 0.901514
v -1.376885 0.469941 0.906636
v -1.383691 0.476925 0.901514
v -1.376885 0.469941 0.906636
v -1.383691 0.476925 0.901514
v -1.376885 0.486122 0.855633
v -1.383691 0.488875 0.863855
v -1.376885 0.469941 0.906636
v -1.383691 0.472692 0.914858
v -1.429586 0.469941 0.906636
v -1.422780 0.472692 0.914858
v -1.429586 0.469941 0.906636
v -1.422780 0.472692 0.914858
v -1.429586 0.453756 0.957641
v -1.422780 0.460744 0.952515
v -1.429586 0.453756 0.957641
v -1.422780 0.460744 0.952515
v -1.376885 0.453756 0.957641
v -1.383691 0.460744 0.952515
v -1.376885 0.453756 0.957641
v -1.383691 0.460744 0.952515
v -1.376885 0.469941 0.906636
v -1.383691 0.472692 0.914858
v -1.376885 0.453756 0.957641
v -1.383691 0.456509 0.965862
v -1.429586 0.453756 0.957641
v -1.422780 0.456509 0.965862
v -1.429586 0.453756 0.957641
v -1.422780 0.456509 0.965862
v -1.429586 0.437575 1.008644
v -1.422780 0.444561 1.003518
v -1.429586 0.437575 1.008644
v -1.422780 0.444561 1.003518
v -1.376885 0.437575 1.008644
v -1.383691 0.444561 1.003518
v -1.376885 0.437575 1.008644
v -1.383691 0.444561 1.003518
v -1.376885 0.453756 0.957641
v -1.383691 0.456509 0.965862
v -1.376885 0.518488 0.753629
v -1.370079 0.521241 0.761846
v -1.376885 0.502303 0.804633
v -1.370079 0.509291 0.799507
v -1.376885 0.502303 0.804633
v -1.370079 0.509291 0.799507
v -1.324184 0.502303 0.804633
v -1.330990 0.509291 0.799507
v -1.324184 0.502303 0.804633
v -1.330990 0.509291 0.799507
v -1.324184 0.518488 0.753629
v -1.330990 0.521241 0.761846
v -1.324184 0.518488 0.753629
v -1.330990 0.521241 0.761846
v -1.376885 0.518488 0.753629
v -1.370079 0.521241 0.761846
v -1.324184 0.502303 0.804633
v -1.330990 0.505056 0.812850
v -1.376885 0.502303 0.804633
v -1.370079 0.505056 0.812850
v -1.376885 0.502303 0.804633
v -1.370079 0.505056 0.812850
v -1.376885 0.486122 0.855633
v -1.370079 0.493107 0.850511
v -1.376885 0.486122 0.855633
v -1.370079 0.493107 0.850511
v -1.324184 0.486122 0.855633
v -1.330990 0.493107 0.850511
v -1.324184 0.486122 0.855633
v -1.330990 0.493107 0.850511
v -1.324184 0.502303 0.804633
v -1.330990 0.505056 0.812850
v -1.324184 0.486122 0.855633
v -1.330990 0.488875 0.863855
v -1.376885 0.486122 0.855633
v -1.370079 0.488875 0.863855
v -1.376885 0.486122 0.855633
v -1.370079 0.488875 0.863855
v -1.376885 0.469941 0.906636
v -1.370079 0.476925 0.901514
v -1.376885 0.469941 0.906636
v -1.370079 0.476925 0.901514
v -1.324184 0.469941 0.906636
v -1.330990 0.476925 0.901514
v -1.324184 0.469941 0.906636
v -1.330990 0.476925 0.901514
v -1.324184 0.486122 0.855633
v -1.330990 0.488875 0.863855
v -1.324184 0.469941 0.906636
v -1.330990 0.472692 0.914858
v -1.376885 0.469941 0.906636
v -1.370079 0.472692 0.914858
v -1.376885 0.469941 0.906636
v -1.370079 0.472692 0.914858
v -1.376885 0.453756 0.957641
v -1.370079 0.460744 0.952515
v -1.376885 0.453756 0.957641
v -1.370079 0.460744 0.952515
v -1.324184 0.453756 0.957641
v -1.330990 0.460744 0.952515
v -1.324184 0.453756 0.957641
v -1.330990 0.460744 0.952515
v -1.324184 0.469941 0.906636
v -1.330990 0.472692 0.914858
v -1.324184 0.453756 0.957641
v -1.330990 0.456509 0.965862
v -1.376885 0.453756 0.957641
v -1.370079 0.456509 0.965862
v -1.376885 0.453756 0.957641
v -1.370079 0.456509 0.965862
v -1.376885 0.437575 1.008644
v -1.370079 0.444561 1.003518
v -1.376885 0.437575 1.008644
v -1.370079 0.444561 1.003518
v -1.324184 0.437575 1.008644
v -1.330990 0.444561 1.003518
v -1.324184 0.437575 1.008644
v -1.330990 0.444561 1.003518
v -1.324184 0.453756 0.957641
v -1.330990 0.456509 0.965862
v -1.271484 0.469941 0.906636
v -1.278290 0.472692 0.914858
v -1.324184 0.469941 0.906636
v -1.317378 0.472692 0.914858
v -1.324184 0.469941 0.906636
v -1.317378 0.472692 0.914858
v -1.324184 0.453756 0.957641
v -1.317378 0.460744 0.952515
v -1.324184 0.453756 0.957641
v -1.317378 0.460744 0.952515
v -1.271484 0.453756 0.957641
v -1.278290 0.460744 0.952515
v -1.271484 0.453756 0.957641
v -1.278290 0.460744 0.952515
v -1.271484 0.469941 0.906636
v -1.278290 0.472692 0.914858
v -1.218783 0.469941 0.906636
v -1.225589 0.472692 0.914858
v -1.271484 0.469941 0.906636
v -1.264678 0.472692 0.914858
v -1.271484 0.469941 0.906636
v -1.264678 0.472692 0.914858
v -1.271484 0.453756 0.957641
v -1.264678 0.460744 0.952515
v -1.271484 0.453756 0.957641
v -1.264678 0.460744 0.952515
v -1.218783 0.453756 0.957641
v -1.225589 0.460744 0.952515
v -1.218783 0.453756 0.957641
v -1.225589 0.460744 0.952515
v -1.218783 0.469941 0.906636
v -1.225589 0.472692 0.914858
v -1.166082 0.469941 0.906636
v -1.172888 0.472692 0.914858
v -1.218783 0.469941 0.906636
v -1.211977 0.472692 0.914858
v -1.218783 0.469941 0.906636
v -1.211977 0.472692 0.914858
v -1.218783 0.453756 0.957641
v -1.211977 0.460744 0.952515
v -1.218783 0.453756 0.957641
v -1.211977 0.460744 0.952515
v -1.166082 0.453756 0.957641
v -1.172888 0.460744 0.952515
v -1.166082 0.453756 0.957641
v -1.172888 0.460744 0.952515
v -1.166082 0.469941 0.906636
v -1.172888 0.472692 0.914858
v -1.113381 0.469941 0.906636
v -1.120187 0.472692 0.914858
v -1.166082 0.469941 0.906636
v -1.159276 0.472692 0.914858
v -1.166082 0.469941 0.906636
v -1.159276 0.472692 0.914858
v -1.166082 0.453756 0.957641
v -1.159276 0.460744 0.952515
v -1.166082 0.453756 0.957641
v -1.159276 0.460744 0.952515
v -1.113381 0.453756 0.957641
v -1.120187 0.460744 0.952515
v -1.113381 0.453756 0.957641
v -1.120187 0.460744 0.952515
v -1.113381 0.469941 0.906636
v -1.120187 0.472692 0.914858
v -1.060681 0.469941 0.906636
v -1.067487 0.472692 0.914858
v -1.113381 0.469941 0.906636
v -1.106575 0.472692 0.914858
v -1.113381 0.469941 0.906636
v -1.106575 0.472692 0.914858
v -1.113381 0.453756 0.957641
v -1.106575 0.460744 0.952515
v -1.113381 0.453756 0.957641
v -1.106575 0.460744 0.952515
v -1.060681 0.453756 0.957641
v -1.067487 0.460744 0.952515
v -1.060681 0.453756 0.957641
v -1.067487 0.460744 0.952515
v -1.060681 0.469941 0.906636
v -1.067487 0.472692 0.914858
v -1.007980 0.469941 0.906636
v -1.014786 0.472692 0.914858
v -1.060681 0.469941 0.906636
v -1.053875 0.472692 0.914858
v -1.060681 0.469941 0.906636
v -1.053875 0.472692 0.914858
v -1.060681 0.453756 0.957641
v -1.053875 0.460744 0.952515
v -1.060681 0.453756 0.957641
v -1.053875 0.460744 0.952515
v -1.007980 0.453756 0.957641
v -1.014786 0.460744 0.952515
v -1.007980 0.453756 0.957641
v -1.014786 0.460744 0.952515
v -1.007980 0.469941 0.906636
v -1.014786 0.472692 0.914858
v -0.955279 0.469941 0.906636
v -0.962085 0.472692 0.914858
v -1.007980 0.469941 0.906636
v -1.001174 0.472692 0.914858
v -1.007980 0.469941 0.906636
v -1.001174 0.472692 0.914858
v -1.007980 0.453756 0.957641
v -1.001174 0.460744 0.952515
v -1.007980 0.453756 0.957641
v -1.001174 0.460744 0.952515
v -0.955279 0.453756 0.957641
v -0.962085 0.460744 0.952515
v -0.955279 0.453756 0.957641
v -0.962085 0.460744 0.952515
v -0.955279 0.469941 0.906636
v -0.962085 0.472692 0.914858
v -0.902579 0.469941 0.906636
v -0.909385 0.472692 0.914858
v -0.955279 0.469941 0.906636
v -0.948473 0.472692 0.914858
v -0.955279 0.469941 0.906636
v -0.948473 0.472692 0.914858
v -0.955279 0.453756 0.957641
v -0.948473 0.460744 0.952515
v -0.955279 0.453756 0.957641
v -0.948473 0.460744 0.952515
v -0.902579 0.453756 0.957641
v -0.909385 0.460744 0.952515
v -0.902579 0.453756 0.957641
v -0.909385 0.460744 0.952515
v -0.902579 0.469941 0.906636
v -0.909385 0.472692 0.914858
v -0.849878 0.469941 0.906636
v -0.856684 0.472692 0.914858
v -0.902579 0.469941 0.906636
v -0.895773 0.472692 0.914858
v -0.902579 0.469941 0.906636
v -0.895773 0.472692 0.914858
v -0.902579 0.453756 0.957641
v -0.895773 0.460744 0.952515
v -0.902579 0.453756 0.957641
v -0.895773 0.460744 0.952515
v -0.849878 0.453756 0.957641
v -0.856684 0.460744 0.952515
v -0.849878 0.453756 0.957641
v -0.856684 0.460744 0.952515
v -0.849878 0.469941 0.906636
v -0.856684 0.472692 0.914858
v -0.797177 0.486122 0.855633
v -0.803983 0.488875 0.863855
v -0.849878 0.486122 0.855633
v -0.843072 0.488875 0.863855
v -0.849878 0.486122 0.855633
v -0.843072 0.488875 0.863855
v -0.849878 0.469941 0.906636
v -0.843072 0.476925 0.901514
v -0.849878 0.469941 0.906636
v -0.843072 0.476925 0.901514
v -0.797177 0.469941 0.906636
v -0.803983 0.476925 0.901514
v -0.797177 0.469941 0.906636
v -0.803983 0.476925 0.901514
v -0.797177 0.486122 0.855633
v -0.803983 0.488875 0.863855
v -0.849878 0.486122 0.855633
v -0.856684 0.488875 0.863855
v -0.902579 0.486122 0.855633
v -0.895773 0.488875 0.863855
v -0.902579 0.486122 0.855633
v -0.895773 0.488875 0.863855
v -0.902579 0.469941 0.906636
v -0.895773 0.476925 0.901514
v -0.902579 0.469941 0.906636
v -0.895773 0.476925 0.901514
v -0.849878 0.469941 0.906636
v -0.856684 0.476925 0.901514
v -0.849878 0.469941 0.906636
v -0.856684 0.476925 0.901514
v -0.849878 0.486122 0.855633
v -0.856684 0.488875 0.863855
v -0.902579 0.486122 0.855633
v -0.909385 0.488875 0.863855
v -0.955279 0.486122 0.855633
v -0.948473 0.488875 0.863855
v -0.955279 0.486122 0.855633
v -0.948473 0.488875 0.863855
v -0.955279 0.469941 0.906636
v -0.948473 0.476925 0.901514
v -0.955279 0.469941 0.906636
v -0.948473 0.476925 0.901514
v -0.902579 0.469941 0.906636
v -0.909385 0.476925 0.901514
v -0.902579 0.469941 0.906636
v -0.909385 0.476925 0.901514
v -0.902579 0.486122 0.855633
v -0.909385 0.488875 0.863855
v -0.797177 0.502303 0.804633
v -0.803983 0.505056 0.812850
v -0.849878 0.502303 0.804633
v -0.843072 0.505056 0.812850
v -0.849878 0.502303 0.804633
v -0.843072 0.505056 0.812850
v -0.849878 0.486122 0.855633
v -0.843072 0.493107 0.850511
v -0.849878 0.486122 0.855633
v -0.843072 0.493107 0.850511
v -0.797177 0.486122 0.855633
v -0.803983 0.493107 0.850511
v -0.797177 0.486122 0.855633
v -0.803983 0.493107 0.850511
v -0.797177 0.502303 0.804633
v -0.803983 0.505056 0.812850
v -0.849878 0.502303 0.804633
v -0.856684 0.505056 0.812850
v -0.902579 0.502303 0.804633
v -0.895773 0.505056 0.812850
v -0.902579 0.502303 0.804633
v -0.895773 0.505056 0.812850
v -0.902579 0.486122 0.855633
v -0.895773 0.493107 0.850511
v -0.902579 0.486122 0.855633
v -0.895773 0.493107 0.850511
v -0.849878 0.486122 0.855633
v -0.856684 0.493107 0.850511
v -0.849878 0.486122 0.855633
v -0.856684 0.493107 0.850511
v -0.849878 0.502303 0.804633
v -0.856684 0.505056 0.812850
v -0.902579 0.502303 0.804633
v -0.909385 0.505056 0.812850
v -0.955279 0.502303 0.804633
v -0.948473 0.505056 0.812850
v -0.955279 0.502303 0.804633
v -0.948473 0.505056 0.812850
v -0.955279 0.486122 0.855633
v -0.948473 0.493107 0.850511
v -0.955279 0.486122 0.855633
v -0.948473 0.493107 0.850511
v -0.902579 0.486122 0.855633
v -0.909385 0.493107 0.850511
v -0.902579 0.486122 0.855633
v -0.909385 0.493107 0.850511
v -0.902579 0.502303 0.804633
v -0.909385 0.505056 0.812850
v -0.955279 0.486122 0.855633
v -0.962085 0.488875 0.863855
v -1.007980 0.486122 0.855633
v -1.001174 0.488875 0.863855
v -1.007980 0.486122 0.855633
v -1.001174 0.488875 0.863855
v -1.007980 0.469941 0.906636
v -1.001174 0.476925 0.901514
v -1.007980 0.469941 0.906636
v -1.001174 0.476925 0.901514
v -0.955279 0.469941 0.906636
v -0.962085 0.476925 0.901514
v -0.955279 0.469941 0.906636
v -0.962085 0.476925 0.901514
v -0.955279 0.486122 0.855633
v -0.962085 0.488875 0.863855
v -0.955279 0.502303 0.804633
v -0.962085 0.505056 0.812850
v -1.007980 0.502303 0.804633
v -1.001174 0.505056 0.812850
v -1.007980 0.502303 0.804633
v -1.001174 0.505056 0.812850
v -1.007980 0.486122 0.855633
v -1.001174 0.493107 0.850511
v -1.007980 0.486122 0.855633
v -1.001174 0.493107 0.850511
v -0.955279 0.486122 0.855633
v -0.962085 0.493107 0.850511
v -0.955279 0.486122 0.855633
v -0.962085 0.493107 0.850511
v -0.955279 0.502303 0.804633
v -0.962085 0.505056 0.812850
v -1.007980 0.518488 0.753629
v -1.001174 0.521241 0.761847
v -1.007980 0.502303 0.804633
v -1.001174 0.509291 0.799507
v -1.007980 0.502303 0.804633
v -1.001174 0.509291 0.799507
v -0.955279 0.502303 0.804633
v -0.962085 0.509291 0.799507
v -0.955279 0.502303 0.804633
v -0.962085 0.509291 0.799507
v -0.955279 0.518488 0.753629
v -0.962085 0.521241 0.761847
v -0.955279 0.518488 0.753629
v -0.962085 0.521241 0.761847
v -1.007980 0.518488 0.753629
v -1.001174 0.521241 0.761847
v -1.007980 0.486122 0.855633
v -1.014786 0.488875 0.863855
v -1.060681 0.486122 0.855633
v -1.053875 0.488875 0.863855
v -1.060681 0.486122 0.855633
v -1.053875 0.488875 0.863855
v -1.060681 0.469941 0.906636
v -1.053875 0.476925 0.901514
v -1.060681 0.469941 0.906636
v -1.053875 0.476925 0.901514
v -1.007980 0.469941 0.906636
v -1.014786 0.476925 0.901514
v -1.007980 0.469941 0.906636
v -1.014786 0.476925 0.901514
v -1.007980 0.486122 0.855633
v -1.014786 0.488875 0.863855
v -1.060681 0.486122 0.855633
v -1.067487 0.488875 0.863855
v -1.113381 0.486122 0.855633
v -1.106575 0.488875 0.863855
v -1.113381 0.486122 0.855633
v -1.106575 0.488875 0.863855
v -1.113381 0.469941 0.906636
v -1.106575 0.476925 0.901514
v -1.113381 0.469941 0.906636
v -1.106575 0.476925 0.901514
v -1.060681 0.469941 0.906636
v -1.067487 0.476925 0.901514
v -1.060681 0.469941 0.906636
v -1.067487 0.476925 0.901514
v -1.060681 0.486122 0.855633
v -1.067487 0.488875 0.863855
v -1.113381 0.486122 0.855633
v -1.120187 0.488875 0.863855
v -1.166082 0.486122 0.855633
v -1.159276 0.488875 0.863855
v -1.166082 0.486122 0.855633
v -1.159276 0.488875 0.863855
v -1.166082 0.469941 0.906636
v -1.159276 0.476925 0.901514
v -1.166082 0.469941 0.906636
v -1.159276 0.476925 0.901514
v -1.113381 0.469941 0.906636
v -1.120187 0.476925 0.901514
v -1.113381 0.469941 0.906636
v -1.120187 0.476925 0.901514
v -1.113381 0.486122 0.855633
v -1.120187 0.488875 0.863855
v -1.166082 0.486122 0.855633
v -1.172888 0.488875 0.863855
v -1.218783 0.486122 0.855633
v -1.211977 0.488875 0.863855
v -1.218783 0.486122 0.855633
v -1.211977 0.488875 0.863855
v -1.218783 0.469941 0.906636
v -1.211977 0.476925 0.901514
v -1.218783 0.469941 0.906636
v -1.211977 0.476925 0.901514
v -1.166082 0.469941 0.906636
v -1.172888 0.476925 0.901514
v -1.166082 0.469941 0.906636
v -1.172888 0.476925 0.901514
v -1.166082 0.486122 0.855633
v -1.172888 0.488875 0.863855
v -1.218783 0.486122 0.855633
v -1.225589 0.488875 0.863855
v -1.271484 0.486122 0.855633
v -1.264678 0.488875 0.863855
v -1.271484 0.486122 0.855633
v -1.264678 0.488875 0.863855
v -1.271484 0.469941 0.906636
v -1.264678 0.476925 0.901514
v -1.271484 0.469941 0.906636
v -1.264678 0.476925 0.901514
v -1.218783 0.469941 0.906636
v -1.225589 0.476925 0.901514
v -1.218783 0.469941 0.906636
v -1.225589 0.476925 0.901514
v -1.218783 0.486122 0.855633
v -1.225589 0.488875 0.863855
v -1.271484 0.486122 0.855633
v -1.278290 0.488875 0.863855
v -1.324184 0.486122 0.855633
v -1.317378 0.488875 0.863855
v -1.324184 0.486122 0.855633
v -1.317378 0.488875 0.863855
v -1.324184 0.469941 0.906636
v -1.317378 0.476925 0.901514
v -1.324184 0.469941 0.906636
v -1.317378 0.476925 0.901514
v -1.271484 0.469941 0.906636
v -1.278290 0.476925 0.901514
v -1.271484 0.469941 0.906636
v -1.278290 0.476925 0.901514
v -1.271484 0.486122 0.855633
v -1.278290 0.488875 0.863855
v -1.271484 0.502303 0.804633
v -1.278290 0.505056 0.812850
v -1.324184 0.502303 0.804633
v -1.317378 0.505056 0.812850
v -1.324184 0.502303 0.804633
v -1.317378 0.505056 0.812850
v -1.324184 0.486122 0.855633
v -1.317378 0.493107 0.850511
v -1.324184 0.486122 0.855633
v -1.317378 0.493107 0.850511
v -1.271484 0.486122 0.855633
v -1.278290 0.493107 0.850511
v -1.271484 0.486122 0.855633
v -1.278290 0.493107 0.850511
v -1.271484 0.502303 0.804633
v -1.278290 0.505056 0.812850
v -1.218783 0.502303 0.804633
v -1.225589 0.505056 0.812850
v -1.271484 0.502303 0.804633
v -1.264678 0.505056 0.812850
v -1.271484 0.502303 0.804633
v -1.264678 0.505056 0.812850
v -1.271484 0.486122 0.855633
v -1.264678 0.493107 0.850511
v -1.271484 0.486122 0.855633
v -1.264678 0.493107 0.850511
v -1.218783 0.486122 0.855633
v -1.225589 0.493107 0.850511
v -1.218783 0.486122 0.855633
v -1.225589 0.493107 0.850511
v -1.218783 0.502303 0.804633
v -1.225589 0.505056 0.812850
v -1.166082 0.502303 0.804633
v -1.172888 0.505056 0.812850
v -1.218783 0.502303 0.804633
v -1.211977 0.505056 0.812850
v -1.218783 0.502303 0.804633
v -1.211977 0.505056 0.812850
v -1.218783 0.486122 0.855633
v -1.211977 0.493107 0.850511
v -1.218783 0.486122 0.855633
v -1.211977 0.493107 0.850511
v -1.166082 0.486122 0.855633
v -1.172888 0.493107 0.850511
v -1.166082 0.486122 0.855633
v -1.172888 0.493107 0.850511
v -1.166082 0.502303 0.804633
v -1.172888 0.505056 0.812850
v -1.113381 0.502303 0.804633
v -1.120187 0.505056 0.812850
v -1.166082 0.502303 0.804633
v -1.159276 0.505056 0.812850
v -1.166082 0.502303 0.804633
v -1.159276 0.505056 0.812850
v -1.166082 0.486122 0.855633
v -1.159276 0.493107 0.850511
v -1.166082 0.486122 0.855633
v -1.159276 0.493107 0.850511
v -1.113381 0.486122 0.855633
v -1.120187 0.493107 0.850511
v -1.113381 0.486122 0.855633
v -1.120187 0.493107 0.850511
v -1.113381 0.502303 0.804633
v -1.120187 0.505056 0.812850
v -1.060681 0.502303 0.804633
v -1.067487 0.505056 0.812850
v -1.113381 0.502303 0.804633
v -1.106575 0.505056 0.812850
v -1.113381 0.502303 0.804633
v -1.106575 0.505056 0.812850
v -1.113381 0.486122 0.855633
v -1.106575 0.493107 0.850511
v -1.113381 0.486122 0.855633
v -1.106575 0.493107 0.850511
v -1.060681 0.486122 0.855633
v -1.067487 0.493107 0.850511
v -1.060681 0.486122 0.855633
v -1.067487 0.493107 0.850511
v -1.060681 0.502303 0.804633
v -1.067487 0.505056 0.812850
v -1.007980 0.502303 0.804633
v -1.014786 0.505056 0.812850
v -1.060681 0.502303 0.804633
v -1.053875 0.505056 0.812850
v -1.060681 0.502303 0.804633
v -1.053875 0.505056 0.812850
v -1.060681 0.486122 0.855633
v -1.053875 0.493107 0.850511
v -1.060681 0.486122 0.855633
v -1.053875 0.493107 0.850511
v -1.007980 0.486122 0.855633
v -1.014786 0.493107 0.850511
v -1.007980 0.486122 0.855633
v -1.014786 0.493107 0.850511
v -1.007980 0.502303 0.804633
v -1.014786 0.505056 0.812850
v -1.060681 0.518488 0.753629
v -1.053875 0.521241 0.761847
v -1.060681 0.502303 0.804633
v -1.053875 0.509291 0.799507
v -1.060681 0.502303 0.804633
v -1.053875 0.509291 0.799507
v -1.007980 0.502303 0.804633
v -1.014786 0.509291 0.799507
v -1.007980 0.502303 0.804633
v -1.014786 0.509291 0.799507
v -1.007980 0.518488 0.753629
v -1.014786 0.521241 0.761847
v -1.007980 0.518488 0.753629
v -1.014786 0.521241 0.761847
v -1.060681 0.518488 0.753629
v -1.053875 0.521241 0.761847
v -1.113381 0.518488 0.753629
v -1.106575 0.521241 0.761847
v -1.113381 0.502303 0.804633
v -1.106575 0.509291 0.799507
v -1.113381 0.502303 0.804633
v -1.106575 0.509291 0.799507
v -1.060681 0.502303 0.804633
v -1.067487 0.509291 0.799507
v -1.060681 0.502303 0.804633
v -1.067487 0.509291 0.799507
v -1.060681 0.518488 0.753629
v -1.067487 0.521241 0.761847
v -1.060681 0.518488 0.753629
v -1.067487 0.521241 0.761847
v -1.113381 0.518488 0.753629
v -1.106575 0.521241 0.761847
v -1.166082 0.518488 0.753629
v -1.159276 0.521241 0.761847
v -1.166082 0.502303 0.804633
v -1.159276 0.509291 0.799507
v -1.166082 0.502303 0.804633
v -1.159276 0.509291 0.799507
v -1.113381 0.502303 0.804633
v -1.120187 0.509291 0.799507
v -1.113381 0.502303 0.804633
v -1.120187 0.509291 0.799507
v -1.113381 0.518488 0.753629
v -1.120187 0.521241 0.761847
v -1.113381 0.518488 0.753629
v -1.120187 0.521241 0.761847
v -1.166082 0.518488 0.753629
v -1.159276 0.521241 0.761847
v -1.218783 0.518488 0.753629
v -1.211977 0.521241 0.761847
v -1.218783 0.502303 0.804633
v -1.211977 0.509291 0.799507
v -1.218783 0.502303 0.804633
v -1.211977 0.509291 0.799507
v -1.166082 0.502303 0.804633
v -1.172888 0.509291 0.799507
v -1.166082 0.502303 0.804633
v -1.172888 0.509291 0.799507
v -1.166082 0.518488 0.753629
v -1.172888 0.521241 0.761847
v -1.166082 0.518488 0.753629
v -1.172888 0.521241 0.761847
v -1.218783 0.518488 0.753629
v -1.211977 0.521241 0.761847
v -1.271484 0.518488 0.753629
v -1.264678 0.521241 0.761847
v -1.271484 0.502303 0.804633
v -1.264678 0.509291 0.799507
v -1.271484 0.502303 0.804633
v -1.264678 0.509291 0.799507
v -1.218783 0.502303 0.804633
v -1.225589 0.509291 0.799507
v -1.218783 0.502303 0.804633
v -1.225589 0.509291 0.799507
v -1.218783 0.518488 0.753629
v -1.225589 0.521241 0.761847
v -1.218783 0.518488 0.753629
v -1.225589 0.521241 0.761847
v -1.271484 0.518488 0.753629
v -1.264678 0.521241 0.761847
v -1.324184 0.518488 0.753629
v -1.317378 0.521241 0.761847
v -1.324184 0.502303 0.804633
v -1.317378 0.509291 0.799507
v -1.324184 0.502303 0.804633
v -1.317378 0.509291 0.799507
v -1.271484 0.502303 0.804633
v -1.278290 0.509291 0.799507
v -1.271484 0.502303 0.804633
v -1.278290 0.509291 0.799507
v -1.271484 0.518488 0.753629
v -1.278290 0.521241 0.761847
v -1.271484 0.518488 0.753629
v -1.278290 0.521241 0.761847
v -1.324184 0.518488 0.753629
v -1.317378 0.521241 0.761847
v -0.797177 0.502303 0.804633
v -0.803983 0.509291 0.799507
v -0.797177 0.518488 0.753629
v -0.803983 0.521241 0.761847
v -0.948473 0.521241 0.761847
v -0.955279 0.518488 0.753629
v -0.803983 0.521241 0.761847
v -0.797177 0.518488 0.753629
v -0.955279 0.518488 0.753629
v -0.948473 0.521241 0.761847
v -0.955279 0.502303 0.804633
v -0.948473 0.509291 0.799507
v -0.955279 0.502303 0.804633
v -0.948473 0.509291 0.799507
v -0.902579 0.502303 0.804633
v -0.902579 0.453756 0.957641
v -0.948473 0.456509 0.965862
v -0.955279 0.453756 0.957641
v -0.955279 0.453756 0.957641
v -0.948473 0.456509 0.965862
v -0.955279 0.437575 1.008644
v -0.948473 0.444561 1.003518
v -0.948473 0.444561 1.003518
v -0.803983 0.444561 1.003518
v -0.955279 0.437575 1.008644
v -0.797177 0.437575 1.008644
v -0.849878 0.453756 0.957641
v -0.843072 0.456509 0.965862
v -0.902579 0.453756 0.957641
v -0.803983 0.444561 1.003518
v -0.803983 0.472692 0.914858
v -0.797177 0.437575 1.008644
v -0.797177 0.469941 0.906636
v -0.797177 0.469941 0.906636
v -0.803983 0.472692 0.914858
v -0.849878 0.469941 0.906636
v -0.843072 0.472692 0.914858
v -0.849878 0.469941 0.906636
v -0.843072 0.472692 0.914858
v -0.849878 0.453756 0.957641
v -0.843072 0.456509 0.965862
v -1.324184 0.453756 0.957641
v -1.317378 0.456509 0.965862
v -1.324184 0.437575 1.008644
v -1.317378 0.444561 1.003518
v -1.317378 0.444561 1.003518
v -0.962085 0.444561 1.003518
v -1.324184 0.437575 1.008644
v -0.955279 0.437575 1.008644
v -1.007980 0.453756 0.957641
v -0.955279 0.453756 0.957641
v -0.962085 0.456509 0.965862
v -0.955279 0.437575 1.008644
v -0.962085 0.444561 1.003518
v -0.955279 0.453756 0.957641
v -0.962085 0.456509 0.965862
v -0.697391 0.478043 0.880212
v -0.741366 0.481124 0.888533
v -0.748172 0.478043 0.880212
v -0.748172 0.478043 0.880212
v -0.741366 0.481124 0.888533
v -0.748172 0.460165 0.936561
v -0.741366 0.467481 0.931539
v -0.741366 0.467481 0.931539
v -0.653417 0.467481 0.931539
v -0.748172 0.460165 0.936561
v -0.646611 0.460165 0.936561
v -0.646611 0.478043 0.880212
v -0.653417 0.481124 0.888533
v -0.697391 0.478043 0.880212
v -0.646611 0.460165 0.936561
v -0.653417 0.467481 0.931539
v -0.646611 0.478043 0.880212
v -0.653417 0.481124 0.888533
v -0.646611 0.478043 0.880212
v -0.639805 0.467481 0.931539
v -0.646611 0.460165 0.936561
v -0.646611 0.460165 0.936561
v -0.639805 0.467481 0.931539
v -0.595830 0.460165 0.936561
v -0.602637 0.467481 0.931539
v -0.602637 0.467481 0.931539
v -0.602637 0.498999 0.832188
v -0.595830 0.460165 0.936561
v -0.595830 0.495920 0.823862
v -0.595830 0.495920 0.823862
v -0.602637 0.498999 0.832188
v -0.646611 0.495920 0.823862
v -0.639805 0.498999 0.832188
v -0.646611 0.495920 0.823862
v -0.639805 0.498999 0.832188
v -0.646611 0.478043 0.880212
v -0.639805 0.534754 0.719489
v -0.639805 0.503235 0.818840
v -0.646611 0.513796 0.767513
v -0.595830 0.531674 0.711165
v -0.602637 0.534754 0.719489
v -0.646611 0.531674 0.711165
v -0.639805 0.534754 0.719489
v -0.646611 0.495920 0.823862
v -0.639805 0.503235 0.818840
v -0.595830 0.495920 0.823862
v -0.602637 0.503235 0.818840
v -0.602637 0.534754 0.719489
v -0.595830 0.531674 0.711165
v -0.602637 0.503235 0.818840
v -0.595830 0.495920 0.823862
v -0.697391 0.531674 0.711165
v -0.690585 0.534754 0.719489
v -0.697391 0.513796 0.767513
v -0.690585 0.521110 0.762495
v -0.697391 0.513796 0.767513
v -0.690585 0.521110 0.762495
v -0.646611 0.513796 0.767513
v -0.653417 0.521110 0.762495
v -0.646611 0.513796 0.767513
v -0.653417 0.521110 0.762495
v -0.646611 0.531674 0.711165
v -0.653417 0.534754 0.719489
v -0.646611 0.531674 0.711165
v -0.653417 0.534754 0.719489
v -0.697391 0.531674 0.711165
v -0.690585 0.534754 0.719489
v -0.646611 0.513796 0.767513
v -0.653417 0.516877 0.775839
v -0.697391 0.513796 0.767513
v -0.690585 0.516877 0.775839
v -0.697391 0.513796 0.767513
v -0.690585 0.516877 0.775839
v -0.697391 0.495920 0.823862
v -0.690585 0.503235 0.818840
v -0.697391 0.495920 0.823862
v -0.690585 0.503235 0.818840
v -0.646611 0.495920 0.823862
v -0.653417 0.503235 0.818840
v -0.646611 0.495920 0.823862
v -0.653417 0.503235 0.818840
v -0.646611 0.513796 0.767513
v -0.653417 0.516877 0.775839
v -0.646611 0.495920 0.823862
v -0.653417 0.498999 0.832188
v -0.697391 0.495920 0.823862
v -0.690585 0.498999 0.832188
v -0.697391 0.495920 0.823862
v -0.690585 0.498999 0.832188
v -0.697391 0.478043 0.880212
v -0.690585 0.485356 0.875190
v -0.697391 0.478043 0.880212
v -0.690585 0.485356 0.875190
v -0.646611 0.478043 0.880212
v -0.653417 0.485356 0.875190
v -0.646611 0.478043 0.880212
v -0.653417 0.485356 0.875190
v -0.646611 0.495920 0.823862
v -0.653417 0.498999 0.832188
v -0.697391 0.495920 0.823862
v -0.704197 0.498999 0.832188
v -0.748172 0.495920 0.823862
v -0.741366 0.498999 0.832188
v -0.748172 0.495920 0.823862
v -0.741366 0.498999 0.832188
v -0.748172 0.478043 0.880212
v -0.741366 0.485356 0.875190
v -0.748172 0.478043 0.880212
v -0.741366 0.485356 0.875190
v -0.697391 0.478043 0.880212
v -0.704197 0.485356 0.875190
v -0.697391 0.478043 0.880212
v -0.704197 0.485356 0.875190
v -0.697391 0.495920 0.823862
v -0.704197 0.498999 0.832188
v -0.697391 0.513796 0.767513
v -0.704197 0.516877 0.775839
v -0.748172 0.513796 0.767513
v -0.741366 0.516877 0.775839
v -0.748172 0.513796 0.767513
v -0.741366 0.516877 0.775839
v -0.748172 0.495920 0.823862
v -0.741366 0.503235 0.818840
v -0.748172 0.495920 0.823862
v -0.741366 0.503235 0.818840
v -0.697391 0.495920 0.823862
v -0.704197 0.503235 0.818840
v -0.697391 0.495920 0.823862
v -0.704197 0.503235 0.818840
v -0.697391 0.513796 0.767513
v -0.704197 0.516877 0.775839
v -0.748172 0.531674 0.711165
v -0.741366 0.534754 0.719489
v -0.748172 0.513796 0.767513
v -0.741366 0.521110 0.762495
v -0.748172 0.513796 0.767513
v -0.741366 0.521110 0.762495
v -0.697391 0.513796 0.767513
v -0.704197 0.521110 0.762495
v -0.697391 0.513796 0.767513
v -0.704197 0.521110 0.762495
v -0.697391 0.531674 0.711165
v -0.704197 0.534754 0.719489
v -0.697391 0.531674 0.711165
v -0.704197 0.534754 0.719489
v -0.748172 0.531674 0.711165
v -0.741366 0.534754 0.719489
v -1.271484 0.453756 0.957641
v -1.317378 0.456509 0.965862
v -1.324184 0.453756 0.957641
v -1.060681 0.453756 0.957641
v -1.007980 0.453756 0.957641
v -0.962085 0.456509 0.965862
v -1.113381 0.453756 0.957641
v -1.060681 0.453756 0.957641
v -0.962085 0.456509 0.965862
v -1.317378 0.456509 0.965862
v -1.271484 0.453756 0.957641
v -1.218783 0.453756 0.957641
v -1.317378 0.456509 0.965862
v -1.218783 0.453756 0.957641
v -1.166082 0.453756 0.957641
v -1.317378 0.456509 0.965862
v -1.166082 0.453756 0.957641
v -0.962085 0.456509 0.965862
v -1.113381 0.453756 0.957641
v -0.948473 0.456509 0.965862
v -0.902579 0.453756 0.957641
v -0.843072 0.456509 0.965862
v -0.948473 0.444561 1.003518
v -0.948473 0.456509 0.965862
v -0.803983 0.444561 1.003518
v -0.843072 0.456509 0.965862
v -0.849878 0.502303 0.804633
v -0.803983 0.509291 0.799507
v -0.797177 0.502303 0.804633
v -0.948473 0.509291 0.799507
v -0.803983 0.509291 0.799507
v -0.902579 0.502303 0.804633
v -0.849878 0.502303 0.804633
v -0.741366 0.481124 0.888533
v -0.697391 0.478043 0.880212
v -0.653417 0.481124 0.888533
v -0.639805 0.467481 0.931539
v -0.646611 0.478043 0.880212
v -0.639805 0.498999 0.832188
v -0.646611 0.531674 0.711165
v -0.639805 0.534754 0.719489
v -0.646611 0.513796 0.767513
v -0.646611 0.513796 0.767513
v -0.639805 0.503235 0.818840
v -0.646611 0.495920 0.823862
v -1.429586 0.502303 0.804633
v -1.429586 0.486122 0.855633
v -1.429586 0.509657 0.750865
v -1.429586 0.453756 0.957641
v -1.429586 0.437575 1.008644
v -1.429586 0.428745 1.005881
v -1.429586 0.486122 0.855633
v -1.429586 0.469941 0.906636
v -1.429586 0.509657 0.750865
v -1.429586 0.428745 1.005881
v -1.429586 0.453756 0.957641
v -1.429586 0.428745 1.005881
v -1.429586 0.469941 0.906636
v -0.955279 0.437575 1.008644
v -0.797177 0.437575 1.008644
v -0.797177 0.428745 1.005881
v -1.429586 0.428745 1.005881
v -1.324184 0.437575 1.008644
v -0.797177 0.428745 1.005881
v -0.955279 0.437575 1.008644
v -0.797177 0.502303 0.804633
v -0.797177 0.518488 0.753629
v -0.797177 0.509657 0.750865
v -0.797177 0.428745 1.005881
v -0.797177 0.486122 0.855633
v -0.797177 0.509657 0.750865
v -0.595830 0.450837 0.933637
v -0.595830 0.495920 0.823862
v -0.595830 0.522355 0.708246
v -0.748172 0.450837 0.933637
v -0.646611 0.460165 0.936561
v -0.595830 0.450837 0.933637
v -0.748172 0.478043 0.880212
v -0.748172 0.460165 0.936561
v -0.748172 0.450837 0.933637
v -0.748172 0.495920 0.823862
v -0.748172 0.450837 0.933637
v -0.748172 0.522355 0.708246
v -0.748172 0.495920 0.823862
v -0.748172 0.478043 0.880212
v -0.748172 0.450837 0.933637
v -0.748172 0.513796 0.767513
v -0.748172 0.495920 0.823862
v -0.748172 0.522355 0.708246
v -0.646611 0.531674 0.711165
v -0.697391 0.531674 0.711165
v -0.595830 0.522355 0.708246
v -0.748172 0.522355 0.708246
v -0.697391 0.531674 0.711165
v -0.748172 0.531674 0.711165
v -0.748172 0.522355 0.708246
v -1.783325 0.320819 -0.008035
v -1.781500 0.320833 -0.021843
v -1.787567 0.325061 -0.008315
v -1.785632 0.325076 -0.022952
v -1.788141 0.323912 1.073058
v -1.783325 0.320819 -0.008035
v -1.783899 0.319670 1.072782
v -1.786221 0.323896 1.087699
v -1.783899 0.319670 1.072782
v -1.782087 0.319655 1.086593
v -1.730989 0.362019 -0.064863
v -1.385485 0.362019 -0.064863
v -1.730711 0.366261 -0.060621
v -1.385485 0.366261 -0.060621
v -1.730711 0.366261 -0.060621
v -1.744520 0.366262 -0.058803
v -1.745627 0.362019 -0.062936
v -1.385485 0.362019 -0.064863
v -1.039982 0.362019 -0.064863
v -1.385485 0.366261 -0.060621
v -1.039982 0.366261 -0.060621
v -1.787567 0.362029 -0.008315
v -1.785632 0.362026 -0.022952
v -1.783325 0.366271 -0.008035
v -1.781500 0.366269 -0.021843
v -1.783325 0.366271 -0.008035
v -1.783899 0.366475 1.072782
v -1.788141 0.362233 1.073058
v -1.783899 0.366475 1.072782
v -1.782088 0.366478 1.086593
v -1.786221 0.362236 1.087699
v -1.731593 0.362243 1.129635
v -1.746234 0.362243 1.127707
v -1.731315 0.366485 1.125393
v -1.745126 0.366485 1.123574
v -1.731315 0.366485 1.125393
v -1.387159 0.366485 1.125393
v -1.387159 0.362243 1.129635
v -1.387159 0.366485 1.125393
v -1.042725 0.366485 1.125393
v -1.387159 0.362243 1.129635
v -1.042725 0.362243 1.129635
v -0.292533 0.325070 -0.008179
v -0.294404 0.325086 -0.022834
v -0.296776 0.320828 -0.007918
v -0.298540 0.320843 -0.021741
v -0.296776 0.320828 -0.007918
v -0.301414 0.319670 1.072899
v -0.297173 0.323912 1.073194
v -0.301414 0.319670 1.072899
v -0.303286 0.319655 1.086695
v -0.299156 0.323897 1.087818
v -0.349253 0.320884 -0.060623
v -0.335437 0.320882 -0.058799
v -0.348974 0.325129 -0.064863
v -0.334327 0.325127 -0.062929
v -0.694478 0.325126 -0.064863
v -0.349253 0.320884 -0.060623
v -0.694478 0.320882 -0.060623
v -1.039982 0.325124 -0.064863
v -1.039982 0.320880 -0.060623
v -0.296776 0.366271 -0.007918
v -0.298541 0.366269 -0.021741
v -0.292533 0.362029 -0.008179
v -0.294404 0.362026 -0.022834
v -0.297173 0.362233 1.073194
v -0.296776 0.366271 -0.007918
v -0.301414 0.366475 1.072899
v -0.299156 0.362236 1.087818
v -0.301414 0.366475 1.072899
v -0.303285 0.366478 1.086695
v -0.353857 0.323854 1.129635
v -0.339225 0.323856 1.127715
v -0.354134 0.319614 1.125391
v -0.340330 0.319616 1.123579
v -0.354134 0.319614 1.125391
v -0.698291 0.319614 1.125391
v -0.353857 0.323854 1.129635
v -0.698291 0.323854 1.129635
v -1.042725 0.319614 1.125391
v -1.042725 0.323854 1.129635
v -1.745627 0.325117 -0.062936
v -1.759269 0.325111 -0.057288
v -1.744521 0.320873 -0.058805
v -1.757131 0.320867 -0.053583
v -1.744521 0.320873 -0.058805
v -1.730711 0.320875 -0.060623
v -1.730989 0.325119 -0.064863
v -1.730711 0.320875 -0.060623
v -1.385485 0.320877 -0.060623
v -1.385485 0.325122 -0.064863
v -1.744520 0.366262 -0.058803
v -1.757131 0.366263 -0.053582
v -1.759269 0.362020 -0.057288
v -1.770985 0.325102 -0.048302
v -1.757131 0.320867 -0.053583
v -1.767961 0.320858 -0.045277
v -1.757131 0.366263 -0.053582
v -1.767960 0.366264 -0.045276
v -1.770985 0.362022 -0.048302
v -1.770985 0.325102 -0.048302
v -1.779977 0.325090 -0.036591
v -1.767961 0.320858 -0.045277
v -1.776273 0.320847 -0.034451
v -1.767960 0.366264 -0.045276
v -1.776272 0.366266 -0.034451
v -1.770985 0.362022 -0.048302
v -1.779977 0.362024 -0.036591
v -1.776273 0.320847 -0.034451
v -1.781500 0.320833 -0.021843
v -1.776272 0.366266 -0.034451
v -1.781500 0.366269 -0.021843
v -1.780576 0.323883 1.101344
v -1.782087 0.319655 1.086593
v -1.776868 0.319641 1.099205
v -1.782088 0.366478 1.086593
v -1.776869 0.366480 1.099206
v -1.780576 0.362238 1.101344
v -1.771590 0.323871 1.113062
v -1.776868 0.319641 1.099205
v -1.768562 0.319630 1.110036
v -1.776869 0.366480 1.099206
v -1.768563 0.366482 1.110037
v -1.771590 0.362240 1.113062
v -1.771590 0.323871 1.113062
v -1.759876 0.323861 1.122054
v -1.768562 0.319630 1.110036
v -1.757735 0.319621 1.118348
v -1.768563 0.366482 1.110037
v -1.757736 0.366484 1.118349
v -1.771590 0.362240 1.113062
v -1.759876 0.362242 1.122054
v -1.746234 0.323856 1.127707
v -1.757735 0.319621 1.118348
v -1.745126 0.319616 1.123572
v -1.757736 0.366484 1.118349
v -1.745126 0.366485 1.123574
v -1.731593 0.323854 1.129635
v -1.745126 0.319616 1.123572
v -1.731315 0.319614 1.125391
v -1.387159 0.323854 1.129635
v -1.731315 0.319614 1.125391
v -1.387159 0.319614 1.125391
v -0.300014 0.325100 -0.036502
v -0.298540 0.320843 -0.021741
v -0.303725 0.320856 -0.034374
v -0.298541 0.366269 -0.021741
v -0.303725 0.366266 -0.034373
v -0.300014 0.362024 -0.036502
v -0.308978 0.325112 -0.048246
v -0.303725 0.320856 -0.034374
v -0.312010 0.320868 -0.045227
v -0.303725 0.366266 -0.034373
v -0.312010 0.366264 -0.045227
v -0.308978 0.362022 -0.048246
v -0.308978 0.325112 -0.048246
v -0.320684 0.325121 -0.057260
v -0.312010 0.320868 -0.045227
v -0.322827 0.320877 -0.053560
v -0.312010 0.366264 -0.045227
v -0.322828 0.366263 -0.053558
v -0.308978 0.362022 -0.048246
v -0.320684 0.362020 -0.057260
v -0.322827 0.320877 -0.053560
v -0.335437 0.320882 -0.058799
v -0.322828 0.366263 -0.053558
v -0.335438 0.366262 -0.058797
v -0.334327 0.362019 -0.062929
v -0.335438 0.366262 -0.058797
v -0.349253 0.366261 -0.060621
v -0.348974 0.362019 -0.064863
v -0.349253 0.366261 -0.060621
v -0.694478 0.366261 -0.060621
v -0.694478 0.362019 -0.064863
v -0.325585 0.323861 1.122082
v -0.340330 0.319616 1.123579
v -0.327720 0.319621 1.118371
v -0.340329 0.366485 1.123580
v -0.327719 0.366484 1.118373
v -0.339225 0.362243 1.127715
v -0.325585 0.362242 1.122082
v -0.353857 0.362243 1.129635
v -0.340329 0.366485 1.123580
v -0.354134 0.366485 1.125393
v -0.698291 0.362243 1.129635
v -0.354134 0.366485 1.125393
v -0.698291 0.366485 1.125393
v -0.313861 0.323871 1.113119
v -0.327720 0.319621 1.118371
v -0.316881 0.319630 1.110086
v -0.327719 0.366484 1.118373
v -0.316880 0.366482 1.110087
v -0.313861 0.362240 1.113119
v -0.313861 0.323871 1.113119
v -0.304848 0.323883 1.101433
v -0.316881 0.319630 1.110086
v -0.308548 0.319642 1.099283
v -0.316880 0.366482 1.110087
v -0.308547 0.366480 1.099283
v -0.313861 0.362240 1.113119
v -0.304848 0.362238 1.101433
v -0.308548 0.319642 1.099283
v -0.303286 0.319655 1.086695
v -0.308547 0.366480 1.099283
v -0.303285 0.366478 1.086695
v -0.698291 0.362243 1.129635
v -1.042725 0.362243 1.129635
v -0.698291 0.366485 1.125393
v -1.042725 0.366485 1.125393
v -0.694478 0.366261 -0.060621
v -1.039982 0.366261 -0.060621
v -0.694478 0.362019 -0.064863
v -1.039982 0.362019 -0.064863
v -1.042725 0.319614 1.125391
v -1.387159 0.319614 1.125391
v -1.042725 0.323854 1.129635
v -1.387159 0.323854 1.129635
v -0.698291 0.323854 1.129635
v -1.039982 0.362019 -0.064863
v -1.042725 0.323854 1.129635
v -1.042725 0.362243 1.129635
v -1.385485 0.366263 -0.050621
v -1.730711 0.366261 -0.060621
v -1.730056 0.366263 -0.050621
v -1.731315 0.366485 1.125393
v -1.730660 0.366483 1.115393
v -1.387159 0.366483 1.115393
v -0.340329 0.366485 1.123580
v -0.342933 0.366483 1.113836
v -0.327719 0.366484 1.118373
v -0.332749 0.366482 1.109631
v -0.332749 0.366482 1.109631
v -0.316880 0.366482 1.110087
v -0.323996 0.366481 1.102940
v -0.316880 0.366482 1.110087
v -0.323996 0.366481 1.102940
v -0.308547 0.366480 1.099283
v -0.317267 0.366479 1.094215
v -0.317267 0.366479 1.094215
v -0.303285 0.366478 1.086695
v -0.313018 0.366477 1.084050
v -0.313018 0.366477 1.084050
v -0.301414 0.366475 1.072899
v -0.311411 0.366475 1.072202
v -0.311411 0.366475 1.072202
v -0.296776 0.366271 -0.007918
v -0.306779 0.366271 -0.007304
v -0.306779 0.366271 -0.007304
v -0.298541 0.366269 -0.021741
v -0.308293 0.366269 -0.019166
v -0.308293 0.366269 -0.019166
v -0.303725 0.366266 -0.034373
v -0.312475 0.366267 -0.029355
v -0.312475 0.366267 -0.029355
v -0.312010 0.366264 -0.045227
v -0.319158 0.366266 -0.038109
v -0.312010 0.366264 -0.045227
v -0.319158 0.366266 -0.038109
v -0.322828 0.366263 -0.053558
v -0.327884 0.366264 -0.044830
v -0.327884 0.366264 -0.044830
v -0.335438 0.366262 -0.058797
v -0.338055 0.366264 -0.049056
v -0.338055 0.366264 -0.049056
v -0.349253 0.366261 -0.060621
v -0.349910 0.366263 -0.050621
v -0.354134 0.366485 1.125393
v -0.354787 0.366483 1.115393
v -0.342933 0.366483 1.113836
v -0.694478 0.366263 -0.050621
v -1.039982 0.366263 -0.050621
v -1.042725 0.366483 1.115393
v -0.698291 0.366483 1.115393
v -1.039982 0.366263 -0.050621
v -1.385485 0.366263 -0.050621
v -1.387159 0.366483 1.115393
v -1.042725 0.366483 1.115393
v -0.349910 0.366263 -0.050621
v -0.694478 0.366263 -0.050621
v -0.698291 0.366483 1.115393
v -0.354787 0.366483 1.115393
v -1.730056 0.366263 -0.050621
v -1.744520 0.366262 -0.058803
v -1.741911 0.366264 -0.049061
v -1.741911 0.366264 -0.049061
v -1.757131 0.366263 -0.053582
v -1.752089 0.366264 -0.044846
v -1.752089 0.366264 -0.044846
v -1.767960 0.366264 -0.045276
v -1.760830 0.366266 -0.038142
v -1.767960 0.366264 -0.045276
v -1.760830 0.366266 -0.038142
v -1.776272 0.366266 -0.034451
v -1.767539 0.366267 -0.029404
v -1.767539 0.366267 -0.029404
v -1.781500 0.366269 -0.021843
v -1.771758 0.366269 -0.019228
v -1.771758 0.366269 -0.019228
v -1.783325 0.366271 -0.008035
v -1.773325 0.366271 -0.007374
v -1.773325 0.366271 -0.007374
v -1.783899 0.366475 1.072782
v -1.773899 0.366475 1.072131
v -1.773899 0.366475 1.072131
v -1.782088 0.366478 1.086593
v -1.772344 0.366477 1.083987
v -1.772344 0.366477 1.083987
v -1.776869 0.366480 1.099206
v -1.768132 0.366479 1.094166
v -1.768132 0.366479 1.094166
v -1.768563 0.366482 1.110037
v -1.761429 0.366481 1.102907
v -1.768563 0.366482 1.110037
v -1.761429 0.366481 1.102907
v -1.757736 0.366484 1.118349
v -1.752691 0.366482 1.109615
v -1.752691 0.366482 1.109615
v -1.745126 0.366485 1.123574
v -1.742515 0.366483 1.113831
v -1.742515 0.366483 1.113831
v -1.730660 0.366483 1.115393
v -1.385485 0.366263 -0.050621
v -1.385485 0.363069 -0.050619
v -1.730056 0.366263 -0.050621
v -1.730056 0.363069 -0.050619
v -1.730660 0.366483 1.115393
v -1.730660 0.363289 1.115395
v -1.387159 0.366483 1.115393
v -1.387159 0.363289 1.115395
v -0.342933 0.366483 1.113836
v -0.342933 0.363289 1.113838
v -0.332749 0.366482 1.109631
v -0.332749 0.363288 1.109633
v -0.323996 0.366481 1.102940
v -0.323996 0.363287 1.102942
v -0.323996 0.366481 1.102940
v -0.323996 0.363287 1.102942
v -0.317267 0.366479 1.094215
v -0.317267 0.363285 1.094217
v -0.313018 0.366477 1.084050
v -0.313018 0.363283 1.084052
v -0.311411 0.366475 1.072202
v -0.311411 0.363281 1.072204
v -0.306779 0.366271 -0.007304
v -0.306779 0.363077 -0.007302
v -0.308293 0.366269 -0.019166
v -0.308293 0.363075 -0.019164
v -0.312475 0.366267 -0.029355
v -0.312475 0.363073 -0.029353
v -0.319158 0.366266 -0.038109
v -0.319158 0.363071 -0.038108
v -0.319158 0.366266 -0.038109
v -0.319158 0.363071 -0.038108
v -0.327884 0.366264 -0.044830
v -0.327884 0.363070 -0.044828
v -0.338055 0.366264 -0.049056
v -0.338055 0.363069 -0.049054
v -0.349910 0.366263 -0.050621
v -0.349910 0.363069 -0.050619
v -0.354787 0.366483 1.115393
v -0.354787 0.363289 1.115395
v -0.694478 0.366263 -0.050621
v -0.694478 0.363069 -0.050619
v -1.039982 0.366263 -0.050621
v -1.039982 0.363069 -0.050619
v -1.042725 0.366483 1.115393
v -1.042725 0.363289 1.115395
v -0.698291 0.366483 1.115393
v -0.698291 0.363289 1.115395
v -1.039982 0.366263 -0.050621
v -1.039982 0.363069 -0.050619
v -1.042725 0.366483 1.115393
v -1.042725 0.363289 1.115395
v -1.741911 0.366264 -0.049061
v -1.741911 0.363069 -0.049059
v -1.752089 0.366264 -0.044846
v -1.752089 0.363070 -0.044844
v -1.760830 0.366266 -0.038142
v -1.760830 0.363071 -0.038140
v -1.760830 0.366266 -0.038142
v -1.760830 0.363071 -0.038140
v -1.767539 0.366267 -0.029404
v -1.767539 0.363073 -0.029403
v -1.771758 0.366269 -0.019228
v -1.771758 0.363075 -0.019226
v -1.773325 0.366271 -0.007374
v -1.773325 0.363077 -0.007372
v -1.773899 0.366475 1.072131
v -1.773899 0.363281 1.072133
v -1.772344 0.366477 1.083987
v -1.772344 0.363283 1.083989
v -1.768132 0.366479 1.094166
v -1.768132 0.363285 1.094168
v -1.761429 0.366481 1.102907
v -1.761429 0.363287 1.102909
v -1.761429 0.366481 1.102907
v -1.761429 0.363287 1.102909
v -1.752691 0.366482 1.109615
v -1.752691 0.363288 1.109617
v -1.742515 0.366483 1.113831
v -1.742515 0.363289 1.113833
v -0.425389 -0.000040 1.067257
v -0.425424 -0.000037 1.008901
v -0.425389 0.033784 1.067257
v -0.425424 0.033784 1.008952
v -0.339025 0.034098 1.067273
v -0.339231 0.034098 1.008949
v -0.339025 -0.000040 1.067273
v -0.339231 -0.000033 1.008828
v -0.410344 -0.000020 0.993811
v -0.354323 -0.000011 0.993791
v -0.410340 0.033688 0.993866
v -0.354318 0.033896 0.993909
v -0.354109 -0.000040 1.082395
v -0.410319 -0.000040 1.082334
v -0.354109 0.033896 1.082395
v -0.410319 0.033688 1.082334
v -0.421009 0.033701 0.998283
v -0.421010 -0.000028 0.998232
v -0.420973 0.033701 1.077913
v -0.420973 -0.000040 1.077913
v -0.343671 -0.000014 0.998192
v -0.343669 0.033970 0.998313
v -0.343425 -0.000040 1.077968
v -0.343425 0.033970 1.077968
v -0.343425 -0.000040 1.077968
v -0.343425 0.033970 1.077968
v -0.425389 -0.000040 0.061852
v -0.425424 -0.000037 0.003496
v -0.425389 0.033784 0.061852
v -0.425424 0.033784 0.003546
v -0.339025 0.034098 0.061868
v -0.339231 0.034098 0.003544
v -0.339025 -0.000040 0.061868
v -0.339231 -0.000033 0.003422
v -0.410344 -0.000020 -0.011595
v -0.354323 -0.000011 -0.011614
v -0.410340 0.033688 -0.011539
v -0.354318 0.033896 -0.011497
v -0.354109 -0.000040 0.076989
v -0.410319 -0.000040 0.076929
v -0.354109 0.033896 0.076989
v -0.410319 0.033688 0.076929
v -0.421009 0.033701 -0.007123
v -0.421010 -0.000028 -0.007174
v -0.420973 0.033701 0.072508
v -0.420973 -0.000040 0.072508
v -0.343671 -0.000014 -0.007214
v -0.343669 0.033970 -0.007092
v -0.343425 -0.000040 0.072563
v -0.343425 0.033970 0.072563
v -0.343425 -0.000040 0.072563
v -0.343425 0.033970 0.072563
v -1.648712 -0.000040 0.003521
v -1.648678 -0.000037 0.061876
v -1.648712 0.033589 0.003520
v -1.648677 0.033784 0.061825
v -1.735076 0.033913 0.003505
v -1.734870 0.034097 0.061828
v -1.735077 -0.000040 0.003505
v -1.734869 -0.000033 0.061950
v -1.663757 -0.000020 0.076967
v -1.719778 -0.000011 0.076986
v -1.663761 0.033688 0.076912
v -1.719783 0.033896 0.076869
v -1.719992 -0.000040 -0.011617
v -1.663781 -0.000040 -0.011556
v -1.719992 0.034024 -0.011617
v -1.663781 0.033814 -0.011556
v -1.653093 0.033701 0.072495
v -1.653091 -0.000028 0.072546
v -1.653128 0.033713 -0.007135
v -1.653128 -0.000040 -0.007135
v -1.730431 -0.000014 0.072586
v -1.730433 0.033970 0.072465
v -1.730677 -0.000040 -0.007191
v -1.730677 0.034027 -0.007191
v -1.730677 -0.000040 -0.007191
v -1.730677 0.034027 -0.007191
v -1.648713 -0.000040 1.008928
v -1.648678 -0.000037 1.067282
v -1.648713 0.033589 1.008928
v -1.648677 0.033783 1.067232
v -1.735076 0.033913 1.008910
v -1.734869 0.034098 1.067234
v -1.735076 -0.000040 1.008910
v -1.734869 -0.000033 1.067356
v -1.663758 -0.000020 1.082373
v -1.719780 -0.000011 1.082392
v -1.663763 0.033688 1.082317
v -1.719783 0.033896 1.082275
v -1.719992 -0.000040 0.993789
v -1.663783 -0.000040 0.993849
v -1.719992 0.034024 0.993789
v -1.663783 0.033814 0.993849
v -1.653092 0.033701 1.077900
v -1.653091 -0.000028 1.077951
v -1.653126 0.033713 0.998270
v -1.653126 -0.000040 0.998270
v -1.730431 -0.000014 1.077992
v -1.730434 0.033970 1.077869
v -1.730676 -0.000040 0.998215
v -1.730675 0.034027 0.998215
v -1.730676 -0.000040 0.998215
v -1.730675 0.034027 0.998215
v -0.415390 0.037169 1.065264
v -0.425389 0.033784 1.067257
v -0.415423 0.037169 1.010885
v -0.425424 0.033784 1.008952
v -0.349224 0.037169 1.010847
v -0.339231 0.034098 1.008949
v -0.349032 0.037169 1.065313
v -0.339025 0.034098 1.067273
v -0.408356 0.037169 1.003811
v -0.410340 0.033688 0.993866
v -0.356309 0.037169 1.003791
v -0.354318 0.033896 0.993909
v -0.356093 0.037169 1.072393
v -0.354109 0.033896 1.082395
v -0.408322 0.037169 1.072336
v -0.410319 0.033688 1.082334
v -0.413355 0.037169 1.005885
v -0.421009 0.033701 0.998283
v -0.413319 0.037169 1.070263
v -0.420973 0.033701 1.077913
v -0.351308 0.037169 1.005855
v -0.343669 0.033970 0.998313
v -0.351092 0.037169 1.070320
v -0.343425 0.033970 1.077968
v -0.351092 0.037169 1.070320
v -0.343425 0.033970 1.077968
v -0.415390 0.037169 0.059859
v -0.425389 0.033784 0.061852
v -0.415423 0.037169 0.005480
v -0.425424 0.033784 0.003546
v -0.349224 0.037169 0.005442
v -0.339231 0.034098 0.003544
v -0.349032 0.037169 0.059908
v -0.339025 0.034098 0.061868
v -0.408356 0.037169 -0.001594
v -0.410340 0.033688 -0.011539
v -0.356309 0.037169 -0.001615
v -0.354318 0.033896 -0.011497
v -0.356093 0.037169 0.066987
v -0.354109 0.033896 0.076989
v -0.408322 0.037169 0.066931
v -0.410319 0.033688 0.076929
v -0.415423 0.037169 0.005480
v -0.425424 0.033784 0.003546
v -0.413355 0.037169 0.000479
v -0.421009 0.033701 -0.007123
v -0.413355 0.037169 0.000479
v -0.421009 0.033701 -0.007123
v -0.408356 0.037169 -0.001594
v -0.410340 0.033688 -0.011539
v -0.408322 0.037169 0.066931
v -0.410319 0.033688 0.076929
v -0.413319 0.037169 0.064857
v -0.420973 0.033701 0.072508
v -0.413319 0.037169 0.064857
v -0.420973 0.033701 0.072508
v -0.415390 0.037169 0.059859
v -0.425389 0.033784 0.061852
v -0.351308 0.037169 0.000450
v -0.343669 0.033970 -0.007092
v -0.349224 0.037169 0.005442
v -0.339231 0.034098 0.003544
v -0.356309 0.037169 -0.001615
v -0.354318 0.033896 -0.011497
v -0.351308 0.037169 0.000450
v -0.343669 0.033970 -0.007092
v -0.351092 0.037169 0.064915
v -0.343425 0.033970 0.072563
v -0.356093 0.037169 0.066987
v -0.354109 0.033896 0.076989
v -0.349032 0.037169 0.059908
v -0.339025 0.034098 0.061868
v -0.351092 0.037169 0.064915
v -0.343425 0.033970 0.072563
v -1.658711 0.038744 0.005513
v -1.648712 0.033589 0.003520
v -1.658679 0.038744 0.059867
v -1.648677 0.033784 0.061825
v -1.724877 0.038771 0.059869
v -1.734870 0.034097 0.061828
v -1.725069 0.038687 0.005464
v -1.735076 0.033913 0.003505
v -1.665748 0.038687 0.066939
v -1.663761 0.033688 0.076912
v -1.717795 0.038660 0.066928
v -1.719783 0.033896 0.076869
v -1.718008 0.038743 -0.001615
v -1.719992 0.034024 -0.011617
v -1.665779 0.038715 -0.001558
v -1.663781 0.033814 -0.011556
v -1.660748 0.038698 0.064868
v -1.653093 0.033701 0.072495
v -1.660782 0.038715 0.000515
v -1.653128 0.033713 -0.007135
v -1.722794 0.038698 0.064862
v -1.730433 0.033970 0.072465
v -1.723010 0.038744 0.000457
v -1.730677 0.034027 -0.007191
v -1.723010 0.038744 0.000457
v -1.730677 0.034027 -0.007191
v -1.658712 0.038744 1.010919
v -1.648713 0.033589 1.008928
v -1.658679 0.038744 1.065273
v -1.648677 0.033783 1.067232
v -1.724876 0.038771 1.065275
v -1.734869 0.034098 1.067234
v -1.725069 0.038687 1.010870
v -1.735076 0.033913 1.008910
v -1.665749 0.038687 1.072345
v -1.663763 0.033688 1.082317
v -1.717795 0.038660 1.072334
v -1.719783 0.033896 1.082275
v -1.718008 0.038743 1.003791
v -1.719992 0.034024 0.993789
v -1.665780 0.038715 1.003847
v -1.663783 0.033814 0.993849
v -1.660748 0.038698 1.070273
v -1.653092 0.033701 1.077900
v -1.660782 0.038715 1.005921
v -1.653126 0.033713 0.998270
v -1.722794 0.038698 1.070267
v -1.730434 0.033970 1.077869
v -1.723009 0.038744 1.005863
v -1.730675 0.034027 0.998215
v -1.723009 0.038744 1.005863
v -1.730675 0.034027 0.998215
vn -0.0000 -0.2982 0.9545
vn 1.0000 -0.0000 -0.0000
vn -1.0000 -0.0000 -0.0000
vn -0.0000 -0.2980 0.9546
vn -0.0000 0.2980 -0.9546
vn -0.0000 0.2981 -0.9545
vn -0.0000 -0.2979 0.9546
vn -0.0000 0.5915 0.8063
vn -0.0000 0.9483 -0.3175
vn -0.0000 0.9378 -0.3472
vn -0.0000 0.9379 -0.3469
vn -0.6250 0.7443 0.2352
vn -0.6250 0.7444 0.2352
vn -0.6250 0.7443 0.2353
vn -0.6248 0.7446 0.2349
vn -0.6249 0.7445 0.2350
vn -0.0000 -0.2981 0.9545
vn -0.0004 -0.0000 -1.0000
vn -0.0000 -0.0000 -1.0000
vn -0.0001 -0.0000 -1.0000
vn 0.0001 -0.0000 -1.0000
vn 0.0002 -0.0000 -1.0000
vn -0.0003 -0.0000 -1.0000
vn -0.0002 -0.0000 -1.0000
vn 0.0006 -0.0000 -1.0000
vn -0.0000 0.2982 -0.9545
vn -0.0000 0.2979 -0.9546
vn -0.0000 0.2983 -0.9545
vn -0.0000 0.2984 -0.9544
vn -0.0000 0.2987 -0.9543
vn -0.0000 0.9535 0.3015
vn -0.0000 0.9535 0.3013
vn -0.0000 0.9534 0.3016
vn -0.0000 0.9534 0.3017
vn -0.0000 0.9533 0.3019
vn -0.0000 0.9535 0.3014
vn -0.0000 0.9534 0.3018
vn -0.6001 0.7627 0.2413
vn -0.6000 0.7627 0.2412
vn -0.6000 0.7628 0.2412
vn -0.6002 0.7625 0.2414
vn -0.0000 0.5912 0.8065
vn 0.6000 0.7628 0.2412
vn 0.6000 0.7627 0.2412
vn 0.6001 0.7627 0.2413
vn -0.0000 0.9482 -0.3177
vn -0.0000 0.9483 -0.3173
vn -0.0000 0.9484 -0.3172
vn -0.6002 0.7625 0.2415
vn -0.0000 0.5913 0.8064
vn 0.6004 0.7623 0.2419
vn -0.6003 0.7623 0.2419
vn -0.0000 0.5914 0.8064
vn 0.6001 0.7626 0.2414
vn 0.6003 0.7623 0.2418
vn -0.0000 0.9483 -0.3174
vn -0.6001 0.7626 0.2414
vn -0.6000 0.7629 0.2411
vn -0.0000 0.5911 0.8066
vn 0.6000 0.7628 0.2411
vn 0.6001 0.7626 0.2413
vn -0.6001 0.7627 0.2412
vn -0.0000 0.5921 0.8058
vn -0.0000 0.5920 0.8060
vn -0.0000 0.5921 0.8059
vn 0.6003 0.7624 0.2416
vn 0.6002 0.7625 0.2416
vn -0.6000 0.7628 0.2411
vn -0.6001 0.7626 0.2413
vn 0.5999 0.7629 0.2410
vn 0.6002 0.7625 0.2415
vn -0.6002 0.7625 0.2416
vn 0.6002 0.7626 0.2414
vn -0.0000 0.5916 0.8062
vn 0.6002 0.7625 0.2414
vn -0.5999 0.7629 0.2411
vn -0.6002 0.7626 0.2414
vn -0.5999 0.7629 0.2410
vn -0.6003 0.7624 0.2416
vn -0.6001 0.7627 0.2414
vn -0.0000 0.5910 0.8067
vn -0.6004 0.7622 0.2418
vn 0.6001 0.7626 0.2415
vn -0.6002 0.7626 0.2415
vn 0.6001 0.7627 0.2412
vn -0.6001 0.7626 0.2415
vn -0.6000 0.7627 0.2413
vn -0.6249 0.7444 0.2351
vn -0.6249 0.7445 0.2351
vn -0.0000 0.5659 0.8245
vn 0.6250 0.7444 0.2351
vn 0.6249 0.7444 0.2351
vn 0.6249 0.7445 0.2351
vn 0.6250 0.7444 0.2352
vn -0.0000 0.9380 -0.3467
vn -0.0000 0.9379 -0.3470
vn -0.0000 0.5660 0.8244
vn 0.6249 0.7445 0.2349
vn 0.6251 0.7442 0.2355
vn -0.0000 0.5662 0.8243
vn -0.0000 0.5658 0.8245
vn -0.0000 0.5661 0.8244
vn 0.6250 0.7443 0.2352
vn 0.6249 0.7445 0.2350
vn -0.0000 0.9380 -0.3466
vn -0.0000 0.9378 -0.3471
vn -0.6249 0.7445 0.2349
vn 0.6251 0.7442 0.2354
vn -0.0000 0.5661 0.8243
vn -0.0000 0.5657 0.8246
vn 0.6250 0.7443 0.2353
vn -0.6250 0.7442 0.2354
vn -0.0000 0.5664 0.8242
vn -0.9952 -0.0981 -0.0020
vn -0.6804 -0.7098 -0.1822
vn -0.7071 -0.7071 -0.0020
vn -0.9619 -0.0942 -0.2567
vn -0.9619 0.0942 -0.2566
vn -0.8622 0.0942 -0.4977
vn -0.8622 -0.0942 -0.4978
vn -0.6097 -0.7097 -0.3529
vn -0.6803 -0.7098 -0.1825
vn -0.7040 0.0943 -0.7039
vn -0.7040 -0.0943 -0.7039
vn -0.4981 -0.7098 -0.4981
vn -0.2917 0.9416 -0.1683
vn -0.2371 0.9421 -0.2370
vn -0.9952 -0.0981 0.0001
vn -0.7071 -0.7071 -0.0000
vn -0.9952 0.0981 -0.0000
vn -0.9952 0.0981 -0.0020
vn -0.2980 0.9546 -0.0000
vn -0.3216 0.9429 -0.0863
vn -0.2979 0.9546 -0.0000
vn -0.9622 -0.0903 0.2568
vn -0.6807 -0.7101 0.1803
vn -0.9623 0.0903 0.2567
vn -0.3216 0.9431 0.0843
vn -0.8625 -0.0904 0.4979
vn -0.8625 0.0903 0.4979
vn -0.2918 0.9419 0.1664
vn -0.7043 -0.0904 0.7042
vn -0.7043 0.0904 0.7042
vn -0.2370 0.9422 0.2370
vn -0.2918 0.9419 0.1665
vn -0.6101 -0.7102 0.3512
vn -0.4975 -0.7108 0.4973
vn -0.0000 0.1020 -0.9948
vn -0.0000 0.9540 -0.2997
vn -0.0000 0.9582 -0.2861
vn -0.0039 0.0981 -0.9952
vn -0.0000 -0.1020 -0.9948
vn -0.0040 -0.0981 -0.9952
vn -0.2566 -0.0942 -0.9619
vn -0.2566 0.0942 -0.9619
vn -0.0843 0.9431 -0.3216
vn -0.4977 -0.0942 -0.8622
vn -0.4977 0.0942 -0.8622
vn -0.1683 0.9416 -0.2917
vn -0.0844 0.9431 -0.3216
vn -0.7039 -0.0943 -0.7040
vn -0.7039 0.0943 -0.7040
vn -0.2370 0.9422 -0.2370
vn -0.3512 -0.7102 -0.6101
vn -0.4980 -0.7098 -0.4981
vn -0.0000 0.1017 -0.9948
vn -0.0001 0.9587 -0.2843
vn -0.0000 1.0000 -0.0002
vn -0.2567 0.0903 0.9623
vn -0.0000 0.9540 0.2997
vn -0.0843 0.9431 0.3216
vn -0.0039 0.0962 0.9954
vn -0.0040 -0.0962 0.9954
vn 0.0001 0.0981 0.9952
vn -0.0000 0.9587 0.2843
vn -0.0000 -0.0981 0.9952
vn -0.0000 0.0978 0.9952
vn -0.0000 -0.0978 0.9952
vn -0.0000 0.0981 0.9952
vn 0.0040 0.0962 0.9954
vn -0.0000 0.9540 0.2998
vn -0.0000 0.9588 0.2842
vn 0.0040 -0.0961 0.9954
vn 0.2567 -0.0903 0.9623
vn 0.2567 0.0903 0.9623
vn 0.0843 0.9431 0.3216
vn 0.4956 -0.0903 0.8639
vn 0.4956 0.0903 0.8639
vn 0.1665 0.9419 0.2918
vn 0.0844 0.9431 0.3216
vn 0.7032 -0.0903 0.7052
vn 0.7032 0.0902 0.7052
vn 0.2370 0.9421 0.2370
vn 0.3507 -0.7112 0.6093
vn 0.4959 -0.7115 0.4979
vn 0.9629 -0.0943 -0.2530
vn 0.7071 -0.7071 -0.0000
vn 0.6809 -0.7103 -0.1785
vn 0.9952 -0.0981 0.0019
vn 0.9952 0.0981 0.0019
vn 0.9952 -0.0981 0.0059
vn 0.7071 -0.7071 0.0023
vn 0.9952 0.0981 0.0059
vn 0.9613 0.0902 0.2604
vn 0.9613 -0.0902 0.2604
vn 0.6804 -0.7098 0.1823
vn 0.7071 -0.7071 0.0021
vn 0.8612 0.0904 0.5002
vn 0.8611 -0.0904 0.5003
vn 0.6097 -0.7097 0.3529
vn 0.6804 -0.7098 0.1825
vn 0.7033 0.0902 0.7051
vn 0.7033 -0.0903 0.7052
vn 0.4959 -0.7115 0.4978
vn 0.6097 -0.7097 0.3530
vn 0.2899 0.9421 0.1685
vn 0.2370 0.9422 0.2370
vn 0.0040 -0.0981 -0.9952
vn 0.1822 -0.7098 -0.6804
vn 0.0020 -0.7071 -0.7071
vn 0.2566 -0.0942 -0.9619
vn 0.2566 0.0942 -0.9619
vn 0.4977 0.0942 -0.8622
vn 0.4977 -0.0942 -0.8622
vn 0.3529 -0.7097 -0.6097
vn 0.1824 -0.7098 -0.6804
vn 0.7059 0.0943 -0.7020
vn 0.7059 -0.0943 -0.7020
vn 0.4980 -0.7098 -0.4981
vn 0.1684 0.9416 -0.2917
vn 0.2388 0.9417 -0.2369
vn 0.3216 0.9431 -0.0843
vn 0.2979 0.9546 -0.0000
vn 0.9629 0.0943 -0.2530
vn 0.8636 -0.0942 -0.4954
vn 0.8636 0.0942 -0.4954
vn 0.2918 0.9419 -0.1664
vn 0.7060 -0.0942 -0.7020
vn 0.7060 0.0942 -0.7020
vn 0.2389 0.9417 -0.2369
vn 0.2918 0.9419 -0.1665
vn 0.6113 -0.7094 -0.3509
vn 0.4981 -0.7098 -0.4980
vn 0.2980 0.9546 -0.0000
vn 0.3215 0.9430 0.0862
vn 0.0020 -0.7071 0.7071
vn 0.1802 -0.7110 0.6797
vn 0.0039 -0.0959 0.9954
vn -0.0000 -0.7075 0.7067
vn -0.0000 -0.7071 0.7071
vn -0.1805 -0.7101 -0.6806
vn -0.3512 -0.7102 -0.6102
vn -0.0020 -0.7071 -0.7071
vn -0.1804 -0.7101 -0.6806
vn -0.0000 -0.7071 -0.7071
vn -0.0019 -0.7071 -0.7071
vn -0.0001 -0.1020 -0.9948
vn 0.0019 -0.7071 -0.7071
vn 0.0040 0.0981 -0.9952
vn 0.0862 0.9430 -0.3215
vn -0.3215 0.9430 -0.0863
vn -0.2917 0.9416 -0.1684
vn -0.6806 -0.7100 0.1805
vn -0.6101 -0.7102 0.3511
vn -0.4979 -0.0903 0.8625
vn -0.4974 -0.7108 0.4974
vn -0.3524 -0.7107 0.6089
vn -0.7042 -0.0903 0.7043
vn -0.7042 0.0904 0.7042
vn -0.4979 0.0903 0.8625
vn -0.1684 0.9416 0.2917
vn -0.2370 0.9421 0.2370
vn -0.2567 -0.0903 0.9623
vn -0.1802 -0.7110 0.6797
vn -0.0020 -0.7071 0.7071
vn -0.3523 -0.7107 0.6089
vn -0.0019 -0.7071 0.7071
vn 0.6809 -0.7103 -0.1786
vn 0.6114 -0.7094 -0.3506
vn 0.0863 0.9430 -0.3215
vn 0.3506 -0.7112 0.6094
vn 0.3215 0.9430 0.0863
vn -0.0000 0.9587 0.2844
vn -0.0000 1.0000 0.0001
vn -0.0000 0.9587 -0.2843
vn -0.0001 0.9582 -0.2861
vn -0.0000 0.9541 -0.2996
vn -0.0000 0.9582 -0.2860
vn -0.0000 0.9588 0.2841
vn -0.0000 0.9541 0.2996
vn 0.1664 0.9419 0.2917
vn 0.0843 0.9432 0.3214
vn 0.2369 0.9422 0.2369
vn 0.2898 0.9422 0.1683
vn 0.3214 0.9430 0.0863
vn 0.2898 0.9422 0.1684
vn 0.2978 0.9546 -0.0000
vn 0.3214 0.9430 0.0862
vn 0.3214 0.9432 -0.0843
vn -0.0000 1.0000 0.0005
vn 0.2917 0.9419 -0.1664
vn 0.2388 0.9418 -0.2368
vn 0.2916 0.9419 -0.1664
vn 0.1683 0.9416 -0.2916
vn 0.0863 0.9430 -0.3213
vn 0.0862 0.9430 -0.3214
vn -0.0843 0.9432 -0.3214
vn -0.1682 0.9416 -0.2916
vn -0.0843 0.9432 -0.3215
vn -0.2369 0.9422 -0.2369
vn -0.1683 0.9416 -0.2916
vn -0.2916 0.9416 -0.1683
vn -0.3214 0.9430 -0.0863
vn -0.2978 0.9546 -0.0000
vn -0.3214 0.9430 -0.0862
vn -0.0000 1.0000 0.0003
vn -0.3214 0.9432 0.0843
vn -0.2917 0.9419 0.1664
vn -0.2369 0.9422 0.2369
vn -0.2916 0.9419 0.1664
vn -0.1683 0.9416 0.2916
vn -0.0843 0.9432 0.3214
vn -0.4982 -0.0000 -0.8670
vn -0.7051 -0.0000 -0.7091
vn -0.7051 -0.0005 -0.7091
vn -0.4985 -0.0003 -0.8669
vn -0.2527 -0.0000 -0.9676
vn -0.2527 -0.0000 -0.9675
vn -0.0039 -0.0000 -1.0000
vn -0.0039 -0.0006 -1.0000
vn -0.0000 0.0002 -1.0000
vn -0.0000 -0.0001 -1.0000
vn -0.0000 -0.0003 -1.0000
vn -0.8646 -0.0003 -0.5025
vn -0.7052 -0.0000 -0.7090
vn -0.7052 -0.0004 -0.7090
vn -0.9665 -0.0000 -0.2568
vn -1.0000 -0.0000 -0.0039
vn -1.0000 -0.0000 -0.0040
vn -1.0000 -0.0000 -0.0019
vn -1.0000 -0.0000 -0.0020
vn -0.9685 -0.0000 0.2490
vn -0.8674 0.0003 0.4975
vn -0.8675 0.0003 0.4975
vn -0.7091 -0.0000 0.7051
vn -0.7091 0.0004 0.7051
vn -0.5012 0.0005 0.8653
vn -0.7090 -0.0000 0.7052
vn -0.7090 0.0005 0.7052
vn -0.5012 -0.0000 0.8653
vn -0.2527 -0.0000 0.9675
vn -0.0039 -0.0000 1.0000
vn -0.0039 0.0006 1.0000
vn -0.0000 -0.0003 1.0000
vn -0.0000 -0.0002 1.0000
vn -0.0000 0.0002 1.0000
vn 0.0039 0.0006 1.0000
vn 0.0039 -0.0000 1.0000
vn 0.2527 -0.0000 0.9676
vn 0.2527 -0.0000 0.9675
vn 0.4997 -0.0000 0.8662
vn 0.7070 -0.0000 0.7072
vn 0.7070 0.0005 0.7072
vn -0.0000 0.0003 -1.0000
vn -0.0000 0.0001 -1.0000
vn 0.0039 -0.0006 -1.0000
vn 0.0039 -0.0000 -1.0000
vn 0.2527 -0.0000 -0.9676
vn 0.4997 -0.0000 -0.8662
vn 0.4996 0.0001 -0.8662
vn 0.7070 -0.0000 -0.7072
vn 0.7070 -0.0005 -0.7072
vn 0.8662 -0.0000 0.4996
vn 0.7072 -0.0000 0.7070
vn 0.7072 0.0004 0.7070
vn 0.8663 -0.0001 0.4996
vn 0.9676 -0.0000 0.2527
vn 0.9675 -0.0000 0.2527
vn 1.0000 -0.0000 0.0020
vn 0.9675 -0.0000 -0.2528
vn 0.9675 -0.0000 -0.2527
vn 0.8662 -0.0003 -0.4997
vn 0.7072 -0.0000 -0.7070
vn 0.7072 -0.0004 -0.7070
vn 0.0648 -0.0005 0.9979
vn 0.7080 -0.0000 0.7062
vn 0.7099 -0.0000 0.7043
vn 0.0649 -0.0000 0.9979
vn -0.0668 -0.0000 0.9978
vn -0.7081 -0.0000 0.7062
vn -0.7073 -0.0000 0.7070
vn -0.9980 -0.0000 0.0629
vn -0.9980 -0.0001 0.0629
vn -0.9980 0.0003 -0.0629
vn -0.9980 -0.0000 -0.0629
vn -0.7091 -0.0000 -0.7051
vn -0.7071 0.0001 -0.7071
vn -0.0648 0.0024 -0.9979
vn -0.0649 0.0020 -0.9979
vn 0.0648 0.0031 -0.9979
vn 0.0668 0.0020 -0.9978
vn 0.7090 0.0020 -0.7052
vn 0.7059 0.0022 -0.7083
vn 0.9979 0.0007 -0.0648
vn 0.9978 -0.0000 -0.0668
vn 0.9983 -0.0000 0.0589
vn 0.9983 -0.0000 0.0588
vn 0.7101 -0.0000 0.7041
vn 0.7082 -0.0000 0.7060
vn 0.7100 -0.0000 0.7042
vn -0.7073 -0.0000 0.7069
vn -0.0649 0.0024 -0.9979
vn -0.0648 0.0019 -0.9979
vn 0.7060 0.0021 -0.7082
vn 0.7082 0.0001 0.7060
vn -0.0648 -0.0005 -0.9979
vn -0.7070 -0.0000 -0.7072
vn -0.7070 -0.0001 -0.7072
vn -0.0648 -0.0000 -0.9979
vn 0.0668 -0.0000 -0.9978
vn 0.0648 -0.0000 -0.9979
vn 0.7055 -0.0000 -0.7087
vn 0.7073 -0.0000 -0.7069
vn 0.9980 0.0005 -0.0629
vn 0.9980 -0.0000 -0.0629
vn 0.9980 0.0003 0.0629
vn 0.9980 -0.0000 0.0629
vn 0.7089 0.0002 0.7053
vn 0.7071 0.0001 0.7071
vn 0.0649 0.0024 0.9979
vn 0.0648 0.0020 0.9979
vn -0.0648 0.0031 0.9979
vn -0.0668 0.0020 0.9978
vn -0.7090 0.0020 0.7052
vn -0.7061 0.0019 0.7081
vn -0.9978 0.0003 0.0668
vn -0.9978 -0.0000 0.0668
vn -0.9983 -0.0000 -0.0589
vn -0.9981 -0.0000 -0.0608
vn -0.7072 -0.0000 -0.7070
vn -0.7070 0.0001 -0.7072
vn -0.0649 -0.0000 -0.9979
vn 0.7052 -0.0000 -0.7090
vn 0.9980 0.0004 -0.0629
vn 0.9980 -0.0001 -0.0629
vn 0.7091 -0.0000 0.7051
vn 0.0648 0.0024 0.9979
vn -0.7089 0.0020 0.7053
vn -0.7062 0.0019 0.7081
vn -0.7072 -0.0002 -0.7070
vn 0.0118 0.9488 0.3156
vn 0.1938 0.9596 0.2038
vn -0.0176 0.9481 0.3174
vn -0.0176 0.9483 0.3170
vn -0.2118 0.9528 0.2176
vn -0.3174 0.9482 0.0157
vn -0.3174 0.9482 -0.0157
vn -0.2119 0.9528 -0.2176
vn -0.2136 0.9524 -0.2176
vn -0.0177 0.9474 -0.3197
vn 0.0137 0.9482 -0.3174
vn 0.1942 0.9591 -0.2059
vn 0.1960 0.9587 -0.2059
vn 0.2902 0.9568 -0.0157
vn 0.2902 0.9569 0.0137
vn 0.1940 0.9596 0.2036
vn -0.3191 0.9477 -0.0000
vn -0.3193 0.9477 -0.0000
vn -0.3192 0.9477 -0.0000
vn 0.2938 0.9559 0.0001
vn 0.2938 0.9559 -0.0000
vn 0.2938 0.9559 -0.0001
vn -0.0000 0.9469 -0.3215
vn -0.0020 0.9477 0.3192
vn -0.2978 0.9461 -0.1275
vn -0.2977 0.9461 -0.1273
vn -0.1254 0.9445 -0.3037
vn -0.1257 0.9444 -0.3038
vn -0.1235 0.9447 0.3038
vn -0.1236 0.9447 0.3038
vn -0.1237 0.9447 0.3037
vn -0.2960 0.9467 0.1274
vn -0.2959 0.9467 0.1275
vn 0.2724 0.9545 -0.1215
vn 0.2725 0.9545 -0.1215
vn 0.2724 0.9545 -0.1216
vn 0.1137 0.9508 -0.2882
vn 0.1138 0.9508 -0.2883
vn 0.1138 0.9508 -0.2881
vn 0.1135 0.9515 0.2859
vn 0.1138 0.9514 0.2861
vn 0.1136 0.9515 0.2858
vn 0.2725 0.9547 0.1195
vn 0.2725 0.9547 0.1196
vn 0.2725 0.9547 0.1197
vn -0.0196 0.9031 -0.4290
vn -0.2860 0.9169 -0.2783
vn 0.0255 0.9018 -0.4313
vn 0.3018 0.9075 -0.2921
vn 0.3021 0.9074 -0.2921
vn 0.4471 0.8942 -0.0235
vn 0.4471 0.8942 -0.0236
vn 0.4463 0.8947 0.0196
vn 0.2938 0.9075 0.3001
vn 0.2938 0.9077 0.2996
vn 0.0235 0.8992 0.4369
vn -0.0196 0.9001 0.4353
vn -0.2766 0.9160 0.2905
vn -0.2766 0.9161 0.2903
vn -0.4234 0.9057 0.0216
vn -0.4234 0.9057 -0.0196
vn -0.2861 0.9169 -0.2781
vn -0.2862 0.9169 -0.2781
vn -0.2859 0.9169 -0.2783
vn 0.3019 0.9075 -0.2921
vn 0.4463 0.8946 0.0196
vt 1.909180 -0.329102
vt 1.880859 -0.329102
vt 1.852539 -0.348633
vt 1.824219 -0.329102
vt 1.795898 -0.329102
vt 1.710938 -0.348633
vt 1.739258 -0.329102
vt 1.710938 -0.329102
vt 2.160156 -0.439453
vt 2.160156 -0.415039
vt 2.121094 -0.415039
vt 1.989258 -0.415039
vt 1.952148 -0.439453
vt 1.989258 -0.439453
vt 2.074219 -0.439453
vt 1.876953 -0.439453
vt 1.919922 -0.415039
vt 1.876953 -0.415039
vt 1.852539 -0.329102
vt 2.046875 -0.415039
vt 2.046875 -0.439453
vt 1.767578 -0.329102
vt 1.980469 -0.147461
vt 1.948242 -0.147461
vt 1.948242 -0.248047
vt 1.980469 -0.248047
vt 2.011719 -0.248047
vt 1.916016 -0.248047
vt 2.251953 -0.359375
vt 2.294922 -0.359375
vt 2.335938 -0.359375
vt 2.335938 -0.407227
vt 2.335938 -0.311523
vt 2.335938 -0.263672
vt 2.335938 -0.216797
vt 1.722656 -0.248047
vt 1.754883 -0.248047
vt 1.883789 -0.248047
vt 1.851562 -0.248047
vt 1.787109 -0.248047
vt 1.819336 -0.248047
vt 2.044922 -0.147461
vt 2.011719 -0.147461
vt 2.195312 -0.348633
vt 2.195312 -0.329102
vt 2.109375 -0.329102
vt 2.003906 -0.415039
vt 1.961914 -0.415039
vt 1.914062 -0.439453
vt 0.587402 -1.435547
vt 0.592285 -1.183594
vt 0.587402 -1.195312
vt 0.592285 -1.447266
vt 0.603027 -1.179688
vt 0.603027 -1.451172
vt 1.187500 -1.179688
vt 1.187500 -1.451172
vt 1.198242 -1.183594
vt 1.198242 -1.447266
vt 1.203125 -1.195312
vt 1.203125 -1.435547
vt 0.242676 -0.017578
vt 0.538086 -0.163086
vt 0.538086 -0.017578
vt 0.242676 -0.163086
vt 0.546387 -0.021484
vt 0.546387 -0.160156
vt 0.549805 -0.029297
vt 0.549805 -0.151367
vt 0.234497 -0.160156
vt 0.234497 -0.021484
vt 0.231079 -0.151367
vt 0.231079 -0.029297
vt 1.938477 -0.329102
vt 1.938477 -0.348633
vt 1.966797 -0.329102
vt 1.966797 -0.348633
vt 1.995117 -0.329102
vt 1.995117 -0.348633
vt 2.023438 -0.329102
vt 2.023438 -0.348633
vt 2.052734 -0.329102
vt 2.052734 -0.348633
vt 2.082031 -0.329102
vt 2.082031 -0.348633
vt 2.109375 -0.348633
vt 2.138672 -0.329102
vt 2.138672 -0.348633
vt 2.167969 -0.329102
vt 2.167969 -0.348633
vt 1.948242 -0.114258
vt 2.044922 -0.114258
vt 2.378906 -0.311523
vt 2.378906 -0.216797
vt 1.819336 -0.147461
vt 1.851562 -0.114258
vt 1.819336 -0.114258
vt 1.851562 -0.147461
vt 1.658203 -0.147461
vt 1.690430 -0.114258
vt 1.658203 -0.114258
vt 1.690430 -0.147461
vt 1.722656 -0.114258
vt 1.722656 -0.147461
vt 1.754883 -0.114258
vt 1.754883 -0.147461
vt 1.787109 -0.114258
vt 1.787109 -0.147461
vt 1.883789 -0.114258
vt 1.883789 -0.147461
vt 1.916016 -0.114258
vt 1.916016 -0.147461
vt 2.251953 -0.263672
vt 2.294922 -0.216797
vt 2.251953 -0.216797
vt 2.294922 -0.263672
vt 1.658203 -0.248047
vt 1.690430 -0.281250
vt 1.690430 -0.248047
vt 1.658203 -0.281250
vt 1.722656 -0.281250
vt 1.948242 -0.281250
vt 1.658203 -0.213867
vt 1.690430 -0.213867
vt 1.722656 -0.213867
vt 1.754883 -0.213867
vt 1.787109 -0.213867
vt 1.819336 -0.213867
vt 1.851562 -0.213867
vt 1.883789 -0.213867
vt 1.916016 -0.213867
vt 1.948242 -0.213867
vt 1.980469 -0.213867
vt 2.011719 -0.213867
vt 2.044922 -0.213867
vt 2.044922 -0.281250
vt 1.658203 -0.180664
vt 1.690430 -0.180664
vt 1.722656 -0.180664
vt 1.754883 -0.180664
vt 1.787109 -0.180664
vt 1.819336 -0.180664
vt 1.851562 -0.180664
vt 1.883789 -0.180664
vt 1.916016 -0.180664
vt 1.948242 -0.180664
vt 1.980469 -0.180664
vt 2.011719 -0.180664
vt 2.044922 -0.180664
vt 2.251953 -0.407227
vt 2.251953 -0.311523
vt 2.294922 -0.311523
vt 2.378906 -0.407227
vt -1.404297 -0.286133
vt -1.410156 -0.288086
vt -1.404297 -0.288086
vt -1.410156 -0.286133
vt -1.410156 -0.270508
vt -1.416016 -0.270508
vt -1.416016 -0.286133
vt -1.416016 -0.288086
vt -1.420898 -0.270508
vt -1.420898 -0.286133
vt -1.420898 -0.288086
vt -1.416016 -0.268555
vt -1.420898 -0.268555
vt -0.951660 -0.286133
vt -0.951660 -0.288086
vt -0.951660 -0.270508
vt -1.404297 -0.270508
vt -1.404297 -0.268555
vt -1.410156 -0.268555
vt -0.951660 -0.268555
vt -0.945801 -0.286133
vt -0.945801 -0.288086
vt -0.945801 -0.270508
vt -0.945801 -0.268555
vt -0.939941 -0.286133
vt -0.939941 -0.270508
vt -0.939941 -0.268555
vt -0.935059 -0.286133
vt -0.935059 -0.270508
vt -0.935059 -0.268555
vt -0.939941 -0.288086
vt -0.935059 -0.288086
vt -0.959961 -0.269531
vt -0.811523 -0.267578
vt -0.959961 -0.267578
vt -0.811523 -0.269531
vt -0.959961 -0.285156
vt -0.811523 -0.285156
vt -0.805176 -0.285156
vt -0.805176 -0.269531
vt -0.805176 -0.267578
vt -0.799316 -0.285156
vt -0.799316 -0.269531
vt -0.799316 -0.267578
vt -0.794434 -0.285156
vt -0.794434 -0.269531
vt -0.794434 -0.267578
vt -0.799316 -0.287109
vt -0.794434 -0.287109
vt -1.108398 -0.269531
vt -1.108398 -0.267578
vt -1.108398 -0.263672
vt -0.959961 -0.263672
vt -1.410156 -0.269531
vt -1.403320 -0.267578
vt -1.410156 -0.267578
vt -1.403320 -0.269531
vt -1.403320 -0.286133
vt -1.255859 -0.269531
vt -1.255859 -0.267578
vt -1.255859 -0.286133
vt -1.108398 -0.286133
vt -0.960449 -0.269531
vt -0.960449 -0.286133
vt -0.812500 -0.269531
vt -0.812500 -0.267578
vt -0.960449 -0.267578
vt -0.812500 -0.286133
vt -0.806152 -0.286133
vt -0.806152 -0.269531
vt -0.806152 -0.267578
vt -0.800293 -0.286133
vt -0.800293 -0.269531
vt -0.800293 -0.267578
vt -0.795410 -0.286133
vt -0.795410 -0.269531
vt -0.795410 -0.267578
vt -0.800293 -0.288086
vt -0.795410 -0.288086
vt -1.255859 -0.263672
vt -0.951660 -0.269531
vt -1.404297 -0.269531
vt -1.416016 -0.269531
vt -1.420898 -0.269531
vt -1.404297 -0.285156
vt -1.410156 -0.287109
vt -1.404297 -0.287109
vt -1.410156 -0.285156
vt -1.416016 -0.285156
vt -1.416016 -0.287109
vt -1.421875 -0.269531
vt -1.421875 -0.285156
vt -1.421875 -0.287109
vt -1.416016 -0.267578
vt -1.421875 -0.267578
vt -0.945801 -0.269531
vt -0.939941 -0.269531
vt -0.935059 -0.269531
vt -0.812500 -0.288086
vt -0.806152 -0.288086
vt -0.960449 -0.288086
vt -1.108398 -0.288086
vt -0.805176 -0.287109
vt -0.811523 -0.287109
vt -0.959961 -0.287109
vt -1.108398 -0.287109
vt -1.108398 -0.285156
vt -1.255859 -0.287109
vt -1.255859 -0.285156
vt -1.404297 -0.267578
vt -1.420898 -0.267578
vt -1.403320 -0.288086
vt -1.255859 -0.288086
vt -0.960449 -0.263672
vt -0.811523 -0.263672
vt -1.403320 -0.263672
vt -0.806152 -0.263672
vt -0.800293 -0.263672
vt -0.795410 -0.263672
vt -1.420898 -0.263672
vt -1.416016 -0.263672
vt -1.410156 -0.263672
vt -1.404297 -0.263672
vt -0.951660 -0.263672
vt -0.945801 -0.263672
vt -0.939941 -0.263672
vt -0.935059 -0.263672
vt -1.421875 -0.263672
vt -0.812500 -0.263672
vt -0.805176 -0.263672
vt -0.799316 -0.263672
vt -0.794434 -0.263672
vt -0.951660 -0.264648
vt -0.945801 -0.264648
vt -0.939941 -0.264648
vt -0.935059 -0.264648
vt -0.800293 -0.261719
vt -0.795410 -0.261719
vt -0.806152 -0.261719
vt -0.812500 -0.261719
vt -0.960449 -0.261719
vt -1.108398 -0.261719
vt -1.420898 -0.262695
vt -1.416016 -0.262695
vt -1.410156 -0.262695
vt -1.404297 -0.262695
vt -0.951660 -0.262695
vt -0.945801 -0.262695
vt -0.939941 -0.262695
vt -0.935059 -0.262695
vt -1.421875 -0.261719
vt -1.416016 -0.261719
vt -1.410156 -0.261719
vt -1.404297 -0.261719
vt -1.255859 -0.261719
vt -0.959961 -0.261719
vt -0.811523 -0.261719
vt -0.805176 -0.261719
vt -0.799316 -0.261719
vt -0.794434 -0.261719
vt -1.403320 -0.261719
vt -1.420898 -0.261719
vt 0.035309 -0.142578
vt 0.043732 -0.228516
vt 0.043732 -0.142578
vt 0.035309 -0.228516
vt -0.052521 -0.228516
vt -0.052521 -0.142578
vt -0.060913 -0.142578
vt -0.060913 -0.228516
vt -0.069336 -0.142578
vt -0.069336 -0.228516
vt -0.160767 -0.228516
vt -0.160645 -0.142578
vt -0.169067 -0.142578
vt -0.169189 -0.228516
vt -0.177490 -0.143555
vt -0.177490 -0.228516
vt -0.264893 -0.228516
vt -0.265137 -0.142578
vt -0.273438 -0.142578
vt -0.273438 -0.228516
vt -0.281738 -0.142578
vt -0.281494 -0.228516
vt -0.373291 -0.228516
vt -0.373291 -0.142578
vt -0.381592 -0.142578
vt -0.381592 -0.228516
s 1
f 35/1/1 34/2/1 33/3/1
f 42/3/2 41/4/2 40/5/2
f 45/6/3 44/7/3 43/8/3
f 48/9/4 47/10/4 46/11/4
f 51/12/5 50/13/6 49/14/6
f 54/12/2 53/14/2 52/15/2
f 57/16/3 56/17/3 55/18/3
f 84/2/1 83/19/1 82/3/1
f 133/11/7 132/20/7 131/21/7
f 196/22/2 195/8/2 194/6/2
f 247/5/2 246/22/2 245/6/2
f 314/15/2 313/9/2 312/10/2
f 1073/23/8 1072/24/8 1071/24/8
f 1076/25/9 1075/25/9 1074/26/9
f 1087/26/9 1086/27/9 1085/27/9
f 1110/25/9 1109/25/9 1108/28/9
f 1117/29/10 1116/29/11 1115/30/10
f 1128/30/11 1127/31/11 1126/31/11
f 1135/32/12 1134/32/13 1133/31/13
f 1150/31/14 1149/33/14 1148/33/14
f 1153/34/15 1152/33/16 1151/35/16
f 1264/36/9 1263/36/9 1262/37/9
f 1267/25/9 1266/28/9 1265/38/9
f 1270/25/9 1269/38/9 1268/39/9
f 1273/40/9 1272/37/9 1271/36/9
f 1276/41/9 1275/40/9 1274/36/9
f 1283/27/9 1282/26/9 1281/25/9
f 1290/42/8 1289/42/8 1288/43/8
f 1297/31/11 1296/30/11 1295/29/11
f 1300/33/13 1299/31/13 1298/32/13
f 1303/34/16 1302/35/16 1301/35/16
f 1306/33/16 1305/33/16 1304/34/16
f 1309/6/3 1308/22/3 1307/7/3
f 1312/3/3 1311/19/3 1310/4/3
f 1319/5/3 1318/3/3 1317/4/3
f 1322/44/17 1321/45/17 1320/46/4
f 1329/3/2 1328/19/2 1327/4/2
f 1332/3/2 1331/5/2 1330/6/2
f 1335/12/2 1334/15/2 1333/10/2
f 1338/9/7 1337/11/7 1336/21/7
f 1341/21/3 1340/20/3 1339/47/3
f 1344/16/3 1343/21/3 1342/48/3
f 1347/21/3 1346/47/3 1345/48/3
f 1350/16/3 1349/48/3 1348/17/3
f 1357/18/6 1356/16/6 1355/49/5
f 3/50/18 2/51/19 1/52/20
f 4/53/21 2/51/19 3/50/18
f 2/51/19 4/53/21 5/54/19
f 6/55/21 5/54/19 4/53/21
f 9/55/19 8/56/19 7/54/19
f 8/56/19 9/55/19 10/57/19
f 13/57/20 12/58/19 11/56/19
f 14/59/20 12/58/19 13/57/20
f 12/58/19 14/59/20 15/60/22
f 16/61/21 15/60/22 14/59/20
f 19/62/19 18/63/19 17/64/19
f 18/63/19 19/62/19 20/65/19
f 23/63/23 22/66/19 21/64/19
f 24/67/24 22/66/19 23/63/23
f 22/66/19 24/67/24 25/68/19
f 26/69/25 25/68/19 24/67/24
f 29/62/19 28/70/22 27/65/24
f 30/71/19 28/70/22 29/62/19
f 28/70/22 30/71/19 31/72/21
f 32/73/19 31/72/21 30/71/19
f 38/3/26 37/74/27 36/19/28
f 39/75/27 37/74/27 38/3/26
f 37/74/27 39/75/27 113/76/29
f 114/77/27 113/76/29 39/75/27
f 113/76/29 114/77/27 107/78/6
f 108/79/30 107/78/6 114/77/27
f 107/78/6 108/79/30 66/80/29
f 68/81/27 66/80/29 108/79/30
f 66/80/29 68/81/27 67/82/29
f 69/83/27 67/82/29 68/81/27
f 67/82/29 69/83/27 97/84/28
f 98/85/29 97/84/28 69/83/27
f 97/84/28 98/85/29 91/46/29
f 92/86/27 91/46/29 98/85/29
f 91/46/29 92/86/27 85/87/27
f 86/88/27 85/87/27 92/86/27
f 85/87/27 86/88/27 74/89/29
f 76/90/27 74/89/29 86/88/27
f 74/89/29 76/90/27 75/45/26
f 77/44/27 75/45/26 76/90/27
f 60/42/31 59/91/32 58/24/33
f 59/91/32 60/42/31 61/92/33
f 64/35/31 63/93/33 62/94/33
f 63/93/33 64/35/31 65/33/33
f 72/95/34 71/96/34 70/97/35
f 71/96/34 72/95/34 73/98/33
f 80/99/34 79/100/34 78/101/34
f 79/100/34 80/99/34 81/102/33
f 89/102/32 88/103/32 87/100/33
f 88/103/32 89/102/32 90/104/33
f 95/104/33 94/105/33 93/103/34
f 94/105/33 95/104/33 96/106/34
f 101/106/34 100/107/34 99/105/35
f 100/107/34 101/106/34 102/108/33
f 105/108/34 104/97/34 103/107/33
f 104/97/34 105/108/34 106/95/33
f 111/98/34 110/109/34 109/96/34
f 110/109/34 111/98/34 112/110/34
f 117/110/34 116/111/34 115/109/35
f 116/111/34 117/110/34 118/112/33
f 121/112/34 120/91/34 119/111/35
f 120/91/34 121/112/34 122/24/33
f 125/113/31 124/114/31 123/115/33
f 124/114/31 125/113/31 126/116/33
f 129/116/33 128/35/31 127/114/31
f 128/35/31 129/116/33 130/34/33
f 136/117/33 135/118/33 134/119/32
f 135/118/33 136/117/33 137/120/32
f 140/119/36 139/121/31 138/36/36
f 139/121/31 140/119/36 141/118/31
f 144/122/33 143/36/33 142/121/36
f 143/36/33 144/122/33 145/25/33
f 148/123/31 147/119/31 146/124/36
f 147/119/31 148/123/31 149/117/32
f 152/124/36 151/36/36 150/125/33
f 151/36/36 152/124/36 153/119/36
f 156/125/33 155/37/31 154/126/31
f 155/37/31 156/125/33 157/36/33
f 160/126/36 159/40/36 158/127/33
f 159/40/36 160/126/36 161/37/36
f 164/127/36 163/41/36 162/128/33
f 163/41/36 164/127/36 165/40/36
f 168/128/36 167/39/36 166/129/33
f 167/39/36 168/128/36 169/41/36
f 172/129/31 171/38/31 170/130/36
f 171/38/31 172/129/31 173/39/31
f 176/130/36 175/28/36 174/131/33
f 175/28/36 176/130/36 177/38/36
f 180/131/36 179/25/36 178/132/33
f 179/25/36 180/131/36 181/28/36
f 184/132/31 183/26/31 182/133/33
f 183/26/31 184/132/31 185/25/31
f 188/133/36 187/27/36 186/134/33
f 187/27/36 188/133/36 189/26/36
f 192/135/31 191/27/36 190/136/33
f 191/27/36 192/135/31 193/134/33
f 199/137/33 198/124/33 197/138/33
f 198/124/33 199/137/33 200/123/33
f 203/138/33 202/125/33 201/139/34
f 202/125/33 203/138/33 204/124/34
f 207/139/33 206/126/33 205/140/33
f 206/126/33 207/139/33 208/125/33
f 211/140/33 210/127/33 209/141/33
f 210/127/33 211/140/33 212/126/34
f 215/141/33 214/128/33 213/142/34
f 214/128/33 215/141/33 216/127/34
f 219/142/33 218/129/33 217/143/33
f 218/129/33 219/142/33 220/128/34
f 223/143/33 222/130/33 221/144/33
f 222/130/33 223/143/33 224/129/33
f 227/144/33 226/131/33 225/145/34
f 226/131/33 227/144/33 228/130/34
f 231/145/33 230/132/33 229/146/33
f 230/132/33 231/145/33 232/131/34
f 235/146/33 234/133/33 233/147/36
f 234/133/33 235/146/33 236/132/36
f 239/147/33 238/134/33 237/148/33
f 238/134/33 239/147/33 240/133/34
f 243/148/33 242/135/32 241/149/32
f 242/135/32 243/148/33 244/134/33
f 250/99/31 249/138/31 248/102/33
f 249/138/31 250/99/31 251/137/34
f 254/102/31 253/139/31 252/104/31
f 253/139/31 254/102/31 255/138/31
f 258/104/36 257/140/36 256/106/31
f 257/140/36 258/104/36 259/139/33
f 262/106/31 261/141/31 260/108/31
f 261/141/31 262/106/31 263/140/31
f 266/108/31 265/142/31 264/95/31
f 265/142/31 266/108/31 267/141/31
f 270/95/31 269/143/31 268/98/31
f 269/143/31 270/95/31 271/142/31
f 274/98/31 273/144/31 272/110/31
f 273/144/31 274/98/31 275/143/33
f 278/110/31 277/145/31 276/112/31
f 277/145/31 278/110/31 279/144/31
f 282/112/31 281/146/31 280/24/31
f 281/146/31 282/112/31 283/145/31
f 286/24/31 285/147/31 284/23/33
f 285/147/31 286/24/31 287/146/31
f 290/23/31 289/148/31 288/43/31
f 289/148/31 290/23/31 291/147/31
f 294/43/31 293/149/31 292/42/31
f 293/149/31 294/43/31 295/148/36
f 298/32/37 297/29/34 296/150/37
f 297/29/34 298/32/37 299/31/37
f 302/151/36 301/30/32 300/152/36
f 301/30/32 302/151/36 303/29/37
f 306/152/31 305/31/36 304/33/37
f 305/31/36 306/152/31 307/30/37
f 310/93/31 309/32/33 308/153/33
f 309/32/33 310/93/31 311/33/33
f 317/113/31 316/152/31 315/116/31
f 316/152/31 317/113/31 318/151/31
f 321/116/33 320/33/31 319/34/33
f 320/33/31 321/116/33 322/152/31
f 325/99/38 324/101/39 323/101/40
f 324/101/39 325/99/38 326/99/41
f 329/102/8 328/99/8 327/99/42
f 328/99/8 329/102/8 330/102/8
f 333/100/43 332/102/44 331/102/45
f 332/102/44 333/100/43 334/100/43
f 337/101/46 336/100/46 335/100/47
f 336/100/46 337/101/46 338/101/46
f 341/99/46 340/102/47 339/102/48
f 340/102/47 341/99/46 342/99/47
f 345/137/38 344/99/49 343/99/40
f 344/99/49 345/137/38 346/137/40
f 349/138/50 348/137/50 347/137/50
f 348/137/50 349/138/50 350/138/50
f 353/102/51 352/138/44 351/138/44
f 352/138/44 353/102/51 354/102/51
f 357/137/9 356/138/9 355/138/9
f 356/138/9 357/137/9 358/137/9
f 361/123/40 360/137/39 359/137/40
f 360/137/39 361/123/40 362/123/52
f 365/124/53 364/123/53 363/123/53
f 364/123/53 365/124/53 366/124/53
f 369/138/43 368/124/54 367/124/55
f 368/124/54 369/138/43 370/138/54
f 373/123/56 372/124/56 371/124/56
f 372/124/56 373/123/56 374/123/56
f 377/117/57 376/123/58 375/123/57
f 376/123/58 377/117/57 378/117/38
f 381/119/8 380/117/59 379/117/8
f 380/117/59 381/119/8 382/119/8
f 385/124/60 384/119/45 383/119/61
f 384/119/45 385/124/60 386/124/54
f 389/117/9 388/119/9 387/119/9
f 388/119/9 389/117/9 390/117/9
f 393/120/57 392/117/62 391/117/38
f 392/117/62 393/120/57 394/120/57
f 397/118/63 396/120/64 395/120/64
f 396/120/64 397/118/63 398/118/65
f 401/119/43 400/118/45 399/118/43
f 400/118/45 401/119/43 402/119/66
f 405/102/38 404/100/39 403/100/39
f 404/100/39 405/102/38 406/102/39
f 409/104/8 408/102/8 407/102/8
f 408/102/8 409/104/8 410/104/59
f 413/103/54 412/104/60 411/104/45
f 412/104/60 413/103/54 414/103/67
f 417/100/46 416/103/46 415/103/56
f 416/103/46 417/100/46 418/100/46
f 421/102/46 420/104/47 419/104/46
f 420/104/47 421/102/46 422/102/46
f 425/138/39 424/102/57 423/102/68
f 424/102/57 425/138/39 426/138/69
f 429/139/50 428/138/50 427/138/50
f 428/138/50 429/139/50 430/139/50
f 433/104/70 432/139/45 431/139/44
f 432/139/45 433/104/70 434/104/71
f 437/138/9 436/139/9 435/139/9
f 436/139/9 437/138/9 438/138/9
f 441/124/40 440/138/62 439/138/39
f 440/138/62 441/124/40 442/124/72
f 445/125/53 444/124/53 443/124/53
f 444/124/53 445/125/53 446/125/53
f 449/139/73 448/125/45 447/125/45
f 448/125/45 449/139/73 450/139/45
f 453/124/56 452/125/56 451/125/56
f 452/125/56 453/124/56 454/124/56
f 457/119/57 456/124/68 455/124/57
f 456/124/68 457/119/57 458/119/38
f 461/36/8 460/119/8 459/119/8
f 460/119/8 461/36/8 462/36/8
f 465/125/43 464/36/61 463/36/61
f 464/36/61 465/125/43 466/125/44
f 469/119/9 468/36/9 467/36/9
f 468/36/9 469/119/9 470/119/9
f 473/118/57 472/119/40 471/119/39
f 472/119/40 473/118/57 474/118/40
f 477/121/74 476/118/64 475/118/64
f 476/118/64 477/121/74 478/121/63
f 481/36/43 480/121/54 479/121/44
f 480/121/54 481/36/43 482/36/75
f 485/125/56 484/126/56 483/126/56
f 484/126/56 485/125/56 486/125/56
f 489/36/69 488/125/76 487/125/39
f 488/125/76 489/36/69 490/36/40
f 493/37/8 492/36/59 491/36/8
f 492/36/59 493/37/8 494/37/8
f 497/126/44 496/37/44 495/37/45
f 496/37/44 497/126/44 498/126/43
f 501/126/56 500/127/56 499/127/56
f 500/127/56 501/126/56 502/126/56
f 505/37/38 504/126/40 503/126/77
f 504/126/40 505/37/38 506/37/77
f 509/40/8 508/37/8 507/37/8
f 508/37/8 509/40/8 510/40/8
f 513/127/43 512/40/54 511/40/45
f 512/40/54 513/127/43 514/127/43
f 517/127/56 516/128/56 515/128/56
f 516/128/56 517/127/56 518/127/56
f 521/40/38 520/127/40 519/127/57
f 520/127/40 521/40/38 522/40/39
f 525/41/8 524/40/8 523/40/8
f 524/40/8 525/41/8 526/41/8
f 529/128/43 528/41/43 527/41/45
f 528/41/43 529/128/43 530/128/45
f 533/128/56 532/129/56 531/129/56
f 532/129/56 533/128/56 534/128/56
f 537/41/40 536/128/78 535/128/57
f 536/128/78 537/41/40 538/41/57
f 541/39/8 540/41/42 539/41/8
f 540/41/42 541/39/8 542/39/8
f 545/129/54 544/39/45 543/39/45
f 544/39/45 545/129/54 546/129/44
f 549/129/56 548/130/56 547/130/56
f 548/130/56 549/129/56 550/129/56
f 553/39/39 552/129/68 551/129/79
f 552/129/68 553/39/39 554/39/38
f 557/38/8 556/39/8 555/39/8
f 556/39/8 557/38/8 558/38/8
f 561/130/73 560/38/45 559/38/45
f 560/38/45 561/130/73 562/130/45
f 565/130/56 564/131/56 563/131/56
f 564/131/56 565/130/56 566/130/56
f 569/38/39 568/130/39 567/130/79
f 568/130/39 569/38/39 570/38/38
f 573/28/8 572/38/8 571/38/8
f 572/38/8 573/28/8 574/28/8
f 577/131/44 576/28/43 575/28/61
f 576/28/43 577/131/44 578/131/44
f 581/131/56 580/132/56 579/132/56
f 580/132/56 581/131/56 582/131/56
f 585/28/62 584/131/40 583/131/57
f 584/131/40 585/28/62 586/28/49
f 589/25/8 588/28/59 587/28/8
f 588/28/59 589/25/8 590/25/8
f 593/132/44 592/25/45 591/25/54
f 592/25/45 593/132/44 594/132/60
f 597/132/56 596/133/56 595/133/56
f 596/133/56 597/132/56 598/132/56
f 601/25/62 600/132/57 599/132/40
f 600/132/57 601/25/62 602/25/78
f 605/26/59 604/25/42 603/25/8
f 604/25/42 605/26/59 606/26/8
f 609/133/54 608/26/45 607/26/45
f 608/26/45 609/133/54 610/133/44
f 613/133/56 612/134/56 611/134/56
f 612/134/56 613/133/56 614/133/56
f 617/26/39 616/133/40 615/133/39
f 616/133/40 617/26/39 618/26/49
f 621/27/8 620/26/8 619/26/8
f 620/26/8 621/27/8 622/27/8
f 625/134/45 624/27/73 623/27/45
f 624/27/73 625/134/45 626/134/54
f 629/148/9 628/149/9 627/149/9
f 628/149/9 629/148/9 630/148/9
f 633/134/40 632/148/49 631/148/40
f 632/148/49 633/134/40 634/134/40
f 637/135/53 636/134/53 635/134/53
f 636/134/53 637/135/53 638/135/53
f 641/149/43 640/135/43 639/135/43
f 640/135/43 641/149/43 642/149/43
f 645/147/9 644/148/9 643/148/9
f 644/148/9 645/147/9 646/147/9
f 649/133/40 648/147/57 647/147/77
f 648/147/57 649/133/40 650/133/40
f 653/134/53 652/133/53 651/133/53
f 652/133/53 653/134/53 654/134/53
f 657/148/44 656/134/45 655/134/43
f 656/134/45 657/148/44 658/148/45
f 661/146/9 660/147/9 659/147/9
f 660/147/9 661/146/9 662/146/9
f 665/132/80 664/146/68 663/146/77
f 664/146/68 665/132/80 666/132/40
f 669/133/53 668/132/53 667/132/53
f 668/132/53 669/133/53 670/133/53
f 673/147/54 672/133/43 671/133/45
f 672/133/43 673/147/54 674/147/43
f 677/43/46 676/42/48 675/42/46
f 676/42/48 677/43/46 678/43/47
f 681/148/38 680/43/38 679/43/57
f 680/43/38 681/148/38 682/148/38
f 685/149/50 684/148/50 683/148/50
f 684/148/50 685/149/50 686/149/50
f 689/42/45 688/149/54 687/149/43
f 688/149/54 689/42/45 690/42/44
f 693/23/46 692/43/47 691/43/47
f 692/43/47 693/23/46 694/23/46
f 697/147/39 696/23/57 695/23/40
f 696/23/57 697/147/39 698/147/57
f 701/148/50 700/147/50 699/147/50
f 700/147/50 701/148/50 702/148/50
f 705/43/54 704/148/43 703/148/44
f 704/148/43 705/43/54 706/43/43
f 709/24/46 708/23/47 707/23/48
f 708/23/47 709/24/46 710/24/46
f 713/146/38 712/24/49 711/24/39
f 712/24/49 713/146/38 714/146/38
f 717/147/50 716/146/50 715/146/50
f 716/146/50 717/147/50 718/147/50
f 721/23/44 720/147/43 719/147/43
f 720/147/43 721/23/44 722/23/54
f 725/145/9 724/146/9 723/146/9
f 724/146/9 725/145/9 726/145/9
f 729/131/40 728/145/49 727/145/40
f 728/145/49 729/131/40 730/131/40
f 733/132/53 732/131/53 731/131/53
f 732/131/53 733/132/53 734/132/53
f 737/146/43 736/132/43 735/132/45
f 736/132/43 737/146/43 738/146/54
f 741/112/46 740/24/46 739/24/46
f 740/24/46 741/112/46 742/112/46
f 745/145/38 744/112/39 743/112/39
f 744/112/39 745/145/38 746/145/38
f 749/146/50 748/145/50 747/145/50
f 748/145/50 749/146/50 750/146/50
f 753/24/71 752/146/44 751/146/44
f 752/146/44 753/24/71 754/24/45
f 757/112/38 756/111/38 755/111/57
f 756/111/38 757/112/38 758/112/39
f 761/24/59 760/112/59 759/112/42
f 760/112/59 761/24/59 762/24/8
f 765/91/43 764/24/71 763/24/54
f 764/24/71 765/91/43 766/91/43
f 769/111/48 768/91/46 767/91/46
f 768/91/46 769/111/48 770/111/46
f 773/144/9 772/145/9 771/145/9
f 772/145/9 773/144/9 774/144/9
f 777/130/57 776/144/77 775/144/62
f 776/144/77 777/130/57 778/130/38
f 781/131/53 780/130/53 779/130/53
f 780/130/53 781/131/53 782/131/53
f 785/145/44 784/131/43 783/131/45
f 784/131/43 785/145/44 786/145/75
f 789/143/9 788/144/9 787/144/9
f 788/144/9 789/143/9 790/143/9
f 793/129/40 792/143/49 791/143/38
f 792/143/49 793/129/40 794/129/40
f 797/130/81 796/129/53 795/129/53
f 796/129/53 797/130/81 798/130/53
f 801/144/43 800/130/43 799/130/60
f 800/130/43 801/144/43 802/144/75
f 805/142/9 804/143/9 803/143/9
f 804/143/9 805/142/9 806/142/9
f 809/128/38 808/142/82 807/142/40
f 808/142/82 809/128/38 810/128/40
f 813/129/53 812/128/53 811/128/53
f 812/128/53 813/129/53 814/129/53
f 817/143/44 816/129/43 815/129/45
f 816/129/43 817/143/44 818/143/43
f 821/141/9 820/142/9 819/142/9
f 820/142/9 821/141/9 822/141/9
f 825/127/57 824/141/40 823/141/38
f 824/141/40 825/127/57 826/127/40
f 829/128/53 828/127/53 827/127/53
f 828/127/53 829/128/53 830/128/53
f 833/142/43 832/128/45 831/128/45
f 832/128/45 833/142/43 834/142/45
f 837/140/9 836/141/9 835/141/9
f 836/141/9 837/140/9 838/140/9
f 841/126/40 840/140/77 839/140/39
f 840/140/77 841/126/40 842/126/40
f 845/127/53 844/126/53 843/126/53
f 844/126/53 845/127/53 846/127/53
f 849/141/43 848/127/54 847/127/60
f 848/127/54 849/141/43 850/141/73
f 853/139/9 852/140/9 851/140/9
f 852/140/9 853/139/9 854/139/9
f 857/125/38 856/139/39 855/139/57
f 856/139/39 857/125/38 858/125/38
f 861/126/53 860/125/53 859/125/53
f 860/125/53 861/126/53 862/126/53
f 865/140/45 864/126/45 863/126/83
f 864/126/45 865/140/45 866/140/45
f 869/104/46 868/106/46 867/106/48
f 868/106/46 869/104/46 870/104/47
f 873/139/39 872/104/57 871/104/40
f 872/104/57 873/139/39 874/139/38
f 877/140/50 876/139/50 875/139/50
f 876/139/50 877/140/50 878/140/50
f 881/106/54 880/140/45 879/140/43
f 880/140/45 881/106/54 882/106/45
f 885/106/46 884/108/46 883/108/48
f 884/108/46 885/106/46 886/106/46
f 889/140/49 888/106/57 887/106/57
f 888/106/57 889/140/49 890/140/39
f 893/141/50 892/140/50 891/140/50
f 892/140/50 893/141/50 894/141/50
f 897/108/54 896/141/45 895/141/43
f 896/141/45 897/108/54 898/108/54
f 901/108/46 900/95/47 899/95/46
f 900/95/47 901/108/46 902/108/46
f 905/141/39 904/108/40 903/108/49
f 904/108/40 905/141/39 906/141/39
f 909/142/50 908/141/50 907/141/50
f 908/141/50 909/142/50 910/142/50
f 913/95/43 912/142/43 911/142/43
f 912/142/43 913/95/43 914/95/54
f 917/95/46 916/98/46 915/98/46
f 916/98/46 917/95/46 918/95/46
f 921/142/38 920/95/39 919/95/39
f 920/95/39 921/142/38 922/142/38
f 925/143/50 924/142/50 923/142/50
f 924/142/50 925/143/50 926/143/50
f 929/98/44 928/143/54 927/143/45
f 928/143/54 929/98/44 930/98/60
f 933/98/46 932/110/48 931/110/47
f 932/110/48 933/98/46 934/98/47
f 937/143/69 936/98/39 935/98/40
f 936/98/39 937/143/69 938/143/40
f 941/144/50 940/143/50 939/143/50
f 940/143/50 941/144/50 942/144/50
f 945/110/54 944/144/54 943/144/44
f 944/144/54 945/110/54 946/110/71
f 949/110/46 948/112/47 947/112/46
f 948/112/47 949/110/46 950/110/46
f 953/144/39 952/110/39 951/110/57
f 952/110/39 953/144/39 954/144/39
f 957/145/50 956/144/50 955/144/50
f 956/144/50 957/145/50 958/145/50
f 961/112/44 960/145/43 959/145/54
f 960/145/43 961/112/44 962/112/44
f 965/110/38 964/109/40 963/109/39
f 964/109/40 965/110/38 966/110/68
f 969/112/8 968/110/8 967/110/8
f 968/110/8 969/112/8 970/112/8
f 973/111/44 972/112/54 971/112/71
f 972/112/54 973/111/44 974/111/44
f 977/109/46 976/111/46 975/111/46
f 976/111/46 977/109/46 978/109/46
f 981/98/38 980/96/40 979/96/84
f 980/96/40 981/98/38 982/98/40
f 985/110/8 984/98/8 983/98/8
f 984/98/8 985/110/8 986/110/8
f 989/109/44 988/110/45 987/110/54
f 988/110/45 989/109/44 990/109/43
f 993/96/46 992/109/46 991/109/56
f 992/109/46 993/96/46 994/96/46
f 997/95/38 996/97/38 995/97/84
f 996/97/38 997/95/38 998/95/39
f 1001/98/42 1000/95/8 999/95/42
f 1000/95/8 1001/98/42 1002/98/8
f 1005/96/43 1004/98/44 1003/98/71
f 1004/98/44 1005/96/43 1006/96/43
f 1009/97/46 1008/96/46 1007/96/46
f 1008/96/46 1009/97/46 1010/97/46
f 1013/108/38 1012/107/57 1011/107/39
f 1012/107/57 1013/108/38 1014/108/39
f 1017/95/8 1016/108/8 1015/108/8
f 1016/108/8 1017/95/8 1018/95/8
f 1021/97/43 1020/95/45 1019/95/85
f 1020/95/45 1021/97/43 1022/97/43
f 1025/107/46 1024/97/46 1023/97/46
f 1024/97/46 1025/107/46 1026/107/48
f 1029/106/38 1028/105/38 1027/105/38
f 1028/105/38 1029/106/38 1030/106/68
f 1033/108/59 1032/106/8 1031/106/8
f 1032/106/8 1033/108/59 1034/108/8
f 1037/107/45 1036/108/45 1035/108/44
f 1036/108/45 1037/107/45 1038/107/43
f 1041/105/56 1040/107/46 1039/107/46
f 1040/107/46 1041/105/56 1042/105/46
f 1045/104/49 1044/103/39 1043/103/38
f 1044/103/39 1045/104/49 1046/104/40
f 1049/106/8 1048/104/8 1047/104/8
f 1048/104/8 1049/106/8 1050/106/8
f 1053/105/44 1052/106/60 1051/106/45
f 1052/106/60 1053/105/44 1054/105/43
f 1057/103/46 1056/105/46 1055/105/48
f 1056/105/46 1057/103/46 1058/103/46
f 1061/92/43 1060/42/61 1059/42/73
f 1060/42/61 1061/92/43 1062/92/43
f 1065/92/46 1064/91/46 1063/91/46
f 1064/91/46 1065/92/46 1066/92/46
f 1069/24/40 1068/91/76 1067/91/39
f 1068/91/76 1069/24/40 1070/24/38
f 1079/122/38 1078/25/49 1077/25/68
f 1078/25/49 1079/122/38 1080/122/86
f 1083/122/74 1082/136/63 1081/122/63
f 1082/136/63 1083/122/74 1084/136/64
f 1090/136/83 1089/135/44 1088/136/67
f 1089/135/44 1090/136/83 1091/135/43
f 1094/134/56 1093/135/56 1092/135/56
f 1093/135/56 1094/134/56 1095/134/56
f 1098/27/68 1097/134/39 1096/134/38
f 1097/134/39 1098/27/68 1099/27/57
f 1102/121/38 1101/36/69 1100/36/69
f 1101/36/69 1102/121/38 1103/121/87
f 1106/121/65 1105/122/64 1104/121/74
f 1105/122/64 1106/121/65 1107/122/64
f 1113/25/44 1112/122/44 1111/122/83
f 1112/122/44 1113/25/44 1114/25/43
f 1120/150/13 1119/29/88 1118/29/13
f 1119/29/88 1120/150/13 1121/150/89
f 1124/150/90 1123/32/90 1122/150/90
f 1123/32/90 1124/150/90 1125/32/90
f 1131/31/91 1130/32/92 1129/32/93
f 1130/32/92 1131/31/91 1132/31/91
f 1138/153/90 1137/32/90 1136/32/90
f 1137/32/90 1138/153/90 1139/153/90
f 1142/153/94 1141/93/92 1140/153/93
f 1141/93/92 1142/153/94 1143/93/91
f 1146/33/11 1145/93/11 1144/93/11
f 1145/93/11 1146/33/11 1147/33/11
f 1156/35/95 1155/94/96 1154/94/96
f 1155/94/96 1156/35/95 1157/35/96
f 1160/93/97 1159/33/97 1158/33/97
f 1159/33/97 1160/93/97 1161/93/97
f 1164/93/98 1163/94/92 1162/94/99
f 1163/94/92 1164/93/98 1165/93/92
f 1168/116/16 1167/114/88 1166/114/88
f 1167/114/88 1168/116/16 1169/116/16
f 1172/34/100 1171/116/101 1170/116/101
f 1171/116/101 1172/34/100 1173/34/102
f 1176/35/103 1175/34/104 1174/34/92
f 1175/34/104 1176/35/103 1177/35/94
f 1180/114/96 1179/35/96 1178/35/96
f 1179/35/96 1180/114/96 1181/114/96
f 1184/116/105 1183/34/106 1182/34/105
f 1183/34/106 1184/116/105 1185/116/105
f 1188/152/13 1187/116/107 1186/116/88
f 1187/116/107 1188/152/13 1189/152/12
f 1192/33/97 1191/152/97 1190/152/97
f 1191/152/97 1192/33/97 1193/33/97
f 1196/34/91 1195/33/91 1194/33/108
f 1195/33/91 1196/34/91 1197/34/93
f 1200/152/11 1199/33/11 1198/33/11
f 1199/33/11 1200/152/11 1201/152/11
f 1204/30/88 1203/152/14 1202/152/13
f 1203/152/14 1204/30/88 1205/30/14
f 1208/31/109 1207/30/109 1206/30/110
f 1207/30/109 1208/31/109 1209/31/109
f 1212/33/99 1211/31/104 1210/31/92
f 1211/31/104 1212/33/99 1213/33/111
f 1216/151/11 1215/152/11 1214/152/11
f 1215/152/11 1216/151/11 1217/151/11
f 1220/29/112 1219/151/14 1218/151/12
f 1219/151/14 1220/29/112 1221/29/14
f 1224/30/109 1223/29/109 1222/29/101
f 1223/29/109 1224/30/109 1225/30/109
f 1228/152/111 1227/30/92 1226/30/111
f 1227/30/92 1228/152/111 1229/152/91
f 1232/113/106 1231/116/106 1230/116/105
f 1231/116/106 1232/113/106 1233/113/105
f 1236/151/14 1235/113/12 1234/113/89
f 1235/113/12 1236/151/14 1237/151/88
f 1240/152/97 1239/151/97 1238/151/97
f 1239/151/97 1240/152/97 1241/152/97
f 1244/116/104 1243/152/104 1242/152/92
f 1243/152/104 1244/116/104 1245/116/104
f 1248/113/12 1247/115/14 1246/115/16
f 1247/115/14 1248/113/12 1249/113/88
f 1252/116/101 1251/113/101 1250/113/113
f 1251/113/101 1252/116/101 1253/116/113
f 1256/114/92 1255/116/92 1254/116/91
f 1255/116/92 1256/114/92 1257/114/111
f 1260/115/105 1259/114/96 1258/114/105
f 1259/114/96 1260/115/105 1261/115/96
f 1279/25/9 1278/41/9 1277/36/9
f 1278/41/9 1279/25/9 1280/39/9
f 1286/136/31 1285/25/36 1284/122/33
f 1285/25/36 1286/136/31 1287/27/33
f 1293/23/42 1292/42/8 1291/24/8
f 1292/42/8 1293/23/42 1294/43/42
f 1315/6/3 1314/5/3 1313/22/3
f 1314/5/3 1315/6/3 1316/3/3
f 1325/44/17 1324/1/1 1323/3/17
f 1324/1/1 1325/44/17 1326/46/4
f 1353/12/26 1352/49/27 1351/13/28
f 1352/49/27 1353/12/26 1354/18/27
f 1360/154/114 1359/155/115 1358/156/116
f 1359/155/115 1360/154/114 1361/157/117
f 1380/158/118 1361/157/117 1360/154/114
f 1465/159/119 1361/157/117 1380/158/118
f 1459/160/120 1361/157/117 1465/159/119
f 1466/161/121 1361/157/117 1459/160/120
f 1361/157/117 1466/161/121 1467/155/122
f 1464/162/123 1459/160/120 1465/159/119
f 1458/163/124 1459/160/120 1464/162/123
f 1460/164/125 1459/160/120 1458/163/124
f 1459/160/120 1460/164/125 1461/161/121
f 1463/165/126 1464/162/123 1465/159/119
f 1464/162/123 1463/165/126 1462/166/127
f 1362/167/128 1363/156/116 1364/168/129
f 1363/156/116 1362/167/128 1360/154/114
f 1385/169/130 1360/154/114 1362/167/128
f 1379/170/131 1360/154/114 1385/169/130
f 1360/154/114 1379/170/131 1380/158/118
f 1381/171/132 1380/158/118 1379/170/131
f 1380/158/118 1381/171/132 1382/172/133
f 1384/173/132 1379/170/131 1385/169/130
f 1379/170/131 1384/173/132 1383/171/134
f 1365/174/135 1366/168/129 1367/175/136
f 1366/168/129 1365/174/135 1362/167/128
f 1362/167/128 1365/174/135 1385/169/130
f 1388/176/137 1385/169/130 1365/174/135
f 1387/177/138 1385/169/130 1388/176/137
f 1385/169/130 1387/177/138 1386/173/132
f 1470/178/139 1388/176/137 1365/174/135
f 1475/179/140 1388/176/137 1470/178/139
f 1474/180/141 1388/176/137 1475/179/140
f 1388/176/137 1474/180/141 1473/177/138
f 1476/181/142 1475/179/140 1470/178/139
f 1481/182/143 1475/179/140 1476/181/142
f 1480/183/144 1475/179/140 1481/182/143
f 1475/179/140 1480/183/144 1479/180/145
f 1477/184/146 1476/181/142 1470/178/139
f 1476/181/142 1477/184/146 1478/185/147
f 1369/186/148 1370/187/149 1371/188/150
f 1370/187/149 1369/186/148 1368/189/151
f 1448/190/152 1368/189/151 1369/186/148
f 1445/191/153 1368/189/151 1448/190/152
f 1439/192/154 1368/189/151 1445/191/153
f 1374/193/155 1368/189/151 1439/192/154
f 1373/194/156 1368/189/151 1374/193/155
f 1368/189/151 1373/194/156 1372/187/149
f 1440/195/157 1374/193/155 1439/192/154
f 1451/196/158 1374/193/155 1440/195/157
f 1450/197/159 1374/193/155 1451/196/158
f 1374/193/155 1450/197/159 1449/194/160
f 1452/198/161 1451/196/158 1440/195/157
f 1457/199/162 1451/196/158 1452/198/161
f 1456/200/163 1451/196/158 1457/199/162
f 1451/196/158 1456/200/163 1455/197/159
f 1453/201/164 1452/198/161 1440/195/157
f 1452/198/161 1453/201/164 1454/202/165
f 1377/188/150 1376/203/166 1375/186/166
f 1376/203/166 1377/188/150 1378/204/167
f 1378/204/167 1377/188/150 1631/205/168
f 1632/206/168 1631/205/168 1377/188/150
f 1390/207/169 1391/208/170 1392/209/171
f 1391/208/170 1390/207/169 1389/210/172
f 1495/211/173 1389/210/172 1390/207/169
f 1395/212/174 1389/210/172 1495/211/173
f 1394/213/175 1389/210/172 1395/212/174
f 1389/210/172 1394/213/175 1393/208/170
f 1498/214/176 1395/212/174 1495/211/173
f 1395/212/174 1498/214/176 1578/203/177
f 1577/215/178 1578/203/177 1498/214/176
f 1578/203/177 1577/215/178 1542/216/179
f 1575/217/178 1542/216/179 1577/215/178
f 1539/218/180 1542/216/179 1575/217/178
f 1543/219/181 1542/216/179 1539/218/180
f 1542/216/179 1543/219/181 1544/220/182
f 1429/221/183 1539/218/180 1575/217/178
f 1430/222/184 1539/218/180 1429/221/183
f 1537/223/185 1539/218/180 1430/222/184
f 1540/224/186 1539/218/180 1537/223/185
f 1539/218/180 1540/224/186 1541/219/170
f 1532/225/187 1537/223/185 1430/222/184
f 1538/226/188 1537/223/185 1532/225/187
f 1536/227/189 1537/223/185 1538/226/188
f 1537/223/185 1536/227/189 1535/224/190
f 1545/228/191 1538/226/188 1532/225/187
f 1550/229/192 1538/226/188 1545/228/191
f 1549/230/193 1538/226/188 1550/229/192
f 1538/226/188 1549/230/193 1548/227/189
f 1546/231/194 1545/228/191 1532/225/187
f 1545/228/191 1546/231/194 1547/232/195
f 1397/204/175 1398/212/177 1399/203/177
f 1398/212/177 1397/204/175 1396/213/175
f 1396/213/175 1397/204/175 1633/233/168
f 1634/205/168 1633/233/168 1397/204/175
f 1401/174/196 1402/168/197 1403/175/198
f 1402/168/197 1401/174/196 1400/167/199
f 1421/234/200 1400/167/199 1401/174/196
f 1406/154/201 1400/167/199 1421/234/200
f 1405/156/202 1400/167/199 1406/154/201
f 1400/167/199 1405/156/202 1404/168/197
f 1423/235/203 1406/154/201 1421/234/200
f 1426/207/204 1406/154/201 1423/235/203
f 1409/157/205 1406/154/201 1426/207/204
f 1408/155/206 1406/154/201 1409/157/205
f 1406/154/201 1408/155/206 1407/156/207
f 1558/236/208 1409/157/205 1426/207/204
f 1552/160/209 1409/157/205 1558/236/208
f 1559/161/210 1409/157/205 1552/160/209
f 1409/157/205 1559/161/210 1560/155/211
f 1557/237/212 1552/160/209 1558/236/208
f 1551/163/213 1552/160/209 1557/237/212
f 1553/164/214 1552/160/209 1551/163/213
f 1552/160/209 1553/164/214 1554/161/215
f 1556/165/216 1557/237/212 1558/236/208
f 1557/237/212 1556/165/216 1555/166/217
f 1412/238/218 1411/239/219 1410/240/220
f 1411/239/219 1412/238/218 1413/241/221
f 1525/207/222 1413/241/221 1412/238/218
f 1520/236/223 1413/241/221 1525/207/222
f 1514/242/224 1413/241/221 1520/236/223
f 1521/243/225 1413/241/221 1514/242/224
f 1413/241/221 1521/243/225 1522/239/226
f 1519/244/227 1514/242/224 1520/236/223
f 1513/245/228 1514/242/224 1519/244/227
f 1515/246/229 1514/242/224 1513/245/228
f 1514/242/224 1515/246/229 1516/243/225
f 1518/247/230 1519/244/227 1520/236/223
f 1519/244/227 1518/247/230 1517/248/231
f 1421/234/200 1420/177/232 1419/173/233
f 1420/177/232 1421/234/200 1422/249/234
f 1401/174/196 1422/249/234 1421/234/200
f 1501/178/235 1422/249/234 1401/174/196
f 1506/250/236 1422/249/234 1501/178/235
f 1505/180/237 1422/249/234 1506/250/236
f 1422/249/234 1505/180/237 1504/177/232
f 1507/181/238 1506/250/236 1501/178/235
f 1512/251/239 1506/250/236 1507/181/238
f 1511/183/240 1506/250/236 1512/251/239
f 1506/250/236 1511/183/240 1510/180/241
f 1508/184/242 1507/181/238 1501/178/235
f 1507/181/238 1508/184/242 1509/185/243
f 1424/173/244 1423/235/203 1421/234/200
f 1423/235/203 1424/173/244 1425/171/233
f 1427/171/244 1426/207/204 1423/235/203
f 1426/207/204 1427/171/244 1428/172/245
f 1431/252/246 1430/222/184 1429/221/183
f 1430/222/184 1431/252/246 1432/253/247
f 1435/221/248 1434/254/249 1433/252/246
f 1436/217/178 1434/254/249 1435/221/248
f 1434/254/249 1436/217/178 1437/255/250
f 1438/215/178 1437/255/250 1436/217/178
f 1441/256/251 1440/195/157 1439/192/154
f 1440/195/157 1441/256/251 1442/201/252
f 1439/192/154 1444/257/253 1443/256/254
f 1444/257/253 1439/192/154 1445/191/153
f 1445/191/153 1447/258/255 1446/257/256
f 1448/190/152 1447/258/255 1445/191/153
f 1447/258/255 1448/190/152 1418/259/255
f 1417/260/152 1418/259/255 1448/190/152
f 1418/259/255 1417/260/152 1416/261/255
f 1414/262/257 1416/261/255 1417/260/152
f 1416/261/255 1414/262/257 1415/240/258
f 1415/240/258 1414/262/257 1412/238/218
f 1531/212/148 1412/238/218 1414/262/257
f 1528/235/259 1412/238/218 1531/212/148
f 1412/238/218 1528/235/259 1525/207/222
f 1527/263/149 1525/207/222 1528/235/259
f 1525/207/222 1527/263/149 1526/209/260
f 1530/213/150 1528/235/259 1531/212/148
f 1528/235/259 1530/213/150 1529/263/149
f 1465/159/119 1469/172/261 1468/165/262
f 1469/172/261 1465/159/119 1380/158/118
f 1471/175/263 1470/178/139 1365/174/135
f 1470/178/139 1471/175/263 1472/184/264
f 1483/160/265 1484/164/266 1485/161/267
f 1484/164/266 1483/160/265 1482/163/268
f 1482/163/268 1483/160/265 1488/237/269
f 1489/236/270 1488/237/269 1483/160/265
f 1487/247/271 1488/237/269 1489/236/270
f 1488/237/269 1487/247/271 1486/264/272
f 1490/157/273 1489/236/270 1483/160/265
f 1390/207/169 1489/236/270 1490/157/273
f 1494/209/171 1489/236/270 1390/207/169
f 1489/236/270 1494/209/171 1493/247/271
f 1490/157/273 1495/211/173 1390/207/169
f 1496/155/274 1495/211/173 1490/157/273
f 1495/211/173 1496/155/274 1497/265/275
f 1491/161/276 1490/157/273 1483/160/265
f 1490/157/273 1491/161/276 1492/155/274
f 1499/265/277 1498/214/176 1495/211/173
f 1498/214/176 1499/265/277 1500/266/249
f 1502/175/278 1501/178/235 1401/174/196
f 1501/178/235 1502/175/278 1503/184/279
f 1520/236/223 1524/209/280 1523/247/230
f 1524/209/280 1520/236/223 1525/207/222
f 1533/253/247 1532/225/187 1430/222/184
f 1532/225/187 1533/253/247 1534/231/281
f 1558/236/208 1562/172/282 1561/165/216
f 1562/172/282 1558/236/208 1426/207/204
f 1565/220/283 1564/203/177 1563/216/177
f 1564/203/177 1565/220/283 1566/204/175
f 1566/204/175 1565/220/283 1629/205/168
f 1630/267/284 1629/205/168 1565/220/283
f 1568/204/285 1569/212/166 1570/203/166
f 1569/212/166 1568/204/285 1567/213/286
f 1567/213/286 1568/204/285 1627/233/168
f 1628/205/168 1627/233/168 1568/204/285
f 1573/215/178 1572/266/249 1571/255/250
f 1572/266/249 1573/215/178 1574/214/178
f 1414/262/257 1576/203/166 1531/212/148
f 1417/260/152 1576/203/166 1414/262/257
f 1576/203/166 1417/260/152 1369/186/148
f 1448/190/152 1369/186/148 1417/260/152
f 1580/187/287 1579/206/168 1377/188/288
f 1579/206/168 1580/187/287 1581/268/168
f 1396/213/289 1583/269/168 1582/208/290
f 1583/269/168 1396/213/289 1584/233/168
f 1587/227/291 1586/270/168 1585/224/292
f 1586/270/168 1587/227/291 1588/271/168
f 1590/230/293 1589/271/168 1587/227/291
f 1589/271/168 1590/230/293 1591/272/168
f 1594/165/294 1593/273/168 1592/166/293
f 1593/273/168 1594/165/294 1595/274/168
f 1597/172/295 1596/274/168 1594/165/296
f 1596/274/168 1597/172/295 1598/275/168
f 1600/171/297 1599/275/168 1597/172/298
f 1599/275/168 1600/171/297 1601/276/168
f 1603/173/297 1602/276/168 1600/171/297
f 1602/276/168 1603/173/297 1604/277/168
f 1606/177/299 1605/277/168 1603/173/297
f 1605/277/168 1606/177/299 1607/278/300
f 1609/180/301 1608/278/168 1606/177/299
f 1608/278/168 1609/180/301 1610/279/168
f 1612/183/302 1611/279/168 1609/180/303
f 1611/279/168 1612/183/302 1613/280/168
f 1616/247/304 1615/281/168 1614/248/302
f 1615/281/168 1616/247/304 1617/274/168
f 1619/209/305 1618/274/168 1616/247/304
f 1618/274/168 1619/209/305 1620/275/168
f 1622/263/287 1621/275/168 1619/209/306
f 1621/275/168 1622/263/287 1623/276/168
f 1585/224/292 1625/282/168 1624/219/290
f 1625/282/168 1585/224/292 1626/270/168
f 1567/213/288 1635/276/168 1622/263/287
f 1635/276/168 1567/213/288 1636/233/168
f 1624/219/290 1637/267/168 1565/220/182
f 1637/267/168 1624/219/290 1638/282/168
f 1640/194/307 1639/268/168 1580/187/287
f 1639/268/168 1640/194/307 1641/283/168
f 1643/197/308 1642/283/168 1640/194/309
f 1642/283/168 1643/197/308 1644/284/168
f 1646/200/310 1645/284/168 1643/197/311
f 1645/284/168 1646/200/310 1647/285/168
f 1650/165/312 1649/273/168 1648/166/310
f 1649/273/168 1650/165/312 1651/274/168
f 1653/172/313 1652/274/168 1650/165/312
f 1652/274/168 1653/172/313 1654/275/168
f 1656/171/314 1655/275/168 1653/172/315
f 1655/275/168 1656/171/314 1657/276/316
f 1659/173/314 1658/276/168 1656/171/314
f 1658/276/168 1659/173/314 1660/286/168
f 1662/177/317 1661/286/168 1659/173/314
f 1661/286/168 1662/177/317 1663/287/168
f 1665/180/318 1664/287/168 1662/177/317
f 1664/287/168 1665/180/318 1666/288/168
f 1668/183/319 1667/288/168 1665/180/320
f 1667/288/168 1668/183/319 1669/289/168
f 1672/247/321 1671/273/168 1670/264/319
f 1671/273/168 1672/247/321 1673/274/168
f 1675/209/322 1674/274/168 1672/247/321
f 1674/274/168 1675/209/322 1676/275/168
f 1582/208/290 1677/275/168 1675/209/322
f 1677/275/168 1582/208/290 1678/269/168
f 1690/290/323 1691/272/324 1692/291/325
f 1691/272/324 1690/290/323 1689/271/326
f 1688/292/327 1689/271/326 1690/290/323
f 1689/271/326 1688/292/327 1687/270/328
f 1718/293/329 1687/270/328 1688/292/327
f 1687/270/328 1718/293/329 1717/282/330
f 1726/294/331 1717/282/330 1718/293/329
f 1717/282/330 1726/294/331 1725/267/332
f 1724/295/333 1725/267/332 1726/294/331
f 1725/267/332 1724/295/333 1723/205/19
f 1695/274/334 1694/296/335 1693/273/336
f 1694/296/335 1695/274/334 1696/297/334
f 1697/275/337 1696/297/334 1695/274/334
f 1696/297/334 1697/275/337 1698/298/337
f 1699/276/338 1698/298/337 1697/275/337
f 1698/298/337 1699/276/338 1700/299/339
f 1701/277/340 1700/299/339 1699/276/338
f 1700/299/339 1701/277/340 1702/300/341
f 1703/278/342 1702/300/341 1701/277/340
f 1702/300/341 1703/278/342 1704/301/342
f 1705/279/343 1704/301/342 1703/278/342
f 1704/301/342 1705/279/343 1706/302/344
f 1707/280/345 1706/302/344 1705/279/343
f 1706/302/344 1707/280/345 1708/303/346
f 1711/274/347 1710/304/348 1709/281/349
f 1710/304/348 1711/274/347 1712/305/350
f 1713/275/351 1712/305/350 1711/274/347
f 1712/305/350 1713/275/351 1714/306/351
f 1715/276/352 1714/306/351 1713/275/351
f 1714/306/351 1715/276/352 1716/307/353
f 1719/233/354 1716/307/353 1715/276/352
f 1716/307/353 1719/233/354 1720/308/354
f 1721/205/355 1720/308/354 1719/233/354
f 1720/308/354 1721/205/355 1722/295/355
f 1679/206/355 1728/295/355 1727/205/355
f 1728/295/355 1679/206/355 1680/309/356
f 1681/268/357 1680/309/356 1679/206/355
f 1680/309/356 1681/268/357 1682/310/358
f 1731/283/359 1682/310/358 1681/268/357
f 1682/310/358 1731/283/359 1732/311/360
f 1733/284/361 1732/311/360 1731/283/359
f 1732/311/360 1733/284/361 1734/312/361
f 1735/285/362 1734/312/361 1733/284/361
f 1734/312/361 1735/285/362 1736/313/363
f 1686/308/331 1729/205/364 1730/295/365
f 1729/205/364 1686/308/331 1685/233/364
f 1684/314/366 1685/233/364 1686/308/331
f 1685/233/364 1684/314/366 1683/269/367
f 1758/306/368 1683/269/367 1684/314/366
f 1683/269/367 1758/306/368 1757/275/368
f 1756/305/369 1757/275/368 1758/306/368
f 1757/275/368 1756/305/369 1755/274/370
f 1754/315/371 1755/274/370 1756/305/369
f 1755/274/370 1754/315/371 1753/273/372
f 1739/274/373 1738/296/374 1737/273/375
f 1738/296/374 1739/274/373 1740/297/376
f 1741/275/377 1740/297/376 1739/274/373
f 1740/297/376 1741/275/377 1742/298/378
f 1743/276/379 1742/298/378 1741/275/377
f 1742/298/378 1743/276/379 1744/299/379
f 1745/286/2 1744/299/379 1743/276/379
f 1744/299/379 1745/286/2 1746/300/2
f 1747/287/380 1746/300/2 1745/286/2
f 1746/300/2 1747/287/380 1748/301/381
f 1749/288/382 1748/301/381 1747/287/380
f 1748/301/381 1749/288/382 1750/302/382
f 1751/289/383 1750/302/382 1749/288/382
f 1750/302/382 1751/289/383 1752/303/384
f 1773/316/385 1781/317/386 1782/318/387
f 1781/317/386 1773/316/385 1771/319/388
f 1771/319/388 1773/316/385 1772/320/389
f 1774/321/389 1772/320/389 1773/316/385
f 1777/322/390 1772/320/389 1774/321/389
f 1772/320/389 1777/322/390 1778/323/391
f 1761/324/392 1778/323/391 1777/322/390
f 1778/323/391 1761/324/392 1759/325/393
f 1759/325/393 1761/324/392 1760/326/394
f 1762/327/395 1760/326/394 1761/324/392
f 1775/328/396 1760/326/394 1762/327/395
f 1760/326/394 1775/328/396 1776/329/397
f 1769/330/398 1776/329/397 1775/328/396
f 1776/329/397 1769/330/398 1767/331/399
f 1767/331/399 1769/330/398 1768/332/400
f 1770/333/401 1768/332/400 1769/330/398
f 1780/334/402 1768/332/400 1770/333/401
f 1768/332/400 1780/334/402 1779/335/403
f 1764/336/404 1779/335/403 1780/334/402
f 1779/335/403 1764/336/404 1766/337/405
f 1766/337/405 1764/336/404 1765/338/406
f 1763/339/407 1765/338/406 1764/336/404
f 1784/340/408 1765/338/406 1763/339/407
f 1765/338/406 1784/340/408 1783/341/409
f 1799/316/385 1807/317/386 1808/318/410
f 1807/317/386 1799/316/385 1797/319/388
f 1797/319/388 1799/316/385 1798/320/389
f 1800/321/389 1798/320/389 1799/316/385
f 1803/322/390 1798/320/389 1800/321/389
f 1798/320/389 1803/322/390 1804/323/411
f 1787/324/392 1804/323/411 1803/322/390
f 1804/323/411 1787/324/392 1785/325/392
f 1785/325/392 1787/324/392 1786/326/394
f 1788/327/395 1786/326/394 1787/324/392
f 1801/328/396 1786/326/394 1788/327/395
f 1786/326/394 1801/328/396 1802/329/397
f 1795/330/412 1802/329/397 1801/328/396
f 1802/329/397 1795/330/412 1793/331/413
f 1793/331/413 1795/330/412 1794/332/400
f 1796/333/401 1794/332/400 1795/330/412
f 1806/334/402 1794/332/400 1796/333/401
f 1794/332/400 1806/334/402 1805/335/414
f 1790/336/404 1805/335/414 1806/334/402
f 1805/335/414 1790/336/404 1792/337/405
f 1792/337/405 1790/336/404 1791/338/406
f 1789/339/407 1791/338/406 1790/336/404
f 1810/340/408 1791/338/406 1789/339/407
f 1791/338/406 1810/340/408 1809/341/415
f 1825/316/416 1833/317/417 1834/318/418
f 1833/317/417 1825/316/416 1823/319/419
f 1823/319/419 1825/316/416 1824/320/420
f 1826/321/421 1824/320/420 1825/316/416
f 1829/322/422 1824/320/420 1826/321/421
f 1824/320/420 1829/322/422 1830/323/423
f 1813/324/424 1830/323/423 1829/322/422
f 1830/323/423 1813/324/424 1811/325/425
f 1811/325/425 1813/324/424 1812/326/426
f 1814/327/427 1812/326/426 1813/324/424
f 1827/328/428 1812/326/426 1814/327/427
f 1812/326/426 1827/328/428 1828/329/429
f 1821/330/430 1828/329/429 1827/328/428
f 1828/329/429 1821/330/430 1819/331/431
f 1819/331/431 1821/330/430 1820/332/432
f 1822/333/433 1820/332/432 1821/330/430
f 1832/334/434 1820/332/432 1822/333/433
f 1820/332/432 1832/334/434 1831/335/435
f 1816/336/436 1831/335/435 1832/334/434
f 1831/335/435 1816/336/436 1818/337/437
f 1818/337/437 1816/336/436 1817/338/438
f 1815/339/439 1817/338/438 1816/336/436
f 1836/340/440 1817/338/438 1815/339/439
f 1817/338/438 1836/340/440 1835/341/440
f 1851/316/416 1859/317/417 1860/318/441
f 1859/317/417 1851/316/416 1849/319/442
f 1849/319/442 1851/316/416 1850/320/420
f 1852/321/421 1850/320/420 1851/316/416
f 1855/322/443 1850/320/420 1852/321/421
f 1850/320/420 1855/322/443 1856/323/423
f 1839/324/444 1856/323/423 1855/322/443
f 1856/323/423 1839/324/444 1837/325/445
f 1837/325/445 1839/324/444 1838/326/426
f 1840/327/427 1838/326/426 1839/324/444
f 1853/328/446 1838/326/426 1840/327/427
f 1838/326/426 1853/328/446 1854/329/429
f 1847/330/447 1854/329/429 1853/328/446
f 1854/329/429 1847/330/447 1845/331/431
f 1845/331/431 1847/330/447 1846/332/432
f 1848/333/433 1846/332/432 1847/330/447
f 1858/334/448 1846/332/432 1848/333/433
f 1846/332/432 1858/334/448 1857/335/449
f 1842/336/436 1857/335/449 1858/334/448
f 1857/335/449 1842/336/436 1844/337/437
f 1844/337/437 1842/336/436 1843/338/438
f 1841/339/439 1843/338/438 1842/336/436
f 1862/340/440 1843/338/438 1841/339/439
f 1843/338/438 1862/340/440 1861/341/450
f 1875/316/451 1886/318/452 1885/318/452
f 1886/318/452 1875/316/451 1876/316/451
f 1877/321/453 1876/316/451 1875/316/451
f 1876/316/451 1877/321/453 1878/321/454
f 1881/322/455 1878/321/454 1877/321/453
f 1878/321/454 1881/322/455 1882/322/455
f 1863/324/456 1882/322/455 1881/322/455
f 1882/322/455 1863/324/456 1864/324/456
f 1865/327/457 1864/324/456 1863/324/456
f 1864/324/456 1865/327/457 1866/327/457
f 1879/328/458 1866/327/457 1865/327/457
f 1866/327/457 1879/328/458 1880/328/459
f 1871/330/460 1880/328/459 1879/328/458
f 1880/328/459 1871/330/460 1872/330/460
f 1873/333/461 1872/330/460 1871/330/460
f 1872/330/460 1873/333/461 1874/333/461
f 1883/334/462 1874/333/461 1873/333/461
f 1874/333/461 1883/334/462 1884/334/463
f 1867/336/464 1884/334/463 1883/334/462
f 1884/334/463 1867/336/464 1868/336/464
f 1869/339/465 1868/336/464 1867/336/464
f 1868/336/464 1869/339/465 1870/339/465
f 1887/340/466 1870/339/465 1869/339/465
f 1870/339/465 1887/340/466 1888/340/466
f 1891/327/467 1890/324/468 1889/324/468
f 1890/324/468 1891/327/467 1892/327/469
f 1895/339/470 1894/336/470 1893/336/471
f 1894/336/470 1895/339/470 1896/339/472
f 1899/333/473 1898/330/473 1897/330/473
f 1898/330/473 1899/333/473 1900/333/473
f 1903/321/474 1902/316/474 1901/316/474
f 1902/316/474 1903/321/474 1904/321/474
f 1907/328/475 1906/327/476 1905/327/476
f 1906/327/476 1907/328/475 1908/328/476
f 1911/330/477 1910/328/477 1909/328/478
f 1910/328/477 1911/330/477 1912/330/477
f 1915/322/479 1914/321/479 1913/321/480
f 1914/321/479 1915/322/479 1916/322/481
f 1919/324/482 1918/322/482 1917/322/482
f 1918/322/482 1919/324/482 1920/324/483
f 1923/336/484 1922/334/485 1921/334/484
f 1922/334/485 1923/336/484 1924/336/486
f 1927/334/487 1926/333/488 1925/333/487
f 1926/333/488 1927/334/487 1928/334/489
f 1931/316/490 1930/318/491 1929/318/492
f 1930/318/491 1931/316/490 1932/316/490
f 1935/340/493 1934/339/494 1933/339/494
f 1934/339/494 1935/340/493 1936/340/495
f 1949/316/496 1960/318/497 1959/318/497
f 1960/318/497 1949/316/496 1950/316/496
f 1951/321/498 1950/316/496 1949/316/496
f 1950/316/496 1951/321/498 1952/321/498
f 1955/322/499 1952/321/498 1951/321/498
f 1952/321/498 1955/322/499 1956/322/500
f 1937/324/501 1956/322/500 1955/322/499
f 1956/322/500 1937/324/501 1938/324/502
f 1939/327/503 1938/324/502 1937/324/501
f 1938/324/502 1939/327/503 1940/327/503
f 1953/328/504 1940/327/503 1939/327/503
f 1940/327/503 1953/328/504 1954/328/505
f 1945/330/506 1954/328/505 1953/328/504
f 1954/328/505 1945/330/506 1946/330/506
f 1947/333/507 1946/330/506 1945/330/506
f 1946/330/506 1947/333/507 1948/333/507
f 1957/334/508 1948/333/507 1947/333/507
f 1948/333/507 1957/334/508 1958/334/509
f 1941/336/510 1958/334/509 1957/334/508
f 1958/334/509 1941/336/510 1942/336/510
f 1943/339/511 1942/336/510 1941/336/510
f 1942/336/510 1943/339/511 1944/339/511
f 1961/340/512 1944/339/511 1943/339/511
f 1944/339/511 1961/340/512 1962/340/513
f 1975/316/496 1986/318/514 1985/318/514
f 1986/318/514 1975/316/496 1976/316/496
f 1977/321/498 1976/316/496 1975/316/496
f 1976/316/496 1977/321/498 1978/321/498
f 1981/322/499 1978/321/498 1977/321/498
f 1978/321/498 1981/322/499 1982/322/515
f 1963/324/502 1982/322/515 1981/322/499
f 1982/322/515 1963/324/502 1964/324/501
f 1965/327/516 1964/324/501 1963/324/502
f 1964/324/501 1965/327/516 1966/327/516
f 1979/328/504 1966/327/516 1965/327/516
f 1966/327/516 1979/328/504 1980/328/505
f 1971/330/506 1980/328/505 1979/328/504
f 1980/328/505 1971/330/506 1972/330/506
f 1973/333/507 1972/330/506 1971/330/506
f 1972/330/506 1973/333/507 1974/333/507
f 1983/334/508 1974/333/507 1973/333/507
f 1974/333/507 1983/334/508 1984/334/509
f 1967/336/510 1984/334/509 1983/334/508
f 1984/334/509 1967/336/510 1968/336/510
f 1969/339/511 1968/336/510 1967/336/510
f 1968/336/510 1969/339/511 1970/339/511
f 1987/340/512 1970/339/511 1969/339/511
f 1970/339/511 1987/340/512 1988/340/512
