# Blender 4.5.3 LTS
# www.blender.org
o w9a02_debris03
v -5.195208 0.226565 12.118545
v -5.233070 0.343699 12.153365
v -5.334682 0.357099 11.944956
v -5.157039 0.022877 12.451051
v -5.031387 0.005876 12.756011
v -4.997212 0.313850 12.499155
v -5.064613 0.322737 12.361121
v -5.064613 0.322737 12.361121
v -5.334682 0.357099 11.944956
v -5.412603 0.235053 11.894978
v -5.195208 0.226565 12.118545
v -5.808984 0.414244 11.565829
v -5.856267 0.272092 11.525027
v -5.617463 0.252260 11.643199
v -6.009822 0.437606 11.497066
v -6.184705 0.457415 11.495785
v -6.220014 0.348863 11.428410
v -6.009822 0.437606 11.497066
v -6.295284 0.475922 11.558945
v -6.047567 0.131019 11.645978
v -5.861009 0.109337 11.707817
v -5.856267 0.272092 11.525027
v -6.009822 0.437606 11.497066
v -6.220014 0.348863 11.428410
v -6.097498 0.185283 11.452479
v -6.228895 0.270419 11.427696
v -6.498106 0.436496 11.407798
v -5.195208 0.226565 12.118545
v -5.212805 0.090448 12.119845
v -6.729534 0.204312 12.075015
v -6.679916 0.202323 11.676720
v -6.770986 0.365354 11.914912
v -6.690397 0.378487 12.239756
v -6.513276 0.489283 12.080727
v -6.515419 0.486677 12.393570
v -6.593009 0.382802 12.533490
v -6.412924 0.473159 12.603811
v -6.447911 0.328633 12.670767
v -5.947128 0.418435 13.025424
v -5.699959 0.390935 12.972656
v -5.612934 0.234665 13.023087
v -6.640473 0.397273 11.400622
v -6.498106 0.436496 11.407798
v -6.491366 0.415622 11.560271
v -6.295284 0.475922 11.558945
v -6.371644 0.476158 11.701450
v -5.159738 0.019076 12.902026
v -5.365459 0.042106 12.930344
v -5.209533 0.224164 13.024045
v -5.031387 0.005876 12.756011
v -5.159738 0.019076 12.902026
v -4.939691 0.091813 12.912229
v -4.927304 0.201243 12.913225
v -5.119297 0.323532 12.953592
v -5.010041 0.312817 12.772029
v -6.412924 0.473159 12.603811
v -6.593009 0.382802 12.533490
v -6.522018 0.492415 11.845576
v -6.165714 0.304547 12.989417
v -6.252869 0.452860 12.843239
v -5.947128 0.418435 13.025424
v -6.252869 0.452860 12.843239
v -6.165714 0.304547 12.989417
v -5.987904 0.251678 13.051488
v -6.167977 0.133831 12.833931
v -5.212805 0.090448 12.119845
v -5.483633 0.112588 11.805318
v -5.439746 0.057190 12.197519
v -5.579299 0.075413 11.931119
v -6.674510 0.409622 11.637604
v -6.522018 0.492415 11.845576
v -6.770986 0.365354 11.914912
v -6.674510 0.409622 11.637604
v -5.157039 0.022877 12.451051
v -6.374218 0.268990 11.407382
v -6.498106 0.436496 11.407798
v -6.537643 0.256631 11.381058
v -6.679916 0.202323 11.676720
v -6.441180 0.177148 11.473468
v -6.374218 0.268990 11.407382
v -6.441180 0.177148 11.473468
v -6.184606 0.147530 11.536498
v -4.997212 0.313850 12.499155
v -5.461450 0.372775 11.799449
v -5.483633 0.112588 11.805318
v -5.212805 0.090448 12.119845
v -5.861009 0.109337 11.707817
v -6.097498 0.185283 11.452479
v -5.617463 0.252260 11.643199
v -5.461450 0.372775 11.799449
v -5.617463 0.252260 11.643199
v -6.228895 0.270419 11.427696
v -6.097498 0.185283 11.452479
v -6.184606 0.147530 11.536498
v -6.537643 0.256631 11.381058
v -5.856267 0.272092 11.525027
v -6.408831 0.163440 12.576596
v -6.525240 0.178983 12.316855
v -6.447911 0.328633 12.670767
v -6.167977 0.133831 12.833931
v -6.593009 0.382802 12.533490
v -6.447911 0.328633 12.670767
v -6.690397 0.378487 12.239756
v -6.729534 0.204312 12.075015
v -6.690397 0.378487 12.239756
v -5.209533 0.224164 13.024045
v -5.119297 0.323532 12.953592
v -4.927304 0.201243 12.913225
v -4.927304 0.201243 12.913225
v -4.939691 0.091813 12.912229
v -5.581455 0.066234 12.965838
v -5.612934 0.234665 13.023087
v -5.365459 0.042106 12.930344
v -5.816211 0.092205 13.032191
v -5.987904 0.251678 13.051488
v -5.987904 0.251678 13.051488
v -5.287860 0.344176 12.984525
v -6.647966 0.327097 11.399658
v -6.640473 0.397273 11.400622
v -6.674510 0.409622 11.637604
v -6.647966 0.327097 11.399658
v -6.640473 0.397273 11.400622
v -6.647966 0.327097 11.399658
v -6.537643 0.256631 11.381058
v -4.939691 0.091813 12.912229
v -4.927304 0.201243 12.913225
v -6.165714 0.304547 12.989417
v -5.816211 0.092205 13.032191
v -6.165714 0.304547 12.989417
v -5.483633 0.112588 11.805318
v -5.612934 0.234665 13.023087
v 4.649404 0.254052 15.607139
v 4.618933 0.335862 15.518669
v 4.751035 0.393111 15.458223
v 4.921120 0.349816 15.263446
v 4.957480 0.313909 15.086829
v 4.924961 0.225117 15.396567
v 5.030172 0.161976 15.086548
v 4.388066 0.090512 15.365630
v 4.243497 0.364402 15.201212
v 4.370134 0.372667 15.271189
v 4.603944 0.100579 15.463567
v 4.535515 0.118067 15.542295
v 4.649404 0.254052 15.607139
v 4.238088 0.054438 15.143221
v 4.243497 0.364402 15.201212
v 4.225648 0.239251 15.229581
v 4.238088 0.054438 15.143221
v 4.225648 0.239251 15.229581
v 4.352581 0.064089 15.218051
v 4.611442 0.374501 15.330655
v 4.751035 0.393111 15.458223
v 4.793349 0.092941 15.462067
v 4.649404 0.254052 15.607139
v 4.370134 0.372667 15.271189
v 4.535515 0.118067 15.542295
v 4.618933 0.335862 15.518669
v 4.388066 0.090512 15.365630
v 4.536090 0.296953 14.903481
v 4.479246 0.283350 14.819552
v 4.652893 0.205259 14.757499
v 4.300347 0.325568 15.006784
v 4.250543 0.034990 15.042554
v 4.372863 0.133457 14.796203
v 4.225648 0.239251 15.229581
v 4.238088 0.054438 15.143221
v 4.352581 0.064089 15.218051
v 4.548539 0.010774 14.975425
v 4.922124 0.083426 14.915397
v 4.905286 0.216696 14.889121
v 4.646224 0.033892 14.789777
v 4.652893 0.205259 14.757499
v 4.470943 -0.010408 14.846992
v 5.030172 0.161976 15.086548
v 4.905286 0.216696 14.889121
v 4.922124 0.083426 14.915397
v 4.798662 0.015085 15.049872
v 4.954768 0.000823 15.006339
v 4.922124 0.083426 14.915397
v 4.470943 -0.010408 14.846992
v 4.548539 0.010774 14.975425
v 4.646224 0.033892 14.789777
v 4.688518 0.007829 14.988650
v 4.957480 0.313909 15.086829
v 4.939763 0.302701 15.024597
v 4.912429 0.061919 15.321933
v 4.793349 0.092941 15.462067
v 4.954768 0.000823 15.006339
v 4.970738 0.010766 15.062411
v 4.652893 0.205259 14.757499
v 4.372863 0.133457 14.796203
v 4.470943 -0.010408 14.846992
v 4.646224 0.033892 14.789777
v 4.479246 0.283350 14.819552
v 4.479246 0.283350 14.819552
v 4.686780 0.301858 14.960568
v 4.905286 0.216696 14.889121
v 4.782716 0.312667 15.037720
v 4.939763 0.302701 15.024597
v 4.970738 0.010766 15.062411
v 4.388066 0.090512 15.365630
v 4.470943 -0.010408 14.846992
v 4.250543 0.034990 15.042554
v 4.548539 0.010774 14.975425
v 4.250543 0.034990 15.042554
v 4.238088 0.054438 15.143221
v 4.548539 0.010774 14.975425
v 4.649404 0.254052 15.607139
v 0.665029 0.251308 13.040921
v 0.754575 0.326665 13.082764
v 0.702436 0.396326 13.212420
v 0.700930 0.366377 13.472887
v 0.787355 0.329578 13.630942
v 0.597195 0.246775 13.382222
v 0.718181 0.186625 13.687039
v 1.002374 0.053060 13.057207
v 1.246414 0.304488 13.070551
v 1.106920 0.328667 13.101514
v 0.778321 0.089662 13.126178
v 0.778693 0.101790 13.021111
v 0.665029 0.251308 13.040921
v 1.257383 -0.005741 13.126299
v 1.246414 0.304488 13.070551
v 1.228147 0.179009 13.043948
v 1.257383 -0.005741 13.126299
v 1.228147 0.179009 13.043948
v 1.123823 0.018619 13.145528
v 0.888660 0.358771 13.216515
v 0.702436 0.396326 13.212420
v 0.638012 0.102875 13.252959
v 0.665029 0.251308 13.040921
v 1.106920 0.328667 13.101514
v 0.778693 0.101790 13.021111
v 0.754575 0.326665 13.082764
v 1.002374 0.053060 13.057207
v 1.219791 0.261036 13.490320
v 1.316207 0.238830 13.516228
v 1.220565 0.178555 13.681521
v 1.329144 0.266519 13.255633
v 1.312881 -0.026613 13.210864
v 1.395390 0.077525 13.471046
v 1.228147 0.179009 13.043948
v 1.257383 -0.005741 13.126299
v 1.123823 0.018619 13.145528
v 1.133814 -0.019825 13.459427
v 0.903796 0.091726 13.747690
v 0.947236 0.221515 13.749366
v 1.186718 0.008505 13.661765
v 1.220565 0.178555 13.681521
v 1.274351 -0.053137 13.505302
v 0.718181 0.186625 13.687039
v 0.947236 0.221515 13.749366
v 0.903796 0.091726 13.747690
v 0.899337 0.014146 13.568921
v 0.810917 0.015893 13.705474
v 0.903796 0.091726 13.747690
v 1.274351 -0.053137 13.505302
v 1.133814 -0.019825 13.459427
v 1.186718 0.008505 13.661765
v 1.020894 -0.006962 13.542259
v 0.787355 0.329578 13.630942
v 0.840604 0.314688 13.666369
v 0.639382 0.081091 13.438171
v 0.638012 0.102875 13.252959
v 0.810917 0.015893 13.705474
v 0.762917 0.029156 13.673563
v 1.220565 0.178555 13.681521
v 1.395390 0.077525 13.471046
v 1.274351 -0.053137 13.505302
v 1.186718 0.008505 13.661765
v 1.316207 0.238830 13.516228
v 1.316207 0.238830 13.516228
v 1.070653 0.284150 13.547011
v 0.947236 0.221515 13.749366
v 0.949440 0.307686 13.552172
v 0.840604 0.314688 13.666369
v 0.762917 0.029156 13.673563
v 1.002374 0.053060 13.057207
v 1.274351 -0.053137 13.505302
v 1.312881 -0.026613 13.210864
v 1.133814 -0.019825 13.459427
v 1.312881 -0.026613 13.210864
v 1.257383 -0.005741 13.126299
v 1.133814 -0.019825 13.459427
v 0.665029 0.251308 13.040921
v 3.976538 0.284457 4.881467
v 4.034519 0.221724 4.988576
v 3.906893 0.236412 5.074481
v 3.976538 0.284457 4.881467
v 3.715782 0.274149 5.016582
v 3.685035 0.182634 4.659757
v 3.801344 0.115343 4.530461
v 3.685035 0.182634 4.659757
v 3.659660 0.059569 4.562493
v 3.820053 0.001411 4.557874
v 3.801344 0.115343 4.530461
v 3.678628 0.001408 4.575325
v 3.659660 0.059569 4.562493
v 3.590029 0.064916 4.757932
v 3.634583 0.005846 4.839407
v 3.678628 0.001408 4.575325
v 3.659660 0.059569 4.562493
v 3.659660 0.059569 4.562493
v 3.685035 0.182634 4.659757
v 3.590029 0.064916 4.757932
v 3.588650 0.164887 4.762895
v 3.634583 0.005846 4.839407
v 3.819167 0.012540 5.196146
v 3.806929 -0.050584 4.869906
v 3.993477 0.013183 5.105953
v 3.850501 0.125078 5.265203
v 3.994299 0.124391 5.207916
v 4.041618 0.009360 4.986078
v 3.993477 0.013183 5.105953
v 4.034519 0.221724 4.988576
v 3.678628 0.001408 4.575325
v 3.994299 0.124391 5.207916
v 3.819167 0.012540 5.196146
v 3.994299 0.124391 5.207916
v 3.976538 0.284457 4.881467
v 3.588650 0.164887 4.762895
v 4.041618 0.009360 4.986078
v 3.993477 0.013183 5.105953
v 3.820053 0.001411 4.557874
v 3.850501 0.125078 5.265203
v 3.715782 0.274149 5.016582
v -2.418010 -0.002504 7.306879
v -2.389323 0.075416 7.229663
v -2.520713 -0.000617 7.215906
v -2.460603 0.055414 7.194406
v -2.594040 0.292778 7.541028
v -2.418006 0.290576 7.479099
v -2.485468 0.252499 7.632000
v -2.568935 0.235835 7.613338
v -2.622466 -0.000781 7.554851
v -2.616538 0.147218 7.467983
v -2.641254 0.293885 7.448590
v -2.723360 0.132652 7.291593
v -2.567050 0.293859 7.232396
v -2.491049 0.292897 7.207939
v -2.592878 0.121654 7.188406
v -2.460603 0.055414 7.194406
v -2.389323 0.075416 7.229663
v -2.418010 -0.002504 7.306879
v -2.423637 -0.003476 7.528560
v -2.508730 0.020765 7.646853
v -2.423637 -0.003476 7.528560
v -2.557022 -0.002100 7.637223
v -2.568935 0.235835 7.613338
v -2.485468 0.252499 7.632000
v -2.557022 -0.002100 7.637223
v -2.557022 -0.002100 7.637223
v -2.508730 0.020765 7.646853
v -2.508730 0.020765 7.646853
v -2.485468 0.252499 7.632000
v -2.377485 0.291040 7.260194
v -2.418006 0.290576 7.479099
v -2.725213 0.001926 7.290973
v -2.723360 0.132652 7.291593
v -2.491049 0.292897 7.207939
v -2.460603 0.055414 7.194406
v -2.377485 0.291040 7.260194
v -2.389323 0.075416 7.229663
v -2.641254 0.293885 7.448590
v -2.594040 0.292778 7.541028
v -2.725213 0.001926 7.290973
v -2.520713 -0.000617 7.215906
v -2.567050 0.293859 7.232396
v -2.723360 0.132652 7.291593
v -2.594040 0.292778 7.541028
v -2.485468 0.252499 7.632000
v -2.568935 0.235835 7.613338
v -1.087471 0.419726 8.445478
v -1.164381 0.416760 8.345456
v -1.108924 0.405501 8.376909
v -1.059843 0.400379 8.460501
v -1.153434 0.416096 8.545299
v -1.141334 0.420357 8.519393
v -1.058527 0.399866 8.432233
v -1.053909 0.351265 8.437462
v -1.053648 0.369246 8.455840
v -1.646484 0.384943 8.948359
v -1.701683 0.389384 8.887771
v -1.694797 0.418719 8.847008
v -1.608119 0.382023 8.960756
v -1.599526 0.309165 8.955233
v -1.642197 0.308528 8.953319
v -1.057904 0.037973 8.434127
v -1.111491 0.019514 8.375383
v -1.067801 0.008451 8.453078
v -1.616360 0.010123 8.952957
v -1.603165 0.030599 8.967369
v -1.513586 0.017094 8.886159
v -1.712937 0.006891 8.853536
v -1.631435 0.030176 8.966062
v -1.377474 0.388784 8.082262
v -1.419086 0.388402 8.093112
v -1.399785 0.359437 8.076439
v -1.416810 0.031393 8.102343
v -1.477958 0.008679 8.158790
v -1.391629 -0.002024 8.139041
v -1.470543 -0.002563 8.169511
v -1.954303 0.390033 8.580833
v -1.947320 0.381054 8.618239
v -1.954700 0.325343 8.610328
v -1.786161 0.410037 8.454048
v -1.941108 0.410510 8.595244
v -1.879199 0.397227 8.512158
v -1.624020 0.421106 8.920816
v -1.054606 0.028927 8.467490
v -1.363599 0.025909 8.098702
v -1.941942 0.030715 8.625315
v -1.908644 -0.000679 8.597864
v -1.949066 0.018581 8.587822
v -1.393592 0.409217 8.116351
v -1.265275 0.413561 8.251052
v -1.305323 0.411585 8.176034
v -1.242194 0.391775 8.230706
v -1.776324 0.397609 8.805832
v -1.918858 0.402223 8.649404
v -1.781634 0.416050 8.770230
v -1.743821 0.005150 8.784172
v -1.875798 0.000539 8.637969
v -1.870565 0.016169 8.703691
v -1.196742 0.023429 8.281816
v -1.314452 0.036129 8.152602
v -1.211253 0.003466 8.295672
v -1.297839 0.398769 8.169620
v -1.884225 0.412093 8.636794
v -1.344597 -0.000567 8.181236
v -1.773377 0.030857 8.810294
v -1.711300 0.036518 8.878397
v -1.136365 0.006456 8.398467
v -1.380468 0.118621 8.079881
v -1.956189 0.101222 8.591697
v -1.951088 0.069176 8.615149
v -1.949499 0.253772 8.616274
v -1.374856 0.203058 8.085757
v -1.417368 0.259419 8.095630
v -1.395265 0.145186 8.079104
v -1.374856 0.203058 8.085757
v -1.380383 0.334579 8.079250
v -1.417368 0.259419 8.095630
v -1.951685 0.204307 8.584328
v -1.960501 0.297193 8.589421
v -1.949499 0.253772 8.616274
v -1.606037 0.234318 8.963536
v -1.608973 0.081904 8.971038
v -1.623969 0.123344 8.973941
v -1.065848 0.213794 8.424822
v -1.051695 0.121377 8.440661
v -1.066589 0.192019 8.473247
v -1.055915 0.121790 8.465743
v -1.627484 0.216130 8.969774
v -1.642197 0.308528 8.953319
v -1.066589 0.192019 8.473247
v -1.599526 0.309165 8.955233
v -1.951685 0.204307 8.584328
v -1.135634 0.008804 8.522661
v -1.126253 0.019613 8.533081
v -1.304124 0.008532 8.634486
v -1.396936 0.009454 8.753006
v -1.284930 0.029629 8.677375
v -1.500718 0.009995 8.859488
v -1.570834 0.421435 8.898444
v -1.557076 0.401895 8.913608
v -1.500241 0.421515 8.849805
v -1.479312 0.410776 8.842457
v -1.368098 0.420817 8.713698
v -1.494300 0.408884 8.174075
v -1.516446 0.388698 8.181831
v -1.606305 0.409703 8.301536
v -1.669120 0.410079 8.368591
v -1.624845 0.366150 8.281337
v -1.734687 0.375748 8.381138
v -1.867220 -0.001166 8.540942
v -1.880979 0.018374 8.525778
v -1.788710 -0.001224 8.479041
v -1.729526 0.009628 8.388026
v -1.615825 -0.002297 8.292468
v -1.328373 0.401198 8.705202
v -1.065848 0.213794 8.424822
v -1.232234 0.055012 8.628547
v -1.565578 0.028992 8.237999
v 0.461240 0.081252 14.226180
v 0.526980 0.068801 14.178632
v 0.526559 0.036064 14.139933
v 0.421424 0.086935 14.230250
v 0.418486 0.159241 14.216997
v 0.460650 0.157906 14.223727
v 0.453358 0.455764 14.193057
v 0.436364 0.437311 14.206161
v 0.365627 0.446832 14.107637
v 0.567735 0.445546 14.115366
v 0.464306 0.436423 14.210582
v 0.834901 0.028594 13.930448
v 0.821197 0.041349 13.964770
v 0.833329 0.095705 13.953867
v 0.694320 0.003777 13.774345
v 0.817908 0.010140 13.943553
v 0.774598 0.018103 13.848825
v 0.442548 0.043624 14.197794
v 0.835564 0.390708 13.941138
v 0.810312 0.420738 13.904968
v 0.850691 0.398938 13.904985
v 0.615745 0.049758 14.114514
v 0.785906 0.024427 13.991183
v 0.626886 0.027832 14.082407
v 0.611797 0.439435 14.053809
v 0.770159 0.424689 13.937540
v 0.751079 0.415565 14.001910
v 0.753930 0.014872 13.972690
v 0.633993 0.415092 14.087445
v 0.559428 0.418493 14.141779
v 0.851931 0.316807 13.917154
v 0.844218 0.351109 13.936307
v 0.831360 0.167673 13.952598
v 0.842796 0.213766 13.917716
v 0.844836 0.121488 13.932279
v 0.831360 0.167673 13.952598
v 0.427703 0.234200 14.220126
v 0.438240 0.386383 14.215232
v 0.449848 0.344810 14.224588
v 0.448542 0.251980 14.229032
v 0.460650 0.157906 14.223727
v 0.418486 0.159241 14.216997
v 0.842796 0.213766 13.917716
v 0.068379 0.436608 13.675681
v 0.211080 0.440371 13.818915
v 0.056487 0.427233 13.684855
v 0.278343 0.446752 13.953440
v 0.182537 0.424240 13.858640
v 0.358747 0.451916 14.078412
v 0.394928 0.043415 14.165212
v 0.379636 0.064858 14.175574
v 0.335495 0.041703 14.103454
v 0.317120 0.052568 14.091140
v 0.233223 0.035088 13.943817
v 0.056858 0.032885 13.735605
v 0.049897 0.026708 13.708237
v 0.464323 -0.009271 13.441932
v 0.548598 -0.002749 13.589063
v 0.485662 0.010610 13.452292
v 0.596744 0.000574 13.667249
v 0.573353 0.037888 13.569452
v 0.660466 0.033158 13.689896
v 0.781093 0.417585 13.840995
v 0.796385 0.396142 13.830632
v 0.716551 0.415090 13.764682
v 0.676030 0.398186 13.664800
v 0.584441 0.405793 13.547516
v 0.197221 0.055465 13.925824
v 0.139134 0.396593 13.802452
v 0.544196 0.371635 13.486819
v 0.515350 0.402711 13.459841
v 0.517127 0.378086 13.448760
v 0.238952 0.195729 13.500339
v -0.005119 0.322194 13.613484
v -0.000379 0.252601 13.628871
v 0.107121 0.012902 13.542911
v 0.464323 -0.009271 13.441932
v 0.485662 0.010610 13.452292
v 0.423220 0.118535 13.352640
v -0.000379 0.252601 13.628871
v 0.056858 0.032885 13.735605
v 0.107121 0.012902 13.542911
v 0.049897 0.026708 13.708237
v 0.224727 0.002943 13.470993
v 0.334217 0.138686 13.358527
v 0.183537 0.417985 13.476236
v 0.068379 0.436608 13.675681
v -0.005119 0.322194 13.613484
v 0.056487 0.427233 13.684855
v 0.517127 0.378086 13.448760
v 0.515350 0.402711 13.459841
v 0.426504 0.406801 13.464231
v 0.498072 0.331575 13.428470
v 0.183537 0.417985 13.476236
v 0.290188 0.335129 13.393664
v 0.183537 0.417985 13.476236
v 0.291154 0.292553 13.386278
v 0.291154 0.292553 13.386278
v 0.337465 0.193162 13.367851
v 0.462140 0.300367 13.383016
v 0.414921 0.331590 13.389686
v 0.295769 0.416165 13.519351
v 0.290188 0.335129 13.393664
v 0.334217 0.138686 13.358527
v 0.224727 0.002943 13.470993
v 0.462140 0.300367 13.383016
v 0.414921 0.331590 13.389686
v 0.337465 0.193162 13.367851
v 0.469537 0.186950 13.407641
v 0.423220 0.118535 13.352640
v 0.183537 0.417985 13.476236
v 0.334217 0.138686 13.358527
v -2.429598 0.567400 8.406464
v -2.447639 0.553465 8.398295
v -2.530533 0.111458 8.192504
v -2.539919 0.131523 8.200414
v -2.274792 0.545640 8.380671
v -2.386997 0.557889 8.406876
v -2.374565 0.089439 8.166721
v -2.486769 0.101688 8.192928
v -2.171114 0.547222 8.328947
v -2.270887 0.091020 8.115000
v -2.183905 0.106133 8.042210
v -2.170468 0.132130 8.041884
v -2.092624 0.560859 8.263264
v -2.080006 0.545753 8.235863
v -2.639420 0.430538 8.796144
v -2.660593 0.419891 8.780670
v -2.602492 0.462144 8.711530
v -2.614364 0.453171 8.701941
v -2.149450 0.007347 8.284835
v -2.051960 0.068241 8.109527
v -2.114040 0.025392 8.181793
v -2.073133 0.057594 8.094054
v -2.697701 0.007837 8.491414
v -2.704418 0.023685 8.491134
v -2.716592 -0.024479 8.569131
v -2.735136 0.027992 8.569834
v -2.625431 0.035019 8.399751
v -2.617318 0.072741 8.329167
v -2.530533 0.111458 8.192504
v -2.539919 0.131523 8.200414
v -2.387295 -0.129856 8.723872
v -2.348626 -0.114483 8.589449
v -2.409883 -0.152745 8.699602
v -2.257412 -0.053633 8.485418
v -2.299987 -0.063605 8.458278
v -2.213406 -0.020582 8.411842
v -2.222955 -0.023788 8.337453
v -2.447639 0.553465 8.398295
v -2.429598 0.567400 8.406464
v -2.527409 0.483835 8.521960
v -2.494503 0.521054 8.535554
v -2.505816 0.491104 8.604693
v -2.571548 0.377700 8.839466
v -2.645512 0.397585 8.805241
v -2.559191 0.397457 8.829268
v -2.492449 0.376254 8.843353
v -2.372672 0.297170 8.922091
v -2.495023 0.327679 8.864647
v -2.492449 0.376254 8.843353
v -2.331699 0.274625 8.937045
v -2.349008 0.307035 8.924057
v -2.318504 0.298213 8.928644
v -2.005653 0.493624 8.366072
v -1.990664 0.520930 8.300858
v -1.992255 0.468722 8.364873
v -2.046784 0.459764 8.457453
v -2.029503 0.454352 8.440737
v -2.149549 0.403744 8.624827
v -2.119814 0.389047 8.594251
v -2.246422 0.329411 8.828506
v -2.256854 0.310443 8.847663
v -2.302089 0.268111 8.914946
v -2.339486 -0.119296 8.618625
v -1.970712 0.467384 8.311362
v -2.183905 0.106133 8.042210
v -2.148638 0.093625 8.052436
v -2.170468 0.132130 8.041884
v -2.116271 0.104410 8.062395
v -2.050140 0.525899 8.245576
v -1.984951 0.494408 8.270890
v -2.080006 0.545753 8.235863
v -2.092624 0.560859 8.263264
v -2.058349 0.543903 8.283436
v -2.658861 -0.058837 8.639277
v -2.584155 -0.079865 8.673518
v -2.632786 -0.074139 8.635940
v -2.471476 -0.131606 8.718208
v -2.423697 -0.146027 8.739769
v -2.446745 -0.149873 8.710667
v -2.521254 -0.106757 8.653480
v -2.495023 0.327679 8.864647
v -2.584155 -0.079865 8.673518
v -2.521254 -0.106757 8.653480
v -2.734940 -0.005102 8.615634
v -2.713378 0.056844 8.649142
v -2.725870 0.082000 8.601328
v -2.701971 0.230695 8.691943
v -2.339827 0.205665 8.908571
v -2.331414 0.153354 8.871367
v -2.353069 0.034181 8.804797
v -2.386159 0.032967 8.822818
v -2.378817 -0.045122 8.787963
v -2.394464 -0.043434 8.791661
v -2.675369 0.332512 8.766034
v -2.693993 0.217754 8.715816
v -2.670949 0.347039 8.732997
v -2.040312 0.126156 8.112189
v -2.066031 0.095428 8.087214
v -2.045085 0.125478 8.150038
v -2.005960 0.278567 8.208165
v -1.989367 0.377322 8.266601
v -1.995355 0.419461 8.239070
v -2.007500 0.317368 8.196856
v -2.183905 0.106133 8.042210
v -2.092624 0.560859 8.263264
v -2.429598 0.567400 8.406464
v -2.530533 0.111458 8.192504
v -3.056481 1.034595 8.483634
v -2.890660 0.994092 8.299552
v -3.019894 0.963731 8.526458
v -3.079315 1.165601 8.342158
v -2.875675 1.159762 8.076180
v -6.307596 0.164394 9.618503
v -6.079113 0.062487 9.532296
v -6.222227 0.037990 9.590392
v -5.794436 1.129669 9.455676
v -5.771122 0.020251 9.497883
v -6.100063 1.059457 9.494368
v -5.465775 0.052333 9.541400
v -5.487640 1.092757 9.501818
v -3.198898 0.680090 8.581229
v -3.282277 0.595107 8.662436
v -3.346842 0.577242 8.582934
v -3.524729 0.510459 8.574878
v -3.633980 0.552306 8.223792
v -3.769362 0.433434 8.802887
v -3.973404 0.584453 8.672414
v -3.815262 0.459485 8.423624
v -4.362640 0.535686 8.051758
v -4.219526 0.473898 7.997678
v -4.064782 0.582167 8.390132
v -3.953627 0.682046 9.049562
v -4.218482 0.667759 8.555180
v -4.033255 0.795436 9.085681
v -4.123250 0.804776 8.950435
v -4.328408 0.942852 8.711856
v -4.446701 0.888142 8.464004
v -4.367870 1.130234 8.677726
v -4.475292 1.120667 8.485591
v -6.576881 1.140291 9.608865
v -6.387831 1.083708 9.607772
v -6.511644 1.078777 9.700379
v -6.668992 1.145544 9.797823
v -6.661741 1.097468 9.824770
v -6.222227 0.037990 9.590392
v -6.079113 0.062487 9.532296
v -6.233418 -0.008158 9.564720
v -6.111611 -0.009474 9.462852
v -6.392410 1.143813 9.599554
v -6.260915 1.143360 9.515013
v -5.771122 0.020251 9.497883
v -5.770372 -0.001753 9.477306
v -6.100518 1.145481 9.482165
v -5.794577 1.150059 9.433486
v -6.100063 1.059457 9.494368
v -5.618824 0.002007 9.492431
v -5.465775 0.052333 9.541400
v -5.450439 0.004989 9.477798
v -5.794436 1.129669 9.455676
v -5.794577 1.150059 9.433486
v -5.610654 1.153001 9.409233
v -5.304388 0.044753 9.611182
v -5.287778 0.012137 9.575818
v -5.359159 1.118025 9.556464
v -5.487640 1.092757 9.501818
v -5.337652 1.162700 9.513354
v -5.476510 1.156481 9.426603
v -2.875675 1.159762 8.076180
v -2.984349 1.150083 7.881803
v -2.858931 0.929268 7.724962
v -4.580528 0.703275 8.140899
v -4.583166 0.574900 8.148767
v -4.555303 0.731147 8.177670
v -4.479356 0.600682 8.169015
v -4.396653 0.496758 8.048381
v -4.362640 0.535686 8.051758
v -4.261155 0.409559 7.976967
v -4.219526 0.473898 7.997678
v -4.096860 0.425090 7.884338
v -4.087054 0.451638 7.901866
v -3.950276 0.424671 7.802405
v -3.945761 0.472960 7.821809
v -3.815613 0.516108 7.722563
v -3.799368 0.536939 7.773538
v -3.751305 0.596634 7.682600
v -3.687373 0.636585 7.707530
v -3.051574 0.769893 8.553822
v -3.160105 0.667219 8.619613
v -3.103641 0.810863 8.547227
v -3.198898 0.680090 8.581229
v -3.250623 0.561924 8.675464
v -3.282277 0.595107 8.662436
v -3.865865 0.506938 9.022178
v -3.961005 0.667422 9.067378
v -3.860664 0.580394 8.949604
v -3.953627 0.682046 9.049562
v -4.067693 0.777256 9.121557
v -4.033255 0.795436 9.085681
v -3.187871 0.075302 8.664611
v -3.028014 0.065381 8.575730
v -3.232943 0.019729 8.640329
v -3.033974 0.020738 8.556954
v -4.686131 1.172965 9.423283
v -4.400352 1.171489 9.226622
v -4.675340 1.152690 9.442592
v -4.401165 1.152620 9.289306
v -6.233495 1.071375 9.046727
v -5.564151 1.114390 8.670362
v -6.101446 1.126908 8.994468
v -6.559158 1.104904 9.227132
v -6.549258 1.127022 9.244828
v -5.564151 1.114390 8.670362
v -5.202779 1.126951 8.499194
v -5.443967 1.128137 8.663600
v -4.059496 0.043526 9.153509
v -3.671540 0.020593 8.905314
v -4.197082 0.018941 9.152201
v -4.211590 -0.012803 7.970287
v -4.704131 -0.004982 8.245272
v -4.148360 -0.024967 7.971164
v -4.615919 -0.024107 8.252039
v -4.652647 0.072826 9.483674
v -5.068752 0.046392 8.446570
v -5.202631 0.034413 8.522017
v -5.201175 -0.025055 8.550398
v -3.850427 -0.005199 7.767986
v -3.823595 -0.024187 7.812276
v -3.437495 -0.016399 7.803713
v -3.592629 0.163222 7.615468
v -3.728655 0.100766 7.694627
v -3.850427 -0.005199 7.767986
v -3.823595 -0.024187 7.812276
v -3.834061 0.067283 7.755226
v -3.119533 -0.001463 8.020654
v -3.264965 0.284762 7.780262
v -3.437495 -0.016399 7.803713
v -3.493059 0.501389 7.542960
v -3.554409 0.414421 7.581591
v -2.708027 0.461616 8.376925
v -2.714194 0.769958 8.365192
v -2.791679 0.535840 8.183227
v -2.672320 0.797126 8.222211
v -2.800490 0.986826 8.048423
v -3.019894 0.963731 8.526458
v -3.056481 1.034595 8.483634
v -2.958233 0.355852 7.885399
v -3.033974 0.020738 8.556954
v -3.028014 0.065381 8.575730
v -2.901230 0.012341 8.262897
v -2.935764 0.163246 8.519281
v -2.708027 0.461616 8.376925
v -2.888836 0.006590 8.104910
v -2.840954 0.194747 8.464705
v -2.888836 0.006590 8.104910
v -2.672320 0.797126 8.222211
v -2.714194 0.769958 8.365192
v -2.888836 0.006590 8.104910
v -2.958233 0.355852 7.885399
v -3.126580 0.629116 7.662126
v -3.337053 0.578476 7.451900
v -2.958233 0.355852 7.885399
v -3.337053 0.578476 7.451900
v -2.800490 0.986826 8.048423
v -3.084740 1.119994 8.408638
v -3.592629 0.163222 7.615468
v -6.298712 -0.009162 9.574395
v -6.277524 0.044885 9.612081
v -6.277524 0.044885 9.612081
v -6.310674 0.043952 9.599208
v -6.495836 0.020163 9.273894
v -6.327798 0.160723 9.600471
v -6.509553 0.144536 9.275378
v -6.369949 0.263433 9.612494
v -6.548972 0.247489 9.292291
v -6.610092 0.335905 9.322060
v -6.428478 0.352080 9.646896
v -6.501499 0.420433 9.697578
v -6.688750 0.403756 9.362659
v -6.585861 0.463674 9.757822
v -6.779586 0.446421 9.411319
v -6.885155 0.458666 9.468204
v -6.670328 0.478859 9.837928
v -6.415208 0.385328 9.665705
v -6.387831 1.083708 9.607772
v -6.356709 0.288858 9.632273
v -6.488026 0.445745 9.716769
v -6.573663 0.489091 9.778308
v -6.511644 1.078777 9.700379
v -4.374266 1.153819 8.747779
v -4.523799 1.141439 8.504962
v -4.367870 1.130234 8.677726
v -4.475292 1.120667 8.485591
v -2.855345 0.908700 8.437201
v -6.488233 0.014460 9.241776
v -6.495836 0.020163 9.273894
v -6.393896 -0.017717 9.402127
v -6.771778 1.104958 9.346003
v -6.744993 1.127071 9.354259
v -6.991081 0.933144 9.699907
v -7.062947 0.721318 9.614256
v -7.003288 0.929859 9.484156
v -6.896057 0.534267 9.719613
v -6.828997 0.621732 9.839520
v -6.782303 0.456419 9.793666
v -6.743187 0.759091 9.949890
v -6.844118 0.938550 9.812329
v -6.661741 1.097468 9.824770
v -7.002632 0.751406 9.819865
v -6.844118 0.938550 9.812329
v -6.743187 0.759091 9.949890
v -6.896057 0.534267 9.719613
v -6.883846 0.446357 9.580176
v -6.930326 0.578739 9.593315
v -6.885155 0.458666 9.468204
v -6.997736 0.665712 9.494205
v -7.062947 0.721318 9.614256
v -6.896057 0.534267 9.719613
v -6.782303 0.456419 9.793666
v -6.883846 0.446357 9.580176
v -7.002632 0.751406 9.819865
v -6.743187 0.759091 9.949890
v -6.686347 0.498897 9.894675
v -6.766607 1.143281 9.792261
v -6.783327 1.140038 9.716251
v -6.783327 1.140038 9.716251
v -6.857797 1.028278 9.572104
v -6.739606 1.136096 9.588480
v -6.857797 1.028278 9.572104
v -6.951182 0.948790 9.454082
v -6.877361 1.057405 9.407401
v -6.744993 1.127071 9.354259
v -6.857797 1.028278 9.572104
v -6.844118 0.938550 9.812329
v -6.991081 0.933144 9.699907
v -7.002632 0.751406 9.819865
v -7.003288 0.929859 9.484156
v -6.771778 1.104958 9.346003
v -6.991081 0.933144 9.699907
v -7.002632 0.751406 9.819865
v -6.997736 0.665712 9.494205
v -6.782303 0.456419 9.793666
v -6.698856 0.472092 9.872932
v -6.310674 0.043952 9.599208
v -6.655677 0.504986 9.855407
v -6.686347 0.498897 9.894675
v -6.661741 1.097468 9.824770
v -6.883846 0.446357 9.580176
v -6.327798 0.160723 9.600471
v -6.369949 0.263433 9.612494
v -6.307596 0.164394 9.618503
v -6.356709 0.288858 9.632273
v -6.428478 0.352080 9.646896
v -6.415208 0.385328 9.665705
v -6.507308 0.153317 9.245526
v -6.509553 0.144536 9.275378
v -6.550293 0.273255 9.263587
v -6.548972 0.247489 9.292291
v -6.615589 0.357409 9.295901
v -6.610092 0.335905 9.322060
v -6.501499 0.420433 9.697578
v -6.488026 0.445745 9.716769
v -6.585861 0.463674 9.757822
v -6.573663 0.489091 9.778308
v -6.670328 0.478859 9.837928
v -6.655677 0.504986 9.855407
v -6.695744 0.427384 9.337232
v -6.688750 0.403756 9.362659
v -6.789288 0.468787 9.387469
v -6.779586 0.446421 9.411319
v -6.789288 0.468787 9.387469
v -6.898921 0.482166 9.448099
v -6.779586 0.446421 9.411319
v -6.885155 0.458666 9.468204
v -6.698856 0.472092 9.872932
v -6.686347 0.498897 9.894675
v -6.698856 0.472092 9.872932
v -6.898921 0.482166 9.448099
v -6.393896 -0.017717 9.402127
v -6.431234 -0.023199 9.278651
v -6.488233 0.014460 9.241776
v -5.443967 1.128137 8.663600
v -6.100063 1.059457 9.494368
v -6.743187 0.759091 9.949890
v -3.327554 0.019860 8.696051
v -3.283645 0.070180 8.716407
v -3.700290 0.043028 8.952705
v -4.722304 0.020729 9.489311
v -6.668992 1.145544 9.797823
v -2.858931 0.929268 7.724962
v -2.800490 0.986826 8.048423
v -2.858931 0.929268 7.724962
v -3.256977 0.836046 7.394306
v -3.116611 0.904568 7.467961
v -3.084740 1.119994 8.408638
v -3.056481 1.034595 8.483634
v -3.376655 0.720707 8.144568
v -3.421463 0.929133 7.850251
v -3.573058 0.727988 7.942177
v -3.259369 0.949861 7.389975
v -3.184365 1.005558 7.431881
v -3.125708 1.062673 7.506031
v -3.079315 1.165601 8.342158
v -3.084740 1.119994 8.408638
v -3.308604 1.127300 8.015484
v -3.271209 1.149261 8.018658
v -3.421463 0.929133 7.850251
v -3.494889 0.890185 7.747334
v -3.423422 0.906102 7.739455
v -3.427849 0.854025 7.488942
v -3.259369 0.949861 7.389975
v -3.286928 0.962226 7.688876
v -3.184365 1.005558 7.431881
v -3.125708 1.062673 7.506031
v -3.286928 0.962226 7.688876
v -3.308604 1.127300 8.015484
v -3.271209 1.149261 8.018658
v -4.123250 0.804776 8.950435
v -4.033255 0.795436 9.085681
v -4.264238 0.982325 9.029131
v -4.400352 1.171489 9.226622
v -4.357485 1.167033 9.085835
v -4.412022 1.156813 8.847327
v -4.374266 1.153819 8.747779
v -4.123000 0.825682 9.150066
v -4.250960 0.813339 9.222222
v -4.067693 0.777256 9.121557
v -4.368316 0.970854 9.279991
v -4.348555 1.056699 9.264668
v -4.401165 1.152620 9.289306
v -4.367870 1.130234 8.677726
v -4.328408 0.942852 8.711856
v -4.640315 0.772981 8.170856
v -4.574501 0.812237 8.182438
v -5.141300 1.082349 8.435546
v -4.475292 1.120667 8.485591
v -4.523799 1.141439 8.504962
v -4.704985 0.985112 8.338636
v -5.037612 0.860356 8.388629
v -4.750029 0.833807 8.229166
v -4.750029 0.833807 8.229166
v -4.640315 0.772981 8.170856
v -4.574501 0.812237 8.182438
v -4.574501 0.812237 8.182438
v -4.564442 0.921831 8.289680
v -4.796085 1.131391 8.391252
v -5.141300 1.082349 8.435546
v -5.202779 1.126951 8.499194
v -2.984349 1.150083 7.881803
v -3.125708 1.062673 7.506031
v -2.858931 0.929268 7.724962
v -3.182116 1.144832 7.853042
v -3.182116 1.144832 7.853042
v -2.984349 1.150083 7.881803
v -3.182116 1.144832 7.853042
v -3.125708 1.062673 7.506031
v -6.034441 -0.024791 9.017616
v -6.022685 0.050540 8.979696
v -6.034441 -0.024791 9.017616
v -5.826351 -0.018832 9.059299
v -5.572758 0.107690 8.839179
v -5.693590 -0.018788 8.987121
v -5.505198 -0.016010 8.956087
v -5.327154 -0.014572 8.895542
v -5.280682 -0.020924 8.702916
v -5.201175 -0.025055 8.550398
v -5.332013 0.172898 8.587456
v -5.202631 0.034413 8.522017
v -5.824046 0.211638 8.860618
v -5.985628 0.118792 8.955580
v -5.687740 0.362963 8.776875
v -5.511637 0.229716 8.685054
v -6.022685 0.050540 8.979696
v -3.730919 0.563240 7.959774
v -3.687373 0.636585 7.707530
v -3.569195 0.769400 7.714527
v -3.103641 0.810863 8.547227
v -4.087054 0.451638 7.901866
v -3.969309 0.522215 8.086131
v -3.308604 1.127300 8.015484
v -4.479356 0.600682 8.169015
v -4.362640 0.535686 8.051758
v -4.564442 0.921831 8.289680
v -4.574501 0.812237 8.182438
v -4.555303 0.731147 8.177670
v -3.494889 0.890185 7.747334
v -3.569195 0.769400 7.714527
v -3.477019 0.682563 7.630001
v -3.494889 0.890185 7.747334
v -3.423422 0.906102 7.739455
v -3.687373 0.636585 7.707530
v -3.751305 0.596634 7.682600
v -3.662185 0.469270 7.639115
v -3.493059 0.501389 7.542960
v -3.337053 0.578476 7.451900
v -3.350832 0.769726 7.450081
v -3.554409 0.414421 7.581591
v -3.427849 0.854025 7.488942
v -3.423422 0.906102 7.739455
v -3.860664 0.580394 8.949604
v -3.680734 0.420267 8.628649
v -3.860664 0.580394 8.949604
v -3.953627 0.682046 9.049562
v -3.973404 0.584453 8.672414
v -3.945761 0.472960 7.821809
v -3.799368 0.536939 7.773538
v -3.700290 0.043028 8.952705
v -3.821080 0.229791 9.010939
v -3.769362 0.433434 8.802887
v -3.680734 0.420267 8.628649
v -3.865865 0.506938 9.022178
v -3.860664 0.580394 8.949604
v -3.294860 0.184340 8.718997
v -3.283645 0.070180 8.716407
v -3.327554 0.019860 8.696051
v -3.671540 0.020593 8.905314
v -3.637977 0.016634 8.782719
v -3.477496 0.016221 8.683212
v -3.524729 0.510459 8.574878
v -3.274864 0.448660 8.694656
v -3.245865 0.300742 8.685809
v -3.346842 0.577242 8.582934
v -3.250623 0.561924 8.675464
v -3.282277 0.595107 8.662436
v -5.359159 1.118025 9.556464
v -4.944054 1.140774 9.593419
v -4.960813 1.172566 9.564538
v -4.944054 1.140774 9.593419
v -4.993462 1.021672 9.626973
v -5.115247 1.076063 9.598304
v -5.079865 0.972018 9.677752
v -5.359159 1.118025 9.556464
v -5.337652 1.162700 9.513354
v -5.131154 0.968279 9.684135
v -5.201396 0.989958 9.628176
v -5.194988 1.165301 9.502916
v -5.075157 1.169940 9.558678
v -4.960813 1.172566 9.564538
v -5.201396 0.989958 9.628176
v -5.186975 0.303745 9.654282
v -5.118619 0.371877 9.706825
v -5.131154 0.968279 9.684135
v -4.906641 0.107235 9.623966
v -4.806431 0.020734 9.535922
v -5.118619 0.371877 9.706825
v -5.131154 0.968279 9.684135
v -5.082717 0.377460 9.708953
v -5.079865 0.972018 9.677752
v -5.304388 0.044753 9.611182
v -5.359159 1.118025 9.556464
v -5.230770 0.149534 9.639876
v -5.304388 0.044753 9.611182
v -5.186975 0.303745 9.654282
v -5.304388 0.044753 9.611182
v -5.230770 0.149534 9.639876
v -5.071330 0.148057 9.609003
v -4.806431 0.020734 9.535922
v -4.993612 0.014770 9.482547
v -5.130441 0.014367 9.547523
v -5.186975 0.303745 9.654282
v -5.118619 0.371877 9.706825
v -4.967882 0.242341 9.651478
v -4.906641 0.107235 9.623966
v -5.287778 0.012137 9.575818
v -5.082717 0.377460 9.708953
v -4.179196 -0.006313 10.406880
v -4.539510 0.000546 10.491946
v -4.029105 -0.030701 10.696199
v -3.806695 -0.012911 10.630112
v -3.768447 0.503187 10.691529
v -3.842807 0.347273 10.373850
v -3.910124 0.697238 10.882926
v -3.768447 0.503187 10.691529
v -3.900834 0.360036 10.856255
v -4.143923 0.573639 10.281135
v -3.842807 0.347273 10.373850
v -3.961143 0.604813 10.564707
v -4.020449 0.332359 10.216987
v -4.020449 0.332359 10.216987
v -4.414853 0.707767 11.006808
v -4.651723 0.542427 11.179175
v -4.719214 0.677323 10.892736
v -3.910124 0.697238 10.882926
v -4.414853 0.707767 11.006808
v -4.393933 0.739160 10.652715
v -4.692712 0.304149 11.157560
v -4.715467 0.198081 10.915619
v -4.857482 0.576453 10.971832
v -4.353278 0.302138 10.465337
v -4.824807 0.400316 10.486064
v -4.818771 0.176597 10.529668
v -4.715467 0.198081 10.915619
v -4.692712 0.304149 11.157560
v -4.193523 0.102484 11.130205
v -4.818771 0.176597 10.529668
v -4.789680 0.026729 10.660927
v -4.539510 0.000546 10.491946
v -4.591732 0.582980 10.391045
v -4.884563 0.642554 10.737240
v -4.824807 0.400316 10.486064
v -4.539510 0.000546 10.491946
v -4.179196 -0.006313 10.406880
v -4.020449 0.332359 10.216987
v -4.143923 0.573639 10.281135
v -4.719214 0.677323 10.892736
v -4.884563 0.642554 10.737240
v -4.824807 0.400316 10.486064
v -4.884563 0.642554 10.737240
v -4.970302 0.473736 10.767542
v -4.884563 0.642554 10.737240
v -4.857482 0.576453 10.971832
v -3.910124 0.697238 10.882926
v -4.193523 0.102484 11.130205
v -4.363406 0.363791 11.111598
v -3.812180 0.084770 10.794558
v -4.789680 0.026729 10.660927
v -4.375458 0.096160 10.770849
v -3.930367 0.116971 11.004985
v -3.812180 0.084770 10.794558
v -3.930367 0.116971 11.004985
v -4.193523 0.102484 11.130205
v -3.768447 0.503187 10.691529
v -3.910124 0.697238 10.882926
v -3.812180 0.084770 10.794558
v -4.591732 0.582980 10.391045
v -4.179196 -0.006313 10.406880
v -3.806695 -0.012911 10.630112
v -4.591732 0.582980 10.391045
v -4.143923 0.573639 10.281135
v -3.961143 0.604813 10.564707
v -4.789680 0.026729 10.660927
v -4.818771 0.176597 10.529668
v -4.651723 0.542427 11.179175
v -4.692712 0.304149 11.157560
v -4.414853 0.707767 11.006808
v -4.651723 0.542427 11.179175
v 3.518177 0.610848 5.306793
v 3.888218 0.605651 5.294471
v 3.449635 0.729022 5.603718
v 3.217962 0.707236 5.605479
v 3.205159 0.235683 5.826987
v 3.190439 0.286070 5.469213
v 3.395354 0.097613 6.024783
v 3.205159 0.235683 5.826987
v 3.374227 0.411919 5.901217
v 3.459689 0.023184 5.374848
v 3.190439 0.286070 5.469213
v 3.358949 0.088835 5.691606
v 3.319998 0.242505 5.275041
v 3.319998 0.242505 5.275041
v 3.914973 0.090844 6.012135
v 4.186473 0.283622 6.059880
v 4.177806 0.066346 5.820057
v 3.395354 0.097613 6.024783
v 3.914973 0.090844 6.012135
v 3.801586 -0.041822 5.701734
v 4.216663 0.501783 5.957813
v 4.172980 0.530298 5.697847
v 4.330528 0.176703 5.826853
v 3.706178 0.322479 5.408588
v 4.167819 0.203985 5.336094
v 4.170144 0.430527 5.310381
v 4.172980 0.530298 5.697847
v 4.216663 0.501783 5.957813
v 3.725029 0.718824 6.000187
v 4.170144 0.430527 5.310381
v 4.174551 0.613935 5.393315
v 3.888218 0.605651 5.294471
v 3.920707 0.017179 5.363626
v 4.295570 0.042923 5.624326
v 4.167819 0.203985 5.336094
v 3.888218 0.605651 5.294471
v 3.518177 0.610848 5.306793
v 3.319998 0.242505 5.275041
v 3.459689 0.023184 5.374848
v 4.177806 0.066346 5.820057
v 4.295570 0.042923 5.624326
v 4.167819 0.203985 5.336094
v 4.295570 0.042923 5.624326
v 4.383702 0.207175 5.579350
v 4.295570 0.042923 5.624326
v 4.330528 0.176703 5.826853
v 3.395354 0.097613 6.024783
v 3.725029 0.718824 6.000187
v 3.887876 0.453029 6.018097
v 3.268244 0.662081 5.784496
v 4.174551 0.613935 5.393315
v 3.805279 0.607253 5.621519
v 3.438372 0.685479 5.957105
v 3.268244 0.662081 5.784496
v 3.438372 0.685479 5.957105
v 3.725029 0.718824 6.000187
v 3.205159 0.235683 5.826987
v 3.395354 0.097613 6.024783
v 3.268244 0.662081 5.784496
v 3.920707 0.017179 5.363626
v 3.518177 0.610848 5.306793
v 3.217962 0.707236 5.605479
v 3.920707 0.017179 5.363626
v 3.459689 0.023184 5.374848
v 3.358949 0.088835 5.691606
v 4.174551 0.613935 5.393315
v 4.170144 0.430527 5.310381
v 4.186473 0.283622 6.059880
v 4.216663 0.501783 5.957813
v 3.914973 0.090844 6.012135
v 4.186473 0.283622 6.059880
v -3.515322 0.927665 9.711982
v -3.644093 0.630631 9.532267
v -3.258331 1.023559 9.534253
v -3.176017 1.195206 9.668088
v -2.838507 0.903059 9.937030
v -3.171308 0.979861 10.055788
v -2.681979 0.649794 9.861422
v -2.838507 0.903059 9.937030
v -2.875636 0.865818 9.687255
v -3.268973 0.617898 10.155555
v -3.171308 0.979861 10.055788
v -2.968858 0.706269 10.025496
v -3.376164 0.869631 10.103423
v -3.376164 0.869631 10.103423
v -2.858744 0.232551 9.606723
v -2.957450 0.126049 9.303293
v -3.109992 0.027161 9.571157
v -2.681979 0.649794 9.861422
v -2.858744 0.232551 9.606723
v -3.065264 0.274463 9.893776
v -3.121034 0.241813 9.166318
v -3.349949 0.319110 9.275530
v -3.184185 -0.029640 9.407394
v -3.402377 0.596112 9.790587
v -3.582996 0.164486 9.674468
v -3.670983 0.299978 9.513570
v -3.349949 0.319110 9.275530
v -3.121034 0.241813 9.166318
v -2.985821 0.758965 9.236156
v -3.670983 0.299978 9.513570
v -3.649275 0.397487 9.338765
v -3.644093 0.630631 9.532267
v -3.425803 0.247710 9.929581
v -3.318152 -0.061523 9.610306
v -3.582996 0.164486 9.674468
v -3.644093 0.630631 9.532267
v -3.515322 0.927665 9.711982
v -3.376164 0.869631 10.103423
v -3.268973 0.617898 10.155555
v -3.109992 0.027161 9.571157
v -3.318152 -0.061523 9.610306
v -3.582996 0.164486 9.674468
v -3.318152 -0.061523 9.610306
v -3.433566 -0.029654 9.460529
v -3.318152 -0.061523 9.610306
v -3.184185 -0.029640 9.407394
v -2.681979 0.649794 9.861422
v -2.985821 0.758965 9.236156
v -2.946960 0.469132 9.345583
v -3.017675 1.110677 9.601778
v -3.649275 0.397487 9.338765
v -3.322313 0.665676 9.437022
v -2.923066 0.971985 9.425430
v -3.017675 1.110677 9.601778
v -2.923066 0.971985 9.425430
v -2.985821 0.758965 9.236156
v -2.838507 0.903059 9.937030
v -2.681979 0.649794 9.861422
v -3.017675 1.110677 9.601778
v -3.425803 0.247710 9.929581
v -3.515322 0.927665 9.711982
v -3.176017 1.195206 9.668088
v -3.425803 0.247710 9.929581
v -3.268973 0.617898 10.155555
v -2.968858 0.706269 10.025496
v -3.649275 0.397487 9.338765
v -3.670983 0.299978 9.513570
v -2.957450 0.126049 9.303293
v -3.121034 0.241813 9.166318
v -2.858744 0.232551 9.606723
v -2.957450 0.126049 9.303293
v -2.434151 0.076867 5.189000
v -2.438855 0.073355 5.104890
v -2.422163 0.168395 5.184509
v -2.816521 0.152562 5.710895
v -2.756204 0.383266 5.690911
v -2.854613 0.318340 5.745529
v -2.702034 0.135957 5.678120
v -2.671229 0.370942 5.666584
v -2.600058 0.119579 5.616559
v -2.569253 0.354564 5.605023
v -2.517516 0.104540 5.530402
v -2.486736 0.339528 5.518870
v -2.460084 0.091871 5.425529
v -2.429305 0.326859 5.413997
v -2.431650 0.082432 5.309083
v -2.400871 0.317420 5.297552
v -2.402262 0.314323 5.230724
v -2.551168 0.327110 6.168757
v -2.255863 0.250543 6.303102
v -2.393121 0.177623 6.225024
v -1.982098 0.068023 6.215349
v -2.158253 0.093017 6.254491
v -1.947404 0.178963 6.197385
v -1.751947 0.038947 6.237159
v -1.537339 0.178154 6.047455
v -1.625841 0.243916 5.868355
v -1.615258 0.232662 5.667268
v -1.678634 -0.003684 5.564123
v -1.641876 0.112726 5.405461
v -1.815738 -0.000514 5.262764
v -1.537339 0.178154 6.047455
v -1.521891 -0.010163 5.850438
v -1.607490 0.009624 6.025196
v -2.756204 0.383266 5.690911
v -2.707050 0.386001 5.877852
v -2.783633 0.318810 5.873331
v -1.521891 -0.010163 5.850438
v -1.573449 -0.012194 5.671445
v -1.920832 -0.047404 5.914592
v -2.854613 0.318340 5.745529
v -2.783633 0.318810 5.873331
v -2.816521 0.152562 5.710895
v -1.815738 -0.000514 5.262764
v -1.997211 0.111681 5.080333
v -2.168460 0.038115 5.108477
v -2.255863 0.250543 6.303102
v -2.551168 0.327110 6.168757
v -2.333872 0.341529 5.967659
v -2.548882 0.373667 6.048685
v -2.551168 0.327110 6.168757
v -2.726855 0.206250 6.149862
v -2.854613 0.318340 5.745529
v -1.775027 0.271681 6.035945
v -1.947404 0.178963 6.197385
v -2.066975 0.311711 6.072412
v -2.548882 0.373667 6.048685
v -1.537339 0.178154 6.047455
v -1.775027 0.271681 6.035945
v -1.625841 0.243916 5.868355
v -1.641876 0.112726 5.405461
v -1.745755 0.240135 5.471237
v -2.026022 0.179517 5.082727
v -1.919802 0.226036 5.177454
v -2.142604 0.279499 5.214161
v -1.521891 -0.010163 5.850438
v -1.573449 -0.012194 5.671445
v -1.919802 0.226036 5.177454
v -2.026022 0.179517 5.082727
v -1.815738 -0.000514 5.262764
v -1.997211 0.111681 5.080333
v -1.573449 -0.012194 5.671445
v -2.168460 0.038115 5.108477
v -1.997211 0.111681 5.080333
v -2.026022 0.179517 5.082727
v -1.641876 0.112726 5.405461
v -2.202569 0.282148 5.108088
v -2.273909 0.224862 5.087238
v -2.273909 0.224862 5.087238
v -2.202569 0.282148 5.108088
v -2.347630 0.301961 5.124646
v -2.366110 0.203571 5.116796
v -2.346494 0.059448 5.068027
v -2.346494 0.059448 5.068027
v -2.402262 0.314323 5.230724
v -2.422163 0.168395 5.184509
v -2.438855 0.073355 5.104890
v -2.434151 0.076867 5.189000
v -2.309706 -0.010029 5.182141
v -2.438855 0.073355 5.104890
v -2.158253 0.093017 6.254491
v -2.600059 0.094775 6.195518
v -2.255863 0.250543 6.303102
v -2.726855 0.206250 6.149862
v -2.742110 0.158279 6.026020
v -2.726855 0.206250 6.149862
v -2.600059 0.094775 6.195518
v -2.742110 0.158279 6.026020
v -2.600059 0.094775 6.195518
v -2.593126 0.040074 5.902778
v -2.158253 0.093017 6.254491
v -2.451749 0.039068 5.992222
v -1.982098 0.068023 6.215349
v -2.234175 -0.104433 5.803989
v -1.751947 0.038947 6.237159
v -1.607490 0.009624 6.025196
v -2.600058 0.119579 5.616559
v -2.702034 0.135957 5.678120
v -2.517516 0.104540 5.530402
v -2.460084 0.091871 5.425529
v -2.183282 0.006451 5.457571
v -2.431650 0.082432 5.309083
v -1.815738 -0.000514 5.262764
v -1.943145 -0.026234 5.600982
v -2.225288 0.026910 5.332000
v -2.816521 0.152562 5.710895
v -2.168460 0.038115 5.108477
v -2.346494 0.059448 5.068027
v -1.678634 -0.003684 5.564123
v -2.202569 0.282148 5.108088
v -1.981535 0.267130 5.392005
v -1.919802 0.226036 5.177454
v -1.745755 0.240135 5.471237
v -1.751947 0.038947 6.237159
v -1.537339 0.178154 6.047455
v -1.607490 0.009624 6.025196
v 9.852724 0.643914 -4.126720
v 9.772826 0.594399 -4.251932
v 9.880549 0.678625 -4.161477
v 9.772104 0.559485 -4.094543
v 9.645671 0.476794 -4.238890
v 11.682263 0.274373 -2.933887
v 11.627415 0.297437 -3.087817
v 11.703250 0.285547 -3.027649
v 11.015806 0.338518 -2.769976
v 11.526323 0.372684 -3.236708
v 11.168643 0.266734 -2.668393
v 11.407844 0.489261 -3.335571
v 10.929075 0.457220 -2.897865
v 10.088193 0.654951 -4.196774
v 10.174540 0.674058 -4.180734
v 10.190406 0.611193 -4.180449
v 10.285075 0.552867 -4.139173
v 10.234743 0.328374 -4.157498
v 10.457035 0.602714 -4.021909
v 10.436240 0.468999 -3.906267
v 10.384894 0.382242 -4.078642
v 10.476036 0.012853 -3.911823
v 10.440722 0.027246 -4.007399
v 10.413611 0.287556 -3.934711
v 10.460685 0.679906 -3.787512
v 10.464423 0.330238 -3.799693
v 10.445198 0.674887 -3.699709
v 10.446589 0.573838 -3.690442
v 10.410192 0.381001 -3.604335
v 10.428607 0.210288 -3.636256
v 10.331575 0.349715 -3.517410
v 10.336531 0.212468 -3.522035
v 11.330482 0.183498 -2.417494
v 11.286609 0.240700 -2.517243
v 11.353340 0.253399 -2.448734
v 11.400421 0.258250 -2.335522
v 11.425347 0.275301 -2.352546
v 11.703250 0.285547 -3.027649
v 11.627415 0.297437 -3.087817
v 11.723395 0.268338 -3.048419
v 11.658397 0.250011 -3.120857
v 11.258967 0.234611 -2.491976
v 11.193522 0.228661 -2.563995
v 11.526323 0.372684 -3.236708
v 11.531991 0.361796 -3.250940
v 11.126744 0.259637 -2.634770
v 11.001966 0.326324 -2.766373
v 11.168643 0.266734 -2.668393
v 11.477468 0.416176 -3.306596
v 11.407844 0.489261 -3.335571
v 11.411051 0.459495 -3.376073
v 11.015806 0.338518 -2.769976
v 11.001966 0.326324 -2.766373
v 10.927884 0.369141 -2.844271
v 11.366019 0.576425 -3.387535
v 11.367720 0.562360 -3.415939
v 10.881190 0.526002 -2.926264
v 10.929075 0.457220 -2.897865
v 10.843944 0.508929 -2.925853
v 10.880363 0.419444 -2.892567
v 9.645671 0.476794 -4.238890
v 9.650683 0.337947 -4.243572
v 9.674192 0.291614 -4.422322
v 10.497350 -0.005627 -3.733821
v 10.558997 -0.001676 -3.785015
v 10.482697 0.021964 -3.723843
v 10.512980 0.040870 -3.811127
v 10.505802 0.000798 -3.915359
v 10.476036 0.012853 -3.911823
v 10.481467 0.003531 -4.022514
v 10.440722 0.027246 -4.007399
v 10.394932 0.003113 -4.102775
v 10.382663 0.015541 -4.091547
v 10.324439 0.003179 -4.180229
v 10.304496 0.014936 -4.157306
v 10.216496 0.000412 -4.213773
v 10.211280 0.033025 -4.199939
v 10.147612 -0.002043 -4.214692
v 10.110726 0.030850 -4.217813
v 9.986991 0.684582 -4.224174
v 10.087616 0.687704 -4.209011
v 9.985990 0.664981 -4.187581
v 10.088193 0.654951 -4.196774
v 10.180789 0.690913 -4.204418
v 10.174540 0.674058 -4.180734
v 10.503349 0.692383 -3.902568
v 10.473755 0.687407 -3.786670
v 10.452881 0.654203 -3.890202
v 10.460685 0.679906 -3.787512
v 10.473550 0.683987 -3.685431
v 10.445198 0.674887 -3.699709
v 10.379386 0.705918 -4.436832
v 10.306961 0.706281 -4.525177
v 10.416640 0.679180 -4.447691
v 10.325885 0.694413 -4.545844
v 10.580745 0.658339 -3.202806
v 10.436110 0.638374 -3.362469
v 10.590022 0.672208 -3.211279
v 10.457833 0.672309 -3.355860
v 11.121375 -0.017560 -2.711550
v 10.778355 -0.018642 -3.046826
v 11.036524 -0.005980 -2.752900
v 11.262657 -0.018710 -2.526118
v 11.252426 -0.006146 -2.516755
v 10.778355 -0.018642 -3.046826
v 10.604576 -0.001757 -3.225059
v 10.726351 0.014238 -3.090691
v 10.814671 0.706580 -3.990304
v 10.631773 0.689776 -4.211600
v 10.876437 0.664048 -3.945868
v 10.656203 0.016553 -4.221655
v 10.890051 0.016134 -3.958770
v 10.638669 0.036337 -4.251890
v 10.867710 0.046758 -4.000599
v 11.086937 0.705463 -3.665576
v 11.041728 0.014420 -3.745488
v 11.111926 0.014740 -3.679810
v 11.144523 0.030849 -3.698982
v 10.478456 0.016450 -4.408956
v 10.486301 0.048796 -4.417638
v 10.338651 0.161720 -4.570876
v 10.274923 0.011358 -4.475884
v 10.369895 0.013232 -4.429752
v 10.478456 0.016450 -4.408956
v 10.486301 0.048796 -4.417638
v 10.436473 0.014224 -4.387894
v 10.258655 0.376580 -4.642649
v 10.131697 0.200401 -4.518505
v 10.338651 0.161720 -4.570876
v 10.067866 0.000982 -4.389861
v 10.138353 0.003638 -4.393140
v 9.966262 0.694104 -4.531616
v 9.824258 0.684702 -4.402023
v 9.923579 0.562938 -4.510845
v 9.767263 0.619547 -4.439801
v 9.691896 0.485229 -4.348082
v 9.880549 0.678625 -4.161477
v 9.852724 0.643914 -4.126720
v 10.007277 0.350790 -4.587518
v 10.325885 0.694413 -4.545844
v 10.306961 0.706281 -4.525177
v 10.221058 0.574856 -4.669257
v 10.216447 0.703302 -4.533727
v 9.966262 0.694104 -4.531616
v 10.187028 0.492676 -4.712494
v 10.155910 0.702366 -4.570810
v 10.187028 0.492676 -4.712494
v 9.767263 0.619547 -4.439801
v 9.824258 0.684702 -4.402023
v 10.187028 0.492676 -4.712494
v 10.007277 0.350790 -4.587518
v 9.898210 0.176997 -4.455771
v 9.956378 -0.001334 -4.440535
v 10.007277 0.350790 -4.587518
v 9.956378 -0.001334 -4.440535
v 9.691896 0.485229 -4.348082
v 9.808600 0.594178 -4.096481
v 10.274923 0.011358 -4.475884
v 11.749892 0.253717 -3.020507
v 11.724871 0.280480 -2.997687
v 11.724871 0.280480 -2.997687
v 11.734902 0.263381 -2.987730
v 11.747996 0.030030 -2.997445
v 11.687736 0.258420 -2.931436
v 11.696120 0.026201 -2.939265
v 11.658452 0.251744 -2.868601
v 11.666710 0.023017 -2.876311
v 11.654604 0.020272 -2.807871
v 11.646227 0.252311 -2.800047
v 11.651988 0.257396 -2.730541
v 11.660626 0.018155 -2.738606
v 11.675429 0.264322 -2.664894
v 11.684367 0.016808 -2.673239
v 11.729208 0.015562 -2.612911
v 11.715859 0.282129 -2.606507
v 11.629856 0.266465 -2.787097
v 11.286609 0.240700 -2.517243
v 11.645892 0.266447 -2.858711
v 11.639274 0.271850 -2.720926
v 11.663402 0.279092 -2.654430
v 11.353340 0.253399 -2.448734
v 10.337316 0.385802 -3.489023
v 10.348789 0.208157 -3.489476
v 10.331575 0.349715 -3.517410
v 10.336531 0.212468 -3.522035
v 9.827077 0.680379 -4.270772
v 11.741290 0.014889 -3.010178
v 11.747996 0.030030 -2.997445
v 11.753908 0.131007 -3.025098
v 11.365169 -0.018789 -2.413996
v 11.346796 -0.006218 -2.413537
v 11.596996 0.107636 -2.318202
v 11.703561 0.039914 -2.398030
v 11.559163 -0.013482 -2.363661
v 11.749528 0.148777 -2.519666
v 11.708926 0.234135 -2.482485
v 11.758468 0.224015 -2.581169
v 11.636513 0.319830 -2.433974
v 11.563180 0.213562 -2.349247
v 11.425347 0.275301 -2.352546
v 11.709266 0.170068 -2.362849
v 11.563180 0.213562 -2.349247
v 11.636513 0.319830 -2.433974
v 11.749528 0.148777 -2.519666
v 11.757145 0.076941 -2.593203
v 11.716029 0.069444 -2.515891
v 11.729208 0.015562 -2.612911
v 11.680714 -0.005347 -2.474788
v 11.703561 0.039914 -2.398030
v 11.749528 0.148777 -2.519666
v 11.758468 0.224015 -2.581169
v 11.757145 0.076941 -2.593203
v 11.709266 0.170068 -2.362849
v 11.636513 0.319830 -2.433974
v 11.724075 0.308058 -2.578780
v 11.436316 0.225497 -2.298657
v 11.428525 0.179052 -2.310579
v 11.428525 0.179052 -2.310579
v 11.478112 0.078335 -2.360522
v 11.388256 0.122851 -2.358740
v 11.478112 0.078335 -2.360522
v 11.525132 -0.014046 -2.383379
v 11.438449 -0.017363 -2.377808
v 11.346796 -0.006218 -2.413537
v 11.478112 0.078335 -2.360522
v 11.563180 0.213562 -2.349247
v 11.596996 0.107636 -2.318202
v 11.709266 0.170068 -2.362849
v 11.559163 -0.013482 -2.363661
v 11.365169 -0.018789 -2.413996
v 11.596996 0.107636 -2.318202
v 11.709266 0.170068 -2.362849
v 11.680714 -0.005347 -2.474788
v 11.758468 0.224015 -2.581169
v 11.736603 0.292513 -2.589990
v 11.734902 0.263381 -2.987730
v 11.701987 0.296008 -2.597407
v 11.724075 0.308058 -2.578780
v 11.425347 0.275301 -2.352546
v 11.757145 0.076941 -2.593203
v 11.687736 0.258420 -2.931436
v 11.658452 0.251744 -2.868601
v 11.682263 0.274373 -2.933887
v 11.645892 0.266447 -2.858711
v 11.646227 0.252311 -2.800047
v 11.629856 0.266465 -2.787097
v 11.685184 0.010607 -2.943243
v 11.696120 0.026201 -2.939265
v 11.649508 0.006898 -2.871451
v 11.666710 0.023017 -2.876311
v 11.641418 0.004284 -2.802554
v 11.654604 0.020272 -2.807871
v 11.651988 0.257396 -2.730541
v 11.639274 0.271850 -2.720926
v 11.675429 0.264322 -2.664894
v 11.663402 0.279092 -2.654430
v 11.715859 0.282129 -2.606507
v 11.701987 0.296008 -2.597407
v 11.647163 0.002100 -2.731631
v 11.660626 0.018155 -2.738606
v 11.672804 0.000792 -2.665353
v 11.684367 0.016808 -2.673239
v 11.672804 0.000792 -2.665353
v 11.719382 0.000340 -2.602071
v 11.684367 0.016808 -2.673239
v 11.729208 0.015562 -2.612911
v 11.736603 0.292513 -2.589990
v 11.724075 0.308058 -2.578780
v 11.736603 0.292513 -2.589990
v 11.719382 0.000340 -2.602071
v 11.753908 0.131007 -3.025098
v 11.745102 0.052458 -3.040480
v 11.741290 0.014889 -3.010178
v 10.726351 0.014238 -3.090691
v 11.168643 0.266734 -2.668393
v 11.636513 0.319830 -2.433974
v 10.462779 0.680682 -4.397113
v 10.427573 0.704950 -4.388892
v 10.641677 0.706726 -4.179891
v 11.137734 0.687505 -3.658339
v 11.400421 0.258250 -2.335522
v 9.674192 0.291614 -4.422322
v 9.691896 0.485229 -4.348082
v 9.674192 0.291614 -4.422322
v 9.796626 -0.009236 -4.377248
v 9.728319 0.073353 -4.387885
v 9.808600 0.594178 -4.096481
v 9.852724 0.643914 -4.126720
v 10.046289 0.363025 -4.207613
v 9.907082 0.188440 -4.168739
v 10.074209 0.193029 -4.171852
v 9.744252 -0.012741 -4.329366
v 9.699489 0.032706 -4.326439
v 9.666652 0.090715 -4.309053
v 9.772104 0.559485 -4.094543
v 9.808600 0.594178 -4.096481
v 9.807865 0.312006 -4.093009
v 9.784618 0.325043 -4.098015
v 9.907082 0.188440 -4.168739
v 9.931157 0.110209 -4.179095
v 9.895886 0.127633 -4.202794
v 9.870573 -0.009851 -4.279794
v 9.744252 -0.012741 -4.329366
v 9.809464 0.141479 -4.245294
v 9.699489 0.032706 -4.326439
v 9.666652 0.090715 -4.309053
v 9.809464 0.141479 -4.245294
v 9.807865 0.312006 -4.093009
v 9.784618 0.325043 -4.098015
v 10.446589 0.573838 -3.690442
v 10.445198 0.674887 -3.699709
v 10.432851 0.573062 -3.541405
v 10.436110 0.638374 -3.362469
v 10.393748 0.574834 -3.413457
v 10.370086 0.428464 -3.450055
v 10.337316 0.385802 -3.489023
v 10.477448 0.682476 -3.636436
v 10.544960 0.682810 -3.574028
v 10.473550 0.683987 -3.685431
v 10.527476 0.677917 -3.447634
v 10.477573 0.675282 -3.422888
v 10.457833 0.672309 -3.355860
v 10.331575 0.349715 -3.517410
v 10.410192 0.381001 -3.604335
v 10.493400 -0.007795 -3.673747
v 10.453429 0.018411 -3.680942
v 10.589504 -0.017502 -3.282890
v 10.336531 0.212468 -3.522035
v 10.348789 0.208157 -3.489476
v 10.453717 0.063028 -3.520488
v 10.643905 -0.010629 -3.428490
v 10.517703 -0.009708 -3.590987
v 10.517703 -0.009708 -3.590987
v 10.493400 -0.007795 -3.673747
v 10.453429 0.018411 -3.680942
v 10.453429 0.018411 -3.680942
v 10.421081 0.079431 -3.614501
v 10.430677 0.063371 -3.410504
v 10.589504 -0.017502 -3.282890
v 10.604576 -0.001757 -3.225059
v 9.650683 0.337947 -4.243572
v 9.666652 0.090715 -4.309053
v 9.674192 0.291614 -4.422322
v 9.720158 0.262071 -4.173134
v 9.720158 0.262071 -4.173134
v 9.650683 0.337947 -4.243572
v 9.720158 0.262071 -4.173134
v 9.666652 0.090715 -4.309053
v 11.546518 0.031279 -3.259245
v 11.499811 0.013947 -3.240849
v 11.546518 0.031279 -3.259245
v 11.475537 0.117329 -3.330585
v 11.279099 0.074322 -3.428809
v 11.411910 0.118490 -3.400096
v 11.334877 0.158979 -3.481392
v 11.256278 0.180261 -3.565806
v 11.202925 0.089614 -3.630801
v 11.144523 0.030849 -3.698982
v 11.109190 0.010430 -3.554869
v 11.111926 0.014740 -3.679810
v 11.328254 0.009059 -3.279588
v 11.449841 0.011859 -3.232429
v 11.191351 0.004449 -3.289467
v 11.169093 0.008615 -3.436893
v 11.499811 0.013947 -3.240849
v 10.211791 0.155127 -4.174005
v 10.110726 0.030850 -4.217813
v 10.007464 0.070167 -4.207633
v 9.985990 0.664981 -4.187581
v 10.382663 0.015541 -4.091547
v 10.344228 0.151424 -4.067159
v 9.807865 0.312006 -4.093009
v 10.512980 0.040870 -3.811127
v 10.476036 0.012853 -3.911823
v 10.421081 0.079431 -3.614501
v 10.453429 0.018411 -3.680942
v 10.482697 0.021964 -3.723843
v 9.931157 0.110209 -4.179095
v 10.007464 0.070167 -4.207633
v 9.996268 0.052566 -4.300270
v 9.931157 0.110209 -4.179095
v 9.895886 0.127633 -4.202794
v 10.110726 0.030850 -4.217813
v 10.147612 -0.002043 -4.214692
v 10.164532 0.001910 -4.313850
v 10.067866 0.000982 -4.389861
v 9.956378 -0.001334 -4.440535
v 9.873079 -0.007228 -4.354932
v 10.138353 0.003638 -4.393140
v 9.870573 -0.009851 -4.279794
v 9.895886 0.127633 -4.202794
v 10.452881 0.654203 -3.890202
v 10.395015 0.534940 -4.102477
v 10.452881 0.654203 -3.890202
v 10.460685 0.679906 -3.787512
v 10.436240 0.468999 -3.906267
v 10.304496 0.014936 -4.157306
v 10.211280 0.033025 -4.199939
v 10.641677 0.706726 -4.179891
v 10.612094 0.700932 -4.039707
v 10.457035 0.602714 -4.021909
v 10.395015 0.534940 -4.102477
v 10.503349 0.692383 -3.902568
v 10.452881 0.654203 -3.890202
v 10.379701 0.702522 -4.335762
v 10.427573 0.704950 -4.388892
v 10.462779 0.680682 -4.397113
v 10.631773 0.689776 -4.211600
v 10.596309 0.633299 -4.254526
v 10.517118 0.628035 -4.341530
v 10.285075 0.552867 -4.139173
v 10.245748 0.694391 -4.238033
v 10.301329 0.698956 -4.313911
v 10.190406 0.611193 -4.180449
v 10.180789 0.690913 -4.204418
v 10.174540 0.674058 -4.180734
v 10.881190 0.526002 -2.926264
v 10.725212 0.672477 -3.074486
v 10.710891 0.651538 -3.060950
v 10.725212 0.672477 -3.074486
v 10.805053 0.676126 -3.097223
v 10.819091 0.623226 -3.032079
v 10.870073 0.677624 -3.072008
v 10.881190 0.526002 -2.926264
v 10.843944 0.508929 -2.925853
v 10.891997 0.665488 -3.051601
v 10.896542 0.613557 -3.027055
v 10.788035 0.546697 -2.984242
v 10.753058 0.613527 -3.017607
v 10.710891 0.651538 -3.060950
v 10.896542 0.613557 -3.027055
v 11.212314 0.634690 -3.315743
v 11.166441 0.683855 -3.302506
v 10.891997 0.665488 -3.051601
v 11.193243 0.704312 -3.517569
v 11.178217 0.687244 -3.614078
v 11.166441 0.683855 -3.302506
v 10.891997 0.665488 -3.051601
v 11.151069 0.695928 -3.314047
v 10.870073 0.677624 -3.072008
v 11.366019 0.576425 -3.387535
v 10.881190 0.526002 -2.926264
v 11.296495 0.614079 -3.366391
v 11.366019 0.576425 -3.387535
v 11.212314 0.634690 -3.315743
v 11.366019 0.576425 -3.387535
v 11.296495 0.614079 -3.366391
v 11.232126 0.645851 -3.437850
v 11.178217 0.687244 -3.614078
v 11.239115 0.601200 -3.553766
v 11.302944 0.594881 -3.484412
v 11.212314 0.634690 -3.315743
v 11.166441 0.683855 -3.302506
v 11.159237 0.700130 -3.429939
v 11.193243 0.704312 -3.517569
v 11.367720 0.562360 -3.415939
v 11.151069 0.695928 -3.314047
v -5.021356 -0.002506 -9.156108
v -5.103722 0.075414 -9.157051
v -5.072330 -0.000618 -9.028728
v -5.112856 0.055413 -9.078055
v -4.741537 0.292777 -9.069427
v -4.859241 0.290575 -9.214233
v -4.692544 0.252498 -9.202333
v -4.681942 0.235834 -9.117464
v -4.718929 -0.000782 -9.047333
v -4.802702 0.147217 -9.023598
v -4.812616 0.293884 -8.993787
v -4.932693 0.132650 -8.863513
v -5.041170 0.293857 -8.990674
v -5.089841 0.292896 -9.053963
v -5.073862 0.121653 -8.951517
v -5.112856 0.055413 -9.078055
v -5.103722 0.075414 -9.157051
v -5.021356 -0.002506 -9.156108
v -4.810782 -0.003477 -9.225626
v -4.670712 0.020764 -9.185447
v -4.810782 -0.003477 -9.225626
v -4.663477 -0.002102 -9.136739
v -4.681942 0.235834 -9.117464
v -4.692544 0.252498 -9.202333
v -4.663477 -0.002102 -9.136739
v -4.663477 -0.002102 -9.136739
v -4.670712 0.020764 -9.185447
v -4.670712 0.020764 -9.185447
v -4.692544 0.252498 -9.202333
v -5.078979 0.291039 -9.178499
v -4.859241 0.290575 -9.214233
v -4.932651 0.001925 -8.861560
v -4.932693 0.132650 -8.863513
v -5.089841 0.292896 -9.053963
v -5.112856 0.055413 -9.078055
v -5.078979 0.291039 -9.178499
v -5.103722 0.075414 -9.157051
v -4.812616 0.293884 -8.993787
v -4.741537 0.292777 -9.069427
v -4.932651 0.001925 -8.861560
v -5.072330 -0.000618 -9.028728
v -5.041170 0.293857 -8.990674
v -4.932693 0.132650 -8.863513
v -4.741537 0.292777 -9.069427
v -4.692544 0.252498 -9.202333
v -4.681942 0.235834 -9.117464
v -1.056284 0.400618 -4.311217
v -1.049557 0.414150 -4.330137
v -0.756294 0.401718 -4.728176
v -0.771754 0.414150 -4.715538
v -0.985510 0.268360 -4.260203
v -1.042732 0.360288 -4.301449
v -0.685152 0.268360 -4.676895
v -0.742374 0.360288 -4.718141
v -0.910934 0.197820 -4.206447
v -0.610576 0.197820 -4.623139
v -0.524820 0.154032 -4.561325
v -0.528351 0.151801 -4.532358
v -0.833551 0.158308 -4.150669
v -0.800676 0.151801 -4.154557
v -1.432050 0.394137 -4.582075
v -1.420348 0.414150 -4.598310
v -1.353269 0.403672 -4.525288
v -1.345013 0.414150 -4.536927
v -0.711399 0.002569 -4.671143
v -0.541342 0.002569 -4.548563
v -0.612182 0.015157 -4.624297
v -0.529639 0.022582 -4.564799
v -1.046558 0.402606 -4.937402
v -1.052566 0.414150 -4.926134
v -1.114024 0.379698 -4.986032
v -1.134446 0.414150 -4.947386
v -0.950704 0.382553 -4.868309
v -0.894192 0.414150 -4.820572
v -0.756294 0.401718 -4.728176
v -0.771754 0.414150 -4.715538
v -1.139964 0.002569 -4.961800
v -1.010196 0.022582 -4.911191
v -1.117050 0.022582 -4.988214
v -0.907495 0.002569 -4.802116
v -0.890871 0.045469 -4.825180
v -0.837434 0.002569 -4.742671
v -0.770461 0.036203 -4.738386
v -1.049557 0.414150 -4.330137
v -1.056284 0.400618 -4.311217
v -1.164851 0.414150 -4.445081
v -1.179266 0.394137 -4.399864
v -1.237496 0.368585 -4.441837
v -1.439105 0.301248 -4.606514
v -1.432696 0.384419 -4.615406
v -1.432050 0.301248 -4.582075
v -1.421422 0.231029 -4.574414
v -1.439996 0.071333 -4.605278
v -1.427953 0.208360 -4.621986
v -1.421422 0.231029 -4.574414
v -1.436583 0.022582 -4.610013
v -1.438368 0.053706 -4.586629
v -1.432050 0.022582 -4.582075
v -0.886328 0.022582 -4.188710
v -0.829997 0.042616 -4.148107
v -0.874625 0.002569 -4.204945
v -0.971816 0.013461 -4.250331
v -0.950314 0.002569 -4.245202
v -1.137333 0.022582 -4.369638
v -1.097133 0.002569 -4.365332
v -1.329571 0.007146 -4.508206
v -1.344603 0.002569 -4.532469
v -1.406553 0.002569 -4.599755
v -1.033320 0.002569 -4.915959
v -0.819231 0.002569 -4.188797
v -0.524820 0.154032 -4.561325
v -0.521400 0.115471 -4.558860
v -0.528351 0.151801 -4.532358
v -0.525106 0.087804 -4.536861
v -0.796124 0.115471 -4.160873
v -0.793338 0.038923 -4.164737
v -0.800676 0.151801 -4.154557
v -0.833551 0.158308 -4.150669
v -0.838300 0.115471 -4.154091
v -1.153726 0.292584 -5.002426
v -1.159630 0.208360 -4.994235
v -1.139431 0.265803 -5.004346
v -1.156442 0.076674 -4.998658
v -1.159630 0.022582 -4.994235
v -1.137786 0.051497 -5.003160
v -1.116940 0.151601 -4.988133
v -1.427953 0.208360 -4.621986
v -1.159630 0.208360 -4.994235
v -1.116940 0.151601 -4.988133
v -1.167233 0.385862 -4.983688
v -1.210012 0.377351 -4.924338
v -1.176360 0.414150 -4.900081
v -1.295783 0.414150 -4.771121
v -1.392912 0.015197 -4.670598
v -1.341553 0.002569 -4.707937
v -1.252082 0.002569 -4.813281
v -1.277077 0.024291 -4.831297
v -1.220853 0.002569 -4.892402
v -1.228868 0.015366 -4.898180
v -1.385962 0.401013 -4.680242
v -1.312019 0.394137 -4.782824
v -1.358458 0.414150 -4.660416
v -0.557154 0.012185 -4.492398
v -0.532192 0.032362 -4.527030
v -0.593115 0.002569 -4.500772
v -0.679818 0.002569 -4.356452
v -0.757333 0.002569 -4.270230
v -0.745485 0.032565 -4.231125
v -0.680804 0.021750 -4.320858
v -0.524820 0.154032 -4.561325
v -0.833551 0.158308 -4.150669
v -1.056284 0.400618 -4.311217
v -0.756294 0.401718 -4.728176
v 6.451655 0.003688 -2.264437
v 6.544277 0.003688 -2.350167
v 6.484534 0.016317 -2.328655
v 6.422234 0.023702 -2.254579
v 6.500012 0.008265 -2.155034
v 6.492354 0.003688 -2.182530
v 6.425682 0.023702 -2.282672
v 6.421083 0.072452 -2.279079
v 6.417439 0.054826 -2.260716
v 6.919015 0.040043 -1.675499
v 6.983501 0.033685 -1.725884
v 6.983043 0.003688 -1.766744
v 6.879169 0.043736 -1.669765
v 6.872868 0.116591 -1.677831
v 6.915261 0.116591 -1.672566
v 6.430921 0.385539 -2.286765
v 6.493900 0.402133 -2.335973
v 6.438005 0.415270 -2.266901
v 6.894940 0.415270 -1.682087
v 6.879169 0.395257 -1.669765
v 6.804708 0.408493 -1.765065
v 6.894940 0.415270 -1.682087
v 7.006851 0.415270 -1.763928
v 6.907262 0.395257 -1.666316
v 6.798903 0.023702 -2.574281
v 6.838109 0.023702 -2.556609
v 6.822371 0.052616 -2.576752
v 6.840405 0.380817 -2.553670
v 6.891609 0.403725 -2.488136
v 6.810005 0.415270 -2.522264
v 6.882694 0.415270 -2.478995
v 7.283931 0.023702 -1.986018
v 7.270934 0.033481 -1.950465
v 7.280483 0.088923 -1.957925
v 7.139093 0.003688 -2.138884
v 7.268160 0.003688 -1.973697
v 7.221284 0.016277 -2.066198
v 7.283931 0.023702 -1.986018
v 6.425682 0.023702 -2.282672
v 6.422234 0.023702 -2.254579
v 6.451655 0.003688 -2.264437
v 6.900869 0.003688 -1.705832
v 6.879169 0.043736 -1.669765
v 6.919015 0.040043 -1.675499
v 6.438005 0.415270 -2.266901
v 6.422234 0.395257 -2.254579
v 6.430921 0.385539 -2.286765
v 6.907262 0.395257 -1.666316
v 6.879169 0.395257 -1.669765
v 6.894940 0.415270 -1.682087
v 6.840405 0.380817 -2.553670
v 6.810005 0.415270 -2.522264
v 6.788658 0.386982 -2.566277
v 7.270420 0.383932 -1.950063
v 7.242732 0.415270 -1.983216
v 7.283931 0.395257 -1.986018
v 6.808730 0.003688 -2.537645
v 6.838109 0.023702 -2.556609
v 6.798903 0.023702 -2.574281
v 7.270934 0.033481 -1.950465
v 7.283931 0.023702 -1.986018
v 7.268160 0.003688 -1.973697
v 6.659603 0.003688 -2.426339
v 6.711682 0.003688 -2.493593
v 6.640631 0.025411 -2.450619
v 7.070665 0.022869 -1.793988
v 7.237294 0.013305 -1.924181
v 7.081550 0.003688 -1.827892
v 7.048946 0.415270 -1.827144
v 7.203615 0.415270 -1.949179
v 7.187178 0.400954 -1.885023
v 6.593545 0.395257 -2.413829
v 6.731008 0.378471 -2.521233
v 6.605867 0.415270 -2.398058
v 6.798903 0.023702 -2.574281
v 6.705598 0.016485 -2.501379
v 7.268160 0.003688 -1.973697
v 7.205101 0.003688 -1.942263
v 7.270420 0.383932 -1.950063
v 6.810005 0.415270 -2.522264
v 6.756549 0.415270 -2.488542
v 7.073265 0.389645 -1.796020
v 7.000568 0.386142 -1.739219
v 6.514774 0.415270 -2.309258
v 6.900869 0.003688 -1.705832
v 7.270934 0.033481 -1.950465
v 6.788658 0.386982 -2.566277
v 6.808730 0.003688 -2.537645
v 6.425682 0.023702 -2.282672
v 6.788658 0.386982 -2.566277
v 6.806859 0.293703 -2.580498
v 6.840405 0.380817 -2.553670
v 7.283931 0.395257 -1.986018
v 7.288893 0.312611 -1.979667
v 7.270420 0.383932 -1.950063
v 7.280483 0.345161 -1.957925
v 7.275581 0.160660 -1.954095
v 6.798903 0.209479 -2.574281
v 6.838192 0.152721 -2.556503
v 6.821122 0.266923 -2.578349
v 6.798903 0.209479 -2.574281
v 6.803200 0.077794 -2.577639
v 6.838192 0.152721 -2.556503
v 7.283931 0.209479 -1.986018
v 7.290184 0.116591 -1.978015
v 7.275581 0.160660 -1.954095
v 6.879169 0.191482 -1.669765
v 6.883405 0.343953 -1.664343
v 6.896994 0.302368 -1.658293
v 6.437313 0.209479 -2.291759
v 6.422283 0.302368 -2.280016
v 6.430301 0.232149 -2.244255
v 6.907262 0.395257 -1.666316
v 6.430921 0.385539 -2.286765
v 6.422234 0.395257 -2.254579
v 6.422234 0.302368 -2.254579
v 6.899575 0.209479 -1.660310
v 6.915261 0.116591 -1.672566
v 6.430301 0.232149 -2.244255
v 6.872868 0.116591 -1.677831
v 6.919015 0.040043 -1.675499
v 7.283931 0.209479 -1.986018
v 6.879169 0.395257 -1.669765
v 6.438005 0.415270 -2.266901
v 6.493204 0.415270 -2.186925
v 6.422234 0.395257 -2.254579
v 6.482027 0.404792 -2.178053
v 6.640554 0.415270 -2.048427
v 6.712166 0.415270 -1.916013
v 6.614089 0.395257 -2.009032
v 6.796614 0.415270 -1.793628
v 6.879169 0.043736 -1.669765
v 6.900869 0.003688 -1.705832
v 6.852187 0.003688 -1.736805
v 6.836416 0.023702 -1.724483
v 6.790750 0.003688 -1.796594
v 6.771535 0.014581 -1.807523
v 6.683312 0.003688 -1.952942
v 6.808730 0.003688 -2.537645
v 6.898332 0.003688 -2.463852
v 6.919207 0.023702 -2.452815
v 6.987367 0.003688 -2.319403
v 7.038042 0.003688 -2.242760
v 7.009769 0.046588 -2.336906
v 7.101157 0.037322 -2.219944
v 7.283931 0.395257 -1.986018
v 7.242732 0.415270 -1.983216
v 7.211446 0.415270 -2.046283
v 7.227216 0.395257 -2.058605
v 7.144430 0.415270 -2.120476
v 7.101157 0.403544 -2.219944
v 7.005295 0.415270 -2.333411
v 6.451655 0.003688 -2.264437
v 6.645913 0.023702 -1.968301
v 6.422234 0.023702 -2.254579
v 6.437313 0.209479 -2.291759
v 6.569894 0.369705 -2.065595
v 6.838109 0.023702 -2.556609
v 7.242732 0.415270 -1.983216
v 6.964359 0.383673 -2.395026
v 5.908789 0.144359 3.770402
v 5.987814 0.233636 3.805509
v 5.927089 0.305705 3.930010
v 5.929476 0.295857 4.192000
v 6.019941 0.282752 4.351528
v 5.842113 0.157264 4.111719
v 5.969873 0.136781 4.419008
v 6.268978 -0.006809 3.798353
v 6.478381 0.274318 3.790133
v 6.336930 0.282573 3.820554
v 6.042071 0.005716 3.866565
v 6.040868 0.009705 3.760881
v 5.908789 0.144359 3.770402
v 6.529457 -0.026703 3.869177
v 6.478381 0.274318 3.790133
v 6.476528 0.145865 3.773324
v 6.529457 -0.026703 3.869177
v 6.476528 0.145865 3.773324
v 6.393865 -0.018400 3.887825
v 6.116609 0.292949 3.935096
v 5.927089 0.305705 3.930010
v 5.901233 0.010366 3.993362
v 5.908789 0.144359 3.770402
v 6.336930 0.282573 3.820554
v 6.040868 0.009705 3.760881
v 5.987814 0.233636 3.805509
v 6.268978 -0.006809 3.798353
v 6.457613 0.260082 4.212234
v 6.556093 0.252569 4.238796
v 6.469068 0.193286 4.409131
v 6.565333 0.261649 3.976737
v 6.587190 -0.033689 3.954529
v 6.655510 0.099863 4.205215
v 6.476528 0.145865 3.773324
v 6.529457 -0.026703 3.869177
v 6.393865 -0.018400 3.887825
v 6.408754 -0.031068 4.203623
v 6.166220 0.071587 4.484847
v 6.192476 0.205644 4.476226
v 6.457541 0.019279 4.402689
v 6.469068 0.193286 4.409131
v 6.552422 -0.042330 4.250499
v 5.969873 0.136781 4.419008
v 6.192476 0.205644 4.476226
v 6.166220 0.071587 4.484847
v 6.171852 -0.019386 4.312541
v 6.083951 -0.018620 4.449438
v 6.166220 0.071587 4.484847
v 6.552422 -0.042330 4.250499
v 6.408754 -0.031068 4.203623
v 6.457541 0.019279 4.402689
v 6.295119 -0.026593 4.286356
v 6.019941 0.282752 4.351528
v 6.074671 0.277625 4.387454
v 5.905414 0.003197 4.179672
v 5.901233 0.010366 3.993362
v 6.083951 -0.018620 4.449438
v 6.034636 -0.014154 4.417091
v 6.469068 0.193286 4.409131
v 6.655510 0.099863 4.205215
v 6.552422 -0.042330 4.250499
v 6.457541 0.019279 4.402689
v 6.556093 0.252569 4.238796
v 6.556093 0.252569 4.238796
v 6.306737 0.268009 4.268482
v 6.192476 0.205644 4.476226
v 6.183497 0.276013 4.273044
v 6.074671 0.277625 4.387454
v 6.034636 -0.014154 4.417091
v 6.268978 -0.006809 3.798353
v 6.552422 -0.042330 4.250499
v 6.587190 -0.033689 3.954529
v 6.408754 -0.031068 4.203623
v 6.587190 -0.033689 3.954529
v 6.529457 -0.026703 3.869177
v 6.408754 -0.031068 4.203623
v 5.908789 0.144359 3.770402
v 6.650199 0.032077 1.592555
v 6.668511 0.052765 1.600690
v 6.654439 0.069465 1.629540
v 6.654993 0.067183 1.690250
v 6.675956 0.064146 1.727216
v 6.634749 0.035067 1.671647
v 6.664353 0.030321 1.742853
v 6.733664 -0.002952 1.599032
v 6.782188 0.062192 1.597127
v 6.749410 0.064105 1.604176
v 6.681084 -0.000050 1.614839
v 6.680805 0.000874 1.590349
v 6.650199 0.032077 1.592555
v 6.794023 -0.007562 1.615443
v 6.782188 0.062192 1.597127
v 6.781758 0.032426 1.593232
v 6.794023 -0.007562 1.615443
v 6.781758 0.032426 1.593232
v 6.762604 -0.005638 1.619765
v 6.698356 0.066509 1.630718
v 6.654439 0.069465 1.629540
v 6.648448 0.001028 1.644221
v 6.650199 0.032077 1.592555
v 6.749410 0.064105 1.604176
v 6.680805 0.000874 1.590349
v 6.668511 0.052765 1.600690
v 6.733664 -0.002952 1.599032
v 6.777376 0.058893 1.694939
v 6.800196 0.057152 1.701094
v 6.780029 0.043415 1.740564
v 6.802336 0.059256 1.640368
v 6.807401 -0.009181 1.635222
v 6.823234 0.021766 1.693313
v 6.781758 0.032426 1.593232
v 6.794023 -0.007562 1.615443
v 6.762604 -0.005638 1.619765
v 6.766054 -0.008574 1.692943
v 6.709853 0.015214 1.758110
v 6.715936 0.046278 1.756112
v 6.777359 0.003093 1.739071
v 6.780029 0.043415 1.740564
v 6.799345 -0.011183 1.703806
v 6.664353 0.030321 1.742853
v 6.715936 0.046278 1.756112
v 6.709853 0.015214 1.758110
v 6.711157 -0.005867 1.718182
v 6.690788 -0.005689 1.749905
v 6.709853 0.015214 1.758110
v 6.799345 -0.011183 1.703806
v 6.766054 -0.008574 1.692943
v 6.777359 0.003093 1.739071
v 6.739722 -0.007537 1.712115
v 6.675956 0.064146 1.727216
v 6.688638 0.062958 1.735542
v 6.649417 -0.000634 1.687393
v 6.648448 0.001028 1.644221
v 6.690788 -0.005689 1.749905
v 6.679361 -0.004654 1.742410
v 6.780029 0.043415 1.740564
v 6.823234 0.021766 1.693313
v 6.799345 -0.011183 1.703806
v 6.777359 0.003093 1.739071
v 6.800196 0.057152 1.701094
v 6.800196 0.057152 1.701094
v 6.742414 0.060730 1.707973
v 6.715936 0.046278 1.756112
v 6.713857 0.062585 1.709029
v 6.688638 0.062958 1.735542
v 6.679361 -0.004654 1.742410
v 6.733664 -0.002952 1.599032
v 6.799345 -0.011183 1.703806
v 6.807401 -0.009181 1.635222
v 6.766054 -0.008574 1.692943
v 6.807401 -0.009181 1.635222
v 6.794023 -0.007562 1.615443
v 6.766054 -0.008574 1.692943
v 6.650199 0.032077 1.592555
v 5.885894 0.038418 -3.134539
v 5.875032 0.059106 -3.117701
v 5.848697 0.075806 -3.136055
v 5.788629 0.073525 -3.144872
v 5.748871 0.070488 -3.129863
v 5.810132 0.041409 -3.162006
v 5.735212 0.036663 -3.143738
v 5.866620 0.003389 -3.053072
v 5.861017 0.068533 -3.004836
v 5.859108 0.070446 -3.038307
v 5.859113 0.006292 -3.107462
v 5.883352 0.007216 -3.103959
v 5.885894 0.038418 -3.134539
v 5.841094 -0.001221 -2.995967
v 5.861017 0.068533 -3.004836
v 5.864931 0.038767 -3.004658
v 5.841094 -0.001221 -2.995967
v 5.864931 0.038767 -3.004658
v 5.841671 0.000703 -3.027678
v 5.840759 0.072850 -3.092845
v 5.848697 0.075806 -3.136055
v 5.835117 0.007369 -3.144238
v 5.885894 0.038418 -3.134539
v 5.859108 0.070446 -3.038307
v 5.883352 0.007216 -3.103959
v 5.875032 0.059106 -3.117701
v 5.866620 0.003389 -3.053072
v 5.765119 0.065234 -3.024678
v 5.755517 0.063493 -3.003081
v 5.719630 0.049756 -3.029093
v 5.815186 0.065598 -2.991599
v 5.819489 -0.002839 -2.985800
v 5.759652 0.028108 -2.979118
v 5.864931 0.038767 -3.004658
v 5.841094 -0.001221 -2.995967
v 5.841671 0.000703 -3.027678
v 5.768837 -0.002232 -3.035557
v 5.713120 0.021556 -3.101137
v 5.714154 0.052620 -3.094817
v 5.721517 0.009434 -3.031502
v 5.719630 0.049756 -3.029093
v 5.752969 -0.004842 -3.004339
v 5.735212 0.036663 -3.143738
v 5.714154 0.052620 -3.094817
v 5.713120 0.021556 -3.101137
v 5.752367 0.000475 -3.093689
v 5.724166 0.000652 -3.118706
v 5.713120 0.021556 -3.101137
v 5.752969 -0.004842 -3.004339
v 5.768837 -0.002232 -3.035557
v 5.721517 0.009434 -3.031502
v 5.753957 -0.001195 -3.064531
v 5.748871 0.070488 -3.129863
v 5.738689 0.069299 -3.118616
v 5.792312 0.005708 -3.149940
v 5.835117 0.007369 -3.144238
v 5.724166 0.000652 -3.118706
v 5.733335 0.001687 -3.128842
v 5.719630 0.049756 -3.029093
v 5.759652 0.028108 -2.979118
v 5.752969 -0.004842 -3.004339
v 5.721517 0.009434 -3.031502
v 5.755517 0.063493 -3.003081
v 5.755517 0.063493 -3.003081
v 5.757634 0.067072 -3.061232
v 5.714154 0.052620 -3.094817
v 5.760994 0.068926 -3.089610
v 5.738689 0.069299 -3.118616
v 5.733335 0.001687 -3.128842
v 5.866620 0.003389 -3.053072
v 5.752969 -0.004842 -3.004339
v 5.819489 -0.002839 -2.985800
v 5.768837 -0.002232 -3.035557
v 5.819489 -0.002839 -2.985800
v 5.841094 -0.001221 -2.995967
v 5.768837 -0.002232 -3.035557
v 5.885894 0.038418 -3.134539
v -0.154857 0.038418 -4.493824
v -0.165719 0.059106 -4.476985
v -0.192053 0.075806 -4.495339
v -0.252121 0.073525 -4.504158
v -0.291880 0.070488 -4.489148
v -0.230619 0.041409 -4.521290
v -0.305540 0.036663 -4.503023
v -0.174131 0.003389 -4.412357
v -0.179734 0.068533 -4.364120
v -0.181642 0.070446 -4.397593
v -0.181638 0.006292 -4.466747
v -0.157399 0.007216 -4.463243
v -0.154857 0.038418 -4.493824
v -0.199657 -0.001221 -4.355251
v -0.179734 0.068533 -4.364120
v -0.175819 0.038767 -4.363944
v -0.199657 -0.001221 -4.355251
v -0.175819 0.038767 -4.363944
v -0.199080 0.000703 -4.386962
v -0.199992 0.072850 -4.452129
v -0.192053 0.075806 -4.495339
v -0.205634 0.007369 -4.503523
v -0.154857 0.038418 -4.493824
v -0.181642 0.070446 -4.397593
v -0.157399 0.007216 -4.463243
v -0.165719 0.059106 -4.476985
v -0.174131 0.003389 -4.412357
v -0.275632 0.065234 -4.383962
v -0.285234 0.063493 -4.362364
v -0.321122 0.049756 -4.388378
v -0.225565 0.065597 -4.350883
v -0.221262 -0.002840 -4.345085
v -0.281099 0.028107 -4.338403
v -0.175819 0.038767 -4.363944
v -0.199657 -0.001221 -4.355251
v -0.199080 0.000703 -4.386962
v -0.271914 -0.002232 -4.394842
v -0.327632 0.021555 -4.460422
v -0.326596 0.052620 -4.454103
v -0.319234 0.009434 -4.390787
v -0.321122 0.049756 -4.388378
v -0.287782 -0.004842 -4.363624
v -0.305540 0.036663 -4.503023
v -0.326596 0.052620 -4.454103
v -0.327632 0.021555 -4.460422
v -0.288384 0.000475 -4.452974
v -0.316584 0.000652 -4.477992
v -0.327632 0.021555 -4.460422
v -0.287782 -0.004842 -4.363624
v -0.271914 -0.002232 -4.394842
v -0.319234 0.009434 -4.390787
v -0.286794 -0.001195 -4.423815
v -0.291880 0.070488 -4.489148
v -0.302061 0.069299 -4.477900
v -0.248439 0.005708 -4.509225
v -0.205634 0.007369 -4.503523
v -0.316584 0.000652 -4.477992
v -0.307417 0.001687 -4.488126
v -0.321122 0.049756 -4.388378
v -0.281099 0.028107 -4.338403
v -0.287782 -0.004842 -4.363624
v -0.319234 0.009434 -4.390787
v -0.285234 0.063493 -4.362364
v -0.285234 0.063493 -4.362364
v -0.283117 0.067071 -4.420516
v -0.326596 0.052620 -4.454103
v -0.279757 0.068926 -4.448895
v -0.302061 0.069299 -4.477900
v -0.307417 0.001687 -4.488126
v -0.174131 0.003389 -4.412357
v -0.287782 -0.004842 -4.363624
v -0.221262 -0.002840 -4.345085
v -0.271914 -0.002232 -4.394842
v -0.221262 -0.002840 -4.345085
v -0.199657 -0.001221 -4.355251
v -0.271914 -0.002232 -4.394842
v -0.154857 0.038418 -4.493824
v -4.433277 0.038418 -3.958010
v -4.444139 0.059106 -3.941171
v -4.470472 0.075806 -3.959525
v -4.530541 0.073525 -3.968343
v -4.570299 0.070488 -3.953333
v -4.509037 0.041409 -3.985475
v -4.583959 0.036663 -3.967208
v -4.452550 0.003389 -3.876544
v -4.458153 0.068533 -3.828306
v -4.460061 0.070446 -3.861778
v -4.460057 0.006292 -3.930931
v -4.435817 0.007216 -3.927429
v -4.433277 0.038418 -3.958010
v -4.478076 -0.001221 -3.819438
v -4.458153 0.068533 -3.828306
v -4.454238 0.038767 -3.828129
v -4.478076 -0.001221 -3.819438
v -4.454238 0.038767 -3.828129
v -4.477499 0.000703 -3.851147
v -4.478411 0.072850 -3.916316
v -4.470472 0.075806 -3.959525
v -4.484053 0.007369 -3.967709
v -4.433277 0.038418 -3.958010
v -4.460061 0.070446 -3.861778
v -4.435817 0.007216 -3.927429
v -4.444139 0.059106 -3.941171
v -4.452550 0.003389 -3.876544
v -4.554051 0.065234 -3.848149
v -4.563653 0.063493 -3.826550
v -4.599540 0.049756 -3.852564
v -4.503985 0.065598 -3.815069
v -4.499681 -0.002840 -3.809270
v -4.559518 0.028108 -3.802588
v -4.454238 0.038767 -3.828129
v -4.478076 -0.001221 -3.819438
v -4.477499 0.000703 -3.851147
v -4.550333 -0.002232 -3.859026
v -4.606050 0.021555 -3.924607
v -4.605016 0.052620 -3.918288
v -4.597653 0.009434 -3.854973
v -4.599540 0.049756 -3.852564
v -4.566202 -0.004842 -3.827810
v -4.583959 0.036663 -3.967208
v -4.605016 0.052620 -3.918288
v -4.606050 0.021555 -3.924607
v -4.566803 0.000475 -3.917159
v -4.595003 0.000652 -3.942178
v -4.606050 0.021555 -3.924607
v -4.566202 -0.004842 -3.827810
v -4.550333 -0.002232 -3.859026
v -4.597653 0.009434 -3.854973
v -4.565213 -0.001195 -3.888001
v -4.570299 0.070488 -3.953333
v -4.580480 0.069299 -3.942087
v -4.526858 0.005708 -3.973411
v -4.484053 0.007369 -3.967709
v -4.595003 0.000652 -3.942178
v -4.585836 0.001687 -3.952312
v -4.599540 0.049756 -3.852564
v -4.559518 0.028108 -3.802588
v -4.566202 -0.004842 -3.827810
v -4.597653 0.009434 -3.854973
v -4.563653 0.063493 -3.826550
v -4.563653 0.063493 -3.826550
v -4.561536 0.067072 -3.884702
v -4.605016 0.052620 -3.918288
v -4.558176 0.068926 -3.913081
v -4.580480 0.069299 -3.942087
v -4.585836 0.001687 -3.952312
v -4.452550 0.003389 -3.876544
v -4.566202 -0.004842 -3.827810
v -4.499681 -0.002840 -3.809270
v -4.550333 -0.002232 -3.859026
v -4.499681 -0.002840 -3.809270
v -4.478076 -0.001221 -3.819438
v -4.550333 -0.002232 -3.859026
v -4.433277 0.038418 -3.958010
v -1.710160 0.038419 4.885125
v -1.721023 0.059107 4.901963
v -1.747357 0.075807 4.883609
v -1.807426 0.073525 4.874792
v -1.847183 0.070488 4.889802
v -1.785922 0.041410 4.857659
v -1.860843 0.036663 4.875926
v -1.729435 0.003390 4.966592
v -1.735037 0.068534 5.014829
v -1.736946 0.070447 4.981356
v -1.736942 0.006292 4.912203
v -1.712702 0.007217 4.915706
v -1.710160 0.038419 4.885125
v -1.754961 -0.001220 5.023697
v -1.735037 0.068534 5.014829
v -1.731123 0.038768 5.015005
v -1.754961 -0.001220 5.023697
v -1.731123 0.038768 5.015005
v -1.754383 0.000704 4.991987
v -1.755296 0.072851 4.926819
v -1.747357 0.075807 4.883609
v -1.760938 0.007370 4.875426
v -1.710160 0.038419 4.885125
v -1.736946 0.070447 4.981356
v -1.712702 0.007217 4.915706
v -1.721023 0.059107 4.901963
v -1.729435 0.003390 4.966592
v -1.830936 0.065235 4.994987
v -1.840538 0.063494 5.016584
v -1.876425 0.049757 4.990571
v -1.780869 0.065598 5.028066
v -1.776566 -0.002839 5.033864
v -1.836403 0.028108 5.040546
v -1.731123 0.038768 5.015005
v -1.754961 -0.001220 5.023697
v -1.754383 0.000704 4.991987
v -1.827218 -0.002232 4.984107
v -1.882935 0.021556 4.918527
v -1.881900 0.052621 4.924846
v -1.874538 0.009435 4.988163
v -1.876425 0.049757 4.990571
v -1.843086 -0.004841 5.015326
v -1.860843 0.036663 4.875926
v -1.881900 0.052621 4.924846
v -1.882935 0.021556 4.918527
v -1.843687 0.000475 4.925976
v -1.871888 0.000653 4.900957
v -1.882935 0.021556 4.918527
v -1.843086 -0.004841 5.015326
v -1.827218 -0.002232 4.984107
v -1.874538 0.009435 4.988163
v -1.842098 -0.001195 4.955134
v -1.847183 0.070488 4.889802
v -1.857365 0.069300 4.901048
v -1.803743 0.005709 4.869724
v -1.760938 0.007370 4.875426
v -1.871888 0.000653 4.900957
v -1.862720 0.001688 4.890823
v -1.876425 0.049757 4.990571
v -1.836403 0.028108 5.040546
v -1.843086 -0.004841 5.015326
v -1.874538 0.009435 4.988163
v -1.840538 0.063494 5.016584
v -1.840538 0.063494 5.016584
v -1.838421 0.067072 4.958433
v -1.881900 0.052621 4.924846
v -1.835060 0.068927 4.930054
v -1.857365 0.069300 4.901048
v -1.862720 0.001688 4.890823
v -1.729435 0.003390 4.966592
v -1.843086 -0.004841 5.015326
v -1.776566 -0.002839 5.033864
v -1.827218 -0.002232 4.984107
v -1.776566 -0.002839 5.033864
v -1.754961 -0.001220 5.023697
v -1.827218 -0.002232 4.984107
v -1.710160 0.038419 4.885125
v -1.601984 0.036511 -4.798244
v -1.611134 0.057969 -4.791647
v -1.630540 0.058758 -4.831139
v -1.591294 -0.001275 -4.735237
v -1.567290 -0.002333 -4.677449
v -1.566114 0.056373 -4.726123
v -1.578984 0.056896 -4.752278
v -1.578984 0.056896 -4.752278
v -1.630540 0.058758 -4.831139
v -1.643156 0.034392 -4.840610
v -1.601984 0.036511 -4.798244
v -1.721029 0.061423 -4.902982
v -1.727518 0.033787 -4.910714
v -1.682111 0.034132 -4.888321
v -1.759330 0.062394 -4.916012
v -1.792674 0.063139 -4.916255
v -1.797479 0.042049 -4.929022
v -1.759330 0.062394 -4.916012
v -1.813858 0.064739 -4.904285
v -1.761206 0.003889 -4.887794
v -1.725627 0.002991 -4.876075
v -1.727518 0.033787 -4.910714
v -1.759330 0.062394 -4.916012
v -1.797479 0.042049 -4.929022
v -1.771557 0.013275 -4.924461
v -1.797813 0.027093 -4.929158
v -1.851460 0.053826 -4.932928
v -1.601984 0.036511 -4.798244
v -1.602975 0.010522 -4.797999
v -1.891162 0.006046 -4.806494
v -1.881763 0.006521 -4.881969
v -1.901740 0.035729 -4.836833
v -1.886756 0.039587 -4.775276
v -1.855227 0.063528 -4.805412
v -1.855586 0.062999 -4.746130
v -1.868452 0.042068 -4.719616
v -1.836012 0.062203 -4.706291
v -1.840141 0.034329 -4.693602
v -1.747170 0.059849 -4.626398
v -1.700055 0.058890 -4.636397
v -1.680957 0.030889 -4.626840
v -1.877655 0.043987 -4.934287
v -1.851460 0.053826 -4.932928
v -1.849831 0.050002 -4.904035
v -1.813858 0.064739 -4.904285
v -1.828274 0.063476 -4.877282
v -1.591740 -0.002039 -4.649781
v -1.630958 -0.001214 -4.644414
v -1.604648 0.035813 -4.626659
v -1.567290 -0.002333 -4.677449
v -1.591740 -0.002039 -4.649781
v -1.551457 0.015455 -4.647847
v -1.550993 0.036319 -4.647658
v -1.589318 0.056110 -4.640008
v -1.568515 0.055958 -4.674413
v -1.836012 0.062203 -4.706291
v -1.868452 0.042068 -4.719616
v -1.856931 0.063970 -4.849971
v -1.786472 0.034614 -4.633222
v -1.805459 0.061112 -4.660921
v -1.747170 0.059849 -4.626398
v -1.805459 0.061112 -4.660921
v -1.786472 0.034614 -4.633222
v -1.752011 0.027680 -4.621459
v -1.783977 0.002358 -4.662685
v -1.602975 0.010522 -4.797999
v -1.654465 0.010065 -4.857601
v -1.645234 0.000361 -4.783281
v -1.671883 0.001411 -4.833762
v -1.884290 0.045735 -4.889380
v -1.856931 0.063970 -4.849971
v -1.901740 0.035729 -4.836833
v -1.884290 0.045735 -4.889380
v -1.591294 -0.001275 -4.735237
v -1.825211 0.024335 -4.933006
v -1.851460 0.053826 -4.932928
v -1.855844 0.019205 -4.937996
v -1.881763 0.006521 -4.881969
v -1.836278 0.005857 -4.920485
v -1.825211 0.024335 -4.933006
v -1.836278 0.005857 -4.920485
v -1.787350 0.004659 -4.908539
v -1.566114 0.056373 -4.726123
v -1.654733 0.059546 -4.858712
v -1.654465 0.010065 -4.857601
v -1.602975 0.010522 -4.797999
v -1.725627 0.002991 -4.876075
v -1.771557 0.013275 -4.924461
v -1.682111 0.034132 -4.888321
v -1.654733 0.059546 -4.858712
v -1.682111 0.034132 -4.888321
v -1.797813 0.027093 -4.929158
v -1.771557 0.013275 -4.924461
v -1.787350 0.004659 -4.908539
v -1.855844 0.019205 -4.937996
v -1.727518 0.033787 -4.910714
v -1.829938 0.003823 -4.711447
v -1.852172 0.004763 -4.760667
v -1.840141 0.034329 -4.693602
v -1.783977 0.002358 -4.662685
v -1.868452 0.042068 -4.719616
v -1.840141 0.034329 -4.693602
v -1.886756 0.039587 -4.775276
v -1.891162 0.006046 -4.806494
v -1.886756 0.039587 -4.775276
v -1.604648 0.035813 -4.626659
v -1.589318 0.056110 -4.640008
v -1.550993 0.036319 -4.647658
v -1.550993 0.036319 -4.647658
v -1.551457 0.015455 -4.647847
v -1.672132 -0.000359 -4.637688
v -1.680957 0.030889 -4.626840
v -1.630958 -0.001214 -4.644414
v -1.716881 0.000524 -4.625114
v -1.752011 0.027680 -4.621459
v -1.752011 0.027680 -4.621459
v -1.621482 0.057120 -4.634146
v -1.877869 0.030615 -4.934471
v -1.877655 0.043987 -4.934287
v -1.884290 0.045735 -4.889380
v -1.877869 0.030615 -4.934471
v -1.877655 0.043987 -4.934287
v -1.877869 0.030615 -4.934471
v -1.855844 0.019205 -4.937996
v -1.551457 0.015455 -4.647847
v -1.550993 0.036319 -4.647658
v -1.786472 0.034614 -4.633222
v -1.716881 0.000524 -4.625114
v -1.786472 0.034614 -4.633222
v -1.654465 0.010065 -4.857601
v -1.680957 0.030889 -4.626840
v 6.108383 0.036512 -2.420908
v 6.108417 0.057969 -2.409627
v 6.065012 0.058758 -2.416854
v 6.165827 -0.001275 -2.392899
v 6.226781 -0.002333 -2.378753
v 6.187902 0.056373 -2.408058
v 6.159145 0.056896 -2.412830
v 6.159145 0.056896 -2.412830
v 6.065012 0.058758 -2.416854
v 6.049965 0.034392 -2.412115
v 6.108383 0.036512 -2.420908
v 5.953909 0.061424 -2.385143
v 5.943844 0.033787 -2.384372
v 5.988494 0.034133 -2.408238
v 5.921009 0.062394 -2.361598
v 5.901391 0.063139 -2.334636
v 5.888213 0.042049 -2.338165
v 5.921009 0.062394 -2.361598
v 5.898780 0.064739 -2.310445
v 5.942854 0.003889 -2.343639
v 5.973102 0.002991 -2.365733
v 5.943844 0.033787 -2.384372
v 5.921009 0.062394 -2.361598
v 5.888213 0.042049 -2.338165
v 5.907020 0.013276 -2.356580
v 5.887909 0.027093 -2.337973
v 5.853598 0.053827 -2.296561
v 6.108383 0.036512 -2.420908
v 6.108006 0.010522 -2.419959
v 5.933248 0.006047 -2.190648
v 5.877370 0.006521 -2.242249
v 5.902425 0.035729 -2.199719
v 5.961190 0.039587 -2.176047
v 5.955058 0.063528 -2.219228
v 6.003037 0.063000 -2.184408
v 6.017097 0.042068 -2.158507
v 6.046823 0.062203 -2.177116
v 6.054732 0.034329 -2.166368
v 6.163511 0.059849 -2.202799
v 6.182825 0.058890 -2.246921
v 6.201716 0.030889 -2.256880
v 5.837237 0.043987 -2.276059
v 5.853598 0.053827 -2.296561
v 5.878032 0.050002 -2.281056
v 5.898780 0.064739 -2.310445
v 5.912335 0.063476 -2.282999
v 6.235032 -0.002039 -2.342764
v 6.216552 -0.001214 -2.307759
v 6.246309 0.035813 -2.318804
v 6.226781 -0.002333 -2.378753
v 6.235032 -0.002039 -2.342764
v 6.260067 0.015455 -2.374381
v 6.260490 0.036319 -2.374649
v 6.244386 0.056110 -2.339040
v 6.228536 0.055958 -2.375989
v 6.046823 0.062203 -2.177116
v 6.017097 0.042068 -2.158507
v 5.917844 0.063970 -2.243797
v 6.135073 0.034614 -2.174826
v 6.101498 0.061112 -2.175526
v 6.163511 0.059849 -2.202799
v 6.101498 0.061112 -2.175526
v 6.135073 0.034614 -2.174826
v 6.164707 0.027681 -2.195987
v 6.112576 0.002358 -2.194015
v 6.108006 0.010522 -2.419959
v 6.029568 0.010065 -2.412819
v 6.095357 0.000361 -2.377035
v 6.038801 0.001411 -2.384776
v 5.869875 0.045735 -2.244510
v 5.917844 0.063970 -2.243797
v 5.902425 0.035729 -2.199719
v 5.869875 0.045735 -2.244510
v 6.165827 -0.001275 -2.392899
v 5.868823 0.024335 -2.317943
v 5.853598 0.053827 -2.296561
v 5.846925 0.019206 -2.295950
v 5.877370 0.006521 -2.242249
v 5.872555 0.005857 -2.301654
v 5.868823 0.024335 -2.317943
v 5.872555 0.005857 -2.301654
v 5.910763 0.004659 -2.334469
v 6.187902 0.056373 -2.408058
v 6.028508 0.059547 -2.413249
v 6.029568 0.010065 -2.412819
v 6.108006 0.010522 -2.419959
v 5.973102 0.002991 -2.365733
v 5.907020 0.013276 -2.356580
v 5.988494 0.034133 -2.408238
v 6.028508 0.059547 -2.413249
v 5.988494 0.034133 -2.408238
v 5.887909 0.027093 -2.337973
v 5.907020 0.013276 -2.356580
v 5.910763 0.004659 -2.334469
v 5.846925 0.019206 -2.295950
v 5.943844 0.033787 -2.384372
v 6.046169 0.003823 -2.185056
v 5.993208 0.004764 -2.195650
v 6.054732 0.034329 -2.166368
v 6.112576 0.002358 -2.194015
v 6.017097 0.042068 -2.158507
v 6.054732 0.034329 -2.166368
v 5.961190 0.039587 -2.176047
v 5.933248 0.006047 -2.190648
v 5.961190 0.039587 -2.176047
v 6.246309 0.035813 -2.318804
v 6.244386 0.056110 -2.339040
v 6.260490 0.036319 -2.374649
v 6.260490 0.036319 -2.374649
v 6.260067 0.015455 -2.374381
v 6.198038 -0.000358 -2.270370
v 6.201716 0.030889 -2.256880
v 6.216552 -0.001214 -2.307759
v 6.182195 0.000524 -2.226674
v 6.164707 0.027681 -2.195987
v 6.164707 0.027681 -2.195987
v 6.230417 0.057121 -2.309479
v 5.836961 0.030615 -2.275992
v 5.837237 0.043987 -2.276059
v 5.869875 0.045735 -2.244510
v 5.836961 0.030615 -2.275992
v 5.837237 0.043987 -2.276059
v 5.836961 0.030615 -2.275992
v 5.846925 0.019206 -2.295950
v 6.260067 0.015455 -2.374381
v 6.260490 0.036319 -2.374649
v 6.135073 0.034614 -2.174826
v 6.182195 0.000524 -2.226674
v 6.135073 0.034614 -2.174826
v 6.029568 0.010065 -2.412819
v 6.201716 0.030889 -2.256880
v 2.589578 0.280176 13.834762
v 2.610671 0.302112 13.968356
v 2.592134 0.152515 14.002446
v 2.589578 0.280176 13.834762
v 2.601146 -0.009863 13.880564
v 2.791669 0.085352 13.578437
v 2.873860 0.241529 13.518233
v 2.791669 0.085352 13.578437
v 2.939273 0.100342 13.521479
v 2.971541 0.255811 13.584084
v 2.873860 0.241529 13.518233
v 2.988042 0.116931 13.556928
v 2.939273 0.100342 13.521479
v 2.890432 -0.030835 13.674689
v 2.917149 -0.013159 13.779984
v 2.988042 0.116931 13.556928
v 2.939273 0.100342 13.521479
v 2.939273 0.100342 13.521479
v 2.791669 0.085352 13.578437
v 2.890432 -0.030835 13.674689
v 2.794413 -0.038940 13.647609
v 2.917149 -0.013159 13.779984
v 2.783970 0.040784 14.155138
v 2.936268 0.141687 13.877312
v 2.782125 0.234937 14.126564
v 2.653326 0.041358 14.191780
v 2.648158 0.195850 14.183951
v 2.811790 0.320569 14.034421
v 2.782125 0.234937 14.126564
v 2.610671 0.302112 13.968356
v 2.988042 0.116931 13.556928
v 2.648158 0.195850 14.183951
v 2.783970 0.040784 14.155138
v 2.648158 0.195850 14.183951
v 2.589578 0.280176 13.834762
v 2.794413 -0.038940 13.647609
v 2.811790 0.320569 14.034421
v 2.782125 0.234937 14.126564
v 2.971541 0.255811 13.584084
v 2.653326 0.041358 14.191780
v 2.601146 -0.009863 13.880564
v 3.980247 0.317542 12.817313
v 4.007636 0.260755 12.723094
v 4.111881 0.347461 12.792740
v 4.081580 0.294666 12.733493
v 4.078548 -0.014721 13.047454
v 3.956406 -0.009643 12.906367
v 3.934277 -0.008142 13.076344
v 4.011421 0.019104 13.106223
v 4.038415 0.266138 13.129204
v 4.103727 0.146204 13.025141
v 4.163070 0.012134 12.993599
v 4.276176 0.214746 12.934000
v 4.201995 0.063428 12.774245
v 4.148151 0.065015 12.715237
v 4.211001 0.242578 12.783114
v 4.081580 0.294666 12.733493
v 4.007636 0.260755 12.723094
v 3.980247 0.317542 12.817313
v 3.879725 0.260572 13.006601
v 3.901450 0.212573 13.144620
v 3.879725 0.260572 13.006601
v 3.942944 0.240760 13.165393
v 4.011421 0.019104 13.106223
v 3.934277 -0.008142 13.076344
v 3.942944 0.240760 13.165393
v 3.942944 0.240760 13.165393
v 3.901450 0.212573 13.144620
v 3.901450 0.212573 13.144620
v 3.934277 -0.008142 13.076344
v 4.025592 0.044446 12.701813
v 3.956406 -0.009643 12.906367
v 4.252257 0.340772 12.959224
v 4.276176 0.214746 12.934000
v 4.148151 0.065015 12.715237
v 4.081580 0.294666 12.733493
v 4.025592 0.044446 12.701813
v 4.007636 0.260755 12.723094
v 4.163070 0.012134 12.993599
v 4.078548 -0.014721 13.047454
v 4.252257 0.340772 12.959224
v 4.111881 0.347461 12.792740
v 4.201995 0.063428 12.774245
v 4.276176 0.214746 12.934000
v 4.078548 -0.014721 13.047454
v 3.934277 -0.008142 13.076344
v 4.011421 0.019104 13.106223
v 3.738798 0.047608 13.551572
v 3.735012 0.172986 13.537440
v 3.739508 0.111890 13.516434
v 3.729713 0.016797 13.533350
v 3.674960 0.017481 13.648232
v 3.692133 0.028845 13.627967
v 3.738923 0.036841 13.515612
v 3.698343 0.026856 13.489781
v 3.707705 0.014160 13.510111
v 3.304747 0.046350 14.166516
v 3.303894 0.128418 14.166472
v 3.344700 0.155860 14.154088
v 3.314966 0.011316 14.149096
v 3.259204 0.005127 14.101526
v 3.240727 0.035047 14.125793
v 3.434205 0.012427 13.321907
v 3.414232 0.090637 13.309718
v 3.398940 0.003150 13.323158
v 3.001055 -0.000610 13.949640
v 3.019401 -0.018835 13.961188
v 3.073089 -0.019360 13.852000
v 2.988284 0.137439 13.947566
v 3.007153 0.001013 13.977231
v 3.703380 0.508716 13.495862
v 3.681462 0.528467 13.527145
v 3.670847 0.526123 13.490108
v 3.379205 0.497815 13.339409
v 3.315329 0.495435 13.397331
v 3.350233 0.451709 13.327865
v 3.305662 0.481836 13.393142
v 3.293245 0.524805 14.138389
v 3.276682 0.491858 14.151372
v 3.229190 0.499170 14.121249
v 3.423969 0.507642 13.972961
v 3.311600 0.506580 14.149927
v 3.354022 0.525965 14.056442
v 3.353770 0.053992 14.156176
v 3.417287 -0.015075 13.334706
v 3.398882 0.464624 13.302199
v 2.982082 0.461145 13.964063
v 2.978943 0.457251 13.910907
v 2.980820 0.492932 13.939745
v 3.702590 0.495508 13.536658
v 3.718784 0.310181 13.540955
v 3.723808 0.392420 13.519851
v 3.717007 0.308472 13.503311
v 3.304731 0.239576 14.167679
v 3.296854 0.451062 14.163933
v 3.329371 0.270642 14.159801
v 2.995671 0.209388 13.924395
v 2.981412 0.405652 13.915416
v 2.975742 0.354431 13.959391
v 3.410498 0.217200 13.308095
v 3.411545 0.392444 13.309813
v 3.382956 0.215381 13.314267
v 3.718314 0.391370 13.504641
v 3.324319 0.437879 14.140938
v 3.358360 0.389075 13.325139
v 2.996076 0.211377 13.971451
v 3.005971 0.119763 13.977199
v 3.385026 0.089331 13.331293
v 3.475562 0.495642 13.351074
v 3.045991 0.499988 13.990747
v 3.013740 0.477185 13.984275
v 3.169296 0.486817 14.083127
v 3.547141 0.492786 13.396535
v 3.572929 0.517407 13.458293
v 3.491782 0.507752 13.373855
v 3.547141 0.492786 13.396535
v 3.657447 0.509522 13.466692
v 3.572929 0.517407 13.458293
v 3.137022 0.508875 14.039042
v 3.209692 0.516785 14.097290
v 3.169296 0.486817 14.083127
v 3.190763 -0.001355 14.070136
v 3.058881 -0.014465 13.994432
v 3.086275 -0.004004 14.027448
v 3.581598 0.035633 13.415680
v 3.504956 0.008643 13.366836
v 3.547432 -0.001147 13.432986
v 3.495407 -0.007104 13.384371
v 3.164085 0.007227 14.076949
v 3.240727 0.035047 14.125793
v 3.547432 -0.001147 13.432986
v 3.259204 0.005127 14.101526
v 3.137022 0.508875 14.039042
v 3.347366 -0.003052 13.405281
v 3.357226 -0.016382 13.411603
v 3.237927 0.026648 13.572718
v 3.160198 0.000904 13.699045
v 3.250233 -0.016650 13.597748
v 3.081309 -0.008642 13.824706
v 3.384367 0.035059 14.111068
v 3.369067 0.013391 14.101204
v 3.430787 0.023938 14.039843
v 3.433259 0.014710 14.017148
v 3.531413 0.036450 13.879535
v 3.639962 0.520020 13.631259
v 3.610838 0.527808 13.638335
v 3.550953 0.500464 13.774375
v 3.502408 0.492774 13.852030
v 3.512717 0.525098 13.750232
v 3.440933 0.525147 13.880487
v 3.014897 0.471741 13.852142
v 3.030205 0.493409 13.861997
v 3.068866 0.465137 13.768219
v 3.133015 0.493726 13.684749
v 3.203168 0.487805 13.553400
v 3.534953 0.014954 13.840018
v 3.581598 0.035633 13.415680
v 3.310248 -0.014099 13.550850
v 3.268854 0.496558 13.507785
v -1.806778 0.052379 -4.110065
v -1.803481 0.052806 -4.085805
v -1.806777 0.025464 -4.083715
v -1.806778 0.052379 -4.110065
v -1.804610 -0.000086 -4.109437
v -1.769631 0.024649 -4.159721
v -1.754880 0.053854 -4.166035
v -1.769631 0.024649 -4.159721
v -1.743079 0.028831 -4.168890
v -1.737663 0.054711 -4.153685
v -1.754880 0.053854 -4.166035
v -1.734501 0.030865 -4.162024
v -1.743079 0.028831 -4.168890
v -1.752209 0.001649 -4.145370
v -1.747807 0.002058 -4.126205
v -1.734501 0.030865 -4.162024
v -1.743079 0.028831 -4.168890
v -1.743079 0.028831 -4.168890
v -1.769631 0.024649 -4.159721
v -1.752209 0.001649 -4.145370
v -1.769265 0.000881 -4.150701
v -1.747807 0.002058 -4.126205
v -1.772918 0.001826 -4.058950
v -1.744857 0.026923 -4.104923
v -1.773323 0.036895 -4.058980
v -1.796385 0.000928 -4.052911
v -1.797419 0.028446 -4.050312
v -1.767787 0.054435 -4.072949
v -1.773323 0.036895 -4.058980
v -1.803481 0.052806 -4.085805
v -1.734501 0.030865 -4.162024
v -1.797419 0.028446 -4.050312
v -1.772918 0.001826 -4.058950
v -1.797419 0.028446 -4.050312
v -1.806778 0.052379 -4.110065
v -1.769265 0.000881 -4.150701
v -1.767787 0.054435 -4.072949
v -1.773323 0.036895 -4.058980
v -1.737663 0.054711 -4.153685
v -1.796385 0.000928 -4.052911
v -1.804610 -0.000086 -4.109437
v -0.616138 0.053932 -3.847535
v -0.611825 0.042472 -3.863676
v -0.592369 0.057712 -3.852220
v -0.598302 0.047920 -3.862188
v -0.601717 -0.003532 -3.802640
v -0.623508 -0.003078 -3.827896
v -0.627390 -0.000642 -3.797608
v -0.613352 0.003813 -3.792569
v -0.606155 0.047809 -3.791305
v -0.595686 0.024626 -3.808462
v -0.586393 -0.000182 -3.812527
v -0.564282 0.034126 -3.825451
v -0.579023 0.006055 -3.852222
v -0.588634 0.006176 -3.862781
v -0.575692 0.037972 -3.852700
v -0.598302 0.047920 -3.862188
v -0.611825 0.042472 -3.863676
v -0.616138 0.053932 -3.847535
v -0.634565 0.046931 -3.813154
v -0.631107 0.039763 -3.787982
v -0.634565 0.046931 -3.813154
v -0.623424 0.044623 -3.784589
v -0.613352 0.003813 -3.792569
v -0.627390 -0.000642 -3.797608
v -0.623424 0.044623 -3.784589
v -0.623424 0.044623 -3.784589
v -0.631107 0.039763 -3.787982
v -0.631107 0.039763 -3.787982
v -0.627390 -0.000642 -3.797608
v -0.610705 0.003535 -3.864976
v -0.623508 -0.003078 -3.827896
v -0.567331 0.057088 -3.822411
v -0.564282 0.034126 -3.825451
v -0.588634 0.006176 -3.862781
v -0.598302 0.047920 -3.862188
v -0.610705 0.003535 -3.864976
v -0.611825 0.042472 -3.863676
v -0.586393 -0.000182 -3.812527
v -0.601717 -0.003532 -3.802640
v -0.567331 0.057088 -3.822411
v -0.592369 0.057712 -3.852220
v -0.579023 0.006055 -3.852222
v -0.564282 0.034126 -3.825451
v -0.601717 -0.003532 -3.802640
v -0.627390 -0.000642 -3.797608
v -0.613352 0.003813 -3.792569
v 6.064636 0.052380 -2.833950
v 6.044762 0.052806 -2.819652
v 6.041370 0.025464 -2.821582
v 6.064636 0.052380 -2.833950
v 6.065099 -0.000086 -2.831740
v 6.125917 0.024649 -2.824451
v 6.138416 0.053854 -2.814390
v 6.125917 0.024649 -2.824451
v 6.146475 0.028831 -2.805309
v 6.135591 0.054711 -2.793390
v 6.138416 0.053854 -2.814390
v 6.144439 0.030865 -2.794511
v 6.146475 0.028831 -2.805309
v 6.121422 0.001649 -2.802332
v 6.106565 0.002058 -2.789451
v 6.144439 0.030865 -2.794511
v 6.146475 0.028831 -2.805309
v 6.146475 0.028831 -2.805309
v 6.125917 0.024649 -2.824451
v 6.121422 0.001649 -2.802332
v 6.118124 0.000881 -2.819895
v 6.106565 0.002058 -2.789451
v 6.035391 0.001826 -2.780061
v 6.089156 0.026923 -2.776858
v 6.035227 0.036895 -2.780432
v 6.019045 0.000928 -2.797949
v 6.016264 0.028446 -2.797642
v 6.050161 0.054435 -2.782100
v 6.035227 0.036895 -2.780432
v 6.044762 0.052806 -2.819652
v 6.144439 0.030865 -2.794511
v 6.016264 0.028446 -2.797642
v 6.035391 0.001826 -2.780061
v 6.016264 0.028446 -2.797642
v 6.064636 0.052380 -2.833950
v 6.118124 0.000881 -2.819895
v 6.050161 0.054435 -2.782100
v 6.035227 0.036895 -2.780432
v 6.135591 0.054711 -2.793390
v 6.019045 0.000928 -2.797949
v 6.065099 -0.000086 -2.831740
v 6.391598 0.053932 -1.659368
v 6.407875 0.042472 -1.663135
v 6.406890 0.057712 -1.640578
v 6.412908 0.047920 -1.650495
v 6.358722 -0.003532 -1.625564
v 6.370797 -0.003078 -1.656659
v 6.342230 -0.000642 -1.645872
v 6.344369 0.003813 -1.631112
v 6.346630 0.047809 -1.624163
v 6.366694 0.024627 -1.622971
v 6.374644 -0.000181 -1.616672
v 6.396434 0.034127 -1.603213
v 6.413156 0.006055 -1.628794
v 6.417968 0.006176 -1.642236
v 6.415141 0.037973 -1.626076
v 6.412908 0.047920 -1.650495
v 6.407875 0.042472 -1.663135
v 6.391598 0.053932 -1.659368
v 6.352590 0.046931 -1.659504
v 6.331985 0.039764 -1.644637
v 6.352590 0.046931 -1.659504
v 6.332595 0.044623 -1.636261
v 6.344369 0.003813 -1.631112
v 6.342230 -0.000642 -1.645872
v 6.332595 0.044623 -1.636261
v 6.332595 0.044623 -1.636261
v 6.331985 0.039764 -1.644637
v 6.331985 0.039764 -1.644637
v 6.342230 -0.000642 -1.645872
v 6.409548 0.003536 -1.662756
v 6.370797 -0.003078 -1.656659
v 6.392319 0.057089 -1.604479
v 6.396434 0.034127 -1.603213
v 6.417968 0.006176 -1.642236
v 6.412908 0.047920 -1.650495
v 6.409548 0.003536 -1.662756
v 6.407875 0.042472 -1.663135
v 6.374644 -0.000181 -1.616672
v 6.358722 -0.003532 -1.625564
v 6.392319 0.057089 -1.604479
v 6.406890 0.057712 -1.640578
v 6.413156 0.006055 -1.628794
v 6.396434 0.034127 -1.603213
v 6.358722 -0.003532 -1.625564
v 6.342230 -0.000642 -1.645872
v 6.344369 0.003813 -1.631112
v 6.531322 0.052380 1.494952
v 6.511448 0.052806 1.509249
v 6.508056 0.025464 1.507319
v 6.531322 0.052380 1.494952
v 6.531785 -0.000086 1.497161
v 6.592604 0.024649 1.504450
v 6.605103 0.053855 1.514511
v 6.592604 0.024649 1.504450
v 6.613162 0.028832 1.523593
v 6.602277 0.054712 1.535512
v 6.605103 0.053855 1.514511
v 6.611125 0.030865 1.534390
v 6.613162 0.028832 1.523593
v 6.588108 0.001650 1.526569
v 6.573251 0.002058 1.539451
v 6.611125 0.030865 1.534390
v 6.613162 0.028832 1.523593
v 6.613162 0.028832 1.523593
v 6.592604 0.024649 1.504450
v 6.588108 0.001650 1.526569
v 6.584811 0.000881 1.509006
v 6.573251 0.002058 1.539451
v 6.502077 0.001827 1.548840
v 6.555842 0.026923 1.552043
v 6.501914 0.036896 1.548469
v 6.485732 0.000929 1.530952
v 6.482951 0.028446 1.531259
v 6.516847 0.054435 1.546801
v 6.501914 0.036896 1.548469
v 6.511448 0.052806 1.509249
v 6.611125 0.030865 1.534390
v 6.482951 0.028446 1.531259
v 6.502077 0.001827 1.548840
v 6.482951 0.028446 1.531259
v 6.531322 0.052380 1.494952
v 6.584811 0.000881 1.509006
v 6.516847 0.054435 1.546801
v 6.501914 0.036896 1.548469
v 6.602277 0.054712 1.535512
v 6.485732 0.000929 1.530952
v 6.531785 -0.000086 1.497161
v 4.953488 0.053932 2.805141
v 4.969766 0.042473 2.801374
v 4.968781 0.057713 2.823931
v 4.974799 0.047921 2.814014
v 4.920612 -0.003532 2.838945
v 4.932687 -0.003077 2.807850
v 4.904120 -0.000641 2.818637
v 4.906259 0.003813 2.833397
v 4.908521 0.047809 2.840346
v 4.928585 0.024627 2.841539
v 4.936535 -0.000181 2.847837
v 4.958324 0.034127 2.861296
v 4.975046 0.006055 2.835715
v 4.979858 0.006176 2.822273
v 4.977031 0.037973 2.838433
v 4.974799 0.047921 2.814014
v 4.969766 0.042473 2.801374
v 4.953488 0.053932 2.805141
v 4.914481 0.046932 2.805005
v 4.893875 0.039764 2.819872
v 4.914481 0.046932 2.805005
v 4.894485 0.044623 2.828249
v 4.906259 0.003813 2.833397
v 4.904120 -0.000641 2.818637
v 4.894485 0.044623 2.828249
v 4.894485 0.044623 2.828249
v 4.893875 0.039764 2.819872
v 4.893875 0.039764 2.819872
v 4.904120 -0.000641 2.818637
v 4.971439 0.003536 2.801753
v 4.932687 -0.003077 2.807850
v 4.954209 0.057089 2.860030
v 4.958324 0.034127 2.861296
v 4.979858 0.006176 2.822273
v 4.974799 0.047921 2.814014
v 4.971439 0.003536 2.801753
v 4.969766 0.042473 2.801374
v 4.936535 -0.000181 2.847837
v 4.920612 -0.003532 2.838945
v 4.954209 0.057089 2.860030
v 4.968781 0.057713 2.823931
v 4.975046 0.006055 2.835715
v 4.958324 0.034127 2.861296
v 4.920612 -0.003532 2.838945
v 4.904120 -0.000641 2.818637
v 4.906259 0.003813 2.833397
v -1.177623 0.052380 4.887578
v -1.197497 0.052806 4.901875
v -1.200889 0.025465 4.899946
v -1.177623 0.052380 4.887578
v -1.177160 -0.000086 4.889787
v -1.116340 0.024649 4.897076
v -1.103842 0.053855 4.907138
v -1.116340 0.024649 4.897076
v -1.095783 0.028832 4.916219
v -1.106667 0.054712 4.928138
v -1.103842 0.053855 4.907138
v -1.097819 0.030865 4.927017
v -1.095783 0.028832 4.916219
v -1.120836 0.001650 4.919196
v -1.135693 0.002058 4.932077
v -1.097819 0.030865 4.927017
v -1.095783 0.028832 4.916219
v -1.095783 0.028832 4.916219
v -1.116340 0.024649 4.897076
v -1.120836 0.001650 4.919196
v -1.124133 0.000882 4.901632
v -1.135693 0.002058 4.932077
v -1.206867 0.001827 4.941467
v -1.153102 0.026923 4.944670
v -1.207031 0.036896 4.941095
v -1.223213 0.000929 4.923579
v -1.225994 0.028447 4.923885
v -1.192098 0.054435 4.939427
v -1.207031 0.036896 4.941095
v -1.197497 0.052806 4.901875
v -1.097819 0.030865 4.927017
v -1.225994 0.028447 4.923885
v -1.206867 0.001827 4.941467
v -1.225994 0.028447 4.923885
v -1.177623 0.052380 4.887578
v -1.124133 0.000882 4.901632
v -1.192098 0.054435 4.939427
v -1.207031 0.036896 4.941095
v -1.106667 0.054712 4.928138
v -1.223213 0.000929 4.923579
v -1.177160 -0.000086 4.889787
v -1.304971 0.053933 4.537982
v -1.288693 0.042473 4.534215
v -1.289678 0.057713 4.556772
v -1.283660 0.047921 4.546855
v -1.337847 -0.003531 4.571786
v -1.325771 -0.003077 4.540691
v -1.354338 -0.000641 4.551478
v -1.352200 0.003813 4.566238
v -1.349938 0.047809 4.573186
v -1.329874 0.024627 4.574379
v -1.321924 -0.000181 4.580678
v -1.300135 0.034127 4.594137
v -1.283413 0.006055 4.568556
v -1.278600 0.006176 4.555114
v -1.281428 0.037973 4.571273
v -1.283660 0.047921 4.546855
v -1.288693 0.042473 4.534215
v -1.304971 0.053933 4.537982
v -1.343978 0.046932 4.537846
v -1.364583 0.039764 4.552713
v -1.343978 0.046932 4.537846
v -1.363974 0.044624 4.561089
v -1.352200 0.003813 4.566238
v -1.354338 -0.000641 4.551478
v -1.363974 0.044624 4.561089
v -1.363974 0.044624 4.561089
v -1.364583 0.039764 4.552713
v -1.364583 0.039764 4.552713
v -1.354338 -0.000641 4.551478
v -1.287020 0.003536 4.534594
v -1.325771 -0.003077 4.540691
v -1.304249 0.057089 4.592871
v -1.300135 0.034127 4.594137
v -1.278600 0.006176 4.555114
v -1.283660 0.047921 4.546855
v -1.287020 0.003536 4.534594
v -1.288693 0.042473 4.534215
v -1.321924 -0.000181 4.580678
v -1.337847 -0.003531 4.571786
v -1.304249 0.057089 4.592871
v -1.289678 0.057713 4.556772
v -1.283413 0.006055 4.568556
v -1.300135 0.034127 4.594137
v -1.337847 -0.003531 4.571786
v -1.354338 -0.000641 4.551478
v -1.352200 0.003813 4.566238
v -3.957598 0.065755 1.155445
v -3.983391 0.066308 1.174001
v -3.987794 0.030823 1.171497
v -3.957598 0.065755 1.155445
v -3.956997 -0.002337 1.158313
v -3.878064 0.029765 1.167773
v -3.861842 0.067669 1.180831
v -3.878064 0.029765 1.167773
v -3.851382 0.035193 1.192617
v -3.865509 0.068782 1.208086
v -3.861842 0.067669 1.180831
v -3.854026 0.037833 1.206631
v -3.851382 0.035193 1.192617
v -3.883898 -0.000085 1.196481
v -3.903180 0.000445 1.213198
v -3.854026 0.037833 1.206631
v -3.851382 0.035193 1.192617
v -3.851382 0.035193 1.192617
v -3.878064 0.029765 1.167773
v -3.883898 -0.000085 1.196481
v -3.888178 -0.001082 1.173686
v -3.903180 0.000445 1.213198
v -3.995553 0.000145 1.225385
v -3.925774 0.032716 1.229542
v -3.995765 0.045659 1.224903
v -4.016767 -0.001020 1.202169
v -4.020376 0.034693 1.202567
v -3.976385 0.068423 1.222738
v -3.995765 0.045659 1.224903
v -3.983391 0.066308 1.174001
v -3.854026 0.037833 1.206631
v -4.020376 0.034693 1.202567
v -3.995553 0.000145 1.225385
v -4.020376 0.034693 1.202567
v -3.957598 0.065755 1.155445
v -3.888178 -0.001082 1.173686
v -3.976385 0.068423 1.222738
v -3.995765 0.045659 1.224903
v -3.865509 0.068782 1.208086
v -4.016767 -0.001020 1.202169
v -3.956997 -0.002337 1.158313
v -4.504855 0.068514 -1.879568
v -4.483729 0.053641 -1.884456
v -4.485007 0.073420 -1.855182
v -4.477197 0.060711 -1.868052
v -4.547523 -0.006066 -1.835696
v -4.531851 -0.005476 -1.876053
v -4.568926 -0.002314 -1.862053
v -4.566151 0.003467 -1.842896
v -4.563216 0.060567 -1.833877
v -4.537176 0.030480 -1.832329
v -4.526857 -0.001717 -1.824155
v -4.498579 0.042809 -1.806687
v -4.476876 0.006376 -1.839888
v -4.470630 0.006533 -1.857334
v -4.474300 0.047801 -1.836361
v -4.477197 0.060711 -1.868052
v -4.483729 0.053641 -1.884456
v -4.504855 0.068514 -1.879568
v -4.555480 0.059428 -1.879744
v -4.582223 0.050125 -1.860449
v -4.555480 0.059428 -1.879744
v -4.581432 0.056432 -1.849578
v -4.566151 0.003467 -1.842896
v -4.568926 -0.002314 -1.862053
v -4.581432 0.056432 -1.849578
v -4.581432 0.056432 -1.849578
v -4.582223 0.050125 -1.860449
v -4.582223 0.050125 -1.860449
v -4.568926 -0.002314 -1.862053
v -4.481557 0.003107 -1.883965
v -4.531851 -0.005476 -1.876053
v -4.503919 0.072610 -1.808331
v -4.498579 0.042809 -1.806687
v -4.470630 0.006533 -1.857334
v -4.477197 0.060711 -1.868052
v -4.481557 0.003107 -1.883965
v -4.483729 0.053641 -1.884456
v -4.526857 -0.001717 -1.824155
v -4.547523 -0.006066 -1.835696
v -4.503919 0.072610 -1.808331
v -4.485007 0.073420 -1.855182
v -4.476876 0.006376 -1.839888
v -4.498579 0.042809 -1.806687
v -4.547523 -0.006066 -1.835696
v -4.568926 -0.002314 -1.862053
v -4.566151 0.003467 -1.842896
vn -0.2823 0.9010 -0.3295
vn 0.3942 -0.5170 -0.7598
vn 0.3940 -0.5170 -0.7599
vn 0.0372 0.9822 -0.1843
vn 0.0373 0.9822 -0.1843
vn 0.0371 0.9822 -0.1842
vn 0.0372 0.9822 -0.1842
vn 0.1941 0.9746 0.1117
vn -0.1115 -0.9518 -0.2858
vn 0.7395 -0.6238 0.2532
vn 0.7395 -0.6238 0.2530
vn -0.3232 0.8541 -0.4075
vn 0.2861 -0.7017 -0.6525
vn 0.6739 0.6504 -0.3506
vn 0.6740 0.6503 -0.3504
vn 0.1587 -0.5175 0.8409
vn 0.1586 -0.5175 0.8409
vn -0.6493 -0.6493 0.3960
vn -0.0059 -0.9734 0.2291
vn -0.5943 -0.7708 0.2296
vn -0.5943 -0.7708 0.2295
vn 0.4787 0.6296 0.6120
vn 0.4787 0.6295 0.6120
vn 0.6271 -0.4800 0.6135
vn 0.6272 -0.4799 0.6135
vn -0.2906 -0.3884 0.8744
vn -0.4492 0.6807 0.5787
vn 0.9937 -0.0843 0.0745
vn 0.4760 0.7072 -0.5228
vn 0.4760 0.7071 -0.5229
vn -0.8075 0.3940 -0.4391
vn -0.2058 0.7293 0.6525
vn -0.2058 0.7292 0.6526
vn -0.7387 0.3803 -0.5564
vn -0.7387 0.3802 -0.5565
vn -0.9927 0.0177 -0.1195
vn 0.5605 0.8153 -0.1450
vn 0.5606 0.8153 -0.1453
vn 0.9920 0.0316 0.1219
vn 0.7976 0.2019 -0.5684
vn 0.7975 0.2020 -0.5685
vn 0.9950 -0.0842 -0.0528
vn 0.9950 -0.0842 -0.0529
vn -0.2311 -0.9518 0.2018
vn -0.0098 -0.6232 -0.7820
vn -0.0097 -0.6232 -0.7820
vn -0.2744 0.8545 0.4411
vn -0.2744 0.8545 0.4410
vn -0.2744 0.8544 0.4412
vn -0.7110 -0.7015 -0.0490
vn -0.7111 -0.7014 -0.0490
vn 0.5768 0.8138 0.0707
vn -0.0472 0.6545 -0.7546
vn 0.8287 -0.4331 0.3546
vn 0.0980 -0.5775 -0.8105
vn -0.2374 -0.7608 0.6040
vn -0.4200 -0.8086 -0.4121
vn -0.4199 -0.8086 -0.4121
vn -0.2314 0.8263 0.5135
vn -0.2312 0.8265 0.5133
vn -0.8221 0.3957 -0.4094
vn 0.0646 0.9973 0.0353
vn 0.0647 0.9973 0.0353
vn 0.0646 0.9973 0.0352
vn -0.0451 0.9972 0.0588
vn -0.0451 0.9973 0.0588
vn -0.0450 0.9973 0.0587
vn -0.0450 0.9973 0.0588
vn -0.0452 0.9972 0.0588
vn -0.0453 0.9972 0.0589
vn -0.0452 0.9972 0.0589
vn -0.3625 0.8719 -0.3293
vn -0.3625 0.8719 -0.3292
vn 0.4391 -0.4782 -0.7606
vn 0.4391 -0.4783 -0.7605
vn -0.4783 0.8723 0.1019
vn -0.4782 0.8723 0.1019
vn -0.3610 -0.4787 -0.8003
vn -0.7854 -0.3957 0.4760
vn -0.8393 -0.3845 0.3844
vn -0.7840 -0.3959 0.4782
vn -0.7311 -0.3999 0.5527
vn -0.1488 -0.7051 0.6933
vn -0.0627 -0.5118 0.8568
vn 0.1039 -0.5490 0.8294
vn -0.1941 -0.7571 0.6238
vn -0.2822 -0.7642 0.5800
vn -0.4466 -0.1743 0.8776
vn -0.3354 -0.1549 0.9293
vn -0.4016 -0.1254 0.9072
vn -0.5412 -0.2588 0.8001
vn -0.5574 -0.2865 0.7792
vn -0.8834 0.3467 0.3154
vn -0.8932 0.1196 0.4335
vn -0.9145 0.2957 0.2761
vn -0.8713 0.3779 0.3132
vn -0.8508 0.3744 0.3686
vn -0.8623 0.3781 0.3370
vn -0.9256 0.2647 0.2706
vn -0.9751 0.1075 0.1938
vn 0.6742 -0.3900 -0.6272
vn 0.5130 -0.4602 -0.7246
vn 0.6586 -0.4411 -0.6097
vn 0.7275 -0.2589 -0.6354
vn 0.7212 -0.2215 -0.6564
vn -0.6348 -0.7426 -0.2136
vn -0.5570 -0.7788 -0.2886
vn -0.7143 -0.6885 -0.1255
vn -0.7780 -0.6271 -0.0373
vn 0.5778 -0.8010 -0.1567
vn 0.5199 -0.7984 -0.3038
vn 0.5802 -0.7742 -0.2529
vn 0.5237 -0.8492 -0.0687
vn 0.4802 -0.8761 -0.0431
vn 0.4604 -0.8873 -0.0292
vn 0.4527 -0.8917 -0.0059
vn 0.4584 -0.8886 0.0176
vn -0.1039 0.9805 0.1667
vn -0.0705 0.9752 0.2097
vn -0.0980 0.9798 0.1744
vn -0.1038 0.9792 0.1743
vn -0.1058 0.9797 0.1705
vn -0.0686 0.9700 0.2332
vn 0.4487 0.8151 0.3664
vn 0.3800 0.8599 0.3408
vn 0.4548 0.8116 0.3666
vn 0.5407 0.7423 0.3958
vn 0.0667 0.6745 0.7353
vn 0.3250 0.6899 0.6469
vn -0.0019 0.6627 0.7489
vn -0.1274 0.6390 0.7586
vn -0.1332 0.6406 0.7562
vn -0.1665 0.6539 0.7381
vn -0.3332 0.8820 0.3332
vn -0.1235 0.9471 0.2962
vn -0.2704 0.8368 0.4762
vn -0.2705 0.7741 0.5723
vn -0.1942 0.7139 0.6728
vn -0.2136 0.6819 0.6996
vn -0.1920 0.6588 0.7274
vn -0.2604 -0.0626 0.9635
vn -0.2606 -0.0784 0.9622
vn -0.2608 -0.0686 0.9629
vn -0.1999 -0.0548 0.9783
vn -0.1999 -0.0549 0.9783
vn -0.1155 -0.0665 0.9911
vn -0.0881 -0.1018 0.9909
vn -0.0861 -0.1195 0.9891
vn 0.0157 -0.1235 0.9922
vn 0.1470 -0.0294 0.9887
vn 0.6983 0.5178 -0.4942
vn 0.6011 0.5267 -0.6011
vn 0.7651 0.4454 -0.4650
vn 0.7647 0.5098 -0.3941
vn 0.7002 0.6159 -0.3609
vn 0.7701 0.4703 -0.4311
vn 0.7256 0.3785 -0.5746
vn 0.6983 0.5178 -0.4943
vn 0.5663 0.5506 -0.6133
vn 0.4450 0.5802 -0.6822
vn 0.4530 0.5708 -0.6848
vn 0.9725 0.2176 0.0824
vn 0.9704 0.0100 -0.2412
vn 0.9833 0.1508 -0.1018
vn 0.9714 0.1077 0.2115
vn 0.9756 0.0118 0.2194
vn 0.9916 -0.0392 0.1235
vn 0.9834 -0.1061 0.1469
vn -0.3329 -0.3251 -0.8852
vn -0.3698 -0.2897 -0.8828
vn -0.1587 -0.3409 -0.9266
vn -0.0372 -0.3330 -0.9422
vn -0.0510 -0.2999 -0.9526
vn -0.1391 -0.3742 -0.9169
vn -0.0215 -0.1938 -0.9808
vn 0.0451 -0.1646 -0.9853
vn 0.2646 -0.2117 -0.9409
vn -0.0628 0.4471 -0.8923
vn -0.3611 0.0492 -0.9312
vn -0.2394 0.2923 -0.9259
vn -0.0958 0.4916 -0.8655
vn -0.0079 0.4628 -0.8864
vn 0.0137 0.4488 -0.8935
vn -0.1549 0.2039 -0.9667
vn -0.1215 0.2979 -0.9468
vn -0.1685 0.2881 -0.9427
vn -0.1116 0.0960 -0.9891
vn -0.0722 0.0411 -0.9965
vn 0.2428 -0.9126 -0.3290
vn 0.0061 -0.7331 -0.6801
vn 0.1215 -0.9152 -0.3842
vn 0.1118 -0.9726 -0.2039
vn 0.0568 -0.9778 -0.2019
vn 0.9538 -0.0707 0.2919
vn 0.9548 -0.0707 0.2888
vn 0.9679 -0.1078 0.2272
vn 0.9012 -0.1626 0.4016
vn 0.9246 0.0255 0.3800
vn 0.8113 0.0274 0.5840
vn 0.5982 0.5962 0.5354
vn 0.5641 -0.5035 0.6544
vn 0.6865 0.5296 -0.4983
vn 0.4779 0.3976 -0.7833
vn 0.6645 0.5175 -0.5391
vn 0.7668 0.5746 -0.2862
vn -0.1019 0.6955 -0.7112
vn 0.0216 0.6799 -0.7330
vn -0.0765 0.8136 -0.5764
vn -0.2234 0.8916 -0.3939
vn -0.1921 -0.8936 0.4056
vn -0.2825 -0.8980 0.3373
vn -0.1884 -0.8811 0.4337
vn -0.1841 -0.8815 0.4348
vn -0.1510 -0.8725 0.4647
vn -0.1450 -0.8818 0.4487
vn -0.0077 -0.8433 0.5373
vn 0.7248 -0.1763 -0.6660
vn 0.4703 -0.2584 -0.8439
vn 0.4783 -0.2529 -0.8410
vn 0.6099 -0.2530 -0.7511
vn 0.7018 -0.2666 -0.6606
vn 0.6587 -0.3254 -0.6783
vn 0.7409 -0.3449 -0.5763
vn -0.4467 0.1528 0.8816
vn -0.1039 0.9230 0.3704
vn 0.2370 0.7600 0.6052
vn -0.1078 0.9367 0.3332
vn -0.1763 0.9677 0.1802
vn -0.1980 0.9724 0.1235
vn -0.1137 0.9915 0.0626
vn -0.2467 0.9690 -0.0098
vn -0.8781 -0.0980 0.4684
vn -0.8556 -0.4090 0.3171
vn -0.8401 -0.3603 0.4054
vn -0.8542 -0.1508 0.4976
vn -0.8580 0.0666 0.5093
vn -0.8841 0.2019 0.4214
vn -0.9221 0.3289 0.2036
vn 0.0902 0.3155 0.9446
vn 0.2672 0.1683 0.9488
vn 0.1588 0.1000 0.9822
vn 0.0901 0.1703 0.9813
vn 0.2036 -0.2902 0.9350
vn -0.9648 -0.0470 -0.2589
vn -0.8799 0.3880 -0.2743
vn -0.8588 0.2941 -0.4196
vn -0.8367 -0.1489 -0.5271
vn -0.6094 0.2312 -0.7584
vn -0.6101 -0.1354 -0.7807
vn -0.6237 -0.3981 -0.6727
vn -0.8800 -0.3959 -0.2626
vn -0.9172 -0.3469 -0.1960
vn -0.0548 -0.8891 0.4544
vn 0.3708 -0.7474 0.5512
vn 0.0705 -0.9069 0.4153
vn -0.0450 -0.9600 0.2762
vn -0.0058 -0.9711 0.2388
vn -0.9088 0.0411 0.4152
vn -0.9069 0.0431 0.4192
vn -0.8794 0.0059 0.4760
vn -0.9515 -0.0509 0.3035
vn -0.9363 0.1371 0.3232
vn -0.9864 0.1334 0.0961
vn -0.7383 0.6736 -0.0352
vn -0.9043 -0.4178 -0.0882
vn -0.1235 0.5879 0.7995
vn 0.2040 0.4253 0.8818
vn -0.0823 0.5703 0.8173
vn -0.3197 0.6470 0.6922
vn 0.6182 0.6594 0.4278
vn 0.5391 0.6568 0.5272
vn 0.5218 0.7827 0.3393
vn 0.5171 0.8501 0.0999
vn 0.1941 0.9746 0.1118
vn -0.2154 -0.8971 -0.3859
vn -0.1041 -0.9133 -0.3938
vn -0.2371 -0.8837 -0.4036
vn -0.2408 -0.8828 -0.4032
vn -0.2843 -0.8704 -0.4019
vn -0.2782 -0.8796 -0.3859
vn -0.4350 -0.8233 -0.3646
vn -0.1136 -0.1155 0.9868
vn 0.1841 -0.2294 0.9557
vn 0.1766 -0.2235 0.9586
vn 0.0176 -0.2059 0.9784
vn -0.1079 -0.2059 0.9726
vn -0.0725 -0.2704 0.9600
vn -0.2038 -0.2781 0.9387
vn -0.2350 0.1292 -0.9634
vn -0.0745 0.9153 -0.3959
vn -0.4997 0.7996 -0.3332
vn -0.0431 0.9280 -0.3700
vn 0.1098 0.9470 -0.3019
vn 0.1625 0.9478 -0.2742
vn 0.1431 0.9745 -0.1725
vn 0.2883 0.9351 -0.2060
vn 0.3309 -0.1802 -0.9263
vn 0.3820 -0.4920 -0.7823
vn 0.3175 -0.4389 -0.8406
vn 0.2878 -0.2292 -0.9299
vn 0.3038 -0.0117 -0.9526
vn 0.3958 0.1156 -0.9110
vn 0.5819 0.2314 -0.7796
vn -0.6622 0.3507 -0.6622
vn -0.8104 0.2236 -0.5415
vn -0.7584 0.1470 -0.6350
vn -0.7004 0.2079 -0.6828
vn -0.7997 -0.2391 -0.5508
vn 0.8832 -0.1605 -0.4406
vn 0.8740 0.2822 -0.3957
vn 0.9451 0.1863 -0.2686
vn 0.9554 -0.2550 -0.1491
vn 0.9787 0.1392 0.1510
vn 0.9567 -0.2235 0.1863
vn 0.8681 -0.4840 0.1097
vn 0.7873 -0.4974 -0.3643
vn 0.7746 -0.4530 -0.4413
vn 0.2291 -0.9475 0.2232
vn 0.1567 -0.9602 0.2312
vn 0.1841 -0.9558 0.2292
vn 0.3785 -0.9041 0.1981
vn 0.0431 -0.8697 0.4917
vn 0.3961 -0.6180 0.6791
vn 0.0707 -0.8572 0.5101
vn -0.0235 -0.8961 0.4431
vn 0.1177 0.2510 0.9608
vn 0.1185 0.2506 0.9608
vn 0.7350 0.6664 0.1255
vn 0.7167 0.6891 0.1075
vn 0.8442 0.4779 0.2429
vn 0.8842 0.3548 0.3037
vn 0.8381 -0.2898 0.4622
vn 0.8502 -0.4231 0.3134
vn 0.8482 -0.3565 0.3918
vn 0.7331 -0.0234 0.6797
vn -0.3449 0.5937 -0.7270
vn -0.2785 0.6502 -0.7069
vn -0.3334 0.6041 -0.7238
vn -0.3818 0.5583 -0.7366
vn -0.9715 0.0607 -0.2291
vn -0.9286 -0.0254 -0.3701
vn -0.9722 0.0627 -0.2254
vn -0.9847 0.1215 -0.1253
vn -0.4631 0.7045 0.5377
vn -0.4632 0.7045 0.5377
vn -0.4630 0.7047 0.5376
vn -0.4633 0.7044 0.5378
vn -0.9920 0.0882 -0.0902
vn -0.9455 0.3249 -0.0215
vn -0.9530 0.0255 -0.3020
vn -0.9901 0.0294 -0.1374
vn -0.9652 -0.0235 -0.2604
vn -0.8901 -0.0294 -0.4549
vn -0.8068 0.0432 -0.5892
vn 0.2334 -0.0844 -0.9687
vn 0.2333 -0.0842 -0.9687
vn 0.2333 -0.0843 -0.9687
vn 0.2334 -0.0845 -0.9687
vn 0.9371 -0.0744 -0.3411
vn 0.7828 -0.0216 -0.6219
vn 0.8975 -0.1587 -0.4115
vn 0.9194 -0.0999 -0.3803
vn 0.8898 -0.1313 -0.4370
vn 0.8544 0.0156 -0.5193
vn 0.8659 0.0803 -0.4937
vn 0.9247 0.0450 -0.3781
vn -0.4172 -0.1040 0.9029
vn -0.4172 -0.1035 0.9029
vn -0.4172 -0.1039 0.9029
vn -0.4172 -0.1038 0.9029
vn 0.0725 -0.3960 -0.9154
vn 0.0451 -0.0176 -0.9988
vn 0.0764 -0.0352 -0.9965
vn 0.4155 -0.5331 -0.7370
vn 0.2390 -0.7640 -0.5994
vn 0.4551 -0.7533 -0.4747
vn 0.4471 -0.7607 -0.4706
vn 0.4492 -0.7630 -0.4649
vn 0.4565 -0.7739 -0.4389
vn 0.2978 -0.9286 -0.2214
vn 0.2174 -0.9637 -0.1547
vn 0.5254 -0.8040 0.2786
vn 0.9151 -0.2802 -0.2900
vn 0.6291 -0.7113 0.3135
vn 0.9779 -0.0608 -0.1998
vn 0.9656 0.0274 -0.2585
vn 0.9782 0.0627 -0.1980
vn 0.9993 -0.0215 -0.0314
vn 0.4331 -0.7760 0.4585
vn 0.4707 -0.6355 0.6120
vn 0.4586 -0.6467 0.6095
vn 0.4802 -0.6527 0.5860
vn 0.5961 -0.5608 0.5746
vn 0.6256 -0.5296 0.5728
vn 0.6114 -0.5232 0.5937
vn 0.5604 -0.3194 0.7642
vn 0.0431 -0.8936 0.4468
vn 0.3174 -0.8189 0.4782
vn -0.1194 -0.7794 0.6150
vn 0.0235 -0.0588 0.9980
vn 0.1273 0.1155 0.9851
vn 0.2608 0.0412 0.9645
vn 0.1216 -0.0725 0.9899
vn -0.5040 -0.7216 0.4746
vn -0.5799 -0.6093 0.5408
vn -0.4332 -0.8116 0.3921
vn -0.4289 -0.8168 0.3859
vn -0.4077 -0.8017 0.4371
vn -0.3706 -0.8706 0.3235
vn -0.4511 -0.8923 -0.0177
vn -0.6449 -0.7388 0.1959
vn -0.6079 -0.7647 -0.2137
vn -0.9999 -0.0098 -0.0059
vn -0.9981 0.0568 -0.0235
vn -0.9984 -0.0411 -0.0391
vn -0.9997 0.0235 -0.0039
vn -0.3959 -0.8602 -0.3214
vn -0.2584 -0.9222 -0.2878
vn -0.4667 -0.7374 -0.4883
vn -0.4606 -0.6977 -0.5487
vn -0.5211 -0.6759 -0.5211
vn -0.5059 -0.6235 -0.5961
vn -0.3567 -0.7114 -0.6056
vn -0.3295 -0.7256 -0.6041
vn 0.1214 -0.0726 0.9899
vn 0.2607 0.0411 0.9645
vn -0.0039 -0.0274 0.9996
vn 0.1469 0.1528 0.9773
vn 0.1706 0.5940 0.7862
vn -0.1411 0.6587 0.7390
vn -0.0451 0.8463 0.5309
vn 0.3214 0.7485 0.5800
vn 0.2959 0.7778 0.5545
vn 0.6386 0.2743 0.7190
vn 0.6780 0.1607 0.7172
vn 0.4017 0.8349 0.3763
vn 0.3607 0.8665 0.3450
vn 0.4313 0.7587 0.4882
vn 0.4354 0.7550 0.4903
vn 0.7975 0.5996 -0.0666
vn 0.4291 0.9012 -0.0608
vn 0.7683 0.5801 -0.2705
vn 0.9805 0.0137 -0.1961
vn 0.9809 0.0940 -0.1703
vn 0.9782 0.0627 -0.1979
vn 0.9993 -0.0216 -0.0313
vn 0.3725 0.8901 -0.2627
vn 0.2782 0.9245 -0.2605
vn 0.3767 0.8572 -0.3511
vn 0.4158 0.8158 -0.4020
vn 0.6246 0.5639 -0.5403
vn 0.6645 0.4587 -0.5900
vn 0.4073 0.5659 -0.7168
vn 0.0823 0.7778 -0.6231
vn -0.2802 0.5566 -0.7821
vn -0.0196 0.0608 -0.9980
vn -0.2645 -0.0294 -0.9639
vn -0.1136 -0.1411 -0.9835
vn -0.1978 -0.0979 -0.9753
vn 0.0763 -0.0353 -0.9965
vn 0.0450 -0.0177 -0.9988
vn -0.3446 0.8439 -0.4112
vn -0.4037 0.8171 -0.4115
vn -0.4216 0.8099 -0.4079
vn -0.4173 0.8718 -0.2566
vn -0.4389 0.7916 -0.4251
vn -0.4491 0.6119 -0.6511
vn -0.4390 0.7174 -0.5409
vn -0.4291 0.7602 -0.4878
vn -0.8156 0.5233 -0.2469
vn -0.6354 0.7667 -0.0921
vn -0.9187 0.2860 0.2723
vn -0.9924 -0.0294 -0.1194
vn -0.9890 -0.0450 -0.1410
vn -0.9984 -0.0412 -0.0392
vn -0.9997 0.0234 -0.0040
vn -0.3430 0.8996 0.2705
vn -0.2803 0.9331 0.2254
vn -0.4729 0.7397 0.4788
vn -0.4936 0.7091 0.5035
vn -0.4528 0.7646 0.4587
vn -0.4472 0.7493 0.4884
vn 0.1333 0.3116 -0.9408
vn 0.1548 -0.0726 -0.9853
vn 0.1233 -0.0549 -0.9908
vn -0.2295 0.4787 -0.8475
vn -0.0686 0.7132 -0.6976
vn -0.3057 0.7232 -0.6193
vn -0.2980 0.7312 -0.6136
vn -0.3018 0.7348 -0.6074
vn -0.3119 0.7474 -0.5866
vn -0.1920 0.9151 -0.3547
vn -0.1235 0.9530 -0.2765
vn -0.5212 0.8479 0.0972
vn -0.8210 0.2900 -0.4918
vn -0.6345 0.7636 0.1195
vn -0.9130 0.0823 -0.3997
vn -0.8948 -0.0117 -0.4464
vn -0.9216 -0.0392 -0.3863
vn -0.9700 0.0607 -0.2352
vn -0.4685 0.8331 0.2940
vn -0.5430 0.7096 0.4489
vn -0.5306 0.7205 0.4465
vn -0.5466 0.7249 0.4193
vn -0.6641 0.6367 0.3918
vn -0.6940 0.6077 0.3862
vn -0.7163 0.5809 0.3866
vn -0.7220 0.5727 0.3882
vn 0.1234 -0.0548 -0.9908
vn 0.1548 -0.0725 -0.9853
vn 0.3154 0.0431 -0.9480
vn 0.3939 -0.0000 -0.9192
vn 0.4524 -0.0705 -0.8890
vn 0.2137 -0.1549 -0.9645
vn -0.2903 -0.6141 -0.7339
vn 0.3961 -0.6393 -0.6591
vn -0.0039 -0.8284 -0.5601
vn 0.3687 -0.8922 -0.2608
vn 0.4274 -0.8685 -0.2510
vn 0.4435 -0.8625 -0.2435
vn 0.4073 -0.9086 -0.0920
vn 0.4646 -0.8469 -0.2587
vn 0.5318 -0.6889 -0.4926
vn 0.4532 -0.7711 -0.4473
vn 0.3866 -0.8478 -0.3631
vn -0.5374 -0.5864 -0.6060
vn -0.5591 -0.4845 -0.6728
vn -0.3760 -0.8323 -0.4073
vn -0.3507 -0.8699 -0.3468
vn -0.2762 -0.9324 -0.2331
vn -0.3644 -0.8952 -0.2566
vn -0.7331 -0.5704 -0.3705
vn -0.4625 -0.8838 -0.0706
vn -0.8036 -0.5684 -0.1764
vn -0.5683 -0.6859 0.4546
vn -0.5646 -0.6900 0.4529
vn -0.4723 -0.8153 0.3351
vn -0.5177 -0.7784 0.3550
vn -0.7799 -0.1862 0.5976
vn -0.7802 -0.2018 0.5920
vn -0.7799 -0.2096 0.5898
vn -0.7798 -0.2097 0.5898
vn -0.9208 0.0078 -0.3899
vn -0.9316 -0.0686 -0.3569
vn -0.9216 -0.0392 -0.3862
vn -0.9701 0.0608 -0.2352
vn 0.4859 0.6504 -0.5838
vn 0.5112 0.6345 -0.5798
vn 0.6506 0.5429 -0.5311
vn 0.6543 0.6014 -0.4584
vn 0.5980 0.6666 -0.4450
vn 0.6023 0.6220 -0.5003
vn 0.3489 0.8859 -0.3057
vn 0.3269 0.9006 -0.2864
vn 0.0763 0.5697 0.8183
vn -0.6280 0.2998 0.7181
vn 0.1351 0.5777 0.8050
vn 0.1412 0.5782 0.8036
vn 0.1411 0.5782 0.8036
vn 0.9352 0.2823 0.2137
vn 0.9352 0.2822 0.2137
vn 0.9352 0.2824 0.2137
vn 0.6429 -0.6409 0.4195
vn 0.6429 -0.6409 0.4194
vn 0.6429 -0.6409 0.4193
vn 0.0255 -0.4075 0.9129
vn 0.0253 -0.4073 0.9130
vn 0.0666 -0.6857 0.7249
vn -0.2587 -0.6056 0.7526
vn -0.1059 -0.7394 0.6649
vn -0.0647 -0.8158 0.5746
vn -0.0725 -0.8367 0.5428
vn -0.2178 -0.8160 0.5355
vn -0.3252 -0.6407 0.6955
vn 0.1785 -0.1627 0.9704
vn 0.5408 -0.1315 0.8308
vn 0.0608 -0.1685 0.9838
vn -0.1117 -0.1411 0.9837
vn 0.0255 -0.1685 0.9854
vn -0.1468 0.0313 0.9887
vn -0.2901 -0.0333 0.9564
vn -0.2349 -0.4464 0.8634
vn -0.0979 -0.4037 0.9096
vn -0.0980 -0.4038 0.9096
vn -0.0981 -0.4039 0.9095
vn 0.7396 -0.4101 0.5337
vn 0.7397 -0.4100 0.5336
vn 0.7396 -0.4100 0.5337
vn 0.3508 0.7956 0.4939
vn 0.5860 0.6016 0.5429
vn 0.5860 0.6016 0.5428
vn 0.5719 0.6170 0.5406
vn 0.8335 0.3726 0.4079
vn 0.8534 0.3316 0.4022
vn 0.8243 0.5423 0.1625
vn 0.9797 0.1548 0.1273
vn 0.9308 0.3566 -0.0803
vn 0.9688 -0.0373 -0.2451
vn 0.9671 -0.0039 -0.2545
vn 0.9603 -0.0196 -0.2783
vn 0.9489 0.0019 -0.3157
vn 0.9785 -0.2000 -0.0510
vn 0.9734 -0.2272 0.0294
vn 0.7682 -0.5839 -0.2627
vn 0.5762 -0.2175 -0.7878
vn 0.5297 -0.7042 -0.4728
vn 0.4837 -0.8752 0.0098
vn 0.5409 -0.8408 0.0216
vn 0.6034 -0.7973 0.0137
vn 0.3449 -0.9386 -0.0078
vn 0.7118 -0.7020 0.0216
vn 0.6917 -0.7191 0.0666
vn 0.6917 -0.7192 0.0666
vn 0.1431 -0.4783 -0.8664
vn 0.1175 -0.4897 -0.8639
vn 0.1704 -0.4075 -0.8972
vn 0.2447 -0.3996 -0.8834
vn 0.2646 -0.4273 -0.8645
vn 0.2449 -0.3996 -0.8834
vn 0.1705 -0.4074 -0.8972
vn 0.2117 -0.3902 -0.8961
vn -0.4094 0.1645 -0.8974
vn -0.6234 -0.1628 -0.7648
vn -0.6821 0.1078 -0.7233
vn -0.7994 -0.1411 -0.5839
vn -0.8707 -0.0392 -0.4903
vn -0.7510 -0.3549 -0.5569
vn -0.7436 -0.4179 -0.5219
vn -0.6994 -0.4232 -0.5760
vn -0.6907 -0.4984 -0.5239
vn -0.8052 -0.4212 -0.4173
vn -0.8229 -0.4037 -0.3998
vn -0.7642 -0.6251 0.1587
vn -0.9822 -0.1647 0.0902
vn -0.8818 -0.2920 0.3703
vn -0.4923 -0.8119 0.3138
vn -0.4706 -0.8373 0.2784
vn -0.5626 -0.7959 0.2234
vn -0.5626 -0.7959 0.2235
vn -0.9663 0.0197 0.2567
vn -0.9693 0.0216 0.2448
vn -0.9691 0.0294 0.2448
vn -0.9688 0.0569 0.2412
vn -0.9719 0.2351 -0.0117
vn -0.9553 0.2721 -0.1155
vn -0.6941 0.7124 0.1032
vn -0.5781 0.1979 0.7916
vn -0.6211 0.7524 0.2195
vn -0.3488 0.2195 0.9111
vn -0.2981 0.1333 0.9452
vn -0.2821 0.0999 0.9542
vn -0.5681 0.8228 -0.0137
vn -0.3881 0.9212 0.0274
vn -0.3979 0.9173 0.0137
vn -0.4177 0.9079 0.0353
vn -0.3681 0.9125 0.1782
vn -0.3491 0.9119 0.2157
vn -0.3309 0.9223 0.1997
vn -0.0666 0.9810 0.1821
vn -0.5902 0.7000 -0.4020
vn -0.5716 0.8087 -0.1390
vn -0.3781 0.7428 -0.5526
vn 0.3824 0.8864 -0.2608
vn 0.5059 0.8568 -0.1000
vn 0.4020 0.9156 -0.0039
vn 0.3429 0.9227 -0.1762
vn -0.3036 0.4525 -0.8385
vn -0.1607 0.4430 -0.8820
vn -0.4336 0.4395 -0.7867
vn -0.4413 0.4393 -0.7825
vn -0.4112 0.4856 -0.7715
vn -0.5297 0.4257 -0.7337
vn 0.3428 0.9227 -0.1764
vn 0.4019 0.9157 -0.0040
vn 0.4175 0.8663 -0.2744
vn 0.5311 0.8447 -0.0666
vn 0.5120 -0.4531 0.7297
vn 0.6200 -0.4402 0.6495
vn 0.2820 -0.4565 0.8439
vn 0.0861 -0.4385 0.8946
vn 0.0861 -0.4384 0.8946
vn -0.0979 -0.4038 0.9096
vn 0.6333 -0.7039 -0.3216
vn 0.5480 -0.7927 -0.2669
vn 0.4762 -0.8328 -0.2822
vn 0.6821 -0.5920 -0.4293
vn 0.3507 -0.8972 -0.2683
vn 0.3252 -0.9149 -0.2390
vn -0.1292 -0.9866 -0.0999
vn 0.0509 -0.9743 -0.2195
vn -0.5934 -0.7971 0.1116
vn -0.4941 -0.8529 0.1686
vn -0.6780 -0.6858 0.2645
vn -0.2918 -0.9362 0.1959
vn -0.5608 -0.7353 0.3804
vn -0.5942 -0.7275 0.3432
vn -0.7116 -0.5920 0.3784
vn -0.6803 -0.6077 0.4097
vn -0.7998 -0.4293 0.4195
vn -0.7626 -0.3881 0.5175
vn -0.8767 -0.1236 0.4648
vn -0.8514 -0.1511 0.5022
vn -0.8193 -0.2842 0.4979
vn -0.8468 -0.2724 0.4568
vn -0.7607 -0.4019 0.5097
vn -0.4838 -0.7503 0.4505
vn -0.2058 -0.9309 0.3019
vn -0.2567 -0.9014 0.3488
vn -0.0784 -0.9483 0.3076
vn 0.0705 -0.9946 0.0763
vn 0.1626 -0.9522 0.2586
vn 0.2918 -0.9439 0.1547
vn 0.4566 -0.8858 -0.0823
vn 0.5116 -0.8566 -0.0666
vn 0.7057 -0.7017 -0.0980
vn 0.6134 -0.7133 -0.3390
vn 0.8009 -0.5914 -0.0940
vn 0.7824 -0.5961 -0.1804
vn 0.8131 -0.4409 -0.3801
vn 0.8559 -0.2801 -0.4348
vn 0.8212 -0.2646 -0.5056
vn 0.8128 -0.2722 -0.5151
vn 0.7936 -0.4174 -0.4428
vn -0.4493 -0.8083 -0.3806
vn -0.5451 -0.7548 -0.3648
vn -0.5451 -0.7549 -0.3648
vn -0.4507 -0.7838 -0.4272
vn -0.3176 -0.4704 -0.8233
vn -0.2765 -0.1510 -0.9491
vn -0.3526 -0.4349 -0.8286
vn -0.2017 -0.2153 -0.9555
vn -0.1666 -0.1391 -0.9762
vn -0.0313 -0.6097 -0.7920
vn 0.2826 0.7890 -0.5456
vn 0.1588 0.8017 -0.5763
vn 0.1705 0.7920 -0.5862
vn 0.0294 0.6508 -0.7586
vn 0.0177 0.6861 -0.7273
vn 0.0177 0.6881 -0.7254
vn -0.1648 0.6945 -0.7003
vn -0.1312 0.6951 -0.7068
vn -0.3743 0.6428 -0.6684
vn -0.3764 0.6431 -0.6668
vn 0.5410 0.5155 -0.6645
vn 0.1569 0.4020 -0.9021
vn 0.6506 0.3214 -0.6880
vn 0.7532 0.4786 -0.4512
vn 0.8603 0.5077 -0.0470
vn 0.5197 0.7570 0.3961
vn 0.9576 0.2232 0.1821
vn 0.9631 0.2016 0.1782
vn 0.8620 0.4251 0.2762
vn 0.8940 0.3764 0.2431
vn 0.7563 0.5584 0.3409
vn 0.7763 0.5351 0.3332
vn 0.6273 0.6586 0.4156
vn 0.6469 0.6469 0.4038
vn 0.4706 0.7175 0.5136
vn 0.4788 0.7160 0.5080
vn 0.5353 0.2196 -0.8156
vn 0.5327 0.2154 -0.8185
vn 0.4761 0.3664 -0.7994
vn 0.3389 0.4231 -0.8403
vn 0.1311 0.5011 -0.8554
vn 0.0137 0.5410 -0.8409
vn -0.1156 0.6053 -0.7875
vn -0.1413 0.6280 -0.7653
vn -0.2938 0.6720 -0.6798
vn -0.3429 0.6740 -0.6544
vn -0.5040 0.6667 -0.5490
vn -0.5134 0.6663 -0.5409
vn -0.6520 0.6382 -0.4093
vn -0.6520 0.6383 -0.4092
vn 0.2079 -0.7389 -0.6409
vn 0.3761 -0.1703 -0.9108
vn 0.1961 -0.0685 -0.9782
vn 0.2764 -0.7522 -0.5982
vn -0.0078 -0.8410 -0.5410
vn 0.0137 -0.7793 -0.6265
vn -0.0314 -0.6098 -0.7919
vn -0.7842 -0.5353 0.3137
vn -0.6492 -0.6493 0.3962
vn -0.7656 -0.5541 0.3270
vn -0.8774 -0.4194 0.2331
vn 0.6717 -0.7305 -0.1234
vn 0.6716 -0.7305 -0.1235
vn 0.6588 -0.7294 0.1842
vn 0.6532 -0.7258 0.2157
vn 0.5409 -0.5898 0.5997
vn 0.5289 -0.5699 0.6289
vn 0.4489 -0.5136 0.7312
vn 0.3313 -0.4645 0.8213
vn 0.3098 -0.4470 0.8392
vn 0.2061 -0.5277 0.8241
vn 0.2038 -0.5623 0.8014
vn 0.0137 -0.5313 0.8470
vn -0.1039 -0.4155 0.9036
vn -0.3098 -0.2098 0.9274
vn -0.3350 -0.1606 0.9284
vn -0.2374 -0.3335 0.9124
vn -0.2373 -0.3336 0.9124
vn 0.1215 -0.6511 -0.7492
vn 0.1314 -0.5607 -0.8175
vn 0.1315 -0.5607 -0.8175
vn 0.1880 -0.3369 -0.9226
vn 0.1762 -0.3740 -0.9106
vn 0.2158 -0.2451 -0.9452
vn -0.8252 -0.3430 -0.4488
vn -0.7822 -0.3254 -0.5313
vn -0.6683 -0.2783 -0.6899
vn -0.3589 0.5177 -0.7766
vn -0.3589 0.5177 -0.7767
vn -0.3744 0.5548 -0.7430
vn -0.3662 0.5346 -0.7617
vn -0.3981 0.6195 -0.6766
vn -0.3981 0.6195 -0.6765
vn -0.2470 -0.8861 -0.3921
vn -0.2470 -0.8862 -0.3920
vn -0.2784 -0.8213 -0.4979
vn -0.2782 -0.8227 -0.4957
vn -0.1217 -0.6353 -0.7626
vn -0.1589 -0.6863 -0.7098
vn 0.3644 -0.5799 0.7287
vn 0.1215 -0.9722 0.2000
vn 0.1411 -0.9523 0.2705
vn 0.3726 -0.5512 0.7466
vn 0.4121 0.4239 0.8065
vn 0.4236 0.3979 0.8137
vn 0.4157 0.4099 0.8119
vn 0.1980 0.9273 0.3176
vn 0.1940 0.9643 0.1803
vn 0.1626 0.9343 0.3173
vn 0.1763 0.9382 0.2977
vn 0.1587 0.9329 0.3233
vn 0.1587 0.9329 0.3234
vn 0.0215 0.7109 0.7030
vn 0.0470 0.7426 0.6681
vn 0.0196 0.6991 0.7148
vn 0.0097 0.6584 0.7526
vn 0.0451 0.5332 0.8448
vn -0.8936 0.4292 -0.1313
vn -0.8015 0.4447 -0.3998
vn -0.8015 0.4448 -0.3998
vn -0.7309 0.5291 -0.4311
vn -0.8725 0.4647 -0.1510
vn -0.9056 0.4136 -0.0941
vn -0.4680 0.3427 0.8146
vn -0.5123 0.2786 0.8124
vn -0.5216 0.3118 0.7942
vn -0.4370 0.4645 0.7702
vn -0.4000 0.4608 0.7922
vn -0.3527 0.4664 0.8112
vn -0.3822 0.5076 0.7722
vn -0.1764 0.7134 0.6781
vn -0.0744 0.6992 0.7110
vn -0.3684 -0.0431 -0.9287
vn -0.3685 -0.0431 -0.9286
vn -0.1684 -0.0392 -0.9849
vn -0.1801 -0.0411 -0.9828
vn -0.3878 -0.0431 -0.9207
vn -0.4366 -0.0431 -0.8986
vn -0.5685 -0.0451 -0.8215
vn -0.5973 -0.0412 -0.8010
vn -0.6214 -0.0431 -0.7823
vn -0.6412 -0.0333 -0.7667
vn -0.7068 -0.0313 -0.7067
vn -0.6588 -0.0451 -0.7510
vn -0.7840 -0.0391 -0.6195
vn 0.0176 -0.0371 -0.9992
vn 0.0178 -0.0371 -0.9992
vn 0.1961 -0.0686 -0.9782
vn 0.1998 -0.0313 -0.9793
vn 0.3954 -0.0253 -0.9182
vn 0.8410 0.2411 -0.4842
vn 0.8619 0.1156 -0.4937
vn 0.8403 0.2448 -0.4838
vn 0.7452 0.5000 -0.4412
vn 0.7453 0.4998 -0.4414
vn 0.5980 0.7117 -0.3686
vn 0.6018 0.7075 -0.3705
vn 0.4097 0.8705 -0.2725
vn 0.4156 0.8665 -0.2764
vn 0.1762 0.9730 -0.1488
vn 0.1900 0.9695 -0.1547
vn 0.0332 0.9968 -0.0724
vn 0.0450 0.9959 -0.0784
vn -0.2706 0.9571 0.1035
vn -0.2177 0.9745 0.0550
vn -0.2036 0.9788 0.0215
vn -0.3354 -0.9101 0.2433
vn -0.3354 -0.9101 0.2432
vn 0.3589 -0.6764 0.6432
vn 0.3588 -0.6765 0.6431
vn 0.4139 -0.4905 0.7669
vn 0.4134 -0.4920 0.7662
vn 0.4313 -0.4175 0.7998
vn 0.4624 -0.3958 0.7935
vn 0.1411 -0.9523 0.2704
vn 0.3171 -0.3250 -0.8909
vn 0.4056 -0.4017 -0.8210
vn 0.4195 -0.3823 -0.8234
vn 0.5646 -0.3058 -0.7666
vn 0.9135 -0.3627 -0.1843
vn 0.0608 -0.4806 -0.8748
vn 0.4670 -0.4258 -0.7750
vn 0.4211 -0.3898 -0.8190
vn 0.4681 -0.4270 -0.7737
vn 0.5411 -0.4862 -0.6861
vn 0.7001 -0.7139 0.0157
vn 0.8530 -0.5118 -0.1020
vn -0.6366 0.5319 0.5583
vn 0.4230 -0.4909 0.7616
vn 0.6541 -0.7519 0.0822
vn 0.5529 -0.8294 -0.0805
vn 0.4998 -0.8603 -0.0999
vn 0.6627 -0.7489 0.0020
vn 0.6958 -0.7115 -0.0980
vn 0.8531 -0.5117 -0.1020
vn 0.6680 -0.6837 -0.2938
vn 0.4155 -0.8818 -0.2233
vn 0.5467 -0.8367 0.0314
vn 0.6540 -0.7520 0.0823
vn 0.9541 -0.2684 -0.1332
vn 0.9444 -0.2214 -0.2429
vn 0.9834 -0.1626 0.0803
vn 0.9718 -0.2116 0.1039
vn 0.8851 0.0354 0.4641
vn 0.4786 0.7161 0.5081
vn 0.4705 0.7175 0.5136
vn 0.3902 0.7333 0.5568
vn 0.7532 0.4787 -0.4511
vn 0.3760 0.8734 0.3093
vn 0.4347 0.3838 0.8147
vn 0.4389 0.3468 0.8289
vn -0.1628 0.9236 -0.3471
vn -0.3078 0.7744 -0.5528
vn -0.2530 0.8431 -0.4745
vn -0.1685 0.9111 -0.3762
vn -0.4352 0.5333 -0.7254
vn -0.4271 0.4408 -0.7895
vn -0.4121 0.3965 -0.8204
vn -0.4122 0.3963 -0.8204
vn -0.9353 0.1843 0.3020
vn -0.9689 0.2059 0.1373
vn -0.9186 0.1273 0.3741
vn -0.9059 0.1274 0.4039
vn -0.8952 0.0979 0.4348
vn -0.9375 0.1372 0.3198
vn -0.9677 0.1822 0.1743
vn -0.8568 0.2020 0.4744
vn -0.6238 -0.1393 0.7690
vn -0.4760 0.0078 0.8794
vn -0.6254 0.3411 0.7018
vn -0.6688 0.1863 0.7198
vn -0.6370 0.2920 0.7134
vn -0.7109 0.2820 0.6443
vn -0.5858 0.2645 0.7661
vn -0.6199 0.3119 0.7200
vn -0.6818 -0.2078 0.7014
vn 0.6567 -0.6489 -0.3842
vn 0.6605 -0.6428 -0.3881
vn 0.5444 -0.7872 -0.2898
vn 0.5059 -0.8235 -0.2569
vn 0.5942 -0.7218 0.3549
vn 0.2336 -0.9528 0.1939
vn 0.3743 -0.9092 0.1822
vn 0.6076 -0.7096 0.3568
vn 0.5452 -0.7335 0.4060
vn 0.5633 -0.7302 0.3867
vn 0.6333 -0.6861 0.3582
vn 0.2448 -0.6307 0.7364
vn 0.1019 -0.7005 0.7063
vn -0.0019 -0.6679 0.7443
vn 0.0548 -0.5013 0.8635
vn -0.0431 -0.6996 0.7133
vn -0.1842 -0.6078 0.7724
vn -0.0039 -0.3547 0.9350
vn 0.1941 -0.3765 0.9058
vn 0.1879 -0.7098 0.6789
vn 0.2234 -0.2175 0.9502
vn 0.6734 -0.7107 0.2036
vn 0.7109 -0.6502 0.2683
vn 0.6114 -0.7662 0.1979
vn 0.5859 -0.8044 0.0982
vn 0.5409 -0.8368 0.0843
vn 0.5055 -0.8563 0.1058
vn 0.4296 -0.8856 0.1765
vn 0.6390 0.4959 0.5880
vn 0.6390 0.4958 0.5881
vn 0.6310 0.5016 0.5918
vn 0.4254 0.6078 0.6705
vn 0.5879 0.5037 0.6330
vn 0.3939 0.3802 0.8368
vn 0.2370 0.3917 0.8891
vn 0.2686 0.2607 0.9273
vn 0.2372 0.3509 0.9058
vn 0.0667 0.7094 0.7017
vn -0.0744 0.8992 0.4311
vn 0.3078 0.5843 0.7509
vn 0.1666 0.7231 0.6703
vn 0.3981 0.8944 0.2040
vn 0.6269 0.5740 0.5269
vn 0.3211 -0.3368 0.8851
vn -0.1118 -0.3903 0.9139
vn 0.4177 -0.3177 0.8512
vn 0.7214 -0.2470 0.6469
vn 0.6507 -0.2372 0.7214
vn 0.4879 0.0431 0.8719
vn 0.7309 -0.1568 0.6643
vn 0.7365 -0.0312 0.6757
vn 0.9525 -0.0215 0.3039
vn 0.8629 -0.3726 0.3413
vn 0.2470 -0.4606 0.8526
vn 0.3703 -0.4154 0.8308
vn -0.9227 -0.1646 -0.3487
vn -0.9227 -0.1645 -0.3487
vn -0.8801 -0.2529 -0.4019
vn -0.8448 -0.2724 -0.4606
vn -0.8336 -0.3158 -0.4531
vn -0.5200 -0.2924 -0.8025
vn -0.9158 -0.2432 -0.3196
vn -0.7484 -0.3036 -0.5897
vn -0.1823 -0.2784 -0.9430
vn 0.0353 -0.2369 -0.9709
vn 0.2333 -0.1392 -0.9624
vn 0.4467 -0.0745 -0.8916
vn 0.2275 -0.2000 -0.9530
vn 0.4624 -0.0431 -0.8856
vn 0.3567 -0.4702 -0.8073
vn 0.6778 -0.1234 -0.7248
vn 0.3648 0.0569 -0.9293
vn 0.5819 -0.0177 -0.8131
vn 0.4490 -0.0784 -0.8901
vn 0.4882 -0.0235 -0.8724
vn 0.4407 -0.0685 -0.8950
vn -0.0431 -0.0451 -0.9981
vn 0.4881 -0.0235 -0.8725
vn 0.4406 -0.0686 -0.8951
vn -0.0548 -0.1976 -0.9787
vn 0.3954 -0.0254 -0.9181
vn -0.6079 -0.5883 0.5334
vn -0.5622 -0.4688 0.6813
vn -0.6131 -0.5955 0.5191
vn -0.6191 -0.6603 0.4252
vn -0.6156 -0.6881 0.3842
vn -0.5959 -0.7409 0.3097
vn 0.3256 -0.8453 -0.4236
vn 0.2566 -0.8499 -0.4602
vn 0.2762 -0.8425 -0.4624
vn 0.3769 -0.8343 -0.4024
vn 0.4505 -0.8444 -0.2899
vn 0.1940 0.8976 -0.3959
vn 0.3236 0.8546 -0.4060
vn 0.1783 0.9520 -0.2488
vn 0.1981 0.9374 -0.2863
vn 0.0352 0.9844 -0.1722
vn -0.2467 0.9027 -0.3525
vn -0.2939 0.8778 -0.3782
vn -0.1351 0.9713 -0.1959
vn 0.0196 0.9972 0.0725
vn 0.0313 0.9676 -0.2507
vn -0.0314 0.8952 -0.4446
vn -0.8280 0.3433 0.4434
vn -0.9932 0.0822 -0.0822
vn -0.9856 0.0529 0.1607
vn -0.8654 0.2296 0.4454
vn -0.4840 0.5310 0.6956
vn -0.4094 0.5846 0.7004
vn 0.8351 0.1921 -0.5155
vn 0.7040 -0.0569 -0.7079
vn 0.8742 0.2411 -0.4215
vn 0.7980 0.4020 -0.4490
vn 0.9766 0.1313 -0.1706
vn 0.8732 0.4140 -0.2570
vn 0.9285 0.2645 0.2605
vn 0.8896 0.0117 0.4566
vn 0.8881 -0.4156 0.1960
vn 0.7177 0.6785 0.1569
vn 0.7160 0.6101 0.3393
vn 0.7196 0.6803 0.1392
vn 0.6998 0.7135 0.0333
vn 0.6852 0.7283 -0.0118
vn 0.6450 0.7588 -0.0905
vn -0.4397 0.7027 -0.5594
vn -0.3824 0.6923 -0.6119
vn -0.4015 0.6856 -0.6072
vn -0.4840 0.7015 -0.5231
vn -0.5232 0.7506 -0.4036
vn -0.2781 -0.9596 -0.0431
vn -0.4060 -0.9133 -0.0320
vn -0.2233 -0.9694 0.1018
vn -0.2507 -0.9656 0.0685
vn -0.0646 -0.9873 0.1449
vn 0.1585 -0.9806 -0.1155
vn 0.1978 -0.9673 -0.1586
vn 0.0921 -0.9930 0.0743
vn 0.0137 -0.9281 0.3720
vn -0.0823 -0.9942 0.0686
vn -0.0724 -0.9865 -0.1468
vn 0.9211 -0.2508 0.2979
vn 0.9371 -0.1685 -0.3058
vn 0.9939 -0.0667 -0.0882
vn 0.9556 -0.1449 0.2566
vn 0.6588 -0.3333 0.6745
vn 0.5890 -0.3784 0.7141
vn -0.9394 -0.2784 -0.2001
vn -0.8674 -0.1077 -0.4858
vn -0.9509 -0.2960 -0.0902
vn -0.8824 -0.4628 -0.0843
vn -0.9851 -0.1116 0.1313
vn -0.9036 -0.4136 0.1118
vn -0.8230 -0.1137 0.5565
vn -0.7373 0.1804 0.6510
vn -0.8115 0.5116 0.2823
vn -0.2801 -0.1841 -0.9421
vn -0.0940 -0.2391 -0.9664
vn -0.2956 -0.1821 -0.9378
vn -0.3962 -0.1353 -0.9081
vn -0.4366 -0.1116 -0.8927
vn -0.5037 -0.0530 -0.8623
vn -0.5628 0.8236 -0.0706
vn -0.6248 0.7778 -0.0684
vn -0.6121 0.7887 -0.0569
vn -0.5156 0.8547 -0.0608
vn -0.4092 0.9034 -0.1278
vn 0.3198 -0.3434 0.8830
vn 0.3589 -0.2157 0.9081
vn 0.4387 -0.4074 0.8010
vn 0.4152 -0.3800 0.8266
vn 0.4309 -0.5505 0.7150
vn 0.1195 -0.6991 0.7050
vn 0.0647 -0.7173 0.6938
vn 0.3180 -0.6733 0.6675
vn 0.5943 -0.6002 0.5354
vn 0.3703 -0.5310 0.7622
vn 0.1686 -0.5138 0.8412
vn 0.0431 -0.9138 -0.4039
vn -0.5302 -0.8180 -0.2232
vn -0.3803 -0.8253 -0.4175
vn -0.0333 -0.8743 -0.4842
vn 0.4922 -0.7903 -0.3648
vn 0.5628 -0.7647 -0.3138
vn 0.1982 0.6024 0.7732
vn -0.1293 0.6742 0.7272
vn 0.3077 0.5898 0.7466
vn 0.3368 0.4367 0.8342
vn 0.4686 0.7058 0.5312
vn 0.5083 0.4631 0.7261
vn 0.8012 0.5328 0.2723
vn 0.7755 0.6306 -0.0294
vn 0.3719 0.9239 -0.0900
vn 0.9914 -0.1293 -0.0196
vn 0.9901 -0.1313 -0.0490
vn 0.9915 -0.1293 -0.0157
vn 0.9915 -0.1292 -0.0137
vn 0.9807 -0.1196 0.1549
vn 0.9750 -0.1185 0.1881
vn 0.9242 -0.1019 0.3681
vn 0.9241 -0.1020 0.3682
vn 0.7997 -0.0745 0.5958
vn 0.7997 -0.0744 0.5958
vn 0.6194 -0.0413 0.7840
vn 0.6193 -0.0410 0.7841
vn 0.4059 -0.0078 0.9139
vn 0.3174 -0.0000 0.9483
vn 0.3116 -0.0000 0.9502
vn 0.5133 -0.0587 0.8562
vn -0.9429 -0.2980 0.1490
vn -0.6111 -0.7915 0.0117
vn -0.9327 -0.2920 0.2116
vn -0.9564 -0.2234 0.1881
vn -0.9613 -0.1586 0.2251
vn -0.7756 -0.5386 0.3291
vn -0.6077 -0.6940 0.3861
vn -0.6043 -0.6946 0.3904
vn -0.6568 0.6725 0.3412
vn -0.6872 0.6525 0.3195
vn -0.5451 0.7314 0.4098
vn -0.4189 0.7757 0.4721
vn 0.9464 0.1098 -0.3037
vn 0.8372 0.2882 -0.4647
vn 0.9595 0.0861 -0.2683
vn 0.7802 0.5959 -0.1902
vn 0.8305 0.4779 -0.2860
vn 0.2174 0.9502 -0.2234
vn 0.4762 -0.7663 -0.4312
vn 0.5628 -0.7747 -0.2882
vn 0.4957 -0.7562 -0.4271
vn 0.5508 -0.7389 -0.3881
vn 0.6058 -0.7312 -0.3137
vn 0.5271 -0.8230 -0.2116
vn 0.4373 -0.8669 -0.2392
vn -0.1705 -0.8840 -0.4352
vn -0.1822 -0.7560 -0.6287
vn -0.2684 -0.7779 -0.5682
vn -0.1410 -0.9417 -0.3054
vn -0.0941 -0.9640 -0.2489
vn -0.1685 -0.9538 -0.2488
vn -0.2670 -0.8968 -0.3528
vn -0.2802 -0.7837 -0.5544
vn -0.3546 -0.9208 -0.1627
vn -0.3115 -0.7855 -0.5348
vn -0.2137 -0.3980 -0.8922
vn -0.2471 -0.5687 -0.7845
vn -0.0764 -0.1352 -0.9879
vn -0.2921 0.0823 -0.9528
vn -0.2997 0.1058 -0.9481
vn -0.7030 -0.1195 0.7010
vn -0.7031 -0.1195 0.7010
vn -0.6520 -0.0274 0.7577
vn -0.6819 -0.0803 0.7270
vn -0.6341 0.0001 0.7732
vn -0.0255 0.0020 0.9997
vn 0.1488 0.0275 0.9885
vn 0.1529 0.0236 0.9880
vn 0.0039 0.0020 1.0000
vn -0.2393 -0.0235 0.9707
vn -0.2231 -0.0137 0.9747
vn 0.2255 -0.2922 0.9294
vn 0.0490 -0.3958 0.9170
vn 0.6232 -0.2450 0.7427
vn 0.5936 -0.2860 0.7522
vn 0.8340 -0.2389 0.4973
vn 0.8013 -0.3722 0.4683
vn 0.4923 -0.3471 0.7982
vn 0.3311 -0.2607 0.9069
vn 0.1941 -0.1274 -0.9727
vn 0.2095 -0.1547 -0.9655
vn 0.2510 -0.1000 -0.9628
vn 0.2568 0.0647 -0.9643
vn 0.3237 0.3355 -0.8847
vn 0.2235 0.3000 -0.9274
vn -0.2746 -0.9277 0.2530
vn -0.4622 -0.8539 0.2392
vn -0.2039 -0.8586 0.4704
vn -0.1703 -0.9574 0.2330
vn -0.1763 -0.9750 0.1351
vn -0.1584 -0.9773 0.1409
vn 0.0392 0.0313 -0.9987
vn 0.1725 0.0392 -0.9842
vn 0.2411 -0.0078 -0.9705
vn -0.1058 -0.0392 -0.9936
vn 0.3664 -0.0568 -0.9287
vn 0.4016 -0.0431 -0.9148
vn 0.7718 -0.1450 -0.6191
vn 0.6152 -0.1606 -0.7719
vn 0.9759 -0.1862 -0.1137
vn 0.9766 -0.0883 -0.1961
vn 0.9932 -0.0942 0.0686
vn 0.9274 0.0333 -0.3725
vn 0.9980 0.0627 -0.0000
vn 0.9998 0.0118 0.0137
vn 0.9809 -0.0137 0.1938
vn 0.9842 0.0295 0.1747
vn 0.9271 -0.0196 0.3744
vn 0.9059 0.0804 0.4158
vn 0.7622 -0.0210 0.6470
vn 0.7783 0.0235 0.6274
vn 0.8563 0.0353 0.5153
vn 0.8508 -0.0118 0.5254
vn 0.9128 0.0745 0.4015
vn 0.9866 0.1605 -0.0294
vn 0.9070 0.1685 -0.3859
vn 0.9308 0.1843 -0.3156
vn 0.8471 0.2353 -0.4765
vn 0.7166 0.1077 -0.6892
vn 0.6903 0.3117 -0.6530
vn 0.5740 0.2841 -0.7680
vn 0.3550 0.1550 -0.9219
vn 0.3077 0.1960 -0.9311
vn 0.0686 0.2627 -0.9624
vn 0.0529 0.0079 -0.9986
vn -0.0666 0.3114 -0.9479
vn -0.0824 0.2275 -0.9703
vn -0.2782 0.0666 -0.9582
vn -0.4390 0.0392 -0.8976
vn -0.4547 -0.0392 -0.8898
vn -0.4466 -0.0509 -0.8933
vn -0.3038 0.0020 -0.9527
vn 0.7380 -0.5475 -0.3945
vn 0.7608 -0.5805 -0.2902
vn 0.7060 -0.5883 -0.3942
vn 0.2668 -0.8712 -0.4120
vn -0.0335 -0.9627 -0.2685
vn 0.2585 -0.8931 -0.3682
vn -0.0314 -0.9314 -0.3627
vn -0.1156 -0.9329 -0.3410
vn 0.2098 -0.7040 -0.6785
vn -0.9277 -0.3413 0.1510
vn -0.9277 -0.3413 0.1511
vn -0.8737 -0.4290 0.2292
vn -0.8773 -0.4308 0.2115
vn -0.7453 -0.6512 0.1432
vn -0.7546 -0.6292 0.1862
vn -0.7553 -0.6278 0.1883
vn -0.6430 -0.6960 0.3196
vn -0.6646 -0.6861 0.2960
vn -0.4703 -0.7701 0.4310
vn -0.4684 -0.7702 0.4330
vn -0.9165 -0.3193 -0.2409
vn -0.6845 -0.7119 -0.1569
vn -0.8463 -0.2841 -0.4506
vn -0.9460 -0.0274 -0.3231
vn -0.8991 0.3742 -0.2271
vn -0.7364 0.5954 0.3213
vn -0.6724 0.6253 -0.3960
vn -0.6606 0.6253 -0.4156
vn -0.7337 0.6592 -0.1648
vn -0.7269 0.6466 -0.2312
vn -0.7470 0.6647 0.0157
vn -0.7452 0.6667 -0.0137
vn -0.7208 0.6660 0.1920
vn -0.7286 0.6640 0.1684
vn -0.6406 0.6738 0.3682
vn -0.6467 0.6721 0.3605
vn -0.7448 -0.4508 -0.4920
vn -0.7410 -0.4547 -0.4940
vn -0.8130 -0.4663 -0.3487
vn -0.7870 -0.5697 -0.2369
vn -0.7253 -0.6861 -0.0569
vn -0.6823 -0.7294 0.0490
vn -0.6353 -0.7470 0.1961
vn -0.6288 -0.7405 0.2370
vn -0.5428 -0.7407 0.3958
vn -0.5079 -0.7433 0.4354
vn -0.3724 -0.7291 0.5742
vn -0.3628 -0.7275 0.5824
vn -0.2174 -0.6804 0.6999
vn -0.2175 -0.6803 0.7000
vn 0.2116 -0.4526 -0.8662
vn -0.3941 -0.6095 -0.6879
vn -0.3843 -0.7565 -0.5291
vn 0.1961 -0.3819 -0.9032
vn 0.4492 -0.4709 -0.7593
vn 0.3605 -0.5349 -0.7641
vn 0.2099 -0.7039 -0.6785
vn -0.0315 -0.9314 -0.3627
vn 0.9611 -0.1060 0.2551
vn 0.9921 0.0313 0.1215
vn 0.9683 -0.0843 0.2352
vn 0.9043 -0.2217 0.3649
vn 0.0999 0.2233 -0.9696
vn 0.1000 0.2232 -0.9696
vn 0.2095 0.4874 -0.8477
vn 0.2195 0.5114 -0.8308
vn 0.3095 0.7915 -0.5269
vn 0.3114 0.8109 -0.4954
vn 0.3510 0.8608 -0.3686
vn 0.3510 0.8607 -0.3687
vn 0.4152 0.8814 -0.2253
vn 0.4198 0.8866 -0.1942
vn 0.5351 0.8235 -0.1882
vn 0.5553 0.8026 -0.2178
vn 0.6593 0.7496 -0.0588
vn 0.6643 0.7387 0.1137
vn 0.6406 0.6581 0.3958
vn 0.6206 0.6460 0.4444
vn 0.6840 0.6821 0.2587
vn 0.6840 0.6821 0.2586
vn 0.1628 -0.5905 -0.7904
vn 0.1628 -0.5905 -0.7905
vn 0.0685 -0.6463 -0.7600
vn -0.1626 -0.7113 -0.6838
vn -0.1235 -0.7057 -0.6977
vn -0.2530 -0.7175 -0.6490
vn 0.5937 -0.7936 0.1332
vn 0.5297 -0.8436 0.0883
vn 0.5288 -0.8441 0.0881
vn 0.3744 -0.9272 -0.0098
vn -0.4217 -0.8570 0.2961
vn -0.4216 -0.8571 0.2961
vn -0.4295 -0.8353 0.3432
vn -0.4254 -0.8467 0.3195
vn -0.4429 -0.7881 0.4274
vn -0.4430 -0.7882 0.4273
vn 0.6719 -0.4583 -0.5818
vn 0.6095 -0.5664 -0.5546
vn 0.6114 -0.5625 -0.5565
vn 0.2923 -0.7217 -0.6275
vn 0.3705 -0.6939 -0.6174
vn 0.4489 0.8175 -0.3607
vn 0.7097 0.2392 -0.6626
vn 0.7072 0.3115 -0.6347
vn 0.4292 0.8372 -0.3390
vn -0.2938 0.9030 0.3134
vn -0.2782 0.9145 0.2938
vn -0.2824 0.9099 0.3040
vn -0.6981 0.3687 0.6138
vn -0.7669 0.2471 0.5923
vn -0.6824 0.3510 0.6412
vn -0.6991 0.3408 0.6286
vn -0.6766 0.3550 0.6452
vn -0.3076 0.6210 0.7209
vn -0.3587 0.6019 0.7135
vn -0.2941 0.6293 0.7194
vn -0.2449 0.6586 0.7116
vn -0.1432 0.7571 0.6375
vn 0.1665 -0.5546 0.8153
vn 0.0138 -0.7424 0.6698
vn 0.0137 -0.7423 0.6699
vn -0.0981 -0.7372 0.6686
vn 0.1232 -0.5617 0.8181
vn 0.1982 -0.5278 0.8260
vn 0.1981 -0.5278 0.8260
vn 0.2879 0.4800 0.8287
vn 0.3607 0.4566 0.8133
vn 0.3371 0.4351 0.8349
vn 0.1666 0.4566 0.8740
vn 0.1549 0.4921 0.8567
vn 0.1275 0.5315 0.8374
vn 0.1018 0.4836 0.8693
vn -0.1999 0.4998 0.8427
vn -0.2392 0.5804 0.7784
vn -0.0509 -0.9903 -0.1294
vn -0.0510 -0.9903 -0.1294
vn -0.1900 -0.9422 -0.2761
vn -0.1821 -0.9460 -0.2683
vn -0.0372 -0.9928 -0.1136
vn -0.0020 -0.9972 -0.0745
vn 0.1019 -0.9942 0.0353
vn 0.1234 -0.9904 0.0627
vn 0.1430 -0.9861 0.0844
vn 0.1530 -0.9821 0.1097
vn 0.2115 -0.9617 0.1743
vn 0.1763 -0.9773 0.1175
vn 0.2902 -0.9235 0.2510
vn -0.3082 -0.8630 -0.4003
vn -0.3080 -0.8630 -0.4005
vn -0.3842 -0.7565 -0.5292
vn -0.4133 -0.7561 -0.5074
vn -0.3940 -0.6095 -0.6879
vn -0.5137 -0.6077 -0.6057
vn -0.8332 -0.0137 -0.5529
vn -0.7562 -0.0098 -0.6543
vn -0.8347 -0.0137 -0.5506
vn -0.9530 -0.0237 -0.3020
vn -0.9530 -0.0236 -0.3020
vn -0.9988 -0.0333 -0.0372
vn -0.9985 -0.0333 -0.0431
vn -0.9734 -0.0411 0.2253
vn -0.9756 -0.0412 0.2155
vn -0.8716 -0.0490 0.4877
vn -0.8788 -0.0491 0.4746
vn -0.7792 -0.0529 0.6246
vn -0.7880 -0.0510 0.6135
vn -0.5113 -0.0470 0.8581
vn -0.5725 -0.0628 0.8175
vn -0.5937 -0.0865 0.8000
vn 0.9501 0.0529 -0.3075
vn 0.9501 0.0529 -0.3076
vn 0.4962 0.7407 -0.4529
vn 0.4960 0.7409 -0.4528
vn 0.3667 0.8744 -0.3177
vn 0.3688 0.8728 -0.3197
vn 0.3134 0.9109 -0.2684
vn 0.2761 0.9206 -0.2761
vn -0.2371 -0.6193 -0.7485
vn -0.2098 -0.5155 -0.8308
vn -0.2332 -0.5115 -0.8270
vn -0.3585 -0.3898 -0.8483
vn -0.3310 0.2860 -0.8992
vn 0.0336 -0.7307 -0.6819
vn -0.2135 -0.4447 -0.8698
vn -0.2270 -0.5052 -0.8326
vn -0.2118 -0.4433 -0.8710
vn -0.1840 -0.3289 -0.9263
vn 0.1177 0.3607 -0.9252
vn -0.1587 0.3292 -0.9308
vn -0.0661 0.2177 0.9738
vn 0.3377 0.5644 0.7533
vn 0.1940 0.3958 -0.8976
vn 0.2587 0.2018 -0.9447
vn 0.3056 0.1607 -0.9385
vn 0.1609 0.3314 -0.9297
vn 0.0804 0.2588 -0.9626
vn -0.1588 0.3292 -0.9308
vn 0.0137 0.0725 -0.9973
vn 0.3315 0.0118 -0.9434
vn 0.3040 0.3001 -0.9042
vn 0.1941 0.3959 -0.8975
vn -0.4080 0.3492 -0.8435
vn -0.4741 0.2487 -0.8446
vn -0.4354 0.5511 -0.7119
vn -0.3821 0.5682 -0.7288
vn -0.3981 0.8374 -0.3746
vn -0.6467 0.6721 0.3606
vn -0.6406 0.6738 0.3683
vn -0.5900 0.6724 0.4469
vn -0.7364 0.5954 0.3212
vn -0.7661 0.4486 0.4603
vn -0.2743 0.9211 0.2763
vn -0.2468 0.9351 0.2545
vn -0.6979 -0.3882 0.6019
vn -0.5680 -0.6387 0.5191
vn -0.6271 -0.5429 0.5585
vn -0.6942 -0.4176 0.5863
vn -0.3723 -0.8485 0.3762
vn -0.3289 -0.9007 0.2839
vn -0.3157 -0.9197 0.2334
vn -0.3157 -0.9197 0.2333
vn 0.5155 -0.1921 0.8351
vn 0.4649 -0.3532 0.8119
vn 0.5708 -0.1216 0.8120
vn 0.5722 -0.0901 0.8152
vn 0.5977 -0.0569 0.7997
vn 0.5567 -0.1783 0.8114
vn 0.4936 -0.3193 0.8090
vn 0.5118 -0.0059 0.8591
vn 0.7229 0.3664 0.5858
vn 0.5608 0.5333 0.6333
vn 0.3468 0.3036 0.8875
vn 0.4920 0.2999 0.8173
vn 0.3920 0.3097 0.8663
vn 0.4214 0.2117 0.8819
vn 0.3995 0.3799 0.8343
vn 0.3706 0.3235 0.8706
vn 0.7852 0.2802 0.5523
vn -0.0352 -0.0098 -0.9993
vn -0.0411 -0.0116 -0.9991
vn 0.1647 0.0176 -0.9862
vn 0.2235 0.0255 -0.9744
vn 0.2960 0.6055 -0.7388
vn 0.6273 0.2882 -0.7235
vn 0.5094 0.3468 -0.7876
vn 0.2802 0.6132 -0.7386
vn 0.3507 0.6250 -0.6974
vn 0.3313 0.6174 -0.7134
vn 0.2488 0.6267 -0.7384
vn 0.5603 0.7659 -0.3154
vn 0.6866 0.6707 -0.2806
vn 0.7366 0.6524 -0.1783
vn 0.6176 0.7843 -0.0588
vn 0.7741 0.6056 -0.1843
vn 0.8090 0.5877 -0.0079
vn 0.5702 0.8152 0.1019
vn 0.4569 0.8882 -0.0491
vn 0.6334 0.6885 -0.3532
vn 0.3369 0.9401 0.0529
vn 0.1918 0.5110 -0.8379
vn 0.1474 0.5860 -0.7968
vn 0.2686 0.4764 -0.8372
vn 0.2782 0.3762 -0.8838
vn 0.3234 0.3430 -0.8819
vn 0.3664 0.3449 -0.8642
vn 0.4569 0.3688 -0.8094
vn -0.5530 0.8218 0.1373
vn -0.5530 0.8218 0.1372
vn -0.5509 0.8215 0.1470
vn -0.4819 0.7895 0.3801
vn -0.5131 0.8362 0.1939
vn -0.2408 0.9200 0.3092
vn -0.1391 0.8896 0.4350
vn -0.0470 0.9389 0.3410
vn -0.1038 0.9047 0.4132
vn -0.3348 0.6404 0.6912
vn -0.4787 0.3336 0.8122
vn -0.3683 0.8032 0.4682
vn -0.4139 0.6611 0.6258
vn -0.8294 0.3666 0.4216
vn -0.6230 0.7621 0.1763
vn 0.3471 0.9314 -0.1098
vn 0.6527 0.7444 0.1411
vn 0.2646 0.9488 -0.1725
vn -0.0333 0.9186 -0.3937
vn 0.0256 0.9492 -0.3138
vn -0.0354 0.9988 0.0333
vn -0.0979 0.9385 -0.3311
vn -0.1900 0.9498 -0.2487
vn -0.4469 0.7312 -0.5154
vn -0.1215 0.7213 -0.6819
vn 0.4703 0.8681 -0.1587
vn 0.3583 0.9084 -0.2154
vn 0.5529 -0.7548 0.3529
vn 0.5530 -0.7548 0.3528
vn 0.5767 -0.7787 0.2472
vn 0.5507 -0.8132 0.1881
vn 0.5779 -0.8013 0.1548
vn 0.2626 -0.9524 -0.1548
vn 0.6156 -0.7254 0.3078
vn 0.4745 -0.8783 0.0589
vn 0.0059 -0.9106 -0.4132
vn -0.1606 -0.8284 -0.5366
vn -0.3471 -0.7256 -0.5942
vn -0.4981 -0.5590 -0.6629
vn -0.2958 -0.7190 -0.6289
vn -0.5298 -0.5455 -0.6495
vn -0.1275 -0.5254 -0.8412
vn -0.5445 -0.2997 -0.7834
vn -0.5608 -0.6334 -0.5332
vn -0.5959 -0.4236 -0.6823
vn -0.4960 -0.5567 -0.6664
vn -0.5553 -0.5219 -0.6475
vn -0.5021 -0.5647 -0.6550
vn -0.2649 -0.8926 -0.3649
vn -0.1392 -0.8798 -0.4545
vn -0.5134 -0.6076 -0.6060
vn 0.6630 0.7039 0.2549
vn 0.2490 0.0882 0.9645
vn 0.2980 0.3249 0.8976
vn 0.0353 0.0255 0.9991
vn 0.2043 0.0295 0.9785
vn 0.0802 -0.0235 0.9965
vn -0.1273 -0.0294 0.9914
vn -0.2824 0.0432 0.9583
vn -0.9908 -0.0842 0.1057
vn -0.9908 -0.0842 0.1058
vn -0.9908 -0.0843 0.1058
vn -0.6374 -0.0745 -0.7669
vn -0.8498 -0.0216 -0.5267
vn -0.6903 -0.1588 -0.7059
vn -0.6684 -0.0999 -0.7370
vn -0.7117 -0.1314 -0.6901
vn -0.7775 0.0157 -0.6286
vn -0.7566 0.0804 -0.6489
vn -0.6682 0.0452 -0.7426
vn 0.9908 -0.1038 0.0862
vn 0.9909 -0.1037 0.0861
vn 0.9909 -0.1038 0.0861
vn -0.7490 -0.3823 -0.5412
vn -0.7489 -0.3823 -0.5412
vn -0.7491 -0.3824 -0.5410
vn -0.1802 -0.9754 -0.1273
vn -0.5884 -0.1961 0.7845
vn -0.5155 -0.4861 0.7056
vn -0.5155 -0.4861 0.7057
vn -0.5233 -0.4663 0.7133
vn -0.2606 -0.7326 0.6288
vn -0.2390 -0.7622 0.6016
vn -0.0864 -0.5768 0.8123
vn 0.0960 -0.8360 0.5403
vn 0.2175 -0.6468 0.7310
vn 0.4921 -0.7627 0.4195
vn 0.4916 -0.7463 0.4486
vn 0.5155 -0.7370 0.4371
vn 0.5393 -0.7060 0.4589
vn 0.3627 -0.8980 0.2490
vn 0.2921 -0.9331 0.2098
vn 0.6111 -0.7775 -0.1488
vn 0.9405 -0.2939 0.1705
vn 0.7762 -0.5390 -0.3273
vn 0.3650 -0.7339 -0.5729
vn 0.3607 -0.7745 -0.5196
vn 0.3723 -0.8113 -0.4507
vn 0.3647 -0.6294 -0.6862
vn 0.3668 -0.8729 -0.3217
vn 0.3236 -0.8786 -0.3511
vn 0.3237 -0.8786 -0.3511
vn 0.9723 0.0118 -0.2333
vn 0.9665 0.0294 -0.2549
vn 0.9879 0.0275 -0.1529
vn 0.9924 -0.0371 -0.1175
vn 0.9881 -0.0725 -0.1353
vn 0.9924 -0.0372 -0.1174
vn 0.9879 0.0274 -0.1528
vn 0.9928 -0.0020 -0.1194
vn 0.6722 0.7328 0.1057
vn 0.5878 0.7522 -0.2977
vn 0.4565 0.8855 -0.0862
vn 0.3681 0.8478 -0.3818
vn 0.2332 0.9129 -0.3350
vn 0.4154 0.7211 -0.5545
vn 0.4039 0.6803 -0.6117
vn 0.4666 0.6588 -0.5901
vn 0.4425 0.6051 -0.6619
vn 0.2920 0.6937 -0.6585
vn 0.2665 0.7094 -0.6525
vn -0.1705 0.3801 -0.9091
vn -0.2958 0.7561 -0.5837
vn -0.4906 0.5259 -0.6947
vn -0.1881 0.0236 -0.9819
vn -0.1449 0.0079 -0.9894
vn -0.1294 0.1215 -0.9841
vn -0.4977 0.7504 -0.4350
vn -0.4900 0.7565 -0.4331
vn -0.4902 0.7607 -0.4255
vn -0.4939 0.7722 -0.3998
vn -0.3096 0.9288 -0.2038
vn -0.2213 0.9638 -0.1489
vn -0.4807 0.8163 0.3201
vn -0.9386 0.2881 -0.1901
vn -0.5799 0.7267 0.3682
vn -0.9944 0.0548 -0.0901
vn -0.9881 -0.0294 -0.1509
vn -0.9829 -0.0587 -0.1743
vn -0.3685 0.7900 0.4900
vn -0.3881 0.6546 0.6487
vn -0.3782 0.6643 0.6447
vn -0.4020 0.6706 0.6235
vn -0.5195 0.5802 0.6273
vn -0.5493 0.5493 0.6297
vn -0.5332 0.5429 0.6488
vn -0.4642 0.3428 0.8167
vn 0.0157 0.9031 0.4291
vn -0.2509 0.8312 0.4961
vn 0.1977 0.7891 0.5816
vn 0.0882 0.0764 0.9932
vn -0.0157 -0.0960 0.9953
vn -0.1488 -0.0196 0.9887
vn -0.0060 0.0940 0.9956
vn 0.5627 0.7235 0.4000
vn 0.6448 0.6115 0.4586
vn 0.4862 0.8117 0.3235
vn 0.4800 0.8170 0.3194
vn 0.4645 0.8035 0.3723
vn 0.4157 0.8707 0.2628
vn -0.0058 0.0941 0.9955
vn -0.1487 -0.0195 0.9887
vn 0.1176 0.0451 0.9920
vn -0.0352 -0.1331 0.9905
vn -0.4077 -0.8645 -0.2940
vn -0.3094 -0.9244 -0.2232
vn -0.3095 -0.9243 -0.2233
vn -0.5736 -0.7071 -0.4135
vn -0.6776 -0.5504 -0.4877
vn -0.6773 -0.5504 -0.4882
vn -0.7490 -0.3824 -0.5410
vn -0.0548 -0.0098 -0.9984
vn 0.1214 -0.0001 -0.9926
vn 0.0902 0.0176 -0.9958
vn -0.1392 0.0294 -0.9898
vn 0.5060 -0.6747 0.5374
vn 0.6022 -0.5374 0.5904
vn 0.2785 -0.8985 0.3393
vn 0.2214 -0.9328 0.2842
vn 0.3727 -0.7376 0.5630
vn 0.3905 -0.7063 0.5905
vn 0.3548 -0.7625 0.5410
vn 0.3468 -0.7464 0.5681
vn 0.3845 -0.8160 0.4316
vn 0.3984 -0.8474 0.3511
vn 0.5018 -0.7155 -0.4861
vn 0.5078 -0.7057 -0.4941
vn 0.3940 -0.8566 -0.3332
vn 0.4532 -0.8298 -0.3257
vn 0.4704 -0.8233 -0.3175
vn 0.4393 -0.8824 -0.1686
vn 0.4900 -0.8056 -0.3332
vn 0.5414 -0.6297 -0.5571
vn 0.5104 -0.7343 -0.4476
vn 0.4920 -0.7743 -0.3979
vn 0.5565 -0.7466 -0.3645
vn -0.4449 -0.6722 -0.5918
vn -0.4175 -0.7072 -0.5706
vn -0.5349 -0.5643 -0.6289
vn -0.5628 -0.4608 -0.6863
vn -0.3567 -0.8172 -0.4527
vn -0.3272 -0.8581 -0.3958
vn -0.2470 -0.9252 -0.2881
vn -0.3371 -0.8898 -0.3077
vn -0.4000 -0.8450 -0.3549
vn -0.3863 -0.8092 -0.4427
vn -0.2471 0.2804 0.9275
vn -0.3800 0.3805 0.8431
vn -0.1899 0.0764 0.9788
vn -0.2917 -0.0959 0.9517
vn -0.4195 -0.0196 0.9076
vn -0.2842 0.0940 0.9542
vn -0.3352 -0.7685 0.5450
vn -0.4269 -0.7323 0.5306
vn -0.3980 -0.7627 0.5098
vn -0.7549 -0.2510 0.6059
vn -0.7905 -0.1394 0.5964
vn -0.4742 -0.8212 0.3174
vn -0.4275 -0.8549 0.2941
vn -0.5211 -0.7424 0.4212
vn -0.5236 -0.7392 0.4236
vn -0.4567 -0.8487 0.2666
vn -0.4155 -0.8860 0.2058
vn -0.9285 0.1038 -0.3565
vn -0.9240 0.1078 -0.3668
vn -0.9292 0.0706 -0.3627
vn -0.9086 -0.0196 -0.4171
vn -0.9321 -0.0529 -0.3583
vn -0.9792 0.0352 -0.1999
vn -0.4842 0.7998 0.3548
vn -0.4843 0.7997 0.3548
vn -0.4919 0.7898 0.3665
vn -0.5547 0.6547 0.5136
vn -0.5429 0.6645 0.5135
vn -0.5606 0.6704 0.4861
vn -0.6743 0.5802 0.4567
vn -0.7038 0.5489 0.4509
vn -0.6934 0.5426 0.4741
vn -0.6740 0.3429 0.6544
vn -0.4112 0.8478 0.3349
vn -0.3918 0.8678 0.3056
vn -0.3565 0.7505 -0.5565
vn -0.4270 0.6954 -0.5779
vn -0.4137 0.7078 -0.5725
vn -0.3489 0.7567 -0.5529
vn -0.3511 0.7611 -0.5453
vn -0.3623 0.7716 -0.5229
vn -0.2410 0.9286 -0.2821
vn -0.1704 0.9637 -0.2057
vn -0.4898 0.7464 -0.4506
vn -0.7013 0.4780 -0.5289
vn 0.4293 0.7232 0.5410
vn 0.1945 0.8820 0.4294
vn 0.2077 0.8722 0.4429
vn 0.4921 0.6116 0.6195
vn 0.3764 0.8115 0.4469
vn 0.3722 0.8168 0.4407
vn 0.3430 0.8037 0.4861
vn 0.3255 0.8707 0.3687
vn 0.3702 0.8578 0.3565
vn 0.3917 0.8441 0.3662
vn -0.2626 -0.1881 0.9464
vn -0.2528 -0.1939 0.9479
vn -0.3116 -0.1332 0.9408
vn -0.1626 0.0451 0.9857
vn -0.2841 0.0941 0.9542
vn -0.4194 -0.0195 0.9076
vn -0.9424 -0.1117 -0.3154
vn -0.9336 -0.0039 -0.3582
vn -0.9401 -0.0823 -0.3309
vn -0.9321 -0.0528 -0.3583
vn -0.9792 0.0353 -0.1998
vn 0.9915 0.0275 0.1273
vn 0.9860 -0.0371 0.1627
vn 0.9993 0.0294 0.0235
vn 0.9988 0.0118 0.0470
vn 0.9729 -0.0118 0.2310
vn 0.9654 -0.0000 0.2606
vn 0.0902 0.0177 -0.9958
vn 0.1214 0.0001 -0.9926
vn 0.2802 0.1215 -0.9522
vn 0.3609 0.0765 -0.9295
vn 0.4235 0.0078 -0.9059
vn 0.1861 -0.0784 -0.9794
vn 0.1235 -0.0941 -0.9879
vn 0.1196 -0.0941 -0.9884
vn 0.3806 0.7181 -0.5827
vn 0.3701 0.7244 -0.5817
vn 0.4387 0.7089 -0.5522
vn 0.4649 0.6944 -0.5493
vn 0.6095 0.6056 -0.5116
vn 0.6132 0.6582 -0.4369
vn 0.5545 0.7211 -0.4154
vn 0.5587 0.6803 -0.4744
vn 0.3175 0.9134 -0.2548
vn 0.4603 0.8481 -0.2625
vn 0.4899 0.8366 -0.2450
vn 0.4877 0.8385 -0.2429
vn 0.9870 -0.0019 0.1606
vn 0.9774 0.1743 0.1194
vn 0.9756 0.1332 0.1744
vn 0.9871 -0.0724 0.1430
vn 0.9915 0.0274 0.1274
vn 0.9860 -0.0373 0.1627
vn 0.0588 -0.8511 0.5217
vn 0.4647 -0.6493 0.6020
vn 0.1883 -0.8553 0.4826
vn 0.0783 -0.9340 0.3486
vn 0.1177 -0.9423 0.3134
vn -0.9069 -0.0431 0.4192
vn -0.9051 -0.0411 0.4232
vn -0.8735 -0.0705 0.4818
vn -0.9368 -0.1510 0.3155
vn -0.9462 0.0392 0.3213
vn -0.9953 0.0118 0.0960
vn -0.8191 0.5683 -0.0783
vn -0.8424 -0.5369 -0.0471
vn -0.1980 0.6254 0.7548
vn 0.1471 0.5139 0.8452
vn -0.1566 0.6167 0.7714
vn -0.4019 0.6503 0.6447
vn 0.5274 0.7646 0.3705
vn 0.4492 0.7594 0.4707
vn 0.4154 0.8680 0.2723
vn 0.4035 0.9145 0.0294
vn -0.0980 -0.9445 -0.3135
vn 0.0140 -0.9468 -0.3216
vn -0.1196 -0.9352 -0.3333
vn -0.1235 -0.9354 -0.3314
vn -0.1685 -0.9285 -0.3310
vn -0.1627 -0.9349 -0.3155
vn -0.3256 -0.8980 -0.2959
vn -0.0980 -0.0529 0.9938
vn 0.2118 -0.1295 0.9687
vn 0.2036 -0.1233 0.9713
vn 0.0450 -0.1254 0.9911
vn -0.0804 -0.1432 0.9864
vn -0.0373 -0.2039 0.9783
vn -0.1647 -0.2295 0.9593
vn -0.2508 0.0235 -0.9678
vn -0.2507 0.0235 -0.9678
vn -0.1920 0.8657 -0.4622
vn -0.5998 0.6998 -0.3879
vn -0.1646 0.8834 -0.4388
vn -0.0118 0.9272 -0.3744
vn 0.0392 0.9371 -0.3470
vn 0.0155 0.9684 -0.2489
vn 0.1646 0.9463 -0.2783
vn 0.3509 -0.2058 -0.9135
vn 0.4430 -0.4958 -0.7470
vn 0.3709 -0.4572 -0.8084
vn 0.3153 -0.2605 -0.9126
vn 0.3035 -0.0451 -0.9518
vn 0.3764 0.0961 -0.9215
vn 0.5473 0.2453 -0.8002
vn -0.7021 0.2098 -0.6805
vn -0.8328 0.0744 -0.5486
vn -0.7714 -0.0000 -0.6363
vn -0.7212 0.0627 -0.6899
vn -0.7631 -0.3809 -0.5221
vn 0.8971 -0.0784 -0.4348
vn 0.8304 0.3602 -0.4250
vn 0.9132 0.2861 -0.2900
vn 0.9802 -0.1411 -0.1392
vn 0.9521 0.2762 0.1313
vn 0.9776 -0.0823 0.1939
vn 0.9233 -0.3588 0.1372
vn 0.8452 -0.4177 -0.3334
vn 0.8272 -0.3803 -0.4136
vn 0.4648 -0.6491 0.6021
vn 0.1174 -0.9423 0.3135
vn -0.9051 -0.0410 0.4231
vn -0.8424 -0.5368 -0.0470
vn 0.1470 0.5137 0.8453
vn -0.4015 0.6507 0.6445
vn 0.4492 0.7594 0.4706
vn 0.4154 0.8679 0.2723
vn 0.0135 -0.9469 -0.3213
vn -0.1236 -0.9354 -0.3314
vn -0.1627 -0.9349 -0.3156
vn 0.2037 -0.1234 0.9712
vn 0.0451 -0.1254 0.9911
vn -0.1648 -0.2295 0.9592
vn 0.4430 -0.4960 -0.7468
vn 0.3708 -0.4572 -0.8084
vn 0.3153 -0.2603 -0.9126
vn 0.5464 0.2448 -0.8009
vn -0.8327 0.0746 -0.5487
vn -0.7212 0.0627 -0.6898
vn 0.8971 -0.0783 -0.4348
vn 0.8304 0.3604 -0.4250
vn 0.9233 -0.3587 0.1372
vn -0.5253 -0.8507 -0.0196
vn -0.6669 -0.6486 0.3667
vn -0.5062 -0.8554 0.1099
vn -0.3564 -0.9340 0.0235
vn -0.3273 -0.9424 0.0686
vn -0.2745 -0.0431 -0.9606
vn -0.2781 -0.0411 -0.9597
vn -0.3412 -0.0706 -0.9373
vn -0.1667 -0.1510 -0.9744
vn -0.1725 0.0392 -0.9842
vn 0.0568 0.0117 -0.9983
vn 0.2041 0.5682 -0.7972
vn 0.1764 -0.5369 -0.8250
vn -0.7141 0.6258 -0.3139
vn -0.8581 0.5133 0.0137
vn -0.7384 0.6170 -0.2722
vn -0.5748 0.6510 -0.4958
vn -0.4469 0.7645 0.4646
vn -0.5354 0.7589 0.3706
vn -0.3331 0.8680 0.3683
vn -0.0901 0.9148 0.3938
vn 0.3253 -0.9445 -0.0470
vn 0.3156 -0.9468 0.0626
vn 0.3488 -0.9348 -0.0666
vn 0.3470 -0.9352 -0.0706
vn 0.3543 -0.9280 -0.1155
vn 0.3371 -0.9348 -0.1117
vn 0.3432 -0.8983 -0.2745
vn -0.9666 -0.0529 -0.2509
vn -0.9898 -0.1294 0.0589
vn -0.9911 -0.1234 0.0509
vn -0.9864 -0.1255 -0.1059
vn -0.9623 -0.1431 -0.2313
vn -0.9611 -0.2040 -0.1863
vn -0.9223 -0.2291 -0.3113
vn 0.9949 0.0235 -0.0979
vn 0.4859 0.8661 -0.1175
vn 0.4761 0.6995 -0.5329
vn 0.4585 0.8837 -0.0941
vn 0.3724 0.9271 0.0431
vn 0.3371 0.9369 0.0921
vn 0.2430 0.9686 0.0528
vn 0.2507 0.9460 0.2056
vn 0.8483 -0.2057 0.4879
vn 0.6690 -0.4963 0.5533
vn 0.7411 -0.4568 0.4921
vn 0.8527 -0.2606 0.4528
vn 0.8935 -0.0451 0.4468
vn 0.8518 0.0960 0.5150
vn 0.7058 0.2451 0.6647
vn 0.7815 0.2096 -0.5876
vn 0.6710 0.0744 -0.7377
vn 0.7480 -0.0000 -0.6638
vn 0.7918 0.0627 -0.6076
vn 0.6340 -0.3806 -0.6733
vn 0.2922 -0.0784 0.9531
vn 0.2920 0.3606 0.8858
vn 0.1470 0.2862 0.9468
vn -0.0118 -0.1411 0.9899
vn -0.2762 0.2762 0.9206
vn -0.3426 -0.0822 0.9359
vn -0.2781 -0.3584 0.8912
vn 0.1981 -0.4178 0.8867
vn 0.2801 -0.3801 0.8815
vn -0.6669 -0.6487 0.3667
vn -0.3270 -0.9425 0.0685
vn -0.2746 -0.0432 -0.9606
vn -0.1666 -0.1510 -0.9744
vn 0.0568 0.0118 -0.9983
vn 0.2039 0.5681 -0.7973
vn 0.1763 -0.5369 -0.8250
vn -0.5747 0.6510 -0.4958
vn -0.5353 0.7589 0.3707
vn -0.3331 0.8680 0.3684
vn 0.3156 -0.9468 0.0627
vn 0.3432 -0.8982 -0.2746
vn -0.9910 -0.1234 0.0510
vn -0.9223 -0.2289 -0.3113
vn 0.4762 0.6995 -0.5329
vn 0.2433 0.9685 0.0532
vn 0.2507 0.9460 0.2055
vn 0.6690 -0.4962 0.5533
vn 0.8526 -0.2608 0.4527
vn 0.8935 -0.0450 0.4468
vn 0.8518 0.0959 0.5150
vn 0.6710 0.0746 -0.7377
vn 0.7479 -0.0000 -0.6638
vn 0.6339 -0.3807 -0.6732
vn -0.3426 -0.0823 0.9359
vn 0.2801 -0.3800 0.8815
vn -0.3275 -0.9424 0.0687
vn -0.2744 -0.0431 -0.9606
vn -0.2782 -0.0412 -0.9596
vn -0.1726 0.0392 -0.9842
vn 0.2036 0.5681 -0.7974
vn 0.1764 -0.5370 -0.8250
vn -0.5350 0.7589 0.3713
vn 0.3156 -0.9468 0.0628
vn 0.3432 -0.8981 -0.2750
vn -0.9222 -0.2292 -0.3114
vn 0.4763 0.6995 -0.5328
vn 0.2507 0.9460 0.2054
vn 0.6691 -0.4962 0.5533
vn 0.7410 -0.4568 0.4921
vn 0.8526 -0.2609 0.4527
vn 0.8935 -0.0451 0.4467
vn 0.7060 0.2450 0.6645
vn -0.3269 -0.9426 0.0685
vn -0.2780 -0.0410 -0.9597
vn -0.8581 0.5133 0.0138
vn -0.5355 0.7590 0.3704
vn 0.3432 -0.8983 -0.2743
vn -0.9899 -0.1294 0.0588
vn 0.4859 0.8661 -0.1176
vn 0.4759 0.6995 -0.5331
vn 0.2507 0.9460 0.2057
vn 0.6689 -0.4965 0.5532
vn 0.8527 -0.2607 0.4528
vn 0.7057 0.2451 0.6647
vn 0.6710 0.0745 -0.7377
vn 0.6339 -0.3808 -0.6732
vn 0.2920 0.3607 0.8858
vn -0.2781 -0.3585 0.8912
vn -0.7467 -0.4645 0.4762
vn -0.8014 -0.4585 0.3841
vn -0.7451 -0.4647 0.4784
vn -0.6919 -0.4649 0.5524
vn -0.0842 -0.7153 0.6938
vn -0.0177 -0.5152 0.8569
vn 0.1529 -0.5373 0.8294
vn -0.1254 -0.7720 0.6231
vn -0.2137 -0.7859 0.5803
vn -0.4291 -0.2136 0.8777
vn -0.3194 -0.1843 0.9295
vn -0.3880 -0.1626 0.9072
vn -0.5158 -0.3060 0.8002
vn -0.5295 -0.3368 0.7786
vn -0.9113 0.2646 0.3156
vn -0.9007 0.0372 0.4328
vn -0.9374 0.2118 0.2765
vn -0.9016 0.2979 0.3136
vn -0.8814 0.2958 0.3682
vn -0.8932 0.2977 0.3369
vn -0.9458 0.1801 0.2702
vn -0.9809 0.0195 0.1937
vn 0.7072 -0.3271 -0.6268
vn 0.5528 -0.4116 -0.7246
vn 0.6957 -0.3802 -0.6095
vn 0.7484 -0.1920 -0.6348
vn 0.7385 -0.1546 -0.6563
vn -0.5666 -0.7958 -0.2137
vn -0.4846 -0.8259 -0.2883
vn -0.6488 -0.7506 -0.1254
vn -0.7192 -0.6938 -0.0375
vn 0.6466 -0.7465 -0.1567
vn 0.5897 -0.7484 -0.3036
vn 0.6480 -0.7185 -0.2526
vn 0.5983 -0.7983 -0.0687
vn 0.5582 -0.8286 -0.0432
vn 0.5394 -0.8416 -0.0292
vn 0.5314 -0.8471 -0.0059
vn 0.5365 -0.8437 0.0176
vn -0.1922 0.9671 0.1668
vn -0.1589 0.9648 0.2097
vn -0.1863 0.9669 0.1745
vn -0.1920 0.9658 0.1744
vn -0.1940 0.9661 0.1705
vn -0.1549 0.9600 0.2332
vn 0.3741 0.8520 0.3663
vn 0.3019 0.8902 0.3412
vn 0.3787 0.8497 0.3669
vn 0.4707 0.7884 0.3962
vn 0.0059 0.6781 0.7349
vn 0.2606 0.7170 0.6465
vn -0.0628 0.6592 0.7494
vn -0.1843 0.6252 0.7584
vn -0.1900 0.6266 0.7558
vn -0.2254 0.6350 0.7389
vn -0.4114 0.8484 0.3331
vn -0.2077 0.9324 0.2959
vn -0.3448 0.8090 0.4760
vn -0.3391 0.7467 0.5723
vn -0.2590 0.6927 0.6731
vn -0.2746 0.6590 0.7002
vn -0.2509 0.6390 0.7272
vn -0.2545 -0.0862 0.9632
vn -0.2526 -0.1023 0.9621
vn -0.2549 -0.0921 0.9626
vn -0.1941 -0.0725 0.9783
vn -0.1097 -0.0764 0.9910
vn -0.0783 -0.1097 0.9909
vn -0.0764 -0.1273 0.9889
vn 0.0275 -0.1216 0.9922
vn 0.1487 -0.0156 0.9888
vn 0.6491 0.5784 -0.4941
vn 0.5508 0.5783 -0.6018
vn 0.7214 0.5136 -0.4646
vn 0.7157 0.5765 -0.3941
vn 0.6415 0.6768 -0.3610
vn 0.7243 0.5384 -0.4307
vn 0.6883 0.4431 -0.5744
vn 0.6490 0.5784 -0.4941
vn 0.5136 0.5998 -0.6135
vn 0.3903 0.6179 -0.6826
vn 0.3999 0.6095 -0.6845
vn 0.9486 0.3057 0.0823
vn 0.9658 0.0960 -0.2410
vn 0.9657 0.2390 -0.1019
vn 0.9579 0.1939 0.2116
vn 0.9705 0.1000 0.2196
vn 0.9911 0.0489 0.1234
vn 0.9890 -0.0175 0.1469
vn -0.3017 -0.3528 -0.8857
vn -0.3409 -0.3213 -0.8835
vn -0.1273 -0.3545 -0.9263
vn -0.0059 -0.3350 -0.9422
vn -0.0236 -0.3020 -0.9530
vn -0.1058 -0.3841 -0.9172
vn -0.0039 -0.1939 -0.9810
vn 0.0588 -0.1587 -0.9856
vn 0.2823 -0.1862 -0.9411
vn -0.1039 0.4393 -0.8923
vn -0.3646 0.0157 -0.9310
vn -0.2648 0.2706 -0.9256
vn -0.1410 0.4800 -0.8659
vn -0.0490 0.4607 -0.8862
vn -0.0254 0.4470 -0.8941
vn -0.1726 0.1883 -0.9668
vn -0.1469 0.2862 -0.9468
vn -0.1940 0.2723 -0.9424
vn -0.1195 0.0842 -0.9893
vn -0.0763 0.0332 -0.9965
vn -0.0451 -0.4647 0.8843
vn -0.1530 -0.4591 0.8751
vn -0.0432 -0.4647 0.8844
vn 0.0450 -0.4647 0.8843
vn 0.5139 -0.7159 0.4727
vn 0.6859 -0.5156 0.5135
vn 0.7639 -0.5367 0.3585
vn 0.4329 -0.7716 0.4661
vn 0.3470 -0.7862 0.5113
vn 0.4626 -0.2136 0.8605
vn 0.5684 -0.1846 0.8018
vn 0.5111 -0.1625 0.8440
vn 0.3489 -0.3057 0.8859
vn 0.3234 -0.3372 0.8841
vn -0.2743 0.2645 0.9246
vn -0.1707 0.0373 0.9846
vn -0.3196 0.2118 0.9236
vn -0.2705 0.2980 0.9154
vn -0.2118 0.2961 0.9314
vn -0.2449 0.2978 0.9227
vn -0.3292 0.1803 0.9269
vn -0.4134 0.0201 0.9103
vn -0.0960 -0.3271 -0.9401
vn -0.2663 -0.4112 -0.8718
vn -0.0901 -0.3800 -0.9206
vn -0.0803 -0.1921 -0.9781
vn -0.1019 -0.1548 -0.9827
vn -0.5034 -0.7961 0.3358
vn -0.5175 -0.8254 0.2254
vn -0.4801 -0.7502 0.4547
vn -0.4510 -0.6942 0.5609
vn 0.2488 -0.7465 -0.6171
vn 0.0940 -0.7485 -0.6564
vn 0.1704 -0.7189 -0.6739
vn 0.2921 -0.7979 -0.5274
vn 0.2880 -0.8287 -0.4800
vn 0.2884 -0.8414 -0.4570
vn 0.3039 -0.8473 -0.4356
vn 0.3271 -0.8441 -0.4248
vn 0.0235 0.9667 0.2549
vn 0.0784 0.9648 0.2510
vn 0.0333 0.9664 0.2548
vn 0.0274 0.9656 0.2586
vn 0.0255 0.9657 0.2586
vn 0.0980 0.9599 0.2626
vn 0.5153 0.8523 -0.0901
vn 0.4530 0.8904 -0.0451
vn 0.5197 0.8492 -0.0941
vn 0.5975 0.7876 -0.1509
vn 0.6014 0.6778 0.4231
vn 0.6780 0.7164 0.1644
vn 0.5725 0.6588 0.4882
vn 0.5079 0.6256 0.5922
vn 0.5017 0.6271 0.5958
vn 0.4687 0.6353 0.6138
vn 0.0313 0.8481 0.5288
vn 0.1194 0.9319 0.3426
vn 0.1843 0.8099 0.5569
vn 0.2665 0.7467 0.6094
vn 0.3959 0.6919 0.6037
vn 0.4097 0.6586 0.6312
vn 0.4429 0.6389 0.6291
vn 0.6335 -0.0863 0.7689
vn 0.6348 -0.1020 0.7659
vn 0.6344 -0.0920 0.7675
vn 0.6823 -0.0726 0.7274
vn 0.6814 -0.0724 0.7283
vn 0.7413 -0.0765 0.6668
vn 0.7592 -0.1099 0.6415
vn 0.7586 -0.1274 0.6390
vn 0.8231 -0.1215 0.5547
vn 0.8916 -0.0157 0.4526
vn -0.0235 0.5783 -0.8155
vn -0.1667 0.5786 -0.7984
vn 0.0411 0.5129 -0.8575
vn 0.0961 0.5763 -0.8115
vn 0.0804 0.6768 -0.7317
vn 0.0705 0.5383 -0.8398
vn -0.0647 0.4431 -0.8941
vn -0.1980 0.6005 -0.7747
vn -0.3273 0.6174 -0.7153
vn -0.3235 0.6099 -0.7234
vn 0.6205 0.3053 -0.7223
vn 0.3666 0.0960 -0.9254
vn 0.4784 0.2392 -0.8449
vn 0.7299 0.1942 -0.6554
vn 0.7444 0.0999 -0.6602
vn 0.6783 0.0490 -0.7332
vn 0.6954 -0.0179 -0.7184
vn -0.8962 -0.3530 -0.2687
vn -0.9172 -0.3215 -0.2353
vn -0.8274 -0.3549 -0.4353
vn -0.7701 -0.3351 -0.5428
vn -0.7886 -0.3021 -0.5355
vn -0.8078 -0.3843 -0.4470
vn -0.8005 -0.1942 -0.5670
vn -0.7660 -0.1587 -0.6230
vn -0.5998 -0.1861 -0.7782
vn -0.7860 0.4391 -0.4351
vn -0.9694 0.0157 -0.2449
vn -0.9069 0.2702 -0.3232
vn -0.7864 0.4805 -0.3883
vn -0.7504 0.4605 -0.4742
vn -0.7430 0.4471 -0.4981
vn -0.8873 0.1880 -0.4211
vn -0.8566 0.2862 -0.4294
vn -0.8790 0.2721 -0.3915
vn -0.8742 0.0843 -0.4782
vn -0.8549 0.0332 -0.5177
vn -0.7502 0.0627 0.6582
vn -0.7094 0.1137 0.6956
vn -0.7118 0.1745 0.6804
vn -0.7528 0.1725 0.6352
vn -0.7699 0.0824 0.6328
vn -0.7695 -0.0196 0.6384
vn -0.7271 0.0588 0.6840
vn 0.1862 -0.9780 0.0941
vn 0.1274 -0.9918 -0.0059
vn 0.2781 -0.9501 -0.1411
vn 0.2941 -0.9549 0.0412
vn 0.2057 -0.9504 0.2332
vn 0.1509 -0.9503 0.2724
vn 0.1137 -0.9747 0.1922
vn -0.1589 -0.8927 -0.4218
vn -0.1841 -0.9361 -0.2996
vn -0.3546 -0.8543 -0.3801
vn -0.2745 -0.8174 -0.5064
vn -0.1137 -0.8432 -0.5255
vn -0.0588 -0.9155 -0.3979
vn -0.0118 0.9999 -0.0020
vn 0.3198 0.9455 -0.0608
vn 0.0292 0.9813 -0.1901
vn -0.1275 0.9787 -0.1608
vn -0.2527 0.9675 0.0118
vn -0.1157 0.9808 0.1569
vn 0.1176 0.9856 0.1215
vn 0.3233 -0.0059 0.9463
vn -0.0215 0.0470 0.9987
vn 0.0883 -0.1648 0.9824
vn 0.4430 -0.2823 0.8509
vn 0.6071 -0.1332 0.7834
vn 0.4879 0.1881 0.8524
vn 0.2488 0.3506 0.9029
vn 0.6110 0.0294 0.7911
vn 0.4998 0.2156 0.8389
vn 0.4759 0.0197 0.8793
vn 0.4644 -0.1313 0.8758
vn 0.6388 -0.1607 0.7524
vn 0.7922 -0.1471 0.5922
vn 0.8009 0.0802 0.5934
vn 0.7780 0.2548 0.5742
vn 0.5723 0.2274 0.7879
vn -0.6938 -0.6233 -0.3607
vn -0.5786 -0.6982 -0.4217
vn -0.6513 -0.6101 -0.4512
vn -0.6511 -0.6060 -0.4570
vn -0.6487 -0.5937 -0.4762
vn -0.7801 -0.4763 -0.4057
vn -0.7957 -0.5429 -0.2685
vn -0.6959 -0.6645 -0.2725
vn -0.7060 -0.6433 -0.2961
vn -0.6229 -0.7266 -0.2899
vn 0.5093 0.4074 -0.7581
vn 0.6350 0.3665 -0.6801
vn 0.5746 0.4746 -0.6668
vn 0.4397 0.4730 -0.7635
vn 0.4706 0.3549 -0.8078
vn 0.5569 0.3000 -0.7745
vn 0.5959 0.3568 -0.7194
vn 0.8436 0.5226 -0.1233
vn 0.8952 0.4368 -0.0881
vn 0.9421 0.3330 -0.0391
vn 0.9287 0.3703 -0.0196
vn 0.8686 0.4784 -0.1294
vn 0.7990 0.6012 -0.0137
vn 0.6993 0.6816 -0.2154
vn 0.7638 0.6071 -0.2193
vn -0.8287 -0.5584 0.0372
vn -0.6821 -0.6704 0.2921
vn -0.6229 -0.7816 -0.0334
vn -0.4783 -0.6978 -0.5331
vn -0.4728 -0.7650 -0.4374
vn -0.6269 -0.6074 -0.4879
vn -0.8857 -0.2664 -0.3801
vn -0.9399 -0.2115 -0.2683
vn -0.8765 -0.4530 -0.1628
vn -0.8808 -0.4335 -0.1903
vn -0.8929 -0.4503 -0.0000
vn -0.7448 -0.6664 -0.0334
vn -0.9411 -0.3099 0.1352
vn -0.9546 -0.2372 0.1803
vn -0.9085 -0.3681 0.1978
vn 0.1117 -0.5113 -0.8521
vn -0.1215 -0.6352 -0.7627
vn 0.0196 -0.4306 -0.9023
vn -0.0549 -0.1977 -0.9787
vn 0.4407 -0.0684 -0.8951
vn 0.2077 -0.7389 -0.6410
vn 0.0549 -0.7050 -0.7070
vn 0.2077 -0.4546 -0.8661
vn -0.1588 -0.6863 -0.7098
vn -0.0294 0.4688 -0.8828
vn -0.2508 0.5487 -0.7975
vn -0.1803 0.2666 -0.9468
vn 0.0804 0.3334 -0.9393
vn 0.1352 0.4194 -0.8977
vn 0.0020 0.3996 -0.9167
vn 0.0607 0.3524 -0.9339
vn 0.2331 0.6896 -0.6857
vn 0.1863 0.7511 -0.6334
vn 0.0372 0.6997 -0.7135
vn -0.2506 0.4937 -0.8327
vn -0.2332 0.5645 -0.7918
vn -0.7237 -0.0490 -0.6884
vn -0.7383 0.0313 -0.6737
vn -0.7741 -0.0137 -0.6329
vn -0.8250 -0.1430 -0.5468
vn -0.5608 -0.3804 -0.7354
vn -0.5814 -0.1821 -0.7929
vn 0.0216 -0.9796 0.1998
vn -0.1489 -0.9796 0.1352
vn 0.0235 -0.9960 -0.0863
vn 0.1685 -0.9854 -0.0235
vn 0.2237 -0.9496 0.2197
vn 0.1706 -0.8979 0.4057
vn -0.0999 -0.9326 0.3468
vn -0.2313 -0.9310 0.2823
vn 0.3114 0.1939 0.9303
vn 0.0941 0.2548 0.9624
vn 0.1039 0.1156 0.9878
vn 0.1704 -0.0176 0.9852
vn 0.4388 0.0764 0.8953
vn 0.5847 0.1314 0.8005
vn 0.4275 0.2569 0.8668
vn 0.1586 0.3761 0.9129
vn -0.2413 -0.2275 -0.9434
vn -0.2529 -0.2882 -0.9236
vn -0.2427 -0.2251 -0.9436
vn -0.1411 0.0216 -0.9898
vn -0.3040 -0.1333 -0.9433
vn -0.2804 -0.3176 -0.9058
vn 0.5139 -0.2021 -0.8337
vn 0.5328 -0.2782 -0.7992
vn 0.5774 -0.2231 -0.7854
vn 0.6490 -0.0765 -0.7569
vn 0.3389 0.1097 -0.9344
vn 0.3486 -0.0959 -0.9324
vn 0.0157 0.9945 -0.1038
vn 0.1646 0.9642 -0.2077
vn -0.0608 0.9262 -0.3720
vn -0.1843 0.9432 -0.2765
vn -0.1723 0.9848 -0.0235
vn -0.0704 0.9866 0.1470
vn 0.1742 0.9846 0.0118
vn 0.2839 0.9556 -0.0784
vn -0.0509 0.1078 0.9929
vn 0.1646 0.0431 0.9854
vn 0.1606 0.1860 0.9693
vn 0.0942 0.3195 0.9429
vn -0.1842 0.2176 0.9585
vn -0.3507 0.1470 0.9249
vn -0.1782 0.0372 0.9833
vn 0.0920 -0.0802 0.9925
vn -0.0196 -0.0744 -0.9970
vn -0.0019 -0.0117 -0.9999
vn -0.0176 -0.0783 -0.9968
vn -0.1236 -0.3197 -0.9394
vn 0.0411 -0.1684 -0.9849
vn 0.0255 0.0176 -0.9995
vn -0.8618 -0.4485 0.2369
vn -0.8151 -0.5134 0.2684
vn -0.8324 -0.5169 0.1999
vn -0.8706 -0.4902 0.0412
vn -0.9848 -0.1136 0.1312
vn -0.9270 -0.2449 0.2842
vn -0.3799 0.5895 -0.7128
vn -0.5133 0.4624 -0.7230
vn -0.5795 0.6364 -0.5091
vn -0.4570 0.7355 -0.5001
vn -0.2448 0.7264 -0.6422
vn -0.1212 0.6289 -0.7679
vn -0.3217 0.4453 -0.8356
vn -0.4332 0.3489 -0.8311
vn 0.8836 0.0078 -0.4683
vn 0.8245 -0.2017 -0.5287
vn 0.7706 -0.1118 -0.6274
vn 0.7310 0.0215 -0.6820
vn 0.8644 0.1823 -0.4685
vn 0.9071 0.2763 -0.3174
vn 0.9362 0.0686 -0.3447
vn 0.8899 -0.2195 -0.3998
vn -0.8737 0.0666 0.4819
vn -0.8987 0.0921 0.4288
vn -0.8725 0.0647 0.4843
vn -0.7178 -0.0000 0.6962
vn -0.8562 -0.0372 0.5153
vn -0.9167 0.0881 0.3898
vn -0.0724 0.9868 -0.1449
vn -0.0999 0.9936 -0.0529
vn -0.0705 0.9962 0.0509
vn -0.0509 0.9915 0.1195
vn -0.0725 0.9940 0.0823
vn 0.0254 0.9966 0.0782
vn 0.1567 0.9616 0.2252
vn 0.1175 0.9928 0.0215
vn 0.0039 0.9946 0.1038
vn 0.0725 0.9973 0.0059
vn 0.1372 0.8653 0.4821
vn 0.4549 0.8725 0.1784
vn 0.5696 0.8201 -0.0548
vn 0.3295 0.9335 -0.1412
vn 0.2823 0.9588 0.0313
vn 0.3585 0.8953 0.2645
vn 0.1922 0.9806 -0.0373
vn 0.4175 0.8999 0.1255
vn 0.2469 0.9447 -0.2156
vn 0.2490 0.9684 0.0157
vn 0.2568 0.9277 0.2710
vn 0.4312 0.9019 0.0256
vn 0.7802 0.5960 -0.1902
vn 0.2175 0.9502 -0.2233
vn 0.0941 0.9216 -0.3765
vn 0.0569 0.9278 -0.3688
vn 0.0137 0.9643 -0.2646
vn -0.1097 0.9764 -0.1863
vn 0.7522 -0.6504 -0.1058
vn 0.7194 -0.6469 -0.2529
vn 0.6883 -0.7079 -0.1588
vn 0.6825 -0.7139 -0.1570
vn 0.6661 -0.7288 -0.1587
vn 0.6799 -0.7328 0.0294
vn 0.7829 -0.6205 0.0451
vn 0.8128 -0.5739 -0.0999
vn 0.7955 -0.5995 -0.0881
vn 0.8101 -0.5532 -0.1942
vn -0.8494 -0.4139 -0.3276
vn -0.8681 -0.2861 -0.4056
vn -0.9070 -0.3036 -0.2919
vn -0.8589 -0.4529 -0.2392
vn -0.8037 -0.4763 -0.3567
vn -0.8037 -0.4038 -0.4371
vn -0.8506 -0.3391 -0.4018
vn -0.9250 0.2999 -0.2332
vn -0.8810 0.3563 -0.3113
vn -0.8169 0.4232 -0.3918
vn -0.8293 0.4333 -0.3529
vn -0.9098 0.3059 -0.2804
vn -0.9213 0.3724 -0.1117
vn -0.9869 0.1469 -0.0666
vn -0.9715 0.1763 -0.1586
vn 0.9144 -0.3682 0.1683
vn 0.9933 -0.0725 0.0901
vn 0.9340 -0.3291 -0.1391
vn 0.6237 -0.6943 -0.3589
vn 0.7022 -0.6080 -0.3706
vn 0.6599 -0.7284 -0.1841
vn 0.5960 -0.7627 0.2510
vn 0.6229 -0.6934 0.3622
vn 0.7993 -0.5681 0.1959
vn 0.7786 -0.5942 0.2020
vn 0.8611 -0.4316 0.2687
vn 0.9207 -0.3899 0.0157
vn 0.8295 -0.3373 0.4451
vn 0.7994 -0.3056 0.5173
vn 0.8742 -0.2666 0.4058
vn 0.0333 -0.6838 -0.7289
vn 0.2921 -0.7217 -0.6276
vn 0.0118 -0.7758 -0.6308
vn -0.1391 -0.8798 -0.4546
vn -0.5021 -0.5648 -0.6549
vn -0.3940 -0.6096 -0.6879
vn 0.2117 -0.4528 -0.8661
vn 0.2567 -0.5840 -0.7701
vn -0.0686 -0.6505 -0.7564
vn 0.3704 -0.6939 -0.6175
vn -0.6155 -0.7880 0.0137
vn -0.5162 -0.8223 0.2394
vn -0.3982 -0.9161 -0.0471
vn -0.5998 -0.7822 -0.1686
vn -0.6823 -0.7195 -0.1294
vn -0.5953 -0.8009 -0.0646
vn -0.6018 -0.7861 -0.1411
vn -0.8704 -0.4881 0.0647
vn -0.8717 -0.4643 0.1567
vn -0.7722 -0.6075 0.1862
vn -0.4877 -0.8521 0.1900
vn -0.5374 -0.8081 0.2412
vn 0.7820 -0.0059 -0.6232
vn 0.9478 0.0471 -0.3153
vn 0.8948 -0.1645 -0.4151
vn 0.6513 -0.2825 -0.7043
vn 0.5311 -0.1332 -0.8368
vn 0.6374 0.1883 -0.7472
vn 0.7660 0.3507 -0.5387
vn -0.7526 -0.0039 0.6585
vn -0.7170 0.0490 0.6954
vn -0.7241 0.1099 0.6809
vn -0.7650 0.1040 0.6356
vn -0.7741 0.0118 0.6330
vn -0.7642 -0.0901 0.6387
vn -0.7293 -0.0059 0.6842
vn 0.2745 -0.9570 0.0941
vn 0.2176 -0.9760 -0.0059
vn 0.3626 -0.9212 -0.1411
vn 0.3782 -0.9248 0.0412
vn 0.2899 -0.9283 0.2330
vn 0.2352 -0.9330 0.2724
vn 0.2000 -0.9608 0.1921
vn 0.0960 -0.0039 0.9954
vn 0.1470 0.0490 0.9879
vn 0.1312 0.1097 0.9853
vn 0.0706 0.1039 0.9921
vn 0.0627 0.0117 0.9980
vn 0.0725 -0.0902 0.9933
vn 0.1312 -0.0059 0.9913
vn 0.2373 -0.9570 -0.1667
vn 0.1215 -0.9761 -0.1803
vn 0.0960 -0.9208 -0.3781
vn 0.2547 -0.9249 -0.2822
vn 0.3584 -0.9282 -0.0998
vn 0.3586 -0.9329 -0.0332
vn 0.2744 -0.9604 -0.0490
vn 0.0431 0.9991 -0.0019
vn 0.0430 0.9991 -0.0019
vn 0.0431 0.9991 -0.0020
vn -0.8781 0.4764 -0.0433
vn -0.8781 0.4765 -0.0433
vn 0.6392 -0.6902 -0.3393
vn 0.6392 -0.6901 -0.3393
vn -0.0744 0.8248 -0.5606
vn 0.0978 0.9930 -0.0665
vn -0.8511 0.5194 -0.0769
vn -0.8510 0.5195 -0.0766
vn 0.5995 -0.7444 -0.2939
vn -0.0293 0.7904 -0.6119
vn 0.1038 0.9931 0.0548
vn -0.3314 0.5194 -0.7877
vn 0.5407 -0.7444 0.3918
vn 0.5258 0.7905 -0.3140
vn 0.5258 0.7905 -0.3141
vn 0.1040 0.9931 0.0549
vn -0.3313 0.5194 -0.7877
vn 0.5408 -0.7444 0.3918
vn 0.5257 0.7906 -0.3138
vn 0.5257 0.7907 -0.3137
vn 0.5257 0.7907 -0.3138
vn 0.1039 0.9931 0.0549
vn 0.5258 0.7906 -0.3139
vn -0.3314 0.5194 -0.7876
vn 0.5408 -0.7443 0.3918
vn 0.5259 0.7904 -0.3142
vn 0.5258 0.7906 -0.3140
vn 0.8018 0.1902 0.5665
vn 0.8225 0.1195 0.5561
vn 0.8153 0.1451 0.5605
vn 0.7449 0.3369 0.5759
vn 0.6825 -0.0757 0.7270
vn 0.3370 0.1763 0.9248
vn 0.6604 -0.0587 0.7486
vn 0.7304 -0.1256 0.6713
vn -0.5217 -0.2216 0.8238
vn -0.5217 -0.2215 0.8239
vn -0.5218 -0.2217 0.8238
vn -0.7779 0.6153 0.1274
vn -0.7923 0.6022 0.0983
vn -0.6488 0.6879 0.3254
vn -0.5548 0.7114 0.4313
vn 0.0215 0.6488 0.7606
vn 0.1861 0.7159 0.6729
vn 0.1018 0.6856 0.7209
vn -0.2762 0.4624 0.8426
vn -0.3096 -0.1117 -0.9443
vn -0.3778 -0.0588 -0.9240
vn -0.3217 -0.1020 -0.9413
vn -0.2668 -0.1412 -0.9534
vn 0.1508 -0.8402 -0.5210
vn 0.2683 -0.7472 -0.6080
vn 0.1488 -0.8419 -0.5188
vn 0.0668 -0.8903 -0.4504
vn 0.2801 -0.7837 0.5545
vn 0.2800 -0.7837 0.5545
vn 0.2803 -0.7836 0.5544
vn 0.9113 0.0117 0.4116
vn 0.8859 -0.2352 0.3998
vn 0.9662 0.1254 0.2254
vn 0.9205 0.0822 0.3819
vn 0.9468 0.1647 0.2764
vn 0.9737 0.2155 0.0745
vn 0.9803 0.1745 -0.0922
vn 0.2408 0.3192 -0.9166
vn 0.2410 0.3192 -0.9165
vn 0.2411 0.3193 -0.9165
vn 0.2412 0.3193 -0.9164
vn -0.6567 0.0902 -0.7488
vn -0.3800 0.1254 -0.9165
vn -0.6054 0.1940 -0.7719
vn -0.6272 0.1274 -0.7683
vn -0.5823 0.1745 -0.7940
vn -0.4837 0.0549 -0.8735
vn -0.4921 -0.0118 -0.8705
vn -0.6041 -0.0160 -0.7968
vn -0.0900 -0.1037 0.9905
vn -0.0901 -0.1038 0.9905
vn -0.0078 0.6056 -0.7957
vn 0.3254 0.7095 -0.6251
vn 0.3237 0.6846 -0.6532
vn -0.0313 0.2332 -0.9719
vn -0.3452 0.2373 -0.9080
vn -0.2802 -0.0000 -0.9599
vn -0.2918 0.0019 -0.9565
vn -0.2962 -0.0019 -0.9551
vn -0.3097 -0.0255 -0.9505
vn -0.5779 -0.0921 -0.8109
vn -0.6641 -0.0882 -0.7424
vn -0.5373 -0.6080 -0.5845
vn 0.2550 -0.4119 -0.8748
vn -0.4253 -0.6978 -0.5763
vn 0.4376 -0.5082 -0.7418
vn 0.5276 -0.4511 -0.7198
vn 0.5428 -0.5036 -0.6721
vn 0.4254 -0.6448 -0.6351
vn -0.6112 -0.6797 -0.4055
vn -0.5273 -0.8075 -0.2645
vn -0.5390 -0.7997 -0.2646
vn -0.5278 -0.7967 -0.2943
vn -0.3956 -0.8597 -0.3231
vn -0.3569 -0.8764 -0.3234
vn -0.3644 -0.8817 -0.2997
vn -0.2706 -0.9609 -0.0588
vn -0.8764 -0.4157 -0.2431
vn -0.7035 -0.6193 -0.3487
vn -0.9057 -0.4236 0.0157
vn -0.3588 -0.7606 0.5411
vn -0.1625 -0.8084 0.5657
vn -0.1608 -0.8867 0.4335
vn -0.3273 -0.8195 0.4705
vn -0.9788 -0.0588 0.1962
vn -0.9388 -0.0490 0.3410
vn -0.9970 -0.0509 0.0588
vn -0.9975 -0.0509 0.0490
vn -0.9922 -0.1000 0.0745
vn -0.9978 -0.0451 -0.0490
vn -0.9415 0.2589 -0.2157
vn -0.9651 0.2389 0.1077
vn -0.8387 0.5173 -0.1704
vn -0.4412 0.6726 0.5941
vn -0.3766 0.6885 0.6198
vn -0.4567 0.6939 0.5568
vn -0.4121 0.6730 0.6142
vn -0.7920 0.4509 -0.4117
vn -0.7952 0.3291 -0.5093
vn -0.6668 0.6275 -0.4020
vn -0.6117 0.6706 -0.4196
vn -0.6295 0.6902 -0.3569
vn -0.5552 0.7396 -0.3806
vn -0.5582 0.6425 -0.5250
vn -0.5587 0.6234 -0.5470
vn -0.3275 -0.8194 0.4705
vn -0.1609 -0.8866 0.4336
vn -0.3467 -0.7404 0.5759
vn -0.1177 -0.8140 0.5688
vn 0.3215 -0.6607 0.6783
vn 0.2548 -0.4096 0.8760
vn 0.5194 -0.3116 0.7957
vn 0.5816 -0.5992 0.5502
vn 0.6038 -0.5607 0.5666
vn 0.2764 -0.9428 0.1862
vn 0.2000 -0.9747 0.1000
vn 0.7561 -0.4958 0.4272
vn 0.7747 -0.4432 0.4511
vn 0.6682 -0.6035 0.4350
vn 0.6666 -0.6079 0.4314
vn 0.8724 -0.4469 -0.1980
vn 0.9647 -0.1843 0.1882
vn 0.9092 -0.2763 -0.3115
vn 0.5020 -0.5079 -0.7000
vn 0.5615 -0.5223 -0.6419
vn 0.5428 -0.5037 -0.6721
vn 0.4253 -0.6448 -0.6350
vn 0.9954 0.0020 0.0960
vn 0.9830 0.0627 0.1723
vn 0.9979 0.0607 0.0235
vn 0.9964 0.0685 -0.0490
vn 0.9197 0.0177 -0.3922
vn 0.8646 0.0215 -0.5019
vn 0.8842 0.2942 -0.3628
vn 0.8909 0.4543 -0.0000
vn 0.5978 0.8016 0.0078
vn 0.3628 0.7571 -0.5433
vn 0.1686 0.8901 -0.4235
vn 0.1452 0.7967 -0.5867
vn 0.1429 0.8499 -0.5072
vn 0.3236 0.6846 -0.6532
vn 0.3253 0.7094 -0.6252
vn 0.6918 0.5879 0.4194
vn 0.6431 0.6274 0.4392
vn 0.6290 0.6349 0.4487
vn 0.6331 0.5253 0.5685
vn 0.6114 0.6584 0.4390
vn 0.5275 0.8217 0.2157
vn 0.5867 0.7397 0.3296
vn 0.6091 0.6972 0.3780
vn 0.1644 0.7617 0.6267
vn 0.3978 0.5410 0.7410
vn -0.2448 0.4289 0.8695
vn -0.4176 0.7509 0.5117
vn -0.4230 0.7637 0.4876
vn -0.4568 0.6939 0.5566
vn -0.4121 0.6731 0.6141
vn 0.5179 0.0844 0.8513
vn 0.5900 0.0784 0.8036
vn 0.2604 0.0059 0.9655
vn 0.2175 -0.0000 0.9760
vn 0.2979 0.0079 0.9546
vn 0.2765 -0.0157 0.9609
vn 0.7899 0.1078 0.6037
vn 0.8110 0.0393 0.5838
vn 0.8035 0.0647 0.5918
vn 0.7326 0.2508 0.6328
vn 0.6692 -0.1790 0.7212
vn 0.3195 0.0411 0.9467
vn 0.6467 -0.1646 0.7448
vn 0.7176 -0.2195 0.6610
vn -0.5367 -0.3411 0.7717
vn -0.5367 -0.3411 0.7718
vn -0.5368 -0.3408 0.7718
vn -0.5367 -0.3412 0.7717
vn -0.7822 0.5901 0.2000
vn -0.7971 0.5794 0.1702
vn -0.6591 0.6317 0.4081
vn -0.5668 0.6394 0.5196
vn 0.0039 0.5314 0.8471
vn 0.1705 0.6114 0.7728
vn 0.0842 0.5738 0.8147
vn -0.2938 0.3350 0.8953
vn -0.2902 0.0235 -0.9567
vn -0.3603 0.0725 -0.9300
vn -0.3037 0.0333 -0.9522
vn -0.2490 -0.0020 -0.9685
vn 0.1646 -0.7564 -0.6330
vn 0.2822 -0.6504 -0.7052
vn 0.1625 -0.7575 -0.6323
vn 0.0784 -0.8160 -0.5727
vn 0.2393 -0.7604 0.6037
vn 0.2389 -0.7606 0.6037
vn 0.2391 -0.7605 0.6037
vn 0.2392 -0.7605 0.6037
vn 0.9113 -0.0079 0.4116
vn 0.8727 -0.2567 0.4154
vn 0.9721 0.0882 0.2175
vn 0.9248 0.0569 0.3763
vn 0.9548 0.1314 0.2666
vn 0.9838 0.1685 0.0607
vn 0.9882 0.1139 -0.1020
vn 0.2568 0.2450 -0.9349
vn 0.2567 0.2449 -0.9349
vn 0.2567 0.2450 -0.9349
vn 0.2567 0.2448 -0.9350
vn -0.6511 0.0765 -0.7551
vn -0.3744 0.0862 -0.9233
vn -0.5956 0.1763 -0.7837
vn -0.6210 0.1117 -0.7758
vn -0.5722 0.1548 -0.8054
vn -0.4820 0.0236 -0.8758
vn -0.4940 -0.0412 -0.8685
vn -0.6053 -0.0334 -0.7953
vn -0.0940 -0.0352 0.9950
vn -0.0941 -0.0353 0.9949
vn -0.0940 -0.0352 0.9949
vn -0.1606 0.1077 0.9811
vn -0.1353 0.0393 0.9900
vn -0.1431 0.0647 0.9876
vn -0.2154 0.2506 0.9438
vn -0.3229 -0.1789 0.9294
vn -0.6856 0.0412 0.7268
vn -0.3529 -0.1646 0.9211
vn -0.2449 -0.2195 0.9444
vn -0.9333 -0.3411 -0.1117
vn -0.9334 -0.3411 -0.1116
vn -0.9334 -0.3411 -0.1117
vn -0.9333 -0.3412 -0.1118
vn -0.5449 0.5900 -0.5959
vn -0.5253 0.5798 -0.6228
vn -0.6704 0.6312 -0.3900
vn -0.7252 0.6389 -0.2567
vn -0.7464 0.5308 0.4015
vn -0.6018 0.6116 0.5136
vn -0.6792 0.5735 0.4580
vn -0.9287 0.3351 0.1587
vn 0.7079 0.0235 -0.7059
vn 0.6525 0.0724 -0.7543
vn 0.6978 0.0333 -0.7155
vn 0.7387 -0.0020 -0.6741
vn 0.6367 -0.7562 -0.1509
vn 0.7551 -0.6506 -0.0803
vn 0.6344 -0.7578 -0.1527
vn 0.5433 -0.8159 -0.1981
vn -0.4195 -0.7604 0.4958
vn -0.4194 -0.7604 0.4958
vn 0.0647 -0.0079 0.9979
vn 0.0412 -0.2566 0.9656
vn 0.2628 0.0882 0.9608
vn 0.1000 0.0569 0.9934
vn 0.2117 0.1314 0.9685
vn 0.4059 0.1687 0.8982
vn 0.5543 0.1137 0.8245
vn 0.9462 0.2447 -0.2116
vn 0.9462 0.2449 -0.2116
vn 0.9462 0.2447 -0.2115
vn 0.3608 0.0765 -0.9295
vn 0.6389 0.0863 -0.7644
vn 0.4117 0.1765 -0.8941
vn 0.3919 0.1117 -0.9132
vn 0.4411 0.1548 -0.8840
vn 0.5468 0.0235 -0.8369
vn 0.5347 -0.0411 -0.8441
vn 0.4169 -0.0332 -0.9083
vn -0.9234 -0.0352 0.3822
vn -0.9232 -0.0355 0.3826
vn -0.9233 -0.0354 0.3824
vn -0.1353 0.0392 0.9900
vn -0.2154 0.2509 0.9438
vn -0.3528 -0.1646 0.9211
vn -0.9333 -0.3411 -0.1118
vn -0.5249 0.5799 -0.6230
vn -0.6704 0.6312 -0.3901
vn -0.7253 0.6388 -0.2567
vn -0.6016 0.6117 0.5137
vn -0.9287 0.3351 0.1592
vn 0.7079 0.0236 -0.7059
vn 0.6524 0.0726 -0.7544
vn 0.7387 -0.0019 -0.6740
vn 0.5432 -0.8159 -0.1980
vn -0.4194 -0.7604 0.4959
vn 0.0647 -0.0078 0.9979
vn 0.0999 0.0567 0.9934
vn 0.4060 0.1686 0.8982
vn 0.5543 0.1136 0.8245
vn 0.9461 0.2451 -0.2115
vn 0.9462 0.2450 -0.2116
vn 0.6390 0.0863 -0.7644
vn 0.4118 0.1764 -0.8940
vn 0.4170 -0.0333 -0.9083
vn -0.9233 -0.0353 0.3823
vn -0.9234 -0.0353 0.3823
vn -0.2450 -0.2195 0.9443
vn -0.5449 0.5900 -0.5958
vn -0.5236 0.5805 -0.6236
vn -0.7251 0.6390 -0.2568
vn -0.6020 0.6115 0.5135
vn -0.9287 0.3351 0.1588
vn 0.7547 -0.6511 -0.0804
vn 0.5434 -0.8158 -0.1982
vn -0.4193 -0.7604 0.4959
vn 0.0413 -0.2566 0.9656
vn 0.0999 0.0568 0.9934
vn 0.4060 0.1687 0.8982
vn 0.9461 0.2451 -0.2116
vn 0.9461 0.2450 -0.2116
vn 0.3608 0.0764 -0.9295
vn 0.6390 0.0861 -0.7644
vn 0.5346 -0.0411 -0.8441
vn -0.9234 -0.0353 0.3822
vn -0.9233 -0.0353 0.3824
vn -0.1353 0.0390 0.9900
vn -0.2154 0.2505 0.9439
vn -0.2447 -0.2193 0.9445
vn -0.9334 -0.3410 -0.1117
vn -0.5235 0.5805 -0.6236
vn -0.6019 0.6115 0.5135
vn -0.9287 0.3351 0.1589
vn 0.6525 0.0725 -0.7543
vn 0.7387 -0.0020 -0.6740
vn 0.7550 -0.6508 -0.0804
vn 0.6344 -0.7577 -0.1527
vn 0.5433 -0.8158 -0.1982
vn 0.9462 0.2448 -0.2116
vn 0.4410 0.1549 -0.8840
vn 0.9879 0.0353 -0.1509
vn 0.9992 -0.0235 -0.0333
vn 0.9697 -0.1606 -0.1841
vn 0.9577 -0.0470 -0.2840
vn 0.9634 0.1097 -0.2448
vn 0.9881 0.1235 -0.0921
vn -0.9462 -0.0627 -0.3174
vn -0.9285 0.2723 -0.2527
vn -0.8824 0.0411 -0.4687
vn -0.8639 -0.1176 -0.4897
vn -0.8835 -0.2919 -0.3664
vn -0.9566 -0.2137 -0.1980
vn -0.9868 0.0196 -0.1606
vn -0.7278 -0.2668 0.6317
vn -0.4453 -0.3060 0.8415
vn -0.5745 -0.1058 0.8116
vn -0.8394 0.0137 0.5433
vn -0.9191 -0.1234 0.3743
vn -0.7860 -0.4430 0.4312
vn -0.5726 -0.5942 0.5648
vn 0.9906 0.0587 -0.1233
vn 0.9997 -0.0157 -0.0176
vn 0.9737 -0.1313 -0.1861
vn 0.9633 -0.0020 -0.2683
vn 0.9671 0.1468 -0.2075
vn 0.9892 0.1371 -0.0528
vn -0.9391 -0.0177 -0.3431
vn -0.9242 0.3055 -0.2291
vn -0.8740 0.1058 -0.4743
vn -0.8536 -0.0470 -0.5188
vn -0.8743 -0.2372 -0.4234
vn -0.9519 -0.1841 -0.2448
vn -0.9839 0.0392 -0.1744
vn -0.7393 -0.1863 0.6471
vn -0.4604 -0.2273 0.8581
vn -0.5784 -0.0215 0.8155
vn -0.8370 0.0941 0.5391
vn -0.9238 -0.0490 0.3797
vn -0.8084 -0.3708 0.4572
vn -0.6036 -0.5232 0.6016
vn 0.5748 0.0589 0.8162
vn 0.4844 -0.0157 0.8747
vn 0.6227 -0.1312 0.7714
vn 0.6902 -0.0020 0.7236
vn 0.6371 0.1470 0.7567
vn 0.5114 0.1372 0.8483
vn -0.1370 -0.0176 -0.9904
vn -0.2314 0.3059 -0.9235
vn 0.0078 0.1057 -0.9944
vn 0.0568 -0.0470 -0.9973
vn -0.0352 -0.2369 -0.9709
vn -0.2292 -0.1841 -0.9558
vn -0.3060 0.0392 -0.9512
vn -0.9186 -0.1861 -0.3486
vn -0.9738 -0.2273 -0.0020
vn -0.9916 -0.0215 -0.1275
vn -0.8692 0.0940 -0.4855
vn -0.7689 -0.0491 -0.6375
vn -0.7841 -0.3705 -0.4979
vn -0.8141 -0.5237 -0.2510
vn 0.5748 0.0589 0.8161
vn 0.6226 -0.1312 0.7715
vn -0.9916 -0.0215 -0.1274
vn -0.8140 -0.5237 -0.2511
vn 0.6903 -0.0019 0.7236
vn 0.5113 0.1371 0.8484
vn 0.6226 -0.1312 0.7714
vn 0.6902 -0.0021 0.7236
vn -0.8692 0.0940 -0.4854
vt 6.367188 5.468750
vt 6.320312 5.589844
vt 6.464844 5.593750
vt 5.085938 4.023438
vt 4.984375 4.154297
vt 5.085938 4.283203
vt 3.609375 6.273438
vt 3.429688 6.078125
vt 3.396484 6.175781
vt 3.689453 6.191406
vt 3.505859 6.070312
vt 4.703125 6.007812
vt 4.804688 5.980469
vt 4.707031 5.886719
vt 4.988281 6.066406
vt 5.152344 6.066406
vt 5.074219 5.945312
vt 4.832031 5.746094
vt 4.824219 5.710938
vt 4.718750 5.691406
vt 4.765625 6.023438
vt -5.300781 3.714844
vt -5.207031 3.802734
vt -5.089844 3.746094
vt -1.945312 -0.572266
vt -1.935547 -0.461914
vt -1.895508 -0.536133
vt 1.425781 5.394531
vt 1.350586 5.593750
vt 1.711914 5.531250
vt 1.475586 5.753906
vt 0.942383 2.090820
vt 0.971191 2.262695
vt 1.071289 2.290039
vt 2.013672 0.130371
vt 2.091797 0.001953
vt 2.013672 0.001953
vt 1.556641 0.070312
vt 1.581055 0.252441
vt 1.719727 0.018555
vt 2.166016 -0.406250
vt 2.267578 -0.384766
vt 2.166016 -0.498047
vt 1.417969 -0.127930
vt 1.536133 -0.319336
vt 1.419922 -0.221680
vt 2.166016 -0.294922
vt 0.424316 0.725830
vt 0.439941 0.720215
vt 0.430420 0.710938
vt 0.022827 0.728516
vt 0.041321 0.731201
vt 0.033051 0.710693
vt 0.891602 0.972092
vt 0.875977 0.975281
vt 0.884277 0.985474
vt 0.489502 0.971298
vt 0.479004 0.971344
vt 0.486328 0.981216
vt 0.885254 0.728516
vt 0.864746 0.712402
vt 0.860352 0.734619
vt 0.475830 0.707764
vt 0.467041 0.725830
vt 0.489990 0.724609
vt 0.440186 0.974136
vt 0.421387 0.966125
vt 0.420654 0.984459
vt 0.032959 0.974380
vt 0.016602 0.980621
vt 0.033264 0.987846
vt 3.869141 4.650391
vt 3.869141 4.490234
vt 3.785156 4.662109
vt 3.869141 4.845703
vt 3.675781 3.576172
vt 3.697266 3.736328
vt 3.730469 3.642578
vt 3.794922 3.597656
vt 3.734375 3.412109
vt 3.775391 4.039062
vt 3.775391 3.892578
vt 3.667969 4.003906
vt 3.673828 4.193359
vt 3.775391 4.347656
vt 3.775391 4.845703
vt 3.693359 4.662109
vt 3.591797 4.662109
vt 3.548828 4.859375
vt 3.775391 4.951172
vt 3.548828 5.078125
vt 3.621094 5.199219
vt 3.701172 5.199219
vt 4.761719 4.468750
vt 4.789062 4.615234
vt 4.867188 4.494141
vt 4.867188 4.283203
vt 4.769531 4.154297
vt 5.031250 5.445312
vt 5.167969 5.566406
vt 5.160156 5.414062
vt 5.210938 5.253906
vt 5.371094 2.770508
vt 5.437500 2.934570
vt 5.484375 2.798828
vt 5.367188 2.605469
vt 5.195312 2.618164
vt 5.222656 2.403320
vt 5.070312 2.498047
vt 5.023438 2.318359
vt 3.134766 3.402344
vt 3.140625 3.683594
vt 3.289062 3.482422
vt 3.322266 3.177734
vt 3.208984 3.189453
vt 3.208984 2.921875
vt 3.373047 3.457031
vt 3.558594 3.593750
vt 3.597656 3.537109
vt 3.560547 3.470703
vt 3.552734 3.830078
vt 3.636719 3.865234
vt 3.628906 3.753906
vt 3.621094 3.660156
vt 3.554688 3.652344
vt 3.593750 3.595703
vt 3.458984 2.657227
vt 3.376953 2.673828
vt 3.423828 2.791992
vt 3.542969 2.824219
vt 3.423828 2.921875
vt 3.550781 3.015625
vt 3.537109 3.177734
vt 3.308594 3.917969
vt 3.392578 4.082031
vt 3.501953 3.972656
vt 3.417969 3.828125
vt 3.359375 3.828125
vt 3.345703 3.738281
vt 3.458984 3.658203
vt 3.324219 3.666016
vt 3.417969 3.578125
vt 3.367188 3.578125
vt 4.429688 4.468750
vt 4.312500 4.220703
vt 4.312500 4.480469
vt 4.312500 4.673828
vt 4.457031 4.619141
vt 4.445312 4.816406
vt 4.312500 4.906250
vt 3.802734 4.220703
vt 3.921875 4.468750
vt 3.929688 4.154297
vt 3.906250 4.021484
vt 3.802734 3.925781
vt 4.703125 5.335938
vt 4.714844 5.121094
vt 4.578125 5.242188
vt 4.585938 5.480469
vt 4.726562 5.515625
vt 4.667969 5.664062
vt 4.718750 5.664062
vt 5.964844 3.279297
vt 5.917969 3.138672
vt 5.878906 3.312500
vt 5.941406 3.375000
vt 5.855469 3.552734
vt 5.945312 3.615234
vt 5.945312 3.728516
vt 5.816406 3.734375
vt 5.843750 3.859375
vt 4.359375 3.525391
vt 4.324219 3.306641
vt 4.257812 3.345703
vt 4.199219 3.484375
vt 4.199219 3.615234
vt 4.324219 3.720703
vt 4.300781 3.804688
vt 4.179688 3.701172
vt 4.179688 3.804688
vt 4.179688 3.904297
vt 4.281250 4.000000
vt 4.113281 6.210938
vt 4.242188 6.167969
vt 4.171875 6.125000
vt 4.046875 6.085938
vt 4.046875 5.902344
vt 4.488281 5.425781
vt 4.394531 5.417969
vt 4.269531 5.507812
vt 4.488281 5.578125
vt 4.269531 5.582031
vt 4.378906 5.765625
vt 4.269531 5.765625
vt 4.488281 5.746094
vt 3.335938 6.167969
vt 3.371094 6.074219
vt 3.281250 6.082031
vt 3.234375 6.222656
vt 4.625000 6.097656
vt 4.777344 6.175781
vt 4.742188 6.039062
vt 4.671875 6.003906
vt 4.773438 5.867188
vt 4.468750 5.937500
vt 4.429688 5.871094
vt 4.320312 5.960938
vt 4.453125 6.054688
vt 4.320312 6.171875
vt 4.472656 6.144531
vt 4.410156 6.246094
vt 3.773438 6.101562
vt 3.894531 6.242188
vt 3.990234 6.234375
vt 3.990234 6.128906
vt 3.773438 5.964844
vt 3.937500 5.906250
vt 3.865234 5.871094
vt 3.925781 5.621094
vt 3.953125 5.843750
vt 4.050781 5.828125
vt 4.054688 5.621094
vt 3.279297 5.761719
vt 3.339844 5.867188
vt 3.386719 5.828125
vt 3.304688 5.671875
vt 3.433594 5.605469
vt 3.287109 5.570312
vt 3.367188 5.492188
vt 3.580078 5.546875
vt 3.689453 5.550781
vt 3.689453 5.507812
vt 3.644531 5.406250
vt 3.542969 5.402344
vt 3.472656 5.449219
vt 3.472656 5.488281
vt 3.896484 5.445312
vt 3.941406 5.562500
vt 4.070312 5.562500
vt 4.003906 5.367188
vt 4.113281 5.449219
vt 3.580078 5.582031
vt 3.472656 5.554688
vt 3.472656 5.753906
vt 3.580078 5.828125
vt 3.472656 5.878906
vt 3.564453 6.027344
vt 3.689453 5.925781
vt 3.689453 5.750000
vt 3.689453 5.613281
vt 4.113281 6.410156
vt 4.234375 6.156250
vt 4.015625 6.156250
vt 4.015625 6.378906
vt 4.152344 6.410156
vt 4.164062 6.511719
vt 4.269531 6.472656
vt 4.269531 6.156250
vt 4.406250 6.484375
vt 4.300781 6.492188
vt 4.308594 6.554688
vt 4.414062 6.531250
vt 4.550781 6.496094
vt 4.550781 6.429688
vt 4.433594 6.484375
vt 4.441406 6.531250
vt 3.974609 6.496094
vt 4.148438 6.597656
vt 4.117188 6.445312
vt 4.019531 6.417969
vt 4.253906 5.789062
vt 4.140625 5.781250
vt 4.109375 5.875000
vt 4.253906 5.875000
vt 3.953125 5.753906
vt 4.027344 5.894531
vt 4.078125 5.859375
vt 4.101562 5.753906
vt 4.789062 5.855469
vt 4.789062 5.757812
vt 4.730469 5.765625
vt 4.746094 5.824219
vt 5.535156 6.035156
vt 5.593750 5.972656
vt 5.593750 5.824219
vt 5.375000 6.015625
vt 5.375000 5.855469
vt 5.406250 5.734375
vt 5.578125 5.714844
vt 4.847656 5.722656
vt 5.023438 5.742188
vt 5.035156 5.679688
vt 4.863281 5.687500
vt 5.023438 5.812500
vt 4.847656 5.792969
vt 4.847656 5.863281
vt 4.957031 5.886719
vt 4.847656 6.011719
vt 4.945312 6.011719
vt 5.062500 5.910156
vt 5.062500 5.851562
vt 4.484375 5.750000
vt 4.484375 5.843750
vt 4.660156 5.824219
vt 4.644531 5.765625
vt -0.000229 0.685547
vt -0.009178 0.699951
vt 0.039948 0.785767
vt 0.022598 0.772583
vt 0.022598 0.831665
vt 0.033295 0.847412
vt 0.022598 0.944672
vt 0.040802 0.937073
vt 0.001280 1.008644
vt -0.000219 1.027771
vt -0.027496 1.037109
vt -0.034027 1.067566
vt 0.087158 0.981277
vt 0.144653 0.973099
vt 0.191650 0.989906
vt 0.221558 0.971176
vt 0.270996 0.992870
vt 0.270508 0.969955
vt 0.348877 0.978745
vt 0.360596 0.967712
vt 0.441162 0.991974
vt 0.453857 1.001228
vt 0.454590 1.048492
vt 0.488525 1.066772
vt 0.435303 0.910706
vt 0.440430 0.910706
vt 0.440430 0.866577
vt 0.424072 0.866577
vt 0.429932 0.792969
vt 0.438477 0.760742
vt 0.443604 0.699219
vt 0.456299 0.697754
vt 0.514160 0.628662
vt 0.519043 0.651611
vt 0.376465 0.716064
vt 0.362305 0.710205
vt 0.216919 0.720947
vt 0.235718 0.710205
vt 0.126709 0.710205
vt 0.115784 0.714600
vt 0.070374 0.710205
vt 0.070374 0.720947
vt 0.933594 0.641113
vt 0.931152 0.602783
vt 0.912598 0.666260
vt 0.910156 0.682129
vt 0.818848 0.712891
vt 0.817871 0.719482
vt 0.716309 0.718750
vt 0.755371 0.701904
vt 0.636719 0.712402
vt 0.580078 0.724609
vt 0.527832 0.707764
vt 0.527344 0.718506
vt 0.429688 0.702393
vt 0.446533 0.715820
vt 0.343018 0.706787
vt 0.372070 0.695557
vt 0.491211 0.752197
vt 0.472412 0.782104
vt 0.500977 0.857056
vt 0.479736 0.858643
vt 0.491943 0.896912
vt 0.476074 0.907532
vt 0.460693 0.994835
vt 0.437500 1.002790
vt 0.394043 1.048889
vt 0.395508 1.033813
vt 0.353760 1.064514
vt 0.363525 1.078552
vt 0.543945 0.987183
vt 0.558594 0.981186
vt 0.637695 0.976486
vt 0.709473 0.987183
vt 0.717285 0.963074
vt 0.747559 0.987183
vt 0.823730 0.987183
vt 0.824219 0.979553
vt 0.935547 0.994076
vt 0.937012 0.985367
vt 0.974609 1.000375
vt 0.990234 0.983109
vt 0.886719 0.929016
vt 0.868652 0.929077
vt 0.875488 0.861450
vt 0.886230 0.861450
vt 0.886230 0.768188
vt 0.863770 0.768311
vt 0.780273 0.706299
vt 0.775879 0.719238
vt 0.831055 0.441406
vt 0.817871 0.434082
vt 0.775391 0.448730
vt 0.846680 0.552246
vt 0.773438 0.489746
vt 0.842285 0.635986
vt 0.720703 0.702881
vt 0.821289 0.688721
vt 0.827637 0.687256
vt 0.685059 0.704346
vt 0.626465 0.601807
vt 0.612793 0.684326
vt 0.618164 0.690674
vt 0.597656 0.427734
vt 0.583984 0.431152
vt 0.590332 0.471191
vt 0.625488 0.432129
vt 0.636719 0.462891
vt 0.594238 0.537842
vt 0.647461 0.518799
vt 0.608398 0.580811
vt 0.648926 0.439941
vt 0.658203 0.521729
vt 0.619141 0.583740
vt 0.681152 0.519043
vt 0.729980 0.493164
vt 0.647949 0.465820
vt 0.660156 0.442871
vt 0.716797 0.440918
vt 0.761719 0.451172
vt 0.759766 0.491699
vt 0.020844 0.672852
vt 0.265137 0.672119
vt 0.256104 0.680664
vt 0.030029 0.680664
vt 0.265137 0.451660
vt 0.020844 0.445312
vt 0.033020 0.437012
vt 0.254639 0.437012
vt 0.627441 0.711914
vt 0.629883 0.722412
vt 0.628418 0.987183
vt 0.631348 0.976883
vt -0.000231 0.685547
vt -0.022736 0.676270
vt -0.026688 0.689941
vt -0.024384 1.034027
vt -0.014252 1.044281
vt 0.020844 0.511475
vt 0.265137 0.511719
vt 0.265137 0.579346
vt 0.020844 0.579346
vt 0.265137 0.646729
vt 0.020844 0.646729
vt 0.382080 2.266602
vt 0.473877 2.282227
vt 0.488281 2.222656
vt 0.331055 1.995117
vt 0.543457 1.958496
vt 0.604980 2.166016
vt 0.743164 2.005859
vt 0.730469 2.147461
vt 0.855469 2.210938
vt 0.896484 1.921387
vt 1.063477 1.963379
vt 1.147461 2.194336
vt 1.138672 2.288086
vt 1.264648 2.018555
vt 1.231445 1.857910
vt 1.410156 1.995117
vt 1.410156 1.866699
vt 1.264648 1.736816
vt 1.183594 1.677246
vt 1.113281 1.678223
vt 1.036133 1.691895
vt 0.971191 1.663574
vt 0.854492 1.675293
vt 0.717285 1.792480
vt 0.729492 1.663574
vt 0.604980 1.663574
vt 0.503906 1.796875
vt 0.488281 1.682617
vt 0.382080 1.683105
vt 0.355957 1.836914
vt 0.281982 1.723633
vt 0.191284 1.764648
vt 0.165527 1.838379
vt 0.019836 1.959473
vt 0.040588 2.222656
vt 0.108887 2.266602
vt 0.281982 2.279297
vt -4.828125 4.365234
vt -5.000000 4.343750
vt -5.000000 4.388672
vt -4.851562 4.419922
vt -4.695312 4.400391
vt -4.707031 4.453125
vt -4.570312 4.482422
vt -4.421875 4.435547
vt -4.433594 4.511719
vt -4.179688 4.566406
vt -4.363281 2.590820
vt -4.371094 2.557617
vt -4.539062 2.585938
vt -4.511719 2.638672
vt -4.644531 2.694336
vt -4.746094 2.787109
vt -4.757812 2.772461
vt -4.996094 2.961914
vt -4.929688 2.991211
vt -5.019531 3.101562
vt -4.992188 3.113281
vt -5.062500 3.144531
vt -5.011719 3.162109
vt -5.031250 3.175781
vt -5.222656 3.228516
vt -5.328125 3.330078
vt -5.347656 3.322266
vt -5.367188 3.445312
vt -5.347656 3.439453
vt -5.382812 3.550781
vt -5.359375 3.531250
vt -5.394531 3.625000
vt -5.371094 3.609375
vt -5.406250 3.687500
vt -5.378906 3.667969
vt -5.410156 3.724609
vt -5.386719 3.707031
vt -4.980469 3.269531
vt -4.960938 3.259766
vt -4.941406 3.351562
vt -4.910156 3.361328
vt -4.898438 3.419922
vt -4.867188 3.433594
vt -4.882812 3.519531
vt -4.863281 3.527344
vt -4.890625 3.617188
vt -4.875000 3.628906
vt -4.929688 3.712891
vt -4.910156 3.720703
vt -4.976562 3.755859
vt -4.953125 3.773438
vt -1.703125 3.892578
vt -1.723633 3.853516
vt -1.838867 3.902344
vt -1.827148 3.970703
vt -1.915039 3.931641
vt -2.054688 3.845703
vt -2.054688 3.867188
vt -2.261719 3.685547
vt 1.148438 5.593750
vt 1.144531 5.433594
vt 2.492188 5.949219
vt 2.443359 5.980469
vt 2.533203 6.007812
vt 2.554688 5.980469
vt 2.634766 6.109375
vt 2.673828 6.093750
vt 2.699219 6.242188
vt 2.720703 6.234375
vt 2.728516 6.386719
vt 2.789062 6.390625
vt 2.718750 6.531250
vt 2.759766 6.542969
vt 2.705078 6.691406
vt 2.763672 6.773438
vt 2.613281 6.757812
vt 2.656250 6.773438
vt 2.548828 6.773438
vt 2.621094 6.867188
vt 0.347656 4.480469
vt 0.318115 4.480469
vt 0.364502 4.572266
vt 0.408691 4.552734
vt 0.398438 4.683594
vt 0.419922 4.644531
vt 0.395508 4.878906
vt 0.435791 4.818359
vt -0.074341 4.060547
vt -0.056335 3.992188
vt -0.221558 4.031250
vt -0.220825 4.050781
vt -0.366699 4.033203
vt -0.346680 4.074219
vt 0.823730 4.482422
vt 0.843262 4.460938
vt 0.686035 4.347656
vt 0.686523 4.396484
vt 0.603516 4.345703
vt 0.600098 4.300781
vt -0.866699 4.148438
vt -0.867676 4.093750
vt -1.112305 3.957031
vt -1.122070 3.972656
vt -1.357422 3.824219
vt -1.373047 3.849609
vt -1.584961 4.796875
vt -1.799805 4.650391
vt -1.907227 4.644531
vt -1.531250 4.855469
vt 2.902344 3.621094
vt 3.005859 3.533203
vt 3.001953 3.509766
vt 2.542969 3.875000
vt 2.619141 3.863281
vt 2.183594 4.203125
vt 2.238281 4.191406
vt 1.931641 4.404297
vt 1.953125 4.427734
vt 1.676758 4.580078
vt 1.847656 4.720703
vt 1.906250 4.576172
vt 1.973633 4.486328
vt 1.049805 4.580078
vt 0.847168 4.613281
vt 0.892578 4.707031
vt 1.184570 4.566406
vt 0.876465 4.958984
vt 1.891602 4.849609
vt 1.601562 4.841797
vt 1.350586 4.566406
vt 1.372070 4.886719
vt 1.866211 5.105469
vt 1.907227 4.917969
vt -5.292969 1.874512
vt -5.296875 1.830566
vt -5.367188 1.808594
vt -5.308594 1.988770
vt -5.890625 1.988770
vt -5.441406 1.771484
vt -5.902344 1.760254
vt -5.496094 1.721191
vt -5.531250 1.655273
vt -5.902344 1.645996
vt -5.558594 1.577148
vt -5.566406 1.495605
vt -5.910156 1.502930
vt -5.562500 1.461426
vt -5.710938 1.404053
vt -5.281250 2.202148
vt -5.925781 2.202148
vt -5.902344 2.384766
vt -5.292969 2.384766
vt -5.914062 2.474609
vt -5.285156 2.496094
vt -6.714844 2.459961
vt -6.824219 2.458008
vt -6.832031 2.676758
vt -6.714844 2.676758
vt -6.617188 2.462891
vt -6.617188 2.676758
vt -6.535156 2.459961
vt -6.535156 2.676758
vt -6.472656 2.453125
vt -6.472656 2.676758
vt -6.375000 2.445312
vt -6.375000 2.676758
vt -6.269531 2.428711
vt -6.261719 2.677734
vt -6.214844 2.620117
vt -6.199219 2.483398
vt -6.230469 2.418945
vt -0.839355 4.640625
vt -0.844238 4.576172
vt -0.978516 4.792969
vt -0.935547 4.810547
vt -5.425781 4.382812
vt -5.445312 4.365234
vt -5.433594 4.582031
vt -5.417969 4.582031
vt -5.449219 4.917969
vt -5.394531 5.039062
vt -5.265625 5.582031
vt -5.195312 5.660156
vt -4.980469 4.029297
vt -5.140625 4.175781
vt -5.093750 4.359375
vt -5.160156 4.363281
vt -5.195312 4.000000
vt -5.289062 4.136719
vt -5.242188 4.369141
vt -5.312500 4.263672
vt -5.464844 4.199219
vt -5.457031 4.292969
vt -5.468750 4.132812
vt -5.375000 3.953125
vt -5.492188 3.888672
vt -5.414062 3.736328
vt -5.386719 3.716797
vt 4.085938 2.807617
vt 4.003906 2.669922
vt 4.039062 2.783203
vt 3.650391 2.950195
vt 3.650391 3.005859
vt -0.083252 3.937500
vt 0.234741 4.128906
vt 0.284668 4.128906
vt -0.140015 3.837891
vt -0.491455 3.484375
vt -0.492676 3.412109
vt -0.680176 3.304688
vt -0.547363 3.345703
vt 1.060547 5.035156
vt 0.876465 5.234375
vt 0.981445 5.277344
vt 1.796875 5.484375
vt 1.865234 5.437500
vt 1.866211 5.335938
vt 1.742188 5.390625
vt 1.606445 5.140625
vt 1.752930 6.546875
vt 1.747070 6.601562
vt 1.899414 6.226562
vt 1.875000 6.234375
vt -0.528320 1.898926
vt -0.446777 1.893555
vt -0.477051 1.854980
vt -0.530273 1.762207
vt -0.704102 1.893555
vt -0.727539 1.874512
vt -0.696777 1.761719
vt -2.080078 -0.559570
vt -2.111328 -0.465820
vt -2.345703 -0.578125
vt -2.355469 -0.545898
vt -2.214844 -0.395508
vt -2.107422 -0.189453
vt -2.154297 -0.143555
vt -1.955078 -0.272461
vt -0.557129 1.595703
vt -0.486084 1.598145
vt -0.421631 1.621582
vt -0.361084 1.754883
vt -1.119141 -0.399414
vt -1.151367 -0.406250
vt -1.203125 -0.329102
vt -1.139648 -0.152344
vt -1.224609 -0.220703
vt -1.275391 -0.115234
vt -1.217773 -0.030273
vt -1.182617 0.069336
vt -1.157227 0.092773
vt -1.119141 0.107910
vt -1.067383 0.021973
vt -1.066406 -0.057617
vt -1.042969 -0.153320
vt -1.029297 -0.251953
vt -1.083984 -0.323242
vt -1.651367 -1.117188
vt -1.617188 -1.095703
vt -1.541016 -1.160156
vt -1.687500 -1.253906
vt -1.562500 -1.285156
vt -1.508789 -1.240234
vt -1.611328 -1.400391
vt -1.727539 -1.392578
vt -1.778320 -1.335938
vt -1.845703 -1.228516
vt -1.831055 -1.191406
vt -1.745117 -1.169922
vt -2.257812 -1.251953
vt -2.322266 -1.216797
vt -2.201172 -1.087891
vt -2.021484 -1.212891
vt -1.862305 -1.099609
vt -2.193359 -0.949219
vt -1.843750 -1.058594
vt -1.843750 -0.981445
vt -1.843750 -0.821289
vt -2.273438 -0.812500
vt -1.839844 -0.713867
vt -1.969727 -0.659180
vt -2.068359 -0.646484
vt -2.193359 -0.630859
vt -2.320312 -0.724609
vt -2.320312 -0.636719
vt -2.289062 -0.619141
vt -1.873047 -0.672852
vt -5.433594 2.582031
vt -5.835938 2.582031
vt -5.472656 2.642578
vt -5.820312 2.642578
vt -0.977051 3.324219
vt -0.990723 3.300781
vt -1.399414 3.640625
vt -1.379883 3.673828
vt -5.347656 2.548828
vt 1.221680 0.762451
vt 1.360352 0.797729
vt 1.369141 0.709717
vt 1.234375 0.617920
vt 1.328125 0.551514
vt 1.221680 0.467285
vt 1.832031 0.092285
vt 1.944336 0.211426
vt 1.978516 0.051270
vt 1.842773 0.001953
vt 1.381836 0.433594
vt 1.497070 0.450684
vt 1.521484 0.226562
vt 1.346680 0.267578
vt 1.340820 0.106445
vt 1.497070 0.097656
vt 1.416992 0.022949
vt 1.337891 0.001953
vt 1.202148 0.141602
vt 1.201172 0.309082
vt 1.249023 0.437012
vt 1.679688 0.626709
vt 1.650391 0.548096
vt 1.457031 0.551514
vt 1.497070 0.709717
vt 1.488281 0.797729
vt 1.702148 0.786743
vt 2.746094 0.562988
vt 2.708984 0.454590
vt 2.605469 0.489258
vt 2.580078 0.604980
vt 2.718750 0.672119
vt 2.527344 0.737305
vt 2.605469 0.784058
vt 2.708984 0.784058
vt 2.794922 0.661377
vt 1.394531 0.611084
vt 1.394531 0.673584
vt 1.448242 0.611084
vt 1.532227 0.571777
vt 1.394531 0.522461
vt 1.532227 0.522461
vt 1.532227 0.439941
vt 1.394531 0.439941
vt 1.532227 0.369141
vt 1.394531 0.368652
vt 1.532227 0.307129
vt 1.394531 0.307129
vt 1.532227 0.227539
vt 1.394531 0.227539
vt 1.532227 0.161621
vt 1.394531 0.138672
vt 1.486328 0.091797
vt 2.585938 -0.359375
vt 2.705078 -0.308594
vt 2.837891 -0.324219
vt 2.714844 -0.460938
vt 2.833984 -0.460938
vt 3.005859 -0.415039
vt 2.994141 -0.303711
vt 3.214844 -0.285156
vt 1.641602 -0.425781
vt 1.542969 -0.346680
vt 1.727539 -0.400391
vt 1.798828 -0.451172
vt 1.766602 0.482422
vt 1.796875 0.573242
vt 1.875977 0.566162
vt 1.953125 0.461914
vt 2.027344 0.476562
vt 2.062500 0.395996
vt 2.697266 0.352539
vt 2.630859 0.369629
vt 2.658203 0.487305
vt 2.810547 0.399414
vt 2.820312 0.445801
vt 2.921875 0.409180
vt 2.898438 0.465332
vt 2.621094 0.047852
vt 2.615234 -0.124023
vt 2.542969 -0.020508
vt 2.507812 0.169922
vt 2.705078 0.193359
vt 2.609375 0.332520
vt 2.675781 0.324707
vt 2.605469 -0.169922
vt 2.707031 -0.271484
vt 2.572266 -0.311523
vt 2.500000 -0.065430
vt 2.455078 -0.187500
vt 2.421875 -0.061523
vt 2.394531 0.041016
vt 2.476562 0.128418
vt 3.382812 -0.411133
vt 3.345703 -0.381836
vt 3.289062 -0.202148
vt 3.414062 -0.327148
vt 3.363281 -0.074219
vt 3.271484 0.010254
vt 3.328125 0.104004
vt 3.365234 0.082520
vt 3.410156 -0.028320
vt 3.371094 -0.062500
vt 3.271484 -0.090820
vt 3.289062 0.194336
vt 3.333984 0.211426
vt 3.302734 0.133789
vt 3.248047 0.151367
vt 3.302734 0.081055
vt 3.220703 0.114746
vt 3.164062 0.160156
vt 3.189453 0.217773
vt 2.142578 -0.012695
vt 2.199219 0.064941
vt 2.281250 -0.024414
vt 2.205078 -0.122070
vt 2.255859 -0.187500
vt 2.173828 -0.259766
vt 3.160156 -0.034180
vt 3.226562 -0.008789
vt 3.226562 -0.120117
vt 3.162109 -0.168945
vt 3.044922 -0.112305
vt 2.978516 -0.242188
vt 3.349609 4.431641
vt 3.363281 4.662109
vt 3.447266 4.490234
vt 3.447266 4.347656
vt 3.343750 4.193359
vt 3.253906 4.357422
vt 3.261719 4.662109
vt 5.335938 4.541016
vt 5.320312 4.382812
vt 5.257812 4.462891
vt 5.242188 4.644531
vt 5.359375 4.673828
vt 5.515625 4.658203
vt 5.468750 4.478516
vt 4.097656 6.011719
vt 4.207031 6.117188
vt 4.207031 6.023438
vt 4.105469 5.882812
vt 3.990234 5.898438
vt 3.990234 6.117188
vt 4.437500 6.335938
vt 4.523438 6.421875
vt 4.558594 6.117188
vt 4.414062 6.101562
vt 4.332031 6.175781
vt 4.300781 6.496094
vt 4.406250 6.523438
vt 5.222656 5.933594
vt 5.269531 5.839844
vt 5.097656 5.859375
vt 5.097656 5.902344
vt 5.171875 6.031250
vt 5.289062 6.027344
vt 5.312500 5.875000
vt 0.736328 0.564453
vt 0.686035 0.693359
vt 0.720703 0.691895
vt 0.841797 0.625000
vt 0.840820 0.561279
vt 0.767578 0.499023
vt 0.738281 0.500244
vt 0.689453 0.526123
vt 0.627441 0.590820
vt 0.887695 5.558594
vt 0.687988 5.687500
vt 0.736816 5.746094
vt 0.798828 5.796875
vt 0.859375 5.820312
vt 1.120117 5.613281
vt 1.109375 5.449219
vt 0.953613 5.296875
vt 0.817383 5.343750
vt 0.768066 5.496094
vt -5.089844 3.894531
vt -5.320312 3.832031
vt -0.575195 0.845459
vt -0.715332 0.870605
vt -0.706543 0.941437
vt -0.690918 0.959045
vt -0.644531 0.953766
vt -0.584473 0.977371
vt -0.466309 0.950378
vt -0.444336 0.922546
vt -0.382080 0.903198
vt -0.394775 0.870361
vt -0.455078 0.812988
vt -0.516113 0.704834
vt -0.561035 0.664795
vt -0.594238 0.640625
vt -0.669434 0.709229
vt -0.470215 -1.812500
vt -0.514160 -1.714844
vt -0.439453 -1.751953
vt -0.408447 -1.814453
vt -0.412109 -1.841797
vt -0.442139 -1.869141
vt -0.506348 -1.929688
vt -0.535156 -1.904297
vt -0.535156 -1.824219
vt -0.535156 -1.775391
vt -0.535156 -1.714844
vt 0.187866 -1.765625
vt 0.273438 -1.921875
vt 0.193115 -1.875000
vt 0.093140 -1.839844
vt 0.025360 -1.806641
vt 0.017227 -1.785156
vt 0.104980 -1.705078
vt 0.187012 -1.667969
vt 0.260254 -1.583984
vt 0.305664 -1.687500
vt 0.296143 -1.794922
vt 0.304199 -1.904297
vt 3.253906 0.521240
vt 3.111328 0.458984
vt 3.167969 0.605713
vt 3.378906 0.597900
vt 3.396484 0.504639
vt 3.404297 0.382812
vt 2.699219 0.153809
vt 2.847656 0.341797
vt 2.847656 0.106445
vt 2.761719 -0.014648
vt 2.673828 -0.070312
vt 2.552734 0.096191
vt 2.552734 0.304688
vt 2.697266 0.354492
vt 2.279297 0.211914
vt 2.326172 0.001953
vt 2.224609 0.001953
vt 2.146484 0.130371
vt 2.146484 0.297852
vt 2.310547 0.384766
vt 2.414062 0.321289
vt 2.414062 0.112793
vt 2.316406 0.586914
vt 2.154297 0.807617
vt 2.437500 0.662109
vt 2.343750 0.437988
vt 2.240234 0.451660
vt 2.154297 0.572510
vt 1.939453 -0.201172
vt 1.937500 -0.430664
vt 1.831055 -0.416016
vt 1.757812 -0.212891
vt 1.759766 -0.365234
vt 1.575195 -0.311523
vt 1.655273 -0.085938
vt 1.580078 -0.071289
vt 1.457031 -0.121094
vt 1.486328 -0.038086
vt 1.418945 -0.021484
vt 1.431641 0.035156
vt 1.480469 0.039551
vt 1.549805 0.048828
vt 1.614258 0.075684
vt 1.669922 0.118164
vt 1.847656 -0.037109
vt 1.711914 0.173340
vt 1.939453 0.114258
vt 1.875000 0.187500
vt 1.739258 0.237793
vt 1.748047 0.306641
vt 1.934570 0.289551
vt 2.042969 0.219727
vt 2.115234 -0.026367
vt 2.107422 -0.131836
vt 2.140625 -0.263672
vt 2.031250 -0.365234
s 1
f 52/1/1 50/2/1 51/3/1
f 61/4/2 59/5/3 60/6/3
f 168/7/4 166/8/4 167/9/5
f 204/7/6 202/10/7 203/11/6
f 207/7/5 205/11/5 206/8/5
f 245/7/8 243/8/8 244/9/8
f 281/7/8 279/10/8 280/11/8
f 284/7/8 282/11/8 283/8/8
f 333/12/9 331/13/9 332/14/9
f 339/15/10 337/16/11 338/17/11
f 348/18/12 346/19/12 347/20/12
f 372/21/13 370/13/13 371/12/13
f 915/22/14 913/23/15 914/24/15
f 1038/25/16 1036/26/17 1037/27/17
f 1046/28/18 1044/29/18 1045/30/18
f 1051/30/19 1049/29/19 1050/31/19
f 1099/32/20 1097/33/21 1098/34/20
f 1192/35/22 1190/36/23 1191/37/23
f 1195/38/24 1193/39/25 1194/40/25
f 1263/35/26 1261/36/26 1262/37/26
f 1266/38/27 1264/39/27 1265/40/27
f 1334/35/28 1332/36/28 1333/37/28
f 1337/38/29 1335/39/30 1336/40/30
f 1406/41/31 1404/42/31 1405/43/31
f 1418/44/32 1416/45/32 1417/46/33
f 1498/41/34 1496/47/35 1497/42/34
f 1710/22/36 1708/23/36 1709/24/36
f 1833/25/37 1831/26/38 1832/27/37
f 1841/28/39 1839/29/39 1840/30/39
f 1846/30/40 1844/29/41 1845/31/40
f 1894/32/42 1892/33/42 1893/34/43
f 1962/12/44 1960/13/44 1961/14/44
f 1968/15/45 1966/16/46 1967/17/45
f 1977/18/47 1975/19/48 1976/20/49
f 2001/21/50 1999/13/50 2000/12/51
f 2149/48/52 2147/49/52 2148/50/52
f 2152/51/53 2150/52/53 2151/53/53
f 2155/54/54 2153/55/54 2154/56/54
f 2158/57/55 2156/58/55 2157/59/55
f 2161/60/56 2159/61/56 2160/62/56
f 2164/63/57 2162/64/58 2163/65/57
f 2167/66/59 2165/67/60 2166/68/59
f 2170/69/61 2168/70/61 2169/71/61
f 2305/7/62 2303/8/62 2304/9/63
f 2341/7/64 2339/10/64 2340/11/64
f 2344/7/62 2342/11/62 2343/8/62
f 2382/7/62 2380/8/62 2381/9/62
f 2418/7/62 2416/10/62 2417/11/62
f 2421/7/62 2419/11/62 2420/8/62
f 2459/7/65 2457/8/65 2458/9/65
f 2495/7/66 2493/10/67 2494/11/66
f 2498/7/68 2496/11/68 2497/8/68
f 2536/7/69 2534/8/69 2535/9/69
f 2572/7/67 2570/10/68 2571/11/68
f 2575/7/66 2573/11/66 2574/8/66
f 2613/7/69 2611/8/69 2612/9/70
f 2649/7/67 2647/10/67 2648/11/67
f 2652/7/70 2650/11/69 2651/8/71
f 2690/7/65 2688/8/69 2689/9/69
f 2726/7/69 2724/10/69 2725/11/69
f 2729/7/66 2727/11/66 2728/8/65
f 2782/1/72 2780/2/72 2781/3/73
f 2791/4/74 2789/5/75 2790/6/74
f 2913/1/76 2911/2/77 2912/3/77
f 2922/4/78 2920/5/78 2921/6/78
f 2/72/79 3/73/80 1/74/81
f 1/74/81 7/75/82 2/72/79
f 17/76/83 15/77/84 16/78/85
f 16/78/85 19/79/86 17/76/83
f 27/80/87 17/76/83 19/79/86
f 12/81/88 18/82/89 13/83/90
f 13/83/90 14/84/91 12/81/88
f 90/85/92 12/81/88 14/84/91
f 8/86/93 28/87/94 29/88/95
f 29/88/95 4/89/96 8/86/93
f 6/90/97 8/86/93 4/89/96
f 4/89/96 5/91/98 6/90/97
f 5/91/98 125/92/99 6/90/97
f 126/93/100 6/90/97 125/92/99
f 38/94/101 36/95/102 37/96/103
f 37/96/103 62/97/104 38/94/101
f 129/98/105 38/94/101 62/97/104
f 53/99/106 54/100/107 55/101/108
f 55/101/108 83/102/109 53/99/106
f 35/103/110 56/104/111 57/105/112
f 57/105/112 33/106/113 35/103/110
f 34/107/114 35/103/110 33/106/113
f 33/106/113 72/108/115 34/107/114
f 71/109/116 34/107/114 72/108/115
f 72/108/115 70/110/117 71/109/116
f 68/111/118 74/112/119 66/113/120
f 66/113/120 67/114/121 68/111/118
f 69/115/122 68/111/118 67/114/121
f 67/114/121 87/116/123 69/115/122
f 78/117/124 79/118/125 77/119/126
f 77/119/126 121/120/127 78/117/124
f 82/121/128 93/122/129 92/123/130
f 92/123/130 80/124/131 82/121/128
f 81/125/132 82/121/128 80/124/131
f 80/124/131 95/126/133 81/125/132
f 88/127/134 94/128/135 20/129/136
f 22/130/137 88/127/134 20/129/136
f 20/129/136 21/131/138 22/130/137
f 91/132/139 22/130/137 21/131/138
f 21/131/138 130/133/140 91/132/139
f 25/134/141 96/135/142 23/136/143
f 23/136/143 24/137/144 25/134/141
f 26/138/145 25/134/141 24/137/144
f 75/139/146 26/138/145 24/137/144
f 24/137/144 76/140/147 75/139/146
f 124/141/148 75/139/146 76/140/147
f 76/140/147 122/142/149 124/141/148
f 123/143/150 124/141/148 122/142/149
f 99/144/151 100/145/152 97/146/153
f 97/146/153 98/147/154 99/144/151
f 101/148/155 99/144/151 98/147/154
f 105/149/156 101/148/155 98/147/154
f 98/147/154 104/150/157 105/149/156
f 65/151/152 102/152/158 63/153/159
f 63/153/159 64/154/160 65/151/152
f 128/155/161 65/151/152 64/154/160
f 32/156/162 103/157/163 30/158/164
f 30/158/164 31/159/165 32/156/162
f 120/160/166 32/156/162 31/159/165
f 31/159/165 118/161/167 120/160/166
f 119/162/168 120/160/166 118/161/167
f 107/163/169 108/164/170 106/165/171
f 117/166/172 107/163/169 106/165/171
f 106/165/171 41/167/173 117/166/172
f 40/168/174 117/166/172 41/167/173
f 39/169/175 40/168/174 41/167/173
f 41/167/173 116/170/176 39/169/175
f 127/171/177 39/169/175 116/170/176
f 49/172/178 109/173/179 110/174/180
f 110/174/180 47/175/181 49/172/178
f 47/175/181 48/176/182 49/172/178
f 131/177/183 49/172/178 48/176/182
f 112/178/184 113/179/185 111/180/186
f 111/180/186 114/181/187 112/178/184
f 115/182/188 112/178/184 114/181/187
f 134/183/189 132/184/190 133/185/191
f 151/186/192 134/183/189 133/185/191
f 133/185/191 155/187/193 151/186/192
f 146/188/194 147/189/195 145/190/196
f 162/191/197 146/188/194 145/190/196
f 145/190/196 163/192/198 162/191/197
f 164/193/199 162/191/197 163/192/198
f 163/192/198 173/194/200 164/193/199
f 164/193/199 194/195/201 162/191/197
f 150/196/202 148/197/203 149/198/204
f 149/198/204 158/199/205 150/196/202
f 144/200/206 153/201/207 142/202/208
f 143/203/209 144/200/206 142/202/208
f 142/202/208 201/204/7 143/203/209
f 159/205/210 160/206/211 161/207/212
f 196/208/213 159/205/210 161/207/212
f 161/207/212 197/209/214 196/208/213
f 198/210/215 196/208/213 197/209/214
f 197/209/214 199/211/216 198/210/215
f 139/212/217 165/213/218 140/214/219
f 140/214/219 141/215/220 139/212/217
f 156/216/221 139/212/217 141/215/220
f 141/215/220 157/217/222 156/216/221
f 208/218/223 156/216/221 157/217/222
f 171/219/224 169/220/224 170/221/224
f 170/221/224 172/222/224 171/219/224
f 177/223/225 178/224/226 179/225/227
f 183/226/228 177/223/225 179/225/227
f 179/225/227 182/227/229 183/226/228
f 181/228/230 183/226/228 182/227/229
f 182/227/229 180/229/231 181/228/230
f 174/230/232 184/231/233 185/232/234
f 185/232/234 175/233/235 174/230/232
f 175/233/235 176/234/236 174/230/232
f 176/234/236 188/235/237 174/230/232
f 189/236/238 174/230/232 188/235/237
f 192/237/239 193/238/240 190/239/241
f 191/240/242 192/237/239 190/239/241
f 190/239/241 195/241/243 191/240/242
f 138/242/244 200/243/245 186/244/246
f 137/245/247 138/242/244 186/244/246
f 186/244/246 187/246/248 137/245/247
f 187/246/248 154/247/249 137/245/247
f 154/247/249 152/248/250 137/245/247
f 152/248/250 135/249/251 137/245/247
f 135/249/251 136/250/252 137/245/247
f 138/242/244 137/245/247 136/250/252
f 211/183/253 209/184/254 210/185/255
f 228/186/256 211/183/253 210/185/255
f 210/185/255 232/187/257 228/186/256
f 223/188/258 224/189/259 222/190/260
f 239/191/261 223/188/258 222/190/260
f 222/190/260 240/192/262 239/191/261
f 241/193/263 239/191/261 240/192/262
f 240/192/262 250/194/264 241/193/263
f 241/193/263 271/195/265 239/191/261
f 227/196/266 225/197/267 226/198/268
f 226/198/268 235/199/269 227/196/266
f 221/200/270 230/201/271 219/202/272
f 220/203/273 221/200/270 219/202/272
f 219/202/272 278/204/274 220/203/273
f 236/205/275 237/206/276 238/207/277
f 273/208/278 236/205/275 238/207/277
f 238/207/277 274/209/279 273/208/278
f 275/210/280 273/208/278 274/209/279
f 274/209/279 276/211/281 275/210/280
f 216/212/282 242/213/283 217/214/284
f 217/214/284 218/215/285 216/212/282
f 233/216/286 216/212/282 218/215/285
f 218/215/285 234/217/287 233/216/286
f 285/218/288 233/216/286 234/217/287
f 248/219/289 246/220/289 247/221/289
f 247/221/289 249/222/289 248/219/289
f 254/223/290 255/224/291 256/225/292
f 260/226/293 254/223/290 256/225/292
f 256/225/292 259/227/294 260/226/293
f 258/228/295 260/226/293 259/227/294
f 259/227/294 257/229/296 258/228/295
f 251/230/297 261/231/298 262/232/299
f 262/232/299 252/233/300 251/230/297
f 252/233/300 253/234/301 251/230/297
f 253/234/301 265/235/302 251/230/297
f 266/236/303 251/230/297 265/235/302
f 269/237/304 270/238/305 267/239/306
f 268/240/307 269/237/304 267/239/306
f 267/239/306 272/241/308 268/240/307
f 215/242/309 277/243/310 263/244/311
f 214/245/312 215/242/309 263/244/311
f 263/244/311 264/246/313 214/245/312
f 264/246/313 231/247/314 214/245/312
f 231/247/314 229/248/315 214/245/312
f 229/248/315 212/249/316 214/245/312
f 212/249/316 213/250/317 214/245/312
f 215/242/309 214/245/312 213/250/317
f 291/251/318 289/252/319 290/253/320
f 290/253/320 321/254/321 291/251/318
f 293/255/322 294/256/323 292/257/324
f 292/257/324 320/258/325 293/255/322
f 297/259/326 295/260/326 296/261/326
f 296/261/326 298/262/327 297/259/326
f 299/263/328 300/264/329 301/265/330
f 301/265/330 302/266/331 299/263/328
f 305/267/332 303/268/333 304/269/334
f 304/269/334 306/270/335 305/267/332
f 311/271/336 312/272/337 310/273/338
f 310/273/338 318/274/339 311/271/336
f 315/275/340 313/276/341 314/277/342
f 314/277/342 319/278/343 315/275/340
f 329/279/344 327/280/345 328/281/346
f 328/281/346 330/282/347 329/279/344
f 343/283/348 344/284/349 345/285/350
f 356/286/351 343/283/348 345/285/350
f 357/287/352 356/286/351 345/285/350
f 355/288/353 357/287/352 345/285/350
f 345/285/350 354/289/354 355/288/353
f 351/290/355 349/291/356 350/292/357
f 350/292/357 353/293/358 351/290/355
f 334/294/359 352/295/360 335/296/361
f 336/297/362 334/294/359 335/296/361
f 335/296/361 358/298/363 336/297/362
f 358/298/363 359/299/364 336/297/362
f 359/299/364 364/300/365 336/297/362
f 364/300/365 365/301/366 336/297/362
f 334/294/359 336/297/362 365/301/366
f 362/302/367 360/303/368 361/304/369
f 361/304/369 363/305/370 362/302/367
f 385/53/371 386/306/372 387/307/373
f 387/307/373 382/51/374 385/53/371
f 409/52/375 385/53/371 382/51/374
f 384/308/376 409/52/375 382/51/374
f 382/51/374 383/309/377 384/308/376
f 383/309/377 419/310/378 384/308/376
f 421/311/379 384/308/376 419/310/378
f 419/310/378 420/312/380 421/311/379
f 429/313/381 421/311/379 420/312/380
f 407/69/382 429/313/381 420/312/380
f 420/312/380 404/70/383 407/69/382
f 403/71/384 407/69/382 404/70/383
f 404/70/383 405/314/385 403/71/384
f 445/315/386 403/71/384 405/314/385
f 405/314/385 446/316/387 445/315/386
f 444/317/388 445/315/386 446/316/387
f 407/69/382 403/71/384 408/318/389
f 406/319/390 407/69/382 408/318/389
f 408/318/389 475/320/391 406/319/390
f 473/321/392 406/319/390 475/320/391
f 475/320/391 474/322/393 473/321/392
f 472/323/394 473/321/392 474/322/393
f 474/322/393 471/324/395 472/323/394
f 470/325/396 472/323/394 471/324/395
f 415/67/397 470/325/396 471/324/395
f 471/324/395 397/68/398 415/67/397
f 396/66/399 415/67/397 397/68/398
f 397/68/398 398/326/400 396/66/399
f 442/327/401 396/66/399 398/326/400
f 398/326/400 443/328/402 442/327/401
f 441/329/403 442/327/401 443/328/402
f 417/330/404 415/67/397 396/66/399
f 396/66/399 428/331/405 417/330/404
f 428/331/405 418/332/406 417/330/404
f 416/333/407 417/330/404 418/332/406
f 374/334/408 416/333/407 418/332/406
f 418/332/406 375/335/409 374/334/408
f 373/48/410 374/334/408 375/335/409
f 375/335/409 379/49/411 373/48/410
f 376/50/412 373/48/410 379/49/411
f 381/336/413 376/50/412 379/49/411
f 379/49/411 380/337/414 381/336/413
f 456/338/415 381/336/413 380/337/414
f 380/337/414 482/339/416 456/338/415
f 378/340/417 373/48/410 376/50/412
f 376/50/412 377/341/418 378/340/417
f 469/342/419 378/340/417 377/341/418
f 377/341/418 481/343/420 469/342/419
f 481/343/420 468/344/421 469/342/419
f 467/345/422 469/342/419 468/344/421
f 468/344/421 466/346/423 467/345/422
f 465/347/424 467/345/422 466/346/423
f 466/346/423 385/53/371 465/347/424
f 409/52/375 465/347/424 385/53/371
f 438/348/425 439/349/426 440/350/427
f 434/351/428 438/348/425 440/350/427
f 440/350/427 399/61/429 434/351/428
f 411/60/430 434/351/428 399/61/429
f 401/62/431 411/60/430 399/61/429
f 399/61/429 400/352/432 401/62/431
f 402/353/433 401/62/431 400/352/432
f 480/354/434 402/353/433 400/352/432
f 400/352/432 484/355/435 480/354/434
f 484/355/435 479/356/436 480/354/434
f 478/357/437 480/354/434 479/356/436
f 479/356/436 477/358/438 478/357/437
f 476/359/439 478/357/437 477/358/438
f 477/358/438 414/63/440 476/359/439
f 413/65/441 476/359/439 414/63/440
f 412/64/442 413/65/441 414/63/440
f 414/63/440 435/360/443 412/64/442
f 436/361/444 412/64/442 435/360/443
f 437/362/445 436/361/444 435/360/443
f 435/360/443 458/363/446 437/362/445
f 423/364/447 413/65/441 412/64/442
f 412/64/442 424/365/448 423/364/447
f 422/366/449 423/364/447 424/365/448
f 424/365/448 431/367/450 422/366/449
f 394/368/451 422/366/449 431/367/450
f 431/367/450 432/369/452 394/368/451
f 432/369/452 395/58/453 394/368/451
f 391/57/454 394/368/451 395/58/453
f 392/59/455 391/57/454 395/58/453
f 448/370/456 392/59/455 395/58/453
f 395/58/453 449/371/457 448/370/456
f 447/372/458 448/370/456 449/371/457
f 449/371/457 454/373/459 447/372/458
f 454/373/459 455/374/460 447/372/458
f 457/375/461 447/372/458 455/374/460
f 391/57/454 392/59/455 393/376/462
f 464/377/463 391/57/454 393/376/462
f 462/378/464 464/377/463 393/376/462
f 393/376/462 463/379/465 462/378/464
f 461/380/466 462/378/464 463/379/465
f 463/379/465 483/381/467 461/380/466
f 483/381/467 460/382/468 461/380/466
f 459/383/469 461/380/466 460/382/468
f 460/382/468 410/56/470 459/383/469
f 390/55/471 459/383/469 410/56/470
f 388/54/472 390/55/471 410/56/470
f 410/56/470 453/384/473 388/54/472
f 451/385/474 388/54/472 453/384/473
f 453/384/473 452/386/475 451/385/474
f 450/387/476 451/385/474 452/386/475
f 390/55/471 388/54/472 389/388/477
f 433/389/478 390/55/471 389/388/477
f 427/390/479 433/389/478 389/388/477
f 389/388/477 425/391/480 427/390/479
f 425/391/480 426/392/481 427/390/479
f 430/393/482 427/390/479 426/392/481
f 401/62/431 430/393/482 426/392/481
f 426/392/481 411/60/430 401/62/431
f 488/53/483 489/306/484 490/307/485
f 490/307/485 485/51/486 488/53/483
f 502/52/487 488/53/483 485/51/486
f 487/308/488 502/52/487 485/51/486
f 485/51/486 486/309/489 487/308/488
f 486/309/489 506/310/490 487/308/488
f 508/311/491 487/308/488 506/310/490
f 506/310/490 507/312/492 508/311/491
f 512/313/493 508/311/491 507/312/492
f 500/69/494 512/313/493 507/312/492
f 507/312/492 497/70/495 500/69/494
f 496/71/496 500/69/494 497/70/495
f 497/70/495 498/314/497 496/71/496
f 519/315/498 496/71/496 498/314/497
f 498/314/497 520/316/499 519/315/498
f 518/317/500 519/315/498 520/316/499
f 500/69/494 496/71/496 501/318/501
f 499/319/502 500/69/494 501/318/501
f 501/318/501 546/320/503 499/319/502
f 544/321/504 499/319/502 546/320/503
f 546/320/503 545/322/505 544/321/504
f 542/323/506 544/321/504 545/322/505
f 545/322/505 543/324/507 542/323/506
f 541/325/508 542/323/506 543/324/507
f 525/374/509 526/375/510 521/372/511
f 524/373/512 525/374/509 521/372/511
f 523/371/513 524/373/512 521/372/511
f 521/372/511 522/370/514 523/371/513
f 495/58/515 523/371/513 522/370/514
f 522/370/514 492/59/516 495/58/515
f 491/57/517 495/58/515 492/59/516
f 492/59/516 493/376/518 491/57/517
f 533/377/519 491/57/517 493/376/518
f 531/378/520 533/377/519 493/376/518
f 493/376/518 532/379/521 531/378/520
f 529/380/522 531/378/520 532/379/521
f 532/379/521 553/381/523 529/380/522
f 553/381/523 530/382/524 529/380/522
f 528/383/525 529/380/522 530/382/524
f 495/58/515 491/57/517 494/368/526
f 514/369/527 495/58/515 494/368/526
f 513/367/528 514/369/527 494/368/526
f 494/368/526 509/366/529 513/367/528
f 511/365/530 513/367/528 509/366/529
f 509/366/529 510/364/531 511/365/530
f 503/64/532 511/365/530 510/364/531
f 510/364/531 504/65/533 503/64/532
f 505/63/534 503/64/532 504/65/533
f 504/65/533 547/359/535 505/63/534
f 548/358/536 505/63/534 547/359/535
f 547/359/535 549/357/537 548/358/536
f 550/356/538 548/358/536 549/357/537
f 549/357/537 551/354/539 550/356/538
f 554/355/540 550/356/538 551/354/539
f 556/394/541 554/355/540 551/354/539
f 551/354/539 555/395/542 556/394/541
f 503/64/532 505/63/534 515/360/543
f 516/361/544 503/64/532 515/360/543
f 517/362/545 516/361/544 515/360/543
f 515/360/543 527/363/546 517/362/545
f 488/53/483 502/52/487 534/347/547
f 535/346/548 488/53/483 534/347/547
f 534/347/547 536/345/549 535/346/548
f 537/344/550 535/346/548 536/345/549
f 536/345/549 538/342/551 537/344/550
f 552/343/552 537/344/550 538/342/551
f 539/341/553 552/343/552 538/342/551
f 538/342/551 540/340/554 539/341/553
f 561/396/555 562/397/556 563/398/557
f 589/399/558 561/396/555 563/398/557
f 563/398/557 588/400/559 589/399/558
f 566/401/560 564/402/560 565/403/561
f 565/403/561 567/404/562 566/401/560
f 572/405/563 570/406/563 571/407/564
f 571/407/564 573/408/565 572/405/563
f 574/409/566 575/410/567 576/411/568
f 577/412/569 574/409/566 576/411/568
f 585/413/570 577/412/569 576/411/568
f 576/411/568 586/414/571 585/413/570
f 587/415/572 585/413/570 586/414/571
f 586/414/571 595/416/573 587/415/572
f 585/413/570 584/417/574 577/412/569
f 579/418/575 580/419/576 581/420/577
f 581/420/577 592/421/578 579/418/575
f 591/422/579 579/418/575 592/421/578
f 590/423/580 591/422/579 592/421/578
f 593/424/581 590/423/580 592/421/578
f 594/425/582 593/424/581 592/421/578
f 592/421/578 596/426/579 594/425/582
f 599/427/583 597/428/584 598/429/583
f 598/429/583 600/430/585 599/427/583
f 609/431/586 607/432/587 608/433/588
f 608/433/588 610/434/588 609/431/586
f 623/355/589 625/435/590 626/436/591
f 626/436/591 624/354/592 623/355/589
f 619/352/593 623/355/589 624/354/592
f 624/354/592 620/353/594 619/352/593
f 621/61/595 619/352/593 620/353/594
f 620/353/594 622/62/596 621/61/595
f 680/60/597 621/61/595 622/62/596
f 681/392/598 680/60/597 622/62/596
f 622/62/596 682/393/599 681/392/598
f 682/393/599 683/390/600 681/392/598
f 691/391/601 681/392/598 683/390/600
f 690/388/602 691/391/601 683/390/600
f 683/390/600 692/389/603 690/388/602
f 692/389/603 612/55/604 690/388/602
f 640/54/605 690/388/602 612/55/604
f 611/56/606 640/54/605 612/55/604
f 613/382/607 611/56/606 612/55/604
f 612/55/604 614/383/608 613/382/607
f 614/383/608 636/380/609 613/382/607
f 638/381/610 613/382/607 636/380/609
f 637/379/611 638/381/610 636/380/609
f 635/437/612 637/379/611 636/380/609
f 636/380/609 634/438/613 635/437/612
f 640/54/605 611/56/606 641/384/614
f 639/385/615 640/54/605 641/384/614
f 641/384/614 642/386/616 639/385/615
f 677/387/617 639/385/615 642/386/616
f 643/337/618 644/339/619 645/338/620
f 645/338/620 647/336/621 643/337/618
f 646/49/622 643/337/618 647/336/621
f 647/336/621 648/50/623 646/49/622
f 658/48/624 646/49/622 648/50/623
f 657/340/625 658/48/624 648/50/623
f 648/50/623 656/341/626 657/340/625
f 655/342/627 657/340/625 656/341/626
f 656/341/626 654/343/628 655/342/627
f 654/343/628 652/344/629 655/342/627
f 653/345/630 655/342/627 652/344/629
f 652/344/629 649/346/631 653/345/630
f 651/347/632 653/345/630 649/346/631
f 649/346/631 650/53/633 651/347/632
f 660/52/634 651/347/632 650/53/633
f 666/51/635 660/52/634 650/53/633
f 665/307/636 666/51/635 650/53/633
f 650/53/633 669/439/637 665/307/636
f 669/439/637 668/440/638 665/307/636
f 667/441/639 665/307/636 668/440/638
f 697/308/640 660/52/634 666/51/635
f 666/51/635 698/309/641 697/308/640
f 698/309/641 699/310/642 697/308/640
f 696/311/643 697/308/640 699/310/642
f 699/310/642 693/312/644 696/311/643
f 695/313/645 696/311/643 693/312/644
f 616/69/646 695/313/645 693/312/644
f 693/312/644 694/70/647 616/69/646
f 618/71/648 616/69/646 694/70/647
f 694/70/647 664/314/649 618/71/648
f 662/315/650 618/71/648 664/314/649
f 664/314/649 663/442/651 662/315/650
f 661/443/651 662/315/650 663/442/651
f 616/69/646 618/71/648 617/318/652
f 615/319/653 616/69/646 617/318/652
f 617/318/652 633/320/654 615/319/653
f 632/321/655 615/319/653 633/320/654
f 633/320/654 631/322/656 632/321/655
f 630/323/657 632/321/655 631/322/656
f 631/322/656 628/324/658 630/323/657
f 659/325/659 630/323/657 628/324/658
f 627/67/660 659/325/659 628/324/658
f 628/324/658 629/68/661 627/67/660
f 674/66/662 627/67/660 629/68/661
f 629/68/661 675/326/663 674/66/662
f 673/327/664 674/66/662 675/326/663
f 675/326/663 676/328/665 673/327/664
f 678/329/666 673/327/664 676/328/665
f 688/330/667 627/67/660 674/66/662
f 674/66/662 689/331/668 688/330/667
f 689/331/668 687/332/669 688/330/667
f 686/333/670 688/330/667 687/332/669
f 685/334/671 686/333/670 687/332/669
f 687/332/669 684/335/672 685/334/671
f 658/48/624 685/334/671 684/335/672
f 684/335/672 646/49/622 658/48/624
f 671/348/673 679/349/674 672/350/675
f 670/351/676 671/348/673 672/350/675
f 672/350/675 621/61/595 670/351/676
f 680/60/597 670/351/676 621/61/595
f 606/444/677 700/432/678 701/431/678
f 701/431/678 605/445/677 606/444/677
f 605/445/677 601/446/679 606/444/677
f 603/447/679 606/444/677 601/446/679
f 601/446/679 602/448/680 603/447/679
f 604/449/681 603/447/679 602/448/680
f 703/427/682 604/449/681 602/448/680
f 602/448/680 702/428/583 703/427/682
f 717/450/683 718/451/684 719/452/685
f 992/453/686 717/450/683 719/452/685
f 721/454/687 992/453/686 719/452/685
f 719/452/685 720/455/688 721/454/687
f 724/456/689 721/454/687 720/455/688
f 720/455/688 1096/457/690 724/456/689
f 1096/457/690 722/458/691 724/456/689
f 723/32/692 724/456/689 722/458/691
f 722/458/691 1095/33/693 723/32/692
f 727/459/694 724/456/689 723/32/692
f 729/460/695 727/459/694 723/32/692
f 723/32/692 728/34/696 729/460/695
f 731/461/697 729/460/695 728/34/696
f 728/34/696 730/462/698 731/461/697
f 729/460/695 731/461/697 732/463/699
f 733/464/700 729/460/695 732/463/699
f 732/463/699 734/465/701 733/464/700
f 734/465/701 735/466/702 733/464/700
f 735/466/702 1078/467/703 733/464/700
f 1078/467/703 1079/468/704 733/464/700
f 1079/468/704 1080/469/705 733/464/700
f 1080/469/705 1076/470/706 733/464/700
f 729/460/695 733/464/700 1076/470/706
f 1076/470/706 1077/471/707 729/460/695
f 727/459/694 729/460/695 1077/471/707
f 727/459/694 725/471/708 726/472/709
f 1074/473/710 727/459/694 726/472/709
f 726/472/709 1073/474/711 1074/473/710
f 1073/474/711 1100/475/712 1074/473/710
f 1069/476/713 1074/473/710 1100/475/712
f 1100/475/712 1101/477/714 1069/476/713
f 1101/477/714 1070/478/715 1069/476/713
f 994/479/716 1069/476/713 1070/478/715
f 1070/478/715 1071/480/717 994/479/716
f 1071/480/717 1084/481/718 994/479/716
f 1084/481/718 993/482/719 994/479/716
f 992/453/686 994/479/716 993/482/719
f 993/482/719 1075/483/720 992/453/686
f 1075/483/720 990/484/721 992/453/686
f 990/484/721 991/485/722 992/453/686
f 991/485/722 1072/486/723 992/453/686
f 717/450/683 992/453/686 1072/486/723
f 994/479/716 992/453/686 721/454/687
f 1069/476/713 994/479/716 721/454/687
f 1074/473/710 1069/476/713 721/454/687
f 721/454/687 724/456/689 1074/473/710
f 727/459/694 1074/473/710 724/456/689
f 738/487/724 740/488/725 739/489/726
f 739/489/726 736/490/727 738/487/724
f 737/491/728 738/487/724 736/490/727
f 736/490/727 745/492/729 737/491/728
f 745/492/729 746/493/730 737/491/728
f 751/494/731 737/491/728 746/493/730
f 746/493/730 749/495/732 751/494/731
f 750/496/733 751/494/731 749/495/732
f 758/497/734 759/498/734 754/499/735
f 753/500/736 758/497/734 754/499/735
f 754/499/735 752/501/737 753/500/736
f 747/502/738 753/500/736 752/501/737
f 752/501/737 748/503/739 747/502/738
f 748/503/739 744/504/740 747/502/738
f 742/505/741 747/502/738 744/504/740
f 744/504/740 743/506/742 742/505/741
f 741/507/743 742/505/741 743/506/742
f 743/506/742 862/508/744 741/507/743
f 863/509/745 741/507/743 862/508/744
f 939/510/746 863/509/745 862/508/744
f 862/508/744 892/511/747 939/510/746
f 891/512/748 939/510/746 892/511/747
f 892/511/747 890/513/749 891/512/748
f 890/513/749 950/514/750 891/512/748
f 951/515/751 891/512/748 950/514/750
f 950/514/750 952/516/752 951/515/751
f 953/517/753 951/515/751 952/516/752
f 952/516/752 954/518/754 953/517/753
f 955/519/755 953/517/753 954/518/754
f 954/518/754 962/520/756 955/519/755
f 963/521/757 955/519/755 962/520/756
f 962/520/756 964/522/758 963/521/757
f 965/523/759 963/521/757 964/522/758
f 863/509/745 939/510/746 944/524/760
f 946/525/761 863/509/745 944/524/760
f 944/524/760 945/526/762 946/525/761
f 947/527/763 946/525/761 945/526/762
f 945/526/762 948/528/764 947/527/763
f 949/529/765 947/527/763 948/528/764
f 948/528/764 956/530/766 949/529/765
f 957/531/767 949/529/765 956/530/766
f 956/530/766 958/532/768 957/531/767
f 959/533/769 957/531/767 958/532/768
f 958/532/768 960/534/770 959/533/769
f 961/535/771 959/533/769 960/534/770
f 960/534/770 970/536/772 961/535/771
f 971/537/773 961/535/771 970/536/772
f 762/538/774 760/539/775 761/540/776
f 763/541/777 762/538/774 761/540/776
f 757/542/778 763/541/777 761/540/776
f 761/540/776 755/543/779 757/542/778
f 756/544/780 757/542/778 755/543/779
f 755/543/779 978/545/731 756/544/780
f 764/546/781 765/29/782 766/28/783
f 766/28/783 986/547/784 764/546/781
f 781/548/785 782/549/786 780/550/787
f 779/551/788 781/548/785 780/550/787
f 780/550/787 778/552/789 779/551/788
f 777/553/790 779/551/788 778/552/789
f 778/552/789 776/554/791 777/553/790
f 775/555/791 777/553/790 776/554/791
f 776/554/791 774/556/792 775/555/791
f 773/557/793 775/555/791 774/556/792
f 774/556/792 772/558/794 773/557/793
f 771/559/795 773/557/793 772/558/794
f 772/558/794 770/560/796 771/559/795
f 768/561/797 771/559/795 770/560/796
f 770/560/796 769/562/798 768/561/797
f 767/563/799 768/561/797 769/562/798
f 769/562/798 1029/564/800 767/563/799
f 1028/565/801 767/563/799 1029/564/800
f 787/566/802 788/567/802 786/568/803
f 784/569/804 787/566/802 786/568/803
f 786/568/803 785/570/805 784/569/804
f 783/571/806 784/569/804 785/570/805
f 785/570/805 841/572/807 783/571/806
f 840/573/807 783/571/806 841/572/807
f 791/574/808 789/575/808 790/576/809
f 792/577/809 791/574/808 790/576/809
f 790/576/809 793/578/810 792/577/809
f 794/579/810 792/577/809 793/578/810
f 796/580/811 798/581/812 797/582/813
f 795/583/814 796/580/811 797/582/813
f 981/584/815 795/583/814 797/582/813
f 797/582/813 980/585/816 981/584/815
f 800/586/817 802/587/818 801/588/819
f 799/589/820 800/586/817 801/588/819
f 801/588/819 1121/590/821 799/589/820
f 1122/591/822 799/589/820 1121/590/821
f 809/592/823 810/593/824 808/594/825
f 808/594/825 1030/595/826 809/592/823
f 819/596/827 820/597/828 821/598/829
f 821/598/829 817/599/830 819/596/827
f 815/600/831 819/596/827 817/599/830
f 817/599/830 816/601/832 815/600/831
f 814/602/833 815/600/831 816/601/832
f 816/601/832 823/603/834 814/602/833
f 822/604/835 814/602/833 823/603/834
f 824/605/836 825/606/837 826/607/838
f 828/603/839 824/605/836 826/607/838
f 826/607/838 829/608/840 828/603/839
f 827/604/840 828/603/839 829/608/840
f 845/609/841 843/581/842 844/580/843
f 844/580/843 846/610/844 845/609/841
f 846/610/844 849/611/845 845/609/841
f 848/612/846 845/609/841 849/611/845
f 849/611/845 847/613/846 848/612/846
f 834/614/847 861/606/848 832/605/849
f 831/615/850 834/614/847 832/605/849
f 832/605/849 830/616/851 831/615/850
f 830/616/851 853/612/852 831/615/850
f 853/612/852 854/617/853 831/615/850
f 854/617/853 858/618/854 831/615/850
f 858/618/854 833/619/855 831/615/850
f 834/614/847 831/615/850 833/619/855
f 711/620/856 864/621/856 709/622/857
f 710/623/858 711/620/856 709/622/857
f 714/624/859 710/623/858 709/622/857
f 709/622/857 881/625/860 714/624/859
f 880/626/861 714/624/859 881/625/860
f 881/625/860 879/627/862 880/626/861
f 879/627/862 882/628/863 880/626/861
f 884/629/864 880/626/861 882/628/863
f 882/628/863 883/630/865 884/629/864
f 883/630/865 940/631/866 884/629/864
f 942/632/867 884/629/864 940/631/866
f 940/631/866 941/633/868 942/632/867
f 979/634/868 942/632/867 941/633/868
f 713/635/869 710/623/858 714/624/859
f 714/624/859 712/636/870 713/635/869
f 712/636/870 716/637/871 713/635/869
f 715/638/872 713/635/869 716/637/871
f 716/637/871 1120/639/775 715/638/872
f 1147/640/873 715/638/872 1120/639/775
f 867/641/874 865/642/875 866/643/875
f 866/643/875 868/644/876 867/641/874
f 869/645/877 867/641/874 868/644/876
f 868/644/876 870/646/878 869/645/877
f 872/647/879 869/645/877 870/646/878
f 870/646/878 871/648/880 872/647/879
f 873/649/881 872/647/879 871/648/880
f 871/648/880 874/650/882 873/649/881
f 875/651/883 873/649/881 874/650/882
f 874/650/882 876/652/884 875/651/883
f 878/653/885 875/651/883 876/652/884
f 876/652/884 877/654/886 878/653/885
f 877/654/886 943/655/887 878/653/885
f 943/655/887 937/656/888 878/653/885
f 938/657/889 878/653/885 937/656/888
f 887/658/890 885/659/891 886/660/891
f 886/660/891 888/661/891 887/658/890
f 894/662/892 893/663/893 806/664/894
f 807/665/895 894/662/892 806/664/894
f 806/664/894 803/666/896 807/665/895
f 805/667/897 807/665/895 803/666/896
f 803/666/896 804/668/898 805/667/897
f 977/669/824 805/667/897 804/668/898
f 903/488/899 901/670/900 902/671/901
f 919/672/902 903/488/899 902/671/901
f 902/671/901 920/673/903 919/672/902
f 919/672/902 984/489/904 903/488/899
f 905/671/905 906/670/906 904/674/907
f 904/674/907 930/675/908 905/671/905
f 923/676/909 921/673/910 922/677/911
f 924/677/912 923/676/909 922/677/911
f 922/677/911 925/678/913 924/677/912
f 925/678/913 926/679/914 924/677/912
f 926/679/914 933/663/915 924/677/912
f 933/663/915 927/662/916 924/677/912
f 923/676/909 924/677/912 927/662/916
f 928/677/917 921/673/918 929/671/919
f 929/671/919 934/675/920 928/677/917
f 934/675/920 932/680/921 928/677/917
f 925/678/922 928/677/917 932/680/921
f 895/675/923 935/674/924 896/681/925
f 897/680/926 895/675/923 896/681/925
f 896/681/925 936/682/927 897/680/926
f 968/523/928 966/522/929 967/683/930
f 967/683/930 969/684/930 968/523/928
f 976/685/749 974/686/931 975/687/932
f 975/687/932 1052/688/933 976/685/749
f 1053/689/934 976/685/749 1052/688/933
f 811/690/935 982/691/936 812/692/937
f 812/692/937 813/693/938 811/690/935
f 818/694/939 811/690/935 813/693/938
f 813/693/938 983/695/940 818/694/939
f 1138/696/941 818/694/939 983/695/940
f 983/695/940 1139/697/942 1138/696/941
f 839/547/943 985/28/944 842/617/945
f 837/698/946 839/547/943 842/617/945
f 842/617/945 850/612/947 837/698/946
f 850/612/947 835/613/948 837/698/946
f 835/613/948 836/699/949 837/698/946
f 836/699/949 838/700/950 837/698/946
f 839/547/943 837/698/946 838/700/950
f 996/701/951 995/702/952 988/703/953
f 989/704/954 996/701/951 988/703/953
f 855/705/955 989/704/954 988/703/953
f 988/703/953 856/618/956 855/705/955
f 856/618/956 857/617/957 855/705/955
f 857/617/957 987/28/958 855/705/955
f 989/704/954 855/705/955 987/28/958
f 987/28/958 997/30/959 989/704/954
f 996/701/951 989/704/954 997/30/959
f 998/706/960 999/707/961 1000/708/962
f 1000/708/962 1001/709/963 998/706/960
f 1002/710/964 1003/711/965 1004/712/966
f 1004/712/966 1010/713/967 1002/710/964
f 1011/714/968 1002/710/964 1010/713/967
f 1012/715/969 1011/714/968 1010/713/967
f 1010/713/967 1047/716/970 1012/715/969
f 1035/26/971 1039/25/972 1040/717/973
f 1033/718/974 1035/26/971 1040/717/973
f 1040/717/973 1031/719/975 1033/718/974
f 1031/719/975 1032/720/976 1033/718/974
f 1032/720/976 1041/721/977 1033/718/974
f 1042/722/978 1033/718/974 1041/721/977
f 1041/721/977 1043/723/979 1042/722/978
f 1033/718/974 1042/722/978 1034/724/980
f 1034/724/980 1035/26/971 1033/718/974
f 1009/725/981 1048/716/982 1007/713/983
f 1008/726/984 1009/725/981 1007/713/983
f 1006/727/985 1008/726/984 1007/713/983
f 1005/728/986 1006/727/985 1007/713/983
f 1007/713/983 1085/712/987 1005/728/986
f 1061/729/988 1063/730/989 1062/731/990
f 1056/732/991 1061/729/988 1062/731/990
f 1062/731/990 1067/733/992 1056/732/991
f 1067/733/992 1066/734/993 1056/732/991
f 1066/734/993 1064/735/994 1056/732/991
f 1064/735/994 1065/736/995 1056/732/991
f 1065/736/995 1068/737/996 1056/732/991
f 1068/737/996 1054/738/997 1056/732/991
f 1054/738/997 1055/739/998 1056/732/991
f 1055/739/998 1057/740/999 1056/732/991
f 1057/740/999 1058/741/1000 1056/732/991
f 1058/741/1000 1059/742/1001 1056/732/991
f 1059/742/1001 1060/743/1002 1056/732/991
f 1061/729/988 1056/732/991 1060/743/1002
f 1086/744/1003 1087/745/1004 1088/746/1005
f 1083/747/1006 1086/744/1003 1088/746/1005
f 1089/748/1007 1083/747/1006 1088/746/1005
f 1088/746/1005 1092/749/1008 1089/748/1007
f 1083/747/1006 1089/748/1007 1090/750/1009
f 1090/750/1009 1091/751/1010 1083/747/1006
f 1091/751/1010 1093/752/1011 1083/747/1006
f 1093/752/1011 1094/753/1012 1083/747/1006
f 1094/753/1012 1081/754/1013 1083/747/1006
f 1081/754/1013 1082/755/1014 1083/747/1006
f 1086/744/1003 1083/747/1006 1082/755/1014
f 1106/756/1015 1107/757/1016 1104/758/1017
f 1103/759/1018 1106/756/1015 1104/758/1017
f 1102/760/1019 1103/759/1018 1104/758/1017
f 1104/758/1017 1105/761/1020 1102/760/1019
f 1111/762/1021 1102/760/1019 1105/761/1020
f 1112/763/1022 1111/762/1021 1105/761/1020
f 1113/764/1023 1112/763/1022 1105/761/1020
f 1105/761/1020 1114/765/1024 1113/764/1023
f 1110/766/1025 1113/764/1023 1114/765/1024
f 1108/767/1026 1110/766/1025 1114/765/1024
f 1116/768/1027 1108/767/1026 1114/765/1024
f 1115/769/1028 1116/768/1027 1114/765/1024
f 1114/765/1024 1117/770/1029 1115/769/1028
f 1117/770/1029 1119/771/1030 1115/769/1028
f 1118/772/1030 1115/769/1028 1119/771/1030
f 1110/766/1025 1108/767/1026 1109/773/1031
f 1135/774/1032 1120/639/775 1134/775/1033
f 1136/776/1034 1135/774/1032 1134/775/1033
f 1134/775/1033 1137/777/1035 1136/776/1034
f 1142/778/1036 1140/779/1037 1141/780/1038
f 1141/780/1038 1143/781/1039 1142/778/1036
f 1146/782/1040 1144/640/1040 1145/639/1040
f 1145/639/1040 1148/774/1040 1146/782/1040
f 1170/783/1041 1174/784/1042 1171/785/1043
f 1172/786/1044 1170/783/1041 1171/785/1043
f 1171/785/1043 1217/787/1045 1172/786/1044
f 1218/788/1046 1172/786/1044 1217/787/1045
f 1177/789/1047 1175/790/1048 1176/791/1049
f 1176/791/1049 1206/792/1050 1177/789/1047
f 1205/40/1051 1177/789/1047 1206/792/1050
f 1187/793/1052 1188/794/1053 1189/795/1054
f 1212/796/1055 1187/793/1052 1189/795/1054
f 1163/797/1056 1212/796/1055 1189/795/1054
f 1189/795/1054 1213/798/1057 1163/797/1056
f 1213/798/1057 1219/799/1058 1163/797/1056
f 1219/799/1058 1222/800/1059 1163/797/1056
f 1222/800/1059 1161/801/1060 1163/797/1056
f 1161/801/1060 1162/802/1061 1163/797/1056
f 1212/796/1055 1163/797/1056 1162/802/1061
f 1162/802/1061 1211/803/1062 1212/796/1055
f 1187/793/1052 1212/796/1055 1211/803/1062
f 1164/804/1063 1210/805/1064 1165/806/1065
f 1165/806/1065 1166/807/1066 1164/804/1063
f 1166/807/1066 1173/808/1067 1164/804/1063
f 1221/809/1068 1164/804/1063 1173/808/1067
f 1183/810/1069 1228/811/1070 1181/812/1071
f 1181/812/1071 1182/813/1072 1183/810/1069
f 1204/814/1073 1183/810/1069 1182/813/1072
f 1182/813/1072 1226/815/1074 1204/814/1073
f 1226/815/1074 1227/816/1075 1204/814/1073
f 1227/816/1075 1202/817/1076 1204/814/1073
f 1202/817/1076 1203/818/1077 1204/814/1073
f 1183/810/1069 1204/814/1073 1203/818/1077
f 1241/783/1078 1245/784/1079 1242/785/1080
f 1243/786/1081 1241/783/1078 1242/785/1080
f 1242/785/1080 1288/787/1082 1243/786/1081
f 1289/788/1083 1243/786/1081 1288/787/1082
f 1248/789/1084 1246/790/1085 1247/791/1086
f 1247/791/1086 1277/792/1087 1248/789/1084
f 1276/40/1088 1248/789/1084 1277/792/1087
f 1258/793/1089 1259/794/1090 1260/795/1091
f 1283/796/1092 1258/793/1089 1260/795/1091
f 1234/797/1093 1283/796/1092 1260/795/1091
f 1260/795/1091 1284/798/1094 1234/797/1093
f 1284/798/1094 1290/799/1095 1234/797/1093
f 1290/799/1095 1293/800/1096 1234/797/1093
f 1293/800/1096 1232/801/1097 1234/797/1093
f 1232/801/1097 1233/802/1098 1234/797/1093
f 1283/796/1092 1234/797/1093 1233/802/1098
f 1233/802/1098 1282/803/1099 1283/796/1092
f 1258/793/1089 1283/796/1092 1282/803/1099
f 1235/804/1100 1281/805/1101 1236/806/1102
f 1236/806/1102 1237/807/1103 1235/804/1100
f 1237/807/1103 1244/808/1104 1235/804/1100
f 1292/809/1105 1235/804/1100 1244/808/1104
f 1254/810/1106 1299/811/1107 1252/812/1108
f 1252/812/1108 1253/813/1109 1254/810/1106
f 1275/814/1110 1254/810/1106 1253/813/1109
f 1253/813/1109 1297/815/1111 1275/814/1110
f 1297/815/1111 1298/816/1112 1275/814/1110
f 1298/816/1112 1273/817/1113 1275/814/1110
f 1273/817/1113 1274/818/1114 1275/814/1110
f 1254/810/1106 1275/814/1110 1274/818/1114
f 1312/783/1115 1316/784/1116 1313/785/1117
f 1314/786/1118 1312/783/1115 1313/785/1117
f 1313/785/1117 1359/787/1119 1314/786/1118
f 1360/788/1120 1314/786/1118 1359/787/1119
f 1319/789/1121 1317/790/1122 1318/791/1123
f 1318/791/1123 1348/792/1124 1319/789/1121
f 1347/40/1125 1319/789/1121 1348/792/1124
f 1329/793/1126 1330/794/1127 1331/795/1128
f 1354/796/1129 1329/793/1126 1331/795/1128
f 1305/797/1130 1354/796/1129 1331/795/1128
f 1331/795/1128 1355/798/1131 1305/797/1130
f 1355/798/1131 1361/799/1132 1305/797/1130
f 1361/799/1132 1364/800/1133 1305/797/1130
f 1364/800/1133 1303/801/1134 1305/797/1130
f 1303/801/1134 1304/802/1135 1305/797/1130
f 1354/796/1129 1305/797/1130 1304/802/1135
f 1304/802/1135 1353/803/1136 1354/796/1129
f 1329/793/1126 1354/796/1129 1353/803/1136
f 1306/804/1137 1352/805/1138 1307/806/1139
f 1307/806/1139 1308/807/1140 1306/804/1137
f 1308/807/1140 1315/808/1141 1306/804/1137
f 1363/809/1142 1306/804/1137 1315/808/1141
f 1325/810/1143 1370/811/1144 1323/812/1145
f 1323/812/1145 1324/813/1146 1325/810/1143
f 1346/814/1147 1325/810/1143 1324/813/1146
f 1324/813/1146 1368/815/1148 1346/814/1147
f 1368/815/1148 1369/816/1149 1346/814/1147
f 1369/816/1149 1344/817/1150 1346/814/1147
f 1344/817/1150 1345/818/1151 1346/814/1147
f 1325/810/1143 1346/814/1147 1345/818/1151
f 1374/819/1152 1375/820/1153 1376/821/1154
f 1376/821/1154 1390/822/1155 1374/819/1152
f 1388/823/1156 1374/819/1152 1390/822/1155
f 1390/822/1155 1389/824/1157 1388/823/1156
f 1389/824/1157 1387/825/1158 1388/823/1156
f 1386/826/1159 1388/823/1156 1387/825/1158
f 1387/825/1158 1385/827/1160 1386/826/1159
f 1384/828/1161 1386/826/1159 1385/827/1160
f 1385/827/1160 1383/829/1162 1384/828/1161
f 1382/830/1163 1384/828/1161 1383/829/1162
f 1383/829/1162 1381/831/1164 1382/830/1163
f 1380/832/1164 1382/830/1163 1381/831/1164
f 1381/831/1164 1378/833/1165 1380/832/1164
f 1377/834/1166 1380/832/1164 1378/833/1165
f 1378/833/1165 1379/835/1167 1377/834/1166
f 1398/836/1168 1399/837/1169 1400/838/1170
f 1438/839/1171 1398/836/1168 1400/838/1170
f 1439/840/1172 1438/839/1171 1400/838/1170
f 1433/841/1173 1439/840/1172 1400/838/1170
f 1400/838/1170 1434/842/1174 1433/841/1173
f 1494/843/1175 1433/841/1173 1434/842/1174
f 1402/844/1176 1403/845/1177 1401/846/1178
f 1401/846/1178 1444/847/1179 1402/844/1176
f 1415/848/1180 1413/849/1181 1414/850/1182
f 1467/851/1183 1415/848/1180 1414/850/1182
f 1414/850/1182 1468/852/1184 1467/851/1183
f 1469/853/1185 1467/851/1183 1468/852/1184
f 1422/854/1186 1423/855/1187 1424/856/1188
f 1408/857/1189 1422/854/1186 1424/856/1188
f 1424/856/1188 1409/858/1190 1408/857/1189
f 1407/859/1191 1408/857/1189 1409/858/1190
f 1409/858/1190 1425/860/1192 1407/859/1191
f 1428/861/1193 1426/862/1194 1427/863/1195
f 1427/863/1195 1419/864/1196 1428/861/1193
f 1421/865/1197 1428/861/1193 1419/864/1196
f 1419/864/1196 1420/866/1198 1421/865/1197
f 1429/867/1199 1421/865/1197 1420/866/1198
f 1431/868/1200 1432/869/1201 1430/870/1202
f 1396/871/1203 1431/868/1200 1430/870/1202
f 1430/870/1202 1397/872/1204 1396/871/1203
f 1397/872/1204 1394/873/1205 1396/871/1203
f 1394/873/1205 1395/874/1206 1396/871/1203
f 1465/875/1207 1396/871/1203 1395/874/1206
f 1441/876/1208 1443/877/1209 1442/878/1210
f 1440/879/1211 1441/876/1208 1442/878/1210
f 1442/878/1210 1448/880/1212 1440/879/1211
f 1445/881/1213 1446/882/1214 1447/883/1215
f 1447/883/1215 1449/884/1216 1445/881/1213
f 1449/884/1216 1450/885/1217 1445/881/1213
f 1455/886/1218 1445/881/1213 1450/885/1217
f 1451/887/1219 1452/888/1220 1453/889/1221
f 1454/890/1222 1451/887/1219 1453/889/1221
f 1453/889/1221 1457/891/1223 1454/890/1222
f 1457/891/1223 1458/892/1224 1454/890/1222
f 1458/892/1224 1459/893/1225 1454/890/1222
f 1459/893/1225 1456/894/1226 1454/890/1222
f 1451/887/1219 1454/890/1222 1456/894/1226
f 1464/895/1227 1466/896/1228 1391/897/1229
f 1393/898/1230 1464/895/1227 1391/897/1229
f 1391/897/1229 1392/899/1231 1393/898/1230
f 1392/899/1231 1463/900/1232 1393/898/1230
f 1464/895/1227 1393/898/1230 1463/900/1232
f 1437/901/1233 1492/902/1234 1435/903/1235
f 1435/903/1235 1436/904/1236 1437/901/1233
f 1493/905/1237 1437/901/1233 1436/904/1236
f 1436/904/1236 1495/906/1238 1493/905/1237
f 1512/450/1239 1513/451/1240 1514/452/1241
f 1787/453/1242 1512/450/1239 1514/452/1241
f 1516/454/1243 1787/453/1242 1514/452/1241
f 1514/452/1241 1515/455/1244 1516/454/1243
f 1519/456/1245 1516/454/1243 1515/455/1244
f 1515/455/1244 1891/457/1246 1519/456/1245
f 1891/457/1246 1517/458/1247 1519/456/1245
f 1518/32/1248 1519/456/1245 1517/458/1247
f 1517/458/1247 1890/33/1249 1518/32/1248
f 1522/459/1250 1519/456/1245 1518/32/1248
f 1524/460/1251 1522/459/1250 1518/32/1248
f 1518/32/1248 1523/34/1252 1524/460/1251
f 1526/461/1253 1524/460/1251 1523/34/1252
f 1523/34/1252 1525/462/1254 1526/461/1253
f 1524/460/1251 1526/461/1253 1527/463/1255
f 1528/464/1256 1524/460/1251 1527/463/1255
f 1527/463/1255 1529/465/1257 1528/464/1256
f 1529/465/1257 1530/466/1258 1528/464/1256
f 1530/466/1258 1873/467/1259 1528/464/1256
f 1873/467/1259 1874/468/1260 1528/464/1256
f 1874/468/1260 1875/469/1261 1528/464/1256
f 1875/469/1261 1871/470/1262 1528/464/1256
f 1524/460/1251 1528/464/1256 1871/470/1262
f 1871/470/1262 1872/471/1263 1524/460/1251
f 1522/459/1250 1524/460/1251 1872/471/1263
f 1522/459/1250 1520/471/1264 1521/472/1265
f 1869/473/1266 1522/459/1250 1521/472/1265
f 1521/472/1265 1868/474/1267 1869/473/1266
f 1868/474/1267 1895/475/1268 1869/473/1266
f 1864/476/1269 1869/473/1266 1895/475/1268
f 1895/475/1268 1896/477/1270 1864/476/1269
f 1896/477/1270 1865/478/1271 1864/476/1269
f 1789/479/1272 1864/476/1269 1865/478/1271
f 1865/478/1271 1866/480/1273 1789/479/1272
f 1866/480/1273 1879/481/1274 1789/479/1272
f 1879/481/1274 1788/482/1275 1789/479/1272
f 1787/453/1242 1789/479/1272 1788/482/1275
f 1788/482/1275 1870/483/1276 1787/453/1242
f 1870/483/1276 1785/484/1277 1787/453/1242
f 1785/484/1277 1786/485/1278 1787/453/1242
f 1786/485/1278 1867/486/1279 1787/453/1242
f 1512/450/1239 1787/453/1242 1867/486/1279
f 1789/479/1272 1787/453/1242 1516/454/1243
f 1864/476/1269 1789/479/1272 1516/454/1243
f 1869/473/1266 1864/476/1269 1516/454/1243
f 1516/454/1243 1519/456/1245 1869/473/1266
f 1522/459/1250 1869/473/1266 1519/456/1245
f 1533/487/1280 1535/488/1281 1534/489/1281
f 1534/489/1281 1531/490/1282 1533/487/1280
f 1532/491/1283 1533/487/1280 1531/490/1282
f 1531/490/1282 1540/492/1284 1532/491/1283
f 1540/492/1284 1541/493/1285 1532/491/1283
f 1546/494/1286 1532/491/1283 1541/493/1285
f 1541/493/1285 1544/495/1287 1546/494/1286
f 1545/496/1288 1546/494/1286 1544/495/1287
f 1553/497/1289 1554/498/1290 1549/499/1291
f 1548/500/1292 1553/497/1289 1549/499/1291
f 1549/499/1291 1547/501/1293 1548/500/1292
f 1542/502/1294 1548/500/1292 1547/501/1293
f 1547/501/1293 1543/503/1295 1542/502/1294
f 1543/503/1295 1539/504/1296 1542/502/1294
f 1537/505/1297 1542/502/1294 1539/504/1296
f 1539/504/1296 1538/506/1298 1537/505/1297
f 1536/507/1299 1537/505/1297 1538/506/1298
f 1538/506/1298 1657/508/1300 1536/507/1299
f 1658/509/1301 1536/507/1299 1657/508/1300
f 1734/510/1302 1658/509/1301 1657/508/1300
f 1657/508/1300 1687/511/1303 1734/510/1302
f 1686/512/1304 1734/510/1302 1687/511/1303
f 1687/511/1303 1685/513/1305 1686/512/1304
f 1685/513/1305 1745/514/1306 1686/512/1304
f 1746/515/1307 1686/512/1304 1745/514/1306
f 1745/514/1306 1747/516/1308 1746/515/1307
f 1748/517/1309 1746/515/1307 1747/516/1308
f 1747/516/1308 1749/518/1310 1748/517/1309
f 1750/519/1311 1748/517/1309 1749/518/1310
f 1749/518/1310 1757/520/1312 1750/519/1311
f 1758/521/1313 1750/519/1311 1757/520/1312
f 1757/520/1312 1759/522/1314 1758/521/1313
f 1760/523/1315 1758/521/1313 1759/522/1314
f 1658/509/1301 1734/510/1302 1739/524/1316
f 1741/525/1317 1658/509/1301 1739/524/1316
f 1739/524/1316 1740/526/1318 1741/525/1317
f 1742/527/1319 1741/525/1317 1740/526/1318
f 1740/526/1318 1743/528/1320 1742/527/1319
f 1744/529/1321 1742/527/1319 1743/528/1320
f 1743/528/1320 1751/530/1322 1744/529/1321
f 1752/531/1323 1744/529/1321 1751/530/1322
f 1751/530/1322 1753/532/1324 1752/531/1323
f 1754/533/1325 1752/531/1323 1753/532/1324
f 1753/532/1324 1755/534/1326 1754/533/1325
f 1756/535/1327 1754/533/1325 1755/534/1326
f 1755/534/1326 1765/536/1328 1756/535/1327
f 1766/537/1329 1756/535/1327 1765/536/1328
f 1557/538/1330 1555/539/1331 1556/540/1332
f 1558/541/1333 1557/538/1330 1556/540/1332
f 1552/542/1334 1558/541/1333 1556/540/1332
f 1556/540/1332 1550/543/1335 1552/542/1334
f 1551/544/1336 1552/542/1334 1550/543/1335
f 1550/543/1335 1773/545/1337 1551/544/1336
f 1559/546/1338 1560/29/1339 1561/28/1340
f 1561/28/1340 1781/547/1341 1559/546/1338
f 1576/548/1342 1577/549/1343 1575/550/1344
f 1574/551/1345 1576/548/1342 1575/550/1344
f 1575/550/1344 1573/552/1346 1574/551/1345
f 1572/553/1347 1574/551/1345 1573/552/1346
f 1573/552/1346 1571/554/1348 1572/553/1347
f 1570/555/1349 1572/553/1347 1571/554/1348
f 1571/554/1348 1569/556/1350 1570/555/1349
f 1568/557/1351 1570/555/1349 1569/556/1350
f 1569/556/1350 1567/558/1352 1568/557/1351
f 1566/559/1353 1568/557/1351 1567/558/1352
f 1567/558/1352 1565/560/1354 1566/559/1353
f 1563/561/1355 1566/559/1353 1565/560/1354
f 1565/560/1354 1564/562/1356 1563/561/1355
f 1562/563/1357 1563/561/1355 1564/562/1356
f 1564/562/1356 1824/564/1358 1562/563/1357
f 1823/565/1359 1562/563/1357 1824/564/1358
f 1582/566/1360 1583/567/1361 1581/568/1362
f 1579/569/1362 1582/566/1360 1581/568/1362
f 1581/568/1362 1580/570/1363 1579/569/1362
f 1578/571/1364 1579/569/1362 1580/570/1363
f 1580/570/1363 1636/572/1365 1578/571/1364
f 1635/573/1365 1578/571/1364 1636/572/1365
f 1586/574/1366 1584/575/1366 1585/576/1367
f 1587/577/1368 1586/574/1366 1585/576/1367
f 1585/576/1367 1588/578/1369 1587/577/1368
f 1589/579/1369 1587/577/1368 1588/578/1369
f 1591/580/1370 1593/581/1371 1592/582/1372
f 1590/583/1373 1591/580/1370 1592/582/1372
f 1776/584/1374 1590/583/1373 1592/582/1372
f 1592/582/1372 1775/585/1375 1776/584/1374
f 1595/586/1376 1597/587/1376 1596/588/1377
f 1594/589/1378 1595/586/1376 1596/588/1377
f 1596/588/1377 1916/590/1379 1594/589/1378
f 1917/591/1380 1594/589/1378 1916/590/1379
f 1604/592/1381 1605/593/1382 1603/594/1383
f 1603/594/1383 1825/595/1384 1604/592/1381
f 1614/596/1385 1615/597/1386 1616/598/1387
f 1616/598/1387 1612/599/1388 1614/596/1385
f 1610/600/1389 1614/596/1385 1612/599/1388
f 1612/599/1388 1611/601/1390 1610/600/1389
f 1609/602/1391 1610/600/1389 1611/601/1390
f 1611/601/1390 1618/603/1392 1609/602/1391
f 1617/604/1392 1609/602/1391 1618/603/1392
f 1619/605/1393 1620/606/1394 1621/607/1395
f 1623/603/1396 1619/605/1393 1621/607/1395
f 1621/607/1395 1624/608/1397 1623/603/1396
f 1622/604/1397 1623/603/1396 1624/608/1397
f 1640/609/1398 1638/581/1399 1639/580/1400
f 1639/580/1400 1641/610/1401 1640/609/1398
f 1641/610/1401 1644/611/1402 1640/609/1398
f 1643/612/1403 1640/609/1398 1644/611/1402
f 1644/611/1402 1642/613/1404 1643/612/1403
f 1629/614/1405 1656/606/1406 1627/605/1407
f 1626/615/1408 1629/614/1405 1627/605/1407
f 1627/605/1407 1625/616/1409 1626/615/1408
f 1625/616/1409 1648/612/1410 1626/615/1408
f 1648/612/1410 1649/617/1411 1626/615/1408
f 1649/617/1411 1653/618/1412 1626/615/1408
f 1653/618/1412 1628/619/1413 1626/615/1408
f 1629/614/1405 1626/615/1408 1628/619/1413
f 1506/620/1414 1659/621/1415 1504/622/1414
f 1505/623/1416 1506/620/1414 1504/622/1414
f 1509/624/1417 1505/623/1416 1504/622/1414
f 1504/622/1414 1676/625/1418 1509/624/1417
f 1675/626/1419 1509/624/1417 1676/625/1418
f 1676/625/1418 1674/627/1420 1675/626/1419
f 1674/627/1420 1677/628/1421 1675/626/1419
f 1679/629/1422 1675/626/1419 1677/628/1421
f 1677/628/1421 1678/630/1423 1679/629/1422
f 1678/630/1423 1735/631/1424 1679/629/1422
f 1737/632/1425 1679/629/1422 1735/631/1424
f 1735/631/1424 1736/633/1426 1737/632/1425
f 1774/634/1426 1737/632/1425 1736/633/1426
f 1508/635/1427 1505/623/1416 1509/624/1417
f 1509/624/1417 1507/636/1428 1508/635/1427
f 1507/636/1428 1511/637/1429 1508/635/1427
f 1510/638/1430 1508/635/1427 1511/637/1429
f 1511/637/1429 1915/639/1431 1510/638/1430
f 1942/640/1432 1510/638/1430 1915/639/1431
f 1662/641/1433 1660/642/1434 1661/643/1434
f 1661/643/1434 1663/644/1435 1662/641/1433
f 1664/645/1436 1662/641/1433 1663/644/1435
f 1663/644/1435 1665/646/1437 1664/645/1436
f 1667/647/1438 1664/645/1436 1665/646/1437
f 1665/646/1437 1666/648/1439 1667/647/1438
f 1668/649/1440 1667/647/1438 1666/648/1439
f 1666/648/1439 1669/650/1441 1668/649/1440
f 1670/651/1442 1668/649/1440 1669/650/1441
f 1669/650/1441 1671/652/1443 1670/651/1442
f 1673/653/1444 1670/651/1442 1671/652/1443
f 1671/652/1443 1672/654/1445 1673/653/1444
f 1672/654/1445 1738/655/1446 1673/653/1444
f 1738/655/1446 1732/656/1447 1673/653/1444
f 1733/657/1448 1673/653/1444 1732/656/1447
f 1682/658/1449 1680/659/1449 1681/660/1450
f 1681/660/1450 1683/661/1449 1682/658/1449
f 1689/662/1451 1688/663/1452 1601/664/1453
f 1602/665/1454 1689/662/1451 1601/664/1453
f 1601/664/1453 1598/666/1455 1602/665/1454
f 1600/667/1456 1602/665/1454 1598/666/1455
f 1598/666/1455 1599/668/1383 1600/667/1456
f 1772/669/1382 1600/667/1456 1599/668/1383
f 1698/488/1457 1696/670/1458 1697/671/1459
f 1714/672/1460 1698/488/1457 1697/671/1459
f 1697/671/1459 1715/673/1461 1714/672/1460
f 1714/672/1460 1779/489/1462 1698/488/1457
f 1700/671/1463 1701/670/1464 1699/674/1465
f 1699/674/1465 1725/675/1466 1700/671/1463
f 1718/676/1467 1716/673/1468 1717/677/1469
f 1719/677/1470 1718/676/1467 1717/677/1469
f 1717/677/1469 1720/678/1471 1719/677/1470
f 1720/678/1471 1721/679/1472 1719/677/1470
f 1721/679/1472 1728/663/1473 1719/677/1470
f 1728/663/1473 1722/662/1474 1719/677/1470
f 1718/676/1467 1719/677/1470 1722/662/1474
f 1723/677/1475 1716/673/1476 1724/671/1477
f 1724/671/1477 1729/675/1478 1723/677/1475
f 1729/675/1478 1727/680/1479 1723/677/1475
f 1720/678/1480 1723/677/1475 1727/680/1479
f 1690/675/1481 1730/674/1482 1691/681/1483
f 1692/680/1484 1690/675/1481 1691/681/1483
f 1691/681/1483 1731/682/1485 1692/680/1484
f 1763/523/1486 1761/522/1487 1762/683/1488
f 1762/683/1488 1764/684/1488 1763/523/1486
f 1771/685/1489 1769/686/1303 1770/687/1490
f 1770/687/1490 1847/688/1491 1771/685/1489
f 1848/689/1492 1771/685/1489 1847/688/1491
f 1606/690/1493 1777/691/1494 1607/692/1495
f 1607/692/1495 1608/693/1496 1606/690/1493
f 1613/694/1497 1606/690/1493 1608/693/1496
f 1608/693/1496 1778/695/1498 1613/694/1497
f 1933/696/1499 1613/694/1497 1778/695/1498
f 1778/695/1498 1934/697/1500 1933/696/1499
f 1634/547/1501 1780/28/1502 1637/617/1503
f 1632/698/1504 1634/547/1501 1637/617/1503
f 1637/617/1503 1645/612/1505 1632/698/1504
f 1645/612/1505 1630/613/1506 1632/698/1504
f 1630/613/1506 1631/699/1507 1632/698/1504
f 1631/699/1507 1633/700/1508 1632/698/1504
f 1634/547/1501 1632/698/1504 1633/700/1508
f 1791/701/1509 1790/702/1510 1783/703/1511
f 1784/704/1512 1791/701/1509 1783/703/1511
f 1650/705/1513 1784/704/1512 1783/703/1511
f 1783/703/1511 1651/618/1514 1650/705/1513
f 1651/618/1514 1652/617/1515 1650/705/1513
f 1652/617/1515 1782/28/1516 1650/705/1513
f 1784/704/1512 1650/705/1513 1782/28/1516
f 1782/28/1516 1792/30/1517 1784/704/1512
f 1791/701/1509 1784/704/1512 1792/30/1517
f 1793/706/1518 1794/707/1519 1795/708/1520
f 1795/708/1520 1796/709/1521 1793/706/1518
f 1797/710/1522 1798/711/1523 1799/712/1524
f 1799/712/1524 1805/713/1525 1797/710/1522
f 1806/714/1526 1797/710/1522 1805/713/1525
f 1807/715/1527 1806/714/1526 1805/713/1525
f 1805/713/1525 1842/716/1528 1807/715/1527
f 1830/26/1529 1834/25/1530 1835/717/1531
f 1828/718/1532 1830/26/1529 1835/717/1531
f 1835/717/1531 1826/719/1533 1828/718/1532
f 1826/719/1533 1827/720/1534 1828/718/1532
f 1827/720/1534 1836/721/1535 1828/718/1532
f 1837/722/1536 1828/718/1532 1836/721/1535
f 1836/721/1535 1838/723/1537 1837/722/1536
f 1828/718/1532 1837/722/1536 1829/724/1538
f 1829/724/1538 1830/26/1529 1828/718/1532
f 1804/725/1539 1843/716/1540 1802/713/1541
f 1803/726/1542 1804/725/1539 1802/713/1541
f 1801/727/1543 1803/726/1542 1802/713/1541
f 1800/728/1544 1801/727/1543 1802/713/1541
f 1802/713/1541 1880/712/1545 1800/728/1544
f 1856/729/1546 1858/730/1547 1857/731/1548
f 1851/732/1549 1856/729/1546 1857/731/1548
f 1857/731/1548 1862/733/1550 1851/732/1549
f 1862/733/1550 1861/734/1551 1851/732/1549
f 1861/734/1551 1859/735/1552 1851/732/1549
f 1859/735/1552 1860/736/1553 1851/732/1549
f 1860/736/1553 1863/737/1554 1851/732/1549
f 1863/737/1554 1849/738/1555 1851/732/1549
f 1849/738/1555 1850/739/1556 1851/732/1549
f 1850/739/1556 1852/740/1557 1851/732/1549
f 1852/740/1557 1853/741/1558 1851/732/1549
f 1853/741/1558 1854/742/1559 1851/732/1549
f 1854/742/1559 1855/743/1560 1851/732/1549
f 1856/729/1546 1851/732/1549 1855/743/1560
f 1881/744/1561 1882/745/1562 1883/746/1563
f 1878/747/1564 1881/744/1561 1883/746/1563
f 1884/748/1565 1878/747/1564 1883/746/1563
f 1883/746/1563 1887/749/1566 1884/748/1565
f 1878/747/1564 1884/748/1565 1885/750/1567
f 1885/750/1567 1886/751/1568 1878/747/1564
f 1886/751/1568 1888/752/1569 1878/747/1564
f 1888/752/1569 1889/753/1570 1878/747/1564
f 1889/753/1570 1876/754/1571 1878/747/1564
f 1876/754/1571 1877/755/1572 1878/747/1564
f 1881/744/1561 1878/747/1564 1877/755/1572
f 1901/756/1573 1902/757/1574 1899/758/1575
f 1898/759/1576 1901/756/1573 1899/758/1575
f 1897/760/1577 1898/759/1576 1899/758/1575
f 1899/758/1575 1900/761/1578 1897/760/1577
f 1906/762/1579 1897/760/1577 1900/761/1578
f 1907/763/1580 1906/762/1579 1900/761/1578
f 1908/764/1581 1907/763/1580 1900/761/1578
f 1900/761/1578 1909/765/1582 1908/764/1581
f 1905/766/1583 1908/764/1581 1909/765/1582
f 1903/767/1584 1905/766/1583 1909/765/1582
f 1911/768/1585 1903/767/1584 1909/765/1582
f 1910/769/1586 1911/768/1585 1909/765/1582
f 1909/765/1582 1912/770/1587 1910/769/1586
f 1912/770/1587 1914/771/1588 1910/769/1586
f 1913/772/1588 1910/769/1586 1914/771/1588
f 1905/766/1583 1903/767/1584 1904/773/1589
f 1930/774/1590 1915/639/1431 1929/775/1591
f 1931/776/1592 1930/774/1590 1929/775/1591
f 1929/775/1591 1932/777/1593 1931/776/1592
f 1937/778/1594 1935/779/1592 1936/780/1593
f 1936/780/1593 1938/781/1595 1937/778/1594
f 1941/782/1596 1939/640/1596 1940/639/1596
f 1940/639/1596 1943/774/1596 1941/782/1596
f 1958/279/1597 1956/280/1597 1957/281/1597
f 1957/281/1597 1959/282/1597 1958/279/1597
f 1972/283/1598 1973/284/1599 1974/285/1600
f 1985/286/1601 1972/283/1598 1974/285/1600
f 1986/287/1602 1985/286/1601 1974/285/1600
f 1984/288/1603 1986/287/1602 1974/285/1600
f 1974/285/1600 1983/289/1604 1984/288/1603
f 1980/290/1605 1978/291/1606 1979/292/1607
f 1979/292/1607 1982/293/1606 1980/290/1605
f 1963/294/1608 1981/295/1609 1964/296/1610
f 1965/297/1611 1963/294/1608 1964/296/1610
f 1964/296/1610 1987/298/1612 1965/297/1611
f 1987/298/1612 1988/299/1613 1965/297/1611
f 1988/299/1613 1993/300/1614 1965/297/1611
f 1993/300/1614 1994/301/1615 1965/297/1611
f 1963/294/1608 1965/297/1611 1994/301/1615
f 1991/302/1616 1989/303/1617 1990/304/1618
f 1990/304/1618 1992/305/1617 1991/302/1616
f 2004/427/1619 2002/428/1619 2003/429/1620
f 2003/429/1620 2005/430/1621 2004/427/1619
f 2014/431/1622 2012/432/1622 2013/433/1622
f 2013/433/1622 2015/434/1622 2014/431/1622
f 2028/355/1623 2030/435/1624 2031/436/1625
f 2031/436/1625 2029/354/1626 2028/355/1623
f 2024/352/1627 2028/355/1623 2029/354/1626
f 2029/354/1626 2025/353/1628 2024/352/1627
f 2026/61/1629 2024/352/1627 2025/353/1628
f 2025/353/1628 2027/62/1630 2026/61/1629
f 2085/60/1631 2026/61/1629 2027/62/1630
f 2086/392/1632 2085/60/1631 2027/62/1630
f 2027/62/1630 2087/393/1633 2086/392/1632
f 2087/393/1633 2088/390/1634 2086/392/1632
f 2096/391/1635 2086/392/1632 2088/390/1634
f 2095/388/1636 2096/391/1635 2088/390/1634
f 2088/390/1634 2097/389/1637 2095/388/1636
f 2097/389/1637 2017/55/1638 2095/388/1636
f 2045/54/1639 2095/388/1636 2017/55/1638
f 2016/56/1640 2045/54/1639 2017/55/1638
f 2018/382/1641 2016/56/1640 2017/55/1638
f 2017/55/1638 2019/383/1642 2018/382/1641
f 2019/383/1642 2041/380/1643 2018/382/1641
f 2043/381/1644 2018/382/1641 2041/380/1643
f 2042/379/1645 2043/381/1644 2041/380/1643
f 2040/437/1646 2042/379/1645 2041/380/1643
f 2041/380/1643 2039/438/1647 2040/437/1646
f 2045/54/1639 2016/56/1640 2046/384/1648
f 2044/385/1649 2045/54/1639 2046/384/1648
f 2046/384/1648 2047/386/1650 2044/385/1649
f 2082/387/1651 2044/385/1649 2047/386/1650
f 2048/337/1652 2049/339/1653 2050/338/1654
f 2050/338/1654 2052/336/1655 2048/337/1652
f 2051/49/1656 2048/337/1652 2052/336/1655
f 2052/336/1655 2053/50/1657 2051/49/1656
f 2063/48/1658 2051/49/1656 2053/50/1657
f 2062/340/1659 2063/48/1658 2053/50/1657
f 2053/50/1657 2061/341/1660 2062/340/1659
f 2060/342/1661 2062/340/1659 2061/341/1660
f 2061/341/1660 2059/343/1662 2060/342/1661
f 2059/343/1662 2057/344/1663 2060/342/1661
f 2058/345/1664 2060/342/1661 2057/344/1663
f 2057/344/1663 2054/346/1665 2058/345/1664
f 2056/347/1666 2058/345/1664 2054/346/1665
f 2054/346/1665 2055/53/1667 2056/347/1666
f 2065/52/1668 2056/347/1666 2055/53/1667
f 2071/51/1669 2065/52/1668 2055/53/1667
f 2070/307/1670 2071/51/1669 2055/53/1667
f 2055/53/1667 2074/439/1671 2070/307/1670
f 2074/439/1671 2073/440/1672 2070/307/1670
f 2072/441/1672 2070/307/1670 2073/440/1672
f 2102/308/1673 2065/52/1668 2071/51/1669
f 2071/51/1669 2103/309/1674 2102/308/1673
f 2103/309/1674 2104/310/1675 2102/308/1673
f 2101/311/1676 2102/308/1673 2104/310/1675
f 2104/310/1675 2098/312/1677 2101/311/1676
f 2100/313/1678 2101/311/1676 2098/312/1677
f 2021/69/1679 2100/313/1678 2098/312/1677
f 2098/312/1677 2099/70/1680 2021/69/1679
f 2023/71/1681 2021/69/1679 2099/70/1680
f 2099/70/1680 2069/314/1682 2023/71/1681
f 2067/315/1683 2023/71/1681 2069/314/1682
f 2069/314/1682 2068/442/1684 2067/315/1683
f 2066/443/1684 2067/315/1683 2068/442/1684
f 2021/69/1679 2023/71/1681 2022/318/1685
f 2020/319/1686 2021/69/1679 2022/318/1685
f 2022/318/1685 2038/320/1687 2020/319/1686
f 2037/321/1688 2020/319/1686 2038/320/1687
f 2038/320/1687 2036/322/1689 2037/321/1688
f 2035/323/1690 2037/321/1688 2036/322/1689
f 2036/322/1689 2033/324/1691 2035/323/1690
f 2064/325/1692 2035/323/1690 2033/324/1691
f 2032/67/1693 2064/325/1692 2033/324/1691
f 2033/324/1691 2034/68/1694 2032/67/1693
f 2079/66/1695 2032/67/1693 2034/68/1694
f 2034/68/1694 2080/326/1696 2079/66/1695
f 2078/327/1697 2079/66/1695 2080/326/1696
f 2080/326/1696 2081/328/1698 2078/327/1697
f 2083/329/1699 2078/327/1697 2081/328/1698
f 2093/330/1700 2032/67/1693 2079/66/1695
f 2079/66/1695 2094/331/1701 2093/330/1700
f 2094/331/1701 2092/332/1702 2093/330/1700
f 2091/333/1703 2093/330/1700 2092/332/1702
f 2090/334/1704 2091/333/1703 2092/332/1702
f 2092/332/1702 2089/335/1705 2090/334/1704
f 2063/48/1658 2090/334/1704 2089/335/1705
f 2089/335/1705 2051/49/1656 2063/48/1658
f 2076/348/1706 2084/349/1707 2077/350/1708
f 2075/351/1709 2076/348/1706 2077/350/1708
f 2077/350/1708 2026/61/1629 2075/351/1709
f 2085/60/1631 2075/351/1709 2026/61/1629
f 2011/444/1710 2105/432/1711 2106/431/1712
f 2106/431/1712 2010/445/1710 2011/444/1710
f 2010/445/1710 2006/446/1713 2011/444/1710
f 2008/447/1713 2011/444/1710 2006/446/1713
f 2006/446/1713 2007/448/1714 2008/447/1713
f 2009/449/1715 2008/447/1713 2007/448/1714
f 2108/427/1716 2009/449/1715 2007/448/1714
f 2007/448/1714 2107/428/1619 2108/427/1716
f 2121/53/1717 2122/306/1718 2123/307/1719
f 2123/307/1719 2229/51/1720 2121/53/1717
f 2126/55/1721 2124/54/1722 2125/388/1723
f 2192/389/1724 2126/55/1721 2125/388/1723
f 2182/390/1725 2192/389/1724 2125/388/1723
f 2125/388/1723 2180/391/1726 2182/390/1725
f 2180/391/1726 2181/392/1727 2182/390/1725
f 2189/393/1728 2182/390/1725 2181/392/1727
f 2188/62/1729 2189/393/1728 2181/392/1727
f 2181/392/1727 2195/60/1730 2188/62/1729
f 2127/57/1731 2128/59/1732 2129/376/1733
f 2239/377/1734 2127/57/1731 2129/376/1733
f 2237/378/1735 2239/377/1734 2129/376/1733
f 2129/376/1733 2238/379/1736 2237/378/1735
f 2236/380/1737 2237/378/1735 2238/379/1736
f 2238/379/1736 2265/381/1738 2236/380/1737
f 2265/381/1738 2235/382/1739 2236/380/1737
f 2233/383/1740 2236/380/1737 2235/382/1739
f 2235/382/1739 2234/56/1741 2233/383/1740
f 2232/55/1741 2233/383/1740 2234/56/1741
f 2132/58/1742 2130/57/1743 2131/368/1744
f 2191/369/1745 2132/58/1742 2131/368/1744
f 2190/367/1746 2191/369/1745 2131/368/1744
f 2131/368/1744 2177/366/1747 2190/367/1746
f 2179/365/1748 2190/367/1746 2177/366/1747
f 2177/366/1747 2178/364/1749 2179/365/1748
f 2187/64/1750 2179/365/1748 2178/364/1749
f 2178/364/1749 2267/65/1751 2187/64/1750
f 2133/66/1752 2134/68/1753 2135/326/1754
f 2210/327/1755 2133/66/1752 2135/326/1754
f 2135/326/1754 2211/328/1756 2210/327/1755
f 2209/329/1757 2210/327/1755 2211/328/1756
f 2138/62/1758 2136/61/1758 2137/352/1759
f 2139/353/1760 2138/62/1758 2137/352/1759
f 2260/354/1761 2139/353/1760 2137/352/1759
f 2137/352/1759 2268/355/1762 2260/354/1761
f 2268/355/1762 2259/356/1763 2260/354/1761
f 2258/357/1764 2260/354/1761 2259/356/1763
f 2259/356/1763 2257/358/1765 2258/357/1764
f 2256/359/1766 2258/357/1764 2257/358/1765
f 2257/358/1765 2254/63/1767 2256/359/1766
f 2255/65/1768 2256/359/1766 2254/63/1767
f 2140/71/1769 2141/70/1770 2142/314/1771
f 2213/315/1772 2140/71/1769 2142/314/1771
f 2142/314/1771 2214/316/1773 2213/315/1772
f 2212/317/1774 2213/315/1772 2214/316/1773
f 2144/69/1775 2146/71/1776 2145/318/1777
f 2143/319/1778 2144/69/1775 2145/318/1777
f 2145/318/1777 2253/320/1779 2143/319/1778
f 2251/321/1780 2143/319/1778 2253/320/1779
f 2253/320/1779 2252/322/1781 2251/321/1780
f 2250/323/1782 2251/321/1780 2252/322/1781
f 2252/322/1781 2249/324/1783 2250/323/1782
f 2248/325/1784 2250/323/1782 2249/324/1783
f 2247/67/1785 2248/325/1784 2249/324/1783
f 2249/324/1783 2266/68/1786 2247/67/1785
f 2120/308/1787 2193/52/1788 2118/51/1789
f 2118/51/1789 2119/309/1790 2120/308/1787
f 2119/309/1790 2174/310/1791 2120/308/1787
f 2176/311/1792 2120/308/1787 2174/310/1791
f 2174/310/1791 2175/312/1793 2176/311/1792
f 2186/313/1794 2176/311/1792 2175/312/1793
f 2185/69/1795 2186/313/1794 2175/312/1793
f 2175/312/1793 2194/70/1796 2185/69/1795
f 2172/330/1797 2196/67/1798 2183/66/1799
f 2183/66/1799 2184/331/1800 2172/330/1797
f 2184/331/1800 2173/332/1801 2172/330/1797
f 2171/333/1802 2172/330/1797 2173/332/1801
f 2110/334/1803 2171/333/1802 2173/332/1801
f 2173/332/1801 2111/335/1804 2110/334/1803
f 2109/48/1805 2110/334/1803 2111/335/1804
f 2111/335/1804 2197/49/1806 2109/48/1805
f 2200/61/1807 2198/60/1808 2199/351/1809
f 2208/350/1810 2200/61/1807 2199/351/1809
f 2199/351/1809 2206/348/1811 2208/350/1810
f 2207/349/1812 2208/350/1810 2206/348/1811
f 2203/64/1813 2201/63/1813 2202/360/1814
f 2204/361/1815 2203/64/1813 2202/360/1814
f 2205/362/1816 2204/361/1815 2202/360/1814
f 2202/360/1814 2230/363/1817 2205/362/1816
f 2220/386/1818 2218/387/1819 2219/385/1820
f 2224/384/1821 2220/386/1818 2219/385/1820
f 2219/385/1820 2222/54/1822 2224/384/1821
f 2223/56/1823 2224/384/1821 2222/54/1822
f 2226/374/1824 2228/375/1825 2215/372/1826
f 2225/373/1827 2226/374/1824 2215/372/1826
f 2217/371/1828 2225/373/1827 2215/372/1826
f 2215/372/1826 2216/370/1829 2217/371/1828
f 2221/58/1830 2217/371/1828 2216/370/1829
f 2216/370/1829 2231/59/1831 2221/58/1830
f 2240/53/1832 2241/52/1833 2242/347/1834
f 2243/346/1835 2240/53/1832 2242/347/1834
f 2242/347/1834 2244/345/1836 2243/346/1835
f 2245/344/1837 2243/346/1835 2244/345/1836
f 2244/345/1836 2246/342/1838 2245/344/1837
f 2262/343/1839 2245/344/1837 2246/342/1838
f 2113/341/1840 2262/343/1839 2246/342/1838
f 2246/342/1838 2114/340/1841 2113/341/1840
f 2112/50/1842 2113/341/1840 2114/340/1841
f 2114/340/1841 2261/48/1843 2112/50/1842
f 2117/336/1844 2263/50/1845 2115/49/1846
f 2115/49/1846 2116/337/1847 2117/336/1844
f 2227/338/1848 2117/336/1844 2116/337/1847
f 2116/337/1847 2264/339/1849 2227/338/1848
f 2271/183/1850 2269/184/1851 2270/185/1852
f 2288/186/1853 2271/183/1850 2270/185/1852
f 2270/185/1852 2292/187/1854 2288/186/1853
f 2283/188/1855 2284/189/1856 2282/190/1857
f 2299/191/1858 2283/188/1855 2282/190/1857
f 2282/190/1857 2300/192/1859 2299/191/1858
f 2301/193/1860 2299/191/1858 2300/192/1859
f 2300/192/1859 2310/194/1861 2301/193/1860
f 2301/193/1860 2331/195/1862 2299/191/1858
f 2287/196/1863 2285/197/1864 2286/198/1865
f 2286/198/1865 2295/199/1866 2287/196/1863
f 2281/200/1867 2290/201/1868 2279/202/1869
f 2280/203/1870 2281/200/1867 2279/202/1869
f 2279/202/1869 2338/204/62 2280/203/1870
f 2296/205/1871 2297/206/1872 2298/207/1873
f 2333/208/1874 2296/205/1871 2298/207/1873
f 2298/207/1873 2334/209/1875 2333/208/1874
f 2335/210/1876 2333/208/1874 2334/209/1875
f 2334/209/1875 2336/211/1877 2335/210/1876
f 2276/212/1878 2302/213/1879 2277/214/1880
f 2277/214/1880 2278/215/1881 2276/212/1878
f 2293/216/1882 2276/212/1878 2278/215/1881
f 2278/215/1881 2294/217/1883 2293/216/1882
f 2345/218/1884 2293/216/1882 2294/217/1883
f 2308/219/1885 2306/220/1886 2307/221/1885
f 2307/221/1885 2309/222/1886 2308/219/1885
f 2314/223/1887 2315/224/1888 2316/225/1889
f 2320/226/1890 2314/223/1887 2316/225/1889
f 2316/225/1889 2319/227/1891 2320/226/1890
f 2318/228/1892 2320/226/1890 2319/227/1891
f 2319/227/1891 2317/229/1893 2318/228/1892
f 2311/230/1894 2321/231/1895 2322/232/1896
f 2322/232/1896 2312/233/1897 2311/230/1894
f 2312/233/1897 2313/234/1898 2311/230/1894
f 2313/234/1898 2325/235/1899 2311/230/1894
f 2326/236/1900 2311/230/1894 2325/235/1899
f 2329/237/1901 2330/238/1902 2327/239/1903
f 2328/240/1904 2329/237/1901 2327/239/1903
f 2327/239/1903 2332/241/1905 2328/240/1904
f 2275/242/1906 2337/243/1907 2323/244/1908
f 2274/245/1909 2275/242/1906 2323/244/1908
f 2323/244/1908 2324/246/1910 2274/245/1909
f 2324/246/1910 2291/247/1911 2274/245/1909
f 2291/247/1911 2289/248/1912 2274/245/1909
f 2289/248/1912 2272/249/1913 2274/245/1909
f 2272/249/1913 2273/250/1914 2274/245/1909
f 2275/242/1906 2274/245/1909 2273/250/1914
f 2348/183/1850 2346/184/1915 2347/185/1852
f 2365/186/1853 2348/183/1850 2347/185/1852
f 2347/185/1852 2369/187/1916 2365/186/1853
f 2360/188/1855 2361/189/1917 2359/190/1857
f 2376/191/1858 2360/188/1855 2359/190/1857
f 2359/190/1857 2377/192/1859 2376/191/1858
f 2378/193/1860 2376/191/1858 2377/192/1859
f 2377/192/1859 2387/194/1861 2378/193/1860
f 2378/193/1860 2408/195/1918 2376/191/1858
f 2364/196/1863 2362/197/1919 2363/198/1865
f 2363/198/1865 2372/199/1920 2364/196/1863
f 2358/200/1867 2367/201/1921 2356/202/1922
f 2357/203/1870 2358/200/1867 2356/202/1922
f 2356/202/1922 2415/204/62 2357/203/1870
f 2373/205/1871 2374/206/1923 2375/207/1873
f 2410/208/1924 2373/205/1871 2375/207/1873
f 2375/207/1873 2411/209/1875 2410/208/1924
f 2412/210/1925 2410/208/1924 2411/209/1875
f 2411/209/1875 2413/211/1877 2412/210/1925
f 2353/212/1878 2379/213/1879 2354/214/1926
f 2354/214/1926 2355/215/1927 2353/212/1878
f 2370/216/1882 2353/212/1878 2355/215/1927
f 2355/215/1927 2371/217/1883 2370/216/1882
f 2422/218/1928 2370/216/1882 2371/217/1883
f 2385/219/1885 2383/220/1885 2384/221/1885
f 2384/221/1885 2386/222/1885 2385/219/1885
f 2391/223/1887 2392/224/1888 2393/225/1889
f 2397/226/1890 2391/223/1887 2393/225/1889
f 2393/225/1889 2396/227/1891 2397/226/1890
f 2395/228/1892 2397/226/1890 2396/227/1891
f 2396/227/1891 2394/229/1893 2395/228/1892
f 2388/230/1894 2398/231/1929 2399/232/1930
f 2399/232/1930 2389/233/1931 2388/230/1894
f 2389/233/1931 2390/234/1898 2388/230/1894
f 2390/234/1898 2402/235/1899 2388/230/1894
f 2403/236/1932 2388/230/1894 2402/235/1899
f 2406/237/1901 2407/238/1933 2404/239/1903
f 2405/240/1934 2406/237/1901 2404/239/1903
f 2404/239/1903 2409/241/1905 2405/240/1934
f 2352/242/1935 2414/243/1936 2400/244/1908
f 2351/245/1909 2352/242/1935 2400/244/1908
f 2400/244/1908 2401/246/1910 2351/245/1909
f 2401/246/1910 2368/247/1911 2351/245/1909
f 2368/247/1911 2366/248/1937 2351/245/1909
f 2366/248/1937 2349/249/1913 2351/245/1909
f 2349/249/1913 2350/250/1914 2351/245/1909
f 2352/242/1935 2351/245/1909 2350/250/1914
f 2425/183/1938 2423/184/1939 2424/185/1940
f 2442/186/1941 2425/183/1938 2424/185/1940
f 2424/185/1940 2446/187/1942 2442/186/1941
f 2437/188/1943 2438/189/1944 2436/190/1945
f 2453/191/1946 2437/188/1943 2436/190/1945
f 2436/190/1945 2454/192/1947 2453/191/1946
f 2455/193/1948 2453/191/1946 2454/192/1947
f 2454/192/1947 2464/194/1949 2455/193/1948
f 2455/193/1948 2485/195/1950 2453/191/1946
f 2441/196/1951 2439/197/1952 2440/198/1953
f 2440/198/1953 2449/199/1954 2441/196/1951
f 2435/200/1955 2444/201/1956 2433/202/1957
f 2434/203/1958 2435/200/1955 2433/202/1957
f 2433/202/1957 2492/204/66 2434/203/1958
f 2450/205/1959 2451/206/1960 2452/207/1961
f 2487/208/1962 2450/205/1959 2452/207/1961
f 2452/207/1961 2488/209/1963 2487/208/1962
f 2489/210/1964 2487/208/1962 2488/209/1963
f 2488/209/1963 2490/211/1965 2489/210/1964
f 2430/212/1966 2456/213/1967 2431/214/1968
f 2431/214/1968 2432/215/1969 2430/212/1966
f 2447/216/1970 2430/212/1966 2432/215/1969
f 2432/215/1969 2448/217/1971 2447/216/1970
f 2499/218/1972 2447/216/1970 2448/217/1971
f 2462/219/1973 2460/220/1973 2461/221/1973
f 2461/221/1973 2463/222/1973 2462/219/1973
f 2468/223/1974 2469/224/1975 2470/225/1976
f 2474/226/1977 2468/223/1974 2470/225/1976
f 2470/225/1976 2473/227/1978 2474/226/1977
f 2472/228/1979 2474/226/1977 2473/227/1978
f 2473/227/1978 2471/229/1980 2472/228/1979
f 2465/230/1981 2475/231/1982 2476/232/1983
f 2476/232/1983 2466/233/1984 2465/230/1981
f 2466/233/1984 2467/234/1985 2465/230/1981
f 2467/234/1985 2479/235/1986 2465/230/1981
f 2480/236/1987 2465/230/1981 2479/235/1986
f 2483/237/1988 2484/238/1989 2481/239/1990
f 2482/240/1991 2483/237/1988 2481/239/1990
f 2481/239/1990 2486/241/1992 2482/240/1991
f 2429/242/1993 2491/243/1994 2477/244/1995
f 2428/245/1996 2429/242/1993 2477/244/1995
f 2477/244/1995 2478/246/1997 2428/245/1996
f 2478/246/1997 2445/247/1998 2428/245/1996
f 2445/247/1998 2443/248/1999 2428/245/1996
f 2443/248/1999 2426/249/2000 2428/245/1996
f 2426/249/2000 2427/250/2001 2428/245/1996
f 2429/242/1993 2428/245/1996 2427/250/2001
f 2502/183/1938 2500/184/2002 2501/185/1940
f 2519/186/1941 2502/183/1938 2501/185/1940
f 2501/185/1940 2523/187/2003 2519/186/1941
f 2514/188/2004 2515/189/1944 2513/190/1945
f 2530/191/2005 2514/188/2004 2513/190/1945
f 2513/190/1945 2531/192/1947 2530/191/2005
f 2532/193/2006 2530/191/2005 2531/192/1947
f 2531/192/1947 2541/194/2007 2532/193/2006
f 2532/193/2006 2562/195/2008 2530/191/2005
f 2518/196/1951 2516/197/1952 2517/198/1953
f 2517/198/1953 2526/199/2009 2518/196/1951
f 2512/200/1955 2521/201/2010 2510/202/2011
f 2511/203/1958 2512/200/1955 2510/202/2011
f 2510/202/2011 2569/204/65 2511/203/1958
f 2527/205/1959 2528/206/2012 2529/207/1961
f 2564/208/1962 2527/205/1959 2529/207/1961
f 2529/207/1961 2565/209/1963 2564/208/1962
f 2566/210/1964 2564/208/1962 2565/209/1963
f 2565/209/1963 2567/211/2013 2566/210/1964
f 2507/212/1966 2533/213/1967 2508/214/2014
f 2508/214/2014 2509/215/1969 2507/212/1966
f 2524/216/1970 2507/212/1966 2509/215/1969
f 2509/215/1969 2525/217/1971 2524/216/1970
f 2576/218/2015 2524/216/1970 2525/217/1971
f 2539/219/1973 2537/220/1973 2538/221/1973
f 2538/221/1973 2540/222/1973 2539/219/1973
f 2545/223/1974 2546/224/2016 2547/225/1976
f 2551/226/1977 2545/223/1974 2547/225/1976
f 2547/225/1976 2550/227/1978 2551/226/1977
f 2549/228/2017 2551/226/1977 2550/227/1978
f 2550/227/1978 2548/229/2018 2549/228/2017
f 2542/230/1981 2552/231/2019 2553/232/1983
f 2553/232/1983 2543/233/2020 2542/230/1981
f 2543/233/2020 2544/234/2021 2542/230/1981
f 2544/234/2021 2556/235/2022 2542/230/1981
f 2557/236/1987 2542/230/1981 2556/235/2022
f 2560/237/1988 2561/238/2023 2558/239/2024
f 2559/240/1991 2560/237/1988 2558/239/2024
f 2558/239/2024 2563/241/2025 2559/240/1991
f 2506/242/1993 2568/243/1994 2554/244/1995
f 2505/245/1996 2506/242/1993 2554/244/1995
f 2554/244/1995 2555/246/1997 2505/245/1996
f 2555/246/1997 2522/247/2026 2505/245/1996
f 2522/247/2026 2520/248/1999 2505/245/1996
f 2520/248/1999 2503/249/2000 2505/245/1996
f 2503/249/2000 2504/250/2027 2505/245/1996
f 2506/242/1993 2505/245/1996 2504/250/2027
f 2579/183/1938 2577/184/1939 2578/185/1940
f 2596/186/1941 2579/183/1938 2578/185/1940
f 2578/185/1940 2600/187/2028 2596/186/1941
f 2591/188/2029 2592/189/2030 2590/190/1945
f 2607/191/2005 2591/188/2029 2590/190/1945
f 2590/190/1945 2608/192/2031 2607/191/2005
f 2609/193/1948 2607/191/2005 2608/192/2031
f 2608/192/2031 2618/194/2032 2609/193/1948
f 2609/193/1948 2639/195/2033 2607/191/2005
f 2595/196/1951 2593/197/1952 2594/198/1953
f 2594/198/1953 2603/199/1954 2595/196/1951
f 2589/200/1955 2598/201/2034 2587/202/2011
f 2588/203/1958 2589/200/1955 2587/202/2011
f 2587/202/2011 2646/204/66 2588/203/1958
f 2604/205/1959 2605/206/2035 2606/207/1961
f 2641/208/1962 2604/205/1959 2606/207/1961
f 2606/207/1961 2642/209/1963 2641/208/1962
f 2643/210/1964 2641/208/1962 2642/209/1963
f 2642/209/1963 2644/211/2036 2643/210/1964
f 2584/212/1966 2610/213/1967 2585/214/1968
f 2585/214/1968 2586/215/1969 2584/212/1966
f 2601/216/1970 2584/212/1966 2586/215/1969
f 2586/215/1969 2602/217/1971 2601/216/1970
f 2653/218/2037 2601/216/1970 2602/217/1971
f 2616/219/1973 2614/220/1973 2615/221/1973
f 2615/221/1973 2617/222/1973 2616/219/1973
f 2622/223/1974 2623/224/2038 2624/225/1976
f 2628/226/1977 2622/223/1974 2624/225/1976
f 2624/225/1976 2627/227/1978 2628/226/1977
f 2626/228/2017 2628/226/1977 2627/227/1978
f 2627/227/1978 2625/229/2039 2626/228/2017
f 2619/230/1981 2629/231/2040 2630/232/2041
f 2630/232/2041 2620/233/2042 2619/230/1981
f 2620/233/2042 2621/234/2043 2619/230/1981
f 2621/234/2043 2633/235/1986 2619/230/1981
f 2634/236/2044 2619/230/1981 2633/235/1986
f 2637/237/1988 2638/238/1989 2635/239/2024
f 2636/240/1991 2637/237/1988 2635/239/2024
f 2635/239/2024 2640/241/2025 2636/240/1991
f 2583/242/1993 2645/243/1994 2631/244/1995
f 2582/245/1996 2583/242/1993 2631/244/1995
f 2631/244/1995 2632/246/1997 2582/245/1996
f 2632/246/1997 2599/247/2026 2582/245/1996
f 2599/247/2026 2597/248/1999 2582/245/1996
f 2597/248/1999 2580/249/2000 2582/245/1996
f 2580/249/2000 2581/250/2001 2582/245/1996
f 2583/242/1993 2582/245/1996 2581/250/2001
f 2656/183/1938 2654/184/1939 2655/185/1940
f 2673/186/1941 2656/183/1938 2655/185/1940
f 2655/185/1940 2677/187/2045 2673/186/1941
f 2668/188/1943 2669/189/2046 2667/190/1945
f 2684/191/1946 2668/188/1943 2667/190/1945
f 2667/190/1945 2685/192/1947 2684/191/1946
f 2686/193/1948 2684/191/1946 2685/192/1947
f 2685/192/1947 2695/194/2032 2686/193/1948
f 2686/193/1948 2716/195/1950 2684/191/1946
f 2672/196/1951 2670/197/2047 2671/198/1953
f 2671/198/1953 2680/199/1954 2672/196/1951
f 2666/200/1955 2675/201/2048 2664/202/2011
f 2665/203/1958 2666/200/1955 2664/202/2011
f 2664/202/2011 2723/204/65 2665/203/1958
f 2681/205/1959 2682/206/2012 2683/207/1961
f 2718/208/1962 2681/205/1959 2683/207/1961
f 2683/207/1961 2719/209/1963 2718/208/1962
f 2720/210/1964 2718/208/1962 2719/209/1963
f 2719/209/1963 2721/211/2049 2720/210/1964
f 2661/212/1966 2687/213/2050 2662/214/1968
f 2662/214/1968 2663/215/1969 2661/212/1966
f 2678/216/1970 2661/212/1966 2663/215/1969
f 2663/215/1969 2679/217/1971 2678/216/1970
f 2730/218/2037 2678/216/1970 2679/217/1971
f 2693/219/1973 2691/220/1973 2692/221/1973
f 2692/221/1973 2694/222/1973 2693/219/1973
f 2699/223/2051 2700/224/2052 2701/225/1976
f 2705/226/1977 2699/223/2051 2701/225/1976
f 2701/225/1976 2704/227/1978 2705/226/1977
f 2703/228/2017 2705/226/1977 2704/227/1978
f 2704/227/1978 2702/229/2053 2703/228/2017
f 2696/230/1981 2706/231/2054 2707/232/1983
f 2707/232/1983 2697/233/2055 2696/230/1981
f 2697/233/2055 2698/234/2043 2696/230/1981
f 2698/234/2043 2710/235/1986 2696/230/1981
f 2711/236/2056 2696/230/1981 2710/235/1986
f 2714/237/1988 2715/238/2057 2712/239/1990
f 2713/240/1991 2714/237/1988 2712/239/1990
f 2712/239/1990 2717/241/2058 2713/240/1991
f 2660/242/1993 2722/243/2059 2708/244/1995
f 2659/245/1996 2660/242/1993 2708/244/1995
f 2708/244/1995 2709/246/1997 2659/245/1996
f 2709/246/1997 2676/247/1998 2659/245/1996
f 2676/247/1998 2674/248/2060 2659/245/1996
f 2674/248/2060 2657/249/2000 2659/245/1996
f 2657/249/2000 2658/250/2001 2659/245/1996
f 2660/242/1993 2659/245/1996 2658/250/2001
f 2732/72/2061 2733/73/2062 2731/74/2063
f 2731/74/2063 2737/75/2064 2732/72/2061
f 2747/76/2065 2745/77/2066 2746/78/2067
f 2746/78/2067 2749/79/2068 2747/76/2065
f 2757/80/2069 2747/76/2065 2749/79/2068
f 2742/81/2070 2748/82/2071 2743/83/2072
f 2743/83/2072 2744/84/2073 2742/81/2070
f 2820/85/2074 2742/81/2070 2744/84/2073
f 2738/86/2075 2758/87/2076 2759/88/2077
f 2759/88/2077 2734/89/2078 2738/86/2075
f 2736/90/2079 2738/86/2075 2734/89/2078
f 2734/89/2078 2735/91/2080 2736/90/2079
f 2735/91/2080 2855/92/2081 2736/90/2079
f 2856/93/2082 2736/90/2079 2855/92/2081
f 2768/94/2083 2766/95/2084 2767/96/2085
f 2767/96/2085 2792/97/2086 2768/94/2083
f 2859/98/2087 2768/94/2083 2792/97/2086
f 2783/99/2088 2784/100/2089 2785/101/2090
f 2785/101/2090 2813/102/2091 2783/99/2088
f 2765/103/2092 2786/104/2093 2787/105/2094
f 2787/105/2094 2763/106/2095 2765/103/2092
f 2764/107/2096 2765/103/2092 2763/106/2095
f 2763/106/2095 2802/108/2097 2764/107/2096
f 2801/109/2098 2764/107/2096 2802/108/2097
f 2802/108/2097 2800/110/2099 2801/109/2098
f 2798/111/2100 2804/112/2101 2796/113/2102
f 2796/113/2102 2797/114/2103 2798/111/2100
f 2799/115/2104 2798/111/2100 2797/114/2103
f 2797/114/2103 2817/116/2105 2799/115/2104
f 2808/117/2106 2809/118/2107 2807/119/2108
f 2807/119/2108 2851/120/2109 2808/117/2106
f 2812/121/2110 2823/122/2111 2822/123/2112
f 2822/123/2112 2810/124/2113 2812/121/2110
f 2811/125/2114 2812/121/2110 2810/124/2113
f 2810/124/2113 2825/126/2115 2811/125/2114
f 2818/127/2116 2824/128/2117 2750/129/2118
f 2752/130/2119 2818/127/2116 2750/129/2118
f 2750/129/2118 2751/131/2120 2752/130/2119
f 2821/132/2121 2752/130/2119 2751/131/2120
f 2751/131/2120 2860/133/2122 2821/132/2121
f 2755/134/2123 2826/135/2124 2753/136/2125
f 2753/136/2125 2754/137/2126 2755/134/2123
f 2756/138/2126 2755/134/2123 2754/137/2126
f 2805/139/2127 2756/138/2126 2754/137/2126
f 2754/137/2126 2806/140/2128 2805/139/2127
f 2854/141/2129 2805/139/2127 2806/140/2128
f 2806/140/2128 2852/142/2130 2854/141/2129
f 2853/143/2131 2854/141/2129 2852/142/2130
f 2829/144/2132 2830/145/2133 2827/146/2134
f 2827/146/2134 2828/147/2135 2829/144/2132
f 2831/148/2136 2829/144/2132 2828/147/2135
f 2835/149/2137 2831/148/2136 2828/147/2135
f 2828/147/2135 2834/150/2138 2835/149/2137
f 2795/151/2133 2832/152/2139 2793/153/2140
f 2793/153/2140 2794/154/2141 2795/151/2133
f 2858/155/2142 2795/151/2133 2794/154/2141
f 2762/156/2143 2833/157/2144 2760/158/2145
f 2760/158/2145 2761/159/2146 2762/156/2143
f 2850/160/2147 2762/156/2143 2761/159/2146
f 2761/159/2146 2848/161/2148 2850/160/2147
f 2849/162/2149 2850/160/2147 2848/161/2148
f 2837/163/2150 2838/164/2151 2836/165/2152
f 2847/166/2153 2837/163/2150 2836/165/2152
f 2836/165/2152 2771/167/2154 2847/166/2153
f 2770/168/2155 2847/166/2153 2771/167/2154
f 2769/169/2156 2770/168/2155 2771/167/2154
f 2771/167/2154 2846/170/2157 2769/169/2156
f 2857/171/2158 2769/169/2156 2846/170/2157
f 2779/172/2159 2839/173/2160 2840/174/2161
f 2840/174/2161 2777/175/2162 2779/172/2159
f 2777/175/2162 2778/176/2163 2779/172/2159
f 2861/177/2164 2779/172/2159 2778/176/2163
f 2842/178/2165 2843/179/2166 2841/180/2167
f 2841/180/2167 2844/181/2168 2842/178/2165
f 2845/182/2169 2842/178/2165 2844/181/2168
f 2863/72/2170 2864/73/2171 2862/74/2172
f 2862/74/2172 2868/75/2173 2863/72/2170
f 2878/76/2174 2876/77/2175 2877/78/2176
f 2877/78/2176 2880/79/2177 2878/76/2174
f 2888/80/2178 2878/76/2174 2880/79/2177
f 2873/81/2179 2879/82/2180 2874/83/2181
f 2874/83/2181 2875/84/2182 2873/81/2179
f 2951/85/2183 2873/81/2179 2875/84/2182
f 2869/86/2184 2889/87/2185 2890/88/2186
f 2890/88/2186 2865/89/2187 2869/86/2184
f 2867/90/2188 2869/86/2184 2865/89/2187
f 2865/89/2187 2866/91/2189 2867/90/2188
f 2866/91/2189 2986/92/2190 2867/90/2188
f 2987/93/2191 2867/90/2188 2986/92/2190
f 2899/94/2192 2897/95/2193 2898/96/2194
f 2898/96/2194 2923/97/2195 2899/94/2192
f 2990/98/2196 2899/94/2192 2923/97/2195
f 2914/99/2197 2915/100/2198 2916/101/2199
f 2916/101/2199 2944/102/2200 2914/99/2197
f 2896/103/2201 2917/104/2202 2918/105/2203
f 2918/105/2203 2894/106/2204 2896/103/2201
f 2895/107/2205 2896/103/2201 2894/106/2204
f 2894/106/2204 2933/108/2206 2895/107/2205
f 2932/109/2207 2895/107/2205 2933/108/2206
f 2933/108/2206 2931/110/2208 2932/109/2207
f 2929/111/2209 2935/112/2210 2927/113/2211
f 2927/113/2211 2928/114/2212 2929/111/2209
f 2930/115/2213 2929/111/2209 2928/114/2212
f 2928/114/2212 2948/116/2214 2930/115/2213
f 2939/117/2215 2940/118/2216 2938/119/2217
f 2938/119/2217 2982/120/2218 2939/117/2215
f 2943/121/2219 2954/122/2220 2953/123/2221
f 2953/123/2221 2941/124/2222 2943/121/2219
f 2942/125/2223 2943/121/2219 2941/124/2222
f 2941/124/2222 2956/126/2224 2942/125/2223
f 2949/127/2225 2955/128/2226 2881/129/2227
f 2883/130/2228 2949/127/2225 2881/129/2227
f 2881/129/2227 2882/131/2229 2883/130/2228
f 2952/132/2230 2883/130/2228 2882/131/2229
f 2882/131/2229 2991/133/2231 2952/132/2230
f 2886/134/2232 2957/135/2233 2884/136/2234
f 2884/136/2234 2885/137/2235 2886/134/2232
f 2887/138/2236 2886/134/2232 2885/137/2235
f 2936/139/2237 2887/138/2236 2885/137/2235
f 2885/137/2235 2937/140/2238 2936/139/2237
f 2985/141/2239 2936/139/2237 2937/140/2238
f 2937/140/2238 2983/142/2240 2985/141/2239
f 2984/143/2241 2985/141/2239 2983/142/2240
f 2960/144/2242 2961/145/2243 2958/146/2244
f 2958/146/2244 2959/147/2245 2960/144/2242
f 2962/148/2246 2960/144/2242 2959/147/2245
f 2966/149/2247 2962/148/2246 2959/147/2245
f 2959/147/2245 2965/150/2248 2966/149/2247
f 2926/151/2243 2963/152/2242 2924/153/2249
f 2924/153/2249 2925/154/2250 2926/151/2243
f 2989/155/2251 2926/151/2243 2925/154/2250
f 2893/156/2252 2964/157/2253 2891/158/2254
f 2891/158/2254 2892/159/2255 2893/156/2252
f 2981/160/2256 2893/156/2252 2892/159/2255
f 2892/159/2255 2979/161/2257 2981/160/2256
f 2980/162/2258 2981/160/2256 2979/161/2257
f 2968/163/2259 2969/164/2260 2967/165/2261
f 2978/166/2262 2968/163/2259 2967/165/2261
f 2967/165/2261 2902/167/2263 2978/166/2262
f 2901/168/2264 2978/166/2262 2902/167/2263
f 2900/169/2265 2901/168/2264 2902/167/2263
f 2902/167/2263 2977/170/2266 2900/169/2265
f 2988/171/2267 2900/169/2265 2977/170/2266
f 2910/172/2268 2970/173/2269 2971/174/2270
f 2971/174/2270 2908/175/2271 2910/172/2268
f 2908/175/2271 2909/176/2272 2910/172/2268
f 2992/177/2273 2910/172/2268 2909/176/2272
f 2973/178/2274 2974/179/2275 2972/180/2276
f 2972/180/2276 2975/181/2277 2973/178/2274
f 2976/182/2278 2973/178/2274 2975/181/2277
f 10/907/2279 11/908/2280 9/909/2281
f 9/909/2281 84/910/2282 10/907/2279
f 84/910/2282 89/911/2283 10/907/2279
f 89/911/2283 85/912/2284 10/907/2279
f 85/912/2284 86/913/2285 10/907/2279
f 11/908/2280 10/907/2279 86/913/2285
f 44/914/2286 42/915/2287 43/916/2288
f 43/916/2288 45/917/2289 44/914/2286
f 45/917/2289 46/918/2290 44/914/2286
f 46/918/2290 58/919/2291 44/914/2286
f 58/919/2291 73/920/2292 44/914/2286
f 42/915/2287 44/914/2286 73/920/2292
f 288/921/2293 286/922/2294 287/923/2295
f 287/923/2295 317/924/2296 288/921/2293
f 317/924/2296 325/925/2297 288/921/2293
f 325/925/2297 326/926/2298 288/921/2293
f 286/922/2294 288/921/2293 326/926/2298
f 309/927/2299 307/928/2300 308/929/2301
f 308/929/2301 323/930/2302 309/927/2299
f 323/930/2302 322/931/2303 309/927/2299
f 322/931/2303 324/932/2304 309/927/2299
f 324/932/2304 316/933/2305 309/927/2299
f 307/928/2300 309/927/2299 316/933/2305
f 341/934/2306 342/935/2307 340/936/2308
f 340/936/2308 368/937/2309 341/934/2306
f 368/937/2309 369/938/2310 341/934/2306
f 369/938/2310 366/939/2311 341/934/2306
f 366/939/2311 367/940/2312 341/934/2306
f 342/935/2307 341/934/2306 367/940/2312
f 557/941/2313 558/942/2314 559/943/2315
f 559/943/2315 560/944/2316 557/941/2313
f 560/944/2316 568/945/2317 557/941/2313
f 568/945/2317 569/946/2318 557/941/2313
f 569/946/2318 583/947/2319 557/941/2313
f 583/947/2319 582/948/2320 557/941/2313
f 582/948/2320 578/949/2321 557/941/2313
f 558/942/2314 557/941/2313 578/949/2321
f 705/950/2322 706/951/2323 704/952/2324
f 704/952/2324 860/953/2325 705/950/2322
f 860/953/2325 707/954/2326 705/950/2322
f 707/954/2326 708/955/2327 705/950/2322
f 708/955/2327 859/956/2328 705/950/2322
f 859/956/2328 851/957/2329 705/950/2322
f 851/957/2329 852/958/2330 705/950/2322
f 852/958/2330 889/959/2331 705/950/2322
f 706/951/2323 705/950/2322 889/959/2331
f 899/960/2332 900/24/2333 898/23/2334
f 898/23/2334 916/674/2335 899/960/2332
f 916/674/2335 917/670/2336 899/960/2332
f 917/670/2336 918/537/2337 899/960/2332
f 918/537/2337 972/536/2338 899/960/2332
f 900/24/2333 899/960/2332 972/536/2338
f 909/961/2339 907/23/2340 908/22/2341
f 908/22/2341 910/684/2342 909/961/2339
f 910/684/2342 973/683/2343 909/961/2339
f 973/683/2343 911/682/2344 909/961/2339
f 911/682/2344 912/681/2345 909/961/2339
f 912/681/2345 931/674/2346 909/961/2339
f 907/23/2340 909/961/2339 931/674/2346
f 1015/962/2347 1013/963/2348 1014/964/2349
f 1014/964/2349 1022/965/2350 1015/962/2347
f 1022/965/2350 1020/966/2351 1015/962/2347
f 1020/966/2351 1021/967/2352 1015/962/2347
f 1021/967/2352 1023/968/2353 1015/962/2347
f 1023/968/2353 1024/969/2354 1015/962/2347
f 1024/969/2354 1025/970/2355 1015/962/2347
f 1025/970/2355 1016/971/2356 1015/962/2347
f 1016/971/2356 1017/972/2357 1015/962/2347
f 1017/972/2357 1018/973/2358 1015/962/2347
f 1018/973/2358 1019/974/2359 1015/962/2347
f 1019/974/2359 1026/975/2360 1015/962/2347
f 1026/975/2360 1027/976/2361 1015/962/2347
f 1013/963/2348 1015/962/2347 1027/976/2361
f 1125/977/2362 1123/978/2363 1124/979/2364
f 1124/979/2364 1126/980/2365 1125/977/2362
f 1126/980/2365 1129/981/2366 1125/977/2362
f 1129/981/2366 1130/982/1033 1125/977/2362
f 1130/982/1033 1127/983/775 1125/977/2362
f 1127/983/775 1128/984/2367 1125/977/2362
f 1128/984/2367 1131/985/2368 1125/977/2362
f 1131/985/2368 1132/986/2369 1125/977/2362
f 1132/986/2369 1133/987/2370 1125/977/2362
f 1123/978/2363 1125/977/2362 1133/987/2370
f 1151/988/2371 1149/989/2372 1150/990/2373
f 1150/990/2373 1155/991/2374 1151/988/2371
f 1155/991/2374 1156/992/2375 1151/988/2371
f 1156/992/2375 1160/993/2376 1151/988/2371
f 1160/993/2376 1157/994/2377 1151/988/2371
f 1157/994/2377 1158/995/2378 1151/988/2371
f 1158/995/2378 1152/996/2379 1151/988/2371
f 1152/996/2379 1153/997/2380 1151/988/2371
f 1153/997/2380 1154/998/2381 1151/988/2371
f 1154/998/2381 1159/999/2382 1151/988/2371
f 1149/989/2372 1151/988/2371 1159/999/2382
f 1169/1000/2383 1167/1001/2384 1168/1002/2385
f 1168/1002/2385 1214/1003/2386 1169/1000/2383
f 1214/1003/2386 1215/1004/2387 1169/1000/2383
f 1215/1004/2387 1216/1005/2388 1169/1000/2383
f 1167/1001/2384 1169/1000/2383 1216/1005/2388
f 1180/1006/2389 1178/1007/2390 1179/1008/2391
f 1179/1008/2391 1200/1009/2392 1180/1006/2389
f 1200/1009/2392 1201/1010/2393 1180/1006/2389
f 1201/1010/2393 1223/1011/2394 1180/1006/2389
f 1223/1011/2394 1224/1012/2395 1180/1006/2389
f 1224/1012/2395 1225/1013/2396 1180/1006/2389
f 1178/1007/2390 1180/1006/2389 1225/1013/2396
f 1184/1014/2397 1185/1015/2398 1186/1016/2399
f 1186/1016/2399 1196/1017/2400 1184/1014/2397
f 1196/1017/2400 1197/1018/2401 1184/1014/2397
f 1197/1018/2401 1198/1019/2402 1184/1014/2397
f 1198/1019/2402 1199/1020/2403 1184/1014/2397
f 1199/1020/2403 1220/1021/2404 1184/1014/2397
f 1185/1015/2398 1184/1014/2397 1220/1021/2404
f 1209/1022/2405 1207/1023/2406 1208/1024/2407
f 1208/1024/2407 1229/1025/2408 1209/1022/2405
f 1229/1025/2408 1231/1026/2409 1209/1022/2405
f 1231/1026/2409 1230/1027/2410 1209/1022/2405
f 1207/1023/2406 1209/1022/2405 1230/1027/2410
f 1240/1000/2411 1238/1001/2412 1239/1002/2413
f 1239/1002/2413 1285/1003/2414 1240/1000/2411
f 1285/1003/2414 1286/1004/2415 1240/1000/2411
f 1286/1004/2415 1287/1005/2416 1240/1000/2411
f 1238/1001/2412 1240/1000/2411 1287/1005/2416
f 1251/1006/2417 1249/1007/2418 1250/1008/2419
f 1250/1008/2419 1271/1009/2420 1251/1006/2417
f 1271/1009/2420 1272/1010/2421 1251/1006/2417
f 1272/1010/2421 1294/1011/2422 1251/1006/2417
f 1294/1011/2422 1295/1012/2423 1251/1006/2417
f 1295/1012/2423 1296/1013/2424 1251/1006/2417
f 1249/1007/2418 1251/1006/2417 1296/1013/2424
f 1255/1014/2425 1256/1015/2426 1257/1016/2427
f 1257/1016/2427 1267/1017/2428 1255/1014/2425
f 1267/1017/2428 1268/1018/2429 1255/1014/2425
f 1268/1018/2429 1269/1019/2430 1255/1014/2425
f 1269/1019/2430 1270/1020/2431 1255/1014/2425
f 1270/1020/2431 1291/1021/2432 1255/1014/2425
f 1256/1015/2426 1255/1014/2425 1291/1021/2432
f 1280/1022/2433 1278/1023/2434 1279/1024/2435
f 1279/1024/2435 1300/1025/2436 1280/1022/2433
f 1300/1025/2436 1302/1026/2437 1280/1022/2433
f 1302/1026/2437 1301/1027/2438 1280/1022/2433
f 1278/1023/2434 1280/1022/2433 1301/1027/2438
f 1311/1000/2439 1309/1001/2440 1310/1002/2441
f 1310/1002/2441 1356/1003/2442 1311/1000/2439
f 1356/1003/2442 1357/1004/2443 1311/1000/2439
f 1357/1004/2443 1358/1005/2444 1311/1000/2439
f 1309/1001/2440 1311/1000/2439 1358/1005/2444
f 1322/1006/2445 1320/1007/2446 1321/1008/2447
f 1321/1008/2447 1342/1009/2448 1322/1006/2445
f 1342/1009/2448 1343/1010/2449 1322/1006/2445
f 1343/1010/2449 1365/1011/2450 1322/1006/2445
f 1365/1011/2450 1366/1012/2451 1322/1006/2445
f 1366/1012/2451 1367/1013/2452 1322/1006/2445
f 1320/1007/2446 1322/1006/2445 1367/1013/2452
f 1326/1014/2453 1327/1015/2454 1328/1016/2455
f 1328/1016/2455 1338/1017/2456 1326/1014/2453
f 1338/1017/2456 1339/1018/2457 1326/1014/2453
f 1339/1018/2457 1340/1019/2458 1326/1014/2453
f 1340/1019/2458 1341/1020/2459 1326/1014/2453
f 1341/1020/2459 1362/1021/2460 1326/1014/2453
f 1327/1015/2454 1326/1014/2453 1362/1021/2460
f 1351/1022/2461 1349/1023/2462 1350/1024/2463
f 1350/1024/2463 1371/1025/2464 1351/1022/2461
f 1371/1025/2464 1373/1026/2465 1351/1022/2461
f 1373/1026/2465 1372/1027/2466 1351/1022/2461
f 1349/1023/2462 1351/1022/2461 1372/1027/2466
f 1412/1028/2467 1410/1029/2468 1411/1030/2469
f 1486/1031/2470 1412/1028/2467 1411/1030/2469
f 1411/1030/2469 1491/1032/2471 1486/1031/2470
f 1491/1032/2471 1485/1033/2472 1486/1031/2470
f 1483/1034/2473 1486/1031/2470 1485/1033/2472
f 1487/1035/2474 1483/1034/2473 1485/1033/2472
f 1485/1033/2472 1489/1036/2475 1487/1035/2474
f 1461/1037/2476 1487/1035/2474 1489/1036/2475
f 1489/1036/2475 1490/1038/2477 1461/1037/2476
f 1490/1038/2477 1462/1039/2478 1461/1037/2476
f 1462/1039/2478 1460/1040/2479 1461/1037/2476
f 1460/1040/2479 1484/1041/2480 1461/1037/2476
f 1487/1035/2474 1461/1037/2476 1484/1041/2480
f 1484/1041/2480 1482/1042/2481 1487/1035/2474
f 1483/1034/2473 1487/1035/2474 1482/1042/2481
f 1482/1042/2481 1481/1043/2482 1483/1034/2473
f 1476/1044/2483 1483/1034/2473 1481/1043/2482
f 1481/1043/2482 1479/1045/2484 1476/1044/2483
f 1474/1046/2485 1476/1044/2483 1479/1045/2484
f 1472/1047/2486 1474/1046/2485 1479/1045/2484
f 1479/1045/2484 1480/1048/2487 1472/1047/2486
f 1480/1048/2487 1488/1049/2488 1472/1047/2486
f 1488/1049/2488 1470/1050/2489 1472/1047/2486
f 1470/1050/2489 1471/1051/2490 1472/1047/2486
f 1474/1046/2485 1472/1047/2486 1471/1051/2490
f 1471/1051/2490 1473/1052/2491 1474/1046/2485
f 1476/1044/2483 1474/1046/2485 1473/1052/2491
f 1473/1052/2491 1475/1053/2492 1476/1044/2483
f 1412/1028/2467 1476/1044/2483 1475/1053/2492
f 1475/1053/2492 1477/1054/2493 1412/1028/2467
f 1477/1054/2493 1478/1055/2494 1412/1028/2467
f 1410/1029/2468 1412/1028/2467 1478/1055/2494
f 1476/1044/2483 1412/1028/2467 1486/1031/2470
f 1486/1031/2470 1483/1034/2473 1476/1044/2483
f 1500/950/2495 1501/951/2496 1499/952/2497
f 1499/952/2497 1655/953/2498 1500/950/2495
f 1655/953/2498 1502/954/2499 1500/950/2495
f 1502/954/2499 1503/955/2500 1500/950/2495
f 1503/955/2500 1654/956/2501 1500/950/2495
f 1654/956/2501 1646/957/2502 1500/950/2495
f 1646/957/2502 1647/958/2503 1500/950/2495
f 1647/958/2503 1684/959/2504 1500/950/2495
f 1501/951/2496 1500/950/2495 1684/959/2504
f 1694/960/2505 1695/24/2506 1693/23/2507
f 1693/23/2507 1711/674/2508 1694/960/2505
f 1711/674/2508 1712/670/2509 1694/960/2505
f 1712/670/2509 1713/537/2510 1694/960/2505
f 1713/537/2510 1767/536/2511 1694/960/2505
f 1695/24/2506 1694/960/2505 1767/536/2511
f 1704/961/2512 1702/23/2513 1703/22/2514
f 1703/22/2514 1705/684/2515 1704/961/2512
f 1705/684/2515 1768/683/2516 1704/961/2512
f 1768/683/2516 1706/682/2517 1704/961/2512
f 1706/682/2517 1707/681/2518 1704/961/2512
f 1707/681/2518 1726/674/2519 1704/961/2512
f 1702/23/2513 1704/961/2512 1726/674/2519
f 1810/962/2520 1808/963/2521 1809/964/2522
f 1809/964/2522 1817/965/2523 1810/962/2520
f 1817/965/2523 1815/966/2524 1810/962/2520
f 1815/966/2524 1816/967/2525 1810/962/2520
f 1816/967/2525 1818/968/2526 1810/962/2520
f 1818/968/2526 1819/969/2527 1810/962/2520
f 1819/969/2527 1820/970/2528 1810/962/2520
f 1820/970/2528 1811/971/2529 1810/962/2520
f 1811/971/2529 1812/972/2530 1810/962/2520
f 1812/972/2530 1813/973/2531 1810/962/2520
f 1813/973/2531 1814/974/2532 1810/962/2520
f 1814/974/2532 1821/975/2533 1810/962/2520
f 1821/975/2533 1822/976/2534 1810/962/2520
f 1808/963/2521 1810/962/2520 1822/976/2534
f 1920/977/2535 1918/978/2536 1919/979/2537
f 1919/979/2537 1921/980/2538 1920/977/2535
f 1921/980/2538 1924/981/2539 1920/977/2535
f 1924/981/2539 1925/982/1591 1920/977/2535
f 1925/982/1591 1922/983/2540 1920/977/2535
f 1922/983/2540 1923/984/2541 1920/977/2535
f 1923/984/2541 1926/985/2542 1920/977/2535
f 1926/985/2542 1927/986/2543 1920/977/2535
f 1927/986/2543 1928/987/2544 1920/977/2535
f 1918/978/2536 1920/977/2535 1928/987/2544
f 1946/988/2545 1944/989/2546 1945/990/2547
f 1945/990/2547 1950/991/2548 1946/988/2545
f 1950/991/2548 1951/992/2549 1946/988/2545
f 1951/992/2549 1955/993/2550 1946/988/2545
f 1955/993/2550 1952/994/2551 1946/988/2545
f 1952/994/2551 1953/995/2552 1946/988/2545
f 1953/995/2552 1947/996/2553 1946/988/2545
f 1947/996/2553 1948/997/2554 1946/988/2545
f 1948/997/2554 1949/998/2555 1946/988/2545
f 1949/998/2555 1954/999/2556 1946/988/2545
f 1944/989/2546 1946/988/2545 1954/999/2556
f 1970/934/2557 1971/935/2558 1969/936/2559
f 1969/936/2559 1997/937/2560 1970/934/2557
f 1997/937/2560 1998/938/2561 1970/934/2557
f 1998/938/2561 1995/939/2562 1970/934/2557
f 1995/939/2562 1996/940/2563 1970/934/2557
f 1971/935/2558 1970/934/2557 1996/940/2563
f 2740/907/2564 2741/908/2565 2739/909/2566
f 2739/909/2566 2814/910/2567 2740/907/2564
f 2814/910/2567 2819/911/2568 2740/907/2564
f 2819/911/2568 2815/912/2569 2740/907/2564
f 2815/912/2569 2816/913/2570 2740/907/2564
f 2741/908/2565 2740/907/2564 2816/913/2570
f 2774/914/2571 2772/915/2572 2773/916/2573
f 2773/916/2573 2775/917/2574 2774/914/2571
f 2775/917/2574 2776/918/2575 2774/914/2571
f 2776/918/2575 2788/919/2576 2774/914/2571
f 2788/919/2576 2803/920/2577 2774/914/2571
f 2772/915/2572 2774/914/2571 2803/920/2577
f 2871/907/2578 2872/908/2579 2870/909/2580
f 2870/909/2580 2945/910/2581 2871/907/2578
f 2945/910/2581 2950/911/2582 2871/907/2578
f 2950/911/2582 2946/912/2583 2871/907/2578
f 2946/912/2583 2947/913/2584 2871/907/2578
f 2872/908/2579 2871/907/2578 2947/913/2584
f 2905/914/2585 2903/915/2586 2904/916/2587
f 2904/916/2587 2906/917/2588 2905/914/2585
f 2906/917/2588 2907/918/2589 2905/914/2585
f 2907/918/2589 2919/919/2590 2905/914/2585
f 2919/919/2590 2934/920/2591 2905/914/2585
f 2903/915/2586 2905/914/2585 2934/920/2591
f 3040/12/2592 3038/13/2593 3039/14/2594
f 3046/15/2595 3044/16/2595 3045/17/2596
f 3055/18/2597 3053/19/2598 3054/20/2598
f 3079/21/2599 3077/13/2599 3078/12/2599
f 3239/12/2600 3237/13/2600 3238/14/2600
f 3245/15/2601 3243/16/2602 3244/17/2601
f 3254/18/2603 3252/19/2603 3253/20/2603
f 3278/21/2604 3276/13/2604 3277/12/2604
f 3326/12/2605 3324/13/2605 3325/14/2605
f 3332/15/2606 3330/16/2606 3331/17/2606
f 3341/18/2607 3339/19/2607 3340/20/2607
f 3365/21/2608 3363/13/2609 3364/12/2608
f 3413/12/2610 3411/13/2610 3412/14/2610
f 3419/15/2611 3417/16/2611 3418/17/2611
f 3428/18/2607 3426/19/2612 3427/20/2612
f 3452/21/2613 3450/13/2614 3451/12/2615
f 3500/12/2616 3498/13/2616 3499/14/2616
f 3506/15/2611 3504/16/2611 3505/17/2611
f 3515/18/2612 3513/19/2607 3514/20/2607
f 3539/21/2617 3537/13/2617 3538/12/2617
f 3587/12/2605 3585/13/2605 3586/14/2616
f 3593/15/2611 3591/16/2611 3592/17/2618
f 3602/18/2619 3600/19/2619 3601/20/2612
f 3626/21/2620 3624/13/2621 3625/12/2608
f 2998/251/2622 2996/252/2623 2997/253/2624
f 2997/253/2624 3028/254/2625 2998/251/2622
f 3000/255/2626 3001/256/2627 2999/257/2628
f 2999/257/2628 3027/258/2629 3000/255/2626
f 3004/259/2630 3002/260/2631 3003/261/2632
f 3003/261/2632 3005/262/2632 3004/259/2630
f 3006/263/2633 3007/264/2634 3008/265/2635
f 3008/265/2635 3009/266/2636 3006/263/2633
f 3012/267/2637 3010/268/2638 3011/269/2639
f 3011/269/2639 3013/270/2640 3012/267/2637
f 3018/271/2641 3019/272/2642 3017/273/2643
f 3017/273/2643 3025/274/2644 3018/271/2641
f 3022/275/2645 3020/276/2646 3021/277/2647
f 3021/277/2647 3026/278/2648 3022/275/2645
f 3036/279/2649 3034/280/2650 3035/281/2651
f 3035/281/2651 3037/282/2651 3036/279/2649
f 3050/283/2652 3051/284/2653 3052/285/2654
f 3063/286/2655 3050/283/2652 3052/285/2654
f 3064/287/2656 3063/286/2655 3052/285/2654
f 3062/288/2657 3064/287/2656 3052/285/2654
f 3052/285/2654 3061/289/2658 3062/288/2657
f 3058/290/2659 3056/291/2660 3057/292/2661
f 3057/292/2661 3060/293/2662 3058/290/2659
f 3041/294/2663 3059/295/2664 3042/296/2665
f 3043/297/2666 3041/294/2663 3042/296/2665
f 3042/296/2665 3065/298/2667 3043/297/2666
f 3065/298/2667 3066/299/2668 3043/297/2666
f 3066/299/2668 3071/300/2669 3043/297/2666
f 3071/300/2669 3072/301/2670 3043/297/2666
f 3041/294/2663 3043/297/2666 3072/301/2670
f 3069/302/2671 3067/303/2672 3068/304/2672
f 3068/304/2672 3070/305/2671 3069/302/2671
f 3092/53/2673 3093/306/2674 3094/307/2675
f 3094/307/2675 3089/51/2676 3092/53/2673
f 3116/52/2677 3092/53/2673 3089/51/2676
f 3091/308/2678 3116/52/2677 3089/51/2676
f 3089/51/2676 3090/309/2679 3091/308/2678
f 3090/309/2679 3126/310/2680 3091/308/2678
f 3128/311/2681 3091/308/2678 3126/310/2680
f 3126/310/2680 3127/312/2682 3128/311/2681
f 3136/313/2683 3128/311/2681 3127/312/2682
f 3114/69/2684 3136/313/2683 3127/312/2682
f 3127/312/2682 3111/70/2685 3114/69/2684
f 3110/71/2686 3114/69/2684 3111/70/2685
f 3111/70/2685 3112/314/2687 3110/71/2686
f 3152/315/2688 3110/71/2686 3112/314/2687
f 3112/314/2687 3153/316/2689 3152/315/2688
f 3151/317/2690 3152/315/2688 3153/316/2689
f 3114/69/2684 3110/71/2686 3115/318/2691
f 3113/319/2692 3114/69/2684 3115/318/2691
f 3115/318/2691 3182/320/2693 3113/319/2692
f 3180/321/2694 3113/319/2692 3182/320/2693
f 3182/320/2693 3181/322/2695 3180/321/2694
f 3179/323/2696 3180/321/2694 3181/322/2695
f 3181/322/2695 3178/324/2697 3179/323/2696
f 3177/325/2698 3179/323/2696 3178/324/2697
f 3122/67/2699 3177/325/2698 3178/324/2697
f 3178/324/2697 3104/68/2700 3122/67/2699
f 3103/66/2701 3122/67/2699 3104/68/2700
f 3104/68/2700 3105/326/2702 3103/66/2701
f 3149/327/2703 3103/66/2701 3105/326/2702
f 3105/326/2702 3150/328/2704 3149/327/2703
f 3148/329/2705 3149/327/2703 3150/328/2704
f 3124/330/2706 3122/67/2699 3103/66/2701
f 3103/66/2701 3135/331/2707 3124/330/2706
f 3135/331/2707 3125/332/2708 3124/330/2706
f 3123/333/2709 3124/330/2706 3125/332/2708
f 3081/334/2710 3123/333/2709 3125/332/2708
f 3125/332/2708 3082/335/2711 3081/334/2710
f 3080/48/2712 3081/334/2710 3082/335/2711
f 3082/335/2711 3086/49/2713 3080/48/2712
f 3083/50/2714 3080/48/2712 3086/49/2713
f 3088/336/2715 3083/50/2714 3086/49/2713
f 3086/49/2713 3087/337/2716 3088/336/2715
f 3163/338/2717 3088/336/2715 3087/337/2716
f 3087/337/2716 3189/339/2718 3163/338/2717
f 3085/340/2719 3080/48/2712 3083/50/2714
f 3083/50/2714 3084/341/2720 3085/340/2719
f 3176/342/2721 3085/340/2719 3084/341/2720
f 3084/341/2720 3188/343/2722 3176/342/2721
f 3188/343/2722 3175/344/2723 3176/342/2721
f 3174/345/2724 3176/342/2721 3175/344/2723
f 3175/344/2723 3173/346/2725 3174/345/2724
f 3172/347/2726 3174/345/2724 3173/346/2725
f 3173/346/2725 3092/53/2673 3172/347/2726
f 3116/52/2677 3172/347/2726 3092/53/2673
f 3145/348/2727 3146/349/2728 3147/350/2729
f 3141/351/2730 3145/348/2727 3147/350/2729
f 3147/350/2729 3106/61/2731 3141/351/2730
f 3118/60/2732 3141/351/2730 3106/61/2731
f 3108/62/2733 3118/60/2732 3106/61/2731
f 3106/61/2731 3107/352/2734 3108/62/2733
f 3109/353/2735 3108/62/2733 3107/352/2734
f 3187/354/2736 3109/353/2735 3107/352/2734
f 3107/352/2734 3191/355/2737 3187/354/2736
f 3191/355/2737 3186/356/2738 3187/354/2736
f 3185/357/2739 3187/354/2736 3186/356/2738
f 3186/356/2738 3184/358/2740 3185/357/2739
f 3183/359/2741 3185/357/2739 3184/358/2740
f 3184/358/2740 3121/63/2742 3183/359/2741
f 3120/65/2743 3183/359/2741 3121/63/2742
f 3119/64/2744 3120/65/2743 3121/63/2742
f 3121/63/2742 3142/360/2745 3119/64/2744
f 3143/361/2746 3119/64/2744 3142/360/2745
f 3144/362/2747 3143/361/2746 3142/360/2745
f 3142/360/2745 3165/363/2748 3144/362/2747
f 3130/364/2749 3120/65/2743 3119/64/2744
f 3119/64/2744 3131/365/2750 3130/364/2749
f 3129/366/2751 3130/364/2749 3131/365/2750
f 3131/365/2750 3138/367/2752 3129/366/2751
f 3101/368/2753 3129/366/2751 3138/367/2752
f 3138/367/2752 3139/369/2754 3101/368/2753
f 3139/369/2754 3102/58/2755 3101/368/2753
f 3098/57/2756 3101/368/2753 3102/58/2755
f 3099/59/2757 3098/57/2756 3102/58/2755
f 3155/370/2758 3099/59/2757 3102/58/2755
f 3102/58/2755 3156/371/2759 3155/370/2758
f 3154/372/2760 3155/370/2758 3156/371/2759
f 3156/371/2759 3161/373/2761 3154/372/2760
f 3161/373/2761 3162/374/2762 3154/372/2760
f 3164/375/2763 3154/372/2760 3162/374/2762
f 3098/57/2756 3099/59/2757 3100/376/2764
f 3171/377/2765 3098/57/2756 3100/376/2764
f 3169/378/2766 3171/377/2765 3100/376/2764
f 3100/376/2764 3170/379/2767 3169/378/2766
f 3168/380/2768 3169/378/2766 3170/379/2767
f 3170/379/2767 3190/381/2769 3168/380/2768
f 3190/381/2769 3167/382/2770 3168/380/2768
f 3166/383/2771 3168/380/2768 3167/382/2770
f 3167/382/2770 3117/56/2772 3166/383/2771
f 3097/55/2773 3166/383/2771 3117/56/2772
f 3095/54/2774 3097/55/2773 3117/56/2772
f 3117/56/2772 3160/384/2775 3095/54/2774
f 3158/385/2776 3095/54/2774 3160/384/2775
f 3160/384/2775 3159/386/2777 3158/385/2776
f 3157/387/2778 3158/385/2776 3159/386/2777
f 3097/55/2773 3095/54/2774 3096/388/2779
f 3140/389/2780 3097/55/2773 3096/388/2779
f 3134/390/2781 3140/389/2780 3096/388/2779
f 3096/388/2779 3132/391/2782 3134/390/2781
f 3132/391/2782 3133/392/2783 3134/390/2781
f 3137/393/2784 3134/390/2781 3133/392/2783
f 3108/62/2733 3137/393/2784 3133/392/2783
f 3133/392/2783 3118/60/2732 3108/62/2733
f 3197/251/2785 3195/252/2786 3196/253/2787
f 3196/253/2787 3227/254/2788 3197/251/2785
f 3199/255/2789 3200/256/2790 3198/257/2791
f 3198/257/2791 3226/258/2792 3199/255/2789
f 3203/259/2793 3201/260/2794 3202/261/2795
f 3202/261/2795 3204/262/2796 3203/259/2793
f 3205/263/2797 3206/264/2798 3207/265/2799
f 3207/265/2799 3208/266/2800 3205/263/2797
f 3211/267/2801 3209/268/2802 3210/269/2803
f 3210/269/2803 3212/270/2804 3211/267/2801
f 3217/271/2805 3218/272/2806 3216/273/2807
f 3216/273/2807 3224/274/2808 3217/271/2805
f 3221/275/2809 3219/276/2810 3220/277/2811
f 3220/277/2811 3225/278/2812 3221/275/2809
f 3235/279/2813 3233/280/2814 3234/281/2815
f 3234/281/2815 3236/282/2816 3235/279/2813
f 3249/283/2817 3250/284/2818 3251/285/2819
f 3262/286/2820 3249/283/2817 3251/285/2819
f 3263/287/2821 3262/286/2820 3251/285/2819
f 3261/288/2822 3263/287/2821 3251/285/2819
f 3251/285/2819 3260/289/2823 3261/288/2822
f 3257/290/2824 3255/291/2825 3256/292/2826
f 3256/292/2826 3259/293/2827 3257/290/2824
f 3240/294/2828 3258/295/2829 3241/296/2830
f 3242/297/2831 3240/294/2828 3241/296/2830
f 3241/296/2830 3264/298/2832 3242/297/2831
f 3264/298/2832 3265/299/2833 3242/297/2831
f 3265/299/2833 3270/300/2834 3242/297/2831
f 3270/300/2834 3271/301/2835 3242/297/2831
f 3240/294/2828 3242/297/2831 3271/301/2835
f 3268/302/2836 3266/303/2837 3267/304/2836
f 3267/304/2836 3269/305/2838 3268/302/2836
f 3284/251/2839 3282/252/2840 3283/253/2841
f 3283/253/2841 3314/254/2842 3284/251/2839
f 3286/255/2843 3287/256/2844 3285/257/2845
f 3285/257/2845 3313/258/2846 3286/255/2843
f 3290/259/2847 3288/260/2848 3289/261/2849
f 3289/261/2849 3291/262/2850 3290/259/2847
f 3292/263/2851 3293/264/2852 3294/265/2853
f 3294/265/2853 3295/266/2854 3292/263/2851
f 3298/267/2855 3296/268/2856 3297/269/2857
f 3297/269/2857 3299/270/2858 3298/267/2855
f 3304/271/2859 3305/272/2860 3303/273/2861
f 3303/273/2861 3311/274/2862 3304/271/2859
f 3308/275/2863 3306/276/2864 3307/277/2865
f 3307/277/2865 3312/278/2866 3308/275/2863
f 3322/279/2867 3320/280/2868 3321/281/2867
f 3321/281/2867 3323/282/2868 3322/279/2867
f 3336/283/2869 3337/284/2870 3338/285/2871
f 3349/286/2872 3336/283/2869 3338/285/2871
f 3350/287/2873 3349/286/2872 3338/285/2871
f 3348/288/2874 3350/287/2873 3338/285/2871
f 3338/285/2871 3347/289/2875 3348/288/2874
f 3344/290/2876 3342/291/2877 3343/292/2877
f 3343/292/2877 3346/293/2878 3344/290/2876
f 3327/294/2879 3345/295/2880 3328/296/2881
f 3329/297/2882 3327/294/2879 3328/296/2881
f 3328/296/2881 3351/298/2883 3329/297/2882
f 3351/298/2883 3352/299/2884 3329/297/2882
f 3352/299/2884 3357/300/2885 3329/297/2882
f 3357/300/2885 3358/301/2886 3329/297/2882
f 3327/294/2879 3329/297/2882 3358/301/2886
f 3355/302/2887 3353/303/2888 3354/304/2889
f 3354/304/2889 3356/305/2887 3355/302/2887
f 3371/251/2839 3369/252/2890 3370/253/2841
f 3370/253/2841 3401/254/2891 3371/251/2839
f 3373/255/2843 3374/256/2844 3372/257/2892
f 3372/257/2892 3400/258/2846 3373/255/2843
f 3377/259/2893 3375/260/2849 3376/261/2849
f 3376/261/2849 3378/262/2850 3377/259/2893
f 3379/263/2851 3380/264/2894 3381/265/2895
f 3381/265/2895 3382/266/2896 3379/263/2851
f 3385/267/2855 3383/268/2897 3384/269/2857
f 3384/269/2857 3386/270/2898 3385/267/2855
f 3391/271/2899 3392/272/2900 3390/273/2861
f 3390/273/2861 3398/274/2901 3391/271/2899
f 3395/275/2863 3393/276/2864 3394/277/2865
f 3394/277/2865 3399/278/2902 3395/275/2863
f 3409/279/2903 3407/280/2868 3408/281/2868
f 3408/281/2868 3410/282/2867 3409/279/2903
f 3423/283/2904 3424/284/2870 3425/285/2871
f 3436/286/2905 3423/283/2904 3425/285/2871
f 3437/287/2873 3436/286/2905 3425/285/2871
f 3435/288/2906 3437/287/2873 3425/285/2871
f 3425/285/2871 3434/289/2907 3435/288/2906
f 3431/290/2877 3429/291/2908 3430/292/2909
f 3430/292/2909 3433/293/2877 3431/290/2877
f 3414/294/2879 3432/295/2910 3415/296/2911
f 3416/297/2882 3414/294/2879 3415/296/2911
f 3415/296/2911 3438/298/2883 3416/297/2882
f 3438/298/2883 3439/299/2884 3416/297/2882
f 3439/299/2884 3444/300/2885 3416/297/2882
f 3444/300/2885 3445/301/2912 3416/297/2882
f 3414/294/2879 3416/297/2882 3445/301/2912
f 3442/302/2913 3440/303/2887 3441/304/2914
f 3441/304/2914 3443/305/2889 3442/302/2913
f 3458/251/2839 3456/252/2890 3457/253/2841
f 3457/253/2841 3488/254/2891 3458/251/2839
f 3460/255/2843 3461/256/2844 3459/257/2892
f 3459/257/2892 3487/258/2915 3460/255/2843
f 3464/259/2893 3462/260/2849 3463/261/2849
f 3463/261/2849 3465/262/2850 3464/259/2893
f 3466/263/2916 3467/264/2917 3468/265/2895
f 3468/265/2895 3469/266/2918 3466/263/2916
f 3472/267/2855 3470/268/2919 3471/269/2857
f 3471/269/2857 3473/270/2920 3472/267/2855
f 3478/271/2859 3479/272/2860 3477/273/2861
f 3477/273/2861 3485/274/2901 3478/271/2859
f 3482/275/2863 3480/276/2921 3481/277/2865
f 3481/277/2865 3486/278/2922 3482/275/2863
f 3496/279/2867 3494/280/2867 3495/281/2923
f 3495/281/2923 3497/282/2868 3496/279/2867
f 3510/283/2869 3511/284/2924 3512/285/2871
f 3523/286/2925 3510/283/2869 3512/285/2871
f 3524/287/2873 3523/286/2925 3512/285/2871
f 3522/288/2926 3524/287/2873 3512/285/2871
f 3512/285/2871 3521/289/2875 3522/288/2926
f 3518/290/2927 3516/291/2909 3517/292/2928
f 3517/292/2928 3520/293/2928 3518/290/2927
f 3501/294/2929 3519/295/2930 3502/296/2881
f 3503/297/2882 3501/294/2929 3502/296/2881
f 3502/296/2881 3525/298/2883 3503/297/2882
f 3525/298/2883 3526/299/2884 3503/297/2882
f 3526/299/2884 3531/300/2931 3503/297/2882
f 3531/300/2931 3532/301/2912 3503/297/2882
f 3501/294/2929 3503/297/2882 3532/301/2912
f 3529/302/2932 3527/303/2914 3528/304/2933
f 3528/304/2933 3530/305/2889 3529/302/2932
f 3545/251/2839 3543/252/2934 3544/253/2841
f 3544/253/2841 3575/254/2935 3545/251/2839
f 3547/255/2843 3548/256/2844 3546/257/2845
f 3546/257/2845 3574/258/2936 3547/255/2843
f 3551/259/2893 3549/260/2937 3550/261/2849
f 3550/261/2849 3552/262/2850 3551/259/2893
f 3553/263/2916 3554/264/2938 3555/265/2895
f 3555/265/2895 3556/266/2896 3553/263/2916
f 3559/267/2855 3557/268/2939 3558/269/2857
f 3558/269/2857 3560/270/2940 3559/267/2855
f 3565/271/2859 3566/272/2941 3564/273/2861
f 3564/273/2861 3572/274/2942 3565/271/2859
f 3569/275/2863 3567/276/2943 3568/277/2944
f 3568/277/2944 3573/278/2945 3569/275/2863
f 3583/279/2867 3581/280/2867 3582/281/2867
f 3582/281/2867 3584/282/2867 3583/279/2867
f 3597/283/2869 3598/284/2870 3599/285/2871
f 3610/286/2872 3597/283/2869 3599/285/2871
f 3611/287/2873 3610/286/2872 3599/285/2871
f 3609/288/2926 3611/287/2873 3599/285/2871
f 3599/285/2871 3608/289/2875 3609/288/2926
f 3605/290/2877 3603/291/2946 3604/292/2877
f 3604/292/2877 3607/293/2877 3605/290/2877
f 3588/294/2879 3606/295/2910 3589/296/2911
f 3590/297/2882 3588/294/2879 3589/296/2911
f 3589/296/2911 3612/298/2947 3590/297/2882
f 3612/298/2947 3613/299/2884 3590/297/2882
f 3613/299/2884 3618/300/2885 3590/297/2882
f 3618/300/2885 3619/301/2912 3590/297/2882
f 3588/294/2879 3590/297/2882 3619/301/2912
f 3616/302/2889 3614/303/2889 3615/304/2887
f 3615/304/2887 3617/305/2913 3616/302/2889
f 2995/921/2948 2993/922/2949 2994/923/2950
f 2994/923/2950 3024/924/2951 2995/921/2948
f 3024/924/2951 3032/925/2952 2995/921/2948
f 3032/925/2952 3033/926/2953 2995/921/2948
f 2993/922/2949 2995/921/2948 3033/926/2953
f 3016/927/2954 3014/928/2955 3015/929/2956
f 3015/929/2956 3030/930/2957 3016/927/2954
f 3030/930/2957 3029/931/2958 3016/927/2954
f 3029/931/2958 3031/932/2959 3016/927/2954
f 3031/932/2959 3023/933/2960 3016/927/2954
f 3014/928/2955 3016/927/2954 3023/933/2960
f 3048/934/2961 3049/935/2962 3047/936/2963
f 3047/936/2963 3075/937/2964 3048/934/2961
f 3075/937/2964 3076/938/2965 3048/934/2961
f 3076/938/2965 3073/939/2966 3048/934/2961
f 3073/939/2966 3074/940/2967 3048/934/2961
f 3049/935/2962 3048/934/2961 3074/940/2967
f 3194/921/2968 3192/922/2969 3193/923/2970
f 3193/923/2970 3223/924/2971 3194/921/2968
f 3223/924/2971 3231/925/2972 3194/921/2968
f 3231/925/2972 3232/926/2973 3194/921/2968
f 3192/922/2969 3194/921/2968 3232/926/2973
f 3215/927/2974 3213/928/2975 3214/929/2976
f 3214/929/2976 3229/930/2977 3215/927/2974
f 3229/930/2977 3228/931/2978 3215/927/2974
f 3228/931/2978 3230/932/2979 3215/927/2974
f 3230/932/2979 3222/933/2980 3215/927/2974
f 3213/928/2975 3215/927/2974 3222/933/2980
f 3247/934/2981 3248/935/2982 3246/936/2983
f 3246/936/2983 3274/937/2984 3247/934/2981
f 3274/937/2984 3275/938/2985 3247/934/2981
f 3275/938/2985 3272/939/2986 3247/934/2981
f 3272/939/2986 3273/940/2987 3247/934/2981
f 3248/935/2982 3247/934/2981 3273/940/2987
f 3281/921/2988 3279/922/2989 3280/923/2990
f 3280/923/2990 3310/924/2991 3281/921/2988
f 3310/924/2991 3318/925/2992 3281/921/2988
f 3318/925/2992 3319/926/2993 3281/921/2988
f 3279/922/2989 3281/921/2988 3319/926/2993
f 3302/927/2994 3300/928/2995 3301/929/2996
f 3301/929/2996 3316/930/2997 3302/927/2994
f 3316/930/2997 3315/931/2998 3302/927/2994
f 3315/931/2998 3317/932/2999 3302/927/2994
f 3317/932/2999 3309/933/3000 3302/927/2994
f 3300/928/2995 3302/927/2994 3309/933/3000
f 3334/934/3001 3335/935/3002 3333/936/3003
f 3333/936/3003 3361/937/3004 3334/934/3001
f 3361/937/3004 3362/938/3005 3334/934/3001
f 3362/938/3005 3359/939/3006 3334/934/3001
f 3359/939/3006 3360/940/3007 3334/934/3001
f 3335/935/3002 3334/934/3001 3360/940/3007
f 3368/921/3008 3366/922/2989 3367/923/3009
f 3367/923/3009 3397/924/2991 3368/921/3008
f 3397/924/2991 3405/925/2992 3368/921/3008
f 3405/925/2992 3406/926/2993 3368/921/3008
f 3366/922/2989 3368/921/3008 3406/926/2993
f 3389/927/2994 3387/928/2995 3388/929/2996
f 3388/929/2996 3403/930/2997 3389/927/2994
f 3403/930/2997 3402/931/2998 3389/927/2994
f 3402/931/2998 3404/932/2999 3389/927/2994
f 3404/932/2999 3396/933/3000 3389/927/2994
f 3387/928/2995 3389/927/2994 3396/933/3000
f 3421/934/3001 3422/935/3002 3420/936/3010
f 3420/936/3010 3448/937/3004 3421/934/3001
f 3448/937/3004 3449/938/3005 3421/934/3001
f 3449/938/3005 3446/939/3006 3421/934/3001
f 3446/939/3006 3447/940/3011 3421/934/3001
f 3422/935/3002 3421/934/3001 3447/940/3011
f 3455/921/3008 3453/922/2989 3454/923/3009
f 3454/923/3009 3484/924/3012 3455/921/3008
f 3484/924/3012 3492/925/2992 3455/921/3008
f 3492/925/2992 3493/926/3013 3455/921/3008
f 3453/922/2989 3455/921/3008 3493/926/3013
f 3476/927/2994 3474/928/2995 3475/929/2996
f 3475/929/2996 3490/930/2997 3476/927/2994
f 3490/930/2997 3489/931/2998 3476/927/2994
f 3489/931/2998 3491/932/2999 3476/927/2994
f 3491/932/2999 3483/933/3000 3476/927/2994
f 3474/928/2995 3476/927/2994 3483/933/3000
f 3508/934/3001 3509/935/3002 3507/936/3003
f 3507/936/3003 3535/937/3004 3508/934/3001
f 3535/937/3004 3536/938/3005 3508/934/3001
f 3536/938/3005 3533/939/3006 3508/934/3001
f 3533/939/3006 3534/940/3007 3508/934/3001
f 3509/935/3002 3508/934/3001 3534/940/3007
f 3542/921/3008 3540/922/2989 3541/923/3014
f 3541/923/3014 3571/924/3015 3542/921/3008
f 3571/924/3015 3579/925/2992 3542/921/3008
f 3579/925/2992 3580/926/2993 3542/921/3008
f 3540/922/2989 3542/921/3008 3580/926/2993
f 3563/927/2994 3561/928/2995 3562/929/2996
f 3562/929/2996 3577/930/2997 3563/927/2994
f 3577/930/2997 3576/931/2998 3563/927/2994
f 3576/931/2998 3578/932/2999 3563/927/2994
f 3578/932/2999 3570/933/3000 3563/927/2994
f 3561/928/2995 3563/927/2994 3570/933/3000
f 3595/934/3001 3596/935/3002 3594/936/3010
f 3594/936/3010 3622/937/3016 3595/934/3001
f 3622/937/3016 3623/938/3005 3595/934/3001
f 3623/938/3005 3620/939/3006 3595/934/3001
f 3620/939/3006 3621/940/3007 3595/934/3001
f 3596/935/3002 3595/934/3001 3621/940/3007
