# Blender 4.5.3 LTS
# www.blender.org
o w9a02_metal909
v -4.913328 0.713248 2.569156
v -4.911224 0.698589 2.571540
v -4.927588 0.713350 2.579932
v -4.926332 0.698692 2.582966
v -4.927588 0.713350 2.579932
v -4.926332 0.698692 2.582966
v -4.945295 0.713248 2.582392
v -4.945098 0.698589 2.585566
v -5.007016 0.713242 2.556392
v -5.009409 0.698584 2.558452
v -5.017522 0.713344 2.542885
v -5.020545 0.698685 2.544142
v -5.017522 0.713344 2.542885
v -5.020545 0.698685 2.544142
v -5.019655 0.713240 2.525873
v -5.022802 0.698582 2.526113
v -4.994477 0.713237 2.463659
v -4.996576 0.698578 2.461285
v -4.980219 0.713341 2.452836
v -4.981470 0.698682 2.449816
v -4.980219 0.713341 2.452836
v -4.981470 0.698682 2.449816
v -4.962486 0.713237 2.450412
v -4.962680 0.698578 2.447249
v -4.887166 0.698685 2.488903
v -4.890191 0.713344 2.490153
v -4.898317 0.698582 2.474561
v -4.900712 0.713240 2.476616
v -4.890191 0.713344 2.490153
v -4.887166 0.698685 2.488903
v -4.888065 0.713242 2.507131
v -4.884916 0.698583 2.506896
v -4.914026 0.713301 2.556223
v -4.913328 0.713248 2.569156
v -4.932418 0.713301 2.568268
v -4.927588 0.713350 2.579932
v -4.911104 0.698642 2.559150
v -4.911224 0.698589 2.571540
v -4.914026 0.713301 2.556223
v -4.913328 0.713248 2.569156
v -4.932418 0.713301 2.568268
v -4.927588 0.713350 2.579932
v -4.953943 0.713301 2.572752
v -4.945295 0.713248 2.582392
v -4.953943 0.713301 2.572752
v -4.945295 0.713248 2.582392
v -4.953941 0.698642 2.576889
v -4.945098 0.698589 2.585566
v -4.993804 0.713295 2.556380
v -5.007016 0.713242 2.556392
v -5.005856 0.713293 2.538050
v -5.017522 0.713344 2.542885
v -4.996721 0.698636 2.559303
v -5.009409 0.698584 2.558452
v -4.993804 0.713295 2.556380
v -5.007016 0.713242 2.556392
v -5.005856 0.713293 2.538050
v -5.017522 0.713344 2.542885
v -5.010303 0.713295 2.516536
v -5.019655 0.713240 2.525873
v -5.010303 0.713295 2.516536
v -5.019655 0.713240 2.525873
v -5.014430 0.698636 2.516538
v -5.022802 0.698582 2.526113
v -4.993767 0.713295 2.476584
v -4.994477 0.713237 2.463659
v -4.975387 0.713295 2.464504
v -4.980219 0.713341 2.452836
v -4.996685 0.698636 2.473668
v -4.996576 0.698578 2.461285
v -4.993767 0.713295 2.476584
v -4.994477 0.713237 2.463659
v -4.975387 0.713295 2.464504
v -4.980219 0.713341 2.452836
v -4.953850 0.713295 2.460054
v -4.962486 0.713237 2.450412
v -4.953850 0.713295 2.460054
v -4.962486 0.713237 2.450412
v -4.953849 0.698636 2.455930
v -4.962680 0.698578 2.447249
v -4.911006 0.698636 2.473709
v -4.898317 0.698582 2.474561
v -4.913926 0.713295 2.476625
v -4.900712 0.713240 2.476616
v -4.913926 0.713295 2.476625
v -4.900712 0.713240 2.476616
v -4.901858 0.713293 2.494984
v -4.890191 0.713344 2.490153
v -4.901858 0.713293 2.494984
v -4.890191 0.713344 2.490153
v -4.897417 0.713295 2.516466
v -4.888065 0.713242 2.507131
v -4.897417 0.713295 2.516466
v -4.888065 0.713242 2.507131
v -4.893287 0.698636 2.516471
v -4.884916 0.698583 2.506896
v -4.905381 0.727974 2.536481
v -4.898112 0.698636 2.539497
v -4.916685 0.727979 2.553568
v -4.911104 0.698642 2.559150
v -4.933852 0.727979 2.564810
v -4.930841 0.698642 2.572079
v -4.953942 0.727979 2.568995
v -4.953941 0.698642 2.576889
v -4.974016 0.727975 2.564902
v -4.977025 0.698638 2.572175
v -4.974016 0.727975 2.564902
v -4.977025 0.698638 2.572175
v -4.991145 0.727974 2.553714
v -4.996721 0.698636 2.559303
v -5.002393 0.727972 2.536607
v -5.009656 0.698635 2.539630
v -5.006544 0.727974 2.516526
v -5.014430 0.698636 2.516538
v -5.006544 0.727974 2.516526
v -5.014430 0.698636 2.516538
v -5.002378 0.727974 2.496412
v -5.009640 0.698636 2.493414
v -5.002378 0.727974 2.496412
v -5.009640 0.698636 2.493414
v -4.991110 0.727974 2.479238
v -4.996685 0.698636 2.473668
v -4.973956 0.727974 2.467963
v -4.976959 0.698636 2.460706
v -4.953855 0.727974 2.463810
v -4.953849 0.698636 2.455930
v -4.933752 0.727974 2.467993
v -4.930735 0.698636 2.460739
v -4.933752 0.727974 2.467993
v -4.930735 0.698636 2.460739
v -4.916592 0.727974 2.479276
v -4.911006 0.698636 2.473709
v -4.898054 0.698635 2.493413
v -4.905327 0.727972 2.496411
v -4.901182 0.727974 2.516461
v -4.893287 0.698636 2.516471
v -4.905381 0.727974 2.536481
v -4.898112 0.698636 2.539497
v -4.916592 0.727974 2.479276
v -4.905327 0.727972 2.496411
v -4.953912 0.727976 2.516381
v -4.953942 0.727979 2.568995
v -4.974016 0.727975 2.564902
v -4.953912 0.727976 2.516381
v -4.901182 0.727974 2.516461
v -4.905381 0.727974 2.536481
v -4.953912 0.727976 2.516381
v -5.006544 0.727974 2.516526
v -5.002378 0.727974 2.496412
v -4.953912 0.727976 2.516381
v -4.905381 0.727974 2.536481
v -4.916685 0.727979 2.553568
v -4.953912 0.727976 2.516381
v -4.991110 0.727974 2.479238
v -4.973956 0.727974 2.467963
v -4.953912 0.727976 2.516381
v -4.953855 0.727974 2.463810
v -4.933752 0.727974 2.467993
v -4.953912 0.727976 2.516381
v -4.991145 0.727974 2.553714
v -5.002393 0.727972 2.536607
v -4.953912 0.727976 2.516381
v -4.933852 0.727979 2.564810
v -4.953942 0.727979 2.568995
v -4.953912 0.727976 2.516381
v -4.916685 0.727979 2.553568
v -4.933852 0.727979 2.564810
v -4.953912 0.727976 2.516381
v -4.905327 0.727972 2.496411
v -4.901182 0.727974 2.516461
v -4.953912 0.727976 2.516381
v -4.933752 0.727974 2.467993
v -4.916592 0.727974 2.479276
v -4.953912 0.727976 2.516381
v -5.002393 0.727972 2.536607
v -5.006544 0.727974 2.516526
v -4.953912 0.727976 2.516381
v -4.973956 0.727974 2.467963
v -4.953855 0.727974 2.463810
v -4.953912 0.727976 2.516381
v -4.974016 0.727975 2.564902
v -4.991145 0.727974 2.553714
v -4.953912 0.727976 2.516381
v -5.002378 0.727974 2.496412
v -4.991110 0.727974 2.479238
v -4.953912 0.727976 2.516381
v -5.006836 0.713248 2.343346
v -5.004733 0.698589 2.345730
v -5.021097 0.713350 2.354122
v -5.019841 0.698692 2.357156
v -5.021097 0.713350 2.354122
v -5.019841 0.698692 2.357156
v -5.038803 0.713248 2.356581
v -5.038606 0.698589 2.359756
v -5.100524 0.713242 2.330581
v -5.102918 0.698584 2.332642
v -5.111030 0.713344 2.317075
v -5.114053 0.698685 2.318332
v -5.111030 0.713344 2.317075
v -5.114053 0.698685 2.318332
v -5.113163 0.713240 2.300063
v -5.116310 0.698582 2.300303
v -5.087986 0.713237 2.237849
v -5.090084 0.698578 2.235475
v -5.073728 0.713341 2.227026
v -5.074978 0.698682 2.224005
v -5.073728 0.713341 2.227026
v -5.074978 0.698682 2.224005
v -5.055994 0.713237 2.224601
v -5.056189 0.698578 2.221439
v -4.980674 0.698685 2.263092
v -4.983699 0.713344 2.264342
v -4.991826 0.698582 2.248751
v -4.994221 0.713240 2.250806
v -4.983699 0.713344 2.264342
v -4.980674 0.698685 2.263092
v -4.981573 0.713242 2.281321
v -4.978424 0.698583 2.281086
v -5.007534 0.713301 2.330413
v -5.006836 0.713248 2.343346
v -5.025927 0.713301 2.342458
v -5.021097 0.713350 2.354122
v -5.004612 0.698642 2.333340
v -5.004733 0.698589 2.345730
v -5.007534 0.713301 2.330413
v -5.006836 0.713248 2.343346
v -5.025927 0.713301 2.342458
v -5.021097 0.713350 2.354122
v -5.047452 0.713301 2.346942
v -5.038803 0.713248 2.356581
v -5.047452 0.713301 2.346942
v -5.038803 0.713248 2.356581
v -5.047450 0.698642 2.351079
v -5.038606 0.698589 2.359756
v -5.087312 0.713295 2.330569
v -5.100524 0.713242 2.330581
v -5.099364 0.713293 2.312240
v -5.111030 0.713344 2.317075
v -5.090229 0.698636 2.333493
v -5.102918 0.698584 2.332642
v -5.087312 0.713295 2.330569
v -5.100524 0.713242 2.330581
v -5.099364 0.713293 2.312240
v -5.111030 0.713344 2.317075
v -5.103812 0.713295 2.290726
v -5.113163 0.713240 2.300063
v -5.103812 0.713295 2.290726
v -5.113163 0.713240 2.300063
v -5.107938 0.698636 2.290728
v -5.116310 0.698582 2.300303
v -5.087275 0.713295 2.250774
v -5.087986 0.713237 2.237849
v -5.068895 0.713295 2.238694
v -5.073728 0.713341 2.227026
v -5.090193 0.698636 2.247858
v -5.090084 0.698578 2.235475
v -5.087275 0.713295 2.250774
v -5.087986 0.713237 2.237849
v -5.068895 0.713295 2.238694
v -5.073728 0.713341 2.227026
v -5.047359 0.713295 2.234244
v -5.055994 0.713237 2.224601
v -5.047359 0.713295 2.234244
v -5.055994 0.713237 2.224601
v -5.047358 0.698636 2.230120
v -5.056189 0.698578 2.221439
v -5.004515 0.698636 2.247899
v -4.991826 0.698582 2.248751
v -5.007434 0.713295 2.250815
v -4.994221 0.713240 2.250806
v -5.007434 0.713295 2.250815
v -4.994221 0.713240 2.250806
v -4.995366 0.713293 2.269174
v -4.983699 0.713344 2.264342
v -4.995366 0.713293 2.269174
v -4.983699 0.713344 2.264342
v -4.990924 0.713295 2.290656
v -4.981573 0.713242 2.281321
v -4.990924 0.713295 2.290656
v -4.981573 0.713242 2.281321
v -4.986795 0.698636 2.290661
v -4.978424 0.698583 2.281086
v -4.998889 0.727974 2.310671
v -4.991621 0.698636 2.313687
v -5.010193 0.727979 2.327758
v -5.004612 0.698642 2.333340
v -5.027360 0.727979 2.339000
v -5.024349 0.698642 2.346269
v -5.047451 0.727979 2.343184
v -5.047450 0.698642 2.351079
v -5.067524 0.727975 2.339092
v -5.070533 0.698638 2.346365
v -5.067524 0.727975 2.339092
v -5.070533 0.698638 2.346365
v -5.084653 0.727974 2.327903
v -5.090229 0.698636 2.333493
v -5.095902 0.727972 2.310796
v -5.103164 0.698635 2.313820
v -5.100052 0.727974 2.290716
v -5.107938 0.698636 2.290728
v -5.100052 0.727974 2.290716
v -5.107938 0.698636 2.290728
v -5.095887 0.727974 2.270602
v -5.103148 0.698636 2.267604
v -5.095887 0.727974 2.270602
v -5.103148 0.698636 2.267604
v -5.084619 0.727974 2.253427
v -5.090193 0.698636 2.247858
v -5.067464 0.727974 2.242153
v -5.070468 0.698636 2.234895
v -5.047363 0.727974 2.238000
v -5.047358 0.698636 2.230120
v -5.027260 0.727974 2.242183
v -5.024243 0.698636 2.234929
v -5.027260 0.727974 2.242183
v -5.024243 0.698636 2.234929
v -5.010101 0.727974 2.253465
v -5.004515 0.698636 2.247899
v -4.991562 0.698635 2.267603
v -4.998836 0.727972 2.270601
v -4.994690 0.727974 2.290651
v -4.986795 0.698636 2.290661
v -4.998889 0.727974 2.310671
v -4.991621 0.698636 2.313687
v -5.010101 0.727974 2.253465
v -4.998836 0.727972 2.270601
v -5.047420 0.727976 2.290570
v -5.047451 0.727979 2.343184
v -5.067524 0.727975 2.339092
v -5.047420 0.727976 2.290570
v -4.994690 0.727974 2.290651
v -4.998889 0.727974 2.310671
v -5.047420 0.727976 2.290570
v -5.100052 0.727974 2.290716
v -5.095887 0.727974 2.270602
v -5.047420 0.727976 2.290570
v -4.998889 0.727974 2.310671
v -5.010193 0.727979 2.327758
v -5.047420 0.727976 2.290570
v -5.084619 0.727974 2.253427
v -5.067464 0.727974 2.242153
v -5.047420 0.727976 2.290570
v -5.047363 0.727974 2.238000
v -5.027260 0.727974 2.242183
v -5.047420 0.727976 2.290570
v -5.084653 0.727974 2.327903
v -5.095902 0.727972 2.310796
v -5.047420 0.727976 2.290570
v -5.027360 0.727979 2.339000
v -5.047451 0.727979 2.343184
v -5.047420 0.727976 2.290570
v -5.010193 0.727979 2.327758
v -5.027360 0.727979 2.339000
v -5.047420 0.727976 2.290570
v -4.998836 0.727972 2.270601
v -4.994690 0.727974 2.290651
v -5.047420 0.727976 2.290570
v -5.027260 0.727974 2.242183
v -5.010101 0.727974 2.253465
v -5.047420 0.727976 2.290570
v -5.095902 0.727972 2.310796
v -5.100052 0.727974 2.290716
v -5.047420 0.727976 2.290570
v -5.067464 0.727974 2.242153
v -5.047363 0.727974 2.238000
v -5.047420 0.727976 2.290570
v -5.067524 0.727975 2.339092
v -5.084653 0.727974 2.327903
v -5.047420 0.727976 2.290570
v -5.095887 0.727974 2.270602
v -5.084619 0.727974 2.253427
v -5.047420 0.727976 2.290570
v -5.098679 0.713248 2.121558
v -5.096575 0.698589 2.123943
v -5.112939 0.713350 2.132334
v -5.111683 0.698692 2.135368
v -5.112939 0.713350 2.132334
v -5.111683 0.698692 2.135368
v -5.130646 0.713248 2.134794
v -5.130449 0.698589 2.137969
v -5.192367 0.713242 2.108794
v -5.194760 0.698584 2.110854
v -5.202873 0.713344 2.095287
v -5.205896 0.698685 2.096544
v -5.202873 0.713344 2.095287
v -5.205896 0.698685 2.096544
v -5.205006 0.713240 2.078275
v -5.208153 0.698582 2.078515
v -5.179828 0.713237 2.016061
v -5.181927 0.698578 2.013687
v -5.165570 0.713341 2.005238
v -5.166821 0.698682 2.002218
v -5.165570 0.713341 2.005238
v -5.166821 0.698682 2.002218
v -5.147836 0.713237 2.002814
v -5.148031 0.698578 1.999651
v -5.072516 0.698685 2.041305
v -5.075541 0.713344 2.042555
v -5.083668 0.698582 2.026963
v -5.086063 0.713240 2.029018
v -5.075541 0.713344 2.042555
v -5.072516 0.698685 2.041305
v -5.073415 0.713242 2.059534
v -5.070267 0.698583 2.059298
v -5.099376 0.713301 2.108625
v -5.098679 0.713248 2.121558
v -5.117769 0.713301 2.120670
v -5.112939 0.713350 2.132334
v -5.096455 0.698642 2.111552
v -5.096575 0.698589 2.123943
v -5.099376 0.713301 2.108625
v -5.098679 0.713248 2.121558
v -5.117769 0.713301 2.120670
v -5.112939 0.713350 2.132334
v -5.139294 0.713301 2.125154
v -5.130646 0.713248 2.134794
v -5.139294 0.713301 2.125154
v -5.130646 0.713248 2.134794
v -5.139292 0.698642 2.129291
v -5.130449 0.698589 2.137969
v -5.179155 0.713295 2.108782
v -5.192367 0.713242 2.108794
v -5.191207 0.713293 2.090452
v -5.202873 0.713344 2.095287
v -5.182072 0.698636 2.111705
v -5.194760 0.698584 2.110854
v -5.179155 0.713295 2.108782
v -5.192367 0.713242 2.108794
v -5.191207 0.713293 2.090452
v -5.202873 0.713344 2.095287
v -5.195654 0.713295 2.068938
v -5.205006 0.713240 2.078275
v -5.195654 0.713295 2.068938
v -5.205006 0.713240 2.078275
v -5.199780 0.698636 2.068940
v -5.208153 0.698582 2.078515
v -5.179118 0.713295 2.028986
v -5.179828 0.713237 2.016061
v -5.160738 0.713295 2.016906
v -5.165570 0.713341 2.005238
v -5.182036 0.698636 2.026070
v -5.181927 0.698578 2.013687
v -5.179118 0.713295 2.028986
v -5.179828 0.713237 2.016061
v -5.160738 0.713295 2.016906
v -5.165570 0.713341 2.005238
v -5.139201 0.713295 2.012457
v -5.147836 0.713237 2.002814
v -5.139201 0.713295 2.012457
v -5.147836 0.713237 2.002814
v -5.139200 0.698636 2.008332
v -5.148031 0.698578 1.999651
v -5.096357 0.698636 2.026111
v -5.083668 0.698582 2.026963
v -5.099277 0.713295 2.029027
v -5.086063 0.713240 2.029018
v -5.099277 0.713295 2.029027
v -5.086063 0.713240 2.029018
v -5.087209 0.713293 2.047386
v -5.075541 0.713344 2.042555
v -5.087209 0.713293 2.047386
v -5.075541 0.713344 2.042555
v -5.082767 0.713295 2.068868
v -5.073415 0.713242 2.059534
v -5.082767 0.713295 2.068868
v -5.073415 0.713242 2.059534
v -5.078638 0.698636 2.068873
v -5.070267 0.698583 2.059298
v -5.090732 0.727974 2.088883
v -5.083463 0.698636 2.091899
v -5.102036 0.727979 2.105970
v -5.096455 0.698642 2.111552
v -5.119203 0.727979 2.117212
v -5.116192 0.698642 2.124481
v -5.139293 0.727979 2.121397
v -5.139292 0.698642 2.129291
v -5.159366 0.727975 2.117305
v -5.162375 0.698638 2.124577
v -5.159366 0.727975 2.117305
v -5.162375 0.698638 2.124577
v -5.176496 0.727974 2.106116
v -5.182072 0.698636 2.111705
v -5.187744 0.727972 2.089009
v -5.195007 0.698635 2.092032
v -5.191895 0.727974 2.068928
v -5.199780 0.698636 2.068940
v -5.191895 0.727974 2.068928
v -5.199780 0.698636 2.068940
v -5.187729 0.727974 2.048814
v -5.194991 0.698636 2.045816
v -5.187729 0.727974 2.048814
v -5.194991 0.698636 2.045816
v -5.176461 0.727974 2.031640
v -5.182036 0.698636 2.026070
v -5.159307 0.727974 2.020365
v -5.162310 0.698636 2.013108
v -5.139205 0.727974 2.016212
v -5.139200 0.698636 2.008332
v -5.119102 0.727974 2.020396
v -5.116086 0.698636 2.013141
v -5.119102 0.727974 2.020396
v -5.116086 0.698636 2.013141
v -5.101943 0.727974 2.031678
v -5.096357 0.698636 2.026111
v -5.083405 0.698635 2.045815
v -5.090678 0.727972 2.048813
v -5.086533 0.727974 2.068863
v -5.078638 0.698636 2.068873
v -5.090732 0.727974 2.088883
v -5.083463 0.698636 2.091899
v -5.101943 0.727974 2.031678
v -5.090678 0.727972 2.048813
v -5.139263 0.727976 2.068783
v -5.139293 0.727979 2.121397
v -5.159366 0.727975 2.117305
v -5.139263 0.727976 2.068783
v -5.086533 0.727974 2.068863
v -5.090732 0.727974 2.088883
v -5.139263 0.727976 2.068783
v -5.191895 0.727974 2.068928
v -5.187729 0.727974 2.048814
v -5.139263 0.727976 2.068783
v -5.090732 0.727974 2.088883
v -5.102036 0.727979 2.105970
v -5.139263 0.727976 2.068783
v -5.176461 0.727974 2.031640
v -5.159307 0.727974 2.020365
v -5.139263 0.727976 2.068783
v -5.139205 0.727974 2.016212
v -5.119102 0.727974 2.020396
v -5.139263 0.727976 2.068783
v -5.176496 0.727974 2.106116
v -5.187744 0.727972 2.089009
v -5.139263 0.727976 2.068783
v -5.119203 0.727979 2.117212
v -5.139293 0.727979 2.121397
v -5.139263 0.727976 2.068783
v -5.102036 0.727979 2.105970
v -5.119203 0.727979 2.117212
v -5.139263 0.727976 2.068783
v -5.090678 0.727972 2.048813
v -5.086533 0.727974 2.068863
v -5.139263 0.727976 2.068783
v -5.119102 0.727974 2.020396
v -5.101943 0.727974 2.031678
v -5.139263 0.727976 2.068783
v -5.187744 0.727972 2.089009
v -5.191895 0.727974 2.068928
v -5.139263 0.727976 2.068783
v -5.159307 0.727974 2.020365
v -5.139205 0.727974 2.016212
v -5.139263 0.727976 2.068783
v -5.159366 0.727975 2.117305
v -5.176496 0.727974 2.106116
v -5.139263 0.727976 2.068783
v -5.187729 0.727974 2.048814
v -5.176461 0.727974 2.031640
v -5.139263 0.727976 2.068783
v -5.262576 0.354447 -0.579789
v -5.277235 0.355844 -0.576932
v -5.262474 0.369861 -0.588838
v -5.277132 0.372182 -0.586516
v -5.262474 0.369861 -0.588838
v -5.277132 0.372182 -0.586516
v -5.262576 0.378911 -0.604255
v -5.277235 0.381768 -0.602857
v -5.262581 0.378516 -0.671227
v -5.277240 0.381335 -0.672649
v -5.262479 0.370060 -0.686103
v -5.277138 0.372378 -0.688415
v -5.262479 0.370060 -0.686103
v -5.277138 0.372378 -0.688415
v -5.262584 0.355159 -0.694585
v -5.277242 0.356585 -0.697401
v -5.262587 0.288046 -0.695139
v -5.277246 0.286657 -0.697987
v -5.262483 0.272590 -0.686109
v -5.277141 0.270278 -0.688421
v -5.262483 0.272590 -0.686109
v -5.277141 0.270278 -0.688421
v -5.262587 0.263562 -0.670655
v -5.277246 0.260715 -0.672045
v -5.277138 0.270291 -0.586337
v -5.262479 0.272604 -0.588653
v -5.277242 0.261311 -0.602130
v -5.262584 0.264126 -0.603556
v -5.262479 0.272604 -0.588653
v -5.277138 0.270291 -0.586337
v -5.262582 0.287476 -0.580190
v -5.277240 0.286053 -0.577371
v -5.262523 0.342766 -0.585383
v -5.262576 0.354447 -0.579789
v -5.262523 0.360934 -0.597765
v -5.262474 0.369861 -0.588838
v -5.277181 0.344352 -0.581564
v -5.277235 0.355844 -0.576932
v -5.262523 0.342766 -0.585383
v -5.262576 0.354447 -0.579789
v -5.262523 0.360934 -0.597765
v -5.262474 0.369861 -0.588838
v -5.262523 0.373315 -0.615935
v -5.262576 0.378911 -0.604255
v -5.262523 0.373315 -0.615935
v -5.262576 0.378911 -0.604255
v -5.277181 0.377137 -0.614350
v -5.277235 0.381768 -0.602857
v -5.262529 0.373447 -0.659026
v -5.262581 0.378516 -0.671227
v -5.262530 0.361127 -0.677176
v -5.262479 0.370060 -0.686103
v -5.277187 0.377265 -0.660602
v -5.277240 0.381335 -0.672649
v -5.262529 0.373447 -0.659026
v -5.262581 0.378516 -0.671227
v -5.262530 0.361127 -0.677176
v -5.262479 0.370060 -0.686103
v -5.262529 0.342953 -0.689520
v -5.262584 0.355159 -0.694585
v -5.262529 0.342953 -0.689520
v -5.262584 0.355159 -0.694585
v -5.277187 0.344535 -0.693331
v -5.277242 0.356585 -0.697401
v -5.262529 0.299715 -0.689535
v -5.262587 0.288046 -0.695139
v -5.262529 0.281519 -0.677179
v -5.262483 0.272590 -0.686109
v -5.277187 0.298138 -0.693348
v -5.277246 0.286657 -0.697987
v -5.262529 0.299715 -0.689535
v -5.262587 0.288046 -0.695139
v -5.262529 0.281519 -0.677179
v -5.262483 0.272590 -0.686109
v -5.262529 0.269165 -0.658986
v -5.262587 0.263562 -0.670655
v -5.262529 0.269165 -0.658986
v -5.262587 0.263562 -0.670655
v -5.277187 0.265354 -0.660564
v -5.277246 0.260715 -0.672045
v -5.277187 0.265380 -0.614178
v -5.277242 0.261311 -0.602130
v -5.262529 0.269192 -0.615759
v -5.262584 0.264126 -0.603556
v -5.262529 0.269192 -0.615759
v -5.262584 0.264126 -0.603556
v -5.262530 0.281533 -0.597583
v -5.262479 0.272604 -0.588653
v -5.262530 0.281533 -0.597583
v -5.262479 0.272604 -0.588653
v -5.262529 0.299679 -0.585257
v -5.262582 0.287476 -0.580190
v -5.262529 0.299679 -0.585257
v -5.262582 0.287476 -0.580190
v -5.277187 0.298103 -0.581440
v -5.277240 0.286053 -0.577371
v -5.247850 0.321218 -0.584954
v -5.277187 0.321223 -0.577084
v -5.247844 0.341331 -0.588856
v -5.277181 0.344352 -0.581564
v -5.247844 0.358288 -0.600413
v -5.277181 0.363851 -0.594849
v -5.247844 0.369843 -0.617371
v -5.277181 0.377137 -0.614350
v -5.247849 0.373746 -0.637483
v -5.277186 0.381618 -0.637479
v -5.247849 0.373746 -0.637483
v -5.277186 0.381618 -0.637479
v -5.247850 0.369967 -0.657590
v -5.277187 0.377265 -0.660602
v -5.247851 0.358468 -0.674530
v -5.277189 0.364042 -0.680083
v -5.247850 0.341505 -0.686051
v -5.277187 0.344535 -0.693331
v -5.247850 0.341505 -0.686051
v -5.277187 0.344535 -0.693331
v -5.247850 0.321330 -0.689902
v -5.277187 0.321339 -0.697757
v -5.247850 0.321330 -0.689902
v -5.277187 0.321339 -0.697757
v -5.247850 0.301149 -0.686065
v -5.277187 0.298138 -0.693348
v -5.247850 0.284167 -0.674533
v -5.277187 0.278612 -0.680085
v -5.247850 0.272636 -0.657552
v -5.277187 0.265354 -0.660564
v -5.247850 0.268806 -0.637379
v -5.277187 0.260950 -0.637368
v -5.247850 0.268806 -0.637379
v -5.277187 0.260950 -0.637368
v -5.247850 0.272662 -0.617208
v -5.277187 0.265380 -0.614178
v -5.277189 0.278626 -0.594670
v -5.247851 0.284180 -0.600242
v -5.247850 0.301116 -0.588738
v -5.277187 0.298103 -0.581440
v -5.247850 0.321218 -0.584954
v -5.277187 0.321223 -0.577084
v -5.247850 0.272662 -0.617208
v -5.247851 0.284180 -0.600242
v -5.247848 0.321226 -0.637483
v -5.247844 0.369843 -0.617371
v -5.247849 0.373746 -0.637483
v -5.247848 0.321226 -0.637483
v -5.247850 0.301116 -0.588738
v -5.247850 0.321218 -0.584954
v -5.247848 0.321226 -0.637483
v -5.247850 0.341505 -0.686051
v -5.247850 0.321330 -0.689902
v -5.247848 0.321226 -0.637483
v -5.247850 0.321218 -0.584954
v -5.247844 0.341331 -0.588856
v -5.247848 0.321226 -0.637483
v -5.247850 0.301149 -0.686065
v -5.247850 0.284167 -0.674533
v -5.247848 0.321226 -0.637483
v -5.247850 0.272636 -0.657552
v -5.247850 0.268806 -0.637379
v -5.247848 0.321226 -0.637483
v -5.247850 0.369967 -0.657590
v -5.247851 0.358468 -0.674530
v -5.247848 0.321226 -0.637483
v -5.247844 0.358288 -0.600413
v -5.247844 0.369843 -0.617371
v -5.247848 0.321226 -0.637483
v -5.247844 0.341331 -0.588856
v -5.247844 0.358288 -0.600413
v -5.247848 0.321226 -0.637483
v -5.247851 0.284180 -0.600242
v -5.247850 0.301116 -0.588738
v -5.247848 0.321226 -0.637483
v -5.247850 0.268806 -0.637379
v -5.247850 0.272662 -0.617208
v -5.247848 0.321226 -0.637483
v -5.247851 0.358468 -0.674530
v -5.247850 0.341505 -0.686051
v -5.247848 0.321226 -0.637483
v -5.247850 0.284167 -0.674533
v -5.247850 0.272636 -0.657552
v -5.247848 0.321226 -0.637483
v -5.247849 0.373746 -0.637483
v -5.247850 0.369967 -0.657590
v -5.247848 0.321226 -0.637483
v -5.247850 0.321330 -0.689902
v -5.247850 0.301149 -0.686065
v -5.247848 0.321226 -0.637483
v -5.262576 0.354447 -0.756934
v -5.277235 0.355844 -0.754078
v -5.262474 0.369861 -0.765984
v -5.277132 0.372182 -0.763662
v -5.262474 0.369861 -0.765984
v -5.277132 0.372182 -0.763662
v -5.262576 0.378911 -0.781401
v -5.277235 0.381768 -0.780003
v -5.262581 0.378516 -0.848373
v -5.277240 0.381335 -0.849795
v -5.262479 0.370060 -0.863249
v -5.277138 0.372378 -0.865561
v -5.262479 0.370060 -0.863249
v -5.277138 0.372378 -0.865561
v -5.262584 0.355159 -0.871731
v -5.277242 0.356585 -0.874547
v -5.262587 0.288046 -0.872285
v -5.277246 0.286657 -0.875133
v -5.262483 0.272590 -0.863255
v -5.277141 0.270278 -0.865567
v -5.262483 0.272590 -0.863255
v -5.277141 0.270278 -0.865567
v -5.262587 0.263562 -0.847801
v -5.277246 0.260715 -0.849190
v -5.277138 0.270291 -0.763483
v -5.262479 0.272604 -0.765799
v -5.277242 0.261311 -0.779275
v -5.262584 0.264126 -0.780702
v -5.262479 0.272604 -0.765799
v -5.277138 0.270291 -0.763483
v -5.262582 0.287476 -0.757336
v -5.277240 0.286053 -0.754517
v -5.262523 0.342766 -0.762529
v -5.262576 0.354447 -0.756934
v -5.262523 0.360934 -0.774911
v -5.262474 0.369861 -0.765984
v -5.277181 0.344352 -0.758710
v -5.277235 0.355844 -0.754078
v -5.262523 0.342766 -0.762529
v -5.262576 0.354447 -0.756934
v -5.262523 0.360934 -0.774911
v -5.262474 0.369861 -0.765984
v -5.262523 0.373315 -0.793080
v -5.262576 0.378911 -0.781401
v -5.262523 0.373315 -0.793080
v -5.262576 0.378911 -0.781401
v -5.277181 0.377137 -0.791495
v -5.277235 0.381768 -0.780003
v -5.262529 0.373447 -0.836172
v -5.262581 0.378516 -0.848373
v -5.262530 0.361127 -0.854322
v -5.262479 0.370060 -0.863249
v -5.277187 0.377265 -0.837748
v -5.277240 0.381335 -0.849795
v -5.262529 0.373447 -0.836172
v -5.262581 0.378516 -0.848373
v -5.262530 0.361127 -0.854322
v -5.262479 0.370060 -0.863249
v -5.262529 0.342953 -0.866666
v -5.262584 0.355159 -0.871731
v -5.262529 0.342953 -0.866666
v -5.262584 0.355159 -0.871731
v -5.277187 0.344535 -0.870477
v -5.277242 0.356585 -0.874547
v -5.262529 0.299715 -0.866681
v -5.262587 0.288046 -0.872285
v -5.262529 0.281519 -0.854325
v -5.262483 0.272590 -0.863255
v -5.277187 0.298138 -0.870494
v -5.277246 0.286657 -0.875133
v -5.262529 0.299715 -0.866681
v -5.262587 0.288046 -0.872285
v -5.262529 0.281519 -0.854325
v -5.262483 0.272590 -0.863255
v -5.262529 0.269165 -0.836132
v -5.262587 0.263562 -0.847801
v -5.262529 0.269165 -0.836132
v -5.262587 0.263562 -0.847801
v -5.277187 0.265354 -0.837710
v -5.277246 0.260715 -0.849190
v -5.277187 0.265380 -0.791324
v -5.277242 0.261311 -0.779275
v -5.262529 0.269192 -0.792905
v -5.262584 0.264126 -0.780702
v -5.262529 0.269192 -0.792905
v -5.262584 0.264126 -0.780702
v -5.262530 0.281533 -0.774728
v -5.262479 0.272604 -0.765799
v -5.262530 0.281533 -0.774728
v -5.262479 0.272604 -0.765799
v -5.262529 0.299679 -0.762402
v -5.262582 0.287476 -0.757336
v -5.262529 0.299679 -0.762402
v -5.262582 0.287476 -0.757336
v -5.277187 0.298103 -0.758586
v -5.277240 0.286053 -0.754517
v -5.247850 0.321218 -0.762100
v -5.277187 0.321223 -0.754230
v -5.247844 0.341331 -0.766002
v -5.277181 0.344352 -0.758710
v -5.247844 0.358288 -0.777559
v -5.277181 0.363851 -0.771995
v -5.247844 0.369843 -0.794517
v -5.277181 0.377137 -0.791495
v -5.247849 0.373746 -0.814628
v -5.277186 0.381618 -0.814624
v -5.247849 0.373746 -0.814628
v -5.277186 0.381618 -0.814624
v -5.247850 0.369967 -0.834736
v -5.277187 0.377265 -0.837748
v -5.247851 0.358468 -0.851676
v -5.277189 0.364042 -0.857228
v -5.247850 0.341505 -0.863197
v -5.277187 0.344535 -0.870477
v -5.247850 0.341505 -0.863197
v -5.277187 0.344535 -0.870477
v -5.247850 0.321330 -0.867047
v -5.277187 0.321339 -0.874903
v -5.247850 0.321330 -0.867047
v -5.277187 0.321339 -0.874903
v -5.247850 0.301149 -0.863211
v -5.277187 0.298138 -0.870494
v -5.247850 0.284167 -0.851678
v -5.277187 0.278612 -0.857231
v -5.247850 0.272636 -0.834698
v -5.277187 0.265354 -0.837710
v -5.247850 0.268806 -0.814525
v -5.277187 0.260950 -0.814514
v -5.247850 0.268806 -0.814525
v -5.277187 0.260950 -0.814514
v -5.247850 0.272662 -0.794353
v -5.277187 0.265380 -0.791324
v -5.277189 0.278626 -0.771816
v -5.247851 0.284180 -0.777388
v -5.247850 0.301116 -0.765884
v -5.277187 0.298103 -0.758586
v -5.247850 0.321218 -0.762100
v -5.277187 0.321223 -0.754230
v -5.247850 0.272662 -0.794353
v -5.247851 0.284180 -0.777388
v -5.247848 0.321226 -0.814628
v -5.247844 0.369843 -0.794517
v -5.247849 0.373746 -0.814628
v -5.247848 0.321226 -0.814628
v -5.247850 0.301116 -0.765884
v -5.247850 0.321218 -0.762100
v -5.247848 0.321226 -0.814628
v -5.247850 0.341505 -0.863197
v -5.247850 0.321330 -0.867047
v -5.247848 0.321226 -0.814628
v -5.247850 0.321218 -0.762100
v -5.247844 0.341331 -0.766002
v -5.247848 0.321226 -0.814628
v -5.247850 0.301149 -0.863211
v -5.247850 0.284167 -0.851678
v -5.247848 0.321226 -0.814628
v -5.247850 0.272636 -0.834698
v -5.247850 0.268806 -0.814525
v -5.247848 0.321226 -0.814628
v -5.247850 0.369967 -0.834736
v -5.247851 0.358468 -0.851676
v -5.247848 0.321226 -0.814628
v -5.247844 0.358288 -0.777559
v -5.247844 0.369843 -0.794517
v -5.247848 0.321226 -0.814628
v -5.247844 0.341331 -0.766002
v -5.247844 0.358288 -0.777559
v -5.247848 0.321226 -0.814628
v -5.247851 0.284180 -0.777388
v -5.247850 0.301116 -0.765884
v -5.247848 0.321226 -0.814628
v -5.247850 0.268806 -0.814525
v -5.247850 0.272662 -0.794353
v -5.247848 0.321226 -0.814628
v -5.247851 0.358468 -0.851676
v -5.247850 0.341505 -0.863197
v -5.247848 0.321226 -0.814628
v -5.247850 0.284167 -0.851678
v -5.247850 0.272636 -0.834698
v -5.247848 0.321226 -0.814628
v -5.247849 0.373746 -0.814628
v -5.247850 0.369967 -0.834736
v -5.247848 0.321226 -0.814628
v -5.247850 0.321330 -0.867047
v -5.247850 0.301149 -0.863211
v -5.247848 0.321226 -0.814628
v -5.520512 0.922581 0.342030
v -5.526862 0.909295 0.344887
v -5.534952 0.927974 0.332981
v -5.542171 0.915006 0.335303
v -5.534952 0.927974 0.332981
v -5.542171 0.915006 0.335303
v -5.543487 0.930988 0.317564
v -5.551207 0.918204 0.318962
v -5.543117 0.930847 0.250592
v -5.550802 0.918050 0.249169
v -5.535141 0.928037 0.235716
v -5.542355 0.915068 0.233404
v -5.535141 0.928037 0.235716
v -5.542355 0.915068 0.233404
v -5.521183 0.922819 0.227234
v -5.527561 0.909543 0.224418
v -5.458159 0.899751 0.226680
v -5.461892 0.885508 0.223832
v -5.443609 0.894537 0.235710
v -5.446475 0.879977 0.233398
v -5.443609 0.894537 0.235710
v -5.446475 0.879977 0.233398
v -5.435166 0.891337 0.251164
v -5.437531 0.876593 0.249774
v -5.446486 0.879985 0.335482
v -5.443621 0.894545 0.333166
v -5.438089 0.876801 0.319689
v -5.435695 0.891534 0.318263
v -5.443621 0.894545 0.333166
v -5.446486 0.879985 0.335482
v -5.457622 0.899560 0.341629
v -5.461324 0.885306 0.344448
v -5.509525 0.918616 0.336436
v -5.520512 0.922581 0.342030
v -5.526586 0.924860 0.324054
v -5.534952 0.927974 0.332981
v -5.516051 0.905396 0.340255
v -5.526862 0.909295 0.344887
v -5.509525 0.918616 0.336436
v -5.520512 0.922581 0.342030
v -5.526586 0.924860 0.324054
v -5.534952 0.927974 0.332981
v -5.538214 0.929115 0.305884
v -5.543487 0.930988 0.317564
v -5.538214 0.929115 0.305884
v -5.543487 0.930988 0.317564
v -5.546839 0.916663 0.307469
v -5.551207 0.918204 0.318962
v -5.538339 0.929155 0.262793
v -5.543117 0.930847 0.250592
v -5.526771 0.924920 0.244642
v -5.535141 0.928037 0.235716
v -5.546962 0.916701 0.261217
v -5.550802 0.918050 0.249169
v -5.538339 0.929155 0.262793
v -5.543117 0.930847 0.250592
v -5.526771 0.924920 0.244642
v -5.535141 0.928037 0.235716
v -5.509703 0.918675 0.232299
v -5.521183 0.922819 0.227234
v -5.509703 0.918675 0.232299
v -5.521183 0.922819 0.227234
v -5.516226 0.905453 0.228488
v -5.527561 0.909543 0.224418
v -5.469098 0.903816 0.232284
v -5.458159 0.899751 0.226680
v -5.452011 0.897563 0.244640
v -5.443609 0.894537 0.235710
v -5.472654 0.889508 0.228471
v -5.461892 0.885508 0.223832
v -5.469098 0.903816 0.232284
v -5.458159 0.899751 0.226680
v -5.452011 0.897563 0.244640
v -5.443609 0.894537 0.235710
v -5.440408 0.893317 0.262833
v -5.435166 0.891337 0.251164
v -5.440408 0.893317 0.262833
v -5.435166 0.891337 0.251164
v -5.441867 0.878242 0.261255
v -5.437531 0.876593 0.249774
v -5.441892 0.878251 0.307641
v -5.438089 0.876801 0.319689
v -5.440433 0.893326 0.306059
v -5.435695 0.891534 0.318263
v -5.440433 0.893326 0.306059
v -5.435695 0.891534 0.318263
v -5.452024 0.897566 0.324236
v -5.443621 0.894545 0.333166
v -5.452024 0.897566 0.324236
v -5.443621 0.894545 0.333166
v -5.469064 0.903803 0.336562
v -5.457622 0.899560 0.341629
v -5.469064 0.903803 0.336562
v -5.457622 0.899560 0.341629
v -5.472621 0.889496 0.340379
v -5.461324 0.885306 0.344448
v -5.484247 0.924990 0.336865
v -5.494333 0.897442 0.344735
v -5.503132 0.931908 0.332963
v -5.516051 0.905396 0.340255
v -5.519056 0.937735 0.321406
v -5.534362 0.912097 0.326970
v -5.529909 0.941707 0.304448
v -5.546839 0.916663 0.307469
v -5.533576 0.943044 0.284336
v -5.551049 0.918198 0.284340
v -5.533576 0.943044 0.284336
v -5.551049 0.918198 0.284340
v -5.530026 0.941743 0.264229
v -5.546962 0.916701 0.261217
v -5.519228 0.937790 0.247289
v -5.534544 0.912155 0.241736
v -5.503299 0.931962 0.235768
v -5.516226 0.905453 0.228488
v -5.503299 0.931962 0.235768
v -5.516226 0.905453 0.228488
v -5.484351 0.925029 0.231917
v -5.494442 0.897482 0.224062
v -5.484351 0.925029 0.231917
v -5.494442 0.897482 0.224062
v -5.465400 0.918094 0.235754
v -5.472654 0.889508 0.228471
v -5.449453 0.912258 0.247286
v -5.454318 0.882798 0.241733
v -5.438623 0.908295 0.264267
v -5.441867 0.878242 0.261255
v -5.435027 0.906979 0.284440
v -5.437731 0.876728 0.284450
v -5.435027 0.906979 0.284440
v -5.437731 0.876728 0.284450
v -5.438647 0.908303 0.304611
v -5.441892 0.878251 0.307641
v -5.454331 0.882801 0.327149
v -5.449464 0.912260 0.321577
v -5.465369 0.918082 0.333081
v -5.472621 0.889496 0.340379
v -5.484247 0.924990 0.336865
v -5.494333 0.897442 0.344735
v -5.438647 0.908303 0.304611
v -5.449464 0.912260 0.321577
v -5.484252 0.924995 0.284336
v -5.529909 0.941707 0.304448
v -5.533576 0.943044 0.284336
v -5.484252 0.924995 0.284336
v -5.465369 0.918082 0.333081
v -5.484247 0.924990 0.336865
v -5.484252 0.924995 0.284336
v -5.503299 0.931962 0.235768
v -5.484351 0.925029 0.231917
v -5.484252 0.924995 0.284336
v -5.484247 0.924990 0.336865
v -5.503132 0.931908 0.332963
v -5.484252 0.924995 0.284336
v -5.465400 0.918094 0.235754
v -5.449453 0.912258 0.247286
v -5.484252 0.924995 0.284336
v -5.438623 0.908295 0.264267
v -5.435027 0.906979 0.284440
v -5.484252 0.924995 0.284336
v -5.530026 0.941743 0.264229
v -5.519228 0.937790 0.247289
v -5.484252 0.924995 0.284336
v -5.519056 0.937735 0.321406
v -5.529909 0.941707 0.304448
v -5.484252 0.924995 0.284336
v -5.503132 0.931908 0.332963
v -5.519056 0.937735 0.321406
v -5.484252 0.924995 0.284336
v -5.449464 0.912260 0.321577
v -5.465369 0.918082 0.333081
v -5.484252 0.924995 0.284336
v -5.435027 0.906979 0.284440
v -5.438647 0.908303 0.304611
v -5.484252 0.924995 0.284336
v -5.519228 0.937790 0.247289
v -5.503299 0.931962 0.235768
v -5.484252 0.924995 0.284336
v -5.449453 0.912258 0.247286
v -5.438623 0.908295 0.264267
v -5.484252 0.924995 0.284336
v -5.533576 0.943044 0.284336
v -5.530026 0.941743 0.264229
v -5.484252 0.924995 0.284336
v -5.484351 0.925029 0.231917
v -5.465400 0.918094 0.235754
v -5.484252 0.924995 0.284336
v -5.473073 0.905221 0.575005
v -5.477142 0.891101 0.578013
v -5.489282 0.911262 0.579506
v -5.494320 0.897496 0.582789
v -5.489282 0.911262 0.579506
v -5.494320 0.897496 0.582789
v -5.505565 0.917111 0.575003
v -5.511571 0.903700 0.578012
v -5.549777 0.933285 0.527368
v -5.557631 0.920550 0.528356
v -5.554004 0.934940 0.510869
v -5.562116 0.922299 0.510874
v -5.554004 0.934940 0.510869
v -5.562116 0.922299 0.510874
v -5.549778 0.933283 0.494335
v -5.557632 0.920548 0.493353
v -5.505581 0.917105 0.446487
v -5.511587 0.903694 0.443491
v -5.489286 0.911253 0.441943
v -5.494323 0.897487 0.438674
v -5.489286 0.911253 0.441943
v -5.494323 0.897487 0.438674
v -5.473064 0.905206 0.446488
v -5.477134 0.891086 0.443491
v -5.426543 0.872687 0.510867
v -5.424580 0.887577 0.510865
v -5.431102 0.874245 0.493350
v -5.428881 0.889041 0.494333
v -5.424580 0.887577 0.510865
v -5.426543 0.872687 0.510867
v -5.428870 0.889039 0.527365
v -5.431091 0.874243 0.528353
v -5.469013 0.903792 0.562789
v -5.473073 0.905221 0.575005
v -5.489299 0.911215 0.566881
v -5.489282 0.911262 0.579506
v -5.472568 0.889483 0.566611
v -5.477142 0.891101 0.578013
v -5.469013 0.903792 0.562789
v -5.473073 0.905221 0.575005
v -5.489299 0.911215 0.566881
v -5.489282 0.911262 0.579506
v -5.509587 0.918639 0.562788
v -5.505565 0.917111 0.575003
v -5.509587 0.918639 0.562788
v -5.505565 0.917111 0.575003
v -5.516109 0.905417 0.566611
v -5.511571 0.903700 0.578012
v -5.538291 0.929137 0.532411
v -5.549777 0.933285 0.527368
v -5.542163 0.930553 0.510865
v -5.554004 0.934940 0.510869
v -5.546910 0.916682 0.533996
v -5.557631 0.920550 0.528356
v -5.538291 0.929137 0.532411
v -5.549777 0.933285 0.527368
v -5.542163 0.930553 0.510865
v -5.554004 0.934940 0.510869
v -5.538291 0.929137 0.489286
v -5.549778 0.933283 0.494335
v -5.538291 0.929137 0.489286
v -5.549778 0.933283 0.494335
v -5.546910 0.916682 0.487710
v -5.557632 0.920548 0.493353
v -5.509589 0.918634 0.458701
v -5.505581 0.917105 0.446487
v -5.489301 0.911210 0.454572
v -5.489286 0.911253 0.441943
v -5.516111 0.905411 0.454890
v -5.511587 0.903694 0.443491
v -5.509589 0.918634 0.458701
v -5.505581 0.917105 0.446487
v -5.489301 0.911210 0.454572
v -5.489286 0.911253 0.441943
v -5.469017 0.903786 0.458701
v -5.473064 0.905206 0.446488
v -5.469017 0.903786 0.458701
v -5.473064 0.905206 0.446488
v -5.472572 0.889478 0.454890
v -5.477134 0.891086 0.443491
v -5.441787 0.878213 0.487708
v -5.431102 0.874245 0.493350
v -5.440330 0.893289 0.489285
v -5.428881 0.889041 0.494333
v -5.440330 0.893289 0.489285
v -5.428881 0.889041 0.494333
v -5.436456 0.891870 0.510865
v -5.424580 0.887577 0.510865
v -5.436456 0.891870 0.510865
v -5.424580 0.887577 0.510865
v -5.440320 0.893285 0.532412
v -5.428870 0.889039 0.527365
v -5.440320 0.893285 0.532412
v -5.428870 0.889039 0.527365
v -5.441777 0.878209 0.533996
v -5.431091 0.874243 0.528353
v -5.449377 0.912230 0.547856
v -5.454237 0.882769 0.553424
v -5.465322 0.918072 0.559319
v -5.472568 0.889483 0.566611
v -5.484256 0.925001 0.563137
v -5.494338 0.897450 0.571005
v -5.503191 0.931930 0.559317
v -5.516109 0.905417 0.566611
v -5.519139 0.937761 0.547856
v -5.534445 0.912122 0.553424
v -5.519139 0.937761 0.547856
v -5.534445 0.912122 0.553424
v -5.529981 0.941727 0.530965
v -5.546910 0.916682 0.533996
v -5.533595 0.943048 0.510856
v -5.551065 0.918201 0.510871
v -5.529981 0.941727 0.490715
v -5.546910 0.916682 0.487710
v -5.529981 0.941727 0.490715
v -5.546910 0.916682 0.487710
v -5.519140 0.937760 0.473725
v -5.534446 0.912121 0.468177
v -5.519140 0.937760 0.473725
v -5.534446 0.912121 0.468177
v -5.503192 0.931924 0.462169
v -5.516111 0.905411 0.454890
v -5.484258 0.924995 0.458316
v -5.494339 0.897444 0.450461
v -5.465325 0.918067 0.462169
v -5.472572 0.889478 0.454890
v -5.449386 0.912234 0.473725
v -5.454244 0.882771 0.468177
v -5.449386 0.912234 0.473725
v -5.454244 0.882771 0.468177
v -5.438551 0.908268 0.490714
v -5.441787 0.878213 0.487708
v -5.437629 0.876689 0.510869
v -5.434934 0.906944 0.510856
v -5.438541 0.908265 0.530966
v -5.441777 0.878209 0.533996
v -5.449377 0.912230 0.547856
v -5.454237 0.882769 0.553424
v -5.438551 0.908268 0.490714
v -5.434934 0.906944 0.510856
v -5.484262 0.924999 0.510718
v -5.503191 0.931930 0.559317
v -5.519139 0.937761 0.547856
v -5.484262 0.924999 0.510718
v -5.438541 0.908265 0.530966
v -5.449377 0.912230 0.547856
v -5.484262 0.924999 0.510718
v -5.529981 0.941727 0.490715
v -5.519140 0.937760 0.473725
v -5.484262 0.924999 0.510718
v -5.449377 0.912230 0.547856
v -5.465322 0.918072 0.559319
v -5.484262 0.924999 0.510718
v -5.503192 0.931924 0.462169
v -5.484258 0.924995 0.458316
v -5.484262 0.924999 0.510718
v -5.465325 0.918067 0.462169
v -5.449386 0.912234 0.473725
v -5.484262 0.924999 0.510718
v -5.529981 0.941727 0.530965
v -5.533595 0.943048 0.510856
v -5.484262 0.924999 0.510718
v -5.484256 0.925001 0.563137
v -5.503191 0.931930 0.559317
v -5.484262 0.924999 0.510718
v -5.465322 0.918072 0.559319
v -5.484256 0.925001 0.563137
v -5.484262 0.924999 0.510718
v -5.434934 0.906944 0.510856
v -5.438541 0.908265 0.530966
v -5.484262 0.924999 0.510718
v -5.449386 0.912234 0.473725
v -5.438551 0.908268 0.490714
v -5.484262 0.924999 0.510718
v -5.533595 0.943048 0.510856
v -5.529981 0.941727 0.490715
v -5.484262 0.924999 0.510718
v -5.484258 0.924995 0.458316
v -5.465325 0.918067 0.462169
v -5.484262 0.924999 0.510718
v -5.519139 0.937761 0.547856
v -5.529981 0.941727 0.530965
v -5.484262 0.924999 0.510718
v -5.519140 0.937760 0.473725
v -5.503192 0.931924 0.462169
v -5.484262 0.924999 0.510718
v -5.473073 0.905221 0.795061
v -5.477142 0.891101 0.798069
v -5.489282 0.911262 0.799561
v -5.494320 0.897496 0.802844
v -5.489282 0.911262 0.799561
v -5.494320 0.897496 0.802844
v -5.505565 0.917111 0.795059
v -5.511571 0.903700 0.798068
v -5.549777 0.933285 0.747423
v -5.557631 0.920550 0.748411
v -5.554004 0.934940 0.730925
v -5.562116 0.922299 0.730929
v -5.554004 0.934940 0.730925
v -5.562116 0.922299 0.730929
v -5.549778 0.933283 0.714391
v -5.557632 0.920548 0.713408
v -5.505581 0.917105 0.666543
v -5.511587 0.903694 0.663547
v -5.489286 0.911253 0.661999
v -5.494323 0.897487 0.658729
v -5.489286 0.911253 0.661999
v -5.494323 0.897487 0.658729
v -5.473064 0.905206 0.666543
v -5.477134 0.891086 0.663547
v -5.426543 0.872687 0.730923
v -5.424580 0.887577 0.730921
v -5.431102 0.874245 0.713406
v -5.428881 0.889041 0.714388
v -5.424580 0.887577 0.730921
v -5.426543 0.872687 0.730923
v -5.428870 0.889039 0.747421
v -5.431091 0.874243 0.748408
v -5.469013 0.903792 0.782845
v -5.473073 0.905221 0.795061
v -5.489299 0.911215 0.786937
v -5.489282 0.911262 0.799561
v -5.472568 0.889483 0.786667
v -5.477142 0.891101 0.798069
v -5.469013 0.903792 0.782845
v -5.473073 0.905221 0.795061
v -5.489299 0.911215 0.786937
v -5.489282 0.911262 0.799561
v -5.509587 0.918639 0.782844
v -5.505565 0.917111 0.795059
v -5.509587 0.918639 0.782844
v -5.505565 0.917111 0.795059
v -5.516109 0.905417 0.786667
v -5.511571 0.903700 0.798068
v -5.538291 0.929137 0.752467
v -5.549777 0.933285 0.747423
v -5.542163 0.930553 0.730921
v -5.554004 0.934940 0.730925
v -5.546910 0.916682 0.754052
v -5.557631 0.920550 0.748411
v -5.538291 0.929137 0.752467
v -5.549777 0.933285 0.747423
v -5.542163 0.930553 0.730921
v -5.554004 0.934940 0.730925
v -5.538291 0.929137 0.709342
v -5.549778 0.933283 0.714391
v -5.538291 0.929137 0.709342
v -5.549778 0.933283 0.714391
v -5.546910 0.916682 0.707766
v -5.557632 0.920548 0.713408
v -5.509589 0.918634 0.678757
v -5.505581 0.917105 0.666543
v -5.489301 0.911210 0.674628
v -5.489286 0.911253 0.661999
v -5.516111 0.905411 0.674946
v -5.511587 0.903694 0.663547
v -5.509589 0.918634 0.678757
v -5.505581 0.917105 0.666543
v -5.489301 0.911210 0.674628
v -5.489286 0.911253 0.661999
v -5.469017 0.903786 0.678757
v -5.473064 0.905206 0.666543
v -5.469017 0.903786 0.678757
v -5.473064 0.905206 0.666543
v -5.472572 0.889478 0.674946
v -5.477134 0.891086 0.663547
v -5.441787 0.878213 0.707764
v -5.431102 0.874245 0.713406
v -5.440330 0.893289 0.709341
v -5.428881 0.889041 0.714388
v -5.440330 0.893289 0.709341
v -5.428881 0.889041 0.714388
v -5.436456 0.891870 0.730921
v -5.424580 0.887577 0.730921
v -5.436456 0.891870 0.730921
v -5.424580 0.887577 0.730921
v -5.440320 0.893285 0.752468
v -5.428870 0.889039 0.747421
v -5.440320 0.893285 0.752468
v -5.428870 0.889039 0.747421
v -5.441777 0.878209 0.754052
v -5.431091 0.874243 0.748408
v -5.449377 0.912230 0.767912
v -5.454237 0.882769 0.773480
v -5.465322 0.918072 0.779374
v -5.472568 0.889483 0.786667
v -5.484256 0.925001 0.783193
v -5.494338 0.897450 0.791061
v -5.503191 0.931930 0.779373
v -5.516109 0.905417 0.786667
v -5.519139 0.937761 0.767912
v -5.534445 0.912122 0.773480
v -5.519139 0.937761 0.767912
v -5.534445 0.912122 0.773480
v -5.529981 0.941727 0.751021
v -5.546910 0.916682 0.754052
v -5.533595 0.943048 0.730912
v -5.551065 0.918201 0.730926
v -5.529981 0.941727 0.710771
v -5.546910 0.916682 0.707766
v -5.529981 0.941727 0.710771
v -5.546910 0.916682 0.707766
v -5.519140 0.937760 0.693781
v -5.534446 0.912121 0.688233
v -5.519140 0.937760 0.693781
v -5.534446 0.912121 0.688233
v -5.503192 0.931924 0.682225
v -5.516111 0.905411 0.674946
v -5.484258 0.924995 0.678372
v -5.494339 0.897444 0.670517
v -5.465325 0.918067 0.682225
v -5.472572 0.889478 0.674946
v -5.449386 0.912234 0.693781
v -5.454244 0.882771 0.688233
v -5.449386 0.912234 0.693781
v -5.454244 0.882771 0.688233
v -5.438551 0.908268 0.710770
v -5.441787 0.878213 0.707764
v -5.437629 0.876689 0.730925
v -5.434934 0.906944 0.730911
v -5.438541 0.908265 0.751022
v -5.441777 0.878209 0.754052
v -5.449377 0.912230 0.767912
v -5.454237 0.882769 0.773480
v -5.438551 0.908268 0.710770
v -5.434934 0.906944 0.730911
v -5.484262 0.924999 0.730774
v -5.503191 0.931930 0.779373
v -5.519139 0.937761 0.767912
v -5.484262 0.924999 0.730774
v -5.438541 0.908265 0.751022
v -5.449377 0.912230 0.767912
v -5.484262 0.924999 0.730774
v -5.529981 0.941727 0.710771
v -5.519140 0.937760 0.693781
v -5.484262 0.924999 0.730774
v -5.449377 0.912230 0.767912
v -5.465322 0.918072 0.779374
v -5.484262 0.924999 0.730774
v -5.503192 0.931924 0.682225
v -5.484258 0.924995 0.678372
v -5.484262 0.924999 0.730774
v -5.465325 0.918067 0.682225
v -5.449386 0.912234 0.693781
v -5.484262 0.924999 0.730774
v -5.529981 0.941727 0.751021
v -5.533595 0.943048 0.730912
v -5.484262 0.924999 0.730774
v -5.484256 0.925001 0.783193
v -5.503191 0.931930 0.779373
v -5.484262 0.924999 0.730774
v -5.465322 0.918072 0.779374
v -5.484256 0.925001 0.783193
v -5.484262 0.924999 0.730774
v -5.434934 0.906944 0.730911
v -5.438541 0.908265 0.751022
v -5.484262 0.924999 0.730774
v -5.449386 0.912234 0.693781
v -5.438551 0.908268 0.710770
v -5.484262 0.924999 0.730774
v -5.533595 0.943048 0.730912
v -5.529981 0.941727 0.710771
v -5.484262 0.924999 0.730774
v -5.484258 0.924995 0.678372
v -5.465325 0.918067 0.682225
v -5.484262 0.924999 0.730774
v -5.519139 0.937761 0.767912
v -5.529981 0.941727 0.751021
v -5.484262 0.924999 0.730774
v -5.519140 0.937760 0.693781
v -5.503192 0.931924 0.682225
v -5.484262 0.924999 0.730774
v -5.520512 0.922581 1.024546
v -5.526862 0.909296 1.027402
v -5.534952 0.927974 1.015496
v -5.542171 0.915006 1.017818
v -5.534952 0.927974 1.015496
v -5.542171 0.915006 1.017818
v -5.543487 0.930988 1.000080
v -5.551207 0.918204 1.001477
v -5.543117 0.930848 0.933107
v -5.550802 0.918051 0.931685
v -5.535141 0.928037 0.918231
v -5.542355 0.915068 0.915920
v -5.535141 0.928037 0.918231
v -5.542355 0.915068 0.915920
v -5.521183 0.922819 0.909749
v -5.527561 0.909543 0.906934
v -5.458159 0.899751 0.909195
v -5.461892 0.885508 0.906348
v -5.443609 0.894537 0.918225
v -5.446475 0.879977 0.915913
v -5.443609 0.894537 0.918225
v -5.446475 0.879977 0.915913
v -5.435166 0.891337 0.933680
v -5.437531 0.876593 0.932290
v -5.446486 0.879985 1.017997
v -5.443621 0.894545 1.015681
v -5.438089 0.876801 1.002205
v -5.435695 0.891534 1.000779
v -5.443621 0.894545 1.015681
v -5.446486 0.879985 1.017997
v -5.457622 0.899561 1.024144
v -5.461324 0.885306 1.026963
v -5.509525 0.918616 1.018951
v -5.520512 0.922581 1.024546
v -5.526586 0.924860 1.006570
v -5.534952 0.927974 1.015496
v -5.516051 0.905396 1.022770
v -5.526862 0.909296 1.027402
v -5.509525 0.918616 1.018951
v -5.520512 0.922581 1.024546
v -5.526586 0.924860 1.006570
v -5.534952 0.927974 1.015496
v -5.538214 0.929115 0.988400
v -5.543487 0.930988 1.000080
v -5.538214 0.929115 0.988400
v -5.543487 0.930988 1.000080
v -5.546839 0.916663 0.989985
v -5.551207 0.918204 1.001477
v -5.538339 0.929155 0.945308
v -5.543117 0.930848 0.933107
v -5.526771 0.924920 0.927158
v -5.535141 0.928037 0.918231
v -5.546962 0.916701 0.943733
v -5.550802 0.918051 0.931685
v -5.538339 0.929155 0.945308
v -5.543117 0.930848 0.933107
v -5.526771 0.924920 0.927158
v -5.535141 0.928037 0.918231
v -5.509703 0.918675 0.914815
v -5.521183 0.922819 0.909749
v -5.509703 0.918675 0.914815
v -5.521183 0.922819 0.909749
v -5.516226 0.905453 0.911003
v -5.527561 0.909543 0.906934
v -5.469098 0.903816 0.914799
v -5.458159 0.899751 0.909195
v -5.452011 0.897563 0.927155
v -5.443609 0.894537 0.918225
v -5.472654 0.889508 0.910987
v -5.461892 0.885508 0.906348
v -5.469098 0.903816 0.914799
v -5.458159 0.899751 0.909195
v -5.452011 0.897563 0.927155
v -5.443609 0.894537 0.918225
v -5.440408 0.893317 0.945349
v -5.435166 0.891337 0.933680
v -5.440408 0.893317 0.945349
v -5.435166 0.891337 0.933680
v -5.441867 0.878242 0.943771
v -5.437531 0.876593 0.932290
v -5.441892 0.878251 0.990156
v -5.438089 0.876801 1.002205
v -5.440433 0.893326 0.988575
v -5.435695 0.891534 1.000779
v -5.440433 0.893326 0.988575
v -5.435695 0.891534 1.000779
v -5.452024 0.897566 1.006752
v -5.443621 0.894545 1.015681
v -5.452024 0.897566 1.006752
v -5.443621 0.894545 1.015681
v -5.469064 0.903804 1.019078
v -5.457622 0.899561 1.024144
v -5.469064 0.903804 1.019078
v -5.457622 0.899561 1.024144
v -5.472621 0.889496 1.022894
v -5.461324 0.885306 1.026963
v -5.484247 0.924991 1.019380
v -5.494333 0.897442 1.027251
v -5.503132 0.931908 1.015478
v -5.516051 0.905396 1.022770
v -5.519056 0.937735 1.003922
v -5.534362 0.912097 1.009485
v -5.529909 0.941707 0.986963
v -5.546839 0.916663 0.989985
v -5.533576 0.943044 0.966852
v -5.551049 0.918198 0.966856
v -5.533576 0.943044 0.966852
v -5.551049 0.918198 0.966856
v -5.530026 0.941743 0.946745
v -5.546962 0.916701 0.943733
v -5.519228 0.937790 0.929804
v -5.534544 0.912155 0.924252
v -5.503299 0.931963 0.918284
v -5.516226 0.905453 0.911003
v -5.503299 0.931963 0.918284
v -5.516226 0.905453 0.911003
v -5.484351 0.925029 0.914433
v -5.494442 0.897482 0.906577
v -5.484351 0.925029 0.914433
v -5.494442 0.897482 0.906577
v -5.465400 0.918094 0.918269
v -5.472654 0.889508 0.910987
v -5.449453 0.912258 0.929802
v -5.454318 0.882798 0.924249
v -5.438623 0.908295 0.946782
v -5.441867 0.878242 0.943771
v -5.435027 0.906979 0.966956
v -5.437731 0.876728 0.966966
v -5.435027 0.906979 0.966956
v -5.437731 0.876728 0.966966
v -5.438647 0.908303 0.987127
v -5.441892 0.878251 0.990156
v -5.454331 0.882801 1.009664
v -5.449464 0.912260 1.004092
v -5.465369 0.918082 1.015596
v -5.472621 0.889496 1.022894
v -5.484247 0.924991 1.019380
v -5.494333 0.897442 1.027251
v -5.438647 0.908303 0.987127
v -5.449464 0.912260 1.004092
v -5.484252 0.924995 0.966852
v -5.529909 0.941707 0.986963
v -5.533576 0.943044 0.966852
v -5.484252 0.924995 0.966852
v -5.465369 0.918082 1.015596
v -5.484247 0.924991 1.019380
v -5.484252 0.924995 0.966852
v -5.503299 0.931963 0.918284
v -5.484351 0.925029 0.914433
v -5.484252 0.924995 0.966852
v -5.484247 0.924991 1.019380
v -5.503132 0.931908 1.015478
v -5.484252 0.924995 0.966852
v -5.465400 0.918094 0.918269
v -5.449453 0.912258 0.929802
v -5.484252 0.924995 0.966852
v -5.438623 0.908295 0.946782
v -5.435027 0.906979 0.966956
v -5.484252 0.924995 0.966852
v -5.530026 0.941743 0.946745
v -5.519228 0.937790 0.929804
v -5.484252 0.924995 0.966852
v -5.519056 0.937735 1.003922
v -5.529909 0.941707 0.986963
v -5.484252 0.924995 0.966852
v -5.503132 0.931908 1.015478
v -5.519056 0.937735 1.003922
v -5.484252 0.924995 0.966852
v -5.449464 0.912260 1.004092
v -5.465369 0.918082 1.015596
v -5.484252 0.924995 0.966852
v -5.435027 0.906979 0.966956
v -5.438647 0.908303 0.987127
v -5.484252 0.924995 0.966852
v -5.519228 0.937790 0.929804
v -5.503299 0.931963 0.918284
v -5.484252 0.924995 0.966852
v -5.449453 0.912258 0.929802
v -5.438623 0.908295 0.946782
v -5.484252 0.924995 0.966852
v -5.533576 0.943044 0.966852
v -5.530026 0.941743 0.946745
v -5.484252 0.924995 0.966852
v -5.484351 0.925029 0.914433
v -5.465400 0.918094 0.918269
v -5.484252 0.924995 0.966852
v -5.473073 0.905221 1.276471
v -5.477142 0.891101 1.279479
v -5.489282 0.911262 1.280972
v -5.494320 0.897496 1.284255
v -5.489282 0.911262 1.280972
v -5.494320 0.897496 1.284255
v -5.505565 0.917111 1.276470
v -5.511571 0.903700 1.279478
v -5.549777 0.933285 1.228834
v -5.557631 0.920550 1.229822
v -5.554004 0.934940 1.212335
v -5.562116 0.922300 1.212340
v -5.554004 0.934940 1.212335
v -5.562116 0.922300 1.212340
v -5.549778 0.933283 1.195801
v -5.557632 0.920548 1.194819
v -5.505581 0.917105 1.147953
v -5.511587 0.903694 1.144957
v -5.489286 0.911253 1.143409
v -5.494323 0.897487 1.140140
v -5.489286 0.911253 1.143409
v -5.494323 0.897487 1.140140
v -5.473064 0.905206 1.147954
v -5.477134 0.891086 1.144958
v -5.426543 0.872687 1.212333
v -5.424580 0.887577 1.212331
v -5.431102 0.874245 1.194816
v -5.428881 0.889041 1.195799
v -5.424580 0.887577 1.212331
v -5.426543 0.872687 1.212333
v -5.428870 0.889039 1.228832
v -5.431091 0.874243 1.229819
v -5.469013 0.903792 1.264256
v -5.473073 0.905221 1.276471
v -5.489299 0.911215 1.268347
v -5.489282 0.911262 1.280972
v -5.472568 0.889483 1.268077
v -5.477142 0.891101 1.279479
v -5.469013 0.903792 1.264256
v -5.473073 0.905221 1.276471
v -5.489299 0.911215 1.268347
v -5.489282 0.911262 1.280972
v -5.509587 0.918639 1.264254
v -5.505565 0.917111 1.276470
v -5.509587 0.918639 1.264254
v -5.505565 0.917111 1.276470
v -5.516109 0.905417 1.268077
v -5.511571 0.903700 1.279478
v -5.538291 0.929137 1.233877
v -5.549777 0.933285 1.228834
v -5.542163 0.930553 1.212331
v -5.554004 0.934940 1.212335
v -5.546910 0.916682 1.235462
v -5.557631 0.920550 1.229822
v -5.538291 0.929137 1.233877
v -5.549777 0.933285 1.228834
v -5.542163 0.930553 1.212331
v -5.554004 0.934940 1.212335
v -5.538291 0.929137 1.190752
v -5.549778 0.933283 1.195801
v -5.538291 0.929137 1.190752
v -5.549778 0.933283 1.195801
v -5.546910 0.916682 1.189176
v -5.557632 0.920548 1.194819
v -5.509589 0.918634 1.160167
v -5.505581 0.917105 1.147953
v -5.489301 0.911210 1.156038
v -5.489286 0.911253 1.143409
v -5.516111 0.905411 1.156357
v -5.511587 0.903694 1.144957
v -5.509589 0.918634 1.160167
v -5.505581 0.917105 1.147953
v -5.489301 0.911210 1.156038
v -5.489286 0.911253 1.143409
v -5.469017 0.903786 1.160167
v -5.473064 0.905206 1.147954
v -5.469017 0.903786 1.160167
v -5.473064 0.905206 1.147954
v -5.472572 0.889478 1.156357
v -5.477134 0.891086 1.144958
v -5.441787 0.878213 1.189174
v -5.431102 0.874245 1.194816
v -5.440330 0.893289 1.190752
v -5.428881 0.889041 1.195799
v -5.440330 0.893289 1.190752
v -5.428881 0.889041 1.195799
v -5.436456 0.891870 1.212331
v -5.424580 0.887577 1.212331
v -5.436456 0.891870 1.212331
v -5.424580 0.887577 1.212331
v -5.440320 0.893285 1.233878
v -5.428870 0.889039 1.228832
v -5.440320 0.893285 1.233878
v -5.428870 0.889039 1.228832
v -5.441777 0.878209 1.235462
v -5.431091 0.874243 1.229819
v -5.449377 0.912230 1.249322
v -5.454237 0.882769 1.254891
v -5.465322 0.918072 1.260785
v -5.472568 0.889483 1.268077
v -5.484256 0.925001 1.264603
v -5.494338 0.897450 1.272472
v -5.503191 0.931930 1.260783
v -5.516109 0.905417 1.268077
v -5.519139 0.937761 1.249322
v -5.534445 0.912122 1.254891
v -5.519139 0.937761 1.249322
v -5.534445 0.912122 1.254891
v -5.529981 0.941727 1.232431
v -5.546910 0.916682 1.235462
v -5.533595 0.943048 1.212322
v -5.551065 0.918201 1.212337
v -5.529981 0.941727 1.192182
v -5.546910 0.916682 1.189176
v -5.529981 0.941727 1.192182
v -5.546910 0.916682 1.189176
v -5.519140 0.937760 1.175192
v -5.534446 0.912121 1.169644
v -5.519140 0.937760 1.175192
v -5.534446 0.912121 1.169644
v -5.503192 0.931924 1.163635
v -5.516111 0.905411 1.156357
v -5.484258 0.924995 1.159782
v -5.494339 0.897444 1.151927
v -5.465325 0.918067 1.163635
v -5.472572 0.889478 1.156357
v -5.449386 0.912234 1.175192
v -5.454244 0.882771 1.169644
v -5.449386 0.912234 1.175192
v -5.454244 0.882771 1.169644
v -5.438551 0.908269 1.192181
v -5.441787 0.878213 1.189174
v -5.437629 0.876690 1.212335
v -5.434934 0.906944 1.212322
v -5.438541 0.908265 1.232432
v -5.441777 0.878209 1.235462
v -5.449377 0.912230 1.249322
v -5.454237 0.882769 1.254891
v -5.438551 0.908269 1.192181
v -5.434934 0.906944 1.212322
v -5.484262 0.924999 1.212184
v -5.503191 0.931930 1.260783
v -5.519139 0.937761 1.249322
v -5.484262 0.924999 1.212184
v -5.438541 0.908265 1.232432
v -5.449377 0.912230 1.249322
v -5.484262 0.924999 1.212184
v -5.529981 0.941727 1.192182
v -5.519140 0.937760 1.175192
v -5.484262 0.924999 1.212184
v -5.449377 0.912230 1.249322
v -5.465322 0.918072 1.260785
v -5.484262 0.924999 1.212184
v -5.503192 0.931924 1.163635
v -5.484258 0.924995 1.159782
v -5.484262 0.924999 1.212184
v -5.465325 0.918067 1.163635
v -5.449386 0.912234 1.175192
v -5.484262 0.924999 1.212184
v -5.529981 0.941727 1.232431
v -5.533595 0.943048 1.212322
v -5.484262 0.924999 1.212184
v -5.484256 0.925001 1.264603
v -5.503191 0.931930 1.260783
v -5.484262 0.924999 1.212184
v -5.465322 0.918072 1.260785
v -5.484256 0.925001 1.264603
v -5.484262 0.924999 1.212184
v -5.434934 0.906944 1.212322
v -5.438541 0.908265 1.232432
v -5.484262 0.924999 1.212184
v -5.449386 0.912234 1.175192
v -5.438551 0.908269 1.192181
v -5.484262 0.924999 1.212184
v -5.533595 0.943048 1.212322
v -5.529981 0.941727 1.192182
v -5.484262 0.924999 1.212184
v -5.484258 0.924995 1.159782
v -5.465325 0.918067 1.163635
v -5.484262 0.924999 1.212184
v -5.519139 0.937761 1.249322
v -5.529981 0.941727 1.232431
v -5.484262 0.924999 1.212184
v -5.519140 0.937760 1.175192
v -5.503192 0.931924 1.163635
v -5.484262 0.924999 1.212184
v -5.548215 0.673585 -1.807088
v -5.548413 0.658927 -1.803914
v -5.565919 0.673688 -1.809548
v -5.567175 0.659029 -1.806515
v -5.565919 0.673688 -1.809548
v -5.567175 0.659029 -1.806515
v -5.580181 0.673585 -1.820327
v -5.582285 0.658927 -1.817942
v -5.605451 0.673580 -1.882350
v -5.608600 0.658921 -1.882584
v -5.603333 0.673682 -1.899330
v -5.606359 0.659023 -1.900578
v -5.603333 0.673682 -1.899330
v -5.606359 0.659023 -1.900578
v -5.592814 0.673578 -1.912870
v -5.595209 0.658919 -1.914925
v -5.531024 0.673574 -1.939070
v -5.530830 0.658916 -1.942232
v -5.513288 0.673678 -1.936644
v -5.512037 0.659020 -1.939665
v -5.513288 0.673678 -1.936644
v -5.512037 0.659020 -1.939665
v -5.499032 0.673574 -1.925822
v -5.496934 0.658916 -1.928196
v -5.472974 0.659023 -1.845351
v -5.475997 0.673681 -1.846605
v -5.470723 0.658919 -1.863377
v -5.473869 0.673578 -1.863617
v -5.475997 0.673681 -1.846605
v -5.472974 0.659023 -1.845351
v -5.486498 0.673580 -1.833094
v -5.484105 0.658921 -1.831034
v -5.539565 0.673638 -1.816728
v -5.548215 0.673585 -1.807088
v -5.561089 0.673638 -1.821212
v -5.565919 0.673688 -1.809548
v -5.539568 0.658980 -1.812592
v -5.548413 0.658927 -1.803914
v -5.539565 0.673638 -1.816728
v -5.548215 0.673585 -1.807088
v -5.561089 0.673638 -1.821212
v -5.565919 0.673688 -1.809548
v -5.579482 0.673638 -1.833259
v -5.580181 0.673585 -1.820327
v -5.579482 0.673638 -1.833259
v -5.580181 0.673585 -1.820327
v -5.582405 0.658980 -1.830331
v -5.582285 0.658927 -1.817942
v -5.596098 0.673632 -1.873018
v -5.605451 0.673580 -1.882350
v -5.591663 0.673631 -1.894502
v -5.603333 0.673682 -1.899330
v -5.600228 0.658974 -1.873013
v -5.608600 0.658921 -1.882584
v -5.596098 0.673632 -1.873018
v -5.605451 0.673580 -1.882350
v -5.591663 0.673631 -1.894502
v -5.603333 0.673682 -1.899330
v -5.579599 0.673632 -1.912862
v -5.592814 0.673578 -1.912870
v -5.579599 0.673632 -1.912862
v -5.592814 0.673578 -1.912870
v -5.582519 0.658974 -1.915777
v -5.595209 0.658919 -1.914925
v -5.539659 0.673632 -1.929427
v -5.531024 0.673574 -1.939070
v -5.518120 0.673632 -1.924976
v -5.513288 0.673678 -1.936644
v -5.539661 0.658974 -1.933552
v -5.530830 0.658916 -1.942232
v -5.539659 0.673632 -1.929427
v -5.531024 0.673574 -1.939070
v -5.518120 0.673632 -1.924976
v -5.513288 0.673678 -1.936644
v -5.499742 0.673632 -1.912897
v -5.499032 0.673574 -1.925822
v -5.499742 0.673632 -1.912897
v -5.499032 0.673574 -1.925822
v -5.496826 0.658974 -1.915813
v -5.496934 0.658916 -1.928196
v -5.479095 0.658974 -1.872951
v -5.470723 0.658919 -1.863377
v -5.483221 0.673632 -1.872952
v -5.473869 0.673578 -1.863617
v -5.483221 0.673632 -1.872952
v -5.473869 0.673578 -1.863617
v -5.487665 0.673631 -1.851436
v -5.475997 0.673681 -1.846605
v -5.487665 0.673631 -1.851436
v -5.475997 0.673681 -1.846605
v -5.499711 0.673632 -1.833103
v -5.486498 0.673580 -1.833094
v -5.499711 0.673632 -1.833103
v -5.486498 0.673580 -1.833094
v -5.496794 0.658974 -1.830181
v -5.484105 0.658921 -1.831034
v -5.519494 0.688311 -1.824579
v -5.516485 0.658974 -1.817306
v -5.539569 0.688317 -1.820485
v -5.539568 0.658980 -1.812592
v -5.559657 0.688317 -1.824671
v -5.562667 0.658980 -1.817402
v -5.576825 0.688317 -1.835915
v -5.582405 0.658980 -1.830331
v -5.588129 0.688312 -1.853001
v -5.595398 0.658975 -1.849984
v -5.588129 0.688312 -1.853001
v -5.595398 0.658975 -1.849984
v -5.592332 0.688311 -1.873023
v -5.600228 0.658974 -1.873013
v -5.588194 0.688310 -1.893075
v -5.595468 0.658972 -1.896071
v -5.576933 0.688311 -1.910211
v -5.582519 0.658974 -1.915777
v -5.576933 0.688311 -1.910211
v -5.582519 0.658974 -1.915777
v -5.559767 0.688311 -1.921492
v -5.562783 0.658974 -1.928745
v -5.559767 0.688311 -1.921492
v -5.562783 0.658974 -1.928745
v -5.539656 0.688311 -1.925672
v -5.539661 0.658974 -1.933552
v -5.519553 0.688311 -1.921517
v -5.516546 0.658974 -1.928774
v -5.502400 0.688311 -1.910244
v -5.496826 0.658974 -1.915813
v -5.491140 0.688311 -1.893073
v -5.483878 0.658974 -1.896071
v -5.491140 0.688311 -1.893073
v -5.483878 0.658974 -1.896071
v -5.486980 0.688311 -1.872963
v -5.479095 0.658974 -1.872951
v -5.483865 0.658972 -1.849858
v -5.491127 0.688310 -1.852880
v -5.502371 0.688311 -1.835769
v -5.496794 0.658974 -1.830181
v -5.519494 0.688311 -1.824579
v -5.516485 0.658974 -1.817306
v -5.486980 0.688311 -1.872963
v -5.491127 0.688310 -1.852880
v -5.539607 0.688313 -1.873104
v -5.576825 0.688317 -1.835915
v -5.588129 0.688312 -1.853001
v -5.539607 0.688313 -1.873104
v -5.502371 0.688311 -1.835769
v -5.519494 0.688311 -1.824579
v -5.539607 0.688313 -1.873104
v -5.576933 0.688311 -1.910211
v -5.559767 0.688311 -1.921492
v -5.539607 0.688313 -1.873104
v -5.519494 0.688311 -1.824579
v -5.539569 0.688317 -1.820485
v -5.539607 0.688313 -1.873104
v -5.539656 0.688311 -1.925672
v -5.519553 0.688311 -1.921517
v -5.539607 0.688313 -1.873104
v -5.502400 0.688311 -1.910244
v -5.491140 0.688311 -1.893073
v -5.539607 0.688313 -1.873104
v -5.592332 0.688311 -1.873023
v -5.588194 0.688310 -1.893075
v -5.539607 0.688313 -1.873104
v -5.559657 0.688317 -1.824671
v -5.576825 0.688317 -1.835915
v -5.539607 0.688313 -1.873104
v -5.539569 0.688317 -1.820485
v -5.559657 0.688317 -1.824671
v -5.539607 0.688313 -1.873104
v -5.491127 0.688310 -1.852880
v -5.502371 0.688311 -1.835769
v -5.539607 0.688313 -1.873104
v -5.491140 0.688311 -1.893073
v -5.486980 0.688311 -1.872963
v -5.539607 0.688313 -1.873104
v -5.588194 0.688310 -1.893075
v -5.576933 0.688311 -1.910211
v -5.539607 0.688313 -1.873104
v -5.519553 0.688311 -1.921517
v -5.502400 0.688311 -1.910244
v -5.539607 0.688313 -1.873104
v -5.588129 0.688312 -1.853001
v -5.592332 0.688311 -1.873023
v -5.539607 0.688313 -1.873104
v -5.559767 0.688311 -1.921492
v -5.539656 0.688311 -1.925672
v -5.539607 0.688313 -1.873104
v -5.375001 0.673585 -1.742490
v -5.377385 0.658927 -1.740385
v -5.385780 0.673688 -1.756748
v -5.388813 0.659029 -1.755491
v -5.385780 0.673688 -1.756748
v -5.388813 0.659029 -1.755491
v -5.388243 0.673585 -1.774454
v -5.391418 0.658927 -1.774256
v -5.362255 0.673580 -1.836181
v -5.364316 0.658921 -1.838573
v -5.348751 0.673682 -1.846689
v -5.350008 0.659023 -1.849712
v -5.348751 0.673682 -1.846689
v -5.350008 0.659023 -1.849712
v -5.331738 0.673578 -1.848825
v -5.331979 0.658919 -1.851972
v -5.269520 0.673574 -1.823660
v -5.267147 0.658916 -1.825759
v -5.258695 0.673678 -1.809403
v -5.255674 0.659020 -1.810655
v -5.258695 0.673678 -1.809403
v -5.255674 0.659020 -1.810655
v -5.256266 0.673574 -1.791671
v -5.253105 0.658916 -1.791866
v -5.294743 0.659023 -1.716343
v -5.295993 0.673681 -1.719367
v -5.280404 0.658919 -1.727497
v -5.282459 0.673578 -1.729892
v -5.295993 0.673681 -1.719367
v -5.294743 0.659023 -1.716343
v -5.312973 0.673580 -1.717238
v -5.312736 0.658921 -1.714090
v -5.362068 0.673638 -1.743190
v -5.375001 0.673585 -1.742490
v -5.374117 0.673638 -1.761580
v -5.385780 0.673688 -1.756748
v -5.364995 0.658980 -1.740268
v -5.377385 0.658927 -1.740385
v -5.362068 0.673638 -1.743190
v -5.375001 0.673585 -1.742490
v -5.374117 0.673638 -1.761580
v -5.385780 0.673688 -1.756748
v -5.378605 0.673638 -1.783105
v -5.388243 0.673585 -1.774454
v -5.378605 0.673638 -1.783105
v -5.388243 0.673585 -1.774454
v -5.382742 0.658980 -1.783102
v -5.391418 0.658927 -1.774256
v -5.362240 0.673632 -1.822968
v -5.362255 0.673580 -1.836181
v -5.343914 0.673631 -1.835024
v -5.348751 0.673682 -1.846689
v -5.365165 0.658974 -1.825885
v -5.364316 0.658921 -1.838573
v -5.362240 0.673632 -1.822968
v -5.362255 0.673580 -1.836181
v -5.343914 0.673631 -1.835024
v -5.348751 0.673682 -1.846689
v -5.322400 0.673632 -1.839475
v -5.331738 0.673578 -1.848825
v -5.322400 0.673632 -1.839475
v -5.331738 0.673578 -1.848825
v -5.322402 0.658974 -1.843602
v -5.331979 0.658919 -1.851972
v -5.282445 0.673632 -1.822946
v -5.269520 0.673574 -1.823660
v -5.270361 0.673632 -1.804569
v -5.258695 0.673678 -1.809403
v -5.279530 0.658974 -1.825866
v -5.267147 0.658916 -1.825759
v -5.282445 0.673632 -1.822946
v -5.269520 0.673574 -1.823660
v -5.270361 0.673632 -1.804569
v -5.258695 0.673678 -1.809403
v -5.265907 0.673632 -1.783033
v -5.256266 0.673574 -1.791671
v -5.265907 0.673632 -1.783033
v -5.256266 0.673574 -1.791671
v -5.261783 0.658974 -1.783033
v -5.253105 0.658916 -1.791866
v -5.279554 0.658974 -1.740187
v -5.280404 0.658919 -1.727497
v -5.282470 0.673632 -1.743106
v -5.282459 0.673578 -1.729892
v -5.282470 0.673632 -1.743106
v -5.282459 0.673578 -1.729892
v -5.300827 0.673631 -1.731034
v -5.295993 0.673681 -1.719367
v -5.300827 0.673631 -1.731034
v -5.295993 0.673681 -1.719367
v -5.322308 0.673632 -1.726588
v -5.312973 0.673580 -1.717238
v -5.322308 0.673632 -1.726588
v -5.312973 0.673580 -1.717238
v -5.322313 0.658974 -1.722459
v -5.312736 0.658921 -1.714090
v -5.342325 0.688311 -1.734549
v -5.345340 0.658974 -1.727280
v -5.359414 0.688317 -1.745849
v -5.364995 0.658980 -1.740268
v -5.370659 0.688317 -1.763015
v -5.377928 0.658980 -1.760002
v -5.374847 0.688317 -1.783104
v -5.382742 0.658980 -1.783102
v -5.370759 0.688312 -1.803178
v -5.378033 0.658975 -1.806186
v -5.370759 0.688312 -1.803178
v -5.378033 0.658975 -1.806186
v -5.359574 0.688311 -1.820310
v -5.365165 0.658974 -1.825885
v -5.342469 0.688310 -1.831562
v -5.345494 0.658972 -1.838825
v -5.322389 0.688311 -1.835716
v -5.322402 0.658974 -1.843602
v -5.322389 0.688311 -1.835716
v -5.322402 0.658974 -1.843602
v -5.302275 0.688311 -1.831555
v -5.299278 0.658974 -1.838816
v -5.302275 0.688311 -1.831555
v -5.299278 0.658974 -1.838816
v -5.285098 0.688311 -1.820289
v -5.279530 0.658974 -1.825866
v -5.273820 0.688311 -1.803137
v -5.266563 0.658974 -1.806142
v -5.269663 0.688311 -1.783037
v -5.261783 0.658974 -1.783033
v -5.273843 0.688311 -1.762933
v -5.266588 0.658974 -1.759917
v -5.273843 0.688311 -1.762933
v -5.266588 0.658974 -1.759917
v -5.285122 0.688311 -1.745771
v -5.279554 0.658974 -1.740187
v -5.299256 0.658972 -1.727230
v -5.302255 0.688310 -1.734503
v -5.322304 0.688311 -1.730354
v -5.322313 0.658974 -1.722459
v -5.342325 0.688311 -1.734549
v -5.345340 0.658974 -1.727280
v -5.285122 0.688311 -1.745771
v -5.302255 0.688310 -1.734503
v -5.322234 0.688313 -1.783084
v -5.374847 0.688317 -1.783104
v -5.370759 0.688312 -1.803178
v -5.322234 0.688313 -1.783084
v -5.322304 0.688311 -1.730354
v -5.342325 0.688311 -1.734549
v -5.322234 0.688313 -1.783084
v -5.322389 0.688311 -1.835716
v -5.302275 0.688311 -1.831555
v -5.322234 0.688313 -1.783084
v -5.342325 0.688311 -1.734549
v -5.359414 0.688317 -1.745849
v -5.322234 0.688313 -1.783084
v -5.285098 0.688311 -1.820289
v -5.273820 0.688311 -1.803137
v -5.322234 0.688313 -1.783084
v -5.269663 0.688311 -1.783037
v -5.273843 0.688311 -1.762933
v -5.322234 0.688313 -1.783084
v -5.359574 0.688311 -1.820310
v -5.342469 0.688310 -1.831562
v -5.322234 0.688313 -1.783084
v -5.370659 0.688317 -1.763015
v -5.374847 0.688317 -1.783104
v -5.322234 0.688313 -1.783084
v -5.359414 0.688317 -1.745849
v -5.370659 0.688317 -1.763015
v -5.322234 0.688313 -1.783084
v -5.302255 0.688310 -1.734503
v -5.322304 0.688311 -1.730354
v -5.322234 0.688313 -1.783084
v -5.273843 0.688311 -1.762933
v -5.285122 0.688311 -1.745771
v -5.322234 0.688313 -1.783084
v -5.342469 0.688310 -1.831562
v -5.322389 0.688311 -1.835716
v -5.322234 0.688313 -1.783084
v -5.273820 0.688311 -1.803137
v -5.269663 0.688311 -1.783037
v -5.322234 0.688313 -1.783084
v -5.370759 0.688312 -1.803178
v -5.359574 0.688311 -1.820310
v -5.322234 0.688313 -1.783084
v -5.302275 0.688311 -1.831555
v -5.285098 0.688311 -1.820289
v -5.322234 0.688313 -1.783084
v -5.246062 0.673585 -1.921828
v -5.246260 0.658927 -1.918655
v -5.263766 0.673688 -1.924288
v -5.265022 0.659029 -1.921255
v -5.263766 0.673688 -1.924288
v -5.265022 0.659029 -1.921255
v -5.278028 0.673585 -1.935067
v -5.280132 0.658927 -1.932682
v -5.303298 0.673580 -1.997090
v -5.306448 0.658921 -1.997325
v -5.301179 0.673682 -2.014070
v -5.304206 0.659023 -2.015318
v -5.301179 0.673682 -2.014070
v -5.304206 0.659023 -2.015318
v -5.290661 0.673578 -2.027610
v -5.293056 0.658919 -2.029665
v -5.228870 0.673574 -2.053810
v -5.228677 0.658916 -2.056973
v -5.211135 0.673678 -2.051385
v -5.209884 0.659020 -2.054405
v -5.211135 0.673678 -2.051385
v -5.209884 0.659020 -2.054405
v -5.196879 0.673574 -2.040562
v -5.194781 0.658916 -2.042936
v -5.170822 0.659023 -1.960091
v -5.173845 0.673681 -1.961345
v -5.168570 0.658919 -1.978117
v -5.171717 0.673578 -1.978357
v -5.173845 0.673681 -1.961345
v -5.170822 0.659023 -1.960091
v -5.184345 0.673580 -1.947834
v -5.181952 0.658921 -1.945774
v -5.237412 0.673638 -1.931468
v -5.246062 0.673585 -1.921828
v -5.258935 0.673638 -1.935952
v -5.263766 0.673688 -1.924288
v -5.237415 0.658980 -1.927333
v -5.246260 0.658927 -1.918655
v -5.237412 0.673638 -1.931468
v -5.246062 0.673585 -1.921828
v -5.258935 0.673638 -1.935952
v -5.263766 0.673688 -1.924288
v -5.277329 0.673638 -1.947999
v -5.278028 0.673585 -1.935067
v -5.277329 0.673638 -1.947999
v -5.278028 0.673585 -1.935067
v -5.280252 0.658980 -1.945072
v -5.280132 0.658927 -1.932682
v -5.293945 0.673632 -1.987759
v -5.303298 0.673580 -1.997090
v -5.289511 0.673631 -2.009242
v -5.301179 0.673682 -2.014070
v -5.298075 0.658974 -1.987753
v -5.306448 0.658921 -1.997325
v -5.293945 0.673632 -1.987759
v -5.303298 0.673580 -1.997090
v -5.289511 0.673631 -2.009242
v -5.301179 0.673682 -2.014070
v -5.277446 0.673632 -2.027602
v -5.290661 0.673578 -2.027610
v -5.277446 0.673632 -2.027602
v -5.290661 0.673578 -2.027610
v -5.280366 0.658974 -2.030517
v -5.293056 0.658919 -2.029665
v -5.237506 0.673632 -2.044167
v -5.228870 0.673574 -2.053810
v -5.215967 0.673632 -2.039716
v -5.211135 0.673678 -2.051385
v -5.237508 0.658974 -2.048292
v -5.228677 0.658916 -2.056973
v -5.237506 0.673632 -2.044167
v -5.228870 0.673574 -2.053810
v -5.215967 0.673632 -2.039716
v -5.211135 0.673678 -2.051385
v -5.197589 0.673632 -2.027637
v -5.196879 0.673574 -2.040562
v -5.197589 0.673632 -2.027637
v -5.196879 0.673574 -2.040562
v -5.194673 0.658974 -2.030554
v -5.194781 0.658916 -2.042936
v -5.176941 0.658974 -1.987691
v -5.168570 0.658919 -1.978117
v -5.181068 0.673632 -1.987693
v -5.171717 0.673578 -1.978357
v -5.181068 0.673632 -1.987693
v -5.171717 0.673578 -1.978357
v -5.185512 0.673631 -1.966177
v -5.173845 0.673681 -1.961345
v -5.185512 0.673631 -1.966177
v -5.173845 0.673681 -1.961345
v -5.197558 0.673632 -1.947844
v -5.184345 0.673580 -1.947834
v -5.197558 0.673632 -1.947844
v -5.184345 0.673580 -1.947834
v -5.194641 0.658974 -1.944921
v -5.181952 0.658921 -1.945774
v -5.217341 0.688311 -1.939319
v -5.214332 0.658974 -1.932047
v -5.237416 0.688317 -1.935226
v -5.237415 0.658980 -1.927333
v -5.257504 0.688317 -1.939412
v -5.260515 0.658980 -1.932142
v -5.274672 0.688317 -1.950655
v -5.280252 0.658980 -1.945072
v -5.285975 0.688312 -1.967741
v -5.293245 0.658975 -1.964725
v -5.285975 0.688312 -1.967741
v -5.293245 0.658975 -1.964725
v -5.290180 0.688311 -1.987764
v -5.298075 0.658974 -1.987753
v -5.286041 0.688310 -2.007815
v -5.293315 0.658972 -2.010812
v -5.274780 0.688311 -2.024951
v -5.280366 0.658974 -2.030517
v -5.274780 0.688311 -2.024951
v -5.280366 0.658974 -2.030517
v -5.257614 0.688311 -2.036232
v -5.260630 0.658974 -2.043486
v -5.257614 0.688311 -2.036232
v -5.260630 0.658974 -2.043486
v -5.237503 0.688311 -2.040412
v -5.237508 0.658974 -2.048292
v -5.217400 0.688311 -2.036258
v -5.214393 0.658974 -2.043514
v -5.200247 0.688311 -2.024984
v -5.194673 0.658974 -2.030554
v -5.188987 0.688311 -2.007813
v -5.181725 0.658974 -2.010811
v -5.188987 0.688311 -2.007813
v -5.181725 0.658974 -2.010811
v -5.184827 0.688311 -1.987703
v -5.176941 0.658974 -1.987691
v -5.181712 0.658972 -1.964598
v -5.188974 0.688310 -1.967620
v -5.200218 0.688311 -1.950509
v -5.194641 0.658974 -1.944921
v -5.217341 0.688311 -1.939319
v -5.214332 0.658974 -1.932047
v -5.184827 0.688311 -1.987703
v -5.188974 0.688310 -1.967620
v -5.237453 0.688313 -1.987844
v -5.274672 0.688317 -1.950655
v -5.285975 0.688312 -1.967741
v -5.237453 0.688313 -1.987844
v -5.200218 0.688311 -1.950509
v -5.217341 0.688311 -1.939319
v -5.237453 0.688313 -1.987844
v -5.274780 0.688311 -2.024951
v -5.257614 0.688311 -2.036232
v -5.237453 0.688313 -1.987844
v -5.217341 0.688311 -1.939319
v -5.237416 0.688317 -1.935226
v -5.237453 0.688313 -1.987844
v -5.237503 0.688311 -2.040412
v -5.217400 0.688311 -2.036258
v -5.237453 0.688313 -1.987844
v -5.200247 0.688311 -2.024984
v -5.188987 0.688311 -2.007813
v -5.237453 0.688313 -1.987844
v -5.290180 0.688311 -1.987764
v -5.286041 0.688310 -2.007815
v -5.237453 0.688313 -1.987844
v -5.257504 0.688317 -1.939412
v -5.274672 0.688317 -1.950655
v -5.237453 0.688313 -1.987844
v -5.237416 0.688317 -1.935226
v -5.257504 0.688317 -1.939412
v -5.237453 0.688313 -1.987844
v -5.188974 0.688310 -1.967620
v -5.200218 0.688311 -1.950509
v -5.237453 0.688313 -1.987844
v -5.188987 0.688311 -2.007813
v -5.184827 0.688311 -1.987703
v -5.237453 0.688313 -1.987844
v -5.286041 0.688310 -2.007815
v -5.274780 0.688311 -2.024951
v -5.237453 0.688313 -1.987844
v -5.217400 0.688311 -2.036258
v -5.200247 0.688311 -2.024984
v -5.237453 0.688313 -1.987844
v -5.285975 0.688312 -1.967741
v -5.290180 0.688311 -1.987764
v -5.237453 0.688313 -1.987844
v -5.257614 0.688311 -2.036232
v -5.237503 0.688311 -2.040412
v -5.237453 0.688313 -1.987844
v -5.507579 0.673585 -2.037252
v -5.509962 0.658926 -2.035148
v -5.518358 0.673688 -2.051511
v -5.521390 0.659029 -2.050254
v -5.518358 0.673688 -2.051511
v -5.521390 0.659029 -2.050254
v -5.520821 0.673585 -2.069217
v -5.523995 0.658927 -2.069019
v -5.494833 0.673580 -2.130943
v -5.496893 0.658921 -2.133336
v -5.481328 0.673682 -2.141452
v -5.482585 0.659023 -2.144474
v -5.481328 0.673682 -2.141452
v -5.482585 0.659023 -2.144474
v -5.464316 0.673578 -2.143587
v -5.464556 0.658919 -2.146734
v -5.402097 0.673574 -2.118422
v -5.399724 0.658916 -2.120522
v -5.391272 0.673678 -2.104166
v -5.388252 0.659020 -2.105417
v -5.391272 0.673678 -2.104166
v -5.388252 0.659020 -2.105417
v -5.388844 0.673574 -2.086433
v -5.385682 0.658916 -2.086628
v -5.427320 0.659023 -2.011105
v -5.428571 0.673681 -2.014130
v -5.412981 0.658919 -2.022260
v -5.415036 0.673578 -2.024655
v -5.428571 0.673681 -2.014130
v -5.427320 0.659023 -2.011105
v -5.445549 0.673580 -2.012001
v -5.445314 0.658921 -2.008852
v -5.494646 0.673638 -2.037952
v -5.507579 0.673585 -2.037252
v -5.506694 0.673638 -2.056343
v -5.518358 0.673688 -2.051511
v -5.497572 0.658980 -2.035031
v -5.509962 0.658926 -2.035148
v -5.494646 0.673638 -2.037952
v -5.507579 0.673585 -2.037252
v -5.506694 0.673638 -2.056343
v -5.518358 0.673688 -2.051511
v -5.511182 0.673638 -2.077867
v -5.520821 0.673585 -2.069217
v -5.511182 0.673638 -2.077867
v -5.520821 0.673585 -2.069217
v -5.515319 0.658980 -2.077865
v -5.523995 0.658927 -2.069019
v -5.494817 0.673632 -2.117731
v -5.494833 0.673580 -2.130943
v -5.476491 0.673631 -2.129787
v -5.481328 0.673682 -2.141452
v -5.497742 0.658974 -2.120647
v -5.496893 0.658921 -2.133336
v -5.494817 0.673632 -2.117731
v -5.494833 0.673580 -2.130943
v -5.476491 0.673631 -2.129787
v -5.481328 0.673682 -2.141452
v -5.454977 0.673632 -2.134238
v -5.464316 0.673578 -2.143587
v -5.454977 0.673632 -2.134238
v -5.464316 0.673578 -2.143587
v -5.454980 0.658974 -2.138364
v -5.464556 0.658919 -2.146734
v -5.415022 0.673632 -2.117709
v -5.402097 0.673574 -2.118422
v -5.402938 0.673632 -2.099332
v -5.391272 0.673678 -2.104166
v -5.412107 0.658974 -2.120628
v -5.399724 0.658916 -2.120522
v -5.415022 0.673632 -2.117709
v -5.402097 0.673574 -2.118422
v -5.402938 0.673632 -2.099332
v -5.391272 0.673678 -2.104166
v -5.398485 0.673632 -2.077796
v -5.388844 0.673574 -2.086433
v -5.398485 0.673632 -2.077796
v -5.388844 0.673574 -2.086433
v -5.394360 0.658974 -2.077796
v -5.385682 0.658916 -2.086628
v -5.412131 0.658974 -2.034949
v -5.412981 0.658919 -2.022260
v -5.415048 0.673632 -2.037868
v -5.415036 0.673578 -2.024655
v -5.415048 0.673632 -2.037868
v -5.415036 0.673578 -2.024655
v -5.433404 0.673631 -2.025796
v -5.428571 0.673681 -2.014130
v -5.433404 0.673631 -2.025796
v -5.428571 0.673681 -2.014130
v -5.454885 0.673632 -2.021351
v -5.445549 0.673580 -2.012001
v -5.454885 0.673632 -2.021351
v -5.445549 0.673580 -2.012001
v -5.454890 0.658974 -2.017221
v -5.445314 0.658921 -2.008852
v -5.474902 0.688311 -2.029312
v -5.477917 0.658974 -2.022042
v -5.491991 0.688317 -2.040612
v -5.497572 0.658980 -2.035031
v -5.503236 0.688317 -2.057777
v -5.510505 0.658980 -2.054765
v -5.507425 0.688317 -2.077866
v -5.515319 0.658980 -2.077865
v -5.503336 0.688312 -2.097941
v -5.510610 0.658975 -2.100949
v -5.503336 0.688312 -2.097941
v -5.510610 0.658975 -2.100949
v -5.492151 0.688311 -2.115072
v -5.497742 0.658974 -2.120647
v -5.475046 0.688310 -2.126324
v -5.478072 0.658972 -2.133587
v -5.454967 0.688311 -2.130479
v -5.454980 0.658974 -2.138364
v -5.454967 0.688311 -2.130479
v -5.454980 0.658974 -2.138364
v -5.434852 0.688311 -2.126317
v -5.431855 0.658974 -2.133579
v -5.434852 0.688311 -2.126317
v -5.431855 0.658974 -2.133579
v -5.417675 0.688311 -2.115052
v -5.412107 0.658974 -2.120628
v -5.406398 0.688311 -2.097900
v -5.399140 0.658974 -2.100904
v -5.402240 0.688311 -2.077799
v -5.394360 0.658974 -2.077796
v -5.406420 0.688311 -2.057695
v -5.399165 0.658974 -2.054680
v -5.406420 0.688311 -2.057695
v -5.399165 0.658974 -2.054680
v -5.417699 0.688311 -2.040534
v -5.412131 0.658974 -2.034949
v -5.431833 0.658972 -2.021993
v -5.434832 0.688310 -2.029266
v -5.454881 0.688311 -2.025117
v -5.454890 0.658974 -2.017221
v -5.474902 0.688311 -2.029312
v -5.477917 0.658974 -2.022042
v -5.417699 0.688311 -2.040534
v -5.434832 0.688310 -2.029266
v -5.454812 0.688313 -2.077847
v -5.507425 0.688317 -2.077866
v -5.503336 0.688312 -2.097941
v -5.454812 0.688313 -2.077847
v -5.454881 0.688311 -2.025117
v -5.474902 0.688311 -2.029312
v -5.454812 0.688313 -2.077847
v -5.454967 0.688311 -2.130479
v -5.434852 0.688311 -2.126317
v -5.454812 0.688313 -2.077847
v -5.474902 0.688311 -2.029312
v -5.491991 0.688317 -2.040612
v -5.454812 0.688313 -2.077847
v -5.417675 0.688311 -2.115052
v -5.406398 0.688311 -2.097900
v -5.454812 0.688313 -2.077847
v -5.402240 0.688311 -2.077799
v -5.406420 0.688311 -2.057695
v -5.454812 0.688313 -2.077847
v -5.492151 0.688311 -2.115072
v -5.475046 0.688310 -2.126324
v -5.454812 0.688313 -2.077847
v -5.503236 0.688317 -2.057777
v -5.507425 0.688317 -2.077866
v -5.454812 0.688313 -2.077847
v -5.491991 0.688317 -2.040612
v -5.503236 0.688317 -2.057777
v -5.454812 0.688313 -2.077847
v -5.434832 0.688310 -2.029266
v -5.454881 0.688311 -2.025117
v -5.454812 0.688313 -2.077847
v -5.406420 0.688311 -2.057695
v -5.417699 0.688311 -2.040534
v -5.454812 0.688313 -2.077847
v -5.475046 0.688310 -2.126324
v -5.454967 0.688311 -2.130479
v -5.454812 0.688313 -2.077847
v -5.406398 0.688311 -2.097900
v -5.402240 0.688311 -2.077799
v -5.454812 0.688313 -2.077847
v -5.503336 0.688312 -2.097941
v -5.492151 0.688311 -2.115072
v -5.454812 0.688313 -2.077847
v -5.434852 0.688311 -2.126317
v -5.417675 0.688311 -2.115052
v -5.454812 0.688313 -2.077847
v -5.417028 0.673585 -2.255919
v -5.419412 0.658926 -2.253814
v -5.427807 0.673688 -2.270177
v -5.430841 0.659029 -2.268921
v -5.427807 0.673688 -2.270177
v -5.430841 0.659029 -2.268921
v -5.430271 0.673585 -2.287884
v -5.433445 0.658927 -2.287685
v -5.404283 0.673580 -2.349610
v -5.406343 0.658921 -2.352002
v -5.390778 0.673682 -2.360118
v -5.392035 0.659023 -2.363141
v -5.390778 0.673682 -2.360118
v -5.392035 0.659023 -2.363141
v -5.373765 0.673578 -2.362254
v -5.374006 0.658919 -2.365401
v -5.311547 0.673574 -2.337089
v -5.309174 0.658916 -2.339188
v -5.300722 0.673678 -2.322832
v -5.297701 0.659020 -2.324084
v -5.300722 0.673678 -2.322832
v -5.297701 0.659020 -2.324084
v -5.298294 0.673574 -2.305099
v -5.295132 0.658916 -2.305295
v -5.336770 0.659023 -2.229772
v -5.338020 0.673681 -2.232796
v -5.322431 0.658919 -2.240927
v -5.324486 0.673578 -2.243321
v -5.338020 0.673681 -2.232796
v -5.336770 0.659023 -2.229772
v -5.355000 0.673580 -2.230668
v -5.354764 0.658921 -2.227519
v -5.404096 0.673638 -2.256619
v -5.417028 0.673585 -2.255919
v -5.416144 0.673638 -2.275009
v -5.427807 0.673688 -2.270177
v -5.407022 0.658980 -2.253697
v -5.419412 0.658926 -2.253814
v -5.404096 0.673638 -2.256619
v -5.417028 0.673585 -2.255919
v -5.416144 0.673638 -2.275009
v -5.427807 0.673688 -2.270177
v -5.420632 0.673638 -2.296534
v -5.430271 0.673585 -2.287884
v -5.420632 0.673638 -2.296534
v -5.430271 0.673585 -2.287884
v -5.424769 0.658980 -2.296531
v -5.433445 0.658927 -2.287685
v -5.404268 0.673632 -2.336397
v -5.404283 0.673580 -2.349610
v -5.385941 0.673631 -2.348453
v -5.390778 0.673682 -2.360118
v -5.407192 0.658974 -2.339314
v -5.406343 0.658921 -2.352002
v -5.404268 0.673632 -2.336397
v -5.404283 0.673580 -2.349610
v -5.385941 0.673631 -2.348453
v -5.390778 0.673682 -2.360118
v -5.364427 0.673632 -2.352904
v -5.373765 0.673578 -2.362254
v -5.364427 0.673632 -2.352904
v -5.373765 0.673578 -2.362254
v -5.364430 0.658974 -2.357031
v -5.374006 0.658919 -2.365401
v -5.324472 0.673632 -2.336375
v -5.311547 0.673574 -2.337089
v -5.312388 0.673632 -2.317998
v -5.300722 0.673678 -2.322832
v -5.321557 0.658974 -2.339295
v -5.309174 0.658916 -2.339188
v -5.324472 0.673632 -2.336375
v -5.311547 0.673574 -2.337089
v -5.312388 0.673632 -2.317998
v -5.300722 0.673678 -2.322832
v -5.307935 0.673632 -2.296462
v -5.298294 0.673574 -2.305099
v -5.307935 0.673632 -2.296462
v -5.298294 0.673574 -2.305099
v -5.303810 0.658974 -2.296462
v -5.295132 0.658916 -2.305295
v -5.321581 0.658974 -2.253616
v -5.322431 0.658919 -2.240927
v -5.324498 0.673632 -2.256535
v -5.324486 0.673578 -2.243321
v -5.324498 0.673632 -2.256535
v -5.324486 0.673578 -2.243321
v -5.342854 0.673631 -2.244463
v -5.338020 0.673681 -2.232796
v -5.342854 0.673631 -2.244463
v -5.338020 0.673681 -2.232796
v -5.364336 0.673632 -2.240017
v -5.355000 0.673580 -2.230668
v -5.364336 0.673632 -2.240017
v -5.355000 0.673580 -2.230668
v -5.364340 0.658974 -2.235888
v -5.354764 0.658921 -2.227519
v -5.384351 0.688311 -2.247978
v -5.387367 0.658974 -2.240709
v -5.401441 0.688317 -2.259279
v -5.407022 0.658980 -2.253697
v -5.412686 0.688317 -2.276443
v -5.419955 0.658980 -2.273432
v -5.416874 0.688317 -2.296532
v -5.424769 0.658980 -2.296531
v -5.412786 0.688312 -2.316607
v -5.420060 0.658975 -2.319615
v -5.412786 0.688312 -2.316607
v -5.420060 0.658975 -2.319615
v -5.401601 0.688311 -2.333739
v -5.407192 0.658974 -2.339314
v -5.384496 0.688310 -2.344991
v -5.387521 0.658972 -2.352253
v -5.364416 0.688311 -2.349145
v -5.364430 0.658974 -2.357031
v -5.364416 0.688311 -2.349145
v -5.364430 0.658974 -2.357031
v -5.344302 0.688311 -2.344984
v -5.341305 0.658974 -2.352245
v -5.344302 0.688311 -2.344984
v -5.341305 0.658974 -2.352245
v -5.327125 0.688311 -2.333718
v -5.321557 0.658974 -2.339295
v -5.315847 0.688311 -2.316566
v -5.308590 0.658974 -2.319571
v -5.311690 0.688311 -2.296466
v -5.303810 0.658974 -2.296462
v -5.315870 0.688311 -2.276362
v -5.308615 0.658974 -2.273346
v -5.315870 0.688311 -2.276362
v -5.308615 0.658974 -2.273346
v -5.327149 0.688311 -2.259200
v -5.321581 0.658974 -2.253616
v -5.341283 0.658972 -2.240659
v -5.344282 0.688310 -2.247932
v -5.364331 0.688311 -2.243784
v -5.364340 0.658974 -2.235888
v -5.384351 0.688311 -2.247978
v -5.387367 0.658974 -2.240709
v -5.327149 0.688311 -2.259200
v -5.344282 0.688310 -2.247932
v -5.364261 0.688313 -2.296513
v -5.416874 0.688317 -2.296532
v -5.412786 0.688312 -2.316607
v -5.364261 0.688313 -2.296513
v -5.364331 0.688311 -2.243784
v -5.384351 0.688311 -2.247978
v -5.364261 0.688313 -2.296513
v -5.364416 0.688311 -2.349145
v -5.344302 0.688311 -2.344984
v -5.364261 0.688313 -2.296513
v -5.384351 0.688311 -2.247978
v -5.401441 0.688317 -2.259279
v -5.364261 0.688313 -2.296513
v -5.327125 0.688311 -2.333718
v -5.315847 0.688311 -2.316566
v -5.364261 0.688313 -2.296513
v -5.311690 0.688311 -2.296466
v -5.315870 0.688311 -2.276362
v -5.364261 0.688313 -2.296513
v -5.401601 0.688311 -2.333739
v -5.384496 0.688310 -2.344991
v -5.364261 0.688313 -2.296513
v -5.412686 0.688317 -2.276443
v -5.416874 0.688317 -2.296532
v -5.364261 0.688313 -2.296513
v -5.401441 0.688317 -2.259279
v -5.412686 0.688317 -2.276443
v -5.364261 0.688313 -2.296513
v -5.344282 0.688310 -2.247932
v -5.364331 0.688311 -2.243784
v -5.364261 0.688313 -2.296513
v -5.315870 0.688311 -2.276362
v -5.327149 0.688311 -2.259200
v -5.364261 0.688313 -2.296513
v -5.384496 0.688310 -2.344991
v -5.364416 0.688311 -2.349145
v -5.364261 0.688313 -2.296513
v -5.315847 0.688311 -2.316566
v -5.311690 0.688311 -2.296466
v -5.364261 0.688313 -2.296513
v -5.412786 0.688312 -2.316607
v -5.401601 0.688311 -2.333739
v -5.364261 0.688313 -2.296513
v -5.344302 0.688311 -2.344984
v -5.327125 0.688311 -2.333718
v -5.364261 0.688313 -2.296513
v -5.155512 0.673585 -2.140494
v -5.155710 0.658926 -2.137321
v -5.173216 0.673688 -2.142955
v -5.174472 0.659029 -2.139921
v -5.173216 0.673688 -2.142955
v -5.174472 0.659029 -2.139921
v -5.187478 0.673585 -2.153733
v -5.189582 0.658927 -2.151349
v -5.212748 0.673580 -2.215756
v -5.215898 0.658921 -2.215991
v -5.210629 0.673682 -2.232736
v -5.213656 0.659023 -2.233985
v -5.210629 0.673682 -2.232736
v -5.213656 0.659023 -2.233985
v -5.200111 0.673578 -2.246276
v -5.202506 0.658919 -2.248331
v -5.138320 0.673574 -2.272477
v -5.138126 0.658916 -2.275639
v -5.120585 0.673678 -2.270051
v -5.119335 0.659020 -2.273072
v -5.120585 0.673678 -2.270051
v -5.119335 0.659020 -2.273072
v -5.106329 0.673574 -2.259228
v -5.104231 0.658916 -2.261603
v -5.080272 0.659023 -2.178757
v -5.083295 0.673681 -2.180012
v -5.078020 0.658919 -2.196784
v -5.081167 0.673578 -2.197024
v -5.083295 0.673681 -2.180012
v -5.080272 0.659023 -2.178757
v -5.093795 0.673580 -2.166500
v -5.091402 0.658921 -2.164441
v -5.146862 0.673638 -2.150134
v -5.155512 0.673585 -2.140494
v -5.168386 0.673638 -2.154619
v -5.173216 0.673688 -2.142955
v -5.146865 0.658980 -2.145999
v -5.155710 0.658926 -2.137321
v -5.146862 0.673638 -2.150134
v -5.155512 0.673585 -2.140494
v -5.168386 0.673638 -2.154619
v -5.173216 0.673688 -2.142955
v -5.186779 0.673638 -2.166665
v -5.187478 0.673585 -2.153733
v -5.186779 0.673638 -2.166665
v -5.187478 0.673585 -2.153733
v -5.189702 0.658980 -2.163738
v -5.189582 0.658927 -2.151349
v -5.203395 0.673632 -2.206425
v -5.212748 0.673580 -2.215756
v -5.198961 0.673631 -2.227908
v -5.210629 0.673682 -2.232736
v -5.207525 0.658974 -2.206419
v -5.215898 0.658921 -2.215991
v -5.203395 0.673632 -2.206425
v -5.212748 0.673580 -2.215756
v -5.198961 0.673631 -2.227908
v -5.210629 0.673682 -2.232736
v -5.186896 0.673632 -2.246269
v -5.200111 0.673578 -2.246276
v -5.186896 0.673632 -2.246269
v -5.200111 0.673578 -2.246276
v -5.189816 0.658974 -2.249184
v -5.202506 0.658919 -2.248331
v -5.146955 0.673632 -2.262833
v -5.138320 0.673574 -2.272477
v -5.125417 0.673632 -2.258383
v -5.120585 0.673678 -2.270051
v -5.146958 0.658974 -2.266958
v -5.138126 0.658916 -2.275639
v -5.146955 0.673632 -2.262833
v -5.138320 0.673574 -2.272477
v -5.125417 0.673632 -2.258383
v -5.120585 0.673678 -2.270051
v -5.107039 0.673632 -2.246304
v -5.106329 0.673574 -2.259228
v -5.107039 0.673632 -2.246304
v -5.106329 0.673574 -2.259228
v -5.104123 0.658974 -2.249220
v -5.104231 0.658916 -2.261603
v -5.086391 0.658974 -2.206358
v -5.078020 0.658919 -2.196784
v -5.090518 0.673632 -2.206359
v -5.081167 0.673578 -2.197024
v -5.090518 0.673632 -2.206359
v -5.081167 0.673578 -2.197024
v -5.094962 0.673631 -2.184843
v -5.083295 0.673681 -2.180012
v -5.094962 0.673631 -2.184843
v -5.083295 0.673681 -2.180012
v -5.107008 0.673632 -2.166510
v -5.093795 0.673580 -2.166500
v -5.107008 0.673632 -2.166510
v -5.093795 0.673580 -2.166500
v -5.104091 0.658974 -2.163587
v -5.091402 0.658921 -2.164441
v -5.126791 0.688311 -2.157985
v -5.123783 0.658974 -2.150713
v -5.146866 0.688317 -2.153892
v -5.146865 0.658980 -2.145999
v -5.166954 0.688317 -2.158078
v -5.169965 0.658980 -2.150808
v -5.184122 0.688317 -2.169322
v -5.189702 0.658980 -2.163738
v -5.195426 0.688312 -2.186407
v -5.202695 0.658975 -2.183391
v -5.195426 0.688312 -2.186407
v -5.202695 0.658975 -2.183391
v -5.199629 0.688311 -2.206430
v -5.207525 0.658974 -2.206419
v -5.195491 0.688310 -2.226482
v -5.202765 0.658972 -2.229478
v -5.184230 0.688311 -2.243618
v -5.189816 0.658974 -2.249184
v -5.184230 0.688311 -2.243618
v -5.189816 0.658974 -2.249184
v -5.167064 0.688311 -2.254898
v -5.170080 0.658974 -2.262152
v -5.167064 0.688311 -2.254898
v -5.170080 0.658974 -2.262152
v -5.146953 0.688311 -2.259079
v -5.146958 0.658974 -2.266958
v -5.126850 0.688311 -2.254924
v -5.123844 0.658974 -2.262181
v -5.109697 0.688311 -2.243651
v -5.104123 0.658974 -2.249220
v -5.098437 0.688311 -2.226480
v -5.091175 0.658974 -2.229477
v -5.098437 0.688311 -2.226480
v -5.091175 0.658974 -2.229477
v -5.094278 0.688311 -2.206369
v -5.086391 0.658974 -2.206358
v -5.091161 0.658972 -2.183264
v -5.098424 0.688310 -2.186287
v -5.109668 0.688311 -2.169176
v -5.104091 0.658974 -2.163587
v -5.126791 0.688311 -2.157985
v -5.123783 0.658974 -2.150713
v -5.094278 0.688311 -2.206369
v -5.098424 0.688310 -2.186287
v -5.146904 0.688313 -2.206511
v -5.184122 0.688317 -2.169322
v -5.195426 0.688312 -2.186407
v -5.146904 0.688313 -2.206511
v -5.109668 0.688311 -2.169176
v -5.126791 0.688311 -2.157985
v -5.146904 0.688313 -2.206511
v -5.184230 0.688311 -2.243618
v -5.167064 0.688311 -2.254898
v -5.146904 0.688313 -2.206511
v -5.126791 0.688311 -2.157985
v -5.146866 0.688317 -2.153892
v -5.146904 0.688313 -2.206511
v -5.146953 0.688311 -2.259079
v -5.126850 0.688311 -2.254924
v -5.146904 0.688313 -2.206511
v -5.109697 0.688311 -2.243651
v -5.098437 0.688311 -2.226480
v -5.146904 0.688313 -2.206511
v -5.199629 0.688311 -2.206430
v -5.195491 0.688310 -2.226482
v -5.146904 0.688313 -2.206511
v -5.166954 0.688317 -2.158078
v -5.184122 0.688317 -2.169322
v -5.146904 0.688313 -2.206511
v -5.146866 0.688317 -2.153892
v -5.166954 0.688317 -2.158078
v -5.146904 0.688313 -2.206511
v -5.098424 0.688310 -2.186287
v -5.109668 0.688311 -2.169176
v -5.146904 0.688313 -2.206511
v -5.098437 0.688311 -2.226480
v -5.094278 0.688311 -2.206369
v -5.146904 0.688313 -2.206511
v -5.195491 0.688310 -2.226482
v -5.184230 0.688311 -2.243618
v -5.146904 0.688313 -2.206511
v -5.126850 0.688311 -2.254924
v -5.109697 0.688311 -2.243651
v -5.146904 0.688313 -2.206511
v -5.195426 0.688312 -2.186407
v -5.199629 0.688311 -2.206430
v -5.146904 0.688313 -2.206511
v -5.167064 0.688311 -2.254898
v -5.146953 0.688311 -2.259079
v -5.146904 0.688313 -2.206511
v -5.109300 0.673585 -2.384124
v -5.111684 0.658926 -2.382019
v -5.120079 0.673688 -2.398381
v -5.123112 0.659029 -2.397125
v -5.120079 0.673688 -2.398381
v -5.123112 0.659029 -2.397125
v -5.122542 0.673585 -2.416088
v -5.125717 0.658927 -2.415890
v -5.096554 0.673580 -2.477814
v -5.098615 0.658921 -2.480206
v -5.083050 0.673682 -2.488323
v -5.084307 0.659023 -2.491345
v -5.083050 0.673682 -2.488323
v -5.084307 0.659023 -2.491345
v -5.066038 0.673578 -2.490458
v -5.066278 0.658919 -2.493605
v -5.003819 0.673574 -2.465293
v -5.001446 0.658916 -2.467393
v -4.992993 0.673678 -2.451037
v -4.989973 0.659020 -2.452288
v -4.992993 0.673678 -2.451037
v -4.989973 0.659020 -2.452288
v -4.990565 0.673574 -2.433304
v -4.987403 0.658916 -2.433499
v -5.029041 0.659023 -2.357976
v -5.030292 0.673681 -2.361001
v -5.014702 0.658919 -2.369131
v -5.016757 0.673578 -2.371526
v -5.030292 0.673681 -2.361001
v -5.029041 0.659023 -2.357976
v -5.047271 0.673580 -2.358872
v -5.047035 0.658921 -2.355723
v -5.096367 0.673638 -2.384823
v -5.109300 0.673585 -2.384124
v -5.108416 0.673638 -2.403214
v -5.120079 0.673688 -2.398381
v -5.099294 0.658980 -2.381902
v -5.111684 0.658926 -2.382019
v -5.096367 0.673638 -2.384823
v -5.109300 0.673585 -2.384124
v -5.108416 0.673638 -2.403214
v -5.120079 0.673688 -2.398381
v -5.112904 0.673638 -2.424738
v -5.122542 0.673585 -2.416088
v -5.112904 0.673638 -2.424738
v -5.122542 0.673585 -2.416088
v -5.117041 0.658980 -2.424736
v -5.125717 0.658927 -2.415890
v -5.096539 0.673632 -2.464602
v -5.096554 0.673580 -2.477814
v -5.078212 0.673631 -2.476658
v -5.083050 0.673682 -2.488323
v -5.099463 0.658974 -2.467518
v -5.098615 0.658921 -2.480206
v -5.096539 0.673632 -2.464602
v -5.096554 0.673580 -2.477814
v -5.078212 0.673631 -2.476658
v -5.083050 0.673682 -2.488323
v -5.056698 0.673632 -2.481109
v -5.066038 0.673578 -2.490458
v -5.056698 0.673632 -2.481109
v -5.066038 0.673578 -2.490458
v -5.056701 0.658974 -2.485235
v -5.066278 0.658919 -2.493605
v -5.016744 0.673632 -2.464580
v -5.003819 0.673574 -2.465293
v -5.004660 0.673632 -2.446203
v -4.992993 0.673678 -2.451037
v -5.013828 0.658974 -2.467499
v -5.001446 0.658916 -2.467393
v -5.016744 0.673632 -2.464580
v -5.003819 0.673574 -2.465293
v -5.004660 0.673632 -2.446203
v -4.992993 0.673678 -2.451037
v -5.000206 0.673632 -2.424667
v -4.990565 0.673574 -2.433304
v -5.000206 0.673632 -2.424667
v -4.990565 0.673574 -2.433304
v -4.996082 0.658974 -2.424667
v -4.987403 0.658916 -2.433499
v -5.013853 0.658974 -2.381820
v -5.014702 0.658919 -2.369131
v -5.016769 0.673632 -2.384739
v -5.016757 0.673578 -2.371526
v -5.016769 0.673632 -2.384739
v -5.016757 0.673578 -2.371526
v -5.035126 0.673631 -2.372667
v -5.030292 0.673681 -2.361001
v -5.035126 0.673631 -2.372667
v -5.030292 0.673681 -2.361001
v -5.056607 0.673632 -2.368221
v -5.047271 0.673580 -2.358872
v -5.056607 0.673632 -2.368221
v -5.047271 0.673580 -2.358872
v -5.056612 0.658974 -2.364093
v -5.047035 0.658921 -2.355723
v -5.076623 0.688311 -2.376183
v -5.079638 0.658974 -2.368913
v -5.093712 0.688317 -2.387483
v -5.099294 0.658980 -2.381902
v -5.104958 0.688317 -2.404648
v -5.112226 0.658980 -2.401636
v -5.109146 0.688317 -2.424737
v -5.117041 0.658980 -2.424736
v -5.105058 0.688312 -2.444812
v -5.112331 0.658975 -2.447819
v -5.105058 0.688312 -2.444812
v -5.112331 0.658975 -2.447819
v -5.093873 0.688311 -2.461943
v -5.099463 0.658974 -2.467518
v -5.076767 0.688310 -2.473195
v -5.079793 0.658972 -2.480458
v -5.056688 0.688311 -2.477350
v -5.056701 0.658974 -2.485235
v -5.056688 0.688311 -2.477350
v -5.056701 0.658974 -2.485235
v -5.036573 0.688311 -2.473188
v -5.033576 0.658974 -2.480450
v -5.036573 0.688311 -2.473188
v -5.033576 0.658974 -2.480450
v -5.019396 0.688311 -2.461923
v -5.013828 0.658974 -2.467499
v -5.008119 0.688311 -2.444771
v -5.000862 0.658974 -2.447775
v -5.003962 0.688311 -2.424670
v -4.996082 0.658974 -2.424667
v -5.008142 0.688311 -2.404566
v -5.000886 0.658974 -2.401551
v -5.008142 0.688311 -2.404566
v -5.000886 0.658974 -2.401551
v -5.019421 0.688311 -2.387405
v -5.013853 0.658974 -2.381820
v -5.033555 0.658972 -2.368864
v -5.036554 0.688310 -2.376137
v -5.056603 0.688311 -2.371988
v -5.056612 0.658974 -2.364093
v -5.076623 0.688311 -2.376183
v -5.079638 0.658974 -2.368913
v -5.019421 0.688311 -2.387405
v -5.036554 0.688310 -2.376137
v -5.056533 0.688313 -2.424718
v -5.109146 0.688317 -2.424737
v -5.105058 0.688312 -2.444812
v -5.056533 0.688313 -2.424718
v -5.056603 0.688311 -2.371988
v -5.076623 0.688311 -2.376183
v -5.056533 0.688313 -2.424718
v -5.056688 0.688311 -2.477350
v -5.036573 0.688311 -2.473188
v -5.056533 0.688313 -2.424718
v -5.076623 0.688311 -2.376183
v -5.093712 0.688317 -2.387483
v -5.056533 0.688313 -2.424718
v -5.019396 0.688311 -2.461923
v -5.008119 0.688311 -2.444771
v -5.056533 0.688313 -2.424718
v -5.003962 0.688311 -2.424670
v -5.008142 0.688311 -2.404566
v -5.056533 0.688313 -2.424718
v -5.093873 0.688311 -2.461943
v -5.076767 0.688310 -2.473195
v -5.056533 0.688313 -2.424718
v -5.104958 0.688317 -2.404648
v -5.109146 0.688317 -2.424737
v -5.056533 0.688313 -2.424718
v -5.093712 0.688317 -2.387483
v -5.104958 0.688317 -2.404648
v -5.056533 0.688313 -2.424718
v -5.036554 0.688310 -2.376137
v -5.056603 0.688311 -2.371988
v -5.056533 0.688313 -2.424718
v -5.008142 0.688311 -2.404566
v -5.019421 0.688311 -2.387405
v -5.056533 0.688313 -2.424718
v -5.076767 0.688310 -2.473195
v -5.056688 0.688311 -2.477350
v -5.056533 0.688313 -2.424718
v -5.008119 0.688311 -2.444771
v -5.003962 0.688311 -2.424670
v -5.056533 0.688313 -2.424718
v -5.105058 0.688312 -2.444812
v -5.093873 0.688311 -2.461943
v -5.056533 0.688313 -2.424718
v -5.036573 0.688311 -2.473188
v -5.019396 0.688311 -2.461923
v -5.056533 0.688313 -2.424718
v -5.282514 0.673585 -2.448721
v -5.282712 0.658926 -2.445548
v -5.300218 0.673688 -2.451181
v -5.301474 0.659029 -2.448148
v -5.300218 0.673688 -2.451181
v -5.301474 0.659029 -2.448148
v -5.314479 0.673585 -2.461960
v -5.316584 0.658927 -2.459575
v -5.339750 0.673580 -2.523983
v -5.342899 0.658921 -2.524218
v -5.337631 0.673682 -2.540963
v -5.340658 0.659023 -2.542211
v -5.337631 0.673682 -2.540963
v -5.340658 0.659023 -2.542211
v -5.327113 0.673578 -2.554503
v -5.329508 0.658919 -2.556558
v -5.265322 0.673574 -2.580703
v -5.265129 0.658916 -2.583866
v -5.247587 0.673678 -2.578278
v -5.246336 0.659020 -2.581298
v -5.247587 0.673678 -2.578278
v -5.246336 0.659020 -2.581298
v -5.233331 0.673574 -2.567455
v -5.231233 0.658916 -2.569829
v -5.207273 0.659023 -2.486984
v -5.210297 0.673681 -2.488238
v -5.205022 0.658919 -2.505011
v -5.208169 0.673578 -2.505250
v -5.210297 0.673681 -2.488238
v -5.207273 0.659023 -2.486984
v -5.220797 0.673580 -2.474727
v -5.218403 0.658921 -2.472667
v -5.273864 0.673638 -2.458361
v -5.282514 0.673585 -2.448721
v -5.295388 0.673638 -2.462846
v -5.300218 0.673688 -2.451181
v -5.273867 0.658980 -2.454226
v -5.282712 0.658926 -2.445548
v -5.273864 0.673638 -2.458361
v -5.282514 0.673585 -2.448721
v -5.295388 0.673638 -2.462846
v -5.300218 0.673688 -2.451181
v -5.313781 0.673638 -2.474892
v -5.314479 0.673585 -2.461960
v -5.313781 0.673638 -2.474892
v -5.314479 0.673585 -2.461960
v -5.316704 0.658980 -2.471965
v -5.316584 0.658927 -2.459575
v -5.330397 0.673632 -2.514652
v -5.339750 0.673580 -2.523983
v -5.325963 0.673631 -2.536135
v -5.337631 0.673682 -2.540963
v -5.334527 0.658974 -2.514646
v -5.342899 0.658921 -2.524218
v -5.330397 0.673632 -2.514652
v -5.339750 0.673580 -2.523983
v -5.325963 0.673631 -2.536135
v -5.337631 0.673682 -2.540963
v -5.313898 0.673632 -2.554495
v -5.327113 0.673578 -2.554503
v -5.313898 0.673632 -2.554495
v -5.327113 0.673578 -2.554503
v -5.316818 0.658974 -2.557411
v -5.329508 0.658919 -2.556558
v -5.273958 0.673632 -2.571060
v -5.265322 0.673574 -2.580703
v -5.252419 0.673632 -2.566609
v -5.247587 0.673678 -2.578278
v -5.273960 0.658974 -2.575185
v -5.265129 0.658916 -2.583866
v -5.273958 0.673632 -2.571060
v -5.265322 0.673574 -2.580703
v -5.252419 0.673632 -2.566609
v -5.247587 0.673678 -2.578278
v -5.234041 0.673632 -2.554530
v -5.233331 0.673574 -2.567455
v -5.234041 0.673632 -2.554530
v -5.233331 0.673574 -2.567455
v -5.231124 0.658974 -2.557447
v -5.231233 0.658916 -2.569829
v -5.213393 0.658974 -2.514584
v -5.205022 0.658919 -2.505011
v -5.217520 0.673632 -2.514586
v -5.208169 0.673578 -2.505250
v -5.217520 0.673632 -2.514586
v -5.208169 0.673578 -2.505250
v -5.221964 0.673631 -2.493070
v -5.210297 0.673681 -2.488238
v -5.221964 0.673631 -2.493070
v -5.210297 0.673681 -2.488238
v -5.234010 0.673632 -2.474737
v -5.220797 0.673580 -2.474727
v -5.234010 0.673632 -2.474737
v -5.220797 0.673580 -2.474727
v -5.231093 0.658974 -2.471814
v -5.218403 0.658921 -2.472667
v -5.253793 0.688311 -2.466212
v -5.250784 0.658974 -2.458940
v -5.273868 0.688317 -2.462119
v -5.273867 0.658980 -2.454226
v -5.293956 0.688317 -2.466305
v -5.296966 0.658980 -2.459035
v -5.311123 0.688317 -2.477548
v -5.316704 0.658980 -2.471965
v -5.322427 0.688312 -2.494634
v -5.329697 0.658975 -2.491618
v -5.322427 0.688312 -2.494634
v -5.329697 0.658975 -2.491618
v -5.326631 0.688311 -2.514657
v -5.334527 0.658974 -2.514646
v -5.322493 0.688310 -2.534708
v -5.329767 0.658972 -2.537704
v -5.311232 0.688311 -2.551844
v -5.316818 0.658974 -2.557411
v -5.311232 0.688311 -2.551844
v -5.316818 0.658974 -2.557411
v -5.294066 0.688311 -2.563125
v -5.297082 0.658974 -2.570379
v -5.294066 0.688311 -2.563125
v -5.297082 0.658974 -2.570379
v -5.273955 0.688311 -2.567305
v -5.273960 0.658974 -2.575185
v -5.253852 0.688311 -2.563151
v -5.250845 0.658974 -2.570408
v -5.236700 0.688311 -2.551878
v -5.231124 0.658974 -2.557447
v -5.225439 0.688311 -2.534706
v -5.218177 0.658974 -2.537704
v -5.225439 0.688311 -2.534706
v -5.218177 0.658974 -2.537704
v -5.221280 0.688311 -2.514596
v -5.213393 0.658974 -2.514584
v -5.218163 0.658972 -2.491491
v -5.225427 0.688310 -2.494513
v -5.236670 0.688311 -2.477403
v -5.231093 0.658974 -2.471814
v -5.253793 0.688311 -2.466212
v -5.250784 0.658974 -2.458940
v -5.221280 0.688311 -2.514596
v -5.225427 0.688310 -2.494513
v -5.273906 0.688313 -2.514738
v -5.311123 0.688317 -2.477548
v -5.322427 0.688312 -2.494634
v -5.273906 0.688313 -2.514738
v -5.236670 0.688311 -2.477403
v -5.253793 0.688311 -2.466212
v -5.273906 0.688313 -2.514738
v -5.311232 0.688311 -2.551844
v -5.294066 0.688311 -2.563125
v -5.273906 0.688313 -2.514738
v -5.253793 0.688311 -2.466212
v -5.273868 0.688317 -2.462119
v -5.273906 0.688313 -2.514738
v -5.273955 0.688311 -2.567305
v -5.253852 0.688311 -2.563151
v -5.273906 0.688313 -2.514738
v -5.236700 0.688311 -2.551878
v -5.225439 0.688311 -2.534706
v -5.273906 0.688313 -2.514738
v -5.326631 0.688311 -2.514657
v -5.322493 0.688310 -2.534708
v -5.273906 0.688313 -2.514738
v -5.293956 0.688317 -2.466305
v -5.311123 0.688317 -2.477548
v -5.273906 0.688313 -2.514738
v -5.273868 0.688317 -2.462119
v -5.293956 0.688317 -2.466305
v -5.273906 0.688313 -2.514738
v -5.225427 0.688310 -2.494513
v -5.236670 0.688311 -2.477403
v -5.273906 0.688313 -2.514738
v -5.225439 0.688311 -2.534706
v -5.221280 0.688311 -2.514596
v -5.273906 0.688313 -2.514738
v -5.322493 0.688310 -2.534708
v -5.311232 0.688311 -2.551844
v -5.273906 0.688313 -2.514738
v -5.253852 0.688311 -2.563151
v -5.236700 0.688311 -2.551878
v -5.273906 0.688313 -2.514738
v -5.322427 0.688312 -2.494634
v -5.326631 0.688311 -2.514657
v -5.273906 0.688313 -2.514738
v -5.294066 0.688311 -2.563125
v -5.273955 0.688311 -2.567305
v -5.273906 0.688313 -2.514738
v -5.100476 0.277445 -1.116387
v -5.153710 0.302720 -1.113289
v -5.102232 0.275226 -1.121884
v -5.154714 0.300145 -1.118832
v -5.051723 0.233938 -1.121448
v -5.054149 0.232182 -1.126863
v -5.104697 0.271670 -1.126201
v -5.156130 0.296096 -1.123211
v -5.057485 0.229194 -1.131089
v -5.107631 0.267124 -1.128915
v -5.157819 0.290968 -1.125998
v -5.061405 0.225267 -1.133713
v -5.110748 0.262034 -1.129761
v -5.159616 0.285264 -1.126919
v -5.065526 0.220786 -1.134478
v -5.113740 0.256898 -1.128656
v -5.161344 0.279542 -1.125884
v -5.069444 0.216188 -1.133308
v -5.024818 0.158047 -1.142532
v -5.020806 0.162613 -1.143598
v -5.016417 0.166891 -1.142821
v -5.012079 0.170463 -1.140278
v -5.116318 0.252218 -1.125709
v -5.162835 0.274362 -1.122996
v -5.072775 0.211924 -1.130319
v -5.118227 0.248453 -1.121207
v -5.163942 0.270231 -1.118536
v -5.075194 0.208411 -1.125803
v -5.119279 0.245971 -1.115591
v -5.164558 0.267554 -1.112940
v -5.076464 0.205994 -1.120201
v -5.119374 0.245015 -1.109412
v -5.164622 0.266592 -1.106758
v -5.076461 0.204908 -1.114063
v -5.118501 0.245679 -1.103274
v -5.164128 0.267441 -1.100593
v -5.075183 0.205261 -1.107989
v -4.816292 0.036678 -1.397554
v -4.824860 0.038977 -1.340492
v -4.822317 0.037533 -1.397599
v -4.830745 0.039834 -1.341773
v -4.820989 0.038322 -1.450847
v -4.826930 0.039004 -1.449686
v -4.828350 0.036448 -1.397735
v -4.836656 0.038745 -1.342971
v -4.832932 0.037822 -1.448871
v -4.839121 0.054352 -1.503640
v -4.844778 0.054648 -1.501383
v -4.865785 0.090853 -1.550185
v -4.870990 0.090575 -1.547010
v -4.850631 0.053257 -1.499867
v -4.876549 0.088810 -1.544955
v -4.897809 0.148400 -1.585025
v -4.902424 0.147411 -1.581150
v -4.944035 0.209854 -1.612872
v -4.947908 0.208148 -1.608468
v -4.907496 0.145076 -1.578594
v -4.952218 0.205133 -1.605425
v -4.833801 0.033530 -1.397948
v -4.842016 0.035819 -1.343969
v -4.838409 0.034893 -1.448480
v -4.838137 0.029064 -1.398217
v -4.846299 0.031342 -1.344669
v -4.842824 0.030503 -1.448553
v -4.840933 0.023489 -1.398517
v -4.849086 0.025751 -1.345002
v -4.845744 0.025082 -1.449083
v -4.856107 0.050313 -1.499239
v -4.881917 0.085730 -1.544219
v -4.912529 0.141624 -1.577608
v -4.956541 0.201104 -1.604042
v -4.860670 0.046106 -1.499561
v -4.886568 0.081637 -1.544876
v -4.863873 0.041046 -1.500801
v -4.890048 0.076932 -1.546861
v -4.917029 0.137391 -1.578289
v -4.960454 0.196454 -1.604452
v -4.920557 0.132793 -1.580569
v -4.963575 0.191640 -1.606617
v -5.013151 0.254750 -1.634163
v -5.010129 0.257047 -1.638971
v -5.077038 0.285394 -1.660551
v -5.079393 0.282711 -1.655486
v -5.016424 0.251067 -1.630661
v -5.081754 0.278533 -1.651644
v -5.125456 0.295812 -1.674693
v -5.127587 0.292982 -1.669546
v -5.213030 0.298949 -1.700584
v -5.210816 0.301790 -1.705697
v -5.129529 0.288596 -1.665554
v -5.214933 0.294532 -1.696583
v -5.019630 0.246358 -1.628812
v -5.083890 0.273269 -1.649400
v -5.022453 0.241084 -1.628793
v -5.085592 0.267433 -1.648974
v -5.024617 0.235761 -1.630609
v -5.086693 0.261596 -1.650407
v -5.131090 0.283084 -1.663107
v -5.216341 0.288973 -1.694087
v -5.132120 0.276985 -1.662444
v -5.217114 0.282814 -1.693340
v -5.132517 0.270896 -1.663631
v -5.217178 0.276660 -1.694416
v -4.841916 0.017348 -1.398817
v -4.850106 0.019594 -1.344936
v -4.846884 0.019160 -1.450016
v -4.840990 0.011244 -1.399089
v -4.849257 0.013474 -1.344477
v -4.846133 0.013318 -1.451263
v -4.865404 0.035629 -1.502838
v -4.892015 0.072076 -1.549979
v -4.865111 0.030386 -1.505473
v -4.892277 0.067543 -1.553926
v -4.922767 0.128279 -1.584225
v -4.965598 0.187131 -1.610324
v -4.923442 0.124292 -1.588900
v -4.966325 0.183371 -1.615210
v -4.838244 0.005774 -1.399305
v -4.846623 0.007990 -1.343670
v -4.843563 0.008127 -1.452701
v -4.833948 0.001473 -1.399445
v -4.842462 0.003679 -1.342595
v -4.839427 0.004095 -1.454190
v -4.828523 -0.001238 -1.399495
v -4.837181 0.000962 -1.341356
v -4.834129 0.001617 -1.455582
v -4.863024 0.025830 -1.508447
v -4.890808 0.063778 -1.558314
v -4.922517 0.121221 -1.594135
v -4.965685 0.180726 -1.620798
v -4.859347 0.022406 -1.511470
v -4.887753 0.061148 -1.562715
v -4.854440 0.020450 -1.514245
v -4.883410 0.059912 -1.566698
v -4.920083 0.119368 -1.599419
v -4.963741 0.179456 -1.626539
v -4.916376 0.118913 -1.604235
v -4.960681 0.179685 -1.631873
v -5.025911 0.230911 -1.634080
v -5.087085 0.256331 -1.653561
v -5.026207 0.227007 -1.638868
v -5.086731 0.252153 -1.658125
v -5.132242 0.265413 -1.666551
v -5.216526 0.271113 -1.697208
v -5.131321 0.261073 -1.670919
v -5.215220 0.266715 -1.701444
v -5.025478 0.224433 -1.644503
v -5.085665 0.249470 -1.663652
v -5.023794 0.223440 -1.650434
v -5.083991 0.248545 -1.669603
v -5.021319 0.224125 -1.656080
v -5.081872 0.249469 -1.675394
v -5.129846 0.258301 -1.676306
v -5.213391 0.263897 -1.706708
v -5.127960 0.257368 -1.682186
v -5.211216 0.262934 -1.712486
v -5.125849 0.258365 -1.687983
v -5.208910 0.263922 -1.718213
v -5.116746 0.247897 -1.097777
v -5.163124 0.270016 -1.095050
v -5.072759 0.207017 -1.102574
v -5.114281 0.251453 -1.093460
v -5.161708 0.274065 -1.090671
v -5.069423 0.210004 -1.098348
v -5.111347 0.255999 -1.090746
v -5.160019 0.279193 -1.087885
v -5.065502 0.213931 -1.095724
v -5.108230 0.261089 -1.089899
v -5.158222 0.284897 -1.086963
v -5.061382 0.218413 -1.094959
v -5.105237 0.266226 -1.091004
v -5.156494 0.290619 -1.087998
v -5.057464 0.223011 -1.096129
v -5.025671 0.146373 -1.113338
v -5.021809 0.148890 -1.109278
v -5.017471 0.152462 -1.106736
v -5.013081 0.156740 -1.105959
v -5.009069 0.161306 -1.107025
v -5.102660 0.270906 -1.093952
v -5.155003 0.295799 -1.090886
v -5.054132 0.227275 -1.099118
v -5.100751 0.274671 -1.098454
v -5.153895 0.299930 -1.095347
v -5.051713 0.230787 -1.103634
v -5.213244 0.309205 -1.094052
v -5.153279 0.302607 -1.100942
v -5.213048 0.312008 -1.099632
v -5.099699 0.277153 -1.104069
v -5.050443 0.233205 -1.109236
v -5.153215 0.303568 -1.107124
v -5.213010 0.312984 -1.105813
v -5.153710 0.302720 -1.113289
v -5.213135 0.312036 -1.111989
v -5.099603 0.278109 -1.110248
v -5.050447 0.234290 -1.115374
v -5.100476 0.277445 -1.116387
v -5.051723 0.233938 -1.121448
v -5.005208 0.174194 -1.131039
v -5.003350 0.173987 -1.125246
v -5.002821 0.172379 -1.119408
v -5.003675 0.169528 -1.114095
v -4.822499 -0.002092 -1.399450
v -4.831296 0.000106 -1.340074
v -4.828188 0.000936 -1.456743
v -4.816466 -0.001008 -1.399314
v -4.825385 0.001194 -1.338876
v -4.822186 0.002117 -1.457559
v -4.848783 0.020154 -1.516501
v -4.878204 0.060190 -1.569873
v -4.842930 0.021545 -1.518018
v -4.872645 0.061956 -1.571928
v -4.911761 0.119901 -1.608110
v -4.956808 0.181391 -1.636277
v -4.906688 0.122236 -1.610665
v -4.952499 0.184406 -1.639319
v -4.811014 0.001910 -1.399101
v -4.816710 0.005046 -1.457950
v -4.820025 0.004120 -1.337878
v -4.806678 0.006376 -1.398832
v -4.812295 0.009436 -1.457877
v -4.815742 0.008598 -1.337178
v -4.803882 0.011952 -1.398532
v -4.812954 0.014189 -1.336845
v -4.809375 0.014858 -1.457347
v -4.837454 0.024489 -1.518646
v -4.867277 0.065035 -1.572664
v -4.901656 0.125689 -1.611651
v -4.948176 0.188435 -1.640703
v -4.832891 0.028697 -1.518324
v -4.862626 0.069128 -1.572007
v -4.829688 0.033756 -1.517084
v -4.859147 0.073833 -1.570022
v -4.897155 0.129921 -1.610971
v -4.944263 0.193085 -1.640292
v -4.893627 0.134520 -1.608691
v -4.941142 0.197899 -1.638128
v -5.079517 0.252152 -1.680459
v -5.018297 0.226422 -1.660889
v -5.015024 0.230105 -1.664390
v -5.077157 0.256330 -1.684301
v -5.123718 0.261196 -1.693129
v -5.206695 0.266764 -1.723326
v -5.121777 0.265582 -1.697121
v -5.204792 0.271180 -1.727327
v -5.011818 0.234814 -1.666240
v -5.075021 0.261594 -1.686546
v -5.008996 0.240088 -1.666258
v -5.073319 0.267431 -1.686971
v -5.006831 0.245411 -1.664443
v -5.072218 0.273267 -1.685537
v -5.120214 0.271094 -1.699569
v -5.203384 0.276740 -1.729823
v -5.119185 0.277193 -1.700231
v -5.202611 0.282898 -1.730569
v -5.118788 0.283282 -1.699044
v -5.202547 0.289052 -1.729494
v -4.802899 0.018092 -1.398232
v -4.811935 0.020345 -1.336911
v -4.808235 0.020779 -1.456413
v -4.803825 0.024196 -1.397960
v -4.812784 0.026465 -1.337370
v -4.808986 0.026621 -1.455166
v -4.828157 0.039173 -1.515047
v -4.857179 0.078689 -1.566904
v -4.828450 0.044416 -1.512412
v -4.856917 0.083222 -1.562957
v -4.891418 0.139033 -1.605035
v -4.939119 0.202407 -1.634420
v -4.890742 0.143021 -1.600360
v -4.938392 0.206168 -1.629534
v -4.806571 0.029667 -1.397744
v -4.815418 0.031949 -1.338177
v -4.811555 0.031813 -1.453729
v -4.810867 0.033967 -1.397604
v -4.819579 0.036261 -1.339252
v -4.815691 0.035844 -1.452240
v -4.816292 0.036678 -1.397554
v -4.824860 0.038977 -1.340492
v -4.820989 0.038322 -1.450847
v -4.830537 0.048972 -1.509438
v -4.858386 0.086988 -1.558568
v -4.891667 0.146091 -1.595124
v -4.939032 0.208813 -1.623947
v -4.834214 0.052396 -1.506415
v -4.861441 0.089617 -1.554167
v -4.839121 0.054352 -1.503640
v -4.865785 0.090853 -1.550185
v -4.894102 0.147945 -1.589840
v -4.940977 0.210083 -1.618205
v -4.897809 0.148400 -1.585025
v -4.944035 0.209854 -1.612872
v -5.005537 0.250261 -1.660971
v -5.071825 0.278532 -1.682384
v -5.005241 0.254165 -1.656184
v -5.072179 0.282710 -1.677820
v -5.119063 0.288765 -1.696124
v -5.203200 0.294600 -1.726702
v -5.119984 0.293105 -1.691757
v -5.204505 0.298998 -1.722466
v -5.005970 0.256739 -1.650549
v -5.073246 0.285393 -1.672292
v -5.007655 0.257732 -1.644618
v -5.074920 0.286318 -1.666342
v -5.010129 0.257047 -1.638971
v -5.077038 0.285394 -1.660551
v -5.121459 0.295877 -1.686370
v -5.206334 0.301816 -1.717202
v -5.123344 0.296810 -1.680490
v -5.208509 0.302778 -1.711424
v -5.125456 0.295812 -1.674693
v -5.210816 0.301790 -1.705697
v -5.214744 0.304801 -1.122688
v -5.214066 0.309038 -1.118286
v -5.213135 0.312036 -1.111989
v -5.215569 0.299450 -1.125501
v -5.217332 0.287556 -1.125444
v -5.216461 0.293507 -1.126451
v -5.008216 0.172980 -1.136218
v -5.005208 0.174194 -1.131039
v -5.218680 0.277901 -1.118137
v -5.218097 0.282179 -1.122580
v -5.219026 0.275142 -1.112553
v -5.218894 0.275085 -1.100199
v -5.219100 0.274172 -1.106371
v -5.217752 0.282030 -1.090239
v -5.218430 0.277793 -1.094640
v -5.216927 0.287382 -1.087425
v -5.215164 0.299275 -1.087482
v -5.216035 0.293324 -1.086475
v -5.028678 0.145159 -1.118518
v -5.214399 0.304653 -1.090346
v -5.005828 0.165712 -1.109828
v -5.031065 0.146974 -1.130149
v -5.030212 0.149825 -1.135462
v -5.028059 0.153641 -1.139729
v -5.030538 0.145366 -1.124311
v -4.955200 0.111553 -1.136472
v -4.955638 0.108268 -1.131448
v -4.957525 0.104150 -1.127431
v -4.960675 0.099601 -1.124813
v -4.964780 0.095067 -1.123852
v -4.969439 0.090992 -1.124640
v -4.974195 0.087775 -1.127102
v -4.978582 0.085730 -1.130996
v -4.982173 0.085058 -1.135940
v -4.984614 0.085824 -1.141451
v -4.985667 0.087954 -1.146990
v -4.985229 0.091239 -1.152014
v -4.983343 0.095358 -1.156032
v -4.980193 0.099907 -1.158649
v -4.976087 0.104440 -1.159611
v -4.971429 0.108515 -1.158822
v -4.966672 0.111733 -1.156361
v -4.962285 0.113777 -1.152467
v -4.958694 0.114449 -1.147522
v -4.958694 0.114449 -1.147522
v -4.956253 0.113683 -1.142011
v -4.866646 0.042406 -1.236354
v -4.862355 0.040190 -1.232698
v -4.876633 0.045807 -1.219229
v -4.872391 0.043608 -1.215560
v -4.888182 0.052262 -1.204114
v -4.883923 0.050048 -1.200460
v -4.888182 0.052262 -1.204114
v -4.893208 0.052697 -1.207639
v -4.876633 0.045807 -1.219229
v -4.881604 0.046230 -1.222731
v -4.866646 0.042406 -1.236354
v -4.871593 0.042825 -1.239813
v -4.898485 0.051291 -1.210678
v -4.886812 0.044843 -1.225730
v -4.876711 0.041460 -1.242770
v -4.903491 0.048207 -1.212891
v -4.891761 0.041795 -1.227920
v -4.881564 0.038466 -1.244936
v -4.907711 0.043770 -1.214078
v -4.895973 0.037379 -1.229101
v -4.885721 0.034094 -1.246133
v -4.910729 0.038426 -1.214156
v -4.899035 0.032014 -1.229163
v -4.888780 0.028705 -1.246238
v -4.912302 0.032704 -1.213110
v -4.900655 0.026219 -1.228081
v -4.890416 0.022801 -1.245169
v -4.912302 0.027144 -1.211027
v -4.900670 0.020565 -1.225945
v -4.890427 0.016994 -1.242988
v -4.910750 0.022285 -1.208067
v -4.899780 0.017103 -1.223976
v -4.888811 0.011921 -1.239885
v -4.907748 0.018585 -1.204538
v -4.896039 0.011878 -1.219410
v -4.885732 0.008111 -1.236249
v -4.903542 0.016407 -1.200811
v -4.891829 0.009694 -1.215700
v -4.881514 0.005918 -1.232504
v -4.898550 0.015991 -1.197256
v -4.886875 0.009278 -1.212181
v -4.876599 0.005505 -1.229009
v -4.893277 0.017388 -1.194235
v -4.881662 0.010662 -1.209193
v -4.871458 0.006869 -1.226073
v -4.888275 0.020462 -1.192034
v -4.876704 0.013709 -1.207011
v -4.866565 0.009872 -1.223931
v -4.884027 0.024882 -1.190878
v -4.872473 0.018123 -1.205854
v -4.862360 0.014252 -1.222797
v -4.880938 0.030195 -1.190872
v -4.869378 0.023476 -1.205839
v -4.859243 0.019625 -1.222805
v -4.879295 0.035888 -1.191996
v -4.867729 0.029255 -1.206965
v -4.857561 0.025494 -1.223970
v -4.879253 0.041424 -1.194127
v -4.867697 0.034895 -1.209123
v -4.857525 0.031272 -1.226191
v -4.880844 0.046302 -1.197035
v -4.870015 0.041327 -1.213119
v -4.859186 0.036351 -1.229203
v -4.932315 0.082881 -1.170583
v -4.906620 0.061342 -1.192467
v -4.928084 0.083021 -1.166179
v -4.902430 0.061449 -1.188110
v -4.899162 0.059961 -1.183345
v -4.924751 0.081525 -1.161316
v -4.902430 0.061449 -1.188110
v -4.928084 0.083021 -1.166179
v -4.937027 0.081183 -1.174116
v -4.911345 0.059670 -1.196000
v -4.941800 0.078127 -1.176473
v -4.916177 0.056590 -1.198375
v -4.946186 0.073950 -1.177472
v -4.920627 0.052353 -1.199388
v -4.949816 0.069039 -1.176978
v -4.924282 0.047377 -1.198884
v -4.952309 0.063838 -1.174997
v -4.926753 0.042154 -1.196898
v -4.953357 0.058859 -1.171698
v -4.927769 0.037216 -1.193639
v -4.952805 0.054621 -1.167425
v -4.927221 0.033058 -1.189461
v -4.950675 0.051535 -1.162662
v -4.925146 0.030061 -1.184830
v -4.947260 0.049948 -1.157880
v -4.921807 0.028526 -1.180155
v -4.942943 0.049991 -1.153543
v -4.917546 0.028590 -1.175870
v -4.938159 0.051628 -1.150042
v -4.912772 0.030242 -1.172369
v -4.933359 0.054691 -1.147678
v -4.907938 0.033333 -1.169982
v -4.928953 0.058876 -1.146680
v -4.903484 0.037566 -1.168973
v -4.925376 0.063836 -1.147142
v -4.899873 0.042555 -1.169436
v -4.922987 0.069112 -1.149057
v -4.897473 0.047808 -1.171344
v -4.922048 0.074178 -1.152277
v -4.896532 0.052792 -1.174517
v -4.922673 0.078487 -1.156501
v -4.897134 0.056991 -1.178642
v -4.860588 0.007341 -1.300731
v -4.876280 0.009292 -1.263851
v -4.856804 0.003128 -1.298344
v -4.872611 0.005225 -1.261601
v -4.867790 0.002682 -1.259085
v -4.851930 0.000548 -1.295755
v -4.862258 0.001960 -1.256561
v -4.846453 -0.000172 -1.293246
v -4.855352 0.034978 -1.302772
v -4.870837 0.036346 -1.265820
v -4.859496 0.030537 -1.303873
v -4.875108 0.031800 -1.266872
v -4.877929 0.026260 -1.267188
v -4.862303 0.024998 -1.304257
v -4.879075 0.020300 -1.266755
v -4.863483 0.018875 -1.303842
v -4.839170 0.038382 -1.296540
v -4.854251 0.039872 -1.259475
v -4.844698 0.039102 -1.298924
v -4.859812 0.040602 -1.261916
v -4.865544 0.039393 -1.264113
v -4.850263 0.037923 -1.301071
v -4.834227 0.035798 -1.294123
v -4.849418 0.037332 -1.257034
v -4.839170 0.038382 -1.296540
v -4.854251 0.039872 -1.259475
v -4.878497 0.014474 -1.265617
v -4.862894 0.012778 -1.302634
v -4.830389 0.031582 -1.291888
v -4.845747 0.033274 -1.254814
v -4.835784 0.003958 -1.289407
v -4.851326 0.006212 -1.252554
v -4.831595 0.008410 -1.288412
v -4.847075 0.010747 -1.251492
v -4.844228 0.016284 -1.251222
v -4.828737 0.013955 -1.288184
v -4.843029 0.022256 -1.251748
v -4.827512 0.020070 -1.288743
v -4.856570 0.003174 -1.254303
v -4.840898 0.001007 -1.291065
v -4.843555 0.028093 -1.252994
v -4.828072 0.026153 -1.290028
v -5.245836 0.312611 -1.099726
v -5.245752 0.313588 -1.105906
v -5.245669 0.312621 -1.112084
v -5.245669 0.312621 -1.112084
v -5.245595 0.309699 -1.117996
v -5.245534 0.305356 -1.122412
v -5.245494 0.299881 -1.125244
v -5.245480 0.293810 -1.126212
v -5.245492 0.287739 -1.125223
v -5.245530 0.282261 -1.122373
v -5.245590 0.277911 -1.117942
v -5.245665 0.275112 -1.112363
v -5.245748 0.274137 -1.106182
v -5.245831 0.275083 -1.100005
v -5.245907 0.277856 -1.094437
v -5.245967 0.282189 -1.090021
v -5.246006 0.287657 -1.087190
v -5.246021 0.293727 -1.086222
v -5.246009 0.299804 -1.087210
v -5.245973 0.305293 -1.090059
v -5.245911 0.309786 -1.094148
v -4.601211 0.030986 1.747168
v -4.693518 0.030969 1.518768
v -4.598773 0.025278 1.746437
v -4.691278 0.025266 1.517582
v -4.605176 0.035624 1.748481
v -4.697242 0.035604 1.520652
v -4.599262 0.012939 1.746944
v -4.691957 0.012938 1.517694
v -4.602140 0.007515 1.748132
v -4.694809 0.007519 1.518981
v -4.598102 0.019060 1.746360
v -4.690740 0.019053 1.517212
v -5.099872 0.387906 1.178251
v -5.100485 0.386827 1.172128
v -5.033878 0.333836 1.180770
v -5.034333 0.332528 1.174746
v -5.163719 0.398259 1.175011
v -5.163670 0.399340 1.181179
v -5.101724 0.384133 1.166668
v -5.035860 0.329826 1.169376
v -5.164031 0.395404 1.169486
v -5.103467 0.380085 1.162404
v -5.038307 0.325992 1.165187
v -5.164575 0.391055 1.165167
v -5.105544 0.375081 1.159752
v -5.041435 0.321403 1.162588
v -5.165298 0.385637 1.162495
v -5.107751 0.369610 1.158971
v -5.044937 0.316508 1.161834
v -5.166131 0.379681 1.161726
v -4.606455 0.003318 1.749807
v -4.699018 0.003329 1.520946
v -4.611784 0.000760 1.751807
v -4.704172 0.000775 1.523397
v -4.623351 0.001376 1.755981
v -4.715252 0.001396 1.528775
v -4.628456 0.004490 1.757748
v -4.720094 0.004509 1.531174
v -4.617607 0.000091 1.753934
v -4.709766 0.000109 1.526095
v -5.048472 0.311786 1.162999
v -5.109862 0.364204 1.160160
v -5.166989 0.373771 1.162924
v -5.111666 0.359390 1.163211
v -5.051693 0.307699 1.165968
v -5.167790 0.368483 1.165956
v -5.112995 0.355641 1.167819
v -5.054285 0.304647 1.170450
v -5.168456 0.364337 1.170511
v -5.113725 0.353327 1.173519
v -5.168920 0.361738 1.176121
v -5.113791 0.352677 1.179742
v -5.169139 0.360940 1.182245
v -5.055994 0.302930 1.176008
v -5.056652 0.302714 1.182097
v -4.632421 0.009128 1.759061
v -4.723817 0.009144 1.533059
v -4.634858 0.014835 1.759792
v -4.726058 0.014848 1.534245
v -4.634369 0.027175 1.759285
v -4.725380 0.027176 1.534133
v -4.631490 0.032599 1.758097
v -4.722528 0.032594 1.532846
v -4.635530 0.021054 1.759869
v -4.726596 0.021061 1.534614
v -5.113186 0.353755 1.185873
v -5.056196 0.304021 1.188121
v -5.169089 0.362022 1.188295
v -5.111965 0.356457 1.191312
v -5.054670 0.306724 1.193490
v -5.168777 0.364877 1.193735
v -5.110249 0.360518 1.195516
v -5.052223 0.310558 1.197679
v -5.168233 0.369226 1.198001
v -5.108192 0.365535 1.198109
v -5.167510 0.374644 1.200706
v -5.049095 0.315146 1.200278
v -5.105998 0.371014 1.198842
v -5.045593 0.320041 1.201032
v -5.166678 0.380599 1.201552
v -4.627176 0.036795 1.756421
v -4.718318 0.036785 1.530881
v -4.621847 0.039354 1.754422
v -4.713164 0.039338 1.528430
v -4.610281 0.038737 1.750247
v -4.702084 0.038718 1.523052
v -4.605176 0.035624 1.748481
v -4.697242 0.035604 1.520652
v -4.616025 0.040023 1.752294
v -4.707570 0.040004 1.525732
v -5.103880 0.376419 1.197652
v -5.165820 0.386510 1.200437
v -5.042058 0.324764 1.199868
v -5.102052 0.381223 1.194640
v -5.038837 0.328851 1.196899
v -5.165019 0.391797 1.197501
v -5.100696 0.384960 1.190087
v -5.036245 0.331902 1.192416
v -5.164353 0.395943 1.192998
v -5.099945 0.387262 1.184438
v -5.034536 0.333620 1.186858
v -5.163888 0.398543 1.187370
v -5.099872 0.387906 1.178251
v -5.033878 0.333836 1.180770
v -5.163670 0.399340 1.181179
v -4.525476 0.021610 2.028920
v -4.530794 0.024592 2.029276
v -4.500497 0.033571 2.024800
v -4.503464 0.028133 2.025668
v -4.500045 0.045817 2.023592
v -4.502603 0.051426 2.023371
v -4.506744 0.055942 2.023442
v -4.499319 0.039664 2.024085
v -4.513454 0.021237 2.027514
v -4.507928 0.023883 2.026603
v -4.519501 0.020454 2.028313
v -4.506744 0.055942 2.023442
v -4.512063 0.058925 2.023798
v -4.534074 0.052401 2.027050
v -4.537042 0.046963 2.027918
v -4.537494 0.034718 2.029125
v -4.534935 0.029109 2.029347
v -4.538219 0.040870 2.028633
v -4.524084 0.059297 2.025203
v -4.529610 0.056651 2.026115
v -4.518037 0.060081 2.024405
v -4.877747 0.045890 1.222718
v -4.881560 0.041105 1.222833
v -4.869167 0.037466 1.231902
v -4.872965 0.032708 1.232014
v -4.860509 0.032243 1.243126
v -4.864306 0.027482 1.243243
v -4.857929 0.037533 1.244391
v -4.866596 0.042734 1.233165
v -4.875151 0.051215 1.223993
v -4.886196 0.037318 1.224297
v -4.877609 0.028919 1.233479
v -4.868939 0.023701 1.244709
v -4.874579 0.061284 1.230134
v -4.874059 0.056536 1.226550
v -4.866037 0.052696 1.239233
v -4.865450 0.049681 1.236742
v -4.857362 0.047575 1.250517
v -4.856842 0.042825 1.246934
v -4.859447 0.051299 1.254747
v -4.868108 0.056390 1.243422
v -4.876657 0.064990 1.234347
v -4.820573 0.028668 1.298142
v -4.820762 0.022916 1.296736
v -4.812473 0.027014 1.310752
v -4.812665 0.021186 1.309323
v -4.804372 0.025360 1.323362
v -4.804570 0.019457 1.321909
v -4.805852 0.030742 1.325713
v -4.813928 0.032328 1.313082
v -4.822005 0.033914 1.300451
v -4.808838 0.035064 1.328756
v -4.816678 0.035807 1.315832
v -4.824907 0.038155 1.303475
v -4.859447 0.051299 1.254747
v -4.862866 0.053631 1.259188
v -4.868108 0.056390 1.243422
v -4.871512 0.058709 1.247835
v -4.876657 0.064990 1.234347
v -4.880053 0.067302 1.238753
v -4.808838 0.035064 1.328756
v -4.813012 0.037904 1.332214
v -4.816678 0.035807 1.315832
v -4.820808 0.038639 1.319329
v -4.824907 0.038155 1.303475
v -4.829015 0.040976 1.306952
v -4.822540 0.017184 1.296407
v -4.814262 0.014557 1.308678
v -4.806393 0.013623 1.321543
v -4.825753 0.012025 1.297209
v -4.830099 0.007960 1.299085
v -4.817482 0.009378 1.309484
v -4.821815 0.005324 1.311350
v -4.809640 0.008434 1.322311
v -4.813977 0.004389 1.324148
v -4.900459 0.034696 1.234695
v -4.903852 0.037009 1.239087
v -4.891985 0.026281 1.243957
v -4.895388 0.028600 1.248363
v -4.883294 0.021073 1.255180
v -4.886714 0.023403 1.259605
v -4.878902 0.020338 1.250968
v -4.887598 0.025547 1.239751
v -4.896104 0.033968 1.230520
v -4.905937 0.040719 1.243276
v -4.897464 0.032293 1.252538
v -4.888808 0.027125 1.263808
v -4.891201 0.034871 1.226944
v -4.882648 0.026456 1.236143
v -4.873962 0.021246 1.247365
v -4.835151 0.005412 1.301853
v -4.840407 0.004652 1.305214
v -4.826837 0.002794 1.314094
v -4.832059 0.002040 1.317437
v -4.818979 0.001871 1.326872
v -4.824175 0.001120 1.330204
v -4.845318 0.005744 1.308845
v -4.836961 0.003132 1.321059
v -4.829055 0.002212 1.333846
v -4.849398 0.008555 1.312376
v -4.841065 0.005962 1.324603
v -4.833148 0.005051 1.337441
v -4.852268 0.012789 1.315460
v -4.844161 0.011080 1.328040
v -4.836053 0.009372 1.340621
v -4.906480 0.045489 1.246832
v -4.897916 0.038685 1.257094
v -4.889350 0.031880 1.267356
v -4.905391 0.050823 1.249388
v -4.896919 0.042268 1.258589
v -4.888267 0.037182 1.269896
v -4.853679 0.018029 1.317799
v -4.845586 0.016391 1.330418
v -4.837494 0.014753 1.343038
v -4.853528 0.023790 1.319150
v -4.845436 0.022224 1.331779
v -4.837345 0.020658 1.344409
v -4.902781 0.056155 1.250674
v -4.894340 0.047540 1.259859
v -4.885674 0.042479 1.271175
v -4.851796 0.029528 1.319419
v -4.843489 0.027213 1.331748
v -4.835599 0.026493 1.344642
v -4.898946 0.060935 1.250572
v -4.890532 0.052297 1.259755
v -4.881858 0.047240 1.271076
v -4.848617 0.034693 1.318574
v -4.840298 0.032393 1.330898
v -4.832429 0.031683 1.343741
v -4.844277 0.038765 1.316685
v -4.835979 0.036448 1.329008
v -4.828140 0.035728 1.341821
v -4.894300 0.064704 1.249120
v -4.885882 0.056079 1.258298
v -4.877215 0.051014 1.269631
v -4.867261 0.054367 1.263396
v -4.875901 0.059444 1.252040
v -4.884408 0.068032 1.242924
v -4.839207 0.041314 1.313925
v -4.830955 0.038978 1.326262
v -4.823150 0.038244 1.339082
v -4.889304 0.067138 1.246485
v -4.880847 0.058537 1.255640
v -4.872198 0.053463 1.266985
v -4.833945 0.042075 1.310556
v -4.825729 0.039733 1.322922
v -4.817945 0.038995 1.335766
v -4.908953 0.104662 1.203470
v -4.911369 0.106106 1.208777
v -4.917055 0.115855 1.197313
v -4.919483 0.117278 1.202601
v -4.924794 0.129024 1.194191
v -4.927117 0.130211 1.199552
v -4.924794 0.129024 1.194191
v -4.923923 0.126504 1.188865
v -4.917055 0.115855 1.197313
v -4.915958 0.114237 1.193586
v -4.908953 0.104662 1.203470
v -4.907993 0.101970 1.198308
v -4.924523 0.122748 1.184163
v -4.916600 0.109363 1.187531
v -4.908504 0.098249 1.193813
v -4.926444 0.118031 1.180603
v -4.918540 0.104837 1.184037
v -4.910362 0.093778 1.190447
v -4.929579 0.113072 1.178494
v -4.921757 0.100099 1.181932
v -4.913511 0.089096 1.188422
v -4.933643 0.108441 1.177989
v -4.925951 0.095634 1.181408
v -4.917690 0.084663 1.187930
v -4.938271 0.104612 1.179087
v -4.930730 0.091889 1.182507
v -4.922520 0.080925 1.189043
v -4.953958 0.102758 1.195566
v -4.955212 0.106011 1.200804
v -4.946448 0.089687 1.199079
v -4.947565 0.092631 1.204224
v -4.938455 0.078689 1.205652
v -4.939570 0.081573 1.210682
v -4.935890 0.077067 1.200472
v -4.943891 0.088045 1.193847
v -4.951280 0.100887 1.190299
v -4.932119 0.076916 1.195647
v -4.940163 0.087889 1.189040
v -4.947512 0.100619 1.185520
v -4.943056 0.101953 1.181667
v -4.935638 0.089234 1.185127
v -4.927526 0.078276 1.191678
v -4.944818 0.122791 1.211856
v -4.939974 0.126183 1.210814
v -4.937410 0.109675 1.215079
v -4.932570 0.113303 1.213999
v -4.929456 0.098324 1.221474
v -4.924601 0.102037 1.220382
v -4.933748 0.094048 1.220866
v -4.941717 0.105415 1.214505
v -4.949209 0.118811 1.211274
v -4.937075 0.089609 1.218665
v -4.945065 0.100904 1.212335
v -4.952684 0.114503 1.209086
v -4.954812 0.110163 1.205469
v -4.947105 0.096533 1.208782
v -4.939121 0.085375 1.215121
v -4.915054 0.106150 1.213687
v -4.923138 0.117304 1.207446
v -4.930679 0.130076 1.204391
v -4.935129 0.128716 1.208251
v -4.927660 0.115948 1.211366
v -4.919647 0.104772 1.217677
v -4.500923 0.062562 2.216054
v -4.500381 0.056668 2.218074
v -4.509924 0.070743 2.254439
v -4.509388 0.064892 2.256450
v -4.524240 0.084350 2.289411
v -4.523702 0.078473 2.291434
v -4.526618 0.089617 2.287087
v -4.514952 0.078717 2.250415
v -4.503287 0.067816 2.213743
v -4.530632 0.093749 2.284752
v -4.518939 0.082821 2.248096
v -4.507246 0.071893 2.211440
v -4.609156 0.157024 2.407811
v -4.613317 0.158666 2.403491
v -4.583846 0.141962 2.380610
v -4.587963 0.143587 2.376351
v -4.563983 0.125945 2.349540
v -4.568041 0.127544 2.345332
v -4.563983 0.125945 2.349540
v -4.561012 0.122790 2.353782
v -4.583846 0.141962 2.380610
v -4.580811 0.138737 2.384911
v -4.609156 0.157024 2.407811
v -4.606089 0.153752 2.412196
v -4.559391 0.118368 2.357662
v -4.579153 0.134227 2.388828
v -4.604429 0.149187 2.416182
v -4.503473 0.068706 2.188666
v -4.508698 0.071449 2.187811
v -4.501962 0.064922 2.148741
v -4.507259 0.067709 2.147932
v -4.500451 0.061138 2.108817
v -4.505820 0.063970 2.108053
v -4.500451 0.061138 2.108817
v -4.496275 0.056740 2.109959
v -4.501962 0.064922 2.148741
v -4.495616 0.059942 2.150207
v -4.503473 0.068706 2.188666
v -4.499463 0.064477 2.189846
v -4.493723 0.051234 2.111276
v -4.493112 0.054518 2.151462
v -4.497015 0.059152 2.191140
v -4.530632 0.093749 2.284752
v -4.535776 0.096239 2.282490
v -4.518939 0.082821 2.248096
v -4.521289 0.082459 2.247500
v -4.507246 0.071893 2.211440
v -4.512353 0.074357 2.209190
v -4.493028 0.045188 2.112605
v -4.492433 0.048511 2.152701
v -4.496358 0.053218 2.192403
v -4.559270 0.113065 2.360792
v -4.579025 0.128868 2.391967
v -4.604310 0.143801 2.419345
v -4.560694 0.107377 2.362865
v -4.580441 0.123187 2.394026
v -4.605723 0.138152 2.421392
v -4.563561 0.101871 2.363668
v -4.583271 0.117743 2.394810
v -4.608513 0.132795 2.422167
v -4.501698 0.050735 2.219602
v -4.510700 0.058983 2.257957
v -4.525023 0.072585 2.292955
v -4.494227 0.039194 2.113780
v -4.493643 0.042502 2.153789
v -4.497572 0.047229 2.193492
v -4.497180 0.033813 2.114662
v -4.496624 0.037072 2.154611
v -4.500570 0.041769 2.194291
v -4.501602 0.029542 2.115196
v -4.501093 0.032754 2.155103
v -4.505084 0.037404 2.194761
v -4.504707 0.045344 2.220486
v -4.513711 0.053591 2.258813
v -4.528032 0.067246 2.293830
v -4.509088 0.040987 2.220576
v -4.518107 0.049219 2.258904
v -4.532388 0.062915 2.293921
v -4.567581 0.097100 2.363067
v -4.587224 0.113060 2.394231
v -4.612373 0.128208 2.421592
v -4.572346 0.093566 2.361121
v -4.591918 0.109598 2.392344
v -4.616954 0.124805 2.419732
v -4.507092 0.026777 2.115269
v -4.506616 0.029970 2.155191
v -4.510655 0.034584 2.194808
v -4.513146 0.025804 2.114866
v -4.514929 0.029702 2.154652
v -4.516712 0.033600 2.194437
v -4.514437 0.038079 2.219993
v -4.523485 0.046294 2.258282
v -4.537738 0.060033 2.293327
v -4.520250 0.036881 2.218716
v -4.529322 0.045090 2.256970
v -4.543562 0.058846 2.292035
v -4.519177 0.026754 2.114057
v -4.520908 0.030645 2.153890
v -4.522639 0.034536 2.193723
v -4.525981 0.037524 2.216842
v -4.535060 0.045733 2.255082
v -4.549314 0.059492 2.290145
v -4.524568 0.029566 2.112975
v -4.526212 0.033418 2.152876
v -4.527858 0.037271 2.192776
v -4.528745 0.033968 2.111851
v -4.527999 0.037034 2.152131
v -4.531897 0.041525 2.191772
v -4.531070 0.039976 2.214535
v -4.542744 0.050961 2.251180
v -4.554418 0.061946 2.287825
v -4.534985 0.044014 2.211955
v -4.546649 0.054989 2.248605
v -4.558313 0.065963 2.285255
v -4.590902 0.100760 2.342120
v -4.591046 0.106075 2.339042
v -4.610574 0.116971 2.373140
v -4.610715 0.122337 2.370020
v -4.635713 0.132364 2.400374
v -4.635860 0.137768 2.397236
v -4.633984 0.127754 2.404311
v -4.608888 0.112441 2.377021
v -4.589241 0.096304 2.345907
v -4.630843 0.124439 2.408646
v -4.605825 0.109195 2.381288
v -4.586228 0.093109 2.350065
v -4.626638 0.122774 2.412928
v -4.601688 0.107557 2.385527
v -4.582139 0.091484 2.354233
v -4.531285 0.039494 2.110731
v -4.530509 0.042468 2.150983
v -4.534378 0.046874 2.190709
v -4.537337 0.049262 2.209544
v -4.546358 0.057389 2.247940
v -4.560657 0.071204 2.282852
v -4.537875 0.055164 2.207500
v -4.546893 0.063246 2.245921
v -4.561194 0.077091 2.280822
v -4.531958 0.045563 2.109705
v -4.531189 0.048485 2.149871
v -4.535066 0.052824 2.189652
v -4.530738 0.051572 2.108826
v -4.529979 0.054500 2.148885
v -4.533870 0.058822 2.188672
v -4.536567 0.061110 2.206032
v -4.545592 0.069166 2.244445
v -4.559906 0.083014 2.279364
v -4.527776 0.056956 2.108133
v -4.526994 0.059931 2.148106
v -4.530866 0.064284 2.187852
v -4.523350 0.061231 2.107714
v -4.522521 0.064251 2.147631
v -4.526339 0.068651 2.187340
v -4.533578 0.066512 2.205264
v -4.542601 0.074572 2.243646
v -4.556956 0.088397 2.278598
v -4.529205 0.070861 2.205175
v -4.538209 0.078941 2.243556
v -4.552612 0.092720 2.278510
v -4.631678 0.148754 2.394430
v -4.634457 0.143410 2.395199
v -4.606477 0.133463 2.367187
v -4.609303 0.128018 2.367968
v -4.586765 0.117289 2.336193
v -4.589632 0.111770 2.336988
v -4.582713 0.122048 2.336752
v -4.602507 0.138136 2.367748
v -4.627787 0.153317 2.394972
v -4.577901 0.125544 2.338615
v -4.597785 0.141582 2.369599
v -4.623138 0.156690 2.396777
v -4.517868 0.063989 2.107535
v -4.516992 0.067028 2.147478
v -4.520736 0.071453 2.187138
v -4.511829 0.064945 2.107634
v -4.513238 0.068677 2.147463
v -4.514647 0.072408 2.187292
v -4.523884 0.073784 2.205893
v -4.532855 0.081881 2.244240
v -4.547323 0.095653 2.279212
v -4.518087 0.074996 2.207278
v -4.527030 0.083099 2.245599
v -4.541533 0.096880 2.280582
v -4.572835 0.127424 2.341573
v -4.595492 0.142982 2.370635
v -4.618148 0.158541 2.399697
v -4.621851 0.122917 2.416747
v -4.599607 0.107274 2.387400
v -4.577362 0.091631 2.358053
v -4.726959 0.177695 2.513098
v -4.725671 0.183750 2.513450
v -4.692117 0.172382 2.493937
v -4.690775 0.178420 2.494272
v -4.661417 0.160721 2.470308
v -4.660116 0.166865 2.470711
v -4.663627 0.155208 2.468257
v -4.696389 0.163725 2.489673
v -4.729150 0.172241 2.511089
v -4.725365 0.189794 2.512122
v -4.690422 0.184475 2.492934
v -4.659809 0.172986 2.469420
v -4.726030 0.195248 2.509264
v -4.727607 0.199614 2.505167
v -4.691072 0.189955 2.490062
v -4.692658 0.194341 2.485946
v -4.660482 0.178475 2.466579
v -4.662059 0.182830 2.462494
v -4.729978 0.202494 2.500224
v -4.695039 0.197225 2.480993
v -4.664405 0.185677 2.457576
v -4.729978 0.202494 2.500224
v -4.732881 0.203601 2.494867
v -4.695039 0.197225 2.480993
v -4.697972 0.198323 2.475655
v -4.664405 0.185677 2.457576
v -4.667273 0.186737 2.452241
v -4.742013 0.165633 2.492689
v -4.738958 0.164517 2.497980
v -4.706921 0.160474 2.473659
v -4.703911 0.159353 2.478944
v -4.676380 0.148778 2.450155
v -4.673359 0.147637 2.455348
v -4.678757 0.151637 2.445281
v -4.709316 0.163360 2.468720
v -4.744405 0.168510 2.487762
v -4.735541 0.165308 2.503139
v -4.700579 0.160126 2.484076
v -4.669981 0.148363 2.460400
v -4.732132 0.167966 2.507658
v -4.697267 0.162745 2.488560
v -4.666602 0.150952 2.464844
v -4.744522 0.190405 2.479600
v -4.746052 0.184353 2.479357
v -4.709585 0.185246 2.460553
v -4.711047 0.179234 2.460295
v -4.678855 0.173480 2.436993
v -4.680388 0.167439 2.436796
v -4.676476 0.178912 2.438896
v -4.709307 0.187383 2.460211
v -4.742139 0.195855 2.481527
v -4.746558 0.178315 2.480776
v -4.711500 0.173204 2.461704
v -4.680894 0.161410 2.438269
v -4.745985 0.172870 2.483675
v -4.710900 0.167741 2.464609
v -4.680325 0.155979 2.441203
v -4.736063 0.202800 2.489610
v -4.701187 0.197518 2.470448
v -4.670421 0.185894 2.446995
v -4.739240 0.200134 2.484994
v -4.704384 0.194871 2.465895
v -4.673578 0.183201 2.442372
v -4.817324 0.204685 2.546273
v -4.815704 0.200260 2.550390
v -4.819366 0.207526 2.541084
v -4.814663 0.194685 2.553033
v -4.814304 0.188505 2.553944
v -4.814663 0.182324 2.553033
v -4.815704 0.176749 2.550390
v -4.817324 0.172324 2.546273
v -4.819366 0.169483 2.541084
v -4.821630 0.168505 2.535334
v -4.823892 0.169483 2.529583
v -4.825935 0.172324 2.524395
v -4.827555 0.176749 2.520278
v -4.828595 0.182324 2.517634
v -4.828954 0.188505 2.516723
v -4.828595 0.194685 2.517634
v -4.827555 0.200260 2.520278
v -4.825935 0.204685 2.524395
v -4.823892 0.207526 2.529583
v -4.821630 0.208505 2.535334
v -4.819366 0.207526 2.541084
v -5.260895 0.395864 1.171972
v -5.260780 0.398784 1.177493
v -5.260985 0.391405 1.167629
v -5.261042 0.385843 1.164889
v -5.261059 0.379723 1.164020
v -5.261037 0.373646 1.165108
v -5.260976 0.368205 1.168046
v -5.260882 0.363933 1.172546
v -5.260766 0.361248 1.178168
v -5.260637 0.360412 1.184362
v -5.260509 0.361507 1.190521
v -5.260395 0.364425 1.196043
v -5.260304 0.368881 1.200387
v -5.260247 0.374440 1.203127
v -5.260229 0.380558 1.203996
v -5.260252 0.386635 1.202908
v -5.260314 0.392078 1.199970
v -5.260407 0.396353 1.195469
v -5.260524 0.399041 1.189847
v -5.260653 0.399879 1.183652
v -5.260653 0.399879 1.183652
vn -0.0001 -1.0000 -0.0000
vn 0.0002 -1.0000 0.0001
vn -0.0000 -1.0000 -0.0000
vn -0.0001 -1.0000 0.0002
vn 0.0001 -1.0000 -0.0000
vn -0.0000 -1.0000 0.0001
vn -0.0000 -1.0000 -0.0001
vn -0.5894 -0.2115 -0.7797
vn -0.5897 -0.2115 -0.7794
vn -0.5895 -0.2115 -0.7796
vn -0.1331 -0.2116 -0.9682
vn -0.1333 -0.2118 -0.9682
vn -0.1335 -0.2117 -0.9682
vn -0.1333 -0.2117 -0.9682
vn 0.7705 -0.2097 -0.6020
vn 0.7706 -0.2099 -0.6018
vn 0.7705 -0.2098 -0.6019
vn 0.9704 -0.2097 -0.1195
vn 0.9705 -0.2097 -0.1194
vn 0.9705 -0.2096 -0.1193
vn 0.5920 -0.2096 0.7782
vn 0.5920 -0.2097 0.7782
vn 0.1312 -0.2094 0.9690
vn 0.1312 -0.2096 0.9690
vn 0.1312 -0.2095 0.9690
vn -0.7713 -0.2094 0.6010
vn -0.7714 -0.2093 0.6010
vn -0.9705 -0.2096 0.1195
vn -0.9703 -0.2100 0.1198
vn -0.0019 -1.0000 -0.0001
vn -0.0020 -1.0000 -0.0000
vn -0.9861 -0.1647 0.0215
vn -0.9861 -0.1647 0.0216
vn 0.0020 -1.0000 -0.0000
vn 0.0020 -1.0000 0.0001
vn 0.7130 -0.1645 -0.6816
vn -0.0001 -1.0000 -0.0020
vn -0.0000 -1.0000 -0.0020
vn 0.0001 -1.0000 -0.0020
vn 0.0313 -0.1725 -0.9845
vn 0.0314 -0.1726 -0.9845
vn -0.0000 -1.0000 0.0020
vn -0.0001 -1.0000 0.0020
vn 0.7196 -0.1726 0.6726
vn 0.7196 -0.1725 0.6726
vn 0.0019 -1.0000 -0.0000
vn 0.9861 -0.1647 -0.0215
vn 0.9861 -0.1647 -0.0216
vn -0.0020 -1.0000 0.0020
vn -0.0019 -1.0000 0.0019
vn -0.0020 -1.0000 0.0019
vn -0.7130 -0.1645 0.6816
vn -0.7129 -0.1645 0.6817
vn -0.0313 -0.1722 0.9846
vn -0.0313 -0.1723 0.9846
vn -0.0000 -1.0000 0.0019
vn -0.7197 -0.1725 -0.6725
vn -0.7196 -0.1725 -0.6726
vn -0.7197 -0.1725 -0.6726
vn -0.6820 -0.2587 -0.6840
vn -0.8914 -0.2586 -0.3723
vn -0.6820 -0.2589 -0.6840
vn -0.3682 -0.2585 -0.8931
vn -0.0020 -0.2587 -0.9659
vn -0.0020 -0.2586 -0.9660
vn 0.3664 -0.2587 -0.8938
vn 0.6820 -0.2590 -0.6840
vn 0.3666 -0.2587 -0.8937
vn 0.8930 -0.2586 -0.3683
vn 0.8927 -0.2590 -0.3688
vn 0.9660 -0.2586 -0.0001
vn 0.8931 -0.2585 0.3681
vn 0.9660 -0.2586 0.0001
vn 0.9660 -0.2587 0.0001
vn 0.6838 -0.2589 0.6822
vn 0.8930 -0.2585 0.3683
vn 0.6839 -0.2588 0.6821
vn 0.3681 -0.2585 0.8931
vn 0.3683 -0.2585 0.8930
vn -0.0000 -0.2586 0.9660
vn -0.0000 -0.2587 0.9660
vn -0.3704 -0.2588 0.8921
vn -0.3705 -0.2588 0.8921
vn -0.6821 -0.2587 0.6840
vn -0.3706 -0.2588 0.8920
vn -0.6829 -0.2596 0.6828
vn -0.8926 -0.2590 0.3690
vn -0.8927 -0.2590 0.3689
vn -0.9660 -0.2585 0.0001
vn -0.9660 -0.2586 -0.0000
vn -0.8914 -0.2586 -0.3721
vn -0.5897 -0.2115 -0.7795
vn -0.5895 -0.2115 -0.7795
vn -0.5896 -0.2115 -0.7795
vn -0.1336 -0.2118 -0.9681
vn -0.1332 -0.2117 -0.9682
vn -0.1331 -0.2115 -0.9683
vn 0.9704 -0.2098 -0.1197
vn 0.9704 -0.2098 -0.1196
vn 0.5920 -0.2099 0.7781
vn 0.5920 -0.2098 0.7782
vn 0.1312 -0.2093 0.9690
vn -0.7713 -0.2095 0.6010
vn -0.7714 -0.2092 0.6010
vn -0.9704 -0.2099 0.1197
vn -0.9704 -0.2097 0.1195
vn -0.9704 -0.2098 0.1197
vn -0.0020 -1.0000 0.0001
vn -0.0022 -1.0000 -0.0003
vn -0.9861 -0.1646 0.0216
vn 0.7129 -0.1645 -0.6816
vn 0.0001 -1.0000 -0.0019
vn -0.0000 -1.0000 -0.0019
vn -0.0314 -0.1723 0.9845
vn -0.0003 -1.0000 -0.0020
vn -0.7196 -0.1726 -0.6726
vn -0.6819 -0.2590 -0.6841
vn -0.0020 -0.2585 -0.9660
vn 0.6820 -0.2588 -0.6840
vn 0.6820 -0.2589 -0.6840
vn 0.8926 -0.2590 -0.3691
vn 0.8931 -0.2585 0.3683
vn 0.3682 -0.2585 0.8931
vn 0.3683 -0.2585 0.8931
vn 0.0001 -0.2586 0.9660
vn -0.6821 -0.2588 0.6839
vn -0.8926 -0.2590 0.3691
vn -0.5896 -0.2116 -0.7795
vn -0.1332 -0.2116 -0.9682
vn 0.7704 -0.2097 -0.6021
vn 0.9705 -0.2096 -0.1194
vn -0.7713 -0.2096 0.6010
vn -0.9704 -0.2098 0.1196
vn -0.0019 -1.0000 0.0001
vn 0.7130 -0.1646 -0.6816
vn 0.0004 -1.0000 0.0020
vn 0.7197 -0.1725 0.6725
vn 0.0019 -1.0000 -0.0001
vn 0.9861 -0.1646 -0.0216
vn -0.7130 -0.1646 0.6816
vn 0.0003 -1.0000 -0.0020
vn -0.6819 -0.2589 -0.6841
vn -0.6820 -0.2588 -0.6840
vn -0.3684 -0.2586 -0.8930
vn -0.0019 -0.2585 -0.9660
vn -0.0019 -0.2587 -0.9659
vn 0.3664 -0.2587 -0.8937
vn 0.6821 -0.2587 -0.6840
vn 0.6820 -0.2591 -0.6839
vn 0.8931 -0.2585 -0.3681
vn 0.8926 -0.2590 -0.3689
vn 0.9660 -0.2587 -0.0001
vn 0.6840 -0.2587 0.6821
vn 0.6839 -0.2588 0.6822
vn 0.3684 -0.2585 0.8930
vn -0.6822 -0.2589 0.6838
vn -0.6830 -0.2589 0.6830
vn -0.9660 -0.2587 -0.0001
vn -0.9660 -0.2586 0.0001
vn -1.0000 -0.0000 -0.0001
vn -1.0000 -0.0000 0.0002
vn -1.0000 -0.0000 -0.0000
vn -1.0000 0.0003 -0.0000
vn -1.0000 -0.0000 0.0001
vn -1.0000 0.0001 -0.0000
vn -1.0000 0.0001 0.0001
vn -1.0000 -0.0001 -0.0000
vn -1.0000 -0.0004 0.0001
vn -1.0000 -0.0003 -0.0000
vn -0.3437 -0.9391 -0.0001
vn -0.3434 -0.9392 -0.0000
vn -0.3436 -0.9391 0.0002
vn -0.3437 -0.9391 -0.0000
vn -0.3432 -0.9393 -0.0000
vn -0.3431 -0.9393 -0.0000
vn -0.3435 -0.9392 -0.0000
vn -0.3433 -0.9392 -0.0000
vn -0.3437 -0.9391 0.0001
vn -0.3432 -0.9392 -0.0000
vn -0.3429 -0.9394 -0.0000
vn -0.3430 -0.9393 -0.0000
vn -0.3429 -0.9394 -0.0001
vn -0.3434 -0.9392 0.0001
vn -0.3436 -0.9391 -0.0000
vn -0.3436 -0.9391 -0.0001
vn -0.3435 -0.9392 0.0001
vn -0.3439 -0.9390 0.0002
vn -0.3428 -0.9394 -0.0000
vn -0.2114 -0.4933 -0.8438
vn -0.2114 -0.4934 -0.8437
vn -0.2114 -0.4932 -0.8438
vn -0.2118 -0.4935 -0.8436
vn -0.2116 -0.8436 -0.4936
vn -0.2115 -0.8437 -0.4934
vn -0.2116 -0.8435 -0.4936
vn -0.2115 -0.8436 -0.4935
vn -0.2095 -0.8506 0.4822
vn -0.2098 -0.8506 0.4821
vn -0.2097 -0.8506 0.4822
vn -0.2096 -0.4821 0.8507
vn -0.2095 -0.4820 0.8507
vn -0.2099 -0.4823 0.8505
vn -0.2098 -0.4822 0.8506
vn -0.2098 0.4920 0.8449
vn -0.2099 0.4920 0.8449
vn -0.2097 0.4921 0.8449
vn -0.2098 0.8449 0.4921
vn -0.2099 0.8449 0.4920
vn -0.2096 0.8449 0.4921
vn -0.2097 0.8506 -0.4821
vn -0.2099 0.8506 -0.4822
vn -0.2103 0.8504 -0.4822
vn -0.2098 0.8506 -0.4822
vn -0.2095 0.4821 -0.8507
vn -0.2099 0.4822 -0.8506
vn -0.2099 0.4822 -0.8505
vn -0.2096 0.4821 -0.8507
vn -1.0000 -0.0000 -0.0020
vn -1.0000 0.0001 -0.0023
vn -0.1645 0.3975 -0.9027
vn -0.1646 0.3975 -0.9027
vn -1.0000 -0.0021 0.0001
vn -1.0000 -0.0020 -0.0000
vn -1.0000 -0.0020 -0.0001
vn -0.1645 -0.9028 0.3975
vn -0.1645 -0.9027 0.3975
vn -1.0000 -0.0022 -0.0001
vn -0.1723 -0.9221 -0.3465
vn -1.0000 -0.0000 0.0020
vn -0.1723 0.3465 0.9221
vn -0.1722 0.3465 0.9221
vn -1.0000 -0.0001 0.0019
vn -0.1645 -0.3975 0.9027
vn -1.0000 0.0019 -0.0000
vn -1.0000 0.0020 -0.0000
vn -0.1645 0.9027 -0.3975
vn -0.1723 0.9221 0.3465
vn -1.0000 -0.0000 -0.0019
vn -0.1723 -0.3465 -0.9221
vn -0.2588 -0.3705 -0.8920
vn -0.2586 -0.0021 -0.9660
vn -0.2586 -0.0020 -0.9660
vn -0.2587 -0.3705 -0.8921
vn -0.2588 -0.6838 -0.6822
vn -0.2587 -0.6839 -0.6821
vn -0.2589 -0.8920 -0.3706
vn -0.2588 -0.8921 -0.3705
vn -0.2586 -0.9660 -0.0020
vn -0.2586 -0.8931 0.3682
vn -0.2586 -0.9660 -0.0019
vn -0.2587 -0.6821 0.6839
vn -0.2587 -0.6839 0.6821
vn -0.2590 -0.3689 0.8927
vn -0.2586 -0.0001 0.9660
vn -0.2590 -0.3688 0.8927
vn -0.2586 0.3683 0.8930
vn -0.2586 0.0001 0.9660
vn -0.2586 0.3682 0.8930
vn -0.2578 0.6832 0.6832
vn -0.2582 0.6831 0.6832
vn -0.2585 0.8931 0.3682
vn -0.2586 0.8930 0.3683
vn -0.2586 0.9660 0.0001
vn -0.2591 0.8926 -0.3689
vn -0.2586 0.9660 -0.0001
vn -0.2589 0.8927 -0.3688
vn -0.2587 0.6840 -0.6820
vn -0.2587 0.6839 -0.6822
vn -0.2588 0.3682 -0.8930
vn -0.2587 0.3682 -0.8930
vn -0.2586 -0.0019 -0.9660
vn -0.2114 -0.4938 -0.8435
vn -0.2116 -0.4937 -0.8435
vn -0.2112 -0.4932 -0.8439
vn -0.2114 -0.8438 -0.4933
vn -0.2113 -0.8440 -0.4930
vn -0.2094 -0.8507 0.4822
vn -0.2100 -0.8506 0.4821
vn -0.2099 -0.8506 0.4821
vn -0.2096 -0.8506 0.4822
vn -0.2099 -0.4822 0.8505
vn -0.2097 -0.4821 0.8506
vn -0.2097 -0.4822 0.8506
vn -0.2096 0.4921 0.8450
vn -0.2098 0.8449 0.4920
vn -0.2097 0.8449 0.4921
vn -0.2097 0.8449 0.4920
vn -0.2100 0.8505 -0.4822
vn -0.2097 0.8506 -0.4822
vn -0.2098 0.4822 -0.8506
vn -1.0000 -0.0001 -0.0020
vn -1.0000 -0.0020 0.0001
vn -1.0000 -0.0018 -0.0000
vn -1.0000 0.0001 0.0020
vn -1.0000 -0.0000 0.0019
vn -0.1645 0.9028 -0.3975
vn -0.2588 -0.3706 -0.8920
vn -0.2587 -0.6840 -0.6821
vn -0.2588 -0.8920 -0.3706
vn -0.2587 -0.8921 -0.3705
vn -0.2587 -0.8930 0.3682
vn -0.2586 -0.8930 0.3682
vn -0.2587 -0.6820 0.6840
vn -0.2587 -0.6840 0.6821
vn -0.2590 -0.3690 0.8926
vn -0.2580 0.6832 0.6832
vn -0.2591 0.8926 -0.3690
vn -0.2588 0.6838 -0.6822
vn -0.2586 0.3682 -0.8931
vn 0.3898 -0.3682 -0.8441
vn 0.3897 -0.3682 -0.8442
vn 0.7195 -0.4884 -0.4938
vn 0.7194 -0.4884 -0.4939
vn 0.7195 -0.4882 -0.4940
vn 0.7195 -0.4881 -0.4940
vn 0.7264 -0.4899 0.4820
vn 0.7264 -0.4899 0.4821
vn 0.7264 -0.4900 0.4819
vn 0.3803 -0.3627 0.8508
vn 0.3804 -0.3627 0.8507
vn 0.3803 -0.3626 0.8508
vn -0.5349 -0.0274 0.8445
vn -0.5350 -0.0272 0.8444
vn -0.5349 -0.0273 0.8445
vn -0.8660 0.0919 0.4916
vn -0.8660 0.0920 0.4916
vn -0.8659 0.0920 0.4917
vn -0.8712 0.0942 -0.4819
vn -0.8713 0.0940 -0.4817
vn -0.5252 -0.0314 -0.8504
vn -0.5250 -0.0311 -0.8505
vn -0.5251 -0.0312 -0.8505
vn -0.5251 -0.0313 -0.8504
vn -0.3450 -0.9386 -0.0020
vn -0.3449 -0.9386 -0.0020
vn -0.3449 -0.9387 -0.0020
vn -0.4291 -0.0176 -0.9031
vn -0.4290 -0.0176 -0.9031
vn -0.3408 -0.9401 -0.0000
vn -0.3408 -0.9402 -0.0000
vn 0.7914 -0.4643 0.3976
vn 0.7914 -0.4643 0.3977
vn 0.7914 -0.4642 0.3976
vn -0.3408 -0.9401 -0.0001
vn -0.3410 -0.9401 -0.0003
vn 0.8056 -0.4802 -0.3469
vn 0.8056 -0.4803 -0.3469
vn -0.3449 -0.9386 0.0019
vn -0.3449 -0.9386 0.0020
vn -0.3449 -0.9387 0.0020
vn -0.3839 -0.0431 0.9224
vn -0.3838 -0.0431 0.9224
vn -0.3409 -0.9401 0.0022
vn -0.3409 -0.9401 0.0020
vn 0.3173 -0.2899 0.9029
vn -0.3449 -0.9386 -0.0000
vn -0.3449 -0.9387 -0.0000
vn -0.9041 0.1550 -0.3981
vn -0.9042 0.1550 -0.3981
vn -0.9041 0.1549 -0.3982
vn -0.9253 0.1529 0.3470
vn -0.3408 -0.9401 -0.0019
vn -0.3408 -0.9401 -0.0020
vn -0.3409 -0.9401 -0.0019
vn 0.2645 -0.2801 -0.9228
vn 0.2645 -0.2802 -0.9228
vn 0.2588 -0.3705 -0.8920
vn -0.0861 -0.2430 -0.9662
vn 0.2589 -0.3707 -0.8919
vn 0.5529 -0.4784 -0.6823
vn 0.5528 -0.4783 -0.6824
vn 0.7483 -0.5504 -0.3703
vn 0.7482 -0.5504 -0.3704
vn 0.8182 -0.5749 -0.0020
vn 0.7490 -0.5509 0.3681
vn 0.8182 -0.5749 -0.0018
vn 0.7490 -0.5508 0.3682
vn 0.5522 -0.4778 0.6833
vn 0.5528 -0.4783 0.6823
vn 0.2570 -0.3708 0.8925
vn 0.2570 -0.3707 0.8925
vn -0.0881 -0.2430 0.9660
vn 0.2569 -0.3707 0.8925
vn -0.4349 -0.1157 0.8930
vn -0.0883 -0.2429 0.9660
vn -0.4348 -0.1156 0.8931
vn -0.7303 -0.0081 0.6830
vn -0.7304 -0.0081 0.6830
vn -0.9275 0.0627 0.3686
vn -0.9275 0.0627 0.3685
vn -0.9961 0.0882 0.0001
vn -0.9275 0.0627 -0.3686
vn -0.9961 0.0882 -0.0001
vn -0.9274 0.0627 -0.3687
vn -0.7312 -0.0078 -0.6821
vn -0.4352 -0.1175 -0.8926
vn -0.4347 -0.1175 -0.8929
vn -0.0863 -0.2430 -0.9662
vn -0.3037 -0.1136 -0.9460
vn -0.3036 -0.1136 -0.9460
vn -0.3035 -0.1136 -0.9460
vn 0.1589 -0.2839 -0.9456
vn 0.1595 -0.2838 -0.9455
vn 0.1587 -0.2839 -0.9456
vn 0.1585 -0.2839 -0.9457
vn 0.8130 -0.5208 -0.2605
vn 0.8129 -0.5209 -0.2605
vn 0.8127 -0.5212 -0.2605
vn 0.8125 -0.5215 -0.2606
vn 0.8132 -0.5213 0.2587
vn 0.8132 -0.5213 0.2588
vn 0.8133 -0.5213 0.2585
vn 0.1608 -0.2825 0.9457
vn 0.1608 -0.2824 0.9457
vn 0.1609 -0.2825 0.9457
vn 0.1609 -0.2826 0.9457
vn -0.3061 -0.1119 0.9454
vn -0.3059 -0.1117 0.9455
vn -0.3060 -0.1118 0.9454
vn -0.3058 -0.1117 0.9455
vn -0.9574 0.1251 0.2604
vn -0.9573 0.1254 0.2604
vn -0.9573 0.1253 0.2604
vn -0.9579 0.1253 -0.2585
vn -0.9578 0.1253 -0.2585
vn -0.9578 0.1254 -0.2586
vn -0.3450 -0.9386 0.0001
vn -0.9204 0.1606 -0.3564
vn -0.3408 -0.9401 0.0001
vn 0.8073 -0.4702 -0.3566
vn 0.8073 -0.4703 -0.3566
vn -0.3432 -0.9393 -0.0020
vn -0.3430 -0.9393 -0.0020
vn 0.3214 -0.3018 -0.8975
vn 0.3214 -0.3018 -0.8976
vn -0.3425 -0.9395 0.0021
vn -0.3426 -0.9395 0.0019
vn -0.3425 -0.9395 0.0020
vn 0.3214 -0.3018 0.8976
vn 0.3215 -0.3018 0.8976
vn -0.3407 -0.9402 -0.0001
vn 0.8073 -0.4702 0.3566
vn 0.8073 -0.4703 0.3566
vn -0.3466 -0.9380 -0.0001
vn -0.3466 -0.9380 -0.0000
vn -0.9204 0.1606 0.3564
vn -0.4408 -0.0215 0.8974
vn -0.4408 -0.0216 0.8973
vn -0.4408 -0.0215 0.8973
vn -0.3432 -0.9393 0.0019
vn -0.3432 -0.9393 0.0020
vn -0.3431 -0.9393 0.0020
vn -0.3432 -0.9392 -0.0019
vn -0.4408 -0.0215 -0.8973
vn -0.4408 -0.0216 -0.8973
vn -0.4332 -0.1176 -0.8936
vn -0.7292 -0.0079 -0.6843
vn -0.7292 -0.0079 -0.6842
vn -0.4347 -0.1176 -0.8929
vn -0.0883 -0.2430 -0.9660
vn -0.0882 -0.2430 -0.9660
vn 0.2546 -0.3703 -0.8933
vn 0.2548 -0.3703 -0.8933
vn 0.5505 -0.4761 -0.6858
vn 0.5512 -0.4767 -0.6848
vn 0.7481 -0.5505 -0.3705
vn 0.5506 -0.4761 -0.6857
vn 0.5513 -0.4768 -0.6846
vn 0.8187 -0.5742 -0.0000
vn 0.7489 -0.5509 0.3684
vn 0.5530 -0.4784 0.6822
vn 0.7488 -0.5508 0.3686
vn 0.5529 -0.4784 0.6822
vn 0.2590 -0.3705 0.8920
vn 0.5528 -0.4783 0.6824
vn 0.5528 -0.4784 0.6823
vn -0.0884 -0.2429 0.9660
vn -0.0883 -0.2430 0.9660
vn -0.4370 -0.1160 0.8920
vn -0.4371 -0.1157 0.8919
vn -0.7311 -0.0079 0.6822
vn -0.9274 0.0628 0.3687
vn -0.7312 -0.0078 0.6821
vn -0.9274 0.0628 0.3688
vn -0.9961 0.0882 -0.0000
vn -0.9961 0.0880 -0.0000
vn -0.9269 0.0609 -0.3704
vn -0.9269 0.0607 -0.3704
vn -0.7293 -0.0078 -0.6841
vn -0.3034 -0.1136 -0.9461
vn 0.1586 -0.2839 -0.9457
vn 0.8125 -0.5214 -0.2606
vn 0.8133 -0.5213 0.2586
vn 0.8133 -0.5213 0.2587
vn -0.9578 0.1254 -0.2587
vn -0.9578 0.1255 -0.2587
vn -0.3449 -0.9386 -0.0001
vn -0.3431 -0.9393 -0.0019
vn -0.3431 -0.9393 -0.0020
vn -0.3426 -0.9395 0.0020
vn -0.3409 -0.9401 0.0001
vn -0.3465 -0.9381 -0.0000
vn -0.3431 -0.9393 0.0021
vn -0.3432 -0.9393 -0.0019
vn 0.2547 -0.3703 -0.8933
vn 0.7479 -0.5505 -0.3709
vn 0.7483 -0.5504 -0.3702
vn 0.8188 -0.5740 -0.0000
vn 0.2588 -0.3705 0.8920
vn -0.0885 -0.2429 0.9660
vn -0.0882 -0.2430 0.9660
vn -0.4370 -0.1159 0.8920
vn -0.4371 -0.1158 0.8919
vn -0.9961 0.0887 0.0002
vn 0.3897 -0.3682 -0.8441
vn 0.7195 -0.4880 -0.4942
vn 0.7195 -0.4880 -0.4941
vn 0.7195 -0.4883 -0.4938
vn 0.7266 -0.4897 0.4819
vn 0.3802 -0.3626 0.8509
vn 0.3805 -0.3629 0.8506
vn -0.8659 0.0920 0.4916
vn -0.8659 0.0919 0.4916
vn -0.8713 0.0939 -0.4816
vn -0.8713 0.0940 -0.4816
vn -0.8712 0.0941 -0.4818
vn -0.5253 -0.0318 -0.8503
vn -0.5252 -0.0317 -0.8504
vn -0.3448 -0.9387 -0.0021
vn -0.3407 -0.9402 0.0001
vn -0.3408 -0.9401 0.0020
vn -0.3449 -0.9386 0.0001
vn -0.9041 0.1549 -0.3981
vn -0.0861 -0.2431 -0.9662
vn -0.0862 -0.2430 -0.9662
vn 0.5526 -0.4781 -0.6826
vn 0.7487 -0.5509 0.3688
vn 0.5524 -0.4780 0.6829
vn 0.5525 -0.4780 0.6828
vn -0.4348 -0.1155 0.8931
vn -0.0882 -0.2429 0.9660
vn -0.9273 0.0631 0.3691
vn -0.9274 0.0628 -0.3689
vn -0.9961 0.0883 -0.0001
vn -0.9275 0.0627 -0.3685
vn -0.7311 -0.0079 -0.6823
vn -0.7311 -0.0079 -0.6822
vn -0.4348 -0.1175 -0.8928
vn -0.4349 -0.1175 -0.8928
vn 0.1586 -0.2839 -0.9456
vn 0.8128 -0.5211 -0.2605
vn 0.8128 -0.5210 -0.2605
vn 0.8127 -0.5212 -0.2606
vn 0.8133 -0.5212 0.2585
vn 0.1610 -0.2826 0.9456
vn -0.3060 -0.1118 0.9455
vn -0.3059 -0.1118 0.9455
vn -0.9574 0.1252 0.2604
vn -0.9579 0.1253 -0.2584
vn -0.3425 -0.9395 0.0019
vn -0.3427 -0.9395 0.0020
vn -0.3446 -0.9387 0.0001
vn -0.4331 -0.1176 -0.8936
vn -0.0885 -0.2431 -0.9660
vn 0.2546 -0.3703 -0.8934
vn 0.8188 -0.5741 -0.0000
vn 0.2586 -0.3706 0.8920
vn -0.7311 -0.0078 0.6822
vn -0.9274 0.0627 0.3687
vn -0.9961 0.0881 -0.0000
vn -0.9269 0.0608 -0.3704
vn 0.0001 -1.0000 0.0002
vn -0.0003 -1.0000 0.0001
vn -0.0002 -1.0000 -0.0001
vn 0.1332 -0.2116 -0.9682
vn 0.1333 -0.2114 -0.9683
vn 0.1336 -0.2116 -0.9682
vn 0.5896 -0.2115 -0.7795
vn 0.5895 -0.2115 -0.7796
vn 0.9704 -0.2099 0.1196
vn 0.9704 -0.2097 0.1196
vn 0.9704 -0.2096 0.1196
vn 0.7713 -0.2094 0.6010
vn 0.7713 -0.2093 0.6010
vn -0.1315 -0.2096 0.9689
vn -0.1314 -0.2101 0.9688
vn -0.1314 -0.2100 0.9688
vn -0.1314 -0.2099 0.9689
vn -0.5920 -0.2099 0.7781
vn -0.5920 -0.2097 0.7782
vn -0.5920 -0.2098 0.7782
vn -0.9704 -0.2098 -0.1196
vn -0.9702 -0.2104 -0.1200
vn -0.9704 -0.2097 -0.1195
vn -0.7713 -0.2097 -0.6010
vn -0.7713 -0.2093 -0.6010
vn -0.7713 -0.2095 -0.6010
vn -0.0019 -1.0000 -0.0000
vn -0.7130 -0.1645 -0.6816
vn 0.0020 -1.0000 -0.0001
vn 0.9861 -0.1647 0.0216
vn 0.9861 -0.1646 0.0215
vn 0.7196 -0.1726 -0.6726
vn -0.0001 -1.0000 0.0019
vn 0.0313 -0.1722 0.9846
vn 0.0313 -0.1723 0.9846
vn 0.0020 -1.0000 0.0019
vn 0.0021 -1.0000 0.0018
vn 0.0020 -1.0000 0.0020
vn 0.7130 -0.1645 0.6816
vn 0.7129 -0.1646 0.6816
vn -0.0020 -1.0000 0.0002
vn -0.9861 -0.1647 -0.0215
vn -0.9861 -0.1647 -0.0216
vn -0.7196 -0.1726 0.6726
vn -0.0313 -0.1726 -0.9845
vn -0.0314 -0.1726 -0.9845
vn 0.0020 -0.2586 -0.9660
vn -0.3664 -0.2587 -0.8938
vn 0.3682 -0.2585 -0.8931
vn 0.3684 -0.2586 -0.8930
vn 0.6820 -0.2587 -0.6840
vn 0.8914 -0.2586 -0.3723
vn 0.9660 -0.2586 -0.0000
vn 0.8914 -0.2586 -0.3722
vn 0.8914 -0.2586 -0.3721
vn 0.8931 -0.2585 0.3682
vn 0.6821 -0.2587 0.6839
vn 0.6831 -0.2591 0.6829
vn 0.3706 -0.2588 0.8920
vn 0.6820 -0.2587 0.6841
vn 0.6829 -0.2591 0.6830
vn 0.3705 -0.2588 0.8921
vn 0.3704 -0.2588 0.8921
vn -0.0001 -0.2585 0.9660
vn -0.3681 -0.2585 0.8931
vn -0.6839 -0.2588 0.6821
vn -0.6840 -0.2587 0.6821
vn -0.8930 -0.2585 0.3683
vn -0.9660 -0.2587 -0.0000
vn -0.8931 -0.2585 0.3681
vn -0.9660 -0.2585 -0.0000
vn -0.8931 -0.2585 -0.3682
vn -0.6821 -0.2588 -0.6840
vn -0.3666 -0.2587 -0.8937
vn 0.7788 -0.2117 -0.5905
vn 0.7790 -0.2114 -0.5904
vn 0.7788 -0.2116 -0.5905
vn 0.7787 -0.2118 -0.5906
vn 0.9682 -0.2116 -0.1333
vn 0.9682 -0.2118 -0.1335
vn 0.9682 -0.2117 -0.1334
vn 0.9683 -0.2115 -0.1332
vn 0.6017 -0.2101 0.7706
vn 0.6017 -0.2100 0.7706
vn 0.6019 -0.2099 0.7705
vn 0.1197 -0.2098 0.9704
vn 0.1198 -0.2099 0.9704
vn 0.1196 -0.2098 0.9704
vn -0.7783 -0.2096 0.5919
vn -0.7782 -0.2098 0.5920
vn -0.7782 -0.2097 0.5920
vn -0.9689 -0.2097 0.1314
vn -0.9689 -0.2098 0.1314
vn -0.9688 -0.2100 0.1314
vn -0.9689 -0.2099 0.1314
vn -0.6018 -0.2099 -0.7706
vn -0.6018 -0.2098 -0.7706
vn -0.1195 -0.2097 -0.9704
vn -0.1197 -0.2099 -0.9704
vn -0.0215 -0.1647 -0.9861
vn -0.0216 -0.1647 -0.9861
vn -0.0216 -0.1646 -0.9861
vn 0.6816 -0.1645 0.7130
vn 0.9846 -0.1723 0.0313
vn 0.9846 -0.1722 0.0313
vn -0.6725 -0.1725 0.7197
vn -0.6726 -0.1726 0.7196
vn -0.6726 -0.1725 0.7196
vn 0.0001 -1.0000 0.0019
vn 0.0215 -0.1647 0.9861
vn 0.0216 -0.1647 0.9861
vn -0.0019 -1.0000 -0.0020
vn -0.0020 -1.0000 -0.0020
vn -0.6816 -0.1645 -0.7129
vn -0.6816 -0.1645 -0.7130
vn -0.9845 -0.1723 -0.0314
vn -0.9846 -0.1722 -0.0313
vn 0.0020 -1.0000 -0.0003
vn 0.6726 -0.1726 -0.7196
vn 0.6726 -0.1725 -0.7196
vn 0.6841 -0.2590 -0.6819
vn 0.3723 -0.2586 -0.8913
vn 0.6840 -0.2588 -0.6820
vn 0.8928 -0.2590 -0.3686
vn 0.9659 -0.2588 -0.0020
vn 0.8938 -0.2587 0.3664
vn 0.6840 -0.2588 0.6820
vn 0.8937 -0.2587 0.3666
vn 0.6840 -0.2589 0.6820
vn 0.3689 -0.2590 0.8926
vn 0.3688 -0.2590 0.8927
vn 0.0001 -0.2587 0.9660
vn -0.0001 -0.2586 0.9660
vn -0.3683 -0.2585 0.8930
vn -0.6820 -0.2587 0.6840
vn -0.8931 -0.2585 0.3682
vn -0.8921 -0.2588 -0.3705
vn -0.8921 -0.2588 -0.3704
vn -0.6840 -0.2588 -0.6821
vn -0.8920 -0.2588 -0.3706
vn -0.6840 -0.2587 -0.6821
vn -0.3706 -0.2588 -0.8920
vn -0.3705 -0.2588 -0.8920
vn -0.0000 -0.2587 -0.9660
vn -0.0000 -0.2586 -0.9660
vn 0.3721 -0.2586 -0.8914
vn 0.1337 -0.2119 -0.9681
vn 0.1332 -0.2120 -0.9681
vn 0.5897 -0.2116 -0.7794
vn 0.9704 -0.2098 0.1196
vn 0.9702 -0.2104 0.1198
vn 0.9703 -0.2100 0.1196
vn 0.7713 -0.2095 0.6010
vn -0.1312 -0.2096 0.9690
vn -0.1312 -0.2095 0.9690
vn -0.5920 -0.2100 0.7781
vn -0.5920 -0.2096 0.7782
vn -0.9704 -0.2099 -0.1197
vn -0.9702 -0.2103 -0.1200
vn -0.9704 -0.2099 -0.1198
vn -0.7713 -0.2096 -0.6010
vn -0.7713 -0.2094 -0.6010
vn 0.0019 -1.0000 0.0001
vn 0.9861 -0.1647 0.0215
vn -0.0001 -1.0000 -0.0018
vn 0.7196 -0.1725 -0.6726
vn 0.0019 -1.0000 0.0020
vn 0.7129 -0.1645 0.6816
vn -0.7196 -0.1726 0.6725
vn 0.0019 -0.2585 -0.9660
vn 0.0019 -0.2589 -0.9659
vn 0.3681 -0.2585 -0.8931
vn 0.6819 -0.2589 -0.6841
vn 0.8930 -0.2586 0.3683
vn 0.6830 -0.2590 0.6829
vn 0.0001 -0.2587 0.9659
vn -0.3682 -0.2585 0.8931
vn -0.6839 -0.2588 0.6822
vn -0.6840 -0.2587 0.6820
vn -0.8931 -0.2585 0.3683
vn -0.6820 -0.2591 -0.6839
vn 0.7787 -0.2121 -0.5905
vn 0.7787 -0.2117 -0.5906
vn 0.9682 -0.2116 -0.1334
vn 0.9683 -0.2114 -0.1332
vn 0.6019 -0.2097 0.7705
vn 0.6016 -0.2101 0.7707
vn 0.1195 -0.2097 0.9704
vn -0.7782 -0.2096 0.5920
vn -0.6019 -0.2098 -0.7705
vn -0.6016 -0.2100 -0.7707
vn -0.6017 -0.2099 -0.7706
vn -0.1196 -0.2098 -0.9704
vn -0.1197 -0.2098 -0.9704
vn 0.0001 -1.0000 0.0020
vn -0.0004 -1.0000 0.0020
vn 0.0021 -1.0000 0.0002
vn 0.9845 -0.1723 0.0314
vn -0.0019 -1.0000 -0.0019
vn -0.0021 -1.0000 -0.0020
vn -0.9846 -0.1723 -0.0313
vn 0.9660 -0.2586 -0.0020
vn 0.8937 -0.2587 0.3664
vn 0.6840 -0.2591 0.6820
vn 0.3690 -0.2590 0.8926
vn -0.0001 -0.2587 0.9660
vn -0.6823 -0.2590 0.6837
vn -0.3683 -0.2585 0.8931
vn -0.6839 -0.2588 -0.6821
vn -0.3704 -0.2588 -0.8921
vn 0.9682 -0.2117 -0.1333
vn 0.9682 -0.2116 -0.1332
vn 0.6018 -0.2099 0.7706
vn 0.1194 -0.2097 0.9705
vn -0.7781 -0.2100 0.5920
vn -0.9688 -0.2101 0.1314
vn -0.9689 -0.2096 0.1314
vn -0.1198 -0.2100 -0.9703
vn -0.1196 -0.2097 -0.9704
vn -0.1194 -0.2096 -0.9705
vn 0.0002 -1.0000 0.0019
vn 0.6816 -0.1646 0.7130
vn -0.0020 -1.0000 0.0004
vn 0.6725 -0.1725 -0.7197
vn 0.3723 -0.2586 -0.8914
vn 0.6840 -0.2587 -0.6820
vn 0.8927 -0.2590 -0.3689
vn 0.9659 -0.2587 -0.0020
vn -0.6838 -0.2589 -0.6822
vn 0.1334 -0.2114 -0.9683
vn 0.1334 -0.2118 -0.9682
vn 0.1330 -0.2118 -0.9682
vn 0.5897 -0.2115 -0.7794
vn -0.1314 -0.2099 0.9688
vn -0.1314 -0.2097 0.9689
vn -0.1314 -0.2098 0.9689
vn -0.5920 -0.2098 0.7781
vn -0.9703 -0.2100 -0.1198
vn -0.9704 -0.2097 -0.1196
vn -0.0000 -1.0000 -0.0021
vn 0.7197 -0.1726 -0.6725
vn 0.0021 -1.0000 0.0019
vn 0.7129 -0.1646 0.6817
vn -0.7196 -0.1725 0.6726
vn 0.0020 -0.2587 -0.9660
vn 0.3683 -0.2586 -0.8930
vn 0.6819 -0.2590 -0.6841
vn 0.9660 -0.2587 -0.0000
vn 0.6830 -0.2591 0.6829
vn -0.8931 -0.2585 -0.3681
vn -0.6820 -0.2590 -0.6839
vn 0.7789 -0.2114 -0.5904
vn 0.9683 -0.2115 -0.1331
vn 0.6019 -0.2098 0.7705
vn 0.6021 -0.2096 0.7704
vn -0.7781 -0.2099 0.5920
vn -0.0002 -1.0000 -0.0018
vn 0.6816 -0.1645 0.7129
vn -0.0020 -1.0000 -0.0001
vn -0.9845 -0.1723 -0.0313
vn 0.8926 -0.2590 -0.3690
vn 0.9660 -0.2587 -0.0020
vn 0.6840 -0.2590 0.6820
vn 0.3689 -0.2590 0.8927
vn -0.6841 -0.2587 -0.6820
vn -0.0001 -0.2586 -0.9660
vn 0.3722 -0.2586 -0.8914
vn 0.1332 -0.2120 -0.9682
vn 0.1332 -0.2115 -0.9683
vn 0.1335 -0.2116 -0.9682
vn 0.5894 -0.2115 -0.7796
vn 0.5895 -0.2115 -0.7795
vn 0.9704 -0.2100 0.1196
vn 0.7713 -0.2092 0.6010
vn 0.7713 -0.2096 0.6010
vn 0.7713 -0.2092 0.6011
vn -0.1312 -0.2096 0.9689
vn -0.0314 -0.1725 -0.9845
vn 0.3685 -0.2586 -0.8930
vn 0.8913 -0.2586 -0.3723
vn 0.6821 -0.2587 0.6840
vn -0.9660 -0.2584 -0.0000
vn -0.8931 -0.2585 -0.3683
vn -0.6820 -0.2589 -0.6839
vn -0.6821 -0.2586 -0.6841
vn -0.0020 -0.9443 -0.3291
vn 0.0470 -0.9479 -0.3152
vn -0.0587 -0.9979 -0.0274
vn -0.1058 -0.9935 -0.0431
vn -0.1608 -0.9514 0.2628
vn -0.1998 -0.9482 0.2468
vn -0.2489 -0.8113 0.5291
vn -0.2745 -0.8117 0.5156
vn -0.3117 -0.5900 0.7449
vn -0.3212 -0.5954 0.7364
vn -0.3434 -0.3100 0.8865
vn -0.3370 -0.3194 0.8857
vn -0.3409 -0.0001 0.9401
vn -0.3215 -0.0118 0.9468
vn -0.3055 0.3092 0.9006
vn -0.2723 0.2978 0.9150
vn -0.2411 0.5878 0.7722
vn -0.1980 0.5803 0.7900
vn -0.1530 0.8081 0.5688
vn -0.1057 0.8025 0.5872
vn -0.0490 0.9496 0.3095
vn -0.0019 0.9455 0.3256
vn 0.0568 0.9982 0.0215
vn 0.0998 0.9944 0.0333
vn 0.1607 0.9503 -0.2665
vn 0.1940 0.9463 -0.2586
vn 0.2469 0.8093 -0.5330
vn 0.2684 0.8051 -0.5289
vn 0.3099 0.5882 -0.7470
vn 0.3176 0.5842 -0.7469
vn 0.3433 0.3099 -0.8866
vn 0.3350 0.3056 -0.8913
vn 0.3408 -0.0000 -0.9401
vn 0.3191 -0.0020 -0.9477
vn 0.3058 -0.3058 -0.9017
vn 0.2705 -0.3097 -0.9115
vn 0.2412 -0.5846 -0.7747
vn 0.1942 -0.5864 -0.7864
vn 0.1510 -0.8058 -0.5726
vn 0.1000 -0.8039 -0.5863
vn 0.0470 -0.9478 -0.3154
vn -0.0020 -0.9443 -0.3292
vn -0.1880 -0.9089 -0.3723
vn -0.0666 -0.7778 -0.6250
vn -0.3310 -0.8482 -0.4134
vn -0.1783 -0.7330 -0.6565
vn -0.2842 -0.6448 -0.7095
vn -0.4763 -0.7351 -0.4824
vn -0.5393 -0.6433 -0.5434
vn -0.3054 -0.5914 -0.7463
vn -0.4704 -0.7272 -0.4999
vn -0.2060 -0.7084 -0.6750
vn -0.3586 -0.8820 -0.3058
vn -0.0706 -0.8946 -0.4414
vn -0.3077 -0.9470 -0.0922
vn -0.0000 -0.9867 -0.1624
vn -0.3055 -0.9522 -0.0059
vn 0.0060 -1.0000 0.0061
vn -0.2957 -0.9540 -0.0490
vn 0.0117 -0.9998 0.0176
vn -0.2741 -0.9577 -0.0881
vn 0.0215 -0.9996 0.0176
vn -0.2741 -0.9598 -0.0607
vn 0.0118 -0.9976 0.0686
vn -0.2819 -0.9594 -0.0137
vn -0.0078 -0.9905 0.1370
vn -0.0723 -0.9663 0.2471
vn -0.3289 -0.9420 0.0666
vn -0.1390 -0.9275 0.3470
vn -0.3786 -0.9144 0.1433
vn -0.2353 -0.8609 0.4511
vn -0.4505 -0.8639 0.2253
vn -0.5326 -0.7930 0.2957
vn -0.3372 -0.7704 0.5411
vn -0.6432 -0.6805 0.3511
vn -0.4744 -0.6331 0.6116
vn -0.5470 -0.5587 0.6234
vn -0.6962 -0.6217 0.3590
vn -0.5414 -0.5846 0.6042
vn -0.6671 -0.6651 0.3356
vn -0.5137 -0.8000 0.3099
vn -0.4219 -0.6946 0.5827
vn -0.2667 -0.9158 0.3002
vn -0.2194 -0.7933 0.5680
vn -0.0784 -0.8200 0.5670
vn -0.0980 -0.9489 0.3000
vn -0.0157 -0.9533 0.3015
vn -0.0116 -0.8253 0.5646
vn -0.0020 -0.6013 0.7991
vn -0.0548 -0.5991 0.7988
vn 0.0020 -0.3174 0.9483
vn -0.0235 -0.3173 0.9480
vn 0.0078 -0.0001 1.0000
vn 0.0078 -0.0000 1.0000
vn 0.0079 0.3156 0.9489
vn 0.0372 0.3136 0.9488
vn 0.0059 0.5978 0.8016
vn 0.0627 0.5941 0.8019
vn 0.0039 0.8164 0.5775
vn 0.0804 0.8118 0.5784
vn 0.0001 0.9534 0.3016
vn 0.0901 0.9485 0.3038
vn -0.0001 1.0000 -0.0000
vn 0.0921 0.9957 0.0020
vn -0.0020 0.9535 -0.3015
vn 0.0862 0.9501 -0.2997
vn -0.0020 0.8157 -0.5785
vn 0.0725 0.8129 -0.5779
vn -0.0020 0.5943 -0.8042
vn 0.0490 0.5914 -0.8049
vn -0.0040 0.3098 -0.9508
vn 0.0215 0.3073 -0.9514
vn -0.0079 -0.0059 -1.0000
vn -0.0078 -0.0098 -0.9999
vn -0.0137 -0.3214 -0.9468
vn -0.0412 -0.3236 -0.9453
vn -0.0157 -0.5623 -0.8268
vn -0.0666 -0.5678 -0.8204
vn -0.0137 -0.7914 -0.6112
vn -0.0942 -0.7927 -0.6024
vn -0.1058 -0.9468 -0.3038
vn -0.0157 -0.9514 -0.3074
vn -0.1057 -0.9944 -0.0020
vn -0.0179 -0.9998 -0.0021
vn -0.0980 -0.9489 0.2999
vn -0.0157 -0.9534 0.3014
vn -0.2667 -0.9159 0.3000
vn -0.2940 -0.9558 -0.0000
vn -0.5138 -0.8001 0.3097
vn -0.5565 -0.8308 0.0137
vn -0.6671 -0.6652 0.3354
vn -0.7307 -0.6817 0.0353
vn -0.7800 -0.6232 0.0568
vn -0.6962 -0.6217 0.3588
vn -0.7508 -0.6587 0.0490
vn -0.6433 -0.6805 0.3509
vn -0.5327 -0.7930 0.2956
vn -0.6780 -0.7349 0.0137
vn -0.4506 -0.8639 0.2252
vn -0.6285 -0.7773 -0.0294
vn -0.3787 -0.9144 0.1432
vn -0.5779 -0.8129 -0.0725
vn -0.5385 -0.8362 -0.1038
vn -0.3291 -0.9420 0.0665
vn -0.5277 -0.8337 -0.1628
vn -0.2820 -0.9593 -0.0138
vn -0.2743 -0.9597 -0.0607
vn -0.5391 -0.8214 -0.1863
vn -0.2742 -0.9576 -0.0882
vn -0.5485 -0.8151 -0.1861
vn -0.2959 -0.9540 -0.0490
vn -0.5762 -0.8094 -0.1137
vn -0.3057 -0.9521 -0.0059
vn -0.5921 -0.8057 -0.0176
vn -0.3079 -0.9469 -0.0921
vn -0.5863 -0.8100 -0.0117
vn -0.3587 -0.8820 -0.3057
vn -0.6148 -0.7773 -0.1331
vn -0.4705 -0.7272 -0.4998
vn -0.6918 -0.6703 -0.2685
vn -0.5394 -0.6433 -0.5433
vn -0.7203 -0.6318 -0.2865
vn -0.4765 -0.7352 -0.4822
vn -0.6234 -0.7527 -0.2117
vn -0.3311 -0.8483 -0.4133
vn -0.4509 -0.8822 -0.1353
vn -0.1881 -0.9089 -0.3721
vn -0.2919 -0.9522 -0.0901
vn -0.3683 -0.9089 0.1959
vn -0.4099 -0.7825 0.4687
vn -0.4135 -0.5802 0.7017
vn -0.3761 -0.3193 0.8698
vn -0.3020 -0.0216 0.9531
vn -0.1958 0.2801 0.9398
vn -0.0686 0.5548 0.8292
vn 0.0588 0.7702 0.6350
vn 0.1803 0.9072 0.3801
vn 0.2824 0.9550 0.0902
vn 0.3585 0.9110 -0.2038
vn 0.3997 0.7797 -0.4819
vn 0.4038 0.5703 -0.7153
vn 0.3666 0.3018 -0.8801
vn 0.2920 -0.0000 -0.9564
vn 0.1883 -0.3000 -0.9352
vn 0.0627 -0.5702 -0.8191
vn -0.0059 -0.5410 -0.8410
vn -0.0608 -0.4920 -0.8684
vn -0.0431 -0.4840 -0.8740
vn 0.0724 -0.6226 -0.7792
vn 0.2116 -0.8192 -0.5331
vn 0.2980 -0.9294 -0.2176
vn 0.3157 -0.9487 0.0176
vn 0.3132 -0.9459 0.0842
vn 0.3115 -0.9425 0.1215
vn 0.2922 -0.9373 0.1902
vn 0.2585 -0.9263 0.2742
vn 0.1842 -0.8978 0.4001
vn 0.1039 -0.8520 0.5132
vn -0.0039 -0.7776 0.6287
vn -0.1176 -0.6763 0.7272
vn -0.2623 -0.5267 0.8086
vn -0.3433 -0.4434 0.8279
vn -0.3627 -0.4471 0.8177
vn -0.2883 -0.5198 0.8042
vn -0.1510 -0.5862 0.7960
vn -0.0647 -0.3197 0.9453
vn 0.0256 -0.0156 0.9995
vn 0.1137 0.2882 0.9508
vn 0.1900 0.5621 0.8049
vn 0.2452 0.7765 0.5804
vn 0.2761 0.9126 0.3016
vn 0.2801 0.9600 -0.0020
vn 0.2587 0.9150 -0.3096
vn 0.2097 0.7799 -0.5898
vn 0.1411 0.5644 -0.8133
vn 0.0549 0.2880 -0.9561
vn -0.0353 -0.0137 -0.9993
vn -0.1236 -0.3156 -0.9408
vn -0.1998 -0.5641 -0.8011
vn -0.2587 -0.7723 -0.5802
vn -0.2903 -0.9100 -0.2961
vn -0.5506 -0.7857 -0.2821
vn -0.7264 -0.6344 -0.2644
vn -0.7887 -0.5611 -0.2513
vn -0.7827 -0.5650 -0.2609
vn -0.7564 -0.5938 -0.2744
vn -0.7444 -0.6034 -0.2860
vn -0.7352 -0.6059 -0.3039
vn -0.7290 -0.6154 -0.2998
vn -0.7361 -0.6011 -0.3113
vn -0.7449 -0.5979 -0.2961
vn -0.7640 -0.5877 -0.2664
vn -0.7958 -0.5822 -0.1666
vn -0.8170 -0.5760 -0.0274
vn -0.8074 -0.5860 0.0685
vn -0.8089 -0.5856 0.0529
vn -0.8424 -0.5388 -0.0078
vn -0.8317 -0.5552 -0.0020
vn -0.7110 -0.6992 0.0744
vn -0.5294 -0.8352 0.1490
vn -0.5603 -0.7132 0.4212
vn -0.5389 -0.5253 0.6585
vn -0.4662 -0.2821 0.8385
vn -0.3449 -0.0078 0.9386
vn -0.1843 0.2706 0.9449
vn -0.0039 0.5231 0.8523
vn 0.1723 0.7206 0.6716
vn 0.3308 0.8417 0.4267
vn 0.4528 0.8801 0.1431
vn 0.5308 0.8343 -0.1489
vn 0.5587 0.7096 -0.4293
vn 0.5333 0.5157 -0.6706
vn 0.4542 0.2682 -0.8496
vn 0.3291 -0.0098 -0.9442
vn 0.1687 -0.2922 -0.9414
vn 0.1686 -0.2881 -0.9427
vn 0.2233 -0.3311 -0.9168
vn 0.3430 -0.4801 -0.8074
vn 0.4739 -0.6697 -0.5718
vn 0.5663 -0.7838 -0.2547
vn 0.5919 -0.8055 0.0274
vn 0.5802 -0.8018 0.1431
vn 0.5665 -0.7958 0.2138
vn 0.5413 -0.7884 0.2922
vn 0.4961 -0.7785 0.3844
vn 0.4196 -0.7470 0.5156
vn 0.3356 -0.7005 0.6299
vn 0.2236 -0.6257 0.7473
vn 0.1098 -0.5234 0.8450
vn -0.0255 -0.3726 0.9276
vn -0.1063 -0.2859 0.9524
vn -0.1449 -0.2625 0.9540
vn -0.1216 -0.2903 0.9492
vn 0.0569 -0.0294 0.9979
vn 0.2350 0.2312 0.9441
vn 0.3880 0.4684 0.7937
vn 0.5014 0.6543 0.5661
vn 0.5645 0.7742 0.2862
vn 0.5725 0.8197 -0.0176
vn 0.5235 0.7882 -0.3235
vn 0.4215 0.6783 -0.6019
vn 0.2765 0.4982 -0.8218
vn 0.1020 0.2647 -0.9589
vn -0.0787 0.0045 -0.9969
vn -0.2511 -0.2550 -0.9338
vn -0.3939 -0.4861 -0.7801
vn -0.4958 -0.6683 -0.5546
vn -0.6556 -0.5261 -0.5418
vn -0.7192 -0.4409 -0.5370
vn -0.7331 -0.4097 -0.5429
vn -0.7511 -0.3863 -0.5353
vn -0.7787 -0.3629 -0.5119
vn -0.8013 -0.3546 -0.4819
vn -0.8237 -0.3510 -0.4452
vn -0.8486 -0.3273 -0.4156
vn -0.8719 -0.3135 -0.3762
vn -0.8976 -0.3037 -0.3194
vn -0.9321 -0.2996 -0.2037
vn -0.9560 -0.2918 -0.0314
vn -0.9413 -0.3039 0.1470
vn -0.9154 -0.3294 0.2313
vn -0.9040 -0.3490 0.2471
vn -0.8625 -0.4214 0.2803
vn -0.7349 -0.5781 0.3547
vn -0.6896 -0.4036 0.6014
vn -0.5780 -0.1901 0.7936
vn -0.4097 0.0412 0.9113
vn -0.1977 0.2722 0.9417
vn 0.0353 0.4765 0.8785
vn 0.2686 0.6314 0.7275
vn 0.4739 0.7226 0.5033
vn 0.6312 0.7410 0.2293
vn 0.7220 0.6887 -0.0667
vn 0.7412 0.5686 -0.3569
vn 0.6862 0.3939 -0.6115
vn 0.5625 0.1784 -0.8073
vn 0.3844 -0.0568 -0.9214
vn 0.4719 -0.1468 -0.8694
vn 0.5828 -0.2943 -0.7574
vn 0.6915 -0.4584 -0.5583
vn 0.7820 -0.5625 -0.2685
vn 0.8080 -0.5884 0.0314
vn 0.7900 -0.5842 0.1862
vn 0.7667 -0.5746 0.2864
vn 0.7353 -0.5687 0.3687
vn 0.6875 -0.5601 0.4622
vn 0.6174 -0.5291 0.5821
vn 0.5355 -0.4864 0.6904
vn 0.4329 -0.4172 0.7991
vn 0.3294 -0.3255 0.8863
vn 0.2138 -0.1863 0.9590
vn 0.1409 -0.1038 0.9846
vn 0.0901 -0.0528 0.9945
vn 0.3216 0.1589 0.9335
vn 0.5191 0.3546 0.7777
vn 0.6626 0.5137 0.5450
vn 0.7389 0.6213 0.2607
vn 0.7426 0.6682 -0.0451
vn 0.6715 0.6539 -0.3485
vn 0.5352 0.5764 -0.6175
vn 0.3451 0.4393 -0.8294
vn 0.1195 0.2588 -0.9585
vn -0.1135 0.0470 -0.9924
vn -0.3352 -0.1667 -0.9273
vn -0.5218 -0.3649 -0.7710
vn -0.5779 -0.2762 -0.7679
vn -0.6094 -0.2116 -0.7641
vn -0.6680 -0.1410 -0.7307
vn -0.7314 -0.0863 -0.6765
vn -0.7801 -0.0549 -0.6233
vn -0.8314 -0.0274 -0.5549
vn -0.8761 -0.0040 -0.4822
vn -0.9077 -0.0039 -0.4196
vn -0.9395 0.0020 -0.3425
vn -0.9756 0.0039 -0.2194
vn -0.9994 0.0137 -0.0314
vn -0.9778 0.0020 0.2097
vn -0.9229 -0.0471 0.3821
vn -0.8724 -0.1255 0.4724
vn -0.8093 -0.2468 0.5330
vn -0.6794 -0.0470 0.7322
vn -0.4859 0.1548 0.8602
vn -0.2469 0.3409 0.9071
vn 0.0151 0.4920 0.8705
vn 0.2822 0.5976 0.7505
vn 0.5229 0.6443 0.5581
vn 0.7150 0.6269 0.3095
vn 0.8354 0.5490 0.0255
vn 0.8704 0.4176 -0.2607
vn 0.8151 0.2449 -0.5251
vn 0.6762 0.0510 -0.7350
vn 0.7684 -0.0784 -0.6351
vn 0.8482 -0.2018 -0.4897
vn 0.9244 -0.2840 -0.2546
vn 0.9497 -0.3113 0.0333
vn 0.9258 -0.3119 0.2138
vn 0.8944 -0.3002 0.3316
vn 0.8631 -0.2923 0.4120
vn 0.8189 -0.2860 0.4976
vn 0.7596 -0.2566 0.5977
vn 0.6905 -0.2217 0.6886
vn 0.6078 -0.1667 0.7764
vn 0.5236 -0.0902 0.8472
vn 0.4369 0.0196 0.8993
vn 0.3800 0.0901 0.9206
vn 0.5842 0.2783 0.7624
vn 0.7273 0.4391 0.5275
vn 0.7956 0.5566 0.2392
vn 0.7822 0.6193 -0.0685
vn 0.6919 0.6212 -0.3679
vn 0.5349 0.5642 -0.6289
vn 0.3292 0.4525 -0.8288
vn 0.0921 0.2978 -0.9502
vn -0.1510 0.1114 -0.9822
vn -0.3819 -0.0843 -0.9204
vn -0.4307 -0.0000 -0.9025
vn -0.5213 0.1078 -0.8466
vn -0.6131 0.1861 -0.7678
vn -0.6820 0.2313 -0.6938
vn -0.7544 0.2665 -0.5999
vn -0.8153 0.2959 -0.4978
vn -0.8553 0.2982 -0.4237
vn -0.8924 0.3040 -0.3334
vn -0.9285 0.3036 -0.2135
vn -0.9492 0.3138 -0.0255
vn -0.9192 0.3018 0.2528
vn -0.8410 0.2293 0.4901
vn -0.7588 0.1039 0.6430
vn -0.5782 0.3195 0.7507
vn -0.3487 0.5054 0.7893
vn -0.0882 0.6452 0.7589
vn 0.1822 0.7268 0.6622
vn 0.4468 0.7407 0.5017
vn 0.6722 0.6820 0.2881
vn 0.8311 0.5548 0.0392
vn 0.9049 0.3682 -0.2135
vn 0.8813 0.1488 -0.4485
vn 0.9247 0.0803 -0.3722
vn 0.9766 0.0255 -0.2138
vn 0.9995 -0.0020 0.0313
vn 0.9752 -0.0078 0.2213
vn 0.9380 0.0039 0.3466
vn 0.9095 0.0137 0.4155
vn 0.8746 0.0216 0.4844
vn 0.8318 0.0452 0.5532
vn 0.7821 0.0686 0.6193
vn 0.7288 0.1097 0.6759
vn 0.6740 0.1607 0.7210
vn 0.6228 0.2291 0.7481
vn 0.7448 0.4214 0.5174
vn 0.7861 0.5724 0.2332
vn 0.7444 0.6640 -0.0705
vn 0.6278 0.6886 -0.3629
vn 0.4528 0.6469 -0.6136
vn 0.2432 0.5453 -0.8022
vn 0.0118 0.3955 -0.9184
vn -0.2154 0.2095 -0.9538
vn -0.3314 0.3392 -0.8804
vn -0.4429 0.4351 -0.7839
vn -0.5255 0.4863 -0.6981
vn -0.6077 0.5315 -0.5902
vn -0.6800 0.5624 -0.4703
vn -0.7248 0.5681 -0.3899
vn -0.7642 0.5741 -0.2939
vn -0.7977 0.5723 -0.1901
vn -0.8131 0.5819 -0.0176
vn -0.7767 0.5669 0.2746
vn -0.6840 0.4783 0.5508
vn -0.4725 0.6783 0.5627
vn -0.2195 0.8210 0.5271
vn 0.0549 0.8946 0.4434
vn 0.3349 0.8873 0.3172
vn 0.5903 0.7922 0.1549
vn 0.7911 0.6111 -0.0275
vn 0.9069 0.3643 -0.2116
vn 0.9292 0.3391 -0.1470
vn 0.9505 0.3096 0.0274
vn 0.9309 0.3018 0.2058
vn 0.8915 0.3154 0.3252
vn 0.8672 0.3257 0.3767
vn 0.8442 0.3291 0.4231
vn 0.8251 0.3273 0.4605
vn 0.7998 0.3548 0.4842
vn 0.7761 0.3821 0.5016
vn 0.7561 0.4035 0.5152
vn 0.7549 0.6059 0.2510
vn 0.6705 0.7411 -0.0353
vn 0.5197 0.7962 -0.3098
vn 0.3233 0.7739 -0.5446
vn 0.1057 0.6833 -0.7224
vn -0.1156 0.5351 -0.8369
vn -0.2372 0.6372 -0.7333
vn -0.3257 0.6945 -0.6415
vn -0.4115 0.7435 -0.5272
vn -0.4879 0.7760 -0.3998
vn -0.5306 0.7852 -0.3192
vn -0.5666 0.7920 -0.2274
vn -0.5933 0.7911 -0.1489
vn -0.6034 0.7974 -0.0098
vn -0.5685 0.7763 0.2725
vn -0.3079 0.9198 0.2432
vn -0.0176 0.9813 0.1919
vn 0.2785 0.9532 0.1176
vn 0.5585 0.8290 0.0294
vn 0.7842 0.6176 -0.0608
vn 0.8014 0.5976 0.0235
vn 0.7897 0.5898 0.1685
vn 0.7529 0.6000 0.2706
vn 0.7366 0.6092 0.2938
vn 0.7191 0.6250 0.3037
vn 0.7286 0.6150 0.3016
vn 0.7270 0.6251 0.2841
vn 0.7369 0.6194 0.2705
vn 0.6177 0.7863 0.0137
vn 0.4356 0.8693 -0.2335
vn 0.2174 0.8659 -0.4505
vn -0.0098 0.7846 -0.6199
vn -0.0980 0.8428 -0.5292
vn -0.1782 0.8912 -0.4171
vn -0.2531 0.9216 -0.2942
vn -0.2862 0.9331 -0.2176
vn -0.3138 0.9395 -0.1373
vn -0.3313 0.9390 -0.0921
vn -0.3376 0.9413 0.0002
vn -0.0333 0.9994 0.0059
vn 0.2784 0.9604 0.0118
vn 0.5681 0.8228 0.0176
vn 0.5646 0.8175 0.1137
vn 0.5370 0.8233 0.1842
vn 0.5294 0.8294 0.1784
vn 0.5336 0.8299 0.1628
vn 0.5683 0.8132 0.1254
vn 0.5859 0.8073 0.0705
vn 0.3764 0.9117 -0.1647
vn 0.1411 0.9189 -0.3683
vn 0.0726 0.9610 -0.2667
vn 0.0078 0.9873 -0.1587
vn -0.0118 0.9955 -0.0941
vn -0.0275 0.9991 -0.0334
vn -0.0294 0.9993 -0.0235
vn 0.2781 0.9595 0.0451
vn 0.2648 0.9611 0.0785
vn 0.2685 0.9623 0.0431
vn 0.2742 0.9617 -0.0020
vn 0.3252 0.9419 -0.0843
vn -0.2840 -0.8049 -0.5210
vn -0.1763 -0.9459 -0.2723
vn -0.2038 -0.9442 -0.2586
vn -0.3116 -0.8034 -0.5075
vn -0.4702 -0.7777 -0.4173
vn -0.3509 -0.9193 -0.1784
vn -0.6109 -0.7245 -0.3192
vn -0.4842 -0.8703 -0.0902
vn -0.5194 -0.8525 -0.0589
vn -0.6546 -0.6997 -0.2861
vn -0.7246 -0.6559 -0.2118
vn -0.5683 -0.8228 -0.0001
vn -0.7862 -0.6039 -0.1314
vn -0.6122 -0.7887 0.0568
vn -0.7991 -0.5914 -0.1077
vn -0.6142 -0.7867 0.0627
vn -0.7930 -0.6051 -0.0705
vn -0.5740 -0.8168 0.0587
vn -0.8078 -0.5863 -0.0608
vn -0.5906 -0.8064 0.0314
vn -0.5941 -0.8037 0.0333
vn -0.8057 -0.5920 -0.0196
vn -0.7997 -0.5998 0.0255
vn -0.5843 -0.8097 0.0549
vn -0.8269 -0.5565 0.0803
vn -0.6133 -0.7856 0.0823
vn -0.6033 -0.7639 0.2292
vn -0.8055 -0.5272 0.2705
vn -0.7841 -0.5332 0.3176
vn -0.5859 -0.7700 0.2528
vn -0.5650 -0.7787 0.2727
vn -0.7549 -0.5451 0.3647
vn -0.7294 -0.5372 0.4235
vn -0.5430 -0.7781 0.3156
vn -0.7270 -0.5624 0.3939
vn -0.5468 -0.7994 0.2489
vn -0.7410 -0.5547 0.3784
vn -0.5800 -0.7877 0.2077
vn -0.7527 -0.5429 0.3724
vn -0.6018 -0.7742 0.1960
vn -0.7858 -0.5409 0.2998
vn -0.6825 -0.7256 0.0883
vn -0.8325 -0.4780 0.2801
vn -0.7661 -0.6427 0.0059
vn -0.7775 -0.6286 -0.0176
vn -0.8392 -0.4706 0.2725
vn -0.8522 -0.4526 0.2625
vn -0.8219 -0.5649 -0.0725
vn -0.8451 -0.4314 0.3157
vn -0.8815 -0.4721 -0.0039
vn -0.8238 -0.5669 -0.0058
vn -0.7963 -0.5296 0.2923
vn -0.4235 -0.8392 0.3412
vn -0.4482 -0.8926 0.0490
vn -0.0725 -0.9970 0.0256
vn -0.0587 -0.9459 0.3192
vn 0.0020 -0.9469 0.3215
vn -0.0041 -0.9998 0.0217
vn 0.0098 -0.8049 0.5934
vn -0.0392 -0.8068 0.5895
vn 0.0176 -0.5819 0.8131
vn -0.0157 -0.5876 0.8090
vn 0.0215 -0.2937 0.9557
vn 0.0098 -0.3056 0.9521
vn 0.0235 0.0235 0.9994
vn 0.0333 0.0118 0.9994
vn 0.0196 0.3390 0.9406
vn 0.0509 0.3311 0.9422
vn 0.0157 0.6155 0.7880
vn 0.0608 0.6120 0.7885
vn 0.0078 0.8284 0.5601
vn 0.0627 0.8271 0.5586
vn -0.0000 0.9594 0.2820
vn 0.0588 0.9587 0.2784
vn 0.0509 0.9984 -0.0254
vn -0.0063 0.9998 -0.0210
vn -0.0117 0.9462 -0.3232
vn 0.0372 0.9442 -0.3272
vn -0.0177 0.8015 -0.5977
vn 0.0215 0.7989 -0.6011
vn -0.0215 0.5796 -0.8146
vn 0.0039 0.5740 -0.8189
vn -0.0255 0.2977 -0.9543
vn -0.0137 0.2879 -0.9576
vn -0.0253 -0.0176 -0.9995
vn -0.0333 -0.0294 -0.9990
vn -0.0235 -0.3332 -0.9426
vn -0.0529 -0.3427 -0.9380
vn -0.0216 -0.6133 -0.7896
vn -0.0665 -0.6207 -0.7812
vn -0.0176 -0.8283 -0.5600
vn -0.0765 -0.8311 -0.5508
vn -0.0118 -0.9599 -0.2802
vn -0.0784 -0.9589 -0.2726
vn -0.0039 -0.9998 0.0215
vn -0.0725 -0.9970 0.0254
vn -0.4482 -0.8926 0.0489
vn -0.4349 -0.8660 -0.2469
vn -0.7786 -0.5511 -0.3001
vn -0.8238 -0.5669 -0.0060
vn -0.8815 -0.4721 -0.0040
vn -0.8289 -0.4645 -0.3116
vn -0.7238 -0.6020 -0.3373
vn -0.8219 -0.5650 -0.0726
vn -0.6408 -0.7132 -0.2841
vn -0.7775 -0.6287 -0.0177
vn -0.6195 -0.7391 -0.2647
vn -0.7661 -0.6427 0.0058
vn -0.5059 -0.8506 -0.1433
vn -0.6824 -0.7256 0.0882
vn -0.3899 -0.9209 0.0039
vn -0.6017 -0.7743 0.1959
vn -0.3703 -0.9286 0.0255
vn -0.5799 -0.7877 0.2077
vn -0.3335 -0.9376 0.0981
vn -0.5467 -0.7995 0.2488
vn -0.3036 -0.9363 0.1763
vn -0.5429 -0.7782 0.3156
vn -0.3195 -0.9349 0.1549
vn -0.5649 -0.7788 0.2726
vn -0.5858 -0.7701 0.2527
vn -0.3273 -0.9311 0.1607
vn -0.3371 -0.9270 0.1646
vn -0.6032 -0.7639 0.2292
vn -0.6131 -0.7857 0.0823
vn -0.3369 -0.9383 0.0784
vn -0.3229 -0.9434 0.0763
vn -0.5842 -0.8098 0.0549
vn -0.3271 -0.9420 0.0744
vn -0.5939 -0.8038 0.0333
vn -0.5905 -0.8064 0.0314
vn -0.2664 -0.9557 0.1253
vn -0.2447 -0.9479 0.2037
vn -0.5741 -0.8167 0.0589
vn -0.3450 -0.9055 0.2470
vn -0.6140 -0.7868 0.0628
vn -0.3608 -0.8982 0.2510
vn -0.6121 -0.7887 0.0569
vn -0.3274 -0.9156 0.2333
vn -0.5681 -0.8229 -0.0000
vn -0.3253 -0.9267 0.1881
vn -0.5193 -0.8526 -0.0587
vn -0.4841 -0.8703 -0.0901
vn -0.3096 -0.9388 0.1509
vn -0.1977 -0.9770 0.0802
vn -0.3508 -0.9193 -0.1783
vn -0.0744 -0.9971 0.0137
vn -0.2037 -0.9443 -0.2585
vn -0.1762 -0.9460 -0.2722
vn -0.0529 -0.9986 0.0039
vn 0.0608 -0.9550 0.2902
vn 0.0783 -0.9556 0.2839
vn 0.1999 -0.8092 0.5525
vn 0.2021 -0.8161 0.5415
vn 0.3098 -0.5980 0.7392
vn 0.3060 -0.5924 0.7453
vn 0.3961 -0.2921 0.8705
vn 0.3786 -0.3079 0.8728
vn 0.4315 -0.0000 0.9021
vn 0.4116 0.0039 0.9114
vn 0.4292 0.3096 0.8485
vn 0.4018 0.3136 0.8604
vn 0.3842 0.5860 0.7134
vn 0.3530 0.5883 0.7275
vn 0.3036 0.8052 0.5094
vn 0.2724 0.8075 0.5233
vn 0.1942 0.9473 0.2550
vn 0.1647 0.9490 0.2687
vn 0.0647 0.9976 -0.0255
vn 0.0411 0.9991 -0.0118
vn -0.0706 0.9494 -0.3060
vn -0.0863 0.9512 -0.2961
vn -0.1979 0.8110 -0.5505
vn -0.2095 0.8069 -0.5523
vn -0.3175 0.5743 -0.7546
vn -0.3116 0.5802 -0.7525
vn -0.3922 0.3137 -0.8647
vn -0.3822 0.2940 -0.8761
vn -0.4354 -0.0137 -0.9001
vn -0.4155 -0.0137 -0.9095
vn -0.4332 -0.3195 -0.8428
vn -0.4096 -0.3195 -0.8545
vn -0.3899 -0.5897 -0.7073
vn -0.3627 -0.5900 -0.7214
vn -0.5465 -0.5642 -0.6188
vn -0.6825 -0.5158 -0.5178
vn -0.7290 -0.4840 -0.4840
vn -0.8117 -0.4274 -0.3980
vn -0.8808 -0.3629 -0.3041
vn -0.8967 -0.3590 -0.2590
vn -0.9115 -0.3705 -0.1784
vn -0.9302 -0.3427 -0.1312
vn -0.9571 -0.2785 -0.0805
vn -0.9638 -0.2665 -0.0118
vn -0.9656 -0.2507 0.0685
vn -0.9274 -0.2431 0.2843
vn -0.9033 -0.2469 0.3508
vn -0.8703 -0.2548 0.4214
vn -0.8389 -0.2371 0.4900
vn -0.8271 -0.2607 0.4979
vn -0.8216 -0.2588 0.5079
vn -0.8220 -0.2413 0.5159
vn -0.8174 -0.2646 0.5116
vn -0.8093 -0.2469 0.5330
vn -0.8109 -0.2664 0.5210
vn -0.7834 -0.2996 0.5445
vn -0.7196 -0.3392 0.6059
vn -0.6940 -0.4392 0.5705
vn -0.3605 -0.7112 0.6035
vn -0.2645 -0.5153 0.8151
vn -0.1392 -0.2687 0.9531
vn 0.0020 0.0078 1.0000
vn 0.1491 0.2902 0.9453
vn 0.2802 0.5428 0.7917
vn 0.3840 0.7368 0.5565
vn 0.4448 0.8544 0.2685
vn 0.4608 0.8864 -0.0432
vn 0.4278 0.8320 -0.3532
vn 0.3530 0.6922 -0.6295
vn 0.2412 0.4842 -0.8411
vn 0.1078 0.2236 -0.9687
vn -0.0354 -0.0569 -0.9978
vn -0.1723 -0.3349 -0.9263
vn -0.2922 -0.5767 -0.7629
vn -0.3823 -0.7588 -0.5274
vn -0.6685 -0.4842 -0.5646
vn -0.7002 -0.4099 -0.5845
vn -0.5490 -0.5881 -0.5940
vn -0.4468 -0.7271 -0.5213
vn -0.4174 -0.7603 -0.4977
vn -0.2846 -0.8905 -0.3550
vn -0.1510 -0.9723 -0.1784
vn -0.1274 -0.9803 -0.1509
vn -0.0821 -0.9943 -0.0685
vn -0.0372 -0.9990 0.0235
vn -0.0450 -0.9987 0.0235
vn -0.0353 -0.9980 0.0529
vn -0.0373 -0.9959 0.0824
vn -0.0098 -0.9977 0.0666
vn 0.0255 -0.9952 0.0941
vn 0.0079 -0.9939 0.1098
vn -0.0059 -0.9839 0.1784
vn -0.0370 -0.9609 0.2745
vn -0.0783 -0.9191 0.3861
vn -0.0980 -0.9089 0.4054
vn -0.0959 -0.9072 0.4096
vn -0.1117 -0.9097 0.4000
vn -0.1019 -0.9169 0.3859
vn -0.0235 -0.9411 0.3372
vn 0.1744 -0.7915 0.5858
vn 0.3275 -0.5882 0.7394
vn 0.4858 -0.2330 0.8424
vn 0.5410 -0.0137 0.8409
vn 0.5720 0.2882 0.7680
vn 0.5468 0.5612 0.6213
vn 0.4706 0.7784 0.4155
vn 0.3472 0.9221 0.1706
vn 0.1899 0.9775 -0.0920
vn 0.0117 0.9365 -0.3506
vn -0.1410 0.8267 -0.5446
vn -0.3292 0.5880 -0.7388
vn -0.4431 0.3588 -0.8215
vn -0.5468 -0.0002 -0.8373
vn -0.5733 -0.2984 -0.7631
vn -0.6957 -0.2587 -0.6702
vn -0.7362 -0.2252 -0.6383
vn -0.8215 -0.1608 -0.5470
vn -0.8916 -0.0941 -0.4429
vn -0.9119 -0.0608 -0.4059
vn -0.9550 -0.0177 -0.2961
vn -0.9798 0.0039 -0.1999
vn -0.9921 0.0235 -0.1235
vn -0.9984 0.0350 -0.0449
vn -0.9974 0.0529 0.0490
vn -0.9610 0.0569 0.2706
vn -0.9346 0.0587 0.3508
vn -0.8984 0.0569 0.4355
vn -0.8602 0.0803 0.5036
vn -0.8378 0.0431 0.5442
vn -0.8112 0.0568 0.5819
vn -0.7992 0.0666 0.5974
vn -0.7589 0.0137 0.6511
vn -0.7032 -0.0039 0.7110
vn -0.6979 -0.0294 0.7156
vn -0.6270 -0.1039 0.7720
vn -0.5156 -0.2078 0.8312
vn -0.5233 -0.2999 0.7977
vn -0.2981 -0.1314 0.9454
vn -0.0412 0.0471 0.9980
vn 0.2196 0.2176 0.9510
vn 0.4586 0.3626 0.8113
vn 0.6544 0.4684 0.5936
vn 0.7860 0.5293 0.3195
vn 0.8409 0.5411 0.0117
vn 0.8112 0.4997 -0.3038
vn 0.6903 0.4099 -0.5962
vn 0.4901 0.2745 -0.8273
vn 0.2393 0.1079 -0.9649
vn -0.0275 -0.0647 -0.9975
vn -0.2804 -0.2314 -0.9316
vn -0.4979 -0.3744 -0.7822
vn -0.5055 -0.3194 -0.8015
vn -0.3291 -0.5211 -0.7875
vn -0.2136 -0.6759 -0.7053
vn -0.1824 -0.7098 -0.6804
vn -0.0451 -0.8485 -0.5272
vn 0.0960 -0.9345 -0.3428
vn 0.1157 -0.9431 -0.3117
vn 0.1706 -0.9592 -0.2256
vn 0.2271 -0.9653 -0.1292
vn 0.2291 -0.9674 -0.1078
vn 0.2586 -0.9642 -0.0588
vn 0.2628 -0.9648 -0.0078
vn 0.3118 -0.9492 0.0431
vn 0.3608 -0.9273 0.1000
vn 0.3410 -0.9291 0.1431
vn 0.2959 -0.9268 0.2312
vn 0.2647 -0.8981 0.3511
vn 0.2116 -0.8446 0.4918
vn 0.2019 -0.8215 0.5333
vn 0.2040 -0.7883 0.5805
vn 0.1391 -0.7913 0.5954
vn 0.1313 -0.7938 0.5938
vn 0.3311 -0.6016 0.7270
vn 0.5230 -0.3115 0.7934
vn 0.6346 -0.0411 0.7717
vn 0.6936 0.2488 0.6760
vn 0.6853 0.5110 0.5189
vn 0.6133 0.7250 0.3135
vn 0.4823 0.8725 0.0784
vn 0.3018 0.9387 -0.1665
vn 0.0863 0.9116 -0.4019
vn -0.1332 0.7952 -0.5915
vn -0.3564 0.5777 -0.7343
vn -0.5119 0.3412 -0.7884
vn -0.6425 0.0255 -0.7659
vn -0.6760 0.0568 -0.7347
vn -0.7548 0.1196 -0.6450
vn -0.8214 0.1804 -0.5411
vn -0.8406 0.2136 -0.4977
vn -0.8923 0.2687 -0.3628
vn -0.9226 0.2997 -0.2429
vn -0.9351 0.3195 -0.1530
vn -0.9407 0.3313 -0.0727
vn -0.9375 0.3472 0.0235
vn -0.9070 0.3507 0.2331
vn -0.8784 0.3588 0.3158
vn -0.8383 0.3624 0.4074
vn -0.7957 0.3841 0.4684
vn -0.7644 0.3508 0.5410
vn -0.7139 0.3609 0.6001
vn -0.6919 0.3744 0.6174
vn -0.6096 0.3156 0.7272
vn -0.5236 0.2391 0.8177
vn -0.5189 0.2037 0.8302
vn -0.4211 0.0900 0.9025
vn -0.2665 -0.0588 0.9620
vn -0.0000 0.0883 0.9961
vn 0.2585 0.2214 0.9403
vn 0.4895 0.3309 0.8068
vn 0.6784 0.4098 0.6098
vn 0.8122 0.4552 0.3649
vn 0.8826 0.4629 0.0824
vn 0.8742 0.4312 -0.2235
vn 0.7724 0.3568 -0.5254
vn 0.5801 0.2410 -0.7781
vn 0.3171 0.0959 -0.9435
vn 0.0235 -0.0529 -0.9983
vn -0.2584 -0.1977 -0.9456
vn -0.0804 -0.4093 -0.9088
vn 0.0333 -0.5666 -0.8233
vn 0.0686 -0.5995 -0.7974
vn 0.1981 -0.7311 -0.6529
vn 0.3329 -0.8128 -0.4780
vn 0.3508 -0.8230 -0.4468
vn 0.4098 -0.8370 -0.3627
vn 0.4706 -0.8392 -0.2726
vn 0.4861 -0.8428 -0.2313
vn 0.5250 -0.8346 -0.1665
vn 0.5365 -0.8380 -0.0998
vn 0.5739 -0.8187 0.0176
vn 0.5765 -0.8114 0.0964
vn 0.5785 -0.8001 0.1588
vn 0.5663 -0.7819 0.2606
vn 0.5349 -0.7485 0.3920
vn 0.4780 -0.6876 0.5465
vn 0.4507 -0.6682 0.5919
vn 0.4042 -0.6380 0.6554
vn 0.3532 -0.6043 0.7142
vn 0.5427 -0.3488 0.7641
vn 0.6756 -0.0646 0.7344
vn 0.7404 0.2214 0.6347
vn 0.7345 0.4838 0.4759
vn 0.6585 0.7016 0.2724
vn 0.5199 0.8533 0.0412
vn 0.3371 0.9232 -0.1843
vn 0.0961 0.9043 -0.4159
vn -0.1274 0.8000 -0.5863
vn -0.3645 0.5938 -0.7173
vn -0.5509 0.3391 -0.7626
vn -0.6169 0.3936 -0.6815
vn -0.6763 0.4410 -0.5900
vn -0.6946 0.4690 -0.5455
vn -0.7489 0.5313 -0.3961
vn -0.7815 0.5661 -0.2624
vn -0.7937 0.5840 -0.1705
vn -0.7976 0.5957 -0.0941
vn -0.7941 0.6078 -0.0000
vn -0.7700 0.6132 0.1763
vn -0.7368 0.6271 0.2528
vn -0.6973 0.6306 0.3408
vn -0.6561 0.6463 0.3898
vn -0.6040 0.6374 0.4785
vn -0.5476 0.6241 0.5574
vn -0.5236 0.6255 0.5785
vn -0.4159 0.5532 0.7219
vn -0.3060 0.4491 0.8394
vn -0.2959 0.4115 0.8621
vn -0.1822 0.2725 0.9448
vn 0.0647 0.4258 0.9025
vn 0.3102 0.5395 0.7828
vn 0.5329 0.6032 0.5934
vn 0.7131 0.6092 0.3469
vn 0.8286 0.5569 0.0584
vn 0.8599 0.4486 -0.2434
vn 0.7964 0.2947 -0.5281
vn 0.6448 0.1097 -0.7565
vn 0.4293 -0.0809 -0.8995
vn 0.1765 -0.2608 -0.9491
vn 0.2861 -0.4056 -0.8681
vn 0.3175 -0.4311 -0.8446
vn 0.4274 -0.5449 -0.7214
vn 0.5447 -0.6132 -0.5721
vn 0.5586 -0.6271 -0.5429
vn 0.6133 -0.6346 -0.4702
vn 0.6704 -0.6312 -0.3901
vn 0.6940 -0.6371 -0.3353
vn 0.7387 -0.6232 -0.2568
vn 0.7554 -0.6299 -0.1805
vn 0.7931 -0.6090 -0.0078
vn 0.7957 -0.5998 0.0844
vn 0.7950 -0.5855 0.1586
vn 0.7799 -0.5663 0.2665
vn 0.7512 -0.5278 0.3964
vn 0.6945 -0.4669 0.5474
vn 0.6666 -0.4451 0.5980
vn 0.6098 -0.4000 0.6842
vn 0.7526 -0.1237 0.6468
vn 0.8229 0.1608 0.5449
vn 0.8131 0.4308 0.3916
vn 0.7243 0.6600 0.1995
vn 0.5623 0.8269 -0.0117
vn 0.3782 0.9052 -0.1940
vn 0.0961 0.9072 -0.4095
vn -0.1372 0.8272 -0.5449
vn -0.4173 0.6307 -0.6543
vn -0.4665 0.6625 -0.5861
vn -0.4843 0.6843 -0.5451
vn -0.5367 0.7463 -0.3936
vn -0.5701 0.7798 -0.2586
vn -0.5783 0.7978 -0.1705
vn -0.5825 0.8059 -0.1057
vn -0.5783 0.8154 -0.0255
vn -0.5608 0.8216 0.1020
vn -0.5252 0.8349 0.1647
vn -0.4918 0.8367 0.2410
vn -0.4586 0.8446 0.2763
vn -0.4002 0.8354 0.3767
vn -0.3393 0.8178 0.4648
vn -0.3157 0.8137 0.4882
vn -0.1921 0.7330 0.6526
vn -0.0685 0.6129 0.7872
vn -0.0530 0.5786 0.8139
vn 0.1900 0.6913 0.6972
vn 0.4230 0.7442 0.5170
vn 0.6235 0.7275 0.2863
vn 0.7705 0.6372 0.0176
vn 0.8392 0.4784 -0.2588
vn 0.8159 0.2687 -0.5119
vn 0.7038 0.0314 -0.7097
vn 0.5179 -0.2001 -0.8317
vn 0.5450 -0.2176 -0.8097
vn 0.6239 -0.3000 -0.7217
vn 0.7090 -0.3486 -0.6130
vn 0.7179 -0.3688 -0.5904
vn 0.7523 -0.3899 -0.5310
vn 0.8060 -0.3589 -0.4707
vn 0.8378 -0.3669 -0.4042
vn 0.8785 -0.3549 -0.3197
vn 0.9008 -0.3611 -0.2414
vn 0.9381 -0.3447 -0.0333
vn 0.9405 -0.3331 0.0666
vn 0.9371 -0.3176 0.1451
vn 0.9210 -0.2998 0.2489
vn 0.8948 -0.2606 0.3625
vn 0.8434 -0.2060 0.4962
vn 0.8175 -0.1803 0.5470
vn 0.8907 0.0959 0.4444
vn 0.8798 0.3704 0.2979
vn 0.7821 0.6116 0.1196
vn 0.6016 0.7956 -0.0705
vn 0.3661 0.8967 -0.2487
vn 0.0725 0.9076 -0.4136
vn -0.1920 0.8304 -0.5230
vn -0.2252 0.8401 -0.4935
vn -0.2720 0.8946 -0.3545
vn -0.3018 0.9249 -0.2312
vn -0.2743 0.9503 -0.1470
vn -0.2605 0.9597 -0.1058
vn -0.2881 0.9563 -0.0509
vn -0.2961 0.9550 0.0157
vn -0.2605 0.9637 0.0588
vn -0.2389 0.9636 0.1201
vn -0.2235 0.9647 0.1392
vn -0.1628 0.9567 0.2412
vn -0.1039 0.9371 0.3333
vn -0.0862 0.9288 0.3605
vn 0.0432 0.8486 0.5272
vn 0.1704 0.7227 0.6698
vn 0.3978 0.7720 0.4957
vn 0.5981 0.7530 0.2745
vn 0.7506 0.6605 0.0176
vn 0.8312 0.4941 -0.2549
vn 0.8228 0.2782 -0.4956
vn 0.7196 0.0215 -0.6941
vn 0.7528 -0.0431 -0.6568
vn 0.8052 -0.0412 -0.5916
vn 0.8137 -0.0569 -0.5784
vn 0.8350 -0.0765 -0.5449
vn 0.8627 -0.0431 -0.5039
vn 0.8988 -0.0568 -0.4347
vn 0.9343 -0.0529 -0.3526
vn 0.9582 -0.0568 -0.2802
vn 0.9975 -0.0451 -0.0549
vn 0.9986 -0.0332 0.0411
vn 0.9929 -0.0176 0.1175
vn 0.9787 -0.0020 0.2055
vn 0.9554 0.0314 0.2937
vn 0.9147 0.0724 0.3976
vn 0.9043 0.3288 0.2721
vn 0.7959 0.5978 0.0962
vn 0.6081 0.7906 -0.0726
vn 0.3743 0.8975 -0.2332
vn 0.0608 0.9178 -0.3923
vn 0.0235 0.9597 -0.2801
vn 0.0020 0.9836 -0.1803
vn 0.0137 0.9934 -0.1137
vn 0.0314 0.9949 -0.0960
vn 0.0078 0.9975 -0.0706
vn 0.0020 0.9975 -0.0705
vn 0.0313 0.9982 -0.0509
vn 0.0333 0.9993 -0.0137
vn 0.0294 0.9995 -0.0078
vn 0.0862 0.9929 0.0823
vn 0.1372 0.9758 0.1705
vn 0.1509 0.9681 0.1999
vn 0.2782 0.8912 0.3584
vn 0.4937 0.8561 0.1528
vn 0.6722 0.7368 -0.0726
vn 0.7940 0.5195 -0.3156
vn 0.8193 0.2626 -0.5096
vn 0.8179 0.2844 -0.5002
vn 0.8216 0.2667 -0.5038
vn 0.8279 0.2610 -0.4964
vn 0.8294 0.2784 -0.4843
vn 0.8685 0.2608 -0.4215
vn 0.9006 0.2545 -0.3524
vn 0.9226 0.2546 -0.2899
vn 0.9618 0.2644 -0.0705
vn 0.9621 0.2724 0.0118
vn 0.9551 0.2863 0.0765
vn 0.9549 0.2510 0.1588
vn 0.9441 0.2389 0.2272
vn 0.8207 0.5639 0.0921
vn 0.6195 0.7841 -0.0372
vn 0.3841 0.9112 -0.1489
vn 0.3607 0.9273 -0.1000
vn 0.3117 0.9469 -0.0784
vn 0.3235 0.9431 -0.0765
vn 0.3152 0.9458 -0.0783
vn 0.3054 0.9396 -0.1546
vn 0.3216 0.9335 -0.1588
vn 0.3098 0.9393 -0.1471
vn 0.2861 0.9446 -0.1607
vn 0.3350 0.9384 -0.0843
vn 0.3744 0.9272 -0.0098
vn 0.3819 0.9240 0.0175
vn 0.5860 0.7918 -0.1725
vn 0.7429 0.5665 -0.3567
vn 0.7402 0.5600 -0.3721
vn 0.7351 0.5489 -0.3980
vn 0.7111 0.5701 -0.4114
vn 0.7505 0.5526 -0.3625
vn 0.7793 0.5404 -0.3172
vn 0.7922 0.5471 -0.2705
vn 0.8387 0.5389 -0.0784
vn 0.8648 0.5020 -0.0118
vn 0.8459 0.5326 0.0294
vn 0.8156 0.5745 0.0686
vn 0.6042 0.7964 -0.0255
vn 0.6153 0.7877 -0.0294
vn 0.6387 0.7680 -0.0470
vn 0.6133 0.7857 -0.0804
vn 0.5785 0.7844 -0.2235
vn 0.5805 0.7746 -0.2510
vn 0.5567 0.7861 -0.2685
vn 0.5233 0.7977 -0.2999
vn 0.5688 0.7806 -0.2589
vn 0.5855 0.7852 -0.2017
vt -0.142700 0.620117
vt -0.106384 0.531738
vt -0.142944 0.524658
vt -0.230957 0.656494
vt -0.210083 0.687500
vt -0.179443 0.531738
vt -0.210083 0.552490
vt -0.106384 0.708496
vt -0.075562 0.687500
vt -0.230957 0.583496
vt -0.054565 0.656494
vt -0.047577 0.620117
vt -0.054565 0.583496
vt -0.075562 0.552490
vt -0.179443 0.708496
vt -0.142944 0.715332
vt -0.237915 0.620117
vt 0.254150 0.076172
vt 0.272217 0.076172
vt 0.272217 0.040527
vt 0.254150 0.040527
vt 0.235962 0.076172
vt 0.235962 0.040527
vt 0.750000 0.995228
vt 1.000000 0.995228
vt 1.000000 0.505615
vt 0.750000 0.505615
vt 0.500000 0.995228
vt 0.500000 0.505615
vt 0.250000 0.995228
vt 0.250000 0.505615
vt 0.000000 0.995228
vt 0.000000 0.505615
vt 1.745117 -0.016602
vt 2.003906 -0.016602
vt 2.003906 -0.040039
vt 1.745117 -0.040039
vt 2.003906 -0.063477
vt 1.745117 -0.063477
vt 2.003906 -0.086914
vt 1.745117 -0.086914
vt 2.003906 -0.110352
vt 1.745117 -0.110352
vt 2.003906 -0.133789
vt 1.745117 -0.133789
vt 2.003906 -0.157227
vt 1.745117 -0.157227
vt 2.003906 -0.180664
vt 1.745117 -0.180664
vt 2.003906 -0.204102
vt 1.745117 -0.204102
vt 2.003906 -0.227539
vt 1.745117 -0.227539
vt 2.003906 -0.250977
vt 1.745117 -0.250977
vt 2.003906 -0.274414
vt 1.745117 -0.274414
vt 2.003906 -0.297852
vt 1.745117 -0.297852
vt 2.003906 -0.321289
vt 1.745117 -0.321289
vt 2.003906 -0.344727
vt 1.745117 -0.344727
vt 2.003906 -0.368164
vt 1.745117 -0.368164
vt 2.003906 -0.391602
vt 1.745117 -0.391602
vt 2.003906 -0.415039
vt 1.745117 -0.415039
vt 2.003906 -0.438477
vt 1.745117 -0.438477
vt 2.003906 -0.461914
vt 1.745117 -0.461914
vt 2.003906 -0.485352
vt 1.745117 -0.485352
vt 1.485352 -0.485352
vt 1.485352 -0.461914
vt 1.226562 -0.485352
vt 1.226562 -0.461914
vt 0.968262 -0.461914
vt 0.968262 -0.485352
vt 0.709473 -0.485352
vt 0.709473 -0.461914
vt 0.450439 -0.485352
vt 0.450439 -0.461914
vt 0.191650 -0.485352
vt 0.191650 -0.461914
vt -0.067139 -0.485352
vt -0.067139 -0.461914
vt -0.325928 -0.485352
vt -0.325928 -0.461914
vt -0.584961 -0.485352
vt -0.584961 -0.461914
vt -0.779297 -0.485352
vt -0.779297 -0.461914
vt -0.926758 -0.485352
vt -0.926758 -0.461914
vt -1.039062 -0.485352
vt -1.039062 -0.461914
vt -1.107422 -0.461914
vt -1.107422 -0.485352
vt -1.189453 -0.461914
vt -1.189453 -0.485352
vt -1.287109 -0.461914
vt -1.287109 -0.485352
vt -1.444336 -0.485352
vt -1.444336 -0.461914
vt -1.620117 -0.485352
vt -1.620117 -0.461914
vt -1.878906 -0.461914
vt -1.878906 -0.485352
vt -2.138672 -0.461914
vt -2.138672 -0.485352
vt -2.396484 -0.485352
vt -2.396484 -0.461914
vt -2.656250 -0.485352
vt -2.656250 -0.461914
vt -2.914062 -0.461914
vt -2.914062 -0.485352
vt -3.054688 -0.485352
vt -3.054688 -0.461914
vt -3.054688 -0.438477
vt -2.914062 -0.438477
vt -3.054688 -0.415039
vt -2.914062 -0.415039
vt -3.054688 -0.391602
vt -2.914062 -0.391602
vt -3.054688 -0.368164
vt -2.914062 -0.368164
vt -3.054688 -0.344727
vt -2.914062 -0.344727
vt -3.054688 -0.321289
vt -2.914062 -0.321289
vt -3.054688 -0.297852
vt -2.914062 -0.297852
vt -3.054688 -0.274414
vt -2.914062 -0.274414
vt -3.054688 -0.250977
vt -2.914062 -0.250977
vt -3.054688 -0.227539
vt -2.914062 -0.227539
vt -3.054688 -0.204102
vt -2.914062 -0.204102
vt -3.054688 -0.180664
vt -2.914062 -0.180664
vt -3.054688 -0.157227
vt -2.914062 -0.157227
vt -3.054688 -0.133789
vt -2.914062 -0.133789
vt -3.054688 -0.110352
vt -2.914062 -0.110352
vt -3.054688 -0.086914
vt -2.914062 -0.086914
vt -2.914062 -0.063477
vt -3.054688 -0.063477
vt -2.914062 -0.040039
vt -3.054688 -0.040039
vt -2.914062 -0.016602
vt -3.054688 -0.016602
vt -2.656250 -0.016602
vt -2.656250 -0.040039
vt -2.396484 -0.016602
vt -2.396484 -0.040039
vt -2.138672 -0.016602
vt -2.138672 -0.040039
vt -1.878906 -0.040039
vt -1.878906 -0.016602
vt -1.620117 -0.040039
vt -1.620117 -0.016602
vt -1.444336 -0.016602
vt -1.444336 -0.040039
vt -1.287109 -0.016602
vt -1.287109 -0.040039
vt -1.189453 -0.016602
vt -1.189453 -0.040039
vt -1.107422 -0.040039
vt -1.107422 -0.016602
vt -1.039062 -0.040039
vt -1.039062 -0.016602
vt -0.926758 -0.016602
vt -0.926758 -0.040039
vt -0.779297 -0.016602
vt -0.779297 -0.040039
vt -0.584961 -0.016602
vt -0.584961 -0.040039
vt -0.325928 -0.016602
vt -0.325928 -0.040039
vt -0.067078 -0.016602
vt -0.067078 -0.040039
vt 0.191772 -0.016602
vt 0.191772 -0.040039
vt 0.450684 -0.016602
vt 0.450684 -0.040039
vt 0.709473 -0.016602
vt 0.709473 -0.040039
vt 0.968262 -0.016602
vt 0.968262 -0.040039
vt 1.227539 -0.016602
vt 1.227539 -0.040039
vt 1.486328 -0.016602
vt 1.486328 -0.040039
vt 1.486328 -0.063477
vt 1.486328 -0.086914
vt 1.486328 -0.110352
vt 1.486328 -0.133789
vt 1.486328 -0.157227
vt 1.486328 -0.180664
vt 1.486328 -0.204102
vt 1.486328 -0.227539
vt 1.486328 -0.250977
vt 1.486328 -0.274414
vt 1.486328 -0.297852
vt 1.486328 -0.321289
vt 1.486328 -0.344727
vt 1.486328 -0.368164
vt 1.486328 -0.391602
vt 1.486328 -0.415039
vt 1.485352 -0.438477
vt 1.226562 -0.438477
vt 0.968262 -0.438477
vt 0.709473 -0.438477
vt 0.450439 -0.438477
vt 0.191650 -0.438477
vt -0.067139 -0.438477
vt -0.325928 -0.438477
vt -0.584961 -0.438477
vt -0.779297 -0.438477
vt -0.926758 -0.438477
vt -1.039062 -0.438477
vt -1.107422 -0.438477
vt -1.189453 -0.438477
vt -1.287109 -0.438477
vt -1.444336 -0.438477
vt -1.620117 -0.438477
vt -1.878906 -0.438477
vt -2.138672 -0.438477
vt -2.396484 -0.438477
vt -2.656250 -0.438477
vt -2.656250 -0.415039
vt -2.656250 -0.391602
vt -2.656250 -0.368164
vt -2.656250 -0.344727
vt -2.656250 -0.321289
vt -2.656250 -0.297852
vt -2.656250 -0.274414
vt -2.656250 -0.250977
vt -2.656250 -0.227539
vt -2.656250 -0.204102
vt -2.656250 -0.180664
vt -2.656250 -0.157227
vt -2.656250 -0.133789
vt -2.656250 -0.110352
vt -2.656250 -0.086914
vt -2.656250 -0.063477
vt -2.396484 -0.063477
vt -2.138672 -0.063477
vt -1.878906 -0.063477
vt -1.620117 -0.063477
vt -1.444336 -0.063477
vt -1.287109 -0.063477
vt -1.189453 -0.063477
vt -1.107422 -0.063477
vt -1.039062 -0.063477
vt -0.926758 -0.063477
vt -0.779297 -0.063477
vt -0.584961 -0.063477
vt -0.325928 -0.063477
vt -0.067078 -0.063477
vt 0.191772 -0.063477
vt 0.450684 -0.063477
vt 0.709473 -0.063477
vt 0.968262 -0.063477
vt 1.227539 -0.063477
vt 1.227539 -0.086914
vt 1.227539 -0.110352
vt 1.227539 -0.133789
vt 1.227539 -0.157227
vt 1.227539 -0.180664
vt 1.227539 -0.204102
vt 1.227539 -0.227539
vt 1.227539 -0.250977
vt 1.227539 -0.274414
vt 1.226562 -0.297852
vt 1.226562 -0.321289
vt 1.226562 -0.344727
vt 1.226562 -0.368164
vt 1.226562 -0.391602
vt 1.226562 -0.415039
vt 0.968262 -0.415039
vt 0.709473 -0.415039
vt 0.450439 -0.415039
vt 0.191650 -0.415039
vt -0.067139 -0.415039
vt -0.325928 -0.415039
vt -0.584961 -0.415039
vt -0.779297 -0.415039
vt -0.926758 -0.415039
vt -1.039062 -0.415039
vt -1.107422 -0.415039
vt -1.189453 -0.415039
vt -1.287109 -0.415039
vt -1.444336 -0.415039
vt -1.620117 -0.415039
vt -1.878906 -0.415039
vt -2.138672 -0.415039
vt -2.396484 -0.415039
vt -2.396484 -0.391602
vt -2.396484 -0.368164
vt -2.396484 -0.344727
vt -2.396484 -0.321289
vt -2.396484 -0.297852
vt -2.396484 -0.274414
vt -2.396484 -0.250977
vt -2.396484 -0.227539
vt -2.396484 -0.204102
vt -2.396484 -0.180664
vt -2.396484 -0.157227
vt -2.396484 -0.133789
vt -2.396484 -0.110352
vt -2.396484 -0.086914
vt -2.138672 -0.086914
vt -1.878906 -0.086914
vt -1.620117 -0.086914
vt -1.444336 -0.086914
vt -1.287109 -0.086914
vt -1.189453 -0.086914
vt -1.107422 -0.086914
vt -1.039062 -0.086914
vt -0.926758 -0.086914
vt -0.779297 -0.086914
vt -0.584961 -0.086914
vt -0.325928 -0.086914
vt -0.067078 -0.086914
vt 0.191772 -0.086914
vt 0.450684 -0.086914
vt 0.709473 -0.086914
vt 0.968262 -0.086914
vt 0.968262 -0.110352
vt 0.968262 -0.133789
vt 0.968262 -0.157227
vt 0.968262 -0.180664
vt 0.968262 -0.204102
vt 0.968262 -0.227539
vt 0.968262 -0.250977
vt 0.968262 -0.274414
vt 0.968262 -0.297852
vt 0.968262 -0.321289
vt 0.968262 -0.344727
vt 0.968262 -0.368164
vt 0.968262 -0.391602
vt 0.709473 -0.391602
vt 0.450439 -0.391602
vt 0.191772 -0.391602
vt -0.067139 -0.391602
vt -0.325928 -0.391602
vt -0.584961 -0.391602
vt -0.779297 -0.391602
vt -0.926758 -0.391602
vt -1.039062 -0.391602
vt -1.107422 -0.391602
vt -1.189453 -0.391602
vt -1.287109 -0.391602
vt -1.444336 -0.391602
vt -1.620117 -0.391602
vt -1.878906 -0.391602
vt -2.138672 -0.391602
vt -2.138672 -0.368164
vt -2.138672 -0.344727
vt -2.138672 -0.321289
vt -2.138672 -0.297852
vt -2.138672 -0.274414
vt -2.138672 -0.250977
vt -2.138672 -0.227539
vt -2.138672 -0.204102
vt -2.138672 -0.180664
vt -2.138672 -0.157227
vt -2.138672 -0.133789
vt -2.138672 -0.110352
vt -1.878906 -0.110352
vt -1.620117 -0.110352
vt -1.444336 -0.110352
vt -1.287109 -0.110352
vt -1.189453 -0.110352
vt -1.107422 -0.110352
vt -1.039062 -0.110352
vt -0.926758 -0.110352
vt -0.779297 -0.110352
vt -0.584961 -0.110352
vt -0.325928 -0.110352
vt -0.067078 -0.110352
vt 0.191772 -0.110352
vt 0.450684 -0.110352
vt 0.709473 -0.110352
vt 0.709473 -0.133789
vt 0.709473 -0.157227
vt 0.709473 -0.180664
vt 0.709473 -0.204102
vt 0.709473 -0.227539
vt 0.709473 -0.250977
vt 0.709473 -0.274414
vt 0.709473 -0.297852
vt 0.709473 -0.321289
vt 0.709473 -0.344727
vt 0.709473 -0.368164
vt 0.450439 -0.368164
vt 0.191772 -0.368164
vt -0.067139 -0.368164
vt -0.325928 -0.368164
vt -0.584961 -0.368164
vt -0.779297 -0.368164
vt -0.926758 -0.368164
vt -1.039062 -0.368164
vt -1.107422 -0.368164
vt -1.189453 -0.368164
vt -1.287109 -0.368164
vt -1.444336 -0.368164
vt -1.620117 -0.368164
vt -1.878906 -0.368164
vt -1.878906 -0.344727
vt -1.878906 -0.321289
vt -1.878906 -0.297852
vt -1.878906 -0.274414
vt -1.878906 -0.250977
vt -1.878906 -0.227539
vt -1.878906 -0.204102
vt -1.878906 -0.180664
vt -1.878906 -0.157227
vt -1.878906 -0.133789
vt -1.620117 -0.133789
vt -1.444336 -0.133789
vt -1.287109 -0.133789
vt -1.189453 -0.133789
vt -1.107422 -0.133789
vt -1.039062 -0.133789
vt -0.926758 -0.133789
vt -0.779297 -0.133789
vt -0.584961 -0.133789
vt -0.325928 -0.133789
vt -0.067078 -0.133789
vt 0.191772 -0.133789
vt 0.450684 -0.133789
vt 0.450684 -0.157227
vt 0.450684 -0.180664
vt 0.450684 -0.204102
vt 0.450684 -0.227539
vt 0.450684 -0.250977
vt 0.450684 -0.274414
vt 0.450684 -0.297852
vt 0.450439 -0.321289
vt 0.450439 -0.344727
vt 0.191772 -0.344727
vt -0.067078 -0.344727
vt -0.325928 -0.344727
vt -0.584961 -0.344727
vt -0.779297 -0.344727
vt -0.926758 -0.344727
vt -1.039062 -0.344727
vt -1.107422 -0.344727
vt -1.189453 -0.344727
vt -1.287109 -0.344727
vt -1.444336 -0.344727
vt -1.620117 -0.344727
vt -1.620117 -0.321289
vt -1.620117 -0.297852
vt -1.620117 -0.274414
vt -1.620117 -0.250977
vt -1.620117 -0.227539
vt -1.620117 -0.204102
vt -1.620117 -0.180664
vt -1.620117 -0.157227
vt -1.444336 -0.157227
vt -1.287109 -0.157227
vt -1.189453 -0.157227
vt -1.107422 -0.157227
vt -1.039062 -0.157227
vt -0.926758 -0.157227
vt -0.779297 -0.157227
vt -0.584961 -0.157227
vt -0.325928 -0.157227
vt -0.067078 -0.157227
vt 0.191772 -0.157227
vt 0.191772 -0.180664
vt 0.191772 -0.204102
vt 0.191772 -0.227539
vt 0.191772 -0.250977
vt 0.191772 -0.274414
vt 0.191772 -0.297852
vt 0.191772 -0.321289
vt -0.067078 -0.321289
vt -0.325928 -0.321289
vt -0.584961 -0.321289
vt -0.779297 -0.321289
vt -0.926758 -0.321289
vt -1.039062 -0.321289
vt -1.107422 -0.321289
vt -1.189453 -0.321289
vt -1.287109 -0.321289
vt -1.444336 -0.321289
vt -1.444336 -0.297852
vt -1.444336 -0.274414
vt -1.444336 -0.250977
vt -1.444336 -0.227539
vt -1.444336 -0.204102
vt -1.444336 -0.180664
vt -1.287109 -0.180664
vt -1.189453 -0.180664
vt -1.107422 -0.180664
vt -1.039062 -0.180664
vt -0.926758 -0.180664
vt -0.779297 -0.180664
vt -0.584961 -0.180664
vt -0.325928 -0.180664
vt -0.067078 -0.180664
vt -0.067078 -0.204102
vt -0.067078 -0.227539
vt -0.067078 -0.250977
vt -0.067078 -0.274414
vt -0.067078 -0.297852
vt -0.325928 -0.297852
vt -0.584961 -0.297852
vt -0.779297 -0.297852
vt -0.926758 -0.297852
vt -1.039062 -0.297852
vt -1.107422 -0.297852
vt -1.189453 -0.297852
vt -1.287109 -0.297852
vt -1.287109 -0.274414
vt -1.287109 -0.250977
vt -1.287109 -0.227539
vt -1.287109 -0.204102
vt -1.189453 -0.204102
vt -1.107422 -0.204102
vt -1.039062 -0.204102
vt -0.926758 -0.204102
vt -0.779297 -0.204102
vt -0.584961 -0.204102
vt -0.325928 -0.204102
vt -0.325928 -0.227539
vt -0.325928 -0.250977
vt -0.325928 -0.274414
vt -0.584961 -0.274414
vt -0.779297 -0.274414
vt -0.926758 -0.274414
vt -1.039062 -0.274414
vt -1.107422 -0.274414
vt -1.189453 -0.274414
vt -1.189453 -0.250977
vt -1.189453 -0.227539
vt -1.107422 -0.227539
vt -1.039062 -0.227539
vt -0.926758 -0.227539
vt -0.779297 -0.227539
vt -0.584961 -0.227539
vt -0.584961 -0.250977
vt -0.779297 -0.250977
vt -0.926758 -0.250977
vt -1.039062 -0.250977
vt -1.107422 -0.250977
vt -5.113281 -0.041992
vt -5.113281 -0.019531
vt -4.800781 -0.019531
vt -4.800781 -0.041992
vt -4.675781 -0.041992
vt -4.675781 -0.019531
vt -4.550781 -0.041992
vt -4.550781 -0.019531
vt -4.281250 -0.019531
vt -4.281250 -0.041992
vt -4.132812 -0.041992
vt -4.132812 -0.019531
vt -3.996094 -0.041992
vt -3.996094 -0.019531
vt -3.748047 -0.041992
vt -3.748047 -0.019531
vt -3.609375 -0.041992
vt -3.609375 -0.019531
vt -3.476562 -0.041992
vt -3.476562 -0.019531
vt -3.412109 -0.019531
vt -3.412109 -0.041992
vt -3.285156 -0.041992
vt -3.285156 -0.019531
vt -3.154297 -0.041992
vt -3.154297 -0.019531
vt -2.873047 -0.019531
vt -2.873047 -0.041992
vt -2.099609 -0.041992
vt -2.099609 -0.019531
vt -1.505859 -0.019531
vt -1.505859 -0.041992
vt -0.996582 -0.041992
vt -0.996582 -0.019531
vt -0.955566 -0.041992
vt -0.955566 -0.019531
vt -0.912598 -0.041992
vt -0.912598 -0.019531
vt -0.756348 -0.041992
vt -0.756348 -0.019531
vt -0.716797 -0.041992
vt -0.716797 -0.019531
vt -0.659668 -0.041992
vt -0.659668 -0.019531
vt -0.511230 -0.019531
vt -0.511230 -0.041992
vt -0.474609 -0.041992
vt -0.474609 -0.019531
vt -0.443604 -0.041992
vt -0.443604 -0.019531
vt 0.224609 -0.019531
vt 0.224609 -0.041992
vt 0.486816 -0.041992
vt 0.486816 -0.019531
vt 0.705078 -0.019531
vt 0.705078 -0.041992
vt 1.000000 -0.041992
vt 1.000000 -0.019531
vt 1.000000 -0.065430
vt 0.705078 -0.065430
vt 0.999512 -0.088867
vt 0.705078 -0.088867
vt 0.999023 -0.111328
vt 0.705078 -0.111328
vt 0.998047 -0.134766
vt 0.705078 -0.134766
vt 0.997070 -0.158203
vt 0.705078 -0.158203
vt 0.996094 -0.180664
vt 0.705078 -0.180664
vt 0.995605 -0.204102
vt 0.705078 -0.204102
vt 0.994629 -0.226562
vt 0.705078 -0.226562
vt 0.705078 -0.250000
vt 0.994629 -0.250000
vt 0.994629 -0.273438
vt 0.705078 -0.273438
vt 0.994629 -0.295898
vt 0.705078 -0.295898
vt 0.995117 -0.319336
vt 0.705078 -0.319336
vt 0.995605 -0.342773
vt 0.705078 -0.342773
vt 0.996582 -0.365234
vt 0.705078 -0.365234
vt 0.997559 -0.388672
vt 0.705078 -0.388672
vt 0.998535 -0.411133
vt 0.705078 -0.411133
vt 0.999023 -0.434570
vt 0.705078 -0.434570
vt 0.999512 -0.458008
vt 0.705078 -0.458008
vt 1.000000 -0.480469
vt 0.705078 -0.480469
vt 0.486816 -0.480469
vt 0.486816 -0.458008
vt 0.224609 -0.458008
vt 0.224609 -0.480469
vt -0.443604 -0.480469
vt -0.443604 -0.458008
vt -0.474609 -0.458008
vt -0.474609 -0.480469
vt -0.511230 -0.458008
vt -0.511230 -0.480469
vt -0.659668 -0.458008
vt -0.659668 -0.480469
vt -0.716797 -0.458008
vt -0.716797 -0.480469
vt -0.756348 -0.458008
vt -0.756348 -0.480469
vt -0.912598 -0.458008
vt -0.912598 -0.480469
vt -0.955566 -0.458008
vt -0.955566 -0.480469
vt -0.996582 -0.458008
vt -0.996582 -0.480469
vt -1.505859 -0.458008
vt -1.505859 -0.480469
vt -2.099609 -0.480469
vt -2.099609 -0.458008
vt -2.873047 -0.458008
vt -2.873047 -0.480469
vt -3.154297 -0.480469
vt -3.154297 -0.458008
vt -3.285156 -0.458008
vt -3.285156 -0.480469
vt -3.412109 -0.458008
vt -3.412109 -0.480469
vt -3.476562 -0.480469
vt -3.476562 -0.458008
vt -3.609375 -0.458008
vt -3.609375 -0.480469
vt -3.748047 -0.458008
vt -3.748047 -0.480469
vt -3.996094 -0.458008
vt -3.996094 -0.480469
vt -4.132812 -0.458008
vt -4.132812 -0.480469
vt -4.281250 -0.458008
vt -4.281250 -0.480469
vt -4.550781 -0.480469
vt -4.550781 -0.458008
vt -4.675781 -0.458008
vt -4.675781 -0.480469
vt -4.800781 -0.458008
vt -4.800781 -0.480469
vt -5.113281 -0.480469
vt -5.113281 -0.458008
vt -4.800781 -0.434570
vt -5.113281 -0.434570
vt -4.800781 -0.411133
vt -5.113281 -0.411133
vt -4.800781 -0.388672
vt -5.113281 -0.388672
vt -4.800781 -0.365234
vt -5.113281 -0.365234
vt -4.800781 -0.342773
vt -5.113281 -0.342773
vt -4.800781 -0.319336
vt -5.113281 -0.319336
vt -4.800781 -0.295898
vt -5.113281 -0.295898
vt -4.800781 -0.273438
vt -5.113281 -0.273438
vt -4.800781 -0.250000
vt -5.113281 -0.250000
vt -4.800781 -0.226562
vt -5.113281 -0.226562
vt -4.800781 -0.204102
vt -5.113281 -0.204102
vt -4.800781 -0.180664
vt -5.113281 -0.180664
vt -4.800781 -0.158203
vt -5.113281 -0.158203
vt -4.800781 -0.134766
vt -5.113281 -0.134766
vt -4.800781 -0.111328
vt -5.113281 -0.111328
vt -4.800781 -0.088867
vt -5.113281 -0.088867
vt -4.800781 -0.065430
vt -5.113281 -0.065430
vt -4.675781 -0.065430
vt -4.550781 -0.065430
vt -4.281250 -0.065430
vt -4.132812 -0.065430
vt -3.996094 -0.065430
vt -3.748047 -0.065430
vt -3.609375 -0.065430
vt -3.476562 -0.065430
vt -3.412109 -0.065430
vt -3.285156 -0.065430
vt -3.154297 -0.065430
vt -2.873047 -0.065430
vt -2.099609 -0.065430
vt -1.505859 -0.065430
vt -0.996582 -0.065430
vt -0.955566 -0.065430
vt -0.912598 -0.065430
vt -0.756348 -0.065430
vt -0.716797 -0.065430
vt -0.659668 -0.065430
vt -0.511230 -0.065430
vt -0.474609 -0.065430
vt -0.443604 -0.065430
vt 0.224609 -0.065430
vt 0.486816 -0.065430
vt 0.486816 -0.088867
vt 0.486816 -0.111328
vt 0.486816 -0.134766
vt 0.486816 -0.158203
vt 0.486816 -0.180664
vt 0.486816 -0.204102
vt 0.486816 -0.226562
vt 0.486816 -0.250000
vt 0.486816 -0.273438
vt 0.486816 -0.295898
vt 0.486816 -0.319336
vt 0.486816 -0.342773
vt 0.486816 -0.365234
vt 0.486816 -0.388672
vt 0.486816 -0.411133
vt 0.486816 -0.434570
vt 0.224609 -0.434570
vt -0.443604 -0.434570
vt -0.474609 -0.434570
vt -0.511230 -0.434570
vt -0.659668 -0.434570
vt -0.716797 -0.434570
vt -0.756348 -0.434570
vt -0.912598 -0.434570
vt -0.955566 -0.434570
vt -0.996582 -0.434570
vt -1.505859 -0.434570
vt -2.099609 -0.434570
vt -2.873047 -0.434570
vt -3.154297 -0.434570
vt -3.285156 -0.434570
vt -3.412109 -0.434570
vt -3.476562 -0.434570
vt -3.609375 -0.434570
vt -3.748047 -0.434570
vt -3.996094 -0.434570
vt -4.132812 -0.434570
vt -4.281250 -0.434570
vt -4.550781 -0.434570
vt -4.675781 -0.434570
vt -4.675781 -0.411133
vt -4.675781 -0.388672
vt -4.675781 -0.365234
vt -4.675781 -0.342773
vt -4.675781 -0.319336
vt -4.675781 -0.295898
vt -4.675781 -0.273438
vt -4.675781 -0.250000
vt -4.675781 -0.226562
vt -4.675781 -0.204102
vt -4.675781 -0.180664
vt -4.675781 -0.158203
vt -4.675781 -0.134766
vt -4.675781 -0.111328
vt -4.675781 -0.088867
vt -4.550781 -0.088867
vt -4.281250 -0.088867
vt -4.132812 -0.088867
vt -3.996094 -0.088867
vt -3.748047 -0.088867
vt -3.609375 -0.088867
vt -3.476562 -0.088867
vt -3.412109 -0.088867
vt -3.285156 -0.088867
vt -3.154297 -0.088867
vt -2.873047 -0.088867
vt -2.099609 -0.088867
vt -1.505859 -0.088867
vt -0.996582 -0.088867
vt -0.955566 -0.088867
vt -0.912598 -0.088867
vt -0.756348 -0.088867
vt -0.716797 -0.088867
vt -0.659668 -0.088867
vt -0.511230 -0.088867
vt -0.474609 -0.088867
vt -0.443604 -0.088867
vt 0.224609 -0.088867
vt 0.224609 -0.111328
vt 0.224609 -0.134766
vt 0.224609 -0.158203
vt 0.224609 -0.180664
vt 0.224609 -0.204102
vt 0.224609 -0.226562
vt 0.224609 -0.250000
vt 0.224609 -0.273438
vt 0.224609 -0.295898
vt 0.224609 -0.319336
vt 0.224609 -0.342773
vt 0.224609 -0.365234
vt 0.224609 -0.388672
vt 0.224609 -0.411133
vt -0.443604 -0.411133
vt -0.474609 -0.411133
vt -0.511230 -0.411133
vt -0.659668 -0.411133
vt -0.716797 -0.411133
vt -0.756348 -0.411133
vt -0.912598 -0.411133
vt -0.955566 -0.411133
vt -0.996582 -0.411133
vt -1.505859 -0.411133
vt -2.099609 -0.411133
vt -2.873047 -0.411133
vt -3.154297 -0.411133
vt -3.285156 -0.411133
vt -3.412109 -0.411133
vt -3.476562 -0.411133
vt -3.609375 -0.411133
vt -3.748047 -0.411133
vt -3.996094 -0.411133
vt -4.132812 -0.411133
vt -4.281250 -0.411133
vt -4.550781 -0.411133
vt -4.550781 -0.388672
vt -4.550781 -0.365234
vt -4.550781 -0.342773
vt -4.550781 -0.319336
vt -4.550781 -0.295898
vt -4.550781 -0.273438
vt -4.550781 -0.250000
vt -4.550781 -0.226562
vt -4.550781 -0.204102
vt -4.550781 -0.180664
vt -4.550781 -0.158203
vt -4.550781 -0.134766
vt -4.550781 -0.111328
vt -4.281250 -0.111328
vt -4.132812 -0.111328
vt -3.996094 -0.111328
vt -3.748047 -0.111328
vt -3.609375 -0.111328
vt -3.476562 -0.111328
vt -3.412109 -0.111328
vt -3.285156 -0.111328
vt -3.154297 -0.111328
vt -2.873047 -0.111328
vt -2.099609 -0.111328
vt -1.505859 -0.111328
vt -0.996582 -0.111328
vt -0.955566 -0.111328
vt -0.912598 -0.111328
vt -0.756348 -0.111328
vt -0.716797 -0.111328
vt -0.659668 -0.111328
vt -0.511230 -0.111328
vt -0.474609 -0.111328
vt -0.443604 -0.111328
vt -0.443604 -0.134766
vt -0.443604 -0.158203
vt -0.443604 -0.180664
vt -0.443604 -0.204102
vt -0.443604 -0.226562
vt -0.443604 -0.250000
vt -0.443604 -0.273438
vt -0.443604 -0.295898
vt -0.443604 -0.319336
vt -0.443604 -0.342773
vt -0.443604 -0.365234
vt -0.443604 -0.388672
vt -0.474609 -0.388672
vt -0.511230 -0.388672
vt -0.659668 -0.388672
vt -0.716797 -0.388672
vt -0.756348 -0.388672
vt -0.912598 -0.388672
vt -0.955566 -0.388672
vt -0.996582 -0.388672
vt -1.505859 -0.388672
vt -2.099609 -0.388672
vt -2.873047 -0.388672
vt -3.154297 -0.388672
vt -3.285156 -0.388672
vt -3.412109 -0.388672
vt -3.476562 -0.388672
vt -3.609375 -0.388672
vt -3.748047 -0.388672
vt -3.996094 -0.388672
vt -4.132812 -0.388672
vt -4.281250 -0.388672
vt -4.281250 -0.365234
vt -4.281250 -0.342773
vt -4.281250 -0.319336
vt -4.281250 -0.295898
vt -4.281250 -0.273438
vt -4.281250 -0.250000
vt -4.281250 -0.226562
vt -4.281250 -0.204102
vt -4.281250 -0.180664
vt -4.281250 -0.158203
vt -4.281250 -0.134766
vt -4.132812 -0.134766
vt -3.996094 -0.134766
vt -3.748047 -0.134766
vt -3.609375 -0.134766
vt -3.476562 -0.134766
vt -3.412109 -0.134766
vt -3.285156 -0.134766
vt -3.154297 -0.134766
vt -2.873047 -0.134766
vt -2.099609 -0.134766
vt -1.505859 -0.134766
vt -0.996582 -0.134766
vt -0.955566 -0.134766
vt -0.912598 -0.134766
vt -0.756348 -0.134766
vt -0.716797 -0.134766
vt -0.659668 -0.134766
vt -0.511230 -0.134766
vt -0.474609 -0.134766
vt -0.474609 -0.158203
vt -0.474609 -0.180664
vt -0.474609 -0.204102
vt -0.474609 -0.226562
vt -0.474609 -0.250000
vt -0.474609 -0.273438
vt -0.474609 -0.295898
vt -0.474609 -0.319336
vt -0.474609 -0.342773
vt -0.474609 -0.365234
vt -0.511230 -0.365234
vt -0.659668 -0.365234
vt -0.716797 -0.365234
vt -0.756348 -0.365234
vt -0.912598 -0.365234
vt -0.955566 -0.365234
vt -0.996582 -0.365234
vt -1.505859 -0.365234
vt -2.099609 -0.365234
vt -2.873047 -0.365234
vt -3.154297 -0.365234
vt -3.285156 -0.365234
vt -3.412109 -0.365234
vt -3.476562 -0.365234
vt -3.609375 -0.365234
vt -3.748047 -0.365234
vt -3.996094 -0.365234
vt -4.132812 -0.365234
vt -4.132812 -0.342773
vt -4.132812 -0.319336
vt -4.132812 -0.295898
vt -4.132812 -0.273438
vt -4.132812 -0.250000
vt -4.132812 -0.226562
vt -4.132812 -0.204102
vt -4.132812 -0.180664
vt -4.132812 -0.158203
vt -3.996094 -0.158203
vt -3.748047 -0.158203
vt -3.609375 -0.158203
vt -3.476562 -0.158203
vt -3.412109 -0.158203
vt -3.285156 -0.158203
vt -3.154297 -0.158203
vt -2.873047 -0.158203
vt -2.099609 -0.158203
vt -1.505859 -0.158203
vt -0.996582 -0.158203
vt -0.955566 -0.158203
vt -0.912598 -0.158203
vt -0.756348 -0.158203
vt -0.716797 -0.158203
vt -0.659668 -0.158203
vt -0.511230 -0.158203
vt -0.511230 -0.180664
vt -0.511230 -0.204102
vt -0.511230 -0.226562
vt -0.511230 -0.250000
vt -0.511230 -0.273438
vt -0.511230 -0.295898
vt -0.511230 -0.319336
vt -0.511230 -0.342773
vt -0.659668 -0.342773
vt -0.716797 -0.342773
vt -0.756348 -0.342773
vt -0.912598 -0.342773
vt -0.955566 -0.342773
vt -0.996582 -0.342773
vt -1.505859 -0.342773
vt -2.099609 -0.342773
vt -2.873047 -0.342773
vt -3.154297 -0.342773
vt -3.285156 -0.342773
vt -3.412109 -0.342773
vt -3.476562 -0.342773
vt -3.609375 -0.342773
vt -3.748047 -0.342773
vt -3.996094 -0.342773
vt -3.996094 -0.319336
vt -3.996094 -0.295898
vt -3.996094 -0.273438
vt -3.996094 -0.250000
vt -3.996094 -0.226562
vt -3.996094 -0.204102
vt -3.996094 -0.180664
vt -3.748047 -0.180664
vt -3.609375 -0.180664
vt -3.476562 -0.180664
vt -3.412109 -0.180664
vt -3.285156 -0.180664
vt -3.154297 -0.180664
vt -2.873047 -0.180664
vt -2.099609 -0.180664
vt -1.505859 -0.180664
vt -0.996582 -0.180664
vt -0.955566 -0.180664
vt -0.912598 -0.180664
vt -0.756348 -0.180664
vt -0.716797 -0.180664
vt -0.659668 -0.180664
vt -0.659668 -0.204102
vt -0.659668 -0.226562
vt -0.659668 -0.250000
vt -0.659668 -0.273438
vt -0.659668 -0.295898
vt -0.659668 -0.319336
vt -0.716797 -0.319336
vt -0.756348 -0.319336
vt -0.912598 -0.319336
vt -0.955566 -0.319336
vt -0.996582 -0.319336
vt -1.505859 -0.319336
vt -2.099609 -0.319336
vt -2.873047 -0.319336
vt -3.154297 -0.319336
vt -3.285156 -0.319336
vt -3.412109 -0.319336
vt -3.476562 -0.319336
vt -3.609375 -0.319336
vt -3.748047 -0.319336
vt -3.748047 -0.295898
vt -3.748047 -0.273438
vt -3.748047 -0.250000
vt -3.748047 -0.226562
vt -3.748047 -0.204102
vt -3.609375 -0.204102
vt -3.476562 -0.204102
vt -3.412109 -0.204102
vt -3.285156 -0.204102
vt -3.154297 -0.204102
vt -2.873047 -0.204102
vt -2.099609 -0.204102
vt -1.505859 -0.204102
vt -0.996582 -0.204102
vt -0.955566 -0.204102
vt -0.912598 -0.204102
vt -0.756348 -0.204102
vt -0.716797 -0.204102
vt -0.716797 -0.226562
vt -0.716797 -0.250000
vt -0.716797 -0.273438
vt -0.716797 -0.295898
vt -0.756348 -0.295898
vt -0.912598 -0.295898
vt -0.955566 -0.295898
vt -0.996582 -0.295898
vt -1.505859 -0.295898
vt -2.099609 -0.295898
vt -2.873047 -0.295898
vt -3.154297 -0.295898
vt -3.285156 -0.295898
vt -3.412109 -0.295898
vt -3.476562 -0.295898
vt -3.609375 -0.295898
vt -3.609375 -0.273438
vt -3.609375 -0.250000
vt -3.609375 -0.226562
vt -3.476562 -0.226562
vt -3.412109 -0.226562
vt -3.285156 -0.226562
vt -3.154297 -0.226562
vt -2.873047 -0.226562
vt -2.099609 -0.226562
vt -1.505859 -0.226562
vt -0.996582 -0.226562
vt -0.955566 -0.226562
vt -0.912598 -0.226562
vt -0.756348 -0.226562
vt -0.756348 -0.250000
vt -0.756348 -0.273438
vt -0.912598 -0.273438
vt -0.955566 -0.273438
vt -0.996582 -0.273438
vt -1.505859 -0.273438
vt -2.099609 -0.273438
vt -2.873047 -0.273438
vt -3.154297 -0.273438
vt -3.285156 -0.273438
vt -3.412109 -0.273438
vt -3.476562 -0.273438
vt -3.476562 -0.250000
vt -3.412109 -0.250000
vt -3.285156 -0.250000
vt -3.154297 -0.250000
vt -2.873047 -0.250000
vt -2.099609 -0.250000
vt -1.505859 -0.250000
vt -0.996582 -0.250000
vt -0.955566 -0.250000
vt -0.912598 -0.250000
s 1
f 141/1/1 139/2/1 140/3/1
f 144/1/2 142/4/2 143/5/2
f 147/1/3 145/6/3 146/7/3
f 150/1/3 148/8/3 149/9/3
f 153/1/4 151/7/4 152/10/4
f 156/1/3 154/11/3 155/12/3
f 159/1/3 157/13/3 158/14/3
f 162/1/5 160/15/5 161/16/5
f 165/1/6 163/17/6 164/4/6
f 168/1/6 166/10/6 167/17/6
f 171/1/6 169/3/6 170/6/6
f 174/1/3 172/14/3 173/2/3
f 177/1/7 175/16/7 176/8/7
f 180/1/3 178/12/3 179/13/3
f 183/1/5 181/5/5 182/15/5
f 186/1/3 184/9/3 185/11/3
f 327/1/1 325/2/1 326/3/1
f 330/1/2 328/4/2 329/5/2
f 333/1/3 331/6/3 332/7/3
f 336/1/3 334/8/3 335/9/3
f 339/1/4 337/7/4 338/10/4
f 342/1/3 340/11/3 341/12/3
f 345/1/3 343/13/3 344/14/3
f 348/1/5 346/15/5 347/16/5
f 351/1/6 349/17/6 350/4/6
f 354/1/6 352/10/6 353/17/6
f 357/1/6 355/3/6 356/6/6
f 360/1/3 358/14/3 359/2/3
f 363/1/7 361/16/7 362/8/7
f 366/1/3 364/12/3 365/13/3
f 369/1/5 367/5/5 368/15/5
f 372/1/3 370/9/3 371/11/3
f 513/1/1 511/2/1 512/3/1
f 516/1/2 514/4/2 515/5/2
f 519/1/3 517/6/3 518/7/3
f 522/1/3 520/8/3 521/9/3
f 525/1/4 523/7/4 524/10/4
f 528/1/3 526/11/3 527/12/3
f 531/1/3 529/13/3 530/14/3
f 534/1/5 532/15/5 533/16/5
f 537/1/6 535/17/6 536/4/6
f 540/1/6 538/10/6 539/17/6
f 543/1/6 541/3/6 542/6/6
f 546/1/3 544/14/3 545/2/3
f 549/1/7 547/16/7 548/8/7
f 552/1/3 550/12/3 551/13/3
f 555/1/5 553/5/5 554/15/5
f 558/1/3 556/9/3 557/11/3
f 3/18/8 1/19/9 2/20/8
f 2/20/8 4/21/10 3/18/8
f 7/22/11 5/18/12 6/21/13
f 6/21/13 8/23/14 7/22/11
f 11/18/15 9/19/16 10/20/16
f 10/20/16 12/21/17 11/18/15
f 15/22/18 13/18/19 14/21/18
f 14/21/18 16/23/20 15/22/18
f 19/18/21 17/19/22 18/20/22
f 18/20/22 20/21/22 19/18/21
f 23/22/23 21/18/24 22/21/24
f 22/21/24 24/23/25 23/22/23
f 27/20/26 25/21/27 26/18/26
f 26/18/26 28/19/26 27/20/26
f 31/22/28 29/18/28 30/21/28
f 30/21/28 32/23/29 31/22/28
f 35/18/30 33/19/31 34/19/31
f 34/19/31 36/18/31 35/18/30
f 39/19/32 37/20/33 38/20/33
f 38/20/33 40/19/33 39/19/32
f 43/22/34 41/18/34 42/18/35
f 42/18/35 44/22/34 43/22/34
f 47/23/36 45/22/36 46/22/36
f 46/22/36 48/23/36 47/23/36
f 51/18/37 49/19/38 50/19/39
f 50/19/39 52/18/38 51/18/37
f 55/19/40 53/20/41 54/20/41
f 54/20/41 56/19/41 55/19/40
f 59/22/42 57/18/42 58/18/43
f 58/18/43 60/22/42 59/22/42
f 63/23/44 61/22/45 62/22/45
f 62/22/45 64/23/45 63/23/44
f 67/18/46 65/19/34 66/19/34
f 66/19/34 68/18/34 67/18/46
f 71/19/47 69/20/48 70/20/48
f 70/20/48 72/19/48 71/19/47
f 75/22/49 73/18/50 74/18/49
f 74/18/49 76/22/51 75/22/49
f 79/23/52 77/22/52 78/22/53
f 78/22/53 80/23/52 79/23/52
f 83/19/54 81/20/54 82/20/54
f 82/20/54 84/19/55 83/19/54
f 87/18/56 85/19/42 86/19/56
f 86/19/56 88/18/42 87/18/56
f 91/22/38 89/18/38 90/18/38
f 90/18/38 92/22/38 91/22/38
f 95/23/57 93/22/58 94/22/59
f 94/22/59 96/23/58 95/23/57
f 99/24/60 97/25/61 98/26/61
f 98/26/61 100/27/62 99/24/60
f 101/28/63 99/24/60 100/27/62
f 100/27/62 102/29/63 101/28/63
f 103/30/64 101/28/63 102/29/63
f 102/29/63 104/31/65 103/30/64
f 105/32/66 103/30/64 104/31/65
f 104/31/65 106/33/66 105/32/66
f 109/24/67 107/25/68 108/26/68
f 108/26/68 110/27/67 109/24/67
f 111/28/69 109/24/67 110/27/67
f 110/27/67 112/29/70 111/28/69
f 113/30/71 111/28/69 112/29/70
f 112/29/70 114/31/71 113/30/71
f 117/32/72 115/30/73 116/31/74
f 116/31/74 118/33/72 117/32/72
f 121/24/75 119/25/76 120/26/76
f 120/26/76 122/27/77 121/24/75
f 123/28/78 121/24/75 122/27/77
f 122/27/77 124/29/79 123/28/78
f 125/30/80 123/28/78 124/29/79
f 124/29/79 126/31/81 125/30/80
f 127/32/82 125/30/80 126/31/81
f 126/31/81 128/33/83 127/32/82
f 131/24/84 129/25/85 130/26/85
f 130/26/85 132/27/86 131/24/84
f 134/28/87 131/24/84 132/27/86
f 132/27/86 133/29/88 134/28/87
f 135/30/89 134/28/87 133/29/88
f 133/29/88 136/31/90 135/30/89
f 137/32/91 135/30/89 136/31/90
f 136/31/90 138/33/91 137/32/91
f 189/18/92 187/19/10 188/20/93
f 188/20/93 190/21/94 189/18/92
f 193/22/95 191/18/12 192/21/96
f 192/21/96 194/23/97 193/22/95
f 197/18/17 195/19/16 196/20/17
f 196/20/17 198/21/15 197/18/17
f 201/22/18 199/18/98 200/21/99
f 200/21/99 202/23/18 201/22/18
f 205/18/100 203/19/101 204/20/101
f 204/20/101 206/21/22 205/18/100
f 209/22/102 207/18/25 208/21/23
f 208/21/23 210/23/102 209/22/102
f 213/20/26 211/21/103 212/18/103
f 212/18/103 214/19/104 213/20/26
f 217/22/105 215/18/106 216/21/107
f 216/21/107 218/23/105 217/22/105
f 221/18/31 219/19/108 220/19/109
f 220/19/109 222/18/31 221/18/31
f 225/19/33 223/20/33 224/20/110
f 224/20/110 226/19/33 225/19/33
f 229/22/34 227/18/34 228/18/35
f 228/18/35 230/22/34 229/22/34
f 233/23/111 231/22/36 232/22/36
f 232/22/36 234/23/36 233/23/111
f 237/18/112 235/19/38 236/19/113
f 236/19/113 238/18/112 237/18/112
f 241/19/40 239/20/41 240/20/41
f 240/20/41 242/19/41 241/19/40
f 245/22/42 243/18/42 244/18/43
f 244/18/43 246/22/42 245/22/42
f 249/23/44 247/22/44 248/22/45
f 248/22/45 250/23/44 249/23/44
f 253/18/46 251/19/34 252/19/35
f 252/19/35 254/18/34 253/18/46
f 257/19/47 255/20/48 256/20/48
f 256/20/48 258/19/47 257/19/47
f 261/22/51 259/18/49 260/18/49
f 260/18/49 262/22/51 261/22/51
f 265/23/52 263/22/52 264/22/52
f 264/22/52 266/23/52 265/23/52
f 269/19/114 267/20/54 268/20/55
f 268/20/55 270/19/55 269/19/114
f 273/18/42 271/19/42 272/19/56
f 272/19/56 274/18/42 273/18/42
f 277/22/38 275/18/38 276/18/115
f 276/18/115 278/22/38 277/22/38
f 281/23/58 279/22/58 280/22/116
f 280/22/116 282/23/116 281/23/58
f 285/24/60 283/25/61 284/26/61
f 284/26/61 286/27/117 285/24/60
f 287/28/63 285/24/60 286/27/117
f 286/27/117 288/29/63 287/28/63
f 289/30/65 287/28/63 288/29/63
f 288/29/63 290/31/118 289/30/65
f 291/32/66 289/30/65 290/31/118
f 290/31/118 292/33/66 291/32/66
f 295/24/119 293/25/68 294/26/68
f 294/26/68 296/27/120 295/24/119
f 297/28/69 295/24/119 296/27/120
f 296/27/120 298/29/121 297/28/69
f 299/30/71 297/28/69 298/29/121
f 298/29/121 300/31/71 299/30/71
f 303/32/72 301/30/73 302/31/73
f 302/31/73 304/33/72 303/32/72
f 307/24/77 305/25/76 306/26/122
f 306/26/122 308/27/75 307/24/77
f 309/28/123 307/24/77 308/27/75
f 308/27/75 310/29/124 309/28/123
f 311/30/80 309/28/123 310/29/124
f 310/29/124 312/31/125 311/30/80
f 313/32/83 311/30/80 312/31/125
f 312/31/125 314/33/82 313/32/83
f 317/24/126 315/25/85 316/26/85
f 316/26/85 318/27/86 317/24/126
f 320/28/87 317/24/126 318/27/86
f 318/27/86 319/29/127 320/28/87
f 321/30/90 320/28/87 319/29/127
f 319/29/127 322/31/90 321/30/90
f 323/32/91 321/30/90 322/31/90
f 322/31/90 324/33/91 323/32/91
f 375/18/8 373/19/9 374/20/94
f 374/20/94 376/21/128 375/18/8
f 379/22/95 377/18/12 378/21/129
f 378/21/129 380/23/14 379/22/95
f 383/18/16 381/19/130 382/20/17
f 382/20/17 384/21/16 383/18/16
f 387/22/18 385/18/131 386/21/18
f 386/21/18 388/23/18 387/22/18
f 391/18/22 389/19/100 390/20/22
f 390/20/22 392/21/22 391/18/22
f 395/22/25 393/18/23 394/21/25
f 394/21/25 396/23/102 395/22/25
f 399/20/26 397/21/26 398/18/104
f 398/18/104 400/19/132 399/20/26
f 403/22/133 401/18/105 402/21/105
f 402/21/105 404/23/107 403/22/133
f 407/18/108 405/19/108 406/19/134
f 406/19/134 408/18/31 407/18/108
f 411/19/32 409/20/33 410/20/33
f 410/20/33 412/19/33 411/19/32
f 415/22/34 413/18/34 414/18/35
f 414/18/35 416/22/34 415/22/34
f 419/23/36 417/22/36 418/22/135
f 418/22/135 420/23/36 419/23/36
f 423/18/38 421/19/38 422/19/39
f 422/19/39 424/18/38 423/18/38
f 427/19/41 425/20/41 426/20/41
f 426/20/41 428/19/41 427/19/41
f 431/22/42 429/18/42 430/18/136
f 430/18/136 432/22/42 431/22/42
f 435/23/137 433/22/44 434/22/44
f 434/22/44 436/23/44 435/23/137
f 439/18/34 437/19/34 438/19/138
f 438/19/138 440/18/34 439/18/34
f 443/19/48 441/20/48 442/20/139
f 442/20/139 444/19/48 443/19/48
f 447/22/51 445/18/51 446/18/49
f 446/18/49 448/22/51 447/22/51
f 451/23/140 449/22/52 450/22/53
f 450/22/53 452/23/52 451/23/140
f 455/19/54 453/20/54 454/20/54
f 454/20/54 456/19/55 455/19/54
f 459/18/42 457/19/42 458/19/56
f 458/19/56 460/18/42 459/18/42
f 463/22/38 461/18/38 462/18/141
f 462/18/141 464/22/38 463/22/38
f 467/23/116 465/22/116 466/22/116
f 466/22/116 468/23/116 467/23/116
f 471/24/142 469/25/61 470/26/61
f 470/26/61 472/27/143 471/24/142
f 473/28/144 471/24/142 472/27/143
f 472/27/143 474/29/63 473/28/144
f 475/30/145 473/28/144 474/29/63
f 474/29/63 476/31/146 475/30/145
f 477/32/147 475/30/145 476/31/146
f 476/31/146 478/33/66 477/32/147
f 481/24/148 479/25/68 480/26/68
f 480/26/68 482/27/149 481/24/148
f 483/28/150 481/24/148 482/27/149
f 482/27/149 484/29/151 483/28/150
f 485/30/152 483/28/150 484/29/151
f 484/29/151 486/31/71 485/30/152
f 489/32/72 487/30/73 488/31/73
f 488/31/73 490/33/72 489/32/72
f 493/24/153 491/25/76 492/26/76
f 492/26/76 494/27/154 493/24/153
f 495/28/123 493/24/153 494/27/154
f 494/27/154 496/29/155 495/28/123
f 497/30/81 495/28/123 496/29/155
f 496/29/155 498/31/81 497/30/81
f 499/32/82 497/30/81 498/31/81
f 498/31/81 500/33/83 499/32/82
f 503/24/156 501/25/85 502/26/85
f 502/26/85 504/27/157 503/24/156
f 506/28/87 503/24/156 504/27/157
f 504/27/157 505/29/88 506/28/87
f 507/30/158 506/28/87 505/29/88
f 505/29/88 508/31/159 507/30/158
f 509/32/91 507/30/158 508/31/159
f 508/31/159 510/33/91 509/32/91
f 699/1/160 697/2/160 698/3/160
f 702/1/161 700/4/161 701/5/161
f 705/1/162 703/6/162 704/7/162
f 708/1/162 706/8/162 707/9/162
f 711/1/163 709/7/163 710/10/163
f 714/1/162 712/11/162 713/12/162
f 717/1/162 715/13/162 716/14/162
f 720/1/164 718/15/164 719/16/164
f 723/1/165 721/17/165 722/4/165
f 726/1/166 724/10/166 725/17/166
f 729/1/162 727/3/162 728/6/162
f 732/1/162 730/14/162 731/2/162
f 735/1/167 733/16/167 734/8/167
f 738/1/162 736/12/162 737/13/162
f 741/1/164 739/5/164 740/15/164
f 744/1/162 742/9/162 743/11/162
f 885/1/160 883/2/160 884/3/160
f 888/1/161 886/4/161 887/5/161
f 891/1/162 889/6/162 890/7/162
f 894/1/162 892/8/162 893/9/162
f 897/1/168 895/7/169 896/10/169
f 900/1/162 898/11/162 899/12/162
f 903/1/162 901/13/162 902/14/162
f 906/1/164 904/15/164 905/16/164
f 909/1/165 907/17/165 908/4/165
f 912/1/166 910/10/166 911/17/166
f 915/1/165 913/3/165 914/6/165
f 918/1/162 916/14/162 917/2/162
f 921/1/162 919/16/162 920/8/162
f 924/1/162 922/12/162 923/13/162
f 927/1/164 925/5/164 926/15/164
f 930/1/162 928/9/162 929/11/162
f 1071/1/170 1069/2/171 1070/3/170
f 1074/1/172 1072/4/172 1073/5/172
f 1077/1/173 1075/6/173 1076/7/173
f 1080/1/174 1078/8/174 1079/9/175
f 1083/1/171 1081/7/171 1082/10/176
f 1086/1/177 1084/11/177 1085/12/177
f 1089/1/173 1087/13/173 1088/14/173
f 1092/1/178 1090/15/178 1091/16/178
f 1095/1/177 1093/17/177 1094/4/177
f 1098/1/171 1096/10/171 1097/17/179
f 1101/1/180 1099/3/180 1100/6/180
f 1104/1/174 1102/14/177 1103/2/174
f 1107/1/181 1105/16/181 1106/8/177
f 1110/1/174 1108/12/175 1109/13/174
f 1113/1/175 1111/5/175 1112/15/175
f 1116/1/173 1114/9/173 1115/11/173
f 1257/1/181 1255/2/181 1256/3/181
f 1260/1/182 1258/4/182 1259/5/182
f 1263/1/175 1261/6/181 1262/7/175
f 1266/1/181 1264/8/181 1265/9/181
f 1269/1/183 1267/7/171 1268/10/183
f 1272/1/184 1270/11/184 1271/12/184
f 1275/1/171 1273/13/171 1274/14/175
f 1278/1/177 1276/15/177 1277/16/177
f 1281/1/178 1279/17/178 1280/4/175
f 1284/1/181 1282/10/181 1283/17/175
f 1287/1/180 1285/3/181 1286/6/180
f 1290/1/181 1288/14/181 1289/2/181
f 1293/1/185 1291/16/185 1292/8/185
f 1296/1/173 1294/12/173 1295/13/173
f 1299/1/174 1297/5/174 1298/15/174
f 1302/1/174 1300/9/174 1301/11/174
f 1443/1/175 1441/2/175 1442/3/175
f 1446/1/186 1444/4/186 1445/5/186
f 1449/1/177 1447/6/177 1448/7/177
f 1452/1/174 1450/8/174 1451/9/174
f 1455/1/187 1453/7/187 1454/10/187
f 1458/1/188 1456/11/188 1457/12/188
f 1461/1/173 1459/13/171 1460/14/173
f 1464/1/175 1462/15/175 1463/16/175
f 1467/1/174 1465/17/174 1466/4/171
f 1470/1/177 1468/10/177 1469/17/177
f 1473/1/180 1471/3/181 1472/6/180
f 1476/1/175 1474/14/174 1475/2/175
f 1479/1/185 1477/16/185 1478/8/185
f 1482/1/175 1480/12/181 1481/13/175
f 1485/1/184 1483/5/184 1484/15/184
f 1488/1/174 1486/9/175 1487/11/175
f 1629/1/175 1627/2/181 1628/3/175
f 1632/1/172 1630/4/172 1631/5/172
f 1635/1/181 1633/6/181 1634/7/181
f 1638/1/184 1636/8/174 1637/9/177
f 1641/1/171 1639/7/176 1640/10/184
f 1644/1/174 1642/11/174 1643/12/174
f 1647/1/173 1645/13/173 1646/14/173
f 1650/1/178 1648/15/178 1649/16/178
f 1653/1/177 1651/17/177 1652/4/177
f 1656/1/175 1654/10/175 1655/17/179
f 1659/1/180 1657/3/181 1658/6/181
f 1662/1/175 1660/14/181 1661/2/181
f 1665/1/177 1663/16/177 1664/8/184
f 1668/1/179 1666/12/171 1667/13/174
f 1671/1/174 1669/5/174 1670/15/174
f 1674/1/180 1672/9/180 1673/11/180
f 1815/1/180 1813/2/180 1814/3/180
f 1818/1/186 1816/4/186 1817/5/186
f 1821/1/173 1819/6/173 1820/7/171
f 1824/1/180 1822/8/180 1823/9/180
f 1827/1/175 1825/7/175 1826/10/175
f 1830/1/177 1828/11/177 1829/12/177
f 1833/1/173 1831/13/171 1832/14/173
f 1836/1/175 1834/15/175 1835/16/177
f 1839/1/178 1837/17/178 1838/4/171
f 1842/1/177 1840/10/177 1841/17/177
f 1845/1/180 1843/3/181 1844/6/180
f 1848/1/180 1846/14/181 1847/2/181
f 1851/1/181 1849/16/181 1850/8/181
f 1854/1/181 1852/12/181 1853/13/175
f 1857/1/184 1855/5/184 1856/15/184
f 1860/1/174 1858/9/175 1859/11/175
f 561/18/189 559/19/190 560/20/191
f 560/20/191 562/21/192 561/18/189
f 565/22/193 563/18/194 564/21/195
f 564/21/195 566/23/196 565/22/193
f 569/18/197 567/19/198 568/20/197
f 568/20/197 570/21/199 569/18/197
f 573/22/200 571/18/201 572/21/202
f 572/21/202 574/23/203 573/22/200
f 577/18/204 575/19/205 576/20/204
f 576/20/204 578/21/206 577/18/204
f 581/22/207 579/18/208 580/21/209
f 580/21/209 582/23/208 581/22/207
f 585/20/210 583/21/211 584/18/212
f 584/18/212 586/19/213 585/20/210
f 589/22/214 587/18/215 588/21/216
f 588/21/216 590/23/217 589/22/214
f 593/18/218 591/19/218 592/19/219
f 592/19/219 594/18/218 593/18/218
f 597/19/220 595/20/220 596/20/221
f 596/20/221 598/19/220 597/19/220
f 601/22/222 599/18/223 600/18/224
f 600/18/224 602/22/223 601/22/222
f 605/23/225 603/22/226 604/22/226
f 604/22/226 606/23/226 605/23/225
f 609/18/224 607/19/223 608/19/227
f 608/19/227 610/18/223 609/18/224
f 613/19/228 611/20/228 612/20/228
f 612/20/228 614/19/228 613/19/228
f 617/22/229 615/18/229 616/18/229
f 616/18/229 618/22/229 617/22/229
f 621/23/230 619/22/230 620/22/231
f 620/22/231 622/23/230 621/23/230
f 625/18/229 623/19/232 624/19/229
f 624/19/229 626/18/229 625/18/229
f 629/19/233 627/20/233 628/20/233
f 628/20/233 630/19/233 629/19/233
f 633/22/234 631/18/235 632/18/235
f 632/18/235 634/22/234 633/22/234
f 637/23/236 635/22/236 636/22/236
f 636/22/236 638/23/236 637/23/236
f 641/19/237 639/20/237 640/20/237
f 640/20/237 642/19/237 641/19/237
f 645/18/235 643/19/235 644/19/234
f 644/19/234 646/18/235 645/18/235
f 649/22/218 647/18/218 648/18/218
f 648/18/218 650/22/238 649/22/218
f 653/23/239 651/22/239 652/22/239
f 652/22/239 654/23/239 653/23/239
f 657/24/240 655/25/241 656/26/242
f 656/26/242 658/27/243 657/24/240
f 659/28/244 657/24/240 658/27/243
f 658/27/243 660/29/245 659/28/244
f 661/30/246 659/28/244 660/29/245
f 660/29/245 662/31/247 661/30/246
f 663/32/248 661/30/246 662/31/247
f 662/31/247 664/33/248 663/32/248
f 667/24/249 665/25/250 666/26/250
f 666/26/250 668/27/249 667/24/249
f 669/28/251 667/24/249 668/27/249
f 668/27/249 670/29/252 669/28/251
f 671/30/253 669/28/251 670/29/252
f 670/29/252 672/31/253 671/30/253
f 675/32/254 673/30/255 674/31/255
f 674/31/255 676/33/254 675/32/254
f 679/24/256 677/25/257 678/26/257
f 678/26/257 680/27/258 679/24/256
f 681/28/259 679/24/256 680/27/258
f 680/27/258 682/29/260 681/28/259
f 683/30/261 681/28/259 682/29/260
f 682/29/260 684/31/262 683/30/261
f 685/32/263 683/30/261 684/31/262
f 684/31/262 686/33/263 685/32/263
f 689/24/264 687/25/265 688/26/265
f 688/26/265 690/27/266 689/24/264
f 692/28/267 689/24/264 690/27/266
f 690/27/266 691/29/268 692/28/267
f 693/30/269 692/28/267 691/29/268
f 691/29/268 694/31/270 693/30/269
f 695/32/271 693/30/269 694/31/270
f 694/31/270 696/33/271 695/32/271
f 747/18/189 745/19/272 746/20/273
f 746/20/273 748/21/274 747/18/189
f 751/22/193 749/18/275 750/21/195
f 750/21/195 752/23/276 751/22/193
f 755/18/277 753/19/278 754/20/279
f 754/20/279 756/21/280 755/18/277
f 759/22/281 757/18/282 758/21/281
f 758/21/281 760/23/283 759/22/281
f 763/18/206 761/19/204 762/20/284
f 762/20/284 764/21/206 763/18/206
f 767/22/285 765/18/286 766/21/285
f 766/21/285 768/23/287 767/22/285
f 771/20/210 769/21/211 770/18/288
f 770/18/288 772/19/289 771/20/210
f 775/22/214 773/18/216 774/21/216
f 774/21/216 776/23/290 775/22/214
f 779/18/218 777/19/291 778/19/219
f 778/19/219 780/18/218 779/18/218
f 783/19/220 781/20/220 782/20/220
f 782/20/220 784/19/220 783/19/220
f 787/22/222 785/18/223 786/18/224
f 786/18/224 788/22/223 787/22/222
f 791/23/226 789/22/226 790/22/226
f 790/22/226 792/23/226 791/23/226
f 795/18/292 793/19/223 794/19/293
f 794/19/293 796/18/223 795/18/292
f 799/19/228 797/20/228 798/20/228
f 798/20/228 800/19/228 799/19/228
f 803/22/229 801/18/229 802/18/229
f 802/18/229 804/22/229 803/22/229
f 807/23/230 805/22/230 806/22/230
f 806/22/230 808/23/230 807/23/230
f 811/18/229 809/19/294 810/19/295
f 810/19/295 812/18/229 811/18/229
f 815/19/233 813/20/233 814/20/233
f 814/20/233 816/19/233 815/19/233
f 819/22/234 817/18/235 818/18/235
f 818/18/235 820/22/234 819/22/234
f 823/23/236 821/22/236 822/22/296
f 822/22/296 824/23/236 823/23/236
f 827/19/237 825/20/237 826/20/237
f 826/20/237 828/19/237 827/19/237
f 831/18/235 829/19/235 830/19/234
f 830/19/234 832/18/235 831/18/235
f 835/22/238 833/18/218 834/18/238
f 834/18/238 836/22/238 835/22/238
f 839/23/239 837/22/239 838/22/239
f 838/22/239 840/23/239 839/23/239
f 843/24/243 841/25/241 842/26/242
f 842/26/242 844/27/297 843/24/243
f 845/28/298 843/24/243 844/27/297
f 844/27/297 846/29/298 845/28/298
f 847/30/299 845/28/298 846/29/298
f 846/29/298 848/31/300 847/30/299
f 849/32/248 847/30/299 848/31/300
f 848/31/300 850/33/248 849/32/248
f 853/24/301 851/25/250 852/26/250
f 852/26/250 854/27/302 853/24/301
f 855/28/303 853/24/301 854/27/302
f 854/27/302 856/29/304 855/28/303
f 857/30/253 855/28/303 856/29/304
f 856/29/304 858/31/305 857/30/253
f 861/32/254 859/30/255 860/31/255
f 860/31/255 862/33/254 861/32/254
f 865/24/256 863/25/257 864/26/257
f 864/26/257 866/27/256 865/24/256
f 867/28/306 865/24/256 866/27/256
f 866/27/256 868/29/260 867/28/306
f 869/30/261 867/28/306 868/29/260
f 868/29/260 870/31/261 869/30/261
f 871/32/263 869/30/261 870/31/261
f 870/31/261 872/33/263 871/32/263
f 875/24/264 873/25/265 874/26/265
f 874/26/265 876/27/307 875/24/264
f 878/28/268 875/24/264 876/27/307
f 876/27/307 877/29/308 878/28/268
f 879/30/309 878/28/268 877/29/308
f 877/29/308 880/31/270 879/30/309
f 881/32/271 879/30/309 880/31/270
f 880/31/270 882/33/271 881/32/271
f 933/18/310 931/19/311 932/20/311
f 932/20/311 934/21/311 933/18/310
f 937/22/312 935/18/313 936/21/314
f 936/21/314 938/23/315 937/22/312
f 941/18/316 939/19/317 940/20/316
f 940/20/316 942/21/318 941/18/316
f 945/22/319 943/18/320 944/21/319
f 944/21/319 946/23/321 945/22/319
f 949/18/322 947/19/323 948/20/322
f 948/20/322 950/21/324 949/18/322
f 953/22/325 951/18/326 952/21/325
f 952/21/325 954/23/327 953/22/325
f 957/20/328 955/21/329 956/18/329
f 956/18/329 958/19/329 957/20/328
f 961/22/330 959/18/331 960/21/332
f 960/21/332 962/23/333 961/22/330
f 965/18/334 963/19/335 964/19/336
f 964/19/336 966/18/335 965/18/334
f 969/19/337 967/20/338 968/20/338
f 968/20/338 970/19/338 969/19/337
f 973/22/339 971/18/339 972/18/340
f 972/18/340 974/22/339 973/22/339
f 977/23/341 975/22/342 976/22/343
f 976/22/343 978/23/342 977/23/341
f 981/18/339 979/19/344 980/19/345
f 980/19/345 982/18/344 981/18/339
f 985/19/346 983/20/346 984/20/347
f 984/20/347 986/19/346 985/19/346
f 989/22/348 987/18/349 988/18/350
f 988/18/350 990/22/348 989/22/348
f 993/23/351 991/22/351 992/22/351
f 992/22/351 994/23/352 993/23/351
f 997/18/353 995/19/354 996/19/354
f 996/19/354 998/18/354 997/18/353
f 1001/19/355 999/20/355 1000/20/355
f 1000/20/355 1002/19/355 1001/19/355
f 1005/22/356 1003/18/356 1004/18/356
f 1004/18/356 1006/22/357 1005/22/356
f 1009/23/358 1007/22/359 1008/22/360
f 1008/22/360 1010/23/359 1009/23/358
f 1013/19/361 1011/20/361 1012/20/361
f 1012/20/361 1014/19/361 1013/19/361
f 1017/18/356 1015/19/356 1016/19/356
f 1016/19/356 1018/18/356 1017/18/356
f 1021/22/362 1019/18/363 1020/18/364
f 1020/18/364 1022/22/363 1021/22/362
f 1025/23/365 1023/22/366 1024/22/366
f 1024/22/366 1026/23/366 1025/23/365
f 1029/24/367 1027/25/368 1028/26/368
f 1028/26/368 1030/27/369 1029/24/367
f 1031/28/370 1029/24/367 1030/27/369
f 1030/27/369 1032/29/371 1031/28/370
f 1033/30/372 1031/28/370 1032/29/371
f 1032/29/371 1034/31/373 1033/30/372
f 1035/32/374 1033/30/372 1034/31/373
f 1034/31/373 1036/33/374 1035/32/374
f 1039/24/375 1037/25/376 1038/26/376
f 1038/26/376 1040/27/377 1039/24/375
f 1041/28/378 1039/24/375 1040/27/377
f 1040/27/377 1042/29/379 1041/28/378
f 1043/30/380 1041/28/378 1042/29/379
f 1042/29/379 1044/31/381 1043/30/380
f 1047/32/382 1045/30/383 1046/31/383
f 1046/31/383 1048/33/382 1047/32/382
f 1051/24/384 1049/25/385 1050/26/385
f 1050/26/385 1052/27/386 1051/24/384
f 1053/28/387 1051/24/384 1052/27/386
f 1052/27/386 1054/29/388 1053/28/387
f 1055/30/389 1053/28/387 1054/29/388
f 1054/29/388 1056/31/390 1055/30/389
f 1057/32/391 1055/30/389 1056/31/390
f 1056/31/390 1058/33/391 1057/32/391
f 1061/24/392 1059/25/393 1060/26/393
f 1060/26/393 1062/27/394 1061/24/392
f 1064/28/395 1061/24/392 1062/27/394
f 1062/27/394 1063/29/395 1064/28/395
f 1065/30/396 1064/28/395 1063/29/395
f 1063/29/395 1066/31/397 1065/30/396
f 1067/32/398 1065/30/396 1066/31/397
f 1066/31/397 1068/33/398 1067/32/398
f 1119/18/399 1117/19/399 1118/20/400
f 1118/20/400 1120/21/401 1119/18/399
f 1123/22/402 1121/18/403 1122/21/404
f 1122/21/404 1124/23/405 1123/22/402
f 1127/18/406 1125/19/407 1126/20/408
f 1126/20/408 1128/21/409 1127/18/406
f 1131/22/410 1129/18/410 1130/21/411
f 1130/21/411 1132/23/412 1131/22/410
f 1135/18/413 1133/19/414 1134/20/415
f 1134/20/415 1136/21/416 1135/18/413
f 1139/22/417 1137/18/418 1138/21/419
f 1138/21/419 1140/23/420 1139/22/417
f 1143/20/421 1141/21/421 1142/18/422
f 1142/18/422 1144/19/423 1143/20/421
f 1147/22/424 1145/18/425 1146/21/426
f 1146/21/426 1148/23/426 1147/22/424
f 1151/18/427 1149/19/356 1150/19/356
f 1150/19/356 1152/18/356 1151/18/427
f 1155/19/428 1153/20/428 1154/20/428
f 1154/20/428 1156/19/428 1155/19/428
f 1159/22/429 1157/18/339 1158/18/339
f 1158/18/339 1160/22/339 1159/22/429
f 1163/23/430 1161/22/430 1162/22/431
f 1162/22/431 1164/23/431 1163/23/430
f 1167/18/432 1165/19/432 1166/19/433
f 1166/19/433 1168/18/432 1167/18/432
f 1171/19/434 1169/20/435 1170/20/435
f 1170/20/435 1172/19/435 1171/19/434
f 1175/22/436 1173/18/437 1174/18/438
f 1174/18/438 1176/22/438 1175/22/436
f 1179/23/439 1177/22/439 1178/22/440
f 1178/22/440 1180/23/439 1179/23/439
f 1183/18/441 1181/19/339 1182/19/429
f 1182/19/429 1184/18/339 1183/18/441
f 1187/19/442 1185/20/443 1186/20/443
f 1186/20/443 1188/19/443 1187/19/442
f 1191/22/444 1189/18/445 1190/18/445
f 1190/18/445 1192/22/445 1191/22/444
f 1195/23/446 1193/22/446 1194/22/446
f 1194/22/446 1196/23/446 1195/23/446
f 1199/19/447 1197/20/448 1198/20/449
f 1198/20/449 1200/19/448 1199/19/447
f 1203/18/450 1201/19/451 1202/19/452
f 1202/19/452 1204/18/450 1203/18/450
f 1207/22/432 1205/18/432 1206/18/453
f 1206/18/453 1208/22/432 1207/22/432
f 1211/23/454 1209/22/455 1210/22/454
f 1210/22/454 1212/23/455 1211/23/454
f 1215/24/456 1213/25/457 1214/26/458
f 1214/26/458 1216/27/459 1215/24/456
f 1217/28/460 1215/24/456 1216/27/459
f 1216/27/459 1218/29/461 1217/28/460
f 1219/30/462 1217/28/460 1218/29/461
f 1218/29/461 1220/31/463 1219/30/462
f 1221/32/464 1219/30/462 1220/31/463
f 1220/31/463 1222/33/465 1221/32/464
f 1225/24/466 1223/25/467 1224/26/468
f 1224/26/468 1226/27/373 1225/24/466
f 1227/28/469 1225/24/466 1226/27/373
f 1226/27/373 1228/29/469 1227/28/469
f 1229/30/470 1227/28/469 1228/29/469
f 1228/29/469 1230/31/470 1229/30/470
f 1233/32/471 1231/30/472 1232/31/472
f 1232/31/472 1234/33/473 1233/32/471
f 1237/24/474 1235/25/475 1236/26/476
f 1236/26/476 1238/27/474 1237/24/474
f 1239/28/477 1237/24/474 1238/27/474
f 1238/27/474 1240/29/478 1239/28/477
f 1241/30/479 1239/28/477 1240/29/478
f 1240/29/478 1242/31/480 1241/30/479
f 1243/32/481 1241/30/479 1242/31/480
f 1242/31/480 1244/33/481 1243/32/481
f 1247/24/482 1245/25/483 1246/26/483
f 1246/26/483 1248/27/484 1247/24/482
f 1250/28/485 1247/24/482 1248/27/484
f 1248/27/484 1249/29/486 1250/28/485
f 1251/30/487 1250/28/485 1249/29/486
f 1249/29/486 1252/31/488 1251/30/487
f 1253/32/489 1251/30/487 1252/31/488
f 1252/31/488 1254/33/489 1253/32/489
f 1305/18/399 1303/19/490 1304/20/401
f 1304/20/401 1306/21/400 1305/18/399
f 1309/22/491 1307/18/404 1308/21/404
f 1308/21/404 1310/23/491 1309/22/491
f 1313/18/492 1311/19/407 1312/20/408
f 1312/20/408 1314/21/409 1313/18/492
f 1317/22/493 1315/18/493 1316/21/494
f 1316/21/494 1318/23/412 1317/22/493
f 1321/18/415 1319/19/415 1320/20/415
f 1320/20/415 1322/21/416 1321/18/415
f 1325/22/419 1323/18/418 1324/21/420
f 1324/21/420 1326/23/417 1325/22/419
f 1329/20/423 1327/21/421 1328/18/421
f 1328/18/421 1330/19/423 1329/20/423
f 1333/22/495 1331/18/426 1332/21/495
f 1332/21/495 1334/23/496 1333/22/495
f 1337/18/356 1335/19/497 1336/19/356
f 1336/19/356 1338/18/356 1337/18/356
f 1341/19/428 1339/20/428 1340/20/428
f 1340/20/428 1342/19/428 1341/19/428
f 1345/22/429 1343/18/339 1344/18/339
f 1344/18/339 1346/22/339 1345/22/429
f 1349/23/431 1347/22/430 1348/22/431
f 1348/22/431 1350/23/431 1349/23/431
f 1353/18/498 1351/19/498 1352/19/499
f 1352/19/499 1354/18/432 1353/18/498
f 1357/19/435 1355/20/435 1356/20/434
f 1356/20/434 1358/19/435 1357/19/435
f 1361/22/438 1359/18/438 1360/18/500
f 1360/18/500 1362/22/438 1361/22/438
f 1365/23/439 1363/22/439 1364/22/439
f 1364/22/439 1366/23/439 1365/23/439
f 1369/18/501 1367/19/339 1368/19/429
f 1368/19/429 1370/18/339 1369/18/501
f 1373/19/443 1371/20/443 1372/20/442
f 1372/20/442 1374/19/443 1373/19/443
f 1377/22/445 1375/18/445 1376/18/502
f 1376/18/502 1378/22/445 1377/22/445
f 1381/23/446 1379/22/446 1380/22/446
f 1380/22/446 1382/23/446 1381/23/446
f 1385/19/449 1383/20/448 1384/20/448
f 1384/20/448 1386/19/448 1385/19/449
f 1389/18/503 1387/19/451 1388/19/452
f 1388/19/452 1390/18/450 1389/18/503
f 1393/22/432 1391/18/432 1392/18/504
f 1392/18/504 1394/22/432 1393/22/432
f 1397/23/455 1395/22/455 1396/22/454
f 1396/22/454 1398/23/455 1397/23/455
f 1401/24/456 1399/25/457 1400/26/458
f 1400/26/458 1402/27/459 1401/24/456
f 1403/28/460 1401/24/456 1402/27/459
f 1402/27/459 1404/29/461 1403/28/460
f 1405/30/463 1403/28/460 1404/29/461
f 1404/29/461 1406/31/505 1405/30/463
f 1407/32/464 1405/30/463 1406/31/505
f 1406/31/505 1408/33/465 1407/32/464
f 1411/24/506 1409/25/467 1410/26/468
f 1410/26/468 1412/27/507 1411/24/506
f 1413/28/469 1411/24/506 1412/27/507
f 1412/27/507 1414/29/508 1413/28/469
f 1415/30/470 1413/28/469 1414/29/508
f 1414/29/508 1416/31/470 1415/30/470
f 1419/32/473 1417/30/472 1418/31/472
f 1418/31/472 1420/33/473 1419/32/473
f 1423/24/509 1421/25/475 1422/26/476
f 1422/26/476 1424/27/474 1423/24/509
f 1425/28/510 1423/24/509 1424/27/474
f 1424/27/474 1426/29/511 1425/28/510
f 1427/30/512 1425/28/510 1426/29/511
f 1426/29/511 1428/31/513 1427/30/512
f 1429/32/481 1427/30/512 1428/31/513
f 1428/31/513 1430/33/481 1429/32/481
f 1433/24/389 1431/25/483 1432/26/483
f 1432/26/483 1434/27/482 1433/24/389
f 1436/28/514 1433/24/389 1434/27/482
f 1434/27/482 1435/29/486 1436/28/514
f 1437/30/487 1436/28/514 1435/29/486
f 1435/29/486 1438/31/487 1437/30/487
f 1439/32/489 1437/30/487 1438/31/487
f 1438/31/487 1440/33/489 1439/32/489
f 1491/18/515 1489/19/515 1490/20/515
f 1490/20/515 1492/21/311 1491/18/515
f 1495/22/516 1493/18/517 1494/21/314
f 1494/21/314 1496/23/518 1495/22/516
f 1499/18/316 1497/19/519 1498/20/519
f 1498/20/519 1500/21/318 1499/18/316
f 1503/22/520 1501/18/321 1502/21/521
f 1502/21/521 1504/23/319 1503/22/520
f 1507/18/324 1505/19/324 1506/20/322
f 1506/20/322 1508/21/322 1507/18/324
f 1511/22/325 1509/18/522 1510/21/325
f 1510/21/325 1512/23/523 1511/22/325
f 1515/20/524 1513/21/329 1514/18/525
f 1514/18/525 1516/19/526 1515/20/524
f 1519/22/330 1517/18/330 1518/21/527
f 1518/21/527 1520/23/528 1519/22/330
f 1523/18/335 1521/19/335 1522/19/529
f 1522/19/529 1524/18/335 1523/18/335
f 1527/19/338 1525/20/338 1526/20/338
f 1526/20/338 1528/19/338 1527/19/338
f 1531/22/530 1529/18/339 1530/18/339
f 1530/18/339 1532/22/339 1531/22/530
f 1535/23/342 1533/22/342 1534/22/342
f 1534/22/342 1536/23/342 1535/23/342
f 1539/18/339 1537/19/339 1538/19/345
f 1538/19/345 1540/18/344 1539/18/339
f 1543/19/346 1541/20/346 1542/20/347
f 1542/20/347 1544/19/346 1543/19/346
f 1547/22/349 1545/18/349 1546/18/348
f 1546/18/348 1548/22/348 1547/22/349
f 1551/23/351 1549/22/352 1550/22/352
f 1550/22/352 1552/23/352 1551/23/351
f 1555/18/353 1553/19/531 1554/19/531
f 1554/19/531 1556/18/531 1555/18/353
f 1559/19/355 1557/20/355 1558/20/355
f 1558/20/355 1560/19/355 1559/19/355
f 1563/22/356 1561/18/356 1562/18/532
f 1562/18/532 1564/22/356 1563/22/356
f 1567/23/358 1565/22/359 1566/22/533
f 1566/22/533 1568/23/358 1567/23/358
f 1571/19/361 1569/20/361 1570/20/361
f 1570/20/361 1572/19/361 1571/19/361
f 1575/18/356 1573/19/356 1574/19/356
f 1574/19/356 1576/18/356 1575/18/356
f 1579/22/362 1577/18/362 1578/18/363
f 1578/18/363 1580/22/363 1579/22/362
f 1583/23/366 1581/22/366 1582/22/366
f 1582/22/366 1584/23/366 1583/23/366
f 1587/24/367 1585/25/534 1586/26/535
f 1586/26/535 1588/27/369 1587/24/367
f 1589/28/536 1587/24/367 1588/27/369
f 1588/27/369 1590/29/371 1589/28/536
f 1591/30/373 1589/28/536 1590/29/371
f 1590/29/371 1592/31/373 1591/30/373
f 1593/32/374 1591/30/373 1592/31/373
f 1592/31/373 1594/33/374 1593/32/374
f 1597/24/375 1595/25/376 1596/26/376
f 1596/26/376 1598/27/537 1597/24/375
f 1599/28/538 1597/24/375 1598/27/537
f 1598/27/537 1600/29/539 1599/28/538
f 1601/30/380 1599/28/538 1600/29/539
f 1600/29/539 1602/31/381 1601/30/380
f 1605/32/382 1603/30/383 1604/31/383
f 1604/31/383 1606/33/382 1605/32/382
f 1609/24/540 1607/25/385 1608/26/541
f 1608/26/541 1610/27/386 1609/24/540
f 1611/28/387 1609/24/540 1610/27/386
f 1610/27/386 1612/29/388 1611/28/387
f 1613/30/390 1611/28/387 1612/29/388
f 1612/29/388 1614/31/542 1613/30/390
f 1615/32/391 1613/30/390 1614/31/542
f 1614/31/542 1616/33/391 1615/32/391
f 1619/24/543 1617/25/544 1618/26/393
f 1618/26/393 1620/27/545 1619/24/543
f 1622/28/546 1619/24/543 1620/27/545
f 1620/27/545 1621/29/547 1622/28/546
f 1623/30/548 1622/28/546 1621/29/547
f 1621/29/547 1624/31/549 1623/30/548
f 1625/32/398 1623/30/548 1624/31/549
f 1624/31/549 1626/33/398 1625/32/398
f 1677/18/401 1675/19/399 1676/20/401
f 1676/20/401 1678/21/400 1677/18/401
f 1681/22/550 1679/18/402 1680/21/405
f 1680/21/405 1682/23/405 1681/22/550
f 1685/18/406 1683/19/551 1684/20/552
f 1684/20/552 1686/21/553 1685/18/406
f 1689/22/493 1687/18/554 1688/21/410
f 1688/21/410 1690/23/493 1689/22/493
f 1693/18/414 1691/19/555 1692/20/413
f 1692/20/413 1694/21/415 1693/18/414
f 1697/22/556 1695/18/420 1696/21/418
f 1696/21/418 1698/23/557 1697/22/556
f 1701/20/423 1699/21/558 1700/18/423
f 1700/18/423 1702/19/422 1701/20/423
f 1705/22/425 1703/18/559 1704/21/426
f 1704/21/426 1706/23/426 1705/22/425
f 1709/18/356 1707/19/356 1708/19/356
f 1708/19/356 1710/18/356 1709/18/356
f 1713/19/428 1711/20/428 1712/20/428
f 1712/20/428 1714/19/428 1713/19/428
f 1717/22/339 1715/18/339 1716/18/501
f 1716/18/501 1718/22/339 1717/22/339
f 1721/23/431 1719/22/430 1720/22/430
f 1720/22/430 1722/23/431 1721/23/431
f 1725/18/432 1723/19/499 1724/19/499
f 1724/19/499 1726/18/432 1725/18/432
f 1729/19/435 1727/20/435 1728/20/435
f 1728/20/435 1730/19/435 1729/19/435
f 1733/22/560 1731/18/438 1732/18/561
f 1732/18/561 1734/22/438 1733/22/560
f 1737/23/439 1735/22/439 1736/22/439
f 1736/22/439 1738/23/439 1737/23/439
f 1741/18/441 1739/19/429 1740/19/429
f 1740/19/429 1742/18/339 1741/18/441
f 1745/19/442 1743/20/443 1744/20/443
f 1744/20/443 1746/19/443 1745/19/442
f 1749/22/356 1747/18/532 1748/18/562
f 1748/18/562 1750/22/356 1749/22/356
f 1753/23/446 1751/22/446 1752/22/446
f 1752/22/446 1754/23/446 1753/23/446
f 1757/19/449 1755/20/448 1756/20/448
f 1756/20/448 1758/19/448 1757/19/449
f 1761/18/452 1759/19/451 1760/19/452
f 1760/19/452 1762/18/452 1761/18/452
f 1765/22/432 1763/18/498 1764/18/453
f 1764/18/453 1766/22/499 1765/22/432
f 1769/23/455 1767/22/455 1768/22/454
f 1768/22/454 1770/23/455 1769/23/455
f 1773/24/563 1771/25/457 1772/26/457
f 1772/26/457 1774/27/459 1773/24/563
f 1775/28/564 1773/24/563 1774/27/459
f 1774/27/459 1776/29/460 1775/28/564
f 1777/30/565 1775/28/564 1776/29/460
f 1776/29/460 1778/31/463 1777/30/565
f 1779/32/464 1777/30/565 1778/31/463
f 1778/31/463 1780/33/465 1779/32/464
f 1783/24/506 1781/25/467 1782/26/468
f 1782/26/468 1784/27/507 1783/24/506
f 1785/28/469 1783/24/506 1784/27/507
f 1784/27/507 1786/29/566 1785/28/469
f 1787/30/470 1785/28/469 1786/29/566
f 1786/29/566 1788/31/470 1787/30/470
f 1791/32/473 1789/30/472 1790/31/472
f 1790/31/472 1792/33/473 1791/32/473
f 1795/24/509 1793/25/476 1794/26/476
f 1794/26/476 1796/27/567 1795/24/509
f 1797/28/382 1795/24/509 1796/27/567
f 1796/27/567 1798/29/511 1797/28/382
f 1799/30/479 1797/28/382 1798/29/511
f 1798/29/511 1800/31/513 1799/30/479
f 1801/32/481 1799/30/479 1800/31/513
f 1800/31/513 1802/33/568 1801/32/481
f 1805/24/569 1803/25/483 1804/26/483
f 1804/26/483 1806/27/482 1805/24/569
f 1808/28/514 1805/24/569 1806/27/482
f 1806/27/482 1807/29/570 1808/28/514
f 1809/30/571 1808/28/514 1807/29/570
f 1807/29/570 1810/31/571 1809/30/571
f 1811/32/489 1809/30/571 1810/31/571
f 1810/31/571 1812/33/489 1811/32/489
f 2001/1/7 1999/2/7 2000/3/7
f 2004/1/572 2002/4/572 2003/5/572
f 2007/1/3 2005/6/3 2006/7/3
f 2010/1/3 2008/8/3 2009/9/3
f 2013/1/573 2011/7/573 2012/10/573
f 2016/1/3 2014/11/3 2015/12/3
f 2019/1/3 2017/13/3 2018/14/3
f 2022/1/6 2020/15/6 2021/16/6
f 2025/1/6 2023/17/6 2024/4/6
f 2028/1/6 2026/10/6 2027/17/6
f 2031/1/1 2029/3/1 2030/6/1
f 2034/1/3 2032/14/3 2033/2/3
f 2037/1/5 2035/16/5 2036/8/5
f 2040/1/3 2038/12/3 2039/13/3
f 2043/1/6 2041/5/6 2042/15/6
f 2046/1/3 2044/9/3 2045/11/3
f 2187/1/7 2185/2/7 2186/3/7
f 2190/1/4 2188/4/4 2189/5/4
f 2193/1/3 2191/6/3 2192/7/3
f 2196/1/3 2194/8/3 2195/9/3
f 2199/1/574 2197/7/574 2198/10/574
f 2202/1/3 2200/11/3 2201/12/3
f 2205/1/3 2203/13/3 2204/14/3
f 2208/1/6 2206/15/6 2207/16/6
f 2211/1/1 2209/17/1 2210/4/1
f 2214/1/1 2212/10/1 2213/17/1
f 2217/1/1 2215/3/1 2216/6/1
f 2220/1/3 2218/14/3 2219/2/3
f 2223/1/5 2221/16/5 2222/8/5
f 2226/1/3 2224/12/3 2225/13/3
f 2229/1/6 2227/5/6 2228/15/6
f 2232/1/3 2230/9/3 2231/11/3
f 2373/1/7 2371/2/7 2372/3/7
f 2376/1/572 2374/4/572 2375/5/572
f 2379/1/3 2377/6/3 2378/7/3
f 2382/1/3 2380/8/3 2381/9/3
f 2385/1/3 2383/7/3 2384/10/3
f 2388/1/3 2386/11/3 2387/12/3
f 2391/1/3 2389/13/3 2390/14/3
f 2394/1/6 2392/15/6 2393/16/6
f 2397/1/6 2395/17/6 2396/4/6
f 2400/1/6 2398/10/6 2399/17/6
f 2403/1/1 2401/3/1 2402/6/1
f 2406/1/3 2404/14/3 2405/2/3
f 2409/1/5 2407/16/5 2408/8/5
f 2412/1/3 2410/12/3 2411/13/3
f 2415/1/6 2413/5/6 2414/15/6
f 2418/1/3 2416/9/3 2417/11/3
f 2559/1/7 2557/2/7 2558/3/7
f 2562/1/4 2560/4/4 2561/5/4
f 2565/1/3 2563/6/3 2564/7/3
f 2568/1/3 2566/8/3 2567/9/3
f 2571/1/574 2569/7/574 2570/10/574
f 2574/1/3 2572/11/3 2573/12/3
f 2577/1/3 2575/13/3 2576/14/3
f 2580/1/6 2578/15/6 2579/16/6
f 2583/1/1 2581/17/1 2582/4/1
f 2586/1/1 2584/10/1 2585/17/1
f 2589/1/1 2587/3/1 2588/6/1
f 2592/1/3 2590/14/3 2591/2/3
f 2595/1/5 2593/16/5 2594/8/5
f 2598/1/3 2596/12/3 2597/13/3
f 2601/1/6 2599/5/6 2600/15/6
f 2604/1/3 2602/9/3 2603/11/3
f 2745/1/7 2743/2/7 2744/3/7
f 2748/1/4 2746/4/4 2747/5/4
f 2751/1/3 2749/6/3 2750/7/3
f 2754/1/3 2752/8/3 2753/9/3
f 2757/1/574 2755/7/574 2756/10/574
f 2760/1/3 2758/11/3 2759/12/3
f 2763/1/3 2761/13/3 2762/14/3
f 2766/1/6 2764/15/6 2765/16/6
f 2769/1/1 2767/17/1 2768/4/1
f 2772/1/1 2770/10/1 2771/17/1
f 2775/1/1 2773/3/1 2774/6/1
f 2778/1/3 2776/14/3 2777/2/3
f 2781/1/5 2779/16/5 2780/8/5
f 2784/1/3 2782/12/3 2783/13/3
f 2787/1/6 2785/5/6 2786/15/6
f 2790/1/3 2788/9/3 2789/11/3
f 2931/1/7 2929/2/7 2930/3/7
f 2934/1/572 2932/4/572 2933/5/572
f 2937/1/3 2935/6/3 2936/7/3
f 2940/1/3 2938/8/3 2939/9/3
f 2943/1/573 2941/7/573 2942/10/573
f 2946/1/3 2944/11/3 2945/12/3
f 2949/1/3 2947/13/3 2948/14/3
f 2952/1/6 2950/15/6 2951/16/6
f 2955/1/6 2953/17/6 2954/4/6
f 2958/1/6 2956/10/6 2957/17/6
f 2961/1/1 2959/3/1 2960/6/1
f 2964/1/3 2962/14/3 2963/2/3
f 2967/1/5 2965/16/5 2966/8/5
f 2970/1/3 2968/12/3 2969/13/3
f 2973/1/6 2971/5/6 2972/15/6
f 2976/1/3 2974/9/3 2975/11/3
f 3117/1/7 3115/2/7 3116/3/7
f 3120/1/4 3118/4/4 3119/5/4
f 3123/1/3 3121/6/3 3122/7/3
f 3126/1/3 3124/8/3 3125/9/3
f 3129/1/574 3127/7/574 3128/10/574
f 3132/1/3 3130/11/3 3131/12/3
f 3135/1/3 3133/13/3 3134/14/3
f 3138/1/6 3136/15/6 3137/16/6
f 3141/1/1 3139/17/1 3140/4/1
f 3144/1/1 3142/10/1 3143/17/1
f 3147/1/1 3145/3/1 3146/6/1
f 3150/1/3 3148/14/3 3149/2/3
f 3153/1/5 3151/16/5 3152/8/5
f 3156/1/3 3154/12/3 3155/13/3
f 3159/1/6 3157/5/6 3158/15/6
f 3162/1/3 3160/9/3 3161/11/3
f 3303/1/7 3301/2/7 3302/3/7
f 3306/1/572 3304/4/572 3305/5/572
f 3309/1/3 3307/6/3 3308/7/3
f 3312/1/3 3310/8/3 3311/9/3
f 3315/1/573 3313/7/573 3314/10/573
f 3318/1/3 3316/11/3 3317/12/3
f 3321/1/3 3319/13/3 3320/14/3
f 3324/1/6 3322/15/6 3323/16/6
f 3327/1/6 3325/17/6 3326/4/6
f 3330/1/6 3328/10/6 3329/17/6
f 3333/1/1 3331/3/1 3332/6/1
f 3336/1/3 3334/14/3 3335/2/3
f 3339/1/5 3337/16/5 3338/8/5
f 3342/1/3 3340/12/3 3341/13/3
f 3345/1/6 3343/5/6 3344/15/6
f 3348/1/3 3346/9/3 3347/11/3
f 1863/18/575 1861/19/576 1862/20/575
f 1862/20/575 1864/21/577 1863/18/575
f 1867/22/578 1865/18/578 1866/21/579
f 1866/21/579 1868/23/579 1867/22/578
f 1871/18/580 1869/19/581 1870/20/580
f 1870/20/580 1872/21/582 1871/18/580
f 1875/22/583 1873/18/584 1874/21/583
f 1874/21/583 1876/23/583 1875/22/583
f 1879/18/585 1877/19/586 1878/20/587
f 1878/20/587 1880/21/588 1879/18/585
f 1883/22/589 1881/18/590 1882/21/590
f 1882/21/590 1884/23/591 1883/22/589
f 1887/20/592 1885/21/593 1886/18/594
f 1886/18/594 1888/19/592 1887/20/592
f 1891/22/595 1889/18/596 1890/21/597
f 1890/21/597 1892/23/597 1891/22/595
f 1895/18/598 1893/19/31 1894/19/31
f 1894/19/31 1896/18/31 1895/18/598
f 1899/19/599 1897/20/599 1898/20/599
f 1898/20/599 1900/19/599 1899/19/599
f 1903/22/34 1901/18/34 1902/18/600
f 1902/18/600 1904/22/34 1903/22/34
f 1907/23/601 1905/22/601 1906/22/602
f 1906/22/602 1908/23/601 1907/23/601
f 1911/18/113 1909/19/38 1910/19/112
f 1910/19/112 1912/18/38 1911/18/113
f 1915/19/603 1913/20/603 1914/20/603
f 1914/20/603 1916/19/603 1915/19/603
f 1919/22/42 1917/18/56 1918/18/604
f 1918/18/604 1920/22/42 1919/22/42
f 1923/23/605 1921/22/605 1922/22/605
f 1922/22/605 1924/23/606 1923/23/605
f 1927/18/607 1925/19/607 1926/19/608
f 1926/19/608 1928/18/609 1927/18/607
f 1931/19/610 1929/20/610 1930/20/611
f 1930/20/611 1932/19/610 1931/19/610
f 1935/22/598 1933/18/31 1934/18/612
f 1934/18/612 1936/22/598 1935/22/598
f 1939/23/613 1937/22/614 1938/22/614
f 1938/22/614 1940/23/614 1939/23/613
f 1943/19/615 1941/20/615 1942/20/615
f 1942/20/615 1944/19/615 1943/19/615
f 1947/18/42 1945/19/56 1946/19/42
f 1946/19/42 1948/18/56 1947/18/42
f 1951/22/113 1949/18/113 1950/18/38
f 1950/18/38 1952/22/38 1951/22/113
f 1955/23/616 1953/22/617 1954/22/617
f 1954/22/617 1956/23/617 1955/23/616
f 1959/24/618 1957/25/619 1958/26/619
f 1958/26/619 1960/27/618 1959/24/618
f 1961/28/620 1959/24/618 1960/27/618
f 1960/27/618 1962/29/621 1961/28/620
f 1963/30/119 1961/28/620 1962/29/621
f 1962/29/621 1964/31/622 1963/30/119
f 1965/32/623 1963/30/119 1964/31/622
f 1964/31/622 1966/33/623 1965/32/623
f 1969/24/624 1967/25/625 1968/26/626
f 1968/26/626 1970/27/152 1969/24/624
f 1971/28/627 1969/24/624 1970/27/152
f 1970/27/152 1972/29/627 1971/28/627
f 1973/30/628 1971/28/627 1972/29/627
f 1972/29/627 1974/31/629 1973/30/628
f 1977/32/630 1975/30/631 1976/31/632
f 1976/31/632 1978/33/630 1977/32/630
f 1981/24/80 1979/25/633 1980/26/634
f 1980/26/634 1982/27/635 1981/24/80
f 1983/28/636 1981/24/80 1982/27/635
f 1982/27/635 1984/29/636 1983/28/636
f 1985/30/637 1983/28/636 1984/29/636
f 1984/29/636 1986/31/638 1985/30/637
f 1987/32/639 1985/30/637 1986/31/638
f 1986/31/638 1988/33/639 1987/32/639
f 1991/24/640 1989/25/641 1990/26/641
f 1990/26/641 1992/27/642 1991/24/640
f 1994/28/643 1991/24/640 1992/27/642
f 1992/27/642 1993/29/643 1994/28/643
f 1995/30/143 1994/28/643 1993/29/643
f 1993/29/643 1996/31/644 1995/30/143
f 1997/32/645 1995/30/143 1996/31/644
f 1996/31/644 1998/33/645 1997/32/645
f 2049/18/646 2047/19/647 2048/20/648
f 2048/20/648 2050/21/649 2049/18/646
f 2053/22/650 2051/18/651 2052/21/652
f 2052/21/652 2054/23/653 2053/22/650
f 2057/18/654 2055/19/655 2056/20/655
f 2056/20/655 2058/21/656 2057/18/654
f 2061/22/657 2059/18/658 2060/21/659
f 2060/21/659 2062/23/659 2061/22/657
f 2065/18/660 2063/19/661 2064/20/662
f 2064/20/662 2066/21/662 2065/18/660
f 2069/22/663 2067/18/664 2068/21/665
f 2068/21/665 2070/23/666 2069/22/663
f 2073/20/667 2071/21/668 2072/18/667
f 2072/18/667 2074/19/668 2073/20/667
f 2077/22/669 2075/18/669 2076/21/670
f 2076/21/670 2078/23/669 2077/22/669
f 2081/18/37 2079/19/38 2080/19/38
f 2080/19/38 2082/18/112 2081/18/37
f 2085/19/671 2083/20/672 2084/20/673
f 2084/20/673 2086/19/672 2085/19/671
f 2089/22/42 2087/18/42 2088/18/43
f 2088/18/43 2090/22/42 2089/22/42
f 2093/23/674 2091/22/674 2092/22/674
f 2092/22/674 2094/23/674 2093/23/674
f 2097/18/34 2095/19/34 2096/19/34
f 2096/19/34 2098/18/34 2097/18/34
f 2101/19/675 2099/20/675 2100/20/676
f 2100/20/676 2102/19/675 2101/19/675
f 2105/22/31 2103/18/31 2104/18/31
f 2104/18/31 2106/22/31 2105/22/31
f 2109/23/677 2107/22/678 2108/22/679
f 2108/22/679 2110/23/679 2109/23/677
f 2113/18/56 2111/19/680 2112/19/42
f 2112/19/42 2114/18/42 2113/18/56
f 2117/19/681 2115/20/682 2116/20/682
f 2116/20/682 2118/19/682 2117/19/681
f 2121/22/683 2119/18/684 2120/18/684
f 2120/18/684 2122/22/684 2121/22/683
f 2125/23/685 2123/22/686 2124/22/686
f 2124/22/686 2126/23/686 2125/23/685
f 2129/19/687 2127/20/688 2128/20/688
f 2128/20/688 2130/19/688 2129/19/687
f 2133/18/31 2131/19/31 2132/19/598
f 2132/19/598 2134/18/31 2133/18/31
f 2137/22/34 2135/18/34 2136/18/689
f 2136/18/689 2138/22/34 2137/22/34
f 2141/23/690 2139/22/691 2140/22/690
f 2140/22/690 2142/23/690 2141/23/690
f 2145/24/692 2143/25/693 2144/26/693
f 2144/26/693 2146/27/694 2145/24/692
f 2147/28/695 2145/24/692 2146/27/694
f 2146/27/694 2148/29/151 2147/28/695
f 2149/30/696 2147/28/695 2148/29/151
f 2148/29/151 2150/31/696 2149/30/696
f 2151/32/697 2149/30/696 2150/31/696
f 2150/31/696 2152/33/697 2151/32/697
f 2155/24/698 2153/25/699 2154/26/699
f 2154/26/699 2156/27/700 2155/24/698
f 2157/28/701 2155/24/698 2156/27/700
f 2156/27/700 2158/29/702 2157/28/701
f 2159/30/125 2157/28/701 2158/29/702
f 2158/29/702 2160/31/703 2159/30/125
f 2163/32/636 2161/30/704 2162/31/704
f 2162/31/704 2164/33/636 2163/32/636
f 2167/24/126 2165/25/705 2166/26/705
f 2166/26/705 2168/27/706 2167/24/126
f 2169/28/707 2167/24/126 2168/27/706
f 2168/27/706 2170/29/707 2169/28/707
f 2171/30/89 2169/28/707 2170/29/707
f 2170/29/707 2172/31/90 2171/30/89
f 2173/32/708 2171/30/89 2172/31/90
f 2172/31/90 2174/33/709 2173/32/708
f 2177/24/710 2175/25/711 2176/26/711
f 2176/26/711 2178/27/712 2177/24/710
f 2180/28/713 2177/24/710 2178/27/712
f 2178/27/712 2179/29/714 2180/28/713
f 2181/30/715 2180/28/713 2179/29/714
f 2179/29/714 2182/31/716 2181/30/715
f 2183/32/717 2181/30/715 2182/31/716
f 2182/31/716 2184/33/717 2183/32/717
f 2235/18/718 2233/19/719 2234/20/575
f 2234/20/575 2236/21/577 2235/18/718
f 2239/22/579 2237/18/720 2238/21/579
f 2238/21/579 2240/23/578 2239/22/579
f 2243/18/721 2241/19/722 2242/20/723
f 2242/20/723 2244/21/581 2243/18/721
f 2247/22/583 2245/18/583 2246/21/724
f 2246/21/724 2248/23/584 2247/22/583
f 2251/18/587 2249/19/725 2250/20/726
f 2250/20/726 2252/21/588 2251/18/587
f 2255/22/727 2253/18/589 2254/21/728
f 2254/21/728 2256/23/728 2255/22/727
f 2259/20/729 2257/21/729 2258/18/730
f 2258/18/730 2260/19/731 2259/20/729
f 2263/22/596 2261/18/596 2262/21/732
f 2262/21/732 2264/23/733 2263/22/596
f 2267/18/31 2265/19/31 2266/19/31
f 2266/19/31 2268/18/598 2267/18/31
f 2271/19/599 2269/20/599 2270/20/599
f 2270/20/599 2272/19/599 2271/19/599
f 2275/22/34 2273/18/34 2274/18/734
f 2274/18/734 2276/22/34 2275/22/34
f 2279/23/735 2277/22/601 2278/22/601
f 2278/22/601 2280/23/601 2279/23/735
f 2283/18/736 2281/19/38 2282/19/37
f 2282/19/37 2284/18/38 2283/18/736
f 2287/19/603 2285/20/603 2286/20/737
f 2286/20/737 2288/19/603 2287/19/603
f 2291/22/42 2289/18/56 2290/18/42
f 2290/18/42 2292/22/42 2291/22/42
f 2295/23/605 2293/22/606 2294/22/606
f 2294/22/606 2296/23/605 2295/23/605
f 2299/18/607 2297/19/738 2298/19/607
f 2298/19/607 2300/18/738 2299/18/607
f 2303/19/739 2301/20/610 2302/20/611
f 2302/20/611 2304/19/610 2303/19/739
f 2307/22/598 2305/18/598 2306/18/612
f 2306/18/612 2308/22/598 2307/22/598
f 2311/23/614 2309/22/614 2310/22/613
f 2310/22/613 2312/23/614 2311/23/614
f 2315/19/740 2313/20/615 2314/20/615
f 2314/20/615 2316/19/615 2315/19/740
f 2319/18/56 2317/19/56 2318/19/42
f 2318/19/42 2320/18/56 2319/18/56
f 2323/22/38 2321/18/38 2322/18/112
f 2322/18/112 2324/22/38 2323/22/38
f 2327/23/617 2325/22/617 2326/22/617
f 2326/22/617 2328/23/617 2327/23/617
f 2331/24/741 2329/25/619 2330/26/619
f 2330/26/619 2332/27/742 2331/24/741
f 2333/28/743 2331/24/741 2332/27/742
f 2332/27/742 2334/29/620 2333/28/743
f 2335/30/622 2333/28/743 2334/29/620
f 2334/29/620 2336/31/744 2335/30/622
f 2337/32/623 2335/30/622 2336/31/744
f 2336/31/744 2338/33/623 2337/32/623
f 2341/24/624 2339/25/626 2340/26/626
f 2340/26/626 2342/27/624 2341/24/624
f 2343/28/627 2341/24/624 2342/27/624
f 2342/27/624 2344/29/745 2343/28/627
f 2345/30/628 2343/28/627 2344/29/745
f 2344/29/745 2346/31/746 2345/30/628
f 2349/32/630 2347/30/631 2348/31/632
f 2348/31/632 2350/33/630 2349/32/630
f 2353/24/747 2351/25/634 2352/26/634
f 2352/26/634 2354/27/80 2353/24/747
f 2355/28/748 2353/24/747 2354/27/80
f 2354/27/80 2356/29/748 2355/28/748
f 2357/30/749 2355/28/748 2356/29/748
f 2356/29/748 2358/31/750 2357/30/749
f 2359/32/639 2357/30/749 2358/31/750
f 2358/31/750 2360/33/751 2359/32/639
f 2363/24/90 2361/25/641 2362/26/641
f 2362/26/641 2364/27/90 2363/24/90
f 2366/28/643 2363/24/90 2364/27/90
f 2364/27/90 2365/29/643 2366/28/643
f 2367/30/752 2366/28/643 2365/29/643
f 2365/29/643 2368/31/143 2367/30/752
f 2369/32/645 2367/30/752 2368/31/143
f 2368/31/143 2370/33/645 2369/32/645
f 2421/18/648 2419/19/753 2420/20/648
f 2420/20/648 2422/21/754 2421/18/648
f 2425/22/650 2423/18/652 2424/21/755
f 2424/21/755 2426/23/756 2425/22/650
f 2429/18/757 2427/19/758 2428/20/655
f 2428/20/655 2430/21/757 2429/18/757
f 2433/22/657 2431/18/659 2432/21/759
f 2432/21/759 2434/23/658 2433/22/657
f 2437/18/760 2435/19/662 2436/20/662
f 2436/20/662 2438/21/661 2437/18/760
f 2441/22/663 2439/18/666 2440/21/664
f 2440/21/664 2442/23/663 2441/22/663
f 2445/20/761 2443/21/762 2444/18/763
f 2444/18/763 2446/19/763 2445/20/761
f 2449/22/764 2447/18/764 2448/21/670
f 2448/21/670 2450/23/765 2449/22/764
f 2453/18/37 2451/19/39 2452/19/38
f 2452/19/38 2454/18/112 2453/18/37
f 2457/19/671 2455/20/672 2456/20/672
f 2456/20/672 2458/19/672 2457/19/671
f 2461/22/766 2459/18/604 2460/18/767
f 2460/18/767 2462/22/42 2461/22/766
f 2465/23/674 2463/22/674 2464/22/674
f 2464/22/674 2466/23/674 2465/23/674
f 2469/18/600 2467/19/34 2468/19/768
f 2468/19/768 2470/18/34 2469/18/600
f 2473/19/769 2471/20/676 2472/20/675
f 2472/20/675 2474/19/675 2473/19/769
f 2477/22/31 2475/18/31 2476/18/31
f 2476/18/31 2478/22/31 2477/22/31
f 2481/23/678 2479/22/678 2480/22/678
f 2480/22/678 2482/23/679 2481/23/678
f 2485/18/42 2483/19/42 2484/19/680
f 2484/19/680 2486/18/42 2485/18/42
f 2489/19/681 2487/20/682 2488/20/682
f 2488/20/682 2490/19/682 2489/19/681
f 2493/22/683 2491/18/770 2492/18/771
f 2492/18/771 2494/22/684 2493/22/683
f 2497/23/686 2495/22/686 2496/22/685
f 2496/22/685 2498/23/686 2497/23/686
f 2501/19/688 2499/20/688 2500/20/688
f 2500/20/688 2502/19/772 2501/19/688
f 2505/18/31 2503/19/31 2504/19/598
f 2504/19/598 2506/18/31 2505/18/31
f 2509/22/34 2507/18/34 2508/18/689
f 2508/18/689 2510/22/34 2509/22/34
f 2513/23/691 2511/22/691 2512/22/690
f 2512/22/690 2514/23/691 2513/23/691
f 2517/24/694 2515/25/693 2516/26/693
f 2516/26/693 2518/27/694 2517/24/694
f 2519/28/121 2517/24/694 2518/27/694
f 2518/27/694 2520/29/121 2519/28/121
f 2521/30/773 2519/28/121 2520/29/121
f 2520/29/121 2522/31/773 2521/30/773
f 2523/32/774 2521/30/773 2522/31/773
f 2522/31/773 2524/33/697 2523/32/774
f 2527/24/698 2525/25/699 2526/26/699
f 2526/26/699 2528/27/775 2527/24/698
f 2529/28/701 2527/24/698 2528/27/775
f 2528/27/775 2530/29/776 2529/28/701
f 2531/30/125 2529/28/701 2530/29/776
f 2530/29/776 2532/31/703 2531/30/125
f 2535/32/636 2533/30/704 2534/31/777
f 2534/31/777 2536/33/636 2535/32/636
f 2539/24/778 2537/25/705 2538/26/779
f 2538/26/779 2540/27/706 2539/24/778
f 2541/28/707 2539/24/778 2540/27/706
f 2540/27/706 2542/29/707 2541/28/707
f 2543/30/89 2541/28/707 2542/29/707
f 2542/29/707 2544/31/90 2543/30/89
f 2545/32/708 2543/30/89 2544/31/90
f 2544/31/90 2546/33/709 2545/32/708
f 2549/24/780 2547/25/711 2548/26/711
f 2548/26/711 2550/27/780 2549/24/780
f 2552/28/713 2549/24/780 2550/27/780
f 2550/27/780 2551/29/781 2552/28/713
f 2553/30/716 2552/28/713 2551/29/781
f 2551/29/781 2554/31/715 2553/30/716
f 2555/32/717 2553/30/716 2554/31/715
f 2554/31/715 2556/33/717 2555/32/717
f 2607/18/646 2605/19/753 2606/20/648
f 2606/20/648 2608/21/649 2607/18/646
f 2611/22/782 2609/18/783 2610/21/652
f 2610/21/652 2612/23/653 2611/22/782
f 2615/18/655 2613/19/784 2614/20/784
f 2614/20/784 2616/21/654 2615/18/655
f 2619/22/785 2617/18/659 2618/21/785
f 2618/21/785 2620/23/759 2619/22/785
f 2623/18/662 2621/19/786 2622/20/661
f 2622/20/661 2624/21/662 2623/18/662
f 2627/22/666 2625/18/663 2626/21/787
f 2626/21/787 2628/23/788 2627/22/666
f 2631/20/761 2629/21/761 2630/18/762
f 2630/18/762 2632/19/668 2631/20/761
f 2635/22/789 2633/18/790 2634/21/791
f 2634/21/791 2636/23/765 2635/22/789
f 2639/18/38 2637/19/38 2638/19/38
f 2638/19/38 2640/18/38 2639/18/38
f 2643/19/672 2641/20/672 2642/20/673
f 2642/20/673 2644/19/672 2643/19/672
f 2647/22/42 2645/18/604 2646/18/792
f 2646/18/792 2648/22/42 2647/22/42
f 2651/23/674 2649/22/674 2650/22/793
f 2650/22/793 2652/23/674 2651/23/674
f 2655/18/34 2653/19/600 2654/19/768
f 2654/19/768 2656/18/34 2655/18/34
f 2659/19/676 2657/20/675 2658/20/675
f 2658/20/675 2660/19/675 2659/19/676
f 2663/22/31 2661/18/31 2662/18/794
f 2662/18/794 2664/22/31 2663/22/31
f 2667/23/677 2665/22/678 2666/22/678
f 2666/22/678 2668/23/679 2667/23/677
f 2671/18/56 2669/19/43 2670/19/42
f 2670/19/42 2672/18/42 2671/18/56
f 2675/19/681 2673/20/682 2674/20/682
f 2674/20/682 2676/19/681 2675/19/681
f 2679/22/683 2677/18/770 2678/18/684
f 2678/18/684 2680/22/684 2679/22/683
f 2683/23/685 2681/22/686 2682/22/686
f 2682/22/686 2684/23/686 2683/23/685
f 2687/19/688 2685/20/772 2686/20/688
f 2686/20/688 2688/19/688 2687/19/688
f 2691/18/31 2689/19/31 2690/19/31
f 2690/19/31 2692/18/31 2691/18/31
f 2695/22/34 2693/18/34 2694/18/689
f 2694/18/689 2696/22/34 2695/22/34
f 2699/23/795 2697/22/690 2698/22/691
f 2698/22/691 2700/23/690 2699/23/795
f 2703/24/694 2701/25/796 2702/26/796
f 2702/26/796 2704/27/797 2703/24/694
f 2705/28/151 2703/24/694 2704/27/797
f 2704/27/797 2706/29/798 2705/28/151
f 2707/30/773 2705/28/151 2706/29/798
f 2706/29/798 2708/31/799 2707/30/773
f 2709/32/774 2707/30/773 2708/31/799
f 2708/31/799 2710/33/697 2709/32/774
f 2713/24/698 2711/25/699 2712/26/699
f 2712/26/699 2714/27/698 2713/24/698
f 2715/28/701 2713/24/698 2714/27/698
f 2714/27/698 2716/29/702 2715/28/701
f 2717/30/125 2715/28/701 2716/29/702
f 2716/29/702 2718/31/125 2717/30/125
f 2721/32/636 2719/30/704 2720/31/777
f 2720/31/777 2722/33/636 2721/32/636
f 2725/24/156 2723/25/705 2724/26/779
f 2724/26/779 2726/27/156 2725/24/156
f 2727/28/707 2725/24/156 2726/27/156
f 2726/27/156 2728/29/707 2727/28/707
f 2729/30/89 2727/28/707 2728/29/707
f 2728/29/707 2730/31/90 2729/30/89
f 2731/32/708 2729/30/89 2730/31/90
f 2730/31/90 2732/33/709 2731/32/708
f 2735/24/712 2733/25/711 2734/26/711
f 2734/26/711 2736/27/800 2735/24/712
f 2738/28/714 2735/24/712 2736/27/800
f 2736/27/800 2737/29/781 2738/28/714
f 2739/30/716 2738/28/714 2737/29/781
f 2737/29/781 2740/31/716 2739/30/716
f 2741/32/717 2739/30/716 2740/31/716
f 2740/31/716 2742/33/717 2741/32/717
f 2793/18/575 2791/19/801 2792/20/802
f 2792/20/802 2794/21/803 2793/18/575
f 2797/22/804 2795/18/579 2796/21/579
f 2796/21/579 2798/23/579 2797/22/804
f 2801/18/580 2799/19/580 2800/20/580
f 2800/20/580 2802/21/580 2801/18/580
f 2805/22/724 2803/18/724 2804/21/584
f 2804/21/584 2806/23/724 2805/22/724
f 2809/18/805 2807/19/806 2808/20/807
f 2808/20/807 2810/21/805 2809/18/805
f 2813/22/589 2811/18/591 2812/21/590
f 2812/21/590 2814/23/808 2813/22/589
f 2817/20/594 2815/21/729 2816/18/809
f 2816/18/809 2818/19/810 2817/20/594
f 2821/22/595 2819/18/596 2820/21/597
f 2820/21/597 2822/23/733 2821/22/595
f 2825/18/598 2823/19/31 2824/19/31
f 2824/19/31 2826/18/598 2825/18/598
f 2829/19/599 2827/20/599 2828/20/599
f 2828/20/599 2830/19/599 2829/19/599
f 2833/22/34 2831/18/34 2832/18/34
f 2832/18/34 2834/22/34 2833/22/34
f 2837/23/735 2835/22/601 2836/22/601
f 2836/22/601 2838/23/601 2837/23/735
f 2841/18/811 2839/19/38 2840/19/37
f 2840/19/37 2842/18/38 2841/18/811
f 2845/19/812 2843/20/603 2844/20/737
f 2844/20/737 2846/19/603 2845/19/812
f 2849/22/42 2847/18/56 2848/18/42
f 2848/18/42 2850/22/42 2849/22/42
f 2853/23/605 2851/22/605 2852/22/605
f 2852/22/605 2854/23/606 2853/23/605
f 2857/18/813 2855/19/738 2856/19/608
f 2856/19/608 2858/18/609 2857/18/813
f 2861/19/610 2859/20/610 2860/20/814
f 2860/20/814 2862/19/610 2861/19/610
f 2865/22/598 2863/18/31 2864/18/108
f 2864/18/108 2866/22/598 2865/22/598
f 2869/23/614 2867/22/614 2868/22/613
f 2868/22/613 2870/23/614 2869/23/614
f 2873/19/615 2871/20/815 2872/20/815
f 2872/20/815 2874/19/815 2873/19/615
f 2877/18/42 2875/19/42 2876/19/42
f 2876/19/42 2878/18/56 2877/18/42
f 2881/22/113 2879/18/38 2880/18/112
f 2880/18/112 2882/22/38 2881/22/113
f 2885/23/617 2883/22/617 2884/22/617
f 2884/22/617 2886/23/617 2885/23/617
f 2889/24/618 2887/25/619 2888/26/619
f 2888/26/619 2890/27/816 2889/24/618
f 2891/28/817 2889/24/618 2890/27/816
f 2890/27/816 2892/29/620 2891/28/817
f 2893/30/148 2891/28/817 2892/29/620
f 2892/29/620 2894/31/818 2893/30/148
f 2895/32/623 2893/30/148 2894/31/818
f 2894/31/818 2896/33/623 2895/32/623
f 2899/24/73 2897/25/626 2898/26/626
f 2898/26/626 2900/27/819 2899/24/73
f 2901/28/627 2899/24/73 2900/27/819
f 2900/27/819 2902/29/627 2901/28/627
f 2903/30/628 2901/28/627 2902/29/627
f 2902/29/627 2904/31/820 2903/30/628
f 2907/32/630 2905/30/631 2906/31/632
f 2906/31/632 2908/33/630 2907/32/630
f 2911/24/747 2909/25/634 2910/26/634
f 2910/26/634 2912/27/747 2911/24/747
f 2913/28/636 2911/24/747 2912/27/747
f 2912/27/747 2914/29/748 2913/28/636
f 2915/30/637 2913/28/636 2914/29/748
f 2914/29/748 2916/31/637 2915/30/637
f 2917/32/639 2915/30/637 2916/31/637
f 2916/31/637 2918/33/751 2917/32/639
f 2921/24/642 2919/25/641 2920/26/641
f 2920/26/641 2922/27/640 2921/24/642
f 2924/28/821 2921/24/642 2922/27/640
f 2922/27/640 2923/29/643 2924/28/821
f 2925/30/822 2924/28/821 2923/29/643
f 2923/29/643 2926/31/143 2925/30/822
f 2927/32/645 2925/30/822 2926/31/143
f 2926/31/143 2928/33/645 2927/32/645
f 2979/18/648 2977/19/823 2978/20/648
f 2978/20/648 2980/21/649 2979/18/648
f 2983/22/650 2981/18/824 2982/21/652
f 2982/21/652 2984/23/653 2983/22/650
f 2987/18/825 2985/19/826 2986/20/825
f 2986/20/825 2988/21/654 2987/18/825
f 2991/22/659 2989/18/659 2990/21/657
f 2990/21/657 2992/23/657 2991/22/659
f 2995/18/662 2993/19/786 2994/20/661
f 2994/20/661 2996/21/827 2995/18/662
f 2999/22/666 2997/18/663 2998/21/665
f 2998/21/665 3000/23/666 2999/22/666
f 3003/20/761 3001/21/761 3002/18/761
f 3002/18/761 3004/19/763 3003/20/761
f 3007/22/669 3005/18/669 3006/21/764
f 3006/21/764 3008/23/764 3007/22/669
f 3011/18/37 3009/19/38 3010/19/828
f 3010/19/828 3012/18/38 3011/18/37
f 3015/19/671 3013/20/672 3014/20/673
f 3014/20/673 3016/19/672 3015/19/671
f 3019/22/42 3017/18/56 3018/18/43
f 3018/18/43 3020/22/42 3019/22/42
f 3023/23/829 3021/22/674 3022/22/793
f 3022/22/793 3024/23/674 3023/23/829
f 3027/18/734 3025/19/34 3026/19/768
f 3026/19/768 3028/18/34 3027/18/734
f 3031/19/676 3029/20/675 3030/20/676
f 3030/20/676 3032/19/675 3031/19/676
f 3035/22/30 3033/18/31 3034/18/830
f 3034/18/830 3036/22/31 3035/22/30
f 3039/23/678 3037/22/678 3038/22/679
f 3038/22/679 3040/23/679 3039/23/678
f 3043/18/42 3041/19/43 3042/19/56
f 3042/19/56 3044/18/42 3043/18/42
f 3047/19/682 3045/20/682 3046/20/682
f 3046/20/682 3048/19/682 3047/19/682
f 3051/22/683 3049/18/684 3050/18/684
f 3050/18/684 3052/22/684 3051/22/683
f 3055/23/685 3053/22/686 3054/22/686
f 3054/22/686 3056/23/686 3055/23/685
f 3059/19/831 3057/20/688 3058/20/688
f 3058/20/688 3060/19/772 3059/19/831
f 3063/18/108 3061/19/31 3062/19/598
f 3062/19/598 3064/18/31 3063/18/108
f 3067/22/34 3065/18/34 3066/18/689
f 3066/18/689 3068/22/34 3067/22/34
f 3071/23/690 3069/22/690 3070/22/690
f 3070/22/690 3072/23/690 3071/23/690
f 3075/24/694 3073/25/796 3074/26/693
f 3074/26/693 3076/27/694 3075/24/694
f 3077/28/70 3075/24/694 3076/27/694
f 3076/27/694 3078/29/832 3077/28/70
f 3079/30/833 3077/28/70 3078/29/832
f 3078/29/832 3080/31/833 3079/30/833
f 3081/32/774 3079/30/833 3080/31/833
f 3080/31/833 3082/33/697 3081/32/774
f 3085/24/700 3083/25/699 3084/26/699
f 3084/26/699 3086/27/834 3085/24/700
f 3087/28/702 3085/24/700 3086/27/834
f 3086/27/834 3088/29/835 3087/28/702
f 3089/30/125 3087/28/702 3088/29/835
f 3088/29/835 3090/31/125 3089/30/125
f 3093/32/636 3091/30/704 3092/31/777
f 3092/31/777 3094/33/636 3093/32/636
f 3097/24/156 3095/25/705 3096/26/779
f 3096/26/779 3098/27/126 3097/24/156
f 3099/28/707 3097/24/156 3098/27/126
f 3098/27/126 3100/29/707 3099/28/707
f 3101/30/158 3099/28/707 3100/29/707
f 3100/29/707 3102/31/158 3101/30/158
f 3103/32/708 3101/30/158 3102/31/158
f 3102/31/158 3104/33/708 3103/32/708
f 3107/24/780 3105/25/711 3106/26/711
f 3106/26/711 3108/27/836 3107/24/780
f 3110/28/781 3107/24/780 3108/27/836
f 3108/27/836 3109/29/781 3110/28/781
f 3111/30/837 3110/28/781 3109/29/781
f 3109/29/781 3112/31/715 3111/30/837
f 3113/32/838 3111/30/837 3112/31/715
f 3112/31/715 3114/33/717 3113/32/838
f 3165/18/575 3163/19/839 3164/20/840
f 3164/20/840 3166/21/841 3165/18/575
f 3169/22/842 3167/18/578 3168/21/579
f 3168/21/579 3170/23/843 3169/22/842
f 3173/18/844 3171/19/721 3172/20/721
f 3172/20/721 3174/21/581 3173/18/844
f 3177/22/845 3175/18/846 3176/21/847
f 3176/21/847 3178/23/845 3177/22/845
f 3181/18/726 3179/19/848 3180/20/726
f 3180/20/726 3182/21/726 3181/18/726
f 3185/22/589 3183/18/728 3184/21/728
f 3184/21/728 3186/23/728 3185/22/589
f 3189/20/594 3187/21/594 3188/18/809
f 3188/18/809 3190/19/729 3189/20/594
f 3193/22/597 3191/18/597 3192/21/733
f 3192/21/733 3194/23/597 3193/22/597
f 3197/18/598 3195/19/31 3196/19/31
f 3196/19/31 3198/18/598 3197/18/598
f 3201/19/599 3199/20/599 3200/20/599
f 3200/20/599 3202/19/599 3201/19/599
f 3205/22/34 3203/18/34 3204/18/600
f 3204/18/600 3206/22/34 3205/22/34
f 3209/23/601 3207/22/735 3208/22/735
f 3208/22/735 3210/23/601 3209/23/601
f 3213/18/113 3211/19/38 3212/19/38
f 3212/19/38 3214/18/38 3213/18/113
f 3217/19/603 3215/20/737 3216/20/812
f 3216/20/812 3218/19/603 3217/19/603
f 3221/22/56 3219/18/56 3220/18/42
f 3220/18/42 3222/22/42 3221/22/56
f 3225/23/605 3223/22/605 3224/22/605
f 3224/22/605 3226/23/606 3225/23/605
f 3229/18/607 3227/19/738 3228/19/608
f 3228/19/608 3230/18/738 3229/18/607
f 3233/19/610 3231/20/610 3232/20/611
f 3232/20/611 3234/19/610 3233/19/610
f 3237/22/598 3235/18/598 3236/18/108
f 3236/18/108 3238/22/598 3237/22/598
f 3241/23/614 3239/22/614 3240/22/614
f 3240/22/614 3242/23/614 3241/23/614
f 3245/19/615 3243/20/815 3244/20/815
f 3244/20/815 3246/19/615 3245/19/615
f 3249/18/42 3247/19/56 3248/19/42
f 3248/19/42 3250/18/42 3249/18/42
f 3253/22/38 3251/18/113 3252/18/38
f 3252/18/38 3254/22/38 3253/22/38
f 3257/23/616 3255/22/617 3256/22/849
f 3256/22/849 3258/23/617 3257/23/616
f 3261/24/618 3259/25/619 3260/26/619
f 3260/26/619 3262/27/618 3261/24/618
f 3263/28/850 3261/24/618 3262/27/618
f 3262/27/618 3264/29/620 3263/28/850
f 3265/30/744 3263/28/850 3264/29/620
f 3264/29/620 3266/31/119 3265/30/744
f 3267/32/623 3265/30/744 3266/31/119
f 3266/31/119 3268/33/851 3267/32/623
f 3271/24/73 3269/25/625 3270/26/626
f 3270/26/626 3272/27/152 3271/24/73
f 3273/28/745 3271/24/73 3272/27/152
f 3272/27/152 3274/29/627 3273/28/745
f 3275/30/852 3273/28/745 3274/29/627
f 3274/29/627 3276/31/820 3275/30/852
f 3279/32/630 3277/30/631 3278/31/632
f 3278/31/632 3280/33/630 3279/32/630
f 3283/24/635 3281/25/634 3282/26/634
f 3282/26/634 3284/27/80 3283/24/635
f 3285/28/636 3283/24/635 3284/27/80
f 3284/27/80 3286/29/748 3285/28/636
f 3287/30/637 3285/28/636 3286/29/748
f 3286/29/748 3288/31/637 3287/30/637
f 3289/32/639 3287/30/637 3288/31/637
f 3288/31/637 3290/33/639 3289/32/639
f 3293/24/642 3291/25/641 3292/26/641
f 3292/26/641 3294/27/853 3293/24/642
f 3296/28/854 3293/24/642 3294/27/853
f 3294/27/853 3295/29/643 3296/28/854
f 3297/30/855 3296/28/854 3295/29/643
f 3295/29/643 3298/31/856 3297/30/855
f 3299/32/645 3297/30/855 3298/31/856
f 3298/31/856 3300/33/645 3299/32/645
f 3658/34/857 3659/35/858 3657/36/859
f 3656/37/860 3658/34/857 3657/36/859
f 3657/36/859 3655/38/861 3656/37/860
f 3654/39/862 3656/37/860 3655/38/861
f 3655/38/861 3647/40/863 3654/39/862
f 3646/41/864 3654/39/862 3647/40/863
f 3647/40/863 3645/42/865 3646/41/864
f 3644/43/866 3646/41/864 3645/42/865
f 3645/42/865 3604/44/867 3644/43/866
f 3603/45/868 3644/43/866 3604/44/867
f 3604/44/867 3602/46/869 3603/45/868
f 3601/47/870 3603/45/868 3602/46/869
f 3602/46/869 3600/48/871 3601/47/870
f 3599/49/872 3601/47/870 3600/48/871
f 3600/48/871 3592/50/873 3599/49/872
f 3591/51/874 3599/49/872 3592/50/873
f 3592/50/873 3590/52/875 3591/51/874
f 3589/53/876 3591/51/874 3590/52/875
f 3590/52/875 3506/54/877 3589/53/876
f 3505/55/878 3589/53/876 3506/54/877
f 3506/54/877 3504/56/879 3505/55/878
f 3503/57/880 3505/55/878 3504/56/879
f 3504/56/879 3502/58/881 3503/57/880
f 3501/59/882 3503/57/880 3502/58/881
f 3502/58/881 3494/60/883 3501/59/882
f 3493/61/884 3501/59/882 3494/60/883
f 3494/60/883 3492/62/885 3493/61/884
f 3491/63/886 3493/61/884 3492/62/885
f 3492/62/885 3451/64/887 3491/63/886
f 3450/65/888 3491/63/886 3451/64/887
f 3451/64/887 3449/66/889 3450/65/888
f 3448/67/890 3450/65/888 3449/66/889
f 3449/66/889 3447/68/891 3448/67/890
f 3446/69/892 3448/67/890 3447/68/891
f 3447/68/891 3439/70/893 3446/69/892
f 3438/71/894 3446/69/892 3439/70/893
f 3439/70/893 3436/72/895 3438/71/894
f 3435/73/896 3438/71/894 3436/72/895
f 3436/72/895 3437/74/897 3435/73/896
f 3437/74/897 3434/75/898 3435/73/896
f 3434/75/898 3430/76/899 3435/73/896
f 3431/77/900 3435/73/896 3430/76/899
f 3430/76/899 3429/78/901 3431/77/900
f 3428/79/902 3431/77/900 3429/78/901
f 3404/80/903 3428/79/902 3429/78/901
f 3429/78/901 3403/81/904 3404/80/903
f 3403/81/904 3401/82/905 3404/80/903
f 3402/83/906 3404/80/903 3401/82/905
f 3401/82/905 3397/84/907 3402/83/906
f 3398/85/908 3402/83/906 3397/84/907
f 3397/84/907 3395/86/909 3398/85/908
f 3396/87/910 3398/85/908 3395/86/909
f 3395/86/909 3390/88/911 3396/87/910
f 3391/89/912 3396/87/910 3390/88/911
f 3390/88/911 3386/90/913 3391/89/912
f 3388/91/914 3391/89/912 3386/90/913
f 3386/90/913 3387/92/915 3388/91/914
f 3389/93/916 3388/91/914 3387/92/915
f 3387/92/915 3827/94/917 3389/93/916
f 3829/95/918 3389/93/916 3827/94/917
f 3827/94/917 3828/96/919 3829/95/918
f 3830/97/920 3829/95/918 3828/96/919
f 3828/96/919 3716/98/921 3830/97/920
f 3717/99/922 3830/97/920 3716/98/921
f 3715/100/923 3717/99/922 3716/98/921
f 3716/98/921 3714/101/924 3715/100/923
f 3713/102/925 3715/100/923 3714/101/924
f 3714/101/924 3712/103/926 3713/102/925
f 3770/104/927 3713/102/925 3712/103/926
f 3712/103/926 3772/105/928 3770/104/927
f 3772/105/928 3771/106/929 3770/104/927
f 3769/107/930 3770/104/927 3771/106/929
f 3771/106/929 3703/108/931 3769/107/930
f 3702/109/932 3769/107/930 3703/108/931
f 3666/110/933 3702/109/932 3703/108/931
f 3703/108/931 3667/111/934 3666/110/933
f 3354/112/935 3666/110/933 3667/111/934
f 3667/111/934 3353/113/936 3354/112/935
f 3353/113/936 3349/114/937 3354/112/935
f 3351/115/938 3354/112/935 3349/114/937
f 3349/114/937 3350/116/939 3351/115/938
f 3352/117/940 3351/115/938 3350/116/939
f 3661/118/941 3352/117/940 3350/116/939
f 3350/116/939 3662/119/942 3661/118/941
f 3662/119/942 3856/120/943 3661/118/941
f 3856/120/943 3857/121/944 3661/118/941
f 3857/121/944 3858/122/945 3661/118/941
f 3660/123/946 3661/118/941 3858/122/945
f 3858/122/945 3859/124/947 3660/123/946
f 3663/125/948 3660/123/946 3859/124/947
f 3859/124/947 3860/126/949 3663/125/948
f 3665/127/950 3663/125/948 3860/126/949
f 3860/126/949 3861/128/951 3665/127/950
f 3664/129/952 3665/127/950 3861/128/951
f 3861/128/951 3862/130/953 3664/129/952
f 3669/131/954 3664/129/952 3862/130/953
f 3862/130/953 3863/132/955 3669/131/954
f 3668/133/956 3669/131/954 3863/132/955
f 3863/132/955 3864/134/957 3668/133/956
f 3670/135/958 3668/133/956 3864/134/957
f 3864/134/957 3865/136/959 3670/135/958
f 3672/137/960 3670/135/958 3865/136/959
f 3865/136/959 3866/138/961 3672/137/960
f 3671/139/962 3672/137/960 3866/138/961
f 3866/138/961 3867/140/963 3671/139/962
f 3674/141/964 3671/139/962 3867/140/963
f 3867/140/963 3868/142/965 3674/141/964
f 3673/143/966 3674/141/964 3868/142/965
f 3868/142/965 3869/144/967 3673/143/966
f 3675/145/968 3673/143/966 3869/144/967
f 3869/144/967 3870/146/969 3675/145/968
f 3677/147/970 3675/145/968 3870/146/969
f 3870/146/969 3871/148/971 3677/147/970
f 3676/149/972 3677/147/970 3871/148/971
f 3871/148/971 3872/150/973 3676/149/972
f 3679/151/974 3676/149/972 3872/150/973
f 3872/150/973 3873/152/975 3679/151/974
f 3533/153/976 3679/151/974 3873/152/975
f 3535/154/977 3533/153/976 3873/152/975
f 3873/152/975 3853/155/978 3535/154/977
f 3539/156/979 3535/154/977 3853/155/978
f 3853/155/978 3854/157/980 3539/156/979
f 3541/158/981 3539/156/979 3854/157/980
f 3854/157/980 3855/159/982 3541/158/981
f 3539/156/979 3541/158/981 3540/160/983
f 3538/161/984 3539/156/979 3540/160/983
f 3540/160/983 3544/162/985 3538/161/984
f 3542/163/986 3538/161/984 3544/162/985
f 3544/162/985 3545/164/987 3542/163/986
f 3543/165/988 3542/163/986 3545/164/987
f 3547/166/989 3543/165/988 3545/164/987
f 3545/164/987 3546/167/990 3547/166/989
f 3705/168/991 3547/166/989 3546/167/990
f 3546/167/990 3704/169/992 3705/168/991
f 3704/169/992 3776/170/993 3705/168/991
f 3774/171/994 3705/168/991 3776/170/993
f 3776/170/993 3775/172/995 3774/171/994
f 3773/173/996 3774/171/994 3775/172/995
f 3775/172/995 3710/174/997 3773/173/996
f 3711/175/998 3773/173/996 3710/174/997
f 3709/176/999 3711/175/998 3710/174/997
f 3710/174/997 3708/177/1000 3709/176/999
f 3707/178/1001 3709/176/999 3708/177/1000
f 3708/177/1000 3706/179/1002 3707/178/1001
f 3706/179/1002 3836/180/1003 3707/178/1001
f 3834/181/1004 3707/178/1001 3836/180/1003
f 3836/180/1003 3835/182/1005 3834/181/1004
f 3833/183/1006 3834/181/1004 3835/182/1005
f 3835/182/1005 3626/184/1007 3833/183/1006
f 3623/185/1008 3833/183/1006 3626/184/1007
f 3626/184/1007 3625/186/1009 3623/185/1008
f 3622/187/1010 3623/185/1008 3625/186/1009
f 3625/186/1009 3627/188/1011 3622/187/1010
f 3624/189/1012 3622/187/1010 3627/188/1011
f 3627/188/1011 3634/190/1013 3624/189/1012
f 3632/191/1014 3624/189/1012 3634/190/1013
f 3634/190/1013 3635/192/1015 3632/191/1014
f 3633/193/1016 3632/191/1014 3635/192/1015
f 3635/192/1015 3638/194/1017 3633/193/1016
f 3636/195/1018 3633/193/1016 3638/194/1017
f 3638/194/1017 3639/196/1019 3636/195/1018
f 3637/197/1020 3636/195/1018 3639/196/1019
f 3639/196/1019 3652/198/1021 3637/197/1020
f 3650/199/1022 3637/197/1020 3652/198/1021
f 3652/198/1021 3653/200/1023 3650/199/1022
f 3651/201/1024 3650/199/1022 3653/200/1023
f 3653/200/1023 3658/34/857 3651/201/1024
f 3658/34/857 3656/37/860 3651/201/1024
f 3649/202/1025 3651/201/1024 3656/37/860
f 3656/37/860 3654/39/862 3649/202/1025
f 3643/203/1026 3649/202/1025 3654/39/862
f 3654/39/862 3646/41/864 3643/203/1026
f 3641/204/1027 3643/203/1026 3646/41/864
f 3646/41/864 3644/43/866 3641/204/1027
f 3598/205/1028 3641/204/1027 3644/43/866
f 3644/43/866 3603/45/868 3598/205/1028
f 3596/206/1029 3598/205/1028 3603/45/868
f 3603/45/868 3601/47/870 3596/206/1029
f 3594/207/1030 3596/206/1029 3601/47/870
f 3601/47/870 3599/49/872 3594/207/1030
f 3588/208/1031 3594/207/1030 3599/49/872
f 3599/49/872 3591/51/874 3588/208/1031
f 3585/209/1032 3588/208/1031 3591/51/874
f 3591/51/874 3589/53/876 3585/209/1032
f 3589/53/876 3505/55/878 3585/209/1032
f 3500/210/1033 3585/209/1032 3505/55/878
f 3498/211/1034 3500/210/1033 3505/55/878
f 3505/55/878 3503/57/880 3498/211/1034
f 3496/212/1035 3498/211/1034 3503/57/880
f 3503/57/880 3501/59/882 3496/212/1035
f 3490/213/1036 3496/212/1035 3501/59/882
f 3501/59/882 3493/61/884 3490/213/1036
f 3488/214/1037 3490/213/1036 3493/61/884
f 3493/61/884 3491/63/886 3488/214/1037
f 3445/215/1038 3488/214/1037 3491/63/886
f 3491/63/886 3450/65/888 3445/215/1038
f 3443/216/1039 3445/215/1038 3450/65/888
f 3450/65/888 3448/67/890 3443/216/1039
f 3441/217/1040 3443/216/1039 3448/67/890
f 3448/67/890 3446/69/892 3441/217/1040
f 3433/218/1041 3441/217/1040 3446/69/892
f 3446/69/892 3438/71/894 3433/218/1041
f 3431/77/900 3433/218/1041 3438/71/894
f 3438/71/894 3435/73/896 3431/77/900
f 3433/218/1041 3431/77/900 3428/79/902
f 3432/219/1042 3433/218/1041 3428/79/902
f 3428/79/902 3404/80/903 3432/219/1042
f 3406/220/1043 3432/219/1042 3404/80/903
f 3404/80/903 3402/83/906 3406/220/1043
f 3405/221/1044 3406/220/1043 3402/83/906
f 3402/83/906 3398/85/908 3405/221/1044
f 3400/222/1045 3405/221/1044 3398/85/908
f 3398/85/908 3396/87/910 3400/222/1045
f 3399/223/1046 3400/222/1045 3396/87/910
f 3396/87/910 3391/89/912 3399/223/1046
f 3394/224/1047 3399/223/1046 3391/89/912
f 3391/89/912 3388/91/914 3394/224/1047
f 3392/225/1048 3394/224/1047 3388/91/914
f 3393/226/1049 3392/225/1048 3388/91/914
f 3388/91/914 3389/93/916 3393/226/1049
f 3389/93/916 3829/95/918 3393/226/1049
f 3832/227/1050 3393/226/1049 3829/95/918
f 3829/95/918 3830/97/920 3832/227/1050
f 3831/228/1051 3832/227/1050 3830/97/920
f 3830/97/920 3717/99/922 3831/228/1051
f 3720/229/1052 3831/228/1051 3717/99/922
f 3719/230/1053 3720/229/1052 3717/99/922
f 3717/99/922 3715/100/923 3719/230/1053
f 3718/231/1054 3719/230/1053 3715/100/923
f 3715/100/923 3713/102/925 3718/231/1054
f 3778/232/1055 3718/231/1054 3713/102/925
f 3713/102/925 3770/104/927 3778/232/1055
f 3770/104/927 3769/107/930 3778/232/1055
f 3777/233/1056 3778/232/1055 3769/107/930
f 3769/107/930 3702/109/932 3777/233/1056
f 3701/234/1057 3777/233/1056 3702/109/932
f 3370/235/1058 3701/234/1057 3702/109/932
f 3702/109/932 3666/110/933 3370/235/1058
f 3357/236/1059 3370/235/1058 3666/110/933
f 3666/110/933 3354/112/935 3357/236/1059
f 3354/112/935 3351/115/938 3357/236/1059
f 3355/237/1060 3357/236/1059 3351/115/938
f 3351/115/938 3352/117/940 3355/237/1060
f 3356/238/1061 3355/237/1060 3352/117/940
f 3660/123/946 3356/238/1061 3352/117/940
f 3352/117/940 3661/118/941 3660/123/946
f 3356/238/1061 3660/123/946 3663/125/948
f 3359/239/1062 3356/238/1061 3663/125/948
f 3663/125/948 3665/127/950 3359/239/1062
f 3362/240/1063 3359/239/1062 3665/127/950
f 3665/127/950 3664/129/952 3362/240/1063
f 3365/241/1064 3362/240/1063 3664/129/952
f 3664/129/952 3669/131/954 3365/241/1064
f 3372/242/1065 3365/241/1064 3669/131/954
f 3669/131/954 3668/133/956 3372/242/1065
f 3375/243/1066 3372/242/1065 3668/133/956
f 3668/133/956 3670/135/958 3375/243/1066
f 3378/244/1067 3375/243/1066 3670/135/958
f 3670/135/958 3672/137/960 3378/244/1067
f 3381/245/1068 3378/244/1067 3672/137/960
f 3672/137/960 3671/139/962 3381/245/1068
f 3384/246/1069 3381/245/1068 3671/139/962
f 3671/139/962 3674/141/964 3384/246/1069
f 3508/247/1070 3384/246/1069 3674/141/964
f 3674/141/964 3673/143/966 3508/247/1070
f 3511/248/1071 3508/247/1070 3673/143/966
f 3673/143/966 3675/145/968 3511/248/1071
f 3514/249/1072 3511/248/1071 3675/145/968
f 3675/145/968 3677/147/970 3514/249/1072
f 3517/250/1073 3514/249/1072 3677/147/970
f 3677/147/970 3676/149/972 3517/250/1073
f 3520/251/1074 3517/250/1073 3676/149/972
f 3676/149/972 3679/151/974 3520/251/1074
f 3528/252/1075 3520/251/1074 3679/151/974
f 3531/253/1076 3528/252/1075 3679/151/974
f 3679/151/974 3533/153/976 3531/253/1076
f 3534/254/1077 3531/253/1076 3533/153/976
f 3533/153/976 3535/154/977 3534/254/1077
f 3538/161/984 3534/254/1077 3535/154/977
f 3535/154/977 3539/156/979 3538/161/984
f 3534/254/1077 3538/161/984 3542/163/986
f 3536/255/1078 3534/254/1077 3542/163/986
f 3542/163/986 3543/165/988 3536/255/1078
f 3537/256/1079 3536/255/1078 3543/165/988
f 3548/257/1080 3537/256/1079 3543/165/988
f 3543/165/988 3547/166/989 3548/257/1080
f 3685/258/1081 3548/257/1080 3547/166/989
f 3547/166/989 3705/168/991 3685/258/1081
f 3705/168/991 3774/171/994 3685/258/1081
f 3809/259/1082 3685/258/1081 3774/171/994
f 3810/260/1083 3809/259/1082 3774/171/994
f 3774/171/994 3773/173/996 3810/260/1083
f 3773/173/996 3711/175/998 3810/260/1083
f 3766/261/1084 3810/260/1083 3711/175/998
f 3767/262/1085 3766/261/1084 3711/175/998
f 3711/175/998 3709/176/999 3767/262/1085
f 3768/263/1086 3767/262/1085 3709/176/999
f 3709/176/999 3707/178/1001 3768/263/1086
f 3840/264/1087 3768/263/1086 3707/178/1001
f 3707/178/1001 3834/181/1004 3840/264/1087
f 3834/181/1004 3833/183/1006 3840/264/1087
f 3839/265/1088 3840/264/1087 3833/183/1006
f 3833/183/1006 3623/185/1008 3839/265/1088
f 3620/266/1089 3839/265/1088 3623/185/1008
f 3623/185/1008 3622/187/1010 3620/266/1089
f 3619/267/1090 3620/266/1089 3622/187/1010
f 3622/187/1010 3624/189/1012 3619/267/1090
f 3621/268/1091 3619/267/1090 3624/189/1012
f 3628/269/1092 3621/268/1091 3624/189/1012
f 3624/189/1012 3632/191/1014 3628/269/1092
f 3632/191/1014 3633/193/1016 3628/269/1092
f 3629/270/1093 3628/269/1092 3633/193/1016
f 3633/193/1016 3636/195/1018 3629/270/1093
f 3630/271/1094 3629/270/1093 3636/195/1018
f 3636/195/1018 3637/197/1020 3630/271/1094
f 3631/272/1095 3630/271/1094 3637/197/1020
f 3637/197/1020 3650/199/1022 3631/272/1095
f 3648/273/1096 3631/272/1095 3650/199/1022
f 3650/199/1022 3651/201/1024 3648/273/1096
f 3651/201/1024 3649/202/1025 3648/273/1096
f 3649/202/1025 3643/203/1026 3648/273/1096
f 3642/274/1097 3648/273/1096 3643/203/1026
f 3643/203/1026 3641/204/1027 3642/274/1097
f 3640/275/1098 3642/274/1097 3641/204/1027
f 3597/276/1099 3640/275/1098 3641/204/1027
f 3641/204/1027 3598/205/1028 3597/276/1099
f 3598/205/1028 3596/206/1029 3597/276/1099
f 3595/277/1100 3597/276/1099 3596/206/1029
f 3593/278/1101 3595/277/1100 3596/206/1029
f 3596/206/1029 3594/207/1030 3593/278/1101
f 3587/279/1102 3593/278/1101 3594/207/1030
f 3594/207/1030 3588/208/1031 3587/279/1102
f 3586/280/1103 3587/279/1102 3588/208/1031
f 3588/208/1031 3585/209/1032 3586/280/1103
f 3585/209/1032 3500/210/1033 3586/280/1103
f 3499/281/1104 3586/280/1103 3500/210/1033
f 3497/282/1105 3499/281/1104 3500/210/1033
f 3500/210/1033 3498/211/1034 3497/282/1105
f 3495/283/1106 3497/282/1105 3498/211/1034
f 3498/211/1034 3496/212/1035 3495/283/1106
f 3496/212/1035 3490/213/1036 3495/283/1106
f 3489/284/1107 3495/283/1106 3490/213/1036
f 3487/285/1108 3489/284/1107 3490/213/1036
f 3490/213/1036 3488/214/1037 3487/285/1108
f 3444/286/1109 3487/285/1108 3488/214/1037
f 3488/214/1037 3445/215/1038 3444/286/1109
f 3445/215/1038 3443/216/1039 3444/286/1109
f 3442/287/1110 3444/286/1109 3443/216/1039
f 3443/216/1039 3441/217/1040 3442/287/1110
f 3440/288/1111 3442/287/1110 3441/217/1040
f 3432/219/1042 3440/288/1111 3441/217/1040
f 3441/217/1040 3433/218/1041 3432/219/1042
f 3440/288/1111 3432/219/1042 3406/220/1043
f 3419/289/1112 3440/288/1111 3406/220/1043
f 3406/220/1043 3405/221/1044 3419/289/1112
f 3418/290/1113 3419/289/1112 3405/221/1044
f 3417/291/1114 3418/290/1113 3405/221/1044
f 3405/221/1044 3400/222/1045 3417/291/1114
f 3400/222/1045 3399/223/1046 3417/291/1114
f 3416/292/1115 3417/291/1114 3399/223/1046
f 3399/223/1046 3394/224/1047 3416/292/1115
f 3409/293/1116 3416/292/1115 3394/224/1047
f 3394/224/1047 3392/225/1048 3409/293/1116
f 3407/294/1117 3409/293/1116 3392/225/1048
f 3392/225/1048 3393/226/1049 3407/294/1117
f 3408/295/1118 3407/294/1117 3393/226/1049
f 3393/226/1049 3832/227/1050 3408/295/1118
f 3819/296/1119 3408/295/1118 3832/227/1050
f 3820/297/1120 3819/296/1119 3832/227/1050
f 3832/227/1050 3831/228/1051 3820/297/1120
f 3723/298/1121 3820/297/1120 3831/228/1051
f 3831/228/1051 3720/229/1052 3723/298/1121
f 3722/299/1122 3723/298/1121 3720/229/1052
f 3720/229/1052 3719/230/1053 3722/299/1122
f 3721/300/1123 3722/299/1122 3719/230/1053
f 3719/230/1053 3718/231/1054 3721/300/1123
f 3780/301/1124 3721/300/1123 3718/231/1054
f 3718/231/1054 3778/232/1055 3780/301/1124
f 3778/232/1055 3777/233/1056 3780/301/1124
f 3779/302/1125 3780/301/1124 3777/233/1056
f 3777/233/1056 3701/234/1057 3779/302/1125
f 3700/303/1126 3779/302/1125 3701/234/1057
f 3369/304/1127 3700/303/1126 3701/234/1057
f 3701/234/1057 3370/235/1058 3369/304/1127
f 3360/305/1128 3369/304/1127 3370/235/1058
f 3370/235/1058 3357/236/1059 3360/305/1128
f 3357/236/1059 3355/237/1060 3360/305/1128
f 3358/306/1129 3360/305/1128 3355/237/1060
f 3355/237/1060 3356/238/1061 3358/306/1129
f 3356/238/1061 3359/239/1062 3358/306/1129
f 3361/307/1130 3358/306/1129 3359/239/1062
f 3359/239/1062 3362/240/1063 3361/307/1130
f 3364/308/1131 3361/307/1130 3362/240/1063
f 3362/240/1063 3365/241/1064 3364/308/1131
f 3371/309/1132 3364/308/1131 3365/241/1064
f 3365/241/1064 3372/242/1065 3371/309/1132
f 3374/310/1133 3371/309/1132 3372/242/1065
f 3372/242/1065 3375/243/1066 3374/310/1133
f 3377/311/1134 3374/310/1133 3375/243/1066
f 3375/243/1066 3378/244/1067 3377/311/1134
f 3380/312/1135 3377/311/1134 3378/244/1067
f 3378/244/1067 3381/245/1068 3380/312/1135
f 3383/313/1136 3380/312/1135 3381/245/1068
f 3381/245/1068 3384/246/1069 3383/313/1136
f 3507/314/1137 3383/313/1136 3384/246/1069
f 3384/246/1069 3508/247/1070 3507/314/1137
f 3510/315/1138 3507/314/1137 3508/247/1070
f 3508/247/1070 3511/248/1071 3510/315/1138
f 3513/316/1139 3510/315/1138 3511/248/1071
f 3511/248/1071 3514/249/1072 3513/316/1139
f 3516/317/1140 3513/316/1139 3514/249/1072
f 3514/249/1072 3517/250/1073 3516/317/1140
f 3519/318/1141 3516/317/1140 3517/250/1073
f 3517/250/1073 3520/251/1074 3519/318/1141
f 3527/319/1142 3519/318/1141 3520/251/1074
f 3520/251/1074 3528/252/1075 3527/319/1142
f 3530/320/1143 3527/319/1142 3528/252/1075
f 3528/252/1075 3531/253/1076 3530/320/1143
f 3536/255/1078 3530/320/1143 3531/253/1076
f 3531/253/1076 3534/254/1077 3536/255/1078
f 3532/321/1144 3530/320/1143 3536/255/1078
f 3536/255/1078 3537/256/1079 3532/321/1144
f 3549/322/1145 3532/321/1144 3537/256/1079
f 3537/256/1079 3548/257/1080 3549/322/1145
f 3686/323/1146 3549/322/1145 3548/257/1080
f 3548/257/1080 3685/258/1081 3686/323/1146
f 3685/258/1081 3809/259/1082 3686/323/1146
f 3807/324/1147 3686/323/1146 3809/259/1082
f 3809/259/1082 3810/260/1083 3807/324/1147
f 3808/325/1148 3807/324/1147 3810/260/1083
f 3810/260/1083 3766/261/1084 3808/325/1148
f 3763/326/1149 3808/325/1148 3766/261/1084
f 3764/327/1150 3763/326/1149 3766/261/1084
f 3766/261/1084 3767/262/1085 3764/327/1150
f 3765/328/1151 3764/327/1150 3767/262/1085
f 3767/262/1085 3768/263/1086 3765/328/1151
f 3768/263/1086 3840/264/1087 3765/328/1151
f 3851/329/1152 3765/328/1151 3840/264/1087
f 3852/330/1153 3851/329/1152 3840/264/1087
f 3840/264/1087 3839/265/1088 3852/330/1153
f 3839/265/1088 3620/266/1089 3852/330/1153
f 3609/331/1154 3852/330/1153 3620/266/1089
f 3608/332/1155 3609/331/1154 3620/266/1089
f 3620/266/1089 3619/267/1090 3608/332/1155
f 3619/267/1090 3621/268/1091 3608/332/1155
f 3610/333/1156 3608/332/1155 3621/268/1091
f 3621/268/1091 3628/269/1092 3610/333/1156
f 3613/334/1157 3610/333/1156 3628/269/1092
f 3628/269/1092 3629/270/1093 3613/334/1157
f 3614/335/1158 3613/334/1157 3629/270/1093
f 3629/270/1093 3630/271/1094 3614/335/1158
f 3617/336/1159 3614/335/1158 3630/271/1094
f 3630/271/1094 3631/272/1095 3617/336/1159
f 3618/337/1160 3617/336/1159 3631/272/1095
f 3631/272/1095 3648/273/1096 3618/337/1160
f 3648/273/1096 3642/274/1097 3618/337/1160
f 3616/338/1161 3618/337/1160 3642/274/1097
f 3642/274/1097 3640/275/1098 3616/338/1161
f 3584/339/1162 3616/338/1161 3640/275/1098
f 3640/275/1098 3597/276/1099 3584/339/1162
f 3582/340/1163 3584/339/1162 3597/276/1099
f 3597/276/1099 3595/277/1100 3582/340/1163
f 3576/341/1164 3582/340/1163 3595/277/1100
f 3595/277/1100 3593/278/1101 3576/341/1164
f 3563/342/1165 3576/341/1164 3593/278/1101
f 3593/278/1101 3587/279/1102 3563/342/1165
f 3561/343/1166 3563/342/1165 3587/279/1102
f 3587/279/1102 3586/280/1103 3561/343/1166
f 3586/280/1103 3499/281/1104 3561/343/1166
f 3486/344/1167 3561/343/1166 3499/281/1104
f 3499/281/1104 3497/282/1105 3486/344/1167
f 3484/345/1168 3486/344/1167 3497/282/1105
f 3497/282/1105 3495/283/1106 3484/345/1168
f 3478/346/1169 3484/345/1168 3495/283/1106
f 3465/347/1170 3478/346/1169 3495/283/1106
f 3495/283/1106 3489/284/1107 3465/347/1170
f 3489/284/1107 3487/285/1108 3465/347/1170
f 3463/348/1171 3465/347/1170 3487/285/1108
f 3427/349/1172 3463/348/1171 3487/285/1108
f 3487/285/1108 3444/286/1109 3427/349/1172
f 3425/350/1173 3427/349/1172 3444/286/1109
f 3444/286/1109 3442/287/1110 3425/350/1173
f 3419/289/1112 3425/350/1173 3442/287/1110
f 3442/287/1110 3440/288/1111 3419/289/1112
f 3425/350/1173 3419/289/1112 3418/290/1113
f 3424/351/1174 3425/350/1173 3418/290/1113
f 3421/352/1175 3424/351/1174 3418/290/1113
f 3418/290/1113 3417/291/1114 3421/352/1175
f 3417/291/1114 3416/292/1115 3421/352/1175
f 3420/353/1176 3421/352/1175 3416/292/1115
f 3416/292/1115 3409/293/1116 3420/353/1176
f 3412/354/1177 3420/353/1176 3409/293/1116
f 3409/293/1116 3407/294/1117 3412/354/1177
f 3410/355/1178 3412/354/1177 3407/294/1117
f 3407/294/1117 3408/295/1118 3410/355/1178
f 3411/356/1179 3410/355/1178 3408/295/1118
f 3408/295/1118 3819/296/1119 3411/356/1179
f 3821/357/1180 3411/356/1179 3819/296/1119
f 3819/296/1119 3820/297/1120 3821/357/1180
f 3822/358/1181 3821/357/1180 3820/297/1120
f 3726/359/1182 3822/358/1181 3820/297/1120
f 3820/297/1120 3723/298/1121 3726/359/1182
f 3725/360/1183 3726/359/1182 3723/298/1121
f 3723/298/1121 3722/299/1122 3725/360/1183
f 3724/361/1184 3725/360/1183 3722/299/1122
f 3722/299/1122 3721/300/1123 3724/361/1184
f 3721/300/1123 3780/301/1124 3724/361/1184
f 3782/362/1185 3724/361/1184 3780/301/1124
f 3780/301/1124 3779/302/1125 3782/362/1185
f 3781/363/1186 3782/362/1185 3779/302/1125
f 3779/302/1125 3700/303/1126 3781/363/1186
f 3699/364/1187 3781/363/1186 3700/303/1126
f 3368/365/1188 3699/364/1187 3700/303/1126
f 3700/303/1126 3369/304/1127 3368/365/1188
f 3363/366/1189 3368/365/1188 3369/304/1127
f 3369/304/1127 3360/305/1128 3363/366/1189
f 3361/307/1130 3363/366/1189 3360/305/1128
f 3360/305/1128 3358/306/1129 3361/307/1130
f 3366/367/1190 3363/366/1189 3361/307/1130
f 3361/307/1130 3364/308/1131 3366/367/1190
f 3373/368/1191 3366/367/1190 3364/308/1131
f 3364/308/1131 3371/309/1132 3373/368/1191
f 3376/369/1192 3373/368/1191 3371/309/1132
f 3371/309/1132 3374/310/1133 3376/369/1192
f 3379/370/1193 3376/369/1192 3374/310/1133
f 3374/310/1133 3377/311/1134 3379/370/1193
f 3382/371/1194 3379/370/1193 3377/311/1134
f 3377/311/1134 3380/312/1135 3382/371/1194
f 3385/372/1195 3382/371/1194 3380/312/1135
f 3380/312/1135 3383/313/1136 3385/372/1195
f 3383/313/1136 3507/314/1137 3385/372/1195
f 3509/373/1196 3385/372/1195 3507/314/1137
f 3512/374/1197 3509/373/1196 3507/314/1137
f 3507/314/1137 3510/315/1138 3512/374/1197
f 3510/315/1138 3513/316/1139 3512/374/1197
f 3515/375/1198 3512/374/1197 3513/316/1139
f 3513/316/1139 3516/317/1140 3515/375/1198
f 3518/376/1199 3515/375/1198 3516/317/1140
f 3516/317/1140 3519/318/1141 3518/376/1199
f 3521/377/1200 3518/376/1199 3519/318/1141
f 3519/318/1141 3527/319/1142 3521/377/1200
f 3529/378/1201 3521/377/1200 3527/319/1142
f 3532/321/1144 3529/378/1201 3527/319/1142
f 3527/319/1142 3530/320/1143 3532/321/1144
f 3680/379/1202 3529/378/1201 3532/321/1144
f 3532/321/1144 3549/322/1145 3680/379/1202
f 3687/380/1203 3680/379/1202 3549/322/1145
f 3549/322/1145 3686/323/1146 3687/380/1203
f 3805/381/1204 3687/380/1203 3686/323/1146
f 3686/323/1146 3807/324/1147 3805/381/1204
f 3807/324/1147 3808/325/1148 3805/381/1204
f 3806/382/1205 3805/381/1204 3808/325/1148
f 3808/325/1148 3763/326/1149 3806/382/1205
f 3760/383/1206 3806/382/1205 3763/326/1149
f 3761/384/1207 3760/383/1206 3763/326/1149
f 3763/326/1149 3764/327/1150 3761/384/1207
f 3762/385/1208 3761/384/1207 3764/327/1150
f 3764/327/1150 3765/328/1151 3762/385/1208
f 3765/328/1151 3851/329/1152 3762/385/1208
f 3847/386/1209 3762/385/1208 3851/329/1152
f 3851/329/1152 3852/330/1153 3847/386/1209
f 3848/387/1210 3847/386/1209 3852/330/1153
f 3852/330/1153 3609/331/1154 3848/387/1210
f 3606/388/1211 3848/387/1210 3609/331/1154
f 3609/331/1154 3608/332/1155 3606/388/1211
f 3605/389/1212 3606/388/1211 3608/332/1155
f 3608/332/1155 3610/333/1156 3605/389/1212
f 3607/390/1213 3605/389/1212 3610/333/1156
f 3611/391/1214 3607/390/1213 3610/333/1156
f 3610/333/1156 3613/334/1157 3611/391/1214
f 3613/334/1157 3614/335/1158 3611/391/1214
f 3612/392/1215 3611/391/1214 3614/335/1158
f 3614/335/1158 3617/336/1159 3612/392/1215
f 3615/393/1216 3612/392/1215 3617/336/1159
f 3617/336/1159 3618/337/1160 3615/393/1216
f 3618/337/1160 3616/338/1161 3615/393/1216
f 3583/394/1217 3615/393/1216 3616/338/1161
f 3616/338/1161 3584/339/1162 3583/394/1217
f 3584/339/1162 3582/340/1163 3583/394/1217
f 3581/395/1218 3583/394/1217 3582/340/1163
f 3575/396/1219 3581/395/1218 3582/340/1163
f 3582/340/1163 3576/341/1164 3575/396/1219
f 3562/397/1220 3575/396/1219 3576/341/1164
f 3576/341/1164 3563/342/1165 3562/397/1220
f 3560/398/1221 3562/397/1220 3563/342/1165
f 3563/342/1165 3561/343/1166 3560/398/1221
f 3485/399/1222 3560/398/1221 3561/343/1166
f 3561/343/1166 3486/344/1167 3485/399/1222
f 3483/400/1223 3485/399/1222 3486/344/1167
f 3486/344/1167 3484/345/1168 3483/400/1223
f 3477/401/1224 3483/400/1223 3484/345/1168
f 3484/345/1168 3478/346/1169 3477/401/1224
f 3478/346/1169 3465/347/1170 3477/401/1224
f 3464/402/1225 3477/401/1224 3465/347/1170
f 3465/347/1170 3463/348/1171 3464/402/1225
f 3462/403/1226 3464/402/1225 3463/348/1171
f 3426/404/1227 3462/403/1226 3463/348/1171
f 3463/348/1171 3427/349/1172 3426/404/1227
f 3424/351/1174 3426/404/1227 3427/349/1172
f 3427/349/1172 3425/350/1173 3424/351/1174
f 3423/405/1228 3426/404/1227 3424/351/1174
f 3424/351/1174 3421/352/1175 3423/405/1228
f 3421/352/1175 3420/353/1176 3423/405/1228
f 3422/406/1229 3423/405/1228 3420/353/1176
f 3420/353/1176 3412/354/1177 3422/406/1229
f 3415/407/1230 3422/406/1229 3412/354/1177
f 3412/354/1177 3410/355/1178 3415/407/1230
f 3413/408/1231 3415/407/1230 3410/355/1178
f 3410/355/1178 3411/356/1179 3413/408/1231
f 3414/409/1232 3413/408/1231 3411/356/1179
f 3411/356/1179 3821/357/1180 3414/409/1232
f 3824/410/1233 3414/409/1232 3821/357/1180
f 3821/357/1180 3822/358/1181 3824/410/1233
f 3823/411/1234 3824/410/1233 3822/358/1181
f 3822/358/1181 3726/359/1182 3823/411/1234
f 3729/412/1235 3823/411/1234 3726/359/1182
f 3728/413/1236 3729/412/1235 3726/359/1182
f 3726/359/1182 3725/360/1183 3728/413/1236
f 3727/414/1237 3728/413/1236 3725/360/1183
f 3725/360/1183 3724/361/1184 3727/414/1237
f 3784/415/1238 3727/414/1237 3724/361/1184
f 3724/361/1184 3782/362/1185 3784/415/1238
f 3782/362/1185 3781/363/1186 3784/415/1238
f 3783/416/1239 3784/415/1238 3781/363/1186
f 3781/363/1186 3699/364/1187 3783/416/1239
f 3698/417/1240 3783/416/1239 3699/364/1187
f 3367/418/1241 3698/417/1240 3699/364/1187
f 3699/364/1187 3368/365/1188 3367/418/1241
f 3366/367/1190 3367/418/1241 3368/365/1188
f 3368/365/1188 3363/366/1189 3366/367/1190
f 3367/418/1241 3366/367/1190 3373/368/1191
f 3683/419/1242 3367/418/1241 3373/368/1191
f 3373/368/1191 3376/369/1192 3683/419/1242
f 3682/420/1243 3683/419/1242 3376/369/1192
f 3376/369/1192 3379/370/1193 3682/420/1243
f 3681/421/1244 3682/420/1243 3379/370/1193
f 3379/370/1193 3382/371/1194 3681/421/1244
f 3684/422/1245 3681/421/1244 3382/371/1194
f 3382/371/1194 3385/372/1195 3684/422/1245
f 3678/423/1246 3684/422/1245 3385/372/1195
f 3385/372/1195 3509/373/1196 3678/423/1246
f 3522/424/1247 3678/423/1246 3509/373/1196
f 3523/425/1248 3522/424/1247 3509/373/1196
f 3509/373/1196 3512/374/1197 3523/425/1248
f 3524/426/1249 3523/425/1248 3512/374/1197
f 3512/374/1197 3515/375/1198 3524/426/1249
f 3525/427/1250 3524/426/1249 3515/375/1198
f 3515/375/1198 3518/376/1199 3525/427/1250
f 3526/428/1251 3525/427/1250 3518/376/1199
f 3518/376/1199 3521/377/1200 3526/428/1251
f 3680/379/1202 3526/428/1251 3521/377/1200
f 3521/377/1200 3529/378/1201 3680/379/1202
f 3526/428/1251 3680/379/1202 3687/380/1203
f 3688/429/1252 3526/428/1251 3687/380/1203
f 3803/430/1253 3688/429/1252 3687/380/1203
f 3687/380/1203 3805/381/1204 3803/430/1253
f 3805/381/1204 3806/382/1205 3803/430/1253
f 3804/431/1254 3803/430/1253 3806/382/1205
f 3806/382/1205 3760/383/1206 3804/431/1254
f 3757/432/1255 3804/431/1254 3760/383/1206
f 3758/433/1256 3757/432/1255 3760/383/1206
f 3760/383/1206 3761/384/1207 3758/433/1256
f 3759/434/1257 3758/433/1256 3761/384/1207
f 3761/384/1207 3762/385/1208 3759/434/1257
f 3845/435/1258 3759/434/1257 3762/385/1208
f 3762/385/1208 3847/386/1209 3845/435/1258
f 3847/386/1209 3848/387/1210 3845/435/1258
f 3846/436/1259 3845/435/1258 3848/387/1210
f 3848/387/1210 3606/388/1211 3846/436/1259
f 3571/437/1260 3846/436/1259 3606/388/1211
f 3606/388/1211 3605/389/1212 3571/437/1260
f 3570/438/1261 3571/437/1260 3605/389/1212
f 3605/389/1212 3607/390/1213 3570/438/1261
f 3572/439/1262 3570/438/1261 3607/390/1213
f 3579/440/1263 3572/439/1262 3607/390/1213
f 3607/390/1213 3611/391/1214 3579/440/1263
f 3611/391/1214 3612/392/1215 3579/440/1263
f 3580/441/1264 3579/440/1263 3612/392/1215
f 3612/392/1215 3615/393/1216 3580/441/1264
f 3615/393/1216 3583/394/1217 3580/441/1264
f 3578/442/1265 3580/441/1264 3583/394/1217
f 3583/394/1217 3581/395/1218 3578/442/1265
f 3574/443/1266 3578/442/1265 3581/395/1218
f 3581/395/1218 3575/396/1219 3574/443/1266
f 3575/396/1219 3562/397/1220 3574/443/1266
f 3559/444/1267 3574/443/1266 3562/397/1220
f 3557/445/1268 3559/444/1267 3562/397/1220
f 3562/397/1220 3560/398/1221 3557/445/1268
f 3482/446/1269 3557/445/1268 3560/398/1221
f 3560/398/1221 3485/399/1222 3482/446/1269
f 3480/447/1270 3482/446/1269 3485/399/1222
f 3485/399/1222 3483/400/1223 3480/447/1270
f 3476/448/1271 3480/447/1270 3483/400/1223
f 3483/400/1223 3477/401/1224 3476/448/1271
f 3461/449/1272 3476/448/1271 3477/401/1224
f 3477/401/1224 3464/402/1225 3461/449/1272
f 3459/450/1273 3461/449/1272 3464/402/1225
f 3464/402/1225 3462/403/1226 3459/450/1273
f 3423/405/1228 3459/450/1273 3462/403/1226
f 3462/403/1226 3426/404/1227 3423/405/1228
f 3458/451/1274 3459/450/1273 3423/405/1228
f 3423/405/1228 3422/406/1229 3458/451/1274
f 3422/406/1229 3415/407/1230 3458/451/1274
f 3454/452/1275 3458/451/1274 3415/407/1230
f 3415/407/1230 3413/408/1231 3454/452/1275
f 3452/453/1276 3454/452/1275 3413/408/1231
f 3413/408/1231 3414/409/1232 3452/453/1276
f 3453/454/1277 3452/453/1276 3414/409/1232
f 3414/409/1232 3824/410/1233 3453/454/1277
f 3826/455/1278 3453/454/1277 3824/410/1233
f 3824/410/1233 3823/411/1234 3826/455/1278
f 3825/456/1279 3826/455/1278 3823/411/1234
f 3732/457/1280 3825/456/1279 3823/411/1234
f 3823/411/1234 3729/412/1235 3732/457/1280
f 3731/458/1281 3732/457/1280 3729/412/1235
f 3729/412/1235 3728/413/1236 3731/458/1281
f 3730/459/1282 3731/458/1281 3728/413/1236
f 3728/413/1236 3727/414/1237 3730/459/1282
f 3727/414/1237 3784/415/1238 3730/459/1282
f 3786/460/1283 3730/459/1282 3784/415/1238
f 3784/415/1238 3783/416/1239 3786/460/1283
f 3785/461/1284 3786/460/1283 3783/416/1239
f 3783/416/1239 3698/417/1240 3785/461/1284
f 3697/462/1285 3785/461/1284 3698/417/1240
f 3683/419/1242 3697/462/1285 3698/417/1240
f 3698/417/1240 3367/418/1241 3683/419/1242
f 3697/462/1285 3683/419/1242 3682/420/1243
f 3696/463/1286 3697/462/1285 3682/420/1243
f 3682/420/1243 3681/421/1244 3696/463/1286
f 3695/464/1287 3696/463/1286 3681/421/1244
f 3681/421/1244 3684/422/1245 3695/464/1287
f 3694/465/1288 3695/464/1287 3684/422/1245
f 3684/422/1245 3678/423/1246 3694/465/1288
f 3693/466/1289 3694/465/1288 3678/423/1246
f 3678/423/1246 3522/424/1247 3693/466/1289
f 3692/467/1290 3693/466/1289 3522/424/1247
f 3691/468/1291 3692/467/1290 3522/424/1247
f 3522/424/1247 3523/425/1248 3691/468/1291
f 3690/469/1292 3691/468/1291 3523/425/1248
f 3523/425/1248 3524/426/1249 3690/469/1292
f 3689/470/1293 3690/469/1292 3524/426/1249
f 3524/426/1249 3525/427/1250 3689/470/1293
f 3688/429/1252 3689/470/1293 3525/427/1250
f 3525/427/1250 3526/428/1251 3688/429/1252
f 3689/470/1293 3688/429/1252 3803/430/1253
f 3801/471/1294 3689/470/1293 3803/430/1253
f 3803/430/1253 3804/431/1254 3801/471/1294
f 3802/472/1295 3801/471/1294 3804/431/1254
f 3804/431/1254 3757/432/1255 3802/472/1295
f 3754/473/1296 3802/472/1295 3757/432/1255
f 3755/474/1297 3754/473/1296 3757/432/1255
f 3757/432/1255 3758/433/1256 3755/474/1297
f 3756/475/1298 3755/474/1297 3758/433/1256
f 3758/433/1256 3759/434/1257 3756/475/1298
f 3759/434/1257 3845/435/1258 3756/475/1298
f 3844/476/1299 3756/475/1298 3845/435/1258
f 3845/435/1258 3846/436/1259 3844/476/1299
f 3843/477/1300 3844/476/1299 3846/436/1259
f 3846/436/1259 3571/437/1260 3843/477/1300
f 3569/478/1301 3843/477/1300 3571/437/1260
f 3571/437/1260 3570/438/1261 3569/478/1301
f 3567/479/1302 3569/478/1301 3570/438/1261
f 3570/438/1261 3572/439/1262 3567/479/1302
f 3568/480/1303 3567/479/1302 3572/439/1262
f 3572/439/1262 3579/440/1263 3568/480/1303
f 3577/481/1304 3568/480/1303 3579/440/1263
f 3578/442/1265 3577/481/1304 3579/440/1263
f 3579/440/1263 3580/441/1264 3578/442/1265
f 3577/481/1304 3578/442/1265 3574/443/1266
f 3573/482/1305 3577/481/1304 3574/443/1266
f 3558/483/1306 3573/482/1305 3574/443/1266
f 3574/443/1266 3559/444/1267 3558/483/1306
f 3559/444/1267 3557/445/1268 3558/483/1306
f 3556/484/1307 3558/483/1306 3557/445/1268
f 3481/485/1308 3556/484/1307 3557/445/1268
f 3557/445/1268 3482/446/1269 3481/485/1308
f 3479/486/1309 3481/485/1308 3482/446/1269
f 3482/446/1269 3480/447/1270 3479/486/1309
f 3475/487/1310 3479/486/1309 3480/447/1270
f 3480/447/1270 3476/448/1271 3475/487/1310
f 3460/488/1311 3475/487/1310 3476/448/1271
f 3476/448/1271 3461/449/1272 3460/488/1311
f 3458/451/1274 3460/488/1311 3461/449/1272
f 3461/449/1272 3459/450/1273 3458/451/1274
f 3460/488/1311 3458/451/1274 3454/452/1275
f 3457/489/1312 3460/488/1311 3454/452/1275
f 3454/452/1275 3452/453/1276 3457/489/1312
f 3455/490/1313 3457/489/1312 3452/453/1276
f 3456/491/1314 3455/490/1313 3452/453/1276
f 3452/453/1276 3453/454/1277 3456/491/1314
f 3453/454/1277 3826/455/1278 3456/491/1314
f 3838/492/1315 3456/491/1314 3826/455/1278
f 3826/455/1278 3825/456/1279 3838/492/1315
f 3837/493/1316 3838/492/1315 3825/456/1279
f 3735/494/1317 3837/493/1316 3825/456/1279
f 3825/456/1279 3732/457/1280 3735/494/1317
f 3734/495/1318 3735/494/1317 3732/457/1280
f 3732/457/1280 3731/458/1281 3734/495/1318
f 3733/496/1319 3734/495/1318 3731/458/1281
f 3731/458/1281 3730/459/1282 3733/496/1319
f 3730/459/1282 3786/460/1283 3733/496/1319
f 3788/497/1320 3733/496/1319 3786/460/1283
f 3786/460/1283 3785/461/1284 3788/497/1320
f 3787/498/1321 3788/497/1320 3785/461/1284
f 3785/461/1284 3697/462/1285 3787/498/1321
f 3697/462/1285 3696/463/1286 3787/498/1321
f 3789/499/1322 3787/498/1321 3696/463/1286
f 3696/463/1286 3695/464/1287 3789/499/1322
f 3695/464/1287 3694/465/1288 3789/499/1322
f 3791/500/1323 3789/499/1322 3694/465/1288
f 3793/501/1324 3791/500/1323 3694/465/1288
f 3694/465/1288 3693/466/1289 3793/501/1324
f 3795/502/1325 3793/501/1324 3693/466/1289
f 3693/466/1289 3692/467/1290 3795/502/1325
f 3797/503/1326 3795/502/1325 3692/467/1290
f 3692/467/1290 3691/468/1291 3797/503/1326
f 3799/504/1327 3797/503/1326 3691/468/1291
f 3691/468/1291 3690/469/1292 3799/504/1327
f 3801/471/1294 3799/504/1327 3690/469/1292
f 3690/469/1292 3689/470/1293 3801/471/1294
f 3799/504/1327 3801/471/1294 3802/472/1295
f 3800/505/1328 3799/504/1327 3802/472/1295
f 3802/472/1295 3754/473/1296 3800/505/1328
f 3751/506/1329 3800/505/1328 3754/473/1296
f 3752/507/1330 3751/506/1329 3754/473/1296
f 3754/473/1296 3755/474/1297 3752/507/1330
f 3753/508/1331 3752/507/1330 3755/474/1297
f 3755/474/1297 3756/475/1298 3753/508/1331
f 3756/475/1298 3844/476/1299 3753/508/1331
f 3842/509/1332 3753/508/1331 3844/476/1299
f 3844/476/1299 3843/477/1300 3842/509/1332
f 3841/510/1333 3842/509/1332 3843/477/1300
f 3843/477/1300 3569/478/1301 3841/510/1333
f 3566/511/1334 3841/510/1333 3569/478/1301
f 3569/478/1301 3567/479/1302 3566/511/1334
f 3564/512/1335 3566/511/1334 3567/479/1302
f 3565/513/1336 3564/512/1335 3567/479/1302
f 3567/479/1302 3568/480/1303 3565/513/1336
f 3568/480/1303 3577/481/1304 3565/513/1336
f 3577/481/1304 3573/482/1305 3565/513/1336
f 3555/514/1337 3565/513/1336 3573/482/1305
f 3573/482/1305 3558/483/1306 3555/514/1337
f 3552/515/1338 3555/514/1337 3558/483/1306
f 3558/483/1306 3556/484/1307 3552/515/1338
f 3556/484/1307 3481/485/1308 3552/515/1338
f 3474/516/1339 3552/515/1338 3481/485/1308
f 3481/485/1308 3479/486/1309 3474/516/1339
f 3471/517/1340 3474/516/1339 3479/486/1309
f 3468/518/1341 3471/517/1340 3479/486/1309
f 3479/486/1309 3475/487/1310 3468/518/1341
f 3457/489/1312 3468/518/1341 3475/487/1310
f 3475/487/1310 3460/488/1311 3457/489/1312
f 3468/518/1341 3457/489/1312 3455/490/1313
f 3466/519/1342 3468/518/1341 3455/490/1313
f 3455/490/1313 3456/491/1314 3466/519/1342
f 3467/520/1343 3466/519/1342 3456/491/1314
f 3811/521/1344 3467/520/1343 3456/491/1314
f 3456/491/1314 3838/492/1315 3811/521/1344
f 3812/522/1345 3811/521/1344 3838/492/1315
f 3838/492/1315 3837/493/1316 3812/522/1345
f 3837/493/1316 3735/494/1317 3812/522/1345
f 3738/523/1346 3812/522/1345 3735/494/1317
f 3737/524/1347 3738/523/1346 3735/494/1317
f 3735/494/1317 3734/495/1318 3737/524/1347
f 3736/525/1348 3737/524/1347 3734/495/1318
f 3734/495/1318 3733/496/1319 3736/525/1348
f 3733/496/1319 3788/497/1320 3736/525/1348
f 3790/526/1349 3736/525/1348 3788/497/1320
f 3788/497/1320 3787/498/1321 3790/526/1349
f 3787/498/1321 3789/499/1322 3790/526/1349
f 3792/527/1350 3790/526/1349 3789/499/1322
f 3789/499/1322 3791/500/1323 3792/527/1350
f 3794/528/1351 3792/527/1350 3791/500/1323
f 3791/500/1323 3793/501/1324 3794/528/1351
f 3796/529/1352 3794/528/1351 3793/501/1324
f 3793/501/1324 3795/502/1325 3796/529/1352
f 3798/530/1353 3796/529/1352 3795/502/1325
f 3795/502/1325 3797/503/1326 3798/530/1353
f 3800/505/1328 3798/530/1353 3797/503/1326
f 3797/503/1326 3799/504/1327 3800/505/1328
f 3798/530/1353 3800/505/1328 3751/506/1329
f 3748/531/1354 3798/530/1353 3751/506/1329
f 3749/532/1355 3748/531/1354 3751/506/1329
f 3751/506/1329 3752/507/1330 3749/532/1355
f 3750/533/1356 3749/532/1355 3752/507/1330
f 3752/507/1330 3753/508/1331 3750/533/1356
f 3753/508/1331 3842/509/1332 3750/533/1356
f 3849/534/1357 3750/533/1356 3842/509/1332
f 3850/535/1358 3849/534/1357 3842/509/1332
f 3842/509/1332 3841/510/1333 3850/535/1358
f 3841/510/1333 3566/511/1334 3850/535/1358
f 3554/536/1359 3850/535/1358 3566/511/1334
f 3566/511/1334 3564/512/1335 3554/536/1359
f 3553/537/1360 3554/536/1359 3564/512/1335
f 3555/514/1337 3553/537/1360 3564/512/1335
f 3564/512/1335 3565/513/1336 3555/514/1337
f 3550/538/1361 3553/537/1360 3555/514/1337
f 3555/514/1337 3552/515/1338 3550/538/1361
f 3472/539/1362 3550/538/1361 3552/515/1338
f 3552/515/1338 3474/516/1339 3472/539/1362
f 3469/540/1363 3472/539/1362 3474/516/1339
f 3474/516/1339 3471/517/1340 3469/540/1363
f 3466/519/1342 3469/540/1363 3471/517/1340
f 3471/517/1340 3468/518/1341 3466/519/1342
f 3470/541/1364 3469/540/1363 3466/519/1342
f 3466/519/1342 3467/520/1343 3470/541/1364
f 3813/542/1365 3470/541/1364 3467/520/1343
f 3467/520/1343 3811/521/1344 3813/542/1365
f 3811/521/1344 3812/522/1345 3813/542/1365
f 3814/543/1366 3813/542/1365 3812/522/1345
f 3812/522/1345 3738/523/1346 3814/543/1366
f 3741/544/1367 3814/543/1366 3738/523/1346
f 3740/545/1368 3741/544/1367 3738/523/1346
f 3738/523/1346 3737/524/1347 3740/545/1368
f 3739/546/1369 3740/545/1368 3737/524/1347
f 3737/524/1347 3736/525/1348 3739/546/1369
f 3736/525/1348 3790/526/1349 3739/546/1369
f 3790/526/1349 3792/527/1350 3739/546/1369
f 3742/547/1370 3739/546/1369 3792/527/1350
f 3792/527/1350 3794/528/1351 3742/547/1370
f 3745/548/1371 3742/547/1370 3794/528/1351
f 3794/528/1351 3796/529/1352 3745/548/1371
f 3796/529/1352 3798/530/1353 3745/548/1371
f 3798/530/1353 3748/531/1354 3745/548/1371
f 3746/549/1372 3745/548/1371 3748/531/1354
f 3748/531/1354 3749/532/1355 3746/549/1372
f 3747/550/1373 3746/549/1372 3749/532/1355
f 3749/532/1355 3750/533/1356 3747/550/1373
f 3750/533/1356 3849/534/1357 3747/550/1373
f 3817/551/1374 3747/550/1373 3849/534/1357
f 3849/534/1357 3850/535/1358 3817/551/1374
f 3818/552/1375 3817/551/1374 3850/535/1358
f 3850/535/1358 3554/536/1359 3818/552/1375
f 3551/553/1376 3818/552/1375 3554/536/1359
f 3554/536/1359 3553/537/1360 3551/553/1376
f 3553/537/1360 3550/538/1361 3551/553/1376
f 3473/554/1377 3551/553/1376 3550/538/1361
f 3550/538/1361 3472/539/1362 3473/554/1377
f 3470/541/1364 3473/554/1377 3472/539/1362
f 3472/539/1362 3469/540/1363 3470/541/1364
f 3473/554/1377 3470/541/1364 3813/542/1365
f 3816/555/1378 3473/554/1377 3813/542/1365
f 3813/542/1365 3814/543/1366 3816/555/1378
f 3815/556/1379 3816/555/1378 3814/543/1366
f 3814/543/1366 3741/544/1367 3815/556/1379
f 3744/557/1380 3815/556/1379 3741/544/1367
f 3743/558/1381 3744/557/1380 3741/544/1367
f 3741/544/1367 3740/545/1368 3743/558/1381
f 3742/547/1370 3743/558/1381 3740/545/1368
f 3740/545/1368 3739/546/1369 3742/547/1370
f 3743/558/1381 3742/547/1370 3745/548/1371
f 3745/548/1371 3746/549/1372 3743/558/1381
f 3744/557/1380 3743/558/1381 3746/549/1372
f 3746/549/1372 3747/550/1373 3744/557/1380
f 3747/550/1373 3817/551/1374 3744/557/1380
f 3815/556/1379 3744/557/1380 3817/551/1374
f 3817/551/1374 3818/552/1375 3815/556/1379
f 3816/555/1378 3815/556/1379 3818/552/1375
f 3818/552/1375 3551/553/1376 3816/555/1378
f 3473/554/1377 3816/555/1378 3551/553/1376
f 4441/559/1382 4443/560/1383 4396/561/1384
f 4391/562/1385 4441/559/1382 4396/561/1384
f 4393/563/1386 4391/562/1385 4396/561/1384
f 4396/561/1384 4397/564/1387 4393/563/1386
f 4395/565/1388 4393/563/1386 4397/564/1387
f 4397/564/1387 4398/566/1389 4395/565/1388
f 4398/566/1389 4211/567/1390 4395/565/1388
f 4212/568/1391 4395/565/1388 4211/567/1390
f 4210/569/1392 4212/568/1391 4211/567/1390
f 4211/567/1390 4209/570/1393 4210/569/1392
f 4208/571/1394 4210/569/1392 4209/570/1393
f 4209/570/1393 4207/572/1395 4208/571/1394
f 4195/573/1396 4208/571/1394 4207/572/1395
f 4207/572/1395 4198/574/1397 4195/573/1396
f 4196/575/1398 4195/573/1396 4198/574/1397
f 4198/574/1397 4199/576/1399 4196/575/1398
f 4197/577/1400 4196/575/1398 4199/576/1399
f 4199/576/1399 4200/578/1401 4197/577/1400
f 4200/578/1401 4226/579/1402 4197/577/1400
f 4227/580/1403 4197/577/1400 4226/579/1402
f 4225/581/1404 4227/580/1403 4226/579/1402
f 4226/579/1402 4224/582/1405 4225/581/1404
f 4223/583/1406 4225/581/1404 4224/582/1405
f 4224/582/1405 4222/584/1407 4223/583/1406
f 4222/584/1407 3985/585/1408 4223/583/1406
f 3984/586/1409 4223/583/1406 3985/585/1408
f 3874/587/1410 3984/586/1409 3985/585/1408
f 3985/585/1408 3878/588/1411 3874/587/1410
f 3878/588/1411 3879/589/1412 3874/587/1410
f 3875/590/1413 3874/587/1410 3879/589/1412
f 4027/591/1414 3875/590/1413 3879/589/1412
f 3879/589/1412 4030/592/1415 4027/591/1414
f 4028/593/1416 4027/591/1414 4030/592/1415
f 4030/592/1415 4031/594/1417 4028/593/1416
f 4029/595/1418 4028/593/1416 4031/594/1417
f 4031/594/1417 4032/596/1419 4029/595/1418
f 4016/597/1420 4029/595/1418 4032/596/1419
f 4032/596/1419 4018/598/1421 4016/597/1420
f 4014/599/1422 4016/597/1420 4018/598/1421
f 4018/598/1421 4019/600/1423 4014/599/1422
f 4012/601/1424 4014/599/1422 4019/600/1423
f 4019/600/1423 4020/602/1425 4012/601/1424
f 4020/602/1425 4136/603/1426 4012/601/1424
f 4137/604/1427 4012/601/1424 4136/603/1426
f 4135/605/1428 4137/604/1427 4136/603/1426
f 4136/603/1426 4134/606/1429 4135/605/1428
f 4133/607/1430 4135/605/1428 4134/606/1429
f 4134/606/1429 4132/608/1431 4133/607/1430
f 4132/608/1431 3888/609/1432 4133/607/1430
f 3889/610/1433 4133/607/1430 3888/609/1432
f 3887/611/1434 3889/610/1433 3888/609/1432
f 3888/609/1432 3886/612/1435 3887/611/1434
f 3886/612/1435 3891/613/1436 3887/611/1434
f 3890/614/1437 3887/611/1434 3891/613/1436
f 4463/615/1438 3890/614/1437 3891/613/1436
f 3891/613/1436 4482/616/1439 4463/615/1438
f 3890/614/1437 4463/615/1438 4462/617/1440
f 3894/618/1441 3890/614/1437 4462/617/1440
f 4462/617/1440 4464/619/1442 3894/618/1441
f 3897/620/1443 3894/618/1441 4464/619/1442
f 4464/619/1442 4465/621/1444 3897/620/1443
f 3900/622/1445 3897/620/1443 4465/621/1444
f 4465/621/1444 4466/623/1446 3900/622/1445
f 3903/624/1447 3900/622/1445 4466/623/1446
f 4466/623/1446 4467/625/1448 3903/624/1447
f 3916/626/1449 3903/624/1447 4467/625/1448
f 4467/625/1448 4468/627/1450 3916/626/1449
f 3919/628/1451 3916/626/1449 4468/627/1450
f 4468/627/1450 4469/629/1452 3919/628/1451
f 3922/630/1453 3919/628/1451 4469/629/1452
f 4469/629/1452 4470/631/1454 3922/630/1453
f 3924/632/1455 3922/630/1453 4470/631/1454
f 3926/633/1456 3924/632/1455 4470/631/1454
f 4470/631/1454 4471/634/1457 3926/633/1456
f 4471/634/1457 4472/635/1458 3926/633/1456
f 3941/636/1459 3926/633/1456 4472/635/1458
f 4472/635/1458 4473/637/1460 3941/636/1459
f 3944/638/1461 3941/636/1459 4473/637/1460
f 4473/637/1460 4474/639/1462 3944/638/1461
f 3947/640/1463 3944/638/1461 4474/639/1462
f 4474/639/1462 4475/641/1464 3947/640/1463
f 3949/642/1465 3947/640/1463 4475/641/1464
f 4475/641/1464 4476/643/1466 3949/642/1465
f 3953/644/1467 3949/642/1465 4476/643/1466
f 4476/643/1466 4477/645/1468 3953/644/1467
f 3965/646/1469 3953/644/1467 4477/645/1468
f 4477/645/1468 4478/647/1470 3965/646/1469
f 3969/648/1471 3965/646/1469 4478/647/1470
f 4478/647/1470 4479/649/1472 3969/648/1471
f 3972/650/1473 3969/648/1471 4479/649/1472
f 4479/649/1472 4480/651/1474 3972/650/1473
f 3975/652/1475 3972/650/1473 4480/651/1474
f 4480/651/1474 4481/653/1476 3975/652/1475
f 4481/653/1476 3978/654/1477 3975/652/1475
f 3978/654/1477 3976/655/1478 3975/652/1475
f 3973/656/1479 3975/652/1475 3976/655/1478
f 3974/657/1480 3973/656/1479 3976/655/1478
f 3976/655/1478 3977/658/1481 3974/657/1480
f 3977/658/1481 4130/659/1482 3974/657/1480
f 4131/660/1483 3974/657/1480 4130/659/1482
f 4129/661/1484 4131/660/1483 4130/659/1482
f 4130/659/1482 4128/662/1485 4129/661/1484
f 4127/663/1486 4129/661/1484 4128/662/1485
f 4128/662/1485 4126/664/1487 4127/663/1486
f 4038/665/1488 4127/663/1486 4126/664/1487
f 4126/664/1487 4037/666/1489 4038/665/1488
f 4036/667/1490 4038/665/1488 4037/666/1489
f 4037/666/1489 4035/668/1491 4036/667/1490
f 4034/669/1492 4036/667/1490 4035/668/1491
f 4035/668/1491 4033/670/1493 4034/669/1492
f 4044/671/1494 4034/669/1492 4033/670/1493
f 4033/670/1493 4043/672/1495 4044/671/1494
f 4042/673/1496 4044/671/1494 4043/672/1495
f 4043/672/1495 4041/674/1497 4042/673/1496
f 4040/675/1498 4042/673/1496 4041/674/1497
f 4041/674/1497 4039/676/1499 4040/675/1498
f 3959/677/1500 4040/675/1498 4039/676/1499
f 4039/676/1499 3961/678/1501 3959/677/1500
f 3961/678/1501 3960/679/1502 3959/677/1500
f 3958/680/1503 3959/677/1500 3960/679/1502
f 3991/681/1504 3958/680/1503 3960/679/1502
f 3960/679/1502 3990/682/1505 3991/681/1504
f 3990/682/1505 4220/683/1506 3991/681/1504
f 4221/684/1507 3991/681/1504 4220/683/1506
f 4219/685/1508 4221/684/1507 4220/683/1506
f 4220/683/1506 4218/686/1509 4219/685/1508
f 4217/687/1510 4219/685/1508 4218/686/1509
f 4218/686/1509 4216/688/1511 4217/687/1510
f 4216/688/1511 4235/689/1512 4217/687/1510
f 4236/690/1513 4217/687/1510 4235/689/1512
f 4234/691/1514 4236/690/1513 4235/689/1512
f 4235/689/1512 4233/692/1515 4234/691/1514
f 4232/693/1516 4234/691/1514 4233/692/1515
f 4233/692/1515 4231/694/1517 4232/693/1516
f 4206/695/1518 4232/693/1516 4231/694/1517
f 4231/694/1517 4205/696/1519 4206/695/1518
f 4204/697/1520 4206/695/1518 4205/696/1519
f 4205/696/1519 4203/698/1521 4204/697/1520
f 4202/699/1522 4204/697/1520 4203/698/1521
f 4203/698/1521 4201/700/1523 4202/699/1522
f 4201/700/1523 4403/701/1524 4202/699/1522
f 4404/702/1525 4202/699/1522 4403/701/1524
f 4402/703/1526 4404/702/1525 4403/701/1524
f 4403/701/1524 4401/704/1527 4402/703/1526
f 4400/705/1528 4402/703/1526 4401/704/1527
f 4401/704/1527 4399/706/1529 4400/705/1528
f 4399/706/1529 4461/707/1530 4400/705/1528
f 4461/707/1530 4460/708/1531 4400/705/1528
f 4435/709/1532 4400/705/1528 4460/708/1531
f 4460/708/1531 4459/710/1533 4435/709/1532
f 4438/711/1534 4435/709/1532 4459/710/1533
f 4459/710/1533 4458/712/1535 4438/711/1534
f 4428/713/1536 4438/711/1534 4458/712/1535
f 4458/712/1535 4457/714/1537 4428/713/1536
f 4420/715/1538 4428/713/1536 4457/714/1537
f 4457/714/1537 4456/716/1539 4420/715/1538
f 4421/717/1540 4420/715/1538 4456/716/1539
f 4456/716/1539 4455/718/1541 4421/717/1540
f 4429/719/1542 4421/717/1540 4455/718/1541
f 4455/718/1541 4454/720/1543 4429/719/1542
f 4432/721/1544 4429/719/1542 4454/720/1543
f 4454/720/1543 4453/722/1545 4432/721/1544
f 4413/723/1546 4432/721/1544 4453/722/1545
f 4453/722/1545 4452/724/1547 4413/723/1546
f 4405/725/1548 4413/723/1546 4452/724/1547
f 4452/724/1547 4451/726/1549 4405/725/1548
f 4406/727/1550 4405/725/1548 4451/726/1549
f 4451/726/1549 4450/728/1551 4406/727/1550
f 4414/729/1552 4406/727/1550 4450/728/1551
f 4450/728/1551 4449/730/1553 4414/729/1552
f 4417/731/1554 4414/729/1552 4449/730/1553
f 4449/730/1553 4448/732/1555 4417/731/1554
f 4386/733/1556 4417/731/1554 4448/732/1555
f 4448/732/1555 4447/734/1557 4386/733/1556
f 4378/735/1558 4386/733/1556 4447/734/1557
f 4447/734/1557 4446/736/1559 4378/735/1558
f 4379/737/1560 4378/735/1558 4446/736/1559
f 4446/736/1559 4445/738/1561 4379/737/1560
f 4387/739/1562 4379/737/1560 4445/738/1561
f 4445/738/1561 4444/740/1563 4387/739/1562
f 4390/741/1564 4387/739/1562 4444/740/1563
f 4444/740/1563 4442/742/1565 4390/741/1564
f 4391/562/1385 4390/741/1564 4442/742/1565
f 4442/742/1565 4441/559/1382 4391/562/1385
f 4392/743/1566 4390/741/1564 4391/562/1385
f 4391/562/1385 4393/563/1386 4392/743/1566
f 4394/744/1567 4392/743/1566 4393/563/1386
f 4393/563/1386 4395/565/1388 4394/744/1567
f 4395/565/1388 4212/568/1391 4394/744/1567
f 4215/745/1568 4394/744/1567 4212/568/1391
f 4214/746/1569 4215/745/1568 4212/568/1391
f 4212/568/1391 4210/569/1392 4214/746/1569
f 4213/747/1570 4214/746/1569 4210/569/1392
f 4210/569/1392 4208/571/1394 4213/747/1570
f 4193/748/1571 4213/747/1570 4208/571/1394
f 4208/571/1394 4195/573/1396 4193/748/1571
f 4191/749/1572 4193/748/1571 4195/573/1396
f 4195/573/1396 4196/575/1398 4191/749/1572
f 4189/750/1573 4191/749/1572 4196/575/1398
f 4196/575/1398 4197/577/1400 4189/750/1573
f 4197/577/1400 4227/580/1403 4189/750/1573
f 4230/751/1574 4189/750/1573 4227/580/1403
f 4229/752/1575 4230/751/1574 4227/580/1403
f 4227/580/1403 4225/581/1404 4229/752/1575
f 4228/753/1576 4229/752/1575 4225/581/1404
f 4225/581/1404 4223/583/1406 4228/753/1576
f 4223/583/1406 3984/586/1409 4228/753/1576
f 3983/754/1577 4228/753/1576 3984/586/1409
f 3876/755/1578 3983/754/1577 3984/586/1409
f 3984/586/1409 3874/587/1410 3876/755/1578
f 3874/587/1410 3875/590/1413 3876/755/1578
f 3877/756/1579 3876/755/1578 3875/590/1413
f 4025/757/1580 3877/756/1579 3875/590/1413
f 3875/590/1413 4027/591/1414 4025/757/1580
f 4023/758/1581 4025/757/1580 4027/591/1414
f 4027/591/1414 4028/593/1416 4023/758/1581
f 4021/759/1582 4023/758/1581 4028/593/1416
f 4028/593/1416 4029/595/1418 4021/759/1582
f 4017/760/1583 4021/759/1582 4029/595/1418
f 4029/595/1418 4016/597/1420 4017/760/1583
f 4015/761/1584 4017/760/1583 4016/597/1420
f 4016/597/1420 4014/599/1422 4015/761/1584
f 4013/762/1585 4015/761/1584 4014/599/1422
f 4014/599/1422 4012/601/1424 4013/762/1585
f 4012/601/1424 4137/604/1427 4013/762/1585
f 4140/763/1586 4013/762/1585 4137/604/1427
f 4139/764/1587 4140/763/1586 4137/604/1427
f 4137/604/1427 4135/605/1428 4139/764/1587
f 4138/765/1588 4139/764/1587 4135/605/1428
f 4135/605/1428 4133/607/1430 4138/765/1588
f 4133/607/1430 3889/610/1433 4138/765/1588
f 3893/766/1589 4138/765/1588 3889/610/1433
f 3892/767/1590 3893/766/1589 3889/610/1433
f 3889/610/1433 3887/611/1434 3892/767/1590
f 3894/618/1441 3892/767/1590 3887/611/1434
f 3887/611/1434 3890/614/1437 3894/618/1441
f 3892/767/1590 3894/618/1441 3897/620/1443
f 3895/768/1591 3892/767/1590 3897/620/1443
f 3897/620/1443 3900/622/1445 3895/768/1591
f 3898/769/1592 3895/768/1591 3900/622/1445
f 3900/622/1445 3903/624/1447 3898/769/1592
f 3901/770/1593 3898/769/1592 3903/624/1447
f 3903/624/1447 3916/626/1449 3901/770/1593
f 3915/771/1594 3901/770/1593 3916/626/1449
f 3916/626/1449 3919/628/1451 3915/771/1594
f 3917/772/1595 3915/771/1594 3919/628/1451
f 3919/628/1451 3922/630/1453 3917/772/1595
f 3920/773/1596 3917/772/1595 3922/630/1453
f 3922/630/1453 3924/632/1455 3920/773/1596
f 3923/774/1597 3920/773/1596 3924/632/1455
f 3925/775/1598 3923/774/1597 3924/632/1455
f 3924/632/1455 3926/633/1456 3925/775/1598
f 3926/633/1456 3941/636/1459 3925/775/1598
f 3939/776/1599 3925/775/1598 3941/636/1459
f 3942/777/1600 3939/776/1599 3941/636/1459
f 3941/636/1459 3944/638/1461 3942/777/1600
f 3945/778/1601 3942/777/1600 3944/638/1461
f 3944/638/1461 3947/640/1463 3945/778/1601
f 3948/779/1602 3945/778/1601 3947/640/1463
f 3947/640/1463 3949/642/1465 3948/779/1602
f 3951/780/1603 3948/779/1602 3949/642/1465
f 3949/642/1465 3953/644/1467 3951/780/1603
f 3964/781/1604 3951/780/1603 3953/644/1467
f 3953/644/1467 3965/646/1469 3964/781/1604
f 3967/782/1605 3964/781/1604 3965/646/1469
f 3965/646/1469 3969/648/1471 3967/782/1605
f 3970/783/1606 3967/782/1605 3969/648/1471
f 3969/648/1471 3972/650/1473 3970/783/1606
f 3973/656/1479 3970/783/1606 3972/650/1473
f 3972/650/1473 3975/652/1475 3973/656/1479
f 3971/784/1607 3970/783/1606 3973/656/1479
f 3973/656/1479 3974/657/1480 3971/784/1607
f 3974/657/1480 4131/660/1483 3971/784/1607
f 4185/785/1608 3971/784/1607 4131/660/1483
f 4184/786/1609 4185/785/1608 4131/660/1483
f 4131/660/1483 4129/661/1484 4184/786/1609
f 4183/787/1610 4184/786/1609 4129/661/1484
f 4129/661/1484 4127/663/1486 4183/787/1610
f 4116/788/1611 4183/787/1610 4127/663/1486
f 4127/663/1486 4038/665/1488 4116/788/1611
f 4115/789/1612 4116/788/1611 4038/665/1488
f 4038/665/1488 4036/667/1490 4115/789/1612
f 4114/790/1613 4115/789/1612 4036/667/1490
f 4036/667/1490 4034/669/1492 4114/790/1613
f 4123/791/1614 4114/790/1613 4034/669/1492
f 4034/669/1492 4044/671/1494 4123/791/1614
f 4124/792/1615 4123/791/1614 4044/671/1494
f 4044/671/1494 4042/673/1496 4124/792/1615
f 4125/793/1616 4124/792/1615 4042/673/1496
f 4042/673/1496 4040/675/1498 4125/793/1616
f 3963/794/1617 4125/793/1616 4040/675/1498
f 4040/675/1498 3959/677/1500 3963/794/1617
f 3959/677/1500 3958/680/1503 3963/794/1617
f 3962/795/1618 3963/794/1617 3958/680/1503
f 3999/796/1619 3962/795/1618 3958/680/1503
f 3958/680/1503 3991/681/1504 3999/796/1619
f 3991/681/1504 4221/684/1507 3999/796/1619
f 4363/797/1620 3999/796/1619 4221/684/1507
f 4364/798/1621 4363/797/1620 4221/684/1507
f 4221/684/1507 4219/685/1508 4364/798/1621
f 4365/799/1622 4364/798/1621 4219/685/1508
f 4219/685/1508 4217/687/1510 4365/799/1622
f 4217/687/1510 4236/690/1513 4365/799/1622
f 4369/800/1623 4365/799/1622 4236/690/1513
f 4370/801/1624 4369/800/1623 4236/690/1513
f 4236/690/1513 4234/691/1514 4370/801/1624
f 4371/802/1625 4370/801/1624 4234/691/1514
f 4234/691/1514 4232/693/1516 4371/802/1625
f 4372/803/1626 4371/802/1625 4232/693/1516
f 4232/693/1516 4206/695/1518 4372/803/1626
f 4373/804/1627 4372/803/1626 4206/695/1518
f 4206/695/1518 4204/697/1520 4373/804/1627
f 4374/805/1628 4373/804/1627 4204/697/1520
f 4204/697/1520 4202/699/1522 4374/805/1628
f 4202/699/1522 4404/702/1525 4374/805/1628
f 4437/806/1629 4374/805/1628 4404/702/1525
f 4436/807/1630 4437/806/1629 4404/702/1525
f 4404/702/1525 4402/703/1526 4436/807/1630
f 4435/709/1532 4436/807/1630 4402/703/1526
f 4402/703/1526 4400/705/1528 4435/709/1532
f 4436/807/1630 4435/709/1532 4438/711/1534
f 4439/808/1631 4436/807/1630 4438/711/1534
f 4438/711/1534 4428/713/1536 4439/808/1631
f 4427/809/1632 4439/808/1631 4428/713/1536
f 4428/713/1536 4420/715/1538 4427/809/1632
f 4422/810/1633 4427/809/1632 4420/715/1538
f 4420/715/1538 4421/717/1540 4422/810/1633
f 4423/811/1634 4422/810/1633 4421/717/1540
f 4421/717/1540 4429/719/1542 4423/811/1634
f 4430/812/1635 4423/811/1634 4429/719/1542
f 4429/719/1542 4432/721/1544 4430/812/1635
f 4433/813/1636 4430/812/1635 4432/721/1544
f 4432/721/1544 4413/723/1546 4433/813/1636
f 4412/814/1637 4433/813/1636 4413/723/1546
f 4413/723/1546 4405/725/1548 4412/814/1637
f 4407/815/1638 4412/814/1637 4405/725/1548
f 4405/725/1548 4406/727/1550 4407/815/1638
f 4408/816/1639 4407/815/1638 4406/727/1550
f 4406/727/1550 4414/729/1552 4408/816/1639
f 4415/817/1640 4408/816/1639 4414/729/1552
f 4414/729/1552 4417/731/1554 4415/817/1640
f 4418/818/1641 4415/817/1640 4417/731/1554
f 4417/731/1554 4386/733/1556 4418/818/1641
f 4385/819/1642 4418/818/1641 4386/733/1556
f 4386/733/1556 4378/735/1558 4385/819/1642
f 4380/820/1643 4385/819/1642 4378/735/1558
f 4378/735/1558 4379/737/1560 4380/820/1643
f 4381/821/1644 4380/820/1643 4379/737/1560
f 4379/737/1560 4387/739/1562 4381/821/1644
f 4388/822/1645 4381/821/1644 4387/739/1562
f 4387/739/1562 4390/741/1564 4388/822/1645
f 4390/741/1564 4392/743/1566 4388/822/1645
f 4389/823/1646 4388/822/1645 4392/743/1566
f 4392/743/1566 4394/744/1567 4389/823/1646
f 4394/744/1567 4215/745/1568 4389/823/1646
f 4242/824/1647 4389/823/1646 4215/745/1568
f 4241/825/1648 4242/824/1647 4215/745/1568
f 4215/745/1568 4214/746/1569 4241/825/1648
f 4240/826/1649 4241/825/1648 4214/746/1569
f 4214/746/1569 4213/747/1570 4240/826/1649
f 4194/827/1650 4240/826/1649 4213/747/1570
f 4213/747/1570 4193/748/1571 4194/827/1650
f 4192/828/1651 4194/827/1650 4193/748/1571
f 4193/748/1571 4191/749/1572 4192/828/1651
f 4190/829/1652 4192/828/1651 4191/749/1572
f 4191/749/1572 4189/750/1573 4190/829/1652
f 4189/750/1573 4230/751/1574 4190/829/1652
f 4239/830/1653 4190/829/1652 4230/751/1574
f 4238/831/1654 4239/830/1653 4230/751/1574
f 4230/751/1574 4229/752/1575 4238/831/1654
f 4237/832/1655 4238/831/1654 4229/752/1575
f 4229/752/1575 4228/753/1576 4237/832/1655
f 4228/753/1576 3983/754/1577 4237/832/1655
f 3986/833/1656 4237/832/1655 3983/754/1577
f 3884/834/1657 3986/833/1656 3983/754/1577
f 3983/754/1577 3876/755/1578 3884/834/1657
f 3876/755/1578 3877/756/1579 3884/834/1657
f 3885/835/1658 3884/834/1657 3877/756/1579
f 4026/836/1659 3885/835/1658 3877/756/1579
f 3877/756/1579 4025/757/1580 4026/836/1659
f 4024/837/1660 4026/836/1659 4025/757/1580
f 4025/757/1580 4023/758/1581 4024/837/1660
f 4022/838/1661 4024/837/1660 4023/758/1581
f 4023/758/1581 4021/759/1582 4022/838/1661
f 4006/839/1662 4022/838/1661 4021/759/1582
f 4021/759/1582 4017/760/1583 4006/839/1662
f 4007/840/1663 4006/839/1662 4017/760/1583
f 4017/760/1583 4015/761/1584 4007/840/1663
f 4008/841/1664 4007/840/1663 4015/761/1584
f 4015/761/1584 4013/762/1585 4008/841/1664
f 4013/762/1585 4140/763/1586 4008/841/1664
f 4143/842/1665 4008/841/1664 4140/763/1586
f 4142/843/1666 4143/842/1665 4140/763/1586
f 4140/763/1586 4139/764/1587 4142/843/1666
f 4141/844/1667 4142/843/1666 4139/764/1587
f 4139/764/1587 4138/765/1588 4141/844/1667
f 4138/765/1588 3893/766/1589 4141/844/1667
f 3896/845/1668 4141/844/1667 3893/766/1589
f 3895/768/1591 3896/845/1668 3893/766/1589
f 3893/766/1589 3892/767/1590 3895/768/1591
f 3896/845/1668 3895/768/1591 3898/769/1592
f 3899/846/1669 3896/845/1668 3898/769/1592
f 3898/769/1592 3901/770/1593 3899/846/1669
f 3902/847/1670 3899/846/1669 3901/770/1593
f 3914/848/1671 3902/847/1670 3901/770/1593
f 3901/770/1593 3915/771/1594 3914/848/1671
f 3915/771/1594 3917/772/1595 3914/848/1671
f 3918/849/1672 3914/848/1671 3917/772/1595
f 3917/772/1595 3920/773/1596 3918/849/1672
f 3921/850/1673 3918/849/1672 3920/773/1596
f 3920/773/1596 3923/774/1597 3921/850/1673
f 3927/851/1674 3921/850/1673 3923/774/1597
f 3928/852/1675 3927/851/1674 3923/774/1597
f 3923/774/1597 3925/775/1598 3928/852/1675
f 3925/775/1598 3939/776/1599 3928/852/1675
f 3940/853/1676 3928/852/1675 3939/776/1599
f 3939/776/1599 3942/777/1600 3940/853/1676
f 3943/854/1677 3940/853/1676 3942/777/1600
f 3942/777/1600 3945/778/1601 3943/854/1677
f 3946/855/1678 3943/854/1677 3945/778/1601
f 3950/856/1679 3946/855/1678 3945/778/1601
f 3945/778/1601 3948/779/1602 3950/856/1679
f 3948/779/1602 3951/780/1603 3950/856/1679
f 3952/857/1680 3950/856/1679 3951/780/1603
f 3966/858/1681 3952/857/1680 3951/780/1603
f 3951/780/1603 3964/781/1604 3966/858/1681
f 3964/781/1604 3967/782/1605 3966/858/1681
f 3968/859/1682 3966/858/1681 3967/782/1605
f 3967/782/1605 3970/783/1606 3968/859/1682
f 3970/783/1606 3971/784/1607 3968/859/1682
f 4186/860/1683 3968/859/1682 3971/784/1607
f 3971/784/1607 4185/785/1608 4186/860/1683
f 4187/861/1684 4186/860/1683 4185/785/1608
f 4185/785/1608 4184/786/1609 4187/861/1684
f 4188/862/1685 4187/861/1684 4184/786/1609
f 4184/786/1609 4183/787/1610 4188/862/1685
f 4120/863/1686 4188/862/1685 4183/787/1610
f 4183/787/1610 4116/788/1611 4120/863/1686
f 4121/864/1687 4120/863/1686 4116/788/1611
f 4116/788/1611 4115/789/1612 4121/864/1687
f 4122/865/1688 4121/864/1687 4115/789/1612
f 4115/789/1612 4114/790/1613 4122/865/1688
f 4117/866/1689 4122/865/1688 4114/790/1613
f 4114/790/1613 4123/791/1614 4117/866/1689
f 4118/867/1690 4117/866/1689 4123/791/1614
f 4123/791/1614 4124/792/1615 4118/867/1690
f 4119/868/1691 4118/867/1690 4124/792/1615
f 4124/792/1615 4125/793/1616 4119/868/1691
f 3957/869/1692 4119/868/1691 4125/793/1616
f 4125/793/1616 3963/794/1617 3957/869/1692
f 3963/794/1617 3962/795/1618 3957/869/1692
f 3956/870/1693 3957/869/1692 3962/795/1618
f 3997/871/1694 3956/870/1693 3962/795/1618
f 3962/795/1618 3999/796/1619 3997/871/1694
f 3999/796/1619 4363/797/1620 3997/871/1694
f 4360/872/1695 3997/871/1694 4363/797/1620
f 4361/873/1696 4360/872/1695 4363/797/1620
f 4363/797/1620 4364/798/1621 4361/873/1696
f 4362/874/1697 4361/873/1696 4364/798/1621
f 4364/798/1621 4365/799/1622 4362/874/1697
f 4366/875/1698 4362/874/1697 4365/799/1622
f 4365/799/1622 4369/800/1623 4366/875/1698
f 4367/876/1699 4366/875/1698 4369/800/1623
f 4369/800/1623 4370/801/1624 4367/876/1699
f 4368/877/1700 4367/876/1699 4370/801/1624
f 4370/801/1624 4371/802/1625 4368/877/1700
f 4357/878/1701 4368/877/1700 4371/802/1625
f 4371/802/1625 4372/803/1626 4357/878/1701
f 4358/879/1702 4357/878/1701 4372/803/1626
f 4372/803/1626 4373/804/1627 4358/879/1702
f 4359/880/1703 4358/879/1702 4373/804/1627
f 4373/804/1627 4374/805/1628 4359/880/1703
f 4374/805/1628 4437/806/1629 4359/880/1703
f 4440/881/1704 4359/880/1703 4437/806/1629
f 4439/808/1631 4440/881/1704 4437/806/1629
f 4437/806/1629 4436/807/1630 4439/808/1631
f 4440/881/1704 4439/808/1631 4427/809/1632
f 4426/882/1705 4440/881/1704 4427/809/1632
f 4427/809/1632 4422/810/1633 4426/882/1705
f 4424/883/1706 4426/882/1705 4422/810/1633
f 4422/810/1633 4423/811/1634 4424/883/1706
f 4425/884/1707 4424/883/1706 4423/811/1634
f 4423/811/1634 4430/812/1635 4425/884/1707
f 4431/885/1708 4425/884/1707 4430/812/1635
f 4430/812/1635 4433/813/1636 4431/885/1708
f 4434/886/1709 4431/885/1708 4433/813/1636
f 4433/813/1636 4412/814/1637 4434/886/1709
f 4411/887/1710 4434/886/1709 4412/814/1637
f 4412/814/1637 4407/815/1638 4411/887/1710
f 4409/888/1711 4411/887/1710 4407/815/1638
f 4407/815/1638 4408/816/1639 4409/888/1711
f 4410/889/1712 4409/888/1711 4408/816/1639
f 4408/816/1639 4415/817/1640 4410/889/1712
f 4416/890/1713 4410/889/1712 4415/817/1640
f 4415/817/1640 4418/818/1641 4416/890/1713
f 4419/891/1714 4416/890/1713 4418/818/1641
f 4418/818/1641 4385/819/1642 4419/891/1714
f 4384/892/1715 4419/891/1714 4385/819/1642
f 4385/819/1642 4380/820/1643 4384/892/1715
f 4382/893/1716 4384/892/1715 4380/820/1643
f 4380/820/1643 4381/821/1644 4382/893/1716
f 4383/894/1717 4382/893/1716 4381/821/1644
f 4381/821/1644 4388/822/1645 4383/894/1717
f 4388/822/1645 4389/823/1646 4383/894/1717
f 4389/823/1646 4242/824/1647 4383/894/1717
f 4245/895/1718 4383/894/1717 4242/824/1647
f 4244/896/1719 4245/895/1718 4242/824/1647
f 4242/824/1647 4241/825/1648 4244/896/1719
f 4243/897/1720 4244/896/1719 4241/825/1648
f 4241/825/1648 4240/826/1649 4243/897/1720
f 4251/898/1721 4243/897/1720 4240/826/1649
f 4240/826/1649 4194/827/1650 4251/898/1721
f 4250/899/1722 4251/898/1721 4194/827/1650
f 4194/827/1650 4192/828/1651 4250/899/1722
f 4249/900/1723 4250/899/1722 4192/828/1651
f 4192/828/1651 4190/829/1652 4249/900/1723
f 4254/901/1724 4249/900/1723 4190/829/1652
f 4190/829/1652 4239/830/1653 4254/901/1724
f 4253/902/1725 4254/901/1724 4239/830/1653
f 4239/830/1653 4238/831/1654 4253/902/1725
f 4252/903/1726 4253/902/1725 4238/831/1654
f 4238/831/1654 4237/832/1655 4252/903/1726
f 3981/904/1727 4252/903/1726 4237/832/1655
f 4237/832/1655 3986/833/1656 3981/904/1727
f 3880/905/1728 3981/904/1727 3986/833/1656
f 3986/833/1656 3884/834/1657 3880/905/1728
f 3884/834/1657 3885/835/1658 3880/905/1728
f 3881/906/1729 3880/905/1728 3885/835/1658
f 4047/907/1730 3881/906/1729 3885/835/1658
f 3885/835/1658 4026/836/1659 4047/907/1730
f 4046/908/1731 4047/907/1730 4026/836/1659
f 4026/836/1659 4024/837/1660 4046/908/1731
f 4045/909/1732 4046/908/1731 4024/837/1660
f 4024/837/1660 4022/838/1661 4045/909/1732
f 4004/910/1733 4045/909/1732 4022/838/1661
f 4022/838/1661 4006/839/1662 4004/910/1733
f 4002/911/1734 4004/910/1733 4006/839/1662
f 4006/839/1662 4007/840/1663 4002/911/1734
f 4000/912/1735 4002/911/1734 4007/840/1663
f 4007/840/1663 4008/841/1664 4000/912/1735
f 4008/841/1664 4143/842/1665 4000/912/1735
f 4146/913/1736 4000/912/1735 4143/842/1665
f 4145/914/1737 4146/913/1736 4143/842/1665
f 4143/842/1665 4142/843/1666 4145/914/1737
f 4144/915/1738 4145/914/1737 4142/843/1666
f 4142/843/1666 4141/844/1667 4144/915/1738
f 4141/844/1667 3896/845/1668 4144/915/1738
f 3896/845/1668 3899/846/1669 4144/915/1738
f 4147/916/1739 4144/915/1738 3899/846/1669
f 3899/846/1669 3902/847/1670 4147/916/1739
f 4150/917/1740 4147/916/1739 3902/847/1670
f 3902/847/1670 3914/848/1671 4150/917/1740
f 4165/918/1741 4150/917/1740 3914/848/1671
f 3914/848/1671 3918/849/1672 4165/918/1741
f 4164/919/1742 4165/918/1741 3918/849/1672
f 3918/849/1672 3921/850/1673 4164/919/1742
f 4161/920/1743 4164/919/1742 3921/850/1673
f 3921/850/1673 3927/851/1674 4161/920/1743
f 3927/851/1674 3928/852/1675 4161/920/1743
f 4153/921/1744 4161/920/1743 3928/852/1675
f 3928/852/1675 3940/853/1676 4153/921/1744
f 4154/922/1745 4153/921/1744 3940/853/1676
f 3940/853/1676 3943/854/1677 4154/922/1745
f 4180/923/1746 4154/922/1745 3943/854/1677
f 3943/854/1677 3946/855/1678 4180/923/1746
f 4179/924/1747 4180/923/1746 3946/855/1678
f 3946/855/1678 3950/856/1679 4179/924/1747
f 4176/925/1748 4179/924/1747 3950/856/1679
f 3950/856/1679 3952/857/1680 4176/925/1748
f 4168/926/1749 4176/925/1748 3952/857/1680
f 3952/857/1680 3966/858/1681 4168/926/1749
f 4169/927/1750 4168/926/1749 3966/858/1681
f 3966/858/1681 3968/859/1682 4169/927/1750
f 3968/859/1682 4186/860/1683 4169/927/1750
f 4171/928/1751 4169/927/1750 4186/860/1683
f 4186/860/1683 4187/861/1684 4171/928/1751
f 4173/929/1752 4171/928/1751 4187/861/1684
f 4187/861/1684 4188/862/1685 4173/929/1752
f 4111/930/1753 4173/929/1752 4188/862/1685
f 4188/862/1685 4120/863/1686 4111/930/1753
f 4112/931/1754 4111/930/1753 4120/863/1686
f 4120/863/1686 4121/864/1687 4112/931/1754
f 4113/932/1755 4112/931/1754 4121/864/1687
f 4121/864/1687 4122/865/1688 4113/932/1755
f 4122/865/1688 4117/866/1689 4113/932/1755
f 4108/933/1756 4113/932/1755 4117/866/1689
f 4109/934/1757 4108/933/1756 4117/866/1689
f 4117/866/1689 4118/867/1690 4109/934/1757
f 4110/935/1758 4109/934/1757 4118/867/1690
f 4118/867/1690 4119/868/1691 4110/935/1758
f 4119/868/1691 3957/869/1692 4110/935/1758
f 3955/936/1759 4110/935/1758 3957/869/1692
f 3957/869/1692 3956/870/1693 3955/936/1759
f 3954/937/1760 3955/936/1759 3956/870/1693
f 3998/938/1761 3954/937/1760 3956/870/1693
f 3956/870/1693 3997/871/1694 3998/938/1761
f 3997/871/1694 4360/872/1695 3998/938/1761
f 4339/939/1762 3998/938/1761 4360/872/1695
f 4340/940/1763 4339/939/1762 4360/872/1695
f 4360/872/1695 4361/873/1696 4340/940/1763
f 4341/941/1764 4340/940/1763 4361/873/1696
f 4361/873/1696 4362/874/1697 4341/941/1764
f 4362/874/1697 4366/875/1698 4341/941/1764
f 4345/942/1765 4341/941/1764 4366/875/1698
f 4346/943/1766 4345/942/1765 4366/875/1698
f 4366/875/1698 4367/876/1699 4346/943/1766
f 4347/944/1767 4346/943/1766 4367/876/1699
f 4367/876/1699 4368/877/1700 4347/944/1767
f 4354/945/1768 4347/944/1767 4368/877/1700
f 4368/877/1700 4357/878/1701 4354/945/1768
f 4355/946/1769 4354/945/1768 4357/878/1701
f 4357/878/1701 4358/879/1702 4355/946/1769
f 4356/947/1770 4355/946/1769 4358/879/1702
f 4358/879/1702 4359/880/1703 4356/947/1770
f 4359/880/1703 4440/881/1704 4356/947/1770
f 4440/881/1704 4426/882/1705 4356/947/1770
f 4348/948/1771 4356/947/1770 4426/882/1705
f 4426/882/1705 4424/883/1706 4348/948/1771
f 4349/949/1772 4348/948/1771 4424/883/1706
f 4424/883/1706 4425/884/1707 4349/949/1772
f 4308/950/1773 4349/949/1772 4425/884/1707
f 4425/884/1707 4431/885/1708 4308/950/1773
f 4307/951/1774 4308/950/1773 4431/885/1708
f 4431/885/1708 4434/886/1709 4307/951/1774
f 4309/952/1775 4307/951/1774 4434/886/1709
f 4434/886/1709 4411/887/1710 4309/952/1775
f 4312/953/1776 4309/952/1775 4411/887/1710
f 4411/887/1710 4409/888/1711 4312/953/1776
f 4315/954/1777 4312/953/1776 4409/888/1711
f 4409/888/1711 4410/889/1712 4315/954/1777
f 4375/955/1778 4315/954/1777 4410/889/1712
f 4410/889/1712 4416/890/1713 4375/955/1778
f 4272/956/1779 4375/955/1778 4416/890/1713
f 4416/890/1713 4419/891/1714 4272/956/1779
f 4269/957/1780 4272/956/1779 4419/891/1714
f 4419/891/1714 4384/892/1715 4269/957/1780
f 4384/892/1715 4382/893/1716 4269/957/1780
f 4248/958/1781 4269/957/1780 4382/893/1716
f 4245/895/1718 4248/958/1781 4382/893/1716
f 4382/893/1716 4383/894/1717 4245/895/1718
f 4247/959/1782 4248/958/1781 4245/895/1718
f 4245/895/1718 4244/896/1719 4247/959/1782
f 4246/960/1783 4247/959/1782 4244/896/1719
f 4244/896/1719 4243/897/1720 4246/960/1783
f 4263/961/1784 4246/960/1783 4243/897/1720
f 4243/897/1720 4251/898/1721 4263/961/1784
f 4262/962/1785 4263/961/1784 4251/898/1721
f 4251/898/1721 4250/899/1722 4262/962/1785
f 4261/963/1786 4262/962/1785 4250/899/1722
f 4250/899/1722 4249/900/1723 4261/963/1786
f 4249/900/1723 4254/901/1724 4261/963/1786
f 4257/964/1787 4261/963/1786 4254/901/1724
f 4256/965/1788 4257/964/1787 4254/901/1724
f 4254/901/1724 4253/902/1725 4256/965/1788
f 4255/966/1789 4256/965/1788 4253/902/1725
f 4253/902/1725 4252/903/1726 4255/966/1789
f 3982/967/1790 4255/966/1789 4252/903/1726
f 4252/903/1726 3981/904/1727 3982/967/1790
f 3882/968/1791 3982/967/1790 3981/904/1727
f 3981/904/1727 3880/905/1728 3882/968/1791
f 3880/905/1728 3881/906/1729 3882/968/1791
f 3883/969/1792 3882/968/1791 3881/906/1729
f 4052/970/1793 3883/969/1792 3881/906/1729
f 3881/906/1729 4047/907/1730 4052/970/1793
f 4050/971/1794 4052/970/1793 4047/907/1730
f 4047/907/1730 4046/908/1731 4050/971/1794
f 4048/972/1795 4050/971/1794 4046/908/1731
f 4046/908/1731 4045/909/1732 4048/972/1795
f 4005/973/1796 4048/972/1795 4045/909/1732
f 4045/909/1732 4004/910/1733 4005/973/1796
f 4003/974/1797 4005/973/1796 4004/910/1733
f 4004/910/1733 4002/911/1734 4003/974/1797
f 4001/975/1798 4003/974/1797 4002/911/1734
f 4002/911/1734 4000/912/1735 4001/975/1798
f 4000/912/1735 4146/913/1736 4001/975/1798
f 4149/976/1799 4001/975/1798 4146/913/1736
f 4148/977/1800 4149/976/1799 4146/913/1736
f 4146/913/1736 4145/914/1737 4148/977/1800
f 4147/916/1739 4148/977/1800 4145/914/1737
f 4145/914/1737 4144/915/1738 4147/916/1739
f 4148/977/1800 4147/916/1739 4150/917/1740
f 4151/978/1801 4148/977/1800 4150/917/1740
f 4150/917/1740 4165/918/1741 4151/978/1801
f 4166/979/1802 4151/978/1801 4165/918/1741
f 4165/918/1741 4164/919/1742 4166/979/1802
f 4163/980/1803 4166/979/1802 4164/919/1742
f 4164/919/1742 4161/920/1743 4163/980/1803
f 4160/981/1804 4163/980/1803 4161/920/1743
f 4161/920/1743 4153/921/1744 4160/981/1804
f 4155/982/1805 4160/981/1804 4153/921/1744
f 4153/921/1744 4154/922/1745 4155/982/1805
f 4156/983/1806 4155/982/1805 4154/922/1745
f 4154/922/1745 4180/923/1746 4156/983/1806
f 4181/984/1807 4156/983/1806 4180/923/1746
f 4180/923/1746 4179/924/1747 4181/984/1807
f 4178/985/1808 4181/984/1807 4179/924/1747
f 4179/924/1747 4176/925/1748 4178/985/1808
f 4175/986/1809 4178/985/1808 4176/925/1748
f 4176/925/1748 4168/926/1749 4175/986/1809
f 4170/987/1810 4175/986/1809 4168/926/1749
f 4168/926/1749 4169/927/1750 4170/987/1810
f 4169/927/1750 4171/928/1751 4170/987/1810
f 4172/988/1811 4170/987/1810 4171/928/1751
f 4171/928/1751 4173/929/1752 4172/988/1811
f 4102/989/1812 4172/988/1811 4173/929/1752
f 4173/929/1752 4111/930/1753 4102/989/1812
f 4103/990/1813 4102/989/1812 4111/930/1753
f 4111/930/1753 4112/931/1754 4103/990/1813
f 4104/991/1814 4103/990/1813 4112/931/1754
f 4112/931/1754 4113/932/1755 4104/991/1814
f 4113/932/1755 4108/933/1756 4104/991/1814
f 4105/992/1815 4104/991/1814 4108/933/1756
f 4106/993/1816 4105/992/1815 4108/933/1756
f 4108/933/1756 4109/934/1757 4106/993/1816
f 4107/994/1817 4106/993/1816 4109/934/1757
f 4109/934/1757 4110/935/1758 4107/994/1817
f 4110/935/1758 3955/936/1759 4107/994/1817
f 3936/995/1818 4107/994/1817 3955/936/1759
f 3955/936/1759 3954/937/1760 3936/995/1818
f 3935/996/1819 3936/995/1818 3954/937/1760
f 3992/997/1820 3935/996/1819 3954/937/1760
f 3954/937/1760 3998/938/1761 3992/997/1820
f 3998/938/1761 4339/939/1762 3992/997/1820
f 4336/998/1821 3992/997/1820 4339/939/1762
f 4337/999/1822 4336/998/1821 4339/939/1762
f 4339/939/1762 4340/940/1763 4337/999/1822
f 4338/1000/1823 4337/999/1822 4340/940/1763
f 4340/940/1763 4341/941/1764 4338/1000/1823
f 4342/1001/1824 4338/1000/1823 4341/941/1764
f 4341/941/1764 4345/942/1765 4342/1001/1824
f 4343/1002/1825 4342/1001/1824 4345/942/1765
f 4345/942/1765 4346/943/1766 4343/1002/1825
f 4344/1003/1826 4343/1002/1825 4346/943/1766
f 4346/943/1766 4347/944/1767 4344/1003/1826
f 4352/1004/1827 4344/1003/1826 4347/944/1767
f 4347/944/1767 4354/945/1768 4352/1004/1827
f 4350/1005/1828 4352/1004/1827 4354/945/1768
f 4354/945/1768 4355/946/1769 4350/1005/1828
f 4348/948/1771 4350/1005/1828 4355/946/1769
f 4355/946/1769 4356/947/1770 4348/948/1771
f 4350/1005/1828 4348/948/1771 4349/949/1772
f 4351/1006/1829 4350/1005/1828 4349/949/1772
f 4349/949/1772 4308/950/1773 4351/1006/1829
f 4306/1007/1830 4351/1006/1829 4308/950/1773
f 4308/950/1773 4307/951/1774 4306/1007/1830
f 4305/1008/1831 4306/1007/1830 4307/951/1774
f 4307/951/1774 4309/952/1775 4305/1008/1831
f 4310/1009/1832 4305/1008/1831 4309/952/1775
f 4309/952/1775 4312/953/1776 4310/1009/1832
f 4313/1010/1833 4310/1009/1832 4312/953/1776
f 4312/953/1776 4315/954/1777 4313/1010/1833
f 4316/1011/1834 4313/1010/1833 4315/954/1777
f 4315/954/1777 4375/955/1778 4316/1011/1834
f 4376/1012/1835 4316/1011/1834 4375/955/1778
f 4375/955/1778 4272/956/1779 4376/1012/1835
f 4271/1013/1836 4376/1012/1835 4272/956/1779
f 4272/956/1779 4269/957/1780 4271/1013/1836
f 4268/1014/1837 4271/1013/1836 4269/957/1780
f 4269/957/1780 4248/958/1781 4268/1014/1837
f 4248/958/1781 4247/959/1782 4268/1014/1837
f 4267/1015/1838 4268/1014/1837 4247/959/1782
f 4247/959/1782 4246/960/1783 4267/1015/1838
f 4246/960/1783 4263/961/1784 4267/1015/1838
f 4266/1016/1839 4267/1015/1838 4263/961/1784
f 4265/1017/1840 4266/1016/1839 4263/961/1784
f 4263/961/1784 4262/962/1785 4265/1017/1840
f 4264/1018/1841 4265/1017/1840 4262/962/1785
f 4262/962/1785 4261/963/1786 4264/1018/1841
f 4261/963/1786 4257/964/1787 4264/1018/1841
f 4260/1019/1842 4264/1018/1841 4257/964/1787
f 4259/1020/1843 4260/1019/1842 4257/964/1787
f 4257/964/1787 4256/965/1788 4259/1020/1843
f 4258/1021/1844 4259/1020/1843 4256/965/1788
f 4256/965/1788 4255/966/1789 4258/1021/1844
f 4255/966/1789 3982/967/1790 4258/1021/1844
f 3988/1022/1845 4258/1021/1844 3982/967/1790
f 3904/1023/1846 3988/1022/1845 3982/967/1790
f 3982/967/1790 3882/968/1791 3904/1023/1846
f 3882/968/1791 3883/969/1792 3904/1023/1846
f 3905/1024/1847 3904/1023/1846 3883/969/1792
f 4053/1025/1848 3905/1024/1847 3883/969/1792
f 3883/969/1792 4052/970/1793 4053/1025/1848
f 4051/1026/1849 4053/1025/1848 4052/970/1793
f 4052/970/1793 4050/971/1794 4051/1026/1849
f 4049/1027/1850 4051/1026/1849 4050/971/1794
f 4050/971/1794 4048/972/1795 4049/1027/1850
f 4011/1028/1851 4049/1027/1850 4048/972/1795
f 4048/972/1795 4005/973/1796 4011/1028/1851
f 4010/1029/1852 4011/1028/1851 4005/973/1796
f 4005/973/1796 4003/974/1797 4010/1029/1852
f 4009/1030/1853 4010/1029/1852 4003/974/1797
f 4003/974/1797 4001/975/1798 4009/1030/1853
f 4001/975/1798 4149/976/1799 4009/1030/1853
f 4152/1031/1854 4009/1030/1853 4149/976/1799
f 4151/978/1801 4152/1031/1854 4149/976/1799
f 4149/976/1799 4148/977/1800 4151/978/1801
f 4152/1031/1854 4151/978/1801 4166/979/1802
f 4167/1032/1855 4152/1031/1854 4166/979/1802
f 4166/979/1802 4163/980/1803 4167/1032/1855
f 4162/1033/1856 4167/1032/1855 4163/980/1803
f 4163/980/1803 4160/981/1804 4162/1033/1856
f 4159/1034/1857 4162/1033/1856 4160/981/1804
f 4160/981/1804 4155/982/1805 4159/1034/1857
f 4157/1035/1858 4159/1034/1857 4155/982/1805
f 4155/982/1805 4156/983/1806 4157/1035/1858
f 4158/1036/1859 4157/1035/1858 4156/983/1806
f 4156/983/1806 4181/984/1807 4158/1036/1859
f 4182/1037/1860 4158/1036/1859 4181/984/1807
f 4181/984/1807 4178/985/1808 4182/1037/1860
f 4177/1038/1861 4182/1037/1860 4178/985/1808
f 4178/985/1808 4175/986/1809 4177/1038/1861
f 4174/1039/1862 4177/1038/1861 4175/986/1809
f 4175/986/1809 4170/987/1810 4174/1039/1862
f 4170/987/1810 4172/988/1811 4174/1039/1862
f 4096/1040/1863 4174/1039/1862 4172/988/1811
f 4172/988/1811 4102/989/1812 4096/1040/1863
f 4097/1041/1864 4096/1040/1863 4102/989/1812
f 4102/989/1812 4103/990/1813 4097/1041/1864
f 4098/1042/1865 4097/1041/1864 4103/990/1813
f 4103/990/1813 4104/991/1814 4098/1042/1865
f 4104/991/1814 4105/992/1815 4098/1042/1865
f 4099/1043/1866 4098/1042/1865 4105/992/1815
f 4100/1044/1867 4099/1043/1866 4105/992/1815
f 4105/992/1815 4106/993/1816 4100/1044/1867
f 4101/1045/1868 4100/1044/1867 4106/993/1816
f 4106/993/1816 4107/994/1817 4101/1045/1868
f 4107/994/1817 3936/995/1818 4101/1045/1868
f 3934/1046/1869 4101/1045/1868 3936/995/1818
f 3936/995/1818 3935/996/1819 3934/1046/1869
f 3933/1047/1870 3934/1046/1869 3935/996/1819
f 3993/1048/1871 3933/1047/1870 3935/996/1819
f 3935/996/1819 3992/997/1820 3993/1048/1871
f 3992/997/1820 4336/998/1821 3993/1048/1871
f 4330/1049/1872 3993/1048/1871 4336/998/1821
f 4331/1050/1873 4330/1049/1872 4336/998/1821
f 4336/998/1821 4337/999/1822 4331/1050/1873
f 4332/1051/1874 4331/1050/1873 4337/999/1822
f 4337/999/1822 4338/1000/1823 4332/1051/1874
f 4333/1052/1875 4332/1051/1874 4338/1000/1823
f 4338/1000/1823 4342/1001/1824 4333/1052/1875
f 4334/1053/1876 4333/1052/1875 4342/1001/1824
f 4342/1001/1824 4343/1002/1825 4334/1053/1876
f 4335/1054/1877 4334/1053/1876 4343/1002/1825
f 4343/1002/1825 4344/1003/1826 4335/1054/1877
f 4344/1003/1826 4352/1004/1827 4335/1054/1877
f 4353/1055/1878 4335/1054/1877 4352/1004/1827
f 4351/1006/1829 4353/1055/1878 4352/1004/1827
f 4352/1004/1827 4350/1005/1828 4351/1006/1829
f 4353/1055/1878 4351/1006/1829 4306/1007/1830
f 4304/1056/1879 4353/1055/1878 4306/1007/1830
f 4306/1007/1830 4305/1008/1831 4304/1056/1879
f 4303/1057/1880 4304/1056/1879 4305/1008/1831
f 4305/1008/1831 4310/1009/1832 4303/1057/1880
f 4311/1058/1881 4303/1057/1880 4310/1009/1832
f 4310/1009/1832 4313/1010/1833 4311/1058/1881
f 4314/1059/1882 4311/1058/1881 4313/1010/1833
f 4313/1010/1833 4316/1011/1834 4314/1059/1882
f 4317/1060/1883 4314/1059/1882 4316/1011/1834
f 4316/1011/1834 4376/1012/1835 4317/1060/1883
f 4377/1061/1884 4317/1060/1883 4376/1012/1835
f 4376/1012/1835 4271/1013/1836 4377/1061/1884
f 4270/1062/1885 4377/1061/1884 4271/1013/1836
f 4271/1013/1836 4268/1014/1837 4270/1062/1885
f 4268/1014/1837 4267/1015/1838 4270/1062/1885
f 4267/1015/1838 4266/1016/1839 4270/1062/1885
f 4281/1063/1886 4270/1062/1885 4266/1016/1839
f 4280/1064/1887 4281/1063/1886 4266/1016/1839
f 4266/1016/1839 4265/1017/1840 4280/1064/1887
f 4279/1065/1888 4280/1064/1887 4265/1017/1840
f 4265/1017/1840 4264/1018/1841 4279/1065/1888
f 4264/1018/1841 4260/1019/1842 4279/1065/1888
f 4275/1066/1889 4279/1065/1888 4260/1019/1842
f 4274/1067/1890 4275/1066/1889 4260/1019/1842
f 4260/1019/1842 4259/1020/1843 4274/1067/1890
f 4273/1068/1891 4274/1067/1890 4259/1020/1843
f 4259/1020/1843 4258/1021/1844 4273/1068/1891
f 3987/1069/1892 4273/1068/1891 4258/1021/1844
f 4258/1021/1844 3988/1022/1845 3987/1069/1892
f 3906/1070/1893 3987/1069/1892 3988/1022/1845
f 3988/1022/1845 3904/1023/1846 3906/1070/1893
f 3904/1023/1846 3905/1024/1847 3906/1070/1893
f 3907/1071/1894 3906/1070/1893 3905/1024/1847
f 4073/1072/1895 3907/1071/1894 3905/1024/1847
f 3905/1024/1847 4053/1025/1848 4073/1072/1895
f 4071/1073/1896 4073/1072/1895 4053/1025/1848
f 4053/1025/1848 4051/1026/1849 4071/1073/1896
f 4069/1074/1897 4071/1073/1896 4051/1026/1849
f 4051/1026/1849 4049/1027/1850 4069/1074/1897
f 4068/1075/1898 4069/1074/1897 4049/1027/1850
f 4049/1027/1850 4011/1028/1851 4068/1075/1898
f 4067/1076/1899 4068/1075/1898 4011/1028/1851
f 4011/1028/1851 4010/1029/1852 4067/1076/1899
f 4066/1077/1900 4067/1076/1899 4010/1029/1852
f 4010/1029/1852 4009/1030/1853 4066/1077/1900
f 4009/1030/1853 4152/1031/1854 4066/1077/1900
f 4152/1031/1854 4167/1032/1855 4066/1077/1900
f 4167/1032/1855 4162/1033/1856 4066/1077/1900
f 4062/1078/1901 4066/1077/1900 4162/1033/1856
f 4162/1033/1856 4159/1034/1857 4062/1078/1901
f 4054/1079/1902 4062/1078/1901 4159/1034/1857
f 4159/1034/1857 4157/1035/1858 4054/1079/1902
f 4055/1080/1903 4054/1079/1902 4157/1035/1858
f 4157/1035/1858 4158/1036/1859 4055/1080/1903
f 4063/1081/1904 4055/1080/1903 4158/1036/1859
f 4158/1036/1859 4182/1037/1860 4063/1081/1904
f 4084/1082/1905 4063/1081/1904 4182/1037/1860
f 4182/1037/1860 4177/1038/1861 4084/1082/1905
f 4087/1083/1906 4084/1082/1905 4177/1038/1861
f 4177/1038/1861 4174/1039/1862 4087/1083/1906
f 4174/1039/1862 4096/1040/1863 4087/1083/1906
f 4088/1084/1907 4087/1083/1906 4096/1040/1863
f 4096/1040/1863 4097/1041/1864 4088/1084/1907
f 4089/1085/1908 4088/1084/1907 4097/1041/1864
f 4097/1041/1864 4098/1042/1865 4089/1085/1908
f 4093/1086/1909 4089/1085/1908 4098/1042/1865
f 4098/1042/1865 4099/1043/1866 4093/1086/1909
f 4094/1087/1910 4093/1086/1909 4099/1043/1866
f 4099/1043/1866 4100/1044/1867 4094/1087/1910
f 4095/1088/1911 4094/1087/1910 4100/1044/1867
f 4100/1044/1867 4101/1045/1868 4095/1088/1911
f 4101/1045/1868 3934/1046/1869 4095/1088/1911
f 3938/1089/1912 4095/1088/1911 3934/1046/1869
f 3934/1046/1869 3933/1047/1870 3938/1089/1912
f 3937/1090/1913 3938/1089/1912 3933/1047/1870
f 3996/1091/1914 3937/1090/1913 3933/1047/1870
f 3933/1047/1870 3993/1048/1871 3996/1091/1914
f 3993/1048/1871 4330/1049/1872 3996/1091/1914
f 4327/1092/1915 3996/1091/1914 4330/1049/1872
f 4328/1093/1916 4327/1092/1915 4330/1049/1872
f 4330/1049/1872 4331/1050/1873 4328/1093/1916
f 4329/1094/1917 4328/1093/1916 4331/1050/1873
f 4331/1050/1873 4332/1051/1874 4329/1094/1917
f 4324/1095/1918 4329/1094/1917 4332/1051/1874
f 4332/1051/1874 4333/1052/1875 4324/1095/1918
f 4325/1096/1919 4324/1095/1918 4333/1052/1875
f 4333/1052/1875 4334/1053/1876 4325/1096/1919
f 4326/1097/1920 4325/1096/1919 4334/1053/1876
f 4334/1053/1876 4335/1054/1877 4326/1097/1920
f 4335/1054/1877 4353/1055/1878 4326/1097/1920
f 4353/1055/1878 4304/1056/1879 4326/1097/1920
f 4323/1098/1921 4326/1097/1920 4304/1056/1879
f 4304/1056/1879 4303/1057/1880 4323/1098/1921
f 4303/1057/1880 4311/1058/1881 4323/1098/1921
f 4302/1099/1922 4323/1098/1921 4311/1058/1881
f 4299/1100/1923 4302/1099/1922 4311/1058/1881
f 4311/1058/1881 4314/1059/1882 4299/1100/1923
f 4290/1101/1924 4299/1100/1923 4314/1059/1882
f 4314/1059/1882 4317/1060/1883 4290/1101/1924
f 4284/1102/1925 4290/1101/1924 4317/1060/1883
f 4317/1060/1883 4377/1061/1884 4284/1102/1925
f 4281/1063/1886 4284/1102/1925 4377/1061/1884
f 4377/1061/1884 4270/1062/1885 4281/1063/1886
f 4283/1103/1926 4284/1102/1925 4281/1063/1886
f 4281/1063/1886 4280/1064/1887 4283/1103/1926
f 4282/1104/1927 4283/1103/1926 4280/1064/1887
f 4280/1064/1887 4279/1065/1888 4282/1104/1927
f 4278/1105/1928 4282/1104/1927 4279/1065/1888
f 4279/1065/1888 4275/1066/1889 4278/1105/1928
f 4277/1106/1929 4278/1105/1928 4275/1066/1889
f 4275/1066/1889 4274/1067/1890 4277/1106/1929
f 4276/1107/1930 4277/1106/1929 4274/1067/1890
f 4274/1067/1890 4273/1068/1891 4276/1107/1930
f 3989/1108/1931 4276/1107/1930 4273/1068/1891
f 4273/1068/1891 3987/1069/1892 3989/1108/1931
f 3912/1109/1932 3989/1108/1931 3987/1069/1892
f 3987/1069/1892 3906/1070/1893 3912/1109/1932
f 3906/1070/1893 3907/1071/1894 3912/1109/1932
f 3913/1110/1933 3912/1109/1932 3907/1071/1894
f 3907/1071/1894 4073/1072/1895 3913/1110/1933
f 4074/1111/1934 3913/1110/1933 4073/1072/1895
f 4072/1112/1935 4074/1111/1934 4073/1072/1895
f 4073/1072/1895 4071/1073/1896 4072/1112/1935
f 4070/1113/1936 4072/1112/1935 4071/1073/1896
f 4071/1073/1896 4069/1074/1897 4070/1113/1936
f 4060/1114/1937 4070/1113/1936 4069/1074/1897
f 4069/1074/1897 4068/1075/1898 4060/1114/1937
f 4061/1115/1938 4060/1114/1937 4068/1075/1898
f 4068/1075/1898 4067/1076/1899 4061/1115/1938
f 4062/1078/1901 4061/1115/1938 4067/1076/1899
f 4067/1076/1899 4066/1077/1900 4062/1078/1901
f 4061/1115/1938 4062/1078/1901 4054/1079/1902
f 4056/1116/1939 4061/1115/1938 4054/1079/1902
f 4054/1079/1902 4055/1080/1903 4056/1116/1939
f 4057/1117/1940 4056/1116/1939 4055/1080/1903
f 4055/1080/1903 4063/1081/1904 4057/1117/1940
f 4064/1118/1941 4057/1117/1940 4063/1081/1904
f 4063/1081/1904 4084/1082/1905 4064/1118/1941
f 4085/1119/1942 4064/1118/1941 4084/1082/1905
f 4084/1082/1905 4087/1083/1906 4085/1119/1942
f 4087/1083/1906 4088/1084/1907 4085/1119/1942
f 4086/1120/1943 4085/1119/1942 4088/1084/1907
f 4088/1084/1907 4089/1085/1908 4086/1120/1943
f 4090/1121/1944 4086/1120/1943 4089/1085/1908
f 4089/1085/1908 4093/1086/1909 4090/1121/1944
f 4091/1122/1945 4090/1121/1944 4093/1086/1909
f 4093/1086/1909 4094/1087/1910 4091/1122/1945
f 4092/1123/1946 4091/1122/1945 4094/1087/1910
f 4094/1087/1910 4095/1088/1911 4092/1123/1946
f 4095/1088/1911 3938/1089/1912 4092/1123/1946
f 3932/1124/1947 4092/1123/1946 3938/1089/1912
f 3938/1089/1912 3937/1090/1913 3932/1124/1947
f 3931/1125/1948 3932/1124/1947 3937/1090/1913
f 3994/1126/1949 3931/1125/1948 3937/1090/1913
f 3937/1090/1913 3996/1091/1914 3994/1126/1949
f 4318/1127/1950 3994/1126/1949 3996/1091/1914
f 3996/1091/1914 4327/1092/1915 4318/1127/1950
f 4319/1128/1951 4318/1127/1950 4327/1092/1915
f 4327/1092/1915 4328/1093/1916 4319/1128/1951
f 4320/1129/1952 4319/1128/1951 4328/1093/1916
f 4328/1093/1916 4329/1094/1917 4320/1129/1952
f 4321/1130/1953 4320/1129/1952 4329/1094/1917
f 4329/1094/1917 4324/1095/1918 4321/1130/1953
f 4322/1131/1954 4321/1130/1953 4324/1095/1918
f 4324/1095/1918 4325/1096/1919 4322/1131/1954
f 4323/1098/1921 4322/1131/1954 4325/1096/1919
f 4325/1096/1919 4326/1097/1920 4323/1098/1921
f 4322/1131/1954 4323/1098/1921 4302/1099/1922
f 4301/1132/1955 4322/1131/1954 4302/1099/1922
f 4302/1099/1922 4299/1100/1923 4301/1132/1955
f 4298/1133/1956 4301/1132/1955 4299/1100/1923
f 4299/1100/1923 4290/1101/1924 4298/1133/1956
f 4289/1134/1957 4298/1133/1956 4290/1101/1924
f 4290/1101/1924 4284/1102/1925 4289/1134/1957
f 4284/1102/1925 4283/1103/1926 4289/1134/1957
f 4288/1135/1958 4289/1134/1957 4283/1103/1926
f 4283/1103/1926 4282/1104/1927 4288/1135/1958
f 4287/1136/1959 4288/1135/1958 4282/1104/1927
f 4282/1104/1927 4278/1105/1928 4287/1136/1959
f 4286/1137/1960 4287/1136/1959 4278/1105/1928
f 4278/1105/1928 4277/1106/1929 4286/1137/1960
f 4285/1138/1961 4286/1137/1960 4277/1106/1929
f 4277/1106/1929 4276/1107/1930 4285/1138/1961
f 3979/1139/1962 4285/1138/1961 4276/1107/1930
f 4276/1107/1930 3989/1108/1931 3979/1139/1962
f 3908/1140/1963 3979/1139/1962 3989/1108/1931
f 3989/1108/1931 3912/1109/1932 3908/1140/1963
f 3912/1109/1932 3913/1110/1933 3908/1140/1963
f 3909/1141/1964 3908/1140/1963 3913/1110/1933
f 3913/1110/1933 4074/1111/1934 3909/1141/1964
f 4077/1142/1965 3909/1141/1964 4074/1111/1934
f 4076/1143/1966 4077/1142/1965 4074/1111/1934
f 4074/1111/1934 4072/1112/1935 4076/1143/1966
f 4075/1144/1967 4076/1143/1966 4072/1112/1935
f 4072/1112/1935 4070/1113/1936 4075/1144/1967
f 4058/1145/1968 4075/1144/1967 4070/1113/1936
f 4070/1113/1936 4060/1114/1937 4058/1145/1968
f 4056/1116/1939 4058/1145/1968 4060/1114/1937
f 4060/1114/1937 4061/1115/1938 4056/1116/1939
f 4058/1145/1968 4056/1116/1939 4057/1117/1940
f 4059/1146/1969 4058/1145/1968 4057/1117/1940
f 4057/1117/1940 4064/1118/1941 4059/1146/1969
f 4065/1147/1970 4059/1146/1969 4064/1118/1941
f 4064/1118/1941 4085/1119/1942 4065/1147/1970
f 4085/1119/1942 4086/1120/1943 4065/1147/1970
f 4081/1148/1971 4065/1147/1970 4086/1120/1943
f 4086/1120/1943 4090/1121/1944 4081/1148/1971
f 4082/1149/1972 4081/1148/1971 4090/1121/1944
f 4090/1121/1944 4091/1122/1945 4082/1149/1972
f 4083/1150/1973 4082/1149/1972 4091/1122/1945
f 4091/1122/1945 4092/1123/1946 4083/1150/1973
f 4092/1123/1946 3932/1124/1947 4083/1150/1973
f 3930/1151/1974 4083/1150/1973 3932/1124/1947
f 3932/1124/1947 3931/1125/1948 3930/1151/1974
f 3929/1152/1975 3930/1151/1974 3931/1125/1948
f 3995/1153/1976 3929/1152/1975 3931/1125/1948
f 3931/1125/1948 3994/1126/1949 3995/1153/1976
f 3994/1126/1949 4318/1127/1950 3995/1153/1976
f 4294/1154/1977 3995/1153/1976 4318/1127/1950
f 4295/1155/1978 4294/1154/1977 4318/1127/1950
f 4318/1127/1950 4319/1128/1951 4295/1155/1978
f 4296/1156/1979 4295/1155/1978 4319/1128/1951
f 4319/1128/1951 4320/1129/1952 4296/1156/1979
f 4320/1129/1952 4321/1130/1953 4296/1156/1979
f 4300/1157/1980 4296/1156/1979 4321/1130/1953
f 4301/1132/1955 4300/1157/1980 4321/1130/1953
f 4321/1130/1953 4322/1131/1954 4301/1132/1955
f 4300/1157/1980 4301/1132/1955 4298/1133/1956
f 4297/1158/1981 4300/1157/1980 4298/1133/1956
f 4298/1133/1956 4289/1134/1957 4297/1158/1981
f 4289/1134/1957 4288/1135/1958 4297/1158/1981
f 4293/1159/1982 4297/1158/1981 4288/1135/1958
f 4288/1135/1958 4287/1136/1959 4293/1159/1982
f 4292/1160/1983 4293/1159/1982 4287/1136/1959
f 4287/1136/1959 4286/1137/1960 4292/1160/1983
f 4291/1161/1984 4292/1160/1983 4286/1137/1960
f 4286/1137/1960 4285/1138/1961 4291/1161/1984
f 3980/1162/1985 4291/1161/1984 4285/1138/1961
f 4285/1138/1961 3979/1139/1962 3980/1162/1985
f 3910/1163/1986 3980/1162/1985 3979/1139/1962
f 3979/1139/1962 3908/1140/1963 3910/1163/1986
f 3908/1140/1963 3909/1141/1964 3910/1163/1986
f 3911/1164/1987 3910/1163/1986 3909/1141/1964
f 3909/1141/1964 4077/1142/1965 3911/1164/1987
f 4080/1165/1988 3911/1164/1987 4077/1142/1965
f 4079/1166/1989 4080/1165/1988 4077/1142/1965
f 4077/1142/1965 4076/1143/1966 4079/1166/1989
f 4078/1167/1990 4079/1166/1989 4076/1143/1966
f 4076/1143/1966 4075/1144/1967 4078/1167/1990
f 4059/1146/1969 4078/1167/1990 4075/1144/1967
f 4075/1144/1967 4058/1145/1968 4059/1146/1969
f 4081/1148/1971 4078/1167/1990 4059/1146/1969
f 4059/1146/1969 4065/1147/1970 4081/1148/1971
f 4079/1166/1989 4078/1167/1990 4081/1148/1971
f 4081/1148/1971 4082/1149/1972 4079/1166/1989
f 4080/1165/1988 4079/1166/1989 4082/1149/1972
f 4082/1149/1972 4083/1150/1973 4080/1165/1988
f 4083/1150/1973 3930/1151/1974 4080/1165/1988
f 3911/1164/1987 4080/1165/1988 3930/1151/1974
f 3930/1151/1974 3929/1152/1975 3911/1164/1987
f 3910/1163/1986 3911/1164/1987 3929/1152/1975
f 3980/1162/1985 3910/1163/1986 3929/1152/1975
f 3929/1152/1975 3995/1153/1976 3980/1162/1985
f 4291/1161/1984 3980/1162/1985 3995/1153/1976
f 3995/1153/1976 4294/1154/1977 4291/1161/1984
f 4292/1160/1983 4291/1161/1984 4294/1154/1977
f 4294/1154/1977 4295/1155/1978 4292/1160/1983
f 4293/1159/1982 4292/1160/1983 4295/1155/1978
f 4295/1155/1978 4296/1156/1979 4293/1159/1982
f 4296/1156/1979 4300/1157/1980 4293/1159/1982
f 4297/1158/1981 4293/1159/1982 4300/1157/1980
