# Blender 5.1.0
# www.blender.org
o w9a02_metalwall703
v -5.259781 0.507947 1.085533
v -5.254117 0.507947 1.085533
v -5.259781 0.500447 1.093034
v -5.254117 0.500447 1.093034
v -5.259781 0.500447 1.093034
v -5.254117 0.500447 1.093034
v -5.259781 0.490201 1.090288
v -5.254117 0.490201 1.090288
v -5.259781 0.490201 1.090288
v -5.254117 0.490201 1.090288
v -5.259781 0.487456 1.080043
v -5.254117 0.487456 1.079722
v -5.259781 0.487456 1.080043
v -5.254117 0.487456 1.079722
v -5.259781 0.494956 1.072542
v -5.254117 0.494956 1.072542
v -5.259781 0.494956 1.072542
v -5.254117 0.494956 1.072542
v -5.259781 0.505202 1.075288
v -5.254117 0.505202 1.075288
v -5.259781 0.505202 1.075288
v -5.254117 0.505202 1.075288
v -5.259781 0.507947 1.085533
v -5.254117 0.507947 1.085533
v -5.254117 0.494956 1.072542
v -5.254117 0.497701 1.082788
v -5.254117 0.505202 1.075288
v -5.254117 0.505202 1.075288
v -5.254117 0.497701 1.082788
v -5.254117 0.507947 1.085533
v -5.254117 0.507947 1.085533
v -5.254117 0.497701 1.082788
v -5.254117 0.500447 1.093034
v -5.254117 0.500447 1.093034
v -5.254117 0.497701 1.082788
v -5.254117 0.490201 1.090288
v -5.254117 0.490201 1.090288
v -5.254117 0.497701 1.082788
v -5.254117 0.487456 1.079722
v -5.254117 0.487456 1.079722
v -5.254117 0.497701 1.082788
v -5.254117 0.494956 1.072542
v -5.259781 0.506941 0.737792
v -5.254117 0.506941 0.737792
v -5.259781 0.497141 0.741851
v -5.254117 0.497141 0.741851
v -5.259781 0.497141 0.741851
v -5.254117 0.497141 0.741851
v -5.259781 0.488726 0.735394
v -5.254117 0.488726 0.735394
v -5.259781 0.488726 0.735394
v -5.254117 0.488726 0.735394
v -5.259781 0.490111 0.724878
v -5.254117 0.490111 0.724878
v -5.259781 0.490111 0.724878
v -5.254117 0.490111 0.724878
v -5.259781 0.499911 0.720819
v -5.254117 0.499911 0.720819
v -5.259781 0.499911 0.720819
v -5.254117 0.499911 0.720819
v -5.259781 0.508326 0.727276
v -5.254117 0.508326 0.727276
v -5.259781 0.508326 0.727276
v -5.254117 0.508326 0.727276
v -5.259781 0.506941 0.737792
v -5.254117 0.506941 0.737792
v -5.254117 0.499911 0.720819
v -5.254117 0.498526 0.731335
v -5.254117 0.508326 0.727276
v -5.254117 0.508326 0.727276
v -5.254117 0.498526 0.731335
v -5.254117 0.506941 0.737792
v -5.254117 0.506941 0.737792
v -5.254117 0.498526 0.731335
v -5.254117 0.497141 0.741851
v -5.254117 0.497141 0.741851
v -5.254117 0.498526 0.731335
v -5.254117 0.488726 0.735394
v -5.254117 0.488726 0.735394
v -5.254117 0.498526 0.731335
v -5.254117 0.490111 0.724878
v -5.254117 0.490111 0.724878
v -5.254117 0.498526 0.731335
v -5.254117 0.499911 0.720819
v -5.259781 0.386995 0.734081
v -5.254117 0.386995 0.734081
v -5.259781 0.379494 0.741581
v -5.254117 0.379494 0.741581
v -5.259781 0.379494 0.741581
v -5.254117 0.379494 0.741581
v -5.259781 0.369249 0.738835
v -5.254117 0.369249 0.738835
v -5.259781 0.369249 0.738835
v -5.254117 0.369249 0.738835
v -5.259781 0.366504 0.728590
v -5.254117 0.366504 0.728590
v -5.259781 0.366504 0.728590
v -5.254117 0.366504 0.728590
v -5.259781 0.374004 0.721090
v -5.254117 0.374004 0.721090
v -5.259781 0.374004 0.721090
v -5.254117 0.374004 0.721090
v -5.259781 0.384249 0.723834
v -5.254117 0.384249 0.723834
v -5.259781 0.384249 0.723834
v -5.254117 0.384249 0.723834
v -5.259781 0.386995 0.734081
v -5.254117 0.386995 0.734081
v -5.254117 0.374004 0.721090
v -5.254117 0.376749 0.731335
v -5.254117 0.384249 0.723834
v -5.254117 0.384249 0.723834
v -5.254117 0.376749 0.731335
v -5.254117 0.386995 0.734081
v -5.254117 0.386995 0.734081
v -5.254117 0.376749 0.731335
v -5.254117 0.379494 0.741581
v -5.254117 0.379494 0.741581
v -5.254117 0.376749 0.731335
v -5.254117 0.369249 0.738835
v -5.254117 0.369249 0.738835
v -5.254117 0.376749 0.731335
v -5.254117 0.366504 0.728590
v -5.254117 0.366504 0.728590
v -5.254117 0.376749 0.731335
v -5.254117 0.374004 0.721090
v -5.259781 0.381228 1.091653
v -5.254117 0.381228 1.091653
v -5.259781 0.370621 1.091653
v -5.254117 0.370621 1.091653
v -5.259781 0.370621 1.091653
v -5.254117 0.370621 1.091653
v -5.259781 0.365318 1.082467
v -5.254117 0.365318 1.082467
v -5.259781 0.365318 1.082467
v -5.254117 0.365318 1.082467
v -5.259781 0.370621 1.073281
v -5.254117 0.370621 1.073281
v -5.259781 0.370621 1.073281
v -5.254117 0.370621 1.073281
v -5.259781 0.381228 1.073281
v -5.254117 0.381228 1.073281
v -5.259781 0.381228 1.073281
v -5.254117 0.381228 1.073281
v -5.259781 0.386532 1.082467
v -5.254117 0.386532 1.082467
v -5.259781 0.386532 1.082467
v -5.254117 0.386532 1.082467
v -5.259781 0.381228 1.091653
v -5.254117 0.381228 1.091653
v -5.254117 0.381228 1.073281
v -5.254117 0.375925 1.082467
v -5.254117 0.386532 1.082467
v -5.254117 0.386532 1.082467
v -5.254117 0.375925 1.082467
v -5.254117 0.381228 1.091653
v -5.254117 0.381228 1.091653
v -5.254117 0.375925 1.082467
v -5.254117 0.370621 1.091653
v -5.254117 0.370621 1.091653
v -5.254117 0.375925 1.082467
v -5.254117 0.365318 1.082467
v -5.254117 0.365318 1.082467
v -5.254117 0.375925 1.082467
v -5.254117 0.370621 1.073281
v -5.254117 0.370621 1.073281
v -5.254117 0.375925 1.082467
v -5.254117 0.381228 1.073281
v -5.264265 0.419497 -0.287826
v -5.254495 0.419497 -0.287826
v -5.264265 0.412867 -0.281196
v -5.254495 0.412867 -0.281196
v -5.264265 0.412867 -0.281196
v -5.254495 0.412867 -0.281196
v -5.264265 0.403811 -0.283623
v -5.254495 0.403811 -0.283623
v -5.264265 0.403811 -0.283623
v -5.254495 0.403811 -0.283623
v -5.264265 0.401384 -0.292679
v -5.254495 0.401384 -0.292679
v -5.264265 0.401384 -0.292679
v -5.254495 0.401384 -0.292679
v -5.264265 0.408014 -0.299309
v -5.254495 0.408014 -0.299309
v -5.264265 0.408014 -0.299309
v -5.254495 0.408014 -0.299309
v -5.264265 0.417070 -0.296882
v -5.254495 0.417070 -0.296882
v -5.264265 0.417070 -0.296882
v -5.254495 0.417070 -0.296882
v -5.264265 0.419497 -0.287826
v -5.254495 0.419497 -0.287826
v -5.254495 0.408014 -0.299309
v -5.254495 0.410440 -0.290253
v -5.254495 0.417070 -0.296882
v -5.254495 0.417070 -0.296882
v -5.254495 0.410440 -0.290253
v -5.254495 0.419497 -0.287826
v -5.254495 0.419497 -0.287826
v -5.254495 0.410440 -0.290253
v -5.254495 0.412867 -0.281196
v -5.254495 0.412867 -0.281196
v -5.254495 0.410440 -0.290253
v -5.254495 0.403811 -0.283623
v -5.254495 0.403811 -0.283623
v -5.254495 0.410440 -0.290253
v -5.254495 0.401384 -0.292679
v -5.254495 0.401384 -0.292679
v -5.254495 0.410440 -0.290253
v -5.254495 0.408014 -0.299309
v -5.264265 0.419736 -0.495182
v -5.254495 0.419736 -0.495182
v -5.264265 0.416148 -0.486520
v -5.254495 0.416148 -0.486520
v -5.264265 0.416148 -0.486520
v -5.254495 0.416148 -0.486520
v -5.264265 0.406852 -0.485296
v -5.254495 0.406852 -0.485296
v -5.264265 0.406852 -0.485296
v -5.254495 0.406852 -0.485296
v -5.264265 0.401145 -0.492734
v -5.254495 0.401145 -0.492734
v -5.264265 0.401145 -0.492734
v -5.254495 0.401145 -0.492734
v -5.264265 0.404733 -0.501396
v -5.254495 0.404733 -0.501396
v -5.264265 0.404733 -0.501396
v -5.254495 0.404733 -0.501396
v -5.264265 0.414028 -0.502620
v -5.254495 0.414028 -0.502620
v -5.264265 0.414028 -0.502620
v -5.254495 0.414028 -0.502620
v -5.264265 0.419736 -0.495182
v -5.254495 0.419736 -0.495182
v -5.254495 0.404733 -0.501396
v -5.254495 0.410440 -0.493958
v -5.254495 0.414028 -0.502620
v -5.254495 0.419736 -0.495182
v -5.254495 0.419736 -0.495182
v -5.254495 0.410440 -0.493958
v -5.254495 0.416148 -0.486520
v -5.254495 0.416148 -0.486520
v -5.254495 0.410440 -0.493958
v -5.254495 0.406852 -0.485296
v -5.254495 0.406852 -0.485296
v -5.254495 0.410440 -0.493958
v -5.254495 0.401145 -0.492734
v -5.254495 0.401145 -0.492734
v -5.254495 0.410440 -0.493958
v -5.254495 0.404733 -0.501396
v -5.264265 0.289626 -0.500546
v -5.254495 0.289626 -0.500546
v -5.264265 0.289626 -0.491171
v -5.254495 0.289626 -0.491171
v -5.264265 0.289626 -0.491171
v -5.254495 0.289626 -0.491171
v -5.264265 0.281507 -0.486483
v -5.254495 0.281507 -0.486483
v -5.264265 0.281507 -0.486483
v -5.254495 0.281507 -0.486483
v -5.264265 0.273387 -0.491171
v -5.254495 0.273387 -0.491171
v -5.264265 0.273387 -0.491171
v -5.254495 0.273387 -0.491171
v -5.264265 0.273387 -0.500546
v -5.254495 0.273387 -0.500546
v -5.264265 0.273387 -0.500546
v -5.254495 0.273387 -0.500546
v -5.264265 0.281507 -0.505234
v -5.254495 0.281507 -0.505234
v -5.264265 0.281507 -0.505234
v -5.254495 0.281507 -0.505234
v -5.264265 0.289626 -0.500546
v -5.254495 0.289626 -0.500546
v -5.254495 0.273387 -0.500546
v -5.254495 0.281507 -0.495858
v -5.254495 0.281507 -0.505234
v -5.254495 0.281507 -0.505234
v -5.254495 0.281507 -0.495858
v -5.254495 0.289626 -0.500546
v -5.254495 0.289626 -0.500546
v -5.254495 0.281507 -0.495858
v -5.254495 0.289626 -0.491171
v -5.254495 0.289626 -0.491171
v -5.254495 0.281507 -0.495858
v -5.254495 0.281507 -0.486483
v -5.254495 0.281507 -0.486483
v -5.254495 0.281507 -0.495858
v -5.254495 0.273387 -0.491171
v -5.254495 0.273387 -0.491171
v -5.254495 0.281507 -0.495858
v -5.254495 0.273387 -0.500546
v -5.264265 0.286195 -0.282133
v -5.254495 0.286195 -0.282133
v -5.264265 0.276819 -0.282133
v -5.254495 0.276819 -0.282133
v -5.264265 0.276819 -0.282133
v -5.254495 0.276819 -0.282133
v -5.264265 0.272131 -0.290253
v -5.254495 0.272131 -0.290253
v -5.264265 0.272131 -0.290253
v -5.254495 0.272131 -0.290253
v -5.264265 0.276819 -0.298372
v -5.254495 0.276819 -0.298372
v -5.264265 0.276819 -0.298372
v -5.254495 0.276819 -0.298372
v -5.264265 0.286195 -0.298372
v -5.254495 0.286195 -0.298372
v -5.264265 0.286195 -0.298372
v -5.254495 0.286195 -0.298372
v -5.264265 0.290882 -0.290253
v -5.254495 0.290882 -0.290253
v -5.264265 0.290882 -0.290253
v -5.254495 0.290882 -0.290253
v -5.264265 0.286195 -0.282133
v -5.254495 0.286195 -0.282133
v -5.254495 0.286195 -0.298372
v -5.254495 0.281507 -0.290253
v -5.254495 0.290882 -0.290253
v -5.254495 0.290882 -0.290253
v -5.254495 0.281507 -0.290253
v -5.254495 0.286195 -0.282133
v -5.254495 0.286195 -0.282133
v -5.254495 0.281507 -0.290253
v -5.254495 0.276819 -0.282133
v -5.254495 0.276819 -0.282133
v -5.254495 0.281507 -0.290253
v -5.254495 0.272131 -0.290253
v -5.254495 0.272131 -0.290253
v -5.254495 0.281507 -0.290253
v -5.254495 0.276819 -0.298372
v -5.254495 0.276819 -0.298372
v -5.254495 0.281507 -0.290253
v -5.254495 0.286195 -0.298372
v -6.275233 1.180048 -0.432054
v -6.271882 1.189225 -0.432054
v -6.256855 1.173337 -0.412488
v -6.253503 1.182515 -0.412488
v -6.256855 1.173337 -0.412488
v -6.253503 1.182515 -0.412488
v -6.231750 1.164171 -0.419650
v -6.228399 1.173348 -0.419650
v -6.231750 1.164171 -0.419650
v -6.228399 1.173348 -0.419650
v -6.225023 1.161715 -0.446376
v -6.221672 1.170892 -0.446376
v -6.225023 1.161715 -0.446376
v -6.221672 1.170892 -0.446376
v -6.243401 1.168425 -0.465942
v -6.240050 1.177602 -0.465942
v -6.243401 1.168425 -0.465942
v -6.240050 1.177602 -0.465942
v -6.268506 1.177592 -0.458780
v -6.265155 1.186769 -0.458780
v -6.268506 1.177592 -0.458780
v -6.265155 1.186769 -0.458780
v -6.275233 1.180048 -0.432054
v -6.271882 1.189225 -0.432054
v -6.240050 1.177602 -0.465942
v -6.246777 1.180058 -0.439215
v -6.265155 1.186769 -0.458780
v -6.265155 1.186769 -0.458780
v -6.246777 1.180058 -0.439215
v -6.271882 1.189225 -0.432054
v -6.271882 1.189225 -0.432054
v -6.246777 1.180058 -0.439215
v -6.253503 1.182515 -0.412488
v -6.253503 1.182515 -0.412488
v -6.246777 1.180058 -0.439215
v -6.228399 1.173348 -0.419650
v -6.228399 1.173348 -0.419650
v -6.246777 1.180058 -0.439215
v -6.221672 1.170892 -0.446376
v -6.221672 1.170892 -0.446376
v -6.246777 1.180058 -0.439215
v -6.240050 1.177602 -0.465942
v -6.272636 1.179100 0.382121
v -6.269286 1.188277 0.382121
v -6.272636 1.179100 0.409791
v -6.269286 1.188277 0.409791
v -6.272636 1.179100 0.409791
v -6.269286 1.188277 0.409791
v -6.250127 1.170881 0.423626
v -6.246777 1.180058 0.423626
v -6.250127 1.170881 0.423626
v -6.246777 1.180058 0.423626
v -6.227619 1.162663 0.409791
v -6.224268 1.171840 0.409791
v -6.227619 1.162663 0.409791
v -6.224268 1.171840 0.409791
v -6.227619 1.162663 0.382121
v -6.224268 1.171840 0.382121
v -6.227619 1.162663 0.382121
v -6.224268 1.171840 0.382121
v -6.250128 1.170881 0.368287
v -6.246777 1.180058 0.368287
v -6.250128 1.170881 0.368287
v -6.246777 1.180058 0.368287
v -6.272636 1.179100 0.382121
v -6.269286 1.188277 0.382121
v -6.224268 1.171840 0.382121
v -6.246777 1.180058 0.395956
v -6.246777 1.180058 0.368287
v -6.246777 1.180058 0.368287
v -6.246777 1.180058 0.395956
v -6.269286 1.188277 0.382121
v -6.269286 1.188277 0.382121
v -6.246777 1.180058 0.395956
v -6.269286 1.188277 0.409791
v -6.269286 1.188277 0.409791
v -6.246777 1.180058 0.395956
v -6.246777 1.180058 0.423626
v -6.246777 1.180058 0.423626
v -6.246777 1.180058 0.395956
v -6.224268 1.171840 0.409791
v -6.224268 1.171840 0.409791
v -6.246777 1.180058 0.395956
v -6.224268 1.171840 0.382121
v -5.413896 0.867749 -0.453050
v -5.410545 0.876926 -0.453050
v -5.413895 0.867749 -0.425380
v -5.410544 0.876926 -0.425380
v -5.413895 0.867749 -0.425380
v -5.410544 0.876926 -0.425380
v -5.391387 0.859530 -0.411546
v -5.388035 0.868707 -0.411546
v -5.391387 0.859530 -0.411546
v -5.388035 0.868707 -0.411546
v -5.368878 0.851312 -0.425380
v -5.365527 0.860489 -0.425380
v -5.368878 0.851312 -0.425380
v -5.365527 0.860489 -0.425380
v -5.368878 0.851312 -0.453050
v -5.365527 0.860489 -0.453050
v -5.368878 0.851312 -0.453050
v -5.365527 0.860489 -0.453050
v -5.391387 0.859530 -0.466885
v -5.388036 0.868708 -0.466885
v -5.391387 0.859530 -0.466885
v -5.388036 0.868708 -0.466885
v -5.413896 0.867749 -0.453050
v -5.410545 0.876926 -0.453050
v -5.365527 0.860489 -0.453050
v -5.388036 0.868708 -0.439215
v -5.388036 0.868708 -0.466885
v -5.388036 0.868708 -0.466885
v -5.388036 0.868708 -0.439215
v -5.410545 0.876926 -0.453050
v -5.410545 0.876926 -0.453050
v -5.388036 0.868708 -0.439215
v -5.410544 0.876926 -0.425380
v -5.410544 0.876926 -0.425380
v -5.388036 0.868708 -0.439215
v -5.388035 0.868707 -0.411546
v -5.388035 0.868707 -0.411546
v -5.388036 0.868708 -0.439215
v -5.365527 0.860489 -0.425380
v -5.365527 0.860489 -0.425380
v -5.388036 0.868708 -0.439215
v -5.365527 0.860489 -0.453050
v -5.407209 0.865307 0.374004
v -5.403858 0.874485 0.374004
v -5.417156 0.868939 0.399568
v -5.413805 0.878116 0.399568
v -5.417156 0.868939 0.399568
v -5.413805 0.878116 0.399568
v -5.401333 0.863162 0.421519
v -5.397982 0.872339 0.421519
v -5.401333 0.863162 0.421519
v -5.397982 0.872339 0.421519
v -5.375564 0.853753 0.417908
v -5.372213 0.862930 0.417908
v -5.375564 0.853753 0.417908
v -5.372213 0.862930 0.417908
v -5.365618 0.850121 0.392344
v -5.362267 0.859299 0.392344
v -5.365618 0.850121 0.392344
v -5.362267 0.859299 0.392344
v -5.381441 0.855899 0.370393
v -5.378089 0.865076 0.370393
v -5.381441 0.855899 0.370393
v -5.378089 0.865076 0.370393
v -5.407209 0.865307 0.374004
v -5.403858 0.874485 0.374004
v -5.362267 0.859299 0.392344
v -5.388036 0.868708 0.395956
v -5.378089 0.865076 0.370393
v -5.378089 0.865076 0.370393
v -5.388036 0.868708 0.395956
v -5.403858 0.874485 0.374004
v -5.403858 0.874485 0.374004
v -5.388036 0.868708 0.395956
v -5.413805 0.878116 0.399568
v -5.413805 0.878116 0.399568
v -5.388036 0.868708 0.395956
v -5.397982 0.872339 0.421519
v -5.397982 0.872339 0.421519
v -5.388036 0.868708 0.395956
v -5.372213 0.862930 0.417908
v -5.372213 0.862930 0.417908
v -5.388036 0.868708 0.395956
v -5.362267 0.859299 0.392344
v -5.413896 0.867749 -1.340425
v -5.410545 0.876926 -1.340425
v -5.413895 0.867749 -1.312755
v -5.410544 0.876926 -1.312755
v -5.413895 0.867749 -1.312755
v -5.410544 0.876926 -1.312755
v -5.391387 0.859530 -1.298921
v -5.388035 0.868707 -1.298921
v -5.391387 0.859530 -1.298921
v -5.388035 0.868707 -1.298921
v -5.368878 0.851312 -1.312755
v -5.365527 0.860489 -1.312755
v -5.368878 0.851312 -1.312755
v -5.365527 0.860489 -1.312755
v -5.368878 0.851312 -1.340425
v -5.365527 0.860489 -1.340425
v -5.368878 0.851312 -1.340425
v -5.365527 0.860489 -1.340425
v -5.391387 0.859530 -1.354260
v -5.388036 0.868708 -1.354260
v -5.391387 0.859530 -1.354260
v -5.388036 0.868708 -1.354260
v -5.413896 0.867749 -1.340425
v -5.410545 0.876926 -1.340425
v -5.365527 0.860489 -1.340425
v -5.388036 0.868708 -1.326590
v -5.388036 0.868708 -1.354260
v -5.388036 0.868708 -1.354260
v -5.388036 0.868708 -1.326590
v -5.410545 0.876926 -1.340425
v -5.410545 0.876926 -1.340425
v -5.388036 0.868708 -1.326590
v -5.410544 0.876926 -1.312755
v -5.410544 0.876926 -1.312755
v -5.388036 0.868708 -1.326590
v -5.388035 0.868707 -1.298921
v -5.388035 0.868707 -1.298921
v -5.388036 0.868708 -1.326590
v -5.365527 0.860489 -1.312755
v -5.365527 0.860489 -1.312755
v -5.388036 0.868708 -1.326590
v -5.365527 0.860489 -1.340425
v -6.275233 1.180048 -1.319429
v -6.271882 1.189225 -1.319429
v -6.256855 1.173337 -1.299864
v -6.253503 1.182515 -1.299864
v -6.256855 1.173337 -1.299864
v -6.253503 1.182515 -1.299864
v -6.231750 1.164171 -1.307025
v -6.228399 1.173348 -1.307025
v -6.231750 1.164171 -1.307025
v -6.228399 1.173348 -1.307025
v -6.225023 1.161715 -1.333751
v -6.221672 1.170892 -1.333751
v -6.225023 1.161715 -1.333751
v -6.221672 1.170892 -1.333751
v -6.243401 1.168425 -1.353317
v -6.240050 1.177602 -1.353317
v -6.243401 1.168425 -1.353317
v -6.240050 1.177602 -1.353317
v -6.268506 1.177592 -1.346155
v -6.265155 1.186769 -1.346155
v -6.268506 1.177592 -1.346155
v -6.265155 1.186769 -1.346155
v -6.275233 1.180048 -1.319429
v -6.271882 1.189225 -1.319429
v -6.240050 1.177602 -1.353317
v -6.246777 1.180058 -1.326590
v -6.265155 1.186769 -1.346155
v -6.265155 1.186769 -1.346155
v -6.246777 1.180058 -1.326590
v -6.271882 1.189225 -1.319429
v -6.271882 1.189225 -1.319429
v -6.246777 1.180058 -1.326590
v -6.253503 1.182515 -1.299864
v -6.253503 1.182515 -1.299864
v -6.246777 1.180058 -1.326590
v -6.228399 1.173348 -1.307025
v -6.228399 1.173348 -1.307025
v -6.246777 1.180058 -1.326590
v -6.221672 1.170892 -1.333751
v -6.221672 1.170892 -1.333751
v -6.246777 1.180058 -1.326590
v -6.240050 1.177602 -1.353317
v -5.407209 0.865307 1.306172
v -5.403858 0.874484 1.306172
v -5.417156 0.868939 1.331735
v -5.413805 0.878116 1.331735
v -5.417156 0.868939 1.331735
v -5.413805 0.878116 1.331735
v -5.401333 0.863162 1.353687
v -5.397982 0.872339 1.353687
v -5.401333 0.863162 1.353687
v -5.397982 0.872339 1.353687
v -5.375564 0.853753 1.350075
v -5.372213 0.862930 1.350075
v -5.375564 0.853753 1.350075
v -5.372213 0.862930 1.350075
v -5.365618 0.850121 1.324512
v -5.362267 0.859298 1.324512
v -5.365618 0.850121 1.324512
v -5.362267 0.859298 1.324512
v -5.381441 0.855898 1.302561
v -5.378089 0.865076 1.302561
v -5.381441 0.855898 1.302561
v -5.378089 0.865076 1.302561
v -5.407209 0.865307 1.306172
v -5.403858 0.874484 1.306172
v -5.362267 0.859298 1.324512
v -5.388036 0.868708 1.328124
v -5.378089 0.865076 1.302561
v -5.378089 0.865076 1.302561
v -5.388036 0.868708 1.328124
v -5.403858 0.874484 1.306172
v -5.403858 0.874484 1.306172
v -5.388036 0.868708 1.328124
v -5.413805 0.878116 1.331735
v -5.413805 0.878116 1.331735
v -5.388036 0.868708 1.328124
v -5.397982 0.872339 1.353687
v -5.397982 0.872339 1.353687
v -5.388036 0.868708 1.328124
v -5.372213 0.862930 1.350075
v -5.372213 0.862930 1.350075
v -5.388036 0.868708 1.328124
v -5.362267 0.859298 1.324512
v -6.272636 1.179100 1.314289
v -6.269286 1.188277 1.314289
v -6.272636 1.179100 1.341959
v -6.269286 1.188277 1.341959
v -6.272636 1.179100 1.341959
v -6.269286 1.188277 1.341959
v -6.250127 1.170881 1.355793
v -6.246777 1.180058 1.355793
v -6.250127 1.170881 1.355793
v -6.246777 1.180058 1.355793
v -6.227619 1.162663 1.341959
v -6.224268 1.171840 1.341959
v -6.227619 1.162663 1.341959
v -6.224268 1.171840 1.341959
v -6.227619 1.162663 1.314289
v -6.224268 1.171840 1.314289
v -6.227619 1.162663 1.314289
v -6.224268 1.171840 1.314289
v -6.250128 1.170881 1.300454
v -6.246777 1.180058 1.300454
v -6.250128 1.170881 1.300454
v -6.246777 1.180058 1.300454
v -6.272636 1.179100 1.314289
v -6.269286 1.188277 1.314289
v -6.224268 1.171840 1.314289
v -6.246777 1.180058 1.328124
v -6.246777 1.180058 1.300454
v -6.246777 1.180058 1.300454
v -6.246777 1.180058 1.328124
v -6.269286 1.188277 1.314289
v -6.269286 1.188277 1.314289
v -6.246777 1.180058 1.328124
v -6.269286 1.188277 1.341959
v -6.269286 1.188277 1.341959
v -6.246777 1.180058 1.328124
v -6.246777 1.180058 1.355793
v -6.246777 1.180058 1.355793
v -6.246777 1.180058 1.328124
v -6.224268 1.171840 1.341959
v -6.224268 1.171840 1.341959
v -6.246777 1.180058 1.328124
v -6.224268 1.171840 1.314289
v -4.470041 0.076204 3.250995
v -4.455959 0.065615 3.253639
v -4.488541 0.076204 3.295645
v -4.474458 0.065615 3.298288
v -5.181089 0.076204 1.533909
v -5.172998 0.065615 1.522083
v -4.470041 0.076204 3.250995
v -4.455959 0.065615 3.253639
v -4.488541 0.076204 3.295645
v -4.474458 0.065615 3.298288
v -5.515648 0.076204 3.720971
v -5.523739 0.065615 3.732796
v -4.455959 0.065615 3.253639
v -4.455883 0.010084 3.253824
v -4.474458 0.065615 3.298288
v -4.474273 0.010084 3.298211
v -5.225739 0.076204 1.515409
v -5.217648 0.065615 1.503583
v -5.181089 0.076204 1.533909
v -5.172998 0.065615 1.522083
v -4.455959 0.065615 3.253639
v -5.172998 0.065615 1.522083
v -4.455883 0.010084 3.253824
v -5.173075 0.010084 1.521898
v -5.515648 0.076204 3.720971
v -5.523739 0.065615 3.732796
v -5.560297 0.076204 3.702471
v -5.568388 0.065615 3.714297
v -5.523739 0.065615 3.732796
v -4.474458 0.065615 3.298288
v -5.523924 0.010084 3.732873
v -4.474273 0.010084 3.298211
v -6.252845 0.076204 1.940735
v -6.266928 0.065615 1.938092
v -5.225739 0.076204 1.515409
v -5.217648 0.065615 1.503583
v -5.217648 0.065615 1.503583
v -5.217463 0.010084 1.503507
v -5.172998 0.065615 1.522083
v -5.173075 0.010084 1.521898
v -5.560297 0.076204 3.702471
v -5.568388 0.065615 3.714297
v -6.271345 0.076204 1.985385
v -6.285428 0.065615 1.982742
v -5.523739 0.065615 3.732796
v -5.523924 0.010084 3.732873
v -5.568388 0.065615 3.714297
v -5.568312 0.010084 3.714482
v -6.285428 0.065615 1.982742
v -6.285505 0.010084 1.982556
v -6.266928 0.065615 1.938092
v -6.267114 0.010084 1.938168
v -5.217648 0.065615 1.503583
v -6.266928 0.065615 1.938092
v -5.217463 0.010084 1.503507
v -6.267114 0.010084 1.938168
v -6.285428 0.065615 1.982742
v -5.568388 0.065615 3.714297
v -6.285505 0.010084 1.982556
v -5.568312 0.010084 3.714482
v -6.271345 0.076204 1.985385
v -6.285428 0.065615 1.982742
v -6.252845 0.076204 1.940735
v -6.266928 0.065615 1.938092
v -5.523924 0.010084 3.732873
v -4.474273 0.010084 3.298211
v -5.527021 -0.000000 3.725491
v -4.477302 -0.000000 3.290801
v -4.455883 0.010084 3.253824
v -4.464205 -0.000000 3.257310
v -4.474273 0.010084 3.298211
v -4.477302 -0.000000 3.290801
v -5.173075 0.010084 1.521898
v -5.181426 -0.000000 1.525316
v -4.455883 0.010084 3.253824
v -4.464205 -0.000000 3.257310
v -5.217463 0.010084 1.503507
v -5.214366 -0.000000 1.510889
v -5.173075 0.010084 1.521898
v -5.181426 -0.000000 1.525316
v -6.267114 0.010084 1.938168
v -6.264085 -0.000000 1.945578
v -5.217463 0.010084 1.503507
v -5.214366 -0.000000 1.510889
v -6.285505 0.010084 1.982556
v -6.277182 -0.000000 1.979070
v -6.267114 0.010084 1.938168
v -6.264085 -0.000000 1.945578
v -5.568312 0.010084 3.714482
v -5.559961 -0.000000 3.711063
v -6.285505 0.010084 1.982556
v -6.277182 -0.000000 1.979070
v -5.523924 0.010084 3.732873
v -5.527021 -0.000000 3.725491
v -5.568312 0.010084 3.714482
v -5.559961 -0.000000 3.711063
v -5.146122 0.743322 3.489040
v -5.151660 0.744147 3.481592
v -5.147873 0.736250 3.489765
v -5.153511 0.736669 3.482359
v -5.143264 0.749957 3.487856
v -5.148637 0.751163 3.480340
v -5.139384 0.755954 3.486250
v -5.144535 0.757504 3.478642
v -5.134601 0.761131 3.484269
v -5.139477 0.762978 3.476547
v -5.129060 0.765330 3.481975
v -5.133618 0.767419 3.474121
v -5.122930 0.768424 3.479437
v -5.127136 0.770690 3.471436
v -5.116396 0.770319 3.476731
v -5.120227 0.772694 3.468576
v -5.109659 0.770957 3.473940
v -5.113102 0.773369 3.465625
v -5.148463 0.728957 3.490009
v -5.154134 0.728957 3.482617
v -5.159900 0.746400 3.477873
v -5.162026 0.737813 3.478754
v -5.156429 0.754457 3.476436
v -5.151718 0.761739 3.474485
v -5.145910 0.768026 3.472080
v -5.139183 0.773125 3.469294
v -5.131738 0.776882 3.466212
v -5.123805 0.779182 3.462926
v -5.115623 0.779957 3.459538
v -5.162742 0.728957 3.479050
v -5.168637 0.749478 3.478881
v -5.171138 0.739376 3.479917
v -5.164553 0.758957 3.477190
v -5.159011 0.767524 3.474895
v -5.152177 0.774920 3.472065
v -5.144262 0.780919 3.468788
v -5.135505 0.785339 3.465161
v -5.126171 0.788046 3.461296
v -5.116545 0.788957 3.457310
v -5.171980 0.728957 3.480266
v -5.175528 0.752557 3.484345
v -5.178404 0.740939 3.485536
v -5.170831 0.763457 3.482400
v -5.164458 0.773310 3.479761
v -5.156600 0.781814 3.476507
v -5.147497 0.788713 3.472738
v -5.137426 0.793796 3.468567
v -5.126693 0.796909 3.464122
v -5.115623 0.797957 3.459538
v -5.179372 0.728957 3.485937
v -5.178728 0.754810 3.492801
v -5.181878 0.742083 3.494106
v -5.173583 0.766751 3.490670
v -5.166600 0.777544 3.487779
v -5.157992 0.786861 3.484215
v -5.148020 0.794419 3.480085
v -5.136987 0.799987 3.475516
v -5.125229 0.803397 3.470647
v -5.113102 0.804546 3.465625
v -5.182939 0.728957 3.494545
v -5.177378 0.755635 3.501983
v -5.180629 0.742502 3.503330
v -5.172069 0.767957 3.499784
v -5.164864 0.779095 3.496801
v -5.155981 0.788709 3.493123
v -5.145691 0.796507 3.488862
v -5.134306 0.802253 3.484147
v -5.122173 0.805772 3.479123
v -5.109659 0.806957 3.473940
v -5.181724 0.728957 3.503783
v -5.171840 0.754810 3.509432
v -5.174991 0.742083 3.510736
v -5.166696 0.766751 3.507301
v -5.159713 0.777544 3.504410
v -5.151105 0.786861 3.500845
v -5.141134 0.794419 3.496716
v -5.130101 0.799987 3.492147
v -5.118342 0.803397 3.487278
v -5.106215 0.804546 3.482256
v -5.176052 0.728957 3.511176
v -5.163599 0.752557 3.513150
v -5.166476 0.740939 3.514341
v -5.158903 0.763457 3.511205
v -5.152530 0.773310 3.508566
v -5.144672 0.781814 3.505312
v -5.135569 0.788713 3.501542
v -5.125498 0.793796 3.497372
v -5.114765 0.796909 3.492927
v -5.103694 0.797957 3.488343
v -5.167445 0.728957 3.514742
v -5.154863 0.749478 3.512142
v -5.157364 0.739376 3.513178
v -5.150780 0.758957 3.510451
v -5.145237 0.767524 3.508156
v -5.138404 0.774920 3.505326
v -5.130489 0.780919 3.502048
v -5.121731 0.785339 3.498422
v -5.112398 0.788046 3.494557
v -5.102772 0.788957 3.490571
v -5.158206 0.728957 3.513527
v -5.147972 0.746400 3.506678
v -5.150098 0.737813 3.507559
v -5.144501 0.754457 3.505241
v -5.139790 0.761739 3.503290
v -5.133982 0.768026 3.500885
v -5.127254 0.773125 3.498099
v -5.119810 0.776882 3.495017
v -5.111876 0.779182 3.491731
v -5.103694 0.779957 3.488343
v -5.150814 0.728957 3.507855
v -5.144773 0.744147 3.498223
v -5.146624 0.736669 3.498989
v -5.141750 0.751163 3.496971
v -5.137647 0.757504 3.495272
v -5.132590 0.762978 3.493178
v -5.126731 0.767419 3.490752
v -5.120249 0.770690 3.488067
v -5.113340 0.772694 3.485206
v -5.106215 0.773369 3.482256
v -5.147248 0.728957 3.499247
v -5.146122 0.743322 3.489040
v -5.147873 0.736250 3.489765
v -5.143264 0.749957 3.487856
v -5.139384 0.755954 3.486250
v -5.134601 0.761131 3.484269
v -5.129060 0.765330 3.481975
v -5.122930 0.768424 3.479437
v -5.116396 0.770319 3.476731
v -5.109659 0.770957 3.473940
v -5.148463 0.728957 3.490009
v -5.154134 0.715769 3.482617
v -5.148463 0.715769 3.490009
v -5.162742 0.715769 3.479050
v -5.171980 0.715769 3.480266
v -5.179372 0.715769 3.485937
v -5.182939 0.715769 3.494545
v -5.181724 0.715769 3.503783
v -5.176052 0.715769 3.511176
v -5.167445 0.715769 3.514742
v -5.158206 0.715769 3.513527
v -5.150814 0.715769 3.507855
v -5.147248 0.715769 3.499247
v -5.148463 0.715769 3.490009
v -5.188091 0.709426 3.479246
v -5.188091 0.697831 3.479246
v -5.176185 0.709426 3.470112
v -5.176185 0.697831 3.470112
v -5.193835 0.709426 3.493109
v -5.193835 0.697831 3.493109
v -5.191878 0.709426 3.507988
v -5.191878 0.697831 3.507988
v -5.182743 0.709426 3.519894
v -5.182743 0.697831 3.519894
v -5.168880 0.709426 3.525638
v -5.168880 0.697831 3.525638
v -5.154002 0.709426 3.523681
v -5.154002 0.697831 3.523681
v -5.142095 0.709426 3.514546
v -5.142095 0.697831 3.514546
v -5.136352 0.709426 3.500683
v -5.136352 0.697831 3.500683
v -5.138309 0.709426 3.485804
v -5.138309 0.697831 3.485804
v -5.147443 0.709426 3.473898
v -5.147443 0.697831 3.473898
v -5.161306 0.709426 3.468154
v -5.161306 0.697831 3.468154
v -5.147248 0.715769 3.499247
v -5.136352 0.709426 3.500683
v -5.150814 0.715769 3.507855
v -5.142095 0.709426 3.514546
v -5.148463 0.715769 3.490009
v -5.138309 0.709426 3.485804
v -5.154134 0.715769 3.482617
v -5.147443 0.709426 3.473898
v -5.162742 0.715769 3.479050
v -5.161306 0.709426 3.468154
v -5.171980 0.715769 3.480266
v -5.176185 0.709426 3.470112
v -5.179372 0.715769 3.485937
v -5.188091 0.709426 3.479246
v -5.182939 0.715769 3.494545
v -5.193835 0.709426 3.493109
v -5.181724 0.715769 3.503783
v -5.191878 0.709426 3.507988
v -5.176052 0.715769 3.511176
v -5.182743 0.709426 3.519894
v -5.167445 0.715769 3.514742
v -5.168880 0.709426 3.525638
v -5.158206 0.715769 3.513527
v -5.154002 0.709426 3.523681
v -4.649755 0.743322 3.283494
v -4.644217 0.744147 3.290942
v -4.648004 0.736251 3.282769
v -4.642366 0.736669 3.290175
v -4.652613 0.749957 3.284678
v -4.647241 0.751163 3.292194
v -4.656493 0.755954 3.286284
v -4.651343 0.757505 3.293893
v -4.661275 0.761131 3.288265
v -4.656400 0.762978 3.295987
v -4.666817 0.765330 3.290559
v -4.662260 0.767419 3.298413
v -4.672946 0.768424 3.293098
v -4.668742 0.770691 3.301098
v -4.679481 0.770319 3.295803
v -4.675650 0.772694 3.303958
v -4.686219 0.770957 3.298594
v -4.682775 0.773369 3.306909
v -4.647415 0.728957 3.282525
v -4.641743 0.728957 3.289917
v -4.635977 0.746400 3.294661
v -4.633851 0.737813 3.293780
v -4.639448 0.754457 3.296098
v -4.644159 0.761739 3.298049
v -4.649967 0.768026 3.300454
v -4.656695 0.773125 3.303240
v -4.664139 0.776882 3.306323
v -4.672073 0.779182 3.309608
v -4.680255 0.779957 3.312996
v -4.633135 0.728957 3.293484
v -4.627241 0.749478 3.293653
v -4.624739 0.739376 3.292617
v -4.631324 0.758957 3.295344
v -4.636867 0.767525 3.297639
v -4.643699 0.774920 3.300468
v -4.651615 0.780919 3.303746
v -4.660372 0.785339 3.307373
v -4.669706 0.788046 3.311238
v -4.679332 0.788957 3.315224
v -4.623897 0.728957 3.292269
v -4.620349 0.752557 3.288189
v -4.617473 0.740939 3.286998
v -4.625045 0.763457 3.290134
v -4.631420 0.773310 3.292773
v -4.639277 0.781814 3.296027
v -4.648380 0.788713 3.299797
v -4.658451 0.793796 3.303967
v -4.669184 0.796909 3.308412
v -4.680255 0.797957 3.312996
v -4.616504 0.728957 3.286597
v -4.617150 0.754810 3.279733
v -4.613999 0.742083 3.278429
v -4.622294 0.766752 3.281863
v -4.629277 0.777545 3.284755
v -4.637885 0.786861 3.288319
v -4.647857 0.794419 3.292449
v -4.658890 0.799987 3.297018
v -4.670648 0.803397 3.301887
v -4.682775 0.804546 3.306909
v -4.612938 0.728957 3.277989
v -4.618499 0.755635 3.270551
v -4.615248 0.742502 3.269204
v -4.623808 0.767957 3.272749
v -4.631013 0.779095 3.275733
v -4.639896 0.788709 3.279411
v -4.650186 0.796507 3.283672
v -4.661571 0.802253 3.288387
v -4.673705 0.805772 3.293411
v -4.686219 0.806957 3.298594
v -4.614153 0.728957 3.268751
v -4.624036 0.754810 3.263103
v -4.620885 0.742083 3.261798
v -4.629181 0.766752 3.265233
v -4.636164 0.777545 3.268124
v -4.644771 0.786861 3.271689
v -4.654743 0.794419 3.275818
v -4.665777 0.799987 3.280387
v -4.677535 0.803397 3.285256
v -4.689662 0.804546 3.290278
v -4.619825 0.728957 3.261359
v -4.632277 0.752557 3.259384
v -4.629401 0.740939 3.258193
v -4.636974 0.763457 3.261329
v -4.643347 0.773310 3.263968
v -4.651205 0.781814 3.267222
v -4.660308 0.788713 3.270992
v -4.670379 0.793796 3.275162
v -4.681113 0.796909 3.279607
v -4.692183 0.797957 3.284191
v -4.628433 0.728957 3.257792
v -4.641014 0.749478 3.260392
v -4.638513 0.739376 3.259356
v -4.645097 0.758957 3.262083
v -4.650640 0.767525 3.264378
v -4.657473 0.774920 3.267208
v -4.665388 0.780919 3.270485
v -4.674146 0.785339 3.274112
v -4.683479 0.788046 3.277977
v -4.693105 0.788957 3.281963
v -4.637671 0.728957 3.259007
v -4.647905 0.746400 3.265856
v -4.645779 0.737813 3.264975
v -4.651376 0.754457 3.267293
v -4.656087 0.761739 3.269244
v -4.661895 0.768026 3.271649
v -4.668622 0.773125 3.274435
v -4.676067 0.776882 3.277518
v -4.684001 0.779182 3.280803
v -4.692183 0.779957 3.284191
v -4.645063 0.728957 3.264679
v -4.651104 0.744147 3.274311
v -4.649253 0.736669 3.273545
v -4.654127 0.751163 3.275563
v -4.658229 0.757505 3.277262
v -4.663287 0.762978 3.279356
v -4.669146 0.767419 3.281783
v -4.675628 0.770691 3.284467
v -4.682537 0.772694 3.287328
v -4.689662 0.773369 3.290278
v -4.648630 0.728957 3.273287
v -4.649755 0.743322 3.283494
v -4.648004 0.736251 3.282769
v -4.652613 0.749957 3.284678
v -4.656493 0.755954 3.286284
v -4.661275 0.761131 3.288265
v -4.666817 0.765330 3.290559
v -4.672946 0.768424 3.293098
v -4.679481 0.770319 3.295803
v -4.686219 0.770957 3.298594
v -4.647415 0.728957 3.282525
v -4.641743 0.715769 3.289917
v -4.647415 0.715769 3.282525
v -4.633135 0.715769 3.293484
v -4.623897 0.715769 3.292269
v -4.616504 0.715769 3.286597
v -4.612938 0.715769 3.277989
v -4.614153 0.715769 3.268751
v -4.619825 0.715769 3.261359
v -4.628433 0.715769 3.257792
v -4.637671 0.715769 3.259007
v -4.645063 0.715769 3.264679
v -4.648630 0.715769 3.273287
v -4.647415 0.715769 3.282525
v -5.109659 0.770957 3.473940
v -5.106215 0.773369 3.482256
v -5.103694 0.779957 3.488343
v -5.102772 0.788957 3.490571
v -5.103694 0.797957 3.488343
v -5.106215 0.804546 3.482256
v -5.109659 0.806957 3.473940
v -5.113102 0.804546 3.465625
v -5.115623 0.797957 3.459538
v -5.116545 0.788957 3.457310
v -5.115623 0.779957 3.459538
v -5.113102 0.773369 3.465625
v -5.109659 0.770957 3.473940
v -4.607786 0.709426 3.293288
v -4.607786 0.697831 3.293288
v -4.619692 0.709426 3.302422
v -4.619692 0.697831 3.302422
v -4.602042 0.709426 3.279425
v -4.602042 0.697831 3.279425
v -4.603999 0.709426 3.264546
v -4.603999 0.697831 3.264546
v -4.613134 0.709426 3.252640
v -4.613134 0.697831 3.252640
v -4.626997 0.709426 3.246896
v -4.626997 0.697831 3.246896
v -4.641876 0.709426 3.248853
v -4.641876 0.697831 3.248853
v -4.653782 0.709426 3.257988
v -4.653782 0.697831 3.257988
v -4.659525 0.709426 3.271851
v -4.659525 0.697831 3.271851
v -4.657569 0.709426 3.286730
v -4.657569 0.697831 3.286730
v -4.648434 0.709426 3.298636
v -4.648434 0.697831 3.298636
v -4.634571 0.709426 3.304380
v -4.634571 0.697831 3.304380
v -4.648630 0.715769 3.273287
v -4.659525 0.709426 3.271851
v -4.645063 0.715769 3.264679
v -4.653782 0.709426 3.257988
v -4.647415 0.715769 3.282525
v -4.657569 0.709426 3.286730
v -4.641743 0.715769 3.289917
v -4.648434 0.709426 3.298636
v -4.633135 0.715769 3.293484
v -4.634571 0.709426 3.304380
v -4.623897 0.715769 3.292269
v -4.619692 0.709426 3.302422
v -4.616504 0.715769 3.286597
v -4.607786 0.709426 3.293288
v -4.612938 0.715769 3.277989
v -4.602042 0.709426 3.279425
v -4.614153 0.715769 3.268751
v -4.603999 0.709426 3.264546
v -4.619825 0.715769 3.261359
v -4.613134 0.709426 3.252640
v -4.628433 0.715769 3.257792
v -4.626997 0.709426 3.246896
v -4.637671 0.715769 3.259007
v -4.641876 0.709426 3.248853
v -5.828650 0.743322 1.840825
v -5.834188 0.744147 1.833377
v -5.830401 0.736251 1.841550
v -5.836039 0.736669 1.834144
v -5.825792 0.749957 1.839641
v -5.831165 0.751163 1.832125
v -5.821912 0.755954 1.838035
v -5.827062 0.757505 1.830426
v -5.817129 0.761131 1.836054
v -5.822005 0.762979 1.828332
v -5.811588 0.765330 1.833760
v -5.816146 0.767419 1.825906
v -5.805458 0.768424 1.831221
v -5.809663 0.770691 1.823221
v -5.798924 0.770319 1.828516
v -5.802755 0.772694 1.820361
v -5.792186 0.770957 1.825726
v -5.795630 0.773369 1.817410
v -5.830990 0.728957 1.841794
v -5.836662 0.728957 1.834402
v -5.842428 0.746400 1.829658
v -5.844554 0.737813 1.830539
v -5.838957 0.754457 1.828221
v -5.834246 0.761739 1.826270
v -5.828438 0.768026 1.823865
v -5.821710 0.773125 1.821079
v -5.814266 0.776882 1.817996
v -5.806333 0.779183 1.814711
v -5.798151 0.779957 1.811323
v -5.845270 0.728957 1.830835
v -5.851164 0.749479 1.830666
v -5.853666 0.739376 1.831702
v -5.847081 0.758957 1.828975
v -5.841538 0.767525 1.826680
v -5.834705 0.774920 1.823851
v -5.826790 0.780919 1.820573
v -5.818033 0.785339 1.816946
v -5.808699 0.788046 1.813081
v -5.799073 0.788957 1.809095
v -5.854508 0.728957 1.832051
v -5.858056 0.752557 1.836130
v -5.860932 0.740939 1.837321
v -5.853359 0.763457 1.834185
v -5.846986 0.773310 1.831546
v -5.839128 0.781814 1.828292
v -5.830025 0.788713 1.824522
v -5.819954 0.793796 1.820352
v -5.809221 0.796909 1.815907
v -5.798151 0.797957 1.811323
v -5.861900 0.728957 1.837722
v -5.861255 0.754810 1.844586
v -5.864406 0.742083 1.845890
v -5.856111 0.766752 1.842455
v -5.849128 0.777545 1.839564
v -5.840520 0.786861 1.835999
v -5.830548 0.794419 1.831870
v -5.819515 0.799987 1.827301
v -5.807757 0.803397 1.822432
v -5.795630 0.804546 1.817410
v -5.865467 0.728957 1.846330
v -5.859906 0.755635 1.853768
v -5.863157 0.742502 1.855114
v -5.854597 0.767957 1.851570
v -5.847392 0.779095 1.848586
v -5.838509 0.788709 1.844908
v -5.828219 0.796507 1.840647
v -5.816834 0.802253 1.835932
v -5.804700 0.805772 1.830907
v -5.792186 0.806957 1.825726
v -5.864252 0.728957 1.855568
v -5.854368 0.754810 1.861216
v -5.857519 0.742083 1.862521
v -5.849224 0.766752 1.859086
v -5.842241 0.777545 1.856194
v -5.833633 0.786861 1.852630
v -5.823661 0.794419 1.848500
v -5.812628 0.799987 1.843932
v -5.800870 0.803397 1.839063
v -5.788743 0.804546 1.834041
v -5.858580 0.728957 1.862960
v -5.846128 0.752557 1.864935
v -5.849004 0.740939 1.866126
v -5.841431 0.763457 1.862990
v -5.835058 0.773310 1.860350
v -5.827199 0.781814 1.857097
v -5.818097 0.788713 1.853327
v -5.808026 0.793796 1.849157
v -5.797292 0.796909 1.844712
v -5.786222 0.797957 1.840128
v -5.849972 0.728957 1.866527
v -5.837391 0.749479 1.863927
v -5.839892 0.739376 1.864963
v -5.833308 0.758957 1.862236
v -5.827765 0.767525 1.859941
v -5.820932 0.774920 1.857111
v -5.813017 0.780919 1.853833
v -5.804259 0.785339 1.850207
v -5.794925 0.788046 1.846342
v -5.785300 0.788957 1.842356
v -5.840734 0.728957 1.865312
v -5.830500 0.746400 1.858463
v -5.832626 0.737813 1.859344
v -5.827029 0.754457 1.857026
v -5.822318 0.761739 1.855075
v -5.816510 0.768026 1.852670
v -5.809782 0.773125 1.849884
v -5.802338 0.776882 1.846801
v -5.794405 0.779183 1.843516
v -5.786222 0.779957 1.840128
v -5.833342 0.728957 1.859640
v -5.827301 0.744147 1.850008
v -5.829152 0.736669 1.850774
v -5.824277 0.751163 1.848756
v -5.820175 0.757505 1.847057
v -5.815118 0.762979 1.844962
v -5.809259 0.767419 1.842536
v -5.802776 0.770691 1.839852
v -5.795868 0.772694 1.836991
v -5.788743 0.773369 1.834041
v -5.829775 0.728957 1.851032
v -5.828650 0.743322 1.840825
v -5.830401 0.736251 1.841550
v -5.825792 0.749957 1.839641
v -5.821912 0.755954 1.838035
v -5.817129 0.761131 1.836054
v -5.811588 0.765330 1.833760
v -5.805458 0.768424 1.831221
v -5.798924 0.770319 1.828516
v -5.792186 0.770957 1.825726
v -5.830990 0.728957 1.841794
v -5.836662 0.715769 1.834402
v -5.830990 0.715769 1.841794
v -5.845270 0.715769 1.830835
v -5.854508 0.715769 1.832051
v -5.861900 0.715769 1.837722
v -5.865467 0.715769 1.846330
v -5.864252 0.715769 1.855568
v -5.858580 0.715769 1.862960
v -5.849972 0.715769 1.866527
v -5.840734 0.715769 1.865312
v -5.833342 0.715769 1.859640
v -5.829775 0.715769 1.851032
v -5.830990 0.715769 1.841794
v -5.870619 0.709426 1.831031
v -5.870619 0.697831 1.831031
v -5.858713 0.709426 1.821896
v -5.858713 0.697831 1.821896
v -5.876363 0.709426 1.844894
v -5.876363 0.697831 1.844894
v -5.874406 0.709426 1.859773
v -5.874406 0.697831 1.859773
v -5.865271 0.709426 1.871679
v -5.865271 0.697831 1.871679
v -5.851408 0.709426 1.877423
v -5.851408 0.697831 1.877423
v -5.836530 0.709426 1.875466
v -5.836530 0.697831 1.875466
v -5.824623 0.709426 1.866331
v -5.824623 0.697831 1.866331
v -5.818880 0.709426 1.852468
v -5.818880 0.697831 1.852468
v -5.820837 0.709426 1.837589
v -5.820837 0.697831 1.837589
v -5.829971 0.709426 1.825683
v -5.829971 0.697831 1.825683
v -5.843834 0.709426 1.819939
v -5.843834 0.697831 1.819939
v -5.829775 0.715769 1.851032
v -5.818880 0.709426 1.852468
v -5.833342 0.715769 1.859640
v -5.824623 0.709426 1.866331
v -5.830990 0.715769 1.841794
v -5.820837 0.709426 1.837589
v -5.836662 0.715769 1.834402
v -5.829971 0.709426 1.825683
v -5.845270 0.715769 1.830835
v -5.843834 0.709426 1.819939
v -5.854508 0.715769 1.832051
v -5.858713 0.709426 1.821896
v -5.861900 0.715769 1.837722
v -5.870619 0.709426 1.831031
v -5.865467 0.715769 1.846330
v -5.876363 0.709426 1.844894
v -5.864252 0.715769 1.855568
v -5.874406 0.709426 1.859773
v -5.858580 0.715769 1.862960
v -5.865271 0.709426 1.871679
v -5.849972 0.715769 1.866527
v -5.851408 0.709426 1.877423
v -5.840734 0.715769 1.865312
v -5.836530 0.709426 1.875466
v -5.332283 0.743322 1.635279
v -5.326746 0.744147 1.642727
v -5.330532 0.736251 1.634554
v -5.324894 0.736669 1.641960
v -5.335141 0.749957 1.636462
v -5.329769 0.751163 1.643979
v -5.339021 0.755954 1.638069
v -5.333871 0.757505 1.645678
v -5.343803 0.761131 1.640050
v -5.338928 0.762979 1.647772
v -5.349345 0.765330 1.642344
v -5.344787 0.767419 1.650198
v -5.355474 0.768424 1.644883
v -5.351270 0.770691 1.652882
v -5.362009 0.770319 1.647588
v -5.358178 0.772694 1.655743
v -5.368747 0.770957 1.650378
v -5.365303 0.773369 1.658694
v -5.329942 0.728957 1.634310
v -5.324271 0.728957 1.641702
v -5.318505 0.746400 1.646446
v -5.316379 0.737813 1.645565
v -5.321976 0.754457 1.647883
v -5.326687 0.761739 1.649834
v -5.332494 0.768026 1.652238
v -5.339222 0.773125 1.655025
v -5.346667 0.776882 1.658107
v -5.354600 0.779183 1.661393
v -5.362783 0.779957 1.664781
v -5.315663 0.728957 1.645269
v -5.309768 0.749479 1.645438
v -5.307267 0.739376 1.644402
v -5.313852 0.758957 1.647129
v -5.319395 0.767525 1.649424
v -5.326227 0.774920 1.652253
v -5.334142 0.780919 1.655531
v -5.342900 0.785339 1.659158
v -5.352234 0.788046 1.663023
v -5.361860 0.788957 1.667009
v -5.306425 0.728957 1.644053
v -5.302877 0.752557 1.639974
v -5.300001 0.740939 1.638783
v -5.307573 0.763457 1.641919
v -5.313947 0.773310 1.644558
v -5.321805 0.781814 1.647812
v -5.330907 0.788713 1.651582
v -5.340979 0.793796 1.655752
v -5.351712 0.796909 1.660197
v -5.362783 0.797957 1.664781
v -5.299032 0.728957 1.638382
v -5.299678 0.754810 1.631518
v -5.296527 0.742083 1.630213
v -5.304822 0.766752 1.633649
v -5.311805 0.777545 1.636540
v -5.320413 0.786861 1.640105
v -5.330385 0.794419 1.644234
v -5.341418 0.799987 1.648803
v -5.353176 0.803397 1.653672
v -5.365303 0.804546 1.658694
v -5.295466 0.728957 1.629774
v -5.301027 0.755635 1.622336
v -5.297776 0.742502 1.620989
v -5.306336 0.767957 1.624534
v -5.313541 0.779095 1.627518
v -5.322424 0.788709 1.631196
v -5.332714 0.796507 1.635457
v -5.344099 0.802253 1.640172
v -5.356233 0.805772 1.645196
v -5.368747 0.806957 1.650378
v -5.296681 0.728957 1.620536
v -5.306564 0.754810 1.614888
v -5.303413 0.742083 1.613583
v -5.311709 0.766752 1.617018
v -5.318692 0.777545 1.619909
v -5.327299 0.786861 1.623474
v -5.337271 0.794419 1.627603
v -5.348304 0.799987 1.632172
v -5.360063 0.803397 1.637041
v -5.372190 0.804546 1.642063
v -5.302353 0.728957 1.613144
v -5.314806 0.752557 1.611169
v -5.311929 0.740939 1.609978
v -5.319501 0.763457 1.613114
v -5.325875 0.773310 1.615753
v -5.333733 0.781814 1.619007
v -5.342836 0.788713 1.622777
v -5.352907 0.793796 1.626947
v -5.363640 0.796909 1.631392
v -5.374711 0.797957 1.635976
v -5.310960 0.728957 1.609577
v -5.323542 0.749479 1.612177
v -5.321041 0.739376 1.611141
v -5.327625 0.758957 1.613868
v -5.333168 0.767525 1.616163
v -5.340001 0.774920 1.618993
v -5.347916 0.780919 1.622270
v -5.356674 0.785339 1.625897
v -5.366007 0.788046 1.629762
v -5.375633 0.788957 1.633748
v -5.320199 0.728957 1.610792
v -5.330433 0.746400 1.617640
v -5.328307 0.737813 1.616760
v -5.333904 0.754457 1.619078
v -5.338615 0.761739 1.621029
v -5.344423 0.768026 1.623434
v -5.351151 0.773125 1.626220
v -5.358594 0.776882 1.629302
v -5.366529 0.779183 1.632588
v -5.374711 0.779957 1.635976
v -5.327591 0.728957 1.616464
v -5.333632 0.744147 1.626096
v -5.331781 0.736669 1.625330
v -5.336655 0.751163 1.627348
v -5.340757 0.757505 1.629047
v -5.345815 0.762979 1.631141
v -5.351674 0.767419 1.633567
v -5.358156 0.770691 1.636252
v -5.365065 0.772694 1.639112
v -5.372190 0.773369 1.642063
v -5.331157 0.728957 1.625071
v -5.332283 0.743322 1.635279
v -5.330532 0.736251 1.634554
v -5.335141 0.749957 1.636462
v -5.339021 0.755954 1.638069
v -5.343803 0.761131 1.640050
v -5.349345 0.765330 1.642344
v -5.355474 0.768424 1.644883
v -5.362009 0.770319 1.647588
v -5.368747 0.770957 1.650378
v -5.329942 0.728957 1.634310
v -5.324271 0.715769 1.641702
v -5.329942 0.715769 1.634310
v -5.315663 0.715769 1.645269
v -5.306425 0.715769 1.644053
v -5.299032 0.715769 1.638382
v -5.295466 0.715769 1.629774
v -5.296681 0.715769 1.620536
v -5.302353 0.715769 1.613144
v -5.310960 0.715769 1.609577
v -5.320199 0.715769 1.610792
v -5.327591 0.715769 1.616464
v -5.331157 0.715769 1.625071
v -5.329942 0.715769 1.634310
v -5.792186 0.770957 1.825726
v -5.788743 0.773369 1.834041
v -5.786222 0.779957 1.840128
v -5.785300 0.788957 1.842356
v -5.786222 0.797957 1.840128
v -5.788743 0.804546 1.834041
v -5.792186 0.806957 1.825726
v -5.795630 0.804546 1.817410
v -5.798151 0.797957 1.811323
v -5.799073 0.788957 1.809095
v -5.798151 0.779957 1.811323
v -5.795630 0.773369 1.817410
v -5.792186 0.770957 1.825726
v -5.290313 0.709426 1.645073
v -5.290313 0.697831 1.645073
v -5.302220 0.709426 1.654207
v -5.302220 0.697831 1.654207
v -5.284570 0.709426 1.631210
v -5.284570 0.697831 1.631210
v -5.286527 0.709426 1.616331
v -5.286527 0.697831 1.616331
v -5.295661 0.709426 1.604425
v -5.295661 0.697831 1.604425
v -5.309525 0.709426 1.598681
v -5.309525 0.697831 1.598681
v -5.324403 0.709426 1.600638
v -5.324403 0.697831 1.600638
v -5.336310 0.709426 1.609773
v -5.336310 0.697831 1.609773
v -5.342053 0.709426 1.623636
v -5.342053 0.697831 1.623636
v -5.340097 0.709426 1.638515
v -5.340097 0.697831 1.638515
v -5.330962 0.709426 1.650421
v -5.330962 0.697831 1.650421
v -5.317099 0.709426 1.656165
v -5.317099 0.697831 1.656165
v -5.331157 0.715769 1.625071
v -5.342053 0.709426 1.623636
v -5.327591 0.715769 1.616464
v -5.336310 0.709426 1.609773
v -5.329942 0.715769 1.634310
v -5.340097 0.709426 1.638515
v -5.324271 0.715769 1.641702
v -5.330962 0.709426 1.650421
v -5.315663 0.715769 1.645269
v -5.317099 0.709426 1.656165
v -5.306425 0.715769 1.644053
v -5.302220 0.709426 1.654207
v -5.299032 0.715769 1.638382
v -5.290313 0.709426 1.645073
v -5.295466 0.715769 1.629774
v -5.284570 0.709426 1.631210
v -5.296681 0.715769 1.620536
v -5.286527 0.709426 1.616331
v -5.302353 0.715769 1.613144
v -5.295661 0.709426 1.604425
v -5.310960 0.715769 1.609577
v -5.309525 0.709426 1.598681
v -5.320199 0.715769 1.610792
v -5.324403 0.709426 1.600638
v -4.664917 0.424578 2.835688
v -4.655890 0.424578 2.831950
v -4.661755 0.416315 2.843322
v -4.652729 0.416315 2.839584
v -4.661755 0.416315 2.843322
v -4.652729 0.416315 2.839584
v -4.662912 0.405028 2.840528
v -4.653886 0.405028 2.836790
v -4.662912 0.405028 2.840528
v -4.653886 0.405028 2.836790
v -4.667231 0.402004 2.830099
v -4.658204 0.402004 2.826361
v -4.667231 0.402004 2.830099
v -4.658204 0.402004 2.826361
v -4.670392 0.410266 2.822465
v -4.661366 0.410266 2.818727
v -4.670392 0.410266 2.822465
v -4.661366 0.410266 2.818727
v -4.669235 0.421554 2.825259
v -4.660208 0.421554 2.821522
v -4.669235 0.421554 2.825259
v -4.660208 0.421554 2.821522
v -4.664917 0.424578 2.835688
v -4.655890 0.424578 2.831950
v -4.661366 0.410266 2.818727
v -4.657047 0.413291 2.829156
v -4.660208 0.421554 2.821522
v -4.660208 0.421554 2.821522
v -4.657047 0.413291 2.829156
v -4.655890 0.424578 2.831950
v -4.655890 0.424578 2.831950
v -4.657047 0.413291 2.829156
v -4.652729 0.416315 2.839584
v -4.652729 0.416315 2.839584
v -4.657047 0.413291 2.829156
v -4.653886 0.405028 2.836790
v -4.653886 0.405028 2.836790
v -4.657047 0.413291 2.829156
v -4.658204 0.402004 2.826361
v -4.658204 0.402004 2.826361
v -4.657047 0.413291 2.829156
v -4.661366 0.410266 2.818727
v -4.801590 0.423470 2.505639
v -4.792564 0.423470 2.501901
v -4.799879 0.412674 2.509770
v -4.790853 0.412674 2.506033
v -4.799879 0.412674 2.509770
v -4.790853 0.412674 2.506033
v -4.802600 0.403403 2.503198
v -4.793574 0.403403 2.499460
v -4.802600 0.403403 2.503198
v -4.793574 0.403403 2.499460
v -4.807033 0.404928 2.492494
v -4.798007 0.404928 2.488756
v -4.807033 0.404928 2.492494
v -4.798007 0.404928 2.488756
v -4.808744 0.415724 2.488363
v -4.799717 0.415724 2.484625
v -4.808744 0.415724 2.488363
v -4.799717 0.415724 2.484625
v -4.806022 0.424995 2.494935
v -4.796996 0.424995 2.491197
v -4.806022 0.424995 2.494935
v -4.796996 0.424995 2.491197
v -4.801590 0.423470 2.505639
v -4.792564 0.423470 2.501901
v -4.799717 0.415724 2.484625
v -4.795285 0.414199 2.495329
v -4.796996 0.424995 2.491197
v -4.796996 0.424995 2.491197
v -4.795285 0.414199 2.495329
v -4.792564 0.423470 2.501901
v -4.792564 0.423470 2.501901
v -4.795285 0.414199 2.495329
v -4.790853 0.412674 2.506033
v -4.790853 0.412674 2.506033
v -4.795285 0.414199 2.495329
v -4.793574 0.403403 2.499460
v -4.793574 0.403403 2.499460
v -4.795285 0.414199 2.495329
v -4.798007 0.404928 2.488756
v -4.798007 0.404928 2.488756
v -4.795285 0.414199 2.495329
v -4.799717 0.415724 2.484625
v -4.803154 0.290917 2.501861
v -4.794128 0.290917 2.498123
v -4.799993 0.282654 2.509495
v -4.790967 0.282654 2.505757
v -4.799993 0.282654 2.509495
v -4.790967 0.282654 2.505757
v -4.801150 0.271367 2.506701
v -4.792124 0.271367 2.502963
v -4.801150 0.271367 2.506701
v -4.792124 0.271367 2.502963
v -4.805469 0.268343 2.496272
v -4.796442 0.268343 2.492534
v -4.805469 0.268343 2.496272
v -4.796442 0.268343 2.492534
v -4.808630 0.276606 2.488638
v -4.799604 0.276606 2.484900
v -4.808630 0.276606 2.488638
v -4.799604 0.276606 2.484900
v -4.807473 0.287893 2.491432
v -4.798446 0.287893 2.487695
v -4.807473 0.287893 2.491432
v -4.798446 0.287893 2.487695
v -4.803154 0.290917 2.501861
v -4.794128 0.290917 2.498123
v -4.799604 0.276606 2.484900
v -4.795285 0.279630 2.495329
v -4.798446 0.287893 2.487695
v -4.798446 0.287893 2.487695
v -4.795285 0.279630 2.495329
v -4.794128 0.290917 2.498123
v -4.794128 0.290917 2.498123
v -4.795285 0.279630 2.495329
v -4.790967 0.282654 2.505757
v -4.790967 0.282654 2.505757
v -4.795285 0.279630 2.495329
v -4.792124 0.271367 2.502963
v -4.792124 0.271367 2.502963
v -4.795285 0.279630 2.495329
v -4.796442 0.268343 2.492534
v -4.796442 0.268343 2.492534
v -4.795285 0.279630 2.495329
v -4.799604 0.276606 2.484900
v -4.662202 0.284565 2.842243
v -4.653175 0.284565 2.838506
v -4.662202 0.272879 2.842243
v -4.653175 0.272879 2.838506
v -4.662202 0.272879 2.842243
v -4.653175 0.272879 2.838506
v -4.666074 0.267037 2.832894
v -4.657047 0.267037 2.829156
v -4.666074 0.267037 2.832894
v -4.657047 0.267037 2.829156
v -4.669945 0.272879 2.823544
v -4.660919 0.272879 2.819806
v -4.669945 0.272879 2.823544
v -4.660919 0.272879 2.819806
v -4.669945 0.284565 2.823544
v -4.660919 0.284565 2.819806
v -4.669945 0.284565 2.823544
v -4.660919 0.284565 2.819806
v -4.666074 0.290407 2.832894
v -4.657047 0.290407 2.829156
v -4.666074 0.290407 2.832894
v -4.657047 0.290407 2.829156
v -4.662202 0.284565 2.842243
v -4.653175 0.284565 2.838506
v -4.660919 0.284565 2.819806
v -4.657047 0.278722 2.829156
v -4.657047 0.290407 2.829156
v -4.657047 0.290407 2.829156
v -4.657047 0.278722 2.829156
v -4.653175 0.284565 2.838506
v -4.653175 0.284565 2.838506
v -4.657047 0.278722 2.829156
v -4.653175 0.272879 2.838506
v -4.653175 0.272879 2.838506
v -4.657047 0.278722 2.829156
v -4.657047 0.267037 2.829156
v -4.657047 0.267037 2.829156
v -4.657047 0.278722 2.829156
v -4.660919 0.272879 2.819806
v -4.660919 0.272879 2.819806
v -4.657047 0.278722 2.829156
v -4.660919 0.284565 2.819806
v -5.789873 0.698056 2.220155
v -5.789873 0.707825 2.220155
v -5.768729 0.698056 2.228916
v -5.768729 0.707825 2.228916
v -5.768729 0.698056 2.228916
v -5.768729 0.707825 2.228916
v -5.750570 0.698056 2.214985
v -5.750570 0.707825 2.214985
v -5.750570 0.698056 2.214985
v -5.750570 0.707825 2.214985
v -5.753555 0.698056 2.192294
v -5.753555 0.707825 2.192294
v -5.753555 0.698056 2.192294
v -5.753555 0.707825 2.192294
v -5.774700 0.698056 2.183533
v -5.774700 0.707825 2.183533
v -5.774700 0.698056 2.183533
v -5.774700 0.707825 2.183533
v -5.792858 0.698056 2.197464
v -5.792858 0.707825 2.197464
v -5.792858 0.698056 2.197464
v -5.792858 0.707825 2.197464
v -5.789873 0.698056 2.220155
v -5.789873 0.707825 2.220155
v -5.774700 0.707825 2.183533
v -5.771714 0.707825 2.206224
v -5.792858 0.707825 2.197464
v -5.792858 0.707825 2.197464
v -5.771714 0.707825 2.206224
v -5.789873 0.707825 2.220155
v -5.789873 0.707825 2.220155
v -5.771714 0.707825 2.206224
v -5.768729 0.707825 2.228916
v -5.768729 0.707825 2.228916
v -5.771714 0.707825 2.206224
v -5.750570 0.707825 2.214985
v -5.750570 0.707825 2.214985
v -5.771714 0.707825 2.206224
v -5.753555 0.707825 2.192294
v -5.753555 0.707825 2.192294
v -5.771714 0.707825 2.206224
v -5.774700 0.707825 2.183533
v -5.543758 0.698056 2.808514
v -5.543758 0.707825 2.808514
v -5.535001 0.698056 2.829660
v -5.535001 0.707825 2.829660
v -5.535001 0.698056 2.829660
v -5.535001 0.707825 2.829660
v -5.512311 0.698056 2.832649
v -5.512311 0.707825 2.832649
v -5.512311 0.698056 2.832649
v -5.512311 0.707825 2.832649
v -5.498376 0.698056 2.814494
v -5.498376 0.707825 2.814494
v -5.498376 0.698056 2.814494
v -5.498376 0.707825 2.814494
v -5.507133 0.698056 2.793348
v -5.507133 0.707825 2.793348
v -5.507133 0.698056 2.793348
v -5.507133 0.707825 2.793348
v -5.529823 0.698056 2.790358
v -5.529823 0.707825 2.790358
v -5.529823 0.698056 2.790358
v -5.529823 0.707825 2.790358
v -5.543758 0.698056 2.808514
v -5.543758 0.707825 2.808514
v -5.507133 0.707825 2.793348
v -5.521067 0.707825 2.811504
v -5.529823 0.707825 2.790358
v -5.529823 0.707825 2.790358
v -5.521067 0.707825 2.811504
v -5.543758 0.707825 2.808514
v -5.543758 0.707825 2.808514
v -5.521067 0.707825 2.811504
v -5.535001 0.707825 2.829660
v -5.535001 0.707825 2.829660
v -5.521067 0.707825 2.811504
v -5.512311 0.707825 2.832649
v -5.512311 0.707825 2.832649
v -5.521067 0.707825 2.811504
v -5.498376 0.707825 2.814494
v -5.498376 0.707825 2.814494
v -5.102509 0.698056 1.916720
v -5.102509 0.707826 1.916720
v -5.093753 0.698056 1.937865
v -5.093753 0.707826 1.937865
v -5.093753 0.698056 1.937865
v -5.093753 0.707826 1.937865
v -5.071062 0.698056 1.940855
v -5.071062 0.707826 1.940855
v -5.071062 0.698056 1.940855
v -5.071062 0.707826 1.940855
v -5.057128 0.698056 1.922699
v -5.057128 0.707826 1.922699
v -5.057128 0.698056 1.922699
v -5.057128 0.707826 1.922699
v -5.065885 0.698056 1.901553
v -5.065885 0.707826 1.901553
v -5.065885 0.698056 1.901553
v -5.065885 0.707826 1.901553
v -5.088575 0.698056 1.898564
v -5.088575 0.707826 1.898564
v -5.088575 0.698056 1.898564
v -5.088575 0.707826 1.898564
v -5.102509 0.698056 1.916720
v -5.102509 0.707826 1.916720
v -5.065885 0.707826 1.901553
v -5.079819 0.707826 1.919709
v -5.088575 0.707826 1.898564
v -5.088575 0.707826 1.898564
v -5.079819 0.707826 1.919709
v -5.102509 0.707826 1.916720
v -5.102509 0.707826 1.916720
v -5.079819 0.707826 1.919709
v -5.093753 0.707826 1.937865
v -5.093753 0.707826 1.937865
v -5.079819 0.707826 1.919709
v -5.071062 0.707826 1.940855
v -5.071062 0.707826 1.940855
v -5.079819 0.707826 1.919709
v -5.057128 0.707826 1.922699
v -5.057128 0.707826 1.922699
v -5.079819 0.707826 1.919709
v -5.065885 0.707826 1.901553
v -4.848991 0.698056 2.513544
v -4.848991 0.707825 2.513544
v -4.848993 0.698056 2.536431
v -4.848993 0.707825 2.536431
v -4.848993 0.698056 2.536431
v -4.848993 0.707825 2.536431
v -4.829174 0.698056 2.547876
v -4.829174 0.707825 2.547876
v -4.829174 0.698056 2.547876
v -4.829174 0.707825 2.547876
v -4.809352 0.698056 2.536435
v -4.809352 0.707825 2.536435
v -4.809352 0.698056 2.536435
v -4.809352 0.707825 2.536435
v -4.809350 0.698056 2.513548
v -4.809350 0.707825 2.513548
v -4.809350 0.698056 2.513548
v -4.809350 0.707825 2.513548
v -4.829169 0.698056 2.502102
v -4.829169 0.707825 2.502102
v -4.829169 0.698056 2.502102
v -4.829169 0.707825 2.502102
v -4.848991 0.698056 2.513544
v -4.848991 0.707825 2.513544
v -4.809350 0.707825 2.513548
v -4.829172 0.707825 2.524989
v -4.829169 0.707825 2.502102
v -4.829169 0.707825 2.502102
v -4.829172 0.707825 2.524989
v -4.848991 0.707825 2.513544
v -4.848991 0.707825 2.513544
v -4.829172 0.707825 2.524989
v -4.848993 0.707825 2.536431
v -4.848993 0.707825 2.536431
v -4.829172 0.707825 2.524989
v -4.829174 0.707825 2.547876
v -4.829174 0.707825 2.547876
v -4.829172 0.707825 2.524989
v -4.809352 0.707825 2.536435
v -4.809352 0.707825 2.536435
v -4.829172 0.707825 2.524989
v -4.809350 0.707825 2.513548
v -5.246684 0.698056 1.568557
v -5.246684 0.707826 1.568557
v -5.237927 0.698056 1.589703
v -5.237927 0.707826 1.589703
v -5.237927 0.698056 1.589703
v -5.237927 0.707826 1.589703
v -5.215237 0.698056 1.592692
v -5.215237 0.707826 1.592692
v -5.215237 0.698056 1.592692
v -5.215237 0.707826 1.592692
v -5.201303 0.698056 1.574537
v -5.201303 0.707826 1.574537
v -5.201303 0.698056 1.574537
v -5.201303 0.707826 1.574537
v -5.210059 0.698056 1.553391
v -5.210059 0.707826 1.553391
v -5.210059 0.698056 1.553391
v -5.210059 0.707826 1.553391
v -5.232750 0.698056 1.550401
v -5.232750 0.707826 1.550401
v -5.232750 0.698056 1.550401
v -5.232750 0.707826 1.550401
v -5.246684 0.698056 1.568557
v -5.246684 0.707826 1.568557
v -5.210059 0.707826 1.553391
v -5.223993 0.707826 1.571547
v -5.232750 0.707826 1.550401
v -5.232750 0.707826 1.550401
v -5.223993 0.707826 1.571547
v -5.246684 0.707826 1.568557
v -5.246684 0.707826 1.568557
v -5.223993 0.707826 1.571547
v -5.237927 0.707826 1.589703
v -5.237927 0.707826 1.589703
v -5.223993 0.707826 1.571547
v -5.215237 0.707826 1.592692
v -5.215237 0.707826 1.592692
v -5.223993 0.707826 1.571547
v -5.201303 0.707826 1.574537
v -5.201303 0.707826 1.574537
v -5.223993 0.707826 1.571547
v -5.210059 0.707826 1.553391
v -5.934047 0.698056 1.871993
v -5.934047 0.707826 1.871993
v -5.912903 0.698056 1.880753
v -5.912903 0.707826 1.880753
v -5.912903 0.698056 1.880753
v -5.912903 0.707826 1.880753
v -5.894744 0.698056 1.866822
v -5.894744 0.707826 1.866822
v -5.894744 0.698056 1.866822
v -5.894744 0.707826 1.866822
v -5.897730 0.698056 1.844131
v -5.897730 0.707826 1.844131
v -5.897730 0.698056 1.844131
v -5.897730 0.707826 1.844131
v -5.918874 0.698056 1.835370
v -5.918874 0.707826 1.835370
v -5.918874 0.698056 1.835370
v -5.918874 0.707826 1.835370
v -5.937032 0.698056 1.849301
v -5.937032 0.707826 1.849301
v -5.937032 0.698056 1.849301
v -5.937032 0.707826 1.849301
v -5.934047 0.698056 1.871993
v -5.934047 0.707826 1.871993
v -5.918874 0.707826 1.835370
v -5.915889 0.707826 1.858062
v -5.937032 0.707826 1.849301
v -5.937032 0.707826 1.849301
v -5.915889 0.707826 1.858062
v -5.934047 0.707826 1.871993
v -5.934047 0.707826 1.871993
v -5.915889 0.707826 1.858062
v -5.912903 0.707826 1.880753
v -5.912903 0.707826 1.880753
v -5.915889 0.707826 1.858062
v -5.894744 0.707826 1.866822
v -5.894744 0.707826 1.866822
v -5.915889 0.707826 1.858062
v -5.897730 0.707826 1.844131
v -5.897730 0.707826 1.844131
v -5.915889 0.707826 1.858062
v -5.918874 0.707826 1.835370
v -4.551492 0.698056 3.231966
v -4.551492 0.707825 3.231966
v -4.551494 0.698056 3.254853
v -4.551494 0.707825 3.254853
v -4.551494 0.698056 3.254853
v -4.551494 0.707825 3.254853
v -4.531674 0.698056 3.266299
v -4.531674 0.707825 3.266299
v -4.531674 0.698056 3.266299
v -4.531674 0.707825 3.266299
v -4.511852 0.698056 3.254857
v -4.511852 0.707825 3.254857
v -4.511852 0.698056 3.254857
v -4.511852 0.707825 3.254857
v -4.511850 0.698056 3.231970
v -4.511850 0.707825 3.231970
v -4.511850 0.698056 3.231970
v -4.511850 0.707825 3.231970
v -4.531669 0.698056 3.220525
v -4.531669 0.707825 3.220525
v -4.531669 0.698056 3.220525
v -4.531669 0.707825 3.220525
v -4.551492 0.698056 3.231966
v -4.551492 0.707825 3.231966
v -4.511850 0.707825 3.231970
v -4.531672 0.707825 3.243412
v -4.531669 0.707825 3.220525
v -4.531669 0.707825 3.220525
v -4.531672 0.707825 3.243412
v -4.551492 0.707825 3.231966
v -4.551492 0.707825 3.231966
v -4.531672 0.707825 3.243412
v -4.551494 0.707825 3.254853
v -4.551494 0.707825 3.254853
v -4.531672 0.707825 3.243412
v -4.531674 0.707825 3.266299
v -4.531674 0.707825 3.266299
v -4.531672 0.707825 3.243412
v -4.511852 0.707825 3.254857
v -4.511852 0.707825 3.254857
v -4.531672 0.707825 3.243412
v -4.511850 0.707825 3.231970
v -5.246259 0.698056 3.526937
v -5.246259 0.707825 3.526937
v -5.237502 0.698056 3.548083
v -5.237502 0.707825 3.548083
v -5.237502 0.698056 3.548083
v -5.237502 0.707825 3.548083
v -5.214811 0.698056 3.551072
v -5.214811 0.707825 3.551072
v -5.214811 0.698056 3.551072
v -5.214811 0.707825 3.551072
v -5.200877 0.698056 3.532916
v -5.200877 0.707825 3.532916
v -5.200877 0.698056 3.532916
v -5.200877 0.707825 3.532916
v -5.209633 0.698056 3.511770
v -5.209633 0.707825 3.511770
v -5.209633 0.698056 3.511770
v -5.209633 0.707825 3.511770
v -5.232324 0.698056 3.508781
v -5.232324 0.707825 3.508781
v -5.232324 0.698056 3.508781
v -5.232324 0.707825 3.508781
v -5.246259 0.698056 3.526937
v -5.246259 0.707825 3.526937
v -5.209633 0.707825 3.511770
v -5.223567 0.707825 3.529927
v -5.232324 0.707825 3.508781
v -5.232324 0.707825 3.508781
v -5.223567 0.707825 3.529927
v -5.246259 0.707825 3.526937
v -5.246259 0.707825 3.526937
v -5.223567 0.707825 3.529927
v -5.237502 0.707825 3.548083
v -5.237502 0.707825 3.548083
v -5.223567 0.707825 3.529927
v -5.214811 0.707825 3.551072
v -5.214811 0.707825 3.551072
v -5.223567 0.707825 3.529927
v -5.200877 0.707825 3.532916
v -5.200877 0.707825 3.532916
v -5.223567 0.707825 3.529927
v -5.209633 0.707825 3.511770
v -5.334779 0.799748 3.587362
v -5.327912 0.806089 3.584518
v -5.319636 0.784551 3.590046
v -5.312769 0.790892 3.587203
v -5.319636 0.784551 3.590046
v -5.312769 0.790892 3.587203
v -5.314386 0.771501 3.573626
v -5.307519 0.777842 3.570782
v -5.314386 0.771501 3.573626
v -5.307519 0.777842 3.570782
v -5.324280 0.773648 3.554522
v -5.317413 0.779989 3.551678
v -5.324280 0.773648 3.554522
v -5.317413 0.779989 3.551678
v -5.339424 0.788845 3.551838
v -5.332556 0.795186 3.548994
v -5.339424 0.788845 3.551838
v -5.332556 0.795186 3.548994
v -5.344673 0.801895 3.568257
v -5.337806 0.808236 3.565414
v -5.344673 0.801895 3.568257
v -5.337806 0.808236 3.565414
v -5.334779 0.799748 3.587362
v -5.327912 0.806089 3.584518
v -5.332556 0.795186 3.548994
v -5.322662 0.793039 3.568098
v -5.337806 0.808236 3.565414
v -5.337806 0.808236 3.565414
v -5.322662 0.793039 3.568098
v -5.327912 0.806089 3.584518
v -5.327912 0.806089 3.584518
v -5.322662 0.793039 3.568098
v -5.312769 0.790892 3.587203
v -5.312769 0.790892 3.587203
v -5.322662 0.793039 3.568098
v -5.307519 0.777842 3.570782
v -5.307519 0.777842 3.570782
v -5.322662 0.793039 3.568098
v -5.317413 0.779989 3.551678
v -5.317413 0.779989 3.551678
v -5.322662 0.793039 3.568098
v -5.332556 0.795186 3.548994
v -6.024955 0.799748 1.920678
v -6.018089 0.806089 1.917834
v -6.009812 0.784551 1.923362
v -6.002945 0.790892 1.920518
v -6.009812 0.784551 1.923362
v -6.002945 0.790892 1.920518
v -6.004562 0.771501 1.906942
v -5.997695 0.777842 1.904098
v -6.004562 0.771501 1.906942
v -5.997695 0.777842 1.904098
v -6.014456 0.773648 1.887838
v -6.007589 0.779989 1.884994
v -6.014456 0.773648 1.887838
v -6.007589 0.779989 1.884994
v -6.029600 0.788846 1.885153
v -6.022732 0.795186 1.882309
v -6.029600 0.788846 1.885153
v -6.022732 0.795186 1.882309
v -6.034849 0.801895 1.901573
v -6.027982 0.808236 1.898729
v -6.034849 0.801895 1.901573
v -6.027982 0.808236 1.898729
v -6.024955 0.799748 1.920678
v -6.018089 0.806089 1.917834
v -6.022732 0.795186 1.882309
v -6.012839 0.793039 1.901414
v -6.027982 0.808236 1.898729
v -6.027982 0.808236 1.898729
v -6.012839 0.793039 1.901414
v -6.018089 0.806089 1.917834
v -6.018089 0.806089 1.917834
v -6.012839 0.793039 1.901414
v -6.002945 0.790892 1.920518
v -6.002945 0.790892 1.920518
v -6.012839 0.793039 1.901414
v -5.997695 0.777842 1.904098
v -5.997695 0.777842 1.904098
v -6.012839 0.793039 1.901414
v -6.007589 0.779989 1.884994
v -6.007589 0.779989 1.884994
v -6.012839 0.793039 1.901414
v -6.022732 0.795186 1.882309
v -5.454469 0.714352 2.855548
v -5.454469 0.720483 2.855548
v -5.439922 0.714352 2.861575
v -5.439922 0.720483 2.861575
v -5.439922 0.714352 2.861575
v -5.439922 0.720483 2.861575
v -5.427429 0.714352 2.851991
v -5.427429 0.720483 2.851991
v -5.427429 0.714352 2.851991
v -5.427429 0.720483 2.851991
v -5.429483 0.714352 2.836380
v -5.429483 0.720483 2.836380
v -5.429483 0.714352 2.836380
v -5.429483 0.720483 2.836380
v -5.444030 0.714352 2.830353
v -5.444030 0.720483 2.830353
v -5.444030 0.714352 2.830353
v -5.444030 0.720483 2.830353
v -5.456522 0.714352 2.839937
v -5.456522 0.720483 2.839937
v -5.456522 0.714352 2.839937
v -5.456522 0.720483 2.839937
v -5.454469 0.714352 2.855548
v -5.454469 0.720483 2.855548
v -5.444030 0.720483 2.830353
v -5.441976 0.720483 2.845964
v -5.456522 0.720483 2.839937
v -5.456522 0.720483 2.839937
v -5.441976 0.720483 2.845964
v -5.454469 0.720483 2.855548
v -5.454469 0.720483 2.855548
v -5.441976 0.720483 2.845964
v -5.439922 0.720483 2.861575
v -5.439922 0.720483 2.861575
v -5.441976 0.720483 2.845964
v -5.427429 0.720483 2.851991
v -5.427429 0.720483 2.851991
v -5.441976 0.720483 2.845964
v -5.429483 0.720483 2.836380
v -5.429483 0.720483 2.836380
v -5.441976 0.720483 2.845964
v -5.444030 0.720483 2.830353
v -5.268531 0.714352 3.300450
v -5.268531 0.720483 3.300450
v -5.262507 0.714352 3.314997
v -5.262507 0.720483 3.314997
v -5.262507 0.714352 3.314997
v -5.262507 0.720483 3.314997
v -5.246897 0.714352 3.317053
v -5.246897 0.720483 3.317053
v -5.246897 0.714352 3.317053
v -5.246897 0.720483 3.317053
v -5.237310 0.714352 3.304563
v -5.237310 0.720483 3.304563
v -5.237310 0.714352 3.304563
v -5.237310 0.720483 3.304563
v -5.243335 0.714352 3.290016
v -5.243335 0.720483 3.290016
v -5.243335 0.714352 3.290016
v -5.243335 0.720483 3.290016
v -5.258945 0.714352 3.287959
v -5.258945 0.720483 3.287959
v -5.258945 0.714352 3.287959
v -5.258945 0.720483 3.287959
v -5.268531 0.714352 3.300450
v -5.268531 0.720483 3.300450
v -5.243335 0.720483 3.290016
v -5.252922 0.720483 3.302506
v -5.258945 0.720483 3.287959
v -5.258945 0.720483 3.287959
v -5.252922 0.720483 3.302506
v -5.268531 0.720483 3.300450
v -5.268531 0.720483 3.300450
v -5.252922 0.720483 3.302506
v -5.262507 0.720483 3.314997
v -5.262507 0.720483 3.314997
v -5.252922 0.720483 3.302506
v -5.246897 0.720483 3.317053
v -5.246897 0.720483 3.317053
v -5.252922 0.720483 3.302506
v -5.237310 0.720483 3.304563
v -5.237310 0.720483 3.304563
v -5.252922 0.720483 3.302506
v -5.243335 0.720483 3.290016
v -5.287692 0.714352 2.773553
v -5.287692 0.720483 2.773553
v -5.281667 0.714352 2.788101
v -5.281667 0.720483 2.788101
v -5.281667 0.714352 2.788101
v -5.281667 0.720483 2.788101
v -5.266057 0.714352 2.790157
v -5.266057 0.720483 2.790157
v -5.266057 0.714352 2.790157
v -5.266057 0.720483 2.790157
v -5.256470 0.714352 2.777667
v -5.256470 0.720483 2.777667
v -5.256470 0.714352 2.777667
v -5.256470 0.720483 2.777667
v -5.262495 0.714352 2.763119
v -5.262495 0.720483 2.763119
v -5.262495 0.714352 2.763119
v -5.262495 0.720483 2.763119
v -5.278105 0.714352 2.761063
v -5.278105 0.720483 2.761063
v -5.278105 0.714352 2.761063
v -5.278105 0.720483 2.761063
v -5.287692 0.714352 2.773553
v -5.287692 0.720483 2.773553
v -5.262495 0.720483 2.763119
v -5.272081 0.720483 2.775610
v -5.278105 0.720483 2.761063
v -5.278105 0.720483 2.761063
v -5.272081 0.720483 2.775610
v -5.287692 0.720483 2.773553
v -5.287692 0.720483 2.773553
v -5.272081 0.720483 2.775610
v -5.281667 0.720483 2.788101
v -5.281667 0.720483 2.788101
v -5.272081 0.720483 2.775610
v -5.266057 0.720483 2.790157
v -5.266057 0.720483 2.790157
v -5.272081 0.720483 2.775610
v -5.256470 0.720483 2.777667
v -5.256470 0.720483 2.777667
v -5.272081 0.720483 2.775610
v -5.262495 0.720483 2.763119
v -5.096661 0.714352 3.224278
v -5.096661 0.720483 3.224278
v -5.096663 0.714352 3.240024
v -5.096663 0.720483 3.240024
v -5.096663 0.714352 3.240024
v -5.096663 0.720483 3.240024
v -5.083028 0.714352 3.247898
v -5.083028 0.720483 3.247898
v -5.083028 0.714352 3.247898
v -5.083028 0.720483 3.247898
v -5.069391 0.714352 3.240026
v -5.069391 0.720483 3.240026
v -5.069391 0.714352 3.240026
v -5.069391 0.720483 3.240026
v -5.069390 0.714352 3.224281
v -5.069390 0.720483 3.224281
v -5.069390 0.714352 3.224281
v -5.069390 0.720483 3.224281
v -5.083025 0.714352 3.216407
v -5.083025 0.720483 3.216407
v -5.083025 0.714352 3.216407
v -5.083025 0.720483 3.216407
v -5.096661 0.714352 3.224278
v -5.096661 0.720483 3.224278
v -5.069390 0.720483 3.224281
v -5.083026 0.720483 3.232153
v -5.083025 0.720483 3.216407
v -5.083025 0.720483 3.216407
v -5.083026 0.720483 3.232153
v -5.096661 0.720483 3.224278
v -5.096661 0.720483 3.224278
v -5.083026 0.720483 3.232153
v -5.096663 0.720483 3.240024
v -5.096663 0.720483 3.240024
v -5.083026 0.720483 3.232153
v -5.083028 0.720483 3.247898
v -5.083028 0.720483 3.247898
v -5.083026 0.720483 3.232153
v -5.069391 0.720483 3.240026
v -5.069391 0.720483 3.240026
v -5.083026 0.720483 3.232153
v -5.069390 0.720483 3.224281
v -5.760848 0.697906 -1.791625
v -5.759711 0.698601 -1.799363
v -5.762323 0.691947 -1.792236
v -5.761271 0.692300 -1.800009
v -5.758440 0.703497 -1.790628
v -5.757164 0.704513 -1.798308
v -5.755170 0.708550 -1.789274
v -5.753706 0.709856 -1.796876
v -5.751140 0.712912 -1.787605
v -5.749445 0.714469 -1.795112
v -5.746471 0.716451 -1.785672
v -5.744508 0.718211 -1.793067
v -5.741306 0.719058 -1.783533
v -5.739046 0.720967 -1.790805
v -5.735800 0.720655 -1.781253
v -5.733224 0.722656 -1.788395
v -5.730122 0.721192 -1.778901
v -5.727221 0.723224 -1.785908
v -5.762820 0.685801 -1.792442
v -5.761796 0.685801 -1.800226
v -5.762407 0.700500 -1.806488
v -5.764198 0.693264 -1.807230
v -5.759482 0.707289 -1.805277
v -5.755512 0.713425 -1.803633
v -5.750618 0.718722 -1.801606
v -5.744949 0.723018 -1.799259
v -5.738676 0.726184 -1.796661
v -5.731991 0.728123 -1.793893
v -5.725097 0.728776 -1.791038
v -5.764802 0.685801 -1.807480
v -5.768213 0.703093 -1.811092
v -5.770321 0.694581 -1.811964
v -5.764772 0.711081 -1.809667
v -5.760102 0.718300 -1.807733
v -5.754344 0.724531 -1.805348
v -5.747674 0.729586 -1.802586
v -5.740295 0.733311 -1.799531
v -5.732430 0.735592 -1.796274
v -5.724319 0.736360 -1.792915
v -5.771030 0.685801 -1.812258
v -5.775575 0.705687 -1.811941
v -5.777999 0.695898 -1.812944
v -5.771617 0.714872 -1.810302
v -5.766247 0.723174 -1.808078
v -5.759626 0.730341 -1.805336
v -5.751956 0.736154 -1.802160
v -5.743469 0.740437 -1.798646
v -5.734425 0.743060 -1.794901
v -5.725097 0.743943 -1.791038
v -5.778815 0.685801 -1.813282
v -5.782519 0.707586 -1.808807
v -5.785174 0.696862 -1.809907
v -5.778184 0.717648 -1.807012
v -5.772300 0.726743 -1.804576
v -5.765047 0.734594 -1.801572
v -5.756645 0.740962 -1.798093
v -5.747347 0.745654 -1.794243
v -5.737440 0.748528 -1.790140
v -5.727221 0.749495 -1.785908
v -5.786068 0.685801 -1.810277
v -5.787185 0.708281 -1.802531
v -5.789925 0.697214 -1.803666
v -5.782712 0.718664 -1.800679
v -5.776640 0.728049 -1.798165
v -5.769156 0.736150 -1.795065
v -5.760485 0.742722 -1.791475
v -5.750891 0.747564 -1.787502
v -5.740667 0.750529 -1.783268
v -5.730122 0.751527 -1.778901
v -5.790847 0.685801 -1.804048
v -5.788322 0.707586 -1.794794
v -5.790977 0.696862 -1.795893
v -5.783988 0.717648 -1.792999
v -5.778103 0.726743 -1.790562
v -5.770851 0.734594 -1.787559
v -5.762448 0.740962 -1.784079
v -5.753150 0.745654 -1.780229
v -5.743243 0.748528 -1.776126
v -5.733024 0.749495 -1.771895
v -5.791872 0.685801 -1.796264
v -5.785626 0.705687 -1.787669
v -5.788050 0.695898 -1.788672
v -5.781669 0.714872 -1.786030
v -5.776298 0.723174 -1.783806
v -5.769678 0.730341 -1.781064
v -5.762006 0.736154 -1.777888
v -5.753520 0.740437 -1.774374
v -5.744476 0.743060 -1.770628
v -5.735148 0.743943 -1.766765
v -5.788866 0.685801 -1.789010
v -5.779819 0.703093 -1.783065
v -5.781927 0.694581 -1.783937
v -5.776379 0.711081 -1.781640
v -5.771708 0.718300 -1.779706
v -5.765951 0.724531 -1.777322
v -5.759281 0.729586 -1.774560
v -5.751901 0.733311 -1.771504
v -5.744036 0.735592 -1.768247
v -5.735925 0.736360 -1.764888
v -5.782637 0.685801 -1.784231
v -5.772458 0.700500 -1.782215
v -5.774250 0.693264 -1.782957
v -5.769533 0.707289 -1.781004
v -5.765563 0.713425 -1.779361
v -5.760669 0.718722 -1.777334
v -5.755001 0.723018 -1.774986
v -5.748727 0.726184 -1.772389
v -5.742042 0.728123 -1.769620
v -5.735148 0.728776 -1.766765
v -5.774852 0.685801 -1.783207
v -5.765514 0.698601 -1.785349
v -5.767074 0.692300 -1.785995
v -5.762967 0.704513 -1.784294
v -5.759510 0.709856 -1.782863
v -5.755249 0.714469 -1.781098
v -5.750311 0.718211 -1.779054
v -5.744849 0.720967 -1.776791
v -5.739028 0.722656 -1.774381
v -5.733024 0.723224 -1.771895
v -5.767600 0.685801 -1.786213
v -5.760848 0.697906 -1.791625
v -5.762323 0.691947 -1.792236
v -5.758440 0.703497 -1.790628
v -5.755170 0.708550 -1.789274
v -5.751140 0.712912 -1.787605
v -5.746471 0.716451 -1.785672
v -5.741306 0.719058 -1.783533
v -5.735800 0.720655 -1.781253
v -5.730122 0.721192 -1.778901
v -5.762820 0.685801 -1.792442
v -5.761796 0.674689 -1.800226
v -5.762820 0.674689 -1.792442
v -5.764802 0.674689 -1.807480
v -5.771030 0.674689 -1.812258
v -5.778815 0.674689 -1.813282
v -5.786068 0.674689 -1.810277
v -5.790847 0.674689 -1.804048
v -5.791872 0.674689 -1.796264
v -5.788866 0.674689 -1.789010
v -5.782637 0.674689 -1.784231
v -5.774852 0.674689 -1.783207
v -5.767600 0.674689 -1.786213
v -5.762820 0.674689 -1.792442
v -5.780025 0.669343 -1.822464
v -5.780025 0.659573 -1.822464
v -5.767488 0.669343 -1.820814
v -5.767488 0.659573 -1.820814
v -5.791707 0.669343 -1.817624
v -5.791707 0.659573 -1.817624
v -5.799404 0.669343 -1.807591
v -5.799404 0.659573 -1.807591
v -5.801053 0.669343 -1.795054
v -5.801053 0.659573 -1.795054
v -5.796213 0.669343 -1.783372
v -5.796213 0.659573 -1.783372
v -5.786180 0.669343 -1.775675
v -5.786180 0.659573 -1.775675
v -5.773643 0.669343 -1.774025
v -5.773643 0.659573 -1.774025
v -5.761961 0.669343 -1.778866
v -5.761961 0.659573 -1.778866
v -5.754264 0.669343 -1.788898
v -5.754264 0.659573 -1.788898
v -5.752615 0.669343 -1.801436
v -5.752615 0.659573 -1.801436
v -5.757455 0.669343 -1.813118
v -5.757455 0.659573 -1.813118
v -5.767600 0.674689 -1.786213
v -5.761961 0.669343 -1.778866
v -5.774852 0.674689 -1.783207
v -5.773643 0.669343 -1.774025
v -5.762820 0.674689 -1.792442
v -5.754264 0.669343 -1.788898
v -5.761796 0.674689 -1.800226
v -5.752615 0.669343 -1.801436
v -5.764802 0.674689 -1.807480
v -5.757455 0.669343 -1.813118
v -5.771030 0.674689 -1.812258
v -5.767488 0.669343 -1.820814
v -5.778815 0.674689 -1.813282
v -5.780025 0.669343 -1.822464
v -5.786068 0.674689 -1.810277
v -5.791707 0.669343 -1.817624
v -5.790847 0.674689 -1.804048
v -5.799404 0.669343 -1.807591
v -5.791872 0.674689 -1.796264
v -5.801053 0.669343 -1.795054
v -5.788866 0.674689 -1.789010
v -5.796213 0.669343 -1.783372
v -5.782637 0.674689 -1.784231
v -5.786180 0.669343 -1.775675
v -5.342588 0.697906 -1.618423
v -5.343726 0.698601 -1.610686
v -5.341114 0.691947 -1.617812
v -5.342165 0.692300 -1.610040
v -5.344997 0.703497 -1.619421
v -5.346273 0.704513 -1.611741
v -5.348266 0.708550 -1.620775
v -5.349730 0.709856 -1.613172
v -5.352297 0.712912 -1.622443
v -5.353992 0.714469 -1.614937
v -5.356966 0.716451 -1.624377
v -5.358929 0.718211 -1.616981
v -5.362131 0.719058 -1.626516
v -5.364391 0.720967 -1.619243
v -5.367637 0.720655 -1.628796
v -5.370212 0.722656 -1.621654
v -5.373315 0.721192 -1.631147
v -5.376216 0.723224 -1.624140
v -5.340617 0.685801 -1.617607
v -5.341640 0.685801 -1.609822
v -5.341030 0.700500 -1.603561
v -5.339239 0.693264 -1.602819
v -5.343955 0.707289 -1.604772
v -5.347925 0.713425 -1.606416
v -5.352818 0.718722 -1.608442
v -5.358488 0.723018 -1.610790
v -5.364760 0.726184 -1.613387
v -5.371446 0.728123 -1.616156
v -5.378340 0.728776 -1.619011
v -5.338635 0.685801 -1.602569
v -5.335223 0.703093 -1.598957
v -5.333116 0.694581 -1.598084
v -5.338664 0.711081 -1.600382
v -5.343334 0.718300 -1.602316
v -5.349092 0.724531 -1.604700
v -5.355762 0.729586 -1.607462
v -5.363142 0.733311 -1.610518
v -5.371006 0.735592 -1.613775
v -5.379117 0.736360 -1.617134
v -5.332406 0.685801 -1.597790
v -5.327861 0.705687 -1.598108
v -5.325438 0.695898 -1.597104
v -5.331819 0.714872 -1.599746
v -5.337190 0.723174 -1.601970
v -5.343811 0.730341 -1.604712
v -5.351481 0.736154 -1.607889
v -5.359968 0.740437 -1.611403
v -5.369012 0.743060 -1.615148
v -5.378340 0.743943 -1.619011
v -5.324622 0.685801 -1.596766
v -5.320917 0.707586 -1.601241
v -5.318262 0.696862 -1.600142
v -5.325252 0.717648 -1.603036
v -5.331136 0.726743 -1.605473
v -5.338390 0.734594 -1.608476
v -5.346792 0.740962 -1.611956
v -5.356090 0.745654 -1.615806
v -5.365997 0.748528 -1.619909
v -5.376216 0.749495 -1.624140
v -5.317369 0.685801 -1.599771
v -5.316251 0.708281 -1.607517
v -5.313512 0.697214 -1.606383
v -5.320725 0.718664 -1.609370
v -5.326797 0.728049 -1.611884
v -5.334281 0.736150 -1.614983
v -5.342952 0.742722 -1.618574
v -5.352545 0.747564 -1.622546
v -5.362770 0.750529 -1.626780
v -5.373315 0.751527 -1.631147
v -5.312589 0.685801 -1.606001
v -5.315114 0.707586 -1.615254
v -5.312459 0.696862 -1.614155
v -5.319449 0.717648 -1.617050
v -5.325334 0.726743 -1.619486
v -5.332586 0.734594 -1.622490
v -5.340989 0.740962 -1.625969
v -5.350286 0.745654 -1.629819
v -5.360194 0.748528 -1.633922
v -5.370413 0.749495 -1.638154
v -5.311565 0.685801 -1.613785
v -5.317810 0.705687 -1.622380
v -5.315386 0.695898 -1.621376
v -5.321767 0.714872 -1.624019
v -5.327138 0.723174 -1.626243
v -5.333759 0.730341 -1.628984
v -5.341430 0.736154 -1.632161
v -5.349916 0.740437 -1.635675
v -5.358961 0.743060 -1.639420
v -5.368289 0.743943 -1.643283
v -5.314571 0.685801 -1.621038
v -5.323617 0.703093 -1.626984
v -5.321510 0.694581 -1.626111
v -5.327058 0.711081 -1.628409
v -5.331728 0.718300 -1.630342
v -5.337486 0.724531 -1.632727
v -5.344156 0.729586 -1.635489
v -5.351535 0.733311 -1.638545
v -5.359400 0.735592 -1.641802
v -5.367511 0.736360 -1.645161
v -5.320800 0.685801 -1.625817
v -5.330978 0.700500 -1.627833
v -5.329187 0.693264 -1.627091
v -5.333904 0.707289 -1.629044
v -5.337873 0.713425 -1.630688
v -5.342767 0.718722 -1.632715
v -5.348436 0.723018 -1.635062
v -5.354709 0.726184 -1.637660
v -5.361394 0.728123 -1.640428
v -5.368289 0.728776 -1.643283
v -5.328584 0.685801 -1.626841
v -5.337923 0.698601 -1.624699
v -5.336362 0.692300 -1.624053
v -5.340470 0.704513 -1.625754
v -5.343927 0.709856 -1.627186
v -5.348188 0.714469 -1.628950
v -5.353126 0.718211 -1.630995
v -5.358588 0.720967 -1.633257
v -5.364409 0.722656 -1.635667
v -5.370413 0.723224 -1.638154
v -5.335837 0.685801 -1.623836
v -5.342588 0.697906 -1.618423
v -5.341114 0.691947 -1.617812
v -5.344997 0.703497 -1.619421
v -5.348266 0.708550 -1.620775
v -5.352297 0.712912 -1.622443
v -5.356966 0.716451 -1.624377
v -5.362131 0.719058 -1.626516
v -5.367637 0.720655 -1.628796
v -5.373315 0.721192 -1.631147
v -5.340617 0.685801 -1.617607
v -5.341640 0.674689 -1.609822
v -5.340617 0.674689 -1.617607
v -5.338635 0.674689 -1.602569
v -5.332406 0.674689 -1.597790
v -5.324622 0.674689 -1.596766
v -5.317369 0.674689 -1.599771
v -5.312589 0.674689 -1.606001
v -5.311565 0.674689 -1.613785
v -5.314571 0.674689 -1.621038
v -5.320800 0.674689 -1.625817
v -5.328584 0.674689 -1.626841
v -5.335837 0.674689 -1.623836
v -5.340617 0.674689 -1.617607
v -5.730122 0.721192 -1.778901
v -5.733024 0.723224 -1.771895
v -5.735148 0.728776 -1.766765
v -5.735925 0.736360 -1.764888
v -5.735148 0.743943 -1.766765
v -5.733024 0.749495 -1.771895
v -5.730122 0.751527 -1.778901
v -5.727221 0.749495 -1.785908
v -5.725097 0.743943 -1.791038
v -5.724319 0.736360 -1.792915
v -5.725097 0.728776 -1.791038
v -5.727221 0.723224 -1.785908
v -5.730122 0.721192 -1.778901
v -5.323411 0.669343 -1.587584
v -5.323411 0.659573 -1.587584
v -5.335949 0.669343 -1.589234
v -5.335949 0.659573 -1.589234
v -5.311730 0.669343 -1.592425
v -5.311730 0.659573 -1.592425
v -5.304033 0.669343 -1.602457
v -5.304033 0.659573 -1.602457
v -5.302384 0.669343 -1.614995
v -5.302384 0.659573 -1.614995
v -5.307224 0.669343 -1.626677
v -5.307224 0.659573 -1.626677
v -5.317256 0.669343 -1.634374
v -5.317256 0.659573 -1.634374
v -5.329794 0.669343 -1.636023
v -5.329794 0.659573 -1.636023
v -5.341476 0.669343 -1.631183
v -5.341476 0.659573 -1.631183
v -5.349173 0.669343 -1.621150
v -5.349173 0.659573 -1.621150
v -5.350822 0.669343 -1.608613
v -5.350822 0.659573 -1.608613
v -5.345982 0.669343 -1.596931
v -5.345982 0.659573 -1.596931
v -5.335837 0.674689 -1.623836
v -5.341476 0.669343 -1.631183
v -5.328584 0.674689 -1.626841
v -5.329794 0.669343 -1.636023
v -5.340617 0.674689 -1.617607
v -5.349173 0.669343 -1.621150
v -5.341640 0.674689 -1.609822
v -5.350822 0.669343 -1.608613
v -5.338635 0.674689 -1.602569
v -5.345982 0.669343 -1.596931
v -5.332406 0.674689 -1.597790
v -5.335949 0.669343 -1.589234
v -5.324622 0.674689 -1.596766
v -5.323411 0.669343 -1.587584
v -5.317369 0.674689 -1.599771
v -5.311730 0.669343 -1.592425
v -5.312589 0.674689 -1.606001
v -5.304033 0.669343 -1.602457
v -5.311565 0.674689 -1.613785
v -5.302384 0.669343 -1.614995
v -5.314571 0.674689 -1.621038
v -5.307224 0.669343 -1.626677
v -5.320800 0.674689 -1.625817
v -5.317256 0.669343 -1.634374
v -4.972518 0.697906 -3.695339
v -4.971381 0.698601 -3.703077
v -4.973993 0.691947 -3.695950
v -4.972941 0.692300 -3.703723
v -4.970109 0.703497 -3.694342
v -4.968833 0.704513 -3.702022
v -4.966840 0.708550 -3.692988
v -4.965376 0.709856 -3.700591
v -4.962810 0.712912 -3.691319
v -4.961114 0.714469 -3.698826
v -4.958141 0.716451 -3.689386
v -4.956178 0.718211 -3.696781
v -4.952975 0.719058 -3.687247
v -4.950716 0.720968 -3.694520
v -4.947469 0.720655 -3.684967
v -4.944894 0.722656 -3.692109
v -4.941792 0.721192 -3.682616
v -4.938890 0.723224 -3.689623
v -4.974490 0.685801 -3.696156
v -4.973466 0.685801 -3.703941
v -4.974077 0.700500 -3.710202
v -4.975868 0.693264 -3.710944
v -4.971151 0.707289 -3.708991
v -4.967182 0.713425 -3.707347
v -4.962288 0.718722 -3.705320
v -4.956619 0.723019 -3.702973
v -4.950346 0.726184 -3.700375
v -4.943660 0.728123 -3.697607
v -4.936766 0.728776 -3.694752
v -4.976471 0.685801 -3.711194
v -4.979883 0.703093 -3.714806
v -4.981991 0.694581 -3.715679
v -4.976442 0.711081 -3.713381
v -4.971772 0.718300 -3.711447
v -4.966014 0.724532 -3.709063
v -4.959344 0.729586 -3.706301
v -4.951965 0.733311 -3.703245
v -4.944100 0.735592 -3.699988
v -4.935989 0.736360 -3.696629
v -4.982700 0.685801 -3.715973
v -4.987245 0.705687 -3.715655
v -4.989668 0.695898 -3.716659
v -4.983287 0.714872 -3.714016
v -4.977917 0.723175 -3.711792
v -4.971296 0.730341 -3.709050
v -4.963625 0.736154 -3.705874
v -4.955139 0.740437 -3.702360
v -4.946095 0.743060 -3.698615
v -4.936766 0.743944 -3.694752
v -4.990485 0.685801 -3.716997
v -4.994189 0.707586 -3.712522
v -4.996844 0.696862 -3.713621
v -4.989854 0.717648 -3.710726
v -4.983970 0.726743 -3.708290
v -4.976717 0.734594 -3.705287
v -4.968314 0.740962 -3.701807
v -4.959017 0.745654 -3.697957
v -4.949109 0.748528 -3.693854
v -4.938890 0.749495 -3.689623
v -4.997738 0.685801 -3.713992
v -4.998855 0.708281 -3.706245
v -5.001595 0.697215 -3.707380
v -4.994381 0.718664 -3.704393
v -4.988310 0.728049 -3.701879
v -4.980825 0.736150 -3.698779
v -4.972154 0.742722 -3.695189
v -4.962561 0.747564 -3.691216
v -4.952337 0.750529 -3.686982
v -4.941792 0.751527 -3.682616
v -5.002517 0.685801 -3.707762
v -4.999992 0.707586 -3.698508
v -5.002647 0.696862 -3.699608
v -4.995657 0.717648 -3.696713
v -4.989773 0.726743 -3.694277
v -4.982520 0.734594 -3.691273
v -4.974117 0.740962 -3.687793
v -4.964820 0.745654 -3.683943
v -4.954912 0.748528 -3.679841
v -4.944694 0.749495 -3.675609
v -5.003541 0.685801 -3.699978
v -4.997296 0.705687 -3.691383
v -4.999720 0.695898 -3.692386
v -4.993339 0.714872 -3.689744
v -4.987968 0.723175 -3.687520
v -4.981347 0.730341 -3.684778
v -4.973676 0.736154 -3.681602
v -4.965190 0.740437 -3.678088
v -4.956146 0.743060 -3.674342
v -4.946817 0.743944 -3.670480
v -5.000535 0.685801 -3.692724
v -4.991489 0.703093 -3.686779
v -4.993597 0.694581 -3.687652
v -4.988048 0.711081 -3.685354
v -4.983378 0.718300 -3.683420
v -4.977620 0.724532 -3.681036
v -4.970951 0.729586 -3.678274
v -4.963571 0.733311 -3.675218
v -4.955706 0.735592 -3.671961
v -4.947595 0.736360 -3.668602
v -4.994306 0.685801 -3.687946
v -4.984128 0.700500 -3.685930
v -4.985919 0.693264 -3.686671
v -4.981203 0.707289 -3.684718
v -4.977233 0.713425 -3.683075
v -4.972339 0.718722 -3.681048
v -4.966670 0.723019 -3.678700
v -4.960397 0.726184 -3.676103
v -4.953712 0.728123 -3.673335
v -4.946817 0.728776 -3.670480
v -4.986522 0.685801 -3.686921
v -4.977184 0.698601 -3.689063
v -4.978744 0.692300 -3.689709
v -4.974637 0.704513 -3.688008
v -4.971179 0.709856 -3.686577
v -4.966918 0.714469 -3.684812
v -4.961981 0.718211 -3.682768
v -4.956519 0.720968 -3.680506
v -4.950697 0.722656 -3.678095
v -4.944694 0.723224 -3.675609
v -4.979269 0.685801 -3.689927
v -4.972518 0.697906 -3.695339
v -4.973993 0.691947 -3.695950
v -4.970109 0.703497 -3.694342
v -4.966840 0.708550 -3.692988
v -4.962810 0.712912 -3.691319
v -4.958141 0.716451 -3.689386
v -4.952975 0.719058 -3.687247
v -4.947469 0.720655 -3.684967
v -4.941792 0.721192 -3.682616
v -4.974490 0.685801 -3.696156
v -4.973466 0.674689 -3.703941
v -4.974490 0.674689 -3.696156
v -4.976471 0.674689 -3.711194
v -4.982700 0.674689 -3.715973
v -4.990485 0.674689 -3.716997
v -4.997738 0.674689 -3.713992
v -5.002517 0.674689 -3.707762
v -5.003541 0.674689 -3.699978
v -5.000535 0.674689 -3.692724
v -4.994306 0.674689 -3.687946
v -4.986522 0.674689 -3.686921
v -4.979269 0.674689 -3.689927
v -4.974490 0.674689 -3.696156
v -4.991694 0.669343 -3.726178
v -4.991694 0.659573 -3.726178
v -4.979157 0.669343 -3.724529
v -4.979157 0.659573 -3.724529
v -5.003376 0.669343 -3.721338
v -5.003376 0.659573 -3.721338
v -5.011074 0.669343 -3.711305
v -5.011074 0.659573 -3.711305
v -5.012722 0.669343 -3.698768
v -5.012722 0.659573 -3.698768
v -5.007883 0.669343 -3.687086
v -5.007883 0.659573 -3.687086
v -4.997849 0.669343 -3.679389
v -4.997849 0.659573 -3.679389
v -4.985312 0.669343 -3.677740
v -4.985312 0.659573 -3.677740
v -4.973630 0.669343 -3.682580
v -4.973630 0.659573 -3.682580
v -4.965933 0.669343 -3.692612
v -4.965933 0.659573 -3.692612
v -4.964284 0.669343 -3.705150
v -4.964284 0.659573 -3.705150
v -4.969124 0.669343 -3.716832
v -4.969124 0.659573 -3.716832
v -4.979269 0.674689 -3.689927
v -4.973630 0.669343 -3.682580
v -4.986522 0.674689 -3.686921
v -4.985312 0.669343 -3.677740
v -4.974490 0.674689 -3.696156
v -4.965933 0.669343 -3.692612
v -4.973466 0.674689 -3.703941
v -4.964284 0.669343 -3.705150
v -4.976471 0.674689 -3.711194
v -4.969124 0.669343 -3.716832
v -4.982700 0.674689 -3.715973
v -4.979157 0.669343 -3.724529
v -4.990485 0.674689 -3.716997
v -4.991694 0.669343 -3.726178
v -4.997738 0.674689 -3.713992
v -5.003376 0.669343 -3.721338
v -5.002517 0.674689 -3.707762
v -5.011074 0.669343 -3.711305
v -5.003541 0.674689 -3.699978
v -5.012722 0.669343 -3.698768
v -5.000535 0.674689 -3.692724
v -5.007883 0.669343 -3.687086
v -4.994306 0.674689 -3.687946
v -4.997849 0.669343 -3.679389
v -4.554258 0.697906 -3.522137
v -4.555395 0.698601 -3.514400
v -4.552783 0.691947 -3.521526
v -4.553835 0.692300 -3.513754
v -4.556667 0.703497 -3.523135
v -4.557943 0.704513 -3.515455
v -4.559936 0.708550 -3.524488
v -4.561399 0.709856 -3.516886
v -4.563966 0.712912 -3.526157
v -4.565661 0.714469 -3.518651
v -4.568635 0.716451 -3.528091
v -4.570598 0.718211 -3.520695
v -4.573801 0.719058 -3.530230
v -4.576061 0.720968 -3.522958
v -4.579306 0.720655 -3.532510
v -4.581882 0.722656 -3.525368
v -4.584984 0.721192 -3.534861
v -4.587886 0.723224 -3.527855
v -4.552286 0.685801 -3.521321
v -4.553310 0.685801 -3.513536
v -4.552700 0.700500 -3.507275
v -4.550908 0.693264 -3.506533
v -4.555624 0.707289 -3.508486
v -4.559594 0.713425 -3.510130
v -4.564488 0.718722 -3.512156
v -4.570158 0.723019 -3.514504
v -4.576430 0.726184 -3.517102
v -4.583116 0.728123 -3.519870
v -4.590010 0.728776 -3.522725
v -4.550305 0.685801 -3.506283
v -4.546893 0.703093 -3.502671
v -4.544785 0.694581 -3.501798
v -4.550333 0.711081 -3.504096
v -4.555004 0.718300 -3.506030
v -4.560761 0.724532 -3.508414
v -4.567431 0.729586 -3.511176
v -4.574811 0.733311 -3.514232
v -4.582676 0.735592 -3.517489
v -4.590787 0.736360 -3.520848
v -4.544075 0.685801 -3.501505
v -4.539531 0.705687 -3.501822
v -4.537107 0.695898 -3.500818
v -4.543489 0.714872 -3.503460
v -4.548860 0.723175 -3.505685
v -4.555480 0.730341 -3.508426
v -4.563151 0.736154 -3.511603
v -4.571637 0.740437 -3.515117
v -4.580682 0.743060 -3.518862
v -4.590010 0.743944 -3.522725
v -4.536292 0.685801 -3.500480
v -4.532587 0.707586 -3.504955
v -4.529932 0.696862 -3.503855
v -4.536922 0.717648 -3.506750
v -4.542806 0.726743 -3.509187
v -4.550059 0.734594 -3.512190
v -4.558462 0.740962 -3.515670
v -4.567759 0.745654 -3.519520
v -4.577667 0.748528 -3.523623
v -4.587886 0.749495 -3.527855
v -4.529038 0.685801 -3.503485
v -4.527921 0.708281 -3.511231
v -4.525182 0.697215 -3.510097
v -4.532394 0.718664 -3.513084
v -4.538466 0.728049 -3.515598
v -4.545951 0.736150 -3.518698
v -4.554622 0.742722 -3.522288
v -4.564215 0.747564 -3.526260
v -4.574440 0.750529 -3.530494
v -4.584984 0.751527 -3.534861
v -4.524259 0.685801 -3.509715
v -4.526784 0.707586 -3.518969
v -4.524129 0.696862 -3.517869
v -4.531119 0.717648 -3.520764
v -4.537003 0.726743 -3.523201
v -4.544256 0.734594 -3.526204
v -4.552659 0.740962 -3.529684
v -4.561956 0.745654 -3.533534
v -4.571864 0.748528 -3.537637
v -4.582082 0.749495 -3.541868
v -4.523235 0.685801 -3.517499
v -4.529480 0.705687 -3.526094
v -4.527056 0.695898 -3.525090
v -4.533437 0.714872 -3.527733
v -4.538808 0.723175 -3.529957
v -4.545429 0.730341 -3.532698
v -4.553100 0.736154 -3.535875
v -4.561586 0.740437 -3.539389
v -4.570631 0.743060 -3.543134
v -4.579958 0.743944 -3.546997
v -4.526240 0.685801 -3.524752
v -4.535287 0.703093 -3.530698
v -4.533179 0.694581 -3.529825
v -4.538728 0.711081 -3.532123
v -4.543398 0.718300 -3.534057
v -4.549156 0.724532 -3.536441
v -4.555825 0.729586 -3.539203
v -4.563205 0.733311 -3.542259
v -4.571070 0.735592 -3.545516
v -4.579181 0.736360 -3.548875
v -4.532469 0.685801 -3.529531
v -4.542648 0.700500 -3.531547
v -4.540857 0.693264 -3.530805
v -4.545574 0.707289 -3.532758
v -4.549543 0.713425 -3.534402
v -4.554437 0.718722 -3.536429
v -4.560106 0.723019 -3.538776
v -4.566379 0.726184 -3.541374
v -4.573064 0.728123 -3.544142
v -4.579958 0.728776 -3.546997
v -4.540254 0.685801 -3.530555
v -4.549592 0.698601 -3.528414
v -4.548032 0.692300 -3.527768
v -4.552139 0.704513 -3.529469
v -4.555596 0.709856 -3.530900
v -4.559858 0.714469 -3.532665
v -4.564795 0.718211 -3.534709
v -4.570257 0.720968 -3.536971
v -4.576079 0.722656 -3.539382
v -4.582082 0.723224 -3.541868
v -4.547507 0.685801 -3.527550
v -4.554258 0.697906 -3.522137
v -4.552783 0.691947 -3.521526
v -4.556667 0.703497 -3.523135
v -4.559936 0.708550 -3.524488
v -4.563966 0.712912 -3.526157
v -4.568635 0.716451 -3.528091
v -4.573801 0.719058 -3.530230
v -4.579306 0.720655 -3.532510
v -4.584984 0.721192 -3.534861
v -4.552286 0.685801 -3.521321
v -4.553310 0.674689 -3.513536
v -4.552286 0.674689 -3.521321
v -4.550305 0.674689 -3.506283
v -4.544075 0.674689 -3.501505
v -4.536292 0.674689 -3.500480
v -4.529038 0.674689 -3.503485
v -4.524259 0.674689 -3.509715
v -4.523235 0.674689 -3.517499
v -4.526240 0.674689 -3.524752
v -4.532469 0.674689 -3.529531
v -4.540254 0.674689 -3.530555
v -4.547507 0.674689 -3.527550
v -4.552286 0.674689 -3.521321
v -4.941792 0.721192 -3.682616
v -4.944694 0.723224 -3.675609
v -4.946817 0.728776 -3.670480
v -4.947595 0.736360 -3.668602
v -4.946817 0.743944 -3.670480
v -4.944694 0.749495 -3.675609
v -4.941792 0.751527 -3.682616
v -4.938890 0.749495 -3.689623
v -4.936766 0.743944 -3.694752
v -4.935989 0.736360 -3.696629
v -4.936766 0.728776 -3.694752
v -4.938890 0.723224 -3.689623
v -4.941792 0.721192 -3.682616
v -4.535081 0.669343 -3.491299
v -4.535081 0.659573 -3.491299
v -4.547618 0.669343 -3.492948
v -4.547618 0.659573 -3.492948
v -4.523400 0.669343 -3.496139
v -4.523400 0.659573 -3.496139
v -4.515703 0.669343 -3.506171
v -4.515703 0.659573 -3.506171
v -4.514053 0.669343 -3.518709
v -4.514053 0.659573 -3.518709
v -4.518894 0.669343 -3.530391
v -4.518894 0.659573 -3.530391
v -4.528926 0.669343 -3.538088
v -4.528926 0.659573 -3.538088
v -4.541463 0.669343 -3.539737
v -4.541463 0.659573 -3.539737
v -4.553145 0.669343 -3.534897
v -4.553145 0.659573 -3.534897
v -4.560843 0.669343 -3.524864
v -4.560843 0.659573 -3.524864
v -4.562491 0.669343 -3.512327
v -4.562491 0.659573 -3.512327
v -4.557652 0.669343 -3.500645
v -4.557652 0.659573 -3.500645
v -4.547507 0.674689 -3.527550
v -4.553145 0.669343 -3.534897
v -4.540254 0.674689 -3.530555
v -4.541463 0.669343 -3.539737
v -4.552286 0.674689 -3.521321
v -4.560843 0.669343 -3.524864
v -4.553310 0.674689 -3.513536
v -4.562491 0.669343 -3.512327
v -4.550305 0.674689 -3.506283
v -4.557652 0.669343 -3.500645
v -4.544075 0.674689 -3.501505
v -4.547618 0.669343 -3.492948
v -4.536292 0.674689 -3.500480
v -4.535081 0.669343 -3.491299
v -4.529038 0.674689 -3.503485
v -4.523400 0.669343 -3.496139
v -4.524259 0.674689 -3.509715
v -4.515703 0.669343 -3.506171
v -4.523235 0.674689 -3.517499
v -4.514053 0.669343 -3.518709
v -4.526240 0.674689 -3.524752
v -4.518894 0.669343 -3.530391
v -4.532469 0.674689 -3.529531
v -4.528926 0.669343 -3.538088
v -5.022773 0.388215 -2.039651
v -5.013746 0.388215 -2.035913
v -5.026889 0.377454 -2.029709
v -5.017863 0.377454 -2.025971
v -5.026889 0.377454 -2.029709
v -5.017863 0.377454 -2.025971
v -5.025383 0.362755 -2.033348
v -5.016356 0.362755 -2.029610
v -5.025383 0.362755 -2.033348
v -5.016356 0.362755 -2.029610
v -5.019759 0.358816 -2.046929
v -5.010732 0.358816 -2.043191
v -5.019759 0.358816 -2.046929
v -5.010732 0.358816 -2.043191
v -5.015642 0.369577 -2.056871
v -5.006616 0.369577 -2.053133
v -5.015642 0.369577 -2.056871
v -5.006616 0.369577 -2.053133
v -5.017148 0.384276 -2.053232
v -5.008122 0.384276 -2.049494
v -5.017148 0.384276 -2.053232
v -5.008122 0.384276 -2.049494
v -5.022773 0.388215 -2.039651
v -5.013746 0.388215 -2.035913
v -5.006616 0.369577 -2.053133
v -5.012239 0.373515 -2.039552
v -5.008122 0.384276 -2.049494
v -5.008122 0.384276 -2.049494
v -5.012239 0.373515 -2.039552
v -5.013746 0.388215 -2.035913
v -5.013746 0.388215 -2.035913
v -5.012239 0.373515 -2.039552
v -5.017863 0.377454 -2.025971
v -5.017863 0.377454 -2.025971
v -5.012239 0.373515 -2.039552
v -5.016356 0.362755 -2.029610
v -5.016356 0.362755 -2.029610
v -5.012239 0.373515 -2.039552
v -5.010732 0.358816 -2.043191
v -5.010732 0.358816 -2.043191
v -5.012239 0.373515 -2.039552
v -5.006616 0.369577 -2.053133
v -4.872346 0.386771 -2.402911
v -4.863320 0.386771 -2.399173
v -4.874574 0.372712 -2.397530
v -4.865548 0.372712 -2.393793
v -4.874574 0.372712 -2.397530
v -4.865548 0.372712 -2.393793
v -4.871030 0.360639 -2.406090
v -4.862004 0.360639 -2.402352
v -4.871030 0.360639 -2.406090
v -4.862004 0.360639 -2.402352
v -4.865258 0.362625 -2.420029
v -4.856231 0.362625 -2.416291
v -4.865258 0.362625 -2.420029
v -4.856231 0.362625 -2.416291
v -4.863029 0.376685 -2.425410
v -4.854003 0.376685 -2.421672
v -4.863029 0.376685 -2.425410
v -4.854003 0.376685 -2.421672
v -4.866574 0.388758 -2.416851
v -4.857547 0.388758 -2.413112
v -4.866574 0.388758 -2.416851
v -4.857547 0.388758 -2.413112
v -4.872346 0.386771 -2.402911
v -4.863320 0.386771 -2.399173
v -4.854003 0.376685 -2.421672
v -4.859776 0.374698 -2.407732
v -4.857547 0.388758 -2.413112
v -4.857547 0.388758 -2.413112
v -4.859776 0.374698 -2.407732
v -4.863320 0.386771 -2.399173
v -4.863320 0.386771 -2.399173
v -4.859776 0.374698 -2.407732
v -4.865548 0.372712 -2.393793
v -4.865548 0.372712 -2.393793
v -4.859776 0.374698 -2.407732
v -4.862004 0.360639 -2.402352
v -4.862004 0.360639 -2.402352
v -4.859776 0.374698 -2.407732
v -4.856231 0.362625 -2.416291
v -4.856231 0.362625 -2.416291
v -4.859776 0.374698 -2.407732
v -4.854003 0.376685 -2.421672
v -4.870309 0.235306 -2.407831
v -4.861282 0.235306 -2.404093
v -4.874426 0.224545 -2.397889
v -4.865400 0.224545 -2.394151
v -4.874426 0.224545 -2.397889
v -4.865400 0.224545 -2.394151
v -4.872919 0.209846 -2.401528
v -4.863893 0.209846 -2.397790
v -4.872919 0.209846 -2.401528
v -4.863893 0.209846 -2.397790
v -4.867295 0.205907 -2.415109
v -4.858269 0.205907 -2.411371
v -4.867295 0.205907 -2.415109
v -4.858269 0.205907 -2.411371
v -4.863178 0.216668 -2.425051
v -4.854152 0.216668 -2.421313
v -4.863178 0.216668 -2.425051
v -4.854152 0.216668 -2.421313
v -4.864685 0.231367 -2.421412
v -4.855659 0.231367 -2.417674
v -4.864685 0.231367 -2.421412
v -4.855659 0.231367 -2.417674
v -4.870309 0.235306 -2.407831
v -4.861282 0.235306 -2.404093
v -4.854152 0.216668 -2.421313
v -4.859776 0.220606 -2.407732
v -4.855659 0.231367 -2.417674
v -4.855659 0.231367 -2.417674
v -4.859776 0.220606 -2.407732
v -4.861282 0.235306 -2.404093
v -4.861282 0.235306 -2.404093
v -4.859776 0.220606 -2.407732
v -4.865400 0.224545 -2.394151
v -4.865400 0.224545 -2.394151
v -4.859776 0.220606 -2.407732
v -4.863893 0.209846 -2.397790
v -4.863893 0.209846 -2.397790
v -4.859776 0.220606 -2.407732
v -4.858269 0.205907 -2.411371
v -4.858269 0.205907 -2.411371
v -4.859776 0.220606 -2.407732
v -4.854152 0.216668 -2.421313
v -5.026308 0.227032 -2.031114
v -5.017282 0.227032 -2.027376
v -5.026308 0.211814 -2.031114
v -5.017282 0.211814 -2.027376
v -5.026308 0.211814 -2.031114
v -5.017282 0.211814 -2.027376
v -5.021266 0.204206 -2.043290
v -5.012239 0.204206 -2.039552
v -5.021266 0.204206 -2.043290
v -5.012239 0.204206 -2.039552
v -5.016223 0.211814 -2.055467
v -5.007197 0.211814 -2.051729
v -5.016223 0.211814 -2.055467
v -5.007197 0.211814 -2.051729
v -5.016223 0.227032 -2.055467
v -5.007197 0.227032 -2.051729
v -5.016223 0.227032 -2.055467
v -5.007197 0.227032 -2.051729
v -5.021266 0.234641 -2.043290
v -5.012239 0.234641 -2.039552
v -5.021266 0.234641 -2.043290
v -5.012239 0.234641 -2.039552
v -5.026308 0.227032 -2.031114
v -5.017282 0.227032 -2.027376
v -5.007197 0.227032 -2.051729
v -5.012239 0.219424 -2.039552
v -5.012239 0.234641 -2.039552
v -5.012239 0.234641 -2.039552
v -5.012239 0.219424 -2.039552
v -5.017282 0.227032 -2.027376
v -5.017282 0.227032 -2.027376
v -5.012239 0.219424 -2.039552
v -5.017282 0.211814 -2.027376
v -5.017282 0.211814 -2.027376
v -5.012239 0.219424 -2.039552
v -5.012239 0.204206 -2.039552
v -5.012239 0.204206 -2.039552
v -5.012239 0.219424 -2.039552
v -5.007197 0.211814 -2.051729
v -5.007197 0.211814 -2.051729
v -5.012239 0.219424 -2.039552
v -5.007197 0.227032 -2.051729
v -4.612211 0.597303 -3.053647
v -4.603185 0.597303 -3.049909
v -4.616328 0.586542 -3.043705
v -4.607302 0.586542 -3.039967
v -4.616328 0.586542 -3.043705
v -4.607302 0.586542 -3.039967
v -4.614821 0.571842 -3.047344
v -4.605794 0.571842 -3.043606
v -4.614821 0.571842 -3.047344
v -4.605794 0.571842 -3.043606
v -4.609197 0.567904 -3.060925
v -4.600171 0.567904 -3.057187
v -4.609197 0.567904 -3.060925
v -4.600171 0.567904 -3.057187
v -4.605081 0.578665 -3.070867
v -4.596054 0.578665 -3.067129
v -4.605081 0.578665 -3.070867
v -4.596054 0.578665 -3.067129
v -4.606587 0.593364 -3.067228
v -4.597561 0.593364 -3.063490
v -4.606587 0.593364 -3.067228
v -4.597561 0.593364 -3.063490
v -4.612211 0.597303 -3.053647
v -4.603185 0.597303 -3.049909
v -4.596054 0.578665 -3.067129
v -4.601678 0.582603 -3.053548
v -4.597561 0.593364 -3.063490
v -4.597561 0.593364 -3.063490
v -4.601678 0.582603 -3.053548
v -4.603185 0.597303 -3.049909
v -4.603185 0.597303 -3.049909
v -4.601678 0.582603 -3.053548
v -4.607302 0.586542 -3.039967
v -4.607302 0.586542 -3.039967
v -4.601678 0.582603 -3.053548
v -4.605794 0.571842 -3.043606
v -4.605794 0.571842 -3.043606
v -4.601678 0.582603 -3.053548
v -4.600171 0.567904 -3.057187
v -4.600171 0.567904 -3.057187
v -4.601678 0.582603 -3.053548
v -4.596054 0.578665 -3.067129
v -4.475687 0.597691 -3.383336
v -4.466660 0.597691 -3.379597
v -4.481066 0.591867 -3.370346
v -4.472040 0.591867 -3.366608
v -4.481066 0.591867 -3.370346
v -4.472040 0.591867 -3.366608
v -4.481826 0.576780 -3.368510
v -4.472799 0.576780 -3.364773
v -4.481826 0.576780 -3.368510
v -4.472799 0.576780 -3.364773
v -4.477207 0.567516 -3.379665
v -4.468180 0.567516 -3.375927
v -4.477207 0.567516 -3.379665
v -4.468180 0.567516 -3.375927
v -4.471828 0.573339 -3.392655
v -4.462801 0.573339 -3.388917
v -4.471828 0.573339 -3.392655
v -4.462801 0.573339 -3.388917
v -4.471068 0.588427 -3.394490
v -4.462041 0.588427 -3.390752
v -4.471068 0.588427 -3.394490
v -4.462041 0.588427 -3.390752
v -4.475687 0.597691 -3.383336
v -4.466660 0.597691 -3.379597
v -4.462801 0.573339 -3.388917
v -4.467420 0.582603 -3.377762
v -4.462041 0.588427 -3.390752
v -4.462041 0.588427 -3.390752
v -4.467420 0.582603 -3.377762
v -4.466660 0.597691 -3.379597
v -4.466660 0.597691 -3.379597
v -4.467420 0.582603 -3.377762
v -4.472040 0.591867 -3.366608
v -4.472040 0.591867 -3.366608
v -4.467420 0.582603 -3.377762
v -4.472799 0.576780 -3.364773
v -4.472799 0.576780 -3.364773
v -4.467420 0.582603 -3.377762
v -4.468180 0.567516 -3.375927
v -4.468180 0.567516 -3.375927
v -4.467420 0.582603 -3.377762
v -4.462801 0.573339 -3.388917
v -4.473536 0.225783 -3.388530
v -4.464509 0.225783 -3.384793
v -4.479358 0.225783 -3.374470
v -4.470331 0.225783 -3.370733
v -4.479358 0.225783 -3.374470
v -4.470331 0.225783 -3.370733
v -4.482269 0.212604 -3.367440
v -4.473242 0.212604 -3.363703
v -4.482269 0.212604 -3.367440
v -4.473242 0.212604 -3.363703
v -4.479358 0.199425 -3.374470
v -4.470331 0.199425 -3.370733
v -4.479358 0.199425 -3.374470
v -4.470331 0.199425 -3.370733
v -4.473536 0.199425 -3.388530
v -4.464509 0.199425 -3.384793
v -4.473536 0.199425 -3.388530
v -4.464509 0.199425 -3.384793
v -4.470624 0.212604 -3.395561
v -4.461598 0.212604 -3.391823
v -4.470624 0.212604 -3.395561
v -4.461598 0.212604 -3.391823
v -4.473536 0.225783 -3.388530
v -4.464509 0.225783 -3.384793
v -4.464509 0.199425 -3.384793
v -4.467420 0.212604 -3.377763
v -4.461598 0.212604 -3.391823
v -4.461598 0.212604 -3.391823
v -4.467420 0.212604 -3.377763
v -4.464509 0.225783 -3.384793
v -4.464509 0.225783 -3.384793
v -4.467420 0.212604 -3.377763
v -4.470331 0.225783 -3.370733
v -4.470331 0.225783 -3.370733
v -4.467420 0.212604 -3.377763
v -4.473242 0.212604 -3.363703
v -4.473242 0.212604 -3.363703
v -4.467420 0.212604 -3.377763
v -4.470331 0.199425 -3.370733
v -4.470331 0.199425 -3.370733
v -4.467420 0.212604 -3.377763
v -4.464509 0.199425 -3.384793
v -4.615746 0.220213 -3.045110
v -4.606720 0.220213 -3.041372
v -4.615746 0.204995 -3.045110
v -4.606720 0.204995 -3.041372
v -4.615746 0.204995 -3.045110
v -4.606720 0.204995 -3.041372
v -4.610704 0.197386 -3.057286
v -4.601678 0.197386 -3.053548
v -4.610704 0.197386 -3.057286
v -4.601678 0.197386 -3.053548
v -4.605662 0.204995 -3.069462
v -4.596635 0.204995 -3.065724
v -4.605662 0.204995 -3.069462
v -4.596635 0.204995 -3.065724
v -4.605662 0.220213 -3.069462
v -4.596635 0.220213 -3.065724
v -4.605662 0.220213 -3.069462
v -4.596635 0.220213 -3.065724
v -4.610704 0.227822 -3.057286
v -4.601678 0.227822 -3.053548
v -4.610704 0.227822 -3.057286
v -4.601678 0.227822 -3.053548
v -4.615746 0.220213 -3.045110
v -4.606720 0.220213 -3.041372
v -4.596635 0.220213 -3.065724
v -4.601678 0.212604 -3.053548
v -4.601678 0.227822 -3.053548
v -4.601678 0.227822 -3.053548
v -4.601678 0.212604 -3.053548
v -4.606720 0.220213 -3.041372
v -4.606720 0.220213 -3.041372
v -4.601678 0.212604 -3.053548
v -4.606720 0.204995 -3.041372
v -4.606720 0.204995 -3.041372
v -4.601678 0.212604 -3.053548
v -4.601678 0.197386 -3.053548
v -4.601678 0.197386 -3.053548
v -4.601678 0.212604 -3.053548
v -4.596635 0.204995 -3.065724
v -4.596635 0.204995 -3.065724
v -4.601678 0.212604 -3.053548
v -4.596635 0.220213 -3.065724
v -5.328388 0.658015 -3.027627
v -5.328388 0.667785 -3.027627
v -5.317796 0.658015 -3.002064
v -5.317796 0.667785 -3.002064
v -5.317796 0.658015 -3.002064
v -5.317796 0.667785 -3.002064
v -5.290364 0.658015 -2.998455
v -5.290364 0.667785 -2.998455
v -5.290364 0.658015 -2.998455
v -5.290364 0.667785 -2.998455
v -5.273522 0.658015 -3.020408
v -5.273522 0.667785 -3.020408
v -5.273522 0.658015 -3.020408
v -5.273522 0.667785 -3.020408
v -5.284113 0.658015 -3.045971
v -5.284113 0.667785 -3.045971
v -5.284113 0.658015 -3.045971
v -5.284113 0.667785 -3.045971
v -5.311546 0.658015 -3.049580
v -5.311546 0.667785 -3.049580
v -5.311546 0.658015 -3.049580
v -5.311546 0.667785 -3.049580
v -5.328388 0.658015 -3.027627
v -5.328388 0.667785 -3.027627
v -5.284113 0.667785 -3.045971
v -5.300955 0.667785 -3.024018
v -5.311546 0.667785 -3.049580
v -5.311546 0.667785 -3.049580
v -5.300955 0.667785 -3.024018
v -5.328388 0.667785 -3.027627
v -5.328388 0.667785 -3.027627
v -5.300955 0.667785 -3.024018
v -5.317796 0.667785 -3.002064
v -5.317796 0.667785 -3.002064
v -5.300955 0.667785 -3.024018
v -5.290364 0.667785 -2.998455
v -5.290364 0.667785 -2.998455
v -5.300955 0.667785 -3.024018
v -5.273522 0.667785 -3.020408
v -5.273522 0.667785 -3.020408
v -5.300955 0.667785 -3.024018
v -5.284113 0.667785 -3.045971
v -5.444997 0.658015 -2.738806
v -5.444997 0.667785 -2.738806
v -5.455583 0.658015 -2.713242
v -5.455583 0.667785 -2.713242
v -5.455583 0.658015 -2.713242
v -5.455583 0.667785 -2.713242
v -5.438736 0.658015 -2.691292
v -5.438736 0.667785 -2.691292
v -5.438736 0.658015 -2.691292
v -5.438736 0.667785 -2.691292
v -5.411304 0.658015 -2.694906
v -5.411304 0.667785 -2.694906
v -5.411304 0.658015 -2.694906
v -5.411304 0.667785 -2.694906
v -5.400718 0.658015 -2.720471
v -5.400718 0.667785 -2.720471
v -5.400718 0.658015 -2.720471
v -5.400718 0.667785 -2.720471
v -5.417564 0.658015 -2.742421
v -5.417564 0.667785 -2.742421
v -5.417564 0.658015 -2.742421
v -5.417564 0.667785 -2.742421
v -5.444997 0.658015 -2.738806
v -5.444997 0.667785 -2.738806
v -5.400718 0.667785 -2.720471
v -5.428151 0.667785 -2.716856
v -5.417564 0.667785 -2.742421
v -5.417564 0.667785 -2.742421
v -5.428151 0.667785 -2.716856
v -5.444997 0.667785 -2.738806
v -5.444997 0.667785 -2.738806
v -5.428151 0.667785 -2.716856
v -5.455583 0.667785 -2.713242
v -5.455583 0.667785 -2.713242
v -5.428151 0.667785 -2.716856
v -5.438736 0.667785 -2.691292
v -5.438736 0.667785 -2.691292
v -5.428151 0.667785 -2.716856
v -5.411304 0.667785 -2.694906
v -5.411304 0.667785 -2.694906
v -5.428151 0.667785 -2.716856
v -5.400718 0.667785 -2.720471
v -4.815412 0.658015 -2.837928
v -4.815412 0.667785 -2.837928
v -4.825998 0.658015 -2.812363
v -4.825998 0.667785 -2.812363
v -4.825998 0.658015 -2.812363
v -4.825998 0.667785 -2.812363
v -4.809152 0.658015 -2.790414
v -4.809152 0.667785 -2.790414
v -4.809152 0.658015 -2.790414
v -4.809152 0.667785 -2.790414
v -4.781720 0.658015 -2.794028
v -4.781720 0.667785 -2.794028
v -4.781720 0.658015 -2.794028
v -4.781720 0.667785 -2.794028
v -4.771134 0.658015 -2.819592
v -4.771134 0.667785 -2.819592
v -4.771134 0.658015 -2.819592
v -4.771134 0.667785 -2.819592
v -4.787980 0.658015 -2.841542
v -4.787980 0.667785 -2.841542
v -4.787980 0.658015 -2.841542
v -4.787980 0.667785 -2.841542
v -4.815412 0.658015 -2.837928
v -4.815412 0.667785 -2.837928
v -4.771134 0.667785 -2.819592
v -4.798566 0.667785 -2.815978
v -4.787980 0.667785 -2.841542
v -4.787980 0.667785 -2.841542
v -4.798566 0.667785 -2.815978
v -4.815412 0.667785 -2.837928
v -4.815412 0.667785 -2.837928
v -4.798566 0.667785 -2.815978
v -4.825998 0.667785 -2.812363
v -4.825998 0.667785 -2.812363
v -4.798566 0.667785 -2.815978
v -4.809152 0.667785 -2.790414
v -4.809152 0.667785 -2.790414
v -4.798566 0.667785 -2.815978
v -4.781720 0.667785 -2.794028
v -4.781720 0.667785 -2.794028
v -4.798566 0.667785 -2.815978
v -4.771134 0.667785 -2.819592
v -4.932926 0.658015 -2.535542
v -4.932926 0.667785 -2.535542
v -4.952489 0.658015 -2.515975
v -4.952489 0.667785 -2.515975
v -4.952489 0.658015 -2.515975
v -4.952489 0.667785 -2.515975
v -4.945325 0.658015 -2.489249
v -4.945325 0.667785 -2.489249
v -4.945325 0.658015 -2.489249
v -4.945325 0.667785 -2.489249
v -4.918598 0.658015 -2.482091
v -4.918598 0.667785 -2.482091
v -4.918598 0.658015 -2.482091
v -4.918598 0.667785 -2.482091
v -4.899035 0.658015 -2.501658
v -4.899035 0.667785 -2.501658
v -4.899035 0.658015 -2.501658
v -4.899035 0.667785 -2.501658
v -4.906199 0.658015 -2.528384
v -4.906199 0.667785 -2.528384
v -4.906199 0.658015 -2.528384
v -4.906199 0.667785 -2.528384
v -4.932926 0.658015 -2.535542
v -4.932926 0.667785 -2.535542
v -4.899035 0.667785 -2.501658
v -4.925762 0.667785 -2.508817
v -4.906199 0.667785 -2.528384
v -4.906199 0.667785 -2.528384
v -4.925762 0.667785 -2.508817
v -4.932926 0.667785 -2.535542
v -4.932926 0.667785 -2.535542
v -4.925762 0.667785 -2.508817
v -4.952489 0.667785 -2.515975
v -4.952489 0.667785 -2.515975
v -4.925762 0.667785 -2.508817
v -4.945325 0.667785 -2.489249
v -4.945325 0.667785 -2.489249
v -4.925762 0.667785 -2.508817
v -4.918598 0.667785 -2.482091
v -4.918598 0.667785 -2.482091
v -4.925762 0.667785 -2.508817
v -4.899035 0.667785 -2.501658
v -4.555463 0.658015 -3.465670
v -4.555463 0.667785 -3.465670
v -4.566049 0.658015 -3.440106
v -4.566049 0.667785 -3.440106
v -4.566049 0.658015 -3.440106
v -4.566049 0.667785 -3.440106
v -4.549203 0.658015 -3.418156
v -4.549203 0.667785 -3.418156
v -4.549203 0.658015 -3.418156
v -4.549203 0.667785 -3.418156
v -4.521771 0.658015 -3.421770
v -4.521771 0.667785 -3.421770
v -4.521771 0.658015 -3.421770
v -4.521771 0.667785 -3.421770
v -4.511185 0.658015 -3.447335
v -4.511185 0.667785 -3.447335
v -4.511185 0.658015 -3.447335
v -4.511185 0.667785 -3.447335
v -4.528031 0.658015 -3.469285
v -4.528031 0.667785 -3.469285
v -4.528031 0.658015 -3.469285
v -4.528031 0.667785 -3.469285
v -4.555463 0.658015 -3.465670
v -4.555463 0.667785 -3.465670
v -4.511185 0.667785 -3.447335
v -4.538617 0.667785 -3.443720
v -4.528031 0.667785 -3.469285
v -4.528031 0.667785 -3.469285
v -4.538617 0.667785 -3.443720
v -4.555463 0.667785 -3.465670
v -4.555463 0.667785 -3.465670
v -4.538617 0.667785 -3.443720
v -4.566049 0.667785 -3.440106
v -4.566049 0.667785 -3.440106
v -4.538617 0.667785 -3.443720
v -4.549203 0.667785 -3.418156
v -4.549203 0.667785 -3.418156
v -4.538617 0.667785 -3.443720
v -4.521771 0.667785 -3.421770
v -4.521771 0.667785 -3.421770
v -4.538617 0.667785 -3.443720
v -4.511185 0.667785 -3.447335
v -5.068439 0.658015 -3.655369
v -5.068439 0.667785 -3.655369
v -5.057847 0.658015 -3.629807
v -5.057847 0.667785 -3.629807
v -5.057847 0.658015 -3.629807
v -5.057847 0.667785 -3.629807
v -5.030415 0.658015 -3.626198
v -5.030415 0.667785 -3.626198
v -5.030415 0.658015 -3.626198
v -5.030415 0.667785 -3.626198
v -5.013573 0.658015 -3.648151
v -5.013573 0.667785 -3.648151
v -5.013573 0.658015 -3.648151
v -5.013573 0.667785 -3.648151
v -5.024164 0.658015 -3.673713
v -5.024164 0.667785 -3.673713
v -5.024164 0.658015 -3.673713
v -5.024164 0.667785 -3.673713
v -5.051597 0.658015 -3.677322
v -5.051597 0.667785 -3.677322
v -5.051597 0.658015 -3.677322
v -5.051597 0.667785 -3.677322
v -5.068439 0.658015 -3.655369
v -5.068439 0.667785 -3.655369
v -5.024164 0.667785 -3.673713
v -5.041006 0.667785 -3.651760
v -5.051597 0.667785 -3.677322
v -5.051597 0.667785 -3.677322
v -5.041006 0.667785 -3.651760
v -5.068439 0.667785 -3.655369
v -5.068439 0.667785 -3.655369
v -5.041006 0.667785 -3.651760
v -5.057847 0.667785 -3.629807
v -5.057847 0.667785 -3.629807
v -5.041006 0.667785 -3.651760
v -5.030415 0.667785 -3.626198
v -5.030415 0.667785 -3.626198
v -5.041006 0.667785 -3.651760
v -5.013573 0.667785 -3.648151
v -5.041006 0.667785 -3.651760
v -5.024164 0.667785 -3.673713
v -5.282650 0.658015 -1.691004
v -5.282650 0.667785 -1.691004
v -5.302214 0.658015 -1.671437
v -5.302214 0.667785 -1.671437
v -5.302214 0.658015 -1.671437
v -5.302214 0.667785 -1.671437
v -5.295049 0.658015 -1.644711
v -5.295049 0.667785 -1.644711
v -5.295049 0.658015 -1.644711
v -5.295049 0.667785 -1.644711
v -5.268322 0.658015 -1.637553
v -5.268322 0.667785 -1.637553
v -5.268322 0.658015 -1.637553
v -5.268322 0.667785 -1.637553
v -5.248759 0.658015 -1.657120
v -5.248759 0.667785 -1.657120
v -5.248759 0.658015 -1.657120
v -5.248759 0.667785 -1.657120
v -5.255923 0.658015 -1.683846
v -5.255923 0.667785 -1.683846
v -5.255923 0.658015 -1.683846
v -5.255923 0.667785 -1.683846
v -5.282650 0.658015 -1.691004
v -5.282650 0.667785 -1.691004
v -5.248759 0.667785 -1.657120
v -5.275486 0.667785 -1.664278
v -5.255923 0.667785 -1.683846
v -5.255923 0.667785 -1.683846
v -5.275486 0.667785 -1.664278
v -5.282650 0.667785 -1.691004
v -5.282650 0.667785 -1.691004
v -5.275486 0.667785 -1.664278
v -5.302214 0.667785 -1.671437
v -5.302214 0.667785 -1.671437
v -5.275486 0.667785 -1.664278
v -5.295049 0.667785 -1.644711
v -5.295049 0.667785 -1.644711
v -5.275486 0.667785 -1.664278
v -5.268322 0.667785 -1.637553
v -5.268322 0.667785 -1.637553
v -5.275486 0.667785 -1.664278
v -5.248759 0.667785 -1.657120
v -5.794721 0.658015 -1.894268
v -5.794721 0.667785 -1.894268
v -5.805307 0.658015 -1.868704
v -5.805307 0.667785 -1.868704
v -5.805307 0.658015 -1.868704
v -5.805307 0.667785 -1.868704
v -5.788461 0.658015 -1.846753
v -5.788461 0.667785 -1.846753
v -5.788461 0.658015 -1.846753
v -5.788461 0.667785 -1.846753
v -5.761029 0.658015 -1.850368
v -5.761029 0.667785 -1.850368
v -5.761029 0.658015 -1.850368
v -5.761029 0.667785 -1.850368
v -5.750443 0.658015 -1.875933
v -5.750443 0.667785 -1.875933
v -5.750443 0.658015 -1.875933
v -5.750443 0.667785 -1.875933
v -5.767289 0.658015 -1.897882
v -5.767289 0.667785 -1.897882
v -5.767289 0.658015 -1.897882
v -5.767289 0.667785 -1.897882
v -5.794721 0.658015 -1.894268
v -5.794721 0.667785 -1.894268
v -5.750443 0.667785 -1.875933
v -5.777875 0.667785 -1.872318
v -5.767289 0.667785 -1.897882
v -5.767289 0.667785 -1.897882
v -5.777875 0.667785 -1.872318
v -5.794721 0.667785 -1.894268
v -5.794721 0.667785 -1.894268
v -5.777875 0.667785 -1.872318
v -5.805307 0.667785 -1.868704
v -5.805307 0.667785 -1.868704
v -5.777875 0.667785 -1.872318
v -5.788461 0.667785 -1.846753
v -5.788461 0.667785 -1.846753
v -5.777875 0.667785 -1.872318
v -5.761029 0.667785 -1.850368
v -5.761029 0.667785 -1.850368
v -5.777875 0.667785 -1.872318
v -5.750443 0.667785 -1.875933
v -6.267958 0.930399 -1.955155
v -6.263140 0.938661 -1.953160
v -6.255517 0.919737 -1.941049
v -6.250699 0.927999 -1.939053
v -6.255517 0.919737 -1.941049
v -6.250699 0.927999 -1.939053
v -6.237080 0.910581 -1.947659
v -6.232261 0.918843 -1.945664
v -6.237080 0.910581 -1.947659
v -6.232261 0.918843 -1.945664
v -6.231083 0.912087 -1.968377
v -6.226265 0.920349 -1.966382
v -6.231083 0.912087 -1.968377
v -6.226265 0.920349 -1.966382
v -6.243524 0.922750 -1.982485
v -6.238706 0.931011 -1.980490
v -6.243524 0.922750 -1.982485
v -6.238706 0.931011 -1.980490
v -6.261961 0.931906 -1.975874
v -6.257143 0.940167 -1.973879
v -6.261961 0.931906 -1.975874
v -6.257143 0.940167 -1.973879
v -6.267958 0.930399 -1.955155
v -6.263140 0.938661 -1.953160
v -6.238706 0.931011 -1.980490
v -6.244702 0.929505 -1.959771
v -6.257143 0.940167 -1.973879
v -6.257143 0.940167 -1.973879
v -6.244702 0.929505 -1.959771
v -6.263140 0.938661 -1.953160
v -6.263140 0.938661 -1.953160
v -6.244702 0.929505 -1.959771
v -6.250699 0.927999 -1.939053
v -6.250699 0.927999 -1.939053
v -6.244702 0.929505 -1.959771
v -6.232261 0.918843 -1.945664
v -6.232261 0.918843 -1.945664
v -6.244702 0.929505 -1.959771
v -6.226265 0.920349 -1.966382
v -6.226265 0.920349 -1.966382
v -6.244702 0.929505 -1.959771
v -6.238706 0.931011 -1.980490
v -5.915817 0.688714 -1.809333
v -5.910999 0.696976 -1.807338
v -5.903376 0.678052 -1.795226
v -5.898558 0.686313 -1.793231
v -5.903376 0.678052 -1.795226
v -5.898558 0.686313 -1.793231
v -5.884939 0.668896 -1.801837
v -5.880121 0.677157 -1.799842
v -5.884939 0.668896 -1.801837
v -5.880121 0.677157 -1.799842
v -5.878942 0.670402 -1.822556
v -5.874124 0.678664 -1.820560
v -5.878942 0.670402 -1.822556
v -5.874124 0.678664 -1.820560
v -5.891384 0.681065 -1.836663
v -5.886565 0.689326 -1.834668
v -5.891384 0.681065 -1.836663
v -5.886565 0.689326 -1.834668
v -5.909821 0.690221 -1.830052
v -5.905002 0.698482 -1.828057
v -5.909821 0.690221 -1.830052
v -5.905002 0.698482 -1.828057
v -5.915817 0.688714 -1.809333
v -5.910999 0.696976 -1.807338
v -5.886565 0.689326 -1.834668
v -5.892561 0.687820 -1.813949
v -5.905002 0.698482 -1.828057
v -5.905002 0.698482 -1.828057
v -5.892561 0.687820 -1.813949
v -5.910999 0.696976 -1.807338
v -5.910999 0.696976 -1.807338
v -5.892561 0.687820 -1.813949
v -5.898558 0.686313 -1.793231
v -5.898558 0.686313 -1.793231
v -5.892561 0.687820 -1.813949
v -5.880121 0.677157 -1.799842
v -5.880121 0.677157 -1.799842
v -5.892561 0.687820 -1.813949
v -5.874124 0.678664 -1.820560
v -5.874124 0.678664 -1.820560
v -5.892561 0.687820 -1.813949
v -5.886565 0.689326 -1.834668
v -5.108620 0.688714 -3.758609
v -5.103802 0.696976 -3.756613
v -5.096179 0.678052 -3.744502
v -5.091361 0.686314 -3.742507
v -5.096179 0.678052 -3.744502
v -5.091361 0.686314 -3.742507
v -5.077741 0.668896 -3.751113
v -5.072923 0.677158 -3.749117
v -5.077741 0.668896 -3.751113
v -5.072923 0.677158 -3.749117
v -5.071745 0.670402 -3.771831
v -5.066926 0.678664 -3.769836
v -5.071745 0.670402 -3.771831
v -5.066926 0.678664 -3.769836
v -5.084186 0.681065 -3.785938
v -5.079368 0.689326 -3.783943
v -5.084186 0.681065 -3.785938
v -5.079368 0.689326 -3.783943
v -5.102623 0.690221 -3.779327
v -5.097805 0.698483 -3.777332
v -5.102623 0.690221 -3.779327
v -5.097805 0.698483 -3.777332
v -5.108620 0.688714 -3.758609
v -5.103802 0.696976 -3.756613
v -5.079368 0.689326 -3.783943
v -5.085364 0.687820 -3.763225
v -5.097805 0.698483 -3.777332
v -5.097805 0.698483 -3.777332
v -5.085364 0.687820 -3.763225
v -5.103802 0.696976 -3.756613
v -5.103802 0.696976 -3.756613
v -5.085364 0.687820 -3.763225
v -5.091361 0.686314 -3.742507
v -5.091361 0.686314 -3.742507
v -5.085364 0.687820 -3.763225
v -5.072923 0.677158 -3.749117
v -5.072923 0.677158 -3.749117
v -5.085364 0.687820 -3.763225
v -5.066926 0.678664 -3.769836
v -5.066926 0.678664 -3.769836
v -5.085364 0.687820 -3.763225
v -5.079368 0.689326 -3.783943
v -5.460761 0.930400 -3.904431
v -5.455943 0.938661 -3.902436
v -5.448319 0.919737 -3.890324
v -5.443501 0.927999 -3.888329
v -5.448319 0.919737 -3.890324
v -5.443501 0.927999 -3.888329
v -5.429883 0.910581 -3.896935
v -5.425064 0.918843 -3.894939
v -5.429883 0.910581 -3.896935
v -5.425064 0.918843 -3.894939
v -5.423886 0.912087 -3.917653
v -5.419068 0.920349 -3.915658
v -5.423886 0.912087 -3.917653
v -5.419068 0.920349 -3.915658
v -5.436327 0.922750 -3.931760
v -5.431509 0.931012 -3.929765
v -5.436327 0.922750 -3.931760
v -5.431509 0.931012 -3.929765
v -5.454764 0.931906 -3.925149
v -5.449946 0.940168 -3.923154
v -5.454764 0.931906 -3.925149
v -5.449946 0.940168 -3.923154
v -5.460761 0.930400 -3.904431
v -5.455943 0.938661 -3.902436
v -5.431509 0.931012 -3.929765
v -5.437505 0.929505 -3.909047
v -5.449946 0.940168 -3.923154
v -5.449946 0.940168 -3.923154
v -5.437505 0.929505 -3.909047
v -5.455943 0.938661 -3.902436
v -5.455943 0.938661 -3.902436
v -5.437505 0.929505 -3.909047
v -5.443501 0.927999 -3.888329
v -5.443501 0.927999 -3.888329
v -5.437505 0.929505 -3.909047
v -5.425064 0.918843 -3.894939
v -5.425064 0.918843 -3.894939
v -5.437505 0.929505 -3.909047
v -5.419068 0.920349 -3.915658
v -5.419068 0.920349 -3.915658
v -5.437505 0.929505 -3.909047
v -5.431509 0.931012 -3.929765
v -5.511634 0.688714 -2.785381
v -5.506816 0.696976 -2.783386
v -5.499194 0.678052 -2.771274
v -5.494376 0.686314 -2.769279
v -5.499194 0.678052 -2.771274
v -5.494376 0.686314 -2.769279
v -5.480756 0.668896 -2.777885
v -5.475938 0.677158 -2.775889
v -5.480756 0.668896 -2.777885
v -5.475938 0.677158 -2.775889
v -5.474760 0.670402 -2.798603
v -5.469942 0.678664 -2.796607
v -5.474760 0.670402 -2.798603
v -5.469942 0.678664 -2.796607
v -5.487201 0.681065 -2.812710
v -5.482383 0.689326 -2.810715
v -5.487201 0.681065 -2.812710
v -5.482383 0.689326 -2.810715
v -5.505638 0.690221 -2.806099
v -5.500820 0.698482 -2.804104
v -5.505638 0.690221 -2.806099
v -5.500820 0.698482 -2.804104
v -5.511634 0.688714 -2.785381
v -5.506816 0.696976 -2.783386
v -5.482383 0.689326 -2.810715
v -5.488379 0.687820 -2.789997
v -5.500820 0.698482 -2.804104
v -5.500820 0.698482 -2.804104
v -5.488379 0.687820 -2.789997
v -5.506816 0.696976 -2.783386
v -5.506816 0.696976 -2.783386
v -5.488379 0.687820 -2.789997
v -5.494376 0.686314 -2.769279
v -5.494376 0.686314 -2.769279
v -5.488379 0.687820 -2.789997
v -5.475938 0.677158 -2.775889
v -5.475938 0.677158 -2.775889
v -5.488379 0.687820 -2.789997
v -5.469942 0.678664 -2.796607
v -5.469942 0.678664 -2.796607
v -5.488379 0.687820 -2.789997
v -5.482383 0.689326 -2.810715
v -5.863776 0.930399 -2.931203
v -5.858958 0.938661 -2.929208
v -5.851335 0.919737 -2.917096
v -5.846517 0.927999 -2.915101
v -5.851335 0.919737 -2.917096
v -5.846517 0.927999 -2.915101
v -5.832897 0.910581 -2.923707
v -5.828079 0.918843 -2.921711
v -5.832897 0.910581 -2.923707
v -5.828079 0.918843 -2.921711
v -5.826901 0.912087 -2.944425
v -5.822083 0.920349 -2.942429
v -5.826901 0.912087 -2.944425
v -5.822083 0.920349 -2.942429
v -5.839342 0.922750 -2.958532
v -5.834524 0.931011 -2.956537
v -5.839342 0.922750 -2.958532
v -5.834524 0.931011 -2.956537
v -5.857779 0.931906 -2.951921
v -5.852961 0.940168 -2.949926
v -5.857779 0.931906 -2.951921
v -5.852961 0.940168 -2.949926
v -5.863776 0.930399 -2.931203
v -5.858958 0.938661 -2.929208
v -5.834524 0.931011 -2.956537
v -5.840520 0.929505 -2.935819
v -5.852961 0.940168 -2.949926
v -5.852961 0.940168 -2.949926
v -5.840520 0.929505 -2.935819
v -5.858958 0.938661 -2.929208
v -5.858958 0.938661 -2.929208
v -5.840520 0.929505 -2.935819
v -5.846517 0.927999 -2.915101
v -5.846517 0.927999 -2.915101
v -5.840520 0.929505 -2.935819
v -5.828079 0.918843 -2.921711
v -5.828079 0.918843 -2.921711
v -5.840520 0.929505 -2.935819
v -5.822083 0.920349 -2.942429
v -5.822083 0.920349 -2.942429
v -5.840520 0.929505 -2.935819
v -5.834524 0.931011 -2.956537
v -7.244283 8.406032 15.122248
v -7.203868 8.406032 15.081833
v -7.281673 8.435728 15.106760
v -7.219356 8.435728 15.044443
v -7.281673 8.435728 15.106760
v -7.281673 8.435728 15.942820
v -7.244283 8.406032 15.122248
v -7.244283 8.406032 15.927332
v -7.281673 8.435728 15.942820
v -7.219356 8.435728 16.005136
v -7.244283 8.406032 15.927332
v -7.203868 8.406032 15.967746
v -7.203868 8.406032 15.081833
v -6.398786 8.406032 15.081833
v -7.219356 8.435728 15.044443
v -6.383298 8.435728 15.044443
v -6.398786 8.406032 15.081833
v -6.358371 8.406032 15.122248
v -6.383298 8.435728 15.044443
v -6.320980 8.435728 15.106760
v -6.358371 8.406032 15.122248
v -6.358371 8.406032 15.927332
v -6.320980 8.435728 15.106760
v -6.320980 8.435728 15.942820
v -6.358371 8.406032 15.927332
v -6.398786 8.406032 15.967746
v -6.320980 8.435728 15.942820
v -6.383298 8.435728 16.005136
v -7.219356 8.435728 16.005136
v -6.383298 8.435728 16.005136
v -7.203868 8.406032 15.967746
v -6.398786 8.406032 15.967746
v -7.219356 8.435728 15.044443
v -6.383298 8.435728 15.044443
v -7.219356 8.502134 15.044443
v -6.383298 8.502134 15.044443
v -7.219356 8.502134 16.005136
v -6.383298 8.502134 16.005136
v -7.219356 8.435728 16.005136
v -6.383298 8.435728 16.005136
v -6.320980 8.502134 15.942820
v -6.320980 8.502134 15.106760
v -6.320980 8.435728 15.942820
v -6.320980 8.435728 15.106760
v -7.281673 8.435728 15.942820
v -7.281673 8.435728 15.106760
v -7.281673 8.502134 15.942820
v -7.281673 8.502134 15.106760
v -7.281673 8.502134 15.106760
v -7.281673 8.435728 15.106760
v -7.219356 8.502134 15.044443
v -7.219356 8.435728 15.044443
v -6.383298 8.502134 15.044443
v -6.383298 8.435728 15.044443
v -6.320980 8.502134 15.106760
v -6.320980 8.435728 15.106760
v -7.219356 8.502134 16.005136
v -7.219356 8.435728 16.005136
v -7.281673 8.502134 15.942820
v -7.281673 8.435728 15.942820
v -6.320980 8.502134 15.942820
v -6.320980 8.435728 15.942820
v -6.383298 8.502134 16.005136
v -6.383298 8.435728 16.005136
v -7.244283 8.406032 15.122248
v -7.144283 8.406032 15.181833
v -7.203868 8.406032 15.081833
v -7.203868 8.406032 15.081833
v -7.144283 8.406032 15.181833
v -6.398786 8.406032 15.081833
v -6.458370 8.406032 15.181833
v -6.398786 8.406032 15.081833
v -6.458370 8.406032 15.181833
v -6.358371 8.406032 15.122248
v -6.358371 8.406032 15.122248
v -6.458370 8.406032 15.181833
v -6.358371 8.406032 15.927332
v -6.458370 8.406032 15.867746
v -6.358371 8.406032 15.927332
v -6.458370 8.406032 15.867746
v -6.398786 8.406032 15.967746
v -6.398786 8.406032 15.967746
v -6.458370 8.406032 15.867746
v -7.203868 8.406032 15.967746
v -7.144283 8.406032 15.867746
v -7.203868 8.406032 15.967746
v -7.144283 8.406032 15.867746
v -7.244283 8.406032 15.927332
v -7.244283 8.406032 15.927332
v -7.144283 8.406032 15.867746
v -7.244283 8.406032 15.122248
v -7.144283 8.406032 15.181833
v -1.632241 4.521525 16.983932
v -1.591826 4.561941 16.983932
v -1.669631 4.537014 17.013628
v -1.607314 4.599331 17.013628
v -1.669631 4.537014 17.013628
v -1.669631 3.700955 17.013628
v -1.632241 4.521525 16.983932
v -1.632241 3.716443 16.983932
v -1.669631 3.700955 17.013628
v -1.607314 3.638638 17.013628
v -1.632241 3.716443 16.983932
v -1.591826 3.676028 16.983932
v -1.591826 4.561941 16.983932
v -0.786742 4.561941 16.983932
v -1.607314 4.599331 17.013628
v -0.771255 4.599331 17.013628
v -0.786742 4.561941 16.983932
v -0.746328 4.521525 16.983932
v -0.771255 4.599331 17.013628
v -0.708937 4.537014 17.013628
v -0.746328 4.521525 16.983932
v -0.746328 3.716443 16.983932
v -0.708937 4.537014 17.013628
v -0.708937 3.700955 17.013628
v -0.746328 3.716443 16.983932
v -0.786742 3.676028 16.983932
v -0.708937 3.700955 17.013628
v -0.771255 3.638638 17.013628
v -1.607314 3.638638 17.013628
v -0.771255 3.638638 17.013628
v -1.591826 3.676028 16.983932
v -0.786742 3.676028 16.983932
v -1.607314 4.599331 17.013628
v -0.771255 4.599331 17.013628
v -1.607314 4.599331 17.080036
v -0.771255 4.599331 17.080036
v -1.607314 3.638638 17.080036
v -0.771255 3.638638 17.080036
v -1.607314 3.638638 17.013628
v -0.771255 3.638638 17.013628
v -0.708937 3.700955 17.080036
v -0.708937 4.537014 17.080036
v -0.708937 3.700955 17.013628
v -0.708937 4.537014 17.013628
v -1.669631 3.700955 17.013628
v -1.669631 4.537014 17.013628
v -1.669631 3.700955 17.080036
v -1.669631 4.537014 17.080036
v -1.669631 4.537014 17.080036
v -1.669631 4.537014 17.013628
v -1.607314 4.599331 17.080036
v -1.607314 4.599331 17.013628
v -0.771255 4.599331 17.080036
v -0.771255 4.599331 17.013628
v -0.708937 4.537014 17.080036
v -0.708937 4.537014 17.013628
v -1.607314 3.638638 17.080036
v -1.607314 3.638638 17.013628
v -1.669631 3.700955 17.080036
v -1.669631 3.700955 17.013628
v -0.708937 3.700955 17.080036
v -0.708937 3.700955 17.013628
v -0.771255 3.638638 17.080036
v -0.771255 3.638638 17.013628
v -1.632241 4.521525 16.983932
v -1.532241 4.461941 16.983932
v -1.591826 4.561941 16.983932
v -1.591826 4.561941 16.983932
v -1.532241 4.461941 16.983932
v -0.786742 4.561941 16.983932
v -0.846328 4.461941 16.983932
v -0.786742 4.561941 16.983932
v -0.846328 4.461941 16.983932
v -0.746328 4.521525 16.983932
v -0.746328 4.521525 16.983932
v -0.846328 4.461941 16.983932
v -0.746328 3.716443 16.983932
v -0.846328 3.776029 16.983932
v -0.746328 3.716443 16.983932
v -0.846328 3.776029 16.983932
v -0.786742 3.676028 16.983932
v -0.786742 3.676028 16.983932
v -0.846328 3.776029 16.983932
v -1.591826 3.676028 16.983932
v -1.532241 3.776029 16.983932
v -1.591826 3.676028 16.983932
v -1.532241 3.776029 16.983932
v -1.632241 3.716443 16.983932
v -1.632241 3.716443 16.983932
v -1.532241 3.776029 16.983932
v -1.632241 4.521525 16.983932
v -1.532241 4.461941 16.983932
v 0.885976 5.298427 -5.609879
v 0.926391 5.258012 -5.609879
v 0.848586 5.282939 -5.639574
v 0.910903 5.220622 -5.639574
v 0.848586 5.282939 -5.639574
v 0.848586 6.118998 -5.639573
v 0.885976 5.298427 -5.609879
v 0.885976 6.103510 -5.609878
v 0.848586 6.118998 -5.639573
v 0.910903 6.181315 -5.639573
v 0.885976 6.103510 -5.609878
v 0.926391 6.143925 -5.609878
v 0.926391 5.258012 -5.609879
v 1.731474 5.258012 -5.609879
v 0.910903 5.220622 -5.639574
v 1.746962 5.220622 -5.639574
v 1.731474 5.258012 -5.609879
v 1.771889 5.298427 -5.609879
v 1.746962 5.220622 -5.639574
v 1.809279 5.282939 -5.639574
v 1.771889 5.298427 -5.609879
v 1.771889 6.103510 -5.609878
v 1.809279 5.282939 -5.639574
v 1.809279 6.118998 -5.639573
v 1.771889 6.103510 -5.609878
v 1.731474 6.143925 -5.609878
v 1.809279 6.118998 -5.639573
v 1.746962 6.181315 -5.639573
v 0.910903 6.181315 -5.639573
v 1.746962 6.181315 -5.639573
v 0.926391 6.143925 -5.609878
v 1.731474 6.143925 -5.609878
v 0.910903 5.220622 -5.639574
v 1.746962 5.220622 -5.639574
v 0.910903 5.220622 -5.705981
v 1.746962 5.220622 -5.705981
v 0.910903 6.181315 -5.705980
v 1.746962 6.181315 -5.705980
v 0.910903 6.181315 -5.639573
v 1.746962 6.181315 -5.639573
v 1.809279 6.118998 -5.705980
v 1.809279 5.282939 -5.705981
v 1.809279 6.118998 -5.639573
v 1.809279 5.282939 -5.639574
v 0.848586 6.118998 -5.639573
v 0.848586 5.282939 -5.639574
v 0.848586 6.118998 -5.705980
v 0.848586 5.282939 -5.705981
v 0.848586 5.282939 -5.705981
v 0.848586 5.282939 -5.639574
v 0.910903 5.220622 -5.705981
v 0.910903 5.220622 -5.639574
v 1.746962 5.220622 -5.705981
v 1.746962 5.220622 -5.639574
v 1.809279 5.282939 -5.705981
v 1.809279 5.282939 -5.639574
v 0.910903 6.181315 -5.705980
v 0.910903 6.181315 -5.639573
v 0.848586 6.118998 -5.705980
v 0.848586 6.118998 -5.639573
v 1.809279 6.118998 -5.705980
v 1.809279 6.118998 -5.639573
v 1.746962 6.181315 -5.705980
v 1.746962 6.181315 -5.639573
v 0.885976 5.298427 -5.609879
v 0.985976 5.358012 -5.609879
v 0.926391 5.258012 -5.609879
v 0.926391 5.258012 -5.609879
v 0.985976 5.358012 -5.609879
v 1.731474 5.258012 -5.609879
v 1.671889 5.358012 -5.609879
v 1.731474 5.258012 -5.609879
v 1.671889 5.358012 -5.609879
v 1.771889 5.298427 -5.609879
v 1.771889 5.298427 -5.609879
v 1.671889 5.358012 -5.609879
v 1.771889 6.103510 -5.609878
v 1.671889 6.043924 -5.609878
v 1.771889 6.103510 -5.609878
v 1.671889 6.043924 -5.609878
v 1.731474 6.143925 -5.609878
v 1.731474 6.143925 -5.609878
v 1.671889 6.043924 -5.609878
v 0.926391 6.143925 -5.609878
v 0.985976 6.043924 -5.609878
v 0.926391 6.143925 -5.609878
v 0.985976 6.043924 -5.609878
v 0.885976 6.103510 -5.609878
v 0.885976 6.103510 -5.609878
v 0.985976 6.043924 -5.609878
v 0.885976 5.298427 -5.609879
v 0.985976 5.358012 -5.609879
v -7.244283 8.411036 -4.566686
v -7.203868 8.411036 -4.607100
v -7.281673 8.440730 -4.582173
v -7.219356 8.440730 -4.644491
v -7.281673 8.440730 -4.582173
v -7.281673 8.440730 -3.746115
v -7.244283 8.411036 -4.566686
v -7.244283 8.411036 -3.761602
v -7.281673 8.440730 -3.746115
v -7.219356 8.440730 -3.683798
v -7.244283 8.411036 -3.761602
v -7.203868 8.411036 -3.721188
v -7.203868 8.411036 -4.607100
v -6.398785 8.411036 -4.607100
v -7.219356 8.440730 -4.644491
v -6.383297 8.440730 -4.644491
v -6.398785 8.411036 -4.607100
v -6.358371 8.411036 -4.566686
v -6.383297 8.440730 -4.644491
v -6.320980 8.440730 -4.582173
v -6.358371 8.411036 -4.566686
v -6.358371 8.411036 -3.761602
v -6.320980 8.440730 -4.582173
v -6.320980 8.440730 -3.746115
v -6.358371 8.411036 -3.761602
v -6.398785 8.411036 -3.721188
v -6.320980 8.440730 -3.746115
v -6.383297 8.440730 -3.683798
v -7.219356 8.440730 -3.683798
v -6.383297 8.440730 -3.683798
v -7.203868 8.411036 -3.721188
v -6.398785 8.411036 -3.721188
v -7.219356 8.440730 -4.644491
v -6.383297 8.440730 -4.644491
v -7.219356 8.507138 -4.644491
v -6.383297 8.507138 -4.644491
v -7.219356 8.507138 -3.683798
v -6.383297 8.507138 -3.683798
v -7.219356 8.440730 -3.683798
v -6.383297 8.440730 -3.683798
v -6.320980 8.507138 -3.746115
v -6.320980 8.507138 -4.582173
v -6.320980 8.440730 -3.746115
v -6.320980 8.440730 -4.582173
v -7.281673 8.440730 -3.746115
v -7.281673 8.440730 -4.582173
v -7.281673 8.507138 -3.746115
v -7.281673 8.507138 -4.582173
v -7.281673 8.507138 -4.582173
v -7.281673 8.440730 -4.582173
v -7.219356 8.507138 -4.644491
v -7.219356 8.440730 -4.644491
v -6.383297 8.507138 -4.644491
v -6.383297 8.440730 -4.644491
v -6.320980 8.507138 -4.582173
v -6.320980 8.440730 -4.582173
v -7.219356 8.507138 -3.683798
v -7.219356 8.440730 -3.683798
v -7.281673 8.507138 -3.746115
v -7.281673 8.440730 -3.746115
v -6.320980 8.507138 -3.746115
v -6.320980 8.440730 -3.746115
v -6.383297 8.507138 -3.683798
v -6.383297 8.440730 -3.683798
v -7.244283 8.411036 -4.566686
v -7.144283 8.411036 -4.507100
v -7.203868 8.411036 -4.607100
v -7.203868 8.411036 -4.607100
v -7.144283 8.411036 -4.507100
v -6.398785 8.411036 -4.607100
v -6.458370 8.411036 -4.507100
v -6.398785 8.411036 -4.607100
v -6.458370 8.411036 -4.507100
v -6.358371 8.411036 -4.566686
v -6.358371 8.411036 -4.566686
v -6.458370 8.411036 -4.507100
v -6.358371 8.411036 -3.761602
v -6.458370 8.411036 -3.821188
v -6.358371 8.411036 -3.761602
v -6.458370 8.411036 -3.821188
v -6.398785 8.411036 -3.721188
v -6.398785 8.411036 -3.721188
v -6.458370 8.411036 -3.821188
v -7.203868 8.411036 -3.721188
v -7.144283 8.411036 -3.821188
v -7.203868 8.411036 -3.721188
v -7.144283 8.411036 -3.821188
v -7.244283 8.411036 -3.761602
v -7.244283 8.411036 -3.761602
v -7.144283 8.411036 -3.821188
v -7.244283 8.411036 -4.566686
v -7.144283 8.411036 -4.507100
v -7.407347 5.298426 10.455626
v -7.407347 5.258011 10.415210
v -7.437042 5.282938 10.493016
v -7.437042 5.220621 10.430699
v -7.437042 5.282938 10.493016
v -7.437042 6.118997 10.493016
v -7.407347 5.298426 10.455626
v -7.407347 6.103509 10.455626
v -7.437042 6.118997 10.493016
v -7.437042 6.181314 10.430699
v -7.407347 6.103509 10.455626
v -7.407347 6.143924 10.415210
v -7.407347 5.258011 10.415210
v -7.407347 5.258011 9.610133
v -7.437042 5.220621 10.430699
v -7.437042 5.220621 9.594645
v -7.407347 5.258011 9.610133
v -7.407347 5.298426 9.569717
v -7.437042 5.220621 9.594645
v -7.437042 5.282938 9.532328
v -7.407347 5.298426 9.569717
v -7.407347 6.103509 9.569717
v -7.437042 5.282938 9.532328
v -7.437042 6.118997 9.532328
v -7.407347 6.103509 9.569717
v -7.407347 6.143924 9.610133
v -7.437042 6.118997 9.532328
v -7.437042 6.181314 9.594645
v -7.437042 6.181314 10.430699
v -7.437042 6.181314 9.594645
v -7.407347 6.143924 10.415210
v -7.407347 6.143924 9.610133
v -7.437042 5.220621 10.430699
v -7.437042 5.220621 9.594645
v -7.503449 5.220621 10.430697
v -7.503450 5.220621 9.594645
v -7.503449 6.181314 10.430697
v -7.503450 6.181314 9.594645
v -7.437042 6.181314 10.430699
v -7.437042 6.181314 9.594645
v -7.503450 6.118997 9.532328
v -7.503450 5.282938 9.532328
v -7.437042 6.118997 9.532328
v -7.437042 5.282938 9.532328
v -7.437042 6.118997 10.493016
v -7.437042 5.282938 10.493016
v -7.503450 6.118997 10.493014
v -7.503450 5.282938 10.493014
v -7.503450 5.282938 10.493014
v -7.437042 5.282938 10.493016
v -7.503449 5.220621 10.430697
v -7.437042 5.220621 10.430699
v -7.503450 5.220621 9.594645
v -7.437042 5.220621 9.594645
v -7.503450 5.282938 9.532328
v -7.437042 5.282938 9.532328
v -7.503449 6.181314 10.430697
v -7.437042 6.181314 10.430699
v -7.503450 6.118997 10.493014
v -7.437042 6.118997 10.493016
v -7.503450 6.118997 9.532328
v -7.437042 6.118997 9.532328
v -7.503450 6.181314 9.594645
v -7.437042 6.181314 9.594645
v -7.407347 5.298426 10.455626
v -7.407347 5.388473 10.325165
v -7.407347 5.258011 10.415210
v -7.407347 5.258011 10.415210
v -7.407347 5.388473 10.325165
v -7.407347 5.258011 9.610133
v -7.407347 5.388473 9.700177
v -7.407347 5.258011 9.610133
v -7.407347 5.388473 9.700177
v -7.407347 5.298426 9.569717
v -7.407347 5.298426 9.569717
v -7.407347 5.388473 9.700177
v -7.407347 6.103509 9.569717
v -7.407347 6.013462 9.700177
v -7.407347 6.103509 9.569717
v -7.407347 6.013462 9.700177
v -7.407347 6.143924 9.610133
v -7.407347 6.143924 9.610133
v -7.407347 6.013462 9.700177
v -7.407347 6.143924 10.415210
v -7.407347 6.013462 10.325165
v -7.407347 6.143924 10.415210
v -7.407347 6.013462 10.325165
v -7.407347 6.103509 10.455626
v -7.407347 6.103509 10.455626
v -7.407347 6.013462 10.325165
v -7.407347 5.298426 10.455626
v -7.407347 5.388473 10.325165
v -6.416774 8.411036 3.533762
v -6.376359 8.411036 3.493348
v -6.454164 8.440730 3.518275
v -6.391847 8.440730 3.455957
v -6.454164 8.440730 3.518275
v -6.454164 8.440730 4.354333
v -6.416774 8.411036 3.533762
v -6.416774 8.411036 4.338846
v -6.454164 8.440730 4.354333
v -6.391847 8.440730 4.416651
v -6.416774 8.411036 4.338846
v -6.376359 8.411036 4.379260
v -6.376359 8.411036 3.493348
v -5.571276 8.411036 3.493348
v -6.391847 8.440730 3.455957
v -5.555789 8.440730 3.455957
v -5.571276 8.411036 3.493348
v -5.530862 8.411036 3.533762
v -5.555789 8.440730 3.455957
v -5.493471 8.440730 3.518275
v -5.530862 8.411036 3.533762
v -5.530862 8.411036 4.338846
v -5.493471 8.440730 3.518275
v -5.493471 8.440730 4.354333
v -5.530862 8.411036 4.338846
v -5.571276 8.411036 4.379260
v -5.493471 8.440730 4.354333
v -5.555789 8.440730 4.416651
v -6.391847 8.440730 4.416651
v -5.555789 8.440730 4.416651
v -6.376359 8.411036 4.379260
v -5.571276 8.411036 4.379260
v -6.391847 8.440730 3.455957
v -5.555789 8.440730 3.455957
v -6.391847 8.507138 3.455957
v -5.555789 8.507138 3.455957
v -6.391847 8.507138 4.416651
v -5.555789 8.507138 4.416651
v -6.391847 8.440730 4.416651
v -5.555789 8.440730 4.416651
v -5.493471 8.507138 4.354333
v -5.493471 8.507138 3.518275
v -5.493471 8.440730 4.354333
v -5.493471 8.440730 3.518275
v -6.454164 8.440730 4.354333
v -6.454164 8.440730 3.518275
v -6.454164 8.507138 4.354333
v -6.454164 8.507138 3.518275
v -6.454164 8.507138 3.518275
v -6.454164 8.440730 3.518275
v -6.391847 8.507138 3.455957
v -6.391847 8.440730 3.455957
v -5.555789 8.507138 3.455957
v -5.555789 8.440730 3.455957
v -5.493471 8.507138 3.518275
v -5.493471 8.440730 3.518275
v -6.391847 8.507138 4.416651
v -6.391847 8.440730 4.416651
v -6.454164 8.507138 4.354333
v -6.454164 8.440730 4.354333
v -5.493471 8.507138 4.354333
v -5.493471 8.440730 4.354333
v -5.555789 8.507138 4.416651
v -5.555789 8.440730 4.416651
v -6.416774 8.411036 3.533762
v -6.307912 8.411036 3.602209
v -6.376359 8.411036 3.493348
v -6.376359 8.411036 3.493348
v -6.307912 8.411036 3.602209
v -5.571276 8.411036 3.493348
v -5.639723 8.411036 3.602209
v -5.571276 8.411036 3.493348
v -5.639723 8.411036 3.602209
v -5.530862 8.411036 3.533762
v -5.530862 8.411036 3.533762
v -5.639723 8.411036 3.602209
v -5.530862 8.411036 4.338846
v -5.639723 8.411036 4.270399
v -5.530862 8.411036 4.338846
v -5.639723 8.411036 4.270399
v -5.571276 8.411036 4.379260
v -5.571276 8.411036 4.379260
v -5.639723 8.411036 4.270399
v -6.376359 8.411036 4.379260
v -6.307912 8.411036 4.270399
v -6.376359 8.411036 4.379260
v -6.307912 8.411036 4.270399
v -6.416774 8.411036 4.338846
v -6.416774 8.411036 4.338846
v -6.307912 8.411036 4.270399
v -6.416774 8.411036 3.533762
v -6.307912 8.411036 3.602209
vn 1.0000 -0.0001 -0.0000
vn 1.0000 0.0001 -0.0000
vn 1.0000 -0.0000 -0.0000
vn 0.3427 0.9395 -0.0000
vn 0.3425 0.9395 -0.0000
vn 0.3424 0.9395 -0.0000
vn 0.3424 0.9396 -0.0000
vn 0.3426 0.9395 -0.0000
vn 0.3427 0.9394 -0.0000
vn 0.3430 0.9393 -0.0000
vn -0.0000 0.7071 0.7071
vn -0.0000 -0.2588 0.9659
vn 0.0059 -0.9671 0.2545
vn -0.0196 -0.6991 -0.7148
vn -0.0000 0.2588 -0.9659
vn -0.0000 0.2585 -0.9660
vn -0.0000 0.9659 -0.2588
vn -0.0000 0.3818 0.9242
vn -0.0000 0.3819 0.9242
vn -0.0000 -0.6088 0.7933
vn -0.0000 -0.6087 0.7934
vn -0.0000 -0.9916 -0.1293
vn -0.0000 -0.3819 -0.9242
vn -0.0000 0.6092 -0.7931
vn -0.0000 0.6091 -0.7931
vn -0.0000 0.6087 -0.7934
vn -0.0000 0.6088 -0.7933
vn -0.0000 0.9916 0.1294
vn -0.0000 0.9916 0.1293
vn -0.0000 -0.2585 0.9660
vn -0.0000 -0.9660 0.2585
vn -0.0000 -0.9659 0.2588
vn -0.0000 -0.7071 -0.7071
vn -0.0000 0.2584 -0.9660
vn -0.0000 0.9660 -0.2585
vn -0.0000 -0.0000 1.0000
vn -0.0000 -0.8662 0.4997
vn -0.0000 -0.8660 0.5000
vn -0.0000 -0.8663 0.4996
vn -0.0000 -0.8663 -0.4995
vn -0.0000 -0.8660 -0.5000
vn -0.0000 -0.8663 -0.4996
vn -0.0000 -0.0000 -1.0000
vn -0.0000 0.8663 -0.4995
vn -0.0000 0.8660 -0.5000
vn -0.0000 0.8663 -0.4996
vn -0.0000 0.8662 0.4997
vn -0.0000 0.8660 0.5000
vn -0.0000 0.8663 0.4996
vn -0.0000 0.7071 0.7072
vn -0.0000 -0.2584 0.9660
vn -0.0000 -0.9661 0.2583
vn -0.0000 0.9242 0.3818
vn -0.0000 0.9242 0.3819
vn -0.0000 0.1293 0.9916
vn -0.0000 0.1292 0.9916
vn -0.0000 0.1294 0.9916
vn -0.0000 -0.7931 0.6091
vn -0.0000 -0.7931 0.6090
vn -0.0000 -0.7934 0.6087
vn -0.0000 -0.7933 0.6088
vn -0.0000 -0.9242 -0.3819
vn -0.0000 -0.9242 -0.3818
vn -0.0000 -0.1293 -0.9916
vn -0.0000 0.7931 -0.6090
vn -0.0000 0.7934 -0.6087
vn -0.0000 0.7933 -0.6088
vn -0.0000 1.0000 -0.0000
vn -0.0000 0.4996 0.8662
vn -0.0000 0.5000 0.8660
vn -0.0000 -0.4996 0.8662
vn -0.0000 -1.0000 -0.0000
vn -0.0000 -0.4997 -0.8662
vn -0.0000 -0.4996 -0.8662
vn -0.0000 0.4997 -0.8662
vn -0.0000 0.5000 -0.8660
vn -0.0000 -0.8662 -0.4997
vn -0.0000 0.8662 -0.4997
vn -0.6644 0.2411 0.7075
vn -0.6644 0.2410 0.7075
vn 0.2430 -0.0882 0.9660
vn 0.2430 -0.0883 0.9660
vn 0.9075 -0.3311 0.2586
vn 0.9074 -0.3312 0.2588
vn 0.9073 -0.3314 0.2588
vn 0.6644 -0.2410 -0.7075
vn 0.6644 -0.2411 -0.7075
vn -0.2430 0.0882 -0.9660
vn -0.2430 0.0883 -0.9660
vn -0.2430 0.0881 -0.9660
vn -0.9075 0.3311 -0.2586
vn -0.9073 0.3313 -0.2588
vn -0.9073 0.3314 -0.2588
vn -0.9395 0.3425 -0.0000
vn -0.9395 0.3426 -0.0000
vn -0.9395 0.3424 -0.0000
vn -0.4687 0.1706 0.8667
vn 0.4702 -0.1704 0.8659
vn 0.4702 -0.1705 0.8659
vn 0.9395 -0.3425 -0.0000
vn 0.9395 -0.3426 -0.0000
vn 0.4702 -0.1704 -0.8659
vn 0.4702 -0.1705 -0.8659
vn 0.4702 -0.1705 -0.8660
vn -0.4702 0.1705 -0.8659
vn -0.4702 0.1704 -0.8659
vn -0.9394 0.3427 -0.0000
vn -0.4702 0.1704 0.8659
vn -0.4702 0.1705 0.8659
vn 0.4702 -0.1705 0.8660
vn 0.9393 -0.3430 -0.0000
vn 0.9395 -0.3427 -0.0000
vn -0.8685 0.3156 -0.3823
vn -0.7446 0.2724 0.6094
vn 0.1215 -0.0431 0.9917
vn 0.1215 -0.0431 0.9916
vn 0.8685 -0.3156 0.3823
vn 0.8685 -0.3155 0.3823
vn 0.7447 -0.2724 -0.6094
vn 0.7446 -0.2724 -0.6094
vn 0.7447 -0.2723 -0.6094
vn -0.1215 0.0431 -0.9917
vn -0.1215 0.0431 -0.9916
vn -0.4687 0.1706 0.8668
vn 0.4687 -0.1706 0.8667
vn 0.2430 -0.0881 0.9660
vn 0.9074 -0.3312 0.2585
vn 0.7447 -0.2723 -0.6093
vn -0.9395 0.3427 -0.0000
vn 0.4687 -0.1706 -0.8667
vn 0.4687 -0.1706 -0.8668
vn 0.9242 -0.0000 -0.3818
vn 0.9242 -0.0000 -0.3819
vn 0.9243 -0.0000 -0.3818
vn 0.9242 -0.0000 -0.3820
vn 0.7036 0.6487 -0.2900
vn 0.7036 0.6487 -0.2901
vn 0.5570 0.7982 0.2295
vn 0.5570 0.7982 0.2296
vn 0.5570 0.7982 0.2294
vn 0.6111 0.7502 -0.2527
vn 0.6111 0.7501 -0.2528
vn 0.6111 0.7502 -0.2526
vn 0.6112 0.7501 -0.2528
vn 0.3079 0.5940 0.7432
vn 0.3078 0.5942 0.7431
vn 0.3079 0.5941 0.7431
vn 0.9242 0.0019 0.3818
vn 0.9243 0.0019 0.3818
vn 0.2295 0.7982 -0.5570
vn 0.2294 0.7982 -0.5570
vn -0.2295 0.7982 0.5570
vn -0.2294 0.7982 0.5570
vn 0.3819 -0.0000 0.9242
vn 0.3818 -0.0000 0.9242
vn -0.3078 0.5941 -0.7431
vn -0.3078 0.5942 -0.7431
vn -0.3079 0.5940 -0.7432
vn 0.3818 0.0019 -0.9242
vn 0.3818 0.0019 -0.9243
vn -0.6111 0.7501 0.2528
vn -0.6111 0.7502 0.2526
vn -0.6112 0.7501 0.2528
vn -0.3818 0.0019 0.9242
vn -0.3817 0.0019 0.9243
vn -0.3818 0.0020 0.9242
vn -0.9242 0.0019 -0.3818
vn -0.9242 0.0020 -0.3819
vn -0.9243 0.0019 -0.3818
vn -0.3818 -0.0000 -0.9242
vn -0.3819 -0.0000 -0.9242
vn -0.9242 -0.0000 0.3820
vn -0.9242 -0.0000 0.3819
vn -0.9242 -0.0000 0.3818
vn -0.5570 0.7982 -0.2294
vn -0.5570 0.7982 -0.2295
vn 0.3001 -0.6216 0.7236
vn 0.3002 -0.6216 0.7236
vn 0.7972 -0.5112 0.3212
vn 0.6886 -0.6670 -0.2845
vn 0.6886 -0.6671 -0.2843
vn 0.6886 -0.6670 -0.2844
vn 0.6886 -0.6670 -0.2846
vn 0.3350 -0.5113 -0.7914
vn -0.3001 -0.6216 -0.7236
vn -0.3000 -0.6216 -0.7236
vn -0.7972 -0.5112 -0.3212
vn -0.6886 -0.6670 0.2847
vn -0.6886 -0.6670 0.2846
vn -0.6886 -0.6670 0.2845
vn -0.3350 -0.5113 0.7914
vn 0.1586 -0.9852 -0.0647
vn -0.1273 -0.8536 -0.5051
vn 0.0802 -0.9962 -0.0333
vn -0.0608 -0.8427 -0.5350
vn -0.2978 -0.4703 -0.8308
vn -0.2606 -0.4644 -0.8464
vn -0.3840 0.0333 -0.9227
vn -0.3880 0.0333 -0.9211
vn -0.3668 0.5237 -0.7689
vn -0.4096 0.5155 -0.7526
vn -0.2546 0.8715 -0.4191
vn -0.3254 0.8605 -0.3920
vn -0.0805 0.9962 0.0333
vn -0.1586 0.9852 0.0646
vn 0.1137 0.8720 0.4762
vn 0.0451 0.8604 0.5076
vn 0.2823 0.5235 0.8039
vn 0.2413 0.5159 0.8220
vn 0.3783 0.0333 0.9251
vn 0.3759 0.0333 0.9261
vn 0.3748 -0.4709 0.7986
vn 0.4133 -0.4642 0.7834
vn 0.2662 -0.8534 0.4482
vn 0.3351 -0.8427 0.4213
vn 0.0803 -0.9962 -0.0332
vn 0.1587 -0.9852 -0.0646
vn 0.4685 -0.8038 0.3666
vn 0.3153 -0.9401 -0.1292
vn 0.5939 -0.7409 0.3136
vn 0.4624 -0.8661 -0.1900
vn 0.7065 -0.6555 0.2669
vn 0.5939 -0.7664 -0.2449
vn 0.8033 -0.5505 0.2273
vn 0.7078 -0.6431 -0.2921
vn 0.8833 -0.4269 0.1939
vn 0.8001 -0.5001 -0.3314
vn 0.9411 -0.2921 0.1706
vn 0.8688 -0.3412 -0.3588
vn 0.9770 -0.1469 0.1546
vn 0.9102 -0.1726 -0.3766
vn 0.9902 -0.0274 0.1372
vn 0.9235 -0.0314 -0.3823
vn 0.9916 -0.0000 0.1293
vn 0.7854 -0.0157 0.6189
vn 0.7931 -0.0000 0.6091
vn 0.3680 -0.0000 0.9298
vn -0.1430 0.0216 0.9895
vn -0.1294 -0.0000 0.9916
vn -0.6139 0.0373 0.7885
vn -0.6088 -0.0000 0.7933
vn -0.9230 0.0433 0.3822
vn -0.9919 0.0372 -0.1215
vn -0.9916 -0.0000 -0.1293
vn -0.8015 0.0216 -0.5976
vn -0.7933 -0.0000 -0.6089
vn -0.3956 -0.0000 -0.9184
vn -0.3820 -0.0000 -0.9242
vn 0.1175 -0.0157 -0.9929
vn 0.1293 -0.0000 -0.9916
vn 0.6020 -0.0275 -0.7980
vn 0.6088 -0.0000 -0.7933
vn 0.9235 -0.0314 -0.3824
vn 0.9242 0.0001 -0.3819
vn 0.5799 -0.1469 -0.8013
vn 0.9101 -0.1726 -0.3766
vn 0.5449 -0.2921 -0.7860
vn 0.8688 -0.3412 -0.3589
vn 0.4861 -0.4273 -0.7624
vn 0.8001 -0.5000 -0.3315
vn 0.4074 -0.5504 -0.7287
vn 0.7078 -0.6431 -0.2922
vn 0.3100 -0.6554 -0.6887
vn 0.5938 -0.7664 -0.2450
vn 0.1962 -0.7416 -0.6415
vn 0.4624 -0.8660 -0.1901
vn 0.0706 -0.8041 -0.5903
vn 0.3153 -0.9401 -0.1293
vn -0.1882 -0.4431 -0.8765
vn -0.3921 0.0313 -0.9194
vn -0.4916 0.4916 -0.7188
vn -0.4624 0.8209 -0.3350
vn -0.3153 0.9401 0.1293
vn -0.0882 0.8209 0.5643
vn 0.1587 0.4918 0.8562
vn 0.3702 0.0313 0.9284
vn 0.4863 -0.4432 0.7530
vn 0.5547 -0.4077 0.7253
vn 0.6171 -0.3605 0.6994
vn 0.6711 -0.3022 0.6770
vn 0.7151 -0.2351 0.6583
vn 0.7470 -0.1608 0.6451
vn 0.7665 -0.0804 0.6371
vn 0.3507 0.0059 0.9365
vn -0.1507 0.0900 0.9845
vn -0.6096 0.1509 0.7782
vn -0.9101 0.1726 0.3766
vn -0.9813 0.1508 -0.1195
vn -0.8028 0.0901 -0.5894
vn -0.4132 0.0059 -0.9106
vn 0.0901 -0.0803 -0.9927
vn 0.0706 -0.1608 -0.9845
vn 0.0392 -0.2350 -0.9712
vn -0.0019 -0.3021 -0.9533
vn -0.0568 -0.3606 -0.9310
vn -0.1195 -0.4076 -0.9053
vn -0.3978 0.0294 -0.9170
vn -0.5688 0.4531 -0.6865
vn -0.5899 0.7565 -0.2822
vn -0.4624 0.8661 0.1900
vn -0.2174 0.7562 0.6171
vn 0.0823 0.4527 0.8878
vn 0.3662 0.0294 0.9301
vn 0.3605 0.0254 0.9324
vn 0.3570 0.0216 0.9338
vn 0.3547 0.0157 0.9348
vn 0.3524 0.0098 0.9358
vn -0.1274 0.1783 0.9757
vn -0.5721 0.2978 0.7642
vn -0.8688 0.3413 0.3589
vn -0.9449 0.2980 -0.1353
vn -0.7810 0.1786 -0.5985
vn -0.4116 0.0098 -0.9113
vn -0.4092 0.0157 -0.9123
vn -0.4058 0.0215 -0.9137
vn -0.4018 0.0255 -0.9154
vn -0.6367 0.4016 -0.6583
vn -0.7060 0.6687 -0.2334
vn -0.5939 0.7664 0.2450
vn -0.3316 0.6690 0.6652
vn 0.0137 0.4019 0.9156
vn -0.0431 0.3370 0.9405
vn -0.0922 0.2608 0.9610
vn -0.5133 0.4369 0.7386
vn -0.8001 0.5000 0.3313
vn -0.8854 0.4368 -0.1587
vn -0.7452 0.2608 -0.6138
vn -0.6963 0.3373 -0.6336
vn -0.8055 0.5605 -0.1921
vn -0.7078 0.6431 0.2922
vn -0.4316 0.5611 0.7063
vn -0.9235 -0.0314 0.3824
vn -0.9242 0.0001 0.3819
vn -0.6020 -0.0275 0.7980
vn -0.5799 -0.1469 0.8013
vn -0.9101 -0.1726 0.3766
vn -0.5449 -0.2921 0.7860
vn -0.8688 -0.3412 0.3589
vn -0.4861 -0.4273 0.7624
vn -0.8001 -0.5000 0.3314
vn -0.4074 -0.5504 0.7287
vn -0.7078 -0.6431 0.2922
vn -0.3100 -0.6554 0.6887
vn -0.5939 -0.7663 0.2450
vn -0.1962 -0.7416 0.6415
vn -0.4624 -0.8660 0.1901
vn -0.0706 -0.8041 0.5903
vn -0.3153 -0.9401 0.1293
vn 0.0607 -0.8427 0.5350
vn -0.1586 -0.9852 0.0647
vn 0.1901 -0.8661 0.4624
vn -0.0000 -1.0000 0.0001
vn 0.1900 -0.8661 0.4624
vn 0.3292 -0.4996 0.8013
vn 0.3313 -0.5000 0.8001
vn 0.3314 0.5001 0.8001
vn 0.3313 0.5000 0.8001
vn 0.1921 0.8665 0.4607
vn 0.1900 0.8661 0.4624
vn 0.0020 1.0000 0.0001
vn -0.1882 0.8664 -0.4626
vn -0.1901 0.8661 -0.4624
vn -0.3296 0.5004 -0.8006
vn -0.3313 0.5000 -0.8001
vn -0.3314 -0.5000 -0.8001
vn -0.3313 -0.5000 -0.8001
vn -0.1921 -0.8665 -0.4607
vn -0.1901 -0.8661 -0.4624
vn -0.0000 -1.0000 -0.0001
vn -0.3351 -0.8427 -0.4213
vn -0.1587 -0.9852 0.0646
vn -0.4685 -0.8038 -0.3666
vn -0.3154 -0.9401 0.1292
vn -0.5939 -0.7409 -0.3136
vn -0.4624 -0.8661 0.1900
vn -0.7065 -0.6555 -0.2669
vn -0.5939 -0.7664 0.2450
vn -0.8033 -0.5505 -0.2273
vn -0.7079 -0.6431 0.2921
vn -0.8833 -0.4269 -0.1939
vn -0.9411 -0.2921 -0.1705
vn -0.8688 -0.3412 0.3588
vn -0.9770 -0.1468 -0.1546
vn -0.9102 -0.1726 0.3766
vn -0.9902 -0.0275 -0.1372
vn -0.9235 -0.0314 0.3823
vn -0.7853 -0.0157 -0.6189
vn -0.7933 -0.0000 -0.6088
vn -0.3680 -0.0000 -0.9298
vn 0.1430 0.0216 -0.9895
vn 0.6139 0.0373 -0.7885
vn 0.9230 0.0433 -0.3822
vn 0.9919 0.0372 0.1216
vn 0.8015 0.0216 0.5977
vn 0.7933 -0.0000 0.6088
vn 0.3956 -0.0000 0.9184
vn -0.1175 -0.0157 0.9929
vn -0.1293 -0.0000 0.9916
vn -0.0901 -0.0803 0.9927
vn -0.0706 -0.1608 0.9845
vn -0.0392 -0.2350 0.9712
vn 0.0020 -0.3021 0.9533
vn 0.0568 -0.3606 0.9310
vn 0.1195 -0.4076 0.9053
vn 0.1882 -0.4431 0.8765
vn 0.2606 -0.4644 0.8464
vn 0.3880 0.0333 0.9211
vn 0.4096 0.5155 0.7526
vn 0.3254 0.8605 0.3920
vn 0.1587 0.9852 -0.0646
vn -0.0451 0.8604 -0.5076
vn -0.2413 0.5159 -0.8219
vn -0.3759 0.0333 -0.9261
vn -0.4133 -0.4642 -0.7834
vn -0.4863 -0.4432 -0.7530
vn -0.5547 -0.4077 -0.7253
vn -0.6171 -0.3605 -0.6994
vn -0.6711 -0.3022 -0.6770
vn -0.7151 -0.2351 -0.6583
vn -0.7470 -0.1608 -0.6451
vn -0.7665 -0.0804 -0.6371
vn -0.3507 0.0059 -0.9365
vn 0.1507 0.0900 -0.9845
vn 0.6096 0.1509 -0.7782
vn 0.9102 0.1726 -0.3766
vn 0.9813 0.1508 0.1195
vn 0.8028 0.0901 0.5894
vn 0.4132 0.0059 0.9106
vn 0.4116 0.0098 0.9113
vn 0.4092 0.0157 0.9123
vn 0.4059 0.0216 0.9137
vn 0.4018 0.0255 0.9154
vn 0.3978 0.0294 0.9170
vn 0.3921 0.0314 0.9194
vn 0.4916 0.4916 0.7188
vn 0.4624 0.8209 0.3350
vn 0.3153 0.9401 -0.1292
vn 0.0882 0.8209 -0.5642
vn -0.1587 0.4917 -0.8562
vn -0.3702 0.0313 -0.9284
vn -0.3662 0.0294 -0.9301
vn -0.3604 0.0255 -0.9324
vn -0.3571 0.0216 -0.9338
vn -0.3547 0.0157 -0.9348
vn -0.3524 0.0098 -0.9358
vn 0.1273 0.1783 -0.9757
vn 0.5721 0.2978 -0.7642
vn 0.8688 0.3412 -0.3589
vn 0.9449 0.2980 0.1353
vn 0.7810 0.1786 0.5985
vn 0.7452 0.2608 0.6138
vn 0.6963 0.3373 0.6336
vn 0.6367 0.4016 0.6583
vn 0.5688 0.4531 0.6864
vn 0.5899 0.7565 0.2822
vn 0.4624 0.8661 -0.1900
vn 0.2174 0.7562 -0.6171
vn -0.0823 0.4527 -0.8878
vn -0.0137 0.4019 -0.9156
vn 0.0431 0.3370 -0.9405
vn 0.0922 0.2608 -0.9610
vn 0.5133 0.4369 -0.7386
vn 0.8001 0.5000 -0.3313
vn 0.8854 0.4368 0.1587
vn 0.8055 0.5605 0.1921
vn 0.7060 0.6687 0.2334
vn 0.5939 0.7664 -0.2450
vn 0.3316 0.6691 -0.6651
vn 0.4316 0.5611 -0.7063
vn 0.7078 0.6431 -0.2922
vn -0.0805 0.9962 0.0334
vn 0.2413 0.5159 0.8219
vn 0.5939 -0.7663 -0.2450
vn 0.8001 -0.5000 -0.3314
vn 0.9410 -0.2921 0.1706
vn 0.9770 -0.1468 0.1546
vn 0.9902 -0.0275 0.1372
vn 0.9916 -0.0000 0.1294
vn 0.7853 -0.0157 0.6189
vn -0.9231 0.0433 0.3822
vn -0.8015 0.0216 -0.5977
vn -0.7931 -0.0000 -0.6091
vn -0.3955 -0.0000 -0.9184
vn 0.1294 -0.0000 -0.9916
vn 0.9101 -0.1726 -0.3767
vn -0.3921 0.0314 -0.9194
vn 0.1587 0.4917 0.8562
vn 0.3605 0.0255 0.9324
vn -0.8687 0.3413 0.3589
vn -0.4059 0.0216 -0.9137
vn -0.5939 0.7663 0.2450
vn -0.5133 0.4369 0.7387
vn -0.6963 0.3374 -0.6335
vn -0.7078 0.6431 0.2921
vn -0.9101 -0.1726 0.3767
vn -0.5449 -0.2920 0.7860
vn -0.4075 -0.5505 0.7287
vn -0.3101 -0.6554 0.6887
vn -0.5938 -0.7664 0.2451
vn 0.0608 -0.8427 0.5350
vn 0.3291 -0.4996 0.8013
vn 0.1901 0.8661 0.4624
vn -0.3297 0.5004 -0.8006
vn -0.3313 0.5000 -0.8002
vn -0.3153 -0.9401 0.1292
vn -0.4624 -0.8660 0.1900
vn -0.7078 -0.6431 0.2921
vn -0.8001 -0.5001 0.3314
vn -0.9410 -0.2921 -0.1706
vn -0.9770 -0.1468 -0.1547
vn 0.9919 0.0372 0.1215
vn 0.0019 -0.3021 0.9533
vn 0.1586 0.9852 -0.0646
vn 0.9101 0.1727 -0.3766
vn 0.4115 0.0098 0.9113
vn 0.4624 0.8209 0.3351
vn 0.3153 0.9401 -0.1293
vn 0.0882 0.8209 -0.5643
vn -0.3570 0.0216 -0.9338
vn 0.8688 0.3413 -0.3589
vn 0.6963 0.3374 0.6335
vn 0.6367 0.4016 0.6582
vn 0.5688 0.4531 0.6865
vn 0.4624 0.8661 -0.1901
vn 0.2175 0.7562 -0.6171
vn 0.5133 0.4369 -0.7387
vn 0.8055 0.5606 0.1920
vn 0.5939 0.7663 -0.2451
vn 0.3316 0.6691 -0.6652
vn 0.7078 0.6432 -0.2921
vn 0.2705 0.7077 0.6527
vn 0.2705 0.7076 0.6527
vn 0.2705 0.7077 0.6526
vn 0.3681 -0.2585 0.8931
vn 0.3682 -0.2585 0.8931
vn 0.0981 -0.9660 0.2391
vn 0.0979 -0.9661 0.2391
vn 0.0980 -0.9660 0.2391
vn -0.2705 -0.7077 -0.6527
vn -0.2705 -0.7077 -0.6526
vn -0.2705 -0.7076 -0.6528
vn -0.3682 0.2585 -0.8931
vn -0.3681 0.2585 -0.8931
vn -0.0979 0.9661 -0.2391
vn -0.0981 0.9660 -0.2391
vn -0.0980 0.9661 -0.2391
vn -0.0980 0.9660 -0.2391
vn 0.3527 0.3821 0.8542
vn 0.3526 0.3820 0.8542
vn 0.3036 -0.6093 0.7325
vn -0.0490 -0.9916 -0.1195
vn -0.0490 -0.9916 -0.1196
vn -0.3527 -0.3820 -0.8542
vn -0.3527 -0.3821 -0.8542
vn -0.3036 0.6092 -0.7326
vn -0.3036 0.6091 -0.7327
vn 0.0490 0.9916 0.1196
vn 0.0490 0.9916 0.1195
vn -0.1902 -0.8661 -0.4624
vn -0.1900 -0.8661 -0.4624
vn -0.1900 -0.8661 -0.4625
vn -0.1900 0.8661 -0.4624
vn -0.3818 -0.0000 0.9243
vn -0.3819 -0.0000 0.9242
vn -0.3818 -0.0000 0.9242
vn 0.6091 -0.0000 0.7931
vn 0.6090 -0.0000 0.7932
vn 0.9916 -0.0000 -0.1294
vn 0.9916 -0.0000 -0.1293
vn 0.3819 -0.0000 -0.9242
vn 0.3818 -0.0000 -0.9243
vn -0.6091 -0.0000 -0.7931
vn -0.6090 -0.0000 -0.7932
vn -0.9916 -0.0000 0.1293
vn -1.0000 -0.0000 -0.0001
vn -1.0000 -0.0000 0.0002
vn -0.4997 -0.0000 0.8662
vn -0.4996 -0.0000 0.8662
vn -0.4995 -0.0000 0.8663
vn -0.5001 -0.0000 0.8660
vn 0.4995 -0.0000 0.8663
vn 0.4996 -0.0000 0.8662
vn 1.0000 -0.0000 0.0001
vn 0.4998 -0.0000 -0.8661
vn -0.4999 -0.0000 -0.8661
vn -0.4995 -0.0000 -0.8663
vn 0.7930 -0.0000 0.6092
vn -0.7930 -0.0000 -0.6092
vn 0.3818 -0.0000 -0.9242
vn -0.9916 -0.0000 0.1294
vn 0.4999 -0.0000 0.8661
vn 0.4997 -0.0000 -0.8662
vn -0.4996 -0.0000 -0.8662
vn -0.4996 -0.0000 -0.8663
vn -0.9243 -0.0000 0.3818
vn 0.1235 0.2902 0.9490
vn 0.1235 0.2901 0.9490
vn 0.6685 -0.4626 0.5823
vn 0.6685 -0.4627 0.5822
vn 0.5448 -0.7544 -0.3663
vn 0.5447 -0.7544 -0.3663
vn 0.5446 -0.7543 -0.3668
vn -0.1235 -0.2902 -0.9490
vn -0.1235 -0.2901 -0.9490
vn -0.6685 0.4627 -0.5822
vn -0.6685 0.4627 -0.5823
vn -0.6685 0.4625 -0.5824
vn -0.6685 0.4626 -0.5823
vn -0.5447 0.7544 0.3663
vn 0.5447 -0.7543 -0.3665
vn 0.5447 -0.7544 -0.3662
vn -0.5447 0.7543 0.3665
vn 0.7933 -0.0000 0.6089
vn -0.4998 -0.0000 0.8662
vn -0.4996 -0.0000 0.8663
vn 0.4996 -0.0000 0.8663
vn 0.3820 -0.0000 0.9242
vn 0.4957 0.8661 0.0646
vn 0.3960 0.8665 0.3039
vn 0.3039 0.8665 -0.3960
vn 0.0648 0.8661 -0.4957
vn -0.3960 0.8666 -0.3038
vn -0.3960 0.8665 -0.3038
vn -0.4957 0.8661 -0.0647
vn -0.4957 0.8661 -0.0648
vn -0.4624 0.8661 0.1901
vn -0.3039 0.8665 0.3960
vn -0.0648 0.8661 0.4957
vn -0.0646 0.8661 0.4957
vn 0.3960 0.8665 0.3038
vn -0.9916 -0.0000 -0.1294
vn -0.3961 0.8665 -0.3039
vn -0.3038 0.8665 0.3960
vn -0.3038 0.8666 0.3959
vn -0.0647 0.8661 0.4957
vn 0.3961 0.8665 0.3039
vn 0.4957 0.8661 0.0648
vn 0.4957 0.8661 0.0647
vn 0.3039 0.8665 -0.3961
vn 0.3038 0.8665 -0.3960
vn 0.0646 0.8661 -0.4957
vn -0.3960 0.8665 -0.3039
vn 0.3039 0.8664 -0.3961
vn 0.0647 0.8661 -0.4957
vn 0.9243 -0.0000 0.3818
vn 0.9242 -0.0000 0.3819
vn 0.9242 -0.0000 0.3818
vn 0.9242 -0.0000 0.3820
vn 0.9241 -0.0000 0.3820
vn 0.4932 0.8457 0.2039
vn 0.4933 0.8457 0.2037
vn 0.4933 0.8457 0.2036
vn 0.4933 0.8457 0.2038
vn 0.4933 0.8457 0.2035
vn 0.4934 0.8457 0.2035
vn 0.1587 -0.9852 0.0646
vn 0.2662 -0.8534 -0.4482
vn 0.0803 -0.9962 0.0332
vn 0.3351 -0.8427 -0.4214
vn 0.3748 -0.4709 -0.7986
vn 0.4133 -0.4642 -0.7834
vn 0.3783 0.0333 -0.9251
vn 0.3759 0.0333 -0.9261
vn 0.2823 0.5235 -0.8039
vn 0.2413 0.5159 -0.8220
vn 0.1137 0.8720 -0.4762
vn 0.0451 0.8604 -0.5076
vn -0.0805 0.9962 -0.0334
vn -0.1586 0.9852 -0.0646
vn -0.2546 0.8715 0.4191
vn -0.3254 0.8605 0.3920
vn -0.3669 0.5237 0.7689
vn -0.4096 0.5155 0.7526
vn -0.3840 0.0333 0.9227
vn -0.3880 0.0333 0.9210
vn -0.2976 -0.4703 0.8309
vn -0.2606 -0.4644 0.8464
vn -0.1273 -0.8536 0.5051
vn -0.0607 -0.8427 0.5350
vn 0.0802 -0.9962 0.0333
vn 0.1586 -0.9852 0.0647
vn 0.0706 -0.8041 0.5903
vn 0.3153 -0.9401 0.1293
vn 0.1962 -0.7416 0.6415
vn 0.4624 -0.8661 0.1901
vn 0.3100 -0.6554 0.6887
vn 0.5939 -0.7663 0.2450
vn 0.4074 -0.5504 0.7287
vn 0.7078 -0.6431 0.2922
vn 0.4860 -0.4272 0.7624
vn 0.8001 -0.5001 0.3314
vn 0.5449 -0.2921 0.7860
vn 0.8688 -0.3412 0.3589
vn 0.5799 -0.1469 0.8013
vn 0.9101 -0.1726 0.3766
vn 0.6020 -0.0275 0.7980
vn 0.9235 -0.0314 0.3824
vn 0.6088 -0.0000 0.7933
vn 0.1175 -0.0157 0.9929
vn 0.1293 -0.0000 0.9916
vn -0.3955 -0.0000 0.9184
vn -0.8014 0.0216 0.5977
vn -0.7933 -0.0000 0.6088
vn -0.9919 0.0372 0.1215
vn -0.9230 0.0433 -0.3823
vn -0.9242 -0.0000 -0.3820
vn -0.6139 0.0373 -0.7885
vn -0.6088 -0.0000 -0.7933
vn -0.1430 0.0216 -0.9895
vn -0.1294 -0.0000 -0.9916
vn 0.3680 -0.0000 -0.9298
vn 0.7853 -0.0157 -0.6189
vn 0.7933 -0.0000 -0.6088
vn 0.9902 -0.0275 -0.1372
vn 0.9235 -0.0314 0.3823
vn 0.9770 -0.1468 -0.1547
vn 0.9102 -0.1726 0.3766
vn 0.9410 -0.2921 -0.1706
vn 0.8688 -0.3412 0.3588
vn 0.8833 -0.4269 -0.1939
vn 0.8001 -0.5000 0.3314
vn 0.8033 -0.5505 -0.2273
vn 0.7079 -0.6431 0.2921
vn 0.7065 -0.6555 -0.2669
vn 0.5939 -0.7664 0.2450
vn 0.5939 -0.7409 -0.3136
vn 0.4624 -0.8661 0.1900
vn 0.4685 -0.8038 -0.3666
vn 0.3153 -0.9401 0.1292
vn 0.4863 -0.4432 -0.7530
vn 0.3702 0.0313 -0.9284
vn 0.1587 0.4917 -0.8562
vn -0.0882 0.8209 -0.5643
vn -0.3153 0.9401 -0.1293
vn -0.4624 0.8209 0.3350
vn -0.4916 0.4916 0.7188
vn -0.3921 0.0314 0.9194
vn -0.1882 -0.4431 0.8765
vn -0.1195 -0.4076 0.9053
vn -0.0568 -0.3606 0.9310
vn -0.0019 -0.3021 0.9533
vn 0.0392 -0.2350 0.9712
vn 0.0706 -0.1608 0.9845
vn 0.0901 -0.0803 0.9927
vn -0.4132 0.0059 0.9106
vn -0.8028 0.0901 0.5894
vn -0.9813 0.1508 0.1195
vn -0.9101 0.1726 -0.3766
vn -0.6096 0.1509 -0.7782
vn -0.1507 0.0900 -0.9845
vn 0.3507 0.0059 -0.9365
vn 0.7665 -0.0804 -0.6371
vn 0.7470 -0.1608 -0.6451
vn 0.7151 -0.2351 -0.6583
vn 0.6711 -0.3022 -0.6770
vn 0.6171 -0.3605 -0.6994
vn 0.5547 -0.4077 -0.7253
vn 0.3662 0.0294 -0.9301
vn 0.0823 0.4527 -0.8878
vn -0.2175 0.7562 -0.6171
vn -0.4624 0.8661 -0.1901
vn -0.5899 0.7565 0.2822
vn -0.5688 0.4531 0.6865
vn -0.3978 0.0294 0.9170
vn -0.4018 0.0255 0.9154
vn -0.4059 0.0216 0.9137
vn -0.4092 0.0157 0.9123
vn -0.4115 0.0098 0.9113
vn -0.7810 0.1786 0.5985
vn -0.9449 0.2980 0.1353
vn -0.8688 0.3413 -0.3589
vn -0.5721 0.2978 -0.7642
vn -0.1273 0.1783 -0.9757
vn 0.3524 0.0098 -0.9358
vn 0.3547 0.0157 -0.9348
vn 0.3570 0.0216 -0.9338
vn 0.3605 0.0254 -0.9324
vn 0.0137 0.4019 -0.9156
vn -0.3316 0.6691 -0.6651
vn -0.5939 0.7664 -0.2450
vn -0.7060 0.6687 0.2334
vn -0.6367 0.4016 0.6583
vn -0.6963 0.3373 0.6336
vn -0.7452 0.2608 0.6138
vn -0.8854 0.4368 0.1587
vn -0.8001 0.5000 -0.3313
vn -0.5133 0.4369 -0.7387
vn -0.0922 0.2608 -0.9610
vn -0.0431 0.3370 -0.9405
vn -0.4316 0.5611 -0.7063
vn -0.7078 0.6431 -0.2921
vn -0.8055 0.5605 0.1921
vn -0.9235 -0.0314 -0.3823
vn -0.9242 -0.0000 -0.3818
vn -0.9902 -0.0275 0.1372
vn -0.9770 -0.1468 0.1546
vn -0.9102 -0.1726 -0.3766
vn -0.9411 -0.2921 0.1705
vn -0.8688 -0.3412 -0.3589
vn -0.8833 -0.4269 0.1939
vn -0.8001 -0.5001 -0.3314
vn -0.8033 -0.5505 0.2273
vn -0.7078 -0.6431 -0.2921
vn -0.7065 -0.6555 0.2669
vn -0.5939 -0.7663 -0.2450
vn -0.5939 -0.7409 0.3136
vn -0.4624 -0.8660 -0.1900
vn -0.4685 -0.8038 0.3666
vn -0.3154 -0.9401 -0.1292
vn -0.3351 -0.8427 0.4214
vn -0.1587 -0.9852 -0.0646
vn -0.1921 -0.8665 0.4607
vn -0.1901 -0.8661 0.4624
vn -0.3314 -0.5000 0.8001
vn -0.3313 -0.5000 0.8001
vn -0.3297 0.5004 0.8006
vn -0.3313 0.5000 0.8002
vn -0.1881 0.8664 0.4626
vn -0.1900 0.8661 0.4624
vn 0.0020 1.0000 -0.0000
vn 0.1921 0.8665 -0.4607
vn 0.1900 0.8661 -0.4624
vn 0.3314 0.5001 -0.8001
vn 0.3313 0.5000 -0.8001
vn 0.3292 -0.4996 -0.8013
vn 0.3313 -0.5000 -0.8001
vn 0.1900 -0.8660 -0.4624
vn 0.1901 -0.8661 -0.4624
vn 0.0607 -0.8427 -0.5350
vn -0.1586 -0.9852 -0.0647
vn -0.0706 -0.8041 -0.5903
vn -0.3153 -0.9401 -0.1293
vn -0.1962 -0.7416 -0.6415
vn -0.4624 -0.8661 -0.1901
vn -0.3100 -0.6554 -0.6887
vn -0.5938 -0.7664 -0.2450
vn -0.4074 -0.5504 -0.7287
vn -0.7078 -0.6431 -0.2922
vn -0.4860 -0.4272 -0.7624
vn -0.8001 -0.5000 -0.3315
vn -0.5449 -0.2921 -0.7860
vn -0.8687 -0.3412 -0.3589
vn -0.5799 -0.1469 -0.8013
vn -0.9101 -0.1726 -0.3766
vn -0.6020 -0.0274 -0.7981
vn -0.9235 -0.0314 -0.3824
vn -0.9242 -0.0000 -0.3819
vn -0.1175 -0.0157 -0.9929
vn -0.1293 -0.0000 -0.9916
vn 0.3956 -0.0000 -0.9184
vn 0.8015 0.0216 -0.5977
vn 0.9919 0.0372 -0.1215
vn 0.9230 0.0433 0.3822
vn 0.6139 0.0373 0.7885
vn 0.1430 0.0216 0.9895
vn -0.3680 -0.0000 0.9298
vn -0.7853 -0.0157 0.6189
vn -0.7931 -0.0000 0.6091
vn -0.7665 -0.0804 0.6371
vn -0.7470 -0.1608 0.6451
vn -0.7151 -0.2351 0.6583
vn -0.6711 -0.3022 0.6770
vn -0.6171 -0.3605 0.6994
vn -0.5547 -0.4077 0.7253
vn -0.4863 -0.4432 0.7530
vn -0.4133 -0.4642 0.7834
vn -0.3759 0.0333 0.9261
vn -0.2413 0.5159 0.8220
vn -0.0451 0.8604 0.5076
vn 0.1586 0.9852 0.0646
vn 0.3254 0.8605 -0.3920
vn 0.4096 0.5155 -0.7527
vn 0.3880 0.0333 -0.9211
vn 0.2606 -0.4644 -0.8464
vn 0.1882 -0.4432 -0.8765
vn 0.1195 -0.4076 -0.9053
vn 0.0568 -0.3606 -0.9310
vn 0.0019 -0.3021 -0.9533
vn -0.0392 -0.2350 -0.9712
vn -0.0706 -0.1608 -0.9845
vn -0.0901 -0.0803 -0.9927
vn 0.4132 0.0059 -0.9106
vn 0.8028 0.0901 -0.5894
vn 0.9813 0.1508 -0.1195
vn 0.9101 0.1726 0.3766
vn 0.6096 0.1509 0.7782
vn 0.1507 0.0900 0.9845
vn -0.3507 0.0059 0.9365
vn -0.3524 0.0098 0.9358
vn -0.3547 0.0157 0.9348
vn -0.3571 0.0216 0.9338
vn -0.3604 0.0255 0.9324
vn -0.3662 0.0294 0.9301
vn -0.3702 0.0313 0.9284
vn -0.1587 0.4917 0.8562
vn 0.0882 0.8209 0.5642
vn 0.3153 0.9401 0.1293
vn 0.4624 0.8209 -0.3351
vn 0.4916 0.4916 -0.7188
vn 0.3921 0.0314 -0.9194
vn 0.3978 0.0294 -0.9170
vn 0.4018 0.0255 -0.9154
vn 0.4059 0.0216 -0.9137
vn 0.4092 0.0157 -0.9123
vn 0.4116 0.0098 -0.9113
vn 0.7810 0.1786 -0.5985
vn 0.9449 0.2980 -0.1353
vn 0.8688 0.3412 0.3589
vn 0.5721 0.2978 0.7642
vn 0.1273 0.1783 0.9757
vn 0.0922 0.2608 0.9610
vn 0.0431 0.3370 0.9405
vn -0.0137 0.4019 0.9156
vn -0.0823 0.4527 0.8878
vn 0.2174 0.7562 0.6171
vn 0.4624 0.8661 0.1901
vn 0.5899 0.7565 -0.2822
vn 0.5688 0.4530 -0.6865
vn 0.6367 0.4016 -0.6583
vn 0.6963 0.3373 -0.6335
vn 0.7452 0.2608 -0.6138
vn 0.8854 0.4368 -0.1587
vn 0.8001 0.5000 0.3313
vn 0.5133 0.4369 0.7387
vn 0.4316 0.5611 0.7063
vn 0.3316 0.6690 0.6652
vn 0.5939 0.7664 0.2450
vn 0.7060 0.6687 -0.2333
vn 0.8055 0.5605 -0.1921
vn 0.7078 0.6431 0.2922
vn 0.2413 0.5159 -0.8219
vn -0.3669 0.5237 0.7688
vn -0.3880 0.0333 0.9211
vn -0.2976 -0.4702 0.8309
vn 0.4075 -0.5504 0.7287
vn 0.4861 -0.4273 0.7624
vn 0.8001 -0.5000 0.3315
vn -0.3956 -0.0000 0.9184
vn -0.9231 0.0433 -0.3822
vn -0.6089 -0.0000 -0.7933
vn 0.9902 -0.0274 -0.1373
vn 0.5939 -0.7663 0.2449
vn 0.3154 -0.9401 0.1292
vn 0.3702 0.0314 -0.9284
vn -0.3921 0.0313 0.9194
vn -0.0020 -0.3021 0.9533
vn -0.9101 0.1727 -0.3766
vn 0.3662 0.0293 -0.9301
vn 0.0823 0.4528 -0.8878
vn -0.4624 0.8661 -0.1900
vn -0.5688 0.4530 0.6865
vn -0.4116 0.0098 0.9113
vn -0.8687 0.3413 -0.3589
vn -0.1274 0.1783 -0.9757
vn 0.3571 0.0216 -0.9338
vn 0.3604 0.0255 -0.9324
vn -0.3316 0.6690 -0.6652
vn -0.5939 0.7663 -0.2450
vn -0.7078 0.6431 -0.2922
vn -0.9770 -0.1468 0.1547
vn -0.9411 -0.2921 0.1706
vn -0.8688 -0.3412 -0.3588
vn -0.7079 -0.6431 -0.2921
vn -0.3351 -0.8427 0.4213
vn -0.1922 -0.8665 0.4607
vn -0.3313 -0.5000 0.8002
vn -0.1901 0.8661 0.4624
vn 0.1901 0.8661 -0.4624
vn 0.3291 -0.4996 -0.8013
vn 0.1900 -0.8661 -0.4624
vn -0.0001 -1.0000 -0.0001
vn 0.7933 -0.0000 -0.6089
vn 0.9230 0.0433 0.3823
vn 0.1431 0.0215 0.9895
vn -0.7666 -0.0804 0.6371
vn 0.9102 0.1726 0.3766
vn -0.3605 0.0254 0.9324
vn -0.3662 0.0293 0.9301
vn -0.3702 0.0314 0.9284
vn -0.1587 0.4918 0.8561
vn 0.0882 0.8209 0.5643
vn 0.3153 0.9401 0.1292
vn 0.3921 0.0313 -0.9194
vn 0.4058 0.0215 -0.9137
vn 0.8687 0.3413 0.3589
vn 0.1274 0.1783 0.9757
vn 0.2175 0.7562 0.6171
vn 0.5899 0.7565 -0.2823
vn 0.6367 0.4016 -0.6582
vn 0.6963 0.3374 -0.6335
vn 0.3316 0.6691 0.6651
vn 0.5939 0.7663 0.2451
vn 0.7060 0.6687 -0.2334
vn -0.2705 0.7076 0.6528
vn -0.2705 0.7077 0.6527
vn -0.3682 -0.2585 0.8931
vn -0.3681 -0.2585 0.8931
vn -0.0979 -0.9661 0.2391
vn -0.0980 -0.9660 0.2391
vn -0.0981 -0.9660 0.2391
vn 0.2705 -0.7077 -0.6527
vn 0.3681 0.2585 -0.8931
vn 0.3682 0.2585 -0.8931
vn 0.0980 0.9660 -0.2391
vn -0.3527 0.3821 0.8542
vn -0.3527 0.3820 0.8542
vn -0.3526 0.3820 0.8542
vn -0.3036 -0.6092 0.7326
vn 0.0490 -0.9916 -0.1196
vn 0.0489 -0.9916 -0.1195
vn 0.3527 -0.3820 -0.8542
vn 0.3526 -0.3820 -0.8542
vn 0.3036 0.6093 -0.7325
vn 0.3036 0.6091 -0.7327
vn 0.3036 0.6092 -0.7326
vn -0.0490 0.9916 0.1196
vn -0.0490 0.9916 0.1195
vn 0.2705 -0.7076 -0.6527
vn 0.2705 -0.7075 -0.6528
vn 0.0981 0.9660 -0.2391
vn 0.0979 0.9661 -0.2391
vn -0.3820 -0.0000 0.9242
vn -0.1900 -0.8661 0.4624
vn -0.1449 0.9245 0.3526
vn -0.1450 0.9245 0.3526
vn -0.1449 0.9245 0.3525
vn -0.3781 0.1293 0.9167
vn -0.3780 0.1293 0.9167
vn -0.2329 -0.7934 0.5624
vn -0.2332 -0.7934 0.5622
vn -0.2333 -0.7935 0.5621
vn 0.1449 -0.9245 -0.3525
vn 0.1449 -0.9245 -0.3526
vn 0.3780 -0.1293 -0.9167
vn 0.3781 -0.1293 -0.9167
vn 0.2332 0.7934 -0.5622
vn 0.2333 0.7935 -0.5621
vn 0.2332 0.7935 -0.5622
vn -0.3313 0.5000 0.8001
vn 0.3314 -0.5000 -0.8001
vn 0.3317 -0.5001 -0.7999
vn 0.3314 -0.5002 -0.8000
vn 0.3314 0.5000 -0.8001
vn 0.3314 0.4999 -0.8002
vn 0.3820 -0.0000 -0.9242
vn -0.1295 -0.0000 0.9916
vn -0.7930 -0.0000 0.6092
vn 0.1294 -0.0000 0.9916
vn 0.1292 -0.0000 0.9916
vn 0.7931 -0.0000 -0.6091
vn -0.1292 -0.0000 -0.9916
vn -0.7072 -0.0000 -0.7070
vn -0.9660 -0.0000 0.2585
vn -0.9659 -0.0000 0.2589
vn -0.9660 -0.0000 0.2586
vn -0.2587 -0.0000 0.9660
vn -0.2587 -0.0000 0.9659
vn 0.7072 -0.0000 0.7070
vn 0.9660 -0.0000 -0.2586
vn 0.9659 -0.0000 -0.2589
vn 0.2587 -0.0000 -0.9659
vn 0.2587 -0.0000 -0.9660
vn -0.7933 -0.0000 0.6089
vn 0.7930 -0.0000 -0.6092
vn -0.7932 -0.0000 -0.6090
vn -0.7934 -0.0000 -0.6087
vn -0.9243 -0.0000 -0.3818
vn -0.6530 0.2039 0.7294
vn -0.6529 0.2039 0.7294
vn 0.1704 -0.3251 0.9302
vn 0.1703 -0.3251 0.9302
vn 0.8248 -0.5290 0.1998
vn 0.8248 -0.5289 0.1998
vn 0.6529 -0.2039 -0.7294
vn -0.1703 0.3251 -0.9302
vn -0.1704 0.3251 -0.9302
vn -0.8249 0.5289 -0.1997
vn -0.8248 0.5289 -0.1998
vn -0.8247 0.5291 -0.2000
vn 0.8248 -0.5290 0.1999
vn 0.8247 -0.5290 0.1999
vn 0.6529 -0.2040 -0.7295
vn 0.6530 -0.2039 -0.7294
vn -0.8248 0.5290 -0.1998
vn -0.8248 0.5290 -0.1999
vn -0.8249 0.5289 -0.1998
vn 0.8249 -0.5289 0.1997
vn -0.8247 0.5290 -0.1999
vn -0.8248 0.5289 -0.1997
vn -0.6528 0.2040 0.7295
vn -0.6529 0.2039 0.7295
vn -0.6529 0.2040 0.7295
vn 0.6528 -0.2040 -0.7295
vn 0.6531 -0.2038 -0.7294
vn 0.8248 -0.5289 0.1997
vn 0.6531 -0.2038 -0.7293
vn 0.3039 0.8665 0.3960
vn 0.3039 0.8664 0.3961
vn 0.0646 0.8661 0.4957
vn 0.4957 0.8661 -0.0648
vn 0.3960 0.8665 -0.3039
vn 0.3960 0.8665 -0.3038
vn -0.0648 0.8661 -0.4957
vn -0.3039 0.8665 -0.3960
vn -0.4957 0.8661 0.0647
vn -0.4957 0.8661 0.0648
vn -0.3961 0.8665 0.3039
vn -0.3960 0.8665 0.3039
vn 0.9916 -0.0000 -0.1292
vn -0.3039 0.8665 -0.3961
vn -0.0646 0.8661 -0.4957
vn -0.3960 0.8665 0.3038
vn 0.0647 0.8661 0.4957
vn 0.3038 0.8665 0.3960
vn 0.4957 0.8661 -0.0647
vn 0.3961 0.8665 -0.3039
vn 0.3039 0.8665 0.3961
vn 0.3038 0.8666 0.3960
vn 0.4624 0.8661 0.1900
vn -0.0647 0.8661 -0.4957
vn -0.3038 0.8665 -0.3960
vn -0.4957 0.8661 0.0646
vn -0.1902 0.8661 0.4624
vn 0.4957 0.8661 -0.0649
vn 0.3961 0.8664 -0.3039
vn -0.4390 -0.7840 -0.4390
vn -0.4390 -0.7839 -0.4390
vn -0.6211 -0.7837 -0.0000
vn -0.6210 -0.7838 -0.0000
vn -0.4390 -0.7840 0.4390
vn -0.4390 -0.7839 0.4390
vn -0.4391 -0.7839 0.4391
vn -0.0000 -0.7837 -0.6211
vn -0.0000 -0.7838 -0.6210
vn 0.4390 -0.7839 -0.4390
vn 0.4390 -0.7840 -0.4390
vn 0.4389 -0.7840 -0.4389
vn 0.6211 -0.7838 -0.0000
vn 0.6210 -0.7838 -0.0000
vn 0.6212 -0.7837 -0.0000
vn 0.4390 -0.7839 0.4390
vn 0.4390 -0.7840 0.4390
vn -0.0000 -0.7837 0.6212
vn -0.0000 -0.7838 0.6211
vn -1.0000 -0.0000 -0.0000
vn -0.7071 -0.0000 -0.7071
vn 0.7071 -0.0000 -0.7071
vn -0.7071 -0.0000 0.7071
vn 0.7071 -0.0000 0.7071
vn -0.4390 0.4390 -0.7839
vn -0.4390 0.4390 -0.7840
vn -0.4389 0.4389 -0.7840
vn -0.6211 -0.0000 -0.7837
vn -0.6212 -0.0000 -0.7837
vn -0.4390 -0.4390 -0.7839
vn -0.4389 -0.4389 -0.7840
vn -0.0000 0.6212 -0.7837
vn -0.0000 0.6211 -0.7838
vn -0.0000 0.6211 -0.7837
vn 0.4390 0.4390 -0.7839
vn 0.4390 0.4390 -0.7840
vn 0.6211 -0.0000 -0.7838
vn 0.6212 -0.0000 -0.7837
vn 0.6211 -0.0000 -0.7837
vn 0.4390 -0.4390 -0.7840
vn 0.4390 -0.4390 -0.7839
vn -0.0000 -0.6211 -0.7837
vn -0.0000 -0.6212 -0.7837
vn -0.0000 -0.6211 -0.7838
vn -0.7071 0.7071 -0.0000
vn 0.7071 0.7071 -0.0000
vn -0.7071 -0.7071 -0.0000
vn 0.7071 -0.7071 -0.0000
vn -0.4390 -0.4390 0.7839
vn -0.4390 -0.4390 0.7840
vn -0.6212 -0.0000 0.7837
vn -0.6211 -0.0000 0.7838
vn -0.6211 -0.0000 0.7837
vn -0.4390 0.4390 0.7840
vn -0.4390 0.4390 0.7839
vn -0.0000 -0.6212 0.7837
vn -0.0000 -0.6210 0.7838
vn 0.4390 -0.4390 0.7840
vn 0.4390 -0.4390 0.7839
vn 0.6211 -0.0000 0.7838
vn 0.6212 -0.0000 0.7837
vn 0.4390 0.4390 0.7839
vn 0.4390 0.4390 0.7840
vn -0.0000 0.6211 0.7838
vn -0.0000 0.6212 0.7837
vn -0.0000 0.6211 0.7837
vn -0.6212 -0.7837 -0.0000
vn -0.0000 -0.7838 -0.6211
vn 0.6211 -0.7837 -0.0000
vn -0.0000 -0.7837 0.6211
vn 0.7840 -0.4390 0.4390
vn 0.7837 -0.0000 0.6212
vn 0.7838 -0.0000 0.6211
vn 0.7839 0.4390 0.4390
vn 0.7840 0.4390 0.4390
vn 0.7837 -0.6211 -0.0000
vn 0.7837 -0.6212 -0.0000
vn 0.7838 -0.6211 -0.0000
vn 0.7840 -0.4390 -0.4390
vn 0.7839 -0.4390 -0.4390
vn 0.7837 -0.0000 -0.6211
vn 0.7838 -0.0000 -0.6211
vn 0.7840 0.4390 -0.4390
vn 0.7838 0.6211 -0.0000
vn 0.7837 0.6212 -0.0000
vn -0.0000 -0.7071 0.7071
vn -0.0000 0.7071 -0.7071
vn -0.4389 -0.7840 -0.4389
vn -0.6211 -0.7838 -0.0000
vn -0.0000 -0.7837 -0.6212
vn 0.4389 -0.7840 0.4389
vt 0.807617 0.990860
vt 0.812500 0.989716
vt 0.811035 0.993988
vt 0.809082 0.986580
vt 0.813477 0.985435
vt 0.816895 0.988564
vt 0.815430 0.992840
vt 0.551758 0.990860
vt 0.556152 0.989716
vt 0.555176 0.993988
vt 0.552734 0.986588
vt 0.557617 0.985435
vt 0.560547 0.988571
vt 0.559570 0.992844
vt 0.747070 0.989090
vt 0.751465 0.987946
vt 0.750488 0.992218
vt 0.748535 0.984810
vt 0.752930 0.983673
vt 0.756348 0.986794
vt 0.754883 0.991074
vt 0.447998 0.990860
vt 0.452637 0.989716
vt 0.451416 0.993988
vt 0.449219 0.986588
vt 0.453857 0.985435
vt 0.457031 0.988571
vt 0.455811 0.992844
vt 0.278076 0.989090
vt 0.282471 0.987946
vt 0.281250 0.992218
vt 0.279297 0.984818
vt 0.283691 0.983673
vt 0.287109 0.986801
vt 0.285889 0.991074
vt 0.471436 0.985435
vt 0.470215 0.989716
vt 0.466797 0.986588
vt 0.474609 0.988564
vt 0.473633 0.992844
vt 0.468994 0.993988
vt 0.305420 0.992626
vt 0.309814 0.991486
vt 0.308594 0.995758
vt 0.306641 0.988350
vt 0.311035 0.987206
vt 0.314453 0.990334
vt 0.313232 0.994610
vt 0.199829 0.992626
vt 0.204346 0.991486
vt 0.203125 0.995758
vt 0.201050 0.988350
vt 0.205566 0.987206
vt 0.208862 0.990334
vt 0.207642 0.994610
vt 0.367432 0.965454
vt 0.374268 0.963684
vt 0.372559 0.970322
vt 0.369141 0.958801
vt 0.376221 0.957031
vt 0.381348 0.961884
vt 0.379395 0.968536
vt 0.637207 0.965454
vt 0.644043 0.963684
vt 0.642090 0.970322
vt 0.639160 0.958801
vt 0.645996 0.957031
vt 0.650879 0.961884
vt 0.649414 0.968536
vt 0.979004 0.967224
vt 0.986328 0.965424
vt 0.984375 0.972092
vt 0.980957 0.960571
vt 0.988281 0.958801
vt 0.993164 0.963654
vt 0.991211 0.970306
vt 0.173828 0.968994
vt 0.180786 0.967224
vt 0.178955 0.973862
vt 0.175659 0.962341
vt 0.182739 0.960571
vt 0.187866 0.965424
vt 0.185913 0.972076
vt 0.527832 0.963684
vt 0.534668 0.961914
vt 0.532715 0.968536
vt 0.529297 0.957031
vt 0.536621 0.955261
vt 0.541504 0.960114
vt 0.539551 0.966766
vt 0.738770 0.970764
vt 0.745605 0.968979
vt 0.743652 0.975632
vt 0.740723 0.964111
vt 0.747559 0.962341
vt 0.752930 0.967194
vt 0.750977 0.973846
vt 0.809082 0.970764
vt 0.815918 0.968979
vt 0.814453 0.975632
vt 0.811035 0.964111
vt 0.817871 0.962341
vt 0.823242 0.967194
vt 0.821289 0.973846
vt 0.553223 0.970764
vt 0.560059 0.968979
vt 0.558105 0.975632
vt 0.554688 0.964111
vt 0.562012 0.962341
vt 0.566895 0.967194
vt 0.565430 0.973846
vt 0.813965 0.983185
vt 0.807129 0.984932
vt 0.819336 0.987961
vt 0.817383 0.994488
vt 0.810547 0.996239
vt 0.805176 0.991463
vt 0.558105 0.983185
vt 0.551270 0.984940
vt 0.562988 0.987961
vt 0.561035 0.994492
vt 0.554199 0.996239
vt 0.549316 0.991463
vt 0.753418 0.981415
vt 0.746582 0.983170
vt 0.758789 0.986191
vt 0.756836 0.992718
vt 0.750000 0.994469
vt 0.744629 0.989693
vt 0.454346 0.983185
vt 0.447510 0.984940
vt 0.459473 0.987961
vt 0.457764 0.994492
vt 0.450684 0.996239
vt 0.445801 0.991463
vt 0.284424 0.981415
vt 0.277588 0.983170
vt 0.289551 0.986198
vt 0.287598 0.992722
vt 0.280762 0.994469
vt 0.275635 0.989693
vt 0.472168 0.983185
vt 0.465088 0.984940
vt 0.477051 0.987961
vt 0.475342 0.994488
vt 0.468262 0.996239
vt 0.463379 0.991463
vt 0.465576 0.990860
vt 0.311768 0.984955
vt 0.304932 0.986702
vt 0.316895 0.989731
vt 0.314941 0.996258
vt 0.308105 0.998007
vt 0.302979 0.993229
vt 0.206177 0.984955
vt 0.199341 0.986710
vt 0.211304 0.989731
vt 0.209351 0.996260
vt 0.202515 0.998009
vt 0.197510 0.993233
vt 0.377197 0.953522
vt 0.366455 0.956238
vt 0.385010 0.960938
vt 0.382080 0.971100
vt 0.371582 0.973816
vt 0.363525 0.966400
vt 0.646973 0.953522
vt 0.636230 0.956238
vt 0.654785 0.960938
vt 0.651855 0.971100
vt 0.641113 0.973816
vt 0.633301 0.966400
vt 0.989258 0.955292
vt 0.978516 0.958008
vt 0.997070 0.962708
vt 0.994141 0.972870
vt 0.983398 0.975586
vt 0.975586 0.968170
vt 0.183716 0.957062
vt 0.172974 0.959778
vt 0.191528 0.964478
vt 0.188721 0.974640
vt 0.177979 0.977356
vt 0.170044 0.969925
vt 0.537598 0.951752
vt 0.526855 0.954468
vt 0.545410 0.959167
vt 0.542480 0.969330
vt 0.531738 0.972046
vt 0.523926 0.964630
vt 0.748535 0.958832
vt 0.737793 0.961548
vt 0.756348 0.966248
vt 0.753418 0.976410
vt 0.742676 0.979126
vt 0.734863 0.971695
vt 0.818848 0.958832
vt 0.808105 0.961548
vt 0.826660 0.966248
vt 0.823730 0.976410
vt 0.813477 0.979126
vt 0.805176 0.971695
vt 0.562988 0.958832
vt 0.552246 0.961548
vt 0.570801 0.966248
vt 0.567871 0.976410
vt 0.557129 0.979126
vt 0.549316 0.971695
vt 0.787109 0.984634
vt 0.792969 0.983154
vt 0.791016 0.988670
vt 0.788574 0.979126
vt 0.794434 0.977646
vt 0.798828 0.981689
vt 0.796875 0.987190
vt 0.573730 0.984634
vt 0.579590 0.983154
vt 0.578125 0.988670
vt 0.575684 0.979126
vt 0.581055 0.977646
vt 0.585449 0.981689
vt 0.583984 0.987198
vt -2.226562 0.496094
vt -2.173828 0.482422
vt -2.164062 0.496094
vt -2.212891 0.482422
vt -0.038605 0.482422
vt -0.047516 0.496094
vt -3.492188 0.496094
vt -3.505859 0.482422
vt -2.173828 0.419434
vt -2.212891 0.419434
vt 0.000506 0.482422
vt 0.014267 0.496094
vt -0.038361 0.419434
vt 3.458984 0.496094
vt 3.507812 0.482422
vt 3.498047 0.496094
vt 3.468750 0.482422
vt -3.505859 0.419434
vt 1.294922 0.482422
vt 1.280273 0.496094
vt 0.000354 0.419434
vt 1.342773 0.496094
vt 1.333984 0.482422
vt 3.507812 0.419434
vt 3.468750 0.419434
vt 1.333008 0.419434
vt 1.294922 0.419434
vt -3.505859 0.407715
vt -2.212891 0.407715
vt -2.173828 0.407715
vt -0.038330 0.407715
vt 0.000326 0.407715
vt 1.294922 0.407715
vt 1.333008 0.407715
vt 3.468750 0.407715
vt 3.507812 0.407715
vt -0.162354 0.085449
vt -0.153931 0.069336
vt -0.153931 0.085449
vt -0.162354 0.069336
vt -0.153931 0.053711
vt -0.162354 0.053711
vt -0.153931 0.037598
vt -0.162354 0.037598
vt -0.153931 0.021484
vt -0.162354 0.021484
vt -0.153931 0.005859
vt -0.162354 0.005859
vt -0.153931 -0.010742
vt -0.162354 -0.010742
vt -0.153931 -0.026367
vt -0.162354 -0.026367
vt -0.153931 -0.041992
vt -0.162354 -0.041992
vt -0.153931 -0.058594
vt -0.162354 -0.058594
vt -0.153931 -0.074219
vt -0.162354 -0.074219
vt -0.153931 -0.089844
vt -0.162354 -0.089844
vt -0.154053 -0.106445
vt -0.162354 -0.106445
vt -0.170654 -0.089844
vt -0.170654 -0.106445
vt -0.178955 -0.089844
vt -0.178955 -0.106445
vt -0.187256 -0.089844
vt -0.187256 -0.106445
vt -0.195557 -0.089844
vt -0.195557 -0.106445
vt -0.203857 -0.089844
vt -0.203857 -0.106445
vt -0.212280 -0.089844
vt -0.212280 -0.106445
vt -0.220581 -0.089844
vt -0.220581 -0.106445
vt -0.228882 -0.089844
vt -0.228882 -0.106445
vt -0.237793 -0.106445
vt -0.237793 -0.089844
vt -0.228882 -0.074219
vt -0.237793 -0.074219
vt -0.228882 -0.058594
vt -0.237793 -0.058594
vt -0.228882 -0.041992
vt -0.237793 -0.041992
vt -0.228882 -0.026367
vt -0.237793 -0.026367
vt -0.228882 -0.010742
vt -0.237793 -0.010742
vt -0.228882 0.005859
vt -0.237793 0.005859
vt -0.228882 0.021484
vt -0.237793 0.021484
vt -0.228882 0.037598
vt -0.237793 0.037598
vt -0.228882 0.053711
vt -0.237793 0.053711
vt -0.228882 0.069336
vt -0.237793 0.069336
vt -0.228882 0.085449
vt -0.237793 0.085449
vt -0.220581 0.069336
vt -0.220581 0.085449
vt -0.212280 0.069336
vt -0.212280 0.085449
vt -0.203857 0.069336
vt -0.203857 0.085449
vt -0.195557 0.069336
vt -0.195557 0.085449
vt -0.187256 0.069336
vt -0.187256 0.085449
vt -0.178955 0.069336
vt -0.178955 0.085449
vt -0.170654 0.069336
vt -0.170654 0.085449
vt -0.170654 0.053711
vt -0.170654 0.037598
vt -0.170654 0.021484
vt -0.170654 0.005859
vt -0.170654 -0.010742
vt -0.170654 -0.026367
vt -0.170654 -0.041992
vt -0.170654 -0.058594
vt -0.170654 -0.074219
vt -0.178955 -0.074219
vt -0.187256 -0.074219
vt -0.195557 -0.074219
vt -0.203857 -0.074219
vt -0.212280 -0.074219
vt -0.220581 -0.074219
vt -0.220581 -0.058594
vt -0.220581 -0.041992
vt -0.220581 -0.026367
vt -0.220581 -0.010742
vt -0.220581 0.005859
vt -0.220581 0.021484
vt -0.220581 0.037598
vt -0.220581 0.053711
vt -0.212280 0.053711
vt -0.203857 0.053711
vt -0.195557 0.053711
vt -0.187256 0.053711
vt -0.178955 0.053711
vt -0.178955 0.037598
vt -0.178955 0.021484
vt -0.178955 0.005859
vt -0.178955 -0.010742
vt -0.178955 -0.026367
vt -0.178955 -0.041992
vt -0.178955 -0.058594
vt -0.187256 -0.058594
vt -0.195557 -0.058594
vt -0.203857 -0.058594
vt -0.212280 -0.058594
vt -0.212280 -0.041992
vt -0.212280 -0.026367
vt -0.212280 -0.010742
vt -0.212280 0.005859
vt -0.212280 0.021484
vt -0.212280 0.037598
vt -0.203857 0.037598
vt -0.195557 0.037598
vt -0.187256 0.037598
vt -0.187256 0.021484
vt -0.187256 0.005859
vt -0.187256 -0.010742
vt -0.187256 -0.026367
vt -0.187256 -0.041992
vt -0.195557 -0.041992
vt -0.203857 -0.041992
vt -0.203857 -0.026367
vt -0.203857 -0.010742
vt -0.203857 0.005859
vt -0.203857 0.021484
vt -0.195557 0.021484
vt -0.195557 0.005859
vt -0.195557 -0.010742
vt -0.195557 -0.026367
vt 0.326172 -0.089844
vt 0.316895 -0.106445
vt 0.326172 -0.106445
vt 0.316895 -0.089844
vt 0.308594 -0.089844
vt 0.308594 -0.106445
vt 0.300293 -0.089844
vt 0.300293 -0.106445
vt 0.291992 -0.089844
vt 0.291992 -0.106445
vt 0.283691 -0.089844
vt 0.283691 -0.106445
vt 0.275391 -0.089844
vt 0.275391 -0.106445
vt 0.267090 -0.089844
vt 0.267090 -0.106445
vt 0.258789 -0.089844
vt 0.258789 -0.106445
vt 0.250488 -0.089844
vt 0.250488 -0.106445
vt 0.242065 -0.089844
vt 0.242065 -0.106445
vt 0.242065 -0.074219
vt 0.242065 -0.058594
vt 0.242065 -0.041992
vt 0.242065 -0.026367
vt 0.242065 -0.010742
vt 0.242065 0.005859
vt 0.242065 0.021484
vt 0.242065 0.037598
vt 0.242065 0.053711
vt 0.242065 0.069336
vt 0.242065 0.085449
vt 0.250488 0.069336
vt 0.250488 0.085449
vt 0.258789 0.069336
vt 0.258789 0.085449
vt 0.267090 0.069336
vt 0.267090 0.085449
vt 0.275391 0.069336
vt 0.275391 0.085449
vt 0.283691 0.069336
vt 0.283691 0.085449
vt 0.291992 0.069336
vt 0.291992 0.085449
vt 0.300293 0.069336
vt 0.300293 0.085449
vt 0.308594 0.069336
vt 0.308594 0.085449
vt 0.316895 0.069336
vt 0.316895 0.085449
vt 0.326172 0.085449
vt 0.326172 0.068848
vt 0.316895 0.053223
vt 0.326172 0.053223
vt 0.316895 0.037109
vt 0.326172 0.037109
vt 0.316895 0.021484
vt 0.326172 0.020996
vt 0.316895 0.005371
vt 0.326172 0.005371
vt 0.316895 -0.010742
vt 0.326172 -0.010742
vt 0.316895 -0.026367
vt 0.326172 -0.026367
vt 0.316895 -0.041992
vt 0.326172 -0.041992
vt 0.316895 -0.058594
vt 0.326172 -0.058594
vt 0.316895 -0.074219
vt 0.326172 -0.074219
vt 0.308594 -0.074219
vt 0.300293 -0.074219
vt 0.291992 -0.074219
vt 0.283691 -0.074219
vt 0.275391 -0.074219
vt 0.267090 -0.074219
vt 0.258789 -0.074219
vt 0.250488 -0.074219
vt 0.250488 -0.058594
vt 0.250488 -0.041992
vt 0.250488 -0.026367
vt 0.250488 -0.010742
vt 0.250488 0.005859
vt 0.250488 0.021484
vt 0.250488 0.037598
vt 0.250488 0.053711
vt 0.258789 0.053711
vt 0.267090 0.053711
vt 0.275391 0.053711
vt 0.283691 0.053711
vt 0.291992 0.053711
vt 0.300293 0.053711
vt 0.308594 0.053711
vt 0.308594 0.037598
vt 0.308594 0.021484
vt 0.308594 0.005859
vt 0.308594 -0.010742
vt 0.308594 -0.026367
vt 0.308594 -0.041992
vt 0.308594 -0.058594
vt 0.300293 -0.058594
vt 0.291992 -0.058594
vt 0.283691 -0.058594
vt 0.275391 -0.058594
vt 0.267090 -0.058594
vt 0.258789 -0.058594
vt 0.258789 -0.041992
vt 0.258789 -0.026367
vt 0.258789 -0.010742
vt 0.258789 0.005859
vt 0.258789 0.021484
vt 0.258789 0.037598
vt 0.267090 0.037598
vt 0.275391 0.037598
vt 0.283691 0.037598
vt 0.291992 0.037598
vt 0.300293 0.037598
vt 0.300293 0.021484
vt 0.300293 0.005859
vt 0.300293 -0.010742
vt 0.300293 -0.026367
vt 0.300293 -0.041992
vt 0.291992 -0.041992
vt 0.283691 -0.041992
vt 0.275391 -0.041992
vt 0.267090 -0.041992
vt 0.267090 -0.026367
vt 0.267090 -0.010742
vt 0.267090 0.005859
vt 0.267090 0.021484
vt 0.275391 0.021484
vt 0.283691 0.021484
vt 0.291992 0.021484
vt 0.291992 0.005859
vt 0.291992 -0.010742
vt 0.291992 -0.026367
vt 0.283691 -0.026367
vt 0.275391 -0.026367
vt 0.275391 -0.010742
vt 0.275391 0.005859
vt 0.283691 0.005859
vt 0.283691 -0.010742
vt 0.794922 0.974747
vt 0.786133 0.977005
vt 0.801758 0.980911
vt 0.799316 0.989319
vt 0.790527 0.991570
vt 0.783691 0.985413
vt 0.582031 0.974747
vt 0.573242 0.977005
vt 0.588379 0.980911
vt 0.586426 0.989319
vt 0.577148 0.991570
vt 0.570801 0.985413
vt 0.098694 0.347168
vt 0.102905 0.330566
vt 0.118896 0.330566
vt 0.077515 0.334473
vt 0.089050 0.322266
vt 0.065308 0.312012
vt 0.081055 0.307617
vt 0.065308 0.286621
vt 0.081055 0.291016
vt 0.077515 0.264648
vt 0.089050 0.276367
vt 0.098694 0.251953
vt 0.102905 0.268066
vt 0.123108 0.251953
vt 0.118896 0.268066
vt 0.144287 0.264648
vt 0.132690 0.276367
vt 0.156494 0.286621
vt 0.140747 0.291016
vt 0.156494 0.312012
vt 0.140747 0.307617
vt 0.144287 0.334473
vt 0.132690 0.322266
vt 0.123108 0.347168
vt 0.124451 0.285156
vt 0.115845 0.279785
vt 0.129395 0.293945
vt 0.129395 0.304688
vt 0.124451 0.313477
vt 0.115845 0.318848
vt 0.105896 0.318848
vt 0.097290 0.313477
vt 0.092346 0.304688
vt 0.092346 0.293945
vt 0.097290 0.285156
vt 0.105896 0.279785
vt 0.528809 0.984634
vt 0.534668 0.983154
vt 0.533203 0.988670
vt 0.530273 0.979126
vt 0.536133 0.977646
vt 0.540527 0.981689
vt 0.539062 0.987198
vt 0.673828 0.986404
vt 0.679199 0.984932
vt 0.677734 0.990440
vt 0.675293 0.980896
vt 0.681152 0.979416
vt 0.685059 0.983459
vt 0.683594 0.988960
vt 0.247437 0.986404
vt 0.253174 0.984932
vt 0.251709 0.990440
vt 0.249023 0.980896
vt 0.254883 0.979416
vt 0.259033 0.983459
vt 0.257568 0.988960
vt 0.327637 0.986404
vt 0.333496 0.984932
vt 0.331787 0.990440
vt 0.329102 0.980896
vt 0.334961 0.979416
vt 0.339355 0.983459
vt 0.337646 0.988960
vt 0.537109 0.974747
vt 0.528320 0.977005
vt 0.543457 0.980911
vt 0.541504 0.989319
vt 0.532227 0.991570
vt 0.525879 0.985413
vt 0.681641 0.976517
vt 0.672852 0.978775
vt 0.688477 0.982681
vt 0.686035 0.991089
vt 0.677246 0.993343
vt 0.670410 0.987183
vt 0.255615 0.976517
vt 0.246704 0.978775
vt 0.262207 0.982681
vt 0.259766 0.991089
vt 0.250977 0.993343
vt 0.244385 0.987183
vt 0.335693 0.976517
vt 0.326904 0.978775
vt 0.342285 0.982681
vt 0.339844 0.991089
vt 0.331055 0.993343
vt 0.324463 0.987183
vt 2.083984 0.192871
vt 2.167969 0.214355
vt 2.083984 0.235840
vt 2.056641 0.247559
vt 2.056641 0.181152
vt 1.444336 0.254395
vt 1.047852 0.236328
vt 1.452148 0.236328
vt 1.055664 0.254395
vt 0.937012 -0.878906
vt 1.563477 -0.842773
vt 0.937012 -0.842773
vt 1.563477 -0.878906
vt 0.890137 -0.842773
vt 0.890137 -0.878906
vt 1.610352 -0.878906
vt 1.610352 -0.842773
vt 1.083984 0.302734
vt 1.416016 0.302734
s 1
f 27/1/1 26/2/1 25/3/1
f 30/4/2 29/2/2 28/1/2
f 33/5/3 32/2/3 31/4/3
f 36/6/3 35/2/3 34/5/3
f 39/7/3 38/2/3 37/6/3
f 42/3/3 41/2/3 40/7/3
f 69/8/3 68/9/3 67/10/3
f 72/11/3 71/9/3 70/8/3
f 75/12/3 74/9/3 73/11/3
f 78/13/3 77/9/3 76/12/3
f 81/14/3 80/9/3 79/13/3
f 84/10/3 83/9/3 82/14/3
f 111/15/3 110/16/3 109/17/3
f 114/18/1 113/16/1 112/15/1
f 117/19/3 116/16/3 115/18/3
f 120/20/3 119/16/3 118/19/3
f 123/21/3 122/16/3 121/20/3
f 126/17/3 125/16/3 124/21/3
f 153/22/3 152/23/3 151/24/3
f 156/25/3 155/23/3 154/22/3
f 159/26/3 158/23/3 157/25/3
f 162/27/3 161/23/3 160/26/3
f 165/28/3 164/23/3 163/27/3
f 168/24/3 167/23/3 166/28/3
f 195/29/2 194/30/2 193/31/2
f 198/32/3 197/30/3 196/29/3
f 201/33/3 200/30/3 199/32/3
f 204/34/3 203/30/3 202/33/3
f 207/35/2 206/30/2 205/34/2
f 210/31/1 209/30/1 208/35/1
f 241/36/3 240/37/3 239/38/3
f 244/39/3 243/37/3 242/36/3
f 247/40/3 246/37/3 245/39/3
f 250/41/3 249/37/3 248/40/3
f 277/42/3 276/43/3 275/44/3
f 280/45/3 279/43/3 278/42/3
f 283/46/3 282/43/3 281/45/3
f 286/47/3 285/43/3 284/46/3
f 289/48/3 288/43/3 287/47/3
f 292/44/3 291/43/3 290/48/3
f 319/49/3 318/50/3 317/51/3
f 322/52/3 321/50/3 320/49/3
f 325/53/3 324/50/3 323/52/3
f 328/54/3 327/50/3 326/53/3
f 331/55/3 330/50/3 329/54/3
f 334/51/3 333/50/3 332/55/3
f 361/56/4 360/57/4 359/58/4
f 364/59/5 363/57/5 362/56/5
f 367/60/5 366/57/5 365/59/5
f 370/61/5 369/57/5 368/60/5
f 373/62/5 372/57/5 371/61/5
f 376/58/4 375/57/4 374/62/4
f 403/63/4 402/64/4 401/65/4
f 406/66/5 405/64/5 404/63/5
f 409/67/4 408/64/4 407/66/4
f 412/68/6 411/64/6 410/67/6
f 415/69/4 414/64/4 413/68/4
f 418/65/4 417/64/4 416/69/4
f 445/70/6 444/71/6 443/72/6
f 448/73/6 447/71/6 446/70/6
f 451/74/5 450/71/5 449/73/5
f 454/75/4 453/71/4 452/74/4
f 457/76/5 456/71/5 455/75/5
f 460/72/7 459/71/7 458/76/7
f 487/77/5 486/78/5 485/79/5
f 490/80/6 489/78/6 488/77/6
f 493/81/6 492/78/6 491/80/6
f 496/82/5 495/78/5 494/81/5
f 499/83/8 498/78/8 497/82/8
f 502/79/5 501/78/5 500/83/5
f 529/84/4 528/85/4 527/86/4
f 532/87/9 531/85/9 530/84/9
f 535/88/4 534/85/4 533/87/4
f 538/89/5 537/85/5 536/88/5
f 541/90/5 540/85/5 539/89/5
f 544/86/4 543/85/4 542/90/4
f 571/91/10 570/92/10 569/93/10
f 574/94/8 573/92/8 572/91/8
f 577/95/4 576/92/4 575/94/4
f 580/96/5 579/92/5 578/95/5
f 583/97/6 582/92/6 581/96/6
f 586/93/5 585/92/5 584/97/5
f 613/98/5 612/99/5 611/100/5
f 616/101/5 615/99/5 614/98/5
f 619/102/10 618/99/10 617/101/10
f 622/103/4 621/99/4 620/102/4
f 625/104/4 624/99/4 623/103/4
f 628/100/5 627/99/5 626/104/5
f 655/105/6 654/106/6 653/107/6
f 658/108/4 657/106/4 656/105/4
f 661/109/4 660/106/4 659/108/4
f 664/110/5 663/106/5 662/109/5
f 667/111/5 666/106/5 665/110/5
f 670/107/6 669/106/6 668/111/6
f 3/112/11 2/4/11 1/113/11
f 2/4/11 3/112/11 4/5/11
f 7/114/12 6/5/12 5/112/12
f 6/5/12 7/114/12 8/6/12
f 11/115/13 10/6/13 9/114/13
f 10/6/13 11/115/13 12/7/13
f 15/116/14 14/7/14 13/115/14
f 14/7/14 15/116/14 16/3/14
f 19/117/15 18/3/16 17/116/15
f 18/3/16 19/117/15 20/1/15
f 23/113/17 22/1/17 21/117/17
f 22/1/17 23/113/17 24/4/17
f 45/118/18 44/11/19 43/119/18
f 44/11/19 45/118/18 46/12/19
f 49/120/20 48/12/21 47/118/21
f 48/12/21 49/120/20 50/13/20
f 53/121/22 52/13/22 51/120/22
f 52/13/22 53/121/22 54/14/22
f 57/122/23 56/14/23 55/121/23
f 56/14/23 57/122/23 58/10/23
f 61/123/24 60/10/25 59/122/26
f 60/10/25 61/123/24 62/8/27
f 65/119/28 64/8/29 63/123/28
f 64/8/29 65/119/28 66/11/29
f 87/124/11 86/18/11 85/125/11
f 86/18/11 87/124/11 88/19/11
f 91/126/12 90/19/30 89/124/12
f 90/19/30 91/126/12 92/20/30
f 95/127/31 94/20/32 93/126/31
f 94/20/32 95/127/31 96/21/32
f 99/128/33 98/21/33 97/127/33
f 98/21/33 99/128/33 100/17/33
f 103/129/34 102/17/15 101/128/34
f 102/17/15 103/129/34 104/15/34
f 107/125/35 106/15/17 105/129/35
f 106/15/17 107/125/35 108/18/35
f 129/130/36 128/25/36 127/131/36
f 128/25/36 129/130/36 130/26/36
f 133/132/37 132/26/37 131/130/38
f 132/26/37 133/132/37 134/27/39
f 137/133/40 136/27/41 135/132/42
f 136/27/41 137/133/40 138/28/40
f 141/134/43 140/28/43 139/133/43
f 140/28/43 141/134/43 142/24/43
f 145/135/44 144/24/45 143/134/46
f 144/24/45 145/135/44 146/22/44
f 149/131/47 148/22/47 147/135/48
f 148/22/47 149/131/47 150/25/49
f 171/136/11 170/32/11 169/137/11
f 170/32/11 171/136/11 172/33/50
f 175/138/12 174/33/30 173/136/51
f 174/33/30 175/138/12 176/34/12
f 179/139/32 178/34/31 177/138/52
f 178/34/31 179/139/32 180/35/31
f 183/140/33 182/35/33 181/139/33
f 182/35/33 183/140/33 184/31/33
f 187/141/15 186/31/15 185/140/16
f 186/31/15 187/141/15 188/29/15
f 191/137/17 190/29/17 189/141/17
f 190/29/17 191/137/17 192/32/17
f 213/142/53 212/38/54 211/143/54
f 212/38/54 213/142/53 214/36/54
f 217/144/55 216/36/55 215/142/56
f 216/36/55 217/144/55 218/39/57
f 221/145/58 220/39/59 219/144/60
f 220/39/59 221/145/58 222/40/61
f 225/146/62 224/40/62 223/145/62
f 224/40/62 225/146/62 226/41/63
f 229/147/64 228/41/64 227/146/64
f 228/41/64 229/147/64 230/148/64
f 233/143/65 232/148/65 231/147/66
f 232/148/65 233/143/65 234/38/67
f 237/148/3 236/37/3 235/41/3
f 236/37/3 237/148/3 238/38/3
f 253/149/68 252/45/68 251/150/68
f 252/45/68 253/149/68 254/46/68
f 257/151/69 256/46/69 255/149/70
f 256/46/69 257/151/69 258/47/70
f 261/152/71 260/47/71 259/151/71
f 260/47/71 261/152/71 262/48/71
f 265/153/72 264/48/72 263/152/72
f 264/48/72 265/153/72 266/44/72
f 269/154/73 268/44/73 267/153/74
f 268/44/73 269/154/73 270/42/73
f 273/150/75 272/42/75 271/154/76
f 272/42/75 273/150/75 274/45/75
f 295/155/36 294/52/36 293/156/36
f 294/52/36 295/155/36 296/53/36
f 299/157/39 298/53/38 297/155/37
f 298/53/38 299/157/39 300/54/37
f 303/158/42 302/54/42 301/157/77
f 302/54/42 303/158/42 304/55/77
f 307/159/43 306/55/43 305/158/43
f 306/55/43 307/159/43 308/51/43
f 311/160/78 310/51/78 309/159/78
f 310/51/78 311/160/78 312/49/46
f 315/156/47 314/49/47 313/160/47
f 314/49/47 315/156/47 316/52/49
f 337/161/79 336/59/80 335/162/79
f 336/59/80 337/161/79 338/60/80
f 341/163/81 340/60/82 339/161/81
f 340/60/82 341/163/81 342/61/81
f 345/164/83 344/61/84 343/163/84
f 344/61/84 345/164/83 346/62/85
f 349/165/86 348/62/87 347/164/86
f 348/62/87 349/165/86 350/58/86
f 353/166/88 352/58/89 351/165/89
f 352/58/89 353/166/88 354/56/90
f 357/162/91 356/56/91 355/166/92
f 356/56/91 357/162/91 358/59/93
f 379/167/94 378/66/95 377/168/94
f 378/66/95 379/167/94 380/67/96
f 383/169/97 382/67/97 381/167/97
f 382/67/97 383/169/97 384/68/97
f 387/170/98 386/68/99 385/169/98
f 386/68/99 387/170/98 388/69/98
f 391/171/100 390/69/100 389/170/101
f 390/69/100 391/171/100 392/65/101
f 395/172/102 394/65/103 393/171/104
f 394/65/103 395/172/102 396/63/103
f 399/168/105 398/63/106 397/172/106
f 398/63/106 399/168/105 400/66/106
f 421/173/94 420/73/107 419/174/95
f 420/73/107 421/173/94 422/74/95
f 425/175/108 424/74/109 423/173/109
f 424/74/109 425/175/108 426/75/108
f 429/176/99 428/75/98 427/175/110
f 428/75/98 429/176/99 430/76/98
f 433/177/100 432/76/111 431/176/112
f 432/76/111 433/177/100 434/72/100
f 437/178/103 436/72/102 435/177/103
f 436/72/102 437/178/103 438/70/103
f 441/174/106 440/70/105 439/178/105
f 440/70/105 441/174/106 442/73/106
f 463/179/113 462/80/113 461/180/113
f 462/80/113 463/179/113 464/81/113
f 467/181/114 466/81/114 465/179/114
f 466/81/114 467/181/114 468/82/114
f 471/182/115 470/82/116 469/181/115
f 470/82/116 471/182/115 472/83/115
f 475/183/117 474/83/117 473/182/118
f 474/83/117 475/183/117 476/79/117
f 479/184/119 478/79/120 477/183/120
f 478/79/120 479/184/119 480/77/121
f 483/180/122 482/77/123 481/184/122
f 482/77/123 483/180/122 484/80/122
f 505/185/94 504/87/95 503/186/95
f 504/87/95 505/185/94 506/88/95
f 509/187/97 508/88/97 507/185/97
f 508/88/97 509/187/97 510/89/124
f 513/188/125 512/89/125 511/187/125
f 512/89/125 513/188/125 514/90/125
f 517/189/100 516/90/112 515/188/100
f 516/90/112 517/189/100 518/86/100
f 521/190/102 520/86/103 519/189/103
f 520/86/103 521/190/102 522/84/103
f 525/186/105 524/84/106 523/190/105
f 524/84/106 525/186/105 526/87/105
f 547/191/79 546/94/79 545/192/79
f 546/94/79 547/191/79 548/95/80
f 551/193/82 550/95/82 549/191/126
f 550/95/82 551/193/82 552/96/126
f 555/194/83 554/96/84 553/193/127
f 554/96/84 555/194/83 556/97/85
f 559/195/87 558/97/87 557/194/86
f 558/97/87 559/195/87 560/93/86
f 563/196/88 562/93/88 561/195/89
f 562/93/88 563/196/88 564/91/89
f 567/192/91 566/91/92 565/196/92
f 566/91/92 567/192/91 568/94/93
f 589/197/113 588/101/113 587/198/113
f 588/101/113 589/197/113 590/102/113
f 593/199/114 592/102/114 591/197/114
f 592/102/114 593/199/114 594/103/114
f 597/200/115 596/103/115 595/199/115
f 596/103/115 597/200/115 598/104/115
f 601/201/117 600/104/117 599/200/117
f 600/104/117 601/201/117 602/100/117
f 605/202/120 604/100/119 603/201/120
f 604/100/119 605/202/120 606/98/128
f 609/198/122 608/98/122 607/202/122
f 608/98/122 609/198/122 610/101/122
f 631/203/94 630/108/129 629/204/94
f 630/108/129 631/203/94 632/109/94
f 635/205/108 634/109/109 633/203/108
f 634/109/109 635/205/108 636/110/109
f 639/206/98 638/110/98 637/205/98
f 638/110/98 639/206/98 640/111/98
f 643/207/101 642/111/100 641/206/100
f 642/111/100 643/207/101 644/107/101
f 647/208/130 646/107/131 645/207/130
f 646/107/131 647/208/130 648/105/130
f 651/204/106 650/105/105 649/208/106
f 650/105/105 651/204/106 652/108/106
f 1583/1/132 1582/2/132 1581/3/132
f 1586/4/133 1585/2/133 1584/1/133
f 1589/5/132 1588/2/132 1587/4/132
f 1592/6/134 1591/2/134 1590/5/134
f 1595/7/132 1594/2/132 1593/6/132
f 1598/3/133 1597/2/133 1596/7/133
f 1625/8/133 1624/9/133 1623/10/133
f 1628/11/135 1627/9/135 1626/8/135
f 1631/12/133 1630/9/133 1629/11/133
f 1634/13/133 1633/9/133 1632/12/133
f 1637/14/134 1636/9/134 1635/13/134
f 1640/10/132 1639/9/132 1638/14/132
f 1667/15/132 1666/16/132 1665/17/132
f 1670/18/133 1669/16/133 1668/15/133
f 1673/19/134 1672/16/134 1671/18/134
f 1676/20/133 1675/16/133 1674/19/133
f 1679/21/132 1678/16/132 1677/20/132
f 1682/17/132 1681/16/132 1680/21/132
f 1709/22/135 1708/23/135 1707/24/135
f 1712/25/134 1711/23/134 1710/22/134
f 1715/26/134 1714/23/134 1713/25/134
f 1718/27/134 1717/23/134 1716/26/134
f 1721/28/132 1720/23/132 1719/27/132
f 1724/24/132 1723/23/132 1722/28/132
f 1751/56/68 1750/57/68 1749/58/68
f 1754/59/68 1753/57/68 1752/56/68
f 1757/60/68 1756/57/68 1755/59/68
f 1760/61/68 1759/57/68 1758/60/68
f 1763/62/68 1762/57/68 1761/61/68
f 1766/58/68 1765/57/68 1764/62/68
f 1796/66/68 1795/64/68 1794/63/68
f 1799/67/68 1798/64/68 1797/66/68
f 1802/68/68 1801/64/68 1800/67/68
f 1805/69/68 1804/64/68 1803/68/68
f 1833/70/68 1832/71/68 1831/72/68
f 1836/73/68 1835/71/68 1834/70/68
f 1839/74/68 1838/71/68 1837/73/68
f 1842/75/68 1841/71/68 1840/74/68
f 1845/76/68 1844/71/68 1843/75/68
f 1848/72/68 1847/71/68 1846/76/68
f 1875/77/68 1874/78/68 1873/79/68
f 1878/80/68 1877/78/68 1876/77/68
f 1881/81/68 1880/78/68 1879/80/68
f 1884/82/68 1883/78/68 1882/81/68
f 1887/83/68 1886/78/68 1885/82/68
f 1890/79/68 1889/78/68 1888/83/68
f 1917/84/68 1916/85/68 1915/86/68
f 1920/87/68 1919/85/68 1918/84/68
f 1923/88/68 1922/85/68 1921/87/68
f 1926/89/68 1925/85/68 1924/88/68
f 1929/90/68 1928/85/68 1927/89/68
f 1932/86/68 1931/85/68 1930/90/68
f 1959/91/68 1958/92/68 1957/93/68
f 1962/94/68 1961/92/68 1960/91/68
f 1965/95/68 1964/92/68 1963/94/68
f 1968/96/68 1967/92/68 1966/95/68
f 1971/97/68 1970/92/68 1969/96/68
f 1974/93/68 1973/92/68 1972/97/68
f 2001/98/68 2000/99/68 1999/100/68
f 2004/101/68 2003/99/68 2002/98/68
f 2007/102/68 2006/99/68 2005/101/68
f 2010/103/68 2009/99/68 2008/102/68
f 2013/104/68 2012/99/68 2011/103/68
f 2016/100/68 2015/99/68 2014/104/68
f 2043/105/68 2042/106/68 2041/107/68
f 2046/108/68 2045/106/68 2044/105/68
f 2049/109/68 2048/106/68 2047/108/68
f 2052/110/68 2051/106/68 2050/109/68
f 2055/111/68 2054/106/68 2053/110/68
f 2058/107/68 2057/106/68 2056/111/68
f 2085/209/136 2084/210/136 2083/211/136
f 2088/212/136 2087/210/136 2086/209/136
f 2091/213/136 2090/210/136 2089/212/136
f 2094/214/136 2093/210/136 2092/213/136
f 2097/215/136 2096/210/136 2095/214/136
f 2100/211/136 2099/210/136 2098/215/136
f 2127/216/137 2126/217/137 2125/218/137
f 2130/219/137 2129/217/137 2128/216/137
f 2133/220/137 2132/217/137 2131/219/137
f 2136/221/136 2135/217/136 2134/220/136
f 2139/222/136 2138/217/136 2137/221/136
f 2142/218/137 2141/217/137 2140/222/137
f 2169/56/68 2168/57/68 2167/58/68
f 2172/59/68 2171/57/68 2170/56/68
f 2175/60/68 2174/57/68 2173/59/68
f 2178/61/68 2177/57/68 2176/60/68
f 2181/62/68 2180/57/68 2179/61/68
f 2184/58/68 2183/57/68 2182/62/68
f 2211/63/68 2210/64/68 2209/65/68
f 2214/66/68 2213/64/68 2212/63/68
f 2217/67/68 2216/64/68 2215/66/68
f 2220/68/68 2219/64/68 2218/67/68
f 2223/69/68 2222/64/68 2221/68/68
f 2226/65/68 2225/64/68 2224/69/68
f 2253/70/68 2252/71/68 2251/72/68
f 2256/73/68 2255/71/68 2254/70/68
f 2259/74/68 2258/71/68 2257/73/68
f 2262/75/68 2261/71/68 2260/74/68
f 2265/76/68 2264/71/68 2263/75/68
f 2268/72/68 2267/71/68 2266/76/68
f 2295/77/68 2294/78/68 2293/79/68
f 2298/80/68 2297/78/68 2296/77/68
f 2301/81/68 2300/78/68 2299/80/68
f 2304/82/68 2303/78/68 2302/81/68
f 2307/83/68 2306/78/68 2305/82/68
f 2310/79/68 2309/78/68 2308/83/68
f 673/223/138 672/224/139 671/225/140
f 672/224/139 673/223/138 674/226/140
f 677/225/141 676/227/142 675/228/143
f 676/227/142 677/225/141 678/224/144
f 681/229/145 680/226/146 679/223/147
f 680/226/146 681/229/145 682/230/145
f 685/226/148 684/231/148 683/224/149
f 684/231/148 685/226/148 686/232/148
f 689/228/150 688/233/150 687/234/151
f 688/233/150 689/228/150 690/227/151
f 693/231/135 692/227/132 691/224/132
f 692/227/132 693/231/135 694/235/132
f 697/236/152 696/237/152 695/238/152
f 696/237/152 697/236/152 698/239/153
f 701/240/154 700/226/155 699/230/154
f 700/226/155 701/240/154 702/232/154
f 705/234/156 704/241/157 703/242/158
f 704/241/157 705/234/156 706/233/158
f 709/227/159 708/243/159 707/233/159
f 708/243/159 709/227/159 710/235/160
f 713/244/161 712/239/162 711/236/163
f 712/239/162 713/244/161 714/245/162
f 717/239/164 716/246/165 715/237/164
f 716/246/165 717/239/164 718/247/166
f 721/241/167 720/248/168 719/245/169
f 720/248/168 721/241/167 722/249/168
f 725/243/170 724/241/171 723/233/170
f 724/241/171 725/243/170 726/249/171
f 729/248/172 728/239/173 727/245/172
f 728/239/173 729/248/172 730/247/174
f 733/242/175 732/245/176 731/244/176
f 732/245/176 733/242/175 734/241/176
f 737/250/177 736/232/177 735/240/177
f 736/232/177 737/250/177 738/251/178
f 741/232/179 740/252/179 739/231/179
f 740/252/179 741/232/179 742/251/179
f 745/231/180 744/253/181 743/235/182
f 744/253/181 745/231/180 746/252/183
f 749/235/184 748/254/184 747/243/184
f 748/254/184 749/235/184 750/253/184
f 753/243/185 752/255/185 751/249/186
f 752/255/185 753/243/185 754/254/185
f 757/249/187 756/256/187 755/248/187
f 756/256/187 757/249/187 758/255/187
f 761/248/188 760/257/189 759/247/190
f 760/257/189 761/248/188 762/256/189
f 765/247/191 764/258/191 763/246/191
f 764/258/191 765/247/191 766/257/191
f 781/259/192 784/260/193 783/261/194
f 782/262/195 784/260/193 781/259/192
f 784/260/193 782/262/195 795/263/196
f 794/264/197 795/263/196 782/262/195
f 795/263/196 794/264/197 805/265/198
f 804/266/199 805/265/198 794/264/197
f 805/265/198 804/266/199 815/267/200
f 814/268/201 815/267/200 804/266/199
f 815/267/200 814/268/201 825/269/202
f 824/270/203 825/269/202 814/268/201
f 825/269/202 824/270/203 835/271/204
f 834/272/205 835/271/204 824/270/203
f 835/271/204 834/272/205 845/273/206
f 844/274/207 845/273/206 834/272/205
f 845/273/206 844/274/207 855/275/208
f 854/276/209 855/275/208 844/274/207
f 855/275/208 854/276/209 865/277/210
f 864/278/211 865/277/210 854/276/209
f 865/277/210 864/278/211 875/279/212
f 874/280/213 875/279/212 864/278/211
f 875/279/212 874/280/213 885/281/214
f 884/282/215 885/281/214 874/280/213
f 885/281/214 884/282/215 895/283/216
f 895/283/216 884/282/215 894/284/217
f 883/285/218 894/284/217 884/282/215
f 894/284/217 883/285/218 893/286/219
f 882/287/220 893/286/219 883/285/218
f 893/286/219 882/287/220 892/288/221
f 881/289/222 892/288/221 882/287/220
f 892/288/221 881/289/222 891/290/223
f 880/291/224 891/290/223 881/289/222
f 891/290/223 880/291/224 890/292/225
f 879/293/226 890/292/225 880/291/224
f 890/292/225 879/293/226 889/294/227
f 877/295/228 889/294/227 879/293/226
f 889/294/227 877/295/228 887/296/229
f 878/297/230 887/296/229 877/295/228
f 887/296/229 878/297/230 888/298/231
f 886/299/232 888/298/231 878/297/230
f 888/298/231 886/299/232 896/300/233
f 896/300/233 886/299/232 909/301/132
f 909/301/132 886/299/232 908/302/234
f 876/303/235 908/302/234 886/299/232
f 908/302/234 876/303/235 907/304/236
f 866/305/237 907/304/236 876/303/235
f 907/304/236 866/305/237 906/306/155
f 856/307/238 906/306/155 866/305/237
f 906/306/155 856/307/238 905/308/239
f 846/309/240 905/308/239 856/307/238
f 905/308/239 846/309/240 904/310/241
f 836/311/242 904/310/241 846/309/240
f 904/310/241 836/311/242 903/312/173
f 826/313/243 903/312/173 836/311/242
f 903/312/173 826/313/243 902/314/244
f 816/315/245 902/314/244 826/313/243
f 902/314/244 816/315/245 901/316/246
f 806/317/247 901/316/246 816/315/245
f 901/316/246 806/317/247 900/318/248
f 796/319/249 900/318/248 806/317/247
f 900/318/248 796/319/249 899/320/250
f 786/321/251 899/320/250 796/319/249
f 899/320/250 786/321/251 897/322/252
f 785/323/253 897/322/252 786/321/251
f 897/322/252 785/323/253 898/324/254
f 770/325/255 785/323/253 786/321/251
f 785/323/253 770/325/255 769/326/256
f 768/327/257 769/326/256 770/325/255
f 769/326/256 768/327/257 767/328/258
f 772/329/259 767/328/258 768/327/257
f 767/328/258 772/329/259 771/330/260
f 774/331/261 771/330/260 772/329/259
f 771/330/260 774/331/261 773/332/262
f 776/333/263 773/332/262 774/331/261
f 773/332/262 776/333/263 775/334/264
f 778/335/265 775/334/264 776/333/263
f 775/334/264 778/335/265 777/336/266
f 780/337/267 777/336/266 778/335/265
f 777/336/266 780/337/267 779/338/268
f 782/262/195 779/338/268 780/337/267
f 779/338/268 782/262/195 781/259/192
f 780/337/267 794/264/197 782/262/195
f 793/339/269 794/264/197 780/337/267
f 794/264/197 793/339/269 804/266/199
f 803/340/270 804/266/199 793/339/269
f 804/266/199 803/340/270 814/268/201
f 813/341/271 814/268/201 803/340/270
f 814/268/201 813/341/271 824/270/203
f 823/342/272 824/270/203 813/341/271
f 824/270/203 823/342/272 834/272/205
f 833/343/273 834/272/205 823/342/272
f 834/272/205 833/343/273 844/274/207
f 843/344/274 844/274/207 833/343/273
f 844/274/207 843/344/274 854/276/209
f 853/345/275 854/276/209 843/344/274
f 854/276/209 853/345/275 864/278/211
f 863/346/276 864/278/211 853/345/275
f 864/278/211 863/346/276 874/280/213
f 873/347/277 874/280/213 863/346/276
f 874/280/213 873/347/277 884/282/215
f 884/282/215 873/347/277 883/285/218
f 872/348/278 883/285/218 873/347/277
f 883/285/218 872/348/278 882/287/220
f 871/349/279 882/287/220 872/348/278
f 882/287/220 871/349/279 881/289/222
f 870/350/280 881/289/222 871/349/279
f 881/289/222 870/350/280 880/291/224
f 869/351/281 880/291/224 870/350/280
f 880/291/224 869/351/281 879/293/226
f 867/352/282 879/293/226 869/351/281
f 879/293/226 867/352/282 877/295/228
f 868/353/283 877/295/228 867/352/282
f 877/295/228 868/353/283 878/297/230
f 876/303/235 878/297/230 868/353/283
f 878/297/230 876/303/235 886/299/232
f 868/353/283 866/305/237 876/303/235
f 858/354/284 866/305/237 868/353/283
f 866/305/237 858/354/284 856/307/238
f 848/355/285 856/307/238 858/354/284
f 856/307/238 848/355/285 846/309/240
f 838/356/286 846/309/240 848/355/285
f 846/309/240 838/356/286 836/311/242
f 828/357/287 836/311/242 838/356/286
f 836/311/242 828/357/287 826/313/243
f 818/358/288 826/313/243 828/357/287
f 826/313/243 818/358/288 816/315/245
f 808/359/289 816/315/245 818/358/288
f 816/315/245 808/359/289 806/317/247
f 798/360/290 806/317/247 808/359/289
f 806/317/247 798/360/290 796/319/249
f 788/361/291 796/319/249 798/360/290
f 796/319/249 788/361/291 786/321/251
f 786/321/251 788/361/291 770/325/255
f 787/362/292 770/325/255 788/361/291
f 770/325/255 787/362/292 768/327/257
f 789/363/293 768/327/257 787/362/292
f 768/327/257 789/363/293 772/329/259
f 790/364/294 772/329/259 789/363/293
f 772/329/259 790/364/294 774/331/261
f 791/365/295 774/331/261 790/364/294
f 774/331/261 791/365/295 776/333/263
f 792/366/296 776/333/263 791/365/295
f 776/333/263 792/366/296 778/335/265
f 793/339/269 778/335/265 792/366/296
f 778/335/265 793/339/269 780/337/267
f 792/366/296 803/340/270 793/339/269
f 802/367/297 803/340/270 792/366/296
f 803/340/270 802/367/297 813/341/271
f 812/368/298 813/341/271 802/367/297
f 813/341/271 812/368/298 823/342/272
f 822/369/299 823/342/272 812/368/298
f 823/342/272 822/369/299 833/343/273
f 832/370/300 833/343/273 822/369/299
f 833/343/273 832/370/300 843/344/274
f 842/371/301 843/344/274 832/370/300
f 843/344/274 842/371/301 853/345/275
f 852/372/302 853/345/275 842/371/301
f 853/345/275 852/372/302 863/346/276
f 862/373/303 863/346/276 852/372/302
f 863/346/276 862/373/303 873/347/277
f 873/347/277 862/373/303 872/348/278
f 861/374/304 872/348/278 862/373/303
f 872/348/278 861/374/304 871/349/279
f 860/375/305 871/349/279 861/374/304
f 871/349/279 860/375/305 870/350/280
f 859/376/306 870/350/280 860/375/305
f 870/350/280 859/376/306 869/351/281
f 857/377/307 869/351/281 859/376/306
f 869/351/281 857/377/307 867/352/282
f 858/354/284 867/352/282 857/377/307
f 867/352/282 858/354/284 868/353/283
f 857/377/307 848/355/285 858/354/284
f 847/378/308 848/355/285 857/377/307
f 848/355/285 847/378/308 838/356/286
f 837/379/309 838/356/286 847/378/308
f 838/356/286 837/379/309 828/357/287
f 827/380/310 828/357/287 837/379/309
f 828/357/287 827/380/310 818/358/288
f 817/381/311 818/358/288 827/380/310
f 818/358/288 817/381/311 808/359/289
f 807/382/312 808/359/289 817/381/311
f 808/359/289 807/382/312 798/360/290
f 797/383/313 798/360/290 807/382/312
f 798/360/290 797/383/313 788/361/291
f 788/361/291 797/383/313 787/362/292
f 799/384/314 787/362/292 797/383/313
f 787/362/292 799/384/314 789/363/293
f 800/385/315 789/363/293 799/384/314
f 789/363/293 800/385/315 790/364/294
f 801/386/316 790/364/294 800/385/315
f 790/364/294 801/386/316 791/365/295
f 802/367/297 791/365/295 801/386/316
f 791/365/295 802/367/297 792/366/296
f 801/386/316 812/368/298 802/367/297
f 811/387/317 812/368/298 801/386/316
f 812/368/298 811/387/317 822/369/299
f 821/388/318 822/369/299 811/387/317
f 822/369/299 821/388/318 832/370/300
f 831/389/319 832/370/300 821/388/318
f 832/370/300 831/389/319 842/371/301
f 841/390/320 842/371/301 831/389/319
f 842/371/301 841/390/320 852/372/302
f 851/391/321 852/372/302 841/390/320
f 852/372/302 851/391/321 862/373/303
f 862/373/303 851/391/321 861/374/304
f 850/392/322 861/374/304 851/391/321
f 861/374/304 850/392/322 860/375/305
f 849/393/323 860/375/305 850/392/322
f 860/375/305 849/393/323 859/376/306
f 847/378/308 859/376/306 849/393/323
f 859/376/306 847/378/308 857/377/307
f 849/393/323 837/379/309 847/378/308
f 839/394/324 837/379/309 849/393/323
f 837/379/309 839/394/324 827/380/310
f 829/395/325 827/380/310 839/394/324
f 827/380/310 829/395/325 817/381/311
f 819/396/326 817/381/311 829/395/325
f 817/381/311 819/396/326 807/382/312
f 809/397/327 807/382/312 819/396/326
f 807/382/312 809/397/327 797/383/313
f 797/383/313 809/397/327 799/384/314
f 810/398/328 799/384/314 809/397/327
f 799/384/314 810/398/328 800/385/315
f 811/387/317 800/385/315 810/398/328
f 800/385/315 811/387/317 801/386/316
f 810/398/328 821/388/318 811/387/317
f 820/399/329 821/388/318 810/398/328
f 821/388/318 820/399/329 831/389/319
f 830/400/330 831/389/319 820/399/329
f 831/389/319 830/400/330 841/390/320
f 840/401/331 841/390/320 830/400/330
f 841/390/320 840/401/331 851/391/321
f 851/391/321 840/401/331 850/392/322
f 839/394/324 850/392/322 840/401/331
f 850/392/322 839/394/324 849/393/323
f 840/401/331 829/395/325 839/394/324
f 830/400/330 829/395/325 840/401/331
f 829/395/325 830/400/330 819/396/326
f 820/399/329 819/396/326 830/400/330
f 819/396/326 820/399/329 809/397/327
f 810/398/328 809/397/327 820/399/329
f 1088/402/241 976/403/332 1089/404/333
f 977/405/334 976/403/332 1088/402/241
f 961/406/335 976/403/332 977/405/334
f 976/403/332 961/406/335 960/407/336
f 959/408/337 960/407/336 961/406/335
f 960/407/336 959/408/337 958/409/338
f 963/410/339 958/409/338 959/408/337
f 958/409/338 963/410/339 962/411/340
f 965/412/341 962/411/340 963/410/339
f 962/411/340 965/412/341 964/413/342
f 967/414/343 964/413/342 965/412/341
f 964/413/342 967/414/343 966/415/344
f 969/416/345 966/415/344 967/414/343
f 966/415/344 969/416/345 968/417/346
f 971/418/347 968/417/346 969/416/345
f 968/417/346 971/418/347 970/419/348
f 973/420/349 970/419/348 971/418/347
f 970/419/348 973/420/349 972/421/350
f 975/422/351 972/421/350 973/420/349
f 972/421/350 975/422/351 974/423/352
f 974/423/352 975/422/351 1101/283/352
f 1101/283/352 975/422/351 1102/281/353
f 986/424/354 1102/281/353 975/422/351
f 1102/281/353 986/424/354 1103/279/355
f 996/425/155 1103/279/355 986/424/354
f 1103/279/355 996/425/155 1104/277/154
f 1006/426/356 1104/277/154 996/425/155
f 1104/277/154 1006/426/356 1105/275/357
f 1016/427/358 1105/275/357 1006/426/356
f 1105/275/357 1016/427/358 1106/273/359
f 1026/428/360 1106/273/359 1016/427/358
f 1106/273/359 1026/428/360 1107/271/68
f 1036/429/361 1107/271/68 1026/428/360
f 1107/271/68 1036/429/361 1108/269/362
f 1046/430/363 1108/269/362 1036/429/361
f 1108/269/362 1046/430/363 1109/267/364
f 1056/431/170 1109/267/364 1046/430/363
f 1109/267/364 1056/431/170 1110/265/171
f 1066/432/365 1110/265/171 1056/431/170
f 1110/265/171 1066/432/365 1111/263/366
f 1076/433/367 1111/263/366 1066/432/365
f 1111/263/366 1076/433/367 1112/260/368
f 1086/434/72 1112/260/368 1076/433/367
f 1112/260/368 1086/434/72 1113/261/369
f 1075/435/370 1086/434/72 1076/433/367
f 1086/434/72 1075/435/370 1085/436/371
f 1074/437/372 1085/436/371 1075/435/370
f 1085/436/371 1074/437/372 1084/438/373
f 1073/439/374 1084/438/373 1074/437/372
f 1084/438/373 1073/439/374 1083/440/375
f 1072/441/376 1083/440/375 1073/439/374
f 1083/440/375 1072/441/376 1082/442/377
f 1071/443/378 1082/442/377 1072/441/376
f 1082/442/377 1071/443/378 1081/444/379
f 1070/445/380 1081/444/379 1071/443/378
f 1081/444/379 1070/445/380 1080/446/340
f 1068/447/381 1080/446/340 1070/445/380
f 1080/446/340 1068/447/381 1078/448/382
f 1069/449/383 1078/448/382 1068/447/381
f 1078/448/382 1069/449/383 1079/450/384
f 1077/451/385 1079/450/384 1069/449/383
f 1079/450/384 1077/451/385 1087/452/386
f 1087/452/386 1077/451/385 1100/453/174
f 1100/453/174 1077/451/385 1099/454/244
f 1067/455/387 1099/454/244 1077/451/385
f 1099/454/244 1067/455/387 1098/456/388
f 1057/457/389 1098/456/388 1067/455/387
f 1098/456/388 1057/457/389 1097/458/171
f 1047/459/390 1097/458/171 1057/457/389
f 1097/458/171 1047/459/390 1096/460/250
f 1037/461/391 1096/460/250 1047/459/390
f 1096/460/250 1037/461/391 1095/462/252
f 1027/463/392 1095/462/252 1037/461/391
f 1095/462/252 1027/463/392 1094/464/133
f 1017/465/393 1094/464/133 1027/463/392
f 1094/464/133 1017/465/393 1093/466/234
f 1007/467/394 1093/466/234 1017/465/393
f 1093/466/234 1007/467/394 1092/468/395
f 997/469/396 1092/468/395 1007/467/394
f 1092/468/395 997/469/396 1091/470/155
f 987/471/397 1091/470/155 997/469/396
f 1091/470/155 987/471/397 1090/472/398
f 977/405/334 1090/472/398 987/471/397
f 1090/472/398 977/405/334 1088/402/241
f 979/473/399 977/405/334 987/471/397
f 977/405/334 979/473/399 961/406/335
f 978/474/400 961/406/335 979/473/399
f 961/406/335 978/474/400 959/408/337
f 980/475/401 959/408/337 978/474/400
f 959/408/337 980/475/401 963/410/339
f 981/476/402 963/410/339 980/475/401
f 963/410/339 981/476/402 965/412/341
f 982/477/403 965/412/341 981/476/402
f 965/412/341 982/477/403 967/414/343
f 983/478/404 967/414/343 982/477/403
f 967/414/343 983/478/404 969/416/345
f 984/479/405 969/416/345 983/478/404
f 969/416/345 984/479/405 971/418/347
f 985/480/406 971/418/347 984/479/405
f 971/418/347 985/480/406 973/420/349
f 986/424/354 973/420/349 985/480/406
f 973/420/349 986/424/354 975/422/351
f 985/480/406 996/425/155 986/424/354
f 995/481/407 996/425/155 985/480/406
f 996/425/155 995/481/407 1006/426/356
f 1005/482/408 1006/426/356 995/481/407
f 1006/426/356 1005/482/408 1016/427/358
f 1015/483/409 1016/427/358 1005/482/408
f 1016/427/358 1015/483/409 1026/428/360
f 1025/484/410 1026/428/360 1015/483/409
f 1026/428/360 1025/484/410 1036/429/361
f 1035/485/411 1036/429/361 1025/484/410
f 1036/429/361 1035/485/411 1046/430/363
f 1045/486/412 1046/430/363 1035/485/411
f 1046/430/363 1045/486/412 1056/431/170
f 1055/487/413 1056/431/170 1045/486/412
f 1056/431/170 1055/487/413 1066/432/365
f 1065/488/414 1066/432/365 1055/487/413
f 1066/432/365 1065/488/414 1076/433/367
f 1076/433/367 1065/488/414 1075/435/370
f 1064/489/415 1075/435/370 1065/488/414
f 1075/435/370 1064/489/415 1074/437/372
f 1063/490/416 1074/437/372 1064/489/415
f 1074/437/372 1063/490/416 1073/439/374
f 1062/491/417 1073/439/374 1063/490/416
f 1073/439/374 1062/491/417 1072/441/376
f 1061/492/418 1072/441/376 1062/491/417
f 1072/441/376 1061/492/418 1071/443/378
f 1060/493/419 1071/443/378 1061/492/418
f 1071/443/378 1060/493/419 1070/445/380
f 1058/494/420 1070/445/380 1060/493/419
f 1070/445/380 1058/494/420 1068/447/381
f 1059/495/421 1068/447/381 1058/494/420
f 1068/447/381 1059/495/421 1069/449/383
f 1067/455/387 1069/449/383 1059/495/421
f 1069/449/383 1067/455/387 1077/451/385
f 1059/495/421 1057/457/389 1067/455/387
f 1049/496/422 1057/457/389 1059/495/421
f 1057/457/389 1049/496/422 1047/459/390
f 1039/497/423 1047/459/390 1049/496/422
f 1047/459/390 1039/497/423 1037/461/391
f 1029/498/424 1037/461/391 1039/497/423
f 1037/461/391 1029/498/424 1027/463/392
f 1019/499/425 1027/463/392 1029/498/424
f 1027/463/392 1019/499/425 1017/465/393
f 1009/500/426 1017/465/393 1019/499/425
f 1017/465/393 1009/500/426 1007/467/394
f 999/501/427 1007/467/394 1009/500/426
f 1007/467/394 999/501/427 997/469/396
f 989/502/428 997/469/396 999/501/427
f 997/469/396 989/502/428 987/471/397
f 987/471/397 989/502/428 979/473/399
f 988/503/429 979/473/399 989/502/428
f 979/473/399 988/503/429 978/474/400
f 990/504/430 978/474/400 988/503/429
f 978/474/400 990/504/430 980/475/401
f 991/505/431 980/475/401 990/504/430
f 980/475/401 991/505/431 981/476/402
f 992/506/432 981/476/402 991/505/431
f 981/476/402 992/506/432 982/477/403
f 993/507/433 982/477/403 992/506/432
f 982/477/403 993/507/433 983/478/404
f 994/508/434 983/478/404 993/507/433
f 983/478/404 994/508/434 984/479/405
f 995/481/407 984/479/405 994/508/434
f 984/479/405 995/481/407 985/480/406
f 994/508/434 1005/482/408 995/481/407
f 1004/509/435 1005/482/408 994/508/434
f 1005/482/408 1004/509/435 1015/483/409
f 1014/510/436 1015/483/409 1004/509/435
f 1015/483/409 1014/510/436 1025/484/410
f 1024/511/437 1025/484/410 1014/510/436
f 1025/484/410 1024/511/437 1035/485/411
f 1034/512/438 1035/485/411 1024/511/437
f 1035/485/411 1034/512/438 1045/486/412
f 1044/513/439 1045/486/412 1034/512/438
f 1045/486/412 1044/513/439 1055/487/413
f 1054/514/440 1055/487/413 1044/513/439
f 1055/487/413 1054/514/440 1065/488/414
f 1065/488/414 1054/514/440 1064/489/415
f 1053/515/441 1064/489/415 1054/514/440
f 1064/489/415 1053/515/441 1063/490/416
f 1052/516/442 1063/490/416 1053/515/441
f 1063/490/416 1052/516/442 1062/491/417
f 1051/517/443 1062/491/417 1052/516/442
f 1062/491/417 1051/517/443 1061/492/418
f 1050/518/444 1061/492/418 1051/517/443
f 1061/492/418 1050/518/444 1060/493/419
f 1048/519/445 1060/493/419 1050/518/444
f 1060/493/419 1048/519/445 1058/494/420
f 1049/496/422 1058/494/420 1048/519/445
f 1058/494/420 1049/496/422 1059/495/421
f 1048/519/445 1039/497/423 1049/496/422
f 1038/520/446 1039/497/423 1048/519/445
f 1039/497/423 1038/520/446 1029/498/424
f 1028/521/447 1029/498/424 1038/520/446
f 1029/498/424 1028/521/447 1019/499/425
f 1018/522/448 1019/499/425 1028/521/447
f 1019/499/425 1018/522/448 1009/500/426
f 1008/523/449 1009/500/426 1018/522/448
f 1009/500/426 1008/523/449 999/501/427
f 998/524/450 999/501/427 1008/523/449
f 999/501/427 998/524/450 989/502/428
f 989/502/428 998/524/450 988/503/429
f 1000/525/451 988/503/429 998/524/450
f 988/503/429 1000/525/451 990/504/430
f 1001/526/452 990/504/430 1000/525/451
f 990/504/430 1001/526/452 991/505/431
f 1002/527/453 991/505/431 1001/526/452
f 991/505/431 1002/527/453 992/506/432
f 1003/528/454 992/506/432 1002/527/453
f 992/506/432 1003/528/454 993/507/433
f 1004/509/435 993/507/433 1003/528/454
f 993/507/433 1004/509/435 994/508/434
f 1003/528/454 1014/510/436 1004/509/435
f 1013/529/455 1014/510/436 1003/528/454
f 1014/510/436 1013/529/455 1024/511/437
f 1023/530/456 1024/511/437 1013/529/455
f 1024/511/437 1023/530/456 1034/512/438
f 1033/531/457 1034/512/438 1023/530/456
f 1034/512/438 1033/531/457 1044/513/439
f 1043/532/458 1044/513/439 1033/531/457
f 1044/513/439 1043/532/458 1054/514/440
f 1054/514/440 1043/532/458 1053/515/441
f 1042/533/459 1053/515/441 1043/532/458
f 1053/515/441 1042/533/459 1052/516/442
f 1041/534/460 1052/516/442 1042/533/459
f 1052/516/442 1041/534/460 1051/517/443
f 1040/535/461 1051/517/443 1041/534/460
f 1051/517/443 1040/535/461 1050/518/444
f 1038/520/446 1050/518/444 1040/535/461
f 1050/518/444 1038/520/446 1048/519/445
f 1040/535/461 1028/521/447 1038/520/446
f 1030/536/462 1028/521/447 1040/535/461
f 1028/521/447 1030/536/462 1018/522/448
f 1020/537/463 1018/522/448 1030/536/462
f 1018/522/448 1020/537/463 1008/523/449
f 1010/538/464 1008/523/449 1020/537/463
f 1008/523/449 1010/538/464 998/524/450
f 998/524/450 1010/538/464 1000/525/451
f 1011/539/465 1000/525/451 1010/538/464
f 1000/525/451 1011/539/465 1001/526/452
f 1012/540/466 1001/526/452 1011/539/465
f 1001/526/452 1012/540/466 1002/527/453
f 1013/529/455 1002/527/453 1012/540/466
f 1002/527/453 1013/529/455 1003/528/454
f 1012/540/466 1023/530/456 1013/529/455
f 1022/541/467 1023/530/456 1012/540/466
f 1023/530/456 1022/541/467 1033/531/457
f 1032/542/468 1033/531/457 1022/541/467
f 1033/531/457 1032/542/468 1043/532/458
f 1043/532/458 1032/542/468 1042/533/459
f 1031/543/469 1042/533/459 1032/542/468
f 1042/533/459 1031/543/469 1041/534/460
f 1030/536/462 1041/534/460 1031/543/469
f 1041/534/460 1030/536/462 1040/535/461
f 1031/543/469 1020/537/463 1030/536/462
f 1021/544/470 1020/537/463 1031/543/469
f 1020/537/463 1021/544/470 1010/538/464
f 1010/538/464 1021/544/470 1011/539/465
f 1022/541/467 1011/539/465 1021/544/470
f 1011/539/465 1022/541/467 1012/540/466
f 1021/544/470 1032/542/468 1022/541/467
f 1032/542/468 1021/544/470 1031/543/469
f 1176/259/192 1179/260/193 1178/261/194
f 1177/262/195 1179/260/193 1176/259/192
f 1179/260/193 1177/262/195 1190/263/196
f 1189/264/197 1190/263/196 1177/262/195
f 1190/263/196 1189/264/197 1200/265/198
f 1199/266/199 1200/265/198 1189/264/197
f 1200/265/198 1199/266/199 1210/267/200
f 1209/268/201 1210/267/200 1199/266/199
f 1210/267/200 1209/268/201 1220/269/202
f 1219/270/203 1220/269/202 1209/268/201
f 1220/269/202 1219/270/203 1230/271/471
f 1229/272/205 1230/271/471 1219/270/203
f 1230/271/471 1229/272/205 1240/273/206
f 1239/274/207 1240/273/206 1229/272/205
f 1240/273/206 1239/274/207 1250/275/208
f 1249/276/472 1250/275/208 1239/274/207
f 1250/275/208 1249/276/472 1260/277/210
f 1259/278/211 1260/277/210 1249/276/472
f 1260/277/210 1259/278/211 1270/279/212
f 1269/280/213 1270/279/212 1259/278/211
f 1270/279/212 1269/280/213 1280/281/214
f 1279/282/215 1280/281/214 1269/280/213
f 1280/281/214 1279/282/215 1290/283/216
f 1290/283/216 1279/282/215 1289/284/217
f 1278/285/218 1289/284/217 1279/282/215
f 1289/284/217 1278/285/218 1288/286/219
f 1277/287/220 1288/286/219 1278/285/218
f 1288/286/219 1277/287/220 1287/288/221
f 1276/289/222 1287/288/221 1277/287/220
f 1287/288/221 1276/289/222 1286/290/473
f 1275/291/224 1286/290/473 1276/289/222
f 1286/290/473 1275/291/224 1285/292/225
f 1274/293/226 1285/292/225 1275/291/224
f 1285/292/225 1274/293/226 1284/294/474
f 1272/295/475 1284/294/474 1274/293/226
f 1284/294/474 1272/295/475 1282/296/229
f 1273/297/476 1282/296/229 1272/295/475
f 1282/296/229 1273/297/476 1283/298/231
f 1281/299/477 1283/298/231 1273/297/476
f 1283/298/231 1281/299/477 1291/300/233
f 1291/300/233 1281/299/477 1304/301/132
f 1304/301/132 1281/299/477 1303/302/478
f 1271/303/479 1303/302/478 1281/299/477
f 1303/302/478 1271/303/479 1302/304/395
f 1261/305/237 1302/304/395 1271/303/479
f 1302/304/395 1261/305/237 1301/306/154
f 1251/307/238 1301/306/154 1261/305/237
f 1301/306/154 1251/307/238 1300/308/239
f 1241/309/240 1300/308/239 1251/307/238
f 1300/308/239 1241/309/240 1299/310/241
f 1231/311/480 1299/310/241 1241/309/240
f 1299/310/241 1231/311/480 1298/312/174
f 1221/313/243 1298/312/174 1231/311/480
f 1298/312/174 1221/313/243 1297/314/244
f 1211/315/481 1297/314/244 1221/313/243
f 1297/314/244 1211/315/481 1296/316/482
f 1201/317/483 1296/316/482 1211/315/481
f 1296/316/482 1201/317/483 1295/318/171
f 1191/319/249 1295/318/171 1201/317/483
f 1295/318/171 1191/319/249 1294/320/484
f 1181/321/251 1294/320/484 1191/319/249
f 1294/320/484 1181/321/251 1292/322/252
f 1180/323/253 1292/322/252 1181/321/251
f 1292/322/252 1180/323/253 1293/324/133
f 1165/325/255 1180/323/253 1181/321/251
f 1180/323/253 1165/325/255 1164/326/485
f 1163/327/257 1164/326/485 1165/325/255
f 1164/326/485 1163/327/257 1162/328/258
f 1167/329/259 1162/328/258 1163/327/257
f 1162/328/258 1167/329/259 1166/330/260
f 1169/331/261 1166/330/260 1167/329/259
f 1166/330/260 1169/331/261 1168/332/262
f 1171/333/263 1168/332/262 1169/331/261
f 1168/332/262 1171/333/263 1170/334/473
f 1173/335/265 1170/334/473 1171/333/263
f 1170/334/473 1173/335/265 1172/336/266
f 1175/337/267 1172/336/266 1173/335/265
f 1172/336/266 1175/337/267 1174/338/268
f 1177/262/195 1174/338/268 1175/337/267
f 1174/338/268 1177/262/195 1176/259/192
f 1175/337/267 1189/264/197 1177/262/195
f 1188/339/269 1189/264/197 1175/337/267
f 1189/264/197 1188/339/269 1199/266/199
f 1198/340/486 1199/266/199 1188/339/269
f 1199/266/199 1198/340/486 1209/268/201
f 1208/341/271 1209/268/201 1198/340/486
f 1209/268/201 1208/341/271 1219/270/203
f 1218/342/272 1219/270/203 1208/341/271
f 1219/270/203 1218/342/272 1229/272/205
f 1228/343/273 1229/272/205 1218/342/272
f 1229/272/205 1228/343/273 1239/274/207
f 1238/344/274 1239/274/207 1228/343/273
f 1239/274/207 1238/344/274 1249/276/472
f 1248/345/487 1249/276/472 1238/344/274
f 1249/276/472 1248/345/487 1259/278/211
f 1258/346/276 1259/278/211 1248/345/487
f 1259/278/211 1258/346/276 1269/280/213
f 1268/347/277 1269/280/213 1258/346/276
f 1269/280/213 1268/347/277 1279/282/215
f 1279/282/215 1268/347/277 1278/285/218
f 1267/348/278 1278/285/218 1268/347/277
f 1278/285/218 1267/348/278 1277/287/220
f 1266/349/279 1277/287/220 1267/348/278
f 1277/287/220 1266/349/279 1276/289/222
f 1265/350/280 1276/289/222 1266/349/279
f 1276/289/222 1265/350/280 1275/291/224
f 1264/351/281 1275/291/224 1265/350/280
f 1275/291/224 1264/351/281 1274/293/226
f 1262/352/282 1274/293/226 1264/351/281
f 1274/293/226 1262/352/282 1272/295/475
f 1263/353/283 1272/295/475 1262/352/282
f 1272/295/475 1263/353/283 1273/297/476
f 1271/303/479 1273/297/476 1263/353/283
f 1273/297/476 1271/303/479 1281/299/477
f 1263/353/283 1261/305/237 1271/303/479
f 1253/354/284 1261/305/237 1263/353/283
f 1261/305/237 1253/354/284 1251/307/238
f 1243/355/285 1251/307/238 1253/354/284
f 1251/307/238 1243/355/285 1241/309/240
f 1233/356/286 1241/309/240 1243/355/285
f 1241/309/240 1233/356/286 1231/311/480
f 1223/357/287 1231/311/480 1233/356/286
f 1231/311/480 1223/357/287 1221/313/243
f 1213/358/288 1221/313/243 1223/357/287
f 1221/313/243 1213/358/288 1211/315/481
f 1203/359/289 1211/315/481 1213/358/288
f 1211/315/481 1203/359/289 1201/317/483
f 1193/360/290 1201/317/483 1203/359/289
f 1201/317/483 1193/360/290 1191/319/249
f 1183/361/291 1191/319/249 1193/360/290
f 1191/319/249 1183/361/291 1181/321/251
f 1181/321/251 1183/361/291 1165/325/255
f 1182/362/292 1165/325/255 1183/361/291
f 1165/325/255 1182/362/292 1163/327/257
f 1184/363/293 1163/327/257 1182/362/292
f 1163/327/257 1184/363/293 1167/329/259
f 1185/364/294 1167/329/259 1184/363/293
f 1167/329/259 1185/364/294 1169/331/261
f 1186/365/295 1169/331/261 1185/364/294
f 1169/331/261 1186/365/295 1171/333/263
f 1187/366/296 1171/333/263 1186/365/295
f 1171/333/263 1187/366/296 1173/335/265
f 1188/339/269 1173/335/265 1187/366/296
f 1173/335/265 1188/339/269 1175/337/267
f 1187/366/296 1198/340/486 1188/339/269
f 1197/367/297 1198/340/486 1187/366/296
f 1198/340/486 1197/367/297 1208/341/271
f 1207/368/298 1208/341/271 1197/367/297
f 1208/341/271 1207/368/298 1218/342/272
f 1217/369/299 1218/342/272 1207/368/298
f 1218/342/272 1217/369/299 1228/343/273
f 1227/370/300 1228/343/273 1217/369/299
f 1228/343/273 1227/370/300 1238/344/274
f 1237/371/301 1238/344/274 1227/370/300
f 1238/344/274 1237/371/301 1248/345/487
f 1247/372/302 1248/345/487 1237/371/301
f 1248/345/487 1247/372/302 1258/346/276
f 1257/373/303 1258/346/276 1247/372/302
f 1258/346/276 1257/373/303 1268/347/277
f 1268/347/277 1257/373/303 1267/348/278
f 1256/374/488 1267/348/278 1257/373/303
f 1267/348/278 1256/374/488 1266/349/279
f 1255/375/305 1266/349/279 1256/374/488
f 1266/349/279 1255/375/305 1265/350/280
f 1254/376/306 1265/350/280 1255/375/305
f 1265/350/280 1254/376/306 1264/351/281
f 1252/377/307 1264/351/281 1254/376/306
f 1264/351/281 1252/377/307 1262/352/282
f 1253/354/284 1262/352/282 1252/377/307
f 1262/352/282 1253/354/284 1263/353/283
f 1252/377/307 1243/355/285 1253/354/284
f 1242/378/308 1243/355/285 1252/377/307
f 1243/355/285 1242/378/308 1233/356/286
f 1232/379/309 1233/356/286 1242/378/308
f 1233/356/286 1232/379/309 1223/357/287
f 1222/380/489 1223/357/287 1232/379/309
f 1223/357/287 1222/380/489 1213/358/288
f 1212/381/311 1213/358/288 1222/380/489
f 1213/358/288 1212/381/311 1203/359/289
f 1202/382/312 1203/359/289 1212/381/311
f 1203/359/289 1202/382/312 1193/360/290
f 1192/383/313 1193/360/290 1202/382/312
f 1193/360/290 1192/383/313 1183/361/291
f 1183/361/291 1192/383/313 1182/362/292
f 1194/384/314 1182/362/292 1192/383/313
f 1182/362/292 1194/384/314 1184/363/293
f 1195/385/490 1184/363/293 1194/384/314
f 1184/363/293 1195/385/490 1185/364/294
f 1196/386/316 1185/364/294 1195/385/490
f 1185/364/294 1196/386/316 1186/365/295
f 1197/367/297 1186/365/295 1196/386/316
f 1186/365/295 1197/367/297 1187/366/296
f 1196/386/316 1207/368/298 1197/367/297
f 1206/387/317 1207/368/298 1196/386/316
f 1207/368/298 1206/387/317 1217/369/299
f 1216/388/318 1217/369/299 1206/387/317
f 1217/369/299 1216/388/318 1227/370/300
f 1226/389/491 1227/370/300 1216/388/318
f 1227/370/300 1226/389/491 1237/371/301
f 1236/390/320 1237/371/301 1226/389/491
f 1237/371/301 1236/390/320 1247/372/302
f 1246/391/321 1247/372/302 1236/390/320
f 1247/372/302 1246/391/321 1257/373/303
f 1257/373/303 1246/391/321 1256/374/488
f 1245/392/322 1256/374/488 1246/391/321
f 1256/374/488 1245/392/322 1255/375/305
f 1244/393/323 1255/375/305 1245/392/322
f 1255/375/305 1244/393/323 1254/376/306
f 1242/378/308 1254/376/306 1244/393/323
f 1254/376/306 1242/378/308 1252/377/307
f 1244/393/323 1232/379/309 1242/378/308
f 1234/394/492 1232/379/309 1244/393/323
f 1232/379/309 1234/394/492 1222/380/489
f 1224/395/325 1222/380/489 1234/394/492
f 1222/380/489 1224/395/325 1212/381/311
f 1214/396/326 1212/381/311 1224/395/325
f 1212/381/311 1214/396/326 1202/382/312
f 1204/397/327 1202/382/312 1214/396/326
f 1202/382/312 1204/397/327 1192/383/313
f 1192/383/313 1204/397/327 1194/384/314
f 1205/398/493 1194/384/314 1204/397/327
f 1194/384/314 1205/398/493 1195/385/490
f 1206/387/317 1195/385/490 1205/398/493
f 1195/385/490 1206/387/317 1196/386/316
f 1205/398/493 1216/388/318 1206/387/317
f 1215/399/329 1216/388/318 1205/398/493
f 1216/388/318 1215/399/329 1226/389/491
f 1225/400/494 1226/389/491 1215/399/329
f 1226/389/491 1225/400/494 1236/390/320
f 1235/401/331 1236/390/320 1225/400/494
f 1236/390/320 1235/401/331 1246/391/321
f 1246/391/321 1235/401/331 1245/392/322
f 1234/394/492 1245/392/322 1235/401/331
f 1245/392/322 1234/394/492 1244/393/323
f 1235/401/331 1224/395/325 1234/394/492
f 1225/400/494 1224/395/325 1235/401/331
f 1224/395/325 1225/400/494 1214/396/326
f 1215/399/329 1214/396/326 1225/400/494
f 1214/396/326 1215/399/329 1204/397/327
f 1205/398/493 1204/397/327 1215/399/329
f 1483/402/241 1371/403/332 1484/404/333
f 1372/405/334 1371/403/332 1483/402/241
f 1356/406/335 1371/403/332 1372/405/334
f 1371/403/332 1356/406/335 1355/407/495
f 1354/408/496 1355/407/495 1356/406/335
f 1355/407/495 1354/408/496 1353/409/338
f 1358/410/339 1353/409/338 1354/408/496
f 1353/409/338 1358/410/339 1357/411/340
f 1360/412/497 1357/411/340 1358/410/339
f 1357/411/340 1360/412/497 1359/413/342
f 1362/414/498 1359/413/342 1360/412/497
f 1359/413/342 1362/414/498 1361/415/499
f 1364/416/345 1361/415/499 1362/414/498
f 1361/415/499 1364/416/345 1363/417/346
f 1366/418/347 1363/417/346 1364/416/345
f 1363/417/346 1366/418/347 1365/419/348
f 1368/420/500 1365/419/348 1366/418/347
f 1365/419/348 1368/420/500 1367/421/350
f 1370/422/351 1367/421/350 1368/420/500
f 1367/421/350 1370/422/351 1369/423/72
f 1369/423/72 1370/422/351 1496/283/352
f 1496/283/352 1370/422/351 1497/281/351
f 1381/424/501 1497/281/351 1370/422/351
f 1497/281/351 1381/424/501 1498/279/355
f 1391/425/155 1498/279/355 1381/424/501
f 1498/279/355 1391/425/155 1499/277/155
f 1401/426/356 1499/277/155 1391/425/155
f 1499/277/155 1401/426/356 1500/275/357
f 1411/427/358 1500/275/357 1401/426/356
f 1500/275/357 1411/427/358 1501/273/502
f 1421/428/360 1501/273/502 1411/427/358
f 1501/273/502 1421/428/360 1502/271/68
f 1431/429/361 1502/271/68 1421/428/360
f 1502/271/68 1431/429/361 1503/269/362
f 1441/430/503 1503/269/362 1431/429/361
f 1503/269/362 1441/430/503 1504/267/504
f 1451/431/170 1504/267/504 1441/430/503
f 1504/267/504 1451/431/170 1505/265/171
f 1461/432/365 1505/265/171 1451/431/170
f 1505/265/171 1461/432/365 1506/263/366
f 1471/433/367 1506/263/366 1461/432/365
f 1506/263/366 1471/433/367 1507/260/368
f 1481/434/72 1507/260/368 1471/433/367
f 1507/260/368 1481/434/72 1508/261/72
f 1470/435/370 1481/434/72 1471/433/367
f 1481/434/72 1470/435/370 1480/436/371
f 1469/437/372 1480/436/371 1470/435/370
f 1480/436/371 1469/437/372 1479/438/505
f 1468/439/374 1479/438/505 1469/437/372
f 1479/438/505 1468/439/374 1478/440/506
f 1467/441/376 1478/440/506 1468/439/374
f 1478/440/506 1467/441/376 1477/442/344
f 1466/443/378 1477/442/344 1467/441/376
f 1477/442/344 1466/443/378 1476/444/507
f 1465/445/380 1476/444/507 1466/443/378
f 1476/444/507 1465/445/380 1475/446/508
f 1463/447/509 1475/446/508 1465/445/380
f 1475/446/508 1463/447/509 1473/448/338
f 1464/449/510 1473/448/338 1463/447/509
f 1473/448/338 1464/449/510 1474/450/384
f 1472/451/385 1474/450/384 1464/449/510
f 1474/450/384 1472/451/385 1482/452/386
f 1482/452/386 1472/451/385 1495/453/174
f 1495/453/174 1472/451/385 1494/454/244
f 1462/455/387 1494/454/244 1472/451/385
f 1494/454/244 1462/455/387 1493/456/388
f 1452/457/389 1493/456/388 1462/455/387
f 1493/456/388 1452/457/389 1492/458/171
f 1442/459/390 1492/458/171 1452/457/389
f 1492/458/171 1442/459/390 1491/460/250
f 1432/461/391 1491/460/250 1442/459/390
f 1491/460/250 1432/461/391 1490/462/252
f 1422/463/392 1490/462/252 1432/461/391
f 1490/462/252 1422/463/392 1489/464/132
f 1412/465/511 1489/464/132 1422/463/392
f 1489/464/132 1412/465/511 1488/466/478
f 1402/467/394 1488/466/478 1412/465/511
f 1488/466/478 1402/467/394 1487/468/395
f 1392/469/396 1487/468/395 1402/467/394
f 1487/468/395 1392/469/396 1486/470/154
f 1382/471/397 1486/470/154 1392/469/396
f 1486/470/154 1382/471/397 1485/472/398
f 1372/405/334 1485/472/398 1382/471/397
f 1485/472/398 1372/405/334 1483/402/241
f 1374/473/399 1372/405/334 1382/471/397
f 1372/405/334 1374/473/399 1356/406/335
f 1373/474/400 1356/406/335 1374/473/399
f 1356/406/335 1373/474/400 1354/408/496
f 1375/475/401 1354/408/496 1373/474/400
f 1354/408/496 1375/475/401 1358/410/339
f 1376/476/512 1358/410/339 1375/475/401
f 1358/410/339 1376/476/512 1360/412/497
f 1377/477/403 1360/412/497 1376/476/512
f 1360/412/497 1377/477/403 1362/414/498
f 1378/478/404 1362/414/498 1377/477/403
f 1362/414/498 1378/478/404 1364/416/345
f 1379/479/405 1364/416/345 1378/478/404
f 1364/416/345 1379/479/405 1366/418/347
f 1380/480/406 1366/418/347 1379/479/405
f 1366/418/347 1380/480/406 1368/420/500
f 1381/424/501 1368/420/500 1380/480/406
f 1368/420/500 1381/424/501 1370/422/351
f 1380/480/406 1391/425/155 1381/424/501
f 1390/481/407 1391/425/155 1380/480/406
f 1391/425/155 1390/481/407 1401/426/356
f 1400/482/408 1401/426/356 1390/481/407
f 1401/426/356 1400/482/408 1411/427/358
f 1410/483/409 1411/427/358 1400/482/408
f 1411/427/358 1410/483/409 1421/428/360
f 1420/484/513 1421/428/360 1410/483/409
f 1421/428/360 1420/484/513 1431/429/361
f 1430/485/411 1431/429/361 1420/484/513
f 1431/429/361 1430/485/411 1441/430/503
f 1440/486/412 1441/430/503 1430/485/411
f 1441/430/503 1440/486/412 1451/431/170
f 1450/487/413 1451/431/170 1440/486/412
f 1451/431/170 1450/487/413 1461/432/365
f 1460/488/414 1461/432/365 1450/487/413
f 1461/432/365 1460/488/414 1471/433/367
f 1471/433/367 1460/488/414 1470/435/370
f 1459/489/415 1470/435/370 1460/488/414
f 1470/435/370 1459/489/415 1469/437/372
f 1458/490/416 1469/437/372 1459/489/415
f 1469/437/372 1458/490/416 1468/439/374
f 1457/491/417 1468/439/374 1458/490/416
f 1468/439/374 1457/491/417 1467/441/376
f 1456/492/418 1467/441/376 1457/491/417
f 1467/441/376 1456/492/418 1466/443/378
f 1455/493/419 1466/443/378 1456/492/418
f 1466/443/378 1455/493/419 1465/445/380
f 1453/494/420 1465/445/380 1455/493/419
f 1465/445/380 1453/494/420 1463/447/509
f 1454/495/421 1463/447/509 1453/494/420
f 1463/447/509 1454/495/421 1464/449/510
f 1462/455/387 1464/449/510 1454/495/421
f 1464/449/510 1462/455/387 1472/451/385
f 1454/495/421 1452/457/389 1462/455/387
f 1444/496/422 1452/457/389 1454/495/421
f 1452/457/389 1444/496/422 1442/459/390
f 1434/497/423 1442/459/390 1444/496/422
f 1442/459/390 1434/497/423 1432/461/391
f 1424/498/424 1432/461/391 1434/497/423
f 1432/461/391 1424/498/424 1422/463/392
f 1414/499/514 1422/463/392 1424/498/424
f 1422/463/392 1414/499/514 1412/465/511
f 1404/500/426 1412/465/511 1414/499/514
f 1412/465/511 1404/500/426 1402/467/394
f 1394/501/427 1402/467/394 1404/500/426
f 1402/467/394 1394/501/427 1392/469/396
f 1384/502/428 1392/469/396 1394/501/427
f 1392/469/396 1384/502/428 1382/471/397
f 1382/471/397 1384/502/428 1374/473/399
f 1383/503/515 1374/473/399 1384/502/428
f 1374/473/399 1383/503/515 1373/474/400
f 1385/504/430 1373/474/400 1383/503/515
f 1373/474/400 1385/504/430 1375/475/401
f 1386/505/431 1375/475/401 1385/504/430
f 1375/475/401 1386/505/431 1376/476/512
f 1387/506/432 1376/476/512 1386/505/431
f 1376/476/512 1387/506/432 1377/477/403
f 1388/507/433 1377/477/403 1387/506/432
f 1377/477/403 1388/507/433 1378/478/404
f 1389/508/434 1378/478/404 1388/507/433
f 1378/478/404 1389/508/434 1379/479/405
f 1390/481/407 1379/479/405 1389/508/434
f 1379/479/405 1390/481/407 1380/480/406
f 1389/508/434 1400/482/408 1390/481/407
f 1399/509/435 1400/482/408 1389/508/434
f 1400/482/408 1399/509/435 1410/483/409
f 1409/510/516 1410/483/409 1399/509/435
f 1410/483/409 1409/510/516 1420/484/513
f 1419/511/517 1420/484/513 1409/510/516
f 1420/484/513 1419/511/517 1430/485/411
f 1429/512/518 1430/485/411 1419/511/517
f 1430/485/411 1429/512/518 1440/486/412
f 1439/513/439 1440/486/412 1429/512/518
f 1440/486/412 1439/513/439 1450/487/413
f 1449/514/440 1450/487/413 1439/513/439
f 1450/487/413 1449/514/440 1460/488/414
f 1460/488/414 1449/514/440 1459/489/415
f 1448/515/441 1459/489/415 1449/514/440
f 1459/489/415 1448/515/441 1458/490/416
f 1447/516/442 1458/490/416 1448/515/441
f 1458/490/416 1447/516/442 1457/491/417
f 1446/517/519 1457/491/417 1447/516/442
f 1457/491/417 1446/517/519 1456/492/418
f 1445/518/444 1456/492/418 1446/517/519
f 1456/492/418 1445/518/444 1455/493/419
f 1443/519/445 1455/493/419 1445/518/444
f 1455/493/419 1443/519/445 1453/494/420
f 1444/496/422 1453/494/420 1443/519/445
f 1453/494/420 1444/496/422 1454/495/421
f 1443/519/445 1434/497/423 1444/496/422
f 1433/520/446 1434/497/423 1443/519/445
f 1434/497/423 1433/520/446 1424/498/424
f 1423/521/447 1424/498/424 1433/520/446
f 1424/498/424 1423/521/447 1414/499/514
f 1413/522/520 1414/499/514 1423/521/447
f 1414/499/514 1413/522/520 1404/500/426
f 1403/523/449 1404/500/426 1413/522/520
f 1404/500/426 1403/523/449 1394/501/427
f 1393/524/450 1394/501/427 1403/523/449
f 1394/501/427 1393/524/450 1384/502/428
f 1384/502/428 1393/524/450 1383/503/515
f 1395/525/451 1383/503/515 1393/524/450
f 1383/503/515 1395/525/451 1385/504/430
f 1396/526/521 1385/504/430 1395/525/451
f 1385/504/430 1396/526/521 1386/505/431
f 1397/527/522 1386/505/431 1396/526/521
f 1386/505/431 1397/527/522 1387/506/432
f 1398/528/523 1387/506/432 1397/527/522
f 1387/506/432 1398/528/523 1388/507/433
f 1399/509/435 1388/507/433 1398/528/523
f 1388/507/433 1399/509/435 1389/508/434
f 1398/528/523 1409/510/516 1399/509/435
f 1408/529/455 1409/510/516 1398/528/523
f 1409/510/516 1408/529/455 1419/511/517
f 1418/530/524 1419/511/517 1408/529/455
f 1419/511/517 1418/530/524 1429/512/518
f 1428/531/525 1429/512/518 1418/530/524
f 1429/512/518 1428/531/525 1439/513/439
f 1438/532/458 1439/513/439 1428/531/525
f 1439/513/439 1438/532/458 1449/514/440
f 1449/514/440 1438/532/458 1448/515/441
f 1437/533/459 1448/515/441 1438/532/458
f 1448/515/441 1437/533/459 1447/516/442
f 1436/534/460 1447/516/442 1437/533/459
f 1447/516/442 1436/534/460 1446/517/519
f 1435/535/461 1446/517/519 1436/534/460
f 1446/517/519 1435/535/461 1445/518/444
f 1433/520/446 1445/518/444 1435/535/461
f 1445/518/444 1433/520/446 1443/519/445
f 1435/535/461 1423/521/447 1433/520/446
f 1425/536/526 1423/521/447 1435/535/461
f 1423/521/447 1425/536/526 1413/522/520
f 1415/537/463 1413/522/520 1425/536/526
f 1413/522/520 1415/537/463 1403/523/449
f 1405/538/464 1403/523/449 1415/537/463
f 1403/523/449 1405/538/464 1393/524/450
f 1393/524/450 1405/538/464 1395/525/451
f 1406/539/527 1395/525/451 1405/538/464
f 1395/525/451 1406/539/527 1396/526/521
f 1407/540/466 1396/526/521 1406/539/527
f 1396/526/521 1407/540/466 1397/527/522
f 1408/529/455 1397/527/522 1407/540/466
f 1397/527/522 1408/529/455 1398/528/523
f 1407/540/466 1418/530/524 1408/529/455
f 1417/541/528 1418/530/524 1407/540/466
f 1418/530/524 1417/541/528 1428/531/525
f 1427/542/529 1428/531/525 1417/541/528
f 1428/531/525 1427/542/529 1438/532/458
f 1438/532/458 1427/542/529 1437/533/459
f 1426/543/469 1437/533/459 1427/542/529
f 1437/533/459 1426/543/469 1436/534/460
f 1425/536/526 1436/534/460 1426/543/469
f 1436/534/460 1425/536/526 1435/535/461
f 1426/543/469 1415/537/463 1425/536/526
f 1416/544/530 1415/537/463 1426/543/469
f 1415/537/463 1416/544/530 1405/538/464
f 1405/538/464 1416/544/530 1406/539/527
f 1417/541/528 1406/539/527 1416/544/530
f 1406/539/527 1417/541/528 1407/540/466
f 1416/544/530 1427/542/529 1417/541/528
f 1427/542/529 1416/544/530 1426/543/469
f 1559/112/531 1558/4/531 1557/113/532
f 1558/4/531 1559/112/531 1560/5/533
f 1563/114/534 1562/5/534 1561/112/535
f 1562/5/534 1563/114/534 1564/6/535
f 1567/115/536 1566/6/537 1565/114/538
f 1566/6/537 1567/115/536 1568/7/536
f 1571/116/539 1570/7/539 1569/115/540
f 1570/7/539 1571/116/539 1572/3/541
f 1575/117/542 1574/3/542 1573/116/542
f 1574/3/542 1575/117/542 1576/1/543
f 1579/113/544 1578/1/545 1577/117/546
f 1578/1/545 1579/113/544 1580/4/547
f 1601/118/548 1600/11/548 1599/119/549
f 1600/11/548 1601/118/548 1602/12/548
f 1605/120/550 1604/12/550 1603/118/550
f 1604/12/550 1605/120/550 1606/13/550
f 1609/121/551 1608/13/551 1607/120/551
f 1608/13/551 1609/121/551 1610/14/552
f 1613/122/553 1612/14/553 1611/121/554
f 1612/14/553 1613/122/553 1614/10/554
f 1617/123/555 1616/10/556 1615/122/556
f 1616/10/556 1617/123/555 1618/8/555
f 1621/119/557 1620/8/558 1619/123/557
f 1620/8/558 1621/119/557 1622/11/558
f 1643/124/531 1642/18/533 1641/125/531
f 1642/18/533 1643/124/531 1644/19/531
f 1647/126/535 1646/19/535 1645/124/535
f 1646/19/535 1647/126/535 1648/20/535
f 1651/127/536 1650/20/537 1649/126/536
f 1650/20/537 1651/127/536 1652/21/537
f 1655/128/539 1654/21/539 1653/127/540
f 1654/21/539 1655/128/539 1656/17/539
f 1659/129/542 1658/17/542 1657/128/543
f 1658/17/542 1659/129/542 1660/15/542
f 1663/125/544 1662/15/547 1661/129/544
f 1662/15/547 1663/125/544 1664/18/547
f 1685/130/155 1684/25/154 1683/131/154
f 1684/25/154 1685/130/155 1686/26/154
f 1689/132/351 1688/26/351 1687/130/351
f 1688/26/351 1689/132/351 1690/27/351
f 1693/133/559 1692/27/560 1691/132/561
f 1692/27/560 1693/133/559 1694/28/368
f 1697/134/170 1696/28/248 1695/133/171
f 1696/28/248 1697/134/170 1698/24/171
f 1701/135/362 1700/24/362 1699/134/562
f 1700/24/362 1701/135/362 1702/22/562
f 1705/131/502 1704/22/502 1703/135/502
f 1704/22/502 1705/131/502 1706/25/502
f 1727/161/563 1726/59/564 1725/162/565
f 1726/59/564 1727/161/563 1728/60/564
f 1731/163/566 1730/60/567 1729/161/566
f 1730/60/567 1731/163/566 1732/61/566
f 1735/164/568 1734/61/569 1733/163/569
f 1734/61/569 1735/164/568 1736/62/569
f 1739/165/570 1738/62/570 1737/164/570
f 1738/62/570 1739/165/570 1740/58/571
f 1743/166/572 1742/58/573 1741/165/572
f 1742/58/573 1743/166/572 1744/56/572
f 1747/162/574 1746/56/574 1745/166/574
f 1746/56/574 1747/162/574 1748/59/574
f 1769/167/174 1768/66/173 1767/168/173
f 1768/66/173 1769/167/174 1770/67/173
f 1773/169/398 1772/67/398 1771/167/398
f 1772/67/398 1773/169/398 1774/68/398
f 1777/170/236 1776/68/395 1775/169/236
f 1776/68/395 1777/170/236 1778/69/236
f 1781/171/133 1780/69/132 1779/170/135
f 1780/69/132 1781/171/133 1782/65/132
f 1785/172/484 1784/65/250 1783/171/484
f 1784/65/250 1785/172/484 1786/63/484
f 1789/168/388 1788/63/388 1787/172/388
f 1788/63/388 1789/168/388 1790/66/482
f 1792/64/68 1791/65/68 1793/63/68
f 1791/65/68 1792/64/68 1806/69/68
f 1809/173/172 1808/73/172 1807/174/173
f 1808/73/172 1809/173/172 1810/74/173
f 1813/175/398 1812/74/398 1811/173/398
f 1812/74/398 1813/175/398 1814/75/398
f 1817/176/236 1816/75/395 1815/175/236
f 1816/75/395 1817/176/236 1818/76/236
f 1821/177/132 1820/76/133 1819/176/133
f 1820/76/133 1821/177/132 1822/72/133
f 1825/178/250 1824/72/250 1823/177/484
f 1824/72/250 1825/178/250 1826/70/250
f 1829/174/388 1828/70/388 1827/178/482
f 1828/70/388 1829/174/388 1830/73/388
f 1851/179/575 1850/80/575 1849/180/576
f 1850/80/575 1851/179/575 1852/81/576
f 1855/181/577 1854/81/578 1853/179/579
f 1854/81/578 1855/181/577 1856/82/580
f 1859/182/581 1858/82/581 1857/181/581
f 1858/82/581 1859/182/581 1860/83/582
f 1863/183/583 1862/83/583 1861/182/583
f 1862/83/583 1863/183/583 1864/79/583
f 1867/184/584 1866/79/584 1865/183/584
f 1866/79/584 1867/184/584 1868/77/584
f 1871/180/585 1870/77/585 1869/184/586
f 1870/77/585 1871/180/585 1872/80/586
f 1893/185/172 1892/87/172 1891/186/174
f 1892/87/172 1893/185/172 1894/88/174
f 1897/187/398 1896/88/398 1895/185/398
f 1896/88/398 1897/187/398 1898/89/398
f 1901/188/395 1900/89/395 1899/187/587
f 1900/89/395 1901/188/395 1902/90/587
f 1905/189/133 1904/90/133 1903/188/135
f 1904/90/133 1905/189/133 1906/86/132
f 1909/190/250 1908/86/250 1907/189/250
f 1908/86/250 1909/190/250 1910/84/250
f 1913/186/588 1912/84/588 1911/190/588
f 1912/84/588 1913/186/588 1914/87/588
f 1935/191/564 1934/94/564 1933/192/565
f 1934/94/564 1935/191/564 1936/95/564
f 1939/193/566 1938/95/566 1937/191/566
f 1938/95/566 1939/193/566 1940/96/566
f 1943/194/569 1942/96/568 1941/193/569
f 1942/96/568 1943/194/569 1944/97/569
f 1947/195/570 1946/97/570 1945/194/589
f 1946/97/570 1947/195/570 1948/93/571
f 1951/196/572 1950/93/572 1949/195/572
f 1950/93/572 1951/196/572 1952/91/572
f 1955/192/574 1954/91/574 1953/196/574
f 1954/91/574 1955/192/574 1956/94/590
f 1977/197/575 1976/101/575 1975/198/576
f 1976/101/575 1977/197/575 1978/102/576
f 1981/199/577 1980/102/577 1979/197/577
f 1980/102/577 1981/199/577 1982/103/580
f 1985/200/591 1984/103/581 1983/199/591
f 1984/103/581 1985/200/591 1986/104/591
f 1989/201/583 1988/104/583 1987/200/583
f 1988/104/583 1989/201/583 1990/100/583
f 1993/202/592 1992/100/584 1991/201/592
f 1992/100/584 1993/202/592 1994/98/584
f 1997/198/593 1996/98/594 1995/202/586
f 1996/98/594 1997/198/593 1998/101/593
f 2019/203/172 2018/108/174 2017/204/173
f 2018/108/174 2019/203/172 2020/109/595
f 2023/205/398 2022/109/398 2021/203/398
f 2022/109/398 2023/205/398 2024/110/398
f 2027/206/395 2026/110/395 2025/205/236
f 2026/110/395 2027/206/395 2028/111/395
f 2031/207/132 2030/111/135 2029/206/135
f 2030/111/135 2031/207/132 2032/107/133
f 2035/208/250 2034/107/250 2033/207/250
f 2034/107/250 2035/208/250 2036/105/250
f 2039/204/388 2038/105/388 2037/208/388
f 2038/105/388 2039/204/388 2040/108/482
f 2061/545/596 2060/212/597 2059/546/597
f 2060/212/597 2061/545/596 2062/213/596
f 2065/547/598 2064/213/599 2063/545/598
f 2064/213/599 2065/547/598 2066/214/599
f 2069/548/600 2068/214/601 2067/547/601
f 2068/214/601 2069/548/600 2070/215/602
f 2073/549/603 2072/215/604 2071/548/603
f 2072/215/604 2073/549/603 2074/211/603
f 2077/550/605 2076/211/606 2075/549/607
f 2076/211/606 2077/550/605 2078/209/608
f 2081/546/609 2080/209/609 2079/550/609
f 2080/209/609 2081/546/609 2082/212/609
f 2103/551/596 2102/219/597 2101/552/597
f 2102/219/597 2103/551/596 2104/220/596
f 2107/553/598 2106/220/598 2105/551/598
f 2106/220/598 2107/553/598 2108/221/598
f 2111/554/601 2110/221/601 2109/553/610
f 2110/221/601 2111/554/601 2112/222/611
f 2115/555/603 2114/222/603 2113/554/603
f 2114/222/603 2115/555/603 2116/218/604
f 2119/556/606 2118/218/605 2117/555/606
f 2118/218/605 2119/556/606 2120/216/605
f 2123/552/609 2122/216/609 2121/556/612
f 2122/216/609 2123/552/609 2124/219/609
f 2145/161/564 2144/59/563 2143/162/564
f 2144/59/563 2145/161/564 2146/60/564
f 2149/163/566 2148/60/566 2147/161/566
f 2148/60/566 2149/163/566 2150/61/566
f 2153/164/569 2152/61/569 2151/163/569
f 2152/61/569 2153/164/569 2154/62/569
f 2157/165/570 2156/62/570 2155/164/570
f 2156/62/570 2157/165/570 2158/58/570
f 2161/166/572 2160/58/573 2159/165/572
f 2160/58/573 2161/166/572 2162/56/572
f 2165/162/574 2164/56/574 2163/166/574
f 2164/56/574 2165/162/574 2166/59/574
f 2187/167/172 2186/66/172 2185/168/172
f 2186/66/172 2187/167/172 2188/67/172
f 2191/169/398 2190/67/398 2189/167/398
f 2190/67/398 2191/169/398 2192/68/398
f 2195/170/613 2194/68/613 2193/169/613
f 2194/68/613 2195/170/613 2196/69/395
f 2199/171/135 2198/69/135 2197/170/135
f 2198/69/135 2199/171/135 2200/65/135
f 2203/172/250 2202/65/484 2201/171/250
f 2202/65/484 2203/172/250 2204/63/250
f 2207/168/388 2206/63/388 2205/172/482
f 2206/63/388 2207/168/388 2208/66/588
f 2229/173/174 2228/73/174 2227/174/174
f 2228/73/174 2229/173/174 2230/74/174
f 2233/175/398 2232/74/398 2231/173/398
f 2232/74/398 2233/175/398 2234/75/398
f 2237/176/613 2236/75/587 2235/175/613
f 2236/75/587 2237/176/613 2238/76/395
f 2241/177/132 2240/76/132 2239/176/132
f 2240/76/132 2241/177/132 2242/72/132
f 2245/178/250 2244/72/484 2243/177/250
f 2244/72/484 2245/178/250 2246/70/250
f 2249/174/388 2248/70/388 2247/178/388
f 2248/70/388 2249/174/388 2250/73/388
f 2271/179/575 2270/80/575 2269/180/575
f 2270/80/575 2271/179/575 2272/81/575
f 2275/181/580 2274/81/614 2273/179/579
f 2274/81/614 2275/181/580 2276/82/615
f 2279/182/581 2278/82/581 2277/181/616
f 2278/82/581 2279/182/581 2280/83/581
f 2283/183/583 2282/83/583 2281/182/583
f 2282/83/583 2283/183/583 2284/79/583
f 2287/184/584 2286/79/584 2285/183/584
f 2286/79/584 2287/184/584 2288/77/584
f 2291/180/586 2290/77/593 2289/184/585
f 2290/77/593 2291/180/586 2292/80/586
f 911/557/388 910/558/388 912/559/170
f 915/560/244 910/558/388 911/557/388
f 910/558/388 915/560/244 914/561/244
f 917/562/174 914/561/244 915/560/244
f 914/561/244 917/562/174 916/563/174
f 919/564/241 916/563/174 917/562/174
f 916/563/174 919/564/241 918/565/241
f 921/566/398 918/565/241 919/564/241
f 918/565/241 921/566/398 920/567/239
f 923/568/154 920/567/239 921/566/398
f 920/567/239 923/568/154 922/569/617
f 925/570/395 922/569/617 923/568/154
f 922/569/617 925/570/395 924/571/395
f 927/572/234 924/571/395 925/570/395
f 924/571/395 927/572/234 926/573/478
f 929/574/133 926/573/478 927/572/234
f 926/573/478 929/574/133 928/575/135
f 931/576/252 928/575/135 929/574/133
f 928/575/135 931/576/252 930/577/252
f 933/578/250 930/577/252 931/576/252
f 930/577/252 933/578/250 932/579/250
f 913/580/171 932/579/250 933/578/250
f 932/579/250 913/580/171 912/559/170
f 911/557/388 912/559/170 913/580/171
f 935/573/618 934/581/618 936/582/619
f 939/575/524 934/581/618 935/573/618
f 934/581/618 939/575/524 938/583/524
f 941/577/620 938/583/524 939/575/524
f 938/583/524 941/577/620 940/584/620
f 943/579/621 940/584/620 941/577/620
f 940/584/620 943/579/621 942/585/621
f 945/559/362 942/585/621 943/579/621
f 942/585/621 945/559/362 944/586/562
f 947/558/622 944/586/562 945/559/362
f 944/586/562 947/558/622 946/587/623
f 949/561/624 946/587/623 947/558/622
f 946/587/623 949/561/624 948/588/625
f 951/563/626 948/588/625 949/561/624
f 948/588/625 951/563/626 950/589/626
f 953/565/627 950/589/626 951/563/626
f 950/589/626 953/565/627 952/590/627
f 955/567/628 952/590/627 953/565/627
f 952/590/627 955/567/628 954/591/629
f 957/569/502 954/591/629 955/567/628
f 954/591/629 957/569/502 956/592/502
f 937/571/630 956/592/502 957/569/502
f 956/592/502 937/571/630 936/582/619
f 935/573/618 936/582/619 937/571/630
f 1115/570/395 1114/571/395 1116/569/155
f 1119/572/478 1114/571/395 1115/570/395
f 1114/571/395 1119/572/478 1118/573/478
f 1121/574/135 1118/573/478 1119/572/478
f 1118/573/478 1121/574/135 1120/575/135
f 1123/576/252 1120/575/135 1121/574/135
f 1120/575/135 1123/576/252 1122/577/252
f 1125/578/250 1122/577/252 1123/576/252
f 1122/577/252 1125/578/250 1124/579/250
f 1127/580/171 1124/579/250 1125/578/250
f 1124/579/250 1127/580/171 1126/559/170
f 1129/557/388 1126/559/170 1127/580/171
f 1126/559/170 1129/557/388 1128/558/388
f 1131/560/631 1128/558/388 1129/557/388
f 1128/558/388 1131/560/631 1130/561/631
f 1133/562/174 1130/561/631 1131/560/631
f 1130/561/631 1133/562/174 1132/563/174
f 1135/564/241 1132/563/174 1133/562/174
f 1132/563/174 1135/564/241 1134/565/241
f 1137/566/398 1134/565/241 1135/564/241
f 1134/565/241 1137/566/398 1136/567/398
f 1117/568/154 1136/567/398 1137/566/398
f 1136/567/398 1117/568/154 1116/569/155
f 1115/570/395 1116/569/155 1117/568/154
f 1139/561/625 1138/588/625 1140/587/632
f 1143/563/626 1138/588/625 1139/561/625
f 1138/588/625 1143/563/626 1142/589/626
f 1145/565/633 1142/589/626 1143/563/626
f 1142/589/626 1145/565/633 1144/590/634
f 1147/567/635 1144/590/634 1145/565/633
f 1144/590/634 1147/567/635 1146/591/628
f 1149/569/502 1146/591/628 1147/567/635
f 1146/591/628 1149/569/502 1148/592/502
f 1151/571/619 1148/592/502 1149/569/502
f 1148/592/502 1151/571/619 1150/582/636
f 1153/573/637 1150/582/636 1151/571/619
f 1150/582/636 1153/573/637 1152/581/638
f 1155/575/524 1152/581/638 1153/573/637
f 1152/581/638 1155/575/524 1154/583/524
f 1157/577/639 1154/583/524 1155/575/524
f 1154/583/524 1157/577/639 1156/584/620
f 1159/579/621 1156/584/620 1157/577/639
f 1156/584/620 1159/579/621 1158/585/621
f 1161/559/362 1158/585/621 1159/579/621
f 1158/585/621 1161/559/362 1160/586/562
f 1141/558/622 1160/586/562 1161/559/362
f 1160/586/562 1141/558/622 1140/587/632
f 1139/561/625 1140/587/632 1141/558/622
f 1306/557/388 1305/558/388 1307/559/171
f 1310/560/631 1305/558/388 1306/557/388
f 1305/558/388 1310/560/631 1309/561/631
f 1312/562/173 1309/561/631 1310/560/631
f 1309/561/631 1312/562/173 1311/563/172
f 1314/564/241 1311/563/172 1312/562/173
f 1311/563/172 1314/564/241 1313/565/241
f 1316/566/398 1313/565/241 1314/564/241
f 1313/565/241 1316/566/398 1315/567/398
f 1318/568/155 1315/567/398 1316/566/398
f 1315/567/398 1318/568/155 1317/569/155
f 1320/570/395 1317/569/155 1318/568/155
f 1317/569/155 1320/570/395 1319/571/395
f 1322/572/234 1319/571/395 1320/570/395
f 1319/571/395 1322/572/234 1321/573/478
f 1324/574/132 1321/573/478 1322/572/234
f 1321/573/478 1324/574/132 1323/575/133
f 1326/576/252 1323/575/133 1324/574/132
f 1323/575/133 1326/576/252 1325/577/252
f 1328/578/250 1325/577/252 1326/576/252
f 1325/577/252 1328/578/250 1327/579/484
f 1308/580/248 1327/579/484 1328/578/250
f 1327/579/484 1308/580/248 1307/559/171
f 1306/557/388 1307/559/171 1308/580/248
f 1330/573/638 1329/581/637 1331/582/619
f 1334/575/524 1329/581/637 1330/573/638
f 1329/581/637 1334/575/524 1333/583/524
f 1336/577/620 1333/583/524 1334/575/524
f 1333/583/524 1336/577/620 1335/584/640
f 1338/579/641 1335/584/640 1336/577/620
f 1335/584/640 1338/579/641 1337/585/621
f 1340/559/562 1337/585/621 1338/579/641
f 1337/585/621 1340/559/562 1339/586/362
f 1342/558/642 1339/586/362 1340/559/562
f 1339/586/362 1342/558/642 1341/587/642
f 1344/561/625 1341/587/642 1342/558/642
f 1341/587/642 1344/561/625 1343/588/625
f 1346/563/626 1343/588/625 1344/561/625
f 1343/588/625 1346/563/626 1345/589/626
f 1348/565/633 1345/589/626 1346/563/626
f 1345/589/626 1348/565/633 1347/590/627
f 1350/567/635 1347/590/627 1348/565/633
f 1347/590/627 1350/567/635 1349/591/635
f 1352/569/502 1349/591/635 1350/567/635
f 1349/591/635 1352/569/502 1351/592/502
f 1332/571/630 1351/592/502 1352/569/502
f 1351/592/502 1332/571/630 1331/582/619
f 1330/573/638 1331/582/619 1332/571/630
f 1510/570/395 1509/571/395 1511/569/154
f 1514/572/234 1509/571/395 1510/570/395
f 1509/571/395 1514/572/234 1513/573/234
f 1516/574/133 1513/573/234 1514/572/234
f 1513/573/234 1516/574/133 1515/575/133
f 1518/576/252 1515/575/133 1516/574/133
f 1515/575/133 1518/576/252 1517/577/252
f 1520/578/484 1517/577/252 1518/576/252
f 1517/577/252 1520/578/484 1519/579/250
f 1522/580/170 1519/579/250 1520/578/484
f 1519/579/250 1522/580/170 1521/559/170
f 1524/557/388 1521/559/170 1522/580/170
f 1521/559/170 1524/557/388 1523/558/388
f 1526/560/244 1523/558/388 1524/557/388
f 1523/558/388 1526/560/244 1525/561/244
f 1528/562/173 1525/561/244 1526/560/244
f 1525/561/244 1528/562/173 1527/563/173
f 1530/564/241 1527/563/173 1528/562/173
f 1527/563/173 1530/564/241 1529/565/241
f 1532/566/398 1529/565/241 1530/564/241
f 1529/565/241 1532/566/398 1531/567/398
f 1512/568/154 1531/567/398 1532/566/398
f 1531/567/398 1512/568/154 1511/569/154
f 1510/570/395 1511/569/154 1512/568/154
f 1534/561/624 1533/588/625 1535/587/642
f 1538/563/626 1533/588/625 1534/561/624
f 1533/588/625 1538/563/626 1537/589/626
f 1540/565/633 1537/589/626 1538/563/626
f 1537/589/626 1540/565/633 1539/590/633
f 1542/567/635 1539/590/633 1540/565/633
f 1539/590/633 1542/567/635 1541/591/628
f 1544/569/502 1541/591/628 1542/567/635
f 1541/591/628 1544/569/502 1543/592/502
f 1546/571/636 1543/592/502 1544/569/502
f 1543/592/502 1546/571/636 1545/582/630
f 1548/573/637 1545/582/630 1546/571/636
f 1545/582/630 1548/573/637 1547/581/637
f 1550/575/524 1547/581/637 1548/573/637
f 1547/581/637 1550/575/524 1549/583/524
f 1552/577/620 1549/583/524 1550/575/524
f 1549/583/524 1552/577/620 1551/584/643
f 1554/579/644 1551/584/643 1552/577/620
f 1551/584/643 1554/579/644 1553/585/644
f 1556/559/362 1553/585/644 1554/579/644
f 1553/585/644 1556/559/362 1555/586/362
f 1536/558/642 1555/586/362 1556/559/362
f 1555/586/362 1536/558/642 1535/587/642
f 1534/561/624 1535/587/642 1536/558/642
f 3127/1/645 3126/2/645 3125/3/645
f 3130/4/646 3129/2/646 3128/1/646
f 3133/5/647 3132/2/647 3131/4/647
f 3136/6/645 3135/2/645 3134/5/645
f 3139/7/645 3138/2/645 3137/6/645
f 3142/3/646 3141/2/646 3140/7/646
f 3169/8/646 3168/9/646 3167/10/646
f 3172/11/647 3171/9/647 3170/8/647
f 3175/12/647 3174/9/647 3173/11/647
f 3178/13/646 3177/9/646 3176/12/646
f 3181/14/647 3180/9/647 3179/13/647
f 3184/10/645 3183/9/645 3182/14/645
f 3211/15/648 3210/16/648 3209/17/648
f 3214/18/645 3213/16/645 3212/15/645
f 3217/19/648 3216/16/648 3215/18/648
f 3220/20/647 3219/16/647 3218/19/647
f 3223/21/646 3222/16/646 3221/20/646
f 3226/17/645 3225/16/645 3224/21/645
f 3253/22/649 3252/23/649 3251/24/649
f 3256/25/648 3255/23/648 3254/22/648
f 3259/26/648 3258/23/648 3257/25/648
f 3262/27/647 3261/23/647 3260/26/647
f 3265/28/648 3264/23/648 3263/27/648
f 3268/24/646 3267/23/646 3266/28/646
f 3295/29/647 3294/30/647 3293/31/647
f 3298/32/645 3297/30/645 3296/29/645
f 3301/33/648 3300/30/648 3299/32/648
f 3304/34/646 3303/30/646 3302/33/646
f 3307/35/646 3306/30/646 3305/34/646
f 3310/31/647 3309/30/647 3308/35/647
f 3337/148/646 3336/37/646 3335/41/646
f 3340/38/646 3339/37/646 3338/148/646
f 3343/36/647 3342/37/647 3341/38/647
f 3346/39/646 3345/37/646 3344/36/646
f 3349/40/648 3348/37/648 3347/39/648
f 3352/41/646 3351/37/646 3350/40/646
f 3379/42/647 3378/43/647 3377/44/647
f 3382/45/646 3381/43/646 3380/42/646
f 3385/46/645 3384/43/645 3383/45/645
f 3388/47/645 3387/43/645 3386/46/645
f 3391/48/646 3390/43/646 3389/47/646
f 3394/44/647 3393/43/647 3392/48/647
f 3421/49/648 3420/50/648 3419/51/648
f 3424/52/646 3423/50/646 3422/49/646
f 3427/53/648 3426/50/648 3425/52/648
f 3430/54/648 3429/50/648 3428/53/648
f 3433/55/646 3432/50/646 3431/54/646
f 3436/51/648 3435/50/648 3434/55/648
f 3463/56/68 3462/57/68 3461/58/68
f 3466/59/68 3465/57/68 3464/56/68
f 3469/60/68 3468/57/68 3467/59/68
f 3472/61/68 3471/57/68 3470/60/68
f 3475/62/68 3474/57/68 3473/61/68
f 3478/58/68 3477/57/68 3476/62/68
f 3505/63/68 3504/64/68 3503/65/68
f 3508/66/68 3507/64/68 3506/63/68
f 3511/67/68 3510/64/68 3509/66/68
f 3514/68/68 3513/64/68 3512/67/68
f 3517/69/68 3516/64/68 3515/68/68
f 3520/65/68 3519/64/68 3518/69/68
f 3547/70/68 3546/71/68 3545/72/68
f 3550/73/68 3549/71/68 3548/70/68
f 3553/74/68 3552/71/68 3551/73/68
f 3556/75/68 3555/71/68 3554/74/68
f 3559/76/68 3558/71/68 3557/75/68
f 3562/72/68 3561/71/68 3560/76/68
f 3589/77/68 3588/78/68 3587/79/68
f 3592/80/68 3591/78/68 3590/77/68
f 3595/81/68 3594/78/68 3593/80/68
f 3598/82/68 3597/78/68 3596/81/68
f 3601/83/68 3600/78/68 3599/82/68
f 3604/79/68 3603/78/68 3602/83/68
f 3631/84/68 3630/85/68 3629/86/68
f 3634/87/68 3633/85/68 3632/84/68
f 3637/88/68 3636/85/68 3635/87/68
f 3640/89/68 3639/85/68 3638/88/68
f 3643/90/68 3642/85/68 3641/89/68
f 3646/86/68 3645/85/68 3644/90/68
f 3673/91/68 3672/92/68 3671/93/68
f 3676/94/68 3675/92/68 3674/91/68
f 3679/95/68 3678/92/68 3677/94/68
f 3682/96/68 3681/92/68 3680/95/68
f 3685/97/68 3684/92/68 3683/96/68
f 3687/93/68 3686/92/68 3685/97/68
f 3714/98/68 3713/99/68 3712/100/68
f 3717/101/68 3716/99/68 3715/98/68
f 3720/102/68 3719/99/68 3718/101/68
f 3723/103/68 3722/99/68 3721/102/68
f 3726/104/68 3725/99/68 3724/103/68
f 3729/100/68 3728/99/68 3727/104/68
f 3756/105/68 3755/106/68 3754/107/68
f 3759/108/68 3758/106/68 3757/105/68
f 3762/109/68 3761/106/68 3760/108/68
f 3765/110/68 3764/106/68 3763/109/68
f 3768/111/68 3767/106/68 3766/110/68
f 3771/107/68 3770/106/68 3769/111/68
f 3798/209/650 3797/210/650 3796/211/650
f 3801/212/651 3800/210/651 3799/209/651
f 3804/213/652 3803/210/652 3802/212/652
f 3807/214/652 3806/210/652 3805/213/652
f 3810/215/651 3809/210/651 3808/214/651
f 3813/211/652 3812/210/652 3811/215/652
f 3840/593/653 3839/594/653 3838/595/653
f 3843/596/652 3842/594/652 3841/593/652
f 3846/597/652 3845/594/652 3844/596/652
f 3849/598/652 3848/594/652 3847/597/652
f 3852/599/652 3851/594/652 3850/598/652
f 3855/595/652 3854/594/652 3853/599/652
f 3882/600/651 3881/601/651 3880/602/651
f 3885/603/651 3884/601/651 3883/600/651
f 3888/604/651 3887/601/651 3886/603/651
f 3891/605/651 3890/601/651 3889/604/651
f 3894/606/652 3893/601/652 3892/605/652
f 3897/602/652 3896/601/652 3895/606/652
f 3924/216/653 3923/217/653 3922/218/653
f 3927/219/654 3926/217/654 3925/216/654
f 3930/220/652 3929/217/652 3928/219/652
f 3933/221/652 3932/217/652 3931/220/652
f 3936/222/651 3935/217/651 3934/221/651
f 3939/218/652 3938/217/652 3937/222/652
f 3966/607/651 3965/608/651 3964/609/651
f 3969/610/652 3968/608/652 3967/607/652
f 3972/611/651 3971/608/651 3970/610/651
f 3975/612/653 3974/608/653 3973/611/653
f 3978/613/652 3977/608/652 3976/612/652
f 3981/609/652 3980/608/652 3979/613/652
f 4008/614/651 4007/615/651 4006/616/651
f 4011/617/653 4010/615/653 4009/614/653
f 4014/618/651 4013/615/651 4012/617/651
f 4017/619/655 4016/615/655 4015/618/655
f 4020/620/652 4019/615/652 4018/619/652
f 4023/616/652 4022/615/652 4021/620/652
f 2325/259/656 2328/260/657 2327/261/658
f 2326/262/659 2328/260/657 2325/259/656
f 2328/260/657 2326/262/659 2339/263/660
f 2338/264/661 2339/263/660 2326/262/659
f 2339/263/660 2338/264/661 2349/265/662
f 2348/266/663 2349/265/662 2338/264/661
f 2349/265/662 2348/266/663 2359/267/664
f 2358/268/665 2359/267/664 2348/266/663
f 2359/267/664 2358/268/665 2369/269/666
f 2368/270/667 2369/269/666 2358/268/665
f 2369/269/666 2368/270/667 2379/271/668
f 2378/272/669 2379/271/668 2368/270/667
f 2379/271/668 2378/272/669 2389/273/670
f 2388/274/671 2389/273/670 2378/272/669
f 2389/273/670 2388/274/671 2399/275/672
f 2398/276/673 2399/275/672 2388/274/671
f 2399/275/672 2398/276/673 2409/277/674
f 2408/278/675 2409/277/674 2398/276/673
f 2409/277/674 2408/278/675 2419/279/676
f 2418/280/677 2419/279/676 2408/278/675
f 2419/279/676 2418/280/677 2429/281/678
f 2428/282/679 2429/281/678 2418/280/677
f 2429/281/678 2428/282/679 2439/283/680
f 2439/283/680 2428/282/679 2438/284/681
f 2427/285/682 2438/284/681 2428/282/679
f 2438/284/681 2427/285/682 2437/286/683
f 2426/287/684 2437/286/683 2427/285/682
f 2437/286/683 2426/287/684 2436/288/685
f 2425/289/686 2436/288/685 2426/287/684
f 2436/288/685 2425/289/686 2435/290/687
f 2424/291/688 2435/290/687 2425/289/686
f 2435/290/687 2424/291/688 2434/292/689
f 2423/293/690 2434/292/689 2424/291/688
f 2434/292/689 2423/293/690 2433/294/691
f 2421/295/692 2433/294/691 2423/293/690
f 2433/294/691 2421/295/692 2431/296/693
f 2422/297/694 2431/296/693 2421/295/692
f 2431/296/693 2422/297/694 2432/298/695
f 2430/299/696 2432/298/695 2422/297/694
f 2432/298/695 2430/299/696 2440/300/697
f 2440/300/697 2430/299/696 2453/301/646
f 2453/301/646 2430/299/696 2452/302/698
f 2420/303/699 2452/302/698 2430/299/696
f 2452/302/698 2420/303/699 2451/304/700
f 2410/305/701 2451/304/700 2420/303/699
f 2451/304/700 2410/305/701 2450/306/565
f 2400/307/702 2450/306/565 2410/305/701
f 2450/306/565 2400/307/702 2449/308/703
f 2390/309/704 2449/308/703 2400/307/702
f 2449/308/703 2390/309/704 2448/310/590
f 2380/311/705 2448/310/590 2390/309/704
f 2448/310/590 2380/311/705 2447/312/706
f 2370/313/707 2447/312/706 2380/311/705
f 2447/312/706 2370/313/707 2446/314/708
f 2360/315/709 2446/314/708 2370/313/707
f 2446/314/708 2360/315/709 2445/316/710
f 2350/317/711 2445/316/710 2360/315/709
f 2445/316/710 2350/317/711 2444/318/589
f 2340/319/712 2444/318/589 2350/317/711
f 2444/318/589 2340/319/712 2443/320/713
f 2330/321/714 2443/320/713 2340/319/712
f 2443/320/713 2330/321/714 2441/322/569
f 2329/323/715 2441/322/569 2330/321/714
f 2441/322/569 2329/323/715 2442/324/647
f 2314/325/716 2329/323/715 2330/321/714
f 2329/323/715 2314/325/716 2313/326/717
f 2312/327/718 2313/326/717 2314/325/716
f 2313/326/717 2312/327/718 2311/328/719
f 2316/329/720 2311/328/719 2312/327/718
f 2311/328/719 2316/329/720 2315/330/721
f 2318/331/722 2315/330/721 2316/329/720
f 2315/330/721 2318/331/722 2317/332/723
f 2320/333/724 2317/332/723 2318/331/722
f 2317/332/723 2320/333/724 2319/334/725
f 2322/335/726 2319/334/725 2320/333/724
f 2319/334/725 2322/335/726 2321/336/727
f 2324/337/728 2321/336/727 2322/335/726
f 2321/336/727 2324/337/728 2323/338/729
f 2326/262/659 2323/338/729 2324/337/728
f 2323/338/729 2326/262/659 2325/259/656
f 2324/337/728 2338/264/661 2326/262/659
f 2337/339/730 2338/264/661 2324/337/728
f 2338/264/661 2337/339/730 2348/266/663
f 2347/340/731 2348/266/663 2337/339/730
f 2348/266/663 2347/340/731 2358/268/665
f 2357/341/732 2358/268/665 2347/340/731
f 2358/268/665 2357/341/732 2368/270/667
f 2367/342/733 2368/270/667 2357/341/732
f 2368/270/667 2367/342/733 2378/272/669
f 2377/343/734 2378/272/669 2367/342/733
f 2378/272/669 2377/343/734 2388/274/671
f 2387/344/735 2388/274/671 2377/343/734
f 2388/274/671 2387/344/735 2398/276/673
f 2397/345/736 2398/276/673 2387/344/735
f 2398/276/673 2397/345/736 2408/278/675
f 2407/346/737 2408/278/675 2397/345/736
f 2408/278/675 2407/346/737 2418/280/677
f 2417/347/738 2418/280/677 2407/346/737
f 2418/280/677 2417/347/738 2428/282/679
f 2428/282/679 2417/347/738 2427/285/682
f 2416/348/739 2427/285/682 2417/347/738
f 2427/285/682 2416/348/739 2426/287/684
f 2415/349/740 2426/287/684 2416/348/739
f 2426/287/684 2415/349/740 2425/289/686
f 2414/350/741 2425/289/686 2415/349/740
f 2425/289/686 2414/350/741 2424/291/688
f 2413/351/742 2424/291/688 2414/350/741
f 2424/291/688 2413/351/742 2423/293/690
f 2411/352/743 2423/293/690 2413/351/742
f 2423/293/690 2411/352/743 2421/295/692
f 2412/353/744 2421/295/692 2411/352/743
f 2421/295/692 2412/353/744 2422/297/694
f 2420/303/699 2422/297/694 2412/353/744
f 2422/297/694 2420/303/699 2430/299/696
f 2412/353/744 2410/305/701 2420/303/699
f 2402/354/745 2410/305/701 2412/353/744
f 2410/305/701 2402/354/745 2400/307/702
f 2392/355/746 2400/307/702 2402/354/745
f 2400/307/702 2392/355/746 2390/309/704
f 2382/356/747 2390/309/704 2392/355/746
f 2390/309/704 2382/356/747 2380/311/705
f 2372/357/748 2380/311/705 2382/356/747
f 2380/311/705 2372/357/748 2370/313/707
f 2362/358/749 2370/313/707 2372/357/748
f 2370/313/707 2362/358/749 2360/315/709
f 2352/359/750 2360/315/709 2362/358/749
f 2360/315/709 2352/359/750 2350/317/711
f 2342/360/751 2350/317/711 2352/359/750
f 2350/317/711 2342/360/751 2340/319/712
f 2332/361/752 2340/319/712 2342/360/751
f 2340/319/712 2332/361/752 2330/321/714
f 2330/321/714 2332/361/752 2314/325/716
f 2331/362/753 2314/325/716 2332/361/752
f 2314/325/716 2331/362/753 2312/327/718
f 2333/363/754 2312/327/718 2331/362/753
f 2312/327/718 2333/363/754 2316/329/720
f 2334/364/755 2316/329/720 2333/363/754
f 2316/329/720 2334/364/755 2318/331/722
f 2335/365/756 2318/331/722 2334/364/755
f 2318/331/722 2335/365/756 2320/333/724
f 2336/366/757 2320/333/724 2335/365/756
f 2320/333/724 2336/366/757 2322/335/726
f 2337/339/730 2322/335/726 2336/366/757
f 2322/335/726 2337/339/730 2324/337/728
f 2336/366/757 2347/340/731 2337/339/730
f 2346/367/758 2347/340/731 2336/366/757
f 2347/340/731 2346/367/758 2357/341/732
f 2356/368/759 2357/341/732 2346/367/758
f 2357/341/732 2356/368/759 2367/342/733
f 2366/369/760 2367/342/733 2356/368/759
f 2367/342/733 2366/369/760 2377/343/734
f 2376/370/761 2377/343/734 2366/369/760
f 2377/343/734 2376/370/761 2387/344/735
f 2386/371/762 2387/344/735 2376/370/761
f 2387/344/735 2386/371/762 2397/345/736
f 2396/372/763 2397/345/736 2386/371/762
f 2397/345/736 2396/372/763 2407/346/737
f 2406/373/764 2407/346/737 2396/372/763
f 2407/346/737 2406/373/764 2417/347/738
f 2417/347/738 2406/373/764 2416/348/739
f 2405/374/765 2416/348/739 2406/373/764
f 2416/348/739 2405/374/765 2415/349/740
f 2404/375/766 2415/349/740 2405/374/765
f 2415/349/740 2404/375/766 2414/350/741
f 2403/376/767 2414/350/741 2404/375/766
f 2414/350/741 2403/376/767 2413/351/742
f 2401/377/768 2413/351/742 2403/376/767
f 2413/351/742 2401/377/768 2411/352/743
f 2402/354/745 2411/352/743 2401/377/768
f 2411/352/743 2402/354/745 2412/353/744
f 2401/377/768 2392/355/746 2402/354/745
f 2391/378/769 2392/355/746 2401/377/768
f 2392/355/746 2391/378/769 2382/356/747
f 2381/379/770 2382/356/747 2391/378/769
f 2382/356/747 2381/379/770 2372/357/748
f 2371/380/771 2372/357/748 2381/379/770
f 2372/357/748 2371/380/771 2362/358/749
f 2361/381/772 2362/358/749 2371/380/771
f 2362/358/749 2361/381/772 2352/359/750
f 2351/382/773 2352/359/750 2361/381/772
f 2352/359/750 2351/382/773 2342/360/751
f 2341/383/774 2342/360/751 2351/382/773
f 2342/360/751 2341/383/774 2332/361/752
f 2332/361/752 2341/383/774 2331/362/753
f 2343/384/775 2331/362/753 2341/383/774
f 2331/362/753 2343/384/775 2333/363/754
f 2344/385/776 2333/363/754 2343/384/775
f 2333/363/754 2344/385/776 2334/364/755
f 2345/386/777 2334/364/755 2344/385/776
f 2334/364/755 2345/386/777 2335/365/756
f 2346/367/758 2335/365/756 2345/386/777
f 2335/365/756 2346/367/758 2336/366/757
f 2345/386/777 2356/368/759 2346/367/758
f 2355/387/778 2356/368/759 2345/386/777
f 2356/368/759 2355/387/778 2366/369/760
f 2365/388/779 2366/369/760 2355/387/778
f 2366/369/760 2365/388/779 2376/370/761
f 2375/389/780 2376/370/761 2365/388/779
f 2376/370/761 2375/389/780 2386/371/762
f 2385/390/781 2386/371/762 2375/389/780
f 2386/371/762 2385/390/781 2396/372/763
f 2395/391/782 2396/372/763 2385/390/781
f 2396/372/763 2395/391/782 2406/373/764
f 2406/373/764 2395/391/782 2405/374/765
f 2394/392/783 2405/374/765 2395/391/782
f 2405/374/765 2394/392/783 2404/375/766
f 2393/393/784 2404/375/766 2394/392/783
f 2404/375/766 2393/393/784 2403/376/767
f 2391/378/769 2403/376/767 2393/393/784
f 2403/376/767 2391/378/769 2401/377/768
f 2393/393/784 2381/379/770 2391/378/769
f 2383/394/785 2381/379/770 2393/393/784
f 2381/379/770 2383/394/785 2371/380/771
f 2373/395/786 2371/380/771 2383/394/785
f 2371/380/771 2373/395/786 2361/381/772
f 2363/396/787 2361/381/772 2373/395/786
f 2361/381/772 2363/396/787 2351/382/773
f 2353/397/788 2351/382/773 2363/396/787
f 2351/382/773 2353/397/788 2341/383/774
f 2341/383/774 2353/397/788 2343/384/775
f 2354/398/789 2343/384/775 2353/397/788
f 2343/384/775 2354/398/789 2344/385/776
f 2355/387/778 2344/385/776 2354/398/789
f 2344/385/776 2355/387/778 2345/386/777
f 2354/398/789 2365/388/779 2355/387/778
f 2364/399/790 2365/388/779 2354/398/789
f 2365/388/779 2364/399/790 2375/389/780
f 2374/400/791 2375/389/780 2364/399/790
f 2375/389/780 2374/400/791 2385/390/781
f 2384/401/792 2385/390/781 2374/400/791
f 2385/390/781 2384/401/792 2395/391/782
f 2395/391/782 2384/401/792 2394/392/783
f 2383/394/785 2394/392/783 2384/401/792
f 2394/392/783 2383/394/785 2393/393/784
f 2384/401/792 2373/395/786 2383/394/785
f 2374/400/791 2373/395/786 2384/401/792
f 2373/395/786 2374/400/791 2363/396/787
f 2364/399/790 2363/396/787 2374/400/791
f 2363/396/787 2364/399/790 2353/397/788
f 2354/398/789 2353/397/788 2364/399/790
f 2632/402/590 2520/403/793 2633/404/794
f 2521/405/795 2520/403/793 2632/402/590
f 2505/406/796 2520/403/793 2521/405/795
f 2520/403/793 2505/406/796 2504/407/797
f 2503/408/798 2504/407/797 2505/406/796
f 2504/407/797 2503/408/798 2502/409/799
f 2507/410/800 2502/409/799 2503/408/798
f 2502/409/799 2507/410/800 2506/411/801
f 2509/412/802 2506/411/801 2507/410/800
f 2506/411/801 2509/412/802 2508/413/803
f 2511/414/804 2508/413/803 2509/412/802
f 2508/413/803 2511/414/804 2510/415/805
f 2513/416/806 2510/415/805 2511/414/804
f 2510/415/805 2513/416/806 2512/417/807
f 2515/418/808 2512/417/807 2513/416/806
f 2512/417/807 2515/418/808 2514/419/809
f 2517/420/810 2514/419/809 2515/418/808
f 2514/419/809 2517/420/810 2516/421/811
f 2519/422/812 2516/421/811 2517/420/810
f 2516/421/811 2519/422/812 2518/423/72
f 2518/423/72 2519/422/812 2645/283/72
f 2645/283/72 2519/422/812 2646/281/813
f 2530/424/814 2646/281/813 2519/422/812
f 2646/281/813 2530/424/814 2647/279/815
f 2540/425/565 2647/279/815 2530/424/814
f 2647/279/815 2540/425/565 2648/277/564
f 2550/426/816 2648/277/564 2540/425/565
f 2648/277/564 2550/426/816 2649/275/817
f 2560/427/818 2649/275/817 2550/426/816
f 2649/275/817 2560/427/818 2650/273/819
f 2570/428/820 2650/273/819 2560/427/818
f 2650/273/819 2570/428/820 2651/271/68
f 2580/429/821 2651/271/68 2570/428/820
f 2651/271/68 2580/429/821 2652/269/822
f 2590/430/823 2652/269/822 2580/429/821
f 2652/269/822 2590/430/823 2653/267/824
f 2600/431/589 2653/267/824 2590/430/823
f 2653/267/824 2600/431/589 2654/265/570
f 2610/432/825 2654/265/570 2600/431/589
f 2654/265/570 2610/432/825 2655/263/826
f 2620/433/827 2655/263/826 2610/432/825
f 2655/263/826 2620/433/827 2656/260/828
f 2630/434/369 2656/260/828 2620/433/827
f 2656/260/828 2630/434/369 2657/261/72
f 2619/435/829 2630/434/369 2620/433/827
f 2630/434/369 2619/435/829 2629/436/830
f 2618/437/831 2629/436/830 2619/435/829
f 2629/436/830 2618/437/831 2628/438/832
f 2617/439/833 2628/438/832 2618/437/831
f 2628/438/832 2617/439/833 2627/440/834
f 2616/441/835 2627/440/834 2617/439/833
f 2627/440/834 2616/441/835 2626/442/836
f 2615/443/837 2626/442/836 2616/441/835
f 2626/442/836 2615/443/837 2625/444/838
f 2614/445/839 2625/444/838 2615/443/837
f 2625/444/838 2614/445/839 2624/446/840
f 2612/447/841 2624/446/840 2614/445/839
f 2624/446/840 2612/447/841 2622/448/842
f 2613/449/843 2622/448/842 2612/447/841
f 2622/448/842 2613/449/843 2623/450/844
f 2621/451/845 2623/450/844 2613/449/843
f 2623/450/844 2621/451/845 2631/452/846
f 2631/452/846 2621/451/845 2644/453/847
f 2644/453/847 2621/451/845 2643/454/708
f 2611/455/848 2643/454/708 2621/451/845
f 2643/454/708 2611/455/848 2642/456/849
f 2601/457/850 2642/456/849 2611/455/848
f 2642/456/849 2601/457/850 2641/458/589
f 2591/459/851 2641/458/589 2601/457/850
f 2641/458/589 2591/459/851 2640/460/713
f 2581/461/852 2640/460/713 2591/459/851
f 2640/460/713 2581/461/852 2639/462/568
f 2571/463/853 2639/462/568 2581/461/852
f 2639/462/568 2571/463/853 2638/464/646
f 2561/465/854 2638/464/646 2571/463/853
f 2638/464/646 2561/465/854 2637/466/566
f 2551/467/855 2637/466/566 2561/465/854
f 2637/466/566 2551/467/855 2636/468/700
f 2541/469/856 2636/468/700 2551/467/855
f 2636/468/700 2541/469/856 2635/470/564
f 2531/471/857 2635/470/564 2541/469/856
f 2635/470/564 2531/471/857 2634/472/858
f 2521/405/795 2634/472/858 2531/471/857
f 2634/472/858 2521/405/795 2632/402/590
f 2523/473/859 2521/405/795 2531/471/857
f 2521/405/795 2523/473/859 2505/406/796
f 2522/474/860 2505/406/796 2523/473/859
f 2505/406/796 2522/474/860 2503/408/798
f 2524/475/861 2503/408/798 2522/474/860
f 2503/408/798 2524/475/861 2507/410/800
f 2525/476/862 2507/410/800 2524/475/861
f 2507/410/800 2525/476/862 2509/412/802
f 2526/477/863 2509/412/802 2525/476/862
f 2509/412/802 2526/477/863 2511/414/804
f 2527/478/864 2511/414/804 2526/477/863
f 2511/414/804 2527/478/864 2513/416/806
f 2528/479/865 2513/416/806 2527/478/864
f 2513/416/806 2528/479/865 2515/418/808
f 2529/480/866 2515/418/808 2528/479/865
f 2515/418/808 2529/480/866 2517/420/810
f 2530/424/814 2517/420/810 2529/480/866
f 2517/420/810 2530/424/814 2519/422/812
f 2529/480/866 2540/425/565 2530/424/814
f 2539/481/867 2540/425/565 2529/480/866
f 2540/425/565 2539/481/867 2550/426/816
f 2549/482/868 2550/426/816 2539/481/867
f 2550/426/816 2549/482/868 2560/427/818
f 2559/483/869 2560/427/818 2549/482/868
f 2560/427/818 2559/483/869 2570/428/820
f 2569/484/870 2570/428/820 2559/483/869
f 2570/428/820 2569/484/870 2580/429/821
f 2579/485/871 2580/429/821 2569/484/870
f 2580/429/821 2579/485/871 2590/430/823
f 2589/486/872 2590/430/823 2579/485/871
f 2590/430/823 2589/486/872 2600/431/589
f 2599/487/873 2600/431/589 2589/486/872
f 2600/431/589 2599/487/873 2610/432/825
f 2609/488/874 2610/432/825 2599/487/873
f 2610/432/825 2609/488/874 2620/433/827
f 2620/433/827 2609/488/874 2619/435/829
f 2608/489/875 2619/435/829 2609/488/874
f 2619/435/829 2608/489/875 2618/437/831
f 2607/490/876 2618/437/831 2608/489/875
f 2618/437/831 2607/490/876 2617/439/833
f 2606/491/877 2617/439/833 2607/490/876
f 2617/439/833 2606/491/877 2616/441/835
f 2605/492/878 2616/441/835 2606/491/877
f 2616/441/835 2605/492/878 2615/443/837
f 2604/493/879 2615/443/837 2605/492/878
f 2615/443/837 2604/493/879 2614/445/839
f 2602/494/880 2614/445/839 2604/493/879
f 2614/445/839 2602/494/880 2612/447/841
f 2603/495/881 2612/447/841 2602/494/880
f 2612/447/841 2603/495/881 2613/449/843
f 2611/455/848 2613/449/843 2603/495/881
f 2613/449/843 2611/455/848 2621/451/845
f 2603/495/881 2601/457/850 2611/455/848
f 2593/496/882 2601/457/850 2603/495/881
f 2601/457/850 2593/496/882 2591/459/851
f 2583/497/883 2591/459/851 2593/496/882
f 2591/459/851 2583/497/883 2581/461/852
f 2573/498/884 2581/461/852 2583/497/883
f 2581/461/852 2573/498/884 2571/463/853
f 2563/499/885 2571/463/853 2573/498/884
f 2571/463/853 2563/499/885 2561/465/854
f 2553/500/886 2561/465/854 2563/499/885
f 2561/465/854 2553/500/886 2551/467/855
f 2543/501/887 2551/467/855 2553/500/886
f 2551/467/855 2543/501/887 2541/469/856
f 2533/502/888 2541/469/856 2543/501/887
f 2541/469/856 2533/502/888 2531/471/857
f 2531/471/857 2533/502/888 2523/473/859
f 2532/503/889 2523/473/859 2533/502/888
f 2523/473/859 2532/503/889 2522/474/860
f 2534/504/890 2522/474/860 2532/503/889
f 2522/474/860 2534/504/890 2524/475/861
f 2535/505/891 2524/475/861 2534/504/890
f 2524/475/861 2535/505/891 2525/476/862
f 2536/506/892 2525/476/862 2535/505/891
f 2525/476/862 2536/506/892 2526/477/863
f 2537/507/893 2526/477/863 2536/506/892
f 2526/477/863 2537/507/893 2527/478/864
f 2538/508/894 2527/478/864 2537/507/893
f 2527/478/864 2538/508/894 2528/479/865
f 2539/481/867 2528/479/865 2538/508/894
f 2528/479/865 2539/481/867 2529/480/866
f 2538/508/894 2549/482/868 2539/481/867
f 2548/509/895 2549/482/868 2538/508/894
f 2549/482/868 2548/509/895 2559/483/869
f 2558/510/896 2559/483/869 2548/509/895
f 2559/483/869 2558/510/896 2569/484/870
f 2568/511/897 2569/484/870 2558/510/896
f 2569/484/870 2568/511/897 2579/485/871
f 2578/512/898 2579/485/871 2568/511/897
f 2579/485/871 2578/512/898 2589/486/872
f 2588/513/899 2589/486/872 2578/512/898
f 2589/486/872 2588/513/899 2599/487/873
f 2598/514/900 2599/487/873 2588/513/899
f 2599/487/873 2598/514/900 2609/488/874
f 2609/488/874 2598/514/900 2608/489/875
f 2597/515/901 2608/489/875 2598/514/900
f 2608/489/875 2597/515/901 2607/490/876
f 2596/516/902 2607/490/876 2597/515/901
f 2607/490/876 2596/516/902 2606/491/877
f 2595/517/903 2606/491/877 2596/516/902
f 2606/491/877 2595/517/903 2605/492/878
f 2594/518/904 2605/492/878 2595/517/903
f 2605/492/878 2594/518/904 2604/493/879
f 2592/519/905 2604/493/879 2594/518/904
f 2604/493/879 2592/519/905 2602/494/880
f 2593/496/882 2602/494/880 2592/519/905
f 2602/494/880 2593/496/882 2603/495/881
f 2592/519/905 2583/497/883 2593/496/882
f 2582/520/906 2583/497/883 2592/519/905
f 2583/497/883 2582/520/906 2573/498/884
f 2572/521/907 2573/498/884 2582/520/906
f 2573/498/884 2572/521/907 2563/499/885
f 2562/522/908 2563/499/885 2572/521/907
f 2563/499/885 2562/522/908 2553/500/886
f 2552/523/909 2553/500/886 2562/522/908
f 2553/500/886 2552/523/909 2543/501/887
f 2542/524/910 2543/501/887 2552/523/909
f 2543/501/887 2542/524/910 2533/502/888
f 2533/502/888 2542/524/910 2532/503/889
f 2544/525/911 2532/503/889 2542/524/910
f 2532/503/889 2544/525/911 2534/504/890
f 2545/526/912 2534/504/890 2544/525/911
f 2534/504/890 2545/526/912 2535/505/891
f 2546/527/913 2535/505/891 2545/526/912
f 2535/505/891 2546/527/913 2536/506/892
f 2547/528/914 2536/506/892 2546/527/913
f 2536/506/892 2547/528/914 2537/507/893
f 2548/509/895 2537/507/893 2547/528/914
f 2537/507/893 2548/509/895 2538/508/894
f 2547/528/914 2558/510/896 2548/509/895
f 2557/529/915 2558/510/896 2547/528/914
f 2558/510/896 2557/529/915 2568/511/897
f 2567/530/916 2568/511/897 2557/529/915
f 2568/511/897 2567/530/916 2578/512/898
f 2577/531/917 2578/512/898 2567/530/916
f 2578/512/898 2577/531/917 2588/513/899
f 2587/532/918 2588/513/899 2577/531/917
f 2588/513/899 2587/532/918 2598/514/900
f 2598/514/900 2587/532/918 2597/515/901
f 2586/533/919 2597/515/901 2587/532/918
f 2597/515/901 2586/533/919 2596/516/902
f 2585/534/920 2596/516/902 2586/533/919
f 2596/516/902 2585/534/920 2595/517/903
f 2584/535/921 2595/517/903 2585/534/920
f 2595/517/903 2584/535/921 2594/518/904
f 2582/520/906 2594/518/904 2584/535/921
f 2594/518/904 2582/520/906 2592/519/905
f 2584/535/921 2572/521/907 2582/520/906
f 2574/536/922 2572/521/907 2584/535/921
f 2572/521/907 2574/536/922 2562/522/908
f 2564/537/923 2562/522/908 2574/536/922
f 2562/522/908 2564/537/923 2552/523/909
f 2554/538/924 2552/523/909 2564/537/923
f 2552/523/909 2554/538/924 2542/524/910
f 2542/524/910 2554/538/924 2544/525/911
f 2555/539/925 2544/525/911 2554/538/924
f 2544/525/911 2555/539/925 2545/526/912
f 2556/540/926 2545/526/912 2555/539/925
f 2545/526/912 2556/540/926 2546/527/913
f 2557/529/915 2546/527/913 2556/540/926
f 2546/527/913 2557/529/915 2547/528/914
f 2556/540/926 2567/530/916 2557/529/915
f 2566/541/927 2567/530/916 2556/540/926
f 2567/530/916 2566/541/927 2577/531/917
f 2576/542/928 2577/531/917 2566/541/927
f 2577/531/917 2576/542/928 2587/532/918
f 2587/532/918 2576/542/928 2586/533/919
f 2575/543/929 2586/533/919 2576/542/928
f 2586/533/919 2575/543/929 2585/534/920
f 2574/536/922 2585/534/920 2575/543/929
f 2585/534/920 2574/536/922 2584/535/921
f 2575/543/929 2564/537/923 2574/536/922
f 2565/544/930 2564/537/923 2575/543/929
f 2564/537/923 2565/544/930 2554/538/924
f 2554/538/924 2565/544/930 2555/539/925
f 2566/541/927 2555/539/925 2565/544/930
f 2555/539/925 2566/541/927 2556/540/926
f 2565/544/930 2576/542/928 2566/541/927
f 2576/542/928 2565/544/930 2575/543/929
f 2720/259/656 2723/260/657 2722/261/658
f 2721/262/659 2723/260/657 2720/259/656
f 2723/260/657 2721/262/659 2734/263/660
f 2733/264/661 2734/263/660 2721/262/659
f 2734/263/660 2733/264/661 2744/265/662
f 2743/266/663 2744/265/662 2733/264/661
f 2744/265/662 2743/266/663 2754/267/664
f 2753/268/931 2754/267/664 2743/266/663
f 2754/267/664 2753/268/931 2764/269/666
f 2763/270/667 2764/269/666 2753/268/931
f 2764/269/666 2763/270/667 2774/271/668
f 2773/272/669 2774/271/668 2763/270/667
f 2774/271/668 2773/272/669 2784/273/670
f 2783/274/671 2784/273/670 2773/272/669
f 2784/273/670 2783/274/671 2794/275/932
f 2793/276/673 2794/275/932 2783/274/671
f 2794/275/932 2793/276/673 2804/277/674
f 2803/278/933 2804/277/674 2793/276/673
f 2804/277/674 2803/278/933 2814/279/934
f 2813/280/677 2814/279/934 2803/278/933
f 2814/279/934 2813/280/677 2824/281/678
f 2823/282/679 2824/281/678 2813/280/677
f 2824/281/678 2823/282/679 2834/283/680
f 2834/283/680 2823/282/679 2833/284/681
f 2822/285/682 2833/284/681 2823/282/679
f 2833/284/681 2822/285/682 2832/286/683
f 2821/287/684 2832/286/683 2822/285/682
f 2832/286/683 2821/287/684 2831/288/685
f 2820/289/686 2831/288/685 2821/287/684
f 2831/288/685 2820/289/686 2830/290/725
f 2819/291/935 2830/290/725 2820/289/686
f 2830/290/725 2819/291/935 2829/292/689
f 2818/293/936 2829/292/689 2819/291/935
f 2829/292/689 2818/293/936 2828/294/937
f 2816/295/692 2828/294/937 2818/293/936
f 2828/294/937 2816/295/692 2826/296/693
f 2817/297/694 2826/296/693 2816/295/692
f 2826/296/693 2817/297/694 2827/298/695
f 2825/299/696 2827/298/695 2817/297/694
f 2827/298/695 2825/299/696 2835/300/697
f 2835/300/697 2825/299/696 2848/301/646
f 2848/301/646 2825/299/696 2847/302/698
f 2815/303/699 2847/302/698 2825/299/696
f 2847/302/698 2815/303/699 2846/304/700
f 2805/305/938 2846/304/700 2815/303/699
f 2846/304/700 2805/305/938 2845/306/564
f 2795/307/702 2845/306/564 2805/305/938
f 2845/306/564 2795/307/702 2844/308/703
f 2785/309/704 2844/308/703 2795/307/702
f 2844/308/703 2785/309/704 2843/310/590
f 2775/311/939 2843/310/590 2785/309/704
f 2843/310/590 2775/311/939 2842/312/847
f 2765/313/707 2842/312/847 2775/311/939
f 2842/312/847 2765/313/707 2841/314/940
f 2755/315/709 2841/314/940 2765/313/707
f 2841/314/940 2755/315/709 2840/316/710
f 2745/317/711 2840/316/710 2755/315/709
f 2840/316/710 2745/317/711 2839/318/570
f 2735/319/712 2839/318/570 2745/317/711
f 2839/318/570 2735/319/712 2838/320/713
f 2725/321/941 2838/320/713 2735/319/712
f 2838/320/713 2725/321/941 2836/322/568
f 2724/323/715 2836/322/568 2725/321/941
f 2836/322/568 2724/323/715 2837/324/647
f 2709/325/716 2724/323/715 2725/321/941
f 2724/323/715 2709/325/716 2708/326/717
f 2707/327/718 2708/326/717 2709/325/716
f 2708/326/717 2707/327/718 2706/328/693
f 2711/329/720 2706/328/693 2707/327/718
f 2706/328/693 2711/329/720 2710/330/721
f 2713/331/722 2710/330/721 2711/329/720
f 2710/330/721 2713/331/722 2712/332/723
f 2715/333/724 2712/332/723 2713/331/722
f 2712/332/723 2715/333/724 2714/334/942
f 2717/335/726 2714/334/942 2715/333/724
f 2714/334/942 2717/335/726 2716/336/727
f 2719/337/728 2716/336/727 2717/335/726
f 2716/336/727 2719/337/728 2718/338/943
f 2721/262/659 2718/338/943 2719/337/728
f 2718/338/943 2721/262/659 2720/259/656
f 2719/337/728 2733/264/661 2721/262/659
f 2732/339/730 2733/264/661 2719/337/728
f 2733/264/661 2732/339/730 2743/266/663
f 2742/340/944 2743/266/663 2732/339/730
f 2743/266/663 2742/340/944 2753/268/931
f 2752/341/732 2753/268/931 2742/340/944
f 2753/268/931 2752/341/732 2763/270/667
f 2762/342/733 2763/270/667 2752/341/732
f 2763/270/667 2762/342/733 2773/272/669
f 2772/343/734 2773/272/669 2762/342/733
f 2773/272/669 2772/343/734 2783/274/671
f 2782/344/735 2783/274/671 2772/343/734
f 2783/274/671 2782/344/735 2793/276/673
f 2792/345/736 2793/276/673 2782/344/735
f 2793/276/673 2792/345/736 2803/278/933
f 2802/346/945 2803/278/933 2792/345/736
f 2803/278/933 2802/346/945 2813/280/677
f 2812/347/738 2813/280/677 2802/346/945
f 2813/280/677 2812/347/738 2823/282/679
f 2823/282/679 2812/347/738 2822/285/682
f 2811/348/739 2822/285/682 2812/347/738
f 2822/285/682 2811/348/739 2821/287/684
f 2810/349/740 2821/287/684 2811/348/739
f 2821/287/684 2810/349/740 2820/289/686
f 2809/350/946 2820/289/686 2810/349/740
f 2820/289/686 2809/350/946 2819/291/935
f 2808/351/742 2819/291/935 2809/350/946
f 2819/291/935 2808/351/742 2818/293/936
f 2806/352/743 2818/293/936 2808/351/742
f 2818/293/936 2806/352/743 2816/295/692
f 2807/353/744 2816/295/692 2806/352/743
f 2816/295/692 2807/353/744 2817/297/694
f 2815/303/699 2817/297/694 2807/353/744
f 2817/297/694 2815/303/699 2825/299/696
f 2807/353/744 2805/305/938 2815/303/699
f 2797/354/745 2805/305/938 2807/353/744
f 2805/305/938 2797/354/745 2795/307/702
f 2787/355/746 2795/307/702 2797/354/745
f 2795/307/702 2787/355/746 2785/309/704
f 2777/356/747 2785/309/704 2787/355/746
f 2785/309/704 2777/356/747 2775/311/939
f 2767/357/947 2775/311/939 2777/356/747
f 2775/311/939 2767/357/947 2765/313/707
f 2757/358/749 2765/313/707 2767/357/947
f 2765/313/707 2757/358/749 2755/315/709
f 2747/359/750 2755/315/709 2757/358/749
f 2755/315/709 2747/359/750 2745/317/711
f 2737/360/751 2745/317/711 2747/359/750
f 2745/317/711 2737/360/751 2735/319/712
f 2727/361/752 2735/319/712 2737/360/751
f 2735/319/712 2727/361/752 2725/321/941
f 2725/321/941 2727/361/752 2709/325/716
f 2726/362/753 2709/325/716 2727/361/752
f 2709/325/716 2726/362/753 2707/327/718
f 2728/363/754 2707/327/718 2726/362/753
f 2707/327/718 2728/363/754 2711/329/720
f 2729/364/755 2711/329/720 2728/363/754
f 2711/329/720 2729/364/755 2713/331/722
f 2730/365/756 2713/331/722 2729/364/755
f 2713/331/722 2730/365/756 2715/333/724
f 2731/366/757 2715/333/724 2730/365/756
f 2715/333/724 2731/366/757 2717/335/726
f 2732/339/730 2717/335/726 2731/366/757
f 2717/335/726 2732/339/730 2719/337/728
f 2731/366/757 2742/340/944 2732/339/730
f 2741/367/948 2742/340/944 2731/366/757
f 2742/340/944 2741/367/948 2752/341/732
f 2751/368/949 2752/341/732 2741/367/948
f 2752/341/732 2751/368/949 2762/342/733
f 2761/369/760 2762/342/733 2751/368/949
f 2762/342/733 2761/369/760 2772/343/734
f 2771/370/950 2772/343/734 2761/369/760
f 2772/343/734 2771/370/950 2782/344/735
f 2781/371/762 2782/344/735 2771/370/950
f 2782/344/735 2781/371/762 2792/345/736
f 2791/372/951 2792/345/736 2781/371/762
f 2792/345/736 2791/372/951 2802/346/945
f 2801/373/764 2802/346/945 2791/372/951
f 2802/346/945 2801/373/764 2812/347/738
f 2812/347/738 2801/373/764 2811/348/739
f 2800/374/765 2811/348/739 2801/373/764
f 2811/348/739 2800/374/765 2810/349/740
f 2799/375/766 2810/349/740 2800/374/765
f 2810/349/740 2799/375/766 2809/350/946
f 2798/376/767 2809/350/946 2799/375/766
f 2809/350/946 2798/376/767 2808/351/742
f 2796/377/952 2808/351/742 2798/376/767
f 2808/351/742 2796/377/952 2806/352/743
f 2797/354/745 2806/352/743 2796/377/952
f 2806/352/743 2797/354/745 2807/353/744
f 2796/377/952 2787/355/746 2797/354/745
f 2786/378/769 2787/355/746 2796/377/952
f 2787/355/746 2786/378/769 2777/356/747
f 2776/379/770 2777/356/747 2786/378/769
f 2777/356/747 2776/379/770 2767/357/947
f 2766/380/953 2767/357/947 2776/379/770
f 2767/357/947 2766/380/953 2757/358/749
f 2756/381/772 2757/358/749 2766/380/953
f 2757/358/749 2756/381/772 2747/359/750
f 2746/382/954 2747/359/750 2756/381/772
f 2747/359/750 2746/382/954 2737/360/751
f 2736/383/774 2737/360/751 2746/382/954
f 2737/360/751 2736/383/774 2727/361/752
f 2727/361/752 2736/383/774 2726/362/753
f 2738/384/775 2726/362/753 2736/383/774
f 2726/362/753 2738/384/775 2728/363/754
f 2739/385/955 2728/363/754 2738/384/775
f 2728/363/754 2739/385/955 2729/364/755
f 2740/386/956 2729/364/755 2739/385/955
f 2729/364/755 2740/386/956 2730/365/756
f 2741/367/948 2730/365/756 2740/386/956
f 2730/365/756 2741/367/948 2731/366/757
f 2740/386/956 2751/368/949 2741/367/948
f 2750/387/778 2751/368/949 2740/386/956
f 2751/368/949 2750/387/778 2761/369/760
f 2760/388/957 2761/369/760 2750/387/778
f 2761/369/760 2760/388/957 2771/370/950
f 2770/389/958 2771/370/950 2760/388/957
f 2771/370/950 2770/389/958 2781/371/762
f 2780/390/781 2781/371/762 2770/389/958
f 2781/371/762 2780/390/781 2791/372/951
f 2790/391/782 2791/372/951 2780/390/781
f 2791/372/951 2790/391/782 2801/373/764
f 2801/373/764 2790/391/782 2800/374/765
f 2789/392/783 2800/374/765 2790/391/782
f 2800/374/765 2789/392/783 2799/375/766
f 2788/393/784 2799/375/766 2789/392/783
f 2799/375/766 2788/393/784 2798/376/767
f 2786/378/769 2798/376/767 2788/393/784
f 2798/376/767 2786/378/769 2796/377/952
f 2788/393/784 2776/379/770 2786/378/769
f 2778/394/785 2776/379/770 2788/393/784
f 2776/379/770 2778/394/785 2766/380/953
f 2768/395/786 2766/380/953 2778/394/785
f 2766/380/953 2768/395/786 2756/381/772
f 2758/396/787 2756/381/772 2768/395/786
f 2756/381/772 2758/396/787 2746/382/954
f 2748/397/788 2746/382/954 2758/396/787
f 2746/382/954 2748/397/788 2736/383/774
f 2736/383/774 2748/397/788 2738/384/775
f 2749/398/789 2738/384/775 2748/397/788
f 2738/384/775 2749/398/789 2739/385/955
f 2750/387/778 2739/385/955 2749/398/789
f 2739/385/955 2750/387/778 2740/386/956
f 2749/398/789 2760/388/957 2750/387/778
f 2759/399/790 2760/388/957 2749/398/789
f 2760/388/957 2759/399/790 2770/389/958
f 2769/400/959 2770/389/958 2759/399/790
f 2770/389/958 2769/400/959 2780/390/781
f 2779/401/792 2780/390/781 2769/400/959
f 2780/390/781 2779/401/792 2790/391/782
f 2790/391/782 2779/401/792 2789/392/783
f 2778/394/785 2789/392/783 2779/401/792
f 2789/392/783 2778/394/785 2788/393/784
f 2779/401/792 2768/395/786 2778/394/785
f 2769/400/959 2768/395/786 2779/401/792
f 2768/395/786 2769/400/959 2758/396/787
f 2759/399/790 2758/396/787 2769/400/959
f 2758/396/787 2759/399/790 2748/397/788
f 2749/398/789 2748/397/788 2759/399/790
f 3027/402/574 2915/403/793 3028/404/794
f 2916/405/795 2915/403/793 3027/402/574
f 2900/406/960 2915/403/793 2916/405/795
f 2915/403/793 2900/406/960 2899/407/797
f 2898/408/961 2899/407/797 2900/406/960
f 2899/407/797 2898/408/961 2897/409/962
f 2902/410/800 2897/409/962 2898/408/961
f 2897/409/962 2902/410/800 2901/411/801
f 2904/412/802 2901/411/801 2902/410/800
f 2901/411/801 2904/412/802 2903/413/963
f 2906/414/804 2903/413/963 2904/412/802
f 2903/413/963 2906/414/804 2905/415/805
f 2908/416/806 2905/415/805 2906/414/804
f 2905/415/805 2908/416/806 2907/417/807
f 2910/418/808 2907/417/807 2908/416/806
f 2907/417/807 2910/418/808 2909/419/809
f 2912/420/964 2909/419/809 2910/418/808
f 2909/419/809 2912/420/964 2911/421/811
f 2914/422/965 2911/421/811 2912/420/964
f 2911/421/811 2914/422/965 2913/423/72
f 2913/423/72 2914/422/965 3040/283/72
f 3040/283/72 2914/422/965 3041/281/813
f 2925/424/814 3041/281/813 2914/422/965
f 3041/281/813 2925/424/814 3042/279/966
f 2935/425/565 3042/279/966 2925/424/814
f 3042/279/966 2935/425/565 3043/277/564
f 2945/426/816 3043/277/564 2935/425/565
f 3043/277/564 2945/426/816 3044/275/817
f 2955/427/818 3044/275/817 2945/426/816
f 3044/275/817 2955/427/818 3045/273/967
f 2965/428/820 3045/273/967 2955/427/818
f 3045/273/967 2965/428/820 3046/271/68
f 2975/429/821 3046/271/68 2965/428/820
f 3046/271/68 2975/429/821 3047/269/968
f 2985/430/823 3047/269/968 2975/429/821
f 3047/269/968 2985/430/823 3048/267/824
f 2995/431/589 3048/267/824 2985/430/823
f 3048/267/824 2995/431/589 3049/265/589
f 3005/432/969 3049/265/589 2995/431/589
f 3049/265/589 3005/432/969 3050/263/826
f 3015/433/828 3050/263/826 3005/432/969
f 3050/263/826 3015/433/828 3051/260/970
f 3025/434/72 3051/260/970 3015/433/828
f 3051/260/970 3025/434/72 3052/261/971
f 3014/435/829 3025/434/72 3015/433/828
f 3025/434/72 3014/435/829 3024/436/830
f 3013/437/831 3024/436/830 3014/435/829
f 3024/436/830 3013/437/831 3023/438/832
f 3012/439/833 3023/438/832 3013/437/831
f 3023/438/832 3012/439/833 3022/440/834
f 3011/441/835 3022/440/834 3012/439/833
f 3022/440/834 3011/441/835 3021/442/836
f 3010/443/837 3021/442/836 3011/441/835
f 3021/442/836 3010/443/837 3020/444/838
f 3009/445/839 3020/444/838 3010/443/837
f 3020/444/838 3009/445/839 3019/446/801
f 3007/447/841 3019/446/801 3009/445/839
f 3019/446/801 3007/447/841 3017/448/799
f 3008/449/843 3017/448/799 3007/447/841
f 3017/448/799 3008/449/843 3018/450/844
f 3016/451/845 3018/450/844 3008/449/843
f 3018/450/844 3016/451/845 3026/452/846
f 3026/452/846 3016/451/845 3039/453/847
f 3039/453/847 3016/451/845 3038/454/708
f 3006/455/848 3038/454/708 3016/451/845
f 3038/454/708 3006/455/848 3037/456/849
f 2996/457/850 3037/456/849 3006/455/848
f 3037/456/849 2996/457/850 3036/458/570
f 2986/459/851 3036/458/570 2996/457/850
f 3036/458/570 2986/459/851 3035/460/972
f 2976/461/852 3035/460/972 2986/459/851
f 3035/460/972 2976/461/852 3034/462/569
f 2966/463/973 3034/462/569 2976/461/852
f 3034/462/569 2966/463/973 3033/464/647
f 2956/465/854 3033/464/647 2966/463/973
f 3033/464/647 2956/465/854 3032/466/698
f 2946/467/974 3032/466/698 2956/465/854
f 3032/466/698 2946/467/974 3031/468/700
f 2936/469/856 3031/468/700 2946/467/974
f 3031/468/700 2936/469/856 3030/470/565
f 2926/471/857 3030/470/565 2936/469/856
f 3030/470/565 2926/471/857 3029/472/703
f 2916/405/795 3029/472/703 2926/471/857
f 3029/472/703 2916/405/795 3027/402/574
f 2918/473/975 2916/405/795 2926/471/857
f 2916/405/795 2918/473/975 2900/406/960
f 2917/474/860 2900/406/960 2918/473/975
f 2900/406/960 2917/474/860 2898/408/961
f 2919/475/861 2898/408/961 2917/474/860
f 2898/408/961 2919/475/861 2902/410/800
f 2920/476/862 2902/410/800 2919/475/861
f 2902/410/800 2920/476/862 2904/412/802
f 2921/477/863 2904/412/802 2920/476/862
f 2904/412/802 2921/477/863 2906/414/804
f 2922/478/864 2906/414/804 2921/477/863
f 2906/414/804 2922/478/864 2908/416/806
f 2923/479/865 2908/416/806 2922/478/864
f 2908/416/806 2923/479/865 2910/418/808
f 2924/480/866 2910/418/808 2923/479/865
f 2910/418/808 2924/480/866 2912/420/964
f 2925/424/814 2912/420/964 2924/480/866
f 2912/420/964 2925/424/814 2914/422/965
f 2924/480/866 2935/425/565 2925/424/814
f 2934/481/867 2935/425/565 2924/480/866
f 2935/425/565 2934/481/867 2945/426/816
f 2944/482/868 2945/426/816 2934/481/867
f 2945/426/816 2944/482/868 2955/427/818
f 2954/483/869 2955/427/818 2944/482/868
f 2955/427/818 2954/483/869 2965/428/820
f 2964/484/870 2965/428/820 2954/483/869
f 2965/428/820 2964/484/870 2975/429/821
f 2974/485/871 2975/429/821 2964/484/870
f 2975/429/821 2974/485/871 2985/430/823
f 2984/486/872 2985/430/823 2974/485/871
f 2985/430/823 2984/486/872 2995/431/589
f 2994/487/873 2995/431/589 2984/486/872
f 2995/431/589 2994/487/873 3005/432/969
f 3004/488/874 3005/432/969 2994/487/873
f 3005/432/969 3004/488/874 3015/433/828
f 3015/433/828 3004/488/874 3014/435/829
f 3003/489/875 3014/435/829 3004/488/874
f 3014/435/829 3003/489/875 3013/437/831
f 3002/490/876 3013/437/831 3003/489/875
f 3013/437/831 3002/490/876 3012/439/833
f 3001/491/877 3012/439/833 3002/490/876
f 3012/439/833 3001/491/877 3011/441/835
f 3000/492/878 3011/441/835 3001/491/877
f 3011/441/835 3000/492/878 3010/443/837
f 2999/493/879 3010/443/837 3000/492/878
f 3010/443/837 2999/493/879 3009/445/839
f 2997/494/880 3009/445/839 2999/493/879
f 3009/445/839 2997/494/880 3007/447/841
f 2998/495/881 3007/447/841 2997/494/880
f 3007/447/841 2998/495/881 3008/449/843
f 3006/455/848 3008/449/843 2998/495/881
f 3008/449/843 3006/455/848 3016/451/845
f 2998/495/881 2996/457/850 3006/455/848
f 2988/496/882 2996/457/850 2998/495/881
f 2996/457/850 2988/496/882 2986/459/851
f 2978/497/883 2986/459/851 2988/496/882
f 2986/459/851 2978/497/883 2976/461/852
f 2968/498/884 2976/461/852 2978/497/883
f 2976/461/852 2968/498/884 2966/463/973
f 2958/499/976 2966/463/973 2968/498/884
f 2966/463/973 2958/499/976 2956/465/854
f 2948/500/886 2956/465/854 2958/499/976
f 2956/465/854 2948/500/886 2946/467/974
f 2938/501/887 2946/467/974 2948/500/886
f 2946/467/974 2938/501/887 2936/469/856
f 2928/502/888 2936/469/856 2938/501/887
f 2936/469/856 2928/502/888 2926/471/857
f 2926/471/857 2928/502/888 2918/473/975
f 2927/503/889 2918/473/975 2928/502/888
f 2918/473/975 2927/503/889 2917/474/860
f 2929/504/890 2917/474/860 2927/503/889
f 2917/474/860 2929/504/890 2919/475/861
f 2930/505/891 2919/475/861 2929/504/890
f 2919/475/861 2930/505/891 2920/476/862
f 2931/506/977 2920/476/862 2930/505/891
f 2920/476/862 2931/506/977 2921/477/863
f 2932/507/978 2921/477/863 2931/506/977
f 2921/477/863 2932/507/978 2922/478/864
f 2933/508/979 2922/478/864 2932/507/978
f 2922/478/864 2933/508/979 2923/479/865
f 2934/481/867 2923/479/865 2933/508/979
f 2923/479/865 2934/481/867 2924/480/866
f 2933/508/979 2944/482/868 2934/481/867
f 2943/509/980 2944/482/868 2933/508/979
f 2944/482/868 2943/509/980 2954/483/869
f 2953/510/981 2954/483/869 2943/509/980
f 2954/483/869 2953/510/981 2964/484/870
f 2963/511/982 2964/484/870 2953/510/981
f 2964/484/870 2963/511/982 2974/485/871
f 2973/512/898 2974/485/871 2963/511/982
f 2974/485/871 2973/512/898 2984/486/872
f 2983/513/899 2984/486/872 2973/512/898
f 2984/486/872 2983/513/899 2994/487/873
f 2993/514/983 2994/487/873 2983/513/899
f 2994/487/873 2993/514/983 3004/488/874
f 3004/488/874 2993/514/983 3003/489/875
f 2992/515/901 3003/489/875 2993/514/983
f 3003/489/875 2992/515/901 3002/490/876
f 2991/516/902 3002/490/876 2992/515/901
f 3002/490/876 2991/516/902 3001/491/877
f 2990/517/984 3001/491/877 2991/516/902
f 3001/491/877 2990/517/984 3000/492/878
f 2989/518/904 3000/492/878 2990/517/984
f 3000/492/878 2989/518/904 2999/493/879
f 2987/519/905 2999/493/879 2989/518/904
f 2999/493/879 2987/519/905 2997/494/880
f 2988/496/882 2997/494/880 2987/519/905
f 2997/494/880 2988/496/882 2998/495/881
f 2987/519/905 2978/497/883 2988/496/882
f 2977/520/906 2978/497/883 2987/519/905
f 2978/497/883 2977/520/906 2968/498/884
f 2967/521/907 2968/498/884 2977/520/906
f 2968/498/884 2967/521/907 2958/499/976
f 2957/522/985 2958/499/976 2967/521/907
f 2958/499/976 2957/522/985 2948/500/886
f 2947/523/909 2948/500/886 2957/522/985
f 2948/500/886 2947/523/909 2938/501/887
f 2937/524/986 2938/501/887 2947/523/909
f 2938/501/887 2937/524/986 2928/502/888
f 2928/502/888 2937/524/986 2927/503/889
f 2939/525/911 2927/503/889 2937/524/986
f 2927/503/889 2939/525/911 2929/504/890
f 2940/526/912 2929/504/890 2939/525/911
f 2929/504/890 2940/526/912 2930/505/891
f 2941/527/913 2930/505/891 2940/526/912
f 2930/505/891 2941/527/913 2931/506/977
f 2942/528/914 2931/506/977 2941/527/913
f 2931/506/977 2942/528/914 2932/507/978
f 2943/509/980 2932/507/978 2942/528/914
f 2932/507/978 2943/509/980 2933/508/979
f 2942/528/914 2953/510/981 2943/509/980
f 2952/529/987 2953/510/981 2942/528/914
f 2953/510/981 2952/529/987 2963/511/982
f 2962/530/916 2963/511/982 2952/529/987
f 2963/511/982 2962/530/916 2973/512/898
f 2972/531/988 2973/512/898 2962/530/916
f 2973/512/898 2972/531/988 2983/513/899
f 2982/532/918 2983/513/899 2972/531/988
f 2983/513/899 2982/532/918 2993/514/983
f 2993/514/983 2982/532/918 2992/515/901
f 2981/533/989 2992/515/901 2982/532/918
f 2992/515/901 2981/533/989 2991/516/902
f 2980/534/990 2991/516/902 2981/533/989
f 2991/516/902 2980/534/990 2990/517/984
f 2979/535/921 2990/517/984 2980/534/990
f 2990/517/984 2979/535/921 2989/518/904
f 2977/520/906 2989/518/904 2979/535/921
f 2989/518/904 2977/520/906 2987/519/905
f 2979/535/921 2967/521/907 2977/520/906
f 2969/536/922 2967/521/907 2979/535/921
f 2967/521/907 2969/536/922 2957/522/985
f 2959/537/923 2957/522/985 2969/536/922
f 2957/522/985 2959/537/923 2947/523/909
f 2949/538/924 2947/523/909 2959/537/923
f 2947/523/909 2949/538/924 2937/524/986
f 2937/524/986 2949/538/924 2939/525/911
f 2950/539/925 2939/525/911 2949/538/924
f 2939/525/911 2950/539/925 2940/526/912
f 2951/540/991 2940/526/912 2950/539/925
f 2940/526/912 2951/540/991 2941/527/913
f 2952/529/987 2941/527/913 2951/540/991
f 2941/527/913 2952/529/987 2942/528/914
f 2951/540/991 2962/530/916 2952/529/987
f 2961/541/992 2962/530/916 2951/540/991
f 2962/530/916 2961/541/992 2972/531/988
f 2971/542/993 2972/531/988 2961/541/992
f 2972/531/988 2971/542/993 2982/532/918
f 2982/532/918 2971/542/993 2981/533/989
f 2970/543/929 2981/533/989 2971/542/993
f 2981/533/989 2970/543/929 2980/534/990
f 2969/536/922 2980/534/990 2970/543/929
f 2980/534/990 2969/536/922 2979/535/921
f 2970/543/929 2959/537/923 2969/536/922
f 2960/544/930 2959/537/923 2970/543/929
f 2959/537/923 2960/544/930 2949/538/924
f 2949/538/924 2960/544/930 2950/539/925
f 2961/541/992 2950/539/925 2960/544/930
f 2950/539/925 2961/541/992 2951/540/991
f 2960/544/930 2971/542/993 2961/541/992
f 2971/542/993 2960/544/930 2970/543/929
f 3103/112/994 3102/4/995 3101/113/994
f 3102/4/995 3103/112/994 3104/5/995
f 3107/114/996 3106/5/996 3105/112/997
f 3106/5/996 3107/114/996 3108/6/996
f 3111/115/998 3110/6/999 3109/114/999
f 3110/6/999 3111/115/998 3112/7/1000
f 3115/116/1001 3114/7/1001 3113/115/1001
f 3114/7/1001 3115/116/1001 3116/3/1001
f 3119/117/1002 3118/3/1003 3117/116/1002
f 3118/3/1003 3119/117/1002 3120/1/1003
f 3123/113/1004 3122/1/1004 3121/117/1004
f 3122/1/1004 3123/113/1004 3124/4/1004
f 3145/118/1005 3144/11/1006 3143/119/1005
f 3144/11/1006 3145/118/1005 3146/12/1007
f 3149/120/1008 3148/12/1008 3147/118/1008
f 3148/12/1008 3149/120/1008 3150/13/1008
f 3153/121/1009 3152/13/1010 3151/120/1009
f 3152/13/1010 3153/121/1009 3154/14/1009
f 3157/122/1011 3156/14/1012 3155/121/1012
f 3156/14/1012 3157/122/1011 3158/10/1012
f 3161/123/1013 3160/10/1014 3159/122/1014
f 3160/10/1014 3161/123/1013 3162/8/1015
f 3165/119/1016 3164/8/1017 3163/123/1017
f 3164/8/1017 3165/119/1016 3166/11/1017
f 3187/124/994 3186/18/994 3185/125/995
f 3186/18/994 3187/124/994 3188/19/994
f 3191/126/996 3190/19/996 3189/124/997
f 3190/19/996 3191/126/996 3192/20/996
f 3195/127/998 3194/20/1000 3193/126/998
f 3194/20/1000 3195/127/998 3196/21/999
f 3199/128/1018 3198/21/1001 3197/127/1019
f 3198/21/1001 3199/128/1018 3200/17/1001
f 3203/129/1003 3202/17/1003 3201/128/1003
f 3202/17/1003 3203/129/1003 3204/15/1003
f 3207/125/1004 3206/15/1020 3205/129/1021
f 3206/15/1020 3207/125/1004 3208/18/1004
f 3229/130/565 3228/25/564 3227/131/1022
f 3228/25/564 3229/130/565 3230/26/565
f 3233/132/1023 3232/26/813 3231/130/813
f 3232/26/813 3233/132/1023 3234/27/813
f 3237/133/828 3236/27/828 3235/132/828
f 3236/27/828 3237/133/828 3238/28/970
f 3241/134/589 3240/28/589 3239/133/589
f 3240/28/589 3241/134/589 3242/24/589
f 3245/135/968 3244/24/968 3243/134/968
f 3244/24/968 3245/135/968 3246/22/968
f 3249/131/967 3248/22/819 3247/135/967
f 3248/22/819 3249/131/967 3250/25/967
f 3271/136/995 3270/32/995 3269/137/995
f 3270/32/995 3271/136/995 3272/33/995
f 3275/138/996 3274/33/996 3273/136/996
f 3274/33/996 3275/138/996 3276/34/996
f 3279/139/998 3278/34/999 3277/138/1000
f 3278/34/999 3279/139/998 3280/35/999
f 3283/140/1001 3282/35/1001 3281/139/1001
f 3282/35/1001 3283/140/1001 3284/31/1001
f 3287/141/1003 3286/31/1003 3285/140/1002
f 3286/31/1003 3287/141/1003 3288/29/1003
f 3291/137/1004 3290/29/1021 3289/141/1004
f 3290/29/1021 3291/137/1004 3292/32/1021
f 3313/142/1024 3312/38/1025 3311/143/1026
f 3312/38/1025 3313/142/1024 3314/36/1024
f 3317/144/1027 3316/36/1028 3315/142/1028
f 3316/36/1028 3317/144/1027 3318/39/1028
f 3321/145/1029 3320/39/1030 3319/144/1031
f 3320/39/1030 3321/145/1029 3322/40/1031
f 3325/146/1032 3324/40/1032 3323/145/1032
f 3324/40/1032 3325/146/1032 3326/41/1033
f 3329/147/1034 3328/41/1034 3327/146/1035
f 3328/41/1034 3329/147/1034 3330/148/1035
f 3333/143/1036 3332/148/1037 3331/147/1038
f 3332/148/1037 3333/143/1036 3334/38/1037
f 3355/149/68 3354/45/68 3353/150/68
f 3354/45/68 3355/149/68 3356/46/68
f 3359/151/1039 3358/46/1039 3357/149/1039
f 3358/46/1039 3359/151/1039 3360/47/1039
f 3363/152/815 3362/47/815 3361/151/814
f 3362/47/815 3363/152/815 3364/48/815
f 3367/153/72 3366/48/72 3365/152/72
f 3366/48/72 3367/153/72 3368/44/72
f 3371/154/1040 3370/44/826 3369/153/1041
f 3370/44/826 3371/154/1040 3372/42/1042
f 3375/150/1043 3374/42/824 3373/154/824
f 3374/42/824 3375/150/1043 3376/45/1044
f 3397/155/565 3396/52/564 3395/156/1022
f 3396/52/564 3397/155/565 3398/53/565
f 3401/157/1023 3400/53/813 3399/155/1023
f 3400/53/813 3401/157/1023 3402/54/1023
f 3405/158/828 3404/54/970 3403/157/828
f 3404/54/970 3405/158/828 3406/55/828
f 3409/159/589 3408/55/570 3407/158/1045
f 3408/55/570 3409/159/589 3410/51/570
f 3413/160/968 3412/51/968 3411/159/968
f 3412/51/968 3413/160/968 3414/49/822
f 3417/156/967 3416/49/819 3415/160/967
f 3416/49/819 3417/156/967 3418/52/967
f 3439/161/173 3438/59/173 3437/162/173
f 3438/59/173 3439/161/173 3440/60/595
f 3443/163/398 3442/60/239 3441/161/1046
f 3442/60/239 3443/163/398 3444/61/398
f 3447/164/236 3446/61/236 3445/163/236
f 3446/61/236 3447/164/236 3448/62/236
f 3451/165/132 3450/62/132 3449/164/133
f 3450/62/132 3451/165/132 3452/58/133
f 3455/166/250 3454/58/250 3453/165/484
f 3454/58/250 3455/166/250 3456/56/250
f 3459/162/482 3458/56/482 3457/166/482
f 3458/56/482 3459/162/482 3460/59/482
f 3481/167/706 3480/66/794 3479/168/706
f 3480/66/794 3481/167/706 3482/67/794
f 3485/169/858 3484/67/858 3483/167/703
f 3484/67/858 3485/169/858 3486/68/1047
f 3489/170/700 3488/68/1048 3487/169/1049
f 3488/68/1048 3489/170/700 3490/69/700
f 3493/171/647 3492/69/647 3491/170/647
f 3492/69/647 3493/171/647 3494/65/647
f 3497/172/713 3496/65/713 3495/171/713
f 3496/65/713 3497/172/713 3498/63/713
f 3501/168/849 3500/63/849 3499/172/849
f 3500/63/849 3501/168/849 3502/66/849
f 3523/173/847 3522/73/847 3521/174/847
f 3522/73/847 3523/173/847 3524/74/847
f 3527/175/703 3526/74/703 3525/173/703
f 3526/74/703 3527/175/703 3528/75/703
f 3531/176/700 3530/75/1048 3529/175/1049
f 3530/75/1048 3531/176/700 3532/76/700
f 3535/177/648 3534/76/646 3533/176/646
f 3534/76/646 3535/177/648 3536/72/648
f 3539/178/713 3538/72/1050 3537/177/713
f 3538/72/1050 3539/178/713 3540/70/713
f 3543/174/710 3542/70/849 3541/178/849
f 3542/70/849 3543/174/710 3544/73/1051
f 3565/179/1052 3564/80/1052 3563/180/1052
f 3564/80/1052 3565/179/1052 3566/81/1052
f 3569/181/1053 3568/81/1054 3567/179/1055
f 3568/81/1054 3569/181/1053 3570/82/1054
f 3573/182/1056 3572/82/1056 3571/181/1056
f 3572/82/1056 3573/182/1056 3574/83/1057
f 3577/183/1058 3576/83/1058 3575/182/1058
f 3576/83/1058 3577/183/1058 3578/79/1058
f 3581/184/1059 3580/79/1059 3579/183/1060
f 3580/79/1059 3581/184/1059 3582/77/1060
f 3585/180/1061 3584/77/1062 3583/184/1062
f 3584/77/1062 3585/180/1061 3586/80/1061
f 3607/185/706 3606/87/847 3605/186/847
f 3606/87/847 3607/185/706 3608/88/794
f 3611/187/703 3610/88/858 3609/185/1063
f 3610/88/858 3611/187/703 3612/89/703
f 3615/188/700 3614/89/700 3613/187/700
f 3614/89/700 3615/188/700 3616/90/700
f 3619/189/645 3618/90/645 3617/188/647
f 3618/90/645 3619/189/645 3620/86/647
f 3623/190/1064 3622/86/713 3621/189/972
f 3622/86/713 3623/190/1064 3624/84/713
f 3627/186/710 3626/84/849 3625/190/849
f 3626/84/849 3627/186/710 3628/87/849
f 3649/191/173 3648/94/174 3647/192/595
f 3648/94/174 3649/191/173 3650/95/173
f 3653/193/398 3652/95/398 3651/191/398
f 3652/95/398 3653/193/398 3654/96/1046
f 3657/194/236 3656/96/236 3655/193/236
f 3656/96/236 3657/194/236 3658/97/236
f 3661/195/133 3660/97/133 3659/194/133
f 3660/97/133 3661/195/133 3662/93/133
f 3665/196/250 3664/93/250 3663/195/250
f 3664/93/250 3665/196/250 3666/91/250
f 3669/192/482 3668/91/1065 3667/196/482
f 3668/91/1065 3669/192/482 3670/94/1066
f 3690/197/1052 3689/101/1052 3688/198/1052
f 3689/101/1052 3690/197/1052 3691/102/1052
f 3694/199/1054 3693/102/1055 3692/197/1053
f 3693/102/1055 3694/199/1054 3695/103/1055
f 3698/200/1056 3697/103/1057 3696/199/1057
f 3697/103/1057 3698/200/1056 3699/104/1056
f 3702/201/1058 3701/104/1058 3700/200/1058
f 3701/104/1058 3702/201/1058 3703/100/1058
f 3706/202/1059 3705/100/1059 3704/201/1060
f 3705/100/1059 3706/202/1059 3707/98/1060
f 3710/198/1061 3709/98/1062 3708/202/1062
f 3709/98/1062 3710/198/1061 3711/101/1061
f 3732/203/1067 3731/108/1067 3730/204/847
f 3731/108/1067 3732/203/1067 3733/109/847
f 3736/205/858 3735/109/703 3734/203/1047
f 3735/109/703 3736/205/858 3737/110/703
f 3740/206/700 3739/110/700 3738/205/700
f 3739/110/700 3740/206/700 3741/111/700
f 3744/207/646 3743/111/648 3742/206/647
f 3743/111/648 3744/207/646 3745/107/648
f 3748/208/1050 3747/107/1050 3746/207/713
f 3747/107/1050 3748/208/1050 3749/105/713
f 3752/204/849 3751/105/849 3750/208/849
f 3751/105/849 3752/204/849 3753/108/849
f 3774/545/1068 3773/212/1068 3772/546/1068
f 3773/212/1068 3774/545/1068 3775/213/1069
f 3778/547/1070 3777/213/1070 3776/545/1070
f 3777/213/1070 3778/547/1070 3779/214/1071
f 3782/548/1072 3781/214/1073 3780/547/1073
f 3781/214/1073 3782/548/1072 3783/215/1073
f 3786/549/1074 3785/215/1074 3784/548/1074
f 3785/215/1074 3786/549/1074 3787/211/1074
f 3790/550/1075 3789/211/1076 3788/549/1075
f 3789/211/1076 3790/550/1075 3791/209/1075
f 3794/546/1077 3793/209/1078 3792/550/1078
f 3793/209/1078 3794/546/1077 3795/212/1079
f 3816/621/1069 3815/596/1069 3814/622/1069
f 3815/596/1069 3816/621/1069 3817/597/1069
f 3820/623/1071 3819/597/1071 3818/621/1071
f 3819/597/1071 3820/623/1071 3821/598/1071
f 3824/624/1080 3823/598/1072 3822/623/1081
f 3823/598/1072 3824/624/1080 3825/599/1073
f 3828/625/1082 3827/599/1083 3826/624/1082
f 3827/599/1083 3828/625/1082 3829/595/1083
f 3832/626/1076 3831/595/1076 3830/625/1075
f 3831/595/1076 3832/626/1076 3833/593/1075
f 3836/622/1084 3835/593/1085 3834/626/1086
f 3835/593/1085 3836/622/1084 3837/596/1078
f 3858/627/1069 3857/603/1069 3856/628/1068
f 3857/603/1069 3858/627/1069 3859/604/1069
f 3862/629/1070 3861/604/1070 3860/627/1070
f 3861/604/1070 3862/629/1070 3863/605/1070
f 3866/630/1081 3865/605/1072 3864/629/1087
f 3865/605/1072 3866/630/1081 3867/606/1080
f 3870/631/1074 3869/606/1082 3868/630/1083
f 3869/606/1082 3870/631/1074 3871/602/1074
f 3874/632/1076 3873/602/1075 3872/631/1076
f 3873/602/1075 3874/632/1076 3875/600/1075
f 3878/628/1084 3877/600/1084 3876/632/1088
f 3877/600/1084 3878/628/1084 3879/603/1089
f 3900/551/1090 3899/219/1091 3898/552/1068
f 3899/219/1091 3900/551/1090 3901/220/1092
f 3904/553/1070 3903/220/1071 3902/551/1070
f 3903/220/1071 3904/553/1070 3905/221/1071
f 3908/554/1073 3907/221/1072 3906/553/1073
f 3907/221/1072 3908/554/1073 3909/222/1073
f 3912/555/1083 3911/222/1074 3910/554/1082
f 3911/222/1074 3912/555/1083 3913/218/1093
f 3916/556/1075 3915/218/1076 3914/555/1075
f 3915/218/1076 3916/556/1075 3917/216/1076
f 3920/552/1088 3919/216/1085 3918/556/1085
f 3919/216/1085 3920/552/1088 3921/219/1088
f 3942/633/1092 3941/610/1069 3940/634/1069
f 3941/610/1069 3942/633/1092 3943/611/1068
f 3946/635/1071 3945/611/1071 3944/633/1071
f 3945/611/1071 3946/635/1071 3947/612/1071
f 3950/636/1080 3949/612/1081 3948/635/1087
f 3949/612/1081 3950/636/1080 3951/613/1073
f 3954/637/1083 3953/613/1082 3952/636/1094
f 3953/613/1082 3954/637/1083 3955/609/1093
f 3958/638/1075 3957/609/1076 3956/637/1075
f 3957/609/1076 3958/638/1075 3959/607/1075
f 3962/634/1078 3961/607/1078 3960/638/1078
f 3961/607/1078 3962/634/1078 3963/610/1088
f 3984/639/1069 3983/617/1069 3982/640/1069
f 3983/617/1069 3984/639/1069 3985/618/1068
f 3988/641/1070 3987/618/1071 3986/639/1071
f 3987/618/1071 3988/641/1070 3989/619/1070
f 3992/642/1095 3991/619/1081 3990/641/1081
f 3991/619/1081 3992/642/1095 3993/620/1073
f 3996/643/1074 3995/620/1074 3994/642/1096
f 3995/620/1074 3996/643/1074 3997/616/1093
f 4000/644/1076 3999/616/1075 3998/643/1075
f 3999/616/1075 4000/644/1076 4001/614/1076
f 4004/640/1077 4003/614/1077 4002/644/1078
f 4003/614/1077 4004/640/1077 4005/617/1078
f 2455/557/849 2454/558/849 2456/559/570
f 2459/560/708 2454/558/849 2455/557/849
f 2454/558/849 2459/560/708 2458/561/708
f 2461/562/706 2458/561/708 2459/560/708
f 2458/561/708 2461/562/706 2460/563/794
f 2463/564/574 2460/563/794 2461/562/706
f 2460/563/794 2463/564/574 2462/565/590
f 2465/566/703 2462/565/590 2463/564/574
f 2462/565/590 2465/566/703 2464/567/703
f 2467/568/564 2464/567/703 2465/566/703
f 2464/567/703 2467/568/564 2466/569/564
f 2469/570/700 2466/569/564 2467/568/564
f 2466/569/564 2469/570/700 2468/571/700
f 2471/572/698 2468/571/700 2469/570/700
f 2468/571/700 2471/572/698 2470/573/698
f 2473/574/646 2470/573/698 2471/572/698
f 2470/573/698 2473/574/646 2472/575/646
f 2475/576/568 2472/575/646 2473/574/646
f 2472/575/646 2475/576/568 2474/577/568
f 2477/578/713 2474/577/568 2475/576/568
f 2474/577/568 2477/578/713 2476/579/713
f 2457/580/1045 2476/579/713 2477/578/713
f 2476/579/713 2457/580/1045 2456/559/570
f 2455/557/849 2456/559/570 2457/580/1045
f 2479/573/1097 2478/581/1098 2480/582/1099
f 2483/575/916 2478/581/1098 2479/573/1097
f 2478/581/1098 2483/575/916 2482/583/916
f 2485/577/1100 2482/583/916 2483/575/916
f 2482/583/916 2485/577/1100 2484/584/1100
f 2487/579/1101 2484/584/1100 2485/577/1100
f 2484/584/1100 2487/579/1101 2486/585/1102
f 2489/559/968 2486/585/1102 2487/579/1101
f 2486/585/1102 2489/559/968 2488/586/968
f 2491/558/1103 2488/586/968 2489/559/968
f 2488/586/968 2491/558/1103 2490/587/1103
f 2493/561/1104 2490/587/1103 2491/558/1103
f 2490/587/1103 2493/561/1104 2492/588/1104
f 2495/563/761 2492/588/1104 2493/561/1104
f 2492/588/1104 2495/563/761 2494/589/761
f 2497/565/1105 2494/589/761 2495/563/761
f 2494/589/761 2497/565/1105 2496/590/1106
f 2499/567/1107 2496/590/1106 2497/565/1105
f 2496/590/1106 2499/567/1107 2498/591/1108
f 2501/569/967 2498/591/1108 2499/567/1107
f 2498/591/1108 2501/569/967 2500/592/967
f 2481/571/1099 2500/592/967 2501/569/967
f 2500/592/967 2481/571/1099 2480/582/1099
f 2479/573/1097 2480/582/1099 2481/571/1099
f 2659/570/1048 2658/571/700 2660/569/564
f 2663/572/698 2658/571/700 2659/570/1048
f 2658/571/700 2663/572/698 2662/573/698
f 2665/574/648 2662/573/698 2663/572/698
f 2662/573/698 2665/574/648 2664/575/648
f 2667/576/1109 2664/575/648 2665/574/648
f 2664/575/648 2667/576/1109 2666/577/569
f 2669/578/713 2666/577/569 2667/576/1109
f 2666/577/569 2669/578/713 2668/579/713
f 2671/580/589 2668/579/713 2669/578/713
f 2668/579/713 2671/580/589 2670/559/570
f 2673/557/849 2670/559/570 2671/580/589
f 2670/559/570 2673/557/849 2672/558/710
f 2675/560/708 2672/558/710 2673/557/849
f 2672/558/710 2675/560/708 2674/561/708
f 2677/562/847 2674/561/708 2675/560/708
f 2674/561/708 2677/562/847 2676/563/847
f 2679/564/590 2676/563/847 2677/562/847
f 2676/563/847 2679/564/590 2678/565/590
f 2681/566/703 2678/565/590 2679/564/590
f 2678/565/590 2681/566/703 2680/567/858
f 2661/568/565 2680/567/858 2681/566/703
f 2680/567/858 2661/568/565 2660/569/564
f 2659/570/1048 2660/569/564 2661/568/565
f 2683/561/1104 2682/588/1110 2684/587/1111
f 2687/563/761 2682/588/1110 2683/561/1104
f 2682/588/1110 2687/563/761 2686/589/761
f 2689/565/1105 2686/589/761 2687/563/761
f 2686/589/761 2689/565/1105 2688/590/1106
f 2691/567/1108 2688/590/1106 2689/565/1105
f 2688/590/1106 2691/567/1108 2690/591/1112
f 2693/569/967 2690/591/1112 2691/567/1108
f 2690/591/1112 2693/569/967 2692/592/967
f 2695/571/1113 2692/592/967 2693/569/967
f 2692/592/967 2695/571/1113 2694/582/1099
f 2697/573/1097 2694/582/1099 2695/571/1113
f 2694/582/1099 2697/573/1097 2696/581/1114
f 2699/575/916 2696/581/1114 2697/573/1097
f 2696/581/1114 2699/575/916 2698/583/916
f 2701/577/1115 2698/583/916 2699/575/916
f 2698/583/916 2701/577/1115 2700/584/1100
f 2703/579/1101 2700/584/1100 2701/577/1115
f 2700/584/1100 2703/579/1101 2702/585/1116
f 2705/559/968 2702/585/1116 2703/579/1101
f 2702/585/1116 2705/559/968 2704/586/968
f 2685/558/1111 2704/586/968 2705/559/968
f 2704/586/968 2685/558/1111 2684/587/1111
f 2683/561/1104 2684/587/1111 2685/558/1111
f 2850/557/849 2849/558/849 2851/559/570
f 2854/560/708 2849/558/849 2850/557/849
f 2849/558/849 2854/560/708 2853/561/708
f 2856/562/794 2853/561/708 2854/560/708
f 2853/561/708 2856/562/794 2855/563/847
f 2858/564/590 2855/563/847 2856/562/794
f 2855/563/847 2858/564/590 2857/565/590
f 2860/566/703 2857/565/590 2858/564/590
f 2857/565/590 2860/566/703 2859/567/703
f 2862/568/564 2859/567/703 2860/566/703
f 2859/567/703 2862/568/564 2861/569/564
f 2864/570/1048 2861/569/564 2862/568/564
f 2861/569/564 2864/570/1048 2863/571/1048
f 2866/572/698 2863/571/1048 2864/570/1048
f 2863/571/1048 2866/572/698 2865/573/698
f 2868/574/648 2865/573/698 2866/572/698
f 2865/573/698 2868/574/648 2867/575/646
f 2870/576/568 2867/575/646 2868/574/648
f 2867/575/646 2870/576/568 2869/577/569
f 2872/578/1064 2869/577/569 2870/576/568
f 2869/577/569 2872/578/1064 2871/579/1050
f 2852/580/589 2871/579/1050 2872/578/1064
f 2871/579/1050 2852/580/589 2851/559/570
f 2850/557/849 2851/559/570 2852/580/589
f 2874/573/1117 2873/581/1118 2875/582/1113
f 2878/575/1119 2873/581/1118 2874/573/1117
f 2873/581/1118 2878/575/1119 2877/583/916
f 2880/577/1115 2877/583/916 2878/575/1119
f 2877/583/916 2880/577/1115 2879/584/1100
f 2882/579/1101 2879/584/1100 2880/577/1115
f 2879/584/1100 2882/579/1101 2881/585/1101
f 2884/559/968 2881/585/1101 2882/579/1101
f 2881/585/1101 2884/559/968 2883/586/968
f 2886/558/1120 2883/586/968 2884/559/968
f 2883/586/968 2886/558/1120 2885/587/1103
f 2888/561/1104 2885/587/1103 2886/558/1120
f 2885/587/1103 2888/561/1104 2887/588/1121
f 2890/563/761 2887/588/1121 2888/561/1104
f 2887/588/1121 2890/563/761 2889/589/761
f 2892/565/1106 2889/589/761 2890/563/761
f 2889/589/761 2892/565/1106 2891/590/1122
f 2894/567/1108 2891/590/1122 2892/565/1106
f 2891/590/1122 2894/567/1108 2893/591/1107
f 2896/569/967 2893/591/1107 2894/567/1108
f 2893/591/1107 2896/569/967 2895/592/967
f 2876/571/1113 2895/592/967 2896/569/967
f 2895/592/967 2876/571/1113 2875/582/1113
f 2874/573/1117 2875/582/1113 2876/571/1113
f 3054/570/700 3053/571/700 3055/569/565
f 3058/572/698 3053/571/700 3054/570/700
f 3053/571/700 3058/572/698 3057/573/698
f 3060/574/646 3057/573/698 3058/572/698
f 3057/573/698 3060/574/646 3059/575/647
f 3062/576/568 3059/575/647 3060/574/646
f 3059/575/647 3062/576/568 3061/577/569
f 3064/578/713 3061/577/569 3062/576/568
f 3061/577/569 3064/578/713 3063/579/972
f 3066/580/570 3063/579/972 3064/578/713
f 3063/579/972 3066/580/570 3065/559/589
f 3068/557/849 3065/559/589 3066/580/570
f 3065/559/589 3068/557/849 3067/558/849
f 3070/560/708 3067/558/849 3068/557/849
f 3067/558/849 3070/560/708 3069/561/708
f 3072/562/794 3069/561/708 3070/560/708
f 3069/561/708 3072/562/794 3071/563/847
f 3074/564/574 3071/563/847 3072/562/794
f 3071/563/847 3074/564/574 3073/565/590
f 3076/566/703 3073/565/590 3074/564/574
f 3073/565/590 3076/566/703 3075/567/703
f 3056/568/564 3075/567/703 3076/566/703
f 3075/567/703 3056/568/564 3055/569/565
f 3054/570/700 3055/569/565 3056/568/564
f 3078/561/1104 3077/588/1104 3079/587/1111
f 3082/563/761 3077/588/1104 3078/561/1104
f 3077/588/1104 3082/563/761 3081/589/761
f 3084/565/1122 3081/589/761 3082/563/761
f 3081/589/761 3084/565/1122 3083/590/1105
f 3086/567/1108 3083/590/1105 3084/565/1122
f 3083/590/1105 3086/567/1108 3085/591/1107
f 3088/569/1123 3085/591/1107 3086/567/1108
f 3085/591/1107 3088/569/1123 3087/592/967
f 3090/571/1113 3087/592/967 3088/569/1123
f 3087/592/967 3090/571/1113 3089/582/1113
f 3092/573/1114 3089/582/1113 3090/571/1113
f 3089/582/1113 3092/573/1114 3091/581/1097
f 3094/575/916 3091/581/1097 3092/573/1114
f 3091/581/1097 3094/575/916 3093/583/916
f 3096/577/1100 3093/583/916 3094/575/916
f 3093/583/916 3096/577/1100 3095/584/1124
f 3098/579/1125 3095/584/1124 3096/577/1100
f 3095/584/1124 3098/579/1125 3097/585/1101
f 3100/559/968 3097/585/1101 3098/579/1125
f 3097/585/1101 3100/559/968 3099/586/968
f 3080/558/1103 3099/586/968 3100/559/968
f 3099/586/968 3080/558/1103 3079/587/1111
f 3078/561/1104 3079/587/1111 3080/558/1103
f 4090/645/72 4089/646/72 4088/647/72
f 4097/645/72 4096/646/72 4095/647/72
f 4104/645/72 4103/646/72 4102/647/72
f 4111/645/72 4110/646/72 4109/647/72
f 4182/645/43 4181/646/43 4180/647/43
f 4189/645/43 4188/646/43 4187/647/43
f 4196/645/43 4195/646/43 4194/647/43
f 4203/645/43 4202/646/43 4201/647/43
f 4026/648/1126 4025/645/1127 4024/647/1126
f 4025/645/1127 4026/648/1126 4027/649/1127
f 4030/650/1128 4029/651/1128 4028/652/1128
f 4029/651/1128 4030/650/1128 4031/653/1129
f 4034/645/1130 4033/648/1131 4032/649/1132
f 4033/648/1131 4034/645/1130 4035/647/1131
f 4038/651/1133 4037/650/1133 4036/653/1134
f 4037/650/1133 4038/651/1133 4039/652/1133
f 4042/648/1135 4041/645/1136 4040/647/1137
f 4041/645/1136 4042/648/1135 4043/649/1136
f 4046/651/1138 4045/650/1139 4044/653/1138
f 4045/650/1139 4046/651/1138 4047/652/1140
f 4050/648/1141 4049/645/1141 4048/647/1141
f 4049/645/1141 4050/648/1141 4051/649/1142
f 4054/650/1143 4053/651/1144 4052/652/1144
f 4053/651/1144 4054/650/1143 4055/653/1143
f 4058/654/43 4057/655/43 4056/656/43
f 4057/655/43 4058/654/43 4059/657/43
f 4062/654/36 4061/655/36 4060/656/36
f 4061/655/36 4062/654/36 4063/657/36
f 4066/655/3 4065/654/3 4064/657/3
f 4065/654/3 4066/655/3 4067/656/3
f 4070/655/1145 4069/654/1145 4068/657/1145
f 4069/654/1145 4070/655/1145 4071/656/1145
f 4074/654/1146 4073/658/1146 4072/659/1146
f 4073/658/1146 4074/654/1146 4075/656/1146
f 4078/660/1147 4077/655/1147 4076/657/1147
f 4077/655/1147 4078/660/1147 4079/661/1147
f 4082/658/1148 4081/654/1148 4080/656/1148
f 4081/654/1148 4082/658/1148 4083/659/1148
f 4086/655/1149 4085/660/1149 4084/661/1149
f 4085/660/1149 4086/655/1149 4087/657/1149
f 4093/650/72 4092/662/72 4091/653/72
f 4092/662/72 4093/650/72 4094/663/72
f 4100/650/72 4099/662/72 4098/653/72
f 4099/662/72 4100/650/72 4101/663/72
f 4107/650/72 4106/662/72 4105/653/72
f 4106/662/72 4107/650/72 4108/663/72
f 4114/650/72 4113/662/72 4112/653/72
f 4113/662/72 4114/650/72 4115/663/72
f 4118/648/1150 4117/645/1150 4116/647/1151
f 4117/645/1150 4118/648/1150 4119/649/1152
f 4122/650/1153 4121/651/1154 4120/652/1153
f 4121/651/1154 4122/650/1153 4123/653/1154
f 4126/645/1155 4125/648/1155 4124/649/1155
f 4125/648/1155 4126/645/1155 4127/647/1156
f 4130/651/1157 4129/650/1157 4128/653/1158
f 4129/650/1157 4130/651/1157 4131/652/1159
f 4134/648/1160 4133/645/1160 4132/647/1161
f 4133/645/1160 4134/648/1160 4135/649/1160
f 4138/651/1162 4137/650/1162 4136/653/1163
f 4137/650/1162 4138/651/1162 4139/652/1164
f 4142/648/1165 4141/645/1166 4140/647/1166
f 4141/645/1166 4142/648/1165 4143/649/1166
f 4146/650/1167 4145/651/1168 4144/652/1167
f 4145/651/1168 4146/650/1167 4147/653/1169
f 4150/654/68 4149/655/68 4148/656/68
f 4149/655/68 4150/654/68 4151/657/68
f 4154/654/72 4153/655/72 4152/656/72
f 4153/655/72 4154/654/72 4155/657/72
f 4158/655/3 4157/654/3 4156/657/3
f 4157/654/3 4158/655/3 4159/656/3
f 4162/655/1145 4161/654/1145 4160/657/1145
f 4161/654/1145 4162/655/1145 4163/656/1145
f 4166/654/1170 4165/658/1170 4164/659/1170
f 4165/658/1170 4166/654/1170 4167/656/1170
f 4170/660/1171 4169/655/1171 4168/657/1171
f 4169/655/1171 4170/660/1171 4171/661/1171
f 4174/658/1172 4173/654/1172 4172/656/1172
f 4173/654/1172 4174/658/1172 4175/659/1172
f 4178/655/1173 4177/660/1173 4176/661/1173
f 4177/660/1173 4178/655/1173 4179/657/1173
f 4185/650/43 4184/662/43 4183/653/43
f 4184/662/43 4185/650/43 4186/663/43
f 4192/650/43 4191/662/43 4190/653/43
f 4191/662/43 4192/650/43 4193/663/43
f 4199/650/43 4198/662/43 4197/653/43
f 4198/662/43 4199/650/43 4200/663/43
f 4206/650/43 4205/662/43 4204/653/43
f 4205/662/43 4206/650/43 4207/663/43
f 4274/645/36 4273/646/36 4272/647/36
f 4281/645/36 4280/646/36 4279/647/36
f 4288/645/36 4287/646/36 4286/647/36
f 4295/645/36 4294/646/36 4293/647/36
f 4366/645/72 4365/646/72 4364/647/72
f 4373/645/72 4372/646/72 4371/647/72
f 4380/645/72 4379/646/72 4378/647/72
f 4387/645/72 4386/646/72 4385/647/72
f 4458/645/3 4457/646/3 4456/647/3
f 4465/645/3 4464/646/3 4463/647/3
f 4472/645/3 4471/646/3 4470/647/3
f 4479/645/3 4478/646/3 4477/647/3
f 4550/645/72 4549/646/72 4548/647/72
f 4557/645/72 4556/646/72 4555/647/72
f 4564/645/72 4563/646/72 4562/647/72
f 4571/645/72 4570/646/72 4569/647/72
f 4210/648/1174 4209/645/1175 4208/647/1175
f 4209/645/1175 4210/648/1174 4211/649/1175
f 4214/650/1176 4213/651/1177 4212/652/1178
f 4213/651/1177 4214/650/1176 4215/653/1176
f 4218/645/1179 4217/648/1180 4216/649/1180
f 4217/648/1180 4218/645/1179 4219/647/1179
f 4222/651/1181 4221/650/1182 4220/653/1181
f 4221/650/1182 4222/651/1181 4223/652/1181
f 4226/648/1183 4225/645/1183 4224/647/1184
f 4225/645/1183 4226/648/1183 4227/649/1183
f 4230/651/1185 4229/650/1186 4228/653/1186
f 4229/650/1186 4230/651/1185 4231/652/1186
f 4234/648/1187 4233/645/1188 4232/647/1187
f 4233/645/1188 4234/648/1187 4235/649/1187
f 4238/650/1189 4237/651/1190 4236/652/1191
f 4237/651/1190 4238/650/1189 4239/653/1190
f 4242/654/72 4241/655/72 4240/656/72
f 4241/655/72 4242/654/72 4243/657/72
f 4246/654/68 4245/655/68 4244/656/68
f 4245/655/68 4246/654/68 4247/657/68
f 4250/655/3 4249/654/3 4248/657/3
f 4249/654/3 4250/655/3 4251/656/3
f 4254/655/1145 4253/654/1145 4252/657/1145
f 4253/654/1145 4254/655/1145 4255/656/1145
f 4258/654/1172 4257/658/1172 4256/659/1172
f 4257/658/1172 4258/654/1172 4259/656/1172
f 4262/660/1173 4261/655/1173 4260/657/1173
f 4261/655/1173 4262/660/1173 4263/661/1173
f 4266/658/1170 4265/654/1170 4264/656/1170
f 4265/654/1170 4266/658/1170 4267/659/1170
f 4270/655/1171 4269/660/1171 4268/661/1171
f 4269/660/1171 4270/655/1171 4271/657/1171
f 4277/650/36 4276/662/36 4275/653/36
f 4276/662/36 4277/650/36 4278/663/36
f 4284/650/36 4283/662/36 4282/653/36
f 4283/662/36 4284/650/36 4285/663/36
f 4291/650/36 4290/662/36 4289/653/36
f 4290/662/36 4291/650/36 4292/663/36
f 4298/650/36 4297/662/36 4296/653/36
f 4297/662/36 4298/650/36 4299/663/36
f 4302/648/1126 4301/645/1127 4300/647/1126
f 4301/645/1127 4302/648/1126 4303/649/1127
f 4306/650/1192 4305/651/1192 4304/652/1128
f 4305/651/1192 4306/650/1192 4307/653/1192
f 4310/645/1131 4309/648/1130 4308/649/1130
f 4309/648/1130 4310/645/1131 4311/647/1131
f 4314/651/1133 4313/650/1133 4312/653/1193
f 4313/650/1133 4314/651/1133 4315/652/1193
f 4318/648/1136 4317/645/1136 4316/647/1136
f 4317/645/1136 4318/648/1136 4319/649/1136
f 4322/651/1194 4321/650/1194 4320/653/1140
f 4321/650/1194 4322/651/1194 4323/652/1194
f 4326/648/1142 4325/645/1142 4324/647/1141
f 4325/645/1142 4326/648/1142 4327/649/1141
f 4330/650/1144 4329/651/1144 4328/652/1143
f 4329/651/1144 4330/650/1144 4331/653/1195
f 4334/654/43 4333/655/43 4332/656/43
f 4333/655/43 4334/654/43 4335/657/43
f 4338/654/36 4337/655/36 4336/656/36
f 4337/655/36 4338/654/36 4339/657/36
f 4342/655/3 4341/654/3 4340/657/3
f 4341/654/3 4342/655/3 4343/656/3
f 4346/655/1145 4345/654/1145 4344/657/1145
f 4345/654/1145 4346/655/1145 4347/656/1145
f 4350/654/1146 4349/658/1146 4348/659/1146
f 4349/658/1146 4350/654/1146 4351/656/1146
f 4354/660/1147 4353/655/1147 4352/657/1147
f 4353/655/1147 4354/660/1147 4355/661/1147
f 4358/658/1148 4357/654/1148 4356/656/1148
f 4357/654/1148 4358/658/1148 4359/659/1148
f 4362/655/1149 4361/660/1149 4360/661/1149
f 4361/660/1149 4362/655/1149 4363/657/1149
f 4369/650/72 4368/662/72 4367/653/72
f 4368/662/72 4369/650/72 4370/663/72
f 4376/650/72 4375/662/72 4374/653/72
f 4375/662/72 4376/650/72 4377/663/72
f 4383/650/72 4382/662/72 4381/653/72
f 4382/662/72 4383/650/72 4384/663/72
f 4390/650/72 4389/662/72 4388/653/72
f 4389/662/72 4390/650/72 4391/663/72
f 4394/648/1196 4393/645/1196 4392/647/1196
f 4393/645/1196 4394/648/1196 4395/649/1196
f 4398/650/1197 4397/651/1197 4396/652/1197
f 4397/651/1197 4398/650/1197 4399/653/1198
f 4402/645/1199 4401/648/1199 4400/649/1200
f 4401/648/1199 4402/645/1199 4403/647/1199
f 4406/651/1201 4405/650/1202 4404/653/1201
f 4405/650/1202 4406/651/1201 4407/652/1203
f 4410/648/1204 4409/645/1205 4408/647/1205
f 4409/645/1205 4410/648/1204 4411/649/1204
f 4414/651/1206 4413/650/1206 4412/653/1207
f 4413/650/1206 4414/651/1206 4415/652/1207
f 4418/648/1208 4417/645/1208 4416/647/1208
f 4417/645/1208 4418/648/1208 4419/649/1208
f 4422/650/1209 4421/651/1210 4420/652/1210
f 4421/651/1210 4422/650/1209 4423/653/1209
f 4426/654/72 4425/655/72 4424/656/72
f 4425/655/72 4426/654/72 4427/657/72
f 4430/654/68 4429/655/68 4428/656/68
f 4429/655/68 4430/654/68 4431/657/68
f 4434/655/43 4433/654/43 4432/657/43
f 4433/654/43 4434/655/43 4435/656/43
f 4438/655/36 4437/654/36 4436/657/36
f 4437/654/36 4438/655/36 4439/656/36
f 4442/654/1211 4441/658/1211 4440/659/1211
f 4441/658/1211 4442/654/1211 4443/656/1211
f 4446/660/33 4445/655/33 4444/657/33
f 4445/655/33 4446/660/33 4447/661/33
f 4450/658/11 4449/654/11 4448/656/11
f 4449/654/11 4450/658/11 4451/659/11
f 4454/655/1212 4453/660/1212 4452/661/1212
f 4453/660/1212 4454/655/1212 4455/657/1212
f 4461/650/3 4460/662/3 4459/653/3
f 4460/662/3 4461/650/3 4462/663/3
f 4468/650/3 4467/662/3 4466/653/3
f 4467/662/3 4468/650/3 4469/663/3
f 4475/650/3 4474/662/3 4473/653/3
f 4474/662/3 4475/650/3 4476/663/3
f 4482/650/3 4481/662/3 4480/653/3
f 4481/662/3 4482/650/3 4483/663/3
f 4486/648/1213 4485/645/1127 4484/647/1127
f 4485/645/1127 4486/648/1213 4487/649/1126
f 4490/650/1128 4489/651/1192 4488/652/1214
f 4489/651/1192 4490/650/1128 4491/653/1192
f 4494/645/1130 4493/648/1130 4492/649/1130
f 4493/648/1130 4494/645/1130 4495/647/1130
f 4498/651/1133 4497/650/1215 4496/653/1133
f 4497/650/1215 4498/651/1133 4499/652/1215
f 4502/648/1135 4501/645/1136 4500/647/1136
f 4501/645/1136 4502/648/1135 4503/649/1136
f 4506/651/1140 4505/650/1139 4504/653/1140
f 4505/650/1139 4506/651/1140 4507/652/1140
f 4510/648/1141 4509/645/1142 4508/647/1142
f 4509/645/1142 4510/648/1141 4511/649/1216
f 4514/650/1195 4513/651/1195 4512/652/1143
f 4513/651/1195 4514/650/1195 4515/653/1195
f 4518/654/43 4517/655/43 4516/656/43
f 4517/655/43 4518/654/43 4519/657/43
f 4522/654/36 4521/655/36 4520/656/36
f 4521/655/36 4522/654/36 4523/657/36
f 4526/655/3 4525/654/3 4524/657/3
f 4525/654/3 4526/655/3 4527/656/3
f 4530/655/1145 4529/654/1145 4528/657/1145
f 4529/654/1145 4530/655/1145 4531/656/1145
f 4534/654/1146 4533/658/1146 4532/659/1146
f 4533/658/1146 4534/654/1146 4535/656/1146
f 4538/660/1147 4537/655/1147 4536/657/1147
f 4537/655/1147 4538/660/1147 4539/661/1147
f 4542/658/1148 4541/654/1148 4540/656/1148
f 4541/654/1148 4542/658/1148 4543/659/1148
f 4546/655/1149 4545/660/1149 4544/661/1149
f 4545/660/1149 4546/655/1149 4547/657/1149
f 4553/650/72 4552/662/72 4551/653/72
f 4552/662/72 4553/650/72 4554/663/72
f 4560/650/72 4559/662/72 4558/653/72
f 4559/662/72 4560/650/72 4561/663/72
f 4567/650/72 4566/662/72 4565/653/72
f 4566/662/72 4567/650/72 4568/663/72
f 4574/650/72 4573/662/72 4572/653/72
f 4573/662/72 4574/650/72 4575/663/72
