# Blender 5.1.1
# www.blender.org
o w9a02_metal901
v -5.743512 0.714693 2.119336
v -5.180439 0.714693 1.886167
v -5.743512 0.697532 2.119336
v -5.180439 0.697532 1.886167
v -5.826982 0.714693 1.968699
v -5.768971 0.714693 2.108788
v -5.826982 0.697532 1.968700
v -5.768971 0.697532 2.108788
v -5.253360 0.714693 1.710070
v -5.816434 0.714693 1.943240
v -5.253360 0.697532 1.710070
v -5.816433 0.697532 1.943240
v -5.227901 0.697532 1.720619
v -5.169890 0.697532 1.860707
v -5.227901 0.714693 1.720619
v -5.169890 0.714693 1.860707
v -5.740014 0.701605 2.009239
v -5.754355 0.701605 1.974608
v -5.260748 0.701605 1.810775
v -5.275089 0.701605 1.776143
v -5.740014 0.714693 2.009239
v -5.740014 0.701605 2.009239
v -5.260748 0.714693 1.810775
v -5.260748 0.701605 1.810775
v -5.260748 0.714693 1.810775
v -5.260748 0.701605 1.810775
v -5.275089 0.714693 1.776143
v -5.275089 0.701605 1.776143
v -5.275089 0.714693 1.776143
v -5.275089 0.701605 1.776143
v -5.754355 0.714693 1.974608
v -5.754355 0.701605 1.974608
v -5.754355 0.714693 1.974608
v -5.754355 0.701605 1.974608
v -5.740014 0.714693 2.009239
v -5.740014 0.701605 2.009239
v -5.826982 0.714693 1.968699
v -5.826982 0.697532 1.968700
v -5.816434 0.714693 1.943240
v -5.816433 0.697532 1.943240
v -5.253360 0.714693 1.710070
v -5.253360 0.697532 1.710070
v -5.227901 0.714693 1.720619
v -5.227901 0.697532 1.720619
v -5.180439 0.697532 1.886167
v -5.180439 0.714693 1.886167
v -5.169890 0.697532 1.860707
v -5.169890 0.714693 1.860707
v -5.743512 0.714693 2.119336
v -5.743512 0.697532 2.119336
v -5.768971 0.714693 2.108788
v -5.768971 0.697532 2.108788
v -5.227901 0.714693 1.720619
v -5.169890 0.714693 1.860707
v -5.275089 0.714693 1.776143
v -5.260748 0.714693 1.810775
v -5.180439 0.714693 1.886167
v -5.260748 0.714693 1.810775
v -5.169890 0.714693 1.860707
v -5.816434 0.714693 1.943240
v -5.253360 0.714693 1.710070
v -5.754355 0.714693 1.974608
v -5.275089 0.714693 1.776143
v -5.253360 0.714693 1.710070
v -5.227901 0.714693 1.720619
v -5.275089 0.714693 1.776143
v -5.768971 0.714693 2.108788
v -5.826982 0.714693 1.968699
v -5.740014 0.714693 2.009239
v -5.754355 0.714693 1.974608
v -5.826982 0.714693 1.968699
v -5.816434 0.714693 1.943240
v -5.754355 0.714693 1.974608
v -5.743512 0.714693 2.119336
v -5.740014 0.714693 2.009239
v -5.180439 0.714693 1.886167
v -5.260748 0.714693 1.810775
v -5.743512 0.714693 2.119336
v -5.768971 0.714693 2.108788
v -5.740014 0.714693 2.009239
v -5.407419 0.785209 1.866597
v -5.396574 0.785209 1.862105
v -5.407419 0.697391 1.866597
v -5.396573 0.697391 1.862105
v -5.422548 0.785209 1.850965
v -5.417867 0.785209 1.862268
v -5.422548 0.697391 1.850965
v -5.417867 0.697391 1.862268
v -5.418219 0.697391 1.840517
v -5.407372 0.697391 1.836026
v -5.418219 0.785209 1.840517
v -5.407373 0.785209 1.836026
v -5.392244 0.785209 1.851657
v -5.396924 0.785209 1.840355
v -5.392244 0.697391 1.851657
v -5.396924 0.697391 1.840355
v -5.422548 0.785209 1.850965
v -5.422548 0.697391 1.850965
v -5.418219 0.785209 1.840517
v -5.418219 0.697391 1.840517
v -5.407373 0.785209 1.836026
v -5.407372 0.697391 1.836026
v -5.396924 0.785209 1.840355
v -5.396924 0.697391 1.840355
v -5.392244 0.785209 1.851657
v -5.392244 0.697391 1.851657
v -5.396574 0.785209 1.862105
v -5.396573 0.697391 1.862105
v -5.407419 0.785209 1.866597
v -5.407419 0.697391 1.866597
v -5.417867 0.785209 1.862268
v -5.417867 0.697391 1.862268
v -5.424119 0.810622 1.840785
v -5.433122 0.800879 1.844513
v -5.424119 0.800879 1.830239
v -5.427847 0.796843 1.831783
v -5.424119 0.800879 1.830239
v -5.410467 0.800879 1.824586
v -5.424119 0.810622 1.840785
v -5.403010 0.810622 1.832044
v -5.410467 0.800879 1.824586
v -5.406738 0.796843 1.823041
v -5.403010 0.810622 1.832044
v -5.394008 0.800879 1.828316
v -5.406738 0.796843 1.823041
v -5.406738 0.781319 1.823042
v -5.394008 0.800879 1.828316
v -5.394008 0.777284 1.828316
v -5.406738 0.781319 1.823042
v -5.410467 0.777284 1.824586
v -5.394008 0.777284 1.828316
v -5.403010 0.767540 1.832044
v -5.410467 0.777284 1.824586
v -5.424119 0.777284 1.830239
v -5.403010 0.767540 1.832044
v -5.424119 0.767540 1.840785
v -5.424119 0.777284 1.830239
v -5.427847 0.781319 1.831783
v -5.424119 0.767540 1.840785
v -5.433122 0.777284 1.844513
v -5.433122 0.800879 1.844513
v -5.433122 0.777284 1.844513
v -5.427847 0.796843 1.831783
v -5.427847 0.781319 1.831783
v -5.410467 0.800879 1.824586
v -5.424119 0.800879 1.830239
v -5.406738 0.796843 1.823041
v -5.406738 0.781319 1.823042
v -5.427847 0.796843 1.831783
v -5.410467 0.777284 1.824586
v -5.427847 0.781319 1.831783
v -5.424119 0.777284 1.830239
v -5.379728 0.800879 1.937435
v -5.383457 0.796843 1.938979
v -5.387186 0.810622 1.929977
v -5.396187 0.800879 1.933705
v -5.387186 0.810622 1.929977
v -5.366075 0.810622 1.921235
v -5.379728 0.800879 1.937435
v -5.366076 0.800879 1.931782
v -5.366075 0.810622 1.921235
v -5.357073 0.800879 1.917508
v -5.366076 0.800879 1.931782
v -5.362348 0.796843 1.930238
v -5.383457 0.796843 1.938979
v -5.383457 0.781320 1.938979
v -5.396187 0.800879 1.933705
v -5.396187 0.777284 1.933705
v -5.357073 0.800879 1.917508
v -5.357073 0.777284 1.917508
v -5.362348 0.796843 1.930238
v -5.362348 0.781320 1.930238
v -5.357073 0.777284 1.917508
v -5.366075 0.767540 1.921235
v -5.362348 0.781320 1.930238
v -5.366076 0.777284 1.931782
v -5.366075 0.767540 1.921235
v -5.387186 0.767540 1.929977
v -5.366076 0.777284 1.931782
v -5.379728 0.777284 1.937435
v -5.387186 0.767540 1.929977
v -5.396187 0.777284 1.933705
v -5.379728 0.777284 1.937435
v -5.383457 0.781320 1.938979
v -5.383457 0.781320 1.938979
v -5.383457 0.796843 1.938979
v -5.379728 0.777284 1.937435
v -5.366076 0.777284 1.931782
v -5.379728 0.800879 1.937435
v -5.362348 0.781320 1.930238
v -5.366076 0.800879 1.931782
v -5.362348 0.796843 1.930238
v -5.387186 0.767540 1.929977
v -5.366075 0.767540 1.921235
v -5.424119 0.767540 1.840785
v -5.403010 0.767540 1.832044
v -5.396187 0.800879 1.933705
v -5.396187 0.777284 1.933705
v -5.433122 0.800879 1.844513
v -5.433122 0.777284 1.844513
v -5.424119 0.810622 1.840785
v -5.403010 0.810622 1.832044
v -5.387186 0.810622 1.929977
v -5.366075 0.810622 1.921235
v -5.357073 0.777284 1.917508
v -5.357073 0.800879 1.917508
v -5.394008 0.777284 1.828316
v -5.394008 0.800879 1.828316
v -5.396187 0.800879 1.933705
v -5.433122 0.800879 1.844513
v -5.387186 0.810622 1.929977
v -5.424119 0.810622 1.840785
v -5.366075 0.810622 1.921235
v -5.403010 0.810622 1.832044
v -5.357073 0.800879 1.917508
v -5.394008 0.800879 1.828316
v -5.357073 0.777284 1.917508
v -5.394008 0.777284 1.828316
v -5.366075 0.767540 1.921235
v -5.403010 0.767540 1.832044
v -5.387186 0.767540 1.929977
v -5.424119 0.767540 1.840785
v -5.396187 0.777284 1.933705
v -5.433122 0.777284 1.844513
v -4.684768 0.715409 3.191947
v -4.704408 0.715409 3.144519
v -4.637341 0.715409 3.172307
v -4.656980 0.715409 3.124879
v -4.689523 0.698248 3.203424
v -4.684768 0.715409 3.191947
v -4.625863 0.698248 3.177062
v -4.637341 0.715409 3.172307
v -4.715886 0.698248 3.139763
v -4.704408 0.715409 3.144519
v -4.689523 0.698248 3.203424
v -4.684768 0.715409 3.191947
v -4.704408 0.715409 3.144519
v -4.715886 0.698248 3.139763
v -4.656980 0.715409 3.124879
v -4.652225 0.698248 3.113401
v -4.625863 0.698248 3.177062
v -4.637341 0.715409 3.172307
v -4.652225 0.698248 3.113401
v -4.656980 0.715409 3.124879
v -4.721663 0.715409 3.102852
v -4.741302 0.715409 3.055424
v -4.674235 0.715409 3.083212
v -4.693874 0.715409 3.035784
v -4.726418 0.698248 3.114329
v -4.721663 0.715409 3.102852
v -4.662757 0.698248 3.087967
v -4.674235 0.715409 3.083212
v -4.752780 0.698248 3.050668
v -4.741302 0.715409 3.055424
v -4.726418 0.698248 3.114329
v -4.721663 0.715409 3.102852
v -4.741302 0.715409 3.055424
v -4.752780 0.698248 3.050668
v -4.693874 0.715409 3.035784
v -4.689119 0.698248 3.024306
v -4.662757 0.698248 3.087967
v -4.674235 0.715409 3.083212
v -4.689119 0.698248 3.024306
v -4.693874 0.715409 3.035784
v -4.758275 0.715409 3.014438
v -4.777914 0.715409 2.967010
v -4.710847 0.715409 2.994798
v -4.730486 0.715409 2.947371
v -4.763030 0.698248 3.025916
v -4.758275 0.715409 3.014438
v -4.699369 0.698248 2.999554
v -4.710847 0.715409 2.994798
v -4.789392 0.698248 2.962255
v -4.777914 0.715409 2.967010
v -4.763030 0.698248 3.025916
v -4.758275 0.715409 3.014438
v -4.777914 0.715409 2.967010
v -4.789392 0.698248 2.962255
v -4.730486 0.715409 2.947371
v -4.725731 0.698248 2.935893
v -4.699369 0.698248 2.999554
v -4.710847 0.715409 2.994798
v -4.725731 0.698248 2.935893
v -4.730486 0.715409 2.947371
v -4.793243 0.715409 2.929994
v -4.812883 0.715409 2.882567
v -4.745815 0.715409 2.910355
v -4.765455 0.715409 2.862927
v -4.797998 0.698248 2.941472
v -4.793243 0.715409 2.929994
v -4.734338 0.698248 2.915110
v -4.745815 0.715409 2.910355
v -4.824360 0.698248 2.877811
v -4.812883 0.715409 2.882567
v -4.797998 0.698248 2.941472
v -4.793243 0.715409 2.929994
v -4.812883 0.715409 2.882567
v -4.824360 0.698248 2.877811
v -4.765455 0.715409 2.862927
v -4.760700 0.698248 2.851449
v -4.734338 0.698248 2.915110
v -4.745815 0.715409 2.910355
v -4.760700 0.698248 2.851449
v -4.765455 0.715409 2.862927
v -4.828502 0.715409 2.844848
v -4.848142 0.715409 2.797421
v -4.781075 0.715409 2.825209
v -4.800714 0.715409 2.777781
v -4.833257 0.698248 2.856326
v -4.828502 0.715409 2.844848
v -4.769597 0.698248 2.829964
v -4.781075 0.715409 2.825209
v -4.859619 0.698248 2.792665
v -4.848142 0.715409 2.797421
v -4.833257 0.698248 2.856326
v -4.828502 0.715409 2.844848
v -4.848142 0.715409 2.797421
v -4.859619 0.698248 2.792665
v -4.800714 0.715409 2.777781
v -4.795959 0.698248 2.766303
v -4.769597 0.698248 2.829964
v -4.781075 0.715409 2.825209
v -4.795959 0.698248 2.766303
v -4.800714 0.715409 2.777781
v -4.863843 0.715409 2.759502
v -4.883483 0.715409 2.712075
v -4.816416 0.715409 2.739863
v -4.836055 0.715409 2.692435
v -4.868599 0.698248 2.770980
v -4.863843 0.715409 2.759502
v -4.804938 0.698248 2.744618
v -4.816416 0.715409 2.739863
v -4.894961 0.698248 2.707319
v -4.883483 0.715409 2.712075
v -4.868599 0.698248 2.770980
v -4.863843 0.715409 2.759502
v -4.883483 0.715409 2.712075
v -4.894961 0.698248 2.707319
v -4.836055 0.715409 2.692435
v -4.831300 0.698248 2.680958
v -4.804938 0.698248 2.744618
v -4.816416 0.715409 2.739863
v -4.831300 0.698248 2.680958
v -4.836055 0.715409 2.692435
v -4.992173 0.715409 2.812644
v -5.011813 0.715409 2.765216
v -4.944745 0.715409 2.793004
v -4.964385 0.715409 2.745577
v -4.996928 0.698248 2.824121
v -4.992173 0.715409 2.812644
v -4.933268 0.698248 2.797760
v -4.944745 0.715409 2.793004
v -5.023290 0.698248 2.760461
v -5.011813 0.715409 2.765216
v -4.996928 0.698248 2.824121
v -4.992173 0.715409 2.812644
v -5.011813 0.715409 2.765216
v -5.023290 0.698248 2.760461
v -4.964385 0.715409 2.745577
v -4.959630 0.698248 2.734099
v -4.933268 0.698248 2.797760
v -4.944745 0.715409 2.793004
v -4.959630 0.698248 2.734099
v -4.964385 0.715409 2.745577
v -4.956831 0.715409 2.897990
v -4.976470 0.715409 2.850562
v -4.909403 0.715409 2.878350
v -4.929043 0.715409 2.830922
v -4.961586 0.698248 2.909467
v -4.956831 0.715409 2.897990
v -4.897926 0.698248 2.883105
v -4.909403 0.715409 2.878350
v -4.987948 0.698248 2.845807
v -4.976470 0.715409 2.850562
v -4.961586 0.698248 2.909467
v -4.956831 0.715409 2.897990
v -4.976470 0.715409 2.850562
v -4.987948 0.698248 2.845807
v -4.929043 0.715409 2.830922
v -4.924287 0.698248 2.819444
v -4.897926 0.698248 2.883105
v -4.909403 0.715409 2.878350
v -4.924287 0.698248 2.819444
v -4.929043 0.715409 2.830922
v -4.921572 0.715409 2.983136
v -4.941211 0.715409 2.935708
v -4.874144 0.715409 2.963496
v -4.893784 0.715409 2.916068
v -4.926327 0.698248 2.994613
v -4.921572 0.715409 2.983136
v -4.862667 0.698248 2.968251
v -4.874144 0.715409 2.963496
v -4.952689 0.698248 2.930953
v -4.941211 0.715409 2.935708
v -4.926327 0.698248 2.994613
v -4.921572 0.715409 2.983136
v -4.941211 0.715409 2.935708
v -4.952689 0.698248 2.930953
v -4.893784 0.715409 2.916068
v -4.889028 0.698248 2.904591
v -4.862667 0.698248 2.968251
v -4.874144 0.715409 2.963496
v -4.889028 0.698248 2.904591
v -4.893784 0.715409 2.916068
v -4.886604 0.715409 3.067579
v -4.906244 0.715409 3.020152
v -4.839176 0.715409 3.047939
v -4.858816 0.715409 3.000512
v -4.891359 0.698248 3.079057
v -4.886604 0.715409 3.067579
v -4.827699 0.698248 3.052695
v -4.839176 0.715409 3.047939
v -4.917721 0.698248 3.015396
v -4.906244 0.715409 3.020152
v -4.891359 0.698248 3.079057
v -4.886604 0.715409 3.067579
v -4.906244 0.715409 3.020152
v -4.917721 0.698248 3.015396
v -4.858816 0.715409 3.000512
v -4.854061 0.698248 2.989034
v -4.827699 0.698248 3.052695
v -4.839176 0.715409 3.047939
v -4.854061 0.698248 2.989034
v -4.858816 0.715409 3.000512
v -4.849992 0.715409 3.155993
v -4.869631 0.715409 3.108565
v -4.802564 0.715409 3.136353
v -4.822204 0.715409 3.088925
v -4.854747 0.698248 3.167470
v -4.849992 0.715409 3.155993
v -4.791086 0.698248 3.141108
v -4.802564 0.715409 3.136353
v -4.881109 0.698248 3.103810
v -4.869631 0.715409 3.108565
v -4.854747 0.698248 3.167470
v -4.849992 0.715409 3.155993
v -4.869631 0.715409 3.108565
v -4.881109 0.698248 3.103810
v -4.822204 0.715409 3.088925
v -4.817448 0.698248 3.077448
v -4.791086 0.698248 3.141108
v -4.802564 0.715409 3.136353
v -4.817448 0.698248 3.077448
v -4.822204 0.715409 3.088925
v -4.813097 0.715409 3.245087
v -4.832737 0.715409 3.197660
v -4.765670 0.715409 3.225448
v -4.785309 0.715409 3.178020
v -4.817853 0.698248 3.256565
v -4.813097 0.715409 3.245087
v -4.754192 0.698248 3.230203
v -4.765670 0.715409 3.225448
v -4.844215 0.698248 3.192904
v -4.832737 0.715409 3.197660
v -4.817853 0.698248 3.256565
v -4.813097 0.715409 3.245087
v -4.832737 0.715409 3.197660
v -4.844215 0.698248 3.192904
v -4.785309 0.715409 3.178020
v -4.780554 0.698248 3.166543
v -4.754192 0.698248 3.230203
v -4.765670 0.715409 3.225448
v -4.780554 0.698248 3.166543
v -4.785309 0.715409 3.178020
v -5.831979 0.826918 2.388334
v -5.851619 0.826918 2.340907
v -5.772860 0.751921 2.363853
v -5.792499 0.751921 2.316425
v -5.845948 0.822462 2.403627
v -5.831979 0.826918 2.388334
v -5.776292 0.734099 2.374782
v -5.772860 0.751921 2.363853
v -5.872310 0.822462 2.339966
v -5.851619 0.826918 2.340907
v -5.845948 0.822462 2.403627
v -5.831979 0.826918 2.388334
v -5.851619 0.826918 2.340907
v -5.872310 0.822462 2.339966
v -5.792499 0.751921 2.316425
v -5.802654 0.734099 2.311122
v -5.776292 0.734099 2.374782
v -5.772860 0.751921 2.363853
v -5.802654 0.734099 2.311122
v -5.792499 0.751921 2.316425
v -5.870210 0.826918 2.296011
v -5.889850 0.826918 2.248583
v -5.811091 0.751921 2.271529
v -5.830730 0.751921 2.224102
v -5.884180 0.822462 2.311304
v -5.870210 0.826918 2.296011
v -5.814523 0.734099 2.282459
v -5.811091 0.751921 2.271529
v -5.910541 0.822462 2.247643
v -5.889850 0.826918 2.248583
v -5.884180 0.822462 2.311304
v -5.870210 0.826918 2.296011
v -5.889850 0.826918 2.248583
v -5.910541 0.822462 2.247643
v -5.830730 0.751921 2.224102
v -5.840885 0.734099 2.218798
v -5.814523 0.734099 2.282459
v -5.811091 0.751921 2.271529
v -5.840885 0.734099 2.218798
v -5.830730 0.751921 2.224102
v -5.909209 0.826918 2.201834
v -5.928849 0.826918 2.154406
v -5.850090 0.751921 2.177353
v -5.869729 0.751921 2.129925
v -5.923178 0.822462 2.217127
v -5.909209 0.826918 2.201834
v -5.853522 0.734099 2.188282
v -5.850090 0.751921 2.177353
v -5.949540 0.822462 2.153466
v -5.928849 0.826918 2.154406
v -5.923178 0.822462 2.217127
v -5.909209 0.826918 2.201834
v -5.928849 0.826918 2.154406
v -5.949540 0.822462 2.153466
v -5.869729 0.751921 2.129925
v -5.879884 0.734099 2.124622
v -5.853522 0.734099 2.188282
v -5.850090 0.751921 2.177353
v -5.879884 0.734099 2.124622
v -5.869729 0.751921 2.129925
v -5.948834 0.826918 2.106144
v -5.968474 0.826918 2.058717
v -5.889715 0.751921 2.081663
v -5.909354 0.751921 2.034235
v -5.962803 0.822462 2.121438
v -5.948834 0.826918 2.106144
v -5.893147 0.734099 2.092593
v -5.889715 0.751921 2.081663
v -5.989165 0.822462 2.057777
v -5.968474 0.826918 2.058717
v -5.962803 0.822462 2.121438
v -5.948834 0.826918 2.106144
v -5.968474 0.826918 2.058717
v -5.989165 0.822462 2.057777
v -5.909354 0.751921 2.034235
v -5.919509 0.734099 2.028932
v -5.893147 0.734099 2.092593
v -5.889715 0.751921 2.081663
v -5.919509 0.734099 2.028932
v -5.909354 0.751921 2.034235
v -5.986698 0.826918 2.014709
v -6.006338 0.826918 1.967281
v -5.927578 0.751921 1.990227
v -5.947217 0.751921 1.942800
v -6.000667 0.822462 2.030001
v -5.986698 0.826918 2.014709
v -5.931011 0.734099 2.001157
v -5.927578 0.751921 1.990227
v -6.027029 0.822462 1.966341
v -6.006338 0.826918 1.967281
v -6.000667 0.822462 2.030001
v -5.986698 0.826918 2.014709
v -6.006338 0.826918 1.967281
v -6.027029 0.822462 1.966341
v -5.947217 0.751921 1.942800
v -5.957372 0.734099 1.937496
v -5.931011 0.734099 2.001157
v -5.927578 0.751921 1.990227
v -5.957372 0.734099 1.937496
v -5.947217 0.751921 1.942800
v -5.992931 1.096964 -1.107122
v -5.420738 0.887165 -1.107122
v -5.998838 1.080852 -1.107122
v -5.426646 0.871053 -1.107122
v -6.011226 1.103672 -1.278233
v -6.011226 1.103672 -1.126609
v -6.017134 1.087560 -1.278233
v -6.017134 1.087560 -1.126609
v -5.420738 0.887165 -1.297720
v -5.992931 1.096964 -1.297720
v -5.426646 0.871053 -1.297720
v -5.998838 1.080852 -1.297720
v -5.408350 0.864344 -1.278233
v -5.408350 0.864344 -1.126609
v -5.402442 0.880457 -1.278233
v -5.402442 0.880457 -1.126609
v -5.954854 1.069063 -1.207504
v -5.954854 1.069063 -1.244987
v -5.467826 0.890490 -1.207504
v -5.467826 0.890490 -1.244987
v -5.950348 1.081351 -1.207504
v -5.954854 1.069063 -1.207504
v -5.463321 0.902778 -1.207504
v -5.467826 0.890490 -1.207504
v -5.463321 0.902778 -1.207504
v -5.467826 0.890490 -1.207504
v -5.463321 0.902778 -1.244987
v -5.467826 0.890490 -1.244987
v -5.463321 0.902778 -1.244987
v -5.467826 0.890490 -1.244987
v -5.950348 1.081351 -1.244987
v -5.954854 1.069063 -1.244987
v -5.950348 1.081351 -1.244987
v -5.954854 1.069063 -1.244987
v -5.950348 1.081351 -1.207504
v -5.954854 1.069063 -1.207504
v -6.011226 1.103672 -1.278233
v -6.017134 1.087560 -1.278233
v -5.992931 1.096964 -1.297720
v -5.998838 1.080852 -1.297720
v -5.420738 0.887165 -1.297720
v -5.426646 0.871053 -1.297720
v -5.402442 0.880457 -1.278233
v -5.408350 0.864344 -1.278233
v -5.426646 0.871053 -1.107122
v -5.420738 0.887165 -1.107122
v -5.408350 0.864344 -1.126609
v -5.402442 0.880457 -1.126609
v -5.992931 1.096964 -1.107122
v -5.998838 1.080852 -1.107122
v -6.011226 1.103672 -1.126609
v -6.017134 1.087560 -1.126609
v -5.402442 0.880457 -1.278233
v -5.402442 0.880457 -1.126609
v -5.463321 0.902778 -1.244987
v -5.463321 0.902778 -1.207504
v -5.420738 0.887165 -1.107122
v -5.463321 0.902778 -1.207504
v -5.402442 0.880457 -1.126609
v -5.992931 1.096964 -1.297720
v -5.420738 0.887165 -1.297720
v -5.950348 1.081351 -1.244987
v -5.463321 0.902778 -1.244987
v -5.420738 0.887165 -1.297720
v -5.402442 0.880457 -1.278233
v -5.463321 0.902778 -1.244987
v -6.011226 1.103672 -1.126609
v -6.011226 1.103672 -1.278233
v -5.950348 1.081351 -1.207504
v -5.950348 1.081351 -1.244987
v -6.011226 1.103672 -1.278233
v -5.992931 1.096964 -1.297720
v -5.950348 1.081351 -1.244987
v -5.992931 1.096964 -1.107122
v -5.950348 1.081351 -1.207504
v -5.420738 0.887165 -1.107122
v -5.463321 0.902778 -1.207504
v -5.992931 1.096964 -1.107122
v -6.011226 1.103672 -1.126609
v -5.950348 1.081351 -1.207504
v -5.820368 1.108801 -1.212045
v -5.809347 1.104760 -1.212045
v -5.850600 1.026350 -1.212045
v -5.839578 1.022308 -1.212045
v -5.827877 1.111553 -1.232275
v -5.827877 1.111553 -1.220042
v -5.858108 1.029103 -1.232275
v -5.858108 1.029103 -1.220042
v -5.850600 1.026350 -1.240272
v -5.839578 1.022308 -1.240272
v -5.820368 1.108801 -1.240272
v -5.809347 1.104760 -1.240272
v -5.801839 1.102006 -1.220042
v -5.801839 1.102006 -1.232275
v -5.832070 1.019556 -1.220042
v -5.832070 1.019556 -1.232275
v -5.827877 1.111553 -1.232275
v -5.858108 1.029103 -1.232275
v -5.820368 1.108801 -1.240272
v -5.850600 1.026350 -1.240272
v -5.809347 1.104760 -1.240272
v -5.839578 1.022308 -1.240272
v -5.801839 1.102006 -1.232275
v -5.832070 1.019556 -1.232275
v -5.801839 1.102006 -1.220042
v -5.832070 1.019556 -1.220042
v -5.809347 1.104760 -1.212045
v -5.839578 1.022308 -1.212045
v -5.820368 1.108801 -1.212045
v -5.850600 1.026350 -1.212045
v -5.827877 1.111553 -1.220042
v -5.858108 1.029103 -1.220042
v -5.816835 1.134572 -1.242282
v -5.829337 1.128779 -1.242282
v -5.816400 1.124035 -1.252025
v -5.821579 1.121636 -1.252025
v -5.816400 1.124035 -1.252025
v -5.802526 1.118949 -1.252025
v -5.816835 1.134572 -1.242282
v -5.795383 1.126707 -1.242282
v -5.802526 1.118949 -1.252025
v -5.800127 1.113770 -1.252025
v -5.795383 1.126707 -1.242282
v -5.789590 1.114205 -1.242282
v -5.800127 1.113770 -1.252025
v -5.805471 1.099195 -1.252025
v -5.789590 1.114205 -1.242282
v -5.797713 1.092052 -1.242282
v -5.805471 1.099195 -1.252025
v -5.810650 1.096796 -1.252025
v -5.797713 1.092052 -1.242282
v -5.810214 1.086258 -1.242282
v -5.810650 1.096796 -1.252025
v -5.824523 1.101882 -1.252025
v -5.810214 1.086258 -1.242282
v -5.831666 1.094123 -1.242282
v -5.824523 1.101882 -1.252025
v -5.826922 1.107061 -1.252025
v -5.831666 1.094123 -1.242282
v -5.837460 1.106626 -1.242282
v -5.829337 1.128779 -1.242282
v -5.837460 1.106626 -1.242282
v -5.821579 1.121636 -1.252025
v -5.826922 1.107061 -1.252025
v -5.802526 1.118949 -1.252025
v -5.816400 1.124035 -1.252025
v -5.800127 1.113770 -1.252025
v -5.805471 1.099195 -1.252025
v -5.821579 1.121636 -1.252025
v -5.810650 1.096796 -1.252025
v -5.826922 1.107061 -1.252025
v -5.824523 1.101882 -1.252025
v -5.816400 1.124035 -1.136002
v -5.821579 1.121636 -1.136002
v -5.816835 1.134572 -1.145745
v -5.829337 1.128779 -1.145745
v -5.816835 1.134572 -1.145745
v -5.795383 1.126707 -1.145745
v -5.816400 1.124035 -1.136002
v -5.802527 1.118948 -1.136002
v -5.795383 1.126707 -1.145745
v -5.789590 1.114205 -1.145745
v -5.802527 1.118948 -1.136002
v -5.800127 1.113770 -1.136002
v -5.821579 1.121636 -1.136002
v -5.826923 1.107061 -1.136002
v -5.829337 1.128779 -1.145745
v -5.837460 1.106626 -1.145745
v -5.789590 1.114205 -1.145745
v -5.797713 1.092053 -1.145745
v -5.800127 1.113770 -1.136002
v -5.805470 1.099195 -1.136002
v -5.797713 1.092053 -1.145745
v -5.810215 1.086259 -1.145745
v -5.805470 1.099195 -1.136002
v -5.810649 1.096795 -1.136002
v -5.810215 1.086259 -1.145745
v -5.831666 1.094124 -1.145745
v -5.810649 1.096795 -1.136002
v -5.824523 1.101882 -1.136002
v -5.831666 1.094124 -1.145745
v -5.837460 1.106626 -1.145745
v -5.824523 1.101882 -1.136002
v -5.826923 1.107061 -1.136002
v -5.826923 1.107061 -1.136002
v -5.821579 1.121636 -1.136002
v -5.824523 1.101882 -1.136002
v -5.810649 1.096795 -1.136002
v -5.816400 1.124035 -1.136002
v -5.805470 1.099195 -1.136002
v -5.802527 1.118948 -1.136002
v -5.800127 1.113770 -1.136002
v -5.831666 1.094124 -1.145745
v -5.810215 1.086259 -1.145745
v -5.831666 1.094123 -1.242282
v -5.810214 1.086258 -1.242282
v -5.829337 1.128779 -1.145745
v -5.837460 1.106626 -1.145745
v -5.829337 1.128779 -1.242282
v -5.837460 1.106626 -1.242282
v -5.816835 1.134572 -1.242282
v -5.795383 1.126707 -1.242282
v -5.816835 1.134572 -1.145745
v -5.795383 1.126707 -1.145745
v -5.797713 1.092053 -1.145745
v -5.789590 1.114205 -1.145745
v -5.797713 1.092052 -1.242282
v -5.789590 1.114205 -1.242282
v -5.829337 1.128779 -1.145745
v -5.829337 1.128779 -1.242282
v -5.816835 1.134572 -1.145745
v -5.816835 1.134572 -1.242282
v -5.795383 1.126707 -1.145745
v -5.795383 1.126707 -1.242282
v -5.789590 1.114205 -1.145745
v -5.789590 1.114205 -1.242282
v -5.797713 1.092053 -1.145745
v -5.797713 1.092052 -1.242282
v -5.810215 1.086259 -1.145745
v -5.810214 1.086258 -1.242282
v -5.831666 1.094124 -1.145745
v -5.831666 1.094123 -1.242282
v -5.837460 1.106626 -1.145745
v -5.837460 1.106626 -1.242282
v -5.992931 1.096964 -0.814680
v -5.420738 0.887165 -0.814680
v -5.998838 1.080852 -0.814680
v -5.426646 0.871053 -0.814680
v -6.011226 1.103672 -0.985792
v -6.011226 1.103672 -0.834167
v -6.017134 1.087560 -0.985791
v -6.017134 1.087560 -0.834167
v -5.420738 0.887165 -1.005279
v -5.992931 1.096964 -1.005279
v -5.426646 0.871053 -1.005278
v -5.998838 1.080852 -1.005278
v -5.408350 0.864344 -0.985791
v -5.408350 0.864344 -0.834167
v -5.402442 0.880457 -0.985792
v -5.402442 0.880457 -0.834167
v -5.954854 1.069063 -0.915063
v -5.954854 1.069063 -0.952546
v -5.467826 0.890490 -0.915062
v -5.467826 0.890490 -0.952546
v -5.950348 1.081351 -0.915063
v -5.954854 1.069063 -0.915063
v -5.463321 0.902778 -0.915062
v -5.467826 0.890490 -0.915062
v -5.463321 0.902778 -0.915062
v -5.467826 0.890490 -0.915062
v -5.463321 0.902778 -0.952546
v -5.467826 0.890490 -0.952546
v -5.463321 0.902778 -0.952546
v -5.467826 0.890490 -0.952546
v -5.950348 1.081351 -0.952546
v -5.954854 1.069063 -0.952546
v -5.950348 1.081351 -0.952546
v -5.954854 1.069063 -0.952546
v -5.950348 1.081351 -0.915063
v -5.954854 1.069063 -0.915063
v -6.011226 1.103672 -0.985792
v -6.017134 1.087560 -0.985791
v -5.992931 1.096964 -1.005279
v -5.998838 1.080852 -1.005278
v -5.420738 0.887165 -1.005279
v -5.426646 0.871053 -1.005278
v -5.402442 0.880457 -0.985792
v -5.408350 0.864344 -0.985791
v -5.426646 0.871053 -0.814680
v -5.420738 0.887165 -0.814680
v -5.408350 0.864344 -0.834167
v -5.402442 0.880457 -0.834167
v -5.992931 1.096964 -0.814680
v -5.998838 1.080852 -0.814680
v -6.011226 1.103672 -0.834167
v -6.017134 1.087560 -0.834167
v -5.402442 0.880457 -0.985792
v -5.402442 0.880457 -0.834167
v -5.463321 0.902778 -0.952546
v -5.463321 0.902778 -0.915062
v -5.420738 0.887165 -0.814680
v -5.463321 0.902778 -0.915062
v -5.402442 0.880457 -0.834167
v -5.992931 1.096964 -1.005279
v -5.420738 0.887165 -1.005279
v -5.950348 1.081351 -0.952546
v -5.463321 0.902778 -0.952546
v -5.420738 0.887165 -1.005279
v -5.402442 0.880457 -0.985792
v -5.463321 0.902778 -0.952546
v -6.011226 1.103672 -0.834167
v -6.011226 1.103672 -0.985792
v -5.950348 1.081351 -0.915063
v -5.950348 1.081351 -0.952546
v -6.011226 1.103672 -0.985792
v -5.992931 1.096964 -1.005279
v -5.950348 1.081351 -0.952546
v -5.992931 1.096964 -0.814680
v -5.950348 1.081351 -0.915063
v -5.420738 0.887165 -0.814680
v -5.463321 0.902778 -0.915062
v -5.992931 1.096964 -0.814680
v -6.011226 1.103672 -0.834167
v -5.950348 1.081351 -0.915063
v -5.586328 1.022987 -0.919603
v -5.575306 1.018946 -0.919603
v -5.616561 0.940537 -0.919603
v -5.605539 0.936496 -0.919603
v -5.593836 1.025740 -0.939834
v -5.593836 1.025740 -0.927600
v -5.624070 0.943290 -0.939833
v -5.624070 0.943290 -0.927600
v -5.616561 0.940537 -0.947830
v -5.605539 0.936496 -0.947830
v -5.586328 1.022987 -0.947831
v -5.575306 1.018946 -0.947831
v -5.567800 1.016193 -0.927600
v -5.567800 1.016193 -0.939834
v -5.598031 0.933743 -0.927600
v -5.598031 0.933743 -0.939833
v -5.593836 1.025740 -0.939834
v -5.624070 0.943290 -0.939833
v -5.586328 1.022987 -0.947831
v -5.616561 0.940537 -0.947830
v -5.575306 1.018946 -0.947831
v -5.605539 0.936496 -0.947830
v -5.567800 1.016193 -0.939834
v -5.598031 0.933743 -0.939833
v -5.567800 1.016193 -0.927600
v -5.598031 0.933743 -0.927600
v -5.575306 1.018946 -0.919603
v -5.605539 0.936496 -0.919603
v -5.586328 1.022987 -0.919603
v -5.616561 0.940537 -0.919603
v -5.593836 1.025740 -0.927600
v -5.624070 0.943290 -0.927600
v -5.582796 1.048759 -0.949841
v -5.595297 1.042966 -0.949841
v -5.582361 1.038222 -0.959584
v -5.587540 1.035822 -0.959584
v -5.582361 1.038222 -0.959584
v -5.568489 1.033136 -0.959584
v -5.582796 1.048759 -0.949841
v -5.561345 1.040894 -0.949841
v -5.568489 1.033136 -0.959584
v -5.566087 1.027956 -0.959584
v -5.561345 1.040894 -0.949841
v -5.555550 1.028391 -0.949841
v -5.566087 1.027956 -0.959584
v -5.571432 1.013382 -0.959584
v -5.555550 1.028391 -0.949841
v -5.563673 1.006239 -0.949841
v -5.571432 1.013382 -0.959584
v -5.576611 1.010982 -0.959584
v -5.563673 1.006239 -0.949841
v -5.576176 1.000445 -0.949841
v -5.576611 1.010982 -0.959584
v -5.590483 1.016069 -0.959584
v -5.576176 1.000445 -0.949841
v -5.597627 1.008311 -0.949841
v -5.590483 1.016069 -0.959584
v -5.592884 1.021248 -0.959584
v -5.597627 1.008311 -0.949841
v -5.603421 1.020813 -0.949841
v -5.595297 1.042966 -0.949841
v -5.603421 1.020813 -0.949841
v -5.587540 1.035822 -0.959584
v -5.592884 1.021248 -0.959584
v -5.568489 1.033136 -0.959584
v -5.582361 1.038222 -0.959584
v -5.566087 1.027956 -0.959584
v -5.571432 1.013382 -0.959584
v -5.587540 1.035822 -0.959584
v -5.576611 1.010982 -0.959584
v -5.592884 1.021248 -0.959584
v -5.590483 1.016069 -0.959584
v -5.582361 1.038222 -0.843560
v -5.587540 1.035822 -0.843560
v -5.582796 1.048759 -0.853304
v -5.595297 1.042966 -0.853304
v -5.582796 1.048759 -0.853304
v -5.561344 1.040894 -0.853304
v -5.582361 1.038222 -0.843560
v -5.568489 1.033136 -0.843560
v -5.561344 1.040894 -0.853304
v -5.555549 1.028391 -0.853304
v -5.568489 1.033136 -0.843560
v -5.566087 1.027956 -0.843560
v -5.587540 1.035822 -0.843560
v -5.592884 1.021248 -0.843560
v -5.595297 1.042966 -0.853304
v -5.603421 1.020813 -0.853304
v -5.555549 1.028391 -0.853304
v -5.563673 1.006239 -0.853304
v -5.566087 1.027956 -0.843560
v -5.571432 1.013383 -0.843560
v -5.563673 1.006239 -0.853304
v -5.576175 1.000445 -0.853304
v -5.571432 1.013383 -0.843560
v -5.576611 1.010982 -0.843560
v -5.576175 1.000445 -0.853304
v -5.597627 1.008311 -0.853304
v -5.576611 1.010982 -0.843560
v -5.590483 1.016069 -0.843560
v -5.597627 1.008311 -0.853304
v -5.603421 1.020813 -0.853304
v -5.590483 1.016069 -0.843560
v -5.592884 1.021248 -0.843560
v -5.592884 1.021248 -0.843560
v -5.587540 1.035822 -0.843560
v -5.590483 1.016069 -0.843560
v -5.576611 1.010982 -0.843560
v -5.582361 1.038222 -0.843560
v -5.571432 1.013383 -0.843560
v -5.568489 1.033136 -0.843560
v -5.566087 1.027956 -0.843560
v -5.597627 1.008311 -0.853304
v -5.576175 1.000445 -0.853304
v -5.597627 1.008311 -0.949841
v -5.576176 1.000445 -0.949841
v -5.595297 1.042966 -0.853304
v -5.603421 1.020813 -0.853304
v -5.595297 1.042966 -0.949841
v -5.603421 1.020813 -0.949841
v -5.582796 1.048759 -0.949841
v -5.561345 1.040894 -0.949841
v -5.582796 1.048759 -0.853304
v -5.561344 1.040894 -0.853304
v -5.563673 1.006239 -0.853304
v -5.555549 1.028391 -0.853304
v -5.563673 1.006239 -0.949841
v -5.555550 1.028391 -0.949841
v -5.595297 1.042966 -0.853304
v -5.595297 1.042966 -0.949841
v -5.582796 1.048759 -0.853304
v -5.582796 1.048759 -0.949841
v -5.561344 1.040894 -0.853304
v -5.561345 1.040894 -0.949841
v -5.555549 1.028391 -0.853304
v -5.555550 1.028391 -0.949841
v -5.563673 1.006239 -0.853304
v -5.563673 1.006239 -0.949841
v -5.576175 1.000445 -0.853304
v -5.576176 1.000445 -0.949841
v -5.597627 1.008311 -0.853304
v -5.597627 1.008311 -0.949841
v -5.603421 1.020813 -0.853304
v -5.603421 1.020813 -0.949841
v -5.736344 1.004545 -0.513943
v -5.736344 1.004545 -0.565276
v -5.688137 0.986904 -0.513943
v -5.688137 0.986904 -0.565276
v -5.750492 0.991449 -0.505158
v -5.736344 1.004545 -0.513943
v -5.685785 0.967769 -0.505158
v -5.688137 0.986904 -0.513943
v -5.750492 0.991449 -0.574061
v -5.736344 1.004545 -0.565276
v -5.750492 0.991449 -0.505158
v -5.736344 1.004545 -0.513943
v -5.736344 1.004545 -0.565276
v -5.750492 0.991449 -0.574061
v -5.688137 0.986904 -0.565276
v -5.685785 0.967769 -0.574061
v -5.685785 0.967769 -0.505158
v -5.688137 0.986904 -0.513943
v -5.685785 0.967769 -0.574061
v -5.688137 0.986904 -0.565276
v -5.736344 1.004545 -0.421786
v -5.736344 1.004545 -0.473119
v -5.688137 0.986904 -0.421786
v -5.688137 0.986904 -0.473119
v -5.750492 0.991449 -0.413001
v -5.736344 1.004545 -0.421786
v -5.685785 0.967769 -0.413001
v -5.688137 0.986904 -0.421786
v -5.750492 0.991449 -0.481904
v -5.736344 1.004545 -0.473119
v -5.750492 0.991449 -0.413001
v -5.736344 1.004545 -0.421786
v -5.736344 1.004545 -0.473119
v -5.750492 0.991449 -0.481904
v -5.688137 0.986904 -0.473119
v -5.685785 0.967769 -0.481904
v -5.685785 0.967769 -0.413001
v -5.688137 0.986904 -0.421786
v -5.685785 0.967769 -0.481904
v -5.688137 0.986904 -0.473119
v -5.736344 1.004545 -0.330388
v -5.736344 1.004545 -0.381721
v -5.688137 0.986904 -0.330388
v -5.688137 0.986904 -0.381721
v -5.750492 0.991449 -0.321603
v -5.736344 1.004545 -0.330388
v -5.685785 0.967769 -0.321603
v -5.688137 0.986904 -0.330388
v -5.750492 0.991449 -0.390506
v -5.736344 1.004545 -0.381721
v -5.750492 0.991449 -0.321603
v -5.736344 1.004545 -0.330388
v -5.736344 1.004545 -0.381721
v -5.750492 0.991449 -0.390506
v -5.688137 0.986904 -0.381721
v -5.685785 0.967769 -0.390506
v -5.685785 0.967769 -0.321603
v -5.688137 0.986904 -0.330388
v -5.685785 0.967769 -0.390506
v -5.688137 0.986904 -0.381721
v -5.736344 1.004545 -0.234694
v -5.736344 1.004545 -0.286027
v -5.688137 0.986904 -0.234694
v -5.688137 0.986904 -0.286027
v -5.750492 0.991449 -0.225909
v -5.736344 1.004545 -0.234694
v -5.685785 0.967769 -0.225909
v -5.688137 0.986904 -0.234694
v -5.750492 0.991449 -0.294812
v -5.736344 1.004545 -0.286027
v -5.750492 0.991449 -0.225909
v -5.736344 1.004545 -0.234694
v -5.736344 1.004545 -0.286027
v -5.750492 0.991449 -0.294812
v -5.688137 0.986904 -0.286027
v -5.685785 0.967769 -0.294812
v -5.685785 0.967769 -0.225909
v -5.688137 0.986904 -0.234694
v -5.685785 0.967769 -0.294812
v -5.688137 0.986904 -0.286027
v -5.866781 1.052279 -0.606317
v -5.866781 1.052279 -0.657650
v -5.818574 1.034637 -0.606317
v -5.818574 1.034637 -0.657650
v -5.880929 1.039182 -0.597532
v -5.866781 1.052279 -0.606317
v -5.816223 1.015503 -0.597532
v -5.818574 1.034637 -0.606317
v -5.880929 1.039182 -0.666435
v -5.866781 1.052279 -0.657650
v -5.880929 1.039182 -0.597532
v -5.866781 1.052279 -0.606317
v -5.866781 1.052279 -0.657650
v -5.880929 1.039182 -0.666435
v -5.818574 1.034637 -0.657650
v -5.816223 1.015503 -0.666435
v -5.816223 1.015503 -0.597532
v -5.818574 1.034637 -0.606317
v -5.816223 1.015503 -0.666435
v -5.818574 1.034637 -0.657650
v -5.866781 1.052279 -0.513943
v -5.866781 1.052279 -0.565276
v -5.818574 1.034637 -0.513943
v -5.818574 1.034637 -0.565276
v -5.880929 1.039182 -0.505158
v -5.866781 1.052279 -0.513943
v -5.816223 1.015503 -0.505158
v -5.818574 1.034637 -0.513943
v -5.880929 1.039182 -0.574061
v -5.866781 1.052279 -0.565276
v -5.880929 1.039182 -0.505158
v -5.866781 1.052279 -0.513943
v -5.866781 1.052279 -0.565276
v -5.880929 1.039182 -0.574061
v -5.818574 1.034637 -0.565276
v -5.816223 1.015503 -0.574061
v -5.816223 1.015503 -0.505158
v -5.818574 1.034637 -0.513943
v -5.816223 1.015503 -0.574061
v -5.818574 1.034637 -0.565276
v -5.866781 1.052279 -0.421786
v -5.866781 1.052279 -0.473119
v -5.818574 1.034637 -0.421786
v -5.818574 1.034637 -0.473119
v -5.880929 1.039182 -0.413001
v -5.866781 1.052279 -0.421786
v -5.816223 1.015503 -0.413001
v -5.818574 1.034637 -0.421786
v -5.880929 1.039182 -0.481904
v -5.866781 1.052279 -0.473119
v -5.880929 1.039182 -0.413001
v -5.866781 1.052279 -0.421786
v -5.866781 1.052279 -0.473119
v -5.880929 1.039182 -0.481904
v -5.818574 1.034637 -0.473119
v -5.816223 1.015503 -0.481904
v -5.816223 1.015503 -0.413001
v -5.818574 1.034637 -0.421786
v -5.816223 1.015503 -0.481904
v -5.818574 1.034637 -0.473119
v -5.866781 1.052279 -0.330388
v -5.866781 1.052279 -0.381721
v -5.818574 1.034637 -0.330388
v -5.818574 1.034637 -0.381721
v -5.880929 1.039182 -0.321603
v -5.866781 1.052279 -0.330388
v -5.816223 1.015503 -0.321603
v -5.818574 1.034637 -0.330388
v -5.880929 1.039182 -0.390506
v -5.866781 1.052279 -0.381721
v -5.880929 1.039182 -0.321603
v -5.866781 1.052279 -0.330388
v -5.866781 1.052279 -0.381721
v -5.880929 1.039182 -0.390506
v -5.818574 1.034637 -0.381721
v -5.816223 1.015503 -0.390506
v -5.816223 1.015503 -0.321603
v -5.818574 1.034637 -0.330388
v -5.816223 1.015503 -0.390506
v -5.818574 1.034637 -0.381721
v -5.866781 1.052279 -0.234694
v -5.866781 1.052279 -0.286027
v -5.818574 1.034637 -0.234694
v -5.818574 1.034637 -0.286027
v -5.880929 1.039182 -0.225909
v -5.866781 1.052279 -0.234694
v -5.816223 1.015503 -0.225909
v -5.818574 1.034637 -0.234694
v -5.880929 1.039182 -0.294812
v -5.866781 1.052279 -0.286027
v -5.880929 1.039182 -0.225909
v -5.866781 1.052279 -0.234694
v -5.866781 1.052279 -0.286027
v -5.880929 1.039182 -0.294812
v -5.818574 1.034637 -0.286027
v -5.816223 1.015503 -0.294812
v -5.816223 1.015503 -0.225909
v -5.818574 1.034637 -0.234694
v -5.816223 1.015503 -0.294812
v -5.818574 1.034637 -0.286027
v -5.866781 1.052279 -0.138262
v -5.866781 1.052279 -0.189595
v -5.818574 1.034637 -0.138262
v -5.818574 1.034637 -0.189595
v -5.880929 1.039182 -0.129477
v -5.866781 1.052279 -0.138262
v -5.816223 1.015503 -0.129477
v -5.818574 1.034637 -0.138262
v -5.880929 1.039182 -0.198380
v -5.866781 1.052279 -0.189595
v -5.880929 1.039182 -0.129477
v -5.866781 1.052279 -0.138262
v -5.866781 1.052279 -0.189595
v -5.880929 1.039182 -0.198380
v -5.818574 1.034637 -0.189595
v -5.816223 1.015503 -0.198380
v -5.816223 1.015503 -0.129477
v -5.818574 1.034637 -0.138262
v -5.816223 1.015503 -0.198380
v -5.818574 1.034637 -0.189595
v -5.736344 1.004545 -0.138262
v -5.736344 1.004545 -0.189595
v -5.688137 0.986904 -0.138262
v -5.688137 0.986904 -0.189595
v -5.750492 0.991449 -0.129477
v -5.736344 1.004545 -0.138262
v -5.685785 0.967769 -0.129477
v -5.688137 0.986904 -0.138262
v -5.750492 0.991449 -0.198380
v -5.736344 1.004545 -0.189595
v -5.750492 0.991449 -0.129477
v -5.736344 1.004545 -0.138262
v -5.736344 1.004545 -0.189595
v -5.750492 0.991449 -0.198380
v -5.688137 0.986904 -0.189595
v -5.685785 0.967769 -0.198380
v -5.685785 0.967769 -0.129477
v -5.688137 0.986904 -0.138262
v -5.685785 0.967769 -0.198380
v -5.688137 0.986904 -0.189595
v -5.736344 1.004545 -0.606317
v -5.736344 1.004545 -0.657650
v -5.688137 0.986904 -0.606317
v -5.688137 0.986904 -0.657650
v -5.750492 0.991449 -0.597532
v -5.736344 1.004545 -0.606317
v -5.685785 0.967769 -0.597532
v -5.688137 0.986904 -0.606317
v -5.750492 0.991449 -0.666435
v -5.736344 1.004545 -0.657650
v -5.750492 0.991449 -0.597532
v -5.736344 1.004545 -0.606317
v -5.736344 1.004545 -0.657650
v -5.750492 0.991449 -0.666435
v -5.688137 0.986904 -0.657650
v -5.685785 0.967769 -0.666435
v -5.685785 0.967769 -0.597532
v -5.688137 0.986904 -0.606317
v -5.685785 0.967769 -0.666435
v -5.688137 0.986904 -0.657650
v -5.478010 0.910009 -0.513943
v -5.478010 0.910009 -0.565276
v -5.429803 0.892367 -0.513943
v -5.429803 0.892367 -0.565276
v -5.492158 0.896912 -0.505158
v -5.478010 0.910009 -0.513943
v -5.427452 0.873233 -0.505158
v -5.429803 0.892367 -0.513943
v -5.492158 0.896912 -0.574061
v -5.478010 0.910009 -0.565276
v -5.492158 0.896912 -0.505158
v -5.478010 0.910009 -0.513943
v -5.478010 0.910009 -0.565276
v -5.492158 0.896912 -0.574061
v -5.429803 0.892367 -0.565276
v -5.427452 0.873233 -0.574061
v -5.427452 0.873233 -0.505158
v -5.429803 0.892367 -0.513943
v -5.427452 0.873233 -0.574061
v -5.429803 0.892367 -0.565276
v -5.478010 0.910009 -0.421786
v -5.478010 0.910009 -0.473119
v -5.429803 0.892367 -0.421786
v -5.429803 0.892367 -0.473119
v -5.492158 0.896912 -0.413001
v -5.478010 0.910009 -0.421786
v -5.427452 0.873233 -0.413001
v -5.429803 0.892367 -0.421786
v -5.492158 0.896912 -0.481904
v -5.478010 0.910009 -0.473119
v -5.492158 0.896912 -0.413001
v -5.478010 0.910009 -0.421786
v -5.478010 0.910009 -0.473119
v -5.492158 0.896912 -0.481904
v -5.429803 0.892367 -0.473119
v -5.427452 0.873233 -0.481904
v -5.427452 0.873233 -0.413001
v -5.429803 0.892367 -0.421786
v -5.427452 0.873233 -0.481904
v -5.429803 0.892367 -0.473119
v -5.478010 0.910009 -0.330388
v -5.478010 0.910009 -0.381721
v -5.429803 0.892368 -0.330388
v -5.429803 0.892368 -0.381721
v -5.492158 0.896912 -0.321603
v -5.478010 0.910009 -0.330388
v -5.427452 0.873233 -0.321603
v -5.429803 0.892368 -0.330388
v -5.492158 0.896912 -0.390506
v -5.478010 0.910009 -0.381721
v -5.492158 0.896912 -0.321603
v -5.478010 0.910009 -0.330388
v -5.478010 0.910009 -0.381721
v -5.492158 0.896912 -0.390506
v -5.429803 0.892368 -0.381721
v -5.427452 0.873233 -0.390506
v -5.427452 0.873233 -0.321603
v -5.429803 0.892368 -0.330388
v -5.427452 0.873233 -0.390506
v -5.429803 0.892368 -0.381721
v -5.478010 0.910009 -0.234694
v -5.478010 0.910009 -0.286027
v -5.429803 0.892368 -0.234694
v -5.429803 0.892368 -0.286027
v -5.492158 0.896912 -0.225909
v -5.478010 0.910009 -0.234694
v -5.427452 0.873233 -0.225909
v -5.429803 0.892368 -0.234694
v -5.492158 0.896912 -0.294812
v -5.478010 0.910009 -0.286027
v -5.492158 0.896912 -0.225909
v -5.478010 0.910009 -0.234694
v -5.478010 0.910009 -0.286027
v -5.492158 0.896912 -0.294812
v -5.429803 0.892368 -0.286027
v -5.427452 0.873233 -0.294812
v -5.427452 0.873233 -0.225909
v -5.429803 0.892368 -0.234694
v -5.427452 0.873233 -0.294812
v -5.429803 0.892368 -0.286027
v -5.608448 0.957742 -0.606317
v -5.608448 0.957742 -0.657650
v -5.560241 0.940101 -0.606317
v -5.560241 0.940101 -0.657650
v -5.622595 0.944645 -0.597532
v -5.608448 0.957742 -0.606317
v -5.557889 0.920966 -0.597532
v -5.560241 0.940101 -0.606317
v -5.622595 0.944645 -0.666435
v -5.608448 0.957742 -0.657650
v -5.622595 0.944645 -0.597532
v -5.608448 0.957742 -0.606317
v -5.608448 0.957742 -0.657650
v -5.622595 0.944645 -0.666435
v -5.560241 0.940101 -0.657650
v -5.557889 0.920966 -0.666435
v -5.557889 0.920966 -0.597532
v -5.560241 0.940101 -0.606317
v -5.557889 0.920966 -0.666435
v -5.560241 0.940101 -0.657650
v -5.608448 0.957742 -0.513943
v -5.608448 0.957742 -0.565276
v -5.560241 0.940101 -0.513943
v -5.560241 0.940101 -0.565276
v -5.622595 0.944645 -0.505158
v -5.608448 0.957742 -0.513943
v -5.557889 0.920966 -0.505158
v -5.560241 0.940101 -0.513943
v -5.622595 0.944645 -0.574061
v -5.608448 0.957742 -0.565276
v -5.622595 0.944645 -0.505158
v -5.608448 0.957742 -0.513943
v -5.608448 0.957742 -0.565276
v -5.622595 0.944645 -0.574061
v -5.560241 0.940101 -0.565276
v -5.557889 0.920966 -0.574061
v -5.557889 0.920966 -0.505158
v -5.560241 0.940101 -0.513943
v -5.557889 0.920966 -0.574061
v -5.560241 0.940101 -0.565276
v -5.608448 0.957742 -0.421786
v -5.608448 0.957742 -0.473119
v -5.560241 0.940101 -0.421786
v -5.560241 0.940101 -0.473119
v -5.622595 0.944645 -0.413001
v -5.608448 0.957742 -0.421786
v -5.557889 0.920966 -0.413001
v -5.560241 0.940101 -0.421786
v -5.622595 0.944645 -0.481904
v -5.608448 0.957742 -0.473119
v -5.622595 0.944645 -0.413001
v -5.608448 0.957742 -0.421786
v -5.608448 0.957742 -0.473119
v -5.622595 0.944645 -0.481904
v -5.560241 0.940101 -0.473119
v -5.557889 0.920966 -0.481904
v -5.557889 0.920966 -0.413001
v -5.560241 0.940101 -0.421786
v -5.557889 0.920966 -0.481904
v -5.560241 0.940101 -0.473119
v -5.608448 0.957742 -0.330388
v -5.608448 0.957742 -0.381721
v -5.560241 0.940101 -0.330388
v -5.560241 0.940101 -0.381721
v -5.622595 0.944645 -0.321603
v -5.608448 0.957742 -0.330388
v -5.557889 0.920966 -0.321603
v -5.560241 0.940101 -0.330388
v -5.622595 0.944645 -0.390506
v -5.608448 0.957742 -0.381721
v -5.622595 0.944645 -0.321603
v -5.608448 0.957742 -0.330388
v -5.608448 0.957742 -0.381721
v -5.622595 0.944645 -0.390506
v -5.560241 0.940101 -0.381721
v -5.557889 0.920966 -0.390506
v -5.557889 0.920966 -0.321603
v -5.560241 0.940101 -0.330388
v -5.557889 0.920966 -0.390506
v -5.560241 0.940101 -0.381721
v -5.608448 0.957742 -0.234694
v -5.608448 0.957742 -0.286027
v -5.560241 0.940101 -0.234694
v -5.560241 0.940101 -0.286027
v -5.622595 0.944645 -0.225909
v -5.608448 0.957742 -0.234694
v -5.557889 0.920966 -0.225909
v -5.560241 0.940101 -0.234694
v -5.622595 0.944645 -0.294812
v -5.608448 0.957742 -0.286027
v -5.622595 0.944645 -0.225909
v -5.608448 0.957742 -0.234694
v -5.608448 0.957742 -0.286027
v -5.622595 0.944645 -0.294812
v -5.560241 0.940101 -0.286027
v -5.557889 0.920966 -0.294812
v -5.557889 0.920966 -0.225909
v -5.560241 0.940101 -0.234694
v -5.557889 0.920966 -0.294812
v -5.560241 0.940101 -0.286027
v -5.608448 0.957742 -0.138262
v -5.608448 0.957742 -0.189595
v -5.560241 0.940101 -0.138262
v -5.560241 0.940101 -0.189595
v -5.622595 0.944645 -0.129477
v -5.608448 0.957742 -0.138262
v -5.557889 0.920966 -0.129477
v -5.560241 0.940101 -0.138262
v -5.622595 0.944645 -0.198380
v -5.608448 0.957742 -0.189595
v -5.622595 0.944645 -0.129477
v -5.608448 0.957742 -0.138262
v -5.608448 0.957742 -0.189595
v -5.622595 0.944645 -0.198380
v -5.560241 0.940101 -0.189595
v -5.557889 0.920966 -0.198380
v -5.557889 0.920966 -0.129477
v -5.560241 0.940101 -0.138262
v -5.557889 0.920966 -0.198380
v -5.560241 0.940101 -0.189595
v -5.478010 0.910009 -0.138262
v -5.478010 0.910009 -0.189595
v -5.429803 0.892368 -0.138262
v -5.429803 0.892368 -0.189595
v -5.492158 0.896912 -0.129477
v -5.478010 0.910009 -0.138262
v -5.427452 0.873233 -0.129477
v -5.429803 0.892368 -0.138262
v -5.492158 0.896912 -0.198380
v -5.478010 0.910009 -0.189595
v -5.492158 0.896912 -0.129477
v -5.478010 0.910009 -0.138262
v -5.478010 0.910009 -0.189595
v -5.492158 0.896912 -0.198380
v -5.429803 0.892368 -0.189595
v -5.427452 0.873233 -0.198380
v -5.427452 0.873233 -0.129477
v -5.429803 0.892368 -0.138262
v -5.427452 0.873233 -0.198380
v -5.429803 0.892368 -0.189595
v -5.478010 0.910009 -0.606317
v -5.478010 0.910009 -0.657650
v -5.429803 0.892367 -0.606317
v -5.429803 0.892367 -0.657650
v -5.492158 0.896912 -0.597532
v -5.478010 0.910009 -0.606317
v -5.427452 0.873233 -0.597532
v -5.429803 0.892367 -0.606317
v -5.492158 0.896912 -0.666435
v -5.478010 0.910009 -0.657650
v -5.492158 0.896912 -0.597532
v -5.478010 0.910009 -0.606317
v -5.478010 0.910009 -0.657650
v -5.492158 0.896912 -0.666435
v -5.429803 0.892367 -0.657650
v -5.427452 0.873233 -0.666435
v -5.427452 0.873233 -0.597532
v -5.429803 0.892367 -0.606317
v -5.427452 0.873233 -0.666435
v -5.429803 0.892367 -0.657650
v -5.396500 0.673261 -2.793116
v -4.897125 0.673261 -2.586324
v -5.396500 0.658041 -2.793116
v -4.897125 0.658041 -2.586324
v -5.354403 0.673261 -2.939934
v -5.405851 0.673261 -2.815693
v -5.354403 0.658041 -2.939934
v -5.405851 0.658041 -2.815693
v -4.832453 0.673261 -2.742499
v -5.331828 0.673261 -2.949291
v -4.832453 0.658041 -2.742499
v -5.331828 0.658041 -2.949291
v -4.823095 0.658041 -2.719919
v -4.874543 0.658041 -2.595678
v -4.823095 0.673261 -2.719919
v -4.874543 0.673261 -2.595678
v -5.325275 0.661653 -2.859979
v -5.312556 0.661653 -2.890694
v -4.900228 0.661653 -2.683966
v -4.887509 0.661653 -2.714682
v -5.325275 0.673261 -2.859979
v -5.325275 0.661653 -2.859979
v -4.900228 0.673261 -2.683966
v -4.900228 0.661653 -2.683966
v -4.900228 0.673261 -2.683966
v -4.900228 0.661653 -2.683966
v -4.887509 0.673261 -2.714682
v -4.887509 0.661653 -2.714682
v -4.887509 0.673261 -2.714682
v -4.887509 0.661653 -2.714682
v -5.312556 0.673261 -2.890694
v -5.312556 0.661653 -2.890694
v -5.312556 0.673261 -2.890694
v -5.312556 0.661653 -2.890694
v -5.325275 0.673261 -2.859979
v -5.325275 0.661653 -2.859979
v -5.354403 0.673261 -2.939934
v -5.354403 0.658041 -2.939934
v -5.331828 0.673261 -2.949291
v -5.331828 0.658041 -2.949291
v -4.832453 0.673261 -2.742499
v -4.832453 0.658041 -2.742499
v -4.823095 0.673261 -2.719919
v -4.823095 0.658041 -2.719919
v -4.897125 0.658041 -2.586324
v -4.897125 0.673261 -2.586324
v -4.874543 0.658041 -2.595678
v -4.874543 0.673261 -2.595678
v -5.396500 0.673261 -2.793116
v -5.396500 0.658041 -2.793116
v -5.405851 0.673261 -2.815693
v -5.405851 0.658041 -2.815693
v -4.823095 0.673261 -2.719919
v -4.874543 0.673261 -2.595678
v -4.887509 0.673261 -2.714682
v -4.900228 0.673261 -2.683966
v -4.897125 0.673261 -2.586324
v -4.900228 0.673261 -2.683966
v -4.874543 0.673261 -2.595678
v -5.331828 0.673261 -2.949291
v -4.832453 0.673261 -2.742499
v -5.312556 0.673261 -2.890694
v -4.887509 0.673261 -2.714682
v -4.832453 0.673261 -2.742499
v -4.823095 0.673261 -2.719919
v -4.887509 0.673261 -2.714682
v -5.405851 0.673261 -2.815693
v -5.354403 0.673261 -2.939934
v -5.325275 0.673261 -2.859979
v -5.312556 0.673261 -2.890694
v -5.354403 0.673261 -2.939934
v -5.331828 0.673261 -2.949291
v -5.312556 0.673261 -2.890694
v -5.396500 0.673261 -2.793116
v -5.325275 0.673261 -2.859979
v -4.897125 0.673261 -2.586324
v -4.900228 0.673261 -2.683966
v -5.396500 0.673261 -2.793116
v -5.405851 0.673261 -2.815693
v -5.325275 0.673261 -2.859979
v -5.231482 0.735800 -2.825498
v -5.221863 0.735800 -2.821515
v -5.231482 0.657916 -2.825498
v -5.221862 0.657916 -2.821515
v -5.231170 0.735800 -2.844788
v -5.235321 0.735800 -2.834764
v -5.231170 0.657916 -2.844788
v -5.235321 0.657916 -2.834764
v -5.221904 0.657916 -2.848627
v -5.212285 0.657916 -2.844644
v -5.221904 0.735800 -2.848627
v -5.212286 0.735800 -2.844644
v -5.212597 0.735800 -2.825354
v -5.208446 0.735800 -2.835378
v -5.212597 0.657916 -2.825354
v -5.208446 0.657916 -2.835377
v -5.231170 0.735800 -2.844788
v -5.231170 0.657916 -2.844788
v -5.221904 0.735800 -2.848627
v -5.221904 0.657916 -2.848627
v -5.212286 0.735800 -2.844644
v -5.212285 0.657916 -2.844644
v -5.208446 0.735800 -2.835378
v -5.208446 0.657916 -2.835377
v -5.212597 0.735800 -2.825354
v -5.212597 0.657916 -2.825354
v -5.221863 0.735800 -2.821515
v -5.221862 0.657916 -2.821515
v -5.231482 0.735800 -2.825498
v -5.231482 0.657916 -2.825498
v -5.235321 0.735800 -2.834764
v -5.235321 0.657916 -2.834764
v -5.225773 0.758338 -2.852159
v -5.233757 0.749697 -2.855465
v -5.219160 0.749697 -2.858773
v -5.222467 0.746118 -2.860142
v -5.219160 0.749697 -2.858773
v -5.207053 0.749697 -2.853759
v -5.225773 0.758338 -2.852159
v -5.207053 0.758338 -2.844407
v -5.207053 0.749697 -2.853759
v -5.203746 0.746118 -2.852390
v -5.207053 0.758338 -2.844407
v -5.199069 0.749697 -2.841100
v -5.203746 0.746118 -2.852390
v -5.203746 0.732350 -2.852390
v -5.199069 0.749697 -2.841100
v -5.199069 0.728771 -2.841100
v -5.203746 0.732350 -2.852390
v -5.207053 0.728771 -2.853759
v -5.199069 0.728771 -2.841100
v -5.207053 0.720130 -2.844407
v -5.207053 0.728771 -2.853759
v -5.219160 0.728771 -2.858773
v -5.207053 0.720130 -2.844407
v -5.225773 0.720130 -2.852159
v -5.219160 0.728771 -2.858773
v -5.222467 0.732350 -2.860142
v -5.225773 0.720130 -2.852159
v -5.233757 0.728771 -2.855465
v -5.233757 0.749697 -2.855465
v -5.233757 0.728771 -2.855465
v -5.222467 0.746118 -2.860142
v -5.222467 0.732350 -2.860142
v -5.207053 0.749697 -2.853759
v -5.219160 0.749697 -2.858773
v -5.203746 0.746118 -2.852390
v -5.203746 0.732350 -2.852390
v -5.222467 0.746118 -2.860142
v -5.207053 0.728771 -2.853759
v -5.222467 0.732350 -2.860142
v -5.219160 0.728771 -2.858773
v -5.258529 0.749697 -2.763704
v -5.261836 0.746118 -2.765073
v -5.258530 0.758338 -2.773057
v -5.266513 0.749697 -2.776363
v -5.258530 0.758338 -2.773057
v -5.239809 0.758338 -2.765304
v -5.258529 0.749697 -2.763704
v -5.246421 0.749697 -2.758690
v -5.239809 0.758338 -2.765304
v -5.231824 0.749697 -2.761998
v -5.246421 0.749697 -2.758690
v -5.243114 0.746118 -2.757321
v -5.261836 0.746118 -2.765073
v -5.261836 0.732350 -2.765073
v -5.266513 0.749697 -2.776363
v -5.266513 0.728771 -2.776363
v -5.231824 0.749697 -2.761998
v -5.231824 0.728771 -2.761998
v -5.243114 0.746118 -2.757321
v -5.243114 0.732350 -2.757321
v -5.231824 0.728771 -2.761998
v -5.239809 0.720130 -2.765304
v -5.243114 0.732350 -2.757321
v -5.246421 0.728771 -2.758690
v -5.239809 0.720130 -2.765304
v -5.258530 0.720130 -2.773057
v -5.246421 0.728771 -2.758690
v -5.258529 0.728771 -2.763704
v -5.258530 0.720130 -2.773057
v -5.266513 0.728771 -2.776363
v -5.258529 0.728771 -2.763704
v -5.261836 0.732350 -2.765073
v -5.261836 0.732350 -2.765073
v -5.261836 0.746118 -2.765073
v -5.258529 0.728771 -2.763704
v -5.246421 0.728771 -2.758690
v -5.258529 0.749697 -2.763704
v -5.243114 0.732350 -2.757321
v -5.246421 0.749697 -2.758690
v -5.243114 0.746118 -2.757321
v -5.258530 0.720130 -2.773057
v -5.239809 0.720130 -2.765304
v -5.225773 0.720130 -2.852159
v -5.207053 0.720130 -2.844407
v -5.266513 0.749697 -2.776363
v -5.266513 0.728771 -2.776363
v -5.233757 0.749697 -2.855465
v -5.233757 0.728771 -2.855465
v -5.225773 0.758338 -2.852159
v -5.207053 0.758338 -2.844407
v -5.258530 0.758338 -2.773057
v -5.239809 0.758338 -2.765304
v -5.231824 0.728771 -2.761998
v -5.231824 0.749697 -2.761998
v -5.199069 0.728771 -2.841100
v -5.199069 0.749697 -2.841100
v -5.266513 0.749697 -2.776363
v -5.233757 0.749697 -2.855465
v -5.258530 0.758338 -2.773057
v -5.225773 0.758338 -2.852159
v -5.239809 0.758338 -2.765304
v -5.207053 0.758338 -2.844407
v -5.231824 0.749697 -2.761998
v -5.199069 0.749697 -2.841100
v -5.231824 0.728771 -2.761998
v -5.199069 0.728771 -2.841100
v -5.239809 0.720130 -2.765304
v -5.207053 0.720130 -2.844407
v -5.258530 0.720130 -2.773057
v -5.225773 0.720130 -2.852159
v -5.266513 0.728771 -2.776363
v -5.233757 0.728771 -2.855465
v -4.651971 0.677014 -3.367676
v -4.632331 0.677014 -3.415103
v -4.604544 0.677014 -3.348036
v -4.584904 0.677014 -3.395464
v -4.663449 0.659853 -3.362921
v -4.651971 0.677014 -3.367676
v -4.599788 0.659853 -3.336558
v -4.604544 0.677014 -3.348036
v -4.637087 0.659853 -3.426581
v -4.632331 0.677014 -3.415103
v -4.663449 0.659853 -3.362921
v -4.651971 0.677014 -3.367676
v -4.632331 0.677014 -3.415103
v -4.637087 0.659853 -3.426581
v -4.584904 0.677014 -3.395464
v -4.573426 0.659853 -3.400219
v -4.599788 0.659853 -3.336558
v -4.604544 0.677014 -3.348036
v -4.573426 0.659853 -3.400219
v -4.584904 0.677014 -3.395464
v -4.831047 0.677014 -2.935232
v -4.811407 0.677014 -2.982660
v -4.783619 0.677014 -2.915592
v -4.763979 0.677014 -2.963020
v -4.842525 0.659853 -2.930476
v -4.831047 0.677014 -2.935232
v -4.778864 0.659853 -2.904114
v -4.783619 0.677014 -2.915592
v -4.816163 0.659853 -2.994138
v -4.811407 0.677014 -2.982660
v -4.842525 0.659853 -2.930476
v -4.831047 0.677014 -2.935232
v -4.811407 0.677014 -2.982660
v -4.816163 0.659853 -2.994138
v -4.763979 0.677014 -2.963020
v -4.752502 0.659853 -2.967775
v -4.778864 0.659853 -2.904114
v -4.783619 0.677014 -2.915592
v -4.752502 0.659853 -2.967775
v -4.763979 0.677014 -2.963020
v -4.959376 0.677014 -2.988373
v -4.939736 0.677014 -3.035801
v -4.911948 0.677014 -2.968733
v -4.892308 0.677014 -3.016161
v -4.970853 0.659853 -2.983618
v -4.959376 0.677014 -2.988373
v -4.907193 0.659853 -2.957255
v -4.911948 0.677014 -2.968733
v -4.944491 0.659853 -3.047278
v -4.939736 0.677014 -3.035801
v -4.970853 0.659853 -2.983618
v -4.959376 0.677014 -2.988373
v -4.939736 0.677014 -3.035801
v -4.944491 0.659853 -3.047278
v -4.892308 0.677014 -3.016161
v -4.880830 0.659853 -3.020916
v -4.907193 0.659853 -2.957255
v -4.911948 0.677014 -2.968733
v -4.880830 0.659853 -3.020916
v -4.892308 0.677014 -3.016161
v -4.922481 0.677014 -3.077468
v -4.902841 0.677014 -3.124896
v -4.875053 0.677014 -3.057828
v -4.855414 0.677014 -3.105256
v -4.933959 0.659853 -3.072713
v -4.922481 0.677014 -3.077468
v -4.870298 0.659853 -3.046351
v -4.875053 0.677014 -3.057828
v -4.907597 0.659853 -3.136373
v -4.902841 0.677014 -3.124896
v -4.933959 0.659853 -3.072713
v -4.922481 0.677014 -3.077468
v -4.902841 0.677014 -3.124896
v -4.907597 0.659853 -3.136373
v -4.855414 0.677014 -3.105256
v -4.843936 0.659853 -3.110011
v -4.870298 0.659853 -3.046351
v -4.875053 0.677014 -3.057828
v -4.843936 0.659853 -3.110011
v -4.855414 0.677014 -3.105256
v -4.885870 0.677014 -3.165882
v -4.866230 0.677014 -3.213309
v -4.838441 0.677014 -3.146242
v -4.818802 0.677014 -3.193669
v -4.897347 0.659853 -3.161126
v -4.885870 0.677014 -3.165882
v -4.833686 0.659853 -3.134764
v -4.838441 0.677014 -3.146242
v -4.870985 0.659853 -3.224787
v -4.866230 0.677014 -3.213309
v -4.897347 0.659853 -3.161126
v -4.885870 0.677014 -3.165882
v -4.866230 0.677014 -3.213309
v -4.870985 0.659853 -3.224787
v -4.818802 0.677014 -3.193669
v -4.807324 0.659853 -3.198425
v -4.833686 0.659853 -3.134764
v -4.838441 0.677014 -3.146242
v -4.807324 0.659853 -3.198425
v -4.818802 0.677014 -3.193669
v -4.850901 0.677014 -3.250325
v -4.831261 0.677014 -3.297752
v -4.803473 0.677014 -3.230685
v -4.783834 0.677014 -3.278112
v -4.862379 0.659853 -3.245569
v -4.850901 0.677014 -3.250325
v -4.798718 0.659853 -3.219208
v -4.803473 0.677014 -3.230685
v -4.836017 0.659853 -3.309231
v -4.831261 0.677014 -3.297752
v -4.862379 0.659853 -3.245569
v -4.850901 0.677014 -3.250325
v -4.831261 0.677014 -3.297752
v -4.836017 0.659853 -3.309231
v -4.783834 0.677014 -3.278112
v -4.772356 0.659853 -3.282868
v -4.798718 0.659853 -3.219208
v -4.803473 0.677014 -3.230685
v -4.772356 0.659853 -3.282868
v -4.783834 0.677014 -3.278112
v -4.815642 0.677014 -3.335471
v -4.796002 0.677014 -3.382899
v -4.768214 0.677014 -3.315832
v -4.748575 0.677014 -3.363259
v -4.827119 0.659853 -3.330716
v -4.815642 0.677014 -3.335471
v -4.763459 0.659853 -3.304353
v -4.768214 0.677014 -3.315832
v -4.800758 0.659853 -3.394377
v -4.796002 0.677014 -3.382899
v -4.827119 0.659853 -3.330716
v -4.815642 0.677014 -3.335471
v -4.796002 0.677014 -3.382899
v -4.800758 0.659853 -3.394377
v -4.748575 0.677014 -3.363259
v -4.737097 0.659853 -3.368015
v -4.763459 0.659853 -3.304353
v -4.768214 0.677014 -3.315832
v -4.737097 0.659853 -3.368015
v -4.748575 0.677014 -3.363259
v -4.780300 0.677014 -3.420817
v -4.760660 0.677014 -3.468244
v -4.732872 0.677014 -3.401177
v -4.713233 0.677014 -3.448605
v -4.791778 0.659853 -3.416061
v -4.780300 0.677014 -3.420817
v -4.728117 0.659853 -3.389700
v -4.732872 0.677014 -3.401177
v -4.765416 0.659853 -3.479722
v -4.760660 0.677014 -3.468244
v -4.791778 0.659853 -3.416061
v -4.780300 0.677014 -3.420817
v -4.760660 0.677014 -3.468244
v -4.765416 0.659853 -3.479722
v -4.713233 0.677014 -3.448605
v -4.701755 0.659853 -3.453360
v -4.728117 0.659853 -3.389700
v -4.732872 0.677014 -3.401177
v -4.701755 0.659853 -3.453360
v -4.713233 0.677014 -3.448605
v -4.794153 0.677014 -3.024327
v -4.774513 0.677014 -3.071755
v -4.746725 0.677014 -3.004687
v -4.727085 0.677014 -3.052115
v -4.805630 0.659853 -3.019572
v -4.794153 0.677014 -3.024327
v -4.741970 0.659853 -2.993210
v -4.746725 0.677014 -3.004687
v -4.779268 0.659853 -3.083232
v -4.774513 0.677014 -3.071755
v -4.805630 0.659853 -3.019572
v -4.794153 0.677014 -3.024327
v -4.774513 0.677014 -3.071755
v -4.779268 0.659853 -3.083232
v -4.727085 0.677014 -3.052115
v -4.715608 0.659853 -3.056870
v -4.741970 0.659853 -2.993210
v -4.746725 0.677014 -3.004687
v -4.715608 0.659853 -3.056870
v -4.727085 0.677014 -3.052115
v -4.757540 0.677014 -3.112741
v -4.737901 0.677014 -3.160168
v -4.710113 0.677014 -3.093101
v -4.690473 0.677014 -3.140528
v -4.769018 0.659853 -3.107985
v -4.757540 0.677014 -3.112741
v -4.705358 0.659853 -3.081623
v -4.710113 0.677014 -3.093101
v -4.742656 0.659853 -3.171646
v -4.737901 0.677014 -3.160168
v -4.769018 0.659853 -3.107985
v -4.757540 0.677014 -3.112741
v -4.737901 0.677014 -3.160168
v -4.742656 0.659853 -3.171646
v -4.690473 0.677014 -3.140528
v -4.678996 0.659853 -3.145284
v -4.705358 0.659853 -3.081623
v -4.710113 0.677014 -3.093101
v -4.678996 0.659853 -3.145284
v -4.690473 0.677014 -3.140528
v -4.722572 0.677014 -3.197184
v -4.702932 0.677014 -3.244612
v -4.675145 0.677014 -3.177544
v -4.655505 0.677014 -3.224972
v -4.734050 0.659853 -3.192428
v -4.722572 0.677014 -3.197184
v -4.670389 0.659853 -3.166066
v -4.675145 0.677014 -3.177544
v -4.707688 0.659853 -3.256089
v -4.702932 0.677014 -3.244612
v -4.734050 0.659853 -3.192428
v -4.722572 0.677014 -3.197184
v -4.702932 0.677014 -3.244612
v -4.707688 0.659853 -3.256089
v -4.655505 0.677014 -3.224972
v -4.644027 0.659853 -3.229727
v -4.670389 0.659853 -3.166066
v -4.675145 0.677014 -3.177544
v -4.644027 0.659853 -3.229727
v -4.655505 0.677014 -3.224972
v -4.687313 0.677014 -3.282330
v -4.667674 0.677014 -3.329757
v -4.639885 0.677014 -3.262690
v -4.620246 0.677014 -3.310118
v -4.698791 0.659853 -3.277575
v -4.687313 0.677014 -3.282330
v -4.635130 0.659853 -3.251212
v -4.639885 0.677014 -3.262690
v -4.672429 0.659853 -3.341235
v -4.667674 0.677014 -3.329757
v -4.698791 0.659853 -3.277575
v -4.687313 0.677014 -3.282330
v -4.667674 0.677014 -3.329757
v -4.672429 0.659853 -3.341235
v -4.620246 0.677014 -3.310118
v -4.608768 0.659853 -3.314873
v -4.635130 0.659853 -3.251212
v -4.639885 0.677014 -3.262690
v -4.608768 0.659853 -3.314873
v -4.620246 0.677014 -3.310118
v -4.910833 0.677014 -3.474871
v -4.891193 0.677014 -3.522299
v -4.863406 0.677014 -3.455231
v -4.843766 0.677014 -3.502659
v -4.922311 0.659853 -3.470115
v -4.910833 0.677014 -3.474871
v -4.858650 0.659853 -3.443753
v -4.863406 0.677014 -3.455231
v -4.895949 0.659853 -3.533776
v -4.891193 0.677014 -3.522299
v -4.922311 0.659853 -3.470115
v -4.910833 0.677014 -3.474871
v -4.891193 0.677014 -3.522299
v -4.895949 0.659853 -3.533776
v -4.843766 0.677014 -3.502659
v -4.832288 0.659853 -3.507414
v -4.858650 0.659853 -3.443753
v -4.863406 0.677014 -3.455231
v -4.832288 0.659853 -3.507414
v -4.843766 0.677014 -3.502659
v -5.089909 0.677014 -3.042427
v -5.070269 0.677014 -3.089854
v -5.042481 0.677014 -3.022787
v -5.022841 0.677014 -3.070215
v -5.101387 0.659853 -3.037671
v -5.089909 0.677014 -3.042427
v -5.037726 0.659853 -3.011309
v -5.042481 0.677014 -3.022787
v -5.075024 0.659853 -3.101332
v -5.070269 0.677014 -3.089854
v -5.101387 0.659853 -3.037671
v -5.089909 0.677014 -3.042427
v -5.070269 0.677014 -3.089854
v -5.075024 0.659853 -3.101332
v -5.022841 0.677014 -3.070215
v -5.011364 0.659853 -3.074970
v -5.037726 0.659853 -3.011309
v -5.042481 0.677014 -3.022787
v -5.011364 0.659853 -3.074970
v -5.022841 0.677014 -3.070215
v -5.218238 0.677014 -3.095568
v -5.198598 0.677014 -3.142996
v -5.170810 0.677014 -3.075928
v -5.151170 0.677014 -3.123356
v -5.229715 0.659853 -3.090812
v -5.218238 0.677014 -3.095568
v -5.166055 0.659853 -3.064451
v -5.170810 0.677014 -3.075928
v -5.203353 0.659853 -3.154474
v -5.198598 0.677014 -3.142996
v -5.229715 0.659853 -3.090812
v -5.218238 0.677014 -3.095568
v -5.198598 0.677014 -3.142996
v -5.203353 0.659853 -3.154474
v -5.151170 0.677014 -3.123356
v -5.139693 0.659853 -3.128112
v -5.166055 0.659853 -3.064451
v -5.170810 0.677014 -3.075928
v -5.139693 0.659853 -3.128112
v -5.151170 0.677014 -3.123356
v -5.181344 0.677014 -3.184664
v -5.161704 0.677014 -3.232091
v -5.133916 0.677014 -3.165024
v -5.114276 0.677014 -3.212451
v -5.192821 0.659853 -3.179908
v -5.181344 0.677014 -3.184664
v -5.129160 0.659853 -3.153546
v -5.133916 0.677014 -3.165024
v -5.166459 0.659853 -3.243568
v -5.161704 0.677014 -3.232091
v -5.192821 0.659853 -3.179908
v -5.181344 0.677014 -3.184664
v -5.161704 0.677014 -3.232091
v -5.166459 0.659853 -3.243568
v -5.114276 0.677014 -3.212451
v -5.102798 0.659853 -3.217207
v -5.129160 0.659853 -3.153546
v -5.133916 0.677014 -3.165024
v -5.102798 0.659853 -3.217207
v -5.114276 0.677014 -3.212451
v -5.144731 0.677014 -3.273077
v -5.125092 0.677014 -3.320504
v -5.097304 0.677014 -3.253437
v -5.077664 0.677014 -3.300864
v -5.156209 0.659853 -3.268321
v -5.144731 0.677014 -3.273077
v -5.092548 0.659853 -3.241959
v -5.097304 0.677014 -3.253437
v -5.129847 0.659853 -3.331982
v -5.125092 0.677014 -3.320504
v -5.156209 0.659853 -3.268321
v -5.144731 0.677014 -3.273077
v -5.125092 0.677014 -3.320504
v -5.129847 0.659853 -3.331982
v -5.077664 0.677014 -3.300864
v -5.066186 0.659853 -3.305620
v -5.092548 0.659853 -3.241959
v -5.097304 0.677014 -3.253437
v -5.066186 0.659853 -3.305620
v -5.077664 0.677014 -3.300864
v -5.109763 0.677014 -3.357520
v -5.090124 0.677014 -3.404948
v -5.062335 0.677014 -3.337881
v -5.042696 0.677014 -3.385308
v -5.121241 0.659853 -3.352765
v -5.109763 0.677014 -3.357520
v -5.057580 0.659853 -3.326403
v -5.062335 0.677014 -3.337881
v -5.094879 0.659853 -3.416425
v -5.090124 0.677014 -3.404948
v -5.121241 0.659853 -3.352765
v -5.109763 0.677014 -3.357520
v -5.090124 0.677014 -3.404948
v -5.094879 0.659853 -3.416425
v -5.042696 0.677014 -3.385308
v -5.031218 0.659853 -3.390064
v -5.057580 0.659853 -3.326403
v -5.062335 0.677014 -3.337881
v -5.031218 0.659853 -3.390064
v -5.042696 0.677014 -3.385308
v -5.074504 0.677014 -3.442667
v -5.054864 0.677014 -3.490094
v -5.027076 0.677014 -3.423027
v -5.007437 0.677014 -3.470454
v -5.085982 0.659853 -3.437911
v -5.074504 0.677014 -3.442667
v -5.022321 0.659853 -3.411549
v -5.027076 0.677014 -3.423027
v -5.059619 0.659853 -3.501572
v -5.054864 0.677014 -3.490094
v -5.085982 0.659853 -3.437911
v -5.074504 0.677014 -3.442667
v -5.054864 0.677014 -3.490094
v -5.059619 0.659853 -3.501572
v -5.007437 0.677014 -3.470454
v -4.995959 0.659853 -3.475210
v -5.022321 0.659853 -3.411549
v -5.027076 0.677014 -3.423027
v -4.995959 0.659853 -3.475210
v -5.007437 0.677014 -3.470454
v -5.039162 0.677014 -3.528013
v -5.019523 0.677014 -3.575439
v -4.991735 0.677014 -3.508373
v -4.972095 0.677014 -3.555800
v -5.050640 0.659853 -3.523256
v -5.039162 0.677014 -3.528013
v -4.986979 0.659853 -3.496895
v -4.991735 0.677014 -3.508373
v -5.024278 0.659853 -3.586918
v -5.019523 0.677014 -3.575439
v -5.050640 0.659853 -3.523256
v -5.039162 0.677014 -3.528013
v -5.019523 0.677014 -3.575439
v -5.024278 0.659853 -3.586918
v -4.972095 0.677014 -3.555800
v -4.960617 0.659853 -3.560556
v -4.986979 0.659853 -3.496895
v -4.991735 0.677014 -3.508373
v -4.960617 0.659853 -3.560556
v -4.972095 0.677014 -3.555800
v -5.053014 0.677014 -3.131522
v -5.033374 0.677014 -3.178950
v -5.005587 0.677014 -3.111882
v -4.985947 0.677014 -3.159310
v -5.064492 0.659853 -3.126767
v -5.053014 0.677014 -3.131522
v -5.000831 0.659853 -3.100405
v -5.005587 0.677014 -3.111882
v -5.038130 0.659853 -3.190427
v -5.033374 0.677014 -3.178950
v -5.064492 0.659853 -3.126767
v -5.053014 0.677014 -3.131522
v -5.033374 0.677014 -3.178950
v -5.038130 0.659853 -3.190427
v -4.985947 0.677014 -3.159310
v -4.974470 0.659853 -3.164065
v -5.000831 0.659853 -3.100405
v -5.005587 0.677014 -3.111882
v -4.974470 0.659853 -3.164065
v -4.985947 0.677014 -3.159310
v -5.016402 0.677014 -3.219936
v -4.996763 0.677014 -3.267363
v -4.968975 0.677014 -3.200296
v -4.949335 0.677014 -3.247723
v -5.027880 0.659853 -3.215179
v -5.016402 0.677014 -3.219936
v -4.964220 0.659853 -3.188818
v -4.968975 0.677014 -3.200296
v -5.001518 0.659853 -3.278841
v -4.996763 0.677014 -3.267363
v -5.027880 0.659853 -3.215179
v -5.016402 0.677014 -3.219936
v -4.996763 0.677014 -3.267363
v -5.001518 0.659853 -3.278841
v -4.949335 0.677014 -3.247723
v -4.937857 0.659853 -3.252479
v -4.964220 0.659853 -3.188818
v -4.968975 0.677014 -3.200296
v -4.937857 0.659853 -3.252479
v -4.949335 0.677014 -3.247723
v -4.981434 0.677014 -3.304379
v -4.961794 0.677014 -3.351806
v -4.934007 0.677014 -3.284739
v -4.914367 0.677014 -3.332166
v -4.992912 0.659853 -3.299623
v -4.981434 0.677014 -3.304379
v -4.929251 0.659853 -3.273261
v -4.934007 0.677014 -3.284739
v -4.966550 0.659853 -3.363284
v -4.961794 0.677014 -3.351806
v -4.992912 0.659853 -3.299623
v -4.981434 0.677014 -3.304379
v -4.961794 0.677014 -3.351806
v -4.966550 0.659853 -3.363284
v -4.914367 0.677014 -3.332166
v -4.902889 0.659853 -3.336922
v -4.929251 0.659853 -3.273261
v -4.934007 0.677014 -3.284739
v -4.902889 0.659853 -3.336922
v -4.914367 0.677014 -3.332166
v -4.946175 0.677014 -3.389525
v -4.926535 0.677014 -3.436952
v -4.898747 0.677014 -3.369886
v -4.879108 0.677014 -3.417313
v -4.957653 0.659853 -3.384769
v -4.946175 0.677014 -3.389525
v -4.893992 0.659853 -3.358408
v -4.898747 0.677014 -3.369886
v -4.931291 0.659853 -3.448431
v -4.926535 0.677014 -3.436952
v -4.957653 0.659853 -3.384769
v -4.946175 0.677014 -3.389525
v -4.926535 0.677014 -3.436952
v -4.931291 0.659853 -3.448431
v -4.879108 0.677014 -3.417313
v -4.867630 0.659853 -3.422068
v -4.893992 0.659853 -3.358408
v -4.898747 0.677014 -3.369886
v -4.867630 0.659853 -3.422068
v -4.879108 0.677014 -3.417313
v -6.185440 0.911620 -1.989550
v -6.165800 0.911620 -2.036978
v -6.108552 0.858766 -1.957711
v -6.088912 0.858766 -2.005138
v -6.204153 0.901843 -1.987791
v -6.185440 0.911620 -1.989550
v -6.113562 0.839570 -1.950277
v -6.108552 0.858766 -1.957711
v -6.177790 0.901843 -2.051452
v -6.165800 0.911620 -2.036978
v -6.204153 0.901843 -1.987791
v -6.185440 0.911620 -1.989550
v -6.165800 0.911620 -2.036978
v -6.177790 0.901843 -2.051452
v -6.088912 0.858766 -2.005138
v -6.087200 0.839570 -2.013938
v -6.113562 0.839570 -1.950277
v -6.108552 0.858766 -1.957711
v -6.087200 0.839570 -2.013938
v -6.088912 0.858766 -2.005138
v -6.141690 0.911620 -2.095200
v -6.122050 0.911620 -2.142628
v -6.064802 0.858766 -2.063361
v -6.045162 0.858766 -2.110788
v -6.160403 0.901843 -2.093441
v -6.141690 0.911620 -2.095200
v -6.069812 0.839570 -2.055927
v -6.064802 0.858766 -2.063361
v -6.134040 0.901843 -2.157101
v -6.122050 0.911620 -2.142628
v -6.160403 0.901843 -2.093441
v -6.141690 0.911620 -2.095200
v -6.122050 0.911620 -2.142628
v -6.134040 0.901843 -2.157101
v -6.045162 0.858766 -2.110788
v -6.043450 0.839570 -2.119588
v -6.069812 0.839570 -2.055927
v -6.064802 0.858766 -2.063361
v -6.043450 0.839570 -2.119588
v -6.045162 0.858766 -2.110788
v -6.101328 0.911620 -2.192668
v -6.081688 0.911620 -2.240096
v -6.024440 0.858766 -2.160829
v -6.004800 0.858766 -2.208256
v -6.120041 0.901843 -2.190909
v -6.101328 0.911620 -2.192668
v -6.029450 0.839570 -2.153395
v -6.024440 0.858766 -2.160829
v -6.093679 0.901843 -2.254570
v -6.081688 0.911620 -2.240096
v -6.120041 0.901843 -2.190909
v -6.101328 0.911620 -2.192668
v -6.081688 0.911620 -2.240096
v -6.093679 0.901843 -2.254570
v -6.004800 0.858766 -2.208256
v -6.003088 0.839570 -2.217056
v -6.029450 0.839570 -2.153395
v -6.024440 0.858766 -2.160829
v -6.003088 0.839570 -2.217056
v -6.004800 0.858766 -2.208256
v -6.060615 0.911620 -2.290985
v -6.040975 0.911620 -2.338413
v -5.983727 0.858766 -2.259146
v -5.964087 0.858766 -2.306573
v -6.079328 0.901843 -2.289225
v -6.060615 0.911620 -2.290985
v -5.988737 0.839570 -2.251712
v -5.983727 0.858766 -2.259146
v -6.052966 0.901843 -2.352887
v -6.040975 0.911620 -2.338413
v -6.079328 0.901843 -2.289225
v -6.060615 0.911620 -2.290985
v -6.040975 0.911620 -2.338413
v -6.052966 0.901843 -2.352887
v -5.964087 0.858766 -2.306573
v -5.962375 0.839570 -2.315373
v -5.988737 0.839570 -2.251712
v -5.983727 0.858766 -2.259146
v -5.962375 0.839570 -2.315373
v -5.964087 0.858766 -2.306573
v -6.019510 0.911620 -2.390248
v -5.999870 0.911620 -2.437675
v -5.942622 0.858766 -2.358408
v -5.922983 0.858766 -2.405836
v -6.038223 0.901843 -2.388488
v -6.019510 0.911620 -2.390248
v -5.947632 0.839570 -2.350975
v -5.942622 0.858766 -2.358408
v -6.011861 0.901843 -2.452149
v -5.999870 0.911620 -2.437675
v -6.038223 0.901843 -2.388488
v -6.019510 0.911620 -2.390248
v -5.999870 0.911620 -2.437675
v -6.011861 0.901843 -2.452149
v -5.922983 0.858766 -2.405836
v -5.921270 0.839570 -2.414635
v -5.947632 0.839570 -2.350975
v -5.942622 0.858766 -2.358408
v -5.921270 0.839570 -2.414635
v -5.922983 0.858766 -2.405836
v -5.977328 0.911620 -2.492112
v -5.957688 0.911620 -2.539540
v -5.900440 0.858766 -2.460273
v -5.880800 0.858766 -2.507700
v -5.996041 0.901843 -2.490352
v -5.977328 0.911620 -2.492112
v -5.905450 0.839570 -2.452839
v -5.900440 0.858766 -2.460273
v -5.969679 0.901843 -2.554013
v -5.957688 0.911620 -2.539540
v -5.996041 0.901843 -2.490352
v -5.977328 0.911620 -2.492112
v -5.957688 0.911620 -2.539540
v -5.969679 0.901843 -2.554013
v -5.880800 0.858766 -2.507700
v -5.879088 0.839570 -2.516500
v -5.905450 0.839570 -2.452839
v -5.900440 0.858766 -2.460273
v -5.879088 0.839570 -2.516500
v -5.880800 0.858766 -2.507700
v -5.854015 0.826852 -2.441048
v -5.834375 0.826852 -2.488476
v -5.777127 0.773998 -2.409209
v -5.757487 0.773998 -2.456636
v -5.872728 0.817076 -2.439288
v -5.854015 0.826852 -2.441048
v -5.782137 0.754802 -2.401775
v -5.777127 0.773998 -2.409209
v -5.846365 0.817076 -2.502949
v -5.834375 0.826852 -2.488476
v -5.872728 0.817076 -2.439288
v -5.854015 0.826852 -2.441048
v -5.834375 0.826852 -2.488476
v -5.846365 0.817076 -2.502949
v -5.757487 0.773998 -2.456636
v -5.755775 0.754802 -2.465436
v -5.782137 0.754802 -2.401775
v -5.777127 0.773998 -2.409209
v -5.755775 0.754802 -2.465436
v -5.757487 0.773998 -2.456636
v -5.896197 0.826852 -2.339184
v -5.876557 0.826852 -2.386611
v -5.819309 0.773998 -2.307344
v -5.799669 0.773998 -2.354772
v -5.914910 0.817076 -2.337424
v -5.896197 0.826852 -2.339184
v -5.824319 0.754802 -2.299910
v -5.819309 0.773998 -2.307344
v -5.888547 0.817076 -2.401085
v -5.876557 0.826852 -2.386611
v -5.914910 0.817076 -2.337424
v -5.896197 0.826852 -2.339184
v -5.876557 0.826852 -2.386611
v -5.888547 0.817076 -2.401085
v -5.799669 0.773998 -2.354772
v -5.797957 0.754802 -2.363572
v -5.824319 0.754802 -2.299910
v -5.819309 0.773998 -2.307344
v -5.797957 0.754802 -2.363572
v -5.799669 0.773998 -2.354772
v -5.937302 0.826852 -2.239921
v -5.917662 0.826852 -2.287349
v -5.860414 0.773998 -2.208081
v -5.840774 0.773998 -2.255509
v -5.956015 0.817076 -2.238162
v -5.937302 0.826852 -2.239921
v -5.865424 0.754802 -2.200648
v -5.860414 0.773998 -2.208081
v -5.929653 0.817076 -2.301822
v -5.917662 0.826852 -2.287349
v -5.956015 0.817076 -2.238162
v -5.937302 0.826852 -2.239921
v -5.917662 0.826852 -2.287349
v -5.929653 0.817076 -2.301822
v -5.840774 0.773998 -2.255509
v -5.839062 0.754802 -2.264309
v -5.865424 0.754802 -2.200648
v -5.860414 0.773998 -2.208081
v -5.839062 0.754802 -2.264309
v -5.840774 0.773998 -2.255509
v -5.978015 0.826852 -2.141604
v -5.958375 0.826852 -2.189032
v -5.901127 0.773998 -2.109765
v -5.881487 0.773998 -2.157192
v -5.996728 0.817076 -2.139845
v -5.978015 0.826852 -2.141604
v -5.906137 0.754802 -2.102331
v -5.901127 0.773998 -2.109765
v -5.970366 0.817076 -2.203506
v -5.958375 0.826852 -2.189032
v -5.996728 0.817076 -2.139845
v -5.978015 0.826852 -2.141604
v -5.958375 0.826852 -2.189032
v -5.970366 0.817076 -2.203506
v -5.881487 0.773998 -2.157192
v -5.879775 0.754802 -2.165992
v -5.906137 0.754802 -2.102331
v -5.901127 0.773998 -2.109765
v -5.879775 0.754802 -2.165992
v -5.881487 0.773998 -2.157192
v -6.018377 0.826852 -2.044136
v -5.998737 0.826852 -2.091563
v -5.941489 0.773998 -2.012296
v -5.921849 0.773998 -2.059724
v -6.037090 0.817076 -2.042376
v -6.018377 0.826852 -2.044136
v -5.946499 0.754802 -2.004863
v -5.941489 0.773998 -2.012296
v -6.010727 0.817076 -2.106037
v -5.998737 0.826852 -2.091563
v -6.037090 0.817076 -2.042376
v -6.018377 0.826852 -2.044136
v -5.998737 0.826852 -2.091563
v -6.010727 0.817076 -2.106037
v -5.921849 0.773998 -2.059724
v -5.920137 0.754802 -2.068523
v -5.946499 0.754802 -2.004863
v -5.941489 0.773998 -2.012296
v -5.920137 0.754802 -2.068523
v -5.921849 0.773998 -2.059724
v -6.062126 0.826852 -1.938486
v -6.042487 0.826852 -1.985914
v -5.985239 0.773998 -1.906647
v -5.965599 0.773998 -1.954074
v -6.080839 0.817076 -1.936727
v -6.062126 0.826852 -1.938486
v -5.990249 0.754802 -1.899213
v -5.985239 0.773998 -1.906647
v -6.054477 0.817076 -2.000388
v -6.042487 0.826852 -1.985914
v -6.080839 0.817076 -1.936727
v -6.062126 0.826852 -1.938486
v -6.042487 0.826852 -1.985914
v -6.054477 0.817076 -2.000388
v -5.965599 0.773998 -1.954074
v -5.963886 0.754802 -1.962874
v -5.990249 0.754802 -1.899213
v -5.985239 0.773998 -1.906647
v -5.963886 0.754802 -1.962874
v -5.965599 0.773998 -1.954074
vn -0.0000 -1.0000 -0.0000
vn -0.3818 -0.0000 -0.9243
vn -0.3821 -0.0000 -0.9241
vn 0.9242 -0.0000 -0.3820
vn 0.9242 -0.0000 -0.3819
vn 0.9242 -0.0000 -0.3818
vn 0.9240 -0.0000 -0.3823
vn 0.3818 -0.0000 0.9243
vn 0.3820 -0.0000 0.9242
vn -0.9242 -0.0000 0.3818
vn -0.9242 -0.0000 0.3819
vn -0.9242 -0.0000 0.3820
vn -0.9243 -0.0000 0.3817
vn 0.3818 -0.0000 0.9242
vn 0.3822 -0.0000 0.9241
vn 0.9243 -0.0000 -0.3816
vn 0.9243 -0.0000 -0.3817
vn -0.3818 -0.0000 -0.9242
vn -0.3822 -0.0000 -0.9241
vn -0.3820 -0.0000 -0.9242
vn -0.9243 -0.0000 0.3816
vn 0.9242 -0.0000 0.3819
vn 0.9241 -0.0000 0.3821
vn -0.3823 -0.0000 0.9240
vn -0.3819 -0.0000 0.9242
vn -0.3818 -0.0000 0.9242
vn -0.9242 -0.0000 -0.3819
vn -0.9242 -0.0000 -0.3820
vn -0.9242 -0.0000 -0.3818
vn 0.3818 -0.0000 -0.9242
vn 0.3819 -0.0000 -0.9242
vn 0.3818 -0.0000 -0.9243
vn 0.3822 -0.0000 -0.9241
vn -0.3817 -0.0000 -0.9243
vn 0.9243 -0.0000 -0.3818
vn 0.9241 -0.0000 -0.3821
vn 0.3821 -0.0000 0.9241
vn -0.9241 -0.0000 0.3823
vn -0.9243 -0.0000 0.3818
vn 0.9243 -0.0000 0.3818
vn 0.9242 -0.0000 0.3818
vn -0.3820 -0.0000 0.9242
vn -0.9243 -0.0000 -0.3818
vn 0.3820 -0.0000 -0.9242
vn 0.7326 -0.4997 0.4622
vn 0.7327 -0.4995 0.4623
vn 0.7326 -0.4996 0.4622
vn 0.7327 -0.4993 0.4624
vn 0.2705 -0.7076 0.6528
vn 0.2705 -0.7071 0.6533
vn -0.1900 -0.4999 0.8450
vn -0.1901 -0.4999 0.8450
vn -0.1902 -0.4999 0.8449
vn -0.3822 -0.0000 0.9241
vn -0.1900 0.4999 0.8450
vn -0.1902 0.4999 0.8449
vn -0.1901 0.4999 0.8450
vn 0.2705 0.7074 0.6530
vn 0.2705 0.7079 0.6525
vn 0.2705 0.7078 0.6526
vn 0.2705 0.7077 0.6527
vn 0.7326 0.4996 0.4623
vn 0.7327 0.4993 0.4624
vn 0.7326 0.4995 0.4623
vn 0.9243 -0.0000 0.3817
vn 0.9241 -0.0000 0.3822
vn 0.3819 -0.0000 0.9242
vn 0.3826 -0.0000 0.9239
vn 0.3820 -0.0000 0.9241
vn 0.1902 -0.4999 -0.8449
vn 0.1901 -0.4999 -0.8450
vn -0.2705 -0.7076 -0.6528
vn -0.2705 -0.7077 -0.6527
vn -0.2705 -0.7077 -0.6526
vn -0.7326 -0.4997 -0.4622
vn -0.7327 -0.4994 -0.4624
vn -0.7327 -0.4993 -0.4624
vn 0.3821 -0.0000 -0.9241
vn -0.7326 0.4996 -0.4623
vn -0.7325 0.4999 -0.4620
vn -0.7325 0.5000 -0.4620
vn -0.2705 0.7077 -0.6526
vn -0.2705 0.7077 -0.6527
vn -0.2705 0.7076 -0.6528
vn 0.1902 0.4999 -0.8449
vn 0.1903 0.4999 -0.8449
vn 0.1901 0.4999 -0.8450
vn -0.0000 1.0000 -0.0000
vn -0.9241 -0.0000 0.3821
vn 0.6527 -0.7076 -0.2705
vn 0.6527 -0.7077 -0.2705
vn 0.6529 -0.7075 -0.2705
vn 0.6525 -0.7078 -0.2705
vn -0.6527 -0.7077 0.2705
vn -0.6529 -0.7075 0.2705
vn -0.6526 -0.7078 0.2705
vn -0.6525 0.7079 0.2705
vn -0.6527 0.7077 0.2705
vn 0.6527 0.7077 -0.2705
vn 0.6525 0.7078 -0.2705
vn 0.6529 0.7075 -0.2705
vn -0.3409 -0.4546 -0.8229
vn -0.3409 -0.4545 -0.8229
vn -0.3409 -0.4548 -0.8228
vn 0.8229 -0.4546 -0.3409
vn 0.8229 -0.4545 -0.3409
vn 0.3409 -0.4547 0.8228
vn 0.3409 -0.4546 0.8229
vn -0.8228 -0.4547 0.3409
vn -0.8229 -0.4546 0.3409
vn -0.3409 -0.4547 -0.8229
vn 0.3409 -0.4547 0.8229
vn 0.3409 -0.4545 0.8229
vn 0.3408 -0.4548 0.8228
vn -0.8228 -0.4548 0.3408
vn -0.3409 -0.4547 -0.8228
vn -0.8229 -0.4545 0.3409
vn 0.8228 -0.4547 -0.3409
vn -0.8229 -0.4547 0.3409
vn -0.8227 -0.4549 0.3408
vn 0.8229 -0.4547 -0.3409
vn 0.8229 -0.4544 -0.3410
vn 0.8228 -0.4548 -0.3408
vn -0.8229 -0.4544 0.3410
vn 0.3409 -0.4544 0.8229
vn 0.8228 -0.4549 -0.3408
vn 0.8230 -0.4544 -0.3410
vn -0.3408 -0.4548 -0.8228
vn -0.8228 -0.4549 0.3408
vn -0.7036 -0.6487 0.2900
vn -0.7037 -0.6487 0.2899
vn -0.7035 -0.6487 0.2901
vn -0.6608 -0.2958 -0.6898
vn -0.6604 -0.2961 -0.6901
vn 0.2135 -0.9729 -0.0884
vn 0.2133 -0.9730 -0.0880
vn 0.2134 -0.9730 -0.0881
vn 0.0197 -0.2956 0.9551
vn 0.0203 -0.2958 0.9550
vn -0.8549 0.3803 0.3529
vn -0.8549 0.3804 0.3529
vn -0.8548 0.3805 0.3530
vn -0.8548 0.3804 0.3530
vn -0.7037 -0.6487 0.2900
vn -0.7036 -0.6487 0.2901
vn -0.7034 -0.6488 0.2903
vn 0.0196 -0.2955 0.9551
vn 0.0194 -0.2955 0.9552
vn 0.0194 -0.2955 0.9551
vn -0.6605 -0.2960 -0.6900
vn 0.0196 -0.2956 0.9551
vn -0.8548 0.3804 0.3529
vn -0.7035 -0.6488 0.2902
vn 0.2133 -0.9730 -0.0879
vn 0.0198 -0.2956 0.9551
vn -0.7035 -0.6487 0.2902
vn -0.6603 -0.2962 -0.6901
vn 0.0195 -0.2955 0.9551
vn -0.3430 -0.9393 -0.0000
vn -0.3433 -0.9392 -0.0000
vn -0.3432 -0.9393 -0.0000
vn -0.3431 -0.9393 -0.0000
vn -0.0000 -0.0000 -1.0000
vn 0.9392 -0.3433 -0.0000
vn 0.9393 -0.3432 -0.0000
vn 0.9393 -0.3431 -0.0000
vn -0.0000 -0.0000 1.0000
vn -0.9393 0.3432 -0.0000
vn -0.9392 0.3433 -0.0000
vn -0.9393 0.3431 -0.0000
vn 0.6641 -0.2428 0.7071
vn 0.6640 -0.2429 0.7071
vn 0.6640 -0.2430 0.7071
vn -0.6640 0.2430 0.7071
vn -0.6639 0.2434 0.7071
vn -0.6641 0.2426 0.7072
vn -0.6640 0.2429 0.7071
vn -0.6640 0.2429 -0.7071
vn -0.6639 0.2435 -0.7071
vn -0.6641 0.2426 -0.7072
vn -0.6641 0.2428 -0.7071
vn 0.6639 -0.2434 -0.7071
vn 0.6640 -0.2430 -0.7071
vn 0.6641 -0.2429 -0.7071
vn 0.6640 -0.2429 -0.7071
vn 0.9394 -0.3429 -0.0000
vn 0.9393 -0.3430 -0.0000
vn 0.9392 -0.3434 -0.0000
vn 0.6641 -0.2429 0.7071
vn 0.6639 -0.2434 0.7071
vn 0.6642 -0.2426 0.7071
vn -0.6641 0.2428 0.7071
vn -0.6639 0.2434 -0.7071
vn -0.6640 0.2431 -0.7071
vn 0.2962 -0.6413 0.7079
vn 0.2962 -0.6413 0.7078
vn 0.2961 -0.6412 0.7079
vn -0.2430 -0.6640 0.7071
vn -0.2425 -0.6641 0.7072
vn -0.2426 -0.6641 0.7072
vn -0.6412 -0.2961 0.7079
vn -0.6413 -0.2962 0.7079
vn -0.2961 0.6412 0.7079
vn 0.2428 0.6641 0.7071
vn 0.2431 0.6640 0.7071
vn 0.2427 0.6641 0.7072
vn 0.2434 0.6639 0.7071
vn 0.6412 0.2961 0.7079
vn 0.6412 0.2960 0.7080
vn 0.6412 0.2962 0.7079
vn 0.6641 -0.2428 0.7072
vn 0.2963 -0.6413 -0.7078
vn 0.2961 -0.6412 -0.7079
vn 0.2962 -0.6413 -0.7079
vn -0.2434 -0.6639 -0.7071
vn -0.2430 -0.6640 -0.7071
vn -0.6412 -0.2961 -0.7079
vn -0.6412 -0.2960 -0.7080
vn -0.6413 -0.2962 -0.7079
vn 0.6641 -0.2428 -0.7072
vn 0.6641 -0.2427 -0.7072
vn -0.6640 0.2430 -0.7071
vn -0.6640 0.2434 -0.7070
vn -0.2961 0.6412 -0.7079
vn -0.2960 0.6412 -0.7080
vn -0.2962 0.6412 -0.7079
vn 0.2428 0.6641 -0.7072
vn 0.2426 0.6641 -0.7072
vn 0.2429 0.6641 -0.7071
vn 0.6412 0.2961 -0.7079
vn 0.6412 0.2960 -0.7080
vn 0.3432 0.9393 -0.0000
vn 0.3434 0.9392 -0.0000
vn 0.3431 0.9393 -0.0000
vn -0.3432 -0.9392 -0.0000
vn -0.9393 0.3430 -0.0000
vn -0.9394 0.3429 -0.0000
vn -0.9392 0.3432 -0.0000
vn 0.4194 -0.9078 -0.0000
vn 0.4195 -0.9077 -0.0000
vn 0.4195 -0.9078 -0.0000
vn 0.4196 -0.9077 -0.0000
vn -0.9077 -0.4197 -0.0000
vn -0.9078 -0.4194 -0.0000
vn -0.9077 -0.4196 -0.0000
vn -0.4197 0.9076 -0.0000
vn -0.4193 0.9078 -0.0000
vn -0.4196 0.9077 -0.0000
vn -0.4195 0.9078 -0.0000
vn 0.9077 0.4196 -0.0000
vn 0.9077 0.4195 -0.0000
vn 0.9078 0.4194 -0.0000
vn -0.3434 -0.9392 -0.0000
vn 0.6641 -0.2427 0.7072
vn 0.6641 -0.2426 0.7072
vn -0.6640 0.2431 0.7071
vn -0.6641 0.2429 0.7071
vn -0.6639 0.2435 0.7071
vn -0.6640 0.2432 -0.7071
vn -0.6641 0.2425 -0.7072
vn 0.6641 -0.2426 -0.7072
vn 0.6641 -0.2428 -0.7071
vn 0.6640 -0.2431 -0.7071
vn -0.9392 0.3434 -0.0000
vn 0.6640 -0.2431 0.7071
vn -0.6641 0.2428 0.7072
vn 0.6641 -0.2426 -0.7071
vn 0.2962 -0.6412 0.7079
vn -0.2434 -0.6639 0.7071
vn -0.2427 -0.6641 0.7072
vn -0.2425 -0.6642 0.7072
vn -0.6641 0.2426 0.7071
vn -0.6638 0.2434 0.7071
vn -0.2962 0.6413 0.7079
vn -0.2962 0.6413 0.7078
vn 0.2430 0.6640 0.7071
vn 0.2426 0.6641 0.7072
vn -0.2429 -0.6641 -0.7071
vn -0.2426 -0.6641 -0.7072
vn -0.6641 0.2427 -0.7071
vn -0.2962 0.6413 -0.7078
vn 0.2434 0.6639 -0.7071
vn 0.2428 0.6641 -0.7071
vn 0.6413 0.2962 -0.7078
vn 0.0001 -0.0000 -1.0000
vn 0.3430 0.9393 -0.0000
vn -0.9392 0.3435 -0.0000
vn -0.4195 0.9077 -0.0000
vn -0.4197 0.9077 -0.0000
vn 0.9078 0.4195 -0.0000
vn -0.3437 -0.9391 -0.0000
vn -0.1566 -0.4279 -0.8901
vn -0.1569 -0.4275 -0.8903
vn -0.1570 -0.4274 -0.8903
vn -0.1568 -0.4277 -0.8902
vn 0.6802 -0.7330 -0.0000
vn 0.6800 -0.7332 -0.0000
vn -0.1566 -0.4279 0.8901
vn -0.1571 -0.4272 0.8904
vn -0.1569 -0.4275 0.8903
vn -0.9926 -0.1211 -0.0000
vn -0.9926 -0.1213 -0.0000
vn -0.9925 -0.1220 -0.0000
vn -0.1570 -0.4273 -0.8904
vn 0.6803 -0.7329 -0.0000
vn -0.1568 -0.4277 0.8902
vn -0.9926 -0.1215 -0.0000
vn -0.9926 -0.1217 -0.0000
vn 0.6803 -0.7330 -0.0000
vn 0.6801 -0.7331 -0.0000
vn -0.9926 -0.1214 -0.0000
vn 0.6802 -0.7331 -0.0000
vn 0.6800 -0.7333 -0.0000
vn -0.1570 -0.4274 0.8903
vn -0.9926 -0.1212 -0.0000
vn -0.9925 -0.1219 -0.0000
vn 0.6799 -0.7333 -0.0000
vn -0.1571 -0.4272 -0.8904
vn -0.1570 -0.4273 0.8904
vn -0.9926 -0.1216 -0.0000
vn -0.9927 -0.1209 -0.0000
vn -0.3428 -0.9394 -0.0000
vn -0.1569 -0.4274 0.8903
vn -0.3429 -0.9394 -0.0000
vn -0.9925 -0.1221 -0.0000
vn 0.6804 -0.7329 -0.0000
vn 0.3817 -0.0000 -0.9243
vn 0.9242 -0.0000 0.3820
vn -0.3817 -0.0000 0.9243
vn -0.9241 -0.0000 -0.3822
vn -0.3818 -0.0000 0.9243
vn -0.9243 -0.0000 -0.3817
vn 0.3817 -0.0000 0.9243
vn 0.3826 -0.0000 -0.9239
vn 0.3823 -0.0000 -0.9240
vn 0.9239 -0.0000 0.3826
vn -0.9241 -0.0000 -0.3821
vn 0.3816 -0.0000 0.9243
vn -0.3819 -0.0000 -0.9242
vn 0.1902 -0.4999 0.8449
vn -0.2705 -0.7076 0.6528
vn -0.2705 -0.7079 0.6525
vn -0.2705 -0.7078 0.6526
vn -0.7327 -0.4993 0.4625
vn -0.7324 -0.5001 0.4620
vn -0.7327 -0.4994 0.4624
vn -0.7326 -0.4996 0.4623
vn -0.7327 0.4993 0.4624
vn -0.7325 0.5000 0.4620
vn -0.7326 0.4997 0.4622
vn -0.7326 0.4998 0.4622
vn -0.2705 0.7077 0.6527
vn -0.2705 0.7076 0.6528
vn 0.1902 0.4999 0.8449
vn 0.1903 0.4999 0.8449
vn 0.1900 0.4999 0.8450
vn 0.1901 0.4999 0.8450
vn -0.3816 -0.0000 0.9243
vn -0.3821 -0.0000 0.9241
vn 0.7326 -0.4995 -0.4623
vn 0.7326 -0.4996 -0.4622
vn 0.7325 -0.5000 -0.4620
vn 0.7326 -0.4997 -0.4622
vn 0.2705 -0.7078 -0.6526
vn 0.2705 -0.7079 -0.6525
vn 0.2705 -0.7076 -0.6528
vn 0.2705 -0.7077 -0.6527
vn -0.1902 -0.4999 -0.8449
vn -0.1901 -0.4999 -0.8450
vn -0.1902 0.4999 -0.8449
vn -0.1901 0.4999 -0.8450
vn -0.1903 0.4999 -0.8449
vn 0.2705 0.7078 -0.6526
vn 0.2705 0.7077 -0.6526
vn 0.2705 0.7077 -0.6527
vn 0.2705 0.7078 -0.6525
vn 0.7326 0.4995 -0.4623
vn 0.7327 0.4995 -0.4623
vn 0.7326 0.4996 -0.4623
vn -0.9240 -0.0000 -0.3823
vn -0.9239 -0.0000 -0.3826
vn 0.6528 -0.7076 0.2705
vn 0.6525 -0.7079 0.2705
vn 0.6526 -0.7078 0.2705
vn -0.6533 -0.7072 -0.2705
vn -0.6527 -0.7077 -0.2705
vn -0.6525 -0.7079 -0.2705
vn -0.6526 0.7078 -0.2705
vn -0.6527 0.7077 -0.2705
vn -0.6526 0.7077 -0.2705
vn 0.6526 0.7077 0.2705
vn 0.6526 0.7078 0.2705
vn 0.6527 0.7077 0.2705
vn 0.3409 -0.4545 -0.8229
vn 0.3409 -0.4546 -0.8229
vn 0.8228 -0.4548 0.3408
vn 0.8229 -0.4545 0.3409
vn 0.8229 -0.4546 0.3409
vn -0.3409 -0.4546 0.8229
vn -0.3409 -0.4545 0.8229
vn -0.8229 -0.4545 -0.3409
vn -0.8229 -0.4546 -0.3409
vn -0.8228 -0.4547 -0.3409
vn 0.8228 -0.4547 0.3409
vn -0.3409 -0.4547 0.8228
vn -0.8228 -0.4549 -0.3408
vn -0.8228 -0.4548 -0.3408
vn 0.3409 -0.4547 -0.8228
vn 0.8229 -0.4544 0.3410
vn -0.8229 -0.4547 -0.3409
vn 0.3409 -0.4544 -0.8229
vn 0.3408 -0.4548 -0.8228
vn 0.8228 -0.4549 0.3408
vn 0.8230 -0.4544 0.3410
vn -0.8228 -0.4548 -0.3409
vn 0.8229 -0.4547 0.3409
vn -0.3408 -0.4548 0.8228
vn -0.8229 -0.4544 -0.3410
vn 0.3409 -0.4548 -0.8228
vn 0.3410 -0.4544 -0.8230
vn -0.8230 -0.4544 -0.3410
vn -0.3409 -0.4548 0.8228
vn -0.3409 -0.4547 0.8229
vn -0.3410 -0.4544 0.8230
vn 0.8227 -0.4549 0.3408
vn 0.3408 -0.4549 -0.8228
vn -0.3408 -0.4549 0.8228
vn -0.3409 -0.4544 0.8229
vn 0.3409 -0.4547 -0.8229
vn -0.4956 -0.8443 -0.2038
vn -0.4956 -0.8443 -0.2039
vn 0.1137 -0.3838 -0.9164
vn 0.1135 -0.3838 -0.9164
vn 0.1137 -0.3839 -0.9163
vn 0.1136 -0.3838 -0.9164
vn 0.4685 -0.8619 0.1940
vn -0.5664 -0.3842 0.7291
vn -0.5663 -0.3847 0.7289
vn -0.9204 0.0921 -0.3800
vn -0.9204 0.0920 -0.3799
vn -0.9204 0.0921 -0.3801
vn -0.4956 -0.8443 -0.2036
vn 0.1137 -0.3839 -0.9164
vn 0.1134 -0.3837 -0.9165
vn -0.5664 -0.3841 0.7291
vn -0.5665 -0.3840 0.7291
vn -0.4956 -0.8443 -0.2037
vn -0.5663 -0.3847 0.7290
vn -0.9203 0.0921 -0.3801
vn -0.4956 -0.8443 -0.2040
vn 0.4681 -0.8621 0.1939
vn 0.4678 -0.8623 0.1939
vn -0.5664 -0.3844 0.7290
vn -0.9205 0.0919 -0.3797
vn -0.9205 0.0920 -0.3798
vn 0.1135 -0.3837 -0.9164
vn 0.4680 -0.8622 0.1939
vn 0.4686 -0.8619 0.1940
vn -0.9204 0.0921 -0.3799
vn -0.4957 -0.8443 -0.2035
vn -0.5663 -0.3846 0.7290
vn -0.9205 0.0920 -0.3799
vn 0.4683 -0.8620 0.1940
vn -0.5665 -0.3839 0.7292
vn -0.5665 -0.3841 0.7291
vn -0.5664 -0.3843 0.7290
vn 0.1138 -0.3839 -0.9163
vn 0.4682 -0.8621 0.1940
vn -0.9203 0.0922 -0.3802
vt 0.445557 0.635742
vt 0.442139 0.624268
vt 0.434326 0.680176
vt 0.434326 0.708252
vt 0.442139 0.736328
vt 0.445557 0.724854
vt 0.344727 0.708252
vt 0.333496 0.724854
vt 0.336914 0.736328
vt 0.344727 0.680176
vt 0.336914 0.624268
vt 0.333496 0.635742
vt 0.336914 0.568115
vt 0.442139 0.568115
vt 0.277588 0.724854
vt 0.277588 0.635742
vt 0.442139 0.792236
vt 0.336914 0.792236
vt 0.501465 0.724854
vt 0.501465 0.635742
vt 0.661133 0.637451
vt 0.642090 0.637451
vt 0.642090 0.643555
vt 0.661133 0.643555
vt 0.664062 0.636719
vt 0.638672 0.636719
vt 0.664062 0.644531
vt 0.638672 0.644531
vt 0.277588 0.736328
vt 0.445557 0.792236
vt 0.445557 0.568115
vt 0.445557 0.624268
vt 0.333496 0.568115
vt 0.364990 0.568115
vt 0.364990 0.624268
vt 0.414062 0.624268
vt 0.414062 0.568115
vt 0.277588 0.705322
vt 0.333496 0.705322
vt 0.333496 0.655029
vt 0.277588 0.655029
vt 0.364990 0.736328
vt 0.364990 0.792236
vt 0.414062 0.792236
vt 0.414062 0.736328
vt 0.501465 0.655029
vt 0.445557 0.655029
vt 0.445557 0.705322
vt 0.501465 0.705322
vt 0.277588 0.728760
vt 0.284424 0.736328
vt 0.282227 0.710938
vt 0.277588 0.718262
vt 0.359375 0.787598
vt 0.354004 0.722168
vt 0.431641 0.720459
vt 0.419678 0.787598
vt 0.427246 0.792236
vt 0.437988 0.792236
vt 0.445557 0.785400
vt 0.496826 0.710938
vt 0.501465 0.700439
vt 0.501465 0.660156
vt 0.496826 0.649658
vt 0.445557 0.574951
vt 0.406982 0.597412
vt 0.390869 0.594727
vt 0.419678 0.572998
vt 0.332275 0.623047
vt 0.359375 0.572998
vt 0.351807 0.568115
vt 0.341064 0.568115
vt 0.333496 0.574951
vt 0.320068 0.688477
vt 0.282227 0.649658
vt 0.316162 0.641357
vt 0.442627 0.693115
vt 0.359375 0.740967
vt 0.370117 0.710938
vt 0.359375 0.700439
vt 0.328857 0.710938
vt 0.419678 0.740967
vt 0.409180 0.710938
vt 0.450195 0.710938
vt 0.419678 0.700439
vt 0.359375 0.660156
vt 0.328857 0.649658
vt 0.450195 0.649658
vt 0.419678 0.660156
vt 0.419678 0.619629
vt 0.409180 0.649658
vt 0.359375 0.619629
vt 0.370117 0.649658
vt 0.352539 0.736328
vt 0.445557 0.717773
vt 0.445557 0.642822
vt 0.333496 0.642822
vt 0.333496 0.624268
vt 0.333496 0.736328
vt 0.445557 0.736328
vt 0.277588 0.624268
vt 0.333496 0.792236
vt 0.501465 0.736328
vt 0.501465 0.624268
vt 0.325195 0.451172
vt 0.315186 0.427246
vt 0.291504 0.451172
vt 0.315186 0.460938
vt 0.361084 0.451172
vt 0.370850 0.427246
vt 0.370850 0.460938
vt 0.394775 0.451172
vt 0.370850 0.499023
vt 0.394775 0.508789
vt 0.361084 0.508789
vt 0.370850 0.532715
vt 0.325195 0.508789
vt 0.315186 0.532715
vt 0.315186 0.499023
vt 0.291504 0.508789
vt 0.432129 0.249023
vt 0.442871 0.219238
vt 0.432129 0.208496
vt 0.401855 0.219238
vt 0.492676 0.249023
vt 0.481934 0.219238
vt 0.522949 0.219238
vt 0.492676 0.208496
vt 0.432129 0.168457
vt 0.401855 0.157715
vt 0.522949 0.157715
vt 0.492676 0.168457
vt 0.492676 0.127441
vt 0.481934 0.157715
vt 0.432129 0.127441
vt 0.442871 0.157715
vt 0.505371 0.378418
vt 0.505371 0.621582
vt 0.543457 0.621582
vt 0.543457 0.378418
vt 0.443848 0.378418
vt 0.443848 0.621582
vt 0.483398 0.621582
vt 0.483398 0.378418
vt 0.665039 0.621582
vt 0.665039 0.378418
vt 0.627441 0.378418
vt 0.627441 0.621582
vt 0.565430 0.378418
vt 0.565430 0.621582
vt 0.604980 0.621582
vt 0.604980 0.378418
vt 0.421631 0.621582
vt 0.421631 0.378418
vt 0.785645 0.471191
vt 0.775879 0.447266
vt 0.752441 0.471191
vt 0.775879 0.480957
vt 0.821777 0.471191
vt 0.831543 0.447266
vt 0.831543 0.480957
vt 0.855469 0.471191
vt 0.831543 0.519043
vt 0.855469 0.528809
vt 0.821777 0.528809
vt 0.831543 0.552734
vt 0.785645 0.528809
vt 0.775879 0.552734
vt 0.775879 0.519043
vt 0.752441 0.528809
vt 0.419189 0.408691
vt 0.429932 0.378906
vt 0.419189 0.368164
vt 0.388672 0.378906
vt 0.479736 0.408691
vt 0.468994 0.378906
vt 0.510254 0.378906
vt 0.479736 0.368164
vt 0.419189 0.328125
vt 0.388672 0.317383
vt 0.510254 0.317383
vt 0.479736 0.328125
vt 0.479736 0.287598
vt 0.468994 0.317383
vt 0.419189 0.287598
vt 0.429932 0.317383
vt 0.961914 0.373047
vt 0.961914 0.626953
vt 1.001953 0.626953
vt 1.001953 0.373047
vt 0.897461 0.373047
vt 0.897461 0.626953
vt 0.938965 0.626953
vt 0.938965 0.373047
vt 1.128906 0.626953
vt 1.128906 0.373047
vt 1.088867 0.373047
vt 1.088867 0.626953
vt 1.024414 0.373047
vt 1.024414 0.626953
vt 1.065430 0.626953
vt 1.065430 0.373047
vt 0.874512 0.626953
vt 0.874512 0.373047
s 1
f 59/1/1 57/2/1 58/3/1
f 66/4/1 64/5/1 65/6/1
f 73/7/1 71/8/1 72/9/1
f 80/10/1 78/11/1 79/12/1
f 3/13/2 1/11/2 2/2/3
f 2/2/3 4/14/2 3/13/2
f 7/15/4 5/8/5 6/12/6
f 6/12/6 8/16/7 7/15/4
f 11/17/8 9/5/8 10/9/9
f 10/9/9 12/18/9 11/17/8
f 15/6/10 13/19/11 14/20/12
f 14/20/12 16/1/13 15/6/10
f 19/21/1 17/22/1 18/23/1
f 18/23/1 20/24/1 19/21/1
f 23/25/14 21/26/14 22/22/15
f 22/22/15 24/21/9 23/25/14
f 27/27/16 25/25/17 26/21/16
f 26/21/16 28/24/17 27/27/16
f 31/28/18 29/27/18 30/24/19
f 30/24/19 32/23/20 31/28/18
f 35/26/21 33/28/13 34/23/21
f 34/23/21 36/22/13 35/26/21
f 39/9/22 37/8/23 38/15/23
f 38/15/23 40/29/22 39/9/22
f 43/6/24 41/5/25 42/17/26
f 42/17/26 44/30/25 43/6/24
f 47/31/27 45/14/28 46/2/27
f 46/2/27 48/32/29 47/31/27
f 51/12/30 49/11/31 50/13/32
f 50/13/32 52/33/33 51/12/30
f 55/4/1 53/6/1 54/1/1
f 54/1/1 56/3/1 55/4/1
f 62/7/1 60/9/1 61/5/1
f 61/5/1 63/4/1 62/7/1
f 69/10/1 67/12/1 68/8/1
f 68/8/1 70/7/1 69/10/1
f 76/2/1 74/11/1 75/10/1
f 75/10/1 77/3/1 76/2/1
f 83/34/2 81/35/20 82/36/18
f 82/36/18 84/37/34 83/34/2
f 87/38/35 85/39/6 86/40/36
f 86/40/36 88/41/35 87/38/35
f 91/42/37 89/43/14 90/44/37
f 90/44/37 92/45/14 91/42/37
f 95/46/13 93/47/21 94/48/38
f 94/48/38 96/49/39 95/46/13
f 99/42/22 97/39/22 98/38/40
f 98/38/40 100/29/41 99/42/22
f 103/48/25 101/45/42 102/44/26
f 102/44/26 104/30/25 103/48/25
f 107/36/27 105/47/43 106/31/27
f 106/31/27 108/37/27 107/36/27
f 111/40/44 109/35/31 110/34/32
f 110/34/32 112/33/31 111/40/44
f 115/50/45 113/51/46 114/52/47
f 114/52/47 116/53/48 115/50/45
f 119/54/49 117/55/49 118/56/49
f 118/56/49 120/57/50 119/54/49
f 123/57/51 121/58/52 122/59/53
f 122/59/53 124/60/51 123/57/51
f 127/61/54 125/62/25 126/63/42
f 126/63/42 128/64/42 127/61/54
f 131/65/55 129/66/56 130/67/57
f 130/67/57 132/68/57 131/65/55
f 135/68/58 133/67/59 134/69/60
f 134/69/60 136/70/61 135/68/58
f 139/70/62 137/71/63 138/72/64
f 138/72/64 140/73/64 139/70/62
f 143/74/22 141/52/41 142/75/65
f 142/75/65 144/76/66 143/74/22
f 147/77/8 145/56/67 146/55/8
f 148/66/9 147/77/8 146/55/8
f 146/55/8 149/74/68 148/66/9
f 150/67/8 148/66/9 149/74/68
f 149/74/68 151/76/14 150/67/8
f 152/69/69 150/67/8 151/76/14
f 155/78/70 153/79/71 154/80/70
f 154/80/70 156/81/70 155/78/70
f 159/79/72 157/78/73 158/82/74
f 158/82/74 160/83/73 159/79/72
f 163/83/75 161/82/76 162/84/76
f 162/84/76 164/85/77 163/83/75
f 167/81/33 165/80/44 166/86/78
f 166/86/78 168/87/44 167/81/33
f 171/85/29 169/84/27 170/88/29
f 170/88/29 172/89/27 171/85/29
f 175/89/79 173/88/80 174/90/81
f 174/90/81 176/91/81 175/89/79
f 179/91/82 177/90/83 178/92/83
f 178/92/83 180/93/84 179/91/82
f 183/93/85 181/92/86 182/87/85
f 182/87/85 184/86/87 183/93/85
f 187/93/18 185/86/20 186/80/3
f 188/91/3 187/93/18 186/80/3
f 186/80/3 189/79/20 188/91/3
f 190/89/2 188/91/3 189/79/20
f 189/79/20 191/83/18 190/89/2
f 192/85/20 190/89/2 191/83/18
f 195/70/88 193/92/88 194/90/88
f 194/90/88 196/68/88 195/70/88
f 199/52/7 197/81/4 198/87/7
f 198/87/7 200/75/4 199/52/7
f 203/78/1 201/54/1 202/57/1
f 202/57/1 204/82/1 203/78/1
f 207/64/39 205/88/89 206/84/39
f 206/84/39 208/61/89 207/64/39
f 211/94/90 209/81/91 210/52/92
f 210/52/92 212/51/93 211/94/90
f 215/95/94 213/82/95 214/57/94
f 214/57/94 216/60/96 215/95/94
f 219/90/97 217/96/97 218/65/98
f 218/65/98 220/68/97 219/90/97
f 223/97/99 221/92/100 222/70/99
f 222/70/99 224/73/101 223/97/99
f 227/32/1 225/98/1 226/99/1
f 226/99/1 228/100/1 227/32/1
f 231/31/102 229/33/102 230/98/103
f 230/98/103 232/32/104 231/31/102
f 235/101/105 233/29/105 234/99/106
f 234/99/106 236/98/105 235/101/105
f 239/100/107 237/99/108 238/102/108
f 238/102/108 240/30/108 239/100/107
f 243/103/109 241/104/110 242/32/110
f 242/32/110 244/100/110 243/103/109
f 247/32/1 245/98/1 246/99/1
f 246/99/1 248/100/1 247/32/1
f 251/31/102 249/33/111 250/98/102
f 250/98/102 252/32/102 251/31/102
f 255/101/106 253/29/105 254/99/105
f 254/99/105 256/98/105 255/101/106
f 259/100/108 257/99/112 258/102/113
f 258/102/113 260/30/114 259/100/108
f 263/103/115 261/104/110 262/32/110
f 262/32/110 264/100/109 263/103/115
f 267/32/1 265/98/1 266/99/1
f 266/99/1 268/100/1 267/32/1
f 271/31/102 269/33/103 270/98/103
f 270/98/103 272/32/116 271/31/102
f 275/101/106 273/29/105 274/99/105
f 274/99/105 276/98/105 275/101/106
f 279/100/108 277/99/108 278/102/108
f 278/102/108 280/30/107 279/100/108
f 283/103/110 281/104/117 282/32/109
f 282/32/109 284/100/115 283/103/110
f 287/32/1 285/98/1 286/99/1
f 286/99/1 288/100/1 287/32/1
f 291/31/102 289/33/103 290/98/116
f 290/98/116 292/32/102 291/31/102
f 295/101/106 293/29/105 294/99/118
f 294/99/118 296/98/118 295/101/106
f 299/100/108 297/99/113 298/102/108
f 298/102/108 300/30/113 299/100/108
f 303/103/110 301/104/119 302/32/120
f 302/32/120 304/100/115 303/103/110
f 307/32/1 305/98/1 306/99/1
f 306/99/1 308/100/1 307/32/1
f 311/31/103 309/33/102 310/98/116
f 310/98/116 312/32/116 311/31/103
f 315/101/121 313/29/122 314/99/105
f 314/99/105 316/98/118 315/101/121
f 319/100/108 317/99/113 318/102/108
f 318/102/108 320/30/108 319/100/108
f 323/103/110 321/104/117 322/32/117
f 322/32/117 324/100/119 323/103/110
f 327/32/1 325/98/1 326/99/1
f 326/99/1 328/100/1 327/32/1
f 331/31/103 329/33/103 330/98/102
f 330/98/102 332/32/103 331/31/103
f 335/101/105 333/29/105 334/99/118
f 334/99/118 336/98/118 335/101/105
f 339/100/113 337/99/112 338/102/113
f 338/102/113 340/30/108 339/100/113
f 343/103/115 341/104/110 342/32/109
f 342/32/109 344/100/109 343/103/115
f 347/32/1 345/98/1 346/99/1
f 346/99/1 348/100/1 347/32/1
f 351/31/103 349/33/102 350/98/102
f 350/98/102 352/32/103 351/31/103
f 355/101/105 353/29/105 354/99/106
f 354/99/106 356/98/118 355/101/105
f 359/100/107 357/99/107 358/102/107
f 358/102/107 360/30/108 359/100/107
f 363/103/110 361/104/110 362/32/115
f 362/32/115 364/100/109 363/103/110
f 367/32/1 365/98/1 366/99/1
f 366/99/1 368/100/1 367/32/1
f 371/31/102 369/33/102 370/98/103
f 370/98/103 372/32/102 371/31/102
f 375/101/118 373/29/123 374/99/118
f 374/99/118 376/98/123 375/101/118
f 379/100/107 377/99/108 378/102/113
f 378/102/113 380/30/107 379/100/107
f 383/103/124 381/104/110 382/32/109
f 382/32/109 384/100/110 383/103/124
f 387/32/1 385/98/1 386/99/1
f 386/99/1 388/100/1 387/32/1
f 391/31/103 389/33/103 390/98/102
f 390/98/102 392/32/102 391/31/103
f 395/101/105 393/29/105 394/99/105
f 394/99/105 396/98/105 395/101/105
f 399/100/125 397/99/107 398/102/107
f 398/102/107 400/30/114 399/100/125
f 403/103/117 401/104/110 402/32/109
f 402/32/109 404/100/117 403/103/117
f 407/32/1 405/98/1 406/99/1
f 406/99/1 408/100/1 407/32/1
f 411/31/102 409/33/116 410/98/102
f 410/98/102 412/32/103 411/31/102
f 415/101/105 413/29/106 414/99/126
f 414/99/126 416/98/127 415/101/105
f 419/100/113 417/99/108 418/102/108
f 418/102/108 420/30/108 419/100/113
f 423/103/110 421/104/110 422/32/117
f 422/32/117 424/100/110 423/103/110
f 427/32/1 425/98/1 426/99/1
f 426/99/1 428/100/1 427/32/1
f 431/31/102 429/33/103 430/98/102
f 430/98/102 432/32/116 431/31/102
f 435/101/106 433/29/105 434/99/106
f 434/99/106 436/98/118 435/101/106
f 439/100/108 437/99/108 438/102/108
f 438/102/108 440/30/108 439/100/108
f 443/103/117 441/104/110 442/32/110
f 442/32/110 444/100/115 443/103/117
f 447/32/1 445/98/1 446/99/1
f 446/99/1 448/100/1 447/32/1
f 451/31/116 449/33/128 450/98/116
f 450/98/116 452/32/103 451/31/116
f 455/101/105 453/29/106 454/99/105
f 454/99/105 456/98/123 455/101/105
f 459/100/108 457/99/108 458/102/108
f 458/102/108 460/30/113 459/100/108
f 463/103/129 461/104/109 462/32/115
f 462/32/115 464/100/115 463/103/129
f 467/32/130 465/98/131 466/99/132
f 466/99/132 468/100/132 467/32/130
f 471/31/133 469/33/133 470/98/133
f 470/98/133 472/32/134 471/31/133
f 475/101/135 473/29/136 474/99/135
f 474/99/135 476/98/137 475/101/135
f 479/100/138 477/99/138 478/102/138
f 478/102/138 480/30/139 479/100/138
f 483/103/140 481/104/141 482/32/142
f 482/32/142 484/100/143 483/103/140
f 487/32/144 485/98/130 486/99/145
f 486/99/145 488/100/146 487/32/144
f 491/31/133 489/33/133 490/98/133
f 490/98/133 492/32/133 491/31/133
f 495/101/135 493/29/136 494/99/135
f 494/99/135 496/98/136 495/101/135
f 499/100/139 497/99/147 498/102/148
f 498/102/148 500/30/149 499/100/139
f 503/103/143 501/104/141 502/32/140
f 502/32/140 504/100/140 503/103/143
f 507/32/145 505/98/130 506/99/131
f 506/99/131 508/100/131 507/32/145
f 511/31/150 509/33/133 510/98/150
f 510/98/150 512/32/150 511/31/150
f 515/101/137 513/29/135 514/99/135
f 514/99/135 516/98/135 515/101/137
f 519/100/151 517/99/138 518/102/147
f 518/102/147 520/30/139 519/100/151
f 523/103/152 521/104/140 522/32/140
f 522/32/140 524/100/140 523/103/152
f 527/32/132 525/98/145 526/99/153
f 526/99/153 528/100/153 527/32/132
f 531/31/133 529/33/133 530/98/133
f 530/98/133 532/32/133 531/31/133
f 535/101/154 533/29/154 534/99/135
f 534/99/135 536/98/136 535/101/154
f 539/100/138 537/99/155 538/102/147
f 538/102/147 540/30/155 539/100/138
f 543/103/152 541/104/152 542/32/152
f 542/32/152 544/100/140 543/103/152
f 547/32/145 545/98/145 546/99/145
f 546/99/145 548/100/156 547/32/145
f 551/31/157 549/33/150 550/98/133
f 550/98/133 552/32/134 551/31/157
f 555/101/154 553/29/137 554/99/135
f 554/99/135 556/98/135 555/101/154
f 559/100/138 557/99/155 558/102/158
f 558/102/158 560/30/155 559/100/138
f 563/103/152 561/104/152 562/32/152
f 562/32/152 564/100/152 563/103/152
f 623/1/159 621/2/159 622/3/159
f 630/4/160 628/5/160 629/6/160
f 637/7/161 635/8/160 636/9/160
f 644/10/160 642/11/160 643/12/160
f 847/1/162 845/2/161 846/3/162
f 854/4/161 852/5/161 853/6/161
f 861/7/161 859/8/162 860/9/161
f 868/10/159 866/11/162 867/12/162
f 567/13/163 565/11/163 566/2/163
f 566/2/163 568/14/163 567/13/163
f 571/15/164 569/8/165 570/12/166
f 570/12/166 572/16/164 571/15/164
f 575/17/167 573/5/167 574/9/167
f 574/9/167 576/18/167 575/17/167
f 579/6/168 577/19/168 578/20/169
f 578/20/169 580/1/168 579/6/168
f 583/21/161 581/22/160 582/23/162
f 582/23/162 584/24/159 583/21/161
f 587/25/167 585/26/167 586/22/167
f 586/22/167 588/21/167 587/25/167
f 591/27/166 589/25/165 590/21/166
f 590/21/166 592/24/165 591/27/166
f 595/28/163 593/27/163 594/24/163
f 594/24/163 596/23/163 595/28/163
f 599/26/168 597/28/170 598/23/168
f 598/23/168 600/22/170 599/26/168
f 603/9/171 601/8/172 602/15/173
f 602/15/173 604/29/172 603/9/171
f 607/6/174 605/5/175 606/17/176
f 606/17/176 608/30/177 607/6/174
f 611/31/178 609/14/179 610/2/180
f 610/2/180 612/32/181 611/31/178
f 615/12/182 613/11/183 614/13/184
f 614/13/184 616/33/185 615/12/182
f 619/4/161 617/6/159 618/1/161
f 618/1/161 620/3/161 619/4/161
f 626/7/160 624/9/161 625/5/162
f 625/5/162 627/4/161 626/7/160
f 633/10/160 631/12/162 632/8/161
f 632/8/161 634/7/159 633/10/160
f 640/2/161 638/11/160 639/10/162
f 639/10/162 641/3/162 640/2/161
f 647/34/163 645/35/163 646/36/163
f 646/36/163 648/37/163 647/34/163
f 651/38/186 649/39/165 650/40/187
f 650/40/187 652/41/188 651/38/186
f 655/42/167 653/43/167 654/44/167
f 654/44/167 656/45/167 655/42/167
f 659/46/168 657/47/170 658/48/168
f 658/48/168 660/49/168 659/46/168
f 663/42/171 661/39/189 662/38/190
f 662/38/190 664/29/191 663/42/171
f 667/48/192 665/45/176 666/44/174
f 666/44/174 668/30/175 667/48/192
f 671/36/193 669/47/193 670/31/194
f 670/31/194 672/37/181 671/36/193
f 675/40/182 673/35/184 674/34/183
f 674/34/183 676/33/184 675/40/182
f 679/105/195 677/106/196 678/107/197
f 678/107/197 680/108/197 679/105/195
f 683/106/198 681/105/198 682/109/199
f 682/109/199 684/110/200 683/106/198
f 687/110/201 685/109/201 686/111/201
f 686/111/201 688/112/202 687/110/201
f 691/112/175 689/111/177 690/113/174
f 690/113/174 692/114/174 691/112/175
f 695/114/203 693/113/203 694/115/203
f 694/115/203 696/116/203 695/114/203
f 699/116/204 697/115/205 698/117/206
f 698/117/206 700/118/207 699/116/204
f 703/118/208 701/117/208 702/119/209
f 702/119/209 704/120/210 703/118/208
f 707/108/211 705/107/173 706/120/211
f 706/120/211 708/119/190 707/108/211
f 711/111/167 709/109/167 710/105/167
f 712/113/167 711/111/167 710/105/167
f 710/105/167 713/108/167 712/113/167
f 714/115/167 712/113/167 713/108/167
f 713/108/167 715/119/167 714/115/167
f 716/117/167 714/115/167 715/119/167
f 719/121/212 717/122/213 718/123/214
f 718/123/214 720/124/213 719/121/212
f 723/122/215 721/121/215 722/125/216
f 722/125/216 724/126/216 723/122/215
f 727/126/217 725/125/218 726/127/219
f 726/127/219 728/128/217 727/126/217
f 731/124/220 729/123/221 730/129/220
f 730/129/220 732/130/185 731/124/220
f 735/128/222 733/127/194 734/131/178
f 734/131/178 736/132/223 735/128/222
f 739/132/224 737/131/225 738/133/226
f 738/133/226 740/134/224 739/132/224
f 743/134/227 741/133/228 742/135/229
f 742/135/229 744/136/229 743/134/227
f 747/136/230 745/135/231 746/130/230
f 746/130/230 748/129/230 747/136/230
f 751/136/163 749/129/163 750/123/163
f 752/134/163 751/136/163 750/123/163
f 750/123/163 753/122/163 752/134/163
f 754/132/163 752/134/163 753/122/163
f 753/122/163 755/126/163 754/132/163
f 756/128/163 754/132/163 755/126/163
f 759/137/232 757/138/233 758/139/234
f 758/139/234 760/140/232 759/137/232
f 763/141/165 761/142/165 762/143/165
f 762/143/165 764/144/165 763/141/165
f 767/145/235 765/146/161 766/147/235
f 766/147/235 768/148/161 767/145/235
f 771/149/236 769/150/237 770/151/238
f 770/151/238 772/152/169 771/149/236
f 775/153/239 773/142/240 774/141/241
f 774/141/241 776/154/242 775/153/239
f 779/151/243 777/148/244 778/147/245
f 778/147/245 780/152/244 779/151/243
f 783/139/246 781/150/247 782/149/248
f 782/149/248 784/140/249 783/139/246
f 787/143/250 785/138/251 786/137/252
f 786/137/252 788/144/251 787/143/250
f 791/13/163 789/11/163 790/2/163
f 790/2/163 792/14/163 791/13/163
f 795/15/165 793/8/165 794/12/187
f 794/12/187 796/16/188 795/15/165
f 799/17/167 797/5/167 798/9/167
f 798/9/167 800/18/167 799/17/167
f 803/6/168 801/19/168 802/20/169
f 802/20/169 804/1/170 803/6/168
f 807/21/161 805/22/253 806/23/159
f 806/23/159 808/24/159 807/21/161
f 811/25/167 809/26/167 810/22/167
f 810/22/167 812/21/167 811/25/167
f 815/27/166 813/25/166 814/21/187
f 814/21/187 816/24/166 815/27/166
f 819/28/163 817/27/163 818/24/163
f 818/24/163 820/23/163 819/28/163
f 823/26/170 821/28/169 822/23/169
f 822/23/169 824/22/170 823/26/170
f 827/9/172 825/8/254 826/15/255
f 826/15/255 828/29/172 827/9/172
f 831/6/256 829/5/175 830/17/257
f 830/17/257 832/30/258 831/6/256
f 835/31/194 833/14/259 834/2/260
f 834/2/260 836/32/181 835/31/194
f 839/12/182 837/11/261 838/13/262
f 838/13/262 840/33/263 839/12/182
f 843/4/162 841/6/159 842/1/161
f 842/1/161 844/3/159 843/4/162
f 850/7/162 848/9/160 849/5/162
f 849/5/162 851/4/159 850/7/162
f 857/10/161 855/12/162 856/8/161
f 856/8/161 858/7/160 857/10/161
f 864/2/160 862/11/162 863/10/162
f 863/10/162 865/3/159 864/2/160
f 871/34/163 869/35/163 870/36/163
f 870/36/163 872/37/163 871/34/163
f 875/38/166 873/39/166 874/40/164
f 874/40/164 876/41/187 875/38/166
f 879/42/167 877/43/167 878/44/167
f 878/44/167 880/45/167 879/42/167
f 883/46/236 881/47/264 882/48/170
f 882/48/170 884/49/168 883/46/236
f 887/42/265 885/39/173 886/38/190
f 886/38/190 888/29/173 887/42/265
f 891/48/266 889/45/174 890/44/175
f 890/44/175 892/30/192 891/48/266
f 895/36/222 893/47/194 894/31/222
f 894/31/222 896/37/193 895/36/222
f 899/40/183 897/35/182 898/34/262
f 898/34/262 900/33/267 899/40/183
f 903/155/197 901/156/268 902/157/197
f 902/157/197 904/158/197 903/155/197
f 907/156/269 905/155/270 906/159/269
f 906/159/269 908/160/271 907/156/269
f 911/160/201 909/159/202 910/161/201
f 910/161/201 912/162/201 911/160/201
f 915/162/272 913/161/174 914/163/174
f 914/163/174 916/164/273 915/162/272
f 919/164/274 917/163/275 918/165/203
f 918/165/203 920/166/203 919/164/274
f 923/166/276 921/165/207 922/167/277
f 922/167/277 924/168/276 923/166/276
f 927/168/208 925/167/208 926/169/208
f 926/169/208 928/170/209 927/168/208
f 931/158/190 929/157/171 930/170/173
f 930/170/173 932/169/190 931/158/190
f 935/161/167 933/159/167 934/155/167
f 936/163/167 935/161/167 934/155/167
f 934/155/167 937/158/167 936/163/167
f 938/165/167 936/163/167 937/158/167
f 937/158/167 939/169/167 938/165/167
f 940/167/167 938/165/167 939/169/167
f 943/171/213 941/172/213 942/173/213
f 942/173/213 944/174/214 943/171/213
f 947/172/278 945/171/216 946/175/279
f 946/175/279 948/176/215 947/172/278
f 951/176/219 949/175/217 950/177/217
f 950/177/217 952/178/217 951/176/219
f 955/174/263 953/173/183 954/179/183
f 954/179/183 956/180/182 955/174/263
f 959/178/179 957/177/280 958/181/222
f 958/181/222 960/182/222 959/178/179
f 963/182/224 961/181/224 962/183/224
f 962/183/224 964/184/281 963/182/224
f 967/184/282 965/183/282 966/185/282
f 966/185/282 968/186/283 967/184/282
f 971/186/230 969/185/230 970/180/284
f 970/180/284 972/179/230 971/186/230
f 975/186/163 973/179/163 974/173/163
f 976/184/163 975/186/163 974/173/163
f 974/173/163 977/172/163 976/184/163
f 978/182/163 976/184/163 977/172/163
f 977/172/163 979/176/163 978/182/163
f 980/178/285 978/182/163 979/176/163
f 983/187/232 981/188/286 982/189/232
f 982/189/232 984/190/232 983/187/232
f 987/191/166 985/192/165 986/193/166
f 986/193/166 988/194/164 987/191/166
f 991/195/159 989/196/160 990/197/162
f 990/197/162 992/198/253 991/195/159
f 995/199/168 993/200/170 994/201/170
f 994/201/170 996/202/287 995/199/168
f 999/203/242 997/192/239 998/191/242
f 998/191/242 1000/204/241 999/203/242
f 1003/201/245 1001/198/245 1002/197/243
f 1002/197/243 1004/202/244 1003/201/245
f 1007/189/248 1005/200/288 1006/199/289
f 1006/199/289 1008/190/289 1007/189/248
f 1011/193/290 1009/188/290 1010/187/290
f 1010/187/290 1012/194/252 1011/193/290
f 1015/32/159 1013/98/291 1014/99/159
f 1014/99/159 1016/100/161 1015/32/159
f 1019/31/292 1017/33/293 1018/98/294
f 1018/98/294 1020/32/295 1019/31/292
f 1023/101/296 1021/29/296 1022/99/297
f 1022/99/297 1024/98/297 1023/101/296
f 1027/100/298 1025/99/299 1026/102/300
f 1026/102/300 1028/30/298 1027/100/298
f 1031/103/301 1029/104/302 1030/32/303
f 1030/32/303 1032/100/301 1031/103/301
f 1035/32/162 1033/98/291 1034/99/162
f 1034/99/162 1036/100/159 1035/32/162
f 1039/31/293 1037/33/293 1038/98/292
f 1038/98/292 1040/32/304 1039/31/293
f 1043/101/296 1041/29/305 1042/99/297
f 1042/99/297 1044/98/296 1043/101/296
f 1047/100/306 1045/99/300 1046/102/300
f 1046/102/300 1048/30/298 1047/100/306
f 1051/103/307 1049/104/302 1050/32/307
f 1050/32/307 1052/100/308 1051/103/307
f 1055/32/291 1053/98/162 1054/99/291
f 1054/99/291 1056/100/159 1055/32/291
f 1059/31/292 1057/33/293 1058/98/293
f 1058/98/293 1060/32/292 1059/31/292
f 1063/101/309 1061/29/310 1062/99/297
f 1062/99/297 1064/98/296 1063/101/309
f 1067/100/298 1065/99/300 1066/102/298
f 1066/102/298 1068/30/300 1067/100/298
f 1071/103/302 1069/104/311 1070/32/303
f 1070/32/303 1072/100/308 1071/103/302
f 1075/32/291 1073/98/291 1074/99/291
f 1074/99/291 1076/100/291 1075/32/291
f 1079/31/292 1077/33/292 1078/98/293
f 1078/98/293 1080/32/295 1079/31/292
f 1083/101/296 1081/29/297 1082/99/312
f 1082/99/312 1084/98/296 1083/101/296
f 1087/100/300 1085/99/298 1086/102/300
f 1086/102/300 1088/30/299 1087/100/300
f 1091/103/307 1089/104/303 1090/32/311
f 1090/32/311 1092/100/303 1091/103/307
f 1095/32/159 1093/98/161 1094/99/159
f 1094/99/159 1096/100/291 1095/32/159
f 1099/31/294 1097/33/294 1098/98/294
f 1098/98/294 1100/32/294 1099/31/294
f 1103/101/313 1101/29/296 1102/99/310
f 1102/99/310 1104/98/296 1103/101/313
f 1107/100/314 1105/99/298 1106/102/298
f 1106/102/298 1108/30/314 1107/100/314
f 1111/103/308 1109/104/311 1110/32/307
f 1110/32/307 1112/100/307 1111/103/308
f 1115/32/159 1113/98/291 1114/99/159
f 1114/99/159 1116/100/161 1115/32/159
f 1119/31/304 1117/33/293 1118/98/292
f 1118/98/292 1120/32/294 1119/31/304
f 1123/101/310 1121/29/296 1122/99/310
f 1122/99/310 1124/98/296 1123/101/310
f 1127/100/299 1125/99/314 1126/102/299
f 1126/102/299 1128/30/314 1127/100/299
f 1131/103/315 1129/104/303 1130/32/308
f 1130/32/308 1132/100/307 1131/103/315
f 1135/32/161 1133/98/159 1134/99/161
f 1134/99/161 1136/100/162 1135/32/161
f 1139/31/292 1137/33/292 1138/98/292
f 1138/98/292 1140/32/294 1139/31/292
f 1143/101/310 1141/29/296 1142/99/297
f 1142/99/297 1144/98/310 1143/101/310
f 1147/100/299 1145/99/314 1146/102/299
f 1146/102/299 1148/30/314 1147/100/299
f 1151/103/307 1149/104/307 1150/32/302
f 1150/32/302 1152/100/316 1151/103/307
f 1155/32/291 1153/98/291 1154/99/291
f 1154/99/291 1156/100/162 1155/32/291
f 1159/31/293 1157/33/293 1158/98/293
f 1158/98/293 1160/32/292 1159/31/293
f 1163/101/296 1161/29/317 1162/99/297
f 1162/99/297 1164/98/309 1163/101/296
f 1167/100/314 1165/99/300 1166/102/314
f 1166/102/314 1168/30/314 1167/100/314
f 1171/103/307 1169/104/315 1170/32/307
f 1170/32/307 1172/100/307 1171/103/307
f 1175/32/291 1173/98/291 1174/99/291
f 1174/99/291 1176/100/291 1175/32/291
f 1179/31/293 1177/33/293 1178/98/318
f 1178/98/318 1180/32/294 1179/31/293
f 1183/101/310 1181/29/310 1182/99/296
f 1182/99/296 1184/98/296 1183/101/310
f 1187/100/298 1185/99/306 1186/102/298
f 1186/102/298 1188/30/319 1187/100/298
f 1191/103/303 1189/104/303 1190/32/307
f 1190/32/307 1192/100/320 1191/103/303
f 1195/32/161 1193/98/159 1194/99/161
f 1194/99/161 1196/100/162 1195/32/161
f 1199/31/292 1197/33/293 1198/98/292
f 1198/98/292 1200/32/293 1199/31/292
f 1203/101/310 1201/29/296 1202/99/310
f 1202/99/310 1204/98/296 1203/101/310
f 1207/100/300 1205/99/319 1206/102/300
f 1206/102/300 1208/30/300 1207/100/300
f 1211/103/311 1209/104/315 1210/32/307
f 1210/32/307 1212/100/307 1211/103/311
f 1215/32/161 1213/98/159 1214/99/161
f 1214/99/161 1216/100/159 1215/32/161
f 1219/31/318 1217/33/292 1218/98/292
f 1218/98/292 1220/32/292 1219/31/318
f 1223/101/297 1221/29/317 1222/99/310
f 1222/99/310 1224/98/297 1223/101/297
f 1227/100/306 1225/99/298 1226/102/300
f 1226/102/300 1228/30/300 1227/100/306
f 1231/103/307 1229/104/315 1230/32/302
f 1230/32/302 1232/100/303 1231/103/307
f 1235/32/159 1233/98/161 1234/99/159
f 1234/99/159 1236/100/291 1235/32/159
f 1239/31/292 1237/33/292 1238/98/294
f 1238/98/294 1240/32/293 1239/31/292
f 1243/101/310 1241/29/297 1242/99/310
f 1242/99/310 1244/98/297 1243/101/310
f 1247/100/300 1245/99/298 1246/102/314
f 1246/102/314 1248/30/298 1247/100/300
f 1251/103/307 1249/104/311 1250/32/308
f 1250/32/308 1252/100/321 1251/103/307
f 1255/32/159 1253/98/159 1254/99/159
f 1254/99/159 1256/100/159 1255/32/159
f 1259/31/293 1257/33/294 1258/98/292
f 1258/98/292 1260/32/293 1259/31/293
f 1263/101/310 1261/29/309 1262/99/310
f 1262/99/310 1264/98/296 1263/101/310
f 1267/100/299 1265/99/298 1266/102/298
f 1266/102/298 1268/30/298 1267/100/299
f 1271/103/315 1269/104/302 1270/32/303
f 1270/32/303 1272/100/303 1271/103/315
f 1275/32/159 1273/98/159 1274/99/159
f 1274/99/159 1276/100/159 1275/32/159
f 1279/31/292 1277/33/293 1278/98/292
f 1278/98/292 1280/32/292 1279/31/292
f 1283/101/296 1281/29/296 1282/99/297
f 1282/99/297 1284/98/296 1283/101/296
f 1287/100/299 1285/99/298 1286/102/300
f 1286/102/300 1288/30/298 1287/100/299
f 1291/103/320 1289/104/311 1290/32/302
f 1290/32/302 1292/100/303 1291/103/320
f 1295/32/322 1293/98/159 1294/99/159
f 1294/99/159 1296/100/291 1295/32/322
f 1299/31/292 1297/33/318 1298/98/292
f 1298/98/292 1300/32/292 1299/31/292
f 1303/101/309 1301/29/310 1302/99/310
f 1302/99/310 1304/98/296 1303/101/309
f 1307/100/299 1305/99/298 1306/102/298
f 1306/102/298 1308/30/298 1307/100/299
f 1311/103/311 1309/104/302 1310/32/320
f 1310/32/320 1312/100/303 1311/103/311
f 1315/32/161 1313/98/160 1314/99/161
f 1314/99/161 1316/100/160 1315/32/161
f 1319/31/292 1317/33/293 1318/98/304
f 1318/98/304 1320/32/292 1319/31/292
f 1323/101/310 1321/29/297 1322/99/296
f 1322/99/296 1324/98/296 1323/101/310
f 1327/100/314 1325/99/299 1326/102/298
f 1326/102/298 1328/30/298 1327/100/314
f 1331/103/315 1329/104/302 1330/32/307
f 1330/32/307 1332/100/303 1331/103/315
f 1335/32/291 1333/98/161 1334/99/291
f 1334/99/291 1336/100/162 1335/32/291
f 1339/31/293 1337/33/293 1338/98/293
f 1338/98/293 1340/32/318 1339/31/293
f 1343/101/310 1341/29/296 1342/99/296
f 1342/99/296 1344/98/296 1343/101/310
f 1347/100/300 1345/99/298 1346/102/300
f 1346/102/300 1348/30/323 1347/100/300
f 1351/103/301 1349/104/308 1350/32/307
f 1350/32/307 1352/100/308 1351/103/301
f 1355/32/160 1353/98/161 1354/99/160
f 1354/99/160 1356/100/291 1355/32/160
f 1359/31/292 1357/33/293 1358/98/293
f 1358/98/293 1360/32/295 1359/31/292
f 1363/101/297 1361/29/296 1362/99/310
f 1362/99/310 1364/98/296 1363/101/297
f 1367/100/300 1365/99/300 1366/102/300
f 1366/102/300 1368/30/298 1367/100/300
f 1371/103/303 1369/104/301 1370/32/320
f 1370/32/320 1372/100/311 1371/103/303
f 1375/32/291 1373/98/161 1374/99/291
f 1374/99/291 1376/100/162 1375/32/291
f 1379/31/293 1377/33/294 1378/98/294
f 1378/98/294 1380/32/292 1379/31/293
f 1383/101/310 1381/29/296 1382/99/297
f 1382/99/297 1384/98/310 1383/101/310
f 1387/100/298 1385/99/300 1386/102/300
f 1386/102/300 1388/30/314 1387/100/298
f 1391/103/308 1389/104/315 1390/32/311
f 1390/32/311 1392/100/303 1391/103/308
f 1395/32/291 1393/98/161 1394/99/291
f 1394/99/291 1396/100/161 1395/32/291
f 1399/31/293 1397/33/294 1398/98/295
f 1398/98/295 1400/32/294 1399/31/293
f 1403/101/310 1401/29/310 1402/99/297
f 1402/99/297 1404/98/310 1403/101/310
f 1407/100/300 1405/99/300 1406/102/300
f 1406/102/300 1408/30/298 1407/100/300
f 1411/103/303 1409/104/301 1410/32/308
f 1410/32/308 1412/100/303 1411/103/303
f 1415/32/324 1413/98/159 1414/99/324
f 1414/99/324 1416/100/159 1415/32/324
f 1419/31/292 1417/33/292 1418/98/293
f 1418/98/293 1420/32/318 1419/31/292
f 1423/101/296 1421/29/296 1422/99/296
f 1422/99/296 1424/98/296 1423/101/296
f 1427/100/314 1425/99/298 1426/102/298
f 1426/102/298 1428/30/300 1427/100/314
f 1431/103/308 1429/104/303 1430/32/302
f 1430/32/302 1432/100/325 1431/103/308
f 1435/32/291 1433/98/161 1434/99/291
f 1434/99/291 1436/100/161 1435/32/291
f 1439/31/292 1437/33/293 1438/98/292
f 1438/98/292 1440/32/304 1439/31/292
f 1443/101/296 1441/29/297 1442/99/310
f 1442/99/310 1444/98/296 1443/101/296
f 1447/100/323 1445/99/300 1446/102/298
f 1446/102/298 1448/30/306 1447/100/323
f 1451/103/308 1449/104/302 1450/32/302
f 1450/32/302 1452/100/325 1451/103/308
f 1455/32/322 1453/98/159 1454/99/322
f 1454/99/322 1456/100/291 1455/32/322
f 1459/31/292 1457/33/293 1458/98/293
f 1458/98/293 1460/32/294 1459/31/292
f 1463/101/296 1461/29/296 1462/99/296
f 1462/99/296 1464/98/296 1463/101/296
f 1467/100/299 1465/99/300 1466/102/300
f 1466/102/300 1468/30/298 1467/100/299
f 1471/103/303 1469/104/303 1470/32/311
f 1470/32/311 1472/100/316 1471/103/303
f 1475/32/159 1473/98/159 1474/99/159
f 1474/99/159 1476/100/159 1475/32/159
f 1479/31/295 1477/33/293 1478/98/292
f 1478/98/292 1480/32/292 1479/31/295
f 1483/101/310 1481/29/296 1482/99/310
f 1482/99/310 1484/98/326 1483/101/310
f 1487/100/299 1485/99/300 1486/102/306
f 1486/102/306 1488/30/300 1487/100/299
f 1491/103/308 1489/104/320 1490/32/320
f 1490/32/320 1492/100/308 1491/103/308
f 1551/1/1 1549/2/1 1550/3/1
f 1558/4/1 1556/5/1 1557/6/1
f 1565/7/1 1563/8/1 1564/9/1
f 1572/10/1 1570/11/1 1571/12/1
f 1495/13/30 1493/11/327 1494/2/30
f 1494/2/30 1496/14/327 1495/13/30
f 1499/15/328 1497/8/22 1498/12/328
f 1498/12/328 1500/16/22 1499/15/328
f 1503/17/26 1501/5/329 1502/9/26
f 1502/9/26 1504/18/26 1503/17/26
f 1507/6/29 1505/19/330 1506/20/28
f 1506/20/28 1508/1/330 1507/6/29
f 1511/21/1 1509/22/1 1510/23/1
f 1510/23/1 1512/24/1 1511/21/1
f 1515/25/331 1513/26/331 1514/22/331
f 1514/22/331 1516/21/331 1515/25/331
f 1519/27/22 1517/25/65 1518/21/65
f 1518/21/65 1520/24/65 1519/27/22
f 1523/28/33 1521/27/327 1522/24/30
f 1522/24/30 1524/23/327 1523/28/33
f 1527/26/332 1525/28/29 1526/23/332
f 1526/23/332 1528/22/29 1527/26/332
f 1531/9/14 1529/8/67 1530/15/333
f 1530/15/333 1532/29/8 1531/9/14
f 1535/6/10 1533/5/12 1534/17/13
f 1534/17/13 1536/30/10 1535/6/10
f 1539/31/34 1537/14/18 1538/2/34
f 1538/2/34 1540/32/18 1539/31/34
f 1543/12/6 1541/11/36 1542/13/6
f 1542/13/6 1544/33/5 1543/12/6
f 1547/4/1 1545/6/1 1546/1/1
f 1546/1/1 1548/3/1 1547/4/1
f 1554/7/1 1552/9/1 1553/5/1
f 1553/5/1 1555/4/1 1554/7/1
f 1561/10/1 1559/12/1 1560/8/1
f 1560/8/1 1562/7/1 1561/10/1
f 1568/2/1 1566/11/1 1567/10/1
f 1567/10/1 1569/3/1 1568/2/1
f 1575/34/327 1573/35/334 1574/36/334
f 1574/36/334 1576/37/335 1575/34/327
f 1579/38/328 1577/39/23 1578/40/336
f 1578/40/336 1580/41/65 1579/38/328
f 1583/42/329 1581/43/24 1582/44/331
f 1582/44/331 1584/45/25 1583/42/329
f 1587/46/28 1585/47/337 1586/48/332
f 1586/48/332 1588/49/27 1587/46/28
f 1591/42/9 1589/39/338 1590/38/67
f 1590/38/67 1592/29/14 1591/42/9
f 1595/48/12 1593/45/13 1594/44/12
f 1594/44/12 1596/30/11 1595/48/12
f 1599/36/20 1597/47/339 1598/31/20
f 1598/31/20 1600/37/18 1599/36/20
f 1603/40/5 1601/35/4 1602/34/5
f 1602/34/5 1604/33/36 1603/40/5
f 1607/50/340 1605/51/340 1606/52/340
f 1606/52/340 1608/53/340 1607/50/340
f 1611/54/341 1609/55/342 1610/56/343
f 1610/56/343 1612/57/343 1611/54/341
f 1615/57/344 1613/58/345 1614/59/346
f 1614/59/346 1616/60/347 1615/57/344
f 1619/61/13 1617/62/89 1618/63/10
f 1618/63/10 1620/64/11 1619/61/13
f 1623/65/348 1621/66/349 1622/67/350
f 1622/67/350 1624/68/351 1623/65/348
f 1627/68/352 1625/67/352 1626/69/353
f 1626/69/353 1628/70/352 1627/68/352
f 1631/70/354 1629/71/355 1630/72/356
f 1630/72/356 1632/73/357 1631/70/354
f 1635/74/37 1633/52/338 1634/75/333
f 1634/75/333 1636/76/37 1635/74/37
f 1639/77/358 1637/56/331 1638/55/359
f 1640/66/359 1639/77/358 1638/55/359
f 1638/55/359 1641/74/25 1640/66/359
f 1642/67/331 1640/66/359 1641/74/25
f 1641/74/25 1643/76/26 1642/67/331
f 1644/69/42 1642/67/331 1643/76/26
f 1647/78/360 1645/79/361 1646/80/362
f 1646/80/362 1648/81/363 1647/78/360
f 1651/79/364 1649/78/365 1650/82/366
f 1650/82/366 1652/83/367 1651/79/364
f 1655/83/368 1653/82/368 1654/84/368
f 1654/84/368 1656/85/369 1655/83/368
f 1659/81/4 1657/80/36 1658/86/5
f 1658/86/5 1660/87/6 1659/81/4
f 1663/85/339 1661/84/339 1662/88/3
f 1662/88/3 1664/89/339 1663/85/339
f 1667/89/370 1665/88/371 1666/90/371
f 1666/90/371 1668/91/372 1667/89/370
f 1671/91/373 1669/90/374 1670/92/375
f 1670/92/375 1672/93/376 1671/91/373
f 1675/93/377 1673/92/377 1674/87/378
f 1674/87/378 1676/86/379 1675/93/377
f 1679/93/31 1677/86/78 1678/80/32
f 1680/91/44 1679/93/31 1678/80/32
f 1678/80/32 1681/79/33 1680/91/44
f 1682/89/32 1680/91/44 1681/79/33
f 1681/79/33 1683/83/31 1682/89/32
f 1684/85/30 1682/89/32 1683/83/31
f 1687/70/88 1685/92/88 1686/90/88
f 1686/90/88 1688/68/88 1687/70/88
f 1691/52/22 1689/81/65 1690/87/22
f 1690/87/22 1692/75/22 1691/52/22
f 1695/78/1 1693/54/1 1694/57/1
f 1694/57/1 1696/82/1 1695/78/1
f 1699/64/380 1697/88/337 1698/84/28
f 1698/84/28 1700/61/381 1699/64/380
f 1703/94/382 1701/81/383 1702/52/384
f 1702/52/384 1704/51/384 1703/94/382
f 1707/95/385 1705/82/386 1706/57/386
f 1706/57/386 1708/60/387 1707/95/385
f 1711/90/388 1709/96/389 1710/65/390
f 1710/65/390 1712/68/390 1711/90/388
f 1715/97/391 1713/92/392 1714/70/393
f 1714/70/393 1716/73/392 1715/97/391
f 1719/32/1 1717/98/1 1718/99/1
f 1718/99/1 1720/100/1 1719/32/1
f 1723/31/394 1721/33/394 1722/98/394
f 1722/98/394 1724/32/395 1723/31/394
f 1727/101/396 1725/29/397 1726/99/398
f 1726/99/398 1728/98/397 1727/101/396
f 1731/100/399 1729/99/400 1730/102/399
f 1730/102/399 1732/30/400 1731/100/399
f 1735/103/401 1733/104/402 1734/32/403
f 1734/32/403 1736/100/402 1735/103/401
f 1739/32/1 1737/98/1 1738/99/1
f 1738/99/1 1740/100/1 1739/32/1
f 1743/31/395 1741/33/395 1742/98/395
f 1742/98/395 1744/32/395 1743/31/395
f 1747/101/398 1745/29/404 1746/99/404
f 1746/99/404 1748/98/397 1747/101/398
f 1751/100/405 1749/99/400 1750/102/405
f 1750/102/405 1752/30/400 1751/100/405
f 1755/103/406 1753/104/403 1754/32/407
f 1754/32/407 1756/100/403 1755/103/406
f 1759/32/1 1757/98/1 1758/99/1
f 1758/99/1 1760/100/1 1759/32/1
f 1763/31/408 1761/33/395 1762/98/395
f 1762/98/395 1764/32/408 1763/31/408
f 1767/101/404 1765/29/397 1766/99/404
f 1766/99/404 1768/98/409 1767/101/404
f 1771/100/400 1769/99/405 1770/102/400
f 1770/102/400 1772/30/399 1771/100/400
f 1775/103/403 1773/104/403 1774/32/410
f 1774/32/410 1776/100/402 1775/103/403
f 1779/32/1 1777/98/1 1778/99/1
f 1778/99/1 1780/100/1 1779/32/1
f 1783/31/411 1781/33/408 1782/98/412
f 1782/98/412 1784/32/395 1783/31/411
f 1787/101/397 1785/29/404 1786/99/398
f 1786/99/398 1788/98/413 1787/101/397
f 1791/100/399 1789/99/399 1790/102/405
f 1790/102/405 1792/30/400 1791/100/399
f 1795/103/402 1793/104/402 1794/32/403
f 1794/32/403 1796/100/402 1795/103/402
f 1799/32/1 1797/98/1 1798/99/1
f 1798/99/1 1800/100/1 1799/32/1
f 1803/31/394 1801/33/395 1802/98/395
f 1802/98/395 1804/32/408 1803/31/394
f 1807/101/397 1805/29/398 1806/99/398
f 1806/99/398 1808/98/397 1807/101/397
f 1811/100/400 1809/99/400 1810/102/400
f 1810/102/400 1812/30/399 1811/100/400
f 1815/103/401 1813/104/401 1814/32/401
f 1814/32/401 1816/100/401 1815/103/401
f 1819/32/1 1817/98/1 1818/99/1
f 1818/99/1 1820/100/1 1819/32/1
f 1823/31/395 1821/33/394 1822/98/394
f 1822/98/394 1824/32/395 1823/31/395
f 1827/101/397 1825/29/398 1826/99/398
f 1826/99/398 1828/98/414 1827/101/397
f 1831/100/399 1829/99/399 1830/102/400
f 1830/102/400 1832/30/405 1831/100/399
f 1835/103/415 1833/104/410 1834/32/410
f 1834/32/410 1836/100/402 1835/103/415
f 1839/32/1 1837/98/1 1838/99/1
f 1838/99/1 1840/100/1 1839/32/1
f 1843/31/395 1841/33/412 1842/98/408
f 1842/98/408 1844/32/395 1843/31/395
f 1847/101/398 1845/29/397 1846/99/398
f 1846/99/398 1848/98/416 1847/101/398
f 1851/100/400 1849/99/399 1850/102/417
f 1850/102/417 1852/30/399 1851/100/400
f 1855/103/401 1853/104/402 1854/32/418
f 1854/32/418 1856/100/403 1855/103/401
f 1859/32/1 1857/98/1 1858/99/1
f 1858/99/1 1860/100/1 1859/32/1
f 1863/31/395 1861/33/408 1862/98/395
f 1862/98/395 1864/32/394 1863/31/395
f 1867/101/398 1865/29/397 1866/99/397
f 1866/99/397 1868/98/398 1867/101/398
f 1871/100/399 1869/99/400 1870/102/405
f 1870/102/405 1872/30/400 1871/100/399
f 1875/103/401 1873/104/403 1874/32/410
f 1874/32/410 1876/100/402 1875/103/401
f 1879/32/1 1877/98/1 1878/99/1
f 1878/99/1 1880/100/1 1879/32/1
f 1883/31/419 1881/33/420 1882/98/408
f 1882/98/408 1884/32/419 1883/31/419
f 1887/101/416 1885/29/397 1886/99/404
f 1886/99/404 1888/98/416 1887/101/416
f 1891/100/399 1889/99/399 1890/102/399
f 1890/102/399 1892/30/399 1891/100/399
f 1895/103/403 1893/104/402 1894/32/403
f 1894/32/403 1896/100/402 1895/103/403
f 1899/32/1 1897/98/1 1898/99/1
f 1898/99/1 1900/100/1 1899/32/1
f 1903/31/408 1901/33/408 1902/98/395
f 1902/98/395 1904/32/395 1903/31/408
f 1907/101/404 1905/29/397 1906/99/397
f 1906/99/397 1908/98/398 1907/101/404
f 1911/100/400 1909/99/400 1910/102/399
f 1910/102/399 1912/30/400 1911/100/400
f 1915/103/407 1913/104/407 1914/32/403
f 1914/32/403 1916/100/421 1915/103/407
f 1919/32/1 1917/98/1 1918/99/1
f 1918/99/1 1920/100/1 1919/32/1
f 1923/31/395 1921/33/395 1922/98/394
f 1922/98/394 1924/32/395 1923/31/395
f 1927/101/398 1925/29/398 1926/99/398
f 1926/99/398 1928/98/396 1927/101/398
f 1931/100/399 1929/99/405 1930/102/400
f 1930/102/400 1932/30/422 1931/100/399
f 1935/103/402 1933/104/407 1934/32/402
f 1934/32/402 1936/100/402 1935/103/402
f 1939/32/1 1937/98/1 1938/99/1
f 1938/99/1 1940/100/1 1939/32/1
f 1943/31/395 1941/33/395 1942/98/408
f 1942/98/408 1944/32/394 1943/31/395
f 1947/101/398 1945/29/404 1946/99/404
f 1946/99/404 1948/98/416 1947/101/398
f 1951/100/399 1949/99/399 1950/102/399
f 1950/102/399 1952/30/423 1951/100/399
f 1955/103/402 1953/104/403 1954/32/403
f 1954/32/403 1956/100/402 1955/103/402
f 1959/32/1 1957/98/1 1958/99/1
f 1958/99/1 1960/100/1 1959/32/1
f 1963/31/395 1961/33/395 1962/98/408
f 1962/98/408 1964/32/408 1963/31/395
f 1967/101/397 1965/29/398 1966/99/404
f 1966/99/404 1968/98/416 1967/101/397
f 1971/100/400 1969/99/424 1970/102/399
f 1970/102/399 1972/30/400 1971/100/400
f 1975/103/402 1973/104/403 1974/32/403
f 1974/32/403 1976/100/403 1975/103/402
f 1979/32/1 1977/98/1 1978/99/1
f 1978/99/1 1980/100/1 1979/32/1
f 1983/31/395 1981/33/420 1982/98/395
f 1982/98/395 1984/32/395 1983/31/395
f 1987/101/425 1985/29/398 1986/99/397
f 1986/99/397 1988/98/404 1987/101/425
f 1991/100/399 1989/99/399 1990/102/399
f 1990/102/399 1992/30/400 1991/100/399
f 1995/103/402 1993/104/403 1994/32/403
f 1994/32/403 1996/100/402 1995/103/402
f 1999/32/1 1997/98/1 1998/99/1
f 1998/99/1 2000/100/1 1999/32/1
f 2003/31/395 2001/33/395 2002/98/395
f 2002/98/395 2004/32/394 2003/31/395
f 2007/101/398 2005/29/396 2006/99/396
f 2006/99/396 2008/98/398 2007/101/398
f 2011/100/399 2009/99/400 2010/102/405
f 2010/102/405 2012/30/400 2011/100/399
f 2015/103/402 2013/104/401 2014/32/402
f 2014/32/402 2016/100/401 2015/103/402
f 2019/32/1 2017/98/1 2018/99/1
f 2018/99/1 2020/100/1 2019/32/1
f 2023/31/394 2021/33/394 2022/98/395
f 2022/98/395 2024/32/420 2023/31/394
f 2027/101/397 2025/29/397 2026/99/397
f 2026/99/397 2028/98/397 2027/101/397
f 2031/100/399 2029/99/400 2030/102/422
f 2030/102/422 2032/30/405 2031/100/399
f 2035/103/402 2033/104/401 2034/32/407
f 2034/32/407 2036/100/403 2035/103/402
f 2039/32/1 2037/98/1 2038/99/1
f 2038/99/1 2040/100/1 2039/32/1
f 2043/31/395 2041/33/395 2042/98/408
f 2042/98/408 2044/32/395 2043/31/395
f 2047/101/397 2045/29/397 2046/99/397
f 2046/99/397 2048/98/398 2047/101/397
f 2051/100/399 2049/99/424 2050/102/399
f 2050/102/399 2052/30/399 2051/100/399
f 2055/103/403 2053/104/406 2054/32/407
f 2054/32/407 2056/100/407 2055/103/403
f 2059/32/1 2057/98/1 2058/99/1
f 2058/99/1 2060/100/1 2059/32/1
f 2063/31/395 2061/33/394 2062/98/395
f 2062/98/395 2064/32/426 2063/31/395
f 2067/101/398 2065/29/397 2066/99/398
f 2066/99/398 2068/98/404 2067/101/398
f 2071/100/427 2069/99/405 2070/102/399
f 2070/102/399 2072/30/400 2071/100/427
f 2075/103/402 2073/104/401 2074/32/401
f 2074/32/401 2076/100/403 2075/103/402
f 2079/32/1 2077/98/1 2078/99/1
f 2078/99/1 2080/100/1 2079/32/1
f 2083/31/395 2081/33/395 2082/98/394
f 2082/98/394 2084/32/408 2083/31/395
f 2087/101/397 2085/29/398 2086/99/398
f 2086/99/398 2088/98/397 2087/101/397
f 2091/100/399 2089/99/399 2090/102/405
f 2090/102/405 2092/30/427 2091/100/399
f 2095/103/403 2093/104/402 2094/32/402
f 2094/32/402 2096/100/401 2095/103/403
f 2099/32/1 2097/98/1 2098/99/1
f 2098/99/1 2100/100/1 2099/32/1
f 2103/31/395 2101/33/395 2102/98/394
f 2102/98/394 2104/32/395 2103/31/395
f 2107/101/398 2105/29/398 2106/99/404
f 2106/99/404 2108/98/404 2107/101/398
f 2111/100/399 2109/99/399 2110/102/405
f 2110/102/405 2112/30/399 2111/100/399
f 2115/103/402 2113/104/403 2114/32/402
f 2114/32/402 2116/100/403 2115/103/402
f 2119/32/1 2117/98/1 2118/99/1
f 2118/99/1 2120/100/1 2119/32/1
f 2123/31/395 2121/33/408 2122/98/408
f 2122/98/408 2124/32/394 2123/31/395
f 2127/101/416 2125/29/404 2126/99/398
f 2126/99/398 2128/98/397 2127/101/416
f 2131/100/400 2129/99/400 2130/102/405
f 2130/102/405 2132/30/405 2131/100/400
f 2135/103/402 2133/104/402 2134/32/401
f 2134/32/401 2136/100/403 2135/103/402
f 2139/32/1 2137/98/1 2138/99/1
f 2138/99/1 2140/100/1 2139/32/1
f 2143/31/395 2141/33/394 2142/98/395
f 2142/98/395 2144/32/408 2143/31/395
f 2147/101/398 2145/29/398 2146/99/398
f 2146/99/398 2148/98/398 2147/101/398
f 2151/100/405 2149/99/405 2150/102/405
f 2150/102/405 2152/30/428 2151/100/405
f 2155/103/402 2153/104/403 2154/32/410
f 2154/32/410 2156/100/402 2155/103/402
f 2159/32/1 2157/98/1 2158/99/1
f 2158/99/1 2160/100/1 2159/32/1
f 2163/31/394 2161/33/395 2162/98/429
f 2162/98/429 2164/32/426 2163/31/394
f 2167/101/398 2165/29/398 2166/99/397
f 2166/99/397 2168/98/398 2167/101/398
f 2171/100/400 2169/99/405 2170/102/399
f 2170/102/399 2172/30/399 2171/100/400
f 2175/103/402 2173/104/401 2174/32/415
f 2174/32/415 2176/100/402 2175/103/402
f 2179/32/1 2177/98/1 2178/99/1
f 2178/99/1 2180/100/1 2179/32/1
f 2183/31/429 2181/33/395 2182/98/395
f 2182/98/395 2184/32/395 2183/31/429
f 2187/101/404 2185/29/396 2186/99/416
f 2186/99/416 2188/98/404 2187/101/404
f 2191/100/405 2189/99/399 2190/102/400
f 2190/102/400 2192/30/399 2191/100/405
f 2195/103/403 2193/104/403 2194/32/403
f 2194/32/403 2196/100/403 2195/103/403
f 2199/32/430 2197/98/431 2198/99/431
f 2198/99/431 2200/100/431 2199/32/430
f 2203/31/432 2201/33/433 2202/98/434
f 2202/98/434 2204/32/435 2203/31/432
f 2207/101/436 2205/29/436 2206/99/436
f 2206/99/436 2208/98/436 2207/101/436
f 2211/100/437 2209/99/438 2210/102/438
f 2210/102/438 2212/30/437 2211/100/437
f 2215/103/439 2213/104/440 2214/32/439
f 2214/32/439 2216/100/441 2215/103/439
f 2219/32/442 2217/98/430 2218/99/442
f 2218/99/442 2220/100/431 2219/32/442
f 2223/31/443 2221/33/443 2222/98/433
f 2222/98/433 2224/32/444 2223/31/443
f 2227/101/436 2225/29/436 2226/99/436
f 2226/99/436 2228/98/436 2227/101/436
f 2231/100/445 2229/99/446 2230/102/437
f 2230/102/437 2232/30/445 2231/100/445
f 2235/103/439 2233/104/439 2234/32/439
f 2234/32/439 2236/100/441 2235/103/439
f 2239/32/447 2237/98/447 2238/99/447
f 2238/99/447 2240/100/447 2239/32/447
f 2243/31/432 2241/33/432 2242/98/433
f 2242/98/433 2244/32/435 2243/31/432
f 2247/101/436 2245/29/436 2246/99/436
f 2246/99/436 2248/98/436 2247/101/436
f 2251/100/448 2249/99/438 2250/102/437
f 2250/102/437 2252/30/437 2251/100/448
f 2255/103/449 2253/104/439 2254/32/440
f 2254/32/440 2256/100/439 2255/103/449
f 2259/32/450 2257/98/430 2258/99/447
f 2258/99/447 2260/100/447 2259/32/450
f 2263/31/435 2261/33/443 2262/98/443
f 2262/98/443 2264/32/435 2263/31/435
f 2267/101/451 2265/29/436 2266/99/436
f 2266/99/436 2268/98/452 2267/101/451
f 2271/100/446 2269/99/437 2270/102/437
f 2270/102/437 2272/30/453 2271/100/446
f 2275/103/439 2273/104/439 2274/32/454
f 2274/32/454 2276/100/455 2275/103/439
f 2279/32/430 2277/98/447 2278/99/430
f 2278/99/430 2280/100/430 2279/32/430
f 2283/31/432 2281/33/433 2282/98/435
f 2282/98/435 2284/32/456 2283/31/432
f 2287/101/457 2285/29/458 2286/99/458
f 2286/99/458 2288/98/436 2287/101/457
f 2291/100/445 2289/99/437 2290/102/438
f 2290/102/438 2292/30/438 2291/100/445
f 2295/103/439 2293/104/459 2294/32/441
f 2294/32/441 2296/100/441 2295/103/439
f 2299/32/442 2297/98/431 2298/99/460
f 2298/99/460 2300/100/431 2299/32/442
f 2303/31/435 2301/33/435 2302/98/433
f 2302/98/433 2304/32/433 2303/31/435
f 2307/101/436 2305/29/458 2306/99/458
f 2306/99/458 2308/98/436 2307/101/436
f 2311/100/446 2309/99/438 2310/102/438
f 2310/102/438 2312/30/461 2311/100/446
f 2315/103/440 2313/104/441 2314/32/439
f 2314/32/439 2316/100/440 2315/103/440
f 2319/32/447 2317/98/447 2318/99/447
f 2318/99/447 2320/100/442 2319/32/447
f 2323/31/443 2321/33/435 2322/98/435
f 2322/98/435 2324/32/435 2323/31/443
f 2327/101/457 2325/29/436 2326/99/436
f 2326/99/436 2328/98/457 2327/101/457
f 2331/100/438 2329/99/437 2330/102/446
f 2330/102/446 2332/30/438 2331/100/438
f 2335/103/439 2333/104/441 2334/32/462
f 2334/32/462 2336/100/439 2335/103/439
f 2339/32/431 2337/98/431 2338/99/431
f 2338/99/431 2340/100/430 2339/32/431
f 2343/31/433 2341/33/435 2342/98/435
f 2342/98/435 2344/32/435 2343/31/433
f 2347/101/451 2345/29/463 2346/99/436
f 2346/99/436 2348/98/436 2347/101/451
f 2351/100/445 2349/99/453 2350/102/437
f 2350/102/437 2352/30/437 2351/100/445
f 2355/103/440 2353/104/439 2354/32/439
f 2354/32/439 2356/100/455 2355/103/440
f 2359/32/430 2357/98/430 2358/99/430
f 2358/99/430 2360/100/460 2359/32/430
f 2363/31/432 2361/33/435 2362/98/443
f 2362/98/443 2364/32/456 2363/31/432
f 2367/101/451 2365/29/436 2366/99/436
f 2366/99/436 2368/98/436 2367/101/451
f 2371/100/453 2369/99/438 2370/102/446
f 2370/102/446 2372/30/438 2371/100/453
f 2375/103/439 2373/104/439 2374/32/441
f 2374/32/441 2376/100/439 2375/103/439
f 2379/32/447 2377/98/431 2378/99/442
f 2378/99/442 2380/100/431 2379/32/447
f 2383/31/443 2381/33/443 2382/98/443
f 2382/98/443 2384/32/443 2383/31/443
f 2387/101/436 2385/29/457 2386/99/457
f 2386/99/457 2388/98/436 2387/101/436
f 2391/100/464 2389/99/465 2390/102/465
f 2390/102/465 2392/30/438 2391/100/464
f 2395/103/439 2393/104/455 2394/32/455
f 2394/32/455 2396/100/440 2395/103/439
f 2399/32/447 2397/98/447 2398/99/447
f 2398/99/447 2400/100/447 2399/32/447
f 2403/31/433 2401/33/435 2402/98/435
f 2402/98/435 2404/32/443 2403/31/433
f 2407/101/452 2405/29/436 2406/99/457
f 2406/99/457 2408/98/436 2407/101/452
f 2411/100/461 2409/99/438 2410/102/465
f 2410/102/465 2412/30/466 2411/100/461
f 2415/103/440 2413/104/440 2414/32/440
f 2414/32/440 2416/100/455 2415/103/440
f 2419/32/442 2417/98/447 2418/99/430
f 2418/99/430 2420/100/430 2419/32/442
f 2423/31/467 2421/33/435 2422/98/443
f 2422/98/443 2424/32/435 2423/31/467
f 2427/101/436 2425/29/436 2426/99/468
f 2426/99/468 2428/98/436 2427/101/436
f 2431/100/438 2429/99/437 2430/102/464
f 2430/102/464 2432/30/437 2431/100/438
f 2435/103/440 2433/104/469 2434/32/439
f 2434/32/439 2436/100/441 2435/103/440
