# Blender 5.1.1
# www.blender.org
o w9a02_metal854
v -4.740089 0.205953 2.625196
v -4.777991 0.208369 2.642049
v -4.742933 0.204354 2.619915
v -4.780240 0.206678 2.636460
v -4.689264 0.190668 2.601687
v -4.692049 0.189236 2.596393
v -4.616579 0.154840 2.563451
v -4.620233 0.153693 2.558691
v -4.536344 0.111588 2.494429
v -4.540804 0.110738 2.490278
v -4.460540 0.077153 2.393364
v -4.465559 0.076507 2.389788
v -4.383637 0.059494 2.265333
v -4.389053 0.058964 2.262418
v -4.419725 0.037280 1.257006
v -4.320230 0.039875 1.493250
v -4.425539 0.036936 1.259225
v -4.326146 0.039518 1.494853
v -4.520275 0.039876 1.049915
v -4.526054 0.039537 1.052261
v -4.589425 0.040592 0.890805
v -4.595279 0.040254 0.892935
v -4.640310 0.039878 0.720604
v -4.646290 0.039540 0.722349
v -4.691638 0.039616 0.484027
v -4.697720 0.039277 0.485392
v -4.738802 0.039879 0.218858
v -4.744947 0.039540 0.219956
v -4.774827 0.040215 -0.025098
v -4.780995 0.039876 -0.024109
v -4.806543 0.039878 -0.243013
v -4.812722 0.039539 -0.242102
v -4.840039 0.038723 -0.440081
v -4.846231 0.038376 -0.439310
v -4.864619 0.039318 -0.616600
v -4.870782 0.038902 -0.615793
v -5.099620 0.295003 -0.974378
v -5.024843 0.253795 -0.964914
v -5.101228 0.291032 -0.970085
v -5.027731 0.250492 -0.961015
v -5.161817 0.306387 -0.977053
v -5.162491 0.302100 -0.972655
v -5.205389 0.309431 -0.977389
v -5.205591 0.305029 -0.972967
v -5.234645 0.310128 -0.977052
v -5.234683 0.305705 -0.972628
v -5.255949 0.310262 -0.976827
v -5.255939 0.305837 -0.972402
v -5.273541 0.310281 -0.976750
v -5.273528 0.305857 -0.972325
v -4.745603 0.200993 2.615457
v -4.782183 0.203208 2.631629
v -4.694877 0.186054 2.591967
v -4.623947 0.150791 2.554790
v -4.545259 0.108109 2.486902
v -4.470434 0.074031 2.386804
v -4.394184 0.056557 2.259885
v -4.430959 0.034679 1.261327
v -4.331653 0.037249 1.496398
v -4.531452 0.037285 1.054462
v -4.600749 0.038002 0.894928
v -4.651875 0.037288 0.723986
v -4.703401 0.037024 0.486672
v -4.750687 0.037286 0.220982
v -4.786757 0.037622 -0.023182
v -4.818494 0.037286 -0.241253
v -4.852022 0.036123 -0.438630
v -4.876585 0.036634 -0.615247
v -5.103057 0.285953 -0.967378
v -5.030872 0.246043 -0.958652
v -5.163280 0.296681 -0.969846
v -5.205846 0.299478 -0.970130
v -5.234750 0.300132 -0.969786
v -5.255945 0.300262 -0.969561
v -5.273519 0.300281 -0.969485
v -4.747837 0.196200 2.612258
v -4.783631 0.198299 2.628029
v -4.697470 0.181433 2.588841
v -4.627359 0.146419 2.552131
v -4.549273 0.103957 2.484632
v -4.474689 0.069968 2.384704
v -4.398525 0.052509 2.257982
v -4.435455 0.030730 1.263108
v -4.336213 0.033289 1.497733
v -4.535938 0.033338 1.056302
v -4.605299 0.034057 0.896589
v -4.656520 0.033342 0.725353
v -4.708125 0.033078 0.487741
v -4.755460 0.033339 0.221838
v -4.791549 0.033675 -0.022408
v -4.823295 0.033340 -0.240548
v -4.856846 0.032184 -0.438107
v -4.881457 0.032736 -0.615017
v -5.104927 0.280264 -0.966523
v -5.033959 0.240884 -0.958054
v -5.164108 0.290660 -0.968898
v -5.206129 0.293324 -0.969154
v -5.234840 0.293954 -0.968807
v -5.255967 0.294082 -0.968582
v -5.273516 0.294101 -0.968506
v -4.749417 0.190444 2.610631
v -4.784442 0.192431 2.626013
v -4.699576 0.175824 2.587322
v -4.630134 0.141005 2.550974
v -4.552451 0.098689 2.483689
v -4.477906 0.064716 2.383694
v -4.401653 0.047214 2.256895
v -4.438588 0.025475 1.264393
v -4.339378 0.028028 1.498729
v -4.539076 0.028085 1.057600
v -4.608484 0.028803 0.897756
v -4.659769 0.028088 0.726318
v -4.711429 0.027824 0.488494
v -4.758801 0.028085 0.222439
v -4.794902 0.028421 -0.021864
v -4.826654 0.028086 -0.240057
v -4.860231 0.026945 -0.437794
v -4.884923 0.027590 -0.615124
v -5.106655 0.274521 -0.967603
v -5.036690 0.235521 -0.959281
v -5.164891 0.284627 -0.969906
v -5.206411 0.287167 -0.970136
v -5.234944 0.287776 -0.969786
v -5.256002 0.287902 -0.969561
v -5.273519 0.287921 -0.969485
v -4.750189 0.184288 2.610735
v -4.784537 0.186178 2.625778
v -4.700987 0.169778 2.587559
v -4.632000 0.135078 2.551431
v -4.554484 0.092820 2.484166
v -4.479772 0.058789 2.383873
v -4.403262 0.041193 2.256731
v -4.440050 0.019429 1.265056
v -4.340838 0.021979 1.499287
v -4.540557 0.022039 1.058230
v -4.609991 0.022757 0.898314
v -4.661304 0.022042 0.726785
v -4.712991 0.021777 0.488858
v -4.760380 0.022038 0.222725
v -4.796487 0.022373 -0.021601
v -4.828243 0.022039 -0.239828
v -4.861845 0.020918 -0.437720
v -4.886642 0.021700 -0.615558
v -5.108073 0.269287 -0.970513
v -5.038796 0.230478 -0.962213
v -5.165554 0.279173 -0.972770
v -5.206666 0.281611 -0.972979
v -5.235053 0.282203 -0.972626
v -5.256047 0.282327 -0.972401
v -5.273528 0.282345 -0.972325
v -4.750076 0.178335 2.612561
v -4.783906 0.180154 2.627347
v -4.701566 0.163886 2.589529
v -4.632775 0.129219 2.553459
v -4.555171 0.086925 2.486016
v -4.480102 0.052767 2.385223
v -4.403193 0.035033 2.257505
v -4.439699 0.013183 1.265033
v -4.340452 0.015735 1.499353
v -4.540236 0.015791 1.058130
v -4.609673 0.016509 0.898210
v -4.660976 0.015794 0.726710
v -4.712657 0.015529 0.488797
v -4.760045 0.015789 0.222671
v -4.796151 0.016125 -0.021647
v -4.827907 0.015792 -0.239884
v -4.861530 0.014695 -0.437892
v -4.886448 0.015642 -0.616277
v -5.109041 0.265073 -0.974967
v -5.040072 0.226249 -0.966562
v -5.166032 0.274830 -0.977211
v -5.206869 0.277199 -0.977405
v -5.235155 0.277780 -0.977050
v -5.256098 0.277903 -0.976826
v -5.273541 0.277921 -0.976750
v -4.749091 0.173168 2.615928
v -4.782611 0.174947 2.630566
v -4.701256 0.158724 2.593038
v -4.632384 0.124001 2.556859
v -4.554447 0.081580 2.489059
v -4.478865 0.047239 2.387613
v -4.401453 0.029339 2.259143
v -4.437569 0.007350 1.264325
v -4.338255 0.009907 1.498921
v -4.538146 0.009954 1.057310
v -4.607561 0.010671 0.897452
v -4.658815 0.009956 0.726098
v -4.710460 0.009691 0.488317
v -4.757827 0.009952 0.222279
v -4.793925 0.010288 -0.021996
v -4.825679 0.009954 -0.240218
v -4.859318 0.008883 -0.438294
v -4.884359 0.010009 -0.617210
v -5.109465 0.262293 -0.980529
v -5.040393 0.223247 -0.971902
v -5.166279 0.272025 -0.982792
v -5.206999 0.274364 -0.982981
v -5.235240 0.274939 -0.982625
v -5.256149 0.275062 -0.982401
v -5.273558 0.275080 -0.982325
v -4.747328 0.169291 2.620509
v -4.780778 0.171067 2.635121
v -4.700087 0.154798 2.597743
v -4.630863 0.119935 2.561297
v -4.552382 0.077310 2.492996
v -4.476182 0.042747 2.390807
v -4.398213 0.024667 2.261483
v -4.433868 0.002499 1.263002
v -4.334465 0.005065 1.498032
v -4.534489 0.005099 1.055850
v -4.603863 0.005814 0.896115
v -4.655035 0.005099 0.725011
v -4.706615 0.004835 0.487464
v -4.753945 0.005097 0.221590
v -4.790027 0.005433 -0.022615
v -4.821775 0.005099 -0.240798
v -4.855424 0.004051 -0.438887
v -4.880579 0.005352 -0.618266
v -5.109303 0.261219 -0.986656
v -5.039728 0.221768 -0.977712
v -5.166269 0.271031 -0.988970
v -5.207044 0.273383 -0.989161
v -5.235300 0.273960 -0.988805
v -5.256196 0.274083 -0.988581
v -5.273577 0.274101 -0.988506
v -4.747328 0.169291 2.620509
v -4.780778 0.171067 2.635121
v -4.744962 0.167086 2.625854
v -4.778588 0.168894 2.640565
v -4.700087 0.154798 2.597743
v -4.698174 0.152493 2.603184
v -4.630863 0.119935 2.561297
v -4.628363 0.117420 2.566340
v -4.552382 0.077310 2.492996
v -4.549177 0.074532 2.497442
v -4.476182 0.042747 2.390807
v -4.472317 0.039730 2.394494
v -4.398213 0.024667 2.261483
v -4.393791 0.021475 2.264297
v -4.433868 0.002499 1.263002
v -4.334465 0.005065 1.498032
v -4.428958 -0.000895 1.261194
v -4.329451 0.001684 1.496775
v -4.534489 0.005099 1.055850
v -4.529625 0.001701 1.053893
v -4.603863 0.005814 0.896115
v -4.598939 0.002415 0.894331
v -4.655035 0.005099 0.725011
v -4.650005 0.001700 0.723554
v -4.706615 0.004835 0.487464
v -4.701499 0.001437 0.486324
v -4.753945 0.005097 0.221590
v -4.748777 0.001698 0.220670
v -4.790027 0.005433 -0.022615
v -4.784839 0.002035 -0.023442
v -4.821775 0.005099 -0.240798
v -4.816579 0.001700 -0.241568
v -4.855424 0.004051 -0.438887
v -4.850231 0.000674 -0.439612
v -4.880579 0.005352 -0.618266
v -4.875478 0.002128 -0.619341
v -5.109303 0.261219 -0.986656
v -5.039728 0.221768 -0.977712
v -5.108570 0.261955 -0.992747
v -5.038141 0.221955 -0.983422
v -5.166269 0.271031 -0.988970
v -5.166005 0.271947 -0.995137
v -5.207044 0.273383 -0.989161
v -5.206999 0.274351 -0.995339
v -5.235300 0.273960 -0.988805
v -5.235329 0.274938 -0.994985
v -5.256196 0.274083 -0.988581
v -5.256234 0.275062 -0.994761
v -5.273577 0.274101 -0.988506
v -5.273596 0.275080 -0.994686
v -4.742222 0.166767 2.631441
v -4.776255 0.168640 2.646365
v -4.695704 0.152034 2.608827
v -4.625128 0.116700 2.571494
v -4.545146 0.073519 2.501962
v -4.467646 0.038484 2.398313
v -4.388618 0.020076 2.267309
v -4.423321 -0.002498 1.259076
v -4.323704 0.000094 1.495271
v -4.524030 0.000093 1.051631
v -4.593273 0.000805 0.892274
v -4.644217 0.000091 0.721871
v -4.695611 -0.000172 0.485006
v -4.742830 0.000090 0.219609
v -4.778869 0.000427 -0.024397
v -4.810600 0.000092 -0.242452
v -4.844245 -0.000919 -0.440398
v -4.869556 0.000651 -0.620331
v -5.107340 0.264430 -0.998207
v -5.035788 0.223790 -0.988474
v -5.165511 0.274682 -1.000691
v -5.206870 0.277175 -1.000912
v -5.235324 0.277778 -1.000560
v -5.256259 0.277903 -1.000337
v -5.273612 0.277921 -1.000261
v -4.739379 0.168367 2.636721
v -4.774006 0.170331 2.651954
v -4.692918 0.153465 2.614121
v -4.621474 0.117847 2.576254
v -4.540686 0.074368 2.506113
v -4.462627 0.039131 2.401889
v -4.383201 0.020605 2.270225
v -4.417508 -0.002154 1.256858
v -4.317788 0.000452 1.493668
v -4.518250 0.000432 1.049285
v -4.587419 0.001143 0.890144
v -4.638237 0.000429 0.720125
v -4.689529 0.000167 0.483641
v -4.736686 0.000430 0.218512
v -4.772701 0.000766 -0.025387
v -4.804421 0.000430 -0.243363
v -4.838053 -0.000572 -0.441169
v -4.863392 0.001067 -0.621138
v -5.105731 0.268401 -1.002500
v -5.032899 0.227094 -0.992372
v -5.164836 0.278968 -1.005089
v -5.206668 0.281578 -1.005333
v -5.235287 0.282200 -1.004985
v -5.256269 0.282327 -1.004761
v -5.273626 0.282345 -1.004686
v -4.736710 0.171727 2.641179
v -4.772063 0.173801 2.656785
v -4.690090 0.156647 2.618548
v -4.617760 0.120749 2.580155
v -4.536231 0.076997 2.509489
v -4.457752 0.041607 2.404873
v -4.378070 0.023012 2.272758
v -4.412088 0.000103 1.254756
v -4.312280 0.002721 1.492124
v -4.512853 0.002685 1.047084
v -4.581948 0.003395 0.888151
v -4.632652 0.002681 0.718488
v -4.683849 0.002420 0.482361
v -4.730946 0.002683 0.217485
v -4.766939 0.003020 -0.026313
v -4.798649 0.002683 -0.244213
v -4.832262 0.001681 -0.441849
v -4.857590 0.003335 -0.621683
v -5.103903 0.273480 -1.005207
v -5.029758 0.231543 -0.994735
v -5.164047 0.284387 -1.007899
v -5.206413 0.287128 -1.008171
v -5.235220 0.287773 -1.007826
v -5.256262 0.287902 -1.007602
v -5.273635 0.287921 -1.007527
v -4.734476 0.176520 2.644378
v -4.770615 0.178711 2.660385
v -4.687497 0.161269 2.621673
v -4.614348 0.125121 2.582814
v -4.532218 0.081149 2.511760
v -4.453497 0.045669 2.406973
v -4.373729 0.027061 2.274661
v -4.407592 0.004052 1.252975
v -4.307721 0.006680 1.490788
v -4.508366 0.006631 1.045245
v -4.577398 0.007341 0.886490
v -4.628007 0.006627 0.717121
v -4.679124 0.006366 0.481292
v -4.726173 0.006630 0.216629
v -4.762147 0.006967 -0.027087
v -4.793849 0.006629 -0.244917
v -4.827438 0.005620 -0.442372
v -4.852718 0.007233 -0.621914
v -5.102033 0.279170 -1.006062
v -5.026671 0.236702 -0.995333
v -5.163220 0.290408 -1.008846
v -5.206131 0.293283 -1.009146
v -5.235130 0.293951 -1.008805
v -5.256240 0.294082 -1.008581
v -5.273638 0.294101 -1.008505
v -4.732895 0.182276 2.646005
v -4.769804 0.184579 2.662401
v -4.685391 0.166877 2.623192
v -4.611573 0.130535 2.583971
v -4.529039 0.086418 2.512702
v -4.450280 0.050922 2.407983
v -4.370601 0.032356 2.275748
v -4.404459 0.009307 1.251690
v -4.304556 0.011942 1.489793
v -4.505229 0.011884 1.043946
v -4.574214 0.012594 0.885323
v -4.624759 0.011881 0.716156
v -4.675820 0.011620 0.480539
v -4.722832 0.011884 0.216029
v -4.758794 0.012221 -0.027632
v -4.790489 0.011883 -0.245408
v -4.824053 0.010859 -0.442685
v -4.849252 0.012379 -0.621807
v -5.100305 0.284912 -1.004982
v -5.023941 0.242065 -0.994106
v -5.162437 0.296441 -1.007838
v -5.205848 0.299439 -1.008165
v -5.235025 0.300129 -1.007827
v -5.256206 0.300262 -1.007602
v -5.273635 0.300281 -1.007527
v -4.732123 0.188432 2.645901
v -4.769709 0.190831 2.662636
v -4.683980 0.172923 2.622955
v -4.609707 0.136462 2.583513
v -4.527007 0.092287 2.512225
v -4.448415 0.056849 2.407804
v -4.368993 0.038377 2.275912
v -4.402997 0.015353 1.251027
v -4.303096 0.017991 1.489235
v -4.503747 0.017931 1.043316
v -4.572708 0.018641 0.884765
v -4.623223 0.017928 0.715689
v -4.674258 0.017667 0.480175
v -4.721252 0.017932 0.215742
v -4.757209 0.018268 -0.027894
v -4.788899 0.017930 -0.245637
v -4.822439 0.016886 -0.442760
v -4.847532 0.018269 -0.621372
v -5.098887 0.290147 -1.002073
v -5.021835 0.247108 -0.991174
v -5.161774 0.301896 -1.004974
v -5.205593 0.304995 -1.005322
v -5.234917 0.305703 -1.004987
v -5.256160 0.305837 -1.004762
v -5.273626 0.305857 -1.004686
v -4.732236 0.194386 2.644075
v -4.770340 0.196855 2.661067
v -4.683402 0.178816 2.620986
v -4.608932 0.142321 2.581486
v -4.526319 0.098182 2.510375
v -4.448084 0.062871 2.406454
v -4.369062 0.044536 2.275137
v -4.403348 0.021599 1.251050
v -4.303483 0.024235 1.489168
v -4.504068 0.024178 1.043416
v -4.573025 0.024889 0.884869
v -4.623551 0.024176 0.715765
v -4.674592 0.023915 0.480237
v -4.721588 0.024180 0.215797
v -4.757545 0.024516 -0.027848
v -4.789236 0.024178 -0.245582
v -4.822753 0.023109 -0.442587
v -4.847726 0.024327 -0.620654
v -5.097919 0.294360 -0.997618
v -5.020558 0.251337 -0.986825
v -5.161295 0.306238 -1.000534
v -5.205390 0.309407 -1.000896
v -5.234815 0.310126 -1.000563
v -5.256109 0.310262 -1.000337
v -5.273612 0.310281 -1.000261
v -4.733222 0.199553 2.640708
v -4.771635 0.202062 2.657848
v -4.683712 0.183977 2.617477
v -4.609323 0.147539 2.578086
v -4.527043 0.103526 2.507332
v -4.449321 0.068399 2.404064
v -4.370801 0.050231 2.273499
v -4.405478 0.027433 1.251758
v -4.305679 0.030063 1.489601
v -4.506159 0.030015 1.044236
v -4.575137 0.030727 0.885627
v -4.625711 0.030014 0.716376
v -4.676789 0.029753 0.480717
v -4.723805 0.030017 0.216188
v -4.759772 0.030354 -0.027499
v -4.791464 0.030015 -0.245247
v -4.824965 0.028921 -0.442185
v -4.849816 0.029960 -0.619720
v -5.097496 0.297140 -0.992056
v -5.020237 0.254338 -0.981484
v -5.161049 0.309044 -0.994952
v -5.205260 0.312242 -0.995320
v -5.234730 0.312966 -0.994987
v -5.256058 0.313102 -0.994762
v -5.273596 0.313122 -0.994686
v -4.734984 0.203429 2.636127
v -4.773468 0.205942 2.653293
v -4.684880 0.187903 2.612772
v -4.610843 0.151605 2.573647
v -4.529109 0.107796 2.503395
v -4.452003 0.072891 2.400870
v -4.374041 0.054902 2.271159
v -4.409179 0.032284 1.253081
v -4.309469 0.034904 1.490489
v -4.509815 0.034870 1.045696
v -4.578835 0.035583 0.886963
v -4.629492 0.034870 0.717463
v -4.680634 0.034609 0.481569
v -4.727688 0.034873 0.216877
v -4.763669 0.035209 -0.026880
v -4.795368 0.034871 -0.244667
v -4.828859 0.033752 -0.441592
v -4.853596 0.034617 -0.618665
v -5.097658 0.298214 -0.985929
v -5.020903 0.255818 -0.975675
v -5.161058 0.310037 -0.988775
v -5.205215 0.313223 -0.989140
v -5.234670 0.313945 -0.988808
v -5.256011 0.314081 -0.988582
v -5.273577 0.314101 -0.988506
v -4.737350 0.205635 2.630782
v -4.775658 0.208115 2.647849
v -4.686794 0.190208 2.607331
v -4.613344 0.154121 2.568604
v -4.532313 0.110574 2.498949
v -4.455869 0.075907 2.397183
v -4.378464 0.058094 2.268345
v -4.414089 0.035677 1.254889
v -4.314483 0.038285 1.491747
v -4.514679 0.038268 1.047653
v -4.583758 0.038982 0.888748
v -4.634522 0.038269 0.718920
v -4.685750 0.038007 0.482709
v -4.732856 0.038271 0.217797
v -4.768857 0.038607 -0.026053
v -4.800563 0.038269 -0.243897
v -4.834053 0.037130 -0.440867
v -4.858697 0.037841 -0.617589
v -5.098390 0.297478 -0.979838
v -5.022490 0.255631 -0.969965
v -5.161323 0.309122 -0.982607
v -5.205260 0.312255 -0.982962
v -5.234641 0.312967 -0.982628
v -5.255973 0.313102 -0.982402
v -5.273558 0.313122 -0.982325
v -4.294219 0.060591 2.075223
v -4.288648 0.059114 2.077188
v -4.308925 0.060256 2.112439
v -4.303311 0.058771 2.114403
v -4.323629 0.059921 2.149654
v -4.317975 0.058429 2.151617
v -4.329500 0.059453 2.147696
v -4.314728 0.059792 2.110479
v -4.299955 0.060131 2.073262
v -4.334963 0.057062 2.145889
v -4.320129 0.057426 2.108669
v -4.305295 0.057789 2.071450
v -4.271275 0.061568 1.972580
v -4.276919 0.059220 1.971844
v -4.266311 0.060858 1.932892
v -4.268901 0.059146 1.932567
v -4.261347 0.060147 1.893204
v -4.266948 0.057814 1.892479
v -4.255332 0.060568 1.894069
v -4.260284 0.061279 1.933760
v -4.265235 0.061991 1.973451
v -4.249497 0.059035 1.894990
v -4.251462 0.060369 1.935087
v -4.259404 0.060456 1.974372
v -4.270136 0.050256 1.685440
v -4.264207 0.048686 1.685164
v -4.264507 0.052284 1.725065
v -4.258629 0.050721 1.724764
v -4.258878 0.054312 1.764691
v -4.253051 0.052756 1.764363
v -4.264872 0.053928 1.765119
v -4.270553 0.051896 1.725479
v -4.276233 0.049864 1.685839
v -4.270450 0.051644 1.765659
v -4.273865 0.049647 1.725814
v -4.281869 0.047551 1.686384
v -4.339469 0.052997 2.144428
v -4.322699 0.053294 2.107896
v -4.309737 0.053786 2.069987
v -4.281591 0.055183 1.971286
v -4.273542 0.055130 1.931996
v -4.271583 0.053802 1.891931
v -4.275072 0.047675 1.766182
v -4.278493 0.045665 1.726306
v -4.286499 0.043553 1.686946
v -4.342594 0.047679 2.143488
v -4.325838 0.047989 2.106992
v -4.312861 0.048496 2.069055
v -4.284828 0.049870 1.970955
v -4.276765 0.049831 1.931655
v -4.274802 0.048508 1.891605
v -4.278282 0.042402 1.766610
v -4.281699 0.040390 1.726717
v -4.289683 0.038277 1.687432
v -4.344053 0.041645 2.143162
v -4.327327 0.041931 2.106709
v -4.314354 0.042425 2.068757
v -4.286323 0.043814 1.970877
v -4.278259 0.043771 1.931573
v -4.276294 0.042452 1.891527
v -4.279763 0.036339 1.766885
v -4.283172 0.034338 1.726995
v -4.291137 0.032246 1.687763
v -4.343735 0.035477 2.143496
v -4.327027 0.035712 2.107083
v -4.314057 0.036169 2.069140
v -4.285947 0.037605 1.971066
v -4.277884 0.037541 1.931764
v -4.275919 0.036223 1.891713
v -4.279364 0.030084 1.766990
v -4.282772 0.028101 1.727114
v -4.290733 0.026038 1.687902
v -4.341675 0.029755 2.144444
v -4.324964 0.029940 2.108068
v -4.311985 0.030357 2.070142
v -4.283750 0.031834 1.971507
v -4.275679 0.031747 1.932211
v -4.273714 0.030424 1.892152
v -4.277123 0.024258 1.766955
v -4.280536 0.022286 1.727082
v -4.288506 0.020244 1.687869
v -4.338075 0.025019 2.145945
v -4.321342 0.025178 2.109579
v -4.308351 0.025573 2.071678
v -4.279930 0.027053 1.972142
v -4.271854 0.026949 1.932861
v -4.269887 0.025620 1.892784
v -4.273266 0.019432 1.766735
v -4.276683 0.017461 1.726876
v -4.284669 0.015417 1.687617
v -4.338075 0.025019 2.145945
v -4.333275 0.021735 2.147880
v -4.321342 0.025178 2.109579
v -4.318404 0.022011 2.110744
v -4.308351 0.025573 2.071678
v -4.303532 0.022286 2.073608
v -4.279930 0.027053 1.972142
v -4.274851 0.023725 1.972923
v -4.271854 0.026949 1.932861
v -4.266780 0.023619 1.933660
v -4.269887 0.025620 1.892784
v -4.264810 0.022283 1.893562
v -4.273266 0.019432 1.766735
v -4.268178 0.016076 1.766362
v -4.276683 0.017461 1.726876
v -4.273878 0.014056 1.726773
v -4.284669 0.015417 1.687617
v -4.279579 0.012036 1.687184
v -4.327716 0.020241 2.150032
v -4.312859 0.020525 2.112871
v -4.298001 0.020808 2.075710
v -4.269001 0.022190 1.973786
v -4.263988 0.021469 1.934104
v -4.258976 0.020747 1.894422
v -4.262355 0.014513 1.765886
v -4.268036 0.012482 1.726265
v -4.273717 0.010451 1.686644
v -4.321932 0.020709 2.152158
v -4.307111 0.020988 2.114958
v -4.292291 0.021266 2.077758
v -4.262963 0.022613 1.974668
v -4.257961 0.021891 1.934985
v -4.252960 0.021169 1.895303
v -4.256362 0.014895 1.765397
v -4.262009 0.012865 1.725755
v -4.267655 0.010836 1.686111
v -4.316484 0.023098 2.153990
v -4.301710 0.023354 2.116753
v -4.286935 0.023610 2.079516
v -4.257341 0.024960 1.975477
v -4.249343 0.024842 1.936198
v -4.247358 0.023505 1.896114
v -4.250780 0.017185 1.764991
v -4.254112 0.015212 1.725140
v -4.261987 0.013156 1.685697
v -4.311935 0.027162 2.155364
v -4.295299 0.027269 2.118793
v -4.282454 0.027617 2.080848
v -4.252691 0.028994 1.976105
v -4.244707 0.028858 1.936808
v -4.242721 0.027521 1.896746
v -4.246154 0.021163 1.764628
v -4.249468 0.019198 1.724746
v -4.257299 0.017165 1.685363
v -4.308747 0.032479 2.156180
v -4.292137 0.032575 2.119637
v -4.279295 0.032909 2.081663
v -4.249469 0.034305 1.976486
v -4.241487 0.034158 1.937176
v -4.239501 0.032818 1.897130
v -4.242940 0.026442 1.764324
v -4.246247 0.024478 1.724424
v -4.254055 0.022453 1.685110
v -4.307218 0.038516 2.156368
v -4.290623 0.038634 2.119864
v -4.277779 0.038980 2.081877
v -4.247978 0.040362 1.976577
v -4.239994 0.040218 1.937264
v -4.238008 0.038875 1.897223
v -4.241458 0.032506 1.764091
v -4.244764 0.030533 1.724195
v -4.252561 0.028493 1.684930
v -4.307483 0.044687 2.155934
v -4.290909 0.044853 2.119460
v -4.278070 0.045234 2.081475
v -4.248351 0.046573 1.976381
v -4.240368 0.046448 1.937068
v -4.238383 0.045104 1.897023
v -4.241858 0.038759 1.763963
v -4.245161 0.036770 1.724081
v -4.252952 0.034705 1.684837
v -4.309505 0.050411 2.154911
v -4.292963 0.050625 2.118457
v -4.280142 0.051044 2.080474
v -4.250545 0.052346 1.975922
v -4.242573 0.052243 1.936610
v -4.240590 0.050902 1.896557
v -4.244099 0.044584 1.763992
v -4.247397 0.042585 1.724112
v -4.255181 0.040501 1.684869
v -4.313108 0.055146 2.153418
v -4.296588 0.055387 2.116961
v -4.283790 0.055828 2.078988
v -4.254347 0.057128 1.975226
v -4.246394 0.057040 1.935925
v -4.244418 0.055703 1.895852
v -4.247957 0.049407 1.764127
v -4.251259 0.047407 1.724261
v -4.259055 0.045319 1.684977
v -4.880096 0.062042 -0.806440
v -4.874721 0.060908 -0.807982
v -4.874701 0.051372 -0.767890
v -4.869074 0.050219 -0.769501
v -4.871404 0.046135 -0.727787
v -4.865614 0.044943 -0.729118
v -4.877403 0.045525 -0.726919
v -4.880640 0.050752 -0.766746
v -4.885859 0.061447 -0.805256
v -4.883051 0.043219 -0.726480
v -4.886331 0.048409 -0.766151
v -4.891513 0.059087 -0.804550
v -4.892349 0.073122 -0.838670
v -4.897785 0.070444 -0.837894
v -4.902387 0.091332 -0.873806
v -4.907695 0.088703 -0.872915
v -4.919041 0.117227 -0.900156
v -4.924178 0.114841 -0.899352
v -4.913738 0.118175 -0.901977
v -4.896916 0.092467 -0.875782
v -4.886635 0.074298 -0.840613
v -4.908782 0.117669 -0.904803
v -4.891841 0.092003 -0.878741
v -4.881300 0.073817 -0.843706
v -4.975952 0.199947 -0.948671
v -4.972406 0.201071 -0.953100
v -4.950658 0.170939 -0.937257
v -4.948894 0.172029 -0.938540
v -4.929041 0.141992 -0.919564
v -4.925381 0.142986 -0.923980
v -4.933367 0.139360 -0.916145
v -4.954926 0.168568 -0.934092
v -4.980114 0.197581 -0.945572
v -4.937890 0.135367 -0.914185
v -4.959341 0.164973 -0.932360
v -4.984433 0.194279 -0.943988
v -4.887867 0.039454 -0.726598
v -4.891235 0.044565 -0.766235
v -4.896499 0.055156 -0.804585
v -4.902426 0.066580 -0.838199
v -4.912348 0.084815 -0.873138
v -4.928727 0.111107 -0.899573
v -4.942131 0.130608 -0.913990
v -4.963477 0.160558 -0.932229
v -4.988555 0.190375 -0.943947
v -4.891421 0.034542 -0.727169
v -4.894853 0.039575 -0.766957
v -4.900212 0.050007 -0.805328
v -4.905969 0.061999 -0.839755
v -4.915973 0.080088 -0.874558
v -4.932421 0.106460 -0.901008
v -4.945636 0.125699 -0.915527
v -4.966931 0.155751 -0.933684
v -4.992120 0.186078 -0.945399
v -4.893351 0.028902 -0.728151
v -4.896804 0.033929 -0.768244
v -4.902198 0.044221 -0.806673
v -4.908123 0.056991 -0.842218
v -4.918186 0.074888 -0.876985
v -4.934729 0.101133 -0.903507
v -4.948087 0.121112 -0.918497
v -4.969362 0.150957 -0.936560
v -4.994738 0.181560 -0.948267
v -4.893415 0.023070 -0.729570
v -4.897846 0.030770 -0.769020
v -4.902277 0.038471 -0.808469
v -4.908655 0.051920 -0.845319
v -4.918721 0.069688 -0.880174
v -4.935258 0.095644 -0.906818
v -4.949305 0.117140 -0.922509
v -4.970508 0.146566 -0.940582
v -4.996000 0.177104 -0.952392
v -4.891558 0.017660 -0.731451
v -4.896045 0.025510 -0.770993
v -4.900532 0.033359 -0.810534
v -4.907414 0.047236 -0.848753
v -4.917478 0.065013 -0.883792
v -4.933874 0.090636 -0.910537
v -4.949144 0.113913 -0.927125
v -4.970191 0.142933 -0.945353
v -4.995551 0.173105 -0.957399
v -4.887976 0.013292 -0.733900
v -4.891668 0.018796 -0.774403
v -4.897257 0.029393 -0.812848
v -4.904423 0.043450 -0.852175
v -4.914568 0.061359 -0.887456
v -4.930762 0.086691 -0.914202
v -4.947544 0.111625 -0.931950
v -4.968415 0.140427 -0.950401
v -4.993398 0.170139 -0.962717
v -4.887976 0.013292 -0.733900
v -4.883059 0.010418 -0.736467
v -4.891668 0.018796 -0.774403
v -4.886918 0.016027 -0.776665
v -4.897257 0.029393 -0.812848
v -4.892765 0.026808 -0.815055
v -4.904423 0.043450 -0.852175
v -4.900055 0.041241 -0.855799
v -4.914568 0.061359 -0.887456
v -4.910400 0.059267 -0.891019
v -4.930762 0.086691 -0.914202
v -4.926626 0.084600 -0.917731
v -4.947544 0.111625 -0.931950
v -4.944588 0.110572 -0.936598
v -4.968415 0.140427 -0.950401
v -4.967275 0.139664 -0.952163
v -4.993398 0.170139 -0.962717
v -4.989962 0.168755 -0.967729
v -4.877335 0.009288 -0.738695
v -4.881313 0.014913 -0.778571
v -4.887414 0.025767 -0.816877
v -4.894773 0.040811 -0.859011
v -4.905382 0.058868 -0.894040
v -4.921834 0.084295 -0.920684
v -4.940532 0.111023 -0.940635
v -4.961459 0.139959 -0.959356
v -4.985829 0.169195 -0.971915
v -4.871378 0.009945 -0.740271
v -4.875381 0.015552 -0.779912
v -4.881633 0.026390 -0.818135
v -4.889166 0.042130 -0.861357
v -4.900002 0.060135 -0.896190
v -4.916778 0.085614 -0.922781
v -4.935843 0.113115 -0.943654
v -4.957068 0.142145 -0.962401
v -4.981544 0.171370 -0.974935
v -4.865739 0.012274 -0.741007
v -4.869684 0.017888 -0.780544
v -4.875945 0.028701 -0.818695
v -4.883811 0.044948 -0.862534
v -4.894758 0.062885 -0.897245
v -4.911813 0.088333 -0.923824
v -4.931066 0.116657 -0.945289
v -4.952644 0.145684 -0.964067
v -4.977441 0.174896 -0.976587
v -4.860916 0.016049 -0.740936
v -4.864778 0.021724 -0.780452
v -4.870962 0.032589 -0.818576
v -4.879183 0.048890 -0.862409
v -4.890115 0.066826 -0.897086
v -4.907289 0.092194 -0.923671
v -4.926817 0.121316 -0.945436
v -4.948639 0.150232 -0.964233
v -4.973846 0.179434 -0.976812
v -4.857337 0.020938 -0.739984
v -4.861154 0.026690 -0.779601
v -4.867245 0.037663 -0.817706
v -4.875698 0.053658 -0.861291
v -4.886549 0.071672 -0.895827
v -4.903764 0.097116 -0.922427
v -4.923515 0.126504 -0.944118
v -4.945404 0.155314 -0.962888
v -4.970945 0.184543 -0.975576
v -4.855360 0.026518 -0.738206
v -4.859182 0.032297 -0.778061
v -4.865224 0.043355 -0.816146
v -4.873588 0.058784 -0.859103
v -4.884371 0.076927 -0.893499
v -4.901553 0.102539 -0.920036
v -4.921410 0.131653 -0.941528
v -4.943214 0.160429 -0.960155
v -4.968938 0.189771 -0.972898
v -4.855235 0.032274 -0.735824
v -4.860168 0.040652 -0.774963
v -4.865101 0.049030 -0.814101
v -4.873053 0.063834 -0.855980
v -4.883820 0.082083 -0.890294
v -4.900963 0.107882 -0.916682
v -4.920599 0.136281 -0.937941
v -4.942260 0.165077 -0.956273
v -4.968031 0.194593 -0.968905
v -4.857042 0.037627 -0.733203
v -4.861932 0.045865 -0.772524
v -4.866822 0.054103 -0.811844
v -4.874204 0.068331 -0.852111
v -4.884974 0.086609 -0.886499
v -4.902093 0.112496 -0.912704
v -4.921054 0.139956 -0.933625
v -4.942613 0.168775 -0.951579
v -4.968333 0.198395 -0.963902
v -4.860638 0.042011 -0.730926
v -4.864292 0.047400 -0.771471
v -4.870159 0.058183 -0.809791
v -4.876992 0.071727 -0.847664
v -4.887706 0.089976 -0.882427
v -4.904716 0.115713 -0.908476
v -4.922663 0.142258 -0.928828
v -4.944218 0.171091 -0.946492
v -4.969797 0.200598 -0.958396
vn 0.3254 0.6763 0.6608
vn 0.2352 0.8701 0.4332
vn 0.3528 0.8487 0.3940
vn 0.4199 0.6534 0.6299
vn 0.5474 0.6082 0.5749
vn 0.5056 0.7975 0.3293
vn 0.5880 0.7643 0.2647
vn 0.6531 0.5687 0.5001
vn 0.7326 0.5347 0.4212
vn 0.6206 0.7517 0.2232
vn 0.6098 0.7568 0.2354
vn 0.7607 0.5216 0.3863
vn 0.7604 0.5193 0.3900
vn 0.5879 0.7602 0.2763
vn 0.5917 0.7483 0.2998
vn 0.7649 0.5139 0.3884
vn 0.7979 0.5098 0.3216
vn 0.6488 0.7134 0.2646
vn 0.8231 0.5076 0.2548
vn 0.6406 0.7404 0.2037
vn 0.8346 0.5035 0.2234
vn 0.6404 0.7480 0.1743
vn 0.8592 0.5022 0.0980
vn 0.6631 0.7454 0.0687
vn 0.8667 0.4980 -0.0294
vn 0.6704 0.7409 -0.0392
vn 0.6818 0.7287 -0.0647
vn 0.8655 0.4974 -0.0587
vn 0.8560 0.4956 -0.1470
vn 0.7131 0.6875 -0.1371
vn 0.8361 0.4946 -0.2375
vn 0.6512 0.7315 -0.2020
vn 0.8128 0.4995 -0.2997
vn 0.6250 0.7425 -0.2410
vn 0.6100 0.7433 -0.2746
vn 0.7902 0.4982 -0.3569
vn 0.7885 0.4982 -0.3607
vn 0.6118 0.7411 -0.2765
vn 0.6312 0.7409 -0.2294
vn 0.8152 0.4978 -0.2960
vn 0.8410 0.4979 -0.2118
vn 0.6510 0.7410 -0.1647
vn 0.6569 0.7431 -0.1275
vn 0.8501 0.4995 -0.1666
vn 0.8548 0.5000 -0.1391
vn 0.6608 0.7431 -0.1059
vn 0.6605 0.7447 -0.0960
vn 0.8560 0.5014 -0.1256
vn 0.8544 0.5017 -0.1353
vn 0.6588 0.7449 -0.1059
vn 0.6570 0.7470 -0.1020
vn 0.8540 0.5034 -0.1312
vn 0.8595 0.5051 -0.0783
vn 0.6567 0.7526 -0.0490
vn 0.6585 0.7524 0.0177
vn 0.8625 0.5058 -0.0157
vn 0.8815 0.4721 -0.0059
vn 0.7000 0.7116 0.0608
vn 0.8807 0.4736 0.0039
vn 0.6972 0.7088 0.1077
vn 0.8836 0.4682 -0.0039
vn 0.6924 0.7080 0.1392
vn 0.8735 0.4858 -0.0313
vn 0.7080 0.6844 0.1745
vn 0.8664 0.4940 -0.0725
vn 0.7351 0.6507 0.1901
vn 0.7607 0.6332 0.1431
vn 0.8506 0.5115 -0.1215
vn 0.8158 0.5550 -0.1627
vn 0.7584 0.6447 0.0960
vn 0.7702 0.6056 -0.1999
vn 0.7313 0.6744 0.1019
vn 0.6273 0.7331 -0.2627
vn 0.6092 0.7913 0.0508
vn 0.3605 0.9327 0.0019
vn 0.3648 0.8787 -0.3079
vn 0.1235 0.9428 -0.3097
vn 0.1233 0.9924 -0.0040
vn 0.0411 0.9992 -0.0001
vn 0.0392 0.9507 -0.3077
vn 0.0097 0.9508 -0.3097
vn 0.0137 0.9999 -0.0001
vn 0.0020 1.0000 -0.0001
vn -0.0000 0.9508 -0.3098
vn 0.0008 1.0000 -0.0001
vn -0.0001 0.8091 -0.5877
vn -0.0000 0.8091 -0.5877
vn -0.0022 0.5877 -0.8091
vn -0.0040 0.5875 -0.8092
vn -0.0019 0.3074 -0.9516
vn -0.0059 0.3075 -0.9515
vn -0.0044 -0.0001 -1.0000
vn -0.0059 -0.0000 -1.0000
vn -0.0040 -0.3081 -0.9514
vn -0.0079 -0.3096 -0.9508
vn -0.0042 -0.5878 -0.8090
vn -0.0082 -0.5878 -0.8090
vn -0.0019 -0.8091 -0.5877
vn -0.0060 -0.8091 -0.5877
vn -0.0019 -0.9514 -0.3078
vn -0.0059 -0.9514 -0.3080
vn -0.0000 -1.0000 -0.0000
vn -0.0038 -1.0000 -0.0003
vn -0.0000 -0.9515 0.3075
vn -0.0001 -0.9515 0.3075
vn 0.0002 -0.8091 0.5877
vn 0.0020 -0.5877 0.8091
vn 0.0039 -0.5876 0.8092
vn 0.0020 -0.3097 0.9508
vn 0.0060 -0.3094 0.9509
vn 0.0038 -0.0000 1.0000
vn 0.0061 -0.0000 1.0000
vn 0.0039 0.3074 0.9516
vn 0.0078 0.3074 0.9516
vn 0.0041 0.5878 0.8090
vn 0.0077 0.5876 0.8091
vn 0.0021 0.8091 0.5877
vn 0.0060 0.8091 0.5877
vn 0.0020 0.9515 0.3076
vn 0.0059 0.9515 0.3075
vn -0.0000 1.0000 0.0001
vn 0.0020 1.0000 0.0001
vn 0.0137 0.9999 0.0001
vn 0.0157 0.9513 0.3080
vn 0.0412 0.9512 0.3059
vn 0.0411 0.9992 0.0001
vn 0.1233 0.9924 -0.0038
vn 0.1097 0.9470 0.3020
vn 0.3174 0.8936 0.3174
vn 0.3605 0.9327 0.0021
vn 0.6092 0.7914 0.0510
vn 0.5229 0.7697 0.3663
vn 0.6018 0.6783 0.4215
vn 0.7313 0.6744 0.1020
vn 0.5898 0.6878 0.4232
vn 0.7583 0.6447 0.0961
vn 0.5650 0.6984 0.4394
vn 0.7606 0.6332 0.1432
vn 0.7350 0.6508 0.1902
vn 0.5196 0.7352 0.4352
vn 0.4620 0.8087 0.3641
vn 0.7079 0.6844 0.1746
vn 0.4212 0.8658 0.2703
vn 0.6923 0.7081 0.1393
vn 0.4077 0.8878 0.2136
vn 0.6970 0.7089 0.1077
vn 0.3920 0.9094 0.1392
vn 0.6998 0.7117 0.0608
vn 0.3664 0.9288 0.0548
vn 0.6583 0.7525 0.0177
vn 0.6566 0.7527 -0.0490
vn 0.3899 0.9208 -0.0118
vn 0.3955 0.9165 -0.0607
vn 0.6568 0.7471 -0.1020
vn 0.6586 0.7450 -0.1058
vn 0.3978 0.9152 -0.0647
vn 0.3997 0.9148 -0.0588
vn 0.6604 0.7447 -0.0960
vn 0.6607 0.7431 -0.1059
vn 0.4019 0.9135 -0.0628
vn 0.3998 0.9133 -0.0782
vn 0.6568 0.7432 -0.1274
vn 0.6508 0.7412 -0.1647
vn 0.3957 0.9127 -0.1019
vn 0.3863 0.9118 -0.1393
vn 0.6311 0.7410 -0.2293
vn 0.6117 0.7412 -0.2764
vn 0.3739 0.9128 -0.1644
vn 0.3699 0.9141 -0.1664
vn 0.6099 0.7434 -0.2745
vn 0.6249 0.7426 -0.2410
vn 0.3726 0.9147 -0.1568
vn 0.3877 0.9106 -0.1430
vn 0.6511 0.7316 -0.2020
vn 0.4430 0.8900 -0.1078
vn 0.7130 0.6876 -0.1371
vn 0.4115 0.9091 -0.0647
vn 0.6817 0.7288 -0.0647
vn 0.6703 0.7410 -0.0392
vn 0.4160 0.9084 -0.0412
vn 0.4741 0.8794 0.0431
vn 0.6630 0.7455 0.0687
vn 0.3977 0.9109 0.1097
vn 0.6403 0.7481 0.1743
vn 0.3781 0.9169 0.1274
vn 0.6405 0.7405 0.2037
vn 0.3897 0.9065 0.1625
vn 0.6488 0.7135 0.2646
vn 0.3470 0.9215 0.1745
vn 0.5916 0.7485 0.2997
vn 0.5878 0.7604 0.2763
vn 0.3565 0.9247 0.1333
vn 0.3980 0.9156 0.0568
vn 0.6097 0.7569 0.2353
vn 0.6205 0.7518 0.2231
vn 0.4465 0.8948 0.0019
vn 0.4644 0.8856 0.0019
vn 0.5880 0.7644 0.2645
vn 0.5055 0.7975 0.3292
vn 0.4134 0.9092 0.0490
vn 0.2487 0.9617 0.1156
vn 0.3528 0.8487 0.3939
vn 0.2344 0.8702 0.4333
vn 0.1232 0.9794 0.1600
vn 0.1215 0.9775 -0.1724
vn -0.0000 0.9921 -0.1255
vn -0.0196 0.8954 -0.4448
vn -0.1254 0.9071 -0.4017
vn -0.1609 0.7220 -0.6729
vn -0.2392 0.7310 -0.6391
vn -0.2863 0.4764 -0.8313
vn -0.3294 0.4824 -0.8117
vn -0.3822 0.1842 -0.9055
vn -0.3885 0.1865 -0.9024
vn -0.4368 -0.1215 -0.8913
vn -0.4097 -0.1254 -0.9036
vn -0.4505 -0.4133 -0.7913
vn -0.3918 -0.4232 -0.8169
vn -0.4192 -0.6660 -0.6170
vn -0.3356 -0.6786 -0.6534
vn -0.3489 -0.8547 -0.3842
vn -0.2472 -0.8695 -0.4275
vn -0.2450 -0.9626 -0.1157
vn -0.1352 -0.9774 -0.1626
vn -0.1175 -0.9793 0.1645
vn -0.0098 -0.9928 0.1195
vn 0.0176 -0.9012 0.4330
vn 0.1156 -0.9128 0.3918
vn 0.1548 -0.7348 0.6604
vn 0.2334 -0.7412 0.6294
vn 0.2764 -0.4959 0.8232
vn 0.3252 -0.4957 0.8053
vn 0.3704 -0.2077 0.9054
vn 0.3841 -0.2000 0.9014
vn 0.4293 0.0980 0.8978
vn 0.4041 0.1117 0.9079
vn 0.4452 0.3942 0.8040
vn 0.3822 0.4157 0.8253
vn 0.5349 0.3605 0.7641
vn 0.6547 0.3175 0.6860
vn 0.7716 0.2663 0.5777
vn 0.8331 0.2372 0.4998
vn 0.8544 0.2293 0.4664
vn 0.8699 0.2214 0.4408
vn 0.9056 0.2196 0.3627
vn 0.9333 0.2196 0.2843
vn 0.9438 0.2154 0.2506
vn 0.9698 0.2136 0.1176
vn 0.9772 0.2115 -0.0176
vn 0.9760 0.2117 -0.0510
vn 0.9663 0.2098 -0.1490
vn 0.9456 0.2075 -0.2506
vn 0.9201 0.2095 -0.3308
vn 0.8912 0.2076 -0.4034
vn 0.8886 0.2060 -0.4099
vn 0.9193 0.2061 -0.3353
vn 0.9485 0.2077 -0.2391
vn 0.9599 0.2077 -0.1881
vn 0.9656 0.2076 -0.1567
vn 0.9675 0.2096 -0.1412
vn 0.9661 0.2097 -0.1509
vn 0.9664 0.2096 -0.1488
vn 0.9739 0.2038 -0.0999
vn 0.9803 0.1902 -0.0529
vn 0.9850 0.1527 -0.0803
vn 0.9805 0.1726 -0.0941
vn 0.9717 0.1880 -0.1430
vn 0.9410 0.2451 -0.2333
vn 0.9009 0.2919 -0.3212
vn 0.8587 0.3412 -0.3823
vn 0.8025 0.4059 -0.4373
vn 0.7306 0.4799 -0.4858
vn 0.5801 0.6055 -0.5448
vn 0.3335 0.7396 -0.5846
vn 0.1137 0.8037 -0.5841
vn 0.0313 0.8096 -0.5862
vn 0.0038 0.8087 -0.5882
vn -0.0001 0.5877 -0.8091
vn -0.0059 0.3074 -0.9516
vn -0.0097 -0.0000 -1.0000
vn -0.0152 -0.3097 -0.9507
vn -0.0177 -0.5887 -0.8082
vn -0.0197 -0.8099 -0.5863
vn -0.0176 -0.9514 -0.3073
vn -0.0159 -0.9999 -0.0001
vn -0.0117 -0.9515 0.3074
vn -0.0059 -0.8100 0.5864
vn -0.0000 -0.5900 0.8074
vn 0.0040 -0.3098 0.9508
vn 0.0099 -0.0000 1.0000
vn 0.0138 0.3075 0.9515
vn 0.0177 0.5878 0.8088
vn 0.0178 0.8088 0.5878
vn 0.0353 0.8095 0.5861
vn 0.0862 0.8072 0.5839
vn 0.2391 0.7605 0.6037
vn 0.3765 0.6667 0.6432
vn 0.4294 0.6156 0.6608
vn 0.4000 0.6568 0.6392
vn 0.3432 0.6863 0.6412
vn 0.2529 0.7350 0.6291
vn 0.1726 0.8415 0.5120
vn 0.1117 0.9229 0.3684
vn 0.1038 0.9520 0.2880
vn 0.0901 0.9773 0.1919
vn 0.0665 0.9942 0.0841
vn 0.0902 0.9956 0.0236
vn 0.0980 0.9951 -0.0137
vn 0.0980 0.9950 -0.0176
vn 0.0999 0.9949 -0.0137
vn 0.1020 0.9947 -0.0157
vn 0.1018 0.9946 -0.0196
vn 0.1018 0.9944 -0.0274
vn 0.1025 0.9940 -0.0374
vn 0.0979 0.9946 -0.0353
vn 0.0902 0.9951 -0.0411
vn 0.0823 0.9950 -0.0568
vn 0.0764 0.9946 -0.0705
vn 0.0941 0.9936 -0.0628
vn 0.0901 0.9945 -0.0529
vn 0.0920 0.9949 -0.0411
vn 0.1352 0.9908 -0.0000
vn 0.0843 0.9961 0.0255
vn 0.0723 0.9968 0.0353
vn 0.0744 0.9965 0.0372
vn 0.0608 0.9977 0.0314
vn 0.0902 0.9957 -0.0216
vn 0.1488 0.9814 -0.1215
vn 0.2293 0.9487 -0.2176
vn 0.2938 0.9208 -0.2566
vn 0.2784 0.9312 -0.2352
vn 0.1117 0.8601 -0.4977
vn -0.0627 0.7018 -0.7096
vn -0.2331 0.4721 -0.8502
vn -0.3778 0.1978 -0.9045
vn -0.4826 -0.0922 -0.8710
vn -0.5394 -0.3727 -0.7551
vn -0.5446 -0.6170 -0.5681
vn -0.4985 -0.8026 -0.3277
vn -0.4053 -0.9125 -0.0548
vn -0.2727 -0.9357 0.2236
vn -0.1138 -0.8673 0.4846
vn 0.0529 -0.7129 0.6992
vn 0.2195 -0.4881 0.8448
vn 0.3625 -0.2136 0.9072
vn 0.4723 0.0764 0.8781
vn 0.5895 0.0353 0.8070
vn 0.7347 -0.0274 0.6778
vn 0.8237 -0.0686 0.5628
vn 0.8661 -0.0784 0.4937
vn 0.8895 -0.0862 0.4487
vn 0.9255 -0.0870 0.3686
vn 0.9543 -0.0862 0.2861
vn 0.9634 -0.0901 0.2525
vn 0.9880 -0.0902 0.1255
vn 0.9957 -0.0921 -0.0039
vn 0.9955 -0.0882 -0.0353
vn 0.9865 -0.0902 -0.1370
vn 0.9662 -0.0960 -0.2391
vn 0.9401 -0.0960 -0.3270
vn 0.9069 -0.0999 -0.4094
vn 0.9020 -0.1020 -0.4196
vn 0.9352 -0.1020 -0.3392
vn 0.9651 -0.1019 -0.2413
vn 0.9761 -0.1019 -0.1921
vn 0.9817 -0.1019 -0.1606
vn 0.9844 -0.1020 -0.1432
vn 0.9830 -0.1018 -0.1527
vn 0.9828 -0.1037 -0.1527
vn 0.9874 -0.1136 -0.1097
vn 0.9863 -0.1451 -0.0784
vn 0.9688 -0.1981 -0.1491
vn 0.9690 -0.1549 -0.1922
vn 0.9604 -0.0980 -0.2607
vn 0.9149 -0.0078 -0.4036
vn 0.8446 0.0686 -0.5311
vn 0.7880 0.1470 -0.5979
vn 0.7142 0.2236 -0.6633
vn 0.6232 0.3116 -0.7173
vn 0.4757 0.4228 -0.7713
vn 0.2706 0.5295 -0.8040
vn 0.0921 0.5858 -0.8052
vn 0.0235 0.5885 -0.8082
vn 0.0117 0.3097 -0.9508
vn -0.0000 -0.0000 -1.0000
vn -0.0161 -0.3114 -0.9502
vn -0.0294 -0.5920 -0.8054
vn -0.0412 -0.8118 -0.5824
vn -0.0489 -0.9516 -0.3035
vn -0.0528 -0.9986 0.0020
vn -0.0489 -0.9502 0.3076
vn -0.0411 -0.8093 0.5859
vn -0.0294 -0.5919 0.8055
vn -0.0157 -0.3133 0.9495
vn -0.0000 -0.0039 1.0000
vn 0.0138 0.3056 0.9520
vn 0.0274 0.5874 0.8088
vn 0.0528 0.5856 0.8089
vn 0.1333 0.5489 0.8252
vn 0.1902 0.4961 0.8472
vn 0.1842 0.4722 0.8620
vn 0.0940 0.5308 0.8423
vn 0.0354 0.5905 0.8063
vn -0.0255 0.6583 0.7524
vn -0.1196 0.7864 0.6061
vn -0.1901 0.8839 0.4273
vn -0.1940 0.9227 0.3331
vn -0.2056 0.9519 0.2273
vn -0.2273 0.9681 0.1058
vn -0.2097 0.9761 0.0569
vn -0.2077 0.9776 0.0333
vn -0.2077 0.9777 0.0294
vn -0.2077 0.9778 0.0294
vn -0.2058 0.9780 0.0334
vn -0.2039 0.9782 0.0392
vn -0.1997 0.9787 0.0470
vn -0.1901 0.9794 0.0686
vn -0.1864 0.9780 0.0939
vn -0.1957 0.9767 0.0881
vn -0.2173 0.9750 0.0470
vn -0.2333 0.9724 0.0039
vn -0.2077 0.9780 -0.0196
vn -0.2271 0.9732 -0.0352
vn -0.2372 0.9707 -0.0392
vn -0.2196 0.9745 -0.0451
vn -0.2329 0.9711 -0.0528
vn -0.2292 0.9715 -0.0608
vn -0.2177 0.9729 -0.0784
vn -0.2213 0.9694 -0.1058
vn -0.1803 0.9684 -0.1725
vn -0.1117 0.9505 -0.2901
vn -0.0078 0.9088 -0.4172
vn 0.0940 0.8636 -0.4954
vn -0.1136 0.7209 -0.6837
vn -0.3080 0.5081 -0.8043
vn -0.4721 0.2468 -0.8463
vn -0.5883 -0.0353 -0.8079
vn -0.6486 -0.3135 -0.6936
vn -0.6491 -0.5609 -0.5138
vn -0.5874 -0.7578 -0.2839
vn -0.4704 -0.8821 -0.0236
vn -0.3077 -0.9209 0.2392
vn -0.1118 -0.8688 0.4824
vn 0.0960 -0.7289 0.6779
vn 0.2961 -0.5157 0.8040
vn 0.4663 -0.2508 0.8483
vn 0.6246 -0.3192 0.7127
vn 0.7356 -0.3648 0.5708
vn 0.7939 -0.3803 0.4744
vn 0.8235 -0.3882 0.4137
vn 0.8586 -0.3862 0.3372
vn 0.8857 -0.3841 0.2606
vn 0.8925 -0.3884 0.2295
vn 0.9135 -0.3883 0.1216
vn 0.9215 -0.3882 0.0079
vn 0.9231 -0.3841 -0.0196
vn 0.9156 -0.3864 -0.1117
vn 0.8961 -0.3941 -0.2039
vn 0.8693 -0.3975 -0.2937
vn 0.8343 -0.4015 -0.3780
vn 0.8287 -0.4036 -0.3879
vn 0.8604 -0.4017 -0.3135
vn 0.8884 -0.4020 -0.2216
vn 0.8983 -0.4023 -0.1766
vn 0.9030 -0.4036 -0.1470
vn 0.9054 -0.4037 -0.1313
vn 0.9034 -0.4056 -0.1392
vn 0.9035 -0.4053 -0.1391
vn 0.9032 -0.4154 -0.1078
vn 0.8976 -0.4312 -0.0921
vn 0.8875 -0.4232 -0.1823
vn 0.8777 -0.4034 -0.2588
vn 0.8626 -0.3627 -0.3528
vn 0.8051 -0.2565 -0.5348
vn 0.7138 -0.1490 -0.6844
vn 0.6482 -0.0509 -0.7598
vn 0.5644 0.0255 -0.8251
vn 0.4604 0.1195 -0.8796
vn 0.3309 0.1997 -0.9223
vn 0.1802 0.2684 -0.9463
vn 0.0627 0.3074 -0.9495
vn 0.0235 -0.0020 -0.9997
vn -0.0159 -0.3155 -0.9488
vn -0.0568 -0.5956 -0.8013
vn -0.0940 -0.8133 -0.5742
vn -0.1214 -0.9476 -0.2956
vn -0.1370 -0.9905 0.0078
vn -0.1411 -0.9409 0.3078
vn -0.1294 -0.8040 0.5804
vn -0.1058 -0.5894 0.8009
vn -0.0705 -0.3154 0.9463
vn -0.0294 -0.0078 0.9995
vn 0.0118 0.3020 0.9532
vn 0.0137 0.2819 0.9593
vn -0.0078 0.2760 0.9611
vn -0.0509 0.2958 0.9539
vn -0.1607 0.3686 0.9156
vn -0.2313 0.4429 0.8662
vn -0.2903 0.5217 0.8022
vn -0.3902 0.6588 0.6432
vn -0.4627 0.7667 0.4451
vn -0.4689 0.8122 0.3472
vn -0.4778 0.8442 0.2427
vn -0.4937 0.8619 0.1155
vn -0.4897 0.8678 0.0842
vn -0.4938 0.8661 0.0784
vn -0.4963 0.8649 0.0746
vn -0.4965 0.8650 0.0727
vn -0.4936 0.8660 0.0802
vn -0.4916 0.8655 0.0963
vn -0.4843 0.8667 0.1196
vn -0.4662 0.8681 0.1704
vn -0.4521 0.8651 0.2173
vn -0.4623 0.8620 0.2077
vn -0.4943 0.8571 0.1452
vn -0.5156 0.8528 0.0823
vn -0.4882 0.8724 0.0236
vn -0.5170 0.8558 -0.0196
vn -0.5228 0.8518 -0.0333
vn -0.4900 0.8684 -0.0764
vn -0.5062 0.8535 -0.1236
vn -0.4959 0.8565 -0.1431
vn -0.4528 0.8744 -0.1745
vn -0.4723 0.8506 -0.2313
vn -0.4336 0.8475 -0.3061
vn -0.3586 0.8290 -0.4292
vn -0.2452 0.7807 -0.5748
vn -0.4545 0.5779 -0.6778
vn -0.6210 0.3213 -0.7150
vn -0.7269 0.0353 -0.6858
vn -0.7666 -0.2529 -0.5902
vn -0.7331 -0.5194 -0.4391
vn -0.6289 -0.7385 -0.2430
vn -0.4627 -0.8863 -0.0196
vn -0.2471 -0.9473 0.2039
vn -0.0059 -0.9124 0.4092
vn 0.2351 -0.7857 0.5721
vn 0.4530 -0.5805 0.6766
vn 0.5751 -0.6281 0.5241
vn 0.6462 -0.6442 0.4092
vn 0.6878 -0.6408 0.3410
vn 0.7484 -0.5956 0.2919
vn 0.7423 -0.6345 0.2154
vn 0.7347 -0.6524 0.1861
vn 0.7506 -0.6523 0.1057
vn 0.7578 -0.6521 0.0215
vn 0.7616 -0.6481 -0.0000
vn 0.7554 -0.6510 -0.0745
vn 0.7380 -0.6577 -0.1507
vn 0.7129 -0.6620 -0.2311
vn 0.6805 -0.6649 -0.3079
vn 0.6763 -0.6646 -0.3176
vn 0.7021 -0.6649 -0.2549
vn 0.7252 -0.6645 -0.1803
vn 0.7324 -0.6658 -0.1429
vn 0.7355 -0.6668 -0.1197
vn 0.7366 -0.6676 -0.1080
vn 0.7352 -0.6685 -0.1119
vn 0.7352 -0.6686 -0.1117
vn 0.7345 -0.6718 -0.0959
vn 0.7267 -0.6797 -0.0999
vn 0.7153 -0.6658 -0.2122
vn 0.7048 -0.6402 -0.3054
vn 0.6942 -0.5903 -0.4118
vn 0.6252 -0.4802 -0.6152
vn 0.5213 -0.3508 -0.7780
vn 0.4527 -0.2489 -0.8563
vn 0.3667 -0.1726 -0.9142
vn 0.2587 -0.0823 -0.9624
vn 0.1566 -0.0431 -0.9867
vn 0.0744 -0.0196 -0.9970
vn -0.0372 -0.3113 -0.9496
vn -0.1489 -0.5740 -0.8052
vn -0.2447 -0.7773 -0.5795
vn -0.3177 -0.9001 -0.2981
vn -0.3589 -0.9334 0.0039
vn -0.3687 -0.8785 0.3039
vn -0.3430 -0.7448 0.5724
vn -0.2883 -0.5433 0.7885
vn -0.2058 -0.2900 0.9347
vn -0.1018 -0.0059 0.9948
vn -0.1979 0.0353 0.9796
vn -0.2745 0.0961 0.9568
vn -0.3875 0.1782 0.9045
vn -0.4644 0.2606 0.8464
vn -0.5193 0.3449 0.7819
vn -0.6172 0.4803 0.6232
vn -0.6872 0.5893 0.4249
vn -0.6987 0.6339 0.3317
vn -0.7093 0.6646 0.2349
vn -0.7206 0.6834 0.1175
vn -0.7264 0.6794 0.1038
vn -0.7332 0.6704 0.1137
vn -0.7369 0.6663 0.1137
vn -0.7367 0.6675 0.1079
vn -0.7344 0.6680 0.1202
vn -0.7305 0.6678 0.1431
vn -0.7217 0.6688 0.1785
vn -0.6977 0.6703 0.2529
vn -0.6735 0.6677 0.3172
vn -0.6829 0.6633 0.3061
vn -0.7189 0.6562 0.2292
vn -0.7508 0.6430 0.1509
vn -0.7597 0.6461 0.0744
vn -0.7644 0.6448 -0.0000
vn -0.7687 0.6393 -0.0216
vn -0.7585 0.6430 -0.1059
vn -0.7436 0.6416 -0.1883
vn -0.7211 0.6604 -0.2097
vn -0.6724 0.6920 -0.2627
vn -0.6783 0.6528 -0.3372
vn -0.6430 0.6470 -0.4098
vn -0.5705 0.6313 -0.5254
vn -0.7294 0.3745 -0.5725
vn -0.8199 0.0804 -0.5669
vn -0.8339 -0.2198 -0.5062
vn -0.7664 -0.5057 -0.3960
vn -0.6211 -0.7445 -0.2449
vn -0.4114 -0.9090 -0.0665
vn -0.1588 -0.9805 0.1157
vn 0.1058 -0.9523 0.2861
vn 0.3583 -0.8303 0.4269
vn 0.4355 -0.8473 0.3040
vn 0.4748 -0.8496 0.2295
vn 0.5287 -0.8245 0.2017
vn 0.5115 -0.8466 0.1470
vn 0.5137 -0.8490 0.1235
vn 0.5541 -0.8282 0.0842
vn 0.5228 -0.8518 0.0333
vn 0.5304 -0.8475 0.0176
vn 0.5606 -0.8272 -0.0372
vn 0.5074 -0.8580 -0.0803
vn 0.4837 -0.8635 -0.1429
vn 0.4585 -0.8641 -0.2077
vn 0.4552 -0.8634 -0.2175
vn 0.4762 -0.8623 -0.1726
vn 0.4918 -0.8622 -0.1216
vn 0.4939 -0.8642 -0.0960
vn 0.4960 -0.8646 -0.0805
vn 0.4965 -0.8650 -0.0727
vn 0.4952 -0.8656 -0.0749
vn 0.4977 -0.8641 -0.0745
vn 0.5001 -0.8628 -0.0745
vn 0.4961 -0.8627 -0.0981
vn 0.4839 -0.8462 -0.2233
vn 0.4723 -0.8192 -0.3253
vn 0.4644 -0.7681 -0.4409
vn 0.3859 -0.6620 -0.6425
vn 0.2823 -0.5235 -0.8039
vn 0.2117 -0.4292 -0.8780
vn 0.1315 -0.3625 -0.9227
vn 0.0314 -0.2841 -0.9583
vn -0.0314 -0.2901 -0.9565
vn -0.2213 -0.5112 -0.8305
vn -0.3898 -0.6836 -0.6170
vn -0.5196 -0.7842 -0.3392
vn -0.5975 -0.8012 -0.0313
vn -0.6194 -0.7370 0.2705
vn -0.5819 -0.6074 0.5408
vn -0.4958 -0.4232 0.7583
vn -0.3643 -0.2037 0.9087
vn -0.4665 -0.1058 0.8781
vn -0.5726 -0.0215 0.8196
vn -0.6509 0.0608 0.7567
vn -0.7030 0.1410 0.6971
vn -0.7917 0.2607 0.5525
vn -0.8550 0.3628 0.3706
vn -0.8706 0.4000 0.2863
vn -0.8818 0.4252 0.2038
vn -0.8900 0.4430 0.1078
vn -0.8978 0.4254 0.1137
vn -0.9014 0.4094 0.1411
vn -0.9041 0.4040 0.1394
vn -0.9053 0.4038 0.1314
vn -0.9031 0.4035 0.1469
vn -0.8980 0.4039 0.1745
vn -0.8870 0.4053 0.2213
vn -0.8591 0.4060 0.3118
vn -0.8287 0.4035 0.3879
vn -0.8355 0.4021 0.3746
vn -0.8722 0.3939 0.2901
vn -0.9020 0.3804 0.2040
vn -0.9170 0.3841 0.1079
vn -0.9238 0.3824 0.0177
vn -0.9259 0.3778 -0.0079
vn -0.9169 0.3802 -0.1216
vn -0.8962 0.3785 -0.2314
vn -0.8855 0.3860 -0.2586
vn -0.8597 0.3839 -0.3371
vn -0.8272 0.3783 -0.4155
vn -0.7922 0.3863 -0.4725
vn -0.8660 0.0901 -0.4918
vn -0.8588 -0.2157 -0.4647
vn -0.7668 -0.5080 -0.3923
vn -0.5979 -0.7509 -0.2804
vn -0.3661 -0.9201 -0.1390
vn -0.0960 -0.9953 0.0156
vn 0.1783 -0.9695 0.1684
vn 0.2039 -0.9745 0.0941
vn 0.2196 -0.9726 0.0766
vn 0.2195 -0.9741 0.0549
vn 0.2155 -0.9754 0.0469
vn 0.2275 -0.9727 0.0451
vn 0.2136 -0.9761 0.0412
vn 0.2253 -0.9737 0.0352
vn 0.2467 -0.9690 0.0137
vn 0.2115 -0.9774 -0.0000
vn 0.2038 -0.9781 -0.0412
vn 0.1919 -0.9776 -0.0862
vn 0.1898 -0.9772 -0.0957
vn 0.2020 -0.9767 -0.0726
vn 0.2075 -0.9770 -0.0489
vn 0.2076 -0.9774 -0.0392
vn 0.2077 -0.9776 -0.0333
vn 0.2077 -0.9778 -0.0294
vn 0.2058 -0.9782 -0.0274
vn 0.2115 -0.9769 -0.0293
vn 0.2196 -0.9745 -0.0470
vn 0.2194 -0.9715 -0.0901
vn 0.2094 -0.9538 -0.2154
vn 0.1960 -0.9271 -0.3195
vn 0.1844 -0.8849 -0.4277
vn 0.1038 -0.7876 -0.6073
vn 0.0118 -0.6564 -0.7544
vn -0.0569 -0.5784 -0.8137
vn -0.1235 -0.5249 -0.8422
vn -0.2057 -0.4664 -0.8603
vn -0.4155 -0.6017 -0.6821
vn -0.6120 -0.6866 -0.3924
vn -0.7214 -0.6861 -0.0941
vn -0.7584 -0.6094 0.2312
vn -0.7193 -0.4743 0.5076
vn -0.6179 -0.3021 0.7259
vn -0.7100 -0.2215 0.6684
vn -0.7825 -0.1432 0.6060
vn -0.8311 -0.0765 0.5508
vn -0.9020 0.0177 0.4313
vn -0.9545 0.1019 0.2803
vn -0.9751 0.0960 0.1997
vn -0.9868 0.0803 0.1410
vn -0.9873 0.1332 0.0862
vn -0.9858 0.1235 0.1137
vn -0.9826 0.1056 0.1527
vn -0.9830 0.1018 0.1528
vn -0.9844 0.1020 0.1431
vn -0.9820 0.1019 0.1588
vn -0.9765 0.1019 0.1901
vn -0.9652 0.1018 0.2408
vn -0.9345 0.1019 0.3409
vn -0.9020 0.1020 0.4196
vn -0.9074 0.1020 0.4077
vn -0.9411 0.0980 0.3235
vn -0.9678 0.0901 0.2351
vn -0.9869 0.0907 0.1335
vn -0.9954 0.0901 0.0333
vn -0.9963 0.0861 0.0039
vn -0.9883 0.0864 -0.1256
vn -0.9644 0.0843 -0.2508
vn -0.9550 0.0902 -0.2824
vn -0.9272 0.0862 -0.3645
vn -0.8911 0.0803 -0.4466
vn -0.8718 -0.2214 -0.4369
vn -0.7694 -0.5084 -0.3867
vn -0.5841 -0.7566 -0.2940
vn -0.3487 -0.9205 -0.1763
vn -0.0784 -0.9960 -0.0431
vn -0.0744 -0.9965 -0.0372
vn -0.0862 -0.9955 -0.0392
vn -0.0843 -0.9961 -0.0274
vn -0.0607 -0.9981 0.0098
vn -0.1019 -0.9939 0.0412
vn -0.1019 -0.9934 0.0529
vn -0.0940 -0.9936 0.0629
vn -0.1038 -0.9915 0.0784
vn -0.0979 -0.9932 0.0628
vn -0.0961 -0.9944 0.0430
vn -0.0940 -0.9950 0.0334
vn -0.0901 -0.9954 0.0313
vn -0.0940 -0.9952 0.0255
vn -0.0979 -0.9950 0.0176
vn -0.0999 -0.9949 0.0138
vn -0.0999 -0.9949 0.0137
vn -0.0999 -0.9948 0.0176
vn -0.0941 -0.9954 0.0157
vn -0.0842 -0.9964 -0.0137
vn -0.0823 -0.9940 -0.0726
vn -0.0922 -0.9782 -0.1862
vn -0.1079 -0.9532 -0.2824
vn -0.1255 -0.9195 -0.3725
vn -0.1977 -0.8378 -0.5090
vn -0.2703 -0.7307 -0.6269
vn -0.3061 -0.6653 -0.6810
vn -0.3194 -0.6193 -0.7173
vn -0.5902 -0.6884 -0.4217
vn -0.7314 -0.6667 -0.1431
vn -0.8074 -0.5585 0.1901
vn -0.7919 -0.4057 0.4565
vn -0.8525 -0.3390 0.3978
vn -0.8893 -0.2959 0.3487
vn -0.9363 -0.2311 0.2644
vn -0.9708 -0.1781 0.1605
vn -0.9772 -0.1841 0.1058
vn -0.9756 -0.2057 0.0764
vn -0.9840 -0.1686 0.0569
vn -0.9757 -0.1940 0.1019
vn -0.9665 -0.2078 0.1510
vn -0.9660 -0.2097 0.1510
vn -0.9675 -0.2097 0.1412
vn -0.9652 -0.2093 0.1566
vn -0.9596 -0.2095 0.1879
vn -0.9486 -0.2097 0.2372
vn -0.9185 -0.2098 0.3351
vn -0.8882 -0.2078 0.4098
vn -0.8929 -0.2037 0.4015
vn -0.9233 -0.2039 0.3254
vn -0.9473 -0.2059 0.2452
vn -0.9674 -0.2076 0.1449
vn -0.9771 -0.2076 0.0470
vn -0.9777 -0.2096 0.0156
vn -0.9698 -0.2136 -0.1176
vn -0.9447 -0.2156 -0.2470
vn -0.9364 -0.2116 -0.2801
vn -0.9077 -0.2177 -0.3588
vn -0.8014 -0.5054 -0.3201
vn -0.5822 -0.7783 -0.2352
vn -0.3412 -0.9293 -0.1412
vn -0.3766 -0.9178 -0.1255
vn -0.3744 -0.9214 -0.1039
vn -0.3489 -0.9368 -0.0255
vn -0.4016 -0.9149 0.0411
vn -0.4035 -0.9128 0.0627
vn -0.3682 -0.9246 0.0979
vn -0.3980 -0.9058 0.1451
vn -0.3879 -0.9072 0.1626
vn -0.3745 -0.9118 0.1686
vn -0.3686 -0.9153 0.1626
vn -0.3760 -0.9164 0.1371
vn -0.3901 -0.9154 0.0999
vn -0.3958 -0.9152 0.0763
vn -0.3980 -0.9152 0.0628
vn -0.3996 -0.9148 0.0588
vn -0.3995 -0.9145 0.0646
vn -0.3939 -0.9172 0.0607
vn -0.3882 -0.9214 0.0176
vn -0.3918 -0.9188 -0.0470
vn -0.3995 -0.9067 -0.1352
vn -0.4158 -0.8844 -0.2118
vn -0.4391 -0.8568 -0.2705
vn -0.4901 -0.7979 -0.3510
vn -0.5337 -0.7318 -0.4238
vn -0.5820 -0.6956 -0.4213
vn -0.7470 -0.6451 -0.1608
vn -0.8465 -0.5134 0.1411
vn -0.8626 -0.4960 0.1000
vn -0.8803 -0.4705 0.0608
vn -0.8896 -0.4566 0.0157
vn -0.8815 -0.4721 -0.0000
vn -0.8661 -0.4998 0.0019
vn -0.8780 -0.4782 0.0196
vn -0.8624 -0.4998 0.0804
vn -0.8538 -0.5033 0.1331
vn -0.8544 -0.5017 0.1352
vn -0.8559 -0.5017 0.1255
vn -0.8541 -0.5016 0.1374
vn -0.8488 -0.5019 0.1664
vn -0.8387 -0.5017 0.2117
vn -0.8115 -0.5037 0.2960
vn -0.7877 -0.4996 0.3605
vn -0.7918 -0.4958 0.3567
vn -0.8192 -0.4900 0.2979
vn -0.8414 -0.4864 0.2353
vn -0.8583 -0.4922 0.1453
vn -0.8686 -0.4922 0.0568
vn -0.8710 -0.4904 0.0275
vn -0.8618 -0.4977 -0.0981
vn -0.8372 -0.5000 -0.2216
vn -0.8286 -0.4995 -0.2527
vn -0.6287 -0.7521 -0.1979
vn -0.6487 -0.7408 -0.1744
vn -0.6703 -0.7389 -0.0687
vn -0.6807 -0.7317 0.0373
vn -0.6655 -0.7438 0.0626
vn -0.6229 -0.7718 0.1273
vn -0.6487 -0.7349 0.1979
vn -0.6363 -0.7322 0.2428
vn -0.6138 -0.7394 0.2765
vn -0.6078 -0.7451 0.2745
vn -0.6252 -0.7467 0.2273
vn -0.6470 -0.7450 0.1627
vn -0.6548 -0.7450 0.1275
vn -0.6588 -0.7448 0.1063
vn -0.6605 -0.7446 0.0963
vn -0.6598 -0.7440 0.1059
vn -0.6559 -0.7479 0.1018
vn -0.6586 -0.7507 0.0510
vn -0.6605 -0.7506 -0.0176
vn -0.6229 -0.7777 -0.0842
vn -0.6639 -0.7383 -0.1194
vn -0.7055 -0.6957 -0.1352
vn -0.7277 -0.6686 -0.1528
vn -0.7406 -0.6505 -0.1685
vt 1.187500 47.281250
vt 1.250000 47.281250
vt 1.250000 46.937500
vt 1.187500 46.937500
vt 1.187500 46.281250
vt 1.250000 46.281250
vt 1.250000 45.281250
vt 1.187500 45.281250
vt 1.187500 44.187500
vt 1.250000 44.187500
vt 1.250000 42.906250
vt 1.187500 42.906250
vt 1.187500 41.468750
vt 1.250000 41.468750
vt 1.250000 40.031250
vt 1.187500 40.031250
vt 1.187500 39.500000
vt 1.250000 39.500000
vt 1.187500 39.000000
vt 1.250000 39.000000
vt 1.187500 37.812500
vt 1.250000 37.812500
vt 1.187500 37.343750
vt 1.250000 37.343750
vt 1.187500 36.875000
vt 1.250000 36.875000
vt 1.250000 35.500000
vt 1.187500 35.500000
vt 1.187500 35.031250
vt 1.250000 35.031250
vt 1.187500 34.562500
vt 1.250000 34.562500
vt 1.187500 32.500000
vt 1.250000 32.500000
vt 1.250000 29.562500
vt 1.187500 29.562500
vt 1.187500 27.000000
vt 1.250000 27.000000
vt 1.250000 25.187500
vt 1.187500 25.187500
vt 1.187500 23.125000
vt 1.250000 23.125000
vt 1.250000 20.375000
vt 1.187500 20.375000
vt 1.187500 17.250000
vt 1.250000 17.250000
vt 1.250000 14.492188
vt 1.187500 14.492188
vt 1.187500 12.117188
vt 1.250000 12.117188
vt 1.250000 10.046875
vt 1.187500 10.046875
vt 1.187500 8.277344
vt 1.250000 8.277344
vt 1.250000 7.074219
vt 1.187500 7.074219
vt 1.187500 6.613281
vt 1.250000 6.613281
vt 1.187500 6.160156
vt 1.250000 6.160156
vt 1.187500 5.742188
vt 1.250000 5.742188
vt 1.187500 5.273438
vt 1.250000 5.273438
vt 1.187500 4.826172
vt 1.250000 4.826172
vt 1.250000 4.384766
vt 1.187500 4.384766
vt 1.187500 3.970703
vt 1.250000 3.970703
vt 1.187500 3.509766
vt 1.250000 3.509766
vt 1.187500 2.712891
vt 1.250000 2.713867
vt 1.250000 1.780273
vt 1.187500 1.780273
vt 1.187500 1.092102
vt 1.250000 1.092285
vt 1.250000 0.646973
vt 1.187500 0.646729
vt 1.187500 0.364746
vt 1.250000 0.365234
vt 1.250000 0.162109
vt 1.187500 0.161621
vt 1.187500 0.001465
vt 1.250000 0.001465
vt 1.125000 0.001465
vt 1.125000 0.161621
vt 1.062500 0.000977
vt 1.062500 0.161133
vt 1.000000 0.000977
vt 1.000000 0.161133
vt 0.937500 0.000977
vt 0.937500 0.161133
vt 0.875000 0.000488
vt 0.875000 0.160645
vt 0.812500 0.000488
vt 0.812500 0.160645
vt 0.750000 0.000488
vt 0.750000 0.160645
vt 0.687500 0.000000
vt 0.687500 0.160645
vt 0.625000 0.000000
vt 0.625000 0.160156
vt 0.562500 0.000000
vt 0.562500 0.160156
vt 0.500000 0.000000
vt 0.500000 0.160156
vt 0.437500 0.000000
vt 0.437500 0.160156
vt 0.375000 0.000000
vt 0.375000 0.160156
vt 0.312500 0.000000
vt 0.312500 0.160156
vt 0.250000 0.000000
vt 0.250000 0.160156
vt 0.187500 0.000000
vt 0.187500 0.160156
vt 0.125000 0.000000
vt 0.125000 0.160156
vt 0.062500 0.000000
vt 0.062500 0.160156
vt 0.000000 0.000000
vt 0.000000 0.160156
vt 0.000000 0.363281
vt 0.062500 0.363281
vt 0.062500 0.645508
vt 0.000000 0.645264
vt 0.000000 1.090637
vt 0.062500 1.090637
vt 0.062500 1.778809
vt 0.000000 1.778809
vt 0.000001 2.711914
vt 0.062500 2.711914
vt 0.062500 3.507812
vt 0.000002 3.507812
vt 0.062500 3.968750
vt 0.000002 3.968750
vt 0.062500 4.384766
vt 0.000002 4.384766
vt 0.000003 4.824219
vt 0.062500 4.824219
vt 0.062500 5.273438
vt 0.000003 5.273438
vt 0.062500 5.738281
vt 0.000004 5.738281
vt 0.062500 6.156250
vt 0.000004 6.156250
vt 0.062500 6.609375
vt 0.000005 6.609375
vt 0.062500 7.070312
vt 0.000005 7.070312
vt 0.000007 8.277344
vt 0.062500 8.277344
vt 0.062500 10.046875
vt 0.000011 10.046875
vt 0.000016 12.117188
vt 0.062500 12.117188
vt 0.062500 14.484375
vt 0.000021 14.484375
vt 0.000030 17.250000
vt 0.062500 17.250000
vt 0.062561 20.375000
vt 0.000041 20.375000
vt 0.000051 23.125000
vt 0.062561 23.125000
vt 0.062561 25.187500
vt 0.000060 25.187500
vt 0.000068 27.000000
vt 0.062561 27.000000
vt 0.062561 29.562500
vt 0.000081 29.562500
vt 0.000096 32.500000
vt 0.062622 32.500000
vt 0.062622 34.562500
vt 0.000109 34.562500
vt 0.062622 35.031250
vt 0.000112 35.031250
vt 0.062622 35.500000
vt 0.000115 35.500000
vt 0.000125 36.875000
vt 0.062622 36.875000
vt 0.062622 37.343750
vt 0.000128 37.343750
vt 0.062622 37.812500
vt 0.000131 37.812500
vt 0.062622 39.000000
vt 0.000140 39.000000
vt 0.062622 39.500000
vt 0.000143 39.500000
vt 0.062622 40.031250
vt 0.000146 40.000000
vt 0.000156 41.468750
vt 0.062683 41.468750
vt 0.062683 42.906250
vt 0.000167 42.906250
vt 0.000176 44.187500
vt 0.062683 44.187500
vt 0.062683 45.281250
vt 0.000184 45.281250
vt 0.000192 46.281250
vt 0.062683 46.281250
vt 0.062683 46.937500
vt 0.000197 46.937500
vt 0.000201 47.281250
vt 0.062683 47.281250
vt 0.125244 46.937500
vt 0.125244 47.281250
vt 0.187744 46.937500
vt 0.187744 47.281250
vt 0.250244 46.937500
vt 0.250244 47.281250
vt 0.312744 46.937500
vt 0.312744 47.281250
vt 0.375244 46.937500
vt 0.375244 47.281250
vt 0.437744 46.937500
vt 0.437744 47.281250
vt 0.500000 46.937500
vt 0.500000 47.281250
vt 0.562500 46.937500
vt 0.562500 47.281250
vt 0.625000 46.937500
vt 0.625000 47.281250
vt 0.687500 46.937500
vt 0.687500 47.281250
vt 0.750000 46.937500
vt 0.750000 47.281250
vt 0.812500 46.937500
vt 0.812500 47.281250
vt 0.875000 46.937500
vt 0.875000 47.281250
vt 0.937500 46.937500
vt 0.937500 47.281250
vt 1.000000 46.937500
vt 1.000000 47.281250
vt 1.062500 46.937500
vt 1.062500 47.281250
vt 1.125000 46.937500
vt 1.125000 47.281250
vt 1.125000 46.281250
vt 1.125000 45.281250
vt 1.125000 44.187500
vt 1.125000 42.906250
vt 1.125000 41.468750
vt 1.125000 40.000000
vt 1.125000 39.500000
vt 1.125000 39.000000
vt 1.125000 37.812500
vt 1.125000 37.343750
vt 1.125000 36.875000
vt 1.125000 35.500000
vt 1.125000 35.031250
vt 1.125000 34.562500
vt 1.125000 32.500000
vt 1.125000 29.562500
vt 1.125000 27.000000
vt 1.125000 25.187500
vt 1.125000 23.125000
vt 1.125000 20.375000
vt 1.125000 17.250000
vt 1.125000 14.492188
vt 1.125000 12.117188
vt 1.125000 10.046875
vt 1.125000 8.277344
vt 1.125000 7.074219
vt 1.125000 6.613281
vt 1.125000 6.160156
vt 1.125000 5.738281
vt 1.125000 5.273438
vt 1.125000 4.826172
vt 1.125000 4.384766
vt 1.125000 3.970703
vt 1.125000 3.509766
vt 1.125000 2.712891
vt 1.125000 1.779785
vt 1.125000 1.091919
vt 1.125000 0.646729
vt 1.125000 0.364746
vt 1.062500 0.364746
vt 1.000000 0.364258
vt 0.937500 0.364258
vt 0.875000 0.364258
vt 0.812500 0.363770
vt 0.750000 0.363770
vt 0.687500 0.363770
vt 0.625000 0.363770
vt 0.562500 0.363770
vt 0.500000 0.363770
vt 0.437500 0.363281
vt 0.375000 0.363281
vt 0.312500 0.363281
vt 0.250000 0.363281
vt 0.187500 0.363281
vt 0.125000 0.363281
vt 0.125000 0.645264
vt 0.125000 1.090576
vt 0.125000 1.778809
vt 0.125000 2.711914
vt 0.125000 3.507812
vt 0.125000 3.968750
vt 0.125000 4.384766
vt 0.125000 4.824219
vt 0.125000 5.273438
vt 0.125000 5.738281
vt 0.125000 6.156250
vt 0.125000 6.609375
vt 0.125000 7.070312
vt 0.125000 8.277344
vt 0.125000 10.046875
vt 0.125000 12.117188
vt 0.125000 14.484375
vt 0.125000 17.250000
vt 0.125000 20.375000
vt 0.125000 23.125000
vt 0.125000 25.187500
vt 0.125122 27.000000
vt 0.125122 29.562500
vt 0.125122 32.500000
vt 0.125122 34.562500
vt 0.125122 35.031250
vt 0.125122 35.500000
vt 0.125122 36.875000
vt 0.125122 37.343750
vt 0.125122 37.812500
vt 0.125122 39.000000
vt 0.125122 39.500000
vt 0.125122 40.031250
vt 0.125122 41.468750
vt 0.125122 42.906250
vt 0.125122 44.187500
vt 0.125122 45.281250
vt 0.125244 46.281250
vt 0.187744 46.281250
vt 0.250244 46.281250
vt 0.312744 46.281250
vt 0.375244 46.281250
vt 0.437744 46.281250
vt 0.500000 46.281250
vt 0.562500 46.281250
vt 0.625000 46.281250
vt 0.687500 46.281250
vt 0.750000 46.281250
vt 0.812500 46.281250
vt 0.875000 46.281250
vt 0.937500 46.281250
vt 1.000000 46.281250
vt 1.062500 46.281250
vt 1.062500 45.281250
vt 1.062500 44.187500
vt 1.062500 42.906250
vt 1.062500 41.468750
vt 1.062500 40.000000
vt 1.062500 39.500000
vt 1.062500 39.000000
vt 1.062500 37.812500
vt 1.062500 37.343750
vt 1.062500 36.875000
vt 1.062500 35.500000
vt 1.062500 35.031250
vt 1.062500 34.562500
vt 1.062500 32.500000
vt 1.062500 29.562500
vt 1.062500 27.000000
vt 1.062500 25.187500
vt 1.062500 23.125000
vt 1.062500 20.375000
vt 1.062500 17.250000
vt 1.062500 14.492188
vt 1.062500 12.117188
vt 1.062500 10.046875
vt 1.062500 8.277344
vt 1.062500 7.074219
vt 1.062500 6.613281
vt 1.062500 6.160156
vt 1.062500 5.738281
vt 1.062500 5.273438
vt 1.062500 4.826172
vt 1.062500 4.384766
vt 1.062500 3.968750
vt 1.062500 3.509766
vt 1.062500 2.712891
vt 1.062500 1.779785
vt 1.062500 1.091736
vt 1.062500 0.646484
vt 1.000000 0.646240
vt 0.937500 0.646240
vt 0.875000 0.645996
vt 0.812500 0.645752
vt 0.750000 0.645752
vt 0.687500 0.645508
vt 0.625000 0.645508
vt 0.562500 0.645508
vt 0.500000 0.645508
vt 0.437500 0.645508
vt 0.375000 0.645508
vt 0.312500 0.645508
vt 0.250000 0.645264
vt 0.187500 0.645264
vt 0.187500 1.090637
vt 0.187500 1.778809
vt 0.187500 2.711914
vt 0.187500 3.507812
vt 0.187500 3.968750
vt 0.187500 4.384766
vt 0.187500 4.824219
vt 0.187500 5.273438
vt 0.187500 5.738281
vt 0.187500 6.156250
vt 0.187500 6.609375
vt 0.187500 7.070312
vt 0.187500 8.277344
vt 0.187500 10.046875
vt 0.187500 12.117188
vt 0.187500 14.492188
vt 0.187500 17.250000
vt 0.187500 20.375000
vt 0.187500 23.125000
vt 0.187500 25.187500
vt 0.187622 27.000000
vt 0.187622 29.562500
vt 0.187622 32.500000
vt 0.187622 34.562500
vt 0.187622 35.031250
vt 0.187622 35.500000
vt 0.187622 36.875000
vt 0.187622 37.343750
vt 0.187622 37.812500
vt 0.187622 39.000000
vt 0.187622 39.500000
vt 0.187622 40.031250
vt 0.187622 41.468750
vt 0.187622 42.906250
vt 0.187622 44.187500
vt 0.187622 45.281250
vt 0.250244 45.281250
vt 0.312744 45.281250
vt 0.375244 45.281250
vt 0.437744 45.281250
vt 0.500000 45.281250
vt 0.562500 45.281250
vt 0.625000 45.281250
vt 0.687500 45.281250
vt 0.750000 45.281250
vt 0.812500 45.281250
vt 0.875000 45.281250
vt 0.937500 45.281250
vt 1.000000 45.281250
vt 1.000000 44.187500
vt 1.000000 42.906250
vt 1.000000 41.468750
vt 1.000000 40.000000
vt 1.000000 39.500000
vt 1.000000 39.000000
vt 1.000000 37.812500
vt 1.000000 37.343750
vt 1.000000 36.875000
vt 1.000000 35.500000
vt 1.000000 35.031250
vt 1.000000 34.562500
vt 1.000000 32.500000
vt 1.000000 29.562500
vt 1.000000 27.000000
vt 1.000000 25.187500
vt 1.000000 23.125000
vt 1.000000 20.375000
vt 1.000000 17.250000
vt 1.000000 14.492188
vt 1.000000 12.117188
vt 1.000000 10.046875
vt 1.000000 8.277344
vt 1.000000 7.074219
vt 1.000000 6.613281
vt 1.000000 6.160156
vt 1.000000 5.738281
vt 1.000000 5.273438
vt 1.000000 4.826172
vt 1.000000 4.384766
vt 1.000000 3.968750
vt 1.000000 3.509766
vt 1.000000 2.712891
vt 1.000000 1.779785
vt 1.000000 1.091553
vt 0.937500 1.091370
vt 0.875000 1.091248
vt 0.812500 1.091064
vt 0.750000 1.090942
vt 0.687500 1.090759
vt 0.625000 1.090759
vt 0.562500 1.090881
vt 0.500000 1.090759
vt 0.437500 1.090759
vt 0.375000 1.090698
vt 0.312500 1.090637
vt 0.250000 1.090637
vt 0.250000 1.778809
vt 0.250000 2.711914
vt 0.250000 3.507812
vt 0.250000 3.968750
vt 0.250000 4.384766
vt 0.250000 4.824219
vt 0.250000 5.273438
vt 0.250000 5.738281
vt 0.250000 6.160156
vt 0.250000 6.609375
vt 0.250000 7.074219
vt 0.250000 8.277344
vt 0.250000 10.046875
vt 0.250000 12.117188
vt 0.250000 14.492188
vt 0.250000 17.250000
vt 0.250000 20.375000
vt 0.250000 23.125000
vt 0.250000 25.187500
vt 0.250000 27.000000
vt 0.250000 29.562500
vt 0.250000 32.500000
vt 0.250000 34.562500
vt 0.250000 35.031250
vt 0.250000 35.500000
vt 0.250000 36.875000
vt 0.250244 37.343750
vt 0.250244 37.812500
vt 0.250244 39.000000
vt 0.250244 39.500000
vt 0.250244 40.031250
vt 0.250244 41.468750
vt 0.250244 42.906250
vt 0.250244 44.187500
vt 0.312744 44.187500
vt 0.375244 44.187500
vt 0.437744 44.187500
vt 0.500000 44.187500
vt 0.562500 44.187500
vt 0.625000 44.187500
vt 0.687500 44.187500
vt 0.750000 44.187500
vt 0.812500 44.187500
vt 0.875000 44.187500
vt 0.937500 44.187500
vt 0.937500 42.906250
vt 0.937500 41.468750
vt 0.937500 40.000000
vt 0.937500 39.500000
vt 0.937500 39.000000
vt 0.937500 37.812500
vt 0.937500 37.343750
vt 0.937500 36.875000
vt 0.937500 35.500000
vt 0.937500 35.031250
vt 0.937500 34.562500
vt 0.937500 32.500000
vt 0.937500 29.562500
vt 0.937500 27.000000
vt 0.937500 25.187500
vt 0.937500 23.125000
vt 0.937500 20.375000
vt 0.937500 17.250000
vt 0.937500 14.484375
vt 0.937500 12.117188
vt 0.937500 10.046875
vt 0.937500 8.277344
vt 0.937500 7.074219
vt 0.937500 6.613281
vt 0.937500 6.160156
vt 0.937500 5.738281
vt 0.937500 5.273438
vt 0.937500 4.826172
vt 0.937500 4.384766
vt 0.937500 3.968750
vt 0.937500 3.507812
vt 0.937500 2.712891
vt 0.937500 1.779297
vt 0.875000 1.779297
vt 0.812500 1.779297
vt 0.750000 1.778809
vt 0.687500 1.778809
vt 0.625000 1.778809
vt 0.562500 1.778809
vt 0.500000 1.778809
vt 0.437500 1.778809
vt 0.375000 1.778809
vt 0.312500 1.778809
vt 0.312500 2.711914
vt 0.312500 3.507812
vt 0.312500 3.968750
vt 0.312500 4.384766
vt 0.312500 4.824219
vt 0.312500 5.273438
vt 0.312500 5.738281
vt 0.312500 6.160156
vt 0.312500 6.609375
vt 0.312500 7.074219
vt 0.312500 8.277344
vt 0.312500 10.046875
vt 0.312500 12.117188
vt 0.312500 14.492188
vt 0.312500 17.250000
vt 0.312500 20.375000
vt 0.312500 23.125000
vt 0.312500 25.187500
vt 0.312500 27.000000
vt 0.312500 29.562500
vt 0.312500 32.500000
vt 0.312500 34.562500
vt 0.312500 35.031250
vt 0.312500 35.500000
vt 0.312500 36.875000
vt 0.312500 37.343750
vt 0.312744 37.812500
vt 0.312744 39.000000
vt 0.312744 39.500000
vt 0.312744 40.031250
vt 0.312744 41.468750
vt 0.312744 42.906250
vt 0.375244 42.906250
vt 0.437744 42.906250
vt 0.500000 42.906250
vt 0.562500 42.906250
vt 0.625000 42.906250
vt 0.687500 42.906250
vt 0.750000 42.906250
vt 0.812500 42.906250
vt 0.875000 42.906250
vt 0.875000 41.468750
vt 0.875000 40.000000
vt 0.875000 39.500000
vt 0.875000 39.000000
vt 0.875000 37.812500
vt 0.875000 37.343750
vt 0.875000 36.875000
vt 0.875000 35.500000
vt 0.875000 35.031250
vt 0.875000 34.562500
vt 0.875000 32.500000
vt 0.875000 29.562500
vt 0.875000 27.000000
vt 0.875000 25.187500
vt 0.875000 23.125000
vt 0.875000 20.375000
vt 0.875000 17.250000
vt 0.875000 14.484375
vt 0.875000 12.117188
vt 0.875000 10.046875
vt 0.875000 8.277344
vt 0.875000 7.074219
vt 0.875000 6.609375
vt 0.875000 6.160156
vt 0.875000 5.738281
vt 0.875000 5.273438
vt 0.875000 4.826172
vt 0.875000 4.384766
vt 0.875000 3.968750
vt 0.875000 3.507812
vt 0.875000 2.711914
vt 0.812500 2.711914
vt 0.750000 2.711914
vt 0.687500 2.711914
vt 0.625000 2.711914
vt 0.562500 2.711914
vt 0.500000 2.711914
vt 0.437500 2.711914
vt 0.375000 2.711914
vt 0.375000 3.507812
vt 0.375000 3.968750
vt 0.375000 4.384766
vt 0.375000 4.824219
vt 0.375000 5.273438
vt 0.375000 5.738281
vt 0.375000 6.160156
vt 0.375000 6.613281
vt 0.375000 7.074219
vt 0.375000 8.277344
vt 0.375000 10.046875
vt 0.375000 12.117188
vt 0.375000 14.492188
vt 0.375000 17.250000
vt 0.375000 20.375000
vt 0.375000 23.125000
vt 0.375000 25.187500
vt 0.375000 27.000000
vt 0.375000 29.562500
vt 0.375000 32.500000
vt 0.375000 34.562500
vt 0.375000 35.031250
vt 0.375000 35.500000
vt 0.375000 36.875000
vt 0.375000 37.343750
vt 0.375244 37.812500
vt 0.375244 39.000000
vt 0.375244 39.500000
vt 0.375244 40.031250
vt 0.375244 41.468750
vt 0.437744 41.468750
vt 0.500000 41.468750
vt 0.562500 41.500000
vt 0.625000 41.468750
vt 0.687500 41.468750
vt 0.750000 41.468750
vt 0.812500 41.468750
vt 0.812500 40.000000
vt 0.812500 39.500000
vt 0.812500 39.000000
vt 0.812500 37.812500
vt 0.812500 37.343750
vt 0.812500 36.875000
vt 0.812500 35.500000
vt 0.812500 35.031250
vt 0.812500 34.562500
vt 0.812500 32.500000
vt 0.812500 29.562500
vt 0.812500 27.000000
vt 0.812500 25.187500
vt 0.812500 23.125000
vt 0.812500 20.375000
vt 0.812500 17.250000
vt 0.812500 14.484375
vt 0.812500 12.117188
vt 0.812500 10.046875
vt 0.812500 8.277344
vt 0.812500 7.074219
vt 0.812500 6.609375
vt 0.812500 6.160156
vt 0.812500 5.738281
vt 0.812500 5.273438
vt 0.812500 4.824219
vt 0.812500 4.384766
vt 0.812500 3.968750
vt 0.812500 3.507812
vt 0.750000 3.507812
vt 0.687500 3.507812
vt 0.625000 3.507812
vt 0.562500 3.507812
vt 0.500000 3.507812
vt 0.437500 3.507812
vt 0.437500 3.968750
vt 0.437500 4.384766
vt 0.437500 4.826172
vt 0.437500 5.273438
vt 0.437500 5.738281
vt 0.437500 6.160156
vt 0.437500 6.613281
vt 0.437500 7.074219
vt 0.437500 8.277344
vt 0.437500 10.046875
vt 0.437500 12.117188
vt 0.437500 14.492188
vt 0.437500 17.250000
vt 0.437500 20.375000
vt 0.437500 23.125000
vt 0.437500 25.187500
vt 0.437500 27.000000
vt 0.437500 29.562500
vt 0.437500 32.500000
vt 0.437500 34.562500
vt 0.437500 35.031250
vt 0.437500 35.500000
vt 0.437500 36.875000
vt 0.437500 37.343750
vt 0.437744 37.812500
vt 0.437744 39.000000
vt 0.437744 39.500000
vt 0.437744 40.031250
vt 0.500000 40.031250
vt 0.562500 40.031250
vt 0.625000 40.031250
vt 0.687500 40.000000
vt 0.750000 40.000000
vt 0.750000 39.500000
vt 0.750000 39.000000
vt 0.750000 37.812500
vt 0.750000 37.343750
vt 0.750000 36.875000
vt 0.750000 35.500000
vt 0.750000 35.031250
vt 0.750000 34.562500
vt 0.750000 32.500000
vt 0.750000 29.562500
vt 0.750000 27.000000
vt 0.750000 25.187500
vt 0.750000 23.125000
vt 0.750000 20.375000
vt 0.750000 17.250000
vt 0.750000 14.484375
vt 0.750000 12.117188
vt 0.750000 10.046875
vt 0.750000 8.277344
vt 0.750000 7.070312
vt 0.750000 6.609375
vt 0.750000 6.156250
vt 0.750000 5.738281
vt 0.750000 5.273438
vt 0.750000 4.824219
vt 0.750000 4.384766
vt 0.750000 3.968750
vt 0.687500 3.968750
vt 0.625000 3.968750
vt 0.562500 3.968750
vt 0.500000 3.968750
vt 0.500000 4.384766
vt 0.500000 4.826172
vt 0.500000 5.273438
vt 0.500000 5.738281
vt 0.500000 6.160156
vt 0.500000 6.613281
vt 0.500000 7.074219
vt 0.500000 8.277344
vt 0.500000 10.046875
vt 0.500000 12.117188
vt 0.500000 14.492188
vt 0.500000 17.250000
vt 0.500000 20.375000
vt 0.500000 23.125000
vt 0.500000 25.187500
vt 0.500000 27.000000
vt 0.500000 29.562500
vt 0.500000 32.500000
vt 0.500000 34.562500
vt 0.500000 35.031250
vt 0.500000 35.500000
vt 0.500000 36.875000
vt 0.500000 37.343750
vt 0.500000 37.812500
vt 0.500000 39.000000
vt 0.500000 39.500000
vt 0.562500 39.500000
vt 0.625000 39.500000
vt 0.687500 39.500000
vt 0.687500 39.000000
vt 0.687500 37.812500
vt 0.687500 37.343750
vt 0.687500 36.875000
vt 0.687500 35.500000
vt 0.687500 35.031250
vt 0.687500 34.562500
vt 0.687500 32.500000
vt 0.687500 29.562500
vt 0.687500 27.000000
vt 0.687500 25.187500
vt 0.687500 23.125000
vt 0.687500 20.375000
vt 0.687500 17.250000
vt 0.687500 14.484375
vt 0.687500 12.117188
vt 0.687500 10.046875
vt 0.687500 8.277344
vt 0.687500 7.070312
vt 0.687500 6.609375
vt 0.687500 6.156250
vt 0.687500 5.738281
vt 0.687500 5.273438
vt 0.687500 4.824219
vt 0.687500 4.382812
vt 0.625000 4.384766
vt 0.562500 4.384766
vt 0.562500 4.826172
vt 0.562500 5.273438
vt 0.562500 5.738281
vt 0.562500 6.160156
vt 0.562500 6.613281
vt 0.562500 7.074219
vt 0.562500 8.277344
vt 0.562500 10.046875
vt 0.562500 12.117188
vt 0.562500 14.492188
vt 0.562500 17.250000
vt 0.562500 20.375000
vt 0.562500 23.125000
vt 0.562500 25.187500
vt 0.562500 27.000000
vt 0.562500 29.562500
vt 0.562500 32.500000
vt 0.562500 34.562500
vt 0.562500 35.031250
vt 0.562500 35.500000
vt 0.562500 36.875000
vt 0.562500 37.343750
vt 0.562500 37.812500
vt 0.562500 39.000000
vt 0.625000 39.000000
vt 0.625000 37.812500
vt 0.625000 37.343750
vt 0.625000 36.875000
vt 0.625000 35.500000
vt 0.625000 35.031250
vt 0.625000 34.562500
vt 0.625000 32.500000
vt 0.625000 29.562500
vt 0.625000 27.000000
vt 0.625000 25.187500
vt 0.625000 23.125000
vt 0.625000 20.375000
vt 0.625000 17.250000
vt 0.625000 14.492188
vt 0.625000 12.117188
vt 0.625000 10.046875
vt 0.625000 8.277344
vt 0.625000 7.074219
vt 0.625000 6.609375
vt 0.625000 6.160156
vt 0.625000 5.738281
vt 0.625000 5.273438
vt 0.625000 4.824219
s 1
f 177/1/1 202/2/2 201/3/3
f 176/4/4 177/1/1 201/3/3
f 178/5/5 176/4/4 201/3/3
f 201/3/3 203/6/6 178/5/5
f 203/6/6 204/7/7 178/5/5
f 179/8/8 178/5/5 204/7/7
f 180/9/9 179/8/8 204/7/7
f 204/7/7 205/10/10 180/9/9
f 205/10/10 206/11/11 180/9/9
f 181/12/12 180/9/9 206/11/11
f 182/13/13 181/12/12 206/11/11
f 206/11/11 207/14/14 182/13/13
f 207/14/14 607/15/15 182/13/13
f 598/16/16 182/13/13 607/15/15
f 599/17/17 598/16/16 607/15/15
f 607/15/15 608/18/18 599/17/17
f 600/19/19 599/17/17 608/18/18
f 608/18/18 609/20/20 600/19/19
f 601/21/21 600/19/19 609/20/20
f 609/20/20 610/22/22 601/21/21
f 602/23/23 601/21/21 610/22/22
f 610/22/22 611/24/24 602/23/23
f 603/25/25 602/23/23 611/24/24
f 611/24/24 612/26/26 603/25/25
f 612/26/26 613/27/27 603/25/25
f 604/28/28 603/25/25 613/27/27
f 605/29/29 604/28/28 613/27/27
f 613/27/27 614/30/30 605/29/29
f 606/31/31 605/29/29 614/30/30
f 614/30/30 615/32/32 606/31/31
f 184/33/33 606/31/31 615/32/32
f 615/32/32 209/34/34 184/33/33
f 209/34/34 208/35/35 184/33/33
f 183/36/36 184/33/33 208/35/35
f 185/37/37 183/36/36 208/35/35
f 208/35/35 210/38/38 185/37/37
f 210/38/38 211/39/39 185/37/37
f 186/40/40 185/37/37 211/39/39
f 187/41/41 186/40/40 211/39/39
f 211/39/39 212/42/42 187/41/41
f 212/42/42 213/43/43 187/41/41
f 188/44/44 187/41/41 213/43/43
f 189/45/45 188/44/44 213/43/43
f 213/43/43 214/46/46 189/45/45
f 214/46/46 215/47/47 189/45/45
f 190/48/48 189/45/45 215/47/47
f 191/49/49 190/48/48 215/47/47
f 215/47/47 216/50/50 191/49/49
f 216/50/50 217/51/51 191/49/49
f 192/52/52 191/49/49 217/51/51
f 193/53/53 192/52/52 217/51/51
f 217/51/51 218/54/54 193/53/53
f 218/54/54 796/55/55 193/53/53
f 787/56/56 193/53/53 796/55/55
f 788/57/57 787/56/56 796/55/55
f 796/55/55 797/58/58 788/57/57
f 789/59/59 788/57/57 797/58/58
f 797/58/58 798/60/60 789/59/59
f 790/61/61 789/59/59 798/60/60
f 798/60/60 799/62/62 790/61/61
f 791/63/63 790/61/61 799/62/62
f 799/62/62 800/64/64 791/63/63
f 792/65/65 791/63/63 800/64/64
f 800/64/64 801/66/66 792/65/65
f 801/66/66 802/67/67 792/65/65
f 793/68/68 792/65/65 802/67/67
f 794/69/69 793/68/68 802/67/67
f 802/67/67 803/70/70 794/69/69
f 795/71/71 794/69/69 803/70/70
f 803/70/70 804/72/72 795/71/71
f 195/73/73 795/71/71 804/72/72
f 804/72/72 220/74/74 195/73/73
f 220/74/74 219/75/75 195/73/73
f 194/76/76 195/73/73 219/75/75
f 196/77/77 194/76/76 219/75/75
f 219/75/75 221/78/78 196/77/77
f 221/78/78 222/79/79 196/77/77
f 197/80/80 196/77/77 222/79/79
f 198/81/81 197/80/80 222/79/79
f 222/79/79 223/82/82 198/81/81
f 223/82/82 224/83/83 198/81/81
f 199/84/84 198/81/81 224/83/83
f 200/85/84 199/84/84 224/83/83
f 224/83/83 225/86/85 200/85/84
f 199/84/84 200/85/84 175/87/86
f 174/88/87 199/84/84 175/87/86
f 175/87/86 150/89/88 174/88/87
f 149/90/89 174/88/87 150/89/88
f 150/89/88 125/91/90 149/90/89
f 124/92/91 149/90/89 125/91/90
f 125/91/90 100/93/92 124/92/91
f 99/94/93 124/92/91 100/93/92
f 100/93/92 75/95/94 99/94/93
f 74/96/95 99/94/93 75/95/94
f 75/95/94 50/97/96 74/96/95
f 48/98/97 74/96/95 50/97/96
f 50/97/96 49/99/98 48/98/97
f 47/100/99 48/98/97 49/99/98
f 49/99/98 525/101/100 47/100/99
f 524/102/101 47/100/99 525/101/100
f 525/101/100 500/103/102 524/102/101
f 499/104/103 524/102/101 500/103/102
f 500/103/102 475/105/104 499/104/103
f 474/106/105 499/104/103 475/105/104
f 475/105/104 450/107/106 474/106/105
f 449/108/106 474/106/105 450/107/106
f 450/107/106 425/109/107 449/108/106
f 424/110/108 449/108/106 425/109/107
f 425/109/107 400/111/109 424/110/108
f 399/112/110 424/110/108 400/111/109
f 400/111/109 375/113/111 399/112/110
f 374/114/112 399/112/110 375/113/111
f 375/113/111 350/115/113 374/114/112
f 349/116/114 374/114/112 350/115/113
f 350/115/113 325/117/115 349/116/114
f 324/118/116 349/116/114 325/117/115
f 325/117/115 300/119/117 324/118/116
f 299/120/118 324/118/116 300/119/117
f 300/119/117 275/121/119 299/120/118
f 273/122/120 299/120/118 275/121/119
f 275/121/119 274/123/121 273/122/120
f 274/123/121 272/124/122 273/122/120
f 272/124/122 270/125/123 273/122/120
f 271/126/124 273/122/120 270/125/123
f 269/127/125 271/126/124 270/125/123
f 270/125/123 268/128/126 269/127/125
f 268/128/126 266/129/127 269/127/125
f 267/130/128 269/127/125 266/129/127
f 264/131/129 267/130/128 266/129/127
f 266/129/127 262/132/130 264/131/129
f 262/132/130 263/133/131 264/131/129
f 265/134/132 264/131/129 263/133/131
f 822/135/133 265/134/132 263/133/131
f 263/133/131 821/136/134 822/135/133
f 820/137/135 822/135/133 821/136/134
f 821/136/134 819/138/136 820/137/135
f 818/139/137 820/137/135 819/138/136
f 819/138/136 817/140/138 818/139/137
f 817/140/138 815/141/139 818/139/137
f 816/142/140 818/139/137 815/141/139
f 814/143/141 816/142/140 815/141/139
f 815/141/139 813/144/142 814/143/141
f 812/145/143 814/143/141 813/144/142
f 813/144/142 811/146/144 812/145/143
f 810/147/145 812/145/143 811/146/144
f 811/146/144 809/148/146 810/147/145
f 808/149/147 810/147/145 809/148/146
f 809/148/146 807/150/148 808/149/147
f 806/151/149 808/149/147 807/150/148
f 807/150/148 805/152/150 806/151/149
f 805/152/150 260/153/151 806/151/149
f 261/154/152 806/151/149 260/153/151
f 259/155/153 261/154/152 260/153/151
f 260/153/151 258/156/154 259/155/153
f 258/156/154 256/157/155 259/155/153
f 257/158/156 259/155/153 256/157/155
f 255/159/157 257/158/156 256/157/155
f 256/157/155 254/160/158 255/159/157
f 254/160/158 252/161/159 255/159/157
f 253/162/160 255/159/157 252/161/159
f 251/163/161 253/162/160 252/161/159
f 252/161/159 250/164/162 251/163/161
f 250/164/162 248/165/163 251/163/161
f 249/166/164 251/163/161 248/165/163
f 247/167/165 249/166/164 248/165/163
f 248/165/163 246/168/166 247/167/165
f 246/168/166 244/169/167 247/167/165
f 245/170/168 247/167/165 244/169/167
f 242/171/169 245/170/168 244/169/167
f 244/169/167 240/172/170 242/171/169
f 240/172/170 241/173/171 242/171/169
f 243/174/172 242/171/169 241/173/171
f 633/175/173 243/174/172 241/173/171
f 241/173/171 632/176/174 633/175/173
f 631/177/175 633/175/173 632/176/174
f 632/176/174 630/178/176 631/177/175
f 629/179/177 631/177/175 630/178/176
f 630/178/176 628/180/178 629/179/177
f 628/180/178 626/181/179 629/179/177
f 627/182/180 629/179/177 626/181/179
f 625/183/181 627/182/180 626/181/179
f 626/181/179 624/184/182 625/183/181
f 623/185/183 625/183/181 624/184/182
f 624/184/182 622/186/184 623/185/183
f 621/187/185 623/185/183 622/186/184
f 622/186/184 620/188/186 621/187/185
f 619/189/187 621/187/185 620/188/186
f 620/188/186 618/190/188 619/189/187
f 617/191/189 619/189/187 618/190/188
f 618/190/188 616/192/190 617/191/189
f 616/192/190 238/193/191 617/191/189
f 239/194/192 617/191/189 238/193/191
f 237/195/193 239/194/192 238/193/191
f 238/193/191 236/196/194 237/195/193
f 236/196/194 234/197/195 237/195/193
f 235/198/196 237/195/193 234/197/195
f 233/199/197 235/198/196 234/197/195
f 234/197/195 232/200/198 233/199/197
f 232/200/198 230/201/199 233/199/197
f 231/202/200 233/199/197 230/201/199
f 228/203/201 231/202/200 230/201/199
f 230/201/199 226/204/202 228/203/201
f 226/204/202 227/205/203 228/203/201
f 227/205/203 229/206/204 228/203/201
f 276/207/205 228/203/201 229/206/204
f 229/206/204 277/208/206 276/207/205
f 301/209/207 276/207/205 277/208/206
f 277/208/206 302/210/208 301/209/207
f 326/211/209 301/209/207 302/210/208
f 302/210/208 327/212/210 326/211/209
f 351/213/211 326/211/209 327/212/210
f 327/212/210 352/214/212 351/213/211
f 376/215/213 351/213/211 352/214/212
f 352/214/212 377/216/214 376/215/213
f 401/217/215 376/215/213 377/216/214
f 377/216/214 402/218/216 401/217/215
f 426/219/217 401/217/215 402/218/216
f 402/218/216 427/220/218 426/219/217
f 451/221/219 426/219/217 427/220/218
f 427/220/218 452/222/220 451/221/219
f 476/223/221 451/221/219 452/222/220
f 452/222/220 477/224/222 476/223/221
f 501/225/223 476/223/221 477/224/222
f 477/224/222 502/226/224 501/225/223
f 1/227/225 501/225/223 502/226/224
f 502/226/224 2/228/226 1/227/225
f 3/229/227 1/227/225 2/228/226
f 2/228/226 4/230/228 3/229/227
f 51/231/229 3/229/227 4/230/228
f 4/230/228 52/232/230 51/231/229
f 76/233/231 51/231/229 52/232/230
f 52/232/230 77/234/232 76/233/231
f 101/235/233 76/233/231 77/234/232
f 77/234/232 102/236/234 101/235/233
f 126/237/235 101/235/233 102/236/234
f 102/236/234 127/238/236 126/237/235
f 151/239/237 126/237/235 127/238/236
f 127/238/236 152/240/238 151/239/237
f 176/4/4 151/239/237 152/240/238
f 152/240/238 177/1/1 176/4/4
f 153/241/239 151/239/237 176/4/4
f 176/4/4 178/5/5 153/241/239
f 178/5/5 179/8/8 153/241/239
f 154/242/240 153/241/239 179/8/8
f 155/243/241 154/242/240 179/8/8
f 179/8/8 180/9/9 155/243/241
f 180/9/9 181/12/12 155/243/241
f 156/244/242 155/243/241 181/12/12
f 157/245/243 156/244/242 181/12/12
f 181/12/12 182/13/13 157/245/243
f 182/13/13 598/16/16 157/245/243
f 589/246/244 157/245/243 598/16/16
f 590/247/245 589/246/244 598/16/16
f 598/16/16 599/17/17 590/247/245
f 591/248/246 590/247/245 599/17/17
f 599/17/17 600/19/19 591/248/246
f 592/249/247 591/248/246 600/19/19
f 600/19/19 601/21/21 592/249/247
f 593/250/248 592/249/247 601/21/21
f 601/21/21 602/23/23 593/250/248
f 594/251/249 593/250/248 602/23/23
f 602/23/23 603/25/25 594/251/249
f 603/25/25 604/28/28 594/251/249
f 595/252/250 594/251/249 604/28/28
f 596/253/251 595/252/250 604/28/28
f 604/28/28 605/29/29 596/253/251
f 597/254/252 596/253/251 605/29/29
f 605/29/29 606/31/31 597/254/252
f 159/255/253 597/254/252 606/31/31
f 606/31/31 184/33/33 159/255/253
f 184/33/33 183/36/36 159/255/253
f 158/256/254 159/255/253 183/36/36
f 160/257/255 158/256/254 183/36/36
f 183/36/36 185/37/37 160/257/255
f 185/37/37 186/40/40 160/257/255
f 161/258/256 160/257/255 186/40/40
f 162/259/257 161/258/256 186/40/40
f 186/40/40 187/41/41 162/259/257
f 187/41/41 188/44/44 162/259/257
f 163/260/258 162/259/257 188/44/44
f 164/261/259 163/260/258 188/44/44
f 188/44/44 189/45/45 164/261/259
f 189/45/45 190/48/48 164/261/259
f 165/262/260 164/261/259 190/48/48
f 166/263/261 165/262/260 190/48/48
f 190/48/48 191/49/49 166/263/261
f 191/49/49 192/52/52 166/263/261
f 167/264/262 166/263/261 192/52/52
f 168/265/263 167/264/262 192/52/52
f 192/52/52 193/53/53 168/265/263
f 193/53/53 787/56/56 168/265/263
f 778/266/264 168/265/263 787/56/56
f 779/267/265 778/266/264 787/56/56
f 787/56/56 788/57/57 779/267/265
f 780/268/266 779/267/265 788/57/57
f 788/57/57 789/59/59 780/268/266
f 781/269/267 780/268/266 789/59/59
f 789/59/59 790/61/61 781/269/267
f 782/270/268 781/269/267 790/61/61
f 790/61/61 791/63/63 782/270/268
f 783/271/269 782/270/268 791/63/63
f 791/63/63 792/65/65 783/271/269
f 792/65/65 793/68/68 783/271/269
f 784/272/270 783/271/269 793/68/68
f 785/273/271 784/272/270 793/68/68
f 793/68/68 794/69/69 785/273/271
f 786/274/272 785/273/271 794/69/69
f 794/69/69 795/71/71 786/274/272
f 170/275/273 786/274/272 795/71/71
f 795/71/71 195/73/73 170/275/273
f 195/73/73 194/76/76 170/275/273
f 169/276/274 170/275/273 194/76/76
f 171/277/275 169/276/274 194/76/76
f 194/76/76 196/77/77 171/277/275
f 196/77/77 197/80/80 171/277/275
f 172/278/276 171/277/275 197/80/80
f 173/279/277 172/278/276 197/80/80
f 197/80/80 198/81/81 173/279/277
f 198/81/81 199/84/84 173/279/277
f 199/84/84 174/88/87 173/279/277
f 148/280/278 173/279/277 174/88/87
f 174/88/87 149/90/89 148/280/278
f 123/281/279 148/280/278 149/90/89
f 149/90/89 124/92/91 123/281/279
f 98/282/280 123/281/279 124/92/91
f 124/92/91 99/94/93 98/282/280
f 73/283/281 98/282/280 99/94/93
f 99/94/93 74/96/95 73/283/281
f 46/284/282 73/283/281 74/96/95
f 74/96/95 48/98/97 46/284/282
f 45/285/283 46/284/282 48/98/97
f 48/98/97 47/100/99 45/285/283
f 523/286/284 45/285/283 47/100/99
f 47/100/99 524/102/101 523/286/284
f 498/287/285 523/286/284 524/102/101
f 524/102/101 499/104/103 498/287/285
f 473/288/286 498/287/285 499/104/103
f 499/104/103 474/106/105 473/288/286
f 448/289/287 473/288/286 474/106/105
f 474/106/105 449/108/106 448/289/287
f 423/290/288 448/289/287 449/108/106
f 449/108/106 424/110/108 423/290/288
f 398/291/289 423/290/288 424/110/108
f 424/110/108 399/112/110 398/291/289
f 373/292/290 398/291/289 399/112/110
f 399/112/110 374/114/112 373/292/290
f 348/293/291 373/292/290 374/114/112
f 374/114/112 349/116/114 348/293/291
f 323/294/292 348/293/291 349/116/114
f 349/116/114 324/118/116 323/294/292
f 298/295/293 323/294/292 324/118/116
f 324/118/116 299/120/118 298/295/293
f 271/126/124 298/295/293 299/120/118
f 299/120/118 273/122/120 271/126/124
f 297/296/294 298/295/293 271/126/124
f 271/126/124 269/127/125 297/296/294
f 269/127/125 267/130/128 297/296/294
f 296/297/295 297/296/294 267/130/128
f 294/298/296 296/297/295 267/130/128
f 267/130/128 264/131/129 294/298/296
f 264/131/129 265/134/132 294/298/296
f 295/299/297 294/298/296 265/134/132
f 831/300/298 295/299/297 265/134/132
f 265/134/132 822/135/133 831/300/298
f 830/301/299 831/300/298 822/135/133
f 822/135/133 820/137/135 830/301/299
f 829/302/300 830/301/299 820/137/135
f 820/137/135 818/139/137 829/302/300
f 818/139/137 816/142/140 829/302/300
f 828/303/301 829/302/300 816/142/140
f 827/304/302 828/303/301 816/142/140
f 816/142/140 814/143/141 827/304/302
f 826/305/303 827/304/302 814/143/141
f 814/143/141 812/145/143 826/305/303
f 825/306/304 826/305/303 812/145/143
f 812/145/143 810/147/145 825/306/304
f 824/307/305 825/306/304 810/147/145
f 810/147/145 808/149/147 824/307/305
f 823/308/306 824/307/305 808/149/147
f 808/149/147 806/151/149 823/308/306
f 806/151/149 261/154/152 823/308/306
f 293/309/307 823/308/306 261/154/152
f 292/310/308 293/309/307 261/154/152
f 261/154/152 259/155/153 292/310/308
f 259/155/153 257/158/156 292/310/308
f 291/311/309 292/310/308 257/158/156
f 290/312/310 291/311/309 257/158/156
f 257/158/156 255/159/157 290/312/310
f 255/159/157 253/162/160 290/312/310
f 289/313/311 290/312/310 253/162/160
f 288/314/312 289/313/311 253/162/160
f 253/162/160 251/163/161 288/314/312
f 251/163/161 249/166/164 288/314/312
f 287/315/313 288/314/312 249/166/164
f 286/316/314 287/315/313 249/166/164
f 249/166/164 247/167/165 286/316/314
f 247/167/165 245/170/168 286/316/314
f 285/317/315 286/316/314 245/170/168
f 283/318/316 285/317/315 245/170/168
f 245/170/168 242/171/169 283/318/316
f 242/171/169 243/174/172 283/318/316
f 284/319/317 283/318/316 243/174/172
f 642/320/318 284/319/317 243/174/172
f 243/174/172 633/175/173 642/320/318
f 641/321/319 642/320/318 633/175/173
f 633/175/173 631/177/175 641/321/319
f 640/322/320 641/321/319 631/177/175
f 631/177/175 629/179/177 640/322/320
f 629/179/177 627/182/180 640/322/320
f 639/323/321 640/322/320 627/182/180
f 638/324/322 639/323/321 627/182/180
f 627/182/180 625/183/181 638/324/322
f 637/325/323 638/324/322 625/183/181
f 625/183/181 623/185/183 637/325/323
f 636/326/324 637/325/323 623/185/183
f 623/185/183 621/187/185 636/326/324
f 635/327/325 636/326/324 621/187/185
f 621/187/185 619/189/187 635/327/325
f 634/328/326 635/327/325 619/189/187
f 619/189/187 617/191/189 634/328/326
f 617/191/189 239/194/192 634/328/326
f 282/329/327 634/328/326 239/194/192
f 281/330/328 282/329/327 239/194/192
f 239/194/192 237/195/193 281/330/328
f 237/195/193 235/198/196 281/330/328
f 280/331/329 281/330/328 235/198/196
f 279/332/330 280/331/329 235/198/196
f 235/198/196 233/199/197 279/332/330
f 233/199/197 231/202/200 279/332/330
f 278/333/331 279/332/330 231/202/200
f 276/207/205 278/333/331 231/202/200
f 231/202/200 228/203/201 276/207/205
f 278/333/331 276/207/205 301/209/207
f 303/334/332 278/333/331 301/209/207
f 301/209/207 326/211/209 303/334/332
f 328/335/333 303/334/332 326/211/209
f 326/211/209 351/213/211 328/335/333
f 353/336/334 328/335/333 351/213/211
f 351/213/211 376/215/213 353/336/334
f 378/337/335 353/336/334 376/215/213
f 376/215/213 401/217/215 378/337/335
f 403/338/336 378/337/335 401/217/215
f 401/217/215 426/219/217 403/338/336
f 428/339/337 403/338/336 426/219/217
f 426/219/217 451/221/219 428/339/337
f 453/340/338 428/339/337 451/221/219
f 451/221/219 476/223/221 453/340/338
f 478/341/339 453/340/338 476/223/221
f 476/223/221 501/225/223 478/341/339
f 503/342/340 478/341/339 501/225/223
f 501/225/223 1/227/225 503/342/340
f 5/343/341 503/342/340 1/227/225
f 1/227/225 3/229/227 5/343/341
f 6/344/342 5/343/341 3/229/227
f 3/229/227 51/231/229 6/344/342
f 53/345/343 6/344/342 51/231/229
f 51/231/229 76/233/231 53/345/343
f 78/346/344 53/345/343 76/233/231
f 76/233/231 101/235/233 78/346/344
f 103/347/345 78/346/344 101/235/233
f 101/235/233 126/237/235 103/347/345
f 128/348/346 103/347/345 126/237/235
f 126/237/235 151/239/237 128/348/346
f 151/239/237 153/241/239 128/348/346
f 153/241/239 154/242/240 128/348/346
f 129/349/347 128/348/346 154/242/240
f 130/350/348 129/349/347 154/242/240
f 154/242/240 155/243/241 130/350/348
f 155/243/241 156/244/242 130/350/348
f 131/351/349 130/350/348 156/244/242
f 132/352/350 131/351/349 156/244/242
f 156/244/242 157/245/243 132/352/350
f 157/245/243 589/246/244 132/352/350
f 580/353/351 132/352/350 589/246/244
f 581/354/352 580/353/351 589/246/244
f 589/246/244 590/247/245 581/354/352
f 582/355/353 581/354/352 590/247/245
f 590/247/245 591/248/246 582/355/353
f 583/356/354 582/355/353 591/248/246
f 591/248/246 592/249/247 583/356/354
f 584/357/355 583/356/354 592/249/247
f 592/249/247 593/250/248 584/357/355
f 585/358/356 584/357/355 593/250/248
f 593/250/248 594/251/249 585/358/356
f 594/251/249 595/252/250 585/358/356
f 586/359/357 585/358/356 595/252/250
f 587/360/358 586/359/357 595/252/250
f 595/252/250 596/253/251 587/360/358
f 588/361/359 587/360/358 596/253/251
f 596/253/251 597/254/252 588/361/359
f 134/362/360 588/361/359 597/254/252
f 597/254/252 159/255/253 134/362/360
f 159/255/253 158/256/254 134/362/360
f 133/363/361 134/362/360 158/256/254
f 135/364/362 133/363/361 158/256/254
f 158/256/254 160/257/255 135/364/362
f 160/257/255 161/258/256 135/364/362
f 136/365/363 135/364/362 161/258/256
f 137/366/364 136/365/363 161/258/256
f 161/258/256 162/259/257 137/366/364
f 162/259/257 163/260/258 137/366/364
f 138/367/365 137/366/364 163/260/258
f 139/368/366 138/367/365 163/260/258
f 163/260/258 164/261/259 139/368/366
f 164/261/259 165/262/260 139/368/366
f 140/369/367 139/368/366 165/262/260
f 141/370/368 140/369/367 165/262/260
f 165/262/260 166/263/261 141/370/368
f 166/263/261 167/264/262 141/370/368
f 142/371/369 141/370/368 167/264/262
f 143/372/370 142/371/369 167/264/262
f 167/264/262 168/265/263 143/372/370
f 168/265/263 778/266/264 143/372/370
f 769/373/371 143/372/370 778/266/264
f 770/374/372 769/373/371 778/266/264
f 778/266/264 779/267/265 770/374/372
f 771/375/373 770/374/372 779/267/265
f 779/267/265 780/268/266 771/375/373
f 772/376/374 771/375/373 780/268/266
f 780/268/266 781/269/267 772/376/374
f 773/377/375 772/376/374 781/269/267
f 781/269/267 782/270/268 773/377/375
f 774/378/376 773/377/375 782/270/268
f 782/270/268 783/271/269 774/378/376
f 783/271/269 784/272/270 774/378/376
f 775/379/377 774/378/376 784/272/270
f 776/380/378 775/379/377 784/272/270
f 784/272/270 785/273/271 776/380/378
f 777/381/379 776/380/378 785/273/271
f 785/273/271 786/274/272 777/381/379
f 145/382/380 777/381/379 786/274/272
f 786/274/272 170/275/273 145/382/380
f 170/275/273 169/276/274 145/382/380
f 144/383/381 145/382/380 169/276/274
f 146/384/382 144/383/381 169/276/274
f 169/276/274 171/277/275 146/384/382
f 171/277/275 172/278/276 146/384/382
f 147/385/383 146/384/382 172/278/276
f 148/280/278 147/385/383 172/278/276
f 172/278/276 173/279/277 148/280/278
f 147/385/383 148/280/278 123/281/279
f 122/386/384 147/385/383 123/281/279
f 123/281/279 98/282/280 122/386/384
f 97/387/385 122/386/384 98/282/280
f 98/282/280 73/283/281 97/387/385
f 72/388/386 97/387/385 73/283/281
f 73/283/281 46/284/282 72/388/386
f 44/389/387 72/388/386 46/284/282
f 46/284/282 45/285/283 44/389/387
f 43/390/388 44/389/387 45/285/283
f 45/285/283 523/286/284 43/390/388
f 522/391/389 43/390/388 523/286/284
f 523/286/284 498/287/285 522/391/389
f 497/392/390 522/391/389 498/287/285
f 498/287/285 473/288/286 497/392/390
f 472/393/391 497/392/390 473/288/286
f 473/288/286 448/289/287 472/393/391
f 447/394/392 472/393/391 448/289/287
f 448/289/287 423/290/288 447/394/392
f 422/395/393 447/394/392 423/290/288
f 423/290/288 398/291/289 422/395/393
f 397/396/394 422/395/393 398/291/289
f 398/291/289 373/292/290 397/396/394
f 372/397/395 397/396/394 373/292/290
f 373/292/290 348/293/291 372/397/395
f 347/398/396 372/397/395 348/293/291
f 348/293/291 323/294/292 347/398/396
f 322/399/397 347/398/396 323/294/292
f 323/294/292 298/295/293 322/399/397
f 298/295/293 297/296/294 322/399/397
f 297/296/294 296/297/295 322/399/397
f 321/400/398 322/399/397 296/297/295
f 319/401/399 321/400/398 296/297/295
f 296/297/295 294/298/296 319/401/399
f 294/298/296 295/299/297 319/401/399
f 320/402/400 319/401/399 295/299/297
f 840/403/401 320/402/400 295/299/297
f 295/299/297 831/300/298 840/403/401
f 839/404/402 840/403/401 831/300/298
f 831/300/298 830/301/299 839/404/402
f 838/405/403 839/404/402 830/301/299
f 830/301/299 829/302/300 838/405/403
f 829/302/300 828/303/301 838/405/403
f 837/406/404 838/405/403 828/303/301
f 836/407/405 837/406/404 828/303/301
f 828/303/301 827/304/302 836/407/405
f 835/408/406 836/407/405 827/304/302
f 827/304/302 826/305/303 835/408/406
f 834/409/407 835/408/406 826/305/303
f 826/305/303 825/306/304 834/409/407
f 833/410/408 834/409/407 825/306/304
f 825/306/304 824/307/305 833/410/408
f 832/411/409 833/410/408 824/307/305
f 824/307/305 823/308/306 832/411/409
f 823/308/306 293/309/307 832/411/409
f 318/412/410 832/411/409 293/309/307
f 317/413/411 318/412/410 293/309/307
f 293/309/307 292/310/308 317/413/411
f 292/310/308 291/311/309 317/413/411
f 316/414/412 317/413/411 291/311/309
f 315/415/413 316/414/412 291/311/309
f 291/311/309 290/312/310 315/415/413
f 290/312/310 289/313/311 315/415/413
f 314/416/414 315/415/413 289/313/311
f 313/417/415 314/416/414 289/313/311
f 289/313/311 288/314/312 313/417/415
f 288/314/312 287/315/313 313/417/415
f 312/418/416 313/417/415 287/315/313
f 311/419/417 312/418/416 287/315/313
f 287/315/313 286/316/314 311/419/417
f 286/316/314 285/317/315 311/419/417
f 310/420/418 311/419/417 285/317/315
f 308/421/419 310/420/418 285/317/315
f 285/317/315 283/318/316 308/421/419
f 283/318/316 284/319/317 308/421/419
f 309/422/420 308/421/419 284/319/317
f 651/423/421 309/422/420 284/319/317
f 284/319/317 642/320/318 651/423/421
f 650/424/422 651/423/421 642/320/318
f 642/320/318 641/321/319 650/424/422
f 649/425/423 650/424/422 641/321/319
f 641/321/319 640/322/320 649/425/423
f 640/322/320 639/323/321 649/425/423
f 648/426/424 649/425/423 639/323/321
f 647/427/425 648/426/424 639/323/321
f 639/323/321 638/324/322 647/427/425
f 646/428/426 647/427/425 638/324/322
f 638/324/322 637/325/323 646/428/426
f 645/429/427 646/428/426 637/325/323
f 637/325/323 636/326/324 645/429/427
f 644/430/428 645/429/427 636/326/324
f 636/326/324 635/327/325 644/430/428
f 643/431/429 644/430/428 635/327/325
f 635/327/325 634/328/326 643/431/429
f 634/328/326 282/329/327 643/431/429
f 307/432/430 643/431/429 282/329/327
f 306/433/431 307/432/430 282/329/327
f 282/329/327 281/330/328 306/433/431
f 281/330/328 280/331/329 306/433/431
f 305/434/432 306/433/431 280/331/329
f 304/435/433 305/434/432 280/331/329
f 280/331/329 279/332/330 304/435/433
f 279/332/330 278/333/331 304/435/433
f 278/333/331 303/334/332 304/435/433
f 329/436/434 304/435/433 303/334/332
f 303/334/332 328/335/333 329/436/434
f 354/437/435 329/436/434 328/335/333
f 328/335/333 353/336/334 354/437/435
f 379/438/436 354/437/435 353/336/334
f 353/336/334 378/337/335 379/438/436
f 404/439/437 379/438/436 378/337/335
f 378/337/335 403/338/336 404/439/437
f 429/440/438 404/439/437 403/338/336
f 403/338/336 428/339/337 429/440/438
f 454/441/439 429/440/438 428/339/337
f 428/339/337 453/340/338 454/441/439
f 479/442/440 454/441/439 453/340/338
f 453/340/338 478/341/339 479/442/440
f 504/443/441 479/442/440 478/341/339
f 478/341/339 503/342/340 504/443/441
f 7/444/442 504/443/441 503/342/340
f 503/342/340 5/343/341 7/444/442
f 8/445/443 7/444/442 5/343/341
f 5/343/341 6/344/342 8/445/443
f 54/446/444 8/445/443 6/344/342
f 6/344/342 53/345/343 54/446/444
f 79/447/445 54/446/444 53/345/343
f 53/345/343 78/346/344 79/447/445
f 104/448/446 79/447/445 78/346/344
f 78/346/344 103/347/345 104/448/446
f 129/349/347 104/448/446 103/347/345
f 103/347/345 128/348/346 129/349/347
f 105/449/447 104/448/446 129/349/347
f 129/349/347 130/350/348 105/449/447
f 130/350/348 131/351/349 105/449/447
f 106/450/448 105/449/447 131/351/349
f 107/451/449 106/450/448 131/351/349
f 131/351/349 132/352/350 107/451/449
f 132/352/350 580/353/351 107/451/449
f 571/452/450 107/451/449 580/353/351
f 572/453/451 571/452/450 580/353/351
f 580/353/351 581/354/352 572/453/451
f 573/454/452 572/453/451 581/354/352
f 581/354/352 582/355/353 573/454/452
f 574/455/453 573/454/452 582/355/353
f 582/355/353 583/356/354 574/455/453
f 575/456/454 574/455/453 583/356/354
f 583/356/354 584/357/355 575/456/454
f 576/457/455 575/456/454 584/357/355
f 584/357/355 585/358/356 576/457/455
f 585/358/356 586/359/357 576/457/455
f 577/458/456 576/457/455 586/359/357
f 578/459/457 577/458/456 586/359/357
f 586/359/357 587/360/358 578/459/457
f 579/460/458 578/459/457 587/360/358
f 587/360/358 588/361/359 579/460/458
f 109/461/459 579/460/458 588/361/359
f 588/361/359 134/362/360 109/461/459
f 134/362/360 133/363/361 109/461/459
f 108/462/460 109/461/459 133/363/361
f 110/463/461 108/462/460 133/363/361
f 133/363/361 135/364/362 110/463/461
f 135/364/362 136/365/363 110/463/461
f 111/464/462 110/463/461 136/365/363
f 112/465/463 111/464/462 136/365/363
f 136/365/363 137/366/364 112/465/463
f 137/366/364 138/367/365 112/465/463
f 113/466/464 112/465/463 138/367/365
f 114/467/465 113/466/464 138/367/365
f 138/367/365 139/368/366 114/467/465
f 139/368/366 140/369/367 114/467/465
f 115/468/466 114/467/465 140/369/367
f 116/469/467 115/468/466 140/369/367
f 140/369/367 141/370/368 116/469/467
f 141/370/368 142/371/369 116/469/467
f 117/470/468 116/469/467 142/371/369
f 118/471/469 117/470/468 142/371/369
f 142/371/369 143/372/370 118/471/469
f 143/372/370 769/373/371 118/471/469
f 760/472/470 118/471/469 769/373/371
f 761/473/471 760/472/470 769/373/371
f 769/373/371 770/374/372 761/473/471
f 762/474/472 761/473/471 770/374/372
f 770/374/372 771/375/373 762/474/472
f 763/475/473 762/474/472 771/375/373
f 771/375/373 772/376/374 763/475/473
f 764/476/474 763/475/473 772/376/374
f 772/376/374 773/377/375 764/476/474
f 765/477/475 764/476/474 773/377/375
f 773/377/375 774/378/376 765/477/475
f 774/378/376 775/379/377 765/477/475
f 766/478/476 765/477/475 775/379/377
f 767/479/477 766/478/476 775/379/377
f 775/379/377 776/380/378 767/479/477
f 768/480/478 767/479/477 776/380/378
f 776/380/378 777/381/379 768/480/478
f 120/481/479 768/480/478 777/381/379
f 777/381/379 145/382/380 120/481/479
f 145/382/380 144/383/381 120/481/479
f 119/482/480 120/481/479 144/383/381
f 121/483/481 119/482/480 144/383/381
f 144/383/381 146/384/382 121/483/481
f 146/384/382 147/385/383 121/483/481
f 147/385/383 122/386/384 121/483/481
f 96/484/482 121/483/481 122/386/384
f 122/386/384 97/387/385 96/484/482
f 71/485/483 96/484/482 97/387/385
f 97/387/385 72/388/386 71/485/483
f 42/486/484 71/485/483 72/388/386
f 72/388/386 44/389/387 42/486/484
f 41/487/485 42/486/484 44/389/387
f 44/389/387 43/390/388 41/487/485
f 521/488/486 41/487/485 43/390/388
f 43/390/388 522/391/389 521/488/486
f 496/489/487 521/488/486 522/391/389
f 522/391/389 497/392/390 496/489/487
f 471/490/488 496/489/487 497/392/390
f 497/392/390 472/393/391 471/490/488
f 446/491/489 471/490/488 472/393/391
f 472/393/391 447/394/392 446/491/489
f 421/492/490 446/491/489 447/394/392
f 447/394/392 422/395/393 421/492/490
f 396/493/491 421/492/490 422/395/393
f 422/395/393 397/396/394 396/493/491
f 371/494/492 396/493/491 397/396/394
f 397/396/394 372/397/395 371/494/492
f 346/495/493 371/494/492 372/397/395
f 372/397/395 347/398/396 346/495/493
f 321/400/398 346/495/493 347/398/396
f 347/398/396 322/399/397 321/400/398
f 344/496/494 346/495/493 321/400/398
f 321/400/398 319/401/399 344/496/494
f 319/401/399 320/402/400 344/496/494
f 345/497/495 344/496/494 320/402/400
f 849/498/496 345/497/495 320/402/400
f 320/402/400 840/403/401 849/498/496
f 848/499/497 849/498/496 840/403/401
f 840/403/401 839/404/402 848/499/497
f 847/500/498 848/499/497 839/404/402
f 839/404/402 838/405/403 847/500/498
f 838/405/403 837/406/404 847/500/498
f 846/501/499 847/500/498 837/406/404
f 845/502/500 846/501/499 837/406/404
f 837/406/404 836/407/405 845/502/500
f 844/503/501 845/502/500 836/407/405
f 836/407/405 835/408/406 844/503/501
f 843/504/502 844/503/501 835/408/406
f 835/408/406 834/409/407 843/504/502
f 842/505/503 843/504/502 834/409/407
f 834/409/407 833/410/408 842/505/503
f 841/506/504 842/505/503 833/410/408
f 833/410/408 832/411/409 841/506/504
f 832/411/409 318/412/410 841/506/504
f 343/507/505 841/506/504 318/412/410
f 342/508/506 343/507/505 318/412/410
f 318/412/410 317/413/411 342/508/506
f 317/413/411 316/414/412 342/508/506
f 341/509/507 342/508/506 316/414/412
f 340/510/508 341/509/507 316/414/412
f 316/414/412 315/415/413 340/510/508
f 315/415/413 314/416/414 340/510/508
f 339/511/509 340/510/508 314/416/414
f 338/512/510 339/511/509 314/416/414
f 314/416/414 313/417/415 338/512/510
f 313/417/415 312/418/416 338/512/510
f 337/513/511 338/512/510 312/418/416
f 336/514/512 337/513/511 312/418/416
f 312/418/416 311/419/417 336/514/512
f 311/419/417 310/420/418 336/514/512
f 335/515/513 336/514/512 310/420/418
f 333/516/514 335/515/513 310/420/418
f 310/420/418 308/421/419 333/516/514
f 308/421/419 309/422/420 333/516/514
f 334/517/515 333/516/514 309/422/420
f 660/518/516 334/517/515 309/422/420
f 309/422/420 651/423/421 660/518/516
f 659/519/517 660/518/516 651/423/421
f 651/423/421 650/424/422 659/519/517
f 658/520/518 659/519/517 650/424/422
f 650/424/422 649/425/423 658/520/518
f 649/425/423 648/426/424 658/520/518
f 657/521/519 658/520/518 648/426/424
f 656/522/520 657/521/519 648/426/424
f 648/426/424 647/427/425 656/522/520
f 655/523/521 656/522/520 647/427/425
f 647/427/425 646/428/426 655/523/521
f 654/524/522 655/523/521 646/428/426
f 646/428/426 645/429/427 654/524/522
f 653/525/523 654/524/522 645/429/427
f 645/429/427 644/430/428 653/525/523
f 652/526/524 653/525/523 644/430/428
f 644/430/428 643/431/429 652/526/524
f 643/431/429 307/432/430 652/526/524
f 332/527/525 652/526/524 307/432/430
f 331/528/526 332/527/525 307/432/430
f 307/432/430 306/433/431 331/528/526
f 306/433/431 305/434/432 331/528/526
f 330/529/527 331/528/526 305/434/432
f 329/436/434 330/529/527 305/434/432
f 305/434/432 304/435/433 329/436/434
f 330/529/527 329/436/434 354/437/435
f 355/530/528 330/529/527 354/437/435
f 354/437/435 379/438/436 355/530/528
f 380/531/529 355/530/528 379/438/436
f 379/438/436 404/439/437 380/531/529
f 405/532/530 380/531/529 404/439/437
f 404/439/437 429/440/438 405/532/530
f 430/533/531 405/532/530 429/440/438
f 429/440/438 454/441/439 430/533/531
f 455/534/532 430/533/531 454/441/439
f 454/441/439 479/442/440 455/534/532
f 480/535/533 455/534/532 479/442/440
f 479/442/440 504/443/441 480/535/533
f 505/536/534 480/535/533 504/443/441
f 504/443/441 7/444/442 505/536/534
f 9/537/535 505/536/534 7/444/442
f 7/444/442 8/445/443 9/537/535
f 10/538/536 9/537/535 8/445/443
f 8/445/443 54/446/444 10/538/536
f 55/539/537 10/538/536 54/446/444
f 54/446/444 79/447/445 55/539/537
f 80/540/538 55/539/537 79/447/445
f 79/447/445 104/448/446 80/540/538
f 104/448/446 105/449/447 80/540/538
f 105/449/447 106/450/448 80/540/538
f 81/541/539 80/540/538 106/450/448
f 82/542/540 81/541/539 106/450/448
f 106/450/448 107/451/449 82/542/540
f 107/451/449 571/452/450 82/542/540
f 562/543/541 82/542/540 571/452/450
f 563/544/542 562/543/541 571/452/450
f 571/452/450 572/453/451 563/544/542
f 564/545/543 563/544/542 572/453/451
f 572/453/451 573/454/452 564/545/543
f 565/546/544 564/545/543 573/454/452
f 573/454/452 574/455/453 565/546/544
f 566/547/545 565/546/544 574/455/453
f 574/455/453 575/456/454 566/547/545
f 567/548/546 566/547/545 575/456/454
f 575/456/454 576/457/455 567/548/546
f 576/457/455 577/458/456 567/548/546
f 568/549/547 567/548/546 577/458/456
f 569/550/548 568/549/547 577/458/456
f 577/458/456 578/459/457 569/550/548
f 570/551/549 569/550/548 578/459/457
f 578/459/457 579/460/458 570/551/549
f 84/552/550 570/551/549 579/460/458
f 579/460/458 109/461/459 84/552/550
f 109/461/459 108/462/460 84/552/550
f 83/553/551 84/552/550 108/462/460
f 85/554/552 83/553/551 108/462/460
f 108/462/460 110/463/461 85/554/552
f 110/463/461 111/464/462 85/554/552
f 86/555/553 85/554/552 111/464/462
f 87/556/554 86/555/553 111/464/462
f 111/464/462 112/465/463 87/556/554
f 112/465/463 113/466/464 87/556/554
f 88/557/555 87/556/554 113/466/464
f 89/558/556 88/557/555 113/466/464
f 113/466/464 114/467/465 89/558/556
f 114/467/465 115/468/466 89/558/556
f 90/559/557 89/558/556 115/468/466
f 91/560/558 90/559/557 115/468/466
f 115/468/466 116/469/467 91/560/558
f 116/469/467 117/470/468 91/560/558
f 92/561/559 91/560/558 117/470/468
f 93/562/560 92/561/559 117/470/468
f 117/470/468 118/471/469 93/562/560
f 118/471/469 760/472/470 93/562/560
f 751/563/561 93/562/560 760/472/470
f 752/564/562 751/563/561 760/472/470
f 760/472/470 761/473/471 752/564/562
f 753/565/563 752/564/562 761/473/471
f 761/473/471 762/474/472 753/565/563
f 754/566/564 753/565/563 762/474/472
f 762/474/472 763/475/473 754/566/564
f 755/567/565 754/566/564 763/475/473
f 763/475/473 764/476/474 755/567/565
f 756/568/566 755/567/565 764/476/474
f 764/476/474 765/477/475 756/568/566
f 765/477/475 766/478/476 756/568/566
f 757/569/567 756/568/566 766/478/476
f 758/570/568 757/569/567 766/478/476
f 766/478/476 767/479/477 758/570/568
f 759/571/569 758/570/568 767/479/477
f 767/479/477 768/480/478 759/571/569
f 95/572/570 759/571/569 768/480/478
f 768/480/478 120/481/479 95/572/570
f 120/481/479 119/482/480 95/572/570
f 94/573/571 95/572/570 119/482/480
f 96/484/482 94/573/571 119/482/480
f 119/482/480 121/483/481 96/484/482
f 94/573/571 96/484/482 71/485/483
f 69/574/572 94/573/571 71/485/483
f 71/485/483 42/486/484 69/574/572
f 39/575/573 69/574/572 42/486/484
f 42/486/484 41/487/485 39/575/573
f 37/576/574 39/575/573 41/487/485
f 41/487/485 521/488/486 37/576/574
f 519/577/575 37/576/574 521/488/486
f 521/488/486 496/489/487 519/577/575
f 494/578/576 519/577/575 496/489/487
f 496/489/487 471/490/488 494/578/576
f 469/579/577 494/578/576 471/490/488
f 471/490/488 446/491/489 469/579/577
f 444/580/578 469/579/577 446/491/489
f 446/491/489 421/492/490 444/580/578
f 419/581/579 444/580/578 421/492/490
f 421/492/490 396/493/491 419/581/579
f 394/582/580 419/581/579 396/493/491
f 396/493/491 371/494/492 394/582/580
f 369/583/581 394/582/580 371/494/492
f 371/494/492 346/495/493 369/583/581
f 346/495/493 344/496/494 369/583/581
f 344/496/494 345/497/495 369/583/581
f 370/584/582 369/583/581 345/497/495
f 858/585/583 370/584/582 345/497/495
f 345/497/495 849/498/496 858/585/583
f 857/586/584 858/585/583 849/498/496
f 849/498/496 848/499/497 857/586/584
f 856/587/585 857/586/584 848/499/497
f 848/499/497 847/500/498 856/587/585
f 847/500/498 846/501/499 856/587/585
f 855/588/586 856/587/585 846/501/499
f 854/589/587 855/588/586 846/501/499
f 846/501/499 845/502/500 854/589/587
f 853/590/588 854/589/587 845/502/500
f 845/502/500 844/503/501 853/590/588
f 852/591/589 853/590/588 844/503/501
f 844/503/501 843/504/502 852/591/589
f 851/592/590 852/591/589 843/504/502
f 843/504/502 842/505/503 851/592/590
f 850/593/591 851/592/590 842/505/503
f 842/505/503 841/506/504 850/593/591
f 841/506/504 343/507/505 850/593/591
f 368/594/592 850/593/591 343/507/505
f 367/595/593 368/594/592 343/507/505
f 343/507/505 342/508/506 367/595/593
f 342/508/506 341/509/507 367/595/593
f 366/596/594 367/595/593 341/509/507
f 365/597/595 366/596/594 341/509/507
f 341/509/507 340/510/508 365/597/595
f 340/510/508 339/511/509 365/597/595
f 364/598/596 365/597/595 339/511/509
f 363/599/597 364/598/596 339/511/509
f 339/511/509 338/512/510 363/599/597
f 338/512/510 337/513/511 363/599/597
f 362/600/598 363/599/597 337/513/511
f 361/601/599 362/600/598 337/513/511
f 337/513/511 336/514/512 361/601/599
f 336/514/512 335/515/513 361/601/599
f 360/602/600 361/601/599 335/515/513
f 358/603/601 360/602/600 335/515/513
f 335/515/513 333/516/514 358/603/601
f 333/516/514 334/517/515 358/603/601
f 359/604/602 358/603/601 334/517/515
f 669/605/603 359/604/602 334/517/515
f 334/517/515 660/518/516 669/605/603
f 668/606/604 669/605/603 660/518/516
f 660/518/516 659/519/517 668/606/604
f 667/607/605 668/606/604 659/519/517
f 659/519/517 658/520/518 667/607/605
f 658/520/518 657/521/519 667/607/605
f 666/608/606 667/607/605 657/521/519
f 665/609/607 666/608/606 657/521/519
f 657/521/519 656/522/520 665/609/607
f 664/610/608 665/609/607 656/522/520
f 656/522/520 655/523/521 664/610/608
f 663/611/609 664/610/608 655/523/521
f 655/523/521 654/524/522 663/611/609
f 662/612/610 663/611/609 654/524/522
f 654/524/522 653/525/523 662/612/610
f 661/613/611 662/612/610 653/525/523
f 653/525/523 652/526/524 661/613/611
f 652/526/524 332/527/525 661/613/611
f 357/614/612 661/613/611 332/527/525
f 356/615/613 357/614/612 332/527/525
f 332/527/525 331/528/526 356/615/613
f 331/528/526 330/529/527 356/615/613
f 330/529/527 355/530/528 356/615/613
f 381/616/614 356/615/613 355/530/528
f 355/530/528 380/531/529 381/616/614
f 406/617/615 381/616/614 380/531/529
f 380/531/529 405/532/530 406/617/615
f 431/618/616 406/617/615 405/532/530
f 405/532/530 430/533/531 431/618/616
f 456/619/617 431/618/616 430/533/531
f 430/533/531 455/534/532 456/619/617
f 481/620/618 456/619/617 455/534/532
f 455/534/532 480/535/533 481/620/618
f 506/621/619 481/620/618 480/535/533
f 480/535/533 505/536/534 506/621/619
f 11/622/620 506/621/619 505/536/534
f 505/536/534 9/537/535 11/622/620
f 12/623/621 11/622/620 9/537/535
f 9/537/535 10/538/536 12/623/621
f 56/624/622 12/623/621 10/538/536
f 10/538/536 55/539/537 56/624/622
f 81/541/539 56/624/622 55/539/537
f 55/539/537 80/540/538 81/541/539
f 57/625/623 56/624/622 81/541/539
f 81/541/539 82/542/540 57/625/623
f 82/542/540 562/543/541 57/625/623
f 535/626/624 57/625/623 562/543/541
f 536/627/625 535/626/624 562/543/541
f 562/543/541 563/544/542 536/627/625
f 537/628/626 536/627/625 563/544/542
f 563/544/542 564/545/543 537/628/626
f 539/629/627 537/628/626 564/545/543
f 564/545/543 565/546/544 539/629/627
f 541/630/628 539/629/627 565/546/544
f 565/546/544 566/547/545 541/630/628
f 543/631/629 541/630/628 566/547/545
f 566/547/545 567/548/546 543/631/629
f 567/548/546 568/549/547 543/631/629
f 559/632/630 543/631/629 568/549/547
f 560/633/631 559/632/630 568/549/547
f 568/549/547 569/550/548 560/633/631
f 561/634/632 560/633/631 569/550/548
f 569/550/548 570/551/549 561/634/632
f 59/635/633 561/634/632 570/551/549
f 570/551/549 84/552/550 59/635/633
f 84/552/550 83/553/551 59/635/633
f 58/636/634 59/635/633 83/553/551
f 60/637/635 58/636/634 83/553/551
f 83/553/551 85/554/552 60/637/635
f 85/554/552 86/555/553 60/637/635
f 61/638/636 60/637/635 86/555/553
f 62/639/637 61/638/636 86/555/553
f 86/555/553 87/556/554 62/639/637
f 87/556/554 88/557/555 62/639/637
f 63/640/638 62/639/637 88/557/555
f 64/641/639 63/640/638 88/557/555
f 88/557/555 89/558/556 64/641/639
f 89/558/556 90/559/557 64/641/639
f 65/642/640 64/641/639 90/559/557
f 66/643/641 65/642/640 90/559/557
f 90/559/557 91/560/558 66/643/641
f 91/560/558 92/561/559 66/643/641
f 67/644/642 66/643/641 92/561/559
f 68/645/643 67/644/642 92/561/559
f 92/561/559 93/562/560 68/645/643
f 93/562/560 751/563/561 68/645/643
f 724/646/644 68/645/643 751/563/561
f 725/647/645 724/646/644 751/563/561
f 751/563/561 752/564/562 725/647/645
f 726/648/646 725/647/645 752/564/562
f 752/564/562 753/565/563 726/648/646
f 728/649/647 726/648/646 753/565/563
f 753/565/563 754/566/564 728/649/647
f 730/650/648 728/649/647 754/566/564
f 754/566/564 755/567/565 730/650/648
f 732/651/649 730/650/648 755/567/565
f 755/567/565 756/568/566 732/651/649
f 756/568/566 757/569/567 732/651/649
f 748/652/650 732/651/649 757/569/567
f 749/653/651 748/652/650 757/569/567
f 757/569/567 758/570/568 749/653/651
f 750/654/652 749/653/651 758/570/568
f 758/570/568 759/571/569 750/654/652
f 70/655/653 750/654/652 759/571/569
f 759/571/569 95/572/570 70/655/653
f 95/572/570 94/573/571 70/655/653
f 94/573/571 69/574/572 70/655/653
f 40/656/654 70/655/653 69/574/572
f 69/574/572 39/575/573 40/656/654
f 38/657/655 40/656/654 39/575/573
f 39/575/573 37/576/574 38/657/655
f 520/658/656 38/657/655 37/576/574
f 37/576/574 519/577/575 520/658/656
f 495/659/657 520/658/656 519/577/575
f 519/577/575 494/578/576 495/659/657
f 470/660/658 495/659/657 494/578/576
f 494/578/576 469/579/577 470/660/658
f 445/661/659 470/660/658 469/579/577
f 469/579/577 444/580/578 445/661/659
f 420/662/660 445/661/659 444/580/578
f 444/580/578 419/581/579 420/662/660
f 395/663/661 420/662/660 419/581/579
f 419/581/579 394/582/580 395/663/661
f 370/584/582 395/663/661 394/582/580
f 394/582/580 369/583/581 370/584/582
f 867/664/662 395/663/661 370/584/582
f 370/584/582 858/585/583 867/664/662
f 866/665/663 867/664/662 858/585/583
f 858/585/583 857/586/584 866/665/663
f 865/666/664 866/665/663 857/586/584
f 857/586/584 856/587/585 865/666/664
f 856/587/585 855/588/586 865/666/664
f 864/667/665 865/666/664 855/588/586
f 863/668/666 864/667/665 855/588/586
f 855/588/586 854/589/587 863/668/666
f 862/669/667 863/668/666 854/589/587
f 854/589/587 853/590/588 862/669/667
f 861/670/668 862/669/667 853/590/588
f 853/590/588 852/591/589 861/670/668
f 860/671/669 861/670/668 852/591/589
f 852/591/589 851/592/590 860/671/669
f 859/672/670 860/671/669 851/592/590
f 851/592/590 850/593/591 859/672/670
f 850/593/591 368/594/592 859/672/670
f 393/673/671 859/672/670 368/594/592
f 392/674/672 393/673/671 368/594/592
f 368/594/592 367/595/593 392/674/672
f 367/595/593 366/596/594 392/674/672
f 391/675/673 392/674/672 366/596/594
f 390/676/674 391/675/673 366/596/594
f 366/596/594 365/597/595 390/676/674
f 365/597/595 364/598/596 390/676/674
f 389/677/675 390/676/674 364/598/596
f 388/678/676 389/677/675 364/598/596
f 364/598/596 363/599/597 388/678/676
f 363/599/597 362/600/598 388/678/676
f 387/679/677 388/678/676 362/600/598
f 386/680/678 387/679/677 362/600/598
f 362/600/598 361/601/599 386/680/678
f 361/601/599 360/602/600 386/680/678
f 385/681/679 386/680/678 360/602/600
f 383/682/680 385/681/679 360/602/600
f 360/602/600 358/603/601 383/682/680
f 358/603/601 359/604/602 383/682/680
f 384/683/681 383/682/680 359/604/602
f 678/684/682 384/683/681 359/604/602
f 359/604/602 669/605/603 678/684/682
f 677/685/683 678/684/682 669/605/603
f 669/605/603 668/606/604 677/685/683
f 676/686/684 677/685/683 668/606/604
f 668/606/604 667/607/605 676/686/684
f 667/607/605 666/608/606 676/686/684
f 675/687/685 676/686/684 666/608/606
f 674/688/686 675/687/685 666/608/606
f 666/608/606 665/609/607 674/688/686
f 673/689/687 674/688/686 665/609/607
f 665/609/607 664/610/608 673/689/687
f 672/690/688 673/689/687 664/610/608
f 664/610/608 663/611/609 672/690/688
f 671/691/689 672/690/688 663/611/609
f 663/611/609 662/612/610 671/691/689
f 670/692/690 671/691/689 662/612/610
f 662/612/610 661/613/611 670/692/690
f 661/613/611 357/614/612 670/692/690
f 382/693/691 670/692/690 357/614/612
f 381/616/614 382/693/691 357/614/612
f 357/614/612 356/615/613 381/616/614
f 382/693/691 381/616/614 406/617/615
f 407/694/692 382/693/691 406/617/615
f 406/617/615 431/618/616 407/694/692
f 432/695/693 407/694/692 431/618/616
f 431/618/616 456/619/617 432/695/693
f 457/696/694 432/695/693 456/619/617
f 456/619/617 481/620/618 457/696/694
f 482/697/695 457/696/694 481/620/618
f 481/620/618 506/621/619 482/697/695
f 507/698/696 482/697/695 506/621/619
f 506/621/619 11/622/620 507/698/696
f 13/699/697 507/698/696 11/622/620
f 11/622/620 12/623/621 13/699/697
f 14/700/698 13/699/697 12/623/621
f 12/623/621 56/624/622 14/700/698
f 56/624/622 57/625/623 14/700/698
f 57/625/623 535/626/624 14/700/698
f 532/701/699 14/700/698 535/626/624
f 533/702/700 532/701/699 535/626/624
f 535/626/624 536/627/625 533/702/700
f 534/703/701 533/702/700 536/627/625
f 536/627/625 537/628/626 534/703/701
f 538/704/702 534/703/701 537/628/626
f 537/628/626 539/629/627 538/704/702
f 540/705/703 538/704/702 539/629/627
f 539/629/627 541/630/628 540/705/703
f 542/706/704 540/705/703 541/630/628
f 541/630/628 543/631/629 542/706/704
f 543/631/629 559/632/630 542/706/704
f 556/707/705 542/706/704 559/632/630
f 557/708/706 556/707/705 559/632/630
f 559/632/630 560/633/631 557/708/706
f 558/709/707 557/708/706 560/633/631
f 560/633/631 561/634/632 558/709/707
f 18/710/708 558/709/707 561/634/632
f 561/634/632 59/635/633 18/710/708
f 59/635/633 58/636/634 18/710/708
f 17/711/709 18/710/708 58/636/634
f 20/712/710 17/711/709 58/636/634
f 58/636/634 60/637/635 20/712/710
f 60/637/635 61/638/636 20/712/710
f 22/713/711 20/712/710 61/638/636
f 24/714/712 22/713/711 61/638/636
f 61/638/636 62/639/637 24/714/712
f 62/639/637 63/640/638 24/714/712
f 26/715/713 24/714/712 63/640/638
f 28/716/714 26/715/713 63/640/638
f 63/640/638 64/641/639 28/716/714
f 64/641/639 65/642/640 28/716/714
f 30/717/715 28/716/714 65/642/640
f 32/718/716 30/717/715 65/642/640
f 65/642/640 66/643/641 32/718/716
f 66/643/641 67/644/642 32/718/716
f 34/719/717 32/718/716 67/644/642
f 36/720/718 34/719/717 67/644/642
f 67/644/642 68/645/643 36/720/718
f 68/645/643 724/646/644 36/720/718
f 721/721/719 36/720/718 724/646/644
f 722/722/720 721/721/719 724/646/644
f 724/646/644 725/647/645 722/722/720
f 723/723/721 722/722/720 725/647/645
f 725/647/645 726/648/646 723/723/721
f 727/724/722 723/723/721 726/648/646
f 726/648/646 728/649/647 727/724/722
f 729/725/723 727/724/722 728/649/647
f 728/649/647 730/650/648 729/725/723
f 731/726/724 729/725/723 730/650/648
f 730/650/648 732/651/649 731/726/724
f 732/651/649 748/652/650 731/726/724
f 745/727/725 731/726/724 748/652/650
f 746/728/726 745/727/725 748/652/650
f 748/652/650 749/653/651 746/728/726
f 747/729/727 746/728/726 749/653/651
f 749/653/651 750/654/652 747/729/727
f 40/656/654 747/729/727 750/654/652
f 750/654/652 70/655/653 40/656/654
f 747/729/727 40/656/654 38/657/655
f 739/730/728 747/729/727 38/657/655
f 38/657/655 520/658/656 739/730/728
f 740/731/729 739/730/728 520/658/656
f 520/658/656 495/659/657 740/731/729
f 903/732/730 740/731/729 495/659/657
f 495/659/657 470/660/658 903/732/730
f 894/733/731 903/732/730 470/660/658
f 470/660/658 445/661/659 894/733/731
f 885/734/732 894/733/731 445/661/659
f 445/661/659 420/662/660 885/734/732
f 876/735/733 885/734/732 420/662/660
f 420/662/660 395/663/661 876/735/733
f 395/663/661 867/664/662 876/735/733
f 875/736/734 876/735/733 867/664/662
f 867/664/662 866/665/663 875/736/734
f 874/737/735 875/736/734 866/665/663
f 866/665/663 865/666/664 874/737/735
f 865/666/664 864/667/665 874/737/735
f 873/738/736 874/737/735 864/667/665
f 872/739/737 873/738/736 864/667/665
f 864/667/665 863/668/666 872/739/737
f 871/740/738 872/739/737 863/668/666
f 863/668/666 862/669/667 871/740/738
f 870/741/739 871/740/738 862/669/667
f 862/669/667 861/670/668 870/741/739
f 869/742/740 870/741/739 861/670/668
f 861/670/668 860/671/669 869/742/740
f 868/743/741 869/742/740 860/671/669
f 860/671/669 859/672/670 868/743/741
f 859/672/670 393/673/671 868/743/741
f 418/744/742 868/743/741 393/673/671
f 417/745/743 418/744/742 393/673/671
f 393/673/671 392/674/672 417/745/743
f 392/674/672 391/675/673 417/745/743
f 416/746/744 417/745/743 391/675/673
f 415/747/745 416/746/744 391/675/673
f 391/675/673 390/676/674 415/747/745
f 390/676/674 389/677/675 415/747/745
f 414/748/746 415/747/745 389/677/675
f 413/749/747 414/748/746 389/677/675
f 389/677/675 388/678/676 413/749/747
f 388/678/676 387/679/677 413/749/747
f 412/750/748 413/749/747 387/679/677
f 411/751/749 412/750/748 387/679/677
f 387/679/677 386/680/678 411/751/749
f 386/680/678 385/681/679 411/751/749
f 410/752/750 411/751/749 385/681/679
f 408/753/751 410/752/750 385/681/679
f 385/681/679 383/682/680 408/753/751
f 383/682/680 384/683/681 408/753/751
f 409/754/752 408/753/751 384/683/681
f 687/755/753 409/754/752 384/683/681
f 384/683/681 678/684/682 687/755/753
f 686/756/754 687/755/753 678/684/682
f 678/684/682 677/685/683 686/756/754
f 685/757/755 686/756/754 677/685/683
f 677/685/683 676/686/684 685/757/755
f 676/686/684 675/687/685 685/757/755
f 684/758/756 685/757/755 675/687/685
f 683/759/757 684/758/756 675/687/685
f 675/687/685 674/688/686 683/759/757
f 682/760/758 683/759/757 674/688/686
f 674/688/686 673/689/687 682/760/758
f 681/761/759 682/760/758 673/689/687
f 673/689/687 672/690/688 681/761/759
f 680/762/760 681/761/759 672/690/688
f 672/690/688 671/691/689 680/762/760
f 679/763/761 680/762/760 671/691/689
f 671/691/689 670/692/690 679/763/761
f 670/692/690 382/693/691 679/763/761
f 382/693/691 407/694/692 679/763/761
f 688/764/762 679/763/761 407/694/692
f 407/694/692 432/695/693 688/764/762
f 697/765/763 688/764/762 432/695/693
f 432/695/693 457/696/694 697/765/763
f 706/766/764 697/765/763 457/696/694
f 457/696/694 482/697/695 706/766/764
f 531/767/765 706/766/764 482/697/695
f 482/697/695 507/698/696 531/767/765
f 530/768/766 531/767/765 507/698/696
f 507/698/696 13/699/697 530/768/766
f 532/701/699 530/768/766 13/699/697
f 13/699/697 14/700/698 532/701/699
f 528/769/767 530/768/766 532/701/699
f 532/701/699 533/702/700 528/769/767
f 526/770/768 528/769/767 533/702/700
f 533/702/700 534/703/701 526/770/768
f 546/771/769 526/770/768 534/703/701
f 534/703/701 538/704/702 546/771/769
f 545/772/770 546/771/769 538/704/702
f 538/704/702 540/705/703 545/772/770
f 544/773/771 545/772/770 540/705/703
f 540/705/703 542/706/704 544/773/771
f 542/706/704 556/707/705 544/773/771
f 554/774/772 544/773/771 556/707/705
f 552/775/773 554/774/772 556/707/705
f 556/707/705 557/708/706 552/775/773
f 550/776/774 552/775/773 557/708/706
f 557/708/706 558/709/707 550/776/774
f 16/777/775 550/776/774 558/709/707
f 558/709/707 18/710/708 16/777/775
f 18/710/708 17/711/709 16/777/775
f 15/778/776 16/777/775 17/711/709
f 19/779/777 15/778/776 17/711/709
f 17/711/709 20/712/710 19/779/777
f 20/712/710 22/713/711 19/779/777
f 21/780/778 19/779/777 22/713/711
f 23/781/779 21/780/778 22/713/711
f 22/713/711 24/714/712 23/781/779
f 24/714/712 26/715/713 23/781/779
f 25/782/780 23/781/779 26/715/713
f 27/783/781 25/782/780 26/715/713
f 26/715/713 28/716/714 27/783/781
f 28/716/714 30/717/715 27/783/781
f 29/784/782 27/783/781 30/717/715
f 31/785/783 29/784/782 30/717/715
f 30/717/715 32/718/716 31/785/783
f 32/718/716 34/719/717 31/785/783
f 33/786/784 31/785/783 34/719/717
f 35/787/785 33/786/784 34/719/717
f 34/719/717 36/720/718 35/787/785
f 36/720/718 721/721/719 35/787/785
f 719/788/786 35/787/785 721/721/719
f 717/789/787 719/788/786 721/721/719
f 721/721/719 722/722/720 717/789/787
f 715/790/788 717/789/787 722/722/720
f 722/722/720 723/723/721 715/790/788
f 735/791/789 715/790/788 723/723/721
f 723/723/721 727/724/722 735/791/789
f 734/792/790 735/791/789 727/724/722
f 727/724/722 729/725/723 734/792/790
f 733/793/791 734/792/790 729/725/723
f 729/725/723 731/726/724 733/793/791
f 731/726/724 745/727/725 733/793/791
f 743/794/792 733/793/791 745/727/725
f 741/795/793 743/794/792 745/727/725
f 745/727/725 746/728/726 741/795/793
f 739/730/728 741/795/793 746/728/726
f 746/728/726 747/729/727 739/730/728
f 741/795/793 739/730/728 740/731/729
f 742/796/794 741/795/793 740/731/729
f 740/731/729 903/732/730 742/796/794
f 902/797/795 742/796/794 903/732/730
f 903/732/730 894/733/731 902/797/795
f 893/798/796 902/797/795 894/733/731
f 894/733/731 885/734/732 893/798/796
f 884/799/797 893/798/796 885/734/732
f 885/734/732 876/735/733 884/799/797
f 876/735/733 875/736/734 884/799/797
f 883/800/798 884/799/797 875/736/734
f 875/736/734 874/737/735 883/800/798
f 874/737/735 873/738/736 883/800/798
f 882/801/799 883/800/798 873/738/736
f 881/802/800 882/801/799 873/738/736
f 873/738/736 872/739/737 881/802/800
f 880/803/801 881/802/800 872/739/737
f 872/739/737 871/740/738 880/803/801
f 879/804/802 880/803/801 871/740/738
f 871/740/738 870/741/739 879/804/802
f 878/805/803 879/804/802 870/741/739
f 870/741/739 869/742/740 878/805/803
f 877/806/804 878/805/803 869/742/740
f 869/742/740 868/743/741 877/806/804
f 868/743/741 418/744/742 877/806/804
f 443/807/805 877/806/804 418/744/742
f 442/808/806 443/807/805 418/744/742
f 418/744/742 417/745/743 442/808/806
f 417/745/743 416/746/744 442/808/806
f 441/809/807 442/808/806 416/746/744
f 440/810/808 441/809/807 416/746/744
f 416/746/744 415/747/745 440/810/808
f 415/747/745 414/748/746 440/810/808
f 439/811/809 440/810/808 414/748/746
f 438/812/810 439/811/809 414/748/746
f 414/748/746 413/749/747 438/812/810
f 413/749/747 412/750/748 438/812/810
f 437/813/811 438/812/810 412/750/748
f 436/814/812 437/813/811 412/750/748
f 412/750/748 411/751/749 436/814/812
f 411/751/749 410/752/750 436/814/812
f 435/815/813 436/814/812 410/752/750
f 433/816/814 435/815/813 410/752/750
f 410/752/750 408/753/751 433/816/814
f 408/753/751 409/754/752 433/816/814
f 434/817/815 433/816/814 409/754/752
f 696/818/816 434/817/815 409/754/752
f 409/754/752 687/755/753 696/818/816
f 695/819/817 696/818/816 687/755/753
f 687/755/753 686/756/754 695/819/817
f 694/820/818 695/819/817 686/756/754
f 686/756/754 685/757/755 694/820/818
f 685/757/755 684/758/756 694/820/818
f 693/821/819 694/820/818 684/758/756
f 692/822/820 693/821/819 684/758/756
f 684/758/756 683/759/757 692/822/820
f 691/823/821 692/822/820 683/759/757
f 683/759/757 682/760/758 691/823/821
f 690/824/822 691/823/821 682/760/758
f 682/760/758 681/761/759 690/824/822
f 689/825/823 690/824/822 681/761/759
f 681/761/759 680/762/760 689/825/823
f 688/764/762 689/825/823 680/762/760
f 680/762/760 679/763/761 688/764/762
f 689/825/823 688/764/762 697/765/763
f 698/826/824 689/825/823 697/765/763
f 697/765/763 706/766/764 698/826/824
f 707/827/825 698/826/824 706/766/764
f 706/766/764 531/767/765 707/827/825
f 529/828/826 707/827/825 531/767/765
f 531/767/765 530/768/766 529/828/826
f 530/768/766 528/769/767 529/828/826
f 527/829/827 529/828/826 528/769/767
f 528/769/767 526/770/768 527/829/827
f 549/830/828 527/829/827 526/770/768
f 526/770/768 546/771/769 549/830/828
f 548/831/829 549/830/828 546/771/769
f 546/771/769 545/772/770 548/831/829
f 547/832/830 548/831/829 545/772/770
f 545/772/770 544/773/771 547/832/830
f 544/773/771 554/774/772 547/832/830
f 555/833/831 547/832/830 554/774/772
f 553/834/832 555/833/831 554/774/772
f 554/774/772 552/775/773 553/834/832
f 551/835/833 553/834/832 552/775/773
f 552/775/773 550/776/774 551/835/833
f 509/836/834 551/835/833 550/776/774
f 550/776/774 16/777/775 509/836/834
f 16/777/775 15/778/776 509/836/834
f 508/837/835 509/836/834 15/778/776
f 510/838/836 508/837/835 15/778/776
f 15/778/776 19/779/777 510/838/836
f 19/779/777 21/780/778 510/838/836
f 511/839/837 510/838/836 21/780/778
f 512/840/838 511/839/837 21/780/778
f 21/780/778 23/781/779 512/840/838
f 23/781/779 25/782/780 512/840/838
f 513/841/839 512/840/838 25/782/780
f 514/842/840 513/841/839 25/782/780
f 25/782/780 27/783/781 514/842/840
f 27/783/781 29/784/782 514/842/840
f 515/843/841 514/842/840 29/784/782
f 516/844/842 515/843/841 29/784/782
f 29/784/782 31/785/783 516/844/842
f 31/785/783 33/786/784 516/844/842
f 517/845/843 516/844/842 33/786/784
f 518/846/844 517/845/843 33/786/784
f 33/786/784 35/787/785 518/846/844
f 35/787/785 719/788/786 518/846/844
f 720/847/845 518/846/844 719/788/786
f 718/848/846 720/847/845 719/788/786
f 719/788/786 717/789/787 718/848/846
f 716/849/847 718/848/846 717/789/787
f 717/789/787 715/790/788 716/849/847
f 738/850/848 716/849/847 715/790/788
f 715/790/788 735/791/789 738/850/848
f 737/851/849 738/850/848 735/791/789
f 735/791/789 734/792/790 737/851/849
f 736/852/850 737/851/849 734/792/790
f 734/792/790 733/793/791 736/852/850
f 733/793/791 743/794/792 736/852/850
f 744/853/851 736/852/850 743/794/792
f 742/796/794 744/853/851 743/794/792
f 743/794/792 741/795/793 742/796/794
f 744/853/851 742/796/794 902/797/795
f 901/854/852 744/853/851 902/797/795
f 902/797/795 893/798/796 901/854/852
f 892/855/853 901/854/852 893/798/796
f 893/798/796 884/799/797 892/855/853
f 884/799/797 883/800/798 892/855/853
f 883/800/798 882/801/799 892/855/853
f 891/856/854 892/855/853 882/801/799
f 890/857/855 891/856/854 882/801/799
f 882/801/799 881/802/800 890/857/855
f 889/858/856 890/857/855 881/802/800
f 881/802/800 880/803/801 889/858/856
f 888/859/857 889/858/856 880/803/801
f 880/803/801 879/804/802 888/859/857
f 887/860/858 888/859/857 879/804/802
f 879/804/802 878/805/803 887/860/858
f 886/861/859 887/860/858 878/805/803
f 878/805/803 877/806/804 886/861/859
f 877/806/804 443/807/805 886/861/859
f 468/862/860 886/861/859 443/807/805
f 467/863/861 468/862/860 443/807/805
f 443/807/805 442/808/806 467/863/861
f 442/808/806 441/809/807 467/863/861
f 466/864/862 467/863/861 441/809/807
f 465/865/863 466/864/862 441/809/807
f 441/809/807 440/810/808 465/865/863
f 440/810/808 439/811/809 465/865/863
f 464/866/864 465/865/863 439/811/809
f 463/867/865 464/866/864 439/811/809
f 439/811/809 438/812/810 463/867/865
f 438/812/810 437/813/811 463/867/865
f 462/868/866 463/867/865 437/813/811
f 461/869/867 462/868/866 437/813/811
f 437/813/811 436/814/812 461/869/867
f 436/814/812 435/815/813 461/869/867
f 460/870/868 461/869/867 435/815/813
f 458/871/869 460/870/868 435/815/813
f 435/815/813 433/816/814 458/871/869
f 433/816/814 434/817/815 458/871/869
f 459/872/870 458/871/869 434/817/815
f 705/873/871 459/872/870 434/817/815
f 434/817/815 696/818/816 705/873/871
f 704/874/872 705/873/871 696/818/816
f 696/818/816 695/819/817 704/874/872
f 703/875/873 704/874/872 695/819/817
f 695/819/817 694/820/818 703/875/873
f 694/820/818 693/821/819 703/875/873
f 702/876/874 703/875/873 693/821/819
f 701/877/875 702/876/874 693/821/819
f 693/821/819 692/822/820 701/877/875
f 700/878/876 701/877/875 692/822/820
f 692/822/820 691/823/821 700/878/876
f 699/879/877 700/878/876 691/823/821
f 691/823/821 690/824/822 699/879/877
f 698/826/824 699/879/877 690/824/822
f 690/824/822 689/825/823 698/826/824
f 699/879/877 698/826/824 707/827/825
f 708/880/878 699/879/877 707/827/825
f 707/827/825 529/828/826 708/880/878
f 529/828/826 527/829/827 708/880/878
f 709/881/879 708/880/878 527/829/827
f 527/829/827 549/830/828 709/881/879
f 710/882/880 709/881/879 549/830/828
f 549/830/828 548/831/829 710/882/880
f 711/883/881 710/882/880 548/831/829
f 548/831/829 547/832/830 711/883/881
f 547/832/830 555/833/831 711/883/881
f 712/884/882 711/883/881 555/833/831
f 713/885/883 712/884/882 555/833/831
f 555/833/831 553/834/832 713/885/883
f 714/886/884 713/885/883 553/834/832
f 553/834/832 551/835/833 714/886/884
f 484/887/885 714/886/884 551/835/833
f 551/835/833 509/836/834 484/887/885
f 509/836/834 508/837/835 484/887/885
f 483/888/886 484/887/885 508/837/835
f 485/889/887 483/888/886 508/837/835
f 508/837/835 510/838/836 485/889/887
f 510/838/836 511/839/837 485/889/887
f 486/890/888 485/889/887 511/839/837
f 487/891/889 486/890/888 511/839/837
f 511/839/837 512/840/838 487/891/889
f 512/840/838 513/841/839 487/891/889
f 488/892/890 487/891/889 513/841/839
f 489/893/891 488/892/890 513/841/839
f 513/841/839 514/842/840 489/893/891
f 514/842/840 515/843/841 489/893/891
f 490/894/892 489/893/891 515/843/841
f 491/895/893 490/894/892 515/843/841
f 515/843/841 516/844/842 491/895/893
f 516/844/842 517/845/843 491/895/893
f 492/896/894 491/895/893 517/845/843
f 493/897/895 492/896/894 517/845/843
f 517/845/843 518/846/844 493/897/895
f 518/846/844 720/847/845 493/897/895
f 895/898/896 493/897/895 720/847/845
f 896/899/897 895/898/896 720/847/845
f 720/847/845 718/848/846 896/899/897
f 897/900/898 896/899/897 718/848/846
f 718/848/846 716/849/847 897/900/898
f 898/901/899 897/900/898 716/849/847
f 716/849/847 738/850/848 898/901/899
f 899/902/900 898/901/899 738/850/848
f 738/850/848 737/851/849 899/902/900
f 900/903/901 899/902/900 737/851/849
f 737/851/849 736/852/850 900/903/901
f 736/852/850 744/853/851 900/903/901
f 744/853/851 901/854/852 900/903/901
f 891/856/854 900/903/901 901/854/852
f 901/854/852 892/855/853 891/856/854
f 899/902/900 900/903/901 891/856/854
f 891/856/854 890/857/855 899/902/900
f 898/901/899 899/902/900 890/857/855
f 890/857/855 889/858/856 898/901/899
f 897/900/898 898/901/899 889/858/856
f 889/858/856 888/859/857 897/900/898
f 896/899/897 897/900/898 888/859/857
f 888/859/857 887/860/858 896/899/897
f 895/898/896 896/899/897 887/860/858
f 887/860/858 886/861/859 895/898/896
f 886/861/859 468/862/860 895/898/896
f 493/897/895 895/898/896 468/862/860
f 492/896/894 493/897/895 468/862/860
f 468/862/860 467/863/861 492/896/894
f 467/863/861 466/864/862 492/896/894
f 491/895/893 492/896/894 466/864/862
f 490/894/892 491/895/893 466/864/862
f 466/864/862 465/865/863 490/894/892
f 465/865/863 464/866/864 490/894/892
f 489/893/891 490/894/892 464/866/864
f 488/892/890 489/893/891 464/866/864
f 464/866/864 463/867/865 488/892/890
f 463/867/865 462/868/866 488/892/890
f 487/891/889 488/892/890 462/868/866
f 486/890/888 487/891/889 462/868/866
f 462/868/866 461/869/867 486/890/888
f 461/869/867 460/870/868 486/890/888
f 485/889/887 486/890/888 460/870/868
f 483/888/886 485/889/887 460/870/868
f 460/870/868 458/871/869 483/888/886
f 458/871/869 459/872/870 483/888/886
f 484/887/885 483/888/886 459/872/870
f 714/886/884 484/887/885 459/872/870
f 459/872/870 705/873/871 714/886/884
f 713/885/883 714/886/884 705/873/871
f 705/873/871 704/874/872 713/885/883
f 712/884/882 713/885/883 704/874/872
f 704/874/872 703/875/873 712/884/882
f 703/875/873 702/876/874 712/884/882
f 711/883/881 712/884/882 702/876/874
f 710/882/880 711/883/881 702/876/874
f 702/876/874 701/877/875 710/882/880
f 709/881/879 710/882/880 701/877/875
f 701/877/875 700/878/876 709/881/879
f 708/880/878 709/881/879 700/878/876
f 700/878/876 699/879/877 708/880/878
