# Blender 4.5.3 LTS
# www.blender.org
o w9a02_my1_wood04
v 4.677042 0.087642 4.695133
v 4.685701 0.047642 4.706628
v 4.524029 0.091908 4.846372
v 4.685701 0.047642 4.706628
v 4.532679 0.051645 4.857875
v 4.524029 0.091908 4.846372
v 4.524029 0.091908 4.846372
v 4.532679 0.051645 4.857875
v 4.269414 0.091607 4.544471
v 4.532679 0.051645 4.857875
v 4.255741 0.043940 4.529731
v 4.269414 0.091607 4.544471
v 4.314676 0.090902 4.540970
v 4.269414 0.091607 4.544471
v 4.299235 0.042808 4.523726
v 4.269414 0.091607 4.544471
v 4.255741 0.043940 4.529731
v 4.299235 0.042808 4.523726
v 4.307349 0.042605 4.473620
v 4.329759 0.089939 4.485406
v 4.299235 0.042808 4.523726
v 4.329759 0.089939 4.485406
v 4.314676 0.090902 4.540970
v 4.299235 0.042808 4.523726
v 4.283752 0.043240 4.393628
v 4.301033 0.089070 4.388535
v 4.307349 0.042605 4.473620
v 4.301033 0.089070 4.388535
v 4.329759 0.089939 4.485406
v 4.307349 0.042605 4.473620
v 4.158248 0.046526 4.344653
v 3.974122 0.051361 4.195758
v 4.142577 0.046920 4.395533
v 4.685701 0.047642 4.706628
v 4.677042 0.087642 4.695133
v 4.133978 0.047215 4.052642
v 4.677042 0.087642 4.695133
v 4.127306 0.086997 4.043520
v 4.133978 0.047215 4.052642
v 4.157673 0.090306 4.323775
v 4.158248 0.046526 4.344653
v 4.139899 0.091460 4.390979
v 4.158248 0.046526 4.344653
v 4.142577 0.046920 4.395533
v 4.139899 0.091460 4.390979
v 4.227901 0.044705 4.347073
v 4.242485 0.089223 4.336286
v 4.283752 0.043240 4.393628
v 4.242485 0.089223 4.336286
v 4.301033 0.089070 4.388535
v 4.283752 0.043240 4.393628
v 4.242485 0.089223 4.336286
v 4.227901 0.044705 4.347073
v 4.157673 0.090306 4.323775
v 4.227901 0.044705 4.347073
v 4.158248 0.046526 4.344653
v 4.157673 0.090306 4.323775
v 4.677042 0.087642 4.695133
v 4.524029 0.091908 4.846372
v 4.314676 0.090902 4.540970
v 4.677042 0.087642 4.695133
v 4.314676 0.090902 4.540970
v 4.329759 0.089939 4.485406
v 4.524029 0.091908 4.846372
v 4.269414 0.091607 4.544471
v 4.314676 0.090902 4.540970
v 4.677042 0.087642 4.695133
v 4.329759 0.089939 4.485406
v 4.301033 0.089070 4.388535
v 4.127306 0.086997 4.043520
v 4.677042 0.087642 4.695133
v 4.301033 0.089070 4.388535
v 4.127306 0.086997 4.043520
v 4.301033 0.089070 4.388535
v 4.242485 0.089223 4.336286
v 4.158248 0.046526 4.344653
v 4.133978 0.047215 4.052642
v 3.974122 0.051361 4.195758
v 4.158248 0.046526 4.344653
v 4.227901 0.044705 4.347073
v 4.133978 0.047215 4.052642
v 4.299235 0.042808 4.523726
v 4.255741 0.043940 4.529731
v 4.532679 0.051645 4.857875
v 4.307349 0.042605 4.473620
v 4.299235 0.042808 4.523726
v 4.685701 0.047642 4.706628
v 4.283752 0.043240 4.393628
v 4.307349 0.042605 4.473620
v 4.685701 0.047642 4.706628
v 4.283752 0.043240 4.393628
v 4.685701 0.047642 4.706628
v 4.133978 0.047215 4.052642
v 4.227901 0.044705 4.347073
v 4.283752 0.043240 4.393628
v 4.133978 0.047215 4.052642
v 4.299235 0.042808 4.523726
v 4.532679 0.051645 4.857875
v 4.685701 0.047642 4.706628
v 3.744225 0.044722 4.352058
v 3.733124 0.000237 4.361427
v 3.580906 0.044722 4.181047
v 3.733124 0.000237 4.361427
v 3.569804 0.000231 4.190431
v 3.580906 0.044722 4.181047
v 3.580906 0.044722 4.181047
v 3.569804 0.000231 4.190431
v 5.872783 0.042162 2.320481
v 3.569804 0.000231 4.190431
v 5.887854 -0.002317 2.307760
v 5.872783 0.042162 2.320481
v 5.878677 0.042157 2.368576
v 5.872783 0.042162 2.320481
v 5.896266 -0.002317 2.354111
v 5.872783 0.042162 2.320481
v 5.887854 -0.002317 2.307760
v 5.896266 -0.002317 2.354111
v 5.948871 -0.002317 2.365169
v 5.937309 0.042173 2.387303
v 5.896266 -0.002317 2.354111
v 5.937309 0.042173 2.387303
v 5.878677 0.042157 2.368576
v 5.896266 -0.002317 2.354111
v 6.031022 -0.002301 2.344131
v 6.036814 0.042184 2.361691
v 5.948871 -0.002317 2.365169
v 6.036814 0.042184 2.361691
v 5.937309 0.042173 2.387303
v 5.948871 -0.002317 2.365169
v 3.733124 0.000237 4.361427
v 3.744225 0.044722 4.352058
v 6.629471 -0.002175 1.990829
v 3.744225 0.044722 4.352058
v 6.638306 0.042315 1.983371
v 6.629471 -0.002175 1.990829
v 6.097179 0.042211 2.213124
v 6.075828 -0.002279 2.213641
v 6.026281 0.042200 2.190974
v 6.075828 -0.002279 2.213641
v 6.022033 -0.002284 2.194556
v 6.026281 0.042200 2.190974
v 6.076756 -0.002284 2.287277
v 6.088350 0.042200 2.302279
v 6.031022 -0.002301 2.344131
v 6.088350 0.042200 2.302279
v 6.036814 0.042184 2.361691
v 6.031022 -0.002301 2.344131
v 6.088350 0.042200 2.302279
v 6.076756 -0.002284 2.287277
v 6.097179 0.042211 2.213124
v 6.076756 -0.002284 2.287277
v 6.075828 -0.002279 2.213641
v 6.097179 0.042211 2.213124
v 3.744225 0.044722 4.352058
v 3.580906 0.044722 4.181047
v 5.878677 0.042157 2.368576
v 3.744225 0.044722 4.352058
v 5.878677 0.042157 2.368576
v 5.937309 0.042173 2.387303
v 3.580906 0.044722 4.181047
v 5.872783 0.042162 2.320481
v 5.878677 0.042157 2.368576
v 3.744225 0.044722 4.352058
v 5.937309 0.042173 2.387303
v 6.036814 0.042184 2.361691
v 6.638306 0.042315 1.983371
v 3.744225 0.044722 4.352058
v 6.036814 0.042184 2.361691
v 6.638306 0.042315 1.983371
v 6.036814 0.042184 2.361691
v 6.088350 0.042200 2.302279
v 6.608747 0.052263 2.062932
v 6.601511 0.007778 2.069028
v 6.765283 0.052269 2.248428
v 6.601511 0.007778 2.069028
v 6.758036 0.007773 2.254546
v 6.765283 0.052269 2.248428
v 6.608747 0.052263 2.062932
v 4.504140 0.043332 3.793352
v 6.601511 0.007778 2.069028
v 4.504140 0.043332 3.793352
v 4.495408 -0.001147 3.800710
v 6.601511 0.007778 2.069028
v 4.504140 0.043332 3.793352
v 6.608747 0.052263 2.062932
v 4.657760 0.043322 3.981260
v 6.608747 0.052263 2.062932
v 6.765283 0.052269 2.248428
v 4.657760 0.043322 3.981260
v 6.765283 0.052269 2.248428
v 6.758036 0.007773 2.254546
v 4.657760 0.043322 3.981260
v 6.758036 0.007773 2.254546
v 4.649010 -0.001163 3.988632
v 4.657760 0.043322 3.981260
v 7.088940 0.036496 2.585323
v 6.996234 0.036496 2.475466
v 7.095840 -0.007989 2.574591
v 6.996234 0.036496 2.475466
v 7.005560 -0.007983 2.467606
v 7.095840 -0.007989 2.574591
v 4.269308 0.002879 5.034170
v 4.574417 0.047434 4.776748
v 7.163682 -0.007989 2.654990
v 4.574417 0.047434 4.776748
v 7.154355 0.036502 2.662866
v 7.163682 -0.007989 2.654990
v 4.269308 0.002879 5.034170
v 4.262055 0.047358 5.040315
v 4.574417 0.047434 4.776748
v 6.996234 0.036496 2.475466
v 7.088940 0.036496 2.585323
v 7.074973 0.036491 2.620527
v 7.163682 -0.007989 2.654990
v 7.154355 0.036502 2.662866
v 7.104412 -0.007994 2.662616
v 7.154355 0.036502 2.662866
v 7.089504 0.036485 2.663434
v 7.104412 -0.007994 2.662616
v 7.074973 0.036491 2.620527
v 7.088940 0.036496 2.585323
v 7.078636 -0.007989 2.613933
v 7.088940 0.036496 2.585323
v 7.095840 -0.007989 2.574591
v 7.078636 -0.007989 2.613933
v 7.126279 -0.007983 2.610672
v 7.104412 -0.007994 2.662616
v 7.112787 0.036491 2.613584
v 7.104412 -0.007994 2.662616
v 7.089504 0.036485 2.663434
v 7.112787 0.036491 2.613584
v 7.074973 0.036491 2.620527
v 7.078636 -0.007989 2.613933
v 7.112787 0.036491 2.613584
v 7.078636 -0.007989 2.613933
v 7.126279 -0.007983 2.610672
v 7.112787 0.036491 2.613584
v 4.405769 0.047429 4.598228
v 4.414730 0.002944 4.590683
v 6.996234 0.036496 2.475466
v 4.414730 0.002944 4.590683
v 7.005560 -0.007983 2.467606
v 6.996234 0.036496 2.475466
v 7.074973 0.036491 2.620527
v 7.112787 0.036491 2.613584
v 7.089504 0.036485 2.663434
v 4.405769 0.047429 4.598228
v 6.996234 0.036496 2.475466
v 7.074973 0.036491 2.620527
v 4.574417 0.047434 4.776748
v 7.089504 0.036485 2.663434
v 7.154355 0.036502 2.662866
v 7.089504 0.036485 2.663434
v 4.574417 0.047434 4.776748
v 7.074973 0.036491 2.620527
v 4.574417 0.047434 4.776748
v 4.405769 0.047429 4.598228
v 7.074973 0.036491 2.620527
v 6.820788 0.045416 2.261644
v 6.831894 0.000937 2.252264
v 6.991058 0.045422 2.440895
v 6.831894 0.000937 2.252264
v 7.002174 0.000937 2.431507
v 6.991058 0.045422 2.440895
v 6.991058 0.045422 2.440895
v 7.002174 0.000937 2.431507
v 4.697528 0.041752 4.299507
v 7.002174 0.000937 2.431507
v 4.682458 -0.002733 4.312212
v 4.697528 0.041752 4.299507
v 4.690444 0.041763 4.250004
v 4.697528 0.041752 4.299507
v 4.672855 -0.002727 4.264434
v 4.697528 0.041752 4.299507
v 4.682458 -0.002733 4.312212
v 4.672855 -0.002727 4.264434
v 4.619001 -0.002727 4.251896
v 4.630260 0.041757 4.229446
v 4.672855 -0.002727 4.264434
v 4.630260 0.041757 4.229446
v 4.690444 0.041763 4.250004
v 4.672855 -0.002727 4.264434
v 4.535760 -0.002744 4.271665
v 4.529457 0.041741 4.253519
v 4.619001 -0.002727 4.251896
v 4.529457 0.041741 4.253519
v 4.630260 0.041757 4.229446
v 4.619001 -0.002727 4.251896
v 6.831894 0.000937 2.252264
v 6.820788 0.045416 2.261644
v 3.933904 -0.002875 4.620922
v 6.820788 0.045416 2.261644
v 3.925060 0.041610 4.628386
v 3.933904 -0.002875 4.620922
v 4.471281 0.041714 4.404690
v 4.493061 -0.002771 4.404605
v 4.544038 0.041719 4.429007
v 4.493061 -0.002771 4.404605
v 4.548278 -0.002766 4.425432
v 4.544038 0.041719 4.429007
v 4.490450 -0.002760 4.328983
v 4.478289 0.041725 4.313344
v 4.535760 -0.002744 4.271665
v 4.478289 0.041725 4.313344
v 4.529457 0.041741 4.253519
v 4.535760 -0.002744 4.271665
v 4.478289 0.041725 4.313344
v 4.490450 -0.002760 4.328983
v 4.471281 0.041714 4.404690
v 4.490450 -0.002760 4.328983
v 4.493061 -0.002771 4.404605
v 4.471281 0.041714 4.404690
v 6.820788 0.045416 2.261644
v 6.991058 0.045422 2.440895
v 4.690444 0.041763 4.250004
v 6.820788 0.045416 2.261644
v 4.690444 0.041763 4.250004
v 4.630260 0.041757 4.229446
v 6.991058 0.045422 2.440895
v 4.697528 0.041752 4.299507
v 4.690444 0.041763 4.250004
v 6.820788 0.045416 2.261644
v 4.630260 0.041757 4.229446
v 4.529457 0.041741 4.253519
v 3.925060 0.041610 4.628386
v 6.820788 0.045416 2.261644
v 4.529457 0.041741 4.253519
v 3.925060 0.041610 4.628386
v 4.529457 0.041741 4.253519
v 4.478289 0.041725 4.313344
v 4.672855 -0.002727 4.264434
v 4.682458 -0.002733 4.312212
v 7.002174 0.000937 2.431507
v 5.187679 0.039072 3.888560
v 4.660906 0.045307 3.208920
v 5.013066 0.043453 4.013336
v 4.660906 0.045307 3.208920
v 4.491433 0.049622 3.340324
v 5.013066 0.043453 4.013336
v 4.660906 0.045307 3.208920
v 4.669477 0.089693 3.218504
v 4.491433 0.049622 3.340324
v 4.669477 0.089693 3.218504
v 4.503171 0.093975 3.353988
v 4.491433 0.049622 3.340324
v 5.004797 0.088036 4.001213
v 5.180171 0.083650 3.877392
v 5.013066 0.043453 4.013336
v 5.180171 0.083650 3.877392
v 5.187679 0.039072 3.888560
v 5.013066 0.043453 4.013336
v 5.004797 0.088036 4.001213
v 5.013066 0.043453 4.013336
v 4.503171 0.093975 3.353988
v 5.013066 0.043453 4.013336
v 4.491433 0.049622 3.340324
v 4.503171 0.093975 3.353988
v 8.597610 0.087643 10.157866
v 8.611263 0.047643 10.162416
v 8.557464 0.091909 10.369231
v 8.611263 0.047643 10.162416
v 8.571115 0.051646 10.373792
v 8.557464 0.091909 10.369231
v 8.557464 0.091909 10.369231
v 8.571115 0.051646 10.373792
v 8.176486 0.091608 10.265170
v 8.571115 0.051646 10.373792
v 8.156863 0.043940 10.260796
v 8.176486 0.091608 10.265170
v 8.211765 0.090902 10.236599
v 8.176486 0.091608 10.265170
v 8.189265 0.042808 10.231166
v 8.176486 0.091608 10.265170
v 8.156863 0.043940 10.260796
v 8.189265 0.042808 10.231166
v 8.167507 0.042606 10.185307
v 8.192649 0.089940 10.182292
v 8.189265 0.042808 10.231166
v 8.192649 0.089940 10.182292
v 8.211765 0.090902 10.236599
v 8.189265 0.042808 10.231166
v 8.102680 0.043240 10.132838
v 8.114017 0.089070 10.118838
v 8.167507 0.042606 10.185307
v 8.114017 0.089070 10.118838
v 8.192649 0.089940 10.182292
v 8.167507 0.042606 10.185307
v 7.971551 0.046527 10.163746
v 7.735448 0.051361 10.145656
v 7.987526 0.046921 10.214531
v 8.611263 0.047643 10.162416
v 8.597610 0.087643 10.157866
v 7.785839 0.047216 9.937096
v 8.597610 0.087643 10.157866
v 7.775167 0.086997 9.933372
v 7.785839 0.047216 9.937096
v 7.959229 0.090306 10.146882
v 7.971551 0.046527 10.163746
v 7.982736 0.091460 10.212302
v 7.971551 0.046527 10.163746
v 7.987526 0.046921 10.214531
v 7.982736 0.091460 10.212302
v 8.030273 0.044706 10.126205
v 8.036158 0.089223 10.109048
v 8.102680 0.043240 10.132838
v 8.036158 0.089223 10.109048
v 8.114017 0.089070 10.118838
v 8.102680 0.043240 10.132838
v 8.036158 0.089223 10.109048
v 8.030273 0.044706 10.126205
v 7.959229 0.090306 10.146882
v 8.030273 0.044706 10.126205
v 7.971551 0.046527 10.163746
v 7.959229 0.090306 10.146882
v 8.597610 0.087643 10.157866
v 8.557464 0.091909 10.369231
v 8.211765 0.090902 10.236599
v 8.597610 0.087643 10.157866
v 8.211765 0.090902 10.236599
v 8.192649 0.089940 10.182292
v 8.557464 0.091909 10.369231
v 8.176486 0.091608 10.265170
v 8.211765 0.090902 10.236599
v 8.597610 0.087643 10.157866
v 8.192649 0.089940 10.182292
v 8.114017 0.089070 10.118838
v 7.775167 0.086997 9.933372
v 8.597610 0.087643 10.157866
v 8.114017 0.089070 10.118838
v 7.775167 0.086997 9.933372
v 8.114017 0.089070 10.118838
v 8.036158 0.089223 10.109048
v 7.971551 0.046527 10.163746
v 7.785839 0.047216 9.937096
v 7.735448 0.051361 10.145656
v 7.971551 0.046527 10.163746
v 8.030273 0.044706 10.126205
v 7.785839 0.047216 9.937096
v 8.189265 0.042808 10.231166
v 8.156863 0.043940 10.260796
v 8.571115 0.051646 10.373792
v 8.167507 0.042606 10.185307
v 8.189265 0.042808 10.231166
v 8.611263 0.047643 10.162416
v 8.102680 0.043240 10.132838
v 8.167507 0.042606 10.185307
v 8.611263 0.047643 10.162416
v 8.102680 0.043240 10.132838
v 8.611263 0.047643 10.162416
v 7.785839 0.047216 9.937096
v 8.030273 0.044706 10.126205
v 8.102680 0.043240 10.132838
v 7.785839 0.047216 9.937096
v 8.189265 0.042808 10.231166
v 8.571115 0.051646 10.373792
v 8.611263 0.047643 10.162416
v 7.634874 0.044722 10.404822
v 7.631051 0.000237 10.418838
v 7.403349 0.044722 10.356714
v 7.631051 0.000237 10.418838
v 7.399534 0.000232 10.370742
v 7.403349 0.044722 10.356714
v 7.403349 0.044722 10.356714
v 7.399534 0.000232 10.370742
v 8.234370 0.042162 7.524082
v 7.399534 0.000232 10.370742
v 8.239558 -0.002317 7.505054
v 8.234370 0.042162 7.524082
v 8.266519 0.042157 7.560334
v 8.234370 0.042162 7.524082
v 8.272792 -0.002317 7.538442
v 8.234370 0.042162 7.524082
v 8.239558 -0.002317 7.505054
v 8.272792 -0.002317 7.538442
v 8.322379 -0.002317 7.517690
v 8.325421 0.042173 7.542476
v 8.272792 -0.002317 7.538442
v 8.325421 0.042173 7.542476
v 8.266519 0.042157 7.560334
v 8.272792 -0.002317 7.538442
v 8.378077 -0.002300 7.453744
v 8.392812 0.042184 7.464915
v 8.322379 -0.002317 7.517690
v 8.392812 0.042184 7.464915
v 8.325421 0.042173 7.542476
v 8.322379 -0.002317 7.517690
v 7.631051 0.000237 10.418838
v 7.634874 0.044722 10.404822
v 8.670284 -0.002175 6.823205
v 7.634874 0.044722 10.404822
v 8.673326 0.042315 6.812051
v 8.670284 -0.002175 6.823205
v 8.358193 0.042212 7.308333
v 8.340908 -0.002279 7.320877
v 8.287249 0.042201 7.330335
v 8.340908 -0.002279 7.320877
v 8.285784 -0.002284 7.335695
v 8.287249 0.042201 7.330335
v 8.383464 -0.002284 7.380977
v 8.401524 0.042201 7.386749
v 8.378077 -0.002300 7.453744
v 8.401524 0.042201 7.386749
v 8.392812 0.042184 7.464915
v 8.378077 -0.002300 7.453744
v 8.401524 0.042201 7.386749
v 8.383464 -0.002284 7.380977
v 8.358193 0.042212 7.308333
v 8.383464 -0.002284 7.380977
v 8.340908 -0.002279 7.320877
v 8.358193 0.042212 7.308333
v 7.634874 0.044722 10.404822
v 7.403349 0.044722 10.356714
v 8.266519 0.042157 7.560334
v 7.634874 0.044722 10.404822
v 8.266519 0.042157 7.560334
v 8.325421 0.042173 7.542476
v 7.403349 0.044722 10.356714
v 8.234370 0.042162 7.524082
v 8.266519 0.042157 7.560334
v 7.634874 0.044722 10.404822
v 8.325421 0.042173 7.542476
v 8.392812 0.042184 7.464915
v 8.673326 0.042315 6.812051
v 7.634874 0.044722 10.404822
v 8.392812 0.042184 7.464915
v 8.673326 0.042315 6.812051
v 8.392812 0.042184 7.464915
v 8.401524 0.042201 7.386749
v 8.694144 0.052264 6.894333
v 8.691646 0.007779 6.903459
v 8.928305 0.052269 6.958217
v 8.691646 0.007779 6.903459
v 8.925811 0.007773 6.967367
v 8.928305 0.052269 6.958217
v 8.694144 0.052264 6.894333
v 7.943447 0.043333 9.513527
v 8.691646 0.007779 6.903459
v 7.943447 0.043333 9.513527
v 7.940432 -0.001146 9.524542
v 8.691646 0.007779 6.903459
v 7.943447 0.043333 9.513527
v 8.694144 0.052264 6.894333
v 8.176574 0.043322 9.581051
v 8.694144 0.052264 6.894333
v 8.928305 0.052269 6.958217
v 8.176574 0.043322 9.581051
v 8.928305 0.052269 6.958217
v 8.925811 0.007773 6.967367
v 8.176574 0.043322 9.581051
v 8.925811 0.007773 6.967367
v 8.173554 -0.001163 9.592087
v 8.176574 0.043322 9.581051
v 9.385989 0.036497 7.051903
v 9.247313 0.036497 7.014069
v 9.385580 -0.007988 7.039151
v 9.247313 0.036497 7.014069
v 9.250529 -0.007983 7.002304
v 9.385580 -0.007988 7.039151
v 8.454329 0.002879 10.668418
v 8.559436 0.047435 10.283309
v 9.487067 -0.007988 7.066843
v 8.559436 0.047435 10.283309
v 9.483858 0.036502 7.078621
v 9.487067 -0.007988 7.066843
v 8.454329 0.002879 10.668418
v 8.451844 0.047358 10.677594
v 8.559436 0.047435 10.283309
v 9.247313 0.036497 7.014069
v 9.385989 0.036497 7.051903
v 9.394469 0.036491 7.088815
v 9.487067 -0.007988 7.066843
v 9.483858 0.036502 7.078621
v 9.442595 -0.007994 7.106760
v 9.483858 0.036502 7.078621
v 9.430785 0.036486 7.115894
v 9.442595 -0.007994 7.106760
v 9.394469 0.036491 7.088815
v 9.385989 0.036497 7.051903
v 9.393744 -0.007988 7.081306
v 9.385989 0.036497 7.051903
v 9.385580 -0.007988 7.039151
v 9.393744 -0.007988 7.081306
v 9.431119 -0.007983 7.051582
v 9.442595 -0.007994 7.106760
v 9.421663 0.036491 7.061636
v 9.442595 -0.007994 7.106760
v 9.430785 0.036486 7.115894
v 9.421663 0.036491 7.061636
v 9.394469 0.036491 7.088815
v 9.393744 -0.007988 7.081306
v 9.421663 0.036491 7.061636
v 9.393744 -0.007988 7.081306
v 9.431119 -0.007983 7.051582
v 9.421663 0.036491 7.061636
v 8.319263 0.047429 10.232043
v 8.322357 0.002945 10.220744
v 9.247313 0.036497 7.014069
v 8.322357 0.002945 10.220744
v 9.250529 -0.007983 7.002304
v 9.247313 0.036497 7.014069
v 9.394469 0.036491 7.088815
v 9.421663 0.036491 7.061636
v 9.430785 0.036486 7.115894
v 8.319263 0.047429 10.232043
v 9.247313 0.036497 7.014069
v 9.394469 0.036491 7.088815
v 8.559436 0.047435 10.283309
v 9.430785 0.036486 7.115894
v 9.483858 0.036502 7.078621
v 9.430785 0.036486 7.115894
v 8.559436 0.047435 10.283309
v 9.394469 0.036491 7.088815
v 8.559436 0.047435 10.283309
v 8.319263 0.047429 10.232043
v 9.394469 0.036491 7.088815
v 8.981505 0.045416 6.937596
v 8.985326 0.000937 6.923570
v 9.223430 0.045422 6.988542
v 8.985326 0.000937 6.923570
v 9.227253 0.000937 6.974506
v 9.223430 0.045422 6.988542
v 9.223430 0.045422 6.988542
v 9.227253 0.000937 6.974506
v 8.389938 0.041752 9.820505
v 9.227253 0.000937 6.974506
v 8.384742 -0.002732 9.839519
v 8.389938 0.041752 9.820505
v 8.356011 0.041763 9.783769
v 8.389938 0.041752 9.820505
v 8.349718 -0.002727 9.805633
v 8.389938 0.041752 9.820505
v 8.384742 -0.002732 9.839519
v 8.349718 -0.002727 9.805633
v 8.298263 -0.002727 9.825874
v 8.294791 0.041758 9.801001
v 8.349718 -0.002727 9.805633
v 8.294791 0.041758 9.801001
v 8.356011 0.041763 9.783769
v 8.349718 -0.002727 9.805633
v 8.240947 -0.002743 9.889394
v 8.225459 0.041741 9.878032
v 8.298263 -0.002727 9.825874
v 8.225459 0.041741 9.878032
v 8.294791 0.041758 9.801001
v 8.298263 -0.002727 9.825874
v 8.985326 0.000937 6.923570
v 8.981505 0.045416 6.937596
v 7.943638 -0.002874 10.518535
v 8.981505 0.045416 6.937596
v 7.940593 0.041610 10.529700
v 7.943638 -0.002874 10.518535
v 8.263358 0.041714 10.035514
v 8.281241 -0.002771 10.023084
v 8.337062 0.041720 10.014242
v 8.281241 -0.002771 10.023084
v 8.338524 -0.002765 10.008892
v 8.337062 0.041720 10.014242
v 8.236174 -0.002760 9.962302
v 8.217284 0.041725 9.956328
v 8.240947 -0.002743 9.889394
v 8.217284 0.041725 9.956328
v 8.225459 0.041741 9.878032
v 8.240947 -0.002743 9.889394
v 8.217284 0.041725 9.956328
v 8.236174 -0.002760 9.962302
v 8.263358 0.041714 10.035514
v 8.236174 -0.002760 9.962302
v 8.281241 -0.002771 10.023084
v 8.263358 0.041714 10.035514
v 8.981505 0.045416 6.937596
v 9.223430 0.045422 6.988542
v 8.356011 0.041763 9.783769
v 8.981505 0.045416 6.937596
v 8.356011 0.041763 9.783769
v 8.294791 0.041758 9.801001
v 9.223430 0.045422 6.988542
v 8.389938 0.041752 9.820505
v 8.356011 0.041763 9.783769
v 8.981505 0.045416 6.937596
v 8.294791 0.041758 9.801001
v 8.225459 0.041741 9.878032
v 7.940593 0.041610 10.529700
v 8.981505 0.045416 6.937596
v 8.225459 0.041741 9.878032
v 7.940593 0.041610 10.529700
v 8.225459 0.041741 9.878032
v 8.217284 0.041725 9.956328
v 7.234789 3.183234 3.600031
v 7.273161 3.176279 3.583109
v 7.269855 3.394437 3.578377
v 7.273161 3.176279 3.583109
v 7.308486 3.387443 3.561437
v 7.269855 3.394437 3.578377
v 7.269855 3.394437 3.578377
v 7.308486 3.387443 3.561437
v 7.296781 3.398633 3.972369
v 7.308486 3.387443 3.561437
v 7.345018 3.390751 3.989323
v 7.296781 3.398633 3.972369
v 7.288743 3.362026 3.946741
v 7.296781 3.398633 3.972369
v 7.337556 3.353838 3.966722
v 7.296781 3.398633 3.972369
v 7.345018 3.390751 3.989323
v 7.337556 3.353838 3.966722
v 7.332733 3.316350 4.000602
v 7.282979 3.315705 3.980458
v 7.337556 3.353838 3.966722
v 7.282979 3.315705 3.980458
v 7.288743 3.362026 3.946741
v 7.337556 3.353838 3.966722
v 7.330945 3.284369 4.077607
v 7.282448 3.276781 4.073703
v 7.332733 3.316350 4.000602
v 7.282448 3.276781 4.073703
v 7.282979 3.315705 3.980458
v 7.332733 3.316350 4.000602
v 7.347827 3.349463 4.194391
v 7.367200 3.396829 4.425641
v 7.353933 3.393195 4.164648
v 7.273161 3.176279 3.583109
v 7.234789 3.183234 3.600031
v 7.331301 3.185542 4.436707
v 7.234789 3.183234 3.600031
v 7.292938 3.192434 4.450527
v 7.331301 3.185542 4.436707
v 7.303582 3.345148 4.213798
v 7.347827 3.349463 4.194391
v 7.310478 3.400817 4.172723
v 7.347827 3.349463 4.194391
v 7.353933 3.393195 4.164648
v 7.310478 3.400817 4.172723
v 7.336726 3.297868 4.148834
v 7.289621 3.288516 4.150960
v 7.330945 3.284369 4.077607
v 7.289621 3.288516 4.150960
v 7.282448 3.276781 4.073703
v 7.330945 3.284369 4.077607
v 7.289621 3.288516 4.150960
v 7.336726 3.297868 4.148834
v 7.303582 3.345148 4.213798
v 7.336726 3.297868 4.148834
v 7.347827 3.349463 4.194391
v 7.303582 3.345148 4.213798
v 7.234789 3.183234 3.600031
v 7.269855 3.394437 3.578377
v 7.288743 3.362026 3.946741
v 7.234789 3.183234 3.600031
v 7.288743 3.362026 3.946741
v 7.282979 3.315705 3.980458
v 7.269855 3.394437 3.578377
v 7.296781 3.398633 3.972369
v 7.288743 3.362026 3.946741
v 7.234789 3.183234 3.600031
v 7.282979 3.315705 3.980458
v 7.282448 3.276781 4.073703
v 7.292938 3.192434 4.450527
v 7.234789 3.183234 3.600031
v 7.282448 3.276781 4.073703
v 7.292938 3.192434 4.450527
v 7.282448 3.276781 4.073703
v 7.289621 3.288516 4.150960
v 7.347827 3.349463 4.194391
v 7.331301 3.185542 4.436707
v 7.367200 3.396829 4.425641
v 7.347827 3.349463 4.194391
v 7.336726 3.297868 4.148834
v 7.331301 3.185542 4.436707
v 7.337556 3.353838 3.966722
v 7.345018 3.390751 3.989323
v 7.308486 3.387443 3.561437
v 7.332733 3.316350 4.000602
v 7.337556 3.353838 3.966722
v 7.273161 3.176279 3.583109
v 7.330945 3.284369 4.077607
v 7.332733 3.316350 4.000602
v 7.273161 3.176279 3.583109
v 7.330945 3.284369 4.077607
v 7.273161 3.176279 3.583109
v 7.331301 3.185542 4.436707
v 7.336726 3.297868 4.148834
v 7.330945 3.284369 4.077607
v 7.331301 3.185542 4.436707
v 7.337556 3.353838 3.966722
v 7.308486 3.387443 3.561437
v 7.273161 3.176279 3.583109
v 7.427713 3.667366 4.447431
v 7.474034 3.673201 4.444232
v 7.446378 3.684238 4.682559
v 7.474034 3.673201 4.444232
v 7.492705 3.690083 4.679348
v 7.446378 3.684238 4.682559
v 7.446378 3.684238 4.682559
v 7.492705 3.690083 4.679348
v 6.889342 0.785283 4.696083
v 7.492705 3.690083 4.679348
v 6.929209 0.757493 4.693696
v 6.889342 0.785283 4.696083
v 6.891603 0.810865 4.654994
v 6.889342 0.785283 4.696083
v 6.930870 0.780079 4.652389
v 6.889342 0.785283 4.696083
v 6.929209 0.757493 4.693696
v 6.930870 0.780079 4.652389
v 6.921783 0.747139 4.610892
v 6.881906 0.778154 4.603765
v 6.930870 0.780079 4.652389
v 6.881906 0.778154 4.603765
v 6.891603 0.810865 4.654994
v 6.930870 0.780079 4.652389
v 6.904900 0.671770 4.575880
v 6.861455 0.686781 4.561456
v 6.921783 0.747139 4.610892
v 6.861455 0.686781 4.561456
v 6.881906 0.778154 4.603765
v 6.921783 0.747139 4.610892
v 6.887364 0.556310 4.649341
v 6.785037 0.006534 4.711728
v 6.896119 0.585135 4.697826
v 7.474034 3.673201 4.444232
v 7.427713 3.667366 4.447431
v 6.767929 -0.002252 4.476400
v 7.427713 3.667366 4.447431
v 6.722160 -0.005176 4.479530
v 6.767929 -0.002252 4.476400
v 6.839736 0.548242 4.639247
v 6.887364 0.556310 4.649341
v 6.851487 0.588106 4.700809
v 6.887364 0.556310 4.649341
v 6.896119 0.585135 4.697826
v 6.851487 0.588106 4.700809
v 6.892340 0.601609 4.591496
v 6.847629 0.610628 4.575433
v 6.904900 0.671770 4.575880
v 6.847629 0.610628 4.575433
v 6.861455 0.686781 4.561456
v 6.904900 0.671770 4.575880
v 6.847629 0.610628 4.575433
v 6.892340 0.601609 4.591496
v 6.839736 0.548242 4.639247
v 6.892340 0.601609 4.591496
v 6.887364 0.556310 4.649341
v 6.839736 0.548242 4.639247
v 7.427713 3.667366 4.447431
v 7.446378 3.684238 4.682559
v 6.891603 0.810865 4.654994
v 7.427713 3.667366 4.447431
v 6.891603 0.810865 4.654994
v 6.881906 0.778154 4.603765
v 7.446378 3.684238 4.682559
v 6.889342 0.785283 4.696083
v 6.891603 0.810865 4.654994
v 7.427713 3.667366 4.447431
v 6.881906 0.778154 4.603765
v 6.861455 0.686781 4.561456
v 6.722160 -0.005176 4.479530
v 7.427713 3.667366 4.447431
v 6.861455 0.686781 4.561456
v 6.722160 -0.005176 4.479530
v 6.861455 0.686781 4.561456
v 6.847629 0.610628 4.575433
v 6.887364 0.556310 4.649341
v 6.767929 -0.002252 4.476400
v 6.785037 0.006534 4.711728
v 6.887364 0.556310 4.649341
v 6.892340 0.601609 4.591496
v 6.767929 -0.002252 4.476400
v 6.930870 0.780079 4.652389
v 6.929209 0.757493 4.693696
v 7.492705 3.690083 4.679348
v 6.921783 0.747139 4.610892
v 6.930870 0.780079 4.652389
v 7.474034 3.673201 4.444232
v 6.904900 0.671770 4.575880
v 6.921783 0.747139 4.610892
v 7.474034 3.673201 4.444232
v 6.904900 0.671770 4.575880
v 7.474034 3.673201 4.444232
v 6.767929 -0.002252 4.476400
v 6.892340 0.601609 4.591496
v 6.904900 0.671770 4.575880
v 6.767929 -0.002252 4.476400
v 6.930870 0.780079 4.652389
v 7.492705 3.690083 4.679348
v 7.474034 3.673201 4.444232
v 6.723512 0.068806 4.436779
v 6.768879 0.069668 4.433709
v 6.707125 0.066122 4.194630
v 6.768879 0.069668 4.433709
v 6.752507 0.067004 4.191548
v 6.707125 0.066122 4.194630
v 6.752507 0.067004 4.191548
v 6.768879 0.069668 4.433709
v 7.277699 2.746255 4.161300
v 6.768879 0.069668 4.433709
v 7.293344 2.745205 4.403503
v 7.277699 2.746255 4.161300
v 6.723512 0.068806 4.436779
v 7.247613 2.742419 4.406620
v 6.768879 0.069668 4.433709
v 7.247613 2.742419 4.406620
v 7.293344 2.745205 4.403503
v 6.768879 0.069668 4.433709
v 7.247613 2.742419 4.406620
v 6.723512 0.068806 4.436779
v 7.231958 2.743448 4.164417
v 6.723512 0.068806 4.436779
v 6.707125 0.066122 4.194630
v 7.231958 2.743448 4.164417
v 6.707125 0.066122 4.194630
v 6.752507 0.067004 4.191548
v 7.231958 2.743448 4.164417
v 6.752507 0.067004 4.191548
v 7.277699 2.746255 4.161300
v 7.231958 2.743448 4.164417
v 6.685452 0.028444 3.729214
v 6.695152 0.030034 3.872623
v 6.726994 0.008084 3.730390
v 6.695152 0.030034 3.872623
v 6.736436 0.009632 3.870050
v 6.726994 0.008084 3.730390
v 6.732967 0.045696 3.710553
v 6.726994 0.008084 3.730390
v 6.736436 0.009632 3.870050
v 6.731542 0.056585 3.656574
v 6.723804 0.007570 3.683295
v 6.732967 0.045696 3.710553
v 6.732967 0.045696 3.710553
v 6.736436 0.009632 3.870050
v 7.359643 3.300631 3.839866
v 7.417947 3.687845 3.585907
v 7.299121 3.304345 3.598157
v 6.719894 0.006925 3.625439
v 7.299121 3.304345 3.598157
v 6.678602 0.027339 3.628001
v 6.719894 0.006925 3.625439
v 7.417947 3.687845 3.585907
v 7.376154 3.705605 3.588519
v 7.299121 3.304345 3.598157
v 6.695152 0.030034 3.872623
v 6.685452 0.028444 3.729214
v 6.690534 0.061017 3.710571
v 7.359643 3.300631 3.839866
v 7.434499 3.690551 3.830523
v 7.417947 3.687845 3.585907
v 6.719894 0.006925 3.625439
v 6.678602 0.027339 3.628001
v 6.731542 0.056585 3.656574
v 6.678602 0.027339 3.628001
v 6.690813 0.076814 3.668115
v 6.731542 0.056585 3.656574
v 6.690534 0.061017 3.710571
v 6.685452 0.028444 3.729214
v 6.732967 0.045696 3.710553
v 6.685452 0.028444 3.729214
v 6.726994 0.008084 3.730390
v 6.732967 0.045696 3.710553
v 6.723804 0.007570 3.683295
v 6.731542 0.056585 3.656574
v 6.682961 0.028035 3.692322
v 6.731542 0.056585 3.656574
v 6.690813 0.076814 3.668115
v 6.682961 0.028035 3.692322
v 6.690534 0.061017 3.710571
v 6.732967 0.045696 3.710553
v 6.682961 0.028035 3.692322
v 6.732967 0.045696 3.710553
v 6.723804 0.007570 3.683295
v 6.682961 0.028035 3.692322
v 7.318265 3.320561 3.842455
v 7.359643 3.300631 3.839866
v 6.695152 0.030034 3.872623
v 7.359643 3.300631 3.839866
v 6.736436 0.009632 3.870050
v 6.695152 0.030034 3.872623
v 7.417947 3.687845 3.585907
v 6.719894 0.006925 3.625439
v 6.731542 0.056585 3.656574
v 6.732967 0.045696 3.710553
v 7.359643 3.300631 3.839866
v 6.731542 0.056585 3.656574
v 7.359643 3.300631 3.839866
v 7.417947 3.687845 3.585907
v 6.731542 0.056585 3.656574
v 6.690534 0.061017 3.710571
v 6.682961 0.028035 3.692322
v 6.690813 0.076814 3.668115
v 7.318265 3.320561 3.842455
v 6.695152 0.030034 3.872623
v 6.690534 0.061017 3.710571
v 7.299121 3.304345 3.598157
v 6.690813 0.076814 3.668115
v 6.678602 0.027339 3.628001
v 6.690813 0.076814 3.668115
v 7.299121 3.304345 3.598157
v 6.690534 0.061017 3.710571
v 7.299121 3.304345 3.598157
v 7.318265 3.320561 3.842455
v 6.690534 0.061017 3.710571
v 6.704360 0.031036 4.149201
v 6.745203 0.008336 4.146696
v 6.684963 0.014047 3.903319
v 6.745203 0.008336 4.146696
v 6.725809 -0.008665 3.900813
v 6.684963 0.014047 3.903319
v 6.684963 0.014047 3.903319
v 6.725809 -0.008665 3.900813
v 7.248274 2.911853 3.891949
v 6.725809 -0.008665 3.900813
v 7.295572 2.922779 3.888637
v 7.248274 2.911853 3.891949
v 7.246133 2.886294 3.934877
v 7.248274 2.911853 3.891949
v 7.294029 2.900205 3.931800
v 7.248274 2.911853 3.891949
v 7.295572 2.922779 3.888637
v 7.294029 2.900205 3.931800
v 7.303247 2.933165 3.975228
v 7.255983 2.919039 3.988502
v 7.294029 2.900205 3.931800
v 7.255983 2.919039 3.988502
v 7.246133 2.886294 3.934877
v 7.294029 2.900205 3.931800
v 7.320246 3.008567 4.011910
v 7.276574 3.010432 4.032819
v 7.303247 2.933165 3.975228
v 7.276574 3.010432 4.032819
v 7.255983 2.919039 3.988502
v 7.303247 2.933165 3.975228
v 7.337564 3.123962 3.935224
v 7.439739 3.673738 3.870605
v 7.328663 3.095148 3.884496
v 6.745203 0.008336 4.146696
v 6.704360 0.031036 4.149201
v 7.457579 3.682642 4.116666
v 6.704360 0.031036 4.149201
v 7.416172 3.702433 4.119246
v 7.457579 3.682642 4.116666
v 7.298065 3.148940 3.951633
v 7.337564 3.123962 3.935224
v 7.286122 3.109020 3.887223
v 7.337564 3.123962 3.935224
v 7.328663 3.095148 3.884496
v 7.286122 3.109020 3.887223
v 7.332758 3.078695 3.995667
v 7.290359 3.086564 4.018291
v 7.320246 3.008567 4.011910
v 7.290359 3.086564 4.018291
v 7.276574 3.010432 4.032819
v 7.320246 3.008567 4.011910
v 7.290359 3.086564 4.018291
v 7.332758 3.078695 3.995667
v 7.298065 3.148940 3.951633
v 7.332758 3.078695 3.995667
v 7.337564 3.123962 3.935224
v 7.298065 3.148940 3.951633
v 6.704360 0.031036 4.149201
v 6.684963 0.014047 3.903319
v 7.246133 2.886294 3.934877
v 6.704360 0.031036 4.149201
v 7.246133 2.886294 3.934877
v 7.255983 2.919039 3.988502
v 6.684963 0.014047 3.903319
v 7.248274 2.911853 3.891949
v 7.246133 2.886294 3.934877
v 6.704360 0.031036 4.149201
v 7.255983 2.919039 3.988502
v 7.276574 3.010432 4.032819
v 7.416172 3.702433 4.119246
v 6.704360 0.031036 4.149201
v 7.276574 3.010432 4.032819
v 7.416172 3.702433 4.119246
v 7.276574 3.010432 4.032819
v 7.290359 3.086564 4.018291
v 7.337564 3.123962 3.935224
v 7.457579 3.682642 4.116666
v 7.439739 3.673738 3.870605
v 7.337564 3.123962 3.935224
v 7.332758 3.078695 3.995667
v 7.457579 3.682642 4.116666
v 7.294029 2.900205 3.931800
v 7.295572 2.922779 3.888637
v 6.725809 -0.008665 3.900813
v 7.303247 2.933165 3.975228
v 7.294029 2.900205 3.931800
v 6.745203 0.008336 4.146696
v 7.320246 3.008567 4.011910
v 7.303247 2.933165 3.975228
v 6.745203 0.008336 4.146696
v 7.320246 3.008567 4.011910
v 6.745203 0.008336 4.146696
v 7.457579 3.682642 4.116666
v 7.332758 3.078695 3.995667
v 7.320246 3.008567 4.011910
v 7.457579 3.682642 4.116666
v 7.294029 2.900205 3.931800
v 6.725809 -0.008665 3.900813
v 6.745203 0.008336 4.146696
v 7.130323 2.283320 3.904844
v 7.175468 2.258919 4.763217
v 7.167475 2.494372 3.917284
v 7.175468 2.258919 4.763217
v 7.212184 2.470206 4.767285
v 7.167475 2.494372 3.917284
v 7.175468 2.258919 4.763217
v 7.131042 2.266823 4.753253
v 7.212184 2.470206 4.767285
v 7.131042 2.266823 4.753253
v 7.167482 2.478254 4.752165
v 7.212184 2.470206 4.767285
v 7.124496 2.501508 3.934744
v 7.087274 2.290476 3.921086
v 7.167475 2.494372 3.917284
v 7.087274 2.290476 3.921086
v 7.130323 2.283320 3.904844
v 7.167475 2.494372 3.917284
v 7.124496 2.501508 3.934744
v 7.167475 2.494372 3.917284
v 7.167482 2.478254 4.752165
v 7.167475 2.494372 3.917284
v 7.212184 2.470206 4.767285
v 7.167482 2.478254 4.752165
v 2.089311 0.002135 -4.783011
v 2.088676 0.042135 -4.797389
v 1.875036 -0.002131 -4.802327
v 2.088676 0.042135 -4.797389
v 1.874391 0.038132 -4.816705
v 1.875036 -0.002131 -4.802327
v 1.875036 -0.002131 -4.802327
v 1.874391 0.038132 -4.816705
v 1.870705 -0.001830 -4.407417
v 1.874391 0.038132 -4.816705
v 1.869534 0.045838 -4.387347
v 1.870705 -0.001830 -4.407417
v 1.907850 -0.001124 -4.433515
v 1.870705 -0.001830 -4.407417
v 1.906909 0.046970 -4.410388
v 1.870705 -0.001830 -4.407417
v 1.869534 0.045838 -4.387347
v 1.906909 0.046970 -4.410388
v 1.945050 0.047172 -4.376895
v 1.954839 -0.000162 -4.400248
v 1.906909 0.046970 -4.410388
v 1.954839 -0.000162 -4.400248
v 1.907850 -0.001124 -4.433515
v 1.906909 0.046970 -4.410388
v 1.977744 0.046538 -4.300170
v 1.994315 0.000708 -4.307237
v 1.945050 0.047172 -4.376895
v 1.994315 0.000708 -4.307237
v 1.954839 -0.000162 -4.400248
v 1.945050 0.047172 -4.376895
v 1.912083 0.043251 -4.182533
v 1.864776 0.038416 -3.950512
v 1.867620 0.042857 -4.211814
v 2.088676 0.042135 -4.797389
v 2.089311 0.002135 -4.783011
v 2.079160 0.042562 -3.941816
v 2.089311 0.002135 -4.783011
v 2.079817 0.002780 -3.930533
v 2.079160 0.042562 -3.941816
v 1.924924 -0.000528 -4.166061
v 1.912083 0.043251 -4.182533
v 1.868451 -0.001682 -4.206597
v 1.912083 0.043251 -4.182533
v 1.867620 0.042857 -4.211814
v 1.868451 -0.001682 -4.206597
v 1.964279 0.045072 -4.228718
v 1.982392 0.000554 -4.229675
v 1.977744 0.046538 -4.300170
v 1.982392 0.000554 -4.229675
v 1.994315 0.000708 -4.307237
v 1.977744 0.046538 -4.300170
v 1.982392 0.000554 -4.229675
v 1.964279 0.045072 -4.228718
v 1.924924 -0.000528 -4.166061
v 1.964279 0.045072 -4.228718
v 1.912083 0.043251 -4.182533
v 1.924924 -0.000528 -4.166061
v 2.089311 0.002135 -4.783011
v 1.875036 -0.002131 -4.802327
v 1.907850 -0.001124 -4.433515
v 2.089311 0.002135 -4.783011
v 1.907850 -0.001124 -4.433515
v 1.954839 -0.000162 -4.400248
v 1.875036 -0.002131 -4.802327
v 1.870705 -0.001830 -4.407417
v 1.907850 -0.001124 -4.433515
v 2.089311 0.002135 -4.783011
v 1.954839 -0.000162 -4.400248
v 1.994315 0.000708 -4.307237
v 2.079817 0.002780 -3.930533
v 2.089311 0.002135 -4.783011
v 1.994315 0.000708 -4.307237
v 2.079817 0.002780 -3.930533
v 1.994315 0.000708 -4.307237
v 1.982392 0.000554 -4.229675
v 1.912083 0.043251 -4.182533
v 2.079160 0.042562 -3.941816
v 1.864776 0.038416 -3.950512
v 1.912083 0.043251 -4.182533
v 1.964279 0.045072 -4.228718
v 2.079160 0.042562 -3.941816
v 1.906909 0.046970 -4.410388
v 1.869534 0.045838 -4.387347
v 1.874391 0.038132 -4.816705
v 1.945050 0.047172 -4.376895
v 1.906909 0.046970 -4.410388
v 2.088676 0.042135 -4.797389
v 1.977744 0.046538 -4.300170
v 1.945050 0.047172 -4.376895
v 2.088676 0.042135 -4.797389
v 1.977744 0.046538 -4.300170
v 2.088676 0.042135 -4.797389
v 2.079160 0.042562 -3.941816
v 1.964279 0.045072 -4.228718
v 1.977744 0.046538 -4.300170
v 2.079160 0.042562 -3.941816
v 1.906909 0.046970 -4.410388
v 1.874391 0.038132 -4.816705
v 2.088676 0.042135 -4.797389
v 1.587969 0.045056 -3.924812
v 1.573444 0.089540 -3.924976
v 1.570786 0.045056 -3.688968
v 1.573444 0.089540 -3.924976
v 1.556249 0.089546 -3.689143
v 1.570786 0.045056 -3.688968
v 1.570786 0.045056 -3.688968
v 1.556249 0.089546 -3.689143
v 4.522713 0.047615 -3.711884
v 1.556249 0.089546 -3.689143
v 4.542434 0.092094 -3.711659
v 4.522713 0.047615 -3.711884
v 4.496658 0.047621 -3.752737
v 4.522713 0.047615 -3.711884
v 4.519432 0.092094 -3.752769
v 4.522713 0.047615 -3.711884
v 4.542434 0.092094 -3.711659
v 4.519432 0.092094 -3.752769
v 4.552978 0.092094 -3.794771
v 4.529975 0.047604 -3.804489
v 4.519432 0.092094 -3.752769
v 4.529975 0.047604 -3.804489
v 4.496658 0.047621 -3.752737
v 4.519432 0.092094 -3.752769
v 4.629741 0.092078 -3.830811
v 4.623036 0.047593 -3.848044
v 4.552978 0.092094 -3.794771
v 4.623036 0.047593 -3.848044
v 4.529975 0.047604 -3.804489
v 4.552978 0.092094 -3.794771
v 4.747335 0.092056 -3.758654
v 5.307271 0.091947 -3.703089
v 4.717977 0.092062 -3.709701
v 1.573444 0.089540 -3.924976
v 1.587969 0.045056 -3.924812
v 5.316219 0.091952 -3.939032
v 1.587969 0.045056 -3.924812
v 5.327780 0.047462 -3.938900
v 5.316219 0.091952 -3.939032
v 4.764136 0.047566 -3.771840
v 4.747335 0.092056 -3.758654
v 4.723534 0.047577 -3.709641
v 4.747335 0.092056 -3.758654
v 4.717977 0.092062 -3.709701
v 4.723534 0.047577 -3.709641
v 4.701199 0.092062 -3.816051
v 4.700597 0.047577 -3.835001
v 4.629741 0.092078 -3.830811
v 4.700597 0.047577 -3.835001
v 4.623036 0.047593 -3.848044
v 4.629741 0.092078 -3.830811
v 4.700597 0.047577 -3.835001
v 4.701199 0.092062 -3.816051
v 4.764136 0.047566 -3.771840
v 4.701199 0.092062 -3.816051
v 4.747335 0.092056 -3.758654
v 4.764136 0.047566 -3.771840
v 1.587969 0.045056 -3.924812
v 1.570786 0.045056 -3.688968
v 4.496658 0.047621 -3.752737
v 1.587969 0.045056 -3.924812
v 4.496658 0.047621 -3.752737
v 4.529975 0.047604 -3.804489
v 1.570786 0.045056 -3.688968
v 4.522713 0.047615 -3.711884
v 4.496658 0.047621 -3.752737
v 1.587969 0.045056 -3.924812
v 4.529975 0.047604 -3.804489
v 4.623036 0.047593 -3.848044
v 5.327780 0.047462 -3.938900
v 1.587969 0.045056 -3.924812
v 4.623036 0.047593 -3.848044
v 5.327780 0.047462 -3.938900
v 4.623036 0.047593 -3.848044
v 4.700597 0.047577 -3.835001
v 4.747335 0.092056 -3.758654
v 5.316219 0.091952 -3.939032
v 5.307271 0.091947 -3.703089
v 4.747335 0.092056 -3.758654
v 4.701199 0.092062 -3.816051
v 5.316219 0.091952 -3.939032
v 4.519432 0.092094 -3.752769
v 4.542434 0.092094 -3.711659
v 1.556249 0.089546 -3.689143
v 4.552978 0.092094 -3.794771
v 4.519432 0.092094 -3.752769
v 1.573444 0.089540 -3.924976
v 4.629741 0.092078 -3.830811
v 4.552978 0.092094 -3.794771
v 1.573444 0.089540 -3.924976
v 4.629741 0.092078 -3.830811
v 1.573444 0.089540 -3.924976
v 5.316219 0.091952 -3.939032
v 4.701199 0.092062 -3.816051
v 4.629741 0.092078 -3.830811
v 5.316219 0.091952 -3.939032
v 4.519432 0.092094 -3.752769
v 1.556249 0.089546 -3.689143
v 1.573444 0.089540 -3.924976
v 5.254354 0.037514 -3.981471
v 5.244892 0.081999 -3.981570
v 5.257088 0.037508 -4.224174
v 5.244892 0.081999 -3.981570
v 5.247605 0.082004 -4.224283
v 5.257088 0.037508 -4.224174
v 5.247605 0.082004 -4.224283
v 5.244892 0.081999 -3.981570
v 2.517215 0.090940 -4.220138
v 5.244892 0.081999 -3.981570
v 2.518287 0.090924 -3.977430
v 2.517215 0.090940 -4.220138
v 5.254354 0.037514 -3.981471
v 2.529706 0.046445 -3.977309
v 5.244892 0.081999 -3.981570
v 2.529706 0.046445 -3.977309
v 2.518287 0.090924 -3.977430
v 5.244892 0.081999 -3.981570
v 2.529706 0.046445 -3.977309
v 5.254354 0.037514 -3.981471
v 2.528656 0.046456 -4.220018
v 5.254354 0.037514 -3.981471
v 5.257088 0.037508 -4.224174
v 2.528656 0.046456 -4.220018
v 5.257088 0.037508 -4.224174
v 5.247605 0.082004 -4.224283
v 2.528656 0.046456 -4.220018
v 5.247605 0.082004 -4.224283
v 2.517215 0.090940 -4.220138
v 2.528656 0.046456 -4.220018
v 5.292418 0.053281 -4.690011
v 5.290799 0.053281 -4.546276
v 5.304570 0.097766 -4.686122
v 5.290799 0.053281 -4.546276
v 5.302995 0.097760 -4.546144
v 5.304570 0.097766 -4.686122
v 5.266265 0.097766 -4.705526
v 5.304570 0.097766 -4.686122
v 5.302995 0.097760 -4.546144
v 5.255174 0.097771 -4.759483
v 5.305095 0.097760 -4.733325
v 5.266265 0.097766 -4.705526
v 5.266265 0.097766 -4.705526
v 5.302995 0.097760 -4.546144
v 1.953407 0.086833 -4.535528
v 1.559038 0.086899 -4.785133
v 1.958208 0.042343 -4.780676
v 5.305751 0.097766 -4.791313
v 1.958208 0.042343 -4.780676
v 5.293544 0.053275 -4.791455
v 5.305751 0.097766 -4.791313
v 1.559038 0.086899 -4.785133
v 1.549533 0.042420 -4.785259
v 1.958208 0.042343 -4.780676
v 5.290799 0.053281 -4.546276
v 5.292418 0.053281 -4.690011
v 5.259243 0.053286 -4.708282
v 1.953407 0.086833 -4.535528
v 1.556282 0.086904 -4.539958
v 1.559038 0.086899 -4.785133
v 5.305751 0.097766 -4.791313
v 5.293544 0.053275 -4.791455
v 5.255174 0.097771 -4.759483
v 5.293544 0.053275 -4.791455
v 5.243154 0.053292 -4.750629
v 5.255174 0.097771 -4.759483
v 5.259243 0.053286 -4.708282
v 5.292418 0.053281 -4.690011
v 5.266265 0.097766 -4.705526
v 5.292418 0.053281 -4.690011
v 5.304570 0.097766 -4.686122
v 5.266265 0.097766 -4.705526
v 5.305095 0.097760 -4.733325
v 5.255174 0.097771 -4.759483
v 5.292833 0.053286 -4.726986
v 5.255174 0.097771 -4.759483
v 5.243154 0.053292 -4.750629
v 5.292833 0.053286 -4.726986
v 5.259243 0.053286 -4.708282
v 5.266265 0.097766 -4.705526
v 5.292833 0.053286 -4.726986
v 5.266265 0.097766 -4.705526
v 5.305095 0.097760 -4.733325
v 5.292833 0.053286 -4.726986
v 1.941692 0.042348 -4.535649
v 1.953407 0.086833 -4.535528
v 5.290799 0.053281 -4.546276
v 1.953407 0.086833 -4.535528
v 5.302995 0.097760 -4.546144
v 5.290799 0.053281 -4.546276
v 1.559038 0.086899 -4.785133
v 5.305751 0.097766 -4.791313
v 5.255174 0.097771 -4.759483
v 5.266265 0.097766 -4.705526
v 1.953407 0.086833 -4.535528
v 5.255174 0.097771 -4.759483
v 1.953407 0.086833 -4.535528
v 1.559038 0.086899 -4.785133
v 5.255174 0.097771 -4.759483
v 5.259243 0.053286 -4.708282
v 5.292833 0.053286 -4.726986
v 5.243154 0.053292 -4.750629
v 1.941692 0.042348 -4.535649
v 5.290799 0.053281 -4.546276
v 5.259243 0.053286 -4.708282
v 1.958208 0.042343 -4.780676
v 5.243154 0.053292 -4.750629
v 5.293544 0.053275 -4.791455
v 5.243154 0.053292 -4.750629
v 1.958208 0.042343 -4.780676
v 5.259243 0.053286 -4.708282
v 1.958208 0.042343 -4.780676
v 1.941692 0.042348 -4.535649
v 5.259243 0.053286 -4.708282
v 5.291499 0.044361 -4.269687
v 5.306036 0.088840 -4.269517
v 5.308803 0.044356 -4.516310
v 5.306036 0.088840 -4.269517
v 5.323350 0.088840 -4.516141
v 5.308803 0.044356 -4.516310
v 5.308803 0.044356 -4.516310
v 5.323350 0.088840 -4.516141
v 2.356843 0.048025 -4.490836
v 5.323350 0.088840 -4.516141
v 2.337132 0.092510 -4.491049
v 2.356843 0.048025 -4.490836
v 2.382875 0.048014 -4.448139
v 2.356843 0.048025 -4.490836
v 2.360124 0.092504 -4.448080
v 2.356843 0.048025 -4.490836
v 2.337132 0.092510 -4.491049
v 2.360124 0.092504 -4.448080
v 2.326555 0.092504 -4.404141
v 2.349525 0.048020 -4.393985
v 2.360124 0.092504 -4.448080
v 2.349525 0.048020 -4.393985
v 2.382875 0.048014 -4.448139
v 2.360124 0.092504 -4.448080
v 2.249760 0.092521 -4.366427
v 2.256443 0.048036 -4.348419
v 2.326555 0.092504 -4.404141
v 2.256443 0.048036 -4.348419
v 2.349525 0.048020 -4.393985
v 2.326555 0.092504 -4.404141
v 2.132231 0.092548 -4.441817
v 1.572295 0.092652 -4.499619
v 2.161578 0.092543 -4.493019
v 5.306036 0.088840 -4.269517
v 5.291499 0.044361 -4.269687
v 1.563227 0.092652 -4.252919
v 5.291499 0.044361 -4.269687
v 1.551655 0.048167 -4.253050
v 1.563227 0.092652 -4.252919
v 2.115376 0.048064 -4.428024
v 2.132231 0.092548 -4.441817
v 2.156033 0.048058 -4.493078
v 2.132231 0.092548 -4.441817
v 2.161578 0.092543 -4.493019
v 2.156033 0.048058 -4.493078
v 2.178335 0.092537 -4.381817
v 2.178904 0.048053 -4.362014
v 2.249760 0.092521 -4.366427
v 2.178904 0.048053 -4.362014
v 2.256443 0.048036 -4.348419
v 2.249760 0.092521 -4.366427
v 2.178904 0.048053 -4.362014
v 2.178335 0.092537 -4.381817
v 2.115376 0.048064 -4.428024
v 2.178335 0.092537 -4.381817
v 2.132231 0.092548 -4.441817
v 2.115376 0.048064 -4.428024
v 5.291499 0.044361 -4.269687
v 5.308803 0.044356 -4.516310
v 2.382875 0.048014 -4.448139
v 5.291499 0.044361 -4.269687
v 2.382875 0.048014 -4.448139
v 2.349525 0.048020 -4.393985
v 5.308803 0.044356 -4.516310
v 2.356843 0.048025 -4.490836
v 2.382875 0.048014 -4.448139
v 5.291499 0.044361 -4.269687
v 2.349525 0.048020 -4.393985
v 2.256443 0.048036 -4.348419
v 1.551655 0.048167 -4.253050
v 5.291499 0.044361 -4.269687
v 2.256443 0.048036 -4.348419
v 1.551655 0.048167 -4.253050
v 2.256443 0.048036 -4.348419
v 2.178904 0.048053 -4.362014
v 2.132231 0.092548 -4.441817
v 1.563227 0.092652 -4.252919
v 1.572295 0.092652 -4.499619
v 2.132231 0.092548 -4.441817
v 2.178335 0.092537 -4.381817
v 1.563227 0.092652 -4.252919
v 2.360124 0.092504 -4.448080
v 2.337132 0.092510 -4.491049
v 5.323350 0.088840 -4.516141
v 2.326555 0.092504 -4.404141
v 2.360124 0.092504 -4.448080
v 5.306036 0.088840 -4.269517
v 2.249760 0.092521 -4.366427
v 2.326555 0.092504 -4.404141
v 5.306036 0.088840 -4.269517
v 2.249760 0.092521 -4.366427
v 5.306036 0.088840 -4.269517
v 1.563227 0.092652 -4.252919
v 2.178335 0.092537 -4.381817
v 2.249760 0.092521 -4.366427
v 1.563227 0.092652 -4.252919
v 2.360124 0.092504 -4.448080
v 5.323350 0.088840 -4.516141
v 5.306036 0.088840 -4.269517
v 2.996451 0.050705 -4.485679
v 3.022506 0.044470 -3.626189
v 2.782351 0.046324 -4.470836
v 3.022506 0.044470 -3.626189
v 2.808154 0.040155 -3.619731
v 2.782351 0.046324 -4.470836
v 3.022506 0.044470 -3.626189
v 3.023019 0.000084 -3.639037
v 2.808154 0.040155 -3.619731
v 3.023019 0.000084 -3.639037
v 2.808515 -0.004198 -3.637740
v 2.808154 0.040155 -3.619731
v 2.783686 0.001741 -4.456223
v 2.997764 0.006127 -4.472286
v 2.782351 0.046324 -4.470836
v 2.997764 0.006127 -4.472286
v 2.996451 0.050705 -4.485679
v 2.782351 0.046324 -4.470836
v 2.783686 0.001741 -4.456223
v 2.782351 0.046324 -4.470836
v 2.808515 -0.004198 -3.637740
v 2.782351 0.046324 -4.470836
v 2.808154 0.040155 -3.619731
v 2.808515 -0.004198 -3.637740
v -6.492471 0.017978 -9.297863
v -6.493106 -0.000214 -9.336279
v -6.706747 -0.000833 -9.291742
v -6.493106 -0.000214 -9.336279
v -6.707391 -0.019051 -9.330420
v -6.706747 -0.000833 -9.291742
v -6.706747 -0.000833 -9.291742
v -6.707391 -0.019051 -9.330420
v -6.711078 0.392183 -9.330371
v -6.707391 -0.019051 -9.330420
v -6.712248 0.407533 -9.379763
v -6.711078 0.392183 -9.330371
v -6.673933 0.366140 -9.328541
v -6.711078 0.392183 -9.330371
v -6.674873 0.384491 -9.378653
v -6.711078 0.392183 -9.330371
v -6.712248 0.407533 -9.379763
v -6.674873 0.384491 -9.378653
v -6.636733 0.417805 -9.382105
v -6.626943 0.399157 -9.332728
v -6.674873 0.384491 -9.378653
v -6.626943 0.399157 -9.332728
v -6.673933 0.366140 -9.328541
v -6.674873 0.384491 -9.378653
v -6.604039 0.494229 -9.388920
v -6.587468 0.491644 -9.342621
v -6.636733 0.417805 -9.382105
v -6.587468 0.491644 -9.342621
v -6.626943 0.399157 -9.332728
v -6.636733 0.417805 -9.382105
v -6.669699 0.611630 -9.397067
v -6.717006 0.843026 -9.414775
v -6.714162 0.582526 -9.393832
v -6.493106 -0.000214 -9.336279
v -6.492471 0.017978 -9.297863
v -6.502622 0.851278 -9.419745
v -6.492471 0.017978 -9.297863
v -6.501966 0.866368 -9.381247
v -6.502622 0.851278 -9.419745
v -6.656858 0.632274 -9.355093
v -6.669699 0.611630 -9.397067
v -6.713331 0.592041 -9.350010
v -6.669699 0.611630 -9.397067
v -6.714162 0.582526 -9.393832
v -6.713331 0.592041 -9.350010
v -6.617504 0.565486 -9.394397
v -6.599391 0.568854 -9.349997
v -6.604039 0.494229 -9.388920
v -6.599391 0.568854 -9.349997
v -6.587468 0.491644 -9.342621
v -6.604039 0.494229 -9.388920
v -6.599391 0.568854 -9.349997
v -6.617504 0.565486 -9.394397
v -6.656858 0.632274 -9.355093
v -6.617504 0.565486 -9.394397
v -6.669699 0.611630 -9.397067
v -6.656858 0.632274 -9.355093
v -6.492471 0.017978 -9.297863
v -6.706747 -0.000833 -9.291742
v -6.673933 0.366140 -9.328541
v -6.492471 0.017978 -9.297863
v -6.673933 0.366140 -9.328541
v -6.626943 0.399157 -9.332728
v -6.706747 -0.000833 -9.291742
v -6.711078 0.392183 -9.330371
v -6.673933 0.366140 -9.328541
v -6.492471 0.017978 -9.297863
v -6.626943 0.399157 -9.332728
v -6.587468 0.491644 -9.342621
v -6.501966 0.866368 -9.381247
v -6.492471 0.017978 -9.297863
v -6.587468 0.491644 -9.342621
v -6.501966 0.866368 -9.381247
v -6.587468 0.491644 -9.342621
v -6.599391 0.568854 -9.349997
v -6.993814 0.867959 -9.423877
v -7.008339 0.863478 -9.468136
v -7.010997 1.102690 -9.446769
v -7.008339 0.863478 -9.468136
v -7.025533 1.098197 -9.491032
v -7.010997 1.102690 -9.446769
v -7.010997 1.102690 -9.446769
v -7.025533 1.098197 -9.491032
v -4.059070 1.079634 -9.447092
v -7.025533 1.098197 -9.491032
v -4.039348 1.075540 -9.491383
v -4.059070 1.079634 -9.447092
v -4.085124 1.038973 -9.443132
v -4.059070 1.079634 -9.447092
v -4.062351 1.034624 -9.487392
v -4.059070 1.079634 -9.447092
v -4.039348 1.075540 -9.491383
v -4.062351 1.034624 -9.487392
v -4.028804 0.992821 -9.483315
v -4.051807 0.987466 -9.438092
v -4.062351 1.034624 -9.487392
v -4.051807 0.987466 -9.438092
v -4.085124 1.038973 -9.443132
v -4.062351 1.034624 -9.487392
v -3.952041 0.956952 -9.479801
v -3.958746 0.944118 -9.433854
v -4.028804 0.992821 -9.483315
v -3.958746 0.944118 -9.433854
v -4.051807 0.987466 -9.438092
v -4.028804 0.992821 -9.483315
v -7.008339 0.863478 -9.468136
v -6.993814 0.867959 -9.423877
v -3.265564 0.849255 -9.469172
v -6.993814 0.867959 -9.423877
v -3.254002 0.853703 -9.424905
v -3.265564 0.849255 -9.469172
v -3.817647 1.019966 -9.441223
v -3.834448 1.028771 -9.486783
v -3.858248 1.081870 -9.447271
v -3.834448 1.028771 -9.486783
v -3.863805 1.077492 -9.491540
v -3.858248 1.081870 -9.447271
v -3.880584 0.971644 -9.481217
v -3.881185 0.957102 -9.435103
v -3.952041 0.956952 -9.479801
v -3.881185 0.957102 -9.435103
v -3.958746 0.944118 -9.433854
v -3.952041 0.956952 -9.479801
v -3.881185 0.957102 -9.435103
v -3.880584 0.971644 -9.481217
v -3.817647 1.019966 -9.441223
v -3.880584 0.971644 -9.481217
v -3.834448 1.028771 -9.486783
v -3.817647 1.019966 -9.441223
v -6.993814 0.867959 -9.423877
v -7.010997 1.102690 -9.446769
v -4.085124 1.038973 -9.443132
v -6.993814 0.867959 -9.423877
v -4.085124 1.038973 -9.443132
v -4.051807 0.987466 -9.438092
v -7.010997 1.102690 -9.446769
v -4.059070 1.079634 -9.447092
v -4.085124 1.038973 -9.443132
v -6.993814 0.867959 -9.423877
v -4.051807 0.987466 -9.438092
v -3.958746 0.944118 -9.433854
v -3.254002 0.853703 -9.424905
v -6.993814 0.867959 -9.423877
v -3.958746 0.944118 -9.433854
v -3.254002 0.853703 -9.424905
v -3.958746 0.944118 -9.433854
v -3.881185 0.957102 -9.435103
v -3.327429 0.812299 -9.410872
v -3.336890 0.807884 -9.455137
v -3.324694 0.570743 -9.387310
v -3.336890 0.807884 -9.455137
v -3.334177 0.566316 -9.431585
v -3.324694 0.570743 -9.387310
v -3.327429 0.812299 -9.410872
v -6.052076 0.815575 -9.420165
v -3.336890 0.807884 -9.455137
v -6.052076 0.815575 -9.420165
v -6.063496 0.811138 -9.464422
v -3.336890 0.807884 -9.455137
v -6.052076 0.815575 -9.420165
v -3.327429 0.812299 -9.410872
v -6.053127 0.574012 -9.396618
v -3.327429 0.812299 -9.410872
v -3.324694 0.570743 -9.387310
v -6.053127 0.574012 -9.396618
v -3.324694 0.570743 -9.387310
v -3.334177 0.566316 -9.431585
v -6.053127 0.574012 -9.396618
v -3.334177 0.566316 -9.431585
v -6.064568 0.569574 -9.440882
v -6.053127 0.574012 -9.396618
v -3.289365 0.105575 -9.357794
v -3.290984 0.248632 -9.371745
v -3.277213 0.105127 -9.402446
v -3.290984 0.248632 -9.371745
v -3.278788 0.244445 -9.416026
v -3.277213 0.105127 -9.402446
v -7.022744 0.007639 -9.382021
v -6.623574 0.016400 -9.338107
v -3.276031 0.000433 -9.392237
v -6.623574 0.016400 -9.338107
v -3.288238 0.004610 -9.347942
v -3.276031 0.000433 -9.392237
v -7.022744 0.007639 -9.382021
v -7.032249 0.011831 -9.337739
v -6.623574 0.016400 -9.338107
v -3.290984 0.248632 -9.371745
v -3.289365 0.105575 -9.357794
v -3.322540 0.087389 -9.356026
v -3.276031 0.000433 -9.392237
v -3.288238 0.004610 -9.347942
v -3.326608 0.032112 -9.395331
v -3.288238 0.004610 -9.347942
v -3.338629 0.045242 -9.351921
v -3.326608 0.032112 -9.395331
v -3.322540 0.087389 -9.356026
v -3.289365 0.105575 -9.357794
v -3.315517 0.085815 -9.400562
v -3.289365 0.105575 -9.357794
v -3.277213 0.105127 -9.402446
v -3.315517 0.085815 -9.400562
v -3.276688 0.058148 -9.397860
v -3.326608 0.032112 -9.395331
v -3.288949 0.068773 -9.354211
v -3.326608 0.032112 -9.395331
v -3.338629 0.045242 -9.351921
v -3.288949 0.068773 -9.354211
v -3.322540 0.087389 -9.356026
v -3.315517 0.085815 -9.400562
v -3.288949 0.068773 -9.354211
v -3.315517 0.085815 -9.400562
v -3.276688 0.058148 -9.397860
v -3.288949 0.068773 -9.354211
v -6.640090 0.260269 -9.361896
v -6.628376 0.256071 -9.406181
v -3.290984 0.248632 -9.371745
v -6.628376 0.256071 -9.406181
v -3.278788 0.244445 -9.416026
v -3.290984 0.248632 -9.371745
v -3.322540 0.087389 -9.356026
v -3.288949 0.068773 -9.354211
v -3.338629 0.045242 -9.351921
v -6.640090 0.260269 -9.361896
v -3.290984 0.248632 -9.371745
v -3.322540 0.087389 -9.356026
v -6.623574 0.016400 -9.338107
v -3.338629 0.045242 -9.351921
v -3.288238 0.004610 -9.347942
v -3.338629 0.045242 -9.351921
v -6.623574 0.016400 -9.338107
v -3.322540 0.087389 -9.356026
v -6.623574 0.016400 -9.338107
v -6.640090 0.260269 -9.361896
v -3.322540 0.087389 -9.356026
v -3.290283 0.524780 -9.389712
v -3.275747 0.520632 -9.433998
v -3.272980 0.279321 -9.365770
v -3.275747 0.520632 -9.433998
v -3.258432 0.275172 -9.410061
v -3.272980 0.279321 -9.365770
v -3.272980 0.279321 -9.365770
v -3.258432 0.275172 -9.410061
v -6.224940 0.304319 -9.371895
v -3.258432 0.275172 -9.410061
v -6.244650 0.299789 -9.416148
v -6.224940 0.304319 -9.371895
v -6.198907 0.346815 -9.376028
v -6.224940 0.304319 -9.371895
v -6.221658 0.342557 -9.420314
v -6.224940 0.304319 -9.371895
v -6.244650 0.299789 -9.416148
v -6.221658 0.342557 -9.420314
v -6.255227 0.386287 -9.424579
v -6.232257 0.400713 -9.381289
v -6.221658 0.342557 -9.420314
v -6.232257 0.400713 -9.381289
v -6.198907 0.346815 -9.376028
v -6.221658 0.342557 -9.420314
v -6.332023 0.423822 -9.428256
v -6.325340 0.446064 -9.385729
v -6.255227 0.386287 -9.424579
v -6.325340 0.446064 -9.385729
v -6.232257 0.400713 -9.381289
v -6.255227 0.386287 -9.424579
v -3.275747 0.520632 -9.433998
v -3.290283 0.524780 -9.389712
v -7.018555 0.536782 -9.439403
v -3.290283 0.524780 -9.389712
v -7.030127 0.540969 -9.395116
v -7.018555 0.536782 -9.439403
v -6.466406 0.366830 -9.378029
v -6.449552 0.348785 -9.420966
v -6.425750 0.302084 -9.371710
v -6.449552 0.348785 -9.420966
v -6.420204 0.297827 -9.415991
v -6.425750 0.302084 -9.371710
v -6.403448 0.408503 -9.426778
v -6.402879 0.432530 -9.384425
v -6.332023 0.423822 -9.428256
v -6.402879 0.432530 -9.384425
v -6.325340 0.446064 -9.385729
v -6.332023 0.423822 -9.428256
v -6.402879 0.432530 -9.384425
v -6.403448 0.408503 -9.426778
v -6.466406 0.366830 -9.378029
v -6.403448 0.408503 -9.426778
v -6.449552 0.348785 -9.420966
v -6.466406 0.366830 -9.378029
v -3.290283 0.524780 -9.389712
v -3.272980 0.279321 -9.365770
v -6.198907 0.346815 -9.376028
v -3.290283 0.524780 -9.389712
v -6.198907 0.346815 -9.376028
v -6.232257 0.400713 -9.381289
v -3.272980 0.279321 -9.365770
v -6.224940 0.304319 -9.371895
v -6.198907 0.346815 -9.376028
v -3.290283 0.524780 -9.389712
v -6.232257 0.400713 -9.381289
v -6.325340 0.446064 -9.385729
v -7.030127 0.540969 -9.395116
v -3.290283 0.524780 -9.389712
v -6.325340 0.446064 -9.385729
v -7.030127 0.540969 -9.395116
v -6.325340 0.446064 -9.385729
v -6.402879 0.432530 -9.384425
v -5.559277 1.165228 -9.452279
v -5.558763 1.156750 -9.406856
v -5.773629 1.172076 -9.448611
v -5.558763 1.156750 -9.406856
v -5.773267 1.158456 -9.402719
v -5.773629 1.172076 -9.448611
v -5.798097 0.343261 -9.329188
v -5.584019 0.326849 -9.331996
v -5.799431 0.324390 -9.372143
v -5.584019 0.326849 -9.331996
v -5.585331 0.309192 -9.375063
v -5.799431 0.324390 -9.372143
v -5.798097 0.343261 -9.329188
v -5.799431 0.324390 -9.372143
v -5.773267 1.158456 -9.402719
v -5.799431 0.324390 -9.372143
v -5.773629 1.172076 -9.448611
v -5.773267 1.158456 -9.402719
v 0.238098 0.087642 4.794324
v 0.236391 0.047642 4.808615
v 0.022978 0.091908 4.797575
v 0.236391 0.047642 4.808615
v 0.021260 0.051645 4.811864
v 0.022978 0.091908 4.797575
v 0.022978 0.091908 4.797575
v 0.021260 0.051645 4.811864
v 0.048170 0.091607 4.403445
v 0.021260 0.051645 4.811864
v 0.048503 0.043940 4.383343
v 0.048170 0.091607 4.403445
v 0.083261 0.090902 4.432246
v 0.048170 0.091607 4.403445
v 0.084051 0.042808 4.409112
v 0.048170 0.091607 4.403445
v 0.048503 0.043940 4.383343
v 0.084051 0.042808 4.409112
v 0.124588 0.042605 4.378564
v 0.132605 0.089939 4.402583
v 0.084051 0.042808 4.409112
v 0.132605 0.089939 4.402583
v 0.083261 0.090902 4.432246
v 0.084051 0.042808 4.409112
v 0.162924 0.043240 4.304497
v 0.178921 0.089070 4.312782
v 0.124588 0.042605 4.378564
v 0.178921 0.089070 4.312782
v 0.132605 0.089939 4.402583
v 0.124588 0.042605 4.378564
v 0.106238 0.046526 4.182281
v 0.076402 0.051361 3.947373
v 0.059711 0.046920 4.208158
v 0.236391 0.047642 4.808615
v 0.238098 0.087642 4.794324
v 0.290836 0.047215 3.954723
v 0.238098 0.087642 4.794324
v 0.292334 0.086997 3.943520
v 0.290836 0.047215 3.954723
v 0.120274 0.090306 4.166814
v 0.106238 0.046526 4.182281
v 0.060930 0.091460 4.203017
v 0.106238 0.046526 4.182281
v 0.059711 0.046920 4.208158
v 0.060930 0.091460 4.203017
v 0.154836 0.044705 4.232238
v 0.172828 0.089223 4.234546
v 0.162924 0.043240 4.304497
v 0.172828 0.089223 4.234546
v 0.178921 0.089070 4.312782
v 0.162924 0.043240 4.304497
v 0.172828 0.089223 4.234546
v 0.154836 0.044705 4.232238
v 0.120274 0.090306 4.166814
v 0.154836 0.044705 4.232238
v 0.106238 0.046526 4.182281
v 0.120274 0.090306 4.166814
v 0.238098 0.087642 4.794324
v 0.022978 0.091908 4.797575
v 0.083261 0.090902 4.432246
v 0.238098 0.087642 4.794324
v 0.083261 0.090902 4.432246
v 0.132605 0.089939 4.402583
v 0.022978 0.091908 4.797575
v 0.048170 0.091607 4.403445
v 0.083261 0.090902 4.432246
v 0.238098 0.087642 4.794324
v 0.132605 0.089939 4.402583
v 0.178921 0.089070 4.312782
v 0.292334 0.086997 3.943520
v 0.238098 0.087642 4.794324
v 0.178921 0.089070 4.312782
v 0.292334 0.086997 3.943520
v 0.178921 0.089070 4.312782
v 0.172828 0.089223 4.234546
v 0.106238 0.046526 4.182281
v 0.290836 0.047215 3.954723
v 0.076402 0.051361 3.947373
v 0.106238 0.046526 4.182281
v 0.154836 0.044705 4.232238
v 0.290836 0.047215 3.954723
v 0.084051 0.042808 4.409112
v 0.048503 0.043940 4.383343
v 0.021260 0.051645 4.811864
v 0.124588 0.042605 4.378564
v 0.084051 0.042808 4.409112
v 0.236391 0.047642 4.808615
v 0.162924 0.043240 4.304497
v 0.124588 0.042605 4.378564
v 0.236391 0.047642 4.808615
v 0.162924 0.043240 4.304497
v 0.236391 0.047642 4.808615
v 0.290836 0.047215 3.954723
v 0.154836 0.044705 4.232238
v 0.162924 0.043240 4.304497
v 0.290836 0.047215 3.954723
v 0.084051 0.042808 4.409112
v 0.021260 0.051645 4.811864
v 0.236391 0.047642 4.808615
v -0.197711 0.044722 3.901061
v -0.212208 0.000237 3.900140
v -0.197222 0.044722 3.664592
v -0.212208 0.000237 3.900140
v -0.211731 0.000231 3.663680
v -0.197222 0.044722 3.664592
v -0.197222 0.044722 3.664592
v -0.211731 0.000231 3.663680
v 2.744739 0.042162 3.908035
v -0.211731 0.000231 3.663680
v 2.764422 -0.002317 3.909285
v 2.744739 0.042162 3.908035
v 2.715705 0.042157 3.946827
v 2.744739 0.042162 3.908035
v 2.738412 -0.002317 3.948561
v 2.744739 0.042162 3.908035
v 2.764422 -0.002317 3.909285
v 2.738412 -0.002317 3.948561
v 2.768726 -0.002317 3.992953
v 2.745061 0.042173 4.000925
v 2.738412 -0.002317 3.948561
v 2.745061 0.042173 4.000925
v 2.715705 0.042157 3.946827
v 2.738412 -0.002317 3.948561
v 2.842581 -0.002301 4.034629
v 2.834607 0.042184 4.051312
v 2.768726 -0.002317 3.992953
v 2.834607 0.042184 4.051312
v 2.745061 0.042173 4.000925
v 2.768726 -0.002317 3.992953
v -0.212208 0.000237 3.900140
v -0.197711 0.044722 3.901061
v 3.519052 -0.002175 4.193845
v -0.197711 0.044722 3.901061
v 3.530591 0.042315 4.194579
v 3.519052 -0.002175 4.193845
v 2.981006 0.042211 3.985865
v 2.965238 -0.002279 3.971460
v 2.945166 0.042200 3.920806
v 2.965238 -0.002279 3.971460
v 2.939621 -0.002284 3.920451
v 2.945166 0.042200 3.920806
v 2.914942 -0.002284 4.025249
v 2.912925 0.042200 4.044101
v 2.842581 -0.002301 4.034629
v 2.912925 0.042200 4.044101
v 2.834607 0.042184 4.051312
v 2.842581 -0.002301 4.034629
v 2.912925 0.042200 4.044101
v 2.914942 -0.002284 4.025249
v 2.981006 0.042211 3.985865
v 2.914942 -0.002284 4.025249
v 2.965238 -0.002279 3.971460
v 2.981006 0.042211 3.985865
v -0.197711 0.044722 3.901061
v -0.197222 0.044722 3.664592
v 2.715705 0.042157 3.946827
v -0.197711 0.044722 3.901061
v 2.715705 0.042157 3.946827
v 2.745061 0.042173 4.000925
v -0.197222 0.044722 3.664592
v 2.744739 0.042162 3.908035
v 2.715705 0.042157 3.946827
v -0.197711 0.044722 3.901061
v 2.745061 0.042173 4.000925
v 2.834607 0.042184 4.051312
v 3.530591 0.042315 4.194579
v -0.197711 0.044722 3.901061
v 2.834607 0.042184 4.051312
v 3.530591 0.042315 4.194579
v 2.834607 0.042184 4.051312
v 2.912925 0.042200 4.044101
v 3.454189 0.052263 4.231543
v 3.444746 0.007779 4.230934
v 3.438779 0.052269 4.473772
v 3.444746 0.007779 4.230934
v 3.429314 0.007773 4.473172
v 3.438779 0.052269 4.473772
v 3.454189 0.052263 4.231543
v 0.737470 0.043332 4.023786
v 3.444746 0.007779 4.230934
v 0.737470 0.043332 4.023786
v 0.726074 -0.001147 4.023052
v 3.444746 0.007779 4.230934
v 0.737470 0.043332 4.023786
v 3.454189 0.052263 4.231543
v 0.718286 0.043322 4.265737
v 3.454189 0.052263 4.231543
v 3.438779 0.052269 4.473772
v 0.718286 0.043322 4.265737
v 3.438779 0.052269 4.473772
v 3.429314 0.007773 4.473172
v 0.718286 0.043322 4.265737
v 3.429314 0.007773 4.473172
v 0.706868 -0.001163 4.265001
v 0.718286 0.043322 4.265737
v 3.439198 0.036496 4.940946
v 3.448325 0.036496 4.797491
v 3.451607 -0.007988 4.937976
v 3.448325 0.036496 4.797491
v 3.460497 -0.007983 4.798272
v 3.451607 -0.007988 4.937976
v -0.290851 0.002879 4.756814
v 0.107536 0.047434 4.782198
v 3.444924 -0.007988 5.042961
v 0.107536 0.047434 4.782198
v 3.432741 0.036502 5.042191
v 3.444924 -0.007988 5.042961
v -0.290851 0.002879 4.756814
v -0.300339 0.047358 4.756229
v 0.107536 0.047434 4.782198
v 3.448325 0.036496 4.797491
v 3.439198 0.036496 4.940946
v 3.404751 0.036491 4.956687
v 3.444924 -0.007988 5.042961
v 3.432741 0.036502 5.042191
v 3.396867 -0.007994 5.007441
v 3.432741 0.036502 5.042191
v 3.385542 0.036485 4.997713
v 3.396867 -0.007994 5.007441
v 3.404751 0.036491 4.956687
v 3.439198 0.036496 4.940946
v 3.411959 -0.007988 4.954463
v 3.439198 0.036496 4.940946
v 3.451607 -0.007988 4.937976
v 3.411959 -0.007988 4.954463
v 3.448603 -0.007983 4.985086
v 3.396867 -0.007994 5.007441
v 3.436850 0.036491 4.977849
v 3.396867 -0.007994 5.007441
v 3.385542 0.036485 4.997713
v 3.436850 0.036491 4.977849
v 3.404751 0.036491 4.956687
v 3.411959 -0.007988 4.954463
v 3.436850 0.036491 4.977849
v 3.411959 -0.007988 4.954463
v 3.448603 -0.007983 4.985086
v 3.436850 0.036491 4.977849
v 0.109376 0.047429 4.536623
v 0.121067 0.002944 4.537378
v 3.448325 0.036496 4.797491
v 0.121067 0.002944 4.537378
v 3.460497 -0.007983 4.798272
v 3.448325 0.036496 4.797491
v 3.404751 0.036491 4.956687
v 3.436850 0.036491 4.977849
v 3.385542 0.036485 4.997713
v 0.109376 0.047429 4.536623
v 3.448325 0.036496 4.797491
v 3.404751 0.036491 4.956687
v 0.107536 0.047434 4.782198
v 3.385542 0.036485 4.997713
v 3.432741 0.036502 5.042191
v 3.385542 0.036485 4.997713
v 0.107536 0.047434 4.782198
v 3.404751 0.036491 4.956687
v 0.107536 0.047434 4.782198
v 0.109376 0.047429 4.536623
v 3.404751 0.036491 4.956687
v 3.469692 0.045416 4.521729
v 3.484200 0.000937 4.522645
v 3.468518 0.045422 4.768956
v 3.484200 0.000937 4.522645
v 3.483037 0.000937 4.769874
v 3.468518 0.045422 4.768956
v 3.468518 0.045422 4.768956
v 3.483037 0.000937 4.769874
v 0.526715 0.041752 4.522958
v 3.483037 0.000937 4.769874
v 0.507044 -0.002733 4.521698
v 0.526715 0.041752 4.522958
v 0.555865 0.041763 4.482327
v 0.526715 0.041752 4.522958
v 0.533182 -0.002727 4.480567
v 0.526715 0.041752 4.522958
v 0.507044 -0.002733 4.521698
v 0.533182 -0.002727 4.480567
v 0.502991 -0.002727 4.434243
v 0.526655 0.041757 4.425832
v 0.533182 -0.002727 4.480567
v 0.526655 0.041757 4.425832
v 0.555865 0.041763 4.482327
v 0.533182 -0.002727 4.480567
v 0.429228 -0.002744 4.390896
v 0.437239 0.041741 4.373436
v 0.502991 -0.002727 4.434243
v 0.437239 0.041741 4.373436
v 0.526655 0.041757 4.425832
v 0.502991 -0.002727 4.434243
v 3.484200 0.000937 4.522645
v 3.469692 0.045416 4.521729
v -0.246902 -0.002875 4.226401
v 3.469692 0.045416 4.521729
v -0.258452 0.041610 4.225667
v -0.246902 -0.002875 4.226401
v 0.290617 0.041714 4.442278
v 0.306395 -0.002771 4.457292
v 0.326299 0.041719 4.510189
v 0.306395 -0.002771 4.457292
v 0.331833 -0.002765 4.510543
v 0.326299 0.041719 4.510189
v 0.356853 -0.002760 4.400905
v 0.358900 0.041725 4.381200
v 0.429228 -0.002744 4.390896
v 0.358900 0.041725 4.381200
v 0.437239 0.041741 4.373436
v 0.429228 -0.002744 4.390896
v 0.358900 0.041725 4.381200
v 0.356853 -0.002760 4.400905
v 0.290617 0.041714 4.442278
v 0.356853 -0.002760 4.400905
v 0.306395 -0.002771 4.457292
v 0.290617 0.041714 4.442278
v 3.469692 0.045416 4.521729
v 3.468518 0.045422 4.768956
v 0.555865 0.041763 4.482327
v 3.469692 0.045416 4.521729
v 0.555865 0.041763 4.482327
v 0.526655 0.041757 4.425832
v 3.468518 0.045422 4.768956
v 0.526715 0.041752 4.522958
v 0.555865 0.041763 4.482327
v 3.469692 0.045416 4.521729
v 0.526655 0.041757 4.425832
v 0.437239 0.041741 4.373436
v -0.258452 0.041610 4.225667
v 3.469692 0.045416 4.521729
v 0.437239 0.041741 4.373436
v -0.258452 0.041610 4.225667
v 0.437239 0.041741 4.373436
v 0.358900 0.041725 4.381200
v 1.164920 0.039072 4.565612
v 1.255130 0.045307 3.710473
v 0.952529 0.043453 4.534811
v 1.255130 0.045307 3.710473
v 1.041860 0.049622 3.688015
v 0.952529 0.043453 4.534811
v 1.255130 0.045307 3.710473
v 1.254682 0.089693 3.723322
v 1.041860 0.049622 3.688015
v 1.254682 0.089693 3.723322
v 1.040874 0.093975 3.706001
v 1.041860 0.049622 3.688015
v 0.954951 0.088036 4.520339
v 1.167230 0.083650 4.552354
v 0.952529 0.043453 4.534811
v 1.167230 0.083650 4.552354
v 1.164920 0.039072 4.565612
v 0.952529 0.043453 4.534811
v 0.954951 0.088036 4.520339
v 0.952529 0.043453 4.534811
v 1.040874 0.093975 3.706001
v 0.952529 0.043453 4.534811
v 1.041860 0.049622 3.688015
v 1.040874 0.093975 3.706001
v -4.474218 0.044722 3.525810
v -4.488332 0.000237 3.522373
v -4.432481 0.044722 3.293053
v -4.488332 0.000237 3.522373
v -4.446609 0.000231 3.289623
v -4.432481 0.044722 3.293053
v -4.432481 0.044722 3.293053
v -4.446609 0.000231 3.289623
v -2.484641 0.042162 3.814404
v -4.446609 0.000231 3.289623
v -2.465478 -0.002317 3.819069
v -2.484641 0.042162 3.814404
v -2.519998 0.042157 3.847535
v -2.484641 0.042162 3.814404
v -2.497942 -0.002317 3.853205
v -2.484641 0.042162 3.814404
v -2.465478 -0.002317 3.819069
v -2.497942 -0.002317 3.853205
v -2.475838 -0.002317 3.902204
v -2.500530 0.042173 3.905925
v -2.497942 -0.002317 3.853205
v -2.500530 0.042173 3.905925
v -2.519998 0.042157 3.847535
v -2.497942 -0.002317 3.853205
v -2.410387 -0.002301 3.956126
v -2.421149 0.042184 3.971163
v -2.475838 -0.002317 3.902204
v -2.421149 0.042184 3.971163
v -2.500530 0.042173 3.905925
v -2.475838 -0.002317 3.902204
v -4.488332 0.000237 3.522373
v -4.474218 0.044722 3.525810
v -1.772068 -0.002175 4.230922
v -4.474218 0.044722 3.525810
v -1.760834 0.042315 4.233657
v -1.772068 -0.002175 4.230922
v -2.265576 0.042211 3.932261
v -2.278590 -0.002279 3.915326
v -2.289516 0.042200 3.861946
v -2.278590 -0.002279 3.915326
v -2.294914 -0.002284 3.860629
v -2.289516 0.042200 3.861946
v -2.337499 -0.002284 3.959515
v -2.342773 0.042200 3.977726
v -2.410387 -0.002301 3.956126
v -2.342773 0.042200 3.977726
v -2.421149 0.042184 3.971163
v -2.410387 -0.002301 3.956126
v -2.342773 0.042200 3.977726
v -2.337499 -0.002284 3.959515
v -2.265576 0.042211 3.932261
v -2.337499 -0.002284 3.959515
v -2.278590 -0.002279 3.915326
v -2.265576 0.042211 3.932261
v -4.474218 0.044722 3.525810
v -4.432481 0.044722 3.293053
v -2.519998 0.042157 3.847535
v -4.474218 0.044722 3.525810
v -2.519998 0.042157 3.847535
v -2.500530 0.042173 3.905925
v -4.432481 0.044722 3.293053
v -2.484641 0.042162 3.814404
v -2.519998 0.042157 3.847535
v -4.474218 0.044722 3.525810
v -2.500530 0.042173 3.905925
v -2.421149 0.042184 3.971163
v -1.760834 0.042315 4.233657
v -4.474218 0.044722 3.525810
v -2.421149 0.042184 3.971163
v -1.760834 0.042315 4.233657
v -2.421149 0.042184 3.971163
v -2.342773 0.042200 3.977726
v -1.842514 0.052263 4.256725
v -1.851705 0.007779 4.254478
v -1.899948 0.052269 4.492549
v -1.851705 0.007779 4.254478
v -1.909163 0.007773 4.490308
v -1.899948 0.052269 4.492549
v -1.842514 0.052263 4.256725
v -3.830032 0.043332 3.744591
v -1.851705 0.007779 4.254478
v -3.830032 0.043332 3.744591
v -3.841126 -0.001147 3.741882
v -1.851705 0.007779 4.254478
v -3.830032 0.043332 3.744591
v -1.842514 0.052263 4.256725
v -3.891135 0.043322 3.979485
v -1.842514 0.052263 4.256725
v -1.899948 0.052269 4.492549
v -3.891135 0.043322 3.979485
v -1.899948 0.052269 4.492549
v -1.909163 0.007773 4.490308
v -3.891135 0.043322 3.979485
v -1.909163 0.007773 4.490308
v -3.902250 -0.001163 3.976769
v -3.891135 0.043322 3.979485
v -1.981041 0.036496 4.952632
v -1.947026 0.036496 4.812970
v -1.968304 -0.007988 4.951873
v -1.947026 0.036496 4.812970
v -1.935177 -0.007983 4.815862
v -1.968304 -0.007988 4.951873
v -5.329200 0.002878 4.195310
v -4.941352 0.047434 4.289811
v -1.993201 -0.007988 5.054082
v -4.941352 0.047434 4.289811
v -2.005063 0.036502 5.051198
v -1.993201 -0.007988 5.054082
v -5.329200 0.002878 4.195310
v -5.338440 0.047358 4.193079
v -4.941352 0.047434 4.289811
v -1.947026 0.036496 4.812970
v -1.981041 0.036496 4.952632
v -2.017707 0.036491 4.962123
v -1.993201 -0.007988 5.054082
v -2.005063 0.036502 5.051198
v -2.034323 -0.007994 5.010723
v -2.005063 0.036502 5.051198
v -2.043778 0.036485 4.999168
v -2.034323 -0.007994 5.010723
v -2.017707 0.036491 4.962123
v -1.981041 0.036496 4.952632
v -2.010220 -0.007988 4.961191
v -1.981041 0.036496 4.952632
v -1.968304 -0.007988 4.951873
v -2.010220 -0.007988 4.961191
v -1.979481 -0.007983 4.997737
v -2.034323 -0.007994 5.010723
v -1.989792 0.036491 4.988561
v -2.034323 -0.007994 5.010723
v -2.043778 0.036485 4.999168
v -1.989792 0.036491 4.988561
v -2.017707 0.036491 4.962123
v -2.010220 -0.007988 4.961191
v -1.989792 0.036491 4.988561
v -2.010220 -0.007988 4.961191
v -1.979481 -0.007983 4.997737
v -1.989792 0.036491 4.988561
v -4.896696 0.047429 4.048322
v -4.885316 0.002944 4.051105
v -1.947026 0.036496 4.812970
v -4.885316 0.002944 4.051105
v -1.935177 -0.007983 4.815862
v -1.947026 0.036496 4.812970
v -2.017707 0.036491 4.962123
v -1.989792 0.036491 4.988561
v -2.043778 0.036485 4.999168
v -4.896696 0.047429 4.048322
v -1.947026 0.036496 4.812970
v -2.017707 0.036491 4.962123
v -4.941352 0.047434 4.289811
v -2.043778 0.036485 4.999168
v -2.005063 0.036502 5.051198
v -2.043778 0.036485 4.999168
v -4.941352 0.047434 4.289811
v -2.017707 0.036491 4.962123
v -4.941352 0.047434 4.289811
v -4.896696 0.047429 4.048322
v -2.017707 0.036491 4.962123
v -1.877876 0.045416 4.545165
v -1.863750 0.000937 4.548599
v -1.922165 0.045422 4.788396
v -1.863750 0.000937 4.548599
v -1.908028 0.000937 4.791832
v -1.922165 0.045422 4.788396
v -1.922165 0.045422 4.788396
v -1.908028 0.000937 4.791832
v -4.483374 0.041752 4.107679
v -1.908028 0.000937 4.791832
v -4.502523 -0.002733 4.103006
v -4.483374 0.041752 4.107679
v -4.447582 0.041763 4.072757
v -4.483374 0.041752 4.107679
v -4.469610 -0.002727 4.067066
v -4.483374 0.041752 4.107679
v -4.502523 -0.002733 4.103006
v -4.469610 -0.002727 4.067066
v -4.491256 -0.002727 4.016185
v -4.466487 0.041757 4.012033
v -4.469610 -0.002727 4.067066
v -4.466487 0.041757 4.012033
v -4.447582 0.041763 4.072757
v -4.469610 -0.002727 4.067066
v -4.556324 -0.002744 3.960633
v -4.545391 0.041741 3.944839
v -4.491256 -0.002727 4.016185
v -4.545391 0.041741 3.944839
v -4.466487 0.041757 4.012033
v -4.491256 -0.002727 4.016185
v -1.863750 0.000937 4.548599
v -1.877876 0.045416 4.545165
v -5.193387 -0.002875 3.680700
v -1.877876 0.045416 4.545165
v -5.204631 0.041610 3.677963
v -5.193387 -0.002875 3.680700
v -4.701774 0.041714 3.987045
v -4.688858 -0.002771 4.004581
v -4.678488 0.041719 4.060138
v -4.688858 -0.002771 4.004581
v -4.673100 -0.002766 4.061453
v -4.678488 0.041719 4.060138
v -4.629336 -0.002760 3.957862
v -4.623883 0.041725 3.938817
v -4.556324 -0.002744 3.960633
v -4.623883 0.041725 3.938817
v -4.545391 0.041741 3.944839
v -4.556324 -0.002744 3.960633
v -4.623883 0.041725 3.938817
v -4.629336 -0.002760 3.957862
v -4.701774 0.041714 3.987045
v -4.629336 -0.002760 3.957862
v -4.688858 -0.002771 4.004581
v -4.701774 0.041714 3.987045
v -1.877876 0.045416 4.545165
v -1.922165 0.045422 4.788396
v -4.447582 0.041763 4.072757
v -1.877876 0.045416 4.545165
v -4.447582 0.041763 4.072757
v -4.466487 0.041757 4.012033
v -1.922165 0.045422 4.788396
v -4.483374 0.041752 4.107679
v -4.447582 0.041763 4.072757
v -1.877876 0.045416 4.545165
v -4.466487 0.041757 4.012033
v -4.545391 0.041741 3.944839
v -5.204631 0.041610 3.677963
v -1.877876 0.045416 4.545165
v -4.545391 0.041741 3.944839
v -5.204631 0.041610 3.677963
v -4.545391 0.041741 3.944839
v -4.623883 0.041725 3.938817
v 2.015073 0.087643 15.773549
v 2.010899 0.047643 15.787322
v 1.802686 0.091909 15.739219
v 2.010899 0.047643 15.787322
v 1.798502 0.051646 15.752990
v 1.802686 0.091909 15.739219
v 1.802686 0.091909 15.739219
v 1.798502 0.051646 15.752990
v 1.896254 0.091608 15.355529
v 1.798502 0.051646 15.752990
v 1.900089 0.043940 15.335793
v 1.896254 0.091608 15.355529
v 1.925782 0.090903 15.390010
v 1.896254 0.091608 15.355529
v 1.930596 0.042808 15.367370
v 1.896254 0.091608 15.355529
v 1.900089 0.043940 15.335793
v 1.930596 0.042808 15.367370
v 1.975841 0.042606 15.344360
v 1.979545 0.089940 15.369411
v 1.930596 0.042808 15.367370
v 1.979545 0.089940 15.369411
v 1.925782 0.090903 15.390010
v 1.930596 0.042808 15.367370
v 2.026511 0.043240 15.278119
v 2.040817 0.089070 15.289067
v 1.975841 0.042606 15.344360
v 2.040817 0.089070 15.289067
v 1.979545 0.089940 15.369411
v 1.975841 0.042606 15.344360
v 1.992016 0.046527 15.147888
v 2.003621 0.051362 14.911377
v 1.941689 0.046921 15.165250
v 2.010899 0.047643 15.787322
v 2.015073 0.087643 15.773549
v 2.213485 0.047216 14.956024
v 2.015073 0.087643 15.773549
v 2.216914 0.086998 14.945256
v 2.213485 0.047216 14.956024
v 2.008536 0.090306 15.135108
v 1.992016 0.046527 15.147888
v 1.943786 0.091460 15.160400
v 1.992016 0.046527 15.147888
v 1.941689 0.046921 15.165250
v 1.943786 0.091460 15.160400
v 2.031154 0.044706 15.205558
v 2.048466 0.089224 15.210968
v 2.026511 0.043240 15.278119
v 2.048466 0.089224 15.210968
v 2.040817 0.089070 15.289067
v 2.026511 0.043240 15.278119
v 2.048466 0.089224 15.210968
v 2.031154 0.044706 15.205558
v 2.008536 0.090306 15.135108
v 2.031154 0.044706 15.205558
v 1.992016 0.046527 15.147888
v 2.008536 0.090306 15.135108
v 2.015073 0.087643 15.773549
v 1.802686 0.091909 15.739219
v 1.925782 0.090903 15.390010
v 2.015073 0.087643 15.773549
v 1.925782 0.090903 15.390010
v 1.979545 0.089940 15.369411
v 1.802686 0.091909 15.739219
v 1.896254 0.091608 15.355529
v 1.925782 0.090903 15.390010
v 2.015073 0.087643 15.773549
v 1.979545 0.089940 15.369411
v 2.040817 0.089070 15.289067
v 2.216914 0.086998 14.945256
v 2.015073 0.087643 15.773549
v 2.040817 0.089070 15.289067
v 2.216914 0.086998 14.945256
v 2.040817 0.089070 15.289067
v 2.048466 0.089224 15.210968
v 1.992016 0.046527 15.147888
v 2.213485 0.047216 14.956024
v 2.003621 0.051362 14.911377
v 1.992016 0.046527 15.147888
v 2.031154 0.044706 15.205558
v 2.213485 0.047216 14.956024
v 1.930596 0.042808 15.367370
v 1.900089 0.043940 15.335793
v 1.798502 0.051646 15.752990
v 1.975841 0.042606 15.344360
v 1.930596 0.042808 15.367370
v 2.010899 0.047643 15.787322
v 2.026511 0.043240 15.278119
v 1.975841 0.042606 15.344360
v 2.010899 0.047643 15.787322
v 2.026511 0.043240 15.278119
v 2.010899 0.047643 15.787322
v 2.213485 0.047216 14.956024
v 2.031154 0.044706 15.205558
v 2.026511 0.043240 15.278119
v 2.213485 0.047216 14.956024
v 1.930596 0.042808 15.367370
v 1.798502 0.051646 15.752990
v 2.010899 0.047643 15.787322
v 1.741793 0.044722 14.817952
v 1.727679 0.000238 14.814514
v 1.783530 0.044722 14.585195
v 1.727679 0.000238 14.814514
v 1.769402 0.000232 14.581766
v 1.783530 0.044722 14.585195
v 1.783530 0.044722 14.585195
v 1.769402 0.000232 14.581766
v 4.637898 0.042163 15.338176
v 1.769402 0.000232 14.581766
v 4.657061 -0.002316 15.342841
v 4.637898 0.042163 15.338176
v 4.602541 0.042158 15.371307
v 4.637898 0.042163 15.338176
v 4.624597 -0.002316 15.376976
v 4.637898 0.042163 15.338176
v 4.657061 -0.002316 15.342841
v 4.624597 -0.002316 15.376976
v 4.646702 -0.002316 15.425977
v 4.622009 0.042174 15.429697
v 4.624597 -0.002316 15.376976
v 4.622009 0.042174 15.429697
v 4.602541 0.042158 15.371307
v 4.624597 -0.002316 15.376976
v 4.712153 -0.002300 15.479898
v 4.701390 0.042185 15.494934
v 4.646702 -0.002316 15.425977
v 4.701390 0.042185 15.494934
v 4.622009 0.042174 15.429697
v 4.646702 -0.002316 15.425977
v 1.727679 0.000238 14.814514
v 1.741793 0.044722 14.817952
v 5.350471 -0.002174 15.754694
v 1.741793 0.044722 14.817952
v 5.361705 0.042316 15.757430
v 5.350471 -0.002174 15.754694
v 4.856964 0.042212 15.456032
v 4.843950 -0.002278 15.439097
v 4.833023 0.042201 15.385718
v 4.843950 -0.002278 15.439097
v 4.827625 -0.002283 15.384401
v 4.833023 0.042201 15.385718
v 4.785040 -0.002283 15.483287
v 4.779766 0.042201 15.501498
v 4.712153 -0.002300 15.479898
v 4.779766 0.042201 15.501498
v 4.701390 0.042185 15.494934
v 4.712153 -0.002300 15.479898
v 4.779766 0.042201 15.501498
v 4.785040 -0.002283 15.483287
v 4.856964 0.042212 15.456032
v 4.785040 -0.002283 15.483287
v 4.843950 -0.002278 15.439097
v 4.856964 0.042212 15.456032
v 1.741793 0.044722 14.817952
v 1.783530 0.044722 14.585195
v 4.602541 0.042158 15.371307
v 1.741793 0.044722 14.817952
v 4.602541 0.042158 15.371307
v 4.622009 0.042174 15.429697
v 1.783530 0.044722 14.585195
v 4.637898 0.042163 15.338176
v 4.602541 0.042158 15.371307
v 1.741793 0.044722 14.817952
v 4.622009 0.042174 15.429697
v 4.701390 0.042185 15.494934
v 5.361705 0.042316 15.757430
v 1.741793 0.044722 14.817952
v 4.701390 0.042185 15.494934
v 5.361705 0.042316 15.757430
v 4.701390 0.042185 15.494934
v 4.779766 0.042201 15.501498
v 5.280025 0.052264 15.780497
v 5.270834 0.007780 15.778251
v 5.222591 0.052270 16.016323
v 5.270834 0.007780 15.778251
v 5.213377 0.007774 16.014080
v 5.222591 0.052270 16.016323
v 5.280025 0.052264 15.780497
v 2.641220 0.043333 15.101951
v 5.270834 0.007780 15.778251
v 2.641220 0.043333 15.101951
v 2.630126 -0.001146 15.099240
v 5.270834 0.007780 15.778251
v 2.641220 0.043333 15.101951
v 5.280025 0.052264 15.780497
v 2.580117 0.043322 15.336844
v 5.280025 0.052264 15.780497
v 5.222591 0.052270 16.016323
v 2.580117 0.043322 15.336844
v 5.222591 0.052270 16.016323
v 5.213377 0.007774 16.014080
v 2.580117 0.043322 15.336844
v 5.213377 0.007774 16.014080
v 2.569003 -0.001162 15.334128
v 2.580117 0.043322 15.336844
v 5.141499 0.036497 16.476406
v 5.175514 0.036497 16.336742
v 5.154235 -0.007987 16.475645
v 5.175514 0.036497 16.336742
v 5.187362 -0.007982 16.339636
v 5.154235 -0.007987 16.475645
v 1.500781 0.002879 15.644330
v 1.888630 0.047435 15.738831
v 5.129339 -0.007987 16.577854
v 1.888630 0.047435 15.738831
v 5.117477 0.036503 16.574970
v 5.129339 -0.007987 16.577854
v 1.500781 0.002879 15.644330
v 1.491541 0.047359 15.642099
v 1.888630 0.047435 15.738831
v 5.175514 0.036497 16.336742
v 5.141499 0.036497 16.476406
v 5.104833 0.036492 16.485895
v 5.129339 -0.007987 16.577854
v 5.117477 0.036503 16.574970
v 5.088216 -0.007993 16.534494
v 5.117477 0.036503 16.574970
v 5.078761 0.036486 16.522940
v 5.088216 -0.007993 16.534494
v 5.104833 0.036492 16.485895
v 5.141499 0.036497 16.476406
v 5.112319 -0.007987 16.484962
v 5.141499 0.036497 16.476406
v 5.154235 -0.007987 16.475645
v 5.112319 -0.007987 16.484962
v 5.143058 -0.007982 16.521509
v 5.088216 -0.007993 16.534494
v 5.132748 0.036492 16.512333
v 5.088216 -0.007993 16.534494
v 5.078761 0.036486 16.522940
v 5.132748 0.036492 16.512333
v 5.104833 0.036492 16.485895
v 5.112319 -0.007987 16.484962
v 5.132748 0.036492 16.512333
v 5.112319 -0.007987 16.484962
v 5.143058 -0.007982 16.521509
v 5.132748 0.036492 16.512333
v 1.933286 0.047430 15.497342
v 1.944666 0.002945 15.500125
v 5.175514 0.036497 16.336742
v 1.944666 0.002945 15.500125
v 5.187362 -0.007982 16.339636
v 5.175514 0.036497 16.336742
v 5.104833 0.036492 16.485895
v 5.132748 0.036492 16.512333
v 5.078761 0.036486 16.522940
v 1.933286 0.047430 15.497342
v 5.175514 0.036497 16.336742
v 5.104833 0.036492 16.485895
v 1.888630 0.047435 15.738831
v 5.078761 0.036486 16.522940
v 5.117477 0.036503 16.574970
v 5.078761 0.036486 16.522940
v 1.888630 0.047435 15.738831
v 5.104833 0.036492 16.485895
v 1.888630 0.047435 15.738831
v 1.933286 0.047430 15.497342
v 5.104833 0.036492 16.485895
v 5.244664 0.045417 16.068937
v 5.258790 0.000938 16.072371
v 5.200375 0.045423 16.312168
v 5.258790 0.000938 16.072371
v 5.214512 0.000938 16.315605
v 5.200375 0.045423 16.312168
v 5.200375 0.045423 16.312168
v 5.214512 0.000938 16.315605
v 2.346608 0.041753 15.556699
v 5.214512 0.000938 16.315605
v 2.327459 -0.002732 15.552027
v 2.346608 0.041753 15.556699
v 2.382400 0.041764 15.521776
v 2.346608 0.041753 15.556699
v 2.360372 -0.002726 15.516086
v 2.346608 0.041753 15.556699
v 2.327459 -0.002732 15.552027
v 2.360372 -0.002726 15.516086
v 2.338726 -0.002726 15.465205
v 2.363495 0.041758 15.461052
v 2.360372 -0.002726 15.516086
v 2.363495 0.041758 15.461052
v 2.382400 0.041764 15.521776
v 2.360372 -0.002726 15.516086
v 2.273657 -0.002743 15.409653
v 2.284590 0.041742 15.393859
v 2.338726 -0.002726 15.465205
v 2.284590 0.041742 15.393859
v 2.363495 0.041758 15.461052
v 2.338726 -0.002726 15.465205
v 5.258790 0.000938 16.072371
v 5.244664 0.045417 16.068937
v 1.636595 -0.002874 15.129720
v 5.244664 0.045417 16.068937
v 1.625350 0.041611 15.126983
v 1.636595 -0.002874 15.129720
v 2.128207 0.041715 15.436066
v 2.141124 -0.002770 15.453601
v 2.151494 0.041720 15.509158
v 2.141124 -0.002770 15.453601
v 2.156881 -0.002765 15.510474
v 2.151494 0.041720 15.509158
v 2.200646 -0.002759 15.406882
v 2.206099 0.041725 15.387836
v 2.273657 -0.002743 15.409653
v 2.206099 0.041725 15.387836
v 2.284590 0.041742 15.393859
v 2.273657 -0.002743 15.409653
v 2.206099 0.041725 15.387836
v 2.200646 -0.002759 15.406882
v 2.128207 0.041715 15.436066
v 2.200646 -0.002759 15.406882
v 2.141124 -0.002770 15.453601
v 2.128207 0.041715 15.436066
v 5.244664 0.045417 16.068937
v 5.200375 0.045423 16.312168
v 2.382400 0.041764 15.521776
v 5.244664 0.045417 16.068937
v 2.382400 0.041764 15.521776
v 2.363495 0.041758 15.461052
v 5.200375 0.045423 16.312168
v 2.346608 0.041753 15.556699
v 2.382400 0.041764 15.521776
v 5.244664 0.045417 16.068937
v 2.363495 0.041758 15.461052
v 2.284590 0.041742 15.393859
v 1.625350 0.041611 15.126983
v 5.244664 0.045417 16.068937
v 2.284590 0.041742 15.393859
v 1.625350 0.041611 15.126983
v 2.284590 0.041742 15.393859
v 2.206099 0.041725 15.387836
v -2.800897 0.087643 14.538280
v -2.799544 0.047643 14.552608
v -3.010467 0.091909 14.586932
v -2.799544 0.047643 14.552608
v -3.009125 0.051646 14.601264
v -3.010467 0.091909 14.586932
v -3.010467 0.091909 14.586932
v -3.009125 0.051646 14.601264
v -3.069165 0.091608 14.196385
v -3.009125 0.051646 14.601264
v -3.073089 0.043940 14.176668
v -3.069165 0.091608 14.196385
v -3.028778 0.090902 14.217117
v -3.069165 0.091608 14.196385
v -3.032896 0.042808 14.194339
v -3.069165 0.091608 14.196385
v -3.073089 0.043940 14.176668
v -3.032896 0.042808 14.194339
v -2.999733 0.042606 14.155911
v -2.986820 0.089940 14.177693
v -3.032896 0.042808 14.194339
v -2.986820 0.089940 14.177693
v -3.028778 0.090902 14.217117
v -3.032896 0.042808 14.194339
v -2.977922 0.043240 14.075416
v -2.960536 0.089070 14.080131
v -2.999733 0.042606 14.155911
v -2.960536 0.089070 14.080131
v -2.986820 0.089940 14.177693
v -2.999733 0.042606 14.155911
v -3.059164 0.046527 13.967944
v -3.137985 0.051362 13.744654
v -3.099169 0.046921 14.003072
v -2.799544 0.047643 14.552608
v -2.800897 0.087643 14.538280
v -2.926844 0.047216 13.706505
v -2.800897 0.087643 14.538280
v -2.927748 0.086998 13.695239
v -2.926844 0.047216 13.706505
v -3.048714 0.090306 13.949860
v -3.059164 0.046527 13.967944
v -3.099064 0.091460 13.997790
v -3.059164 0.046527 13.967944
v -3.099169 0.046921 14.003072
v -3.099064 0.091460 13.997790
v -3.001102 0.044706 14.006499
v -2.983030 0.089224 14.004951
v -2.977922 0.043240 14.075416
v -2.983030 0.089224 14.004951
v -2.960536 0.089070 14.080131
v -2.977922 0.043240 14.075416
v -2.983030 0.089224 14.004951
v -3.001102 0.044706 14.006499
v -3.048714 0.090306 13.949860
v -3.001102 0.044706 14.006499
v -3.059164 0.046527 13.967944
v -3.048714 0.090306 13.949860
v -2.800897 0.087643 14.538280
v -3.010467 0.091909 14.586932
v -3.028778 0.090902 14.217117
v -2.800897 0.087643 14.538280
v -3.028778 0.090902 14.217117
v -2.986820 0.089940 14.177693
v -3.010467 0.091909 14.586932
v -3.069165 0.091608 14.196385
v -3.028778 0.090902 14.217117
v -2.800897 0.087643 14.538280
v -2.986820 0.089940 14.177693
v -2.960536 0.089070 14.080131
v -2.927748 0.086998 13.695239
v -2.800897 0.087643 14.538280
v -2.960536 0.089070 14.080131
v -2.927748 0.086998 13.695239
v -2.960536 0.089070 14.080131
v -2.983030 0.089224 14.004951
v -3.059164 0.046527 13.967944
v -2.926844 0.047216 13.706505
v -3.137985 0.051362 13.744654
v -3.059164 0.046527 13.967944
v -3.001102 0.044706 14.006499
v -2.926844 0.047216 13.706505
v -3.032896 0.042808 14.194339
v -3.073089 0.043940 14.176668
v -3.009125 0.051646 14.601264
v -2.999733 0.042606 14.155911
v -3.032896 0.042808 14.194339
v -2.799544 0.047643 14.552608
v -2.977922 0.043240 14.075416
v -2.999733 0.042606 14.155911
v -2.799544 0.047643 14.552608
v -2.977922 0.043240 14.075416
v -2.799544 0.047643 14.552608
v -2.926844 0.047216 13.706505
v -3.001102 0.044706 14.006499
v -2.977922 0.043240 14.075416
v -2.926844 0.047216 13.706505
v -3.032896 0.042808 14.194339
v -3.009125 0.051646 14.601264
v -2.799544 0.047643 14.552608
v -3.415694 0.044722 13.757337
v -3.430058 0.000238 13.759501
v -3.465206 0.044722 13.526108
v -3.430058 0.000238 13.759501
v -3.479580 0.000232 13.528284
v -3.465206 0.044722 13.526108
v -3.465206 0.044722 13.526108
v -3.479580 0.000232 13.528284
v -0.538271 0.042163 13.142112
v -3.479580 0.000232 13.528284
v -0.518769 -0.002316 13.139173
v -0.538271 0.042163 13.142112
v -0.558448 0.042157 13.186165
v -0.538271 0.042163 13.142112
v -0.535888 -0.002316 13.183060
v -0.538271 0.042163 13.142112
v -0.518769 -0.002316 13.139173
v -0.535888 -0.002316 13.183060
v -0.496875 -0.002316 13.220039
v -0.518319 0.042174 13.232834
v -0.535888 -0.002316 13.183060
v -0.518319 0.042174 13.232834
v -0.558448 0.042157 13.186165
v -0.535888 -0.002316 13.183060
v -0.415879 -0.002300 13.245160
v -0.420145 0.042185 13.263153
v -0.496875 -0.002316 13.220039
v -0.420145 0.042185 13.263153
v -0.518319 0.042174 13.232834
v -0.496875 -0.002316 13.220039
v -3.430058 0.000238 13.759501
v -3.415694 0.044722 13.757337
v 0.278963 -0.002174 13.257771
v -3.415694 0.044722 13.757337
v 0.290396 0.042316 13.256049
v 0.278963 -0.002174 13.257771
v -0.290890 0.042212 13.168236
v -0.309347 -0.002278 13.157491
v -0.339674 0.042201 13.112224
v -0.309347 -0.002278 13.157491
v -0.345169 -0.002284 13.113048
v -0.339674 0.042201 13.112224
v -0.347136 -0.002284 13.220695
v -0.345121 0.042201 13.239548
v -0.415879 -0.002300 13.245160
v -0.345121 0.042201 13.239548
v -0.420145 0.042185 13.263153
v -0.415879 -0.002300 13.245160
v -0.345121 0.042201 13.239548
v -0.347136 -0.002284 13.220695
v -0.290890 0.042212 13.168236
v -0.347136 -0.002284 13.220695
v -0.309347 -0.002278 13.157491
v -0.290890 0.042212 13.168236
v -3.415694 0.044722 13.757337
v -3.465206 0.044722 13.526108
v -0.558448 0.042157 13.186165
v -3.415694 0.044722 13.757337
v -0.558448 0.042157 13.186165
v -0.518319 0.042174 13.232834
v -3.465206 0.044722 13.526108
v -0.538271 0.042163 13.142112
v -0.558448 0.042157 13.186165
v -3.415694 0.044722 13.757337
v -0.518319 0.042174 13.232834
v -0.420145 0.042185 13.263153
v 0.290396 0.042316 13.256049
v -3.415694 0.044722 13.757337
v -0.420145 0.042185 13.263153
v 0.290396 0.042316 13.256049
v -0.420145 0.042185 13.263153
v -0.345121 0.042201 13.239548
v 0.223534 0.052264 13.308330
v 0.214177 0.007779 13.309731
v 0.259681 0.052270 13.548342
v 0.214177 0.007779 13.309731
v 0.250303 0.007774 13.549756
v 0.259681 0.052270 13.548342
v 0.223534 0.052264 13.308330
v -2.475704 0.043333 13.679587
v 0.214177 0.007779 13.309731
v -2.475704 0.043333 13.679587
v -2.486998 -0.001146 13.681279
v 0.214177 0.007779 13.309731
v -2.475704 0.043333 13.679587
v 0.223534 0.052264 13.308330
v -2.443306 0.043322 13.920125
v 0.223534 0.052264 13.308330
v 0.259681 0.052270 13.548342
v -2.443306 0.043322 13.920125
v 0.259681 0.052270 13.548342
v 0.250303 0.007774 13.549756
v -2.443306 0.043322 13.920125
v 0.250303 0.007774 13.549756
v -2.454621 -0.001162 13.921821
v -2.443306 0.043322 13.920125
v 0.358852 0.036497 14.004868
v 0.337446 0.036497 13.862726
v 0.370353 -0.007988 13.999343
v 0.337446 0.036497 13.862726
v 0.349508 -0.007982 13.860916
v 0.370353 -0.007988 13.999343
v -3.325820 0.002879 14.613439
v -2.931071 0.047435 14.554029
v 0.386015 -0.007988 14.103368
v -2.931071 0.047435 14.554029
v 0.373944 0.036503 14.105189
v 0.386015 -0.007988 14.103368
v -3.325820 0.002879 14.613439
v -3.335218 0.047359 14.614873
v -2.931071 0.047435 14.554029
v 0.337446 0.036497 13.862726
v 0.358852 0.036497 14.004868
v 0.328511 0.036492 14.027536
v 0.386015 -0.007988 14.103368
v 0.373944 0.036503 14.105189
v 0.331535 -0.007993 14.078811
v 0.373944 0.036503 14.105189
v 0.318409 0.036486 14.071695
v 0.331535 -0.007993 14.078811
v 0.328511 0.036492 14.027536
v 0.358852 0.036497 14.004868
v 0.335087 -0.007988 14.023839
v 0.358852 0.036497 14.004868
v 0.370353 -0.007988 13.999343
v 0.335087 -0.007988 14.023839
v 0.377376 -0.007982 14.046023
v 0.331535 -0.007993 14.078811
v 0.364358 0.036492 14.041434
v 0.331535 -0.007993 14.078811
v 0.318409 0.036486 14.071695
v 0.364358 0.036492 14.041434
v 0.328511 0.036492 14.027536
v 0.335087 -0.007988 14.023839
v 0.364358 0.036492 14.041434
v 0.335087 -0.007988 14.023839
v 0.377376 -0.007982 14.046023
v 0.364358 0.036492 14.041434
v -2.981188 0.047430 14.313614
v -2.969601 0.002945 14.311881
v 0.337446 0.036497 13.862726
v -2.969601 0.002945 14.311881
v 0.349508 -0.007982 13.860916
v 0.337446 0.036497 13.862726
v 0.328511 0.036492 14.027536
v 0.364358 0.036492 14.041434
v 0.318409 0.036486 14.071695
v -2.981188 0.047430 14.313614
v 0.337446 0.036497 13.862726
v 0.328511 0.036492 14.027536
v -2.931071 0.047435 14.554029
v 0.318409 0.036486 14.071695
v 0.373944 0.036503 14.105189
v 0.318409 0.036486 14.071695
v -2.931071 0.047435 14.554029
v 0.328511 0.036492 14.027536
v -2.931071 0.047435 14.554029
v -2.981188 0.047430 14.313614
v 0.328511 0.036492 14.027536
v 0.300034 0.045417 13.588679
v 0.314408 0.000938 13.586509
v 0.351150 0.045422 13.830566
v 0.314408 0.000938 13.586509
v 0.365536 0.000938 13.828395
v 0.351150 0.045422 13.830566
v 0.351150 0.045422 13.830566
v 0.365536 0.000938 13.828395
v -2.576170 0.041753 14.212033
v 0.365536 0.000938 13.828395
v -2.595663 -0.002732 14.214960
v -2.576170 0.041753 14.212033
v -2.556268 0.041764 14.166156
v -2.576170 0.041753 14.212033
v -2.578810 -0.002726 14.169232
v -2.576170 0.041753 14.212033
v -2.595663 -0.002732 14.214960
v -2.578810 -0.002726 14.169232
v -2.618112 -0.002727 14.130338
v -2.596761 0.041758 14.117114
v -2.578810 -0.002726 14.169232
v -2.596761 0.041758 14.117114
v -2.556268 0.041764 14.166156
v -2.578810 -0.002726 14.169232
v -2.699371 -0.002743 14.103563
v -2.695233 0.041742 14.084805
v -2.618112 -0.002727 14.130338
v -2.695233 0.041742 14.084805
v -2.596761 0.041758 14.117114
v -2.618112 -0.002727 14.130338
v 0.314408 0.000938 13.586509
v 0.300034 0.045417 13.588679
v -3.394995 -0.002874 14.085723
v 0.300034 0.045417 13.588679
v -3.406439 0.041611 14.087447
v -3.394995 -0.002874 14.085723
v -2.823988 0.041714 14.183087
v -2.805393 -0.002770 14.194427
v -2.774756 0.041720 14.241920
v -2.805393 -0.002770 14.194427
v -2.769272 -0.002765 14.241096
v -2.774756 0.041720 14.241920
v -2.767995 -0.002759 14.128647
v -2.770160 0.041725 14.108954
v -2.699371 -0.002743 14.103563
v -2.770160 0.041725 14.108954
v -2.695233 0.041742 14.084805
v -2.699371 -0.002743 14.103563
v -2.770160 0.041725 14.108954
v -2.767995 -0.002759 14.128647
v -2.823988 0.041714 14.183087
v -2.767995 -0.002759 14.128647
v -2.805393 -0.002770 14.194427
v -2.823988 0.041714 14.183087
v 0.300034 0.045417 13.588679
v 0.351150 0.045422 13.830566
v -2.556268 0.041764 14.166156
v 0.300034 0.045417 13.588679
v -2.556268 0.041764 14.166156
v -2.596761 0.041758 14.117114
v 0.351150 0.045422 13.830566
v -2.576170 0.041753 14.212033
v -2.556268 0.041764 14.166156
v 0.300034 0.045417 13.588679
v -2.596761 0.041758 14.117114
v -2.695233 0.041742 14.084805
v -3.406439 0.041611 14.087447
v 0.300034 0.045417 13.588679
v -2.695233 0.041742 14.084805
v -3.406439 0.041611 14.087447
v -2.695233 0.041742 14.084805
v -2.770160 0.041725 14.108954
v -1.943371 0.039073 14.118805
v -2.035979 0.045307 13.263923
v -2.157474 0.043454 14.133600
v -2.035979 0.045307 13.263923
v -2.249176 0.049623 13.287056
v -2.157474 0.043454 14.133600
v -2.035979 0.045307 13.263923
v -2.033700 0.089694 13.276575
v -2.249176 0.049623 13.287056
v -2.033700 0.089694 13.276575
v -2.246337 0.093976 13.304845
v -2.249176 0.049623 13.287056
v -2.158166 0.088037 14.118942
v -1.943916 0.083651 14.105357
v -2.157474 0.043454 14.133600
v -1.943916 0.083651 14.105357
v -1.943371 0.039073 14.118805
v -2.157474 0.043454 14.133600
v -2.158166 0.088037 14.118942
v -2.157474 0.043454 14.133600
v -2.246337 0.093976 13.304845
v -2.157474 0.043454 14.133600
v -2.249176 0.049623 13.287056
v -2.246337 0.093976 13.304845
v -2.279190 0.079226 14.854375
v -2.280205 0.055534 14.889656
v -2.064922 0.059377 14.854102
v -2.280205 0.055534 14.889656
v -2.065937 0.035621 14.889638
v -2.064922 0.059377 14.854102
v -2.064922 0.059377 14.854102
v -2.065937 0.035621 14.889638
v -2.060606 0.442260 14.950824
v -2.065937 0.035621 14.889638
v -2.061402 0.450105 15.001953
v -2.060606 0.442260 14.950824
v -2.097749 0.417150 14.943660
v -2.060606 0.442260 14.950824
v -2.098792 0.427859 14.995940
v -2.060606 0.442260 14.950824
v -2.061402 0.450105 15.001953
v -2.098792 0.427859 14.995940
v -2.136909 0.460675 15.002774
v -2.144738 0.449653 14.950823
v -2.098792 0.427859 14.995940
v -2.144738 0.449653 14.950823
v -2.097749 0.417150 14.943660
v -2.098792 0.427859 14.995940
v -2.169549 0.535568 15.019553
v -2.184216 0.540043 14.972757
v -2.136909 0.460675 15.002774
v -2.184216 0.540043 14.972757
v -2.144738 0.449653 14.950823
v -2.136909 0.460675 15.002774
v -2.103808 0.649799 15.047668
v -2.056342 0.875524 15.101428
v -2.059367 0.621050 15.041926
v -2.280205 0.055534 14.889656
v -2.279190 0.079226 14.854375
v -2.270715 0.885103 15.098991
v -2.279190 0.079226 14.854375
v -2.269730 0.905740 15.063166
v -2.270715 0.885103 15.098991
v -2.114833 0.676565 15.008746
v -2.103808 0.649799 15.047668
v -2.058361 0.636965 15.000005
v -2.103808 0.649799 15.047668
v -2.059367 0.621050 15.041926
v -2.058361 0.636965 15.000005
v -2.156035 0.605087 15.036087
v -2.172297 0.615183 14.991991
v -2.169549 0.535568 15.019553
v -2.172297 0.615183 14.991991
v -2.184216 0.540043 14.972757
v -2.169549 0.535568 15.019553
v -2.172297 0.615183 14.991991
v -2.156035 0.605087 15.036087
v -2.114833 0.676565 15.008746
v -2.156035 0.605087 15.036087
v -2.103808 0.649799 15.047668
v -2.114833 0.676565 15.008746
v -2.279190 0.079226 14.854375
v -2.064922 0.059377 14.854102
v -2.097749 0.417150 14.943660
v -2.279190 0.079226 14.854375
v -2.097749 0.417150 14.943660
v -2.144738 0.449653 14.950823
v -2.064922 0.059377 14.854102
v -2.060606 0.442260 14.950824
v -2.097749 0.417150 14.943660
v -2.279190 0.079226 14.854375
v -2.144738 0.449653 14.950823
v -2.184216 0.540043 14.972757
v -2.269730 0.905740 15.063166
v -2.279190 0.079226 14.854375
v -2.184216 0.540043 14.972757
v -2.269730 0.905740 15.063166
v -2.184216 0.540043 14.972757
v -2.172297 0.615183 14.991991
v -1.780044 0.896049 15.125194
v -1.767365 0.884910 15.168841
v -1.762875 1.124608 15.183368
v -1.767365 0.884910 15.168841
v -1.750186 1.113457 15.227017
v -1.762875 1.124608 15.183368
v -1.762875 1.124608 15.183368
v -1.750186 1.113457 15.227017
v -4.712398 1.131428 15.062217
v -1.750186 1.113457 15.227017
v -4.733936 1.121012 15.104583
v -4.712398 1.131428 15.062217
v -4.686366 1.091544 15.053306
v -4.712398 1.131428 15.062217
v -4.710953 1.080910 15.095482
v -4.712398 1.131428 15.062217
v -4.733936 1.121012 15.104583
v -4.710953 1.080910 15.095482
v -4.744472 1.040512 15.083903
v -4.719654 1.041691 15.039342
v -4.710953 1.080910 15.095482
v -4.719654 1.041691 15.039342
v -4.686366 1.091544 15.053306
v -4.710953 1.080910 15.095482
v -4.821168 1.006334 15.072032
v -4.812634 1.000388 15.024994
v -4.744472 1.040512 15.083903
v -4.812634 1.000388 15.024994
v -4.719654 1.041691 15.039342
v -4.744472 1.040512 15.083903
v -1.767365 0.884910 15.168841
v -1.780044 0.896049 15.125194
v -5.507057 0.908308 15.018081
v -1.780044 0.896049 15.125194
v -5.516774 0.919387 14.974540
v -5.507057 0.908308 15.018081
v -4.953613 1.075719 15.037900
v -4.938661 1.077503 15.084897
v -4.913046 1.135631 15.054694
v -4.938661 1.077503 15.084897
v -4.909329 1.124683 15.098007
v -4.913046 1.135631 15.054694
v -4.892564 1.021372 15.072757
v -4.890129 1.013821 15.025055
v -4.821168 1.006334 15.072032
v -4.890129 1.013821 15.025055
v -4.812634 1.000388 15.024994
v -4.821168 1.006334 15.072032
v -4.890129 1.013821 15.025055
v -4.892564 1.021372 15.072757
v -4.953613 1.075719 15.037900
v -4.892564 1.021372 15.072757
v -4.938661 1.077503 15.084897
v -4.953613 1.075719 15.037900
v -1.780044 0.896049 15.125194
v -1.762875 1.124608 15.183368
v -4.686366 1.091544 15.053306
v -1.780044 0.896049 15.125194
v -4.686366 1.091544 15.053306
v -4.719654 1.041691 15.039342
v -1.762875 1.124608 15.183368
v -4.712398 1.131428 15.062217
v -4.686366 1.091544 15.053306
v -1.780044 0.896049 15.125194
v -4.719654 1.041691 15.039342
v -4.812634 1.000388 15.024994
v -5.516774 0.919387 14.974540
v -1.780044 0.896049 15.125194
v -4.812634 1.000388 15.024994
v -5.516774 0.919387 14.974540
v -4.812634 1.000388 15.024994
v -4.890129 1.013821 15.025055
v -5.442999 0.879785 14.957458
v -5.435380 0.868760 15.000920
v -5.445732 0.644431 14.898188
v -5.435380 0.868760 15.000920
v -5.438091 0.633393 14.941657
v -5.445732 0.644431 14.898188
v -5.442999 0.879785 14.957458
v -2.721038 0.854262 15.076085
v -5.435380 0.868760 15.000920
v -2.721038 0.854262 15.076085
v -2.711462 0.843198 15.119614
v -5.435380 0.868760 15.000920
v -2.721038 0.854262 15.076085
v -5.442999 0.879785 14.957458
v -2.719989 0.618861 15.016978
v -5.442999 0.879785 14.957458
v -5.445732 0.644431 14.898188
v -2.719989 0.618861 15.016978
v -5.445732 0.644431 14.898188
v -5.438091 0.633393 14.941657
v -2.719989 0.618861 15.016978
v -5.438091 0.633393 14.941657
v -2.710392 0.607796 15.060513
v -2.719989 0.618861 15.016978
v -5.481681 0.189157 14.798512
v -5.480064 0.328542 14.833612
v -5.495657 0.182217 14.842081
v -5.480064 0.328542 14.833612
v -5.494083 0.317959 14.876258
v -5.495657 0.182217 14.842081
v -1.752863 0.051195 14.957201
v -2.149857 0.070381 14.899149
v -5.496838 0.080211 14.816394
v -2.149857 0.070381 14.899149
v -5.482807 0.090786 14.773737
v -5.496838 0.080211 14.816394
v -1.752863 0.051195 14.957201
v -1.741532 0.061810 14.914449
v -2.149857 0.070381 14.899149
v -5.480064 0.328542 14.833612
v -5.481681 0.189157 14.798512
v -5.448535 0.171102 14.795392
v -5.496838 0.080211 14.816394
v -5.482807 0.090786 14.773737
v -5.446304 0.110571 14.826181
v -5.482807 0.090786 14.773737
v -5.432459 0.129870 14.785718
v -5.446304 0.110571 14.826181
v -5.448535 0.171102 14.795392
v -5.481681 0.189157 14.798512
v -5.457386 0.163013 14.838884
v -5.481681 0.189157 14.798512
v -5.495657 0.182217 14.842081
v -5.457386 0.163013 14.838884
v -5.496181 0.136445 14.830550
v -5.446304 0.110571 14.826181
v -5.482097 0.153300 14.789490
v -5.446304 0.110571 14.826181
v -5.432459 0.129870 14.785718
v -5.482097 0.153300 14.789490
v -5.448535 0.171102 14.795392
v -5.457386 0.163013 14.838884
v -5.482097 0.153300 14.789490
v -5.457386 0.163013 14.838884
v -5.496181 0.136445 14.830550
v -5.482097 0.153300 14.789490
v -2.133355 0.307850 14.959538
v -2.146894 0.297251 15.002207
v -5.480064 0.328542 14.833612
v -2.146894 0.297251 15.002207
v -5.494083 0.317959 14.876258
v -5.480064 0.328542 14.833612
v -5.448535 0.171102 14.795392
v -5.482097 0.153300 14.789490
v -5.432459 0.129870 14.785718
v -2.133355 0.307850 14.959538
v -5.480064 0.328542 14.833612
v -5.448535 0.171102 14.795392
v -2.149857 0.070381 14.899149
v -5.432459 0.129870 14.785718
v -5.482807 0.090786 14.773737
v -5.432459 0.129870 14.785718
v -2.149857 0.070381 14.899149
v -5.448535 0.171102 14.795392
v -2.149857 0.070381 14.899149
v -2.133355 0.307850 14.959538
v -5.448535 0.171102 14.795392
v -5.480396 0.598968 14.892357
v -5.496754 0.588446 14.934918
v -5.497684 0.359957 14.831548
v -5.496754 0.588446 14.934918
v -5.514054 0.349434 14.874114
v -5.497684 0.359957 14.831548
v -5.497684 0.359957 14.831548
v -5.514054 0.349434 14.874114
v -2.548386 0.354101 14.959360
v -5.514054 0.349434 14.874114
v -2.530527 0.342863 15.003203
v -2.548386 0.354101 14.959360
v -2.574396 0.395774 14.968717
v -2.548386 0.354101 14.959360
v -2.553499 0.384769 15.012752
v -2.548386 0.354101 14.959360
v -2.530527 0.342863 15.003203
v -2.553499 0.384769 15.012752
v -2.519959 0.427044 15.024805
v -2.541075 0.447958 14.983255
v -2.553499 0.384769 15.012752
v -2.541075 0.447958 14.983255
v -2.574396 0.395774 14.968717
v -2.553499 0.384769 15.012752
v -2.443229 0.462845 15.037084
v -2.448072 0.491212 14.998099
v -2.519959 0.427044 15.024805
v -2.448072 0.491212 14.998099
v -2.541075 0.447958 14.983255
v -2.519959 0.427044 15.024805
v -5.496754 0.588446 14.934918
v -5.480396 0.598968 14.892357
v -1.757286 0.565999 15.092333
v -5.480396 0.598968 14.892357
v -1.743889 0.576589 15.049657
v -1.757286 0.565999 15.092333
v -2.307127 0.412582 14.984365
v -2.325802 0.388541 15.023435
v -2.347748 0.349901 14.966876
v -2.325802 0.388541 15.023435
v -2.355123 0.339181 15.009775
v -2.347748 0.349901 14.966876
v -2.371866 0.447198 15.036204
v -2.370600 0.477243 14.997902
v -2.443229 0.462845 15.037084
v -2.370600 0.477243 14.997902
v -2.448072 0.491212 14.998099
v -2.443229 0.462845 15.037084
v -2.370600 0.477243 14.997902
v -2.371866 0.447198 15.036204
v -2.307127 0.412582 14.984365
v -2.371866 0.447198 15.036204
v -2.325802 0.388541 15.023435
v -2.307127 0.412582 14.984365
v -5.480396 0.598968 14.892357
v -5.497684 0.359957 14.831548
v -2.574396 0.395774 14.968717
v -5.480396 0.598968 14.892357
v -2.574396 0.395774 14.968717
v -2.541075 0.447958 14.983255
v -5.497684 0.359957 14.831548
v -2.548386 0.354101 14.959360
v -2.574396 0.395774 14.968717
v -5.480396 0.598968 14.892357
v -2.541075 0.447958 14.983255
v -2.448072 0.491212 14.998099
v -1.743889 0.576589 15.049657
v -5.480396 0.598968 14.892357
v -2.448072 0.491212 14.998099
v -1.743889 0.576589 15.049657
v -2.448072 0.491212 14.998099
v -2.370600 0.477243 14.997902
v -3.213336 1.200225 15.140048
v -3.212020 1.198581 15.093886
v -2.998989 1.205386 15.146013
v -3.212020 1.198581 15.093886
v -2.997521 1.198725 15.098630
v -2.998989 1.205386 15.146013
v -2.972958 0.403232 14.905878
v -3.187035 0.388738 14.897652
v -2.973463 0.378189 14.945572
v -3.187035 0.388738 14.897652
v -3.187561 0.364879 14.937637
v -2.973463 0.378189 14.945572
v -2.972958 0.403232 14.905878
v -2.973463 0.378189 14.945572
v -2.997521 1.198725 15.098630
v -2.973463 0.378189 14.945572
v -2.998989 1.205386 15.146013
v -2.997521 1.198725 15.098630
v -6.836277 0.087643 14.640449
v -6.845217 0.047643 14.651726
v -7.021210 0.091909 14.530510
v -6.845217 0.047643 14.651726
v -7.030160 0.051646 14.541781
v -7.021210 0.091909 14.530510
v -7.021210 0.091909 14.530510
v -7.030160 0.051646 14.541781
v -6.793259 0.091608 14.208003
v -7.030160 0.051646 14.541781
v -6.782444 0.043940 14.191055
v -6.793259 0.091608 14.208003
v -6.778459 0.090902 14.250920
v -6.793259 0.091608 14.208003
v -6.765666 0.042808 14.231628
v -6.793259 0.091608 14.208003
v -6.782444 0.043940 14.191055
v -6.765666 0.042808 14.231628
v -6.715132 0.042606 14.226848
v -6.720888 0.089940 14.251506
v -6.765666 0.042808 14.231628
v -6.720888 0.089940 14.251506
v -6.778459 0.090902 14.250920
v -6.765666 0.042808 14.231628
v -6.643674 0.043240 14.183845
v -6.634389 0.089070 14.199283
v -6.715132 0.042606 14.226848
v -6.634389 0.089070 14.199283
v -6.720888 0.089940 14.251506
v -6.715132 0.042606 14.226848
v -6.627926 0.046527 14.050046
v -6.530265 0.051362 13.834328
v -6.681113 0.046921 14.047711
v -6.845217 0.047643 14.651726
v -6.836277 0.087643 14.640449
v -6.351468 0.047216 13.952936
v -6.836277 0.087643 14.640449
v -6.344323 0.086998 13.944179
v -6.351468 0.047216 13.952936
v -6.607867 0.090306 14.044227
v -6.627926 0.046527 14.050046
v -6.677381 0.091460 14.043971
v -6.627926 0.046527 14.050046
v -6.681113 0.046921 14.047711
v -6.677381 0.091460 14.043971
v -6.612705 0.044706 14.118060
v -6.598589 0.089224 14.129453
v -6.643674 0.043240 14.183845
v -6.598589 0.089224 14.129453
v -6.634389 0.089070 14.199283
v -6.643674 0.043240 14.183845
v -6.598589 0.089224 14.129453
v -6.612705 0.044706 14.118060
v -6.607867 0.090306 14.044227
v -6.612705 0.044706 14.118060
v -6.627926 0.046527 14.050046
v -6.607867 0.090306 14.044227
v -6.836277 0.087643 14.640449
v -7.021210 0.091909 14.530510
v -6.778459 0.090902 14.250920
v -6.836277 0.087643 14.640449
v -6.778459 0.090902 14.250920
v -6.720888 0.089940 14.251506
v -7.021210 0.091909 14.530510
v -6.793259 0.091608 14.208003
v -6.778459 0.090902 14.250920
v -6.836277 0.087643 14.640449
v -6.720888 0.089940 14.251506
v -6.634389 0.089070 14.199283
v -6.344323 0.086998 13.944179
v -6.836277 0.087643 14.640449
v -6.634389 0.089070 14.199283
v -6.344323 0.086998 13.944179
v -6.634389 0.089070 14.199283
v -6.598589 0.089224 14.129453
v -6.627926 0.046527 14.050046
v -6.351468 0.047216 13.952936
v -6.530265 0.051362 13.834328
v -6.627926 0.046527 14.050046
v -6.612705 0.044706 14.118060
v -6.351468 0.047216 13.952936
v -6.765666 0.042808 14.231628
v -6.782444 0.043940 14.191055
v -7.030160 0.051646 14.541781
v -6.715132 0.042606 14.226848
v -6.765666 0.042808 14.231628
v -6.845217 0.047643 14.651726
v -6.643674 0.043240 14.183845
v -6.715132 0.042606 14.226848
v -6.845217 0.047643 14.651726
v -6.643674 0.043240 14.183845
v -6.845217 0.047643 14.651726
v -6.351468 0.047216 13.952936
v -6.612705 0.044706 14.118060
v -6.643674 0.043240 14.183845
v -6.351468 0.047216 13.952936
v -6.765666 0.042808 14.231628
v -7.030160 0.051646 14.541781
v -6.845217 0.047643 14.651726
v -6.739480 0.044722 13.651267
v -6.751346 0.000238 13.642886
v -6.615173 0.044722 13.450107
v -6.751346 0.000238 13.642886
v -6.627053 0.000232 13.441729
v -6.615173 0.044722 13.450107
v -6.615173 0.044722 13.450107
v -6.627053 0.000232 13.441729
v -4.236858 0.042163 15.198827
v -6.627053 0.000232 13.441729
v -4.220748 -0.002316 15.210204
v -4.236858 0.042163 15.198827
v -4.281912 0.042157 15.216657
v -4.236858 0.042163 15.198827
v -4.263481 -0.002316 15.230031
v -4.236858 0.042163 15.198827
v -4.220748 -0.002316 15.210204
v -4.263481 -0.002316 15.230031
v -4.260917 -0.002316 15.283724
v -4.285251 0.042174 15.278116
v -4.263481 -0.002316 15.230031
v -4.285251 0.042174 15.278116
v -4.281912 0.042157 15.216657
v -4.263481 -0.002316 15.230031
v -4.219846 -0.002300 15.357917
v -4.235378 0.042185 15.367949
v -4.260917 -0.002316 15.283724
v -4.235378 0.042185 15.367949
v -4.285251 0.042174 15.278116
v -4.260917 -0.002316 15.283724
v -6.751346 0.000238 13.642886
v -6.739480 0.044722 13.651267
v -3.727068 -0.002174 15.847951
v -6.739480 0.044722 13.651267
v -3.717624 0.042316 15.854622
v -3.727068 -0.002174 15.847951
v -4.076391 0.042212 15.388906
v -4.082275 -0.002278 15.368375
v -4.072832 0.042201 15.314713
v -4.082275 -0.002278 15.368375
v -4.077369 -0.002283 15.311505
v -4.072832 0.042201 15.314713
v -4.153297 -0.002283 15.387839
v -4.164891 0.042201 15.402840
v -4.219846 -0.002300 15.357917
v -4.164891 0.042201 15.402840
v -4.235378 0.042185 15.367949
v -4.219846 -0.002300 15.357917
v -4.164891 0.042201 15.402840
v -4.153297 -0.002283 15.387839
v -4.076391 0.042212 15.388906
v -4.153297 -0.002283 15.387839
v -4.082275 -0.002278 15.368375
v -4.076391 0.042212 15.388906
v -6.739480 0.044722 13.651267
v -6.615173 0.044722 13.450107
v -4.281912 0.042157 15.216657
v -6.739480 0.044722 13.651267
v -4.281912 0.042157 15.216657
v -4.285251 0.042174 15.278116
v -6.615173 0.044722 13.450107
v -4.236858 0.042163 15.198827
v -4.281912 0.042157 15.216657
v -6.739480 0.044722 13.651267
v -4.285251 0.042174 15.278116
v -4.235378 0.042185 15.367949
v -3.717624 0.042316 15.854622
v -6.739480 0.044722 13.651267
v -4.235378 0.042185 15.367949
v -3.717624 0.042316 15.854622
v -4.235378 0.042185 15.367949
v -4.164891 0.042201 15.402840
v -3.802068 0.052264 15.846077
v -3.809791 0.007780 15.840611
v -3.942102 0.052270 16.044325
v -3.809791 0.007780 15.840611
v -3.949850 0.007774 16.038855
v -3.942102 0.052270 16.044325
v -3.802068 0.052264 15.846077
v -6.007225 0.043333 14.245763
v -3.809791 0.007780 15.840611
v -6.007225 0.043333 14.245763
v -6.016547 -0.001146 14.239168
v -3.809791 0.007780 15.840611
v -6.007225 0.043333 14.245763
v -3.802068 0.052264 15.846077
v -6.150329 0.043322 14.441797
v -3.802068 0.052264 15.846077
v -3.942102 0.052270 16.044325
v -6.150329 0.043322 14.441797
v -3.942102 0.052270 16.044325
v -3.949850 0.007774 16.038855
v -6.150329 0.043322 14.441797
v -3.949850 0.007774 16.038855
v -6.159669 -0.001162 14.435188
v -6.150329 0.043322 14.441797
v -4.186509 0.036497 16.442469
v -4.103575 0.036497 16.325060
v -4.174384 -0.007987 16.446440
v -4.103575 0.036497 16.325060
v -4.093617 -0.007982 16.332102
v -4.174384 -0.007987 16.446440
v -7.267163 0.002879 14.331369
v -6.941131 0.047435 14.561716
v -4.235080 -0.007987 16.532362
v -6.941131 0.047435 14.561716
v -4.245053 0.036503 16.525322
v -4.235080 -0.007987 16.532362
v -7.267163 0.002879 14.331369
v -7.274938 0.047358 14.325900
v -6.941131 0.047435 14.561716
v -4.103575 0.036497 16.325060
v -4.186509 0.036497 16.442469
v -4.224098 0.036492 16.437828
v -4.235080 -0.007987 16.532362
v -4.245053 0.036503 16.525322
v -4.257404 -0.007993 16.476929
v -4.245053 0.036503 16.525322
v -4.261953 0.036486 16.462709
v -4.257404 -0.007993 16.476929
v -4.224098 0.036492 16.437828
v -4.186509 0.036497 16.442469
v -4.216793 -0.007987 16.439711
v -4.186509 0.036497 16.442469
v -4.174384 -0.007987 16.446440
v -4.216793 -0.007987 16.439711
v -4.201624 -0.007982 16.484993
v -4.257404 -0.007993 16.476929
v -4.207844 0.036492 16.472672
v -4.257404 -0.007993 16.476929
v -4.261953 0.036486 16.462709
v -4.207844 0.036492 16.472672
v -4.224098 0.036492 16.437828
v -4.216793 -0.007987 16.439711
v -4.207844 0.036492 16.472672
v -4.216793 -0.007987 16.439711
v -4.201624 -0.007982 16.484993
v -4.207844 0.036492 16.472672
v -6.810900 0.047430 14.353507
v -6.801338 0.002945 14.360275
v -4.103575 0.036497 16.325060
v -6.801338 0.002945 14.360275
v -4.093617 -0.007982 16.332102
v -4.103575 0.036497 16.325060
v -4.224098 0.036492 16.437828
v -4.207844 0.036492 16.472672
v -4.261953 0.036486 16.462709
v -6.810900 0.047430 14.353507
v -4.103575 0.036497 16.325060
v -4.224098 0.036492 16.437828
v -6.941131 0.047435 14.561716
v -4.261953 0.036486 16.462709
v -4.245053 0.036503 16.525322
v -4.261953 0.036486 16.462709
v -6.941131 0.047435 14.561716
v -4.224098 0.036492 16.437828
v -6.941131 0.047435 14.561716
v -6.810900 0.047430 14.353507
v -4.224098 0.036492 16.437828
v -3.940897 0.045417 16.101370
v -3.929020 0.000938 16.109753
v -4.071426 0.045423 16.311335
v -3.929020 0.000938 16.109753
v -4.059539 0.000938 16.319723
v -4.071426 0.045423 16.311335
v -4.071426 0.045423 16.311335
v -4.059539 0.000938 16.319723
v -6.448267 0.041753 14.560521
v -4.059539 0.000938 16.319723
v -6.464362 -0.002732 14.549143
v -6.448267 0.041753 14.560521
v -6.402150 0.041764 14.541185
v -6.448267 0.041753 14.560521
v -6.420548 -0.002726 14.527802
v -6.448267 0.041753 14.560521
v -6.464362 -0.002732 14.549143
v -6.420548 -0.002726 14.527802
v -6.421994 -0.002726 14.472527
v -6.397431 0.041758 14.477762
v -6.420548 -0.002726 14.527802
v -6.397431 0.041758 14.477762
v -6.402150 0.041764 14.541185
v -6.420548 -0.002726 14.527802
v -6.462112 -0.002743 14.396959
v -6.446141 0.041742 14.386286
v -6.421994 -0.002726 14.472527
v -6.446141 0.041742 14.386286
v -6.397431 0.041758 14.477762
v -6.421994 -0.002726 14.472527
v -3.929020 0.000938 16.109753
v -3.940897 0.045417 16.101370
v -6.951833 -0.002874 13.902608
v -3.940897 0.045417 16.101370
v -6.961287 0.041611 13.895932
v -6.951833 -0.002874 13.902608
v -6.607096 0.041714 14.368103
v -6.601524 -0.002770 14.389159
v -6.612283 0.041720 14.444641
v -6.601524 -0.002770 14.389159
v -6.607755 -0.002765 14.447843
v -6.612283 0.041720 14.444641
v -6.529003 -0.002759 14.367566
v -6.516935 0.041725 14.351854
v -6.462112 -0.002743 14.396959
v -6.516935 0.041725 14.351854
v -6.446141 0.041742 14.386286
v -6.462112 -0.002743 14.396959
v -6.516935 0.041725 14.351854
v -6.529003 -0.002759 14.367566
v -6.607096 0.041714 14.368103
v -6.529003 -0.002759 14.367566
v -6.601524 -0.002770 14.389159
v -6.607096 0.041714 14.368103
v -3.940897 0.045417 16.101370
v -4.071426 0.045423 16.311335
v -6.402150 0.041764 14.541185
v -3.940897 0.045417 16.101370
v -6.402150 0.041764 14.541185
v -6.397431 0.041758 14.477762
v -4.071426 0.045423 16.311335
v -6.448267 0.041753 14.560521
v -6.402150 0.041764 14.541185
v -3.940897 0.045417 16.101370
v -6.397431 0.041758 14.477762
v -6.446141 0.041742 14.386286
v -6.961287 0.041611 13.895932
v -3.940897 0.045417 16.101370
v -6.446141 0.041742 14.386286
v -6.961287 0.041611 13.895932
v -6.446141 0.041742 14.386286
v -6.516935 0.041725 14.351854
v -5.927013 0.039073 14.931224
v -5.402148 0.045308 14.250109
v -6.091784 0.043454 14.793712
v -5.402148 0.045308 14.250109
v -5.572037 0.049623 14.119243
v -6.091784 0.043454 14.793712
v -5.402148 0.045308 14.250109
v -5.409261 0.089694 14.260818
v -5.572037 0.049623 14.119243
v -5.409261 0.089694 14.260818
v -5.582300 0.093976 14.134046
v -5.572037 0.049623 14.119243
v -6.082138 0.088037 14.782654
v -5.918099 0.083651 14.921142
v -6.091784 0.043454 14.793712
v -5.918099 0.083651 14.921142
v -5.927013 0.039073 14.931224
v -6.091784 0.043454 14.793712
v -6.082138 0.088037 14.782654
v -6.091784 0.043454 14.793712
v -5.582300 0.093976 14.134046
v -6.091784 0.043454 14.793712
v -5.572037 0.049623 14.119243
v -5.582300 0.093976 14.134046
v -7.154605 0.018139 -0.583474
v -7.192935 -0.000235 -0.582839
v -7.148396 -0.000643 -0.369199
v -7.192935 -0.000235 -0.582839
v -7.186986 -0.019044 -0.368554
v -7.148396 -0.000643 -0.369199
v -7.148396 -0.000643 -0.369199
v -7.186986 -0.019044 -0.368554
v -7.188882 0.392186 -0.364868
v -7.186986 -0.019044 -0.368554
v -7.238346 0.407302 -0.363697
v -7.188882 0.392186 -0.364868
v -7.186929 0.366151 -0.402013
v -7.188882 0.392186 -0.364868
v -7.237127 0.384265 -0.401072
v -7.188882 0.392186 -0.364868
v -7.238346 0.407302 -0.363697
v -7.237127 0.384265 -0.401072
v -7.240736 0.417563 -0.439213
v -7.191272 0.399149 -0.449002
v -7.237127 0.384265 -0.401072
v -7.191272 0.399149 -0.449002
v -7.186929 0.366151 -0.402013
v -7.237127 0.384265 -0.401072
v -7.247913 0.493954 -0.471906
v -7.201602 0.491588 -0.488477
v -7.240736 0.417563 -0.439213
v -7.201602 0.491588 -0.488477
v -7.191272 0.399149 -0.449002
v -7.240736 0.417563 -0.439213
v -7.256615 0.611315 -0.406246
v -7.275417 0.842624 -0.358939
v -7.253243 0.582226 -0.361783
v -7.192935 -0.000235 -0.582839
v -7.154605 0.018139 -0.583474
v -7.280426 0.850853 -0.573323
v -7.154605 0.018139 -0.583474
v -7.241999 0.866125 -0.573980
v -7.280426 0.850853 -0.573323
v -7.214739 0.632157 -0.419087
v -7.256615 0.611315 -0.406246
v -7.209466 0.591949 -0.362614
v -7.256615 0.611315 -0.406246
v -7.253243 0.582226 -0.361783
v -7.209466 0.591949 -0.362614
v -7.253726 0.565184 -0.458442
v -7.209342 0.568762 -0.476555
v -7.247913 0.493954 -0.471906
v -7.209342 0.568762 -0.476555
v -7.201602 0.491588 -0.488477
v -7.247913 0.493954 -0.471906
v -7.209342 0.568762 -0.476555
v -7.253726 0.565184 -0.458442
v -7.214739 0.632157 -0.419087
v -7.253726 0.565184 -0.458442
v -7.256615 0.611315 -0.406246
v -7.214739 0.632157 -0.419087
v -7.154605 0.018139 -0.583474
v -7.148396 -0.000643 -0.369199
v -7.186929 0.366151 -0.402013
v -7.154605 0.018139 -0.583474
v -7.186929 0.366151 -0.402013
v -7.191272 0.399149 -0.449002
v -7.148396 -0.000643 -0.369199
v -7.188882 0.392186 -0.364868
v -7.186929 0.366151 -0.402013
v -7.154605 0.018139 -0.583474
v -7.191272 0.399149 -0.449002
v -7.201602 0.491588 -0.488477
v -7.241999 0.866125 -0.573980
v -7.154605 0.018139 -0.583474
v -7.201602 0.491588 -0.488477
v -7.241999 0.866125 -0.573980
v -7.201602 0.491588 -0.488477
v -7.209342 0.568762 -0.476555
v -7.256615 0.611315 -0.406246
v -7.280426 0.850853 -0.573323
v -7.275417 0.842624 -0.358939
v -7.256615 0.611315 -0.406246
v -7.253726 0.565184 -0.458442
v -7.280426 0.850853 -0.573323
v -7.237127 0.384265 -0.401072
v -7.238346 0.407302 -0.363697
v -7.186986 -0.019044 -0.368554
v -7.240736 0.417563 -0.439213
v -7.237127 0.384265 -0.401072
v -7.192935 -0.000235 -0.582839
v -7.247913 0.493954 -0.471906
v -7.240736 0.417563 -0.439213
v -7.192935 -0.000235 -0.582839
v -7.247913 0.493954 -0.471906
v -7.192935 -0.000235 -0.582839
v -7.280426 0.850853 -0.573323
v -7.253726 0.565184 -0.458442
v -7.247913 0.493954 -0.471906
v -7.280426 0.850853 -0.573323
v -7.237127 0.384265 -0.401072
v -7.186986 -0.019044 -0.368554
v -7.192935 -0.000235 -0.582839
v -7.284637 0.867514 -0.082132
v -7.328874 0.862824 -0.067606
v -7.308637 1.102134 -0.064949
v -7.328874 0.862824 -0.067606
v -7.352879 1.097432 -0.050412
v -7.308637 1.102134 -0.064949
v -7.308637 1.102134 -0.064949
v -7.352879 1.097432 -0.050412
v -7.308852 1.079077 -3.016876
v -7.352879 1.097432 -0.050412
v -7.353123 1.074774 -3.036597
v -7.308852 1.079077 -3.016876
v -7.304700 1.038436 -2.990822
v -7.308852 1.079077 -3.016876
v -7.348939 1.033877 -3.013594
v -7.308852 1.079077 -3.016876
v -7.353123 1.074774 -3.036597
v -7.348939 1.033877 -3.013594
v -7.344666 0.992093 -3.047141
v -7.299417 0.986953 -3.024139
v -7.348939 1.033877 -3.013594
v -7.299417 0.986953 -3.024139
v -7.304700 1.038436 -2.990822
v -7.348939 1.033877 -3.013594
v -7.340981 0.956241 -3.123904
v -7.294974 0.943625 -3.117199
v -7.344666 0.992093 -3.047141
v -7.294974 0.943625 -3.117199
v -7.299417 0.986953 -3.024139
v -7.344666 0.992093 -3.047141
v -7.328874 0.862824 -0.067606
v -7.284637 0.867514 -0.082132
v -7.329843 0.848596 -3.810382
v -7.284637 0.867514 -0.082132
v -7.285597 0.853254 -3.821943
v -7.329843 0.848596 -3.810382
v -7.302701 1.019437 -3.258299
v -7.348302 1.028027 -3.241498
v -7.309042 1.081312 -3.217697
v -7.348302 1.028027 -3.241498
v -7.353290 1.076725 -3.212141
v -7.309042 1.081312 -3.217697
v -7.342467 0.970927 -3.195362
v -7.296285 0.956603 -3.194760
v -7.340981 0.956241 -3.123904
v -7.296285 0.956603 -3.194760
v -7.294974 0.943625 -3.117199
v -7.340981 0.956241 -3.123904
v -7.296285 0.956603 -3.194760
v -7.342467 0.970927 -3.195362
v -7.302701 1.019437 -3.258299
v -7.342467 0.970927 -3.195362
v -7.348302 1.028027 -3.241498
v -7.302701 1.019437 -3.258299
v -7.284637 0.867514 -0.082132
v -7.308637 1.102134 -0.064949
v -7.304700 1.038436 -2.990822
v -7.284637 0.867514 -0.082132
v -7.304700 1.038436 -2.990822
v -7.299417 0.986953 -3.024139
v -7.308637 1.102134 -0.064949
v -7.308852 1.079077 -3.016876
v -7.304700 1.038436 -2.990822
v -7.284637 0.867514 -0.082132
v -7.299417 0.986953 -3.024139
v -7.294974 0.943625 -3.117199
v -7.285597 0.853254 -3.821943
v -7.284637 0.867514 -0.082132
v -7.294974 0.943625 -3.117199
v -7.285597 0.853254 -3.821943
v -7.294974 0.943625 -3.117199
v -7.296285 0.956603 -3.194760
v -7.271369 0.811917 -3.748517
v -7.315612 0.807292 -3.739055
v -7.246665 0.570475 -3.751251
v -7.315612 0.807292 -3.739055
v -7.290918 0.565838 -3.741768
v -7.246665 0.570475 -3.751251
v -7.271369 0.811917 -3.748517
v -7.280676 0.815148 -1.023869
v -7.315612 0.807292 -3.739055
v -7.280676 0.815148 -1.023869
v -7.324913 0.810502 -1.012450
v -7.315612 0.807292 -3.739055
v -7.280676 0.815148 -1.023869
v -7.271369 0.811917 -3.748517
v -7.255989 0.573699 -1.022819
v -7.271369 0.811917 -3.748517
v -7.246665 0.570475 -3.751251
v -7.255989 0.573699 -1.022819
v -7.246665 0.570475 -3.751251
v -7.290918 0.565838 -3.741768
v -7.255989 0.573699 -1.022819
v -7.290918 0.565838 -3.741768
v -7.300230 0.569053 -1.011378
v -7.255989 0.573699 -1.022819
v -7.214950 0.105451 -3.786581
v -7.229577 0.248441 -3.784962
v -7.259599 0.104792 -3.798733
v -7.229577 0.248441 -3.784962
v -7.273839 0.244045 -3.797158
v -7.259599 0.104792 -3.798733
v -7.238712 0.007402 -0.053201
v -7.194842 0.016370 -0.452371
v -7.248895 0.000148 -3.799914
v -7.194842 0.016370 -0.452371
v -7.204620 0.004534 -3.787708
v -7.248895 0.000148 -3.799914
v -7.238712 0.007402 -0.053201
v -7.194452 0.011803 -0.043696
v -7.194842 0.016370 -0.452371
v -7.229577 0.248441 -3.784962
v -7.214950 0.105451 -3.786581
v -7.213096 0.087273 -3.753406
v -7.248895 0.000148 -3.799914
v -7.204620 0.004534 -3.787708
v -7.252140 0.031812 -3.749337
v -7.204620 0.004534 -3.787708
v -7.208791 0.045146 -3.737316
v -7.252140 0.031812 -3.749337
v -7.213096 0.087273 -3.753406
v -7.214950 0.105451 -3.786581
v -7.257624 0.085489 -3.760428
v -7.214950 0.105451 -3.786581
v -7.259599 0.104792 -3.798733
v -7.257624 0.085489 -3.760428
v -7.254790 0.057835 -3.799258
v -7.252140 0.031812 -3.749337
v -7.211193 0.068667 -3.786997
v -7.252140 0.031812 -3.749337
v -7.208791 0.045146 -3.737316
v -7.211193 0.068667 -3.786997
v -7.213096 0.087273 -3.753406
v -7.257624 0.085489 -3.760428
v -7.211193 0.068667 -3.786997
v -7.257624 0.085489 -3.760428
v -7.254790 0.057835 -3.799258
v -7.211193 0.068667 -3.786997
v -7.219782 0.260124 -0.435855
v -7.264048 0.255717 -0.447569
v -7.229577 0.248441 -3.784962
v -7.264048 0.255717 -0.447569
v -7.273839 0.244045 -3.797158
v -7.229577 0.248441 -3.784962
v -7.213096 0.087273 -3.753406
v -7.211193 0.068667 -3.786997
v -7.208791 0.045146 -3.737316
v -7.219782 0.260124 -0.435855
v -7.229577 0.248441 -3.784962
v -7.213096 0.087273 -3.753406
v -7.194842 0.016370 -0.452371
v -7.208791 0.045146 -3.737316
v -7.204620 0.004534 -3.787708
v -7.208791 0.045146 -3.737316
v -7.194842 0.016370 -0.452371
v -7.213096 0.087273 -3.753406
v -7.194842 0.016370 -0.452371
v -7.219782 0.260124 -0.435855
v -7.213096 0.087273 -3.753406
v -7.248850 0.524501 -3.785662
v -7.293116 0.520143 -3.800198
v -7.223747 0.279158 -3.802966
v -7.293116 0.520143 -3.800198
v -7.268018 0.274799 -3.817513
v -7.223747 0.279158 -3.802966
v -7.223747 0.279158 -3.802966
v -7.268018 0.274799 -3.817513
v -7.229990 0.304127 -0.851005
v -7.268018 0.274799 -3.817513
v -7.274222 0.299388 -0.831295
v -7.229990 0.304127 -0.851005
v -7.234324 0.346603 -0.877038
v -7.229990 0.304127 -0.851005
v -7.278590 0.342135 -0.854287
v -7.229990 0.304127 -0.851005
v -7.274222 0.299388 -0.831295
v -7.278590 0.342135 -0.854287
v -7.283061 0.385845 -0.820718
v -7.239841 0.400475 -0.843688
v -7.278590 0.342135 -0.854287
v -7.239841 0.400475 -0.843688
v -7.234324 0.346603 -0.877038
v -7.278590 0.342135 -0.854287
v -7.286915 0.423361 -0.743923
v -7.244494 0.445804 -0.750606
v -7.283061 0.385845 -0.820718
v -7.244494 0.445804 -0.750606
v -7.239841 0.400475 -0.843688
v -7.283061 0.385845 -0.820718
v -7.293116 0.520143 -3.800198
v -7.248850 0.524501 -3.785662
v -7.298597 0.536267 -0.057390
v -7.248850 0.524501 -3.785662
v -7.254330 0.540664 -0.045818
v -7.298597 0.536267 -0.057390
v -7.236420 0.366608 -0.609539
v -7.279270 0.348360 -0.626394
v -7.229795 0.301893 -0.650195
v -7.279270 0.348360 -0.626394
v -7.274054 0.297426 -0.655741
v -7.229795 0.301893 -0.650195
v -7.285366 0.408050 -0.672498
v -7.243127 0.432277 -0.673067
v -7.286915 0.423361 -0.743923
v -7.243127 0.432277 -0.673067
v -7.244494 0.445804 -0.750606
v -7.286915 0.423361 -0.743923
v -7.243127 0.432277 -0.673067
v -7.285366 0.408050 -0.672498
v -7.236420 0.366608 -0.609539
v -7.285366 0.408050 -0.672498
v -7.279270 0.348360 -0.626394
v -7.236420 0.366608 -0.609539
v -7.248850 0.524501 -3.785662
v -7.223747 0.279158 -3.802966
v -7.234324 0.346603 -0.877038
v -7.248850 0.524501 -3.785662
v -7.234324 0.346603 -0.877038
v -7.239841 0.400475 -0.843688
v -7.223747 0.279158 -3.802966
v -7.229990 0.304127 -0.851005
v -7.234324 0.346603 -0.877038
v -7.248850 0.524501 -3.785662
v -7.239841 0.400475 -0.843688
v -7.244494 0.445804 -0.750606
v -7.254330 0.540664 -0.045818
v -7.248850 0.524501 -3.785662
v -7.244494 0.445804 -0.750606
v -7.254330 0.540664 -0.045818
v -7.244494 0.445804 -0.750606
v -7.243127 0.432277 -0.673067
v -7.233181 0.308985 -1.490614
v -7.314444 1.164646 -1.516668
v -7.230333 0.324196 -1.276514
v -7.314444 1.164646 -1.516668
v -7.310809 1.171510 -1.302317
v -7.230333 0.324196 -1.276514
v -7.314444 1.164646 -1.516668
v -7.268981 1.156383 -1.517182
v -7.310809 1.171510 -1.302317
v -7.268981 1.156383 -1.517182
v -7.264853 1.158108 -1.302678
v -7.310809 1.171510 -1.302317
v -7.187469 0.343270 -1.277849
v -7.190198 0.326845 -1.491927
v -7.230333 0.324196 -1.276514
v -7.190198 0.326845 -1.491927
v -7.233181 0.308985 -1.490614
v -7.230333 0.324196 -1.276514
v -7.187469 0.343270 -1.277849
v -7.230333 0.324196 -1.276514
v -7.264853 1.158108 -1.302678
v -7.230333 0.324196 -1.276514
v -7.310809 1.171510 -1.302317
v -7.264853 1.158108 -1.302678
vn -0.6667 -0.3333 -0.6667
vn -0.6669 -0.3356 -0.6653
vn -0.6663 -0.3351 -0.6662
vn -0.6666 -0.3333 -0.6668
vn -0.6662 -0.3351 -0.6662
vn 0.7643 -0.0199 -0.6446
vn 0.7641 -0.0193 -0.6448
vn 0.6429 -0.4508 0.6193
vn 0.6235 -0.4333 0.6508
vn 0.0882 -0.3431 0.9351
vn 0.0882 -0.3431 0.9352
vn 0.1196 -0.3234 0.9387
vn 0.6429 -0.4507 0.6193
vn 0.9076 -0.3940 -0.1450
vn 0.9177 -0.3922 -0.0627
vn 0.9177 -0.3922 -0.0626
vn 0.6234 -0.4333 0.6509
vn 0.9076 -0.3940 -0.1451
vn 0.7826 -0.3628 -0.5059
vn 0.8093 -0.3546 -0.4682
vn 0.8093 -0.3547 -0.4682
vn 0.9177 -0.3922 -0.0629
vn 0.0255 0.9997 -0.0000
vn 0.0256 0.9997 0.0001
vn -0.7642 0.0199 0.6447
vn -0.7642 0.0196 0.6447
vn -0.9564 -0.1097 -0.2705
vn -0.4352 -0.3451 -0.8315
vn -0.5957 -0.3411 -0.7271
vn -0.5957 -0.3411 -0.7272
vn -0.9526 -0.0861 -0.2919
vn 0.7825 -0.3628 -0.5061
vn 0.3235 -0.3528 -0.8780
vn 0.4000 -0.3255 -0.8568
vn 0.4001 -0.3254 -0.8568
vn 0.8092 -0.3547 -0.4684
vn -0.4353 -0.3452 -0.8315
vn 0.3999 -0.3254 -0.8568
vn 0.3233 -0.3527 -0.8781
vn 0.3233 -0.3528 -0.8781
vn -0.5959 -0.3410 -0.7271
vn -0.0138 -0.9998 0.0119
vn -0.0138 -0.9998 0.0118
vn -0.0138 -0.9998 0.0120
vn -0.0137 -0.9998 0.0118
vn 0.0256 0.9997 -0.0000
vn 0.0258 0.9997 0.0001
vn 0.0261 0.9997 0.0002
vn 0.0196 0.9990 -0.0392
vn -0.0098 0.9999 -0.0039
vn -0.0215 0.9997 0.0136
vn -0.0214 0.9997 0.0136
vn -0.0294 0.9993 0.0236
vn 0.0253 0.9997 -0.0001
vn 0.0254 0.9997 -0.0000
vn -0.0000 0.9997 -0.0253
vn 0.6876 -0.3099 -0.6567
vn 0.6875 -0.3101 -0.6566
vn 0.6309 -0.0078 0.7759
vn 0.6309 0.0059 0.7759
vn 0.6309 0.0058 0.7758
vn 0.6309 -0.0078 0.7758
vn 0.6308 -0.0079 0.7759
vn -0.6137 -0.4687 0.6354
vn -0.6413 -0.4550 0.6178
vn -0.9154 -0.3783 0.1372
vn -0.6138 -0.4686 0.6354
vn -0.9184 -0.3588 0.1667
vn 0.1057 -0.4195 0.9016
vn 0.0293 -0.4178 0.9081
vn -0.6137 -0.4686 0.6354
vn 0.1059 -0.4194 0.9016
vn 0.4919 -0.3823 0.7822
vn 0.4542 -0.3779 0.8068
vn 0.0295 -0.4178 0.9081
vn -0.6330 -0.0021 -0.7741
vn -0.6331 -0.0041 -0.7741
vn -0.6332 -0.0044 -0.7740
vn -0.6330 -0.0019 -0.7741
vn -0.6330 -0.0039 -0.7741
vn 0.3136 -0.1293 -0.9407
vn 0.8279 -0.3512 -0.4374
vn 0.7239 -0.3433 -0.5984
vn 0.3332 -0.1059 -0.9369
vn 0.4921 -0.3823 0.7821
vn 0.8882 -0.3607 0.2847
vn 0.8640 -0.3390 0.3723
vn 0.8640 -0.3390 0.3724
vn 0.4544 -0.3779 0.8067
vn 0.8278 -0.3511 -0.4375
vn 0.8641 -0.3390 0.3722
vn 0.8877 -0.3625 0.2840
vn 0.8278 -0.3512 -0.4375
vn 0.8876 -0.3625 0.2840
vn 0.7208 -0.3496 -0.5985
vn -0.0000 -1.0000 -0.0000
vn -0.0000 -1.0000 0.0001
vn 0.0001 -1.0000 -0.0000
vn 0.0006 -1.0000 0.0020
vn 0.0019 -1.0000 0.0039
vn 0.0001 -1.0000 -0.0002
vn -0.7472 0.2079 0.6312
vn -0.7473 0.2080 0.6311
vn -0.7470 0.2077 0.6315
vn -0.7470 0.2078 0.6315
vn 0.6352 0.0020 0.7724
vn 0.6352 0.0019 0.7724
vn 0.0025 -1.0000 -0.0021
vn 0.0016 -1.0000 -0.0019
vn -0.6351 -0.0023 -0.7724
vn -0.6351 -0.0021 -0.7724
vn -0.6352 -0.0020 -0.7724
vn -0.7373 -0.2648 0.6215
vn -0.7373 -0.2647 0.6215
vn -0.7373 -0.2647 0.6216
vn -0.6330 0.0019 -0.7741
vn -0.6309 -0.1097 -0.7681
vn -0.6330 0.0020 -0.7741
vn -0.6309 -0.1096 -0.7681
vn -0.6331 0.0039 -0.7741
vn -0.6448 -0.0000 -0.7644
vn 0.0001 -1.0000 -0.0001
vn 0.0510 -0.0627 0.9967
vn 0.1252 -0.1468 0.9812
vn 0.0764 -0.0901 0.9930
vn 0.0509 -0.0627 0.9967
vn 0.0763 -0.0900 0.9930
vn 0.0078 -0.0136 0.9999
vn -0.7828 -0.1119 0.6121
vn -0.7307 -0.1586 0.6640
vn -0.9227 -0.0333 -0.3840
vn -0.7829 -0.1118 0.6121
vn -0.9156 -0.0449 -0.3997
vn -0.8835 -0.2625 -0.3879
vn -0.8936 -0.2449 -0.3762
vn -0.8804 -0.2667 -0.3922
vn -0.8691 -0.2826 -0.4061
vn 0.1176 -0.0823 0.9896
vn -0.7827 -0.1117 0.6122
vn -0.7828 -0.1117 0.6121
vn 0.0665 -0.0430 0.9969
vn 0.6330 -0.0039 0.7741
vn 0.6330 -0.0020 0.7741
vn 0.6330 -0.0019 0.7742
vn 0.6332 -0.0039 0.7740
vn 0.6331 -0.0039 0.7741
vn -0.0000 -1.0000 -0.0001
vn -0.0019 -1.0000 -0.0001
vn -0.0000 -1.0000 0.0039
vn -0.0020 -1.0000 0.0019
vn -0.0000 -1.0000 0.0020
vn -0.0020 -1.0000 -0.0000
vn -0.0020 -1.0000 0.0001
vn -0.0024 -1.0000 0.0023
vn -0.6897 -0.3097 0.6545
vn -0.6898 -0.3095 0.6545
vn -0.6297 -0.0078 -0.7768
vn -0.6297 0.0058 -0.7768
vn -0.6297 0.0060 -0.7768
vn -0.6297 -0.0081 -0.7768
vn -0.6297 0.0059 -0.7768
vn -0.6297 -0.0077 -0.7768
vn 0.6170 -0.4681 -0.6326
vn 0.6432 -0.4550 -0.6158
vn 0.9111 -0.3821 -0.1548
vn 0.6170 -0.4681 -0.6327
vn 0.9138 -0.3628 -0.1823
vn -0.0862 -0.4314 -0.8980
vn -0.0136 -0.4275 -0.9039
vn 0.6169 -0.4681 -0.6327
vn -0.0864 -0.4313 -0.8980
vn -0.4822 -0.3980 -0.7804
vn -0.4447 -0.3919 -0.8054
vn -0.0138 -0.4274 -0.9039
vn 0.6330 -0.0041 0.7741
vn 0.6330 -0.0040 0.7741
vn 0.6328 -0.0041 0.7743
vn -0.3329 -0.1292 0.9341
vn -0.8253 -0.3528 0.4410
vn -0.7200 -0.3414 0.6042
vn -0.3508 -0.1082 0.9302
vn -0.4824 -0.3980 -0.7803
vn -0.8894 -0.3728 -0.2645
vn -0.8665 -0.3490 -0.3569
vn -0.8665 -0.3489 -0.3569
vn -0.4449 -0.3919 -0.8053
vn -0.8252 -0.3528 0.4411
vn -0.8666 -0.3490 -0.3567
vn -0.8896 -0.3723 -0.2644
vn -0.8253 -0.3528 0.4409
vn -0.8896 -0.3723 -0.2645
vn -0.7200 -0.3413 0.6043
vn -0.0001 -1.0000 -0.0000
vn -0.0001 -1.0000 -0.0021
vn -0.0004 -1.0000 -0.0023
vn -0.0019 -1.0000 -0.0039
vn -0.0000 1.0000 -0.0000
vn 0.0001 1.0000 -0.0000
vn 0.0197 0.9998 -0.0060
vn 0.5802 -0.3626 0.7293
vn 0.5844 -0.2766 0.7629
vn 0.5836 -0.2918 0.7578
vn 0.5803 -0.3627 0.7292
vn 0.5794 -0.3761 0.7231
vn -0.5547 -0.3097 -0.7723
vn -0.5530 -0.3120 -0.7726
vn -0.5600 -0.2918 -0.7754
vn -0.5606 -0.2881 -0.7764
vn 0.7897 -0.0196 -0.6132
vn 0.7896 -0.0196 -0.6133
vn 0.7896 -0.0196 -0.6132
vn 0.7897 -0.0197 -0.6132
vn -0.9275 -0.3335 -0.1687
vn -0.9268 -0.3354 -0.1690
vn -0.9275 -0.3335 -0.1690
vn -0.9270 -0.3349 -0.1687
vn 0.2626 -0.0195 -0.9647
vn 0.2628 -0.0196 -0.9647
vn 0.2629 -0.0197 -0.9646
vn 0.8810 -0.4503 0.1448
vn 0.8833 -0.4329 0.1801
vn 0.6038 -0.3431 0.7195
vn 0.8811 -0.4502 0.1448
vn 0.6317 -0.3237 0.7044
vn 0.8811 -0.4502 0.1449
vn 0.6645 -0.3940 -0.6350
vn 0.7199 -0.3923 -0.5726
vn 0.8810 -0.4503 0.1449
vn 0.7199 -0.3922 -0.5726
vn 0.8833 -0.4328 0.1802
vn 0.6644 -0.3939 -0.6351
vn 0.3564 -0.3622 -0.8613
vn 0.3984 -0.3551 -0.8457
vn 0.6644 -0.3940 -0.6351
vn 0.7197 -0.3923 -0.5728
vn 0.0216 0.9997 -0.0136
vn 0.0216 0.9997 -0.0135
vn -0.2633 0.0198 0.9645
vn -0.2633 0.0196 0.9645
vn -0.9420 -0.1097 0.3173
vn -0.8307 -0.3449 -0.4370
vn -0.9036 -0.3412 -0.2588
vn -0.9037 -0.3411 -0.2589
vn -0.9501 -0.0860 0.2998
vn 0.3562 -0.3622 -0.8614
vn -0.2310 -0.3526 -0.9068
vn -0.1547 -0.3253 -0.9329
vn 0.3983 -0.3552 -0.8457
vn -0.8308 -0.3448 -0.4369
vn -0.1549 -0.3253 -0.9328
vn -0.2312 -0.3525 -0.9068
vn -0.2312 -0.3526 -0.9068
vn -0.9038 -0.3411 -0.2587
vn -0.0040 -0.9998 0.0177
vn -0.0039 -0.9998 0.0177
vn -0.0040 -0.9998 0.0178
vn -0.0039 -0.9998 0.0176
vn 0.0216 0.9997 -0.0137
vn 0.0215 0.9997 -0.0135
vn -0.0057 0.9990 -0.0451
vn -0.0098 1.0000 -0.0000
vn -0.0098 0.9997 0.0236
vn -0.0098 0.9997 0.0237
vn -0.0097 0.9993 0.0372
vn 0.0216 0.9997 -0.0139
vn -0.0136 0.9997 -0.0215
vn -0.0137 0.9997 -0.0216
vn 0.1924 -0.3098 -0.9311
vn 0.1923 -0.3098 -0.9312
vn 0.1922 -0.3098 -0.9312
vn 0.9599 -0.0078 0.2801
vn 0.9599 0.0059 0.2802
vn 0.9599 0.0059 0.2801
vn 0.9599 -0.0079 0.2803
vn -0.1448 -0.4682 0.8717
vn -0.1762 -0.4542 0.8733
vn -0.6758 -0.3781 0.6327
vn -0.1450 -0.4681 0.8717
vn -0.6620 -0.3585 0.6582
vn 0.6002 -0.4198 0.6808
vn 0.5413 -0.4178 0.7297
vn -0.1449 -0.4681 0.8717
vn -0.1762 -0.4543 0.8733
vn 0.6004 -0.4198 0.6807
vn 0.8490 -0.3824 0.3648
vn 0.8323 -0.3780 0.4055
vn 0.5414 -0.4178 0.7296
vn -0.9610 -0.0020 -0.2766
vn -0.9610 -0.0039 -0.2766
vn -0.9610 -0.0020 -0.2765
vn -0.2745 -0.1294 -0.9528
vn 0.4314 -0.3509 -0.8311
vn 0.2549 -0.3432 -0.9040
vn -0.2569 -0.1059 -0.9606
vn 0.8490 -0.3824 0.3646
vn 0.8932 -0.3609 -0.2681
vn 0.9226 -0.3389 -0.1840
vn 0.9226 -0.3389 -0.1841
vn 0.8324 -0.3779 0.4053
vn 0.4313 -0.3509 -0.8312
vn 0.9226 -0.3389 -0.1842
vn 0.8927 -0.3622 -0.2683
vn 0.8926 -0.3622 -0.2683
vn 0.2525 -0.3492 -0.9024
vn -0.0001 -1.0000 -0.0002
vn 0.0001 -1.0000 0.0001
vn 0.0062 -1.0000 0.0025
vn -0.0000 -1.0000 -0.0002
vn -0.2566 0.2076 0.9439
vn -0.2567 0.2077 0.9439
vn -0.2565 0.2075 0.9440
vn 0.9617 0.0019 0.2742
vn 0.9617 0.0020 0.2742
vn -0.0001 -1.0000 -0.0019
vn -0.9617 -0.0020 -0.2742
vn -0.9617 -0.0020 -0.2743
vn -0.2528 -0.2645 0.9307
vn -0.2529 -0.2645 0.9306
vn -0.9610 0.0019 -0.2765
vn -0.9560 -0.1097 -0.2723
vn -0.9559 -0.1097 -0.2723
vn -0.9610 0.0020 -0.2765
vn -0.9560 -0.1096 -0.2723
vn -0.9608 0.0041 -0.2772
vn -0.9647 0.0004 -0.2633
vn -0.9648 0.0001 -0.2629
vn 0.6088 -0.0627 0.7908
vn 0.6601 -0.1469 0.7367
vn 0.6269 -0.0901 0.7739
vn 0.6088 -0.0626 0.7908
vn 0.5739 -0.0136 0.8188
vn -0.2960 -0.1118 0.9486
vn -0.2234 -0.1586 0.9617
vn -0.9780 -0.0333 0.2058
vn -0.2960 -0.1117 0.9486
vn -0.9808 -0.0450 0.1899
vn -0.9480 -0.2624 0.1802
vn -0.9494 -0.2452 0.1961
vn -0.9480 -0.2664 0.1743
vn -0.9480 -0.2625 0.1802
vn -0.9462 -0.2821 0.1587
vn 0.6582 -0.0823 0.7483
vn -0.2233 -0.1587 0.9617
vn -0.2958 -0.1117 0.9487
vn 0.6215 -0.0432 0.7822
vn 0.9608 -0.0035 0.2771
vn 0.9610 -0.0020 0.2765
vn 0.9610 -0.0021 0.2766
vn 0.9610 -0.0039 0.2767
vn -0.0001 -1.0000 -0.0001
vn -0.0001 -1.0000 0.0020
vn 0.0020 -1.0000 0.0039
vn 0.0001 -1.0000 0.0018
vn -0.0000 -1.0000 0.0019
vn -0.1959 -0.3096 0.9305
vn -0.1959 -0.3097 0.9304
vn -0.1959 -0.3095 0.9305
vn -0.9594 -0.0078 -0.2819
vn -0.9594 0.0061 -0.2821
vn -0.9594 -0.0077 -0.2819
vn -0.9594 0.0059 -0.2819
vn 0.1488 -0.4679 -0.8712
vn 0.1784 -0.4549 -0.8725
vn 0.6611 -0.3826 -0.6454
vn 0.6483 -0.3625 -0.6695
vn 0.1487 -0.4679 -0.8712
vn -0.5805 -0.4315 -0.6905
vn -0.5248 -0.4270 -0.7364
vn -0.5248 -0.4269 -0.7364
vn -0.5807 -0.4315 -0.6904
vn -0.8403 -0.3977 -0.3684
vn -0.8235 -0.3922 -0.4099
vn -0.5249 -0.4269 -0.7363
vn 0.9605 -0.0040 0.2783
vn 0.9605 -0.0035 0.2784
vn 0.2548 -0.1294 0.9583
vn -0.4295 -0.3529 0.8313
vn -0.2491 -0.3414 0.9063
vn 0.2548 -0.1293 0.9583
vn 0.2389 -0.1078 0.9651
vn -0.8404 -0.3976 -0.3682
vn -0.8827 -0.3730 0.2858
vn -0.9163 -0.3493 0.1961
vn -0.8404 -0.3977 -0.3682
vn -0.9163 -0.3492 0.1961
vn -0.8236 -0.3922 -0.4097
vn -0.4294 -0.3529 0.8313
vn -0.9162 -0.3492 0.1963
vn -0.8831 -0.3720 0.2860
vn -0.8831 -0.3721 0.2860
vn -0.2491 -0.3413 0.9064
vn -0.0000 -1.0000 0.0002
vn -0.0001 -1.0000 0.0001
vn -0.0039 -1.0000 -0.0020
vn 0.4058 0.0255 0.9136
vn 0.4075 0.0253 0.9129
vn 0.4056 0.0257 0.9137
vn 0.4074 0.0255 0.9129
vn 0.4054 0.0260 0.9138
vn -0.1684 -0.9855 0.0214
vn 0.3644 -0.1842 -0.9128
vn 0.3524 -0.1470 -0.9242
vn 0.3842 0.4508 -0.8057
vn 0.3643 -0.1842 -0.9129
vn 0.3842 0.4509 -0.8057
vn 0.3603 0.4328 -0.8264
vn 0.2060 -0.8534 -0.4788
vn 0.2078 -0.8096 -0.5490
vn 0.3644 -0.1842 -0.9129
vn 0.3525 -0.1469 -0.9242
vn 0.2060 -0.8535 -0.4786
vn 0.1725 -0.9780 -0.1177
vn 0.1625 -0.9732 -0.1626
vn 0.2060 -0.8535 -0.4787
vn 0.2078 -0.8097 -0.5488
vn -0.9845 0.1687 0.0471
vn -0.9846 0.1686 0.0470
vn 0.1685 0.9855 -0.0216
vn 0.1685 0.9855 -0.0215
vn 0.1686 0.9854 -0.0217
vn 0.2687 0.5334 0.8021
vn 0.3622 -0.2546 0.8966
vn 0.3962 -0.0668 0.9157
vn 0.2686 0.5334 0.8021
vn 0.3961 -0.0668 0.9158
vn 0.2432 0.5216 0.8178
vn 0.1725 -0.9780 -0.1175
vn 0.2235 -0.8610 0.4569
vn 0.1844 -0.9004 0.3942
vn 0.1843 -0.9004 0.3942
vn 0.1625 -0.9732 -0.1625
vn 0.3622 -0.2545 0.8967
vn 0.1844 -0.9003 0.3943
vn 0.2236 -0.8609 0.4570
vn 0.3961 -0.0666 0.9158
vn 0.9836 -0.1685 -0.0647
vn 0.9836 -0.1686 -0.0647
vn 0.9836 -0.1684 -0.0646
vn 0.9836 -0.1685 -0.0646
vn -0.9845 0.1690 0.0472
vn -0.9857 0.1472 0.0824
vn -0.9857 0.1473 0.0825
vn -0.9786 0.1920 0.0745
vn -0.9785 0.1921 0.0745
vn -0.9746 0.2138 0.0667
vn -0.9718 0.2272 0.0626
vn -0.9718 0.2272 0.0625
vn -0.9845 0.1688 0.0471
vn -0.9814 0.1724 0.0842
vn 0.1275 -0.9900 0.0608
vn 0.1273 -0.9900 0.0608
vn -0.0548 0.0039 -0.9985
vn -0.0688 0.0080 -0.9976
vn -0.0686 0.0078 -0.9976
vn 0.6186 0.7733 -0.1391
vn 0.6093 0.7856 -0.1078
vn 0.5525 0.7073 0.4409
vn 0.6186 0.7733 -0.1390
vn 0.5354 0.7318 0.4217
vn 0.4544 0.4016 -0.7951
vn 0.4666 0.4646 -0.7526
vn 0.4665 0.4646 -0.7526
vn 0.4544 0.4014 -0.7952
vn 0.3371 0.0432 -0.9405
vn 0.3408 0.0863 -0.9362
vn 0.4543 0.4014 -0.7952
vn 0.4665 0.4645 -0.7528
vn -0.9801 0.1882 0.0627
vn -0.9801 0.1883 0.0628
vn 0.0666 -0.0039 0.9978
vn 0.0684 -0.0038 0.9976
vn 0.0685 -0.0038 0.9976
vn 0.0686 -0.0039 0.9976
vn 0.0019 -0.8500 0.5268
vn 0.1567 -0.9676 -0.1979
vn 0.1587 -0.9873 -0.0078
vn 0.0020 -0.8500 0.5268
vn -0.0216 -0.8580 0.5133
vn 0.3370 0.0430 -0.9405
vn 0.2070 -0.5626 -0.8004
vn 0.1959 -0.4856 -0.8519
vn 0.1958 -0.4856 -0.8520
vn 0.3408 0.0861 -0.9362
vn 0.1567 -0.9676 -0.1978
vn 0.1958 -0.4858 -0.8519
vn 0.2078 -0.5629 -0.8000
vn 0.2079 -0.5629 -0.8000
vn 0.1653 -0.9862 -0.0063
vn 0.9801 -0.1882 -0.0628
vn 0.9800 -0.1883 -0.0648
vn 0.9800 -0.1882 -0.0647
vn 0.9802 -0.1881 -0.0625
vn 0.9800 -0.1882 -0.0648
vn 0.9796 -0.1880 -0.0705
vn 0.9801 -0.1881 -0.0627
vn -0.9801 0.1882 0.0628
vn -0.9800 0.1882 0.0647
vn -0.9799 0.1886 0.0648
vn -0.9797 0.1881 0.0686
vn -0.9797 0.1882 0.0687
vn -0.9801 0.1882 0.0626
vn -0.9801 0.1881 0.0626
vn -0.0196 0.9998 -0.0080
vn -0.0196 0.9998 -0.0079
vn -0.0196 0.9998 -0.0078
vn -0.9794 0.1920 0.0627
vn -0.9794 0.1919 0.0626
vn -0.0667 0.0020 -0.9978
vn -0.0668 0.0020 -0.9978
vn -0.0666 0.0020 -0.9978
vn 0.9794 -0.1920 -0.0627
vn 0.9794 -0.1920 -0.0628
vn 0.0668 -0.0020 0.9978
vn 0.0669 -0.0020 0.9978
vn 0.0667 -0.0020 0.9978
vn 0.0666 -0.0020 0.9978
vn 0.4406 0.8969 -0.0390
vn 0.4406 0.8969 -0.0391
vn 0.4406 0.8969 -0.0392
vn 0.4407 0.8968 -0.0397
vn -0.9806 0.1859 0.0626
vn 0.0608 -0.0020 0.9981
vn 0.1722 -0.0215 0.9848
vn 0.0606 -0.0018 0.9982
vn 0.0606 -0.0017 0.9982
vn 0.0667 0.0098 0.9977
vn 0.0667 0.0099 0.9977
vn -0.9801 0.1881 0.0627
vn 0.1217 0.5707 -0.8121
vn 0.1879 0.4894 -0.8516
vn 0.1430 0.5445 -0.8265
vn 0.1216 0.5708 -0.8120
vn 0.1429 0.5445 -0.8265
vn 0.0822 0.6154 -0.7839
vn 0.2998 0.9540 0.0039
vn 0.3388 0.9382 -0.0704
vn 0.1784 0.4510 0.8745
vn 0.2997 0.9540 0.0040
vn 0.1881 0.4347 0.8807
vn 0.3955 0.3759 0.8380
vn 0.3825 0.3943 0.8356
vn 0.3980 0.3706 0.8392
vn 0.4119 0.3509 0.8410
vn 0.1274 0.5135 -0.8486
vn 0.3389 0.9382 -0.0705
vn 0.2997 0.9540 0.0038
vn 0.2996 0.9540 0.0039
vn 0.0999 0.5623 -0.8209
vn -0.0605 0.0019 -0.9982
vn -0.0610 0.0024 -0.9981
vn -0.9802 0.1860 0.0683
vn -0.9805 0.1860 0.0628
vn -0.9808 0.1860 0.0588
vn -0.9806 0.1859 0.0627
vn -0.9808 0.1859 0.0586
vn -0.9808 0.1859 0.0587
vn 0.9801 -0.1884 -0.0630
vn 0.9805 -0.1860 -0.0628
vn 0.9805 -0.1860 -0.0627
vn 0.9806 -0.1860 -0.0627
vn 0.9801 -0.1862 -0.0687
vn 0.9805 -0.1863 -0.0627
vn 0.9804 -0.1863 -0.0647
vn 0.9806 -0.1857 -0.0625
vn 0.9804 -0.1867 -0.0625
vn 0.9806 -0.1859 -0.0626
vn 0.4788 0.8724 -0.0981
vn 0.4786 0.8726 -0.0980
vn 0.4787 0.8725 -0.0981
vn 0.4790 0.8723 -0.0981
vn 0.0706 -0.0098 0.9975
vn 0.0568 -0.0059 0.9984
vn 0.0567 -0.0058 0.9984
vn 0.2977 -0.9518 0.0744
vn 0.2803 -0.9588 0.0470
vn 0.1920 -0.8603 -0.4723
vn 0.1705 -0.8761 -0.4509
vn 0.3747 -0.5769 0.7258
vn 0.3587 -0.6352 0.6840
vn 0.2977 -0.9518 0.0745
vn 0.2804 -0.9587 0.0470
vn 0.3747 -0.5767 0.7259
vn 0.4251 -0.1960 0.8837
vn 0.4114 -0.2391 0.8796
vn 0.4114 -0.2391 0.8795
vn 0.3587 -0.6350 0.6842
vn -0.0587 0.0020 -0.9983
vn 0.2546 0.8109 -0.5269
vn 0.5317 0.8337 0.1492
vn 0.5115 0.8583 -0.0411
vn 0.2367 0.8264 -0.5109
vn 0.4252 -0.1959 0.8836
vn 0.5135 0.4368 0.7386
vn 0.4799 0.3662 0.7973
vn 0.4252 -0.1958 0.8836
vn 0.4799 0.3662 0.7972
vn 0.4114 -0.2389 0.8796
vn 0.5316 0.8338 0.1491
vn 0.4799 0.3664 0.7972
vn 0.5133 0.4370 0.7386
vn 0.5316 0.8337 0.1491
vn 0.5134 0.4370 0.7386
vn 0.5114 0.8583 -0.0412
vn 0.9798 -0.1901 -0.0628
vn 0.9798 -0.1901 -0.0627
vn 0.9797 -0.1902 -0.0628
vn 0.9797 -0.1901 -0.0628
vn 0.9796 -0.1903 -0.0647
vn 0.9796 -0.1901 -0.0647
vn 0.9799 -0.1901 -0.0608
vn 0.9799 -0.1901 -0.0607
vn 0.9799 -0.1901 -0.0609
vn 0.9801 -0.1901 -0.0567
vn 0.9801 -0.1882 -0.0627
vn -0.9795 0.1907 0.0647
vn -0.9798 0.1900 0.0626
vn -0.9799 0.1901 0.0607
vn -0.9801 0.1898 0.0586
vn -0.9798 0.1901 0.0627
vn -0.9841 0.1687 0.0550
vn -0.9841 0.1686 0.0549
vn -0.9841 0.1686 0.0550
vn -0.9842 0.1686 0.0549
vn 0.2981 -0.0529 -0.9531
vn 0.2157 -0.0178 -0.9763
vn 0.2291 -0.0235 -0.9731
vn 0.3098 -0.0568 -0.9491
vn 0.3530 -0.1216 0.9277
vn 0.3565 -0.1213 0.9264
vn 0.3370 -0.1136 0.9346
vn 0.3369 -0.1137 0.9346
vn 0.3332 -0.1137 0.9360
vn -0.1703 -0.9852 -0.0175
vn -0.1703 -0.9852 -0.0174
vn -0.0901 0.3331 0.9386
vn -0.0901 0.3348 0.9380
vn -0.0901 0.3349 0.9379
vn -0.0902 0.3331 0.9386
vn -0.0901 0.3349 0.9380
vn 0.9998 0.0196 0.0097
vn 0.9998 0.0196 0.0098
vn 0.1000 0.4505 -0.8872
vn 0.0667 0.4329 -0.8990
vn -0.5255 0.3432 -0.7785
vn -0.5035 0.3232 -0.8013
vn 0.0999 0.4504 -0.8872
vn 0.7933 0.3938 -0.4643
vn 0.7485 0.3919 -0.5350
vn 0.0666 0.4329 -0.8990
vn 0.7934 0.3937 -0.4642
vn 0.9261 0.3622 -0.1058
vn 0.9227 0.3546 -0.1510
vn 0.9228 0.3546 -0.1509
vn 0.7486 0.3919 -0.5348
vn 0.0197 -0.9997 -0.0159
vn 0.0196 -0.9997 -0.0158
vn -0.9998 -0.0196 -0.0098
vn -0.5648 0.1098 0.8179
vn 0.1921 0.3449 0.9188
vn 0.0020 0.3409 0.9401
vn 0.0021 0.3408 0.9401
vn -0.5489 0.0864 0.8314
vn 0.9261 0.3622 -0.1056
vn 0.8085 0.3532 0.4708
vn 0.8543 0.3253 0.4055
vn 0.8543 0.3252 0.4055
vn 0.9228 0.3546 -0.1507
vn 0.1920 0.3449 0.9188
vn 0.8542 0.3252 0.4057
vn 0.8084 0.3531 0.4710
vn 0.1920 0.3448 0.9188
vn 0.8083 0.3532 0.4710
vn 0.0018 0.3408 0.9401
vn -0.0197 0.9998 -0.0003
vn -0.0197 0.9998 -0.0002
vn -0.0196 0.9998 0.0001
vn -0.0196 0.9998 0.0002
vn -0.0196 0.9998 -0.0001
vn -0.0196 0.9998 -0.0004
vn -0.0196 0.9998 -0.0005
vn 0.0197 -0.9997 -0.0160
vn 0.0198 -0.9997 -0.0161
vn 0.0411 -0.9990 0.0176
vn -0.0039 -0.9999 0.0097
vn -0.0254 -0.9997 0.0019
vn -0.0394 -0.9992 0.0001
vn 0.0157 -0.9997 0.0196
vn 0.9483 0.3099 0.0691
vn 0.9484 0.3095 0.0685
vn -0.0059 0.0078 -1.0000
vn -0.0060 -0.0059 -1.0000
vn -0.0060 0.0079 -1.0000
vn -0.0059 -0.0059 -1.0000
vn -0.8781 0.4684 -0.0981
vn -0.8880 0.4548 -0.0686
vn -0.7938 0.3783 0.4763
vn -0.8780 0.4684 -0.0980
vn -0.8152 0.3586 0.4547
vn -0.8781 0.4684 -0.0980
vn -0.4900 0.4194 -0.7642
vn -0.5536 0.4181 -0.7202
vn -0.8780 0.4684 -0.0981
vn -0.5536 0.4181 -0.7203
vn -0.4898 0.4193 -0.7643
vn -0.1176 0.3820 -0.9167
vn -0.1608 0.3784 -0.9116
vn -0.5534 0.4181 -0.7204
vn -0.0002 -1.0000 -0.0000
vn 0.0019 0.0019 1.0000
vn 0.0019 0.0039 1.0000
vn 0.0020 0.0039 1.0000
vn 0.8410 0.1294 0.5254
vn 0.9173 0.3510 -0.1882
vn 0.9393 0.3432 -0.0000
vn 0.8527 0.1057 0.5116
vn -0.1174 0.3819 -0.9167
vn 0.5015 0.3611 -0.7862
vn 0.4292 0.3392 -0.8371
vn -0.1174 0.3820 -0.9167
vn -0.1607 0.3783 -0.9116
vn 0.9174 0.3508 -0.1882
vn 0.4294 0.3392 -0.8370
vn 0.5016 0.3624 -0.7855
vn 0.9173 0.3509 -0.1882
vn 0.9368 0.3498 0.0022
vn 0.0002 1.0000 0.0002
vn 0.0001 1.0000 0.0001
vn 0.0001 1.0000 -0.0001
vn -0.0003 1.0000 -0.0020
vn -0.0002 1.0000 -0.0020
vn 0.0001 1.0000 -0.0057
vn 0.0002 1.0000 -0.0057
vn 0.0002 1.0000 0.0001
vn -0.0001 -1.0000 0.0019
vn -0.0001 -1.0000 0.0038
vn -0.0002 -1.0000 -0.0001
vn -0.9781 -0.2078 -0.0098
vn -0.9782 -0.2077 -0.0096
vn -0.9782 -0.2076 -0.0095
vn -0.0018 -1.0000 -0.0000
vn -0.0019 -1.0000 -0.0000
vn -0.0000 -0.0019 -1.0000
vn -0.0000 -0.0020 -1.0000
vn -0.0001 -0.0020 -1.0000
vn 0.0018 1.0000 -0.0000
vn -0.0000 0.0020 1.0000
vn -0.9643 0.2647 -0.0095
vn -0.9643 0.2646 -0.0096
vn -0.9643 0.2646 -0.0095
vn 0.0019 -1.0000 0.0001
vn 0.0019 -1.0000 -0.0000
vn 0.0020 -0.0019 1.0000
vn -0.0000 0.1098 0.9939
vn 0.0001 0.1098 0.9939
vn 0.0020 -0.0020 1.0000
vn -0.0000 0.1097 0.9940
vn 0.0019 -0.0039 1.0000
vn -0.0096 0.0001 1.0000
vn -0.0097 -0.0000 1.0000
vn 0.0002 1.0000 -0.0000
vn -0.5940 0.0628 -0.8020
vn -0.5273 0.1470 -0.8369
vn -0.5722 0.0901 -0.8152
vn -0.5941 0.0628 -0.8019
vn -0.5722 0.0901 -0.8151
vn -0.6288 0.0139 -0.7775
vn -0.9935 0.1117 0.0235
vn -0.9862 0.1587 -0.0470
vn -0.4665 0.0333 0.8839
vn -0.9935 0.1117 0.0236
vn -0.4507 0.0451 0.8915
vn -0.4331 0.2626 0.8623
vn -0.4492 0.2452 0.8591
vn -0.4295 0.2667 0.8628
vn -0.4117 0.2823 0.8665
vn -0.5387 0.0823 -0.8385
vn -0.9862 0.1588 -0.0471
vn -0.9935 0.1117 0.0234
vn -0.5814 0.0431 -0.8124
vn -0.0020 0.0039 -1.0000
vn -0.0020 0.0020 -1.0000
vn -0.0018 0.0039 -1.0000
vn -0.0020 0.0019 -1.0000
vn 0.0020 -1.0000 -0.0000
vn 0.0020 -1.0000 -0.0039
vn 0.0019 -1.0000 -0.0039
vn -0.0020 1.0000 -0.0000
vn -0.0019 1.0000 -0.0000
vn -0.0019 1.0000 -0.0039
vn -0.0020 1.0000 0.0001
vn -0.0018 1.0000 -0.0000
vn -0.9485 0.3097 -0.0666
vn 0.0078 0.0078 0.9999
vn 0.0083 -0.0063 0.9999
vn 0.0080 0.0080 0.9999
vn 0.0078 -0.0059 1.0000
vn 0.0080 0.0081 0.9999
vn 0.8784 0.4686 0.0941
vn 0.8882 0.4549 0.0647
vn 0.8020 0.3824 -0.4588
vn 0.8020 0.3824 -0.4589
vn 0.8224 0.3623 -0.4387
vn 0.5037 0.4312 0.7486
vn 0.5648 0.4275 0.7058
vn 0.8784 0.4686 0.0942
vn 0.5648 0.4274 0.7059
vn 0.5036 0.4311 0.7487
vn 0.1235 0.3977 0.9091
vn 0.1666 0.3917 0.9049
vn 0.5647 0.4275 0.7060
vn -0.0039 0.0039 -1.0000
vn -0.0038 0.0039 -1.0000
vn -0.8515 0.1295 -0.5082
vn -0.9174 0.3528 0.1843
vn -0.9401 0.3409 -0.0059
vn -0.8515 0.1295 -0.5081
vn -0.9401 0.3408 -0.0059
vn -0.8627 0.1078 -0.4941
vn 0.1233 0.3978 0.9092
vn -0.5174 0.3729 0.7702
vn -0.4408 0.3488 0.8270
vn -0.4409 0.3488 0.8270
vn 0.1664 0.3918 0.9049
vn -0.4410 0.3488 0.8269
vn -0.5176 0.3724 0.7703
vn -0.5176 0.3725 0.7703
vn -0.9401 0.3407 -0.0060
vn -0.0002 1.0000 -0.0000
vn 0.0002 1.0000 -0.0001
vn -0.0000 1.0000 0.0020
vn -0.0000 1.0000 0.0059
vn -0.0002 -1.0000 0.0001
vn -0.0000 -1.0000 -0.0039
vn 0.0001 -1.0000 -0.0038
vn 0.0193 -0.9998 -0.0078
vn 0.0194 -0.9998 -0.0078
vn 0.0199 -0.9998 -0.0078
vn -0.0157 0.3628 -0.9317
vn -0.0335 0.2765 -0.9604
vn -0.0313 0.2919 -0.9559
vn -0.0157 0.3629 -0.9317
vn -0.0118 0.3761 -0.9265
vn 0.0627 0.3097 0.9487
vn 0.0646 0.3115 0.9481
vn 0.0608 0.2920 0.9545
vn 0.0627 0.3097 0.9488
vn 0.0607 0.2920 0.9545
vn 0.0588 0.2879 0.9558
vn 0.9994 0.0195 -0.0292
vn 0.9994 0.0197 -0.0295
vn -0.0901 0.9015 -0.4233
vn -0.0901 0.9007 -0.4249
vn -0.0903 0.9007 -0.4249
vn -0.0902 0.9015 -0.4233
vn -0.0901 0.9008 -0.4249
vn -0.0904 0.9015 -0.4233
vn 0.9998 0.0078 -0.0196
vn 0.1000 -0.9266 -0.3625
vn 0.0667 -0.9370 -0.3430
vn -0.5258 -0.8083 -0.2649
vn 0.1000 -0.9266 -0.3624
vn -0.5034 -0.8284 -0.2455
vn 0.0999 -0.9266 -0.3624
vn 0.7936 -0.4998 -0.3469
vn 0.7483 -0.5702 -0.3390
vn 0.7483 -0.5702 -0.3389
vn 0.0667 -0.9369 -0.3431
vn 0.7937 -0.4997 -0.3469
vn 0.9259 -0.1410 -0.3504
vn 0.9223 -0.1861 -0.3387
vn 0.7938 -0.4996 -0.3469
vn 0.7485 -0.5700 -0.3389
vn 0.0199 0.0803 0.9966
vn -0.9998 -0.0080 0.0197
vn -0.9998 -0.0079 0.0197
vn -0.5645 0.8037 -0.1882
vn 0.1923 0.8805 -0.4334
vn 0.0020 0.9021 -0.4315
vn 0.0021 0.9021 -0.4315
vn -0.5486 0.8192 -0.1669
vn 0.9259 -0.1409 -0.3504
vn 0.8077 0.4351 -0.3979
vn 0.8544 0.3722 -0.3625
vn 0.9259 -0.1408 -0.3504
vn 0.9223 -0.1859 -0.3387
vn 0.1922 0.8805 -0.4334
vn 0.8543 0.3724 -0.3625
vn 0.8076 0.4353 -0.3979
vn 0.8076 0.4353 -0.3980
vn 0.0019 0.9021 -0.4315
vn -0.0194 -0.0979 -0.9950
vn -0.0192 -0.0978 -0.9950
vn -0.0191 -0.0978 -0.9950
vn -0.0197 -0.0980 -0.9950
vn -0.0199 -0.0980 -0.9950
vn -0.0195 -0.0978 -0.9950
vn 0.9482 0.0373 -0.3154
vn 0.9482 0.0372 -0.3154
vn -0.0059 -0.9961 0.0882
vn -0.0059 -0.9948 0.1018
vn -0.0059 -0.9961 0.0883
vn -0.8781 -0.1431 -0.4567
vn -0.8884 -0.1118 -0.4452
vn -0.7937 0.4370 -0.4233
vn -0.8781 -0.1431 -0.4566
vn -0.7936 0.4370 -0.4233
vn -0.8145 0.4188 -0.4014
vn -0.4900 -0.8014 -0.3430
vn -0.5532 -0.7572 -0.3473
vn -0.8781 -0.1432 -0.4566
vn -0.5533 -0.7572 -0.3473
vn -0.4898 -0.8015 -0.3429
vn -0.1178 -0.9491 -0.2922
vn -0.1607 -0.9441 -0.2879
vn -0.5531 -0.7573 -0.3472
vn 0.0019 0.9950 -0.0999
vn 0.0020 0.9948 -0.1018
vn 0.0019 0.9948 -0.1019
vn 0.8415 0.5100 -0.1785
vn 0.9172 -0.2216 -0.3312
vn 0.9394 -0.0314 -0.3413
vn 0.9395 -0.0314 -0.3412
vn 0.8532 0.4981 -0.1548
vn -0.1176 -0.9491 -0.2922
vn 0.5016 -0.8175 -0.2830
vn 0.4292 -0.8665 -0.2549
vn 0.4292 -0.8665 -0.2548
vn -0.1605 -0.9441 -0.2879
vn 0.9172 -0.2215 -0.3312
vn 0.4294 -0.8664 -0.2548
vn 0.5017 -0.8171 -0.2841
vn 0.5017 -0.8170 -0.2842
vn 0.9370 -0.0299 -0.3481
vn 0.0001 -0.0959 -0.9954
vn -0.0000 -0.0960 -0.9954
vn -0.0000 -0.0980 -0.9952
vn -0.0000 -0.1020 -0.9948
vn -0.0000 -0.1019 -0.9948
vn -0.0000 -0.0959 -0.9954
vn -0.9781 0.0078 0.2078
vn -0.9781 0.0079 0.2078
vn -0.0000 -0.9952 0.0979
vn -0.0000 -0.9952 0.0980
vn -0.0000 -0.9950 0.0999
vn -0.0001 -0.9950 0.0999
vn 0.0019 -0.0959 -0.9954
vn 0.0019 -0.0960 -0.9954
vn -0.0001 0.9950 -0.0999
vn -0.0000 0.9950 -0.0999
vn -0.9648 -0.0352 -0.2607
vn -0.9648 -0.0353 -0.2608
vn -0.9647 -0.0353 -0.2608
vn 0.0019 0.9956 -0.0942
vn 0.0001 0.9786 -0.2060
vn 0.0020 0.9956 -0.0941
vn -0.0000 0.9786 -0.2058
vn 0.0021 0.9957 -0.0922
vn -0.0098 0.9953 -0.0960
vn -0.0097 0.9953 -0.0960
vn -0.5933 -0.8049 0.0136
vn -0.5267 -0.8476 -0.0648
vn -0.5726 -0.8197 -0.0118
vn -0.5933 -0.8048 0.0137
vn -0.5727 -0.8197 -0.0117
vn -0.6296 -0.7747 0.0588
vn -0.9934 0.0137 -0.1137
vn -0.9863 -0.0627 -0.1528
vn -0.4667 0.8766 -0.1177
vn -0.9934 0.0139 -0.1137
vn -0.4667 0.8765 -0.1176
vn -0.4514 0.8825 -0.1317
vn -0.4331 0.8328 -0.3449
vn -0.4491 0.8313 -0.3275
vn -0.4293 0.8331 -0.3489
vn -0.4117 0.8344 -0.3664
vn -0.5388 -0.8424 -0.0000
vn -0.9862 -0.0627 -0.1529
vn -0.9934 0.0136 -0.1136
vn -0.5388 -0.8425 -0.0000
vn -0.9934 0.0137 -0.1135
vn -0.5817 -0.8128 0.0333
vn -0.0019 -0.9957 0.0921
vn -0.0020 -0.9957 0.0921
vn -0.0021 -0.9957 0.0922
vn -0.0000 -0.0961 -0.9954
vn -0.0021 -0.0960 -0.9954
vn -0.0020 -0.1000 -0.9950
vn -0.0020 -0.0960 -0.9954
vn -0.0020 -0.0980 -0.9952
vn -0.0018 -0.0961 -0.9954
vn -0.0018 -0.0960 -0.9954
vn -0.0019 -0.0960 -0.9954
vn -0.9486 -0.0959 -0.3016
vn -0.9485 -0.0961 -0.3019
vn -0.9486 -0.0960 -0.3017
vn 0.0078 0.9946 -0.1038
vn 0.0078 0.9959 -0.0902
vn 0.0076 0.9959 -0.0901
vn 0.0077 0.9944 -0.1057
vn 0.8788 0.0491 -0.4746
vn 0.8883 0.0216 -0.4588
vn 0.8021 -0.4942 -0.3354
vn 0.8788 0.0490 -0.4747
vn 0.8021 -0.4942 -0.3353
vn 0.8225 -0.4720 -0.3173
vn 0.5036 0.7034 -0.5016
vn 0.5649 0.6608 -0.4942
vn 0.8788 0.0491 -0.4747
vn 0.8883 0.0215 -0.4588
vn 0.5035 0.7035 -0.5016
vn 0.1236 0.8663 -0.4841
vn 0.1667 0.8623 -0.4782
vn 0.5647 0.6610 -0.4942
vn -0.0040 -0.9957 0.0921
vn -0.0039 -0.9959 0.0901
vn -0.0039 -0.9957 0.0922
vn -0.0039 -0.9959 0.0902
vn -0.8507 -0.5195 -0.0804
vn -0.9169 0.1490 -0.3703
vn -0.9400 -0.0392 -0.3388
vn -0.8628 -0.5021 -0.0589
vn 0.1234 0.8663 -0.4841
vn -0.5172 0.7305 -0.4459
vn -0.4410 0.7881 -0.4293
vn -0.4410 0.7881 -0.4294
vn 0.1665 0.8623 -0.4782
vn -0.9169 0.1489 -0.3703
vn -0.4412 0.7881 -0.4293
vn -0.5175 0.7310 -0.4449
vn -0.9169 0.1489 -0.3702
vn -0.9401 -0.0393 -0.3388
vn 0.0001 -0.0961 -0.9954
vn -0.0001 -0.0960 -0.9954
vn -0.0000 -0.0941 -0.9956
vn 0.0001 -0.0902 -0.9959
vn -0.0157 -0.9626 -0.2705
vn -0.0332 -0.9827 -0.1820
vn -0.0314 -0.9797 -0.1979
vn -0.0157 -0.9626 -0.2706
vn -0.0313 -0.9797 -0.1980
vn -0.0117 -0.9587 -0.2843
vn 0.0627 0.9146 -0.3995
vn 0.0647 0.9129 -0.4031
vn 0.0608 0.9220 -0.3825
vn 0.0608 0.9219 -0.3825
vn 0.0588 0.9230 -0.3802
vn 0.9994 -0.0314 -0.0158
vn 0.9994 -0.0314 -0.0157
vn -0.0196 -0.3331 -0.9427
vn -0.0195 -0.3349 -0.9421
vn -0.0195 -0.3348 -0.9421
vn -0.0195 -0.3331 -0.9427
vn -0.0195 -0.3350 -0.9420
vn 0.9978 -0.0196 0.0626
vn 0.9978 -0.0195 0.0626
vn 0.0334 -0.4509 0.8919
vn 0.0001 -0.4330 0.9014
vn -0.5822 -0.3431 0.7371
vn 0.0334 -0.4509 0.8920
vn -0.5627 -0.3235 0.7607
vn 0.0333 -0.4508 0.8920
vn 0.7567 -0.3941 0.5216
vn 0.7057 -0.3921 0.5901
vn 0.7057 -0.3921 0.5902
vn -0.0000 -0.4331 0.9013
vn 0.7568 -0.3941 0.5215
vn 0.9154 -0.3626 0.1746
vn 0.9089 -0.3545 0.2195
vn 0.9089 -0.3546 0.2195
vn 0.7058 -0.3921 0.5900
vn 0.0177 0.9997 0.0177
vn 0.0176 0.9997 0.0176
vn -0.9978 0.0196 -0.0626
vn -0.9978 0.0196 -0.0627
vn -0.5016 -0.1097 -0.8581
vn 0.2608 -0.3451 -0.9016
vn 0.0726 -0.3412 -0.9372
vn -0.4843 -0.0862 -0.8706
vn 0.9155 -0.3627 0.1744
vn 0.8412 -0.3529 -0.4097
vn 0.8820 -0.3254 -0.3409
vn 0.9155 -0.3627 0.1743
vn 0.8820 -0.3253 -0.3409
vn 0.9090 -0.3545 0.2193
vn 0.2607 -0.3450 -0.9017
vn 0.8819 -0.3253 -0.3411
vn 0.8411 -0.3529 -0.4099
vn 0.0725 -0.3411 -0.9372
vn -0.0196 -0.9998 0.0001
vn -0.0196 -0.9998 -0.0001
vn -0.0196 -0.9998 -0.0000
vn 0.0175 0.9997 0.0175
vn 0.0411 0.9991 -0.0137
vn -0.0019 1.0000 -0.0097
vn -0.0255 0.9997 -0.0039
vn -0.0392 0.9992 -0.0020
vn 0.0176 0.9997 -0.0175
vn 0.9508 -0.3097 -0.0001
vn 0.9508 -0.3098 -0.0000
vn 0.9508 -0.3098 0.0001
vn 0.9508 -0.3097 -0.0000
vn -0.0822 -0.0078 0.9966
vn -0.0823 0.0062 0.9966
vn -0.0822 -0.0077 0.9966
vn -0.0822 0.0059 0.9966
vn -0.8831 -0.4680 0.0334
vn -0.8909 -0.4543 0.0020
vn -0.7567 -0.3783 -0.5332
vn -0.8831 -0.4680 0.0333
vn -0.7781 -0.3585 -0.5158
vn -0.8831 -0.4679 0.0333
vn -0.5466 -0.4193 0.7248
vn -0.6062 -0.4179 0.6767
vn -0.8909 -0.4542 0.0020
vn -0.5465 -0.4192 0.7250
vn -0.1862 -0.3820 0.9052
vn -0.2293 -0.3780 0.8970
vn -0.2292 -0.3780 0.8970
vn -0.6061 -0.4178 0.6768
vn 0.0783 -0.0019 -0.9969
vn 0.0783 -0.0038 -0.9969
vn 0.0784 -0.0021 -0.9969
vn 0.0785 -0.0039 -0.9969
vn 0.0783 -0.0020 -0.9969
vn 0.8781 -0.1294 -0.4606
vn 0.9011 -0.3507 0.2548
vn 0.9368 -0.3430 0.0686
vn 0.8894 -0.1058 -0.4447
vn -0.1860 -0.3821 0.9052
vn 0.4425 -0.3609 0.8209
vn 0.3665 -0.3391 0.8664
vn -0.2291 -0.3780 0.8970
vn 0.9012 -0.3507 0.2547
vn 0.3666 -0.3391 0.8664
vn 0.4426 -0.3622 0.8203
vn 0.9346 -0.3494 0.0664
vn -0.0002 -1.0000 0.0019
vn 0.0001 -1.0000 0.0058
vn 0.0002 -1.0000 -0.0001
vn -0.9763 0.2078 -0.0608
vn -0.9763 0.2078 -0.0607
vn -0.0744 0.0020 0.9972
vn -0.0744 0.0019 0.9972
vn -0.0745 0.0020 0.9972
vn 0.0018 -1.0000 -0.0000
vn 0.0744 -0.0019 -0.9972
vn 0.0745 -0.0020 -0.9972
vn -0.9624 -0.2646 -0.0608
vn -0.9624 -0.2645 -0.0609
vn -0.9625 -0.2645 -0.0613
vn 0.0764 0.0019 -0.9971
vn 0.0744 -0.1097 -0.9912
vn 0.0764 0.0020 -0.9971
vn 0.0744 -0.1096 -0.9912
vn 0.0764 0.0039 -0.9971
vn 0.0626 -0.0001 -0.9980
vn 0.0002 -1.0000 -0.0000
vn -0.6519 -0.0627 0.7557
vn -0.5878 -0.1468 0.7956
vn -0.6312 -0.0902 0.7704
vn -0.6313 -0.0901 0.7703
vn -0.6862 -0.0136 0.7273
vn -0.9889 -0.1117 -0.0979
vn -0.9870 -0.1585 -0.0255
vn -0.3993 -0.0333 -0.9162
vn -0.9889 -0.1115 -0.0980
vn -0.3994 -0.0333 -0.9162
vn -0.3839 -0.0449 -0.9223
vn -0.3668 -0.2628 -0.8924
vn -0.3843 -0.2452 -0.8901
vn -0.3624 -0.2664 -0.8932
vn -0.3623 -0.2664 -0.8932
vn -0.3453 -0.2825 -0.8949
vn -0.5998 -0.0823 0.7959
vn -0.9870 -0.1586 -0.0254
vn -0.9889 -0.1116 -0.0978
vn -0.9889 -0.1115 -0.0979
vn -0.6409 -0.0432 0.7664
vn -0.0764 -0.0039 0.9971
vn -0.0764 -0.0019 0.9971
vn -0.0765 -0.0039 0.9971
vn -0.0765 -0.0020 0.9971
vn -0.0020 -1.0000 -0.0001
vn -0.0020 -1.0000 0.0039
vn -0.9507 -0.3102 -0.0045
vn -0.9507 -0.3100 -0.0042
vn -0.9508 -0.3099 -0.0040
vn -0.9508 -0.3098 -0.0040
vn 0.0822 -0.0078 -0.9966
vn 0.0823 0.0059 -0.9966
vn 0.0822 0.0059 -0.9966
vn 0.8833 -0.4681 -0.0274
vn 0.8909 -0.4542 -0.0000
vn 0.7659 -0.3820 0.5171
vn 0.7659 -0.3820 0.5172
vn 0.7871 -0.3622 0.4993
vn 0.8833 -0.4680 -0.0274
vn 0.5591 -0.4315 -0.7080
vn 0.6154 -0.4272 -0.6623
vn 0.8833 -0.4680 -0.0275
vn 0.6155 -0.4272 -0.6623
vn 0.5589 -0.4315 -0.7081
vn 0.1921 -0.3977 -0.8972
vn 0.2352 -0.3919 -0.8894
vn 0.2352 -0.3918 -0.8895
vn 0.6153 -0.4272 -0.6625
vn -0.0782 -0.0037 0.9969
vn -0.0783 -0.0038 0.9969
vn -0.0780 -0.0038 0.9969
vn -0.0781 -0.0039 0.9969
vn -0.8873 -0.1293 0.4427
vn -0.9010 -0.3526 -0.2528
vn -0.9380 -0.3408 -0.0627
vn -0.8969 -0.1076 0.4290
vn 0.1919 -0.3977 -0.8972
vn -0.4582 -0.3729 -0.8068
vn -0.3785 -0.3492 -0.8572
vn 0.2350 -0.3918 -0.8895
vn -0.9010 -0.3526 -0.2527
vn -0.3787 -0.3491 -0.8572
vn -0.4585 -0.3722 -0.8070
vn -0.9381 -0.3407 -0.0626
vn 0.0003 -1.0000 0.0002
vn 0.0002 -1.0000 0.0001
vn -0.0000 -1.0000 -0.0059
vn 0.0176 0.9998 0.0078
vn 0.0178 0.9998 0.0080
vn 0.0177 0.9998 0.0079
vn -0.0842 -0.3623 0.9283
vn -0.1059 -0.2767 0.9551
vn -0.1020 -0.2921 0.9509
vn -0.0823 -0.3761 0.9229
vn 0.1334 -0.3099 -0.9414
vn 0.1352 -0.3115 -0.9406
vn 0.1312 -0.2917 -0.9475
vn 0.1312 -0.2916 -0.9475
vn 0.1313 -0.2882 -0.9485
vn 0.9944 -0.0196 0.1038
vn 0.9944 -0.0196 0.1037
vn 0.9362 -0.3094 0.1664
vn 0.9363 -0.3094 0.1663
vn 0.9362 -0.3095 0.1666
vn 0.9362 -0.3095 0.1665
vn -0.2545 -0.0078 0.9670
vn -0.2544 0.0059 0.9671
vn -0.2544 -0.0078 0.9671
vn -0.2545 0.0059 0.9671
vn -0.8755 -0.4682 -0.1194
vn -0.8776 -0.4545 -0.1528
vn -0.6506 -0.3782 -0.6585
vn -0.8756 -0.4681 -0.1195
vn -0.6764 -0.3589 -0.6432
vn -0.6642 -0.4193 0.6190
vn -0.7153 -0.4174 0.5604
vn -0.8756 -0.4681 -0.1194
vn -0.6641 -0.4192 0.6191
vn -0.3412 -0.3823 0.8587
vn -0.3824 -0.3784 0.8430
vn -0.7152 -0.4174 0.5605
vn 0.2509 -0.0020 -0.9680
vn 0.2509 -0.0040 -0.9680
vn 0.2508 -0.0020 -0.9680
vn 0.2508 -0.0039 -0.9680
vn 0.9451 -0.1294 -0.3000
vn 0.8422 -0.3506 0.4095
vn 0.9106 -0.3427 0.2311
vn 0.9529 -0.1056 -0.2843
vn -0.3411 -0.3823 0.8588
vn 0.2917 -0.3610 0.8858
vn 0.2096 -0.3391 0.9171
vn 0.2096 -0.3390 0.9171
vn -0.3822 -0.3784 0.8431
vn 0.8423 -0.3506 0.4094
vn 0.2098 -0.3390 0.9171
vn 0.2919 -0.3623 0.8852
vn 0.9087 -0.3494 0.2284
vn -0.0020 -1.0000 0.0059
vn -0.9503 0.2080 -0.2315
vn -0.9505 0.2075 -0.2312
vn -0.9505 0.2076 -0.2312
vn -0.2490 0.0020 0.9685
vn -0.2490 0.0019 0.9685
vn -0.2489 0.0018 0.9685
vn 0.2490 -0.0020 -0.9685
vn 0.2490 -0.0019 -0.9685
vn -0.9371 -0.2647 -0.2274
vn -0.9372 -0.2647 -0.2273
vn 0.2508 0.0018 -0.9680
vn 0.2471 -0.1098 -0.9628
vn 0.2508 0.0019 -0.9680
vn 0.2471 -0.1097 -0.9628
vn 0.2510 0.0042 -0.9680
vn 0.2352 -0.0000 -0.9720
vn -0.7735 -0.0627 0.6307
vn -0.7177 -0.1472 0.6807
vn -0.7570 -0.0902 0.6472
vn -0.7736 -0.0627 0.6306
vn -0.7570 -0.0902 0.6471
vn -0.8016 -0.0137 0.5978
vn -0.9562 -0.1118 -0.2704
vn -0.9677 -0.1586 -0.1960
vn -0.2332 -0.0333 -0.9719
vn -0.9562 -0.1116 -0.2705
vn -0.2153 -0.0450 -0.9755
vn -0.2058 -0.2626 -0.9427
vn -0.2235 -0.2453 -0.9433
vn -0.2018 -0.2665 -0.9425
vn -0.1843 -0.2824 -0.9414
vn -0.7297 -0.0824 0.6788
vn -0.9677 -0.1587 -0.1959
vn -0.9563 -0.1117 -0.2703
vn -0.7298 -0.0824 0.6787
vn -0.9563 -0.1116 -0.2704
vn -0.7646 -0.0433 0.6431
vn -0.2509 -0.0036 0.9680
vn -0.2508 -0.0020 0.9680
vn -0.2508 -0.0021 0.9680
vn -0.2509 -0.0039 0.9680
vn -0.0039 -1.0000 0.0019
vn -0.9354 -0.3096 -0.1708
vn -0.9354 -0.3098 -0.1706
vn -0.9353 -0.3099 -0.1706
vn 0.2550 -0.0079 -0.9669
vn 0.2550 0.0059 -0.9669
vn 0.2549 -0.0078 -0.9669
vn 0.8749 -0.4678 0.1253
vn 0.8773 -0.4543 0.1547
vn 0.6631 -0.3825 0.6434
vn 0.6875 -0.3620 0.6295
vn 0.6742 -0.4312 -0.5996
vn 0.7214 -0.4274 -0.5449
vn 0.8749 -0.4678 0.1252
vn 0.7215 -0.4273 -0.5449
vn 0.6741 -0.4311 -0.5998
vn 0.3449 -0.3977 -0.8502
vn 0.3862 -0.3920 -0.8349
vn 0.3862 -0.3920 -0.8350
vn 0.7213 -0.4273 -0.5451
vn -0.2508 -0.0039 0.9680
vn -0.9506 -0.1294 0.2822
vn -0.8430 -0.3529 -0.4059
vn -0.9127 -0.3408 -0.2252
vn -0.9506 -0.1293 0.2822
vn -0.9582 -0.1079 0.2649
vn 0.3447 -0.3977 -0.8503
vn -0.3098 -0.3730 -0.8746
vn -0.2216 -0.3493 -0.9104
vn -0.2216 -0.3492 -0.9104
vn 0.3861 -0.3920 -0.8350
vn -0.8431 -0.3529 -0.4058
vn -0.2218 -0.3493 -0.9104
vn -0.3100 -0.3726 -0.8747
vn -0.8431 -0.3529 -0.4059
vn -0.3099 -0.3727 -0.8747
vn -0.9128 -0.3408 -0.2251
vn 0.0021 -1.0000 -0.0060
vn 0.1430 -0.3329 -0.9321
vn 0.1433 -0.3353 -0.9311
vn 0.1429 -0.3329 -0.9321
vn 0.1431 -0.3353 -0.9312
vn 0.9713 -0.0199 0.2369
vn -0.1196 -0.4510 0.8845
vn -0.1567 -0.4330 0.8877
vn -0.7022 -0.3433 0.6238
vn -0.1195 -0.4510 0.8845
vn -0.6865 -0.3236 0.6512
vn 0.6528 -0.3941 0.6470
vn 0.5921 -0.3922 0.7040
vn -0.1197 -0.4510 0.8845
vn 0.5921 -0.3921 0.7040
vn -0.1568 -0.4331 0.8876
vn 0.6529 -0.3940 0.6469
vn 0.8708 -0.3629 0.3316
vn 0.8560 -0.3546 0.3762
vn 0.5922 -0.3922 0.7039
vn 0.0138 0.9997 0.0196
vn -0.9718 0.0196 -0.2351
vn -0.3447 -0.1097 -0.9323
vn 0.4136 -0.3450 -0.8426
vn 0.2354 -0.3413 -0.9100
vn 0.2354 -0.3414 -0.9100
vn -0.3250 -0.0862 -0.9418
vn 0.8709 -0.3628 0.3314
vn 0.8998 -0.3528 -0.2567
vn 0.9284 -0.3251 -0.1801
vn 0.8709 -0.3629 0.3314
vn 0.8561 -0.3545 0.3761
vn 0.4135 -0.3449 -0.8426
vn 0.9283 -0.3251 -0.1803
vn 0.8997 -0.3529 -0.2569
vn 0.4135 -0.3449 -0.8427
vn 0.2353 -0.3412 -0.9101
vn -0.0175 -0.9998 -0.0039
vn -0.0177 -0.9998 -0.0039
vn -0.0178 -0.9998 -0.0039
vn -0.0176 -0.9998 -0.0039
vn 0.0137 0.9997 0.0196
vn 0.0136 0.9997 0.0195
vn 0.0138 0.9997 0.0197
vn 0.0432 0.9990 -0.0060
vn -0.0000 1.0000 -0.0098
vn 0.0001 1.0000 -0.0097
vn -0.0235 0.9997 -0.0078
vn -0.0381 0.9992 -0.0098
vn 0.0197 0.9997 -0.0138
vn 0.0196 0.9997 -0.0137
vn 0.9363 -0.3094 0.1664
vn -0.2543 0.0057 0.9671
vn -0.2544 0.0058 0.9671
vn -0.2544 -0.0076 0.9671
vn -0.6507 -0.3782 -0.6585
vn -0.6641 -0.4193 0.6190
vn -0.7153 -0.4175 0.5604
vn -0.8776 -0.4544 -0.1528
vn -0.6640 -0.4192 0.6191
vn -0.7152 -0.4174 0.5606
vn 0.2508 -0.0019 -0.9680
vn 0.2506 -0.0039 -0.9681
vn 0.9529 -0.1057 -0.2843
vn -0.3411 -0.3824 0.8588
vn 0.8423 -0.3507 0.4094
vn -0.0005 -1.0000 -0.0001
vn 0.0001 -1.0000 0.0002
vn -0.0019 -1.0000 0.0058
vn -0.9505 0.2077 -0.2312
vn -0.2490 0.0018 0.9685
vn 0.0019 -1.0000 -0.0001
vn 0.2490 -0.0017 -0.9685
vn 0.2490 -0.0018 -0.9685
vn -0.9371 -0.2646 -0.2275
vn -0.9372 -0.2647 -0.2272
vn 0.2470 -0.1097 -0.9628
vn 0.2508 0.0020 -0.9680
vn 0.2507 0.0041 -0.9681
vn 0.2352 -0.0000 -0.9719
vn -0.7176 -0.1472 0.6807
vn -0.8015 -0.0136 0.5978
vn -0.2155 -0.0451 -0.9755
vn -0.2236 -0.2452 -0.9433
vn -0.1844 -0.2826 -0.9413
vn -0.9563 -0.1116 -0.2703
vn -0.7297 -0.0824 0.6787
vn -0.9562 -0.1117 -0.2704
vn -0.7646 -0.0431 0.6431
vn -0.2506 -0.0038 0.9681
vn -0.0019 -1.0000 0.0001
vn -0.0039 -1.0000 0.0021
vn -0.9354 -0.3097 -0.1707
vn -0.9352 -0.3104 -0.1702
vn 0.2552 0.0060 -0.9669
vn 0.6877 -0.3624 0.6290
vn 0.8749 -0.4677 0.1253
vn 0.7214 -0.4273 -0.5449
vn 0.6741 -0.4311 -0.5997
vn -0.2510 -0.0039 0.9680
vn -0.2510 -0.0040 0.9680
vn -0.9584 -0.1077 0.2644
vn -0.2218 -0.3492 -0.9104
vn -0.3100 -0.3727 -0.8747
vn -0.9128 -0.3408 -0.2252
vn 0.0020 -1.0000 -0.0059
vn 0.0021 -1.0000 -0.0059
vn -0.2195 -0.3331 -0.9170
vn -0.2193 -0.3350 -0.9163
vn -0.2195 -0.3330 -0.9170
vn -0.2193 -0.3349 -0.9164
vn 0.9890 -0.0196 -0.1469
vn 0.9890 -0.0196 -0.1468
vn 0.2216 -0.4510 0.8646
vn 0.1900 -0.4328 0.8812
vn -0.4131 -0.3426 0.8438
vn 0.2217 -0.4509 0.8646
vn -0.3883 -0.3236 0.8628
vn 0.2216 -0.4509 0.8647
vn 0.8493 -0.3943 0.3512
vn 0.8156 -0.3922 0.4255
vn 0.2215 -0.4509 0.8646
vn 0.8156 -0.3921 0.4255
vn 0.1900 -0.4329 0.8812
vn 0.8493 -0.3942 0.3510
vn 0.9319 -0.3622 -0.0214
vn 0.9347 -0.3547 0.0236
vn 0.8157 -0.3921 0.4254
vn 0.0213 0.9997 0.0136
vn 0.0212 0.9997 0.0136
vn -0.9887 0.0195 0.1488
vn -0.9887 0.0196 0.1488
vn -0.6718 -0.1097 -0.7325
vn 0.0648 -0.3449 -0.9364
vn -0.1254 -0.3414 -0.9315
vn -0.1255 -0.3413 -0.9315
vn -0.6580 -0.0861 -0.7481
vn 0.9319 -0.3622 -0.0216
vn 0.7354 -0.3530 -0.5784
vn 0.7901 -0.3255 -0.5194
vn 0.9319 -0.3622 -0.0217
vn 0.7901 -0.3254 -0.5194
vn 0.9347 -0.3547 0.0234
vn 0.0646 -0.3448 -0.9365
vn 0.7900 -0.3255 -0.5196
vn 0.7353 -0.3529 -0.5786
vn 0.0647 -0.3448 -0.9364
vn 0.7353 -0.3530 -0.5786
vn -0.1256 -0.3412 -0.9316
vn -0.0177 -0.9998 0.0020
vn -0.0176 -0.9998 0.0020
vn 0.0222 0.9997 0.0138
vn 0.0373 0.9990 -0.0235
vn -0.0038 0.9999 -0.0098
vn -0.0256 0.9997 0.0001
vn -0.0373 0.9993 0.0040
vn 0.0221 0.9997 0.0138
vn 0.0138 0.9997 -0.0219
vn 0.0138 0.9997 -0.0218
vn 0.9301 -0.3094 -0.1977
vn 0.9301 -0.3094 -0.1978
vn 0.1293 -0.0078 0.9916
vn 0.1292 0.0058 0.9916
vn 0.1293 0.0059 0.9916
vn 0.1296 -0.0080 0.9915
vn 0.1295 -0.0079 0.9915
vn -0.8563 -0.4683 0.2176
vn -0.8702 -0.4546 0.1901
vn -0.8520 -0.3780 -0.3623
vn -0.8564 -0.4683 0.2175
vn -0.8519 -0.3780 -0.3623
vn -0.8696 -0.3588 -0.3392
vn -0.8563 -0.4683 0.2175
vn -0.3801 -0.4192 0.8245
vn -0.4490 -0.4176 0.7900
vn -0.8563 -0.4684 0.2176
vn -0.8701 -0.4547 0.1901
vn -0.3799 -0.4191 0.8246
vn 0.0077 -0.3825 0.9239
vn -0.0354 -0.3782 0.9250
vn -0.0354 -0.3783 0.9250
vn -0.4488 -0.4176 0.7901
vn -0.1332 -0.0020 -0.9911
vn -0.1332 -0.0040 -0.9911
vn -0.1333 -0.0040 -0.9911
vn -0.1332 -0.0019 -0.9911
vn -0.1330 -0.0039 -0.9911
vn -0.1331 -0.0019 -0.9911
vn 0.7602 -0.1293 -0.6367
vn 0.9346 -0.3508 0.0588
vn 0.9305 -0.3428 -0.1293
vn 0.7746 -0.1058 -0.6235
vn 0.0079 -0.3825 0.9239
vn 0.6062 -0.3609 0.7088
vn 0.5406 -0.3389 0.7700
vn 0.0080 -0.3825 0.9239
vn -0.0352 -0.3782 0.9250
vn 0.9347 -0.3507 0.0588
vn 0.5408 -0.3389 0.7698
vn 0.6060 -0.3628 0.7079
vn 0.9276 -0.3498 -0.1312
vn 0.0003 -1.0000 -0.0001
vn 0.0002 -1.0000 0.0019
vn 0.0003 -1.0000 0.0019
vn -0.0000 -1.0000 0.0059
vn -0.9673 0.2078 0.1453
vn -0.9674 0.2077 0.1451
vn -0.9674 0.2077 0.1450
vn -0.9674 0.2076 0.1449
vn 0.1349 0.0019 0.9909
vn 0.1351 0.0020 0.9908
vn 0.1351 0.0019 0.9908
vn 0.0021 -1.0000 -0.0000
vn -0.1349 -0.0018 -0.9909
vn -0.1350 -0.0019 -0.9908
vn -0.9537 -0.2644 0.1436
vn -0.9537 -0.2644 0.1433
vn -0.9536 -0.2645 0.1436
vn -0.1332 0.0019 -0.9911
vn -0.1351 -0.1096 -0.9848
vn -0.1332 0.0020 -0.9911
vn -0.1333 0.0039 -0.9911
vn -0.1488 0.0001 -0.9889
vn -0.1488 -0.0001 -0.9889
vn -0.1488 -0.0000 -0.9889
vn -0.4766 -0.0628 0.8769
vn -0.4059 -0.1471 0.9020
vn -0.4548 -0.0902 0.8860
vn -0.4767 -0.0628 0.8768
vn -0.4548 -0.0901 0.8860
vn -0.5155 -0.0136 0.8568
vn -0.9874 -0.1118 0.1117
vn -0.9704 -0.1587 0.1823
vn -0.5839 -0.0333 -0.8112
vn -0.9875 -0.1116 0.1116
vn -0.5699 -0.0454 -0.8205
vn -0.5487 -0.2626 -0.7937
vn -0.5646 -0.2451 -0.7881
vn -0.5432 -0.2667 -0.7961
vn -0.5272 -0.2821 -0.8016
vn -0.4173 -0.0823 0.9050
vn -0.9703 -0.1587 0.1823
vn -0.9874 -0.1116 0.1118
vn -0.4173 -0.0823 0.9051
vn -0.9875 -0.1116 0.1117
vn -0.4639 -0.0431 0.8848
vn 0.1331 -0.0039 0.9911
vn 0.1331 -0.0018 0.9911
vn 0.1330 -0.0039 0.9911
vn 0.1332 -0.0019 0.9911
vn -0.0021 -1.0000 -0.0000
vn -0.0019 -1.0000 0.0039
vn -0.9305 -0.3096 0.1960
vn -0.9304 -0.3096 0.1960
vn -0.9305 -0.3095 0.1959
vn -0.1293 -0.0078 -0.9916
vn -0.1293 0.0060 -0.9916
vn -0.1294 -0.0085 -0.9916
vn -0.1293 0.0059 -0.9916
vn 0.8576 -0.4679 -0.2134
vn 0.8705 -0.4548 -0.1882
vn 0.8582 -0.3821 0.3429
vn 0.8746 -0.3629 0.3215
vn 0.3958 -0.4310 -0.8109
vn 0.4606 -0.4273 -0.7780
vn 0.8576 -0.4679 -0.2135
vn 0.4606 -0.4272 -0.7780
vn 0.8704 -0.4549 -0.1882
vn 0.3956 -0.4309 -0.8110
vn -0.0019 -0.3979 -0.9174
vn 0.0412 -0.3919 -0.9191
vn 0.0413 -0.3919 -0.9191
vn 0.4605 -0.4272 -0.7781
vn 0.1332 -0.0038 0.9911
vn 0.1332 -0.0037 0.9911
vn 0.1334 -0.0041 0.9911
vn -0.7726 -0.1294 0.6216
vn -0.9342 -0.3525 -0.0549
vn -0.9304 -0.3408 0.1352
vn -0.9304 -0.3409 0.1352
vn -0.7856 -0.1077 0.6093
vn -0.0021 -0.3980 -0.9174
vn -0.6189 -0.3728 -0.6914
vn -0.5506 -0.3488 -0.7584
vn 0.0411 -0.3919 -0.9191
vn -0.9342 -0.3525 -0.0548
vn -0.5507 -0.3488 -0.7583
vn -0.6191 -0.3722 -0.6915
vn -0.6191 -0.3723 -0.6915
vn -0.9304 -0.3408 0.1353
vn -0.0003 -1.0000 -0.0019
vn -0.0000 -1.0000 -0.0060
vn 0.0195 0.9998 0.0039
vn 0.0196 0.9998 0.0039
vn 0.0197 0.9998 0.0040
vn 0.1117 -0.3626 0.9252
vn 0.0979 -0.2761 0.9561
vn 0.0998 -0.2916 0.9513
vn 0.1136 -0.3764 0.9194
vn -0.0666 -0.3097 -0.9485
vn -0.0647 -0.3115 -0.9480
vn -0.0705 -0.2918 -0.9539
vn -0.0666 -0.3096 -0.9485
vn -0.0705 -0.2882 -0.9550
vn 0.9940 -0.0200 -0.1078
vn 0.9940 -0.0196 -0.1078
vn 0.0764 0.8272 0.5567
vn 0.0764 0.8271 0.5568
vn 0.0764 0.8272 0.5568
vn 0.0764 0.8287 0.5544
vn -0.9997 0.0158 -0.0180
vn -0.9997 0.0156 -0.0175
vn -0.9997 0.0157 -0.0177
vn -0.1195 -0.9692 0.2154
vn -0.0844 -0.9766 0.1980
vn 0.5111 -0.8440 0.1625
vn -0.1196 -0.9692 0.2153
vn 0.4900 -0.8605 0.1393
vn -0.1194 -0.9692 0.2154
vn -0.8086 -0.5385 0.2369
vn -0.7637 -0.6072 0.2194
vn -0.1194 -0.9692 0.2153
vn -0.7637 -0.6072 0.2193
vn -0.0843 -0.9766 0.1981
vn -0.8087 -0.5384 0.2369
vn -0.9402 -0.1823 0.2879
vn -0.9365 -0.2235 0.2703
vn -0.9365 -0.2234 0.2703
vn -0.7638 -0.6070 0.2193
vn 0.0195 0.2272 -0.9736
vn 0.0194 0.2272 -0.9736
vn 0.9997 -0.0155 0.0174
vn 0.9997 -0.0157 0.0177
vn 0.5589 0.7610 0.3295
vn -0.2061 0.8084 0.5514
vn -0.0157 0.8283 0.5601
vn 0.5589 0.7609 0.3295
vn -0.0158 0.8283 0.5601
vn 0.5445 0.7796 0.3095
vn -0.9402 -0.1821 0.2879
vn -0.8226 0.3779 0.4250
vn -0.8665 0.3234 0.3803
vn -0.9402 -0.1820 0.2880
vn -0.9365 -0.2232 0.2704
vn -0.2060 0.8084 0.5514
vn -0.8664 0.3235 0.3803
vn -0.8225 0.3781 0.4250
vn -0.8225 0.3780 0.4250
vn -0.0156 0.8283 0.5600
vn -0.0197 -0.2430 0.9698
vn -0.0196 -0.2430 0.9698
vn -0.0196 -0.2448 0.9694
vn -0.0195 -0.2448 0.9694
vn -0.9605 -0.0000 0.2783
vn -0.9605 -0.0001 0.2783
vn 0.0059 -0.9719 -0.2351
vn 0.0078 -0.9685 -0.2488
vn 0.0058 -0.9719 -0.2351
vn 0.0078 -0.9685 -0.2490
vn 0.8584 -0.2176 0.4645
vn 0.8688 -0.1863 0.4589
vn 0.7776 0.3604 0.5152
vn 0.7988 0.3468 0.4916
vn 0.8585 -0.2175 0.4645
vn 0.4723 -0.8484 0.2391
vn 0.5356 -0.8062 0.2512
vn 0.8584 -0.2177 0.4645
vn 0.8687 -0.1863 0.4589
vn 0.4721 -0.8485 0.2390
vn 0.1019 -0.9830 0.1527
vn 0.1451 -0.9781 0.1490
vn 0.4722 -0.8485 0.2390
vn 0.5355 -0.8064 0.2511
vn -0.0039 0.9691 0.2467
vn -0.0039 0.9690 0.2470
vn -0.0039 0.9690 0.2469
vn -0.8461 0.4857 0.2194
vn -0.9312 -0.2589 0.2568
vn -0.9530 -0.0726 0.2942
vn -0.8461 0.4857 0.2193
vn -0.9530 -0.0725 0.2942
vn -0.8565 0.4782 0.1940
vn 0.1017 -0.9830 0.1528
vn -0.5172 -0.8446 0.1381
vn -0.4431 -0.8902 0.1059
vn 0.1450 -0.9782 0.1490
vn -0.9312 -0.2588 0.2568
vn -0.4432 -0.8901 0.1059
vn -0.5174 -0.8444 0.1391
vn -0.9312 -0.2587 0.2568
vn -0.5173 -0.8444 0.1391
vn -0.9506 -0.0721 0.3020
vn -0.0391 -0.2428 0.9693
vn -0.0392 -0.2428 0.9693
vn -0.0393 -0.2428 0.9693
vn -0.0393 -0.2451 0.9687
vn -0.0392 -0.2488 0.9677
vn -0.0414 -0.2434 0.9690
vn 0.9859 0.0295 -0.1647
vn 0.9859 0.0294 -0.1647
vn 0.0001 -0.9695 -0.2449
vn 0.0002 -0.9691 -0.2466
vn -0.0000 -0.9696 -0.2449
vn -0.0001 -0.9691 -0.2467
vn -0.0431 -0.2428 0.9691
vn -0.0432 -0.2428 0.9691
vn -0.0001 0.9691 0.2467
vn -0.0000 0.9696 0.2449
vn -0.0000 0.9691 0.2467
vn -0.0001 0.9695 0.2449
vn 0.9526 -0.0846 0.2921
vn 0.9527 -0.0843 0.2921
vn 0.9527 -0.0842 0.2920
vn -0.0019 0.9705 0.2412
vn -0.0059 0.9372 0.3488
vn -0.0059 0.9372 0.3489
vn -0.0020 0.9705 0.2411
vn -0.0019 0.9711 0.2388
vn 0.0098 0.9700 0.2430
vn -0.0413 -0.2431 0.9691
vn 0.5902 -0.8001 -0.1078
vn 0.5200 -0.8533 -0.0395
vn 0.5679 -0.8186 -0.0862
vn 0.5902 -0.8000 -0.1078
vn 0.5680 -0.8185 -0.0862
vn 0.6271 -0.7645 -0.1489
vn 0.9878 -0.0118 0.1550
vn 0.9791 -0.0939 0.1802
vn 0.4644 0.8446 0.2665
vn 0.9879 -0.0117 0.1548
vn 0.4490 0.8491 0.2783
vn 0.4213 0.7682 0.4821
vn 0.4389 0.7681 0.4664
vn 0.4173 0.7680 0.4859
vn 0.4000 0.7665 0.5024
vn 0.5349 -0.8387 -0.1019
vn 0.9791 -0.0940 0.1802
vn 0.9879 -0.0118 0.1548
vn 0.5350 -0.8387 -0.1019
vn 0.5780 -0.8054 -0.1313
vn 0.0019 -0.9711 -0.2388
vn 0.0020 -0.9711 -0.2389
vn 0.0020 -0.9710 -0.2389
vn -0.0412 -0.2429 0.9692
vn -0.0374 -0.2429 0.9693
vn -0.0372 -0.2470 0.9683
vn -0.0372 -0.2428 0.9694
vn -0.0372 -0.2447 0.9689
vn -0.0372 -0.2429 0.9693
vn -0.0372 -0.2446 0.9689
vn -0.0373 -0.2429 0.9693
vn 0.9352 -0.1489 0.3214
vn 0.9351 -0.1490 0.3215
vn 0.9351 -0.1491 0.3216
vn 0.9350 -0.1491 0.3217
vn -0.0078 0.9680 0.2508
vn -0.0074 0.9715 0.2370
vn -0.0077 0.9680 0.2507
vn -0.0078 0.9715 0.2370
vn -0.8975 -0.0118 0.4409
vn -0.9064 -0.0372 0.4208
vn -0.8178 -0.5295 0.2255
vn -0.8369 -0.5056 0.2096
vn -0.5216 0.6254 0.5804
vn -0.5819 0.5857 0.5642
vn -0.8975 -0.0117 0.4409
vn -0.9064 -0.0372 0.4209
vn -0.5215 0.6255 0.5804
vn -0.1393 0.7863 0.6020
vn -0.1842 0.7835 0.5935
vn -0.5214 0.6255 0.5804
vn -0.5818 0.5858 0.5642
vn 0.0042 -0.9711 -0.2385
vn 0.0039 -0.9715 -0.2370
vn 0.0040 -0.9710 -0.2391
vn 0.8452 -0.5334 0.0353
vn 0.9021 0.0825 0.4237
vn 0.9250 -0.1000 0.3665
vn 0.8567 -0.5155 0.0177
vn -0.1391 0.7863 0.6020
vn 0.5020 0.6508 0.5696
vn 0.4254 0.7118 0.5589
vn -0.1840 0.7835 0.5935
vn 0.9021 0.0823 0.4236
vn 0.4256 0.7118 0.5588
vn 0.5023 0.6512 0.5689
vn 0.9021 0.0824 0.4236
vn 0.9251 -0.1000 0.3664
vn -0.0410 -0.2427 0.9692
vn -0.0410 -0.2428 0.9692
vn -0.0411 -0.2428 0.9692
vn -0.0412 -0.2428 0.9692
vn -0.0411 -0.2409 0.9697
vn -0.0410 -0.2409 0.9697
vn -0.0411 -0.2372 0.9706
vn -0.0412 -0.2430 0.9691
vn -0.0000 -0.9921 0.1255
vn 0.0216 -0.9991 0.0353
vn 0.0176 -0.9985 0.0509
vn -0.0021 -0.9903 0.1390
vn -0.0765 0.8450 0.5293
vn -0.0765 0.8441 0.5308
vn -0.0726 0.8549 0.5137
vn -0.0725 0.8549 0.5137
vn -0.0706 0.8573 0.5100
vn -0.9994 -0.0234 -0.0274
vn -0.9993 -0.0235 -0.0274
vn -0.9993 -0.0242 -0.0276
vn 0.4764 -0.3333 -0.8136
vn 0.4760 -0.3352 -0.8131
vn 0.4764 -0.3336 -0.8135
vn 0.4761 -0.3350 -0.8131
vn 0.8173 -0.0195 0.5759
vn 0.8172 -0.0195 0.5760
vn 0.8172 -0.0196 0.5761
vn 0.8172 -0.0196 0.5760
vn -0.4370 -0.4509 0.7783
vn -0.4720 -0.4330 0.7680
vn -0.8825 -0.3432 0.3216
vn -0.8780 -0.3234 0.3528
vn -0.4371 -0.4508 0.7782
vn 0.3705 -0.3941 0.8411
vn 0.2920 -0.3921 0.8724
vn -0.4372 -0.4508 0.7782
vn 0.2920 -0.3920 0.8724
vn -0.4721 -0.4330 0.7679
vn 0.3706 -0.3941 0.8411
vn 0.6877 -0.3625 0.6290
vn 0.6582 -0.3546 0.6642
vn 0.3706 -0.3941 0.8410
vn 0.2922 -0.3921 0.8723
vn 0.0059 0.9997 0.0236
vn 0.0059 0.9997 0.0235
vn -0.8172 0.0196 -0.5760
vn 0.0216 -0.1097 -0.9937
vn 0.6943 -0.3452 -0.6315
vn 0.5527 -0.3411 -0.7604
vn 0.5528 -0.3410 -0.7604
vn 0.0413 -0.0863 -0.9954
vn 0.6878 -0.3625 0.6289
vn 0.9313 -0.3529 0.0903
vn 0.9302 -0.3251 0.1705
vn 0.6583 -0.3546 0.6640
vn 0.9302 -0.3251 0.1703
vn 0.9313 -0.3529 0.0901
vn 0.5526 -0.3410 -0.7605
vn -0.0159 -0.9998 -0.0100
vn -0.0158 -0.9998 -0.0099
vn -0.0157 -0.9998 -0.0098
vn -0.0156 -0.9998 -0.0097
vn 0.0431 0.9990 0.0079
vn 0.0020 1.0000 -0.0098
vn 0.0020 0.9999 -0.0098
vn -0.0196 0.9996 -0.0179
vn -0.0313 0.9993 -0.0215
vn 0.0059 0.9997 0.0237
vn 0.0255 0.9997 -0.0062
vn 0.0255 0.9997 -0.0063
vn 0.8092 -0.3094 0.4995
vn 0.8091 -0.3096 0.4996
vn 0.8091 -0.3095 0.4995
vn 0.8091 -0.3095 0.4996
vn -0.5921 -0.0079 0.8058
vn -0.5921 0.0059 0.8058
vn -0.7702 -0.4683 -0.4330
vn -0.7602 -0.4545 -0.4643
vn -0.3629 -0.3786 -0.8514
vn -0.7701 -0.4684 -0.4331
vn -0.3923 -0.3588 -0.8469
vn -0.7701 -0.4683 -0.4331
vn -0.8451 -0.4196 0.3313
vn -0.8709 -0.4178 0.2588
vn -0.8450 -0.4196 0.3315
vn -0.6335 -0.3824 0.6726
vn -0.6663 -0.3782 0.6427
vn -0.8450 -0.4196 0.3314
vn -0.8708 -0.4178 0.2590
vn 0.5899 -0.0020 -0.8075
vn 0.5898 -0.0041 -0.8075
vn 0.5900 -0.0018 -0.8074
vn 0.5899 -0.0039 -0.8074
vn 0.9894 -0.1293 0.0666
vn 0.6331 -0.3509 0.6900
vn 0.7624 -0.3430 0.5488
vn 0.7624 -0.3430 0.5487
vn 0.9908 -0.1057 0.0842
vn -0.6334 -0.3824 0.6727
vn -0.0513 -0.3606 0.9313
vn -0.1411 -0.3388 0.9302
vn -0.6662 -0.3782 0.6428
vn 0.6331 -0.3508 0.6900
vn -0.1409 -0.3388 0.9302
vn -0.0509 -0.3624 0.9306
vn -0.0509 -0.3625 0.9306
vn 0.7617 -0.3493 0.5458
vn -0.0003 -1.0000 -0.0002
vn -0.0040 -1.0000 0.0040
vn -0.0039 -1.0000 0.0039
vn -0.7989 0.2081 -0.5643
vn -0.7992 0.2075 -0.5641
vn -0.7991 0.2077 -0.5641
vn -0.5878 0.0018 0.8090
vn -0.5877 0.0021 0.8091
vn 0.5877 -0.0020 -0.8091
vn 0.5877 -0.0019 -0.8091
vn 0.5877 -0.0018 -0.8090
vn -0.7877 -0.2644 -0.5564
vn 0.5877 0.0018 -0.8091
vn 0.5835 -0.1095 -0.8047
vn 0.5877 0.0020 -0.8091
vn 0.5877 0.0039 -0.8091
vn 0.5760 -0.0001 -0.8174
vn -0.9514 -0.0627 0.3015
vn -0.9178 -0.1471 0.3688
vn -0.9420 -0.0901 0.3232
vn -0.9514 -0.0626 0.3015
vn -0.9421 -0.0900 0.3231
vn -0.9654 -0.0136 0.2604
vn -0.7905 -0.1119 -0.6022
vn -0.8272 -0.1587 -0.5391
vn 0.1392 -0.0333 -0.9897
vn -0.7904 -0.1118 -0.6023
vn 0.1391 -0.0333 -0.9897
vn 0.1546 -0.0450 -0.9870
vn 0.1529 -0.2627 -0.9527
vn 0.1371 -0.2449 -0.9598
vn 0.1569 -0.2667 -0.9509
vn 0.1726 -0.2824 -0.9436
vn -0.9284 -0.0822 0.3623
vn -0.8272 -0.1588 -0.5390
vn -0.7905 -0.1118 -0.6021
vn -0.9284 -0.0823 0.3624
vn -0.7905 -0.1118 -0.6022
vn -0.9474 -0.0434 0.3172
vn -0.5876 -0.0040 0.8091
vn -0.5877 -0.0019 0.8091
vn -0.5876 -0.0039 0.8091
vn -0.0018 -1.0000 -0.0017
vn -0.0039 -1.0000 -0.0000
vn -0.0020 -1.0000 -0.0019
vn -0.0018 -1.0000 -0.0020
vn -0.8076 -0.3097 -0.5018
vn -0.8076 -0.3098 -0.5018
vn -0.8073 -0.3104 -0.5019
vn -0.8075 -0.3099 -0.5018
vn 0.5921 -0.0078 -0.8058
vn 0.5933 0.0060 -0.8049
vn 0.5933 0.0061 -0.8049
vn 0.5934 0.0059 -0.8049
vn 0.5920 -0.0078 -0.8059
vn 0.7680 -0.4682 0.4369
vn 0.7586 -0.4547 0.4666
vn 0.3801 -0.3820 0.8424
vn 0.7680 -0.4683 0.4369
vn 0.3800 -0.3820 0.8424
vn 0.4073 -0.3624 0.8383
vn 0.8478 -0.4308 -0.3093
vn 0.8716 -0.4270 -0.2408
vn 0.7681 -0.4683 0.4368
vn 0.7586 -0.4548 0.4665
vn 0.8478 -0.4307 -0.3094
vn 0.6330 -0.3978 -0.6642
vn 0.6661 -0.3918 -0.6346
vn 0.8716 -0.4270 -0.2410
vn -0.5899 -0.0040 0.8075
vn -0.5897 -0.0041 0.8076
vn -0.9878 -0.1294 -0.0862
vn -0.6346 -0.3526 -0.6877
vn -0.7661 -0.3410 -0.5447
vn -0.7662 -0.3410 -0.5447
vn -0.9887 -0.1077 -0.1038
vn 0.6328 -0.3978 -0.6643
vn 0.0313 -0.3727 -0.9274
vn 0.1274 -0.3487 -0.9285
vn 0.6660 -0.3918 -0.6348
vn -0.6347 -0.3526 -0.6876
vn 0.1272 -0.3487 -0.9286
vn 0.0312 -0.3719 -0.9278
vn -0.6347 -0.3526 -0.6877
vn 0.0313 -0.3719 -0.9277
vn -0.7662 -0.3409 -0.5447
vn 0.0040 -1.0000 -0.0040
vn 0.0041 -1.0000 -0.0041
vn 0.0099 0.9998 0.0177
vn 0.0098 0.9998 0.0176
vn -0.5591 -0.3629 0.7455
vn -0.5900 -0.2763 0.7587
vn -0.5857 -0.2919 0.7561
vn -0.5532 -0.3764 0.7432
vn 0.6077 -0.3098 -0.7312
vn 0.6082 -0.3120 -0.7299
vn 0.6096 -0.2921 -0.7370
vn 0.6077 -0.3097 -0.7312
vn 0.6096 -0.2920 -0.7370
vn 0.6094 -0.2881 -0.7387
vn 0.7922 -0.0197 0.6099
vn 0.7923 -0.0196 0.6099
vn 0.7922 -0.0198 0.6100
vn 0.7922 -0.0198 0.6099
vn -0.4273 0.8996 0.0902
vn -0.4289 0.8989 0.0901
vn -0.4288 0.8989 0.0900
vn -0.4273 0.8996 0.0901
vn -0.4289 0.8988 0.0901
vn -0.4272 0.8996 0.0900
vn -0.0196 0.0079 -0.9998
vn -0.0196 0.0078 -0.9998
vn -0.0197 0.0079 -0.9998
vn -0.3566 -0.9289 -0.1001
vn -0.3389 -0.9385 -0.0667
vn -0.2608 -0.8098 0.5255
vn -0.3567 -0.9289 -0.1001
vn -0.2411 -0.8294 0.5041
vn -0.3566 -0.9289 -0.1000
vn -0.3448 -0.5016 -0.7934
vn -0.3351 -0.5722 -0.7485
vn -0.3566 -0.9289 -0.0999
vn -0.3351 -0.5723 -0.7485
vn -0.3390 -0.9384 -0.0666
vn -0.3448 -0.5014 -0.7935
vn -0.3486 -0.1431 -0.9263
vn -0.3370 -0.1862 -0.9229
vn -0.3448 -0.5015 -0.7935
vn -0.3370 -0.1863 -0.9229
vn -0.3351 -0.5721 -0.7486
vn 0.9963 0.0842 -0.0196
vn 0.0197 -0.0080 0.9998
vn 0.0197 -0.0079 0.9998
vn -0.1919 0.8031 0.5641
vn -0.4373 0.8785 -0.1923
vn -0.4355 0.9002 -0.0020
vn -0.1920 0.8031 0.5641
vn -0.1703 0.8187 0.5484
vn -0.3486 -0.1429 -0.9263
vn -0.3999 0.4332 -0.8077
vn -0.3645 0.3703 -0.8544
vn -0.3644 0.3703 -0.8544
vn -0.3370 -0.1861 -0.9229
vn -0.4374 0.8785 -0.1922
vn -0.3645 0.3704 -0.8544
vn -0.3999 0.4333 -0.8076
vn -0.4373 0.8785 -0.1922
vn -0.4000 0.4333 -0.8076
vn -0.4354 0.9002 -0.0019
vn -0.9946 -0.1020 0.0196
vn -0.9946 -0.1019 0.0196
vn -0.9946 -0.1021 0.0196
vn -0.9946 -0.1018 0.0196
vn 0.9962 0.0843 -0.0196
vn 0.9920 0.1196 -0.0412
vn 0.9919 0.1197 -0.0413
vn 0.9938 0.1115 0.0039
vn 0.9937 0.1116 0.0039
vn 0.9943 0.1037 0.0254
vn 0.9942 0.1001 0.0392
vn 0.9942 0.1002 0.0392
vn 0.9963 0.0841 -0.0196
vn 0.9963 0.0841 -0.0195
vn 0.9925 0.1213 -0.0156
vn 0.9925 0.1214 -0.0157
vn -0.3153 0.0372 -0.9483
vn -0.3155 0.0372 -0.9482
vn 0.0921 -0.9957 0.0059
vn 0.1078 -0.9942 0.0058
vn 0.1076 -0.9942 0.0058
vn 0.0922 -0.9957 0.0059
vn 0.1076 -0.9942 0.0059
vn -0.4565 -0.1451 0.8778
vn -0.4451 -0.1137 0.8882
vn -0.4252 0.4350 0.7937
vn -0.4565 -0.1450 0.8778
vn -0.4033 0.4172 0.8144
vn -0.3390 -0.8032 0.4899
vn -0.3433 -0.7590 0.5532
vn -0.3389 -0.8033 0.4897
vn -0.2881 -0.9504 0.1177
vn -0.2825 -0.9457 0.1610
vn -0.2826 -0.9456 0.1610
vn -0.3433 -0.7591 0.5531
vn -0.1038 0.9946 -0.0020
vn -0.1057 0.9944 -0.0019
vn -0.1057 0.9944 -0.0020
vn -0.1039 0.9946 -0.0021
vn -0.1823 0.5096 -0.8409
vn -0.3294 -0.2235 -0.9174
vn -0.3413 -0.0333 -0.9394
vn -0.3412 -0.0333 -0.9394
vn -0.1569 0.4980 -0.8529
vn -0.2881 -0.9504 0.1175
vn -0.2791 -0.8185 -0.5022
vn -0.2507 -0.8678 -0.4289
vn -0.2507 -0.8679 -0.4289
vn -0.2825 -0.9457 0.1608
vn -0.3293 -0.2234 -0.9174
vn -0.2507 -0.8678 -0.4291
vn -0.2805 -0.8180 -0.5023
vn -0.3293 -0.2235 -0.9174
vn -0.2805 -0.8180 -0.5022
vn -0.3480 -0.0319 -0.9370
vn -0.9948 -0.1018 -0.0001
vn -0.9948 -0.1018 -0.0002
vn -0.9948 -0.1017 -0.0001
vn -0.9950 -0.0999 -0.0000
vn -0.9950 -0.1000 -0.0000
vn -0.9946 -0.1038 -0.0000
vn -0.9942 -0.1078 -0.0001
vn -0.9948 -0.1017 -0.0002
vn 0.2081 0.0102 0.9781
vn 0.2076 0.0097 0.9782
vn 0.1038 -0.9946 -0.0000
vn 0.1037 -0.9946 -0.0001
vn -0.9950 -0.0999 -0.0019
vn -0.9950 -0.0999 -0.0020
vn -0.1038 0.9946 -0.0000
vn -0.1037 0.9946 0.0001
vn -0.2607 -0.0372 0.9647
vn -0.0980 0.9952 -0.0020
vn -0.2115 0.9774 0.0001
vn -0.2115 0.9774 0.0002
vn -0.0979 0.9952 -0.0021
vn -0.2114 0.9774 -0.0000
vn -0.0960 0.9954 -0.0020
vn -0.0998 0.9950 0.0097
vn 0.0156 -0.8049 0.5933
vn -0.0613 -0.8478 0.5268
vn -0.0079 -0.8198 0.5726
vn 0.0157 -0.8048 0.5933
vn -0.0078 -0.8197 0.5727
vn 0.0625 -0.7745 0.6294
vn -0.1138 0.0137 0.9934
vn -0.1528 -0.0626 0.9863
vn -0.1235 0.8759 0.4664
vn -0.1136 0.0138 0.9934
vn -0.1353 0.8823 0.4509
vn -0.3489 0.8311 0.4332
vn -0.3315 0.8296 0.4492
vn -0.3529 0.8313 0.4294
vn -0.3703 0.8328 0.4114
vn 0.0020 -0.8425 0.5388
vn -0.1529 -0.0628 0.9862
vn -0.1136 0.0136 0.9934
vn 0.0020 -0.8424 0.5388
vn -0.1135 0.0137 0.9934
vn 0.0374 -0.8126 0.5816
vn 0.0960 -0.9954 0.0019
vn 0.0979 -0.9952 0.0019
vn 0.0959 -0.9954 0.0019
vn 0.0980 -0.9952 0.0018
vn -0.9948 -0.1016 -0.0001
vn -0.9950 -0.0999 0.0020
vn -0.9944 -0.1056 0.0018
vn -0.9948 -0.1018 0.0020
vn -0.9950 -0.1000 0.0021
vn -0.9948 -0.1017 0.0021
vn -0.9950 -0.1000 0.0020
vn -0.9948 -0.1019 0.0021
vn -0.3018 -0.0960 0.9485
vn -0.3018 -0.0962 0.9485
vn -0.3018 -0.0961 0.9485
vn -0.1098 0.9939 -0.0078
vn -0.0941 0.9955 -0.0078
vn -0.1098 0.9939 -0.0079
vn -0.4747 0.0451 -0.8790
vn -0.4588 0.0196 -0.8883
vn -0.3333 -0.4960 -0.8018
vn -0.4748 0.0451 -0.8790
vn -0.3153 -0.4739 -0.8222
vn -0.5045 0.7007 -0.5045
vn -0.4978 0.6584 -0.5645
vn -0.4748 0.0452 -0.8789
vn -0.4978 0.6585 -0.5645
vn -0.5044 0.7008 -0.5044
vn -0.4879 0.8641 -0.1235
vn -0.4820 0.8602 -0.1666
vn -0.4978 0.6586 -0.5644
vn 0.0959 -0.9954 0.0038
vn 0.0960 -0.9954 0.0039
vn -0.0784 -0.5195 0.8508
vn -0.3705 0.1470 0.9171
vn -0.3388 -0.0412 0.9399
vn -0.3388 -0.0411 0.9400
vn -0.0569 -0.5035 0.8621
vn -0.4879 0.8641 -0.1234
vn -0.4494 0.7285 0.5171
vn -0.4316 0.7867 0.4413
vn -0.4879 0.8641 -0.1233
vn -0.4820 0.8602 -0.1664
vn -0.3704 0.1470 0.9172
vn -0.4316 0.7867 0.4415
vn -0.4486 0.7288 0.5173
vn -0.4487 0.7288 0.5173
vn -0.3387 -0.0412 0.9400
vn -0.9950 -0.0998 0.0001
vn -0.9948 -0.1018 -0.0000
vn -0.9948 -0.1018 0.0001
vn -0.9952 -0.0980 -0.0001
vn -0.9956 -0.0941 -0.0000
vn 0.9956 0.0920 -0.0196
vn 0.9956 0.0921 -0.0196
vn -0.2663 -0.9638 0.0157
vn -0.1783 -0.9834 0.0332
vn -0.1919 -0.9809 0.0313
vn -0.2664 -0.9637 0.0157
vn -0.2801 -0.9599 0.0119
vn -0.4036 0.9128 -0.0627
vn -0.4074 0.9110 -0.0647
vn -0.3882 0.9196 -0.0608
vn -0.4035 0.9128 -0.0627
vn -0.3842 0.9214 -0.0588
vn -0.0158 -0.0314 -0.9994
vn -0.0156 -0.0313 -0.9994
vt 2.308594 1.090942
vt 2.492188 1.090942
vt 2.492188 1.003374
vt 2.308594 1.003374
vt 1.827148 1.090942
vt 1.827148 1.003374
vt 1.786133 1.003374
vt 1.786133 1.090942
vt 1.739258 1.003374
vt 1.739258 1.090942
vt 1.673828 1.003374
vt 1.673828 1.090942
vt 1.476562 0.957947
vt 1.458008 0.919373
vt 1.273438 0.957947
vt 3.472656 1.003374
vt 3.478516 1.090942
vt 1.555664 1.090942
vt 1.584961 1.090942
vt 1.584961 1.003374
vt 1.555664 1.003374
vt 1.626953 1.003374
vt 1.627930 1.090942
vt 1.017578 0.483887
vt 0.770508 0.330566
vt 0.760742 0.515381
vt 1.039062 0.442871
vt 1.035156 0.515381
vt 1.100586 0.408203
vt 1.572266 0.330566
vt 1.151367 0.417480
vt 1.269531 0.773193
vt 1.488281 0.874878
vt 2.082031 0.957947
vt 1.607422 0.925964
vt 1.591797 0.957947
vt 2.072266 0.773193
vt 1.585938 0.892761
vt 1.535156 0.863892
vt -1.012695 0.330566
vt -1.022461 0.515381
vt 1.563477 0.330566
vt 1.764648 0.664795
vt 1.763672 0.474609
vt 1.708984 0.473633
vt 1.708008 0.665771
vt 1.763672 0.424316
vt 4.285156 0.475586
vt 4.285156 0.425293
vt 4.289062 0.663818
vt 1.764648 0.716553
vt 4.289062 0.716553
vt 3.150391 1.700195
vt 3.150391 1.878418
vt 3.181641 1.878906
vt 3.181641 1.700195
vt 3.050781 1.700195
vt 0.351562 1.701172
vt 0.542969 1.879395
vt 3.050781 1.878418
vt 0.351807 1.879395
vt 4.964844 0.343750
vt 4.992188 0.467285
vt 4.992188 0.357422
vt 3.078125 1.700195
vt 3.078125 1.878418
vt 3.128906 1.700195
vt 3.128906 1.878418
vt 3.107422 1.878418
vt 3.107422 1.700195
vt 1.818359 0.467285
vt 1.819336 0.520264
vt 4.992188 0.520264
vt 4.953125 0.311523
vt 4.992188 0.329102
vt 4.992188 0.279785
vt 1.828125 0.279785
vt 2.214844 0.449707
vt 0.183716 0.296875
vt 0.174072 0.481445
vt 2.236328 0.409180
vt 2.232422 0.481445
vt 2.296875 0.374023
vt 2.759766 0.296875
vt 2.347656 0.383789
vt 3.453125 0.957947
vt 0.295898 1.452148
vt 0.290039 1.690430
vt 1.338867 1.690430
vt 1.338867 1.452148
vt 0.569824 2.337891
vt 0.386963 2.337891
vt 0.387207 2.421875
vt 0.569824 2.421875
vt 1.589844 2.337891
vt 1.588867 2.421875
vt 1.771484 2.421875
vt 1.772461 2.337891
vt 1.088867 0.957947
vt 1.084961 0.773193
vt 3.443359 0.773193
vt 4.289062 0.237305
vt 1.763672 0.236816
vt -1.569336 1.302246
vt -1.541016 1.180542
vt -1.569336 1.195068
vt -1.532227 1.139404
vt -1.569336 1.158936
vt 1.188477 1.302246
vt 1.480469 1.114563
vt 1.480469 1.302246
vt -1.569336 1.114563
s 1
f 3/1/1 1/2/2 2/3/3
f 6/1/4 4/3/5 5/4/4
f 9/5/6 7/1/6 8/4/6
f 12/5/7 10/4/7 11/6/7
f 15/7/8 13/8/9 14/5/10
f 18/7/8 16/5/11 17/6/12
f 21/7/13 19/9/14 20/10/15
f 24/7/13 22/10/16 23/8/17
f 27/9/18 25/11/19 26/12/20
f 30/9/18 28/12/21 29/10/22
f 33/13/23 31/14/23 32/15/24
f 36/16/25 34/3/25 35/2/25
f 39/16/26 37/2/26 38/17/26
f 42/18/27 40/19/28 41/20/29
f 45/18/27 43/20/30 44/21/31
f 48/11/32 46/22/33 47/23/34
f 51/11/32 49/23/35 50/12/36
f 54/19/37 52/23/38 53/22/39
f 57/19/37 55/22/40 56/20/41
f 60/24/42 58/25/42 59/26/42
f 63/27/43 61/25/43 62/24/43
f 66/24/42 64/26/42 65/28/44
f 69/29/43 67/25/43 68/27/43
f 72/29/45 70/30/45 71/25/45
f 75/31/44 73/30/44 74/29/43
f 78/15/46 76/14/46 77/32/47
f 81/32/48 79/14/48 80/33/48
f 84/34/49 82/35/49 83/36/49
f 87/37/50 85/38/50 86/35/50
f 90/37/51 88/39/52 89/38/51
f 93/32/53 91/39/53 92/37/53
f 96/32/54 94/33/55 95/39/55
f 99/37/56 97/35/56 98/34/56
f 102/1/57 100/2/57 101/3/57
f 105/1/58 103/3/58 104/4/58
f 108/5/59 106/1/60 107/4/61
f 111/5/62 109/4/60 110/6/63
f 114/7/64 112/8/65 113/5/66
f 117/7/67 115/5/66 116/6/68
f 120/7/67 118/9/69 119/10/70
f 123/7/71 121/10/70 122/8/65
f 126/9/72 124/11/73 125/12/74
f 129/9/72 127/12/74 128/10/75
f 132/16/76 130/3/77 131/2/78
f 135/16/79 133/2/80 134/17/79
f 138/18/81 136/19/82 137/20/83
f 141/18/81 139/20/83 140/21/84
f 144/11/85 142/22/86 143/23/87
f 147/11/85 145/23/88 146/12/89
f 150/19/90 148/23/91 149/22/92
f 153/19/93 151/22/94 152/20/95
f 156/24/96 154/40/96 155/41/96
f 159/27/96 157/40/97 158/24/96
f 162/24/98 160/41/98 161/28/98
f 165/29/99 163/40/99 164/27/99
f 168/29/100 166/42/100 167/40/100
f 171/31/101 169/42/101 170/29/101
f 174/43/102 172/44/103 173/45/103
f 177/43/104 175/45/105 176/46/104
f 180/47/106 178/44/106 179/48/106
f 183/47/107 181/48/106 182/49/106
f 186/50/108 184/48/108 185/44/108
f 189/50/109 187/44/109 188/43/109
f 192/50/110 190/43/110 191/51/110
f 195/50/111 193/51/111 194/52/112
f 198/53/113 196/54/113 197/55/113
f 201/53/114 199/55/115 200/56/115
f 204/57/116 202/58/117 203/59/117
f 207/57/118 205/59/119 206/60/120
f 210/59/121 208/58/121 209/61/121
f 213/62/122 211/63/122 212/64/122
f 216/65/123 214/57/124 215/60/125
f 219/65/126 217/60/127 218/66/128
f 222/67/129 220/68/130 221/54/131
f 225/67/132 223/54/131 224/53/133
f 228/69/134 226/70/135 227/65/136
f 231/69/134 229/65/136 230/66/137
f 234/69/138 232/68/130 233/67/139
f 237/69/138 235/67/140 236/70/141
f 240/63/142 238/71/143 239/72/144
f 243/63/145 241/72/143 242/73/146
f 246/74/147 244/62/147 245/75/147
f 249/62/148 247/71/148 248/63/148
f 252/76/149 250/77/150 251/74/151
f 255/62/152 253/74/151 254/77/150
f 258/62/153 256/77/154 257/71/154
f 261/1/155 259/2/155 260/3/155
f 264/1/155 262/3/156 263/4/156
f 267/5/157 265/1/158 266/4/159
f 270/5/160 268/4/161 269/6/162
f 273/7/163 271/8/164 272/5/165
f 276/7/166 274/5/165 275/6/167
f 279/7/163 277/9/168 278/10/169
f 282/7/170 280/10/169 281/8/164
f 285/9/171 283/11/172 284/12/173
f 288/9/171 286/12/173 287/10/174
f 291/16/175 289/3/175 290/2/176
f 294/16/177 292/2/177 293/17/177
f 297/18/178 295/19/179 296/20/180
f 300/18/178 298/20/180 299/21/181
f 303/11/182 301/22/183 302/23/184
f 306/11/182 304/23/185 305/12/186
f 309/19/187 307/23/188 308/22/189
f 312/19/190 310/22/191 311/20/192
f 315/78/122 313/79/122 314/80/122
f 318/81/122 316/79/122 317/78/122
f 321/78/96 319/80/193 320/82/96
f 324/83/194 322/79/195 323/81/195
f 327/83/196 325/84/196 326/79/196
f 330/85/101 328/84/101 329/83/101
f 333/86/197 331/35/198 332/36/198
f 336/87/199 334/88/199 335/89/199
f 339/87/199 337/89/199 338/90/199
f 342/91/200 340/92/201 341/93/202
f 345/91/203 343/93/202 344/94/204
f 348/95/205 346/96/206 347/97/207
f 351/95/205 349/97/207 350/98/208
f 354/94/209 352/96/209 353/95/210
f 357/94/211 355/95/211 356/91/212
f 360/1/213 358/2/214 359/3/214
f 363/1/215 361/3/216 362/4/215
f 366/5/217 364/1/217 365/4/217
f 369/5/218 367/4/219 368/6/219
f 372/7/220 370/8/221 371/5/222
f 375/7/223 373/5/222 374/6/224
f 378/7/225 376/9/226 377/10/227
f 381/7/228 379/10/229 380/8/230
f 384/9/231 382/11/232 383/12/233
f 387/9/234 385/12/233 386/10/235
f 390/13/236 388/14/236 389/15/237
f 393/16/238 391/3/238 392/2/238
f 396/16/239 394/2/239 395/17/239
f 399/18/240 397/19/241 398/20/242
f 402/18/240 400/20/243 401/21/244
f 405/11/245 403/22/246 404/23/247
f 408/11/245 406/23/247 407/12/248
f 411/19/249 409/23/250 410/22/251
f 414/19/249 412/22/252 413/20/253
f 417/24/254 415/25/254 416/26/254
f 420/27/255 418/25/256 419/24/255
f 423/24/254 421/26/254 422/28/256
f 426/29/255 424/25/255 425/27/255
f 429/29/254 427/30/254 428/25/254
f 432/31/257 430/30/257 431/29/257
f 435/15/258 433/14/258 434/32/258
f 438/32/259 436/14/259 437/33/259
f 441/34/260 439/35/260 440/36/260
f 444/37/261 442/38/261 443/35/261
f 447/37/262 445/39/263 446/38/263
f 450/32/264 448/39/264 449/37/264
f 453/32/265 451/33/265 452/39/265
f 456/37/266 454/35/266 455/34/267
f 459/1/268 457/2/269 458/3/270
f 462/1/269 460/3/269 461/4/270
f 465/5/271 463/1/272 464/4/273
f 468/5/274 466/4/273 467/6/274
f 471/7/275 469/8/276 470/5/277
f 474/7/278 472/5/277 473/6/279
f 477/7/278 475/9/280 476/10/281
f 480/7/282 478/10/281 479/8/283
f 483/9/284 481/11/285 482/12/286
f 486/9/284 484/12/286 485/10/287
f 489/16/288 487/3/289 488/2/289
f 492/16/290 490/2/289 491/17/290
f 495/18/291 493/19/292 494/20/293
f 498/18/291 496/20/293 497/21/294
f 501/11/295 499/22/296 500/23/297
f 504/11/295 502/23/298 503/12/299
f 507/19/300 505/23/301 506/22/302
f 510/19/300 508/22/303 509/20/304
f 513/24/147 511/40/147 512/41/147
f 516/27/305 514/40/305 515/24/305
f 519/24/96 517/41/96 518/28/96
f 522/29/306 520/40/306 521/27/306
f 525/29/307 523/42/307 524/40/307
f 528/31/308 526/42/308 527/29/308
f 531/43/309 529/44/310 530/45/310
f 534/43/311 532/45/311 533/46/311
f 537/47/312 535/44/313 536/48/313
f 540/47/312 538/48/312 539/49/312
f 543/50/314 541/48/314 542/44/314
f 546/50/314 544/44/314 545/43/314
f 549/50/315 547/43/316 548/51/316
f 552/50/315 550/51/315 551/52/315
f 555/53/317 553/54/317 554/55/317
f 558/53/318 556/55/318 557/56/318
f 561/57/319 559/58/320 560/59/321
f 564/57/322 562/59/323 563/60/324
f 567/59/325 565/58/326 566/61/325
f 570/62/308 568/63/308 569/64/308
f 573/65/327 571/57/328 572/60/329
f 576/65/330 574/60/329 575/66/331
f 579/67/332 577/68/333 578/54/334
f 582/67/335 580/54/334 581/53/336
f 585/69/337 583/70/338 584/65/339
f 588/69/340 586/65/339 587/66/341
f 591/69/342 589/68/343 590/67/344
f 594/69/342 592/67/335 593/70/345
f 597/63/346 595/71/347 596/72/348
f 600/63/349 598/72/347 599/73/349
f 603/74/350 601/62/350 602/75/350
f 606/62/351 604/71/351 605/63/351
f 609/76/352 607/77/151 608/74/151
f 612/62/151 610/74/351 611/77/151
f 615/62/353 613/77/354 614/71/354
f 618/1/355 616/2/356 617/3/356
f 621/1/357 619/3/357 620/4/356
f 624/5/358 622/1/359 623/4/359
f 627/5/360 625/4/361 626/6/360
f 630/7/362 628/8/363 629/5/364
f 633/7/362 631/5/364 632/6/365
f 636/7/366 634/9/367 635/10/368
f 639/7/366 637/10/369 638/8/363
f 642/9/370 640/11/371 641/12/372
f 645/9/370 643/12/372 644/10/373
f 648/16/374 646/3/374 647/2/374
f 651/16/375 649/2/375 650/17/375
f 654/18/376 652/19/377 653/20/378
f 657/18/379 655/20/378 656/21/380
f 660/11/381 658/22/382 659/23/383
f 663/11/384 661/23/385 662/12/386
f 666/19/387 664/23/388 665/22/389
f 669/19/387 667/22/390 668/20/391
f 672/78/392 670/79/392 671/80/392
f 675/81/96 673/79/96 674/78/96
f 678/78/393 676/80/393 677/82/393
f 681/83/306 679/79/306 680/81/306
f 684/83/394 682/84/394 683/79/394
f 687/85/308 685/84/308 686/83/308
f 690/1/395 688/2/396 689/3/396
f 693/1/397 691/3/398 692/4/399
f 696/5/400 694/1/400 695/4/400
f 699/5/400 697/4/400 698/6/400
f 702/7/401 700/8/402 701/5/403
f 705/7/404 703/5/405 704/6/406
f 708/7/404 706/9/407 707/10/408
f 711/7/409 709/10/408 710/8/410
f 714/9/411 712/11/412 713/12/413
f 717/9/414 715/12/413 716/10/415
f 720/13/416 718/14/416 719/15/417
f 723/16/418 721/3/418 722/2/419
f 726/16/420 724/2/420 725/17/420
f 729/18/421 727/19/422 728/20/423
f 732/18/424 730/20/425 731/21/426
f 735/11/427 733/22/428 734/23/429
f 738/11/427 736/23/430 737/12/431
f 741/19/432 739/23/433 740/22/434
f 744/19/432 742/22/434 743/20/435
f 747/24/436 745/25/436 746/26/437
f 750/27/436 748/25/436 749/24/438
f 753/24/436 751/26/436 752/28/439
f 756/29/437 754/25/437 755/27/437
f 759/29/439 757/30/438 758/25/438
f 762/31/437 760/30/437 761/29/436
f 765/15/440 763/14/440 764/32/440
f 768/32/416 766/14/416 767/33/416
f 771/34/441 769/35/442 770/36/442
f 774/37/443 772/38/444 773/35/444
f 777/37/445 775/39/445 776/38/445
f 780/32/446 778/39/447 779/37/446
f 783/32/448 781/33/448 782/39/448
f 786/37/449 784/35/449 785/34/449
f 789/1/450 787/2/450 788/3/450
f 792/1/451 790/3/451 791/4/451
f 795/5/452 793/1/453 794/4/453
f 798/5/452 796/4/454 797/6/452
f 801/7/455 799/8/456 800/5/457
f 804/7/458 802/5/457 803/6/459
f 807/7/458 805/9/460 806/10/461
f 810/7/455 808/10/462 809/8/456
f 813/9/463 811/11/464 812/12/465
f 816/9/466 814/12/465 815/10/467
f 819/13/468 817/14/469 818/99/469
f 822/16/470 820/3/471 821/2/472
f 825/16/470 823/2/473 824/17/470
f 828/18/474 826/19/475 827/20/476
f 831/18/477 829/20/476 830/21/478
f 834/11/479 832/22/480 833/23/481
f 837/11/479 835/23/482 836/12/483
f 840/19/484 838/23/485 839/22/486
f 843/19/484 841/22/487 842/20/488
f 846/24/489 844/40/489 845/41/489
f 849/27/490 847/40/491 848/24/491
f 852/24/492 850/41/492 851/28/492
f 855/29/493 853/40/491 854/27/491
f 858/29/494 856/42/494 857/40/494
f 861/31/495 859/42/495 860/29/495
f 864/99/468 862/14/468 863/100/468
f 867/100/496 865/14/496 866/33/496
f 870/86/468 868/35/468 869/36/496
f 873/101/497 871/38/497 872/35/498
f 876/101/497 874/39/497 875/38/497
f 879/100/499 877/39/500 878/101/500
f 882/100/469 880/33/469 881/39/469
f 885/101/501 883/35/502 884/86/501
f 888/43/503 886/44/503 887/45/503
f 891/43/504 889/45/505 890/46/504
f 894/102/506 892/103/506 893/47/506
f 897/102/506 895/47/507 896/49/507
f 900/47/508 898/44/509 899/48/508
f 903/47/510 901/48/510 902/49/510
f 906/50/511 904/48/511 905/44/511
f 909/50/512 907/44/512 908/43/512
f 912/50/513 910/43/514 911/51/513
f 915/50/515 913/51/515 914/52/516
f 918/53/517 916/54/518 917/55/517
f 921/53/519 919/55/520 920/56/519
f 924/104/468 922/105/468 923/106/468
f 927/105/468 925/107/468 926/108/468
f 930/109/521 928/105/521 929/104/521
f 933/57/522 931/58/523 932/59/523
f 936/57/524 934/59/523 935/60/525
f 939/59/526 937/58/526 938/61/527
f 942/62/495 940/63/495 941/64/495
f 945/110/528 943/109/468 944/111/468
f 948/65/529 946/57/530 947/60/531
f 951/65/532 949/60/533 950/66/534
f 954/67/535 952/68/536 953/54/537
f 957/67/538 955/54/537 956/53/539
f 960/69/540 958/70/541 959/65/542
f 963/69/540 961/65/542 962/66/543
f 966/69/544 964/68/545 965/67/546
f 969/69/544 967/67/547 968/70/548
f 972/63/549 970/71/549 971/72/549
f 975/63/550 973/72/550 974/73/550
f 978/107/551 976/110/551 977/112/551
f 981/107/552 979/105/552 980/109/553
f 984/107/554 982/109/555 983/110/556
f 987/74/557 985/62/557 986/75/557
f 990/62/558 988/71/559 989/63/560
f 993/76/561 991/77/562 992/74/563
f 996/62/564 994/74/563 995/77/565
f 999/62/566 997/77/562 998/71/562
f 1002/1/567 1000/2/568 1001/3/567
f 1005/1/569 1003/3/570 1004/4/570
f 1008/5/571 1006/1/572 1007/4/573
f 1011/5/571 1009/4/572 1010/6/571
f 1014/7/574 1012/8/575 1013/5/576
f 1017/7/574 1015/5/576 1016/6/577
f 1020/7/574 1018/9/578 1019/10/579
f 1023/7/580 1021/10/579 1022/8/581
f 1026/9/582 1024/11/583 1025/12/584
f 1029/9/582 1027/12/585 1028/10/586
f 1032/13/496 1030/14/496 1031/99/496
f 1035/16/587 1033/3/587 1034/2/587
f 1038/16/587 1036/2/587 1037/17/587
f 1041/18/588 1039/19/589 1040/20/590
f 1044/18/588 1042/20/590 1043/21/591
f 1047/11/592 1045/22/593 1046/23/594
f 1050/11/595 1048/23/596 1049/12/597
f 1053/19/598 1051/23/599 1052/22/600
f 1056/19/601 1054/22/602 1055/20/603
f 1059/78/604 1057/79/605 1058/80/604
f 1062/81/605 1060/79/606 1061/78/607
f 1065/78/608 1063/80/608 1064/82/609
f 1068/83/610 1066/79/611 1067/81/612
f 1071/83/613 1069/84/613 1070/79/613
f 1074/85/614 1072/84/614 1073/83/614
f 1077/99/468 1075/14/468 1076/100/468
f 1080/100/528 1078/14/528 1079/33/496
f 1083/86/615 1081/35/615 1082/36/615
f 1086/101/616 1084/38/616 1085/35/616
f 1089/101/617 1087/39/617 1088/38/617
f 1092/100/618 1090/39/618 1091/101/618
f 1095/100/528 1093/33/468 1094/39/468
f 1098/101/619 1096/35/619 1097/86/619
f 1101/87/620 1099/88/620 1100/89/621
f 1104/87/622 1102/89/623 1103/90/623
f 1107/91/624 1105/92/625 1106/93/626
f 1110/91/624 1108/93/626 1109/94/627
f 1113/95/628 1111/96/629 1112/97/630
f 1116/95/628 1114/97/631 1115/98/632
f 1119/94/633 1117/96/633 1118/95/633
f 1122/94/634 1120/95/634 1121/91/634
f 1125/1/635 1123/2/636 1124/3/637
f 1128/1/638 1126/3/639 1127/4/638
f 1131/5/640 1129/1/640 1130/4/640
f 1134/5/641 1132/4/641 1133/6/641
f 1137/7/642 1135/8/643 1136/5/644
f 1140/7/642 1138/5/644 1139/6/645
f 1143/7/646 1141/9/647 1142/10/648
f 1146/7/646 1144/10/648 1145/8/649
f 1149/9/650 1147/11/651 1148/12/652
f 1152/9/650 1150/12/653 1151/10/654
f 1155/13/655 1153/14/655 1154/15/656
f 1158/16/657 1156/3/657 1157/2/657
f 1161/16/657 1159/2/657 1160/17/657
f 1164/18/658 1162/19/659 1163/20/660
f 1167/18/658 1165/20/661 1166/21/662
f 1170/11/663 1168/22/664 1169/23/665
f 1173/11/663 1171/23/666 1172/12/667
f 1176/19/668 1174/23/669 1175/22/670
f 1179/19/671 1177/22/672 1178/20/673
f 1182/24/674 1180/25/675 1181/26/674
f 1185/27/676 1183/25/677 1184/24/677
f 1188/24/676 1186/26/676 1187/28/676
f 1191/29/676 1189/25/676 1190/27/677
f 1194/29/678 1192/30/678 1193/25/678
f 1197/31/679 1195/30/679 1196/29/680
f 1200/15/655 1198/14/655 1199/32/655
f 1203/32/681 1201/14/682 1202/33/682
f 1206/34/683 1204/35/683 1205/36/683
f 1209/37/684 1207/38/684 1208/35/684
f 1212/37/685 1210/39/685 1211/38/685
f 1215/32/686 1213/39/686 1214/37/686
f 1218/32/655 1216/33/655 1217/39/655
f 1221/37/687 1219/35/687 1220/34/687
f 1224/1/688 1222/2/688 1223/3/688
f 1227/1/689 1225/3/689 1226/4/689
f 1230/5/690 1228/1/691 1229/4/691
f 1233/5/692 1231/4/693 1232/6/692
f 1236/7/694 1234/8/695 1235/5/696
f 1239/7/697 1237/5/696 1238/6/698
f 1242/7/699 1240/9/700 1241/10/701
f 1245/7/702 1243/10/703 1244/8/695
f 1248/9/704 1246/11/705 1247/12/706
f 1251/9/704 1249/12/706 1250/10/707
f 1254/13/708 1252/14/708 1253/99/708
f 1257/16/709 1255/3/710 1256/2/710
f 1260/16/709 1258/2/711 1259/17/709
f 1263/18/712 1261/19/713 1262/20/714
f 1266/18/712 1264/20/714 1265/21/715
f 1269/11/716 1267/22/717 1268/23/718
f 1272/11/719 1270/23/718 1271/12/720
f 1275/19/721 1273/23/722 1274/22/723
f 1278/19/724 1276/22/723 1277/20/725
f 1281/24/197 1279/40/197 1280/41/197
f 1284/27/726 1282/40/727 1283/24/727
f 1287/24/728 1285/41/728 1286/28/728
f 1290/29/729 1288/40/729 1289/27/730
f 1293/29/731 1291/42/732 1292/40/731
f 1296/31/733 1294/42/733 1295/29/733
f 1299/99/708 1297/14/708 1298/100/708
f 1302/100/708 1300/14/708 1301/33/708
f 1305/86/98 1303/35/98 1304/36/98
f 1308/101/96 1306/38/96 1307/35/96
f 1311/101/734 1309/39/734 1310/38/734
f 1314/100/735 1312/39/149 1313/101/735
f 1317/100/736 1315/33/736 1316/39/736
f 1320/101/96 1318/35/96 1319/86/96
f 1323/43/737 1321/44/737 1322/45/737
f 1326/43/738 1324/45/738 1325/46/739
f 1329/102/740 1327/103/741 1328/47/741
f 1332/102/152 1330/47/152 1331/49/152
f 1335/47/742 1333/44/742 1334/48/742
f 1338/47/743 1336/48/744 1337/49/743
f 1341/50/745 1339/48/745 1340/44/745
f 1344/50/745 1342/44/745 1343/43/745
f 1347/50/746 1345/43/746 1346/51/746
f 1350/50/746 1348/51/746 1349/52/746
f 1353/53/747 1351/54/748 1352/55/749
f 1356/53/748 1354/55/748 1355/56/748
f 1359/104/96 1357/105/96 1358/106/96
f 1362/105/736 1360/107/736 1361/108/736
f 1365/109/750 1363/105/751 1364/104/750
f 1368/57/752 1366/58/753 1367/59/754
f 1371/57/755 1369/59/756 1370/60/757
f 1374/59/758 1372/58/759 1373/61/759
f 1377/62/760 1375/63/760 1376/64/760
f 1380/110/708 1378/109/708 1379/111/708
f 1383/65/761 1381/57/762 1382/60/763
f 1386/65/764 1384/60/765 1385/66/766
f 1389/67/767 1387/68/768 1388/54/769
f 1392/67/770 1390/54/769 1391/53/771
f 1395/69/772 1393/70/773 1394/65/774
f 1398/69/772 1396/65/774 1397/66/775
f 1401/69/776 1399/68/777 1400/67/778
f 1404/69/776 1402/67/767 1403/70/779
f 1407/63/780 1405/71/781 1406/72/781
f 1410/63/782 1408/72/783 1409/73/782
f 1413/107/352 1411/110/352 1412/112/352
f 1416/107/784 1414/105/784 1415/109/785
f 1419/107/784 1417/109/786 1418/110/786
f 1422/74/727 1420/62/727 1421/75/727
f 1425/62/787 1423/71/787 1424/63/788
f 1428/76/789 1426/77/788 1427/74/788
f 1431/62/787 1429/74/790 1430/77/790
f 1434/62/791 1432/77/791 1433/71/791
f 1437/1/792 1435/2/792 1436/3/792
f 1440/1/792 1438/3/792 1439/4/792
f 1443/5/793 1441/1/794 1442/4/794
f 1446/5/795 1444/4/796 1445/6/797
f 1449/7/798 1447/8/799 1448/5/800
f 1452/7/798 1450/5/801 1451/6/802
f 1455/7/798 1453/9/803 1454/10/804
f 1458/7/805 1456/10/806 1457/8/799
f 1461/9/807 1459/11/808 1460/12/809
f 1464/9/807 1462/12/809 1463/10/810
f 1467/13/708 1465/14/708 1466/99/708
f 1470/16/811 1468/3/811 1469/2/811
f 1473/16/812 1471/2/812 1472/17/811
f 1476/18/813 1474/19/814 1475/20/815
f 1479/18/816 1477/20/817 1478/21/818
f 1482/11/819 1480/22/820 1481/23/821
f 1485/11/819 1483/23/822 1484/12/823
f 1488/19/814 1486/23/824 1487/22/825
f 1491/19/814 1489/22/826 1490/20/827
f 1494/78/828 1492/79/828 1493/80/828
f 1497/81/197 1495/79/197 1496/78/197
f 1500/78/829 1498/80/728 1499/82/728
f 1503/83/830 1501/79/830 1502/81/830
f 1506/83/831 1504/84/831 1505/79/831
f 1509/85/733 1507/84/733 1508/83/733
f 1512/99/708 1510/14/708 1511/100/708
f 1515/100/708 1513/14/708 1514/33/708
f 1518/86/832 1516/35/393 1517/36/393
f 1521/101/96 1519/38/96 1520/35/96
f 1524/101/96 1522/39/96 1523/38/96
f 1527/100/833 1525/39/833 1526/101/834
f 1530/100/736 1528/33/736 1529/39/736
f 1533/101/98 1531/35/98 1532/86/98
f 1536/87/835 1534/88/836 1535/89/835
f 1539/87/837 1537/89/837 1538/90/837
f 1542/91/838 1540/92/839 1541/93/840
f 1545/91/841 1543/93/840 1544/94/842
f 1548/95/843 1546/96/844 1547/97/845
f 1551/95/846 1549/97/847 1550/98/848
f 1554/94/849 1552/96/849 1553/95/849
f 1557/94/850 1555/95/850 1556/91/850
f 1560/1/851 1558/2/852 1559/3/853
f 1563/1/854 1561/3/855 1562/4/856
f 1566/5/857 1564/1/857 1565/4/857
f 1569/5/857 1567/4/857 1568/6/857
f 1572/7/858 1570/8/859 1571/5/860
f 1575/7/861 1573/5/860 1574/6/862
f 1578/7/863 1576/9/864 1577/10/865
f 1581/7/863 1579/10/866 1580/8/867
f 1584/9/868 1582/11/869 1583/12/870
f 1587/9/871 1585/12/870 1586/10/872
f 1590/13/873 1588/14/873 1589/15/873
f 1593/16/874 1591/3/875 1592/2/875
f 1596/16/874 1594/2/874 1595/17/874
f 1599/18/876 1597/19/877 1598/20/878
f 1602/18/876 1600/20/879 1601/21/880
f 1605/11/881 1603/22/882 1604/23/883
f 1608/11/884 1606/23/883 1607/12/885
f 1611/19/886 1609/23/887 1610/22/888
f 1614/19/886 1612/22/889 1613/20/890
f 1617/24/891 1615/25/891 1616/26/891
f 1620/27/892 1618/25/893 1619/24/892
f 1623/24/894 1621/26/894 1622/28/894
f 1626/29/894 1624/25/894 1625/27/894
f 1629/29/895 1627/30/895 1628/25/895
f 1632/31/896 1630/30/896 1631/29/896
f 1635/1/897 1633/2/897 1634/3/897
f 1638/1/898 1636/3/898 1637/4/898
f 1641/5/899 1639/1/900 1640/4/900
f 1644/5/901 1642/4/900 1643/6/899
f 1647/7/902 1645/8/903 1646/5/904
f 1650/7/905 1648/5/906 1649/6/907
f 1653/7/905 1651/9/908 1652/10/909
f 1656/7/910 1654/10/911 1655/8/903
f 1659/9/912 1657/11/913 1658/12/914
f 1662/9/912 1660/12/914 1661/10/915
f 1665/16/916 1663/3/917 1664/2/917
f 1668/16/916 1666/2/918 1667/17/916
f 1671/18/919 1669/19/920 1670/20/921
f 1674/18/919 1672/20/922 1673/21/923
f 1677/11/924 1675/22/925 1676/23/926
f 1680/11/924 1678/23/927 1679/12/928
f 1683/19/929 1681/23/930 1682/22/931
f 1686/19/929 1684/22/932 1685/20/933
f 1689/24/934 1687/40/934 1688/41/934
f 1692/27/935 1690/40/935 1691/24/935
f 1695/24/935 1693/41/935 1694/28/935
f 1698/29/936 1696/40/936 1697/27/936
f 1701/29/937 1699/42/938 1700/40/938
f 1704/31/939 1702/42/935 1703/29/939
f 1707/43/940 1705/44/940 1706/45/940
f 1710/43/941 1708/45/941 1709/46/940
f 1713/47/942 1711/44/943 1712/48/944
f 1716/47/943 1714/48/945 1715/49/945
f 1719/50/946 1717/48/946 1718/44/947
f 1722/50/947 1720/44/947 1721/43/947
f 1725/50/948 1723/43/948 1724/51/948
f 1728/50/949 1726/51/949 1727/52/949
f 1731/53/950 1729/54/951 1730/55/951
f 1734/53/951 1732/55/951 1733/56/952
f 1737/57/953 1735/58/954 1736/59/954
f 1740/57/955 1738/59/956 1739/60/957
f 1743/59/958 1741/58/959 1742/61/958
f 1746/62/935 1744/63/935 1745/64/935
f 1749/65/960 1747/57/961 1748/60/962
f 1752/65/963 1750/60/964 1751/66/965
f 1755/67/966 1753/68/967 1754/54/968
f 1758/67/969 1756/54/970 1757/53/971
f 1761/69/972 1759/70/973 1760/65/974
f 1764/69/972 1762/65/974 1763/66/975
f 1767/69/976 1765/68/977 1766/67/978
f 1770/69/979 1768/67/980 1769/70/981
f 1773/63/982 1771/71/983 1772/72/982
f 1776/63/984 1774/72/984 1775/73/984
f 1779/74/939 1777/62/985 1778/75/939
f 1782/62/986 1780/71/986 1781/63/986
f 1785/76/987 1783/77/988 1784/74/989
f 1788/62/990 1786/74/989 1787/77/991
f 1791/62/988 1789/77/992 1790/71/992
f 1794/1/993 1792/2/993 1793/3/993
f 1797/1/994 1795/3/995 1796/4/995
f 1800/5/996 1798/1/997 1799/4/998
f 1803/5/996 1801/4/997 1802/6/999
f 1806/7/1000 1804/8/1001 1805/5/1002
f 1809/7/1003 1807/5/1004 1808/6/1005
f 1812/7/1003 1810/9/1006 1811/10/1007
f 1815/7/1008 1813/10/1007 1814/8/1009
f 1818/9/1010 1816/11/1011 1817/12/1012
f 1821/9/1010 1819/12/1012 1820/10/1013
f 1824/16/1014 1822/3/1015 1823/2/1015
f 1827/16/1016 1825/2/1017 1826/17/1016
f 1830/18/1018 1828/19/1019 1829/20/1020
f 1833/18/1018 1831/20/1020 1832/21/1021
f 1836/11/1022 1834/22/1023 1835/23/1024
f 1839/11/1022 1837/23/1025 1838/12/1026
f 1842/19/1027 1840/23/1028 1841/22/1029
f 1845/19/1030 1843/22/1029 1844/20/1031
f 1848/78/1032 1846/79/1032 1847/80/935
f 1851/81/1033 1849/79/1033 1850/78/1033
f 1854/78/985 1852/80/985 1853/82/985
f 1857/83/1034 1855/79/1034 1856/81/1034
f 1860/83/1035 1858/84/1035 1859/79/1035
f 1863/85/939 1861/84/939 1862/83/939
f 1866/91/1036 1864/92/1037 1865/93/1038
f 1869/91/1039 1867/93/1040 1868/94/1041
f 1872/95/1042 1870/96/1043 1871/97/1044
f 1875/95/1042 1873/97/1045 1874/98/1046
f 1878/94/1047 1876/96/1048 1877/95/1047
f 1881/94/1048 1879/95/1048 1880/91/1048
f 1884/1/1049 1882/2/1050 1883/3/1051
f 1887/1/1052 1885/3/1053 1886/4/1052
f 1890/5/1054 1888/1/1055 1889/4/1054
f 1893/5/1054 1891/4/1054 1892/6/1054
f 1896/7/1056 1894/8/1057 1895/5/1058
f 1899/7/1059 1897/5/1058 1898/6/1060
f 1902/7/1061 1900/9/1062 1901/10/1063
f 1905/7/1061 1903/10/1064 1904/8/1065
f 1908/9/1066 1906/11/1067 1907/12/1068
f 1911/9/1066 1909/12/1069 1910/10/1070
f 1914/13/1071 1912/14/1071 1913/15/1072
f 1917/16/1073 1915/3/1073 1916/2/1073
f 1920/16/1074 1918/2/1074 1919/17/1074
f 1923/18/1075 1921/19/1076 1922/20/1077
f 1926/18/1075 1924/20/1077 1925/21/1078
f 1929/11/1079 1927/22/1080 1928/23/1081
f 1932/11/1082 1930/23/1083 1931/12/1084
f 1935/19/1085 1933/23/1086 1934/22/1087
f 1938/19/1085 1936/22/1087 1937/20/1088
f 1941/24/1089 1939/25/1090 1940/26/1089
f 1944/27/1089 1942/25/1089 1943/24/1089
f 1947/24/1091 1945/26/1091 1946/28/1091
f 1950/29/1091 1948/25/1091 1949/27/1091
f 1953/29/1091 1951/30/1091 1952/25/1091
f 1956/31/1089 1954/30/1089 1955/29/1089
f 1959/15/1072 1957/14/1072 1958/32/1072
f 1962/32/1092 1960/14/1092 1961/33/1092
f 1965/34/1093 1963/35/1093 1964/36/1093
f 1968/37/1094 1966/38/1094 1967/35/1094
f 1971/37/1095 1969/39/1095 1970/38/1095
f 1974/32/1096 1972/39/1096 1973/37/1096
f 1977/32/1071 1975/33/1071 1976/39/1071
f 1980/37/1097 1978/35/1097 1979/34/1097
f 1983/1/1098 1981/2/1099 1982/3/1099
f 1986/1/1100 1984/3/1101 1985/4/1099
f 1989/5/1102 1987/1/1103 1988/4/1103
f 1992/5/1104 1990/4/1105 1991/6/1104
f 1995/7/1106 1993/8/1107 1994/5/1108
f 1998/7/1109 1996/5/1108 1997/6/1110
f 2001/7/1111 1999/9/1112 2000/10/1113
f 2004/7/1106 2002/10/1113 2003/8/1114
f 2007/9/1115 2005/11/1116 2006/12/1117
f 2010/9/1115 2008/12/1118 2009/10/1119
f 2013/16/1120 2011/3/1121 2012/2/1121
f 2016/16/1122 2014/2/1123 2015/17/1124
f 2019/18/1125 2017/19/1126 2018/20/1127
f 2022/18/1125 2020/20/1127 2021/21/1128
f 2025/11/1129 2023/22/1130 2024/23/1131
f 2028/11/1129 2026/23/1131 2027/12/1132
f 2031/19/1133 2029/23/1134 2030/22/1135
f 2034/19/1133 2032/22/1135 2033/20/1136
f 2037/24/96 2035/40/96 2036/41/96
f 2040/27/96 2038/40/96 2039/24/96
f 2043/24/306 2041/41/306 2042/28/306
f 2046/29/1137 2044/40/1137 2045/27/1137
f 2049/29/1138 2047/42/1138 2048/40/1138
f 2052/31/1139 2050/42/1139 2051/29/1139
f 2055/43/1140 2053/44/1140 2054/45/1140
f 2058/43/1140 2056/45/1141 2057/46/1140
f 2061/47/1142 2059/44/1143 2060/48/1143
f 2064/47/1144 2062/48/1144 2063/49/1144
f 2067/50/751 2065/48/784 2066/44/784
f 2070/50/1145 2068/44/1145 2069/43/1145
f 2073/50/1146 2071/43/1146 2072/51/1146
f 2076/50/1147 2074/51/1147 2075/52/1147
f 2079/53/1148 2077/54/1149 2078/55/1149
f 2082/53/1150 2080/55/1150 2081/56/1150
f 2085/57/1151 2083/58/1152 2084/59/1152
f 2088/57/1153 2086/59/1154 2087/60/1155
f 2091/59/1156 2089/58/1156 2090/61/1156
f 2094/62/1157 2092/63/1157 2093/64/1157
f 2097/65/1158 2095/57/1159 2096/60/1160
f 2100/65/1158 2098/60/1161 2099/66/1162
f 2103/67/1163 2101/68/1164 2102/54/1165
f 2106/67/1166 2104/54/1167 2105/53/1168
f 2109/69/1169 2107/70/1170 2108/65/1171
f 2112/69/1169 2110/65/1172 2111/66/1173
f 2115/69/1174 2113/68/1175 2114/67/1176
f 2118/69/1174 2116/67/1177 2117/70/1178
f 2121/63/1179 2119/71/1180 2120/72/1180
f 2124/63/1181 2122/72/1182 2123/73/1181
f 2127/74/122 2125/62/122 2126/75/122
f 2130/62/1183 2128/71/1183 2129/63/1183
f 2133/76/1184 2131/77/152 2132/74/152
f 2136/62/741 2134/74/741 2135/77/741
f 2139/62/741 2137/77/741 2138/71/741
f 2142/1/1185 2140/2/1185 2141/3/1186
f 2145/1/1187 2143/3/1188 2144/4/1188
f 2148/5/1189 2146/1/1190 2147/4/1190
f 2151/5/1189 2149/4/1191 2150/6/1189
f 2154/7/1192 2152/8/1193 2153/5/1194
f 2157/7/1192 2155/5/1195 2156/6/1196
f 2160/7/1197 2158/9/1198 2159/10/1199
f 2163/7/1200 2161/10/1201 2162/8/1193
f 2166/9/1202 2164/11/1203 2165/12/1204
f 2169/9/1202 2167/12/1205 2168/10/1206
f 2172/16/1207 2170/3/1208 2171/2/1208
f 2175/16/1209 2173/2/1210 2174/17/1210
f 2178/18/1211 2176/19/1212 2177/20/1213
f 2181/18/1211 2179/20/1213 2180/21/1214
f 2184/11/1215 2182/22/1216 2183/23/1217
f 2187/11/1215 2185/23/1217 2186/12/1218
f 2190/19/1219 2188/23/1220 2189/22/1221
f 2193/19/1212 2191/22/1221 2192/20/1222
f 2196/78/96 2194/79/96 2195/80/96
f 2199/81/122 2197/79/122 2198/78/122
f 2202/78/1223 2200/80/1223 2201/82/1224
f 2205/83/96 2203/79/96 2204/81/96
f 2208/83/1225 2206/84/1225 2207/79/1225
f 2211/85/1139 2209/84/1139 2210/83/1139
f 2214/87/1226 2212/88/1226 2213/89/1226
f 2217/87/1227 2215/89/1228 2216/90/1227
f 2220/91/1229 2218/92/1230 2219/93/1231
f 2223/91/1229 2221/93/1231 2222/94/1232
f 2226/95/1233 2224/96/1234 2225/97/1235
f 2229/95/1233 2227/97/1236 2228/98/1237
f 2232/94/1238 2230/96/1238 2231/95/1238
f 2235/94/1239 2233/95/1238 2234/91/1238
f 2238/1/1240 2236/2/1240 2237/3/1241
f 2241/1/1242 2239/3/1243 2240/4/1243
f 2244/5/1244 2242/1/1245 2243/4/1245
f 2247/5/1246 2245/4/1247 2246/6/1246
f 2250/7/1248 2248/8/1249 2249/5/1250
f 2253/7/1251 2251/5/1250 2252/6/1252
f 2256/7/1251 2254/9/1253 2255/10/1254
f 2259/7/1255 2257/10/1254 2258/8/1249
f 2262/9/1256 2260/11/1257 2261/12/1258
f 2265/9/1256 2263/12/1258 2264/10/1259
f 2268/16/1260 2266/3/1261 2267/2/1261
f 2271/16/1262 2269/2/1263 2270/17/1260
f 2274/18/1264 2272/19/1265 2273/20/1266
f 2277/18/1264 2275/20/1266 2276/21/1267
f 2280/11/1268 2278/22/1269 2279/23/1270
f 2283/11/1268 2281/23/1271 2282/12/1272
f 2286/19/1273 2284/23/1274 2285/22/1275
f 2289/19/1273 2287/22/1275 2288/20/1276
f 2292/24/193 2290/40/193 2291/41/193
f 2295/27/96 2293/40/96 2294/24/96
f 2298/24/350 2296/41/350 2297/28/350
f 2301/29/96 2299/40/96 2300/27/96
f 2304/29/1277 2302/42/1277 2303/40/1277
f 2307/31/1157 2305/42/1157 2306/29/1157
f 2310/43/1278 2308/44/1278 2309/45/1278
f 2313/43/1279 2311/45/1280 2312/46/1280
f 2316/47/1281 2314/44/1282 2315/48/1282
f 2319/47/1283 2317/48/1282 2318/49/1283
f 2322/50/784 2320/48/784 2321/44/784
f 2325/50/784 2323/44/784 2324/43/784
f 2328/50/1284 2326/43/1285 2327/51/1284
f 2331/50/1284 2329/51/1284 2330/52/1284
f 2334/53/1286 2332/54/1286 2333/55/1286
f 2337/53/1287 2335/55/1286 2336/56/1286
f 2340/57/1288 2338/58/1289 2339/59/1289
f 2343/57/1290 2341/59/1291 2342/60/1292
f 2346/59/1293 2344/58/1293 2345/61/1293
f 2349/62/1157 2347/63/1157 2348/64/1157
f 2352/65/1294 2350/57/1295 2351/60/1296
f 2355/65/1297 2353/60/1298 2354/66/1299
f 2358/67/1300 2356/68/1301 2357/54/1302
f 2361/67/1303 2359/54/1302 2360/53/1304
f 2364/69/1305 2362/70/1306 2363/65/1307
f 2367/69/1305 2365/65/1307 2366/66/1308
f 2370/69/1309 2368/68/1310 2369/67/1311
f 2373/69/1312 2371/67/1313 2372/70/1314
f 2376/63/1315 2374/71/1316 2375/72/1317
f 2379/63/1318 2377/72/1317 2378/73/1318
f 2382/74/122 2380/62/122 2381/75/122
f 2385/62/741 2383/71/741 2384/63/741
f 2388/76/1319 2386/77/741 2387/74/741
f 2391/62/152 2389/74/152 2390/77/741
f 2394/62/741 2392/77/741 2393/71/741
f 2397/1/1320 2395/2/1320 2396/3/1320
f 2400/1/1321 2398/3/1321 2399/4/1322
f 2403/5/1323 2401/1/1324 2402/4/1324
f 2406/5/1325 2404/4/1324 2405/6/1323
f 2409/7/1326 2407/8/1327 2408/5/1328
f 2412/7/1326 2410/5/1328 2411/6/1329
f 2415/7/1326 2413/9/1330 2414/10/1331
f 2418/7/1332 2416/10/1333 2417/8/1327
f 2421/9/1334 2419/11/1335 2420/12/1336
f 2424/9/1334 2422/12/1337 2423/10/1338
f 2427/16/1339 2425/3/1339 2426/2/1339
f 2430/16/1339 2428/2/1339 2429/17/1339
f 2433/18/1340 2431/19/1341 2432/20/1342
f 2436/18/1343 2434/20/1342 2435/21/1344
f 2439/11/1345 2437/22/1346 2438/23/1347
f 2442/11/1345 2440/23/1348 2441/12/1349
f 2445/19/1350 2443/23/1351 2444/22/1352
f 2448/19/1353 2446/22/1354 2447/20/1355
f 2451/78/96 2449/79/96 2450/80/96
f 2454/81/96 2452/79/96 2453/78/96
f 2457/78/96 2455/80/96 2456/82/96
f 2460/83/96 2458/79/96 2459/81/96
f 2463/83/1356 2461/84/1356 2462/79/1356
f 2466/85/1157 2464/84/1157 2465/83/1157
f 2469/1/1357 2467/2/1358 2468/3/1358
f 2472/1/1359 2470/3/1360 2471/4/1359
f 2475/5/1361 2473/1/1361 2474/4/1361
f 2478/5/1361 2476/4/1361 2477/6/1361
f 2481/7/1362 2479/8/1363 2480/5/1364
f 2484/7/1365 2482/5/1364 2483/6/1366
f 2487/7/1362 2485/9/1367 2486/10/1368
f 2490/7/1369 2488/10/1370 2489/8/1371
f 2493/9/1372 2491/11/1373 2492/12/1374
f 2496/9/1372 2494/12/1374 2495/10/1375
f 2499/13/1376 2497/14/1376 2498/15/1376
f 2502/16/1377 2500/3/1377 2501/2/1377
f 2505/16/1377 2503/2/1377 2504/17/1377
f 2508/18/1378 2506/19/1379 2507/20/1380
f 2511/18/1378 2509/20/1381 2510/21/1382
f 2514/11/1383 2512/22/1384 2513/23/1385
f 2517/11/1386 2515/23/1385 2516/12/1387
f 2520/19/1388 2518/23/1389 2519/22/1390
f 2523/19/1391 2521/22/1390 2522/20/1392
f 2526/24/1393 2524/25/1393 2525/26/1393
f 2529/27/1394 2527/25/1394 2528/24/1394
f 2532/24/1394 2530/26/1395 2531/28/1394
f 2535/29/1394 2533/25/1394 2534/27/1394
f 2538/29/1395 2536/30/1395 2537/25/1395
f 2541/31/1396 2539/30/1396 2540/29/1396
f 2544/15/1397 2542/14/1398 2543/32/1398
f 2547/32/1399 2545/14/1399 2546/33/1399
f 2550/34/1400 2548/35/1400 2549/36/1400
f 2553/37/1401 2551/38/1402 2552/35/1402
f 2556/37/1403 2554/39/1403 2555/38/1403
f 2559/32/1404 2557/39/1404 2558/37/1404
f 2562/32/1399 2560/33/1399 2561/39/1399
f 2565/37/1405 2563/35/1406 2564/34/1405
f 2568/1/1407 2566/2/1407 2567/3/1240
f 2571/1/1407 2569/3/1240 2570/4/1240
f 2574/5/1244 2572/1/1408 2573/4/1409
f 2577/5/1410 2575/4/1247 2576/6/1410
f 2580/7/1248 2578/8/1249 2579/5/1250
f 2583/7/1251 2581/5/1411 2582/6/1252
f 2586/7/1251 2584/9/1412 2585/10/1413
f 2589/7/1255 2587/10/1254 2588/8/1414
f 2592/9/1256 2590/11/1257 2591/12/1258
f 2595/9/1415 2593/12/1258 2594/10/1416
f 2598/16/1417 2596/3/1263 2597/2/1263
f 2601/16/1262 2599/2/1418 2600/17/1262
f 2604/18/1264 2602/19/1265 2603/20/1266
f 2607/18/1264 2605/20/1266 2606/21/1419
f 2610/11/1268 2608/22/1269 2609/23/1271
f 2613/11/1420 2611/23/1271 2612/12/1272
f 2616/19/1273 2614/23/1274 2615/22/1275
f 2619/19/1421 2617/22/1275 2618/20/1276
f 2622/24/1422 2620/40/1422 2621/41/1422
f 2625/27/1139 2623/40/1139 2624/24/1139
f 2628/24/1423 2626/41/1423 2627/28/1423
f 2631/29/96 2629/40/393 2630/27/96
f 2634/29/1424 2632/42/1424 2633/40/1424
f 2637/31/1157 2635/42/1157 2636/29/1157
f 2640/43/1278 2638/44/1278 2639/45/1278
f 2643/43/1425 2641/45/1425 2642/46/1425
f 2646/47/1282 2644/44/1282 2645/48/1426
f 2649/47/1282 2647/48/1282 2648/49/1426
f 2652/50/751 2650/48/751 2651/44/751
f 2655/50/1427 2653/44/751 2654/43/1427
f 2658/50/1285 2656/43/1285 2657/51/1285
f 2661/50/1428 2659/51/1429 2660/52/1428
f 2664/53/1430 2662/54/1430 2663/55/1286
f 2667/53/1431 2665/55/1431 2666/56/1431
f 2670/57/1290 2668/58/1432 2669/59/1289
f 2673/57/1433 2671/59/1291 2672/60/1434
f 2676/59/1435 2674/58/1435 2675/61/1435
f 2679/62/1157 2677/63/1157 2678/64/1157
f 2682/65/1294 2680/57/1436 2681/60/1296
f 2685/65/1297 2683/60/1298 2684/66/1437
f 2688/67/1300 2686/68/1301 2687/54/1302
f 2691/67/1303 2689/54/1302 2690/53/1438
f 2694/69/1305 2692/70/1439 2693/65/1307
f 2697/69/1305 2695/65/1307 2696/66/1440
f 2700/69/1309 2698/68/1310 2699/67/1441
f 2703/69/1442 2701/67/1443 2702/70/1444
f 2706/63/1339 2704/71/1316 2705/72/1317
f 2709/63/1445 2707/72/1317 2708/73/1445
f 2712/74/122 2710/62/122 2711/75/122
f 2715/62/1446 2713/71/1446 2714/63/1446
f 2718/76/1447 2716/77/152 2717/74/152
f 2721/62/152 2719/74/1183 2720/77/152
f 2724/62/152 2722/77/741 2723/71/741
f 2727/1/1320 2725/2/1448 2726/3/1448
f 2730/1/1449 2728/3/1449 2729/4/1449
f 2733/5/1323 2731/1/1450 2732/4/1450
f 2736/5/1325 2734/4/1324 2735/6/1325
f 2739/7/1326 2737/8/1327 2738/5/1328
f 2742/7/1332 2740/5/1328 2741/6/1451
f 2745/7/1452 2743/9/1330 2744/10/1331
f 2748/7/1332 2746/10/1453 2747/8/1327
f 2751/9/1454 2749/11/1335 2750/12/1337
f 2754/9/1334 2752/12/1337 2753/10/1338
f 2757/16/1339 2755/3/1339 2756/2/1339
f 2760/16/1455 2758/2/1455 2759/17/1456
f 2763/18/1340 2761/19/1341 2762/20/1342
f 2766/18/1340 2764/20/1342 2765/21/1457
f 2769/11/1345 2767/22/1346 2768/23/1347
f 2772/11/1345 2770/23/1348 2771/12/1349
f 2775/19/1341 2773/23/1458 2774/22/1352
f 2778/19/1353 2776/22/1459 2777/20/1460
f 2781/78/708 2779/79/708 2780/80/708
f 2784/81/708 2782/79/708 2783/78/708
f 2787/78/1224 2785/80/306 2786/82/306
f 2790/83/96 2788/79/96 2789/81/96
f 2793/83/1461 2791/84/1462 2792/79/1461
f 2796/85/1157 2794/84/1157 2795/83/1157
f 2799/1/1463 2797/2/1464 2798/3/1464
f 2802/1/1465 2800/3/1466 2801/4/1463
f 2805/5/1467 2803/1/1467 2804/4/1467
f 2808/5/1468 2806/4/1468 2807/6/1468
f 2811/7/1469 2809/8/1470 2810/5/1471
f 2814/7/1472 2812/5/1471 2813/6/1473
f 2817/7/1474 2815/9/1475 2816/10/1476
f 2820/7/1477 2818/10/1478 2819/8/1479
f 2823/9/1480 2821/11/1481 2822/12/1482
f 2826/9/1480 2824/12/1482 2825/10/1483
f 2829/13/1484 2827/14/1485 2828/15/1484
f 2832/16/1486 2830/3/1486 2831/2/1486
f 2835/16/1487 2833/2/1487 2834/17/1487
f 2838/18/1488 2836/19/1489 2837/20/1490
f 2841/18/1488 2839/20/1491 2840/21/1492
f 2844/11/1493 2842/22/1494 2843/23/1495
f 2847/11/1496 2845/23/1497 2846/12/1498
f 2850/19/1499 2848/23/1500 2849/22/1501
f 2853/19/1502 2851/22/1503 2852/20/1504
f 2856/24/1505 2854/25/1505 2855/26/1505
f 2859/27/1505 2857/25/1505 2858/24/1505
f 2862/24/1505 2860/26/1505 2861/28/1505
f 2865/29/1505 2863/25/1505 2864/27/1505
f 2868/29/1505 2866/30/1505 2867/25/1505
f 2871/31/1505 2869/30/1505 2870/29/1506
f 2874/15/1485 2872/14/1485 2873/32/1485
f 2877/32/1507 2875/14/1507 2876/33/1507
f 2880/34/1508 2878/35/1508 2879/36/1508
f 2883/37/1509 2881/38/1509 2882/35/1509
f 2886/37/1510 2884/39/1510 2885/38/1510
f 2889/32/1511 2887/39/1511 2888/37/1511
f 2892/32/1512 2890/33/1512 2891/39/1512
f 2895/37/1513 2893/35/1513 2894/34/1514
f 2898/1/1515 2896/2/1516 2897/3/1515
f 2901/1/1516 2899/3/1516 2900/4/1516
f 2904/5/1517 2902/1/1518 2903/4/1519
f 2907/5/1520 2905/4/1519 2906/6/1521
f 2910/7/1522 2908/8/1523 2909/5/1524
f 2913/7/1525 2911/5/1526 2912/6/1527
f 2916/7/1528 2914/9/1529 2915/10/1530
f 2919/7/1531 2917/10/1530 2918/8/1532
f 2922/9/1533 2920/11/1534 2921/12/1535
f 2925/9/1533 2923/12/1536 2924/10/1537
f 2928/16/1538 2926/3/1539 2927/2/1540
f 2931/16/1541 2929/2/1542 2930/17/1543
f 2934/18/1544 2932/19/1545 2933/20/1546
f 2937/18/1544 2935/20/1546 2936/21/1547
f 2940/11/1548 2938/22/1549 2939/23/1550
f 2943/11/1551 2941/23/1550 2942/12/1552
f 2946/19/1553 2944/23/1554 2945/22/1555
f 2949/19/1545 2947/22/1555 2948/20/1556
f 2952/24/1557 2950/40/1557 2951/41/1557
f 2955/27/101 2953/40/101 2954/24/101
f 2958/24/306 2956/41/306 2957/28/306
f 2961/29/1558 2959/40/1559 2960/27/1558
f 2964/29/1560 2962/42/1560 2963/40/1560
f 2967/31/1139 2965/42/1139 2966/29/1139
f 2970/43/1561 2968/44/1562 2969/45/1563
f 2973/43/1564 2971/45/1564 2972/46/1564
f 2976/47/1565 2974/44/1565 2975/48/1565
f 2979/47/1566 2977/48/1567 2978/49/1567
f 2982/50/784 2980/48/784 2981/44/784
f 2985/50/1568 2983/44/1568 2984/43/1568
f 2988/50/1569 2986/43/1569 2987/51/1569
f 2991/50/1570 2989/51/1570 2990/52/1570
f 2994/53/1571 2992/54/1571 2993/55/1571
f 2997/53/1572 2995/55/1573 2996/56/1572
f 3000/57/1574 2998/58/1575 2999/59/1575
f 3003/57/1576 3001/59/1575 3002/60/1577
f 3006/59/1578 3004/58/1579 3005/61/1580
f 3009/62/1157 3007/63/1157 3008/64/1157
f 3012/65/1581 3010/57/1582 3011/60/1583
f 3015/65/1584 3013/60/1585 3014/66/1586
f 3018/67/1587 3016/68/1588 3017/54/1589
f 3021/67/1590 3019/54/1589 3020/53/1591
f 3024/69/1592 3022/70/1593 3023/65/1594
f 3027/69/1592 3025/65/1594 3026/66/1595
f 3030/69/1596 3028/68/1597 3029/67/1598
f 3033/69/1599 3031/67/1600 3032/70/1601
f 3036/63/1602 3034/71/1603 3035/72/1603
f 3039/63/1604 3037/72/1605 3038/73/1604
f 3042/74/147 3040/62/147 3041/75/147
f 3045/62/1606 3043/71/1606 3044/63/1606
f 3048/76/1607 3046/77/152 3047/74/150
f 3051/62/152 3049/74/150 3050/77/152
f 3054/62/152 3052/77/152 3053/71/152
f 3057/1/1608 3055/2/1609 3056/3/1608
f 3060/1/1610 3058/3/1610 3059/4/1610
f 3063/5/1611 3061/1/1612 3062/4/1612
f 3066/5/1613 3064/4/1614 3065/6/1613
f 3069/7/1615 3067/8/1616 3068/5/1617
f 3072/7/1615 3070/5/1617 3071/6/1618
f 3075/7/1615 3073/9/1619 3074/10/1620
f 3078/7/1621 3076/10/1622 3077/8/1623
f 3081/9/1624 3079/11/1625 3080/12/1626
f 3084/9/1624 3082/12/1627 3083/10/1628
f 3087/16/1629 3085/3/1630 3086/2/1630
f 3090/16/1631 3088/2/1631 3089/17/1631
f 3093/18/1632 3091/19/1633 3092/20/1634
f 3096/18/1632 3094/20/1635 3095/21/1636
f 3099/11/1637 3097/22/1638 3098/23/1639
f 3102/11/1637 3100/23/1639 3101/12/1640
f 3105/19/1641 3103/23/1642 3104/22/1643
f 3108/19/1633 3106/22/1644 3107/20/1645
f 3111/78/96 3109/79/96 3110/80/96
f 3114/81/122 3112/79/122 3113/78/1139
f 3117/78/193 3115/80/193 3116/82/193
f 3120/83/1646 3118/79/1646 3119/81/1646
f 3123/83/1647 3121/84/1647 3122/79/1647
f 3126/85/1139 3124/84/1139 3125/83/1139
f 3129/87/1648 3127/88/1649 3128/89/1648
f 3132/87/1649 3130/89/1650 3131/90/1649
f 3135/91/1651 3133/92/1652 3134/93/1653
f 3138/91/1651 3136/93/1653 3137/94/1654
f 3141/95/1655 3139/96/1656 3140/97/1657
f 3144/95/1658 3142/97/1657 3143/98/1659
f 3147/94/1660 3145/96/1660 3146/95/1660
f 3150/94/1661 3148/95/1661 3149/91/1661
f 3153/1/1662 3151/2/1662 3152/3/1662
f 3156/1/1663 3154/3/1664 3155/4/1665
f 3159/5/1666 3157/1/1667 3158/4/1667
f 3162/5/1667 3160/4/1668 3161/6/1667
f 3165/7/1669 3163/8/1670 3164/5/1671
f 3168/7/1672 3166/5/1671 3167/6/1673
f 3171/7/1674 3169/9/1675 3170/10/1676
f 3174/7/1677 3172/10/1678 3173/8/1679
f 3177/9/1680 3175/11/1681 3176/12/1682
f 3180/9/1680 3178/12/1683 3179/10/1684
f 3183/13/1685 3181/14/1685 3182/15/1686
f 3186/16/1687 3184/3/1687 3185/2/1687
f 3189/16/1688 3187/2/1688 3188/17/1688
f 3192/18/1689 3190/19/1690 3191/20/1691
f 3195/18/1692 3193/20/1693 3194/21/1694
f 3198/11/1695 3196/22/1696 3197/23/1697
f 3201/11/1698 3199/23/1697 3200/12/1699
f 3204/19/1700 3202/23/1701 3203/22/1702
f 3207/19/1700 3205/22/1703 3206/20/1704
f 3210/24/1705 3208/25/1706 3209/26/1706
f 3213/27/1707 3211/25/1707 3212/24/1707
f 3216/24/1707 3214/26/1707 3215/28/1707
f 3219/29/1707 3217/25/1707 3218/27/1707
f 3222/29/1708 3220/30/1707 3221/25/1707
f 3225/31/1708 3223/30/1708 3224/29/1708
f 3228/1/1709 3226/2/1709 3227/3/1709
f 3231/1/1709 3229/3/1710 3230/4/1710
f 3234/5/1711 3232/1/1712 3233/4/1712
f 3237/5/1713 3235/4/1714 3236/6/1711
f 3240/7/1715 3238/8/1716 3239/5/1717
f 3243/7/1715 3241/5/1717 3242/6/1718
f 3246/7/1719 3244/9/1720 3245/10/1721
f 3249/7/1722 3247/10/1721 3248/8/1723
f 3252/9/1724 3250/11/1725 3251/12/1726
f 3255/9/1727 3253/12/1726 3254/10/1728
f 3258/16/1729 3256/3/1730 3257/2/1730
f 3261/16/1729 3259/2/1731 3260/17/1729
f 3264/18/1732 3262/19/1733 3263/20/1734
f 3267/18/1735 3265/20/1736 3266/21/1737
f 3270/11/1738 3268/22/1739 3269/23/1740
f 3273/11/1738 3271/23/1740 3272/12/1741
f 3276/19/1742 3274/23/1743 3275/22/1744
f 3279/19/1745 3277/22/1746 3278/20/1747
f 3282/24/1748 3280/40/1749 3281/41/1748
f 3285/27/1749 3283/40/1749 3284/24/1749
f 3288/24/1749 3286/41/1749 3287/28/1750
f 3291/29/1751 3289/40/1751 3290/27/1751
f 3294/29/1752 3292/42/1752 3293/40/1752
f 3297/31/1753 3295/42/1753 3296/29/1753
f 3300/43/1754 3298/44/1754 3299/45/1754
f 3303/43/1755 3301/45/1755 3302/46/1755
f 3306/47/1756 3304/44/1756 3305/48/1757
f 3309/47/1758 3307/48/1759 3308/49/1759
f 3312/50/1760 3310/48/1760 3311/44/1761
f 3315/50/1761 3313/44/1761 3314/43/1761
f 3318/50/1762 3316/43/1763 3317/51/1763
f 3321/50/1764 3319/51/1765 3320/52/1764
f 3324/53/1766 3322/54/1766 3323/55/1766
f 3327/53/1767 3325/55/1767 3326/56/1768
f 3330/57/1769 3328/58/1770 3329/59/1771
f 3333/57/1772 3331/59/1771 3332/60/1773
f 3336/59/1774 3334/58/1774 3335/61/1774
f 3339/62/1775 3337/63/1775 3338/64/1775
f 3342/65/1776 3340/57/1777 3341/60/1778
f 3345/65/1779 3343/60/1780 3344/66/1781
f 3348/67/1782 3346/68/1783 3347/54/1784
f 3351/67/1785 3349/54/1784 3350/53/1786
f 3354/69/1787 3352/70/1788 3353/65/1789
f 3357/69/1787 3355/65/1789 3356/66/1790
f 3360/69/1791 3358/68/1792 3359/67/1793
f 3363/69/1794 3361/67/1793 3362/70/1795
f 3366/63/1796 3364/71/1797 3365/72/1798
f 3369/63/1796 3367/72/1796 3368/73/1796
f 3372/74/1799 3370/62/1799 3371/75/1799
f 3375/62/1800 3373/71/1800 3374/63/1800
f 3378/76/1801 3376/77/1802 3377/74/1803
f 3381/62/1804 3379/74/1805 3380/77/1804
f 3384/62/1806 3382/77/1806 3383/71/1806
f 3387/1/1807 3385/2/1808 3386/3/1808
f 3390/1/1809 3388/3/1810 3389/4/1810
f 3393/5/1811 3391/1/1812 3392/4/1812
f 3396/5/1813 3394/4/1814 3395/6/1811
f 3399/7/1815 3397/8/1816 3398/5/1817
f 3402/7/1815 3400/5/1817 3401/6/1818
f 3405/7/1815 3403/9/1819 3404/10/1820
f 3408/7/1821 3406/10/1820 3407/8/1822
f 3411/9/1823 3409/11/1824 3410/12/1825
f 3414/9/1826 3412/12/1825 3413/10/1827
f 3417/16/1828 3415/3/1829 3416/2/1829
f 3420/16/1830 3418/2/1829 3419/17/1830
f 3423/18/1831 3421/19/1832 3422/20/1833
f 3426/18/1831 3424/20/1833 3425/21/1834
f 3429/11/1835 3427/22/1836 3428/23/1837
f 3432/11/1835 3430/23/1837 3431/12/1838
f 3435/19/1839 3433/23/1840 3434/22/1841
f 3438/19/1842 3436/22/1841 3437/20/1843
f 3441/78/1844 3439/79/1845 3440/80/1846
f 3444/81/1845 3442/79/1845 3443/78/1845
f 3447/78/1847 3445/80/1799 3446/82/1847
f 3450/83/1848 3448/79/1849 3449/81/1849
f 3453/83/1850 3451/84/1850 3452/79/1850
f 3456/85/1851 3454/84/1851 3455/83/1851
f 3459/91/1852 3457/92/1853 3458/93/1854
f 3462/91/1852 3460/93/1854 3461/94/1855
f 3465/95/1856 3463/96/1857 3464/97/1858
f 3468/95/1856 3466/97/1859 3467/98/1860
f 3471/94/1861 3469/96/1861 3470/95/1862
f 3474/94/1863 3472/95/1863 3473/91/1863
f 3477/1/1864 3475/2/1865 3476/3/1865
f 3480/1/1866 3478/3/1867 3479/4/1866
f 3483/5/1868 3481/1/1869 3482/4/1869
f 3486/5/1870 3484/4/1871 3485/6/1871
f 3489/7/1872 3487/8/1873 3488/5/1874
f 3492/7/1872 3490/5/1874 3491/6/1875
f 3495/7/1876 3493/9/1877 3494/10/1878
f 3498/7/1879 3496/10/1880 3497/8/1881
f 3501/9/1882 3499/11/1883 3500/12/1884
f 3504/9/1885 3502/12/1884 3503/10/1886
f 3507/13/1887 3505/14/1888 3506/15/1888
f 3510/16/1889 3508/3/1889 3509/2/1889
f 3513/16/1889 3511/2/1889 3512/17/1889
f 3516/18/1890 3514/19/1891 3515/20/1892
f 3519/18/1890 3517/20/1893 3518/21/1894
f 3522/11/1895 3520/22/1896 3521/23/1897
f 3525/11/1895 3523/23/1897 3524/12/1898
f 3528/19/1891 3526/23/1899 3527/22/1900
f 3531/19/1891 3529/22/1900 3530/20/1901
f 3534/24/1902 3532/25/1903 3533/26/1903
f 3537/27/1904 3535/25/1904 3536/24/1904
f 3540/24/1903 3538/26/1903 3539/28/1903
f 3543/29/1903 3541/25/1903 3542/27/1903
f 3546/29/1905 3544/30/1905 3545/25/1905
f 3549/31/1904 3547/30/1905 3548/29/1905
f 3552/15/1887 3550/14/1887 3551/32/1887
f 3555/32/1887 3553/14/1887 3554/33/1887
f 3558/34/1906 3556/35/1906 3557/36/1906
f 3561/37/1907 3559/38/1907 3560/35/1908
f 3564/37/1909 3562/39/1909 3563/38/1909
f 3567/32/1910 3565/39/1910 3566/37/1910
f 3570/32/1911 3568/33/1911 3569/39/1887
f 3573/37/1912 3571/35/1913 3572/34/1912
f 3576/1/1914 3574/2/1915 3575/3/1916
f 3579/1/1917 3577/3/1914 3578/4/1917
f 3582/5/1918 3580/1/1919 3581/4/1919
f 3585/5/1918 3583/4/1919 3584/6/1918
f 3588/7/1920 3586/8/1921 3587/5/1922
f 3591/7/1923 3589/5/1922 3590/6/1924
f 3594/7/1925 3592/9/1926 3593/10/1927
f 3597/7/1920 3595/10/1927 3596/8/1921
f 3600/9/1928 3598/11/1929 3599/12/1930
f 3603/9/1931 3601/12/1930 3602/10/1932
f 3606/16/1933 3604/3/1934 3605/2/1934
f 3609/16/1935 3607/2/1936 3608/17/1935
f 3612/18/1937 3610/19/1938 3611/20/1939
f 3615/18/1937 3613/20/1940 3614/21/1941
f 3618/11/1942 3616/22/1943 3617/23/1944
f 3621/11/1942 3619/23/1944 3620/12/1945
f 3624/19/1946 3622/23/1947 3623/22/1948
f 3627/19/1938 3625/22/1949 3626/20/1950
f 3630/24/1951 3628/40/1951 3629/41/1951
f 3633/27/98 3631/40/98 3632/24/98
f 3636/24/1423 3634/41/1423 3635/28/1423
f 3639/29/122 3637/40/122 3638/27/122
f 3642/29/1952 3640/42/1953 3641/40/1952
f 3645/31/1157 3643/42/1157 3644/29/1157
f 3648/43/1954 3646/44/1954 3647/45/1954
f 3651/43/1955 3649/45/1956 3650/46/1955
f 3654/47/1957 3652/44/1957 3653/48/1957
f 3657/47/1958 3655/48/1958 3656/49/1958
f 3660/50/1427 3658/48/1427 3659/44/1427
f 3663/50/784 3661/44/784 3662/43/784
f 3666/50/1959 3664/43/1959 3665/51/1959
f 3669/50/1960 3667/51/1960 3668/52/1961
f 3672/53/1962 3670/54/1962 3671/55/1962
f 3675/53/1962 3673/55/1962 3674/56/1962
f 3678/57/1963 3676/58/1964 3677/59/1964
f 3681/57/1965 3679/59/1964 3680/60/1966
f 3684/59/1967 3682/58/1967 3683/61/1967
f 3687/62/306 3685/63/306 3686/64/306
f 3690/65/1968 3688/57/1969 3689/60/1970
f 3693/65/1971 3691/60/1972 3692/66/1973
f 3696/67/1974 3694/68/1975 3695/54/1976
f 3699/67/1977 3697/54/1978 3698/53/1979
f 3702/69/1980 3700/70/1981 3701/65/1982
f 3705/69/1980 3703/65/1982 3704/66/1983
f 3708/69/1984 3706/68/1985 3707/67/1986
f 3711/69/1987 3709/67/1988 3710/70/1989
f 3714/63/1990 3712/71/1991 3713/72/1991
f 3717/63/1992 3715/72/1991 3716/73/1992
f 3720/74/122 3718/62/122 3719/75/122
f 3723/62/1993 3721/71/1993 3722/63/1993
f 3726/76/1994 3724/77/152 3725/74/152
f 3729/62/1995 3727/74/152 3728/77/152
f 3732/62/1996 3730/77/1446 3731/71/1446
f 3735/1/1997 3733/2/1997 3734/3/1998
f 3738/1/1999 3736/3/1999 3737/4/2000
f 3741/5/2001 3739/1/2002 3740/4/2003
f 3744/5/2001 3742/4/2004 3743/6/2005
f 3747/7/2006 3745/8/2007 3746/5/2008
f 3750/7/2009 3748/5/2010 3749/6/2011
f 3753/7/2006 3751/9/2012 3752/10/2013
f 3756/7/2014 3754/10/2013 3755/8/2015
f 3759/9/2016 3757/11/2017 3758/12/2018
f 3762/9/2016 3760/12/2018 3761/10/2019
f 3765/16/2020 3763/3/2020 3764/2/2020
f 3768/16/2021 3766/2/2021 3767/17/2021
f 3771/18/2022 3769/19/2023 3770/20/2024
f 3774/18/2022 3772/20/2025 3773/21/2026
f 3777/11/2027 3775/22/2028 3776/23/2029
f 3780/11/2027 3778/23/2029 3779/12/2030
f 3783/19/2031 3781/23/2032 3782/22/2033
f 3786/19/2034 3784/22/2035 3785/20/2036
f 3789/78/193 3787/79/193 3788/80/193
f 3792/81/708 3790/79/708 3791/78/708
f 3795/78/306 3793/80/96 3794/82/96
f 3798/83/784 3796/79/784 3797/81/784
f 3801/83/2037 3799/84/2037 3800/79/2038
f 3804/85/1157 3802/84/1157 3803/83/1157
f 3807/87/2039 3805/88/2039 3806/89/2039
f 3810/87/2040 3808/89/2040 3809/90/2040
f 3813/91/2041 3811/92/2042 3812/93/2043
f 3816/91/2041 3814/93/2043 3815/94/2044
f 3819/95/2045 3817/96/2046 3818/97/2047
f 3822/95/2048 3820/97/2049 3821/98/2050
f 3825/94/2051 3823/96/2051 3824/95/2052
f 3828/94/2053 3826/95/2053 3827/91/2054
f 3831/1/2055 3829/2/2056 3830/3/2057
f 3834/1/2058 3832/3/2059 3833/4/2060
f 3837/5/2061 3835/1/2061 3836/4/2061
f 3840/5/2062 3838/4/2063 3839/6/2063
f 3843/7/2064 3841/8/2065 3842/5/2066
f 3846/7/2067 3844/5/2066 3845/6/2068
f 3849/7/2069 3847/9/2070 3848/10/2071
f 3852/7/2072 3850/10/2073 3851/8/2074
f 3855/9/2075 3853/11/2076 3854/12/2077
f 3858/9/2078 3856/12/2079 3857/10/2080
f 3861/13/2081 3859/14/2081 3860/15/2081
f 3864/16/2082 3862/3/2083 3863/2/2083
f 3867/16/2083 3865/2/2083 3866/17/2083
f 3870/18/2084 3868/19/2085 3869/20/2086
f 3873/18/2087 3871/20/2086 3872/21/2088
f 3876/11/2089 3874/22/2090 3875/23/2091
f 3879/11/2089 3877/23/2092 3878/12/2093
f 3882/19/2094 3880/23/2095 3881/22/2096
f 3885/19/2097 3883/22/2098 3884/20/2099
f 3888/24/2100 3886/25/2100 3887/26/2101
f 3891/27/2100 3889/25/2102 3890/24/2100
f 3894/24/2103 3892/26/2103 3893/28/2103
f 3897/29/2103 3895/25/2101 3896/27/2101
f 3900/29/2101 3898/30/2103 3899/25/2101
f 3903/31/2101 3901/30/2101 3902/29/2101
f 3906/15/2104 3904/14/2104 3905/32/2081
f 3909/32/2081 3907/14/2081 3908/33/2081
f 3912/34/2105 3910/35/2106 3911/36/2106
f 3915/37/2107 3913/38/2107 3914/35/2108
f 3918/37/2109 3916/39/2109 3917/38/2109
f 3921/32/2110 3919/39/2111 3920/37/2110
f 3924/32/2112 3922/33/2112 3923/39/2113
f 3927/37/2114 3925/35/2115 3926/34/2114
f 3930/1/2116 3928/2/2116 3929/3/2116
f 3933/1/2117 3931/3/2117 3932/4/2117
f 3936/5/2118 3934/1/2119 3935/4/2120
f 3939/5/2121 3937/4/2122 3938/6/2121
f 3942/7/2123 3940/8/2124 3941/5/2125
f 3945/7/2126 3943/5/2125 3944/6/2127
f 3948/7/2126 3946/9/2128 3947/10/2129
f 3951/7/2123 3949/10/2129 3950/8/2124
f 3954/9/2130 3952/11/2131 3953/12/2132
f 3957/9/2130 3955/12/2133 3956/10/2134
f 3960/16/2135 3958/3/2136 3959/2/2136
f 3963/16/2135 3961/2/2137 3962/17/2138
f 3966/18/2139 3964/19/2140 3965/20/2141
f 3969/18/2139 3967/20/2142 3968/21/2143
f 3972/11/2144 3970/22/2145 3971/23/2146
f 3975/11/2144 3973/23/2147 3974/12/2148
f 3978/19/2149 3976/23/2150 3977/22/2151
f 3981/19/2152 3979/22/2153 3980/20/2154
f 3984/24/2155 3982/40/2155 3983/41/2156
f 3987/27/2157 3985/40/2157 3986/24/2157
f 3990/24/2158 3988/41/2159 3989/28/2158
f 3993/29/2160 3991/40/2160 3992/27/2160
f 3996/29/2161 3994/42/2161 3995/40/2161
f 3999/31/2162 3997/42/2162 3998/29/2162
f 4002/43/2163 4000/44/2163 4001/45/2163
f 4005/43/2164 4003/45/2164 4004/46/2164
f 4008/47/2165 4006/44/2166 4007/48/2165
f 4011/47/2166 4009/48/2166 4010/49/2166
f 4014/50/2167 4012/48/2167 4013/44/2167
f 4017/50/2168 4015/44/2168 4016/43/2168
f 4020/50/2169 4018/43/2169 4019/51/2169
f 4023/50/2170 4021/51/2170 4022/52/2170
f 4026/53/2171 4024/54/2171 4025/55/2171
f 4029/53/2171 4027/55/2171 4028/56/2171
f 4032/57/2172 4030/58/2173 4031/59/2174
f 4035/57/2175 4033/59/2176 4034/60/2177
f 4038/59/2178 4036/58/2178 4037/61/2178
f 4041/62/2156 4039/63/2156 4040/64/2156
f 4044/65/2179 4042/57/2180 4043/60/2181
f 4047/65/2182 4045/60/2183 4046/66/2184
f 4050/67/2185 4048/68/2186 4049/54/2187
f 4053/67/2188 4051/54/2187 4052/53/2189
f 4056/69/2190 4054/70/2191 4055/65/2192
f 4059/69/2190 4057/65/2192 4058/66/2193
f 4062/69/2194 4060/68/2195 4061/67/2196
f 4065/69/2197 4063/67/2198 4064/70/2199
f 4068/63/2200 4066/71/2201 4067/72/2201
f 4071/63/2202 4069/72/2203 4070/73/2202
f 4074/74/2204 4072/62/2204 4073/75/2204
f 4077/62/2205 4075/71/2205 4076/63/2205
f 4080/76/2206 4078/77/2207 4079/74/2207
f 4083/62/2208 4081/74/2209 4082/77/2207
f 4086/62/2210 4084/77/2207 4085/71/2211
f 4089/1/2212 4087/2/2212 4088/3/2212
f 4092/1/2213 4090/3/2214 4091/4/2214
f 4095/5/2215 4093/1/2216 4094/4/2216
f 4098/5/2217 4096/4/2216 4097/6/2217
f 4101/7/2218 4099/8/2219 4100/5/2220
f 4104/7/2221 4102/5/2220 4103/6/2222
f 4107/7/2218 4105/9/2223 4106/10/2224
f 4110/7/2225 4108/10/2226 4109/8/2219
f 4113/9/2227 4111/11/2228 4112/12/2229
f 4116/9/2227 4114/12/2229 4115/10/2230
f 4119/16/2231 4117/3/2232 4118/2/2231
f 4122/16/2232 4120/2/2232 4121/17/2232
f 4125/18/2233 4123/19/2234 4124/20/2235
f 4128/18/2233 4126/20/2236 4127/21/2237
f 4131/11/2238 4129/22/2239 4130/23/2240
f 4134/11/2241 4132/23/2240 4133/12/2242
f 4137/19/2243 4135/23/2244 4136/22/2245
f 4140/19/2243 4138/22/2246 4139/20/2247
f 4143/78/2158 4141/79/2158 4142/80/2158
f 4146/81/2248 4144/79/2248 4145/78/2248
f 4149/78/2249 4147/80/2250 4148/82/2250
f 4152/83/2251 4150/79/2251 4151/81/2251
f 4155/83/2252 4153/84/2252 4154/79/2252
f 4158/85/2162 4156/84/2162 4157/83/2162
f 4161/87/2253 4159/88/2253 4160/89/2253
f 4164/87/2254 4162/89/2254 4163/90/2254
f 4167/91/2255 4165/92/2256 4166/93/2257
f 4170/91/2258 4168/93/2257 4169/94/2259
f 4173/95/2260 4171/96/2261 4172/97/2262
f 4176/95/2263 4174/97/2262 4175/98/2264
f 4179/94/2265 4177/96/2265 4178/95/2265
f 4182/94/2266 4180/95/2266 4181/91/2266
