# Blender 4.5.3 LTS
# www.blender.org
o w9a02_metal05
v -2.584928 5.930671 13.707438
v -2.604577 5.930671 13.718785
v -2.540979 5.930671 13.813542
v -2.562895 5.930671 13.819415
v -2.654841 5.930671 13.616328
v -2.670885 5.930671 13.632372
v -2.745953 5.930671 13.546416
v -2.757297 5.930671 13.566063
v -2.852055 5.930671 13.502464
v -2.857928 5.930671 13.524383
v -2.965918 5.930671 13.487475
v -2.965918 5.930671 13.510165
v -3.079779 5.930671 13.502464
v -3.073907 5.930671 13.524383
v -3.185882 5.930671 13.546414
v -3.174538 5.930671 13.566063
v -3.276994 5.930671 13.616328
v -3.260951 5.930671 13.632372
v -3.346907 5.930671 13.707438
v -3.327258 5.930671 13.718785
v -3.390857 5.930671 13.813542
v -3.368940 5.930671 13.819415
v -3.405847 5.930671 13.927405
v -3.383157 5.930671 13.927405
v -3.390857 5.930671 14.041267
v -3.368940 5.930671 14.035395
v -3.346907 5.930671 14.147369
v -3.327258 5.930671 14.136024
v -3.276994 5.930671 14.238480
v -3.260951 5.930671 14.222437
v -3.185882 5.930671 14.308395
v -3.174538 5.930671 14.288744
v -3.079780 5.930671 14.352343
v -3.073907 5.930671 14.330428
v -2.965918 5.930671 14.367332
v -2.965918 5.930671 14.344645
v -2.852055 5.930671 14.352343
v -2.857928 5.930671 14.330428
v -2.745953 5.930671 14.308395
v -2.757297 5.930671 14.288744
v -2.654840 5.930671 14.238480
v -2.670885 5.930671 14.222437
v -2.584928 5.930671 14.147369
v -2.604577 5.930671 14.136024
v -2.540979 5.930671 14.041267
v -2.562894 5.930671 14.035395
v -2.525988 5.930671 13.927405
v -2.548677 5.930671 13.927405
v -2.540979 5.930671 13.813542
v -2.562895 5.930671 13.819415
v -2.621520 6.059884 13.728566
v -2.672955 6.176448 13.758263
v -2.581791 6.059884 13.824478
v -2.639160 6.176448 13.839849
v -2.684718 6.059884 13.646205
v -2.726715 6.176448 13.688202
v -2.767079 6.059884 13.583007
v -2.796775 6.176448 13.634442
v -2.862991 6.059884 13.543279
v -2.878363 6.176448 13.600647
v -2.965918 6.059884 13.529729
v -2.965918 6.176448 13.589121
v -3.068844 6.059884 13.543279
v -3.053472 6.176448 13.600647
v -3.164756 6.059884 13.583007
v -3.135059 6.176448 13.634442
v -3.247117 6.059884 13.646205
v -3.205121 6.176448 13.688202
v -3.310316 6.059884 13.728566
v -3.258880 6.176448 13.758263
v -3.350044 6.059884 13.824478
v -3.292675 6.176448 13.839849
v -3.363594 6.059884 13.927405
v -3.304202 6.176448 13.927405
v -3.350044 6.059884 14.030332
v -3.292675 6.176448 14.014960
v -3.310316 6.059884 14.126244
v -3.258880 6.176448 14.096545
v -3.247117 6.059884 14.208603
v -3.205121 6.176448 14.166608
v -3.164756 6.059884 14.271802
v -3.135060 6.176448 14.220367
v -3.068844 6.059884 14.311530
v -3.053472 6.176448 14.254163
v -2.965918 6.059884 14.325080
v -2.965918 6.176448 14.265689
v -2.862991 6.059884 14.311530
v -2.878363 6.176448 14.254163
v -2.767079 6.059884 14.271802
v -2.796775 6.176448 14.220367
v -2.684718 6.059884 14.208603
v -2.726715 6.176448 14.166608
v -2.621520 6.059884 14.126244
v -2.672955 6.176448 14.096545
v -2.581791 6.059884 14.030332
v -2.639160 6.176448 14.014960
v -2.568241 6.059884 13.927405
v -2.627634 6.176448 13.927405
v -2.581791 6.059884 13.824478
v -2.639160 6.176448 13.839849
v -2.753068 6.268955 13.804517
v -2.728514 6.268955 13.863792
v -2.792126 6.268955 13.753613
v -2.843029 6.268955 13.714556
v -2.902306 6.268955 13.690001
v -2.965918 6.268955 13.681627
v -3.029530 6.268955 13.690001
v -3.088807 6.268955 13.714556
v -3.139709 6.268955 13.753613
v -3.178767 6.268955 13.804517
v -3.203321 6.268955 13.863792
v -3.211695 6.268955 13.927405
v -3.203321 6.268955 13.991017
v -3.178767 6.268955 14.050292
v -3.139709 6.268955 14.101195
v -3.088807 6.268955 14.140253
v -3.029530 6.268955 14.164807
v -2.965918 6.268955 14.173182
v -2.902306 6.268955 14.164807
v -2.843029 6.268955 14.140253
v -2.792126 6.268955 14.101195
v -2.753068 6.268955 14.050292
v -2.728514 6.268955 13.991017
v -2.720140 6.268955 13.927405
v -2.728514 6.268955 13.863792
v -2.854016 6.328348 13.862799
v -2.841107 6.328348 13.893961
v -2.874550 6.328348 13.836035
v -2.901311 6.328348 13.815500
v -2.932475 6.328348 13.802593
v -2.965918 6.328348 13.798191
v -2.999360 6.328348 13.802593
v -3.030524 6.328348 13.815500
v -3.057285 6.328348 13.836035
v -3.077820 6.328348 13.862797
v -3.090728 6.328348 13.893961
v -3.095131 6.328348 13.927404
v -3.090728 6.328348 13.960847
v -3.077820 6.328348 13.992011
v -3.057285 6.328348 14.018772
v -3.030524 6.328348 14.039306
v -2.999360 6.328348 14.052215
v -2.965918 6.328348 14.056616
v -2.932475 6.328348 14.052215
v -2.901311 6.328348 14.039306
v -2.874550 6.328348 14.018772
v -2.854016 6.328348 13.992011
v -2.841107 6.328348 13.960847
v -2.836704 6.328348 13.927404
v -2.841107 6.328348 13.893961
v -2.902735 6.343665 13.910473
v -2.909269 6.343665 13.894698
v -2.919664 6.343665 13.881151
v -2.933211 6.343665 13.870756
v -2.948988 6.343665 13.864219
v -2.965918 6.343665 13.861993
v -2.982847 6.343665 13.864219
v -2.998623 6.343665 13.870756
v -3.012171 6.343665 13.881151
v -3.022566 6.343665 13.894698
v -3.029100 6.343665 13.910473
v -3.031329 6.343665 13.927404
v -3.029100 6.343665 13.944334
v -3.022566 6.343665 13.960110
v -3.012171 6.343665 13.973657
v -2.998623 6.343665 13.984053
v -2.982848 6.343665 13.990587
v -2.965918 6.343665 13.992814
v -2.948988 6.343665 13.990587
v -2.933211 6.343665 13.984053
v -2.919664 6.343665 13.973657
v -2.909269 6.343665 13.960110
v -2.902735 6.343665 13.944334
v -2.900506 6.343665 13.927404
v -2.902735 6.343665 13.910473
v -2.965918 6.348813 13.927404
v -2.965918 6.348813 13.927404
v -2.965918 6.348813 13.927404
v -2.965918 6.348813 13.927404
v -2.965918 6.348813 13.927404
v -2.965918 6.348813 13.927404
v -2.965918 6.348813 13.927404
v -2.965918 6.348813 13.927404
v -2.965918 6.348813 13.927404
v -2.965918 6.348813 13.927404
v -2.965918 6.348813 13.927404
v -2.965918 6.348813 13.927404
v -2.965918 6.348813 13.927404
v -2.965918 6.348813 13.927404
v -2.965918 6.348813 13.927404
v -2.965918 6.348813 13.927404
v -2.965918 6.348813 13.927404
v -2.965918 6.348813 13.927404
v -2.965918 6.348813 13.927404
v -2.965918 6.348813 13.927404
v -2.965918 6.348813 13.927404
v -2.965918 6.348813 13.927404
v -2.965918 6.348813 13.927404
v -2.965918 6.348813 13.927404
v -2.584928 5.930671 13.707438
v -2.540979 5.930671 13.813542
v -2.603393 6.066685 13.718102
v -2.561574 6.066685 13.819061
v -2.654841 5.930671 13.616328
v -2.669918 6.066685 13.631406
v -2.745953 5.930671 13.546416
v -2.756614 6.066685 13.564880
v -2.852055 5.930671 13.502464
v -2.857574 6.066685 13.523063
v -2.965918 5.930671 13.487475
v -2.965918 6.066685 13.508797
v -3.079779 5.930671 13.502464
v -3.074261 6.066685 13.523063
v -3.185882 5.930671 13.546414
v -3.175221 6.066685 13.564880
v -3.276994 5.930671 13.616328
v -3.261918 6.066685 13.631406
v -3.346907 5.930671 13.707438
v -3.328442 6.066685 13.718102
v -3.390857 5.930671 13.813542
v -3.370261 6.066685 13.819061
v -3.405847 5.930671 13.927405
v -3.384525 6.066685 13.927405
v -3.390857 5.930671 14.041267
v -3.370261 6.066685 14.035747
v -3.346907 5.930671 14.147369
v -3.328442 6.066685 14.136706
v -3.276994 5.930671 14.238480
v -3.261918 6.066685 14.223404
v -3.185882 5.930671 14.308395
v -3.175221 6.066685 14.289929
v -3.079780 5.930671 14.352343
v -3.074261 6.066685 14.331748
v -2.965918 5.930671 14.367332
v -2.965918 6.066685 14.346011
v -2.852055 5.930671 14.352343
v -2.857574 6.066685 14.331749
v -2.745953 5.930671 14.308395
v -2.756614 6.066685 14.289929
v -2.654840 5.930671 14.238480
v -2.669918 6.066685 14.223404
v -2.584928 5.930671 14.147369
v -2.603393 6.066685 14.136706
v -2.540979 5.930671 14.041267
v -2.561574 6.066685 14.035747
v -2.525988 5.930671 13.927405
v -2.547310 6.066685 13.927405
v -2.540979 5.930671 13.813542
v -2.561574 6.066685 13.819061
v -2.657536 6.189384 13.749359
v -2.621963 6.189384 13.835240
v -2.714125 6.189384 13.675612
v -2.787874 6.189384 13.619023
v -2.873755 6.189384 13.583450
v -2.965918 6.189384 13.571317
v -3.058080 6.189384 13.583450
v -3.143962 6.189384 13.619023
v -3.217710 6.189384 13.675612
v -3.274299 6.189384 13.749359
v -3.309872 6.189384 13.835240
v -3.322006 6.189384 13.927405
v -3.309872 6.189384 14.019568
v -3.274299 6.189384 14.105449
v -3.217710 6.189384 14.179196
v -3.143962 6.189384 14.235785
v -3.058080 6.189384 14.271359
v -2.965918 6.189384 14.283492
v -2.873755 6.189384 14.271359
v -2.787874 6.189384 14.235785
v -2.714125 6.189384 14.179196
v -2.657536 6.189384 14.105449
v -2.621962 6.189384 14.019568
v -2.609829 6.189384 13.927405
v -2.621963 6.189384 13.835240
v -2.741865 6.286759 13.798049
v -2.716020 6.286759 13.860445
v -2.782980 6.286759 13.744466
v -2.836561 6.286759 13.703353
v -2.898957 6.286759 13.677505
v -2.965918 6.286759 13.668693
v -3.032877 6.286759 13.677505
v -3.095274 6.286759 13.703353
v -3.148856 6.286759 13.744466
v -3.189970 6.286759 13.798049
v -3.215815 6.286759 13.860445
v -3.224631 6.286759 13.927405
v -3.215815 6.286759 13.994364
v -3.189970 6.286759 14.056762
v -3.148856 6.286759 14.110341
v -3.095274 6.286759 14.151458
v -3.032878 6.286759 14.177302
v -2.965918 6.286759 14.186118
v -2.898958 6.286759 14.177302
v -2.836561 6.286759 14.151458
v -2.782980 6.286759 14.110341
v -2.741865 6.286759 14.056762
v -2.716019 6.286759 13.994364
v -2.707204 6.286759 13.927405
v -2.716020 6.286759 13.860445
v -2.848126 6.349278 13.859397
v -2.834539 6.349278 13.892200
v -2.869741 6.349278 13.831228
v -2.897911 6.349278 13.809612
v -2.930715 6.349278 13.796024
v -2.965918 6.349278 13.791390
v -3.001120 6.349278 13.796024
v -3.033925 6.349278 13.809612
v -3.062094 6.349278 13.831228
v -3.083709 6.349278 13.859397
v -3.097296 6.349278 13.892200
v -3.101931 6.349278 13.927404
v -3.097296 6.349278 13.962607
v -3.083709 6.349278 13.995411
v -3.062094 6.349278 14.023581
v -3.033925 6.349278 14.045196
v -3.001120 6.349278 14.058784
v -2.965918 6.349278 14.063417
v -2.930715 6.349278 14.058784
v -2.897911 6.349278 14.045196
v -2.869741 6.349278 14.023581
v -2.848126 6.349278 13.995411
v -2.834538 6.349278 13.962607
v -2.829904 6.349278 13.927404
v -2.834539 6.349278 13.892200
v -2.834539 6.349278 13.892200
v -2.869621 6.420858 13.901602
v -2.848126 6.349278 13.859397
v -2.879581 6.420858 13.877558
v -2.869741 6.349278 13.831228
v -2.895424 6.420858 13.856910
v -2.897911 6.349278 13.809612
v -2.916071 6.420858 13.841066
v -2.930715 6.349278 13.796024
v -2.940115 6.420858 13.831107
v -2.965918 6.349278 13.791390
v -2.965918 6.420858 13.827711
v -3.001120 6.349278 13.796024
v -2.991720 6.420858 13.831107
v -3.033925 6.349278 13.809612
v -3.015764 6.420858 13.841066
v -3.062094 6.349278 13.831228
v -3.036411 6.420858 13.856910
v -3.083709 6.349278 13.859397
v -3.052254 6.420858 13.877558
v -3.097296 6.349278 13.892200
v -3.062214 6.420858 13.901602
v -3.101931 6.349278 13.927404
v -3.065611 6.420858 13.927404
v -3.097296 6.349278 13.962607
v -3.062214 6.420858 13.953207
v -3.083709 6.349278 13.995411
v -3.052254 6.420858 13.977250
v -3.062094 6.349278 14.023581
v -3.036411 6.420858 13.997898
v -3.033925 6.349278 14.045196
v -3.015764 6.420858 14.013741
v -3.001120 6.349278 14.058784
v -2.991720 6.420858 14.023701
v -2.965918 6.349278 14.063417
v -2.965918 6.420858 14.027098
v -2.930715 6.349278 14.058784
v -2.940115 6.420858 14.023701
v -2.897911 6.349278 14.045196
v -2.916071 6.420858 14.013741
v -2.869741 6.349278 14.023581
v -2.895424 6.420858 13.997898
v -2.848126 6.349278 13.995411
v -2.879581 6.420858 13.977250
v -2.834538 6.349278 13.962607
v -2.869621 6.420858 13.953207
v -2.829904 6.349278 13.927404
v -2.866224 6.420858 13.927404
v -2.834539 6.349278 13.892200
v -2.869621 6.420858 13.901602
v -2.965918 6.420858 13.927404
v -2.965918 6.420858 13.927404
v -2.965918 6.420858 13.927404
v -2.965918 6.420858 13.927404
v -2.965918 6.420858 13.927404
v -2.965918 6.420858 13.927404
v -2.965918 6.420858 13.927404
v -2.965918 6.420858 13.927404
v -2.965918 6.420858 13.927404
v -2.965918 6.420858 13.927404
v -2.965918 6.420858 13.927404
v -2.965918 6.420858 13.927404
v -2.965918 6.420858 13.927404
v -2.965918 6.420858 13.927404
v -2.965918 6.420858 13.927404
v -2.965918 6.420858 13.927404
v -2.965918 6.420858 13.927404
v -2.965918 6.420858 13.927404
v -2.965918 6.420858 13.927404
v -2.965918 6.420858 13.927404
v -2.965918 6.420858 13.927404
v -2.965918 6.420858 13.927404
v -2.965918 6.420858 13.927404
v -2.965918 6.420858 13.927404
v -2.983995 6.414723 13.945481
v -2.983995 6.994765 13.945481
v -2.965918 6.414723 13.952099
v -2.965918 6.994765 13.952099
v -2.983995 6.994765 13.909326
v -2.983995 6.414723 13.909326
v -2.965918 6.994765 13.902709
v -2.965918 6.414723 13.902709
v -2.990613 6.414723 13.927404
v -2.965918 6.414723 13.902709
v -2.947840 6.414723 13.909326
v -2.983995 6.414723 13.945481
v -2.941223 6.414723 13.927404
v -2.965918 6.414723 13.952099
v -2.947840 6.414723 13.945481
v -2.947840 6.414723 13.945481
v -2.947840 6.994765 13.945481
v -2.941223 6.414723 13.927404
v -2.941223 6.994765 13.927404
v -2.990613 6.414723 13.927404
v -2.990613 6.994765 13.927404
v -2.983995 6.414723 13.909326
v -2.983995 6.994765 13.909326
v -2.965918 6.994765 13.902709
v -2.947840 6.994765 13.909326
v -2.947840 6.414723 13.909326
v -2.947840 6.994765 13.909326
v -2.869621 6.923262 13.953207
v -2.895424 6.923260 13.997898
v -2.834539 6.994839 13.962607
v -2.869741 6.994841 14.023581
v -2.940115 6.923260 14.023701
v -2.930715 6.994841 14.058784
v -2.991720 6.923260 14.023701
v -3.001120 6.994841 14.058784
v -3.036411 6.923260 13.997898
v -3.062094 6.994841 14.023581
v -3.062214 6.923262 13.953207
v -3.097296 6.994838 13.962607
v -3.062214 6.923259 13.901602
v -3.097296 6.994841 13.892202
v -3.036411 6.923259 13.856910
v -3.062094 6.994841 13.831228
v -2.991720 6.923260 13.831107
v -3.001120 6.994841 13.796024
v -2.940115 6.923260 13.831107
v -2.930715 6.994841 13.796024
v -2.895424 6.923259 13.856910
v -2.869741 6.994841 13.831228
v -2.869621 6.923259 13.901602
v -2.834538 6.994841 13.892202
v -2.869621 6.923262 13.953207
v -2.834539 6.994839 13.962607
v -2.965918 6.923258 13.927404
v -2.965918 6.923258 13.927404
v -2.965918 6.923258 13.927404
v -2.965918 6.923258 13.927404
v -2.965918 6.923258 13.927404
v -2.965918 6.923258 13.927404
v -2.965918 6.923258 13.927404
v -2.965918 6.923258 13.927404
v -2.965918 6.923258 13.927404
v -2.965918 6.923258 13.927404
v -2.965918 6.923258 13.927404
v -2.965918 6.923258 13.927404
v -2.584928 5.930670 9.008899
v -2.604577 5.930670 9.020244
v -2.540979 5.930670 9.115002
v -2.562895 5.930670 9.120875
v -2.654841 5.930670 8.917788
v -2.670885 5.930670 8.933831
v -2.745953 5.930670 8.847876
v -2.757297 5.930670 8.867523
v -2.852055 5.930670 8.803925
v -2.857928 5.930670 8.825841
v -2.965918 5.930670 8.788936
v -2.965918 5.930670 8.811625
v -3.079779 5.930670 8.803925
v -3.073907 5.930670 8.825841
v -3.185882 5.930670 8.847873
v -3.174538 5.930670 8.867523
v -3.276994 5.930670 8.917788
v -3.260951 5.930670 8.933831
v -3.346907 5.930670 9.008899
v -3.327258 5.930670 9.020244
v -3.390857 5.930670 9.115002
v -3.368940 5.930670 9.120875
v -3.405847 5.930670 9.228864
v -3.383157 5.930670 9.228864
v -3.390857 5.930670 9.342727
v -3.368940 5.930670 9.336853
v -3.346907 5.930670 9.448829
v -3.327258 5.930670 9.437484
v -3.276994 5.930671 9.539940
v -3.260951 5.930671 9.523897
v -3.185882 5.930671 9.609855
v -3.174538 5.930671 9.590203
v -3.079780 5.930671 9.653802
v -3.073907 5.930671 9.631887
v -2.965918 5.930671 9.668793
v -2.965918 5.930671 9.646104
v -2.852055 5.930671 9.653802
v -2.857928 5.930671 9.631887
v -2.745953 5.930671 9.609855
v -2.757297 5.930671 9.590203
v -2.654840 5.930671 9.539940
v -2.670885 5.930671 9.523897
v -2.584928 5.930670 9.448829
v -2.604577 5.930670 9.437484
v -2.540979 5.930670 9.342727
v -2.562894 5.930670 9.336853
v -2.525988 5.930670 9.228864
v -2.548677 5.930670 9.228864
v -2.540979 5.930670 9.115002
v -2.562895 5.930670 9.120875
v -2.621520 6.059883 9.030025
v -2.672955 6.176448 9.059722
v -2.581791 6.059883 9.125937
v -2.639160 6.176448 9.141309
v -2.684718 6.059883 8.947665
v -2.726715 6.176448 8.989661
v -2.767079 6.059883 8.884465
v -2.796775 6.176448 8.935901
v -2.862991 6.059883 8.844737
v -2.878363 6.176448 8.902106
v -2.965918 6.059883 8.831187
v -2.965918 6.176448 8.890579
v -3.068844 6.059883 8.844737
v -3.053472 6.176448 8.902106
v -3.164756 6.059883 8.884465
v -3.135059 6.176448 8.935901
v -3.247117 6.059883 8.947665
v -3.205121 6.176448 8.989661
v -3.310316 6.059883 9.030025
v -3.258880 6.176448 9.059722
v -3.350044 6.059883 9.125937
v -3.292675 6.176448 9.141309
v -3.363594 6.059883 9.228864
v -3.304202 6.176448 9.228864
v -3.350044 6.059883 9.331790
v -3.292675 6.176448 9.316419
v -3.310316 6.059883 9.427703
v -3.258880 6.176448 9.398005
v -3.247117 6.059884 9.510063
v -3.205121 6.176448 9.468067
v -3.164756 6.059884 9.573262
v -3.135060 6.176448 9.521827
v -3.068844 6.059884 9.612990
v -3.053472 6.176448 9.555622
v -2.965918 6.059884 9.626540
v -2.965918 6.176448 9.567149
v -2.862991 6.059884 9.612990
v -2.878363 6.176448 9.555622
v -2.767079 6.059884 9.573262
v -2.796775 6.176448 9.521827
v -2.684718 6.059884 9.510063
v -2.726715 6.176448 9.468067
v -2.621520 6.059883 9.427703
v -2.672955 6.176448 9.398005
v -2.581791 6.059883 9.331790
v -2.639160 6.176448 9.316419
v -2.568241 6.059883 9.228864
v -2.627634 6.176448 9.228864
v -2.581791 6.059883 9.125937
v -2.639160 6.176448 9.141309
v -2.753068 6.268954 9.105975
v -2.728514 6.268954 9.165252
v -2.792126 6.268954 9.055072
v -2.843029 6.268954 9.016015
v -2.902306 6.268954 8.991462
v -2.965918 6.268954 8.983087
v -3.029530 6.268954 8.991462
v -3.088807 6.268954 9.016015
v -3.139709 6.268954 9.055072
v -3.178767 6.268954 9.105975
v -3.203321 6.268954 9.165252
v -3.211695 6.268954 9.228864
v -3.203321 6.268954 9.292477
v -3.178767 6.268954 9.351752
v -3.139709 6.268954 9.402656
v -3.088807 6.268954 9.441713
v -3.029530 6.268954 9.466267
v -2.965918 6.268955 9.474643
v -2.902306 6.268954 9.466267
v -2.843029 6.268954 9.441713
v -2.792126 6.268954 9.402656
v -2.753068 6.268954 9.351752
v -2.728514 6.268954 9.292477
v -2.720140 6.268954 9.228864
v -2.728514 6.268954 9.165252
v -2.854016 6.328347 9.164258
v -2.841107 6.328347 9.195421
v -2.874550 6.328347 9.137495
v -2.901311 6.328347 9.116961
v -2.932475 6.328347 9.104053
v -2.965918 6.328347 9.099649
v -2.999360 6.328347 9.104053
v -3.030524 6.328347 9.116961
v -3.057285 6.328347 9.137495
v -3.077820 6.328347 9.164256
v -3.090728 6.328347 9.195421
v -3.095131 6.328347 9.228863
v -3.090728 6.328347 9.262306
v -3.077820 6.328347 9.293470
v -3.057285 6.328347 9.320230
v -3.030524 6.328347 9.340765
v -2.999360 6.328347 9.353674
v -2.965918 6.328347 9.358076
v -2.932475 6.328347 9.353674
v -2.901311 6.328347 9.340765
v -2.874550 6.328347 9.320230
v -2.854016 6.328347 9.293470
v -2.841107 6.328347 9.262306
v -2.836704 6.328347 9.228863
v -2.841107 6.328347 9.195421
v -2.902735 6.343664 9.211933
v -2.909269 6.343664 9.196157
v -2.919664 6.343664 9.182611
v -2.933211 6.343664 9.172215
v -2.948988 6.343664 9.165679
v -2.965918 6.343664 9.163451
v -2.982847 6.343664 9.165679
v -2.998623 6.343664 9.172215
v -3.012171 6.343664 9.182611
v -3.022566 6.343664 9.196157
v -3.029100 6.343664 9.211933
v -3.031329 6.343664 9.228863
v -3.029100 6.343664 9.245792
v -3.022566 6.343664 9.261568
v -3.012171 6.343664 9.275115
v -2.998623 6.343664 9.285511
v -2.982848 6.343664 9.292047
v -2.965918 6.343664 9.294274
v -2.948988 6.343664 9.292047
v -2.933211 6.343664 9.285511
v -2.919664 6.343664 9.275115
v -2.909269 6.343664 9.261568
v -2.902735 6.343664 9.245792
v -2.900506 6.343664 9.228863
v -2.902735 6.343664 9.211933
v -2.965918 6.348812 9.228863
v -2.965918 6.348812 9.228863
v -2.965918 6.348812 9.228863
v -2.965918 6.348812 9.228863
v -2.965918 6.348812 9.228863
v -2.965918 6.348812 9.228863
v -2.965918 6.348812 9.228863
v -2.965918 6.348812 9.228863
v -2.965918 6.348812 9.228863
v -2.965918 6.348812 9.228863
v -2.965918 6.348812 9.228863
v -2.965918 6.348812 9.228863
v -2.965918 6.348812 9.228863
v -2.965918 6.348812 9.228863
v -2.965918 6.348812 9.228863
v -2.965918 6.348812 9.228863
v -2.965918 6.348812 9.228863
v -2.965918 6.348812 9.228863
v -2.965918 6.348812 9.228863
v -2.965918 6.348812 9.228863
v -2.965918 6.348812 9.228863
v -2.965918 6.348812 9.228863
v -2.965918 6.348812 9.228863
v -2.965918 6.348812 9.228863
v -2.584928 5.930670 9.008899
v -2.540979 5.930670 9.115002
v -2.603393 6.066684 9.019561
v -2.561574 6.066684 9.120521
v -2.654841 5.930670 8.917788
v -2.669918 6.066684 8.932864
v -2.745953 5.930670 8.847876
v -2.756614 6.066684 8.866340
v -2.852055 5.930670 8.803925
v -2.857574 6.066684 8.824521
v -2.965918 5.930670 8.788936
v -2.965918 6.066684 8.810257
v -3.079779 5.930670 8.803925
v -3.074261 6.066684 8.824521
v -3.185882 5.930670 8.847873
v -3.175221 6.066684 8.866340
v -3.276994 5.930670 8.917788
v -3.261918 6.066684 8.932864
v -3.346907 5.930670 9.008899
v -3.328442 6.066684 9.019561
v -3.390857 5.930670 9.115002
v -3.370261 6.066684 9.120521
v -3.405847 5.930670 9.228864
v -3.384525 6.066684 9.228864
v -3.390857 5.930670 9.342727
v -3.370261 6.066684 9.337207
v -3.346907 5.930670 9.448829
v -3.328442 6.066684 9.438167
v -3.276994 5.930671 9.539940
v -3.261918 6.066685 9.524863
v -3.185882 5.930671 9.609855
v -3.175221 6.066685 9.591389
v -3.079780 5.930671 9.653802
v -3.074261 6.066685 9.633207
v -2.965918 5.930671 9.668793
v -2.965918 6.066685 9.647470
v -2.852055 5.930671 9.653802
v -2.857574 6.066685 9.633208
v -2.745953 5.930671 9.609855
v -2.756614 6.066685 9.591389
v -2.654840 5.930671 9.539940
v -2.669918 6.066685 9.524863
v -2.584928 5.930670 9.448829
v -2.603393 6.066684 9.438167
v -2.540979 5.930670 9.342727
v -2.561574 6.066684 9.337207
v -2.525988 5.930670 9.228864
v -2.547310 6.066684 9.228864
v -2.540979 5.930670 9.115002
v -2.561574 6.066684 9.120521
v -2.657536 6.189384 9.050819
v -2.621963 6.189384 9.136701
v -2.714125 6.189384 8.977071
v -2.787874 6.189384 8.920483
v -2.873755 6.189384 8.884910
v -2.965918 6.189384 8.872776
v -3.058080 6.189384 8.884910
v -3.143962 6.189384 8.920483
v -3.217710 6.189384 8.977071
v -3.274299 6.189384 9.050819
v -3.309872 6.189384 9.136701
v -3.322006 6.189384 9.228864
v -3.309872 6.189384 9.321027
v -3.274299 6.189384 9.406908
v -3.217710 6.189384 9.480657
v -3.143962 6.189384 9.537246
v -3.058080 6.189384 9.572819
v -2.965918 6.189384 9.584951
v -2.873755 6.189384 9.572819
v -2.787874 6.189384 9.537246
v -2.714125 6.189384 9.480657
v -2.657536 6.189384 9.406908
v -2.621962 6.189384 9.321027
v -2.609829 6.189384 9.228864
v -2.621963 6.189384 9.136701
v -2.741865 6.286759 9.099507
v -2.716020 6.286759 9.161903
v -2.782980 6.286759 9.045926
v -2.836561 6.286759 9.004811
v -2.898957 6.286759 8.978966
v -2.965918 6.286759 8.970151
v -3.032877 6.286759 8.978966
v -3.095274 6.286759 9.004811
v -3.148856 6.286759 9.045926
v -3.189970 6.286759 9.099507
v -3.215815 6.286759 9.161903
v -3.224631 6.286759 9.228864
v -3.215815 6.286759 9.295824
v -3.189970 6.286759 9.358220
v -3.148856 6.286759 9.411800
v -3.095274 6.286759 9.452917
v -3.032878 6.286759 9.478763
v -2.965918 6.286759 9.487577
v -2.898958 6.286759 9.478763
v -2.836561 6.286759 9.452917
v -2.782980 6.286759 9.411800
v -2.741865 6.286759 9.358220
v -2.716019 6.286759 9.295824
v -2.707204 6.286759 9.228864
v -2.716020 6.286759 9.161903
v -2.848126 6.349277 9.160856
v -2.834539 6.349277 9.193659
v -2.869741 6.349277 9.132687
v -2.897911 6.349277 9.111072
v -2.930715 6.349277 9.097483
v -2.965918 6.349277 9.092849
v -3.001120 6.349277 9.097483
v -3.033925 6.349277 9.111072
v -3.062094 6.349277 9.132687
v -3.083709 6.349277 9.160856
v -3.097296 6.349277 9.193659
v -3.101931 6.349277 9.228863
v -3.097296 6.349277 9.264067
v -3.083709 6.349277 9.296869
v -3.062094 6.349277 9.325039
v -3.033925 6.349277 9.346655
v -3.001120 6.349277 9.360243
v -2.965918 6.349277 9.364877
v -2.930715 6.349277 9.360243
v -2.897911 6.349277 9.346655
v -2.869741 6.349277 9.325039
v -2.848126 6.349277 9.296869
v -2.834538 6.349277 9.264067
v -2.829904 6.349277 9.228863
v -2.834539 6.349277 9.193659
v -2.834539 6.349277 9.193659
v -2.869621 6.420858 9.203060
v -2.848126 6.349277 9.160856
v -2.879581 6.420858 9.179017
v -2.869741 6.349277 9.132687
v -2.895424 6.420858 9.158369
v -2.897911 6.349277 9.111072
v -2.916071 6.420858 9.142527
v -2.930715 6.349277 9.097483
v -2.940115 6.420858 9.132566
v -2.965918 6.349277 9.092849
v -2.965918 6.420858 9.129170
v -3.001120 6.349277 9.097483
v -2.991720 6.420858 9.132566
v -3.033925 6.349277 9.111072
v -3.015764 6.420858 9.142527
v -3.062094 6.349277 9.132687
v -3.036411 6.420858 9.158369
v -3.083709 6.349277 9.160856
v -3.052254 6.420858 9.179017
v -3.097296 6.349277 9.193659
v -3.062214 6.420858 9.203060
v -3.101931 6.349277 9.228863
v -3.065611 6.420858 9.228863
v -3.097296 6.349277 9.264067
v -3.062214 6.420858 9.254665
v -3.083709 6.349277 9.296869
v -3.052254 6.420858 9.278709
v -3.062094 6.349277 9.325039
v -3.036411 6.420858 9.299356
v -3.033925 6.349277 9.346655
v -3.015764 6.420858 9.315201
v -3.001120 6.349277 9.360243
v -2.991720 6.420858 9.325159
v -2.965918 6.349277 9.364877
v -2.965918 6.420858 9.328557
v -2.930715 6.349277 9.360243
v -2.940115 6.420858 9.325159
v -2.897911 6.349277 9.346655
v -2.916071 6.420858 9.315201
v -2.869741 6.349277 9.325039
v -2.895424 6.420858 9.299356
v -2.848126 6.349277 9.296869
v -2.879581 6.420858 9.278709
v -2.834538 6.349277 9.264067
v -2.869621 6.420858 9.254665
v -2.829904 6.349277 9.228863
v -2.866224 6.420858 9.228863
v -2.834539 6.349277 9.193659
v -2.869621 6.420858 9.203060
v -2.965918 6.420858 9.228863
v -2.965918 6.420858 9.228863
v -2.965918 6.420858 9.228863
v -2.965918 6.420858 9.228863
v -2.965918 6.420858 9.228863
v -2.965918 6.420858 9.228863
v -2.965918 6.420858 9.228863
v -2.965918 6.420858 9.228863
v -2.965918 6.420858 9.228863
v -2.965918 6.420858 9.228863
v -2.965918 6.420858 9.228863
v -2.965918 6.420858 9.228863
v -2.965918 6.420858 9.228863
v -2.965918 6.420858 9.228863
v -2.965918 6.420858 9.228863
v -2.965918 6.420858 9.228863
v -2.965918 6.420858 9.228863
v -2.965918 6.420858 9.228863
v -2.965918 6.420858 9.228863
v -2.965918 6.420858 9.228863
v -2.965918 6.420858 9.228863
v -2.965918 6.420858 9.228863
v -2.965918 6.420858 9.228863
v -2.965918 6.420858 9.228863
v -2.983995 6.414722 9.246940
v -2.983995 6.994764 9.246940
v -2.965918 6.414722 9.253558
v -2.965918 6.994764 9.253558
v -2.983995 6.994764 9.210786
v -2.983995 6.414722 9.210786
v -2.965918 6.994764 9.204168
v -2.965918 6.414722 9.204168
v -2.990613 6.414722 9.228863
v -2.965918 6.414722 9.204168
v -2.947840 6.414722 9.210786
v -2.983995 6.414722 9.246940
v -2.941223 6.414722 9.228863
v -2.965918 6.414722 9.253558
v -2.947840 6.414722 9.246940
v -2.947840 6.414722 9.246940
v -2.947840 6.994764 9.246940
v -2.941223 6.414722 9.228863
v -2.941223 6.994764 9.228863
v -2.990613 6.414722 9.228863
v -2.990613 6.994764 9.228863
v -2.983995 6.414722 9.210786
v -2.983995 6.994764 9.210786
v -2.965918 6.994764 9.204168
v -2.947840 6.994764 9.210786
v -2.947840 6.414722 9.210786
v -2.947840 6.994764 9.210786
v -2.869621 6.923261 9.254665
v -2.895424 6.923260 9.299356
v -2.834539 6.994839 9.264067
v -2.869741 6.994840 9.325039
v -2.940115 6.923260 9.325159
v -2.930715 6.994840 9.360243
v -2.991720 6.923260 9.325159
v -3.001120 6.994840 9.360243
v -3.036411 6.923260 9.299356
v -3.062094 6.994840 9.325039
v -3.062214 6.923262 9.254665
v -3.097296 6.994838 9.264067
v -3.062214 6.923259 9.203060
v -3.097296 6.994841 9.193661
v -3.036411 6.923259 9.158369
v -3.062094 6.994840 9.132687
v -2.991720 6.923260 9.132566
v -3.001120 6.994840 9.097483
v -2.940115 6.923260 9.132566
v -2.930715 6.994840 9.097483
v -2.895424 6.923259 9.158369
v -2.869741 6.994840 9.132687
v -2.869621 6.923259 9.203060
v -2.834538 6.994841 9.193661
v -2.869621 6.923261 9.254665
v -2.834539 6.994839 9.264067
v -2.965918 6.923258 9.228863
v -2.965918 6.923258 9.228863
v -2.965918 6.923258 9.228863
v -2.965918 6.923258 9.228863
v -2.965918 6.923258 9.228863
v -2.965918 6.923258 9.228863
v -2.965918 6.923258 9.228863
v -2.965918 6.923258 9.228863
v -2.965918 6.923258 9.228863
v -2.965918 6.923258 9.228863
v -2.965918 6.923258 9.228863
v -2.965918 6.923258 9.228863
v -2.584928 5.930670 2.285772
v -2.604577 5.930670 2.297117
v -2.540979 5.930670 2.391874
v -2.562895 5.930670 2.397748
v -2.654841 5.930670 2.194660
v -2.670885 5.930670 2.210704
v -2.745953 5.930670 2.124748
v -2.757297 5.930670 2.144396
v -2.852055 5.930670 2.080797
v -2.857928 5.930670 2.102714
v -2.965918 5.930670 2.065808
v -2.965918 5.930670 2.088497
v -3.079779 5.930670 2.080797
v -3.073907 5.930670 2.102714
v -3.185882 5.930670 2.124746
v -3.174538 5.930670 2.144396
v -3.276994 5.930670 2.194660
v -3.260951 5.930670 2.210704
v -3.346907 5.930670 2.285772
v -3.327258 5.930670 2.297117
v -3.390857 5.930670 2.391874
v -3.368940 5.930670 2.397748
v -3.405847 5.930670 2.505737
v -3.383157 5.930670 2.505737
v -3.390857 5.930670 2.619600
v -3.368940 5.930670 2.613726
v -3.346907 5.930670 2.725702
v -3.327258 5.930670 2.714356
v -3.276994 5.930670 2.816813
v -3.260951 5.930670 2.800770
v -3.185882 5.930670 2.886728
v -3.174538 5.930670 2.867076
v -3.079780 5.930670 2.930675
v -3.073907 5.930670 2.908760
v -2.965918 5.930670 2.945666
v -2.965918 5.930670 2.922977
v -2.852055 5.930670 2.930675
v -2.857928 5.930670 2.908760
v -2.745953 5.930670 2.886728
v -2.757297 5.930670 2.867076
v -2.654840 5.930670 2.816813
v -2.670885 5.930670 2.800770
v -2.584928 5.930670 2.725702
v -2.604577 5.930670 2.714356
v -2.540979 5.930670 2.619600
v -2.562894 5.930670 2.613726
v -2.525988 5.930670 2.505737
v -2.548677 5.930670 2.505737
v -2.540979 5.930670 2.391874
v -2.562895 5.930670 2.397748
v -2.621520 6.059883 2.306898
v -2.672955 6.176447 2.336595
v -2.581791 6.059883 2.402810
v -2.639160 6.176447 2.418182
v -2.684718 6.059883 2.224537
v -2.726715 6.176447 2.266534
v -2.767079 6.059883 2.161338
v -2.796775 6.176447 2.212774
v -2.862991 6.059883 2.121611
v -2.878363 6.176447 2.178979
v -2.965918 6.059883 2.108061
v -2.965918 6.176447 2.167453
v -3.068844 6.059883 2.121611
v -3.053472 6.176447 2.178979
v -3.164756 6.059883 2.161338
v -3.135059 6.176447 2.212774
v -3.247117 6.059883 2.224537
v -3.205121 6.176447 2.266534
v -3.310316 6.059883 2.306898
v -3.258880 6.176447 2.336595
v -3.350044 6.059883 2.402810
v -3.292675 6.176447 2.418182
v -3.363594 6.059883 2.505737
v -3.304202 6.176447 2.505737
v -3.350044 6.059883 2.608664
v -3.292675 6.176447 2.593292
v -3.310316 6.059883 2.704576
v -3.258880 6.176447 2.674879
v -3.247117 6.059883 2.786936
v -3.205121 6.176447 2.744940
v -3.164756 6.059883 2.850135
v -3.135060 6.176447 2.798699
v -3.068844 6.059883 2.889863
v -3.053472 6.176447 2.832495
v -2.965918 6.059883 2.903413
v -2.965918 6.176447 2.844022
v -2.862991 6.059883 2.889863
v -2.878363 6.176447 2.832495
v -2.767079 6.059883 2.850135
v -2.796775 6.176447 2.798699
v -2.684718 6.059883 2.786936
v -2.726715 6.176447 2.744940
v -2.621520 6.059883 2.704576
v -2.672955 6.176447 2.674879
v -2.581791 6.059883 2.608664
v -2.639160 6.176447 2.593292
v -2.568241 6.059883 2.505737
v -2.627634 6.176447 2.505737
v -2.581791 6.059883 2.402810
v -2.639160 6.176447 2.418182
v -2.753068 6.268954 2.382849
v -2.728514 6.268954 2.442125
v -2.792126 6.268954 2.331945
v -2.843029 6.268954 2.292887
v -2.902306 6.268954 2.268335
v -2.965918 6.268954 2.259959
v -3.029530 6.268954 2.268335
v -3.088807 6.268954 2.292887
v -3.139709 6.268954 2.331945
v -3.178767 6.268954 2.382849
v -3.203321 6.268954 2.442125
v -3.211695 6.268954 2.505737
v -3.203321 6.268954 2.569350
v -3.178767 6.268954 2.628625
v -3.139709 6.268954 2.679528
v -3.088807 6.268954 2.718586
v -3.029530 6.268954 2.743140
v -2.965918 6.268954 2.751515
v -2.902306 6.268954 2.743140
v -2.843029 6.268954 2.718586
v -2.792126 6.268954 2.679528
v -2.753068 6.268954 2.628625
v -2.728514 6.268954 2.569350
v -2.720140 6.268954 2.505737
v -2.728514 6.268954 2.442125
v -2.854016 6.328347 2.441132
v -2.841107 6.328347 2.472295
v -2.874550 6.328347 2.414369
v -2.901311 6.328347 2.393835
v -2.932475 6.328347 2.380926
v -2.965918 6.328347 2.376524
v -2.999360 6.328347 2.380926
v -3.030524 6.328347 2.393835
v -3.057285 6.328347 2.414369
v -3.077820 6.328347 2.441130
v -3.090728 6.328347 2.472295
v -3.095131 6.328347 2.505737
v -3.090728 6.328347 2.539180
v -3.077820 6.328347 2.570344
v -3.057285 6.328347 2.597105
v -3.030524 6.328347 2.617639
v -2.999360 6.328347 2.630548
v -2.965918 6.328347 2.634950
v -2.932475 6.328347 2.630548
v -2.901311 6.328347 2.617639
v -2.874550 6.328347 2.597105
v -2.854016 6.328347 2.570344
v -2.841107 6.328347 2.539180
v -2.836704 6.328347 2.505737
v -2.841107 6.328347 2.472295
v -2.902735 6.343664 2.488807
v -2.909269 6.343664 2.473032
v -2.919664 6.343664 2.459484
v -2.933211 6.343664 2.449089
v -2.948988 6.343664 2.442553
v -2.965918 6.343664 2.440325
v -2.982847 6.343664 2.442553
v -2.998623 6.343664 2.449089
v -3.012171 6.343664 2.459484
v -3.022566 6.343664 2.473032
v -3.029100 6.343664 2.488807
v -3.031329 6.343664 2.505737
v -3.029100 6.343664 2.522666
v -3.022566 6.343664 2.538443
v -3.012171 6.343664 2.551989
v -2.998623 6.343664 2.562385
v -2.982848 6.343664 2.568920
v -2.965918 6.343664 2.571148
v -2.948988 6.343664 2.568920
v -2.933211 6.343664 2.562385
v -2.919664 6.343664 2.551989
v -2.909269 6.343664 2.538443
v -2.902735 6.343664 2.522666
v -2.900506 6.343664 2.505737
v -2.902735 6.343664 2.488807
v -2.965918 6.348812 2.505737
v -2.965918 6.348812 2.505737
v -2.965918 6.348812 2.505737
v -2.965918 6.348812 2.505737
v -2.965918 6.348812 2.505737
v -2.965918 6.348812 2.505737
v -2.965918 6.348812 2.505737
v -2.965918 6.348812 2.505737
v -2.965918 6.348812 2.505737
v -2.965918 6.348812 2.505737
v -2.965918 6.348812 2.505737
v -2.965918 6.348812 2.505737
v -2.965918 6.348812 2.505737
v -2.965918 6.348812 2.505737
v -2.965918 6.348812 2.505737
v -2.965918 6.348812 2.505737
v -2.965918 6.348812 2.505737
v -2.965918 6.348812 2.505737
v -2.965918 6.348812 2.505737
v -2.965918 6.348812 2.505737
v -2.965918 6.348812 2.505737
v -2.965918 6.348812 2.505737
v -2.965918 6.348812 2.505737
v -2.965918 6.348812 2.505737
v -2.584928 5.930670 2.285772
v -2.540979 5.930670 2.391874
v -2.603393 6.066684 2.296434
v -2.561574 6.066684 2.397393
v -2.654841 5.930670 2.194660
v -2.669918 6.066684 2.209738
v -2.745953 5.930670 2.124748
v -2.756614 6.066684 2.143213
v -2.852055 5.930670 2.080797
v -2.857574 6.066684 2.101394
v -2.965918 5.930670 2.065808
v -2.965918 6.066684 2.087130
v -3.079779 5.930670 2.080797
v -3.074261 6.066684 2.101394
v -3.185882 5.930670 2.124746
v -3.175221 6.066684 2.143213
v -3.276994 5.930670 2.194660
v -3.261918 6.066684 2.209738
v -3.346907 5.930670 2.285772
v -3.328442 6.066684 2.296434
v -3.390857 5.930670 2.391874
v -3.370261 6.066684 2.397393
v -3.405847 5.930670 2.505737
v -3.384525 6.066684 2.505737
v -3.390857 5.930670 2.619600
v -3.370261 6.066684 2.614080
v -3.346907 5.930670 2.725702
v -3.328442 6.066684 2.715040
v -3.276994 5.930670 2.816813
v -3.261918 6.066684 2.801737
v -3.185882 5.930670 2.886728
v -3.175221 6.066684 2.868262
v -3.079780 5.930670 2.930675
v -3.074261 6.066684 2.910080
v -2.965918 5.930670 2.945666
v -2.965918 6.066684 2.924343
v -2.852055 5.930670 2.930675
v -2.857574 6.066684 2.910082
v -2.745953 5.930670 2.886728
v -2.756614 6.066684 2.868262
v -2.654840 5.930670 2.816813
v -2.669918 6.066684 2.801737
v -2.584928 5.930670 2.725702
v -2.603393 6.066684 2.715040
v -2.540979 5.930670 2.619600
v -2.561574 6.066684 2.614080
v -2.525988 5.930670 2.505737
v -2.547310 6.066684 2.505737
v -2.540979 5.930670 2.391874
v -2.561574 6.066684 2.397393
v -2.657536 6.189383 2.327693
v -2.621963 6.189383 2.413574
v -2.714125 6.189383 2.253944
v -2.787874 6.189383 2.197356
v -2.873755 6.189383 2.161783
v -2.965918 6.189383 2.149649
v -3.058080 6.189383 2.161783
v -3.143962 6.189383 2.197356
v -3.217710 6.189383 2.253944
v -3.274299 6.189383 2.327693
v -3.309872 6.189383 2.413574
v -3.322006 6.189383 2.505737
v -3.309872 6.189383 2.597900
v -3.274299 6.189383 2.683781
v -3.217710 6.189383 2.757529
v -3.143962 6.189383 2.814118
v -3.058080 6.189383 2.849692
v -2.965918 6.189383 2.861825
v -2.873755 6.189383 2.849692
v -2.787874 6.189383 2.814118
v -2.714125 6.189383 2.757529
v -2.657536 6.189383 2.683781
v -2.621962 6.189383 2.597900
v -2.609829 6.189383 2.505737
v -2.621963 6.189383 2.413574
v -2.741865 6.286758 2.376380
v -2.716020 6.286758 2.438777
v -2.782980 6.286758 2.322799
v -2.836561 6.286758 2.281684
v -2.898957 6.286758 2.255839
v -2.965918 6.286758 2.247024
v -3.032877 6.286758 2.255839
v -3.095274 6.286758 2.281684
v -3.148856 6.286758 2.322799
v -3.189970 6.286758 2.376380
v -3.215815 6.286758 2.438777
v -3.224631 6.286758 2.505737
v -3.215815 6.286758 2.572697
v -3.189970 6.286758 2.635093
v -3.148856 6.286758 2.688674
v -3.095274 6.286758 2.729790
v -3.032878 6.286758 2.755635
v -2.965918 6.286758 2.764450
v -2.898958 6.286758 2.755635
v -2.836561 6.286758 2.729790
v -2.782980 6.286758 2.688674
v -2.741865 6.286758 2.635093
v -2.716019 6.286758 2.572697
v -2.707204 6.286758 2.505737
v -2.716020 6.286758 2.438777
v -2.848126 6.349277 2.437730
v -2.834539 6.349277 2.470533
v -2.869741 6.349277 2.409561
v -2.897911 6.349277 2.387945
v -2.930715 6.349277 2.374357
v -2.965918 6.349277 2.369723
v -3.001120 6.349277 2.374357
v -3.033925 6.349277 2.387945
v -3.062094 6.349277 2.409561
v -3.083709 6.349277 2.437730
v -3.097296 6.349277 2.470533
v -3.101931 6.349277 2.505737
v -3.097296 6.349277 2.540941
v -3.083709 6.349277 2.573744
v -3.062094 6.349277 2.601913
v -3.033925 6.349277 2.623529
v -3.001120 6.349277 2.637117
v -2.965918 6.349277 2.641751
v -2.930715 6.349277 2.637117
v -2.897911 6.349277 2.623529
v -2.869741 6.349277 2.601913
v -2.848126 6.349277 2.573744
v -2.834538 6.349277 2.540941
v -2.829904 6.349277 2.505737
v -2.834539 6.349277 2.470533
v -2.834539 6.349277 2.470533
v -2.869621 6.420857 2.479934
v -2.848126 6.349277 2.437730
v -2.879581 6.420857 2.455891
v -2.869741 6.349277 2.409561
v -2.895424 6.420857 2.435243
v -2.897911 6.349277 2.387945
v -2.916071 6.420857 2.419399
v -2.930715 6.349277 2.374357
v -2.940115 6.420857 2.409441
v -2.965918 6.349277 2.369723
v -2.965918 6.420857 2.406044
v -3.001120 6.349277 2.374357
v -2.991720 6.420857 2.409441
v -3.033925 6.349277 2.387945
v -3.015764 6.420857 2.419399
v -3.062094 6.349277 2.409561
v -3.036411 6.420857 2.435243
v -3.083709 6.349277 2.437730
v -3.052254 6.420857 2.455891
v -3.097296 6.349277 2.470533
v -3.062214 6.420857 2.479934
v -3.101931 6.349277 2.505737
v -3.065611 6.420857 2.505737
v -3.097296 6.349277 2.540941
v -3.062214 6.420857 2.531539
v -3.083709 6.349277 2.573744
v -3.052254 6.420857 2.555583
v -3.062094 6.349277 2.601913
v -3.036411 6.420857 2.576231
v -3.033925 6.349277 2.623529
v -3.015764 6.420857 2.592075
v -3.001120 6.349277 2.637117
v -2.991720 6.420857 2.602034
v -2.965918 6.349277 2.641751
v -2.965918 6.420857 2.605430
v -2.930715 6.349277 2.637117
v -2.940115 6.420857 2.602034
v -2.897911 6.349277 2.623529
v -2.916071 6.420857 2.592075
v -2.869741 6.349277 2.601913
v -2.895424 6.420857 2.576231
v -2.848126 6.349277 2.573744
v -2.879581 6.420857 2.555583
v -2.834538 6.349277 2.540941
v -2.869621 6.420857 2.531539
v -2.829904 6.349277 2.505737
v -2.866224 6.420857 2.505737
v -2.834539 6.349277 2.470533
v -2.869621 6.420857 2.479934
v -2.965918 6.420857 2.505737
v -2.965918 6.420857 2.505737
v -2.965918 6.420857 2.505737
v -2.965918 6.420857 2.505737
v -2.965918 6.420857 2.505737
v -2.965918 6.420857 2.505737
v -2.965918 6.420857 2.505737
v -2.965918 6.420857 2.505737
v -2.965918 6.420857 2.505737
v -2.965918 6.420857 2.505737
v -2.965918 6.420857 2.505737
v -2.965918 6.420857 2.505737
v -2.965918 6.420857 2.505737
v -2.965918 6.420857 2.505737
v -2.965918 6.420857 2.505737
v -2.965918 6.420857 2.505737
v -2.965918 6.420857 2.505737
v -2.965918 6.420857 2.505737
v -2.965918 6.420857 2.505737
v -2.965918 6.420857 2.505737
v -2.965918 6.420857 2.505737
v -2.965918 6.420857 2.505737
v -2.965918 6.420857 2.505737
v -2.965918 6.420857 2.505737
v -2.983995 6.414722 2.523814
v -2.983995 6.994764 2.523814
v -2.965918 6.414722 2.530432
v -2.965918 6.994764 2.530432
v -2.983995 6.994764 2.487659
v -2.983995 6.414722 2.487659
v -2.965918 6.994764 2.481042
v -2.965918 6.414722 2.481042
v -2.990613 6.414722 2.505737
v -2.965918 6.414722 2.481042
v -2.947840 6.414722 2.487659
v -2.983995 6.414722 2.523814
v -2.941223 6.414722 2.505737
v -2.965918 6.414722 2.530432
v -2.947840 6.414722 2.523814
v -2.947840 6.414722 2.523814
v -2.947840 6.994764 2.523814
v -2.941223 6.414722 2.505737
v -2.941223 6.994764 2.505737
v -2.990613 6.414722 2.505737
v -2.990613 6.994764 2.505737
v -2.983995 6.414722 2.487659
v -2.983995 6.994764 2.487659
v -2.965918 6.994764 2.481042
v -2.947840 6.994764 2.487659
v -2.947840 6.414722 2.487659
v -2.947840 6.994764 2.487659
v -2.869621 6.923261 2.531539
v -2.895424 6.923259 2.576231
v -2.834539 6.994838 2.540941
v -2.869741 6.994840 2.601913
v -2.940115 6.923259 2.602034
v -2.930715 6.994840 2.637117
v -2.991720 6.923259 2.602034
v -3.001120 6.994840 2.637117
v -3.036411 6.923259 2.576231
v -3.062094 6.994840 2.601913
v -3.062214 6.923261 2.531539
v -3.097296 6.994837 2.540941
v -3.062214 6.923258 2.479934
v -3.097296 6.994840 2.470535
v -3.036411 6.923258 2.435243
v -3.062094 6.994840 2.409561
v -2.991720 6.923259 2.409441
v -3.001120 6.994840 2.374357
v -2.940115 6.923259 2.409441
v -2.930715 6.994840 2.374357
v -2.895424 6.923258 2.435243
v -2.869741 6.994840 2.409561
v -2.869621 6.923258 2.479934
v -2.834538 6.994840 2.470535
v -2.869621 6.923261 2.531539
v -2.834539 6.994838 2.540941
v -2.965918 6.923257 2.505737
v -2.965918 6.923257 2.505737
v -2.965918 6.923257 2.505737
v -2.965918 6.923257 2.505737
v -2.965918 6.923257 2.505737
v -2.965918 6.923257 2.505737
v -2.965918 6.923257 2.505737
v -2.965918 6.923257 2.505737
v -2.965918 6.923257 2.505737
v -2.965918 6.923257 2.505737
v -2.965918 6.923257 2.505737
v -2.965918 6.923257 2.505737
v -2.584928 5.930670 -2.465770
v -2.604577 5.930670 -2.454424
v -2.540979 5.930670 -2.359667
v -2.562895 5.930670 -2.353794
v -2.654841 5.930670 -2.556881
v -2.670885 5.930670 -2.540838
v -2.745953 5.930670 -2.626793
v -2.757297 5.930670 -2.607146
v -2.852055 5.930670 -2.670744
v -2.857928 5.930670 -2.648827
v -2.965918 5.930670 -2.685734
v -2.965918 5.930670 -2.663044
v -3.079779 5.930670 -2.670744
v -3.073907 5.930670 -2.648827
v -3.185882 5.930670 -2.626795
v -3.174538 5.930670 -2.607146
v -3.276994 5.930670 -2.556881
v -3.260951 5.930670 -2.540838
v -3.346907 5.930670 -2.465770
v -3.327258 5.930670 -2.454424
v -3.390857 5.930670 -2.359667
v -3.368940 5.930670 -2.353794
v -3.405847 5.930670 -2.245805
v -3.383157 5.930670 -2.245805
v -3.390857 5.930670 -2.131942
v -3.368940 5.930670 -2.137815
v -3.346907 5.930670 -2.025840
v -3.327258 5.930670 -2.037185
v -3.276994 5.930670 -1.934729
v -3.260951 5.930670 -1.950772
v -3.185882 5.930670 -1.864813
v -3.174538 5.930670 -1.884465
v -3.079780 5.930670 -1.820866
v -3.073907 5.930670 -1.842781
v -2.965918 5.930670 -1.805876
v -2.965918 5.930670 -1.828564
v -2.852055 5.930670 -1.820866
v -2.857928 5.930670 -1.842781
v -2.745953 5.930670 -1.864813
v -2.757297 5.930670 -1.884465
v -2.654840 5.930670 -1.934729
v -2.670885 5.930670 -1.950772
v -2.584928 5.930670 -2.025840
v -2.604577 5.930670 -2.037185
v -2.540979 5.930670 -2.131942
v -2.562894 5.930670 -2.137815
v -2.525988 5.930670 -2.245805
v -2.548677 5.930670 -2.245805
v -2.540979 5.930670 -2.359667
v -2.562895 5.930670 -2.353794
v -2.621520 6.059883 -2.444643
v -2.672955 6.176447 -2.414947
v -2.581791 6.059883 -2.348732
v -2.639160 6.176447 -2.333360
v -2.684718 6.059883 -2.527004
v -2.726715 6.176447 -2.485007
v -2.767079 6.059883 -2.590203
v -2.796775 6.176447 -2.538768
v -2.862991 6.059883 -2.629931
v -2.878363 6.176447 -2.572562
v -2.965918 6.059883 -2.643481
v -2.965918 6.176447 -2.584089
v -3.068844 6.059883 -2.629931
v -3.053472 6.176447 -2.572562
v -3.164756 6.059883 -2.590203
v -3.135059 6.176447 -2.538768
v -3.247117 6.059883 -2.527004
v -3.205121 6.176447 -2.485007
v -3.310316 6.059883 -2.444643
v -3.258880 6.176447 -2.414947
v -3.350044 6.059883 -2.348732
v -3.292675 6.176447 -2.333360
v -3.363594 6.059883 -2.245805
v -3.304202 6.176447 -2.245805
v -3.350044 6.059883 -2.142878
v -3.292675 6.176447 -2.158249
v -3.310316 6.059883 -2.046966
v -3.258880 6.176447 -2.076663
v -3.247117 6.059883 -1.964605
v -3.205121 6.176447 -2.006602
v -3.164756 6.059883 -1.901407
v -3.135060 6.176447 -1.952842
v -3.068844 6.059883 -1.861679
v -3.053472 6.176447 -1.919047
v -2.965918 6.059883 -1.848129
v -2.965918 6.176447 -1.907519
v -2.862991 6.059883 -1.861679
v -2.878363 6.176447 -1.919047
v -2.767079 6.059883 -1.901407
v -2.796775 6.176447 -1.952842
v -2.684718 6.059883 -1.964605
v -2.726715 6.176447 -2.006602
v -2.621520 6.059883 -2.046966
v -2.672955 6.176447 -2.076663
v -2.581791 6.059883 -2.142878
v -2.639160 6.176447 -2.158249
v -2.568241 6.059883 -2.245805
v -2.627634 6.176447 -2.245805
v -2.581791 6.059883 -2.348732
v -2.639160 6.176447 -2.333360
v -2.753068 6.268954 -2.368693
v -2.728514 6.268954 -2.309417
v -2.792126 6.268954 -2.419596
v -2.843029 6.268954 -2.458654
v -2.902306 6.268954 -2.483207
v -2.965918 6.268954 -2.491582
v -3.029530 6.268954 -2.483207
v -3.088807 6.268954 -2.458654
v -3.139709 6.268954 -2.419596
v -3.178767 6.268954 -2.368693
v -3.203321 6.268954 -2.309417
v -3.211695 6.268954 -2.245805
v -3.203321 6.268954 -2.182192
v -3.178767 6.268954 -2.122917
v -3.139709 6.268954 -2.072014
v -3.088807 6.268954 -2.032956
v -3.029530 6.268954 -2.008401
v -2.965918 6.268954 -2.000026
v -2.902306 6.268954 -2.008401
v -2.843029 6.268954 -2.032956
v -2.792126 6.268954 -2.072014
v -2.753068 6.268954 -2.122917
v -2.728514 6.268954 -2.182192
v -2.720140 6.268954 -2.245805
v -2.728514 6.268954 -2.309417
v -2.854016 6.328347 -2.310410
v -2.841107 6.328347 -2.279247
v -2.874550 6.328347 -2.337173
v -2.901311 6.328347 -2.357707
v -2.932475 6.328347 -2.370615
v -2.965918 6.328347 -2.375017
v -2.999360 6.328347 -2.370615
v -3.030524 6.328347 -2.357707
v -3.057285 6.328347 -2.337173
v -3.077820 6.328347 -2.310412
v -3.090728 6.328347 -2.279247
v -3.095131 6.328347 -2.245805
v -3.090728 6.328347 -2.212362
v -3.077820 6.328347 -2.181197
v -3.057285 6.328347 -2.154436
v -3.030524 6.328347 -2.133903
v -2.999360 6.328347 -2.120994
v -2.965918 6.328347 -2.116592
v -2.932475 6.328347 -2.120994
v -2.901311 6.328347 -2.133903
v -2.874550 6.328347 -2.154436
v -2.854016 6.328347 -2.181197
v -2.841107 6.328347 -2.212362
v -2.836704 6.328347 -2.245805
v -2.841107 6.328347 -2.279247
v -2.902735 6.343664 -2.262735
v -2.909269 6.343664 -2.278510
v -2.919664 6.343664 -2.292058
v -2.933211 6.343664 -2.302453
v -2.948988 6.343664 -2.308989
v -2.965918 6.343664 -2.311216
v -2.982847 6.343664 -2.308989
v -2.998623 6.343664 -2.302453
v -3.012171 6.343664 -2.292058
v -3.022566 6.343664 -2.278510
v -3.029100 6.343664 -2.262735
v -3.031329 6.343664 -2.245805
v -3.029100 6.343664 -2.228875
v -3.022566 6.343664 -2.213099
v -3.012171 6.343664 -2.199553
v -2.998623 6.343664 -2.189157
v -2.982848 6.343664 -2.182621
v -2.965918 6.343664 -2.180394
v -2.948988 6.343664 -2.182621
v -2.933211 6.343664 -2.189157
v -2.919664 6.343664 -2.199553
v -2.909269 6.343664 -2.213099
v -2.902735 6.343664 -2.228875
v -2.900506 6.343664 -2.245805
v -2.902735 6.343664 -2.262735
v -2.965918 6.348812 -2.245805
v -2.965918 6.348812 -2.245805
v -2.965918 6.348812 -2.245805
v -2.965918 6.348812 -2.245805
v -2.965918 6.348812 -2.245805
v -2.965918 6.348812 -2.245805
v -2.965918 6.348812 -2.245805
v -2.965918 6.348812 -2.245805
v -2.965918 6.348812 -2.245805
v -2.965918 6.348812 -2.245805
v -2.965918 6.348812 -2.245805
v -2.965918 6.348812 -2.245805
v -2.965918 6.348812 -2.245805
v -2.965918 6.348812 -2.245805
v -2.965918 6.348812 -2.245805
v -2.965918 6.348812 -2.245805
v -2.965918 6.348812 -2.245805
v -2.965918 6.348812 -2.245805
v -2.965918 6.348812 -2.245805
v -2.965918 6.348812 -2.245805
v -2.965918 6.348812 -2.245805
v -2.965918 6.348812 -2.245805
v -2.965918 6.348812 -2.245805
v -2.965918 6.348812 -2.245805
v -2.584928 5.930670 -2.465770
v -2.540979 5.930670 -2.359667
v -2.603393 6.066684 -2.455108
v -2.561574 6.066684 -2.354148
v -2.654841 5.930670 -2.556881
v -2.669918 6.066684 -2.541804
v -2.745953 5.930670 -2.626793
v -2.756614 6.066684 -2.608329
v -2.852055 5.930670 -2.670744
v -2.857574 6.066684 -2.650147
v -2.965918 5.930670 -2.685734
v -2.965918 6.066684 -2.664412
v -3.079779 5.930670 -2.670744
v -3.074261 6.066684 -2.650147
v -3.185882 5.930670 -2.626795
v -3.175221 6.066684 -2.608329
v -3.276994 5.930670 -2.556881
v -3.261918 6.066684 -2.541804
v -3.346907 5.930670 -2.465770
v -3.328442 6.066684 -2.455108
v -3.390857 5.930670 -2.359667
v -3.370261 6.066684 -2.354148
v -3.405847 5.930670 -2.245805
v -3.384525 6.066684 -2.245805
v -3.390857 5.930670 -2.131942
v -3.370261 6.066684 -2.137462
v -3.346907 5.930670 -2.025840
v -3.328442 6.066684 -2.036502
v -3.276994 5.930670 -1.934729
v -3.261918 6.066684 -1.949804
v -3.185882 5.930670 -1.864813
v -3.175221 6.066684 -1.883279
v -3.079780 5.930670 -1.820866
v -3.074261 6.066684 -1.841461
v -2.965918 5.930670 -1.805876
v -2.965918 6.066684 -1.827198
v -2.852055 5.930670 -1.820866
v -2.857574 6.066684 -1.841459
v -2.745953 5.930670 -1.864813
v -2.756614 6.066684 -1.883279
v -2.654840 5.930670 -1.934729
v -2.669918 6.066684 -1.949804
v -2.584928 5.930670 -2.025840
v -2.603393 6.066684 -2.036502
v -2.540979 5.930670 -2.131942
v -2.561574 6.066684 -2.137462
v -2.525988 5.930670 -2.245805
v -2.547310 6.066684 -2.245805
v -2.540979 5.930670 -2.359667
v -2.561574 6.066684 -2.354148
v -2.657536 6.189383 -2.423849
v -2.621963 6.189383 -2.337968
v -2.714125 6.189383 -2.497597
v -2.787874 6.189383 -2.554186
v -2.873755 6.189383 -2.589759
v -2.965918 6.189383 -2.601893
v -3.058080 6.189383 -2.589759
v -3.143962 6.189383 -2.554186
v -3.217710 6.189383 -2.497597
v -3.274299 6.189383 -2.423849
v -3.309872 6.189383 -2.337968
v -3.322006 6.189383 -2.245805
v -3.309872 6.189383 -2.153641
v -3.274299 6.189383 -2.067760
v -3.217710 6.189383 -1.994012
v -3.143962 6.189383 -1.937423
v -3.058080 6.189383 -1.901850
v -2.965918 6.189383 -1.889717
v -2.873755 6.189383 -1.901850
v -2.787874 6.189383 -1.937423
v -2.714125 6.189383 -1.994012
v -2.657536 6.189383 -2.067760
v -2.621962 6.189383 -2.153641
v -2.609829 6.189383 -2.245805
v -2.621963 6.189383 -2.337968
v -2.741865 6.286758 -2.375161
v -2.716020 6.286758 -2.312764
v -2.782980 6.286758 -2.428743
v -2.836561 6.286758 -2.469857
v -2.898957 6.286758 -2.495703
v -2.965918 6.286758 -2.504518
v -3.032877 6.286758 -2.495703
v -3.095274 6.286758 -2.469857
v -3.148856 6.286758 -2.428743
v -3.189970 6.286758 -2.375161
v -3.215815 6.286758 -2.312764
v -3.224631 6.286758 -2.245805
v -3.215815 6.286758 -2.178845
v -3.189970 6.286758 -2.116449
v -3.148856 6.286758 -2.062867
v -3.095274 6.286758 -2.021751
v -3.032878 6.286758 -1.995906
v -2.965918 6.286758 -1.987091
v -2.898958 6.286758 -1.995906
v -2.836561 6.286758 -2.021751
v -2.782980 6.286758 -2.062867
v -2.741865 6.286758 -2.116449
v -2.716019 6.286758 -2.178845
v -2.707204 6.286758 -2.245805
v -2.716020 6.286758 -2.312764
v -2.848126 6.349277 -2.313812
v -2.834539 6.349277 -2.281009
v -2.869741 6.349277 -2.341980
v -2.897911 6.349277 -2.363596
v -2.930715 6.349277 -2.377184
v -2.965918 6.349277 -2.381819
v -3.001120 6.349277 -2.377184
v -3.033925 6.349277 -2.363596
v -3.062094 6.349277 -2.341980
v -3.083709 6.349277 -2.313812
v -3.097296 6.349277 -2.281009
v -3.101931 6.349277 -2.245805
v -3.097296 6.349277 -2.210602
v -3.083709 6.349277 -2.177798
v -3.062094 6.349277 -2.149629
v -3.033925 6.349277 -2.128013
v -3.001120 6.349277 -2.114425
v -2.965918 6.349277 -2.109791
v -2.930715 6.349277 -2.114425
v -2.897911 6.349277 -2.128013
v -2.869741 6.349277 -2.149629
v -2.848126 6.349277 -2.177798
v -2.834538 6.349277 -2.210602
v -2.829904 6.349277 -2.245805
v -2.834539 6.349277 -2.281009
v -2.834539 6.349277 -2.281009
v -2.869621 6.420857 -2.271608
v -2.848126 6.349277 -2.313812
v -2.879581 6.420857 -2.295650
v -2.869741 6.349277 -2.341980
v -2.895424 6.420857 -2.316298
v -2.897911 6.349277 -2.363596
v -2.916071 6.420857 -2.332142
v -2.930715 6.349277 -2.377184
v -2.940115 6.420857 -2.342101
v -2.965918 6.349277 -2.381819
v -2.965918 6.420857 -2.345498
v -3.001120 6.349277 -2.377184
v -2.991720 6.420857 -2.342101
v -3.033925 6.349277 -2.363596
v -3.015764 6.420857 -2.332142
v -3.062094 6.349277 -2.341980
v -3.036411 6.420857 -2.316298
v -3.083709 6.349277 -2.313812
v -3.052254 6.420857 -2.295650
v -3.097296 6.349277 -2.281009
v -3.062214 6.420857 -2.271608
v -3.101931 6.349277 -2.245805
v -3.065611 6.420857 -2.245805
v -3.097296 6.349277 -2.210602
v -3.062214 6.420857 -2.220002
v -3.083709 6.349277 -2.177798
v -3.052254 6.420857 -2.195958
v -3.062094 6.349277 -2.149629
v -3.036411 6.420857 -2.175310
v -3.033925 6.349277 -2.128013
v -3.015764 6.420857 -2.159467
v -3.001120 6.349277 -2.114425
v -2.991720 6.420857 -2.149508
v -2.965918 6.349277 -2.109791
v -2.965918 6.420857 -2.146111
v -2.930715 6.349277 -2.114425
v -2.940115 6.420857 -2.149508
v -2.897911 6.349277 -2.128013
v -2.916071 6.420857 -2.159467
v -2.869741 6.349277 -2.149629
v -2.895424 6.420857 -2.175310
v -2.848126 6.349277 -2.177798
v -2.879581 6.420857 -2.195958
v -2.834538 6.349277 -2.210602
v -2.869621 6.420857 -2.220002
v -2.829904 6.349277 -2.245805
v -2.866224 6.420857 -2.245805
v -2.834539 6.349277 -2.281009
v -2.869621 6.420857 -2.271608
v -2.965918 6.420857 -2.245805
v -2.965918 6.420857 -2.245805
v -2.965918 6.420857 -2.245805
v -2.965918 6.420857 -2.245805
v -2.965918 6.420857 -2.245805
v -2.965918 6.420857 -2.245805
v -2.965918 6.420857 -2.245805
v -2.965918 6.420857 -2.245805
v -2.965918 6.420857 -2.245805
v -2.965918 6.420857 -2.245805
v -2.965918 6.420857 -2.245805
v -2.965918 6.420857 -2.245805
v -2.965918 6.420857 -2.245805
v -2.965918 6.420857 -2.245805
v -2.965918 6.420857 -2.245805
v -2.965918 6.420857 -2.245805
v -2.965918 6.420857 -2.245805
v -2.965918 6.420857 -2.245805
v -2.965918 6.420857 -2.245805
v -2.965918 6.420857 -2.245805
v -2.965918 6.420857 -2.245805
v -2.965918 6.420857 -2.245805
v -2.965918 6.420857 -2.245805
v -2.965918 6.420857 -2.245805
v -2.983995 6.414722 -2.227727
v -2.983995 6.994764 -2.227727
v -2.965918 6.414722 -2.221110
v -2.965918 6.994764 -2.221110
v -2.983995 6.994764 -2.263882
v -2.983995 6.414722 -2.263882
v -2.965918 6.994764 -2.270499
v -2.965918 6.414722 -2.270499
v -2.990613 6.414722 -2.245805
v -2.965918 6.414722 -2.270499
v -2.947840 6.414722 -2.263882
v -2.983995 6.414722 -2.227727
v -2.941223 6.414722 -2.245805
v -2.965918 6.414722 -2.221110
v -2.947840 6.414722 -2.227727
v -2.947840 6.414722 -2.227727
v -2.947840 6.994764 -2.227727
v -2.941223 6.414722 -2.245805
v -2.941223 6.994764 -2.245805
v -2.990613 6.414722 -2.245805
v -2.990613 6.994764 -2.245805
v -2.983995 6.414722 -2.263882
v -2.983995 6.994764 -2.263882
v -2.965918 6.994764 -2.270499
v -2.947840 6.994764 -2.263882
v -2.947840 6.414722 -2.263882
v -2.947840 6.994764 -2.263882
v -2.869621 6.923261 -2.220002
v -2.895424 6.923259 -2.175310
v -2.834539 6.994838 -2.210602
v -2.869741 6.994840 -2.149629
v -2.940115 6.923259 -2.149508
v -2.930715 6.994840 -2.114425
v -2.991720 6.923259 -2.149508
v -3.001120 6.994840 -2.114425
v -3.036411 6.923259 -2.175310
v -3.062094 6.994840 -2.149629
v -3.062214 6.923261 -2.220002
v -3.097296 6.994837 -2.210602
v -3.062214 6.923258 -2.271608
v -3.097296 6.994840 -2.281006
v -3.036411 6.923258 -2.316298
v -3.062094 6.994840 -2.341980
v -2.991720 6.923259 -2.342101
v -3.001120 6.994840 -2.377184
v -2.940115 6.923259 -2.342101
v -2.930715 6.994840 -2.377184
v -2.895424 6.923258 -2.316298
v -2.869741 6.994840 -2.341980
v -2.869621 6.923258 -2.271608
v -2.834538 6.994840 -2.281006
v -2.869621 6.923261 -2.220002
v -2.834539 6.994838 -2.210602
v -2.965918 6.923257 -2.245805
v -2.965918 6.923257 -2.245805
v -2.965918 6.923257 -2.245805
v -2.965918 6.923257 -2.245805
v -2.965918 6.923257 -2.245805
v -2.965918 6.923257 -2.245805
v -2.965918 6.923257 -2.245805
v -2.965918 6.923257 -2.245805
v -2.965918 6.923257 -2.245805
v -2.965918 6.923257 -2.245805
v -2.965918 6.923257 -2.245805
v -2.965918 6.923257 -2.245805
v 3.806844 5.930670 -2.465770
v 3.787195 5.930670 -2.454424
v 3.850794 5.930670 -2.359667
v 3.828878 5.930670 -2.353794
v 3.736932 5.930670 -2.556881
v 3.720888 5.930670 -2.540838
v 3.645819 5.930670 -2.626793
v 3.634475 5.930670 -2.607146
v 3.539717 5.930670 -2.670744
v 3.533844 5.930670 -2.648827
v 3.425855 5.930670 -2.685734
v 3.425855 5.930670 -2.663044
v 3.311993 5.930670 -2.670744
v 3.317865 5.930670 -2.648827
v 3.205890 5.930670 -2.626795
v 3.217235 5.930670 -2.607146
v 3.114778 5.930670 -2.556881
v 3.130821 5.930670 -2.540838
v 3.044865 5.930670 -2.465770
v 3.064514 5.930670 -2.454424
v 3.000916 5.930670 -2.359667
v 3.022832 5.930670 -2.353794
v 2.985925 5.930670 -2.245805
v 3.008615 5.930670 -2.245805
v 3.000916 5.930670 -2.131942
v 3.022832 5.930670 -2.137815
v 3.044865 5.930670 -2.025840
v 3.064514 5.930670 -2.037185
v 3.114778 5.930670 -1.934729
v 3.130821 5.930670 -1.950772
v 3.205890 5.930670 -1.864813
v 3.217235 5.930670 -1.884465
v 3.311993 5.930670 -1.820866
v 3.317865 5.930670 -1.842781
v 3.425855 5.930670 -1.805876
v 3.425855 5.930670 -1.828564
v 3.539717 5.930670 -1.820866
v 3.533844 5.930670 -1.842781
v 3.645819 5.930670 -1.864813
v 3.634475 5.930670 -1.884465
v 3.736932 5.930670 -1.934729
v 3.720888 5.930670 -1.950772
v 3.806844 5.930670 -2.025840
v 3.787196 5.930670 -2.037185
v 3.850794 5.930670 -2.131942
v 3.828878 5.930670 -2.137815
v 3.865784 5.930670 -2.245805
v 3.843095 5.930670 -2.245805
v 3.850794 5.930670 -2.359667
v 3.828878 5.930670 -2.353794
v 3.770253 6.059883 -2.444643
v 3.718817 6.176447 -2.414947
v 3.809981 6.059883 -2.348732
v 3.752612 6.176447 -2.333360
v 3.707054 6.059883 -2.527004
v 3.665058 6.176447 -2.485007
v 3.624693 6.059883 -2.590203
v 3.594997 6.176447 -2.538768
v 3.528781 6.059883 -2.629931
v 3.513409 6.176447 -2.572562
v 3.425855 6.059883 -2.643481
v 3.425855 6.176447 -2.584089
v 3.322929 6.059883 -2.629931
v 3.338301 6.176447 -2.572562
v 3.227016 6.059883 -2.590203
v 3.256713 6.176447 -2.538768
v 3.144655 6.059883 -2.527004
v 3.186652 6.176447 -2.485007
v 3.081457 6.059883 -2.444643
v 3.132892 6.176447 -2.414947
v 3.041729 6.059883 -2.348732
v 3.099097 6.176447 -2.333360
v 3.028178 6.059883 -2.245805
v 3.087571 6.176447 -2.245805
v 3.041729 6.059883 -2.142878
v 3.099097 6.176447 -2.158249
v 3.081457 6.059883 -2.046966
v 3.132892 6.176447 -2.076663
v 3.144655 6.059883 -1.964605
v 3.186652 6.176447 -2.006602
v 3.227016 6.059883 -1.901407
v 3.256713 6.176447 -1.952842
v 3.322929 6.059883 -1.861679
v 3.338301 6.176447 -1.919047
v 3.425855 6.059883 -1.848129
v 3.425855 6.176447 -1.907519
v 3.528781 6.059883 -1.861679
v 3.513409 6.176447 -1.919047
v 3.624693 6.059883 -1.901407
v 3.594997 6.176447 -1.952842
v 3.707055 6.059883 -1.964605
v 3.665058 6.176447 -2.006602
v 3.770253 6.059883 -2.046966
v 3.718817 6.176447 -2.076663
v 3.809981 6.059883 -2.142878
v 3.752612 6.176447 -2.158249
v 3.823532 6.059883 -2.245805
v 3.764138 6.176447 -2.245805
v 3.809981 6.059883 -2.348732
v 3.752612 6.176447 -2.333360
v 3.638704 6.268954 -2.368693
v 3.663258 6.268954 -2.309417
v 3.599646 6.268954 -2.419596
v 3.548744 6.268954 -2.458654
v 3.489467 6.268954 -2.483207
v 3.425855 6.268954 -2.491582
v 3.362242 6.268954 -2.483207
v 3.302966 6.268954 -2.458654
v 3.252064 6.268954 -2.419596
v 3.213005 6.268954 -2.368693
v 3.188452 6.268954 -2.309417
v 3.180077 6.268954 -2.245805
v 3.188452 6.268954 -2.182192
v 3.213005 6.268954 -2.122917
v 3.252064 6.268954 -2.072014
v 3.302966 6.268954 -2.032956
v 3.362242 6.268954 -2.008401
v 3.425855 6.268954 -2.000026
v 3.489467 6.268954 -2.008401
v 3.548744 6.268954 -2.032956
v 3.599646 6.268954 -2.072014
v 3.638704 6.268954 -2.122917
v 3.663258 6.268954 -2.182192
v 3.671633 6.268954 -2.245805
v 3.663258 6.268954 -2.309417
v 3.537756 6.328347 -2.310410
v 3.550665 6.328347 -2.279247
v 3.517222 6.328347 -2.337173
v 3.490461 6.328347 -2.357707
v 3.459297 6.328347 -2.370615
v 3.425855 6.328347 -2.375017
v 3.392412 6.328347 -2.370615
v 3.361248 6.328347 -2.357707
v 3.334488 6.328347 -2.337173
v 3.313953 6.328347 -2.310412
v 3.301045 6.328347 -2.279247
v 3.296642 6.328347 -2.245805
v 3.301045 6.328347 -2.212362
v 3.313953 6.328347 -2.181197
v 3.334488 6.328347 -2.154436
v 3.361248 6.328347 -2.133903
v 3.392412 6.328347 -2.120994
v 3.425855 6.328347 -2.116592
v 3.459297 6.328347 -2.120994
v 3.490461 6.328347 -2.133903
v 3.517222 6.328347 -2.154436
v 3.537756 6.328347 -2.181197
v 3.550665 6.328347 -2.212362
v 3.555068 6.328347 -2.245805
v 3.550665 6.328347 -2.279247
v 3.489037 6.343664 -2.262735
v 3.482503 6.343664 -2.278510
v 3.472108 6.343664 -2.292058
v 3.458561 6.343664 -2.302453
v 3.442785 6.343664 -2.308989
v 3.425855 6.343664 -2.311216
v 3.408925 6.343664 -2.308989
v 3.393149 6.343664 -2.302453
v 3.379602 6.343664 -2.292058
v 3.369207 6.343664 -2.278510
v 3.362672 6.343664 -2.262735
v 3.360443 6.343664 -2.245805
v 3.362672 6.343664 -2.228875
v 3.369207 6.343664 -2.213099
v 3.379602 6.343664 -2.199553
v 3.393149 6.343664 -2.189157
v 3.408925 6.343664 -2.182621
v 3.425855 6.343664 -2.180394
v 3.442785 6.343664 -2.182621
v 3.458561 6.343664 -2.189157
v 3.472108 6.343664 -2.199553
v 3.482503 6.343664 -2.213099
v 3.489037 6.343664 -2.228875
v 3.491266 6.343664 -2.245805
v 3.489037 6.343664 -2.262735
v 3.425855 6.348812 -2.245805
v 3.425855 6.348812 -2.245805
v 3.425855 6.348812 -2.245805
v 3.425855 6.348812 -2.245805
v 3.425855 6.348812 -2.245805
v 3.425855 6.348812 -2.245805
v 3.425855 6.348812 -2.245805
v 3.425855 6.348812 -2.245805
v 3.425855 6.348812 -2.245805
v 3.425855 6.348812 -2.245805
v 3.425855 6.348812 -2.245805
v 3.425855 6.348812 -2.245805
v 3.425855 6.348812 -2.245805
v 3.425855 6.348812 -2.245805
v 3.425855 6.348812 -2.245805
v 3.425855 6.348812 -2.245805
v 3.425855 6.348812 -2.245805
v 3.425855 6.348812 -2.245805
v 3.425855 6.348812 -2.245805
v 3.425855 6.348812 -2.245805
v 3.425855 6.348812 -2.245805
v 3.425855 6.348812 -2.245805
v 3.425855 6.348812 -2.245805
v 3.425855 6.348812 -2.245805
v 3.806844 5.930670 -2.465770
v 3.850794 5.930670 -2.359667
v 3.788379 6.066684 -2.455108
v 3.830198 6.066684 -2.354148
v 3.736932 5.930670 -2.556881
v 3.721854 6.066684 -2.541804
v 3.645819 5.930670 -2.626793
v 3.635158 6.066684 -2.608329
v 3.539717 5.930670 -2.670744
v 3.534198 6.066684 -2.650147
v 3.425855 5.930670 -2.685734
v 3.425855 6.066684 -2.664412
v 3.311993 5.930670 -2.670744
v 3.317511 6.066684 -2.650147
v 3.205890 5.930670 -2.626795
v 3.216551 6.066684 -2.608329
v 3.114778 5.930670 -2.556881
v 3.129855 6.066684 -2.541804
v 3.044865 5.930670 -2.465770
v 3.063331 6.066684 -2.455108
v 3.000916 5.930670 -2.359667
v 3.021511 6.066684 -2.354148
v 2.985925 5.930670 -2.245805
v 3.007248 6.066684 -2.245805
v 3.000916 5.930670 -2.131942
v 3.021511 6.066684 -2.137462
v 3.044865 5.930670 -2.025840
v 3.063330 6.066684 -2.036502
v 3.114778 5.930670 -1.934729
v 3.129855 6.066684 -1.949804
v 3.205890 5.930670 -1.864813
v 3.216551 6.066684 -1.883279
v 3.311993 5.930670 -1.820866
v 3.317511 6.066684 -1.841461
v 3.425855 5.930670 -1.805876
v 3.425855 6.066684 -1.827198
v 3.539717 5.930670 -1.820866
v 3.534198 6.066684 -1.841459
v 3.645819 5.930670 -1.864813
v 3.635158 6.066684 -1.883279
v 3.736932 5.930670 -1.934729
v 3.721854 6.066684 -1.949804
v 3.806844 5.930670 -2.025840
v 3.788379 6.066684 -2.036502
v 3.850794 5.930670 -2.131942
v 3.830198 6.066684 -2.137462
v 3.865784 5.930670 -2.245805
v 3.844462 6.066684 -2.245805
v 3.850794 5.930670 -2.359667
v 3.830198 6.066684 -2.354148
v 3.734236 6.189383 -2.423849
v 3.769809 6.189383 -2.337968
v 3.677647 6.189383 -2.497597
v 3.603899 6.189383 -2.554186
v 3.518017 6.189383 -2.589759
v 3.425855 6.189383 -2.601893
v 3.333692 6.189383 -2.589759
v 3.247811 6.189383 -2.554186
v 3.174062 6.189383 -2.497597
v 3.117473 6.189383 -2.423849
v 3.081900 6.189383 -2.337968
v 3.069766 6.189383 -2.245805
v 3.081900 6.189383 -2.153641
v 3.117473 6.189383 -2.067760
v 3.174062 6.189383 -1.994012
v 3.247811 6.189383 -1.937423
v 3.333692 6.189383 -1.901850
v 3.425855 6.189383 -1.889717
v 3.518017 6.189383 -1.901850
v 3.603899 6.189383 -1.937423
v 3.677647 6.189383 -1.994012
v 3.734236 6.189383 -2.067760
v 3.769810 6.189383 -2.153641
v 3.781944 6.189383 -2.245805
v 3.769809 6.189383 -2.337968
v 3.649907 6.286758 -2.375161
v 3.675752 6.286758 -2.312764
v 3.608793 6.286758 -2.428743
v 3.555211 6.286758 -2.469857
v 3.492815 6.286758 -2.495703
v 3.425855 6.286758 -2.504518
v 3.358895 6.286758 -2.495703
v 3.296498 6.286758 -2.469857
v 3.242917 6.286758 -2.428743
v 3.201802 6.286758 -2.375161
v 3.175957 6.286758 -2.312764
v 3.167142 6.286758 -2.245805
v 3.175957 6.286758 -2.178845
v 3.201802 6.286758 -2.116449
v 3.242917 6.286758 -2.062867
v 3.296498 6.286758 -2.021751
v 3.358895 6.286758 -1.995906
v 3.425855 6.286758 -1.987091
v 3.492815 6.286758 -1.995906
v 3.555211 6.286758 -2.021751
v 3.608793 6.286758 -2.062867
v 3.649907 6.286758 -2.116449
v 3.675753 6.286758 -2.178845
v 3.684568 6.286758 -2.245805
v 3.675752 6.286758 -2.312764
v 3.543646 6.349277 -2.313812
v 3.557234 6.349277 -2.281009
v 3.522031 6.349277 -2.341980
v 3.493862 6.349277 -2.363596
v 3.461058 6.349277 -2.377184
v 3.425855 6.349277 -2.381819
v 3.390652 6.349277 -2.377184
v 3.357848 6.349277 -2.363596
v 3.329679 6.349277 -2.341980
v 3.308063 6.349277 -2.313812
v 3.294476 6.349277 -2.281009
v 3.289841 6.349277 -2.245805
v 3.294476 6.349277 -2.210602
v 3.308063 6.349277 -2.177798
v 3.329679 6.349277 -2.149629
v 3.357848 6.349277 -2.128013
v 3.390652 6.349277 -2.114425
v 3.425855 6.349277 -2.109791
v 3.461058 6.349277 -2.114425
v 3.493862 6.349277 -2.128013
v 3.522031 6.349277 -2.149629
v 3.543646 6.349277 -2.177798
v 3.557234 6.349277 -2.210602
v 3.561869 6.349277 -2.245805
v 3.557234 6.349277 -2.281009
v 3.557234 6.349277 -2.281009
v 3.522151 6.420857 -2.271608
v 3.543646 6.349277 -2.313812
v 3.512192 6.420857 -2.295650
v 3.522031 6.349277 -2.341980
v 3.496349 6.420857 -2.316298
v 3.493862 6.349277 -2.363596
v 3.475702 6.420857 -2.332142
v 3.461058 6.349277 -2.377184
v 3.451658 6.420857 -2.342101
v 3.425855 6.349277 -2.381819
v 3.425855 6.420857 -2.345498
v 3.390652 6.349277 -2.377184
v 3.400052 6.420857 -2.342101
v 3.357848 6.349277 -2.363596
v 3.376008 6.420857 -2.332142
v 3.329679 6.349277 -2.341980
v 3.355361 6.420857 -2.316298
v 3.308063 6.349277 -2.313812
v 3.339518 6.420857 -2.295650
v 3.294476 6.349277 -2.281009
v 3.329558 6.420857 -2.271608
v 3.289841 6.349277 -2.245805
v 3.326162 6.420857 -2.245805
v 3.294476 6.349277 -2.210602
v 3.329558 6.420857 -2.220002
v 3.308063 6.349277 -2.177798
v 3.339518 6.420857 -2.195958
v 3.329679 6.349277 -2.149629
v 3.355361 6.420857 -2.175310
v 3.357848 6.349277 -2.128013
v 3.376008 6.420857 -2.159467
v 3.390652 6.349277 -2.114425
v 3.400052 6.420857 -2.149508
v 3.425855 6.349277 -2.109791
v 3.425855 6.420857 -2.146111
v 3.461058 6.349277 -2.114425
v 3.451658 6.420857 -2.149508
v 3.493862 6.349277 -2.128013
v 3.475702 6.420857 -2.159467
v 3.522031 6.349277 -2.149629
v 3.496349 6.420857 -2.175310
v 3.543646 6.349277 -2.177798
v 3.512192 6.420857 -2.195958
v 3.557234 6.349277 -2.210602
v 3.522151 6.420857 -2.220002
v 3.561869 6.349277 -2.245805
v 3.525548 6.420857 -2.245805
v 3.557234 6.349277 -2.281009
v 3.522151 6.420857 -2.271608
v 3.425855 6.420857 -2.245805
v 3.425855 6.420857 -2.245805
v 3.425855 6.420857 -2.245805
v 3.425855 6.420857 -2.245805
v 3.425855 6.420857 -2.245805
v 3.425855 6.420857 -2.245805
v 3.425855 6.420857 -2.245805
v 3.425855 6.420857 -2.245805
v 3.425855 6.420857 -2.245805
v 3.425855 6.420857 -2.245805
v 3.425855 6.420857 -2.245805
v 3.425855 6.420857 -2.245805
v 3.425855 6.420857 -2.245805
v 3.425855 6.420857 -2.245805
v 3.425855 6.420857 -2.245805
v 3.425855 6.420857 -2.245805
v 3.425855 6.420857 -2.245805
v 3.425855 6.420857 -2.245805
v 3.425855 6.420857 -2.245805
v 3.425855 6.420857 -2.245805
v 3.425855 6.420857 -2.245805
v 3.425855 6.420857 -2.245805
v 3.425855 6.420857 -2.245805
v 3.425855 6.420857 -2.245805
v 3.407778 6.414722 -2.227727
v 3.407778 6.994764 -2.227727
v 3.425855 6.414722 -2.221110
v 3.425855 6.994764 -2.221110
v 3.407778 6.994764 -2.263882
v 3.407778 6.414722 -2.263882
v 3.425855 6.994764 -2.270499
v 3.425855 6.414722 -2.270499
v 3.401160 6.414722 -2.245805
v 3.425855 6.414722 -2.270499
v 3.443932 6.414722 -2.263882
v 3.407778 6.414722 -2.227727
v 3.450550 6.414722 -2.245805
v 3.425855 6.414722 -2.221110
v 3.443932 6.414722 -2.227727
v 3.443932 6.414722 -2.227727
v 3.443932 6.994764 -2.227727
v 3.450550 6.414722 -2.245805
v 3.450550 6.994764 -2.245805
v 3.401160 6.414722 -2.245805
v 3.401160 6.994764 -2.245805
v 3.407778 6.414722 -2.263882
v 3.407778 6.994764 -2.263882
v 3.425855 6.994764 -2.270499
v 3.443932 6.994764 -2.263882
v 3.443932 6.414722 -2.263882
v 3.443932 6.994764 -2.263882
v 3.522151 6.923261 -2.220002
v 3.496349 6.923259 -2.175310
v 3.557234 6.994838 -2.210602
v 3.522031 6.994840 -2.149629
v 3.451658 6.923259 -2.149508
v 3.461058 6.994840 -2.114425
v 3.400052 6.923259 -2.149508
v 3.390652 6.994840 -2.114425
v 3.355361 6.923259 -2.175310
v 3.329679 6.994840 -2.149629
v 3.329558 6.923261 -2.220002
v 3.294476 6.994837 -2.210602
v 3.329558 6.923258 -2.271608
v 3.294476 6.994840 -2.281006
v 3.355361 6.923258 -2.316298
v 3.329679 6.994840 -2.341980
v 3.400052 6.923259 -2.342101
v 3.390652 6.994840 -2.377184
v 3.451658 6.923259 -2.342101
v 3.461058 6.994840 -2.377184
v 3.496349 6.923258 -2.316298
v 3.522031 6.994840 -2.341980
v 3.522151 6.923258 -2.271608
v 3.557234 6.994840 -2.281006
v 3.522151 6.923261 -2.220002
v 3.557234 6.994838 -2.210602
v 3.425855 6.923257 -2.245805
v 3.425855 6.923257 -2.245805
v 3.425855 6.923257 -2.245805
v 3.425855 6.923257 -2.245805
v 3.425855 6.923257 -2.245805
v 3.425855 6.923257 -2.245805
v 3.425855 6.923257 -2.245805
v 3.425855 6.923257 -2.245805
v 3.425855 6.923257 -2.245805
v 3.425855 6.923257 -2.245805
v 3.425855 6.923257 -2.245805
v 3.425855 6.923257 -2.245805
v 3.806844 5.930670 2.285772
v 3.787195 5.930670 2.297117
v 3.850794 5.930670 2.391874
v 3.828878 5.930670 2.397748
v 3.736932 5.930670 2.194660
v 3.720888 5.930670 2.210704
v 3.645819 5.930670 2.124748
v 3.634475 5.930670 2.144396
v 3.539717 5.930670 2.080797
v 3.533844 5.930670 2.102714
v 3.425855 5.930670 2.065808
v 3.425855 5.930670 2.088497
v 3.311993 5.930670 2.080797
v 3.317865 5.930670 2.102714
v 3.205890 5.930670 2.124746
v 3.217235 5.930670 2.144396
v 3.114778 5.930670 2.194660
v 3.130821 5.930670 2.210704
v 3.044865 5.930670 2.285772
v 3.064514 5.930670 2.297117
v 3.000916 5.930670 2.391874
v 3.022832 5.930670 2.397748
v 2.985925 5.930670 2.505737
v 3.008615 5.930670 2.505737
v 3.000916 5.930670 2.619600
v 3.022832 5.930670 2.613726
v 3.044865 5.930670 2.725702
v 3.064514 5.930670 2.714356
v 3.114778 5.930670 2.816813
v 3.130821 5.930670 2.800770
v 3.205890 5.930670 2.886728
v 3.217235 5.930670 2.867076
v 3.311993 5.930670 2.930675
v 3.317865 5.930670 2.908760
v 3.425855 5.930670 2.945666
v 3.425855 5.930670 2.922977
v 3.539717 5.930670 2.930675
v 3.533844 5.930670 2.908760
v 3.645819 5.930670 2.886728
v 3.634475 5.930670 2.867076
v 3.736932 5.930670 2.816813
v 3.720888 5.930670 2.800770
v 3.806844 5.930670 2.725702
v 3.787196 5.930670 2.714356
v 3.850794 5.930670 2.619600
v 3.828878 5.930670 2.613726
v 3.865784 5.930670 2.505737
v 3.843095 5.930670 2.505737
v 3.850794 5.930670 2.391874
v 3.828878 5.930670 2.397748
v 3.770253 6.059883 2.306898
v 3.718817 6.176447 2.336595
v 3.809981 6.059883 2.402810
v 3.752612 6.176447 2.418182
v 3.707054 6.059883 2.224537
v 3.665058 6.176447 2.266534
v 3.624693 6.059883 2.161338
v 3.594997 6.176447 2.212774
v 3.528781 6.059883 2.121611
v 3.513409 6.176447 2.178979
v 3.425855 6.059883 2.108061
v 3.425855 6.176447 2.167453
v 3.322929 6.059883 2.121611
v 3.338301 6.176447 2.178979
v 3.227016 6.059883 2.161338
v 3.256713 6.176447 2.212774
v 3.144655 6.059883 2.224537
v 3.186652 6.176447 2.266534
v 3.081457 6.059883 2.306898
v 3.132892 6.176447 2.336595
v 3.041729 6.059883 2.402810
v 3.099097 6.176447 2.418182
v 3.028178 6.059883 2.505737
v 3.087571 6.176447 2.505737
v 3.041729 6.059883 2.608664
v 3.099097 6.176447 2.593292
v 3.081457 6.059883 2.704576
v 3.132892 6.176447 2.674879
v 3.144655 6.059883 2.786936
v 3.186652 6.176447 2.744940
v 3.227016 6.059883 2.850135
v 3.256713 6.176447 2.798699
v 3.322929 6.059883 2.889863
v 3.338301 6.176447 2.832495
v 3.425855 6.059883 2.903413
v 3.425855 6.176447 2.844022
v 3.528781 6.059883 2.889863
v 3.513409 6.176447 2.832495
v 3.624693 6.059883 2.850135
v 3.594997 6.176447 2.798699
v 3.707055 6.059883 2.786936
v 3.665058 6.176447 2.744940
v 3.770253 6.059883 2.704576
v 3.718817 6.176447 2.674879
v 3.809981 6.059883 2.608664
v 3.752612 6.176447 2.593292
v 3.823532 6.059883 2.505737
v 3.764138 6.176447 2.505737
v 3.809981 6.059883 2.402810
v 3.752612 6.176447 2.418182
v 3.638704 6.268954 2.382849
v 3.663258 6.268954 2.442125
v 3.599646 6.268954 2.331945
v 3.548744 6.268954 2.292887
v 3.489467 6.268954 2.268335
v 3.425855 6.268954 2.259959
v 3.362242 6.268954 2.268335
v 3.302966 6.268954 2.292887
v 3.252064 6.268954 2.331945
v 3.213005 6.268954 2.382849
v 3.188452 6.268954 2.442125
v 3.180077 6.268954 2.505737
v 3.188452 6.268954 2.569350
v 3.213005 6.268954 2.628625
v 3.252064 6.268954 2.679528
v 3.302966 6.268954 2.718586
v 3.362242 6.268954 2.743140
v 3.425855 6.268954 2.751515
v 3.489467 6.268954 2.743140
v 3.548744 6.268954 2.718586
v 3.599646 6.268954 2.679528
v 3.638704 6.268954 2.628625
v 3.663258 6.268954 2.569350
v 3.671633 6.268954 2.505737
v 3.663258 6.268954 2.442125
v 3.537756 6.328347 2.441132
v 3.550665 6.328347 2.472295
v 3.517222 6.328347 2.414369
v 3.490461 6.328347 2.393835
v 3.459297 6.328347 2.380926
v 3.425855 6.328347 2.376524
v 3.392412 6.328347 2.380926
v 3.361248 6.328347 2.393835
v 3.334488 6.328347 2.414369
v 3.313953 6.328347 2.441130
v 3.301045 6.328347 2.472295
v 3.296642 6.328347 2.505737
v 3.301045 6.328347 2.539180
v 3.313953 6.328347 2.570344
v 3.334488 6.328347 2.597105
v 3.361248 6.328347 2.617639
v 3.392412 6.328347 2.630548
v 3.425855 6.328347 2.634950
v 3.459297 6.328347 2.630548
v 3.490461 6.328347 2.617639
v 3.517222 6.328347 2.597105
v 3.537756 6.328347 2.570344
v 3.550665 6.328347 2.539180
v 3.555068 6.328347 2.505737
v 3.550665 6.328347 2.472295
v 3.489037 6.343664 2.488807
v 3.482503 6.343664 2.473032
v 3.472108 6.343664 2.459484
v 3.458561 6.343664 2.449089
v 3.442785 6.343664 2.442553
v 3.425855 6.343664 2.440325
v 3.408925 6.343664 2.442553
v 3.393149 6.343664 2.449089
v 3.379602 6.343664 2.459484
v 3.369207 6.343664 2.473032
v 3.362672 6.343664 2.488807
v 3.360443 6.343664 2.505737
v 3.362672 6.343664 2.522666
v 3.369207 6.343664 2.538443
v 3.379602 6.343664 2.551989
v 3.393149 6.343664 2.562385
v 3.408925 6.343664 2.568920
v 3.425855 6.343664 2.571148
v 3.442785 6.343664 2.568920
v 3.458561 6.343664 2.562385
v 3.472108 6.343664 2.551989
v 3.482503 6.343664 2.538443
v 3.489037 6.343664 2.522666
v 3.491266 6.343664 2.505737
v 3.489037 6.343664 2.488807
v 3.425855 6.348812 2.505737
v 3.425855 6.348812 2.505737
v 3.425855 6.348812 2.505737
v 3.425855 6.348812 2.505737
v 3.425855 6.348812 2.505737
v 3.425855 6.348812 2.505737
v 3.425855 6.348812 2.505737
v 3.425855 6.348812 2.505737
v 3.425855 6.348812 2.505737
v 3.425855 6.348812 2.505737
v 3.425855 6.348812 2.505737
v 3.425855 6.348812 2.505737
v 3.425855 6.348812 2.505737
v 3.425855 6.348812 2.505737
v 3.425855 6.348812 2.505737
v 3.425855 6.348812 2.505737
v 3.425855 6.348812 2.505737
v 3.425855 6.348812 2.505737
v 3.425855 6.348812 2.505737
v 3.425855 6.348812 2.505737
v 3.425855 6.348812 2.505737
v 3.425855 6.348812 2.505737
v 3.425855 6.348812 2.505737
v 3.425855 6.348812 2.505737
v 3.806844 5.930670 2.285772
v 3.850794 5.930670 2.391874
v 3.788379 6.066684 2.296434
v 3.830198 6.066684 2.397393
v 3.736932 5.930670 2.194660
v 3.721854 6.066684 2.209738
v 3.645819 5.930670 2.124748
v 3.635158 6.066684 2.143213
v 3.539717 5.930670 2.080797
v 3.534198 6.066684 2.101394
v 3.425855 5.930670 2.065808
v 3.425855 6.066684 2.087130
v 3.311993 5.930670 2.080797
v 3.317511 6.066684 2.101394
v 3.205890 5.930670 2.124746
v 3.216551 6.066684 2.143213
v 3.114778 5.930670 2.194660
v 3.129855 6.066684 2.209738
v 3.044865 5.930670 2.285772
v 3.063331 6.066684 2.296434
v 3.000916 5.930670 2.391874
v 3.021511 6.066684 2.397393
v 2.985925 5.930670 2.505737
v 3.007248 6.066684 2.505737
v 3.000916 5.930670 2.619600
v 3.021511 6.066684 2.614080
v 3.044865 5.930670 2.725702
v 3.063330 6.066684 2.715040
v 3.114778 5.930670 2.816813
v 3.129855 6.066684 2.801737
v 3.205890 5.930670 2.886728
v 3.216551 6.066684 2.868262
v 3.311993 5.930670 2.930675
v 3.317511 6.066684 2.910080
v 3.425855 5.930670 2.945666
v 3.425855 6.066684 2.924343
v 3.539717 5.930670 2.930675
v 3.534198 6.066684 2.910082
v 3.645819 5.930670 2.886728
v 3.635158 6.066684 2.868262
v 3.736932 5.930670 2.816813
v 3.721854 6.066684 2.801737
v 3.806844 5.930670 2.725702
v 3.788379 6.066684 2.715040
v 3.850794 5.930670 2.619600
v 3.830198 6.066684 2.614080
v 3.865784 5.930670 2.505737
v 3.844462 6.066684 2.505737
v 3.850794 5.930670 2.391874
v 3.830198 6.066684 2.397393
v 3.734236 6.189383 2.327693
v 3.769809 6.189383 2.413574
v 3.677647 6.189383 2.253944
v 3.603899 6.189383 2.197356
v 3.518017 6.189383 2.161783
v 3.425855 6.189383 2.149649
v 3.333692 6.189383 2.161783
v 3.247811 6.189383 2.197356
v 3.174062 6.189383 2.253944
v 3.117473 6.189383 2.327693
v 3.081900 6.189383 2.413574
v 3.069766 6.189383 2.505737
v 3.081900 6.189383 2.597900
v 3.117473 6.189383 2.683781
v 3.174062 6.189383 2.757529
v 3.247811 6.189383 2.814118
v 3.333692 6.189383 2.849692
v 3.425855 6.189383 2.861825
v 3.518017 6.189383 2.849692
v 3.603899 6.189383 2.814118
v 3.677647 6.189383 2.757529
v 3.734236 6.189383 2.683781
v 3.769810 6.189383 2.597900
v 3.781944 6.189383 2.505737
v 3.769809 6.189383 2.413574
v 3.649907 6.286758 2.376380
v 3.675752 6.286758 2.438777
v 3.608793 6.286758 2.322799
v 3.555211 6.286758 2.281684
v 3.492815 6.286758 2.255839
v 3.425855 6.286758 2.247024
v 3.358895 6.286758 2.255839
v 3.296498 6.286758 2.281684
v 3.242917 6.286758 2.322799
v 3.201802 6.286758 2.376380
v 3.175957 6.286758 2.438777
v 3.167142 6.286758 2.505737
v 3.175957 6.286758 2.572697
v 3.201802 6.286758 2.635093
v 3.242917 6.286758 2.688674
v 3.296498 6.286758 2.729790
v 3.358895 6.286758 2.755635
v 3.425855 6.286758 2.764450
v 3.492815 6.286758 2.755635
v 3.555211 6.286758 2.729790
v 3.608793 6.286758 2.688674
v 3.649907 6.286758 2.635093
v 3.675753 6.286758 2.572697
v 3.684568 6.286758 2.505737
v 3.675752 6.286758 2.438777
v 3.543646 6.349277 2.437730
v 3.557234 6.349277 2.470533
v 3.522031 6.349277 2.409561
v 3.493862 6.349277 2.387945
v 3.461058 6.349277 2.374357
v 3.425855 6.349277 2.369723
v 3.390652 6.349277 2.374357
v 3.357848 6.349277 2.387945
v 3.329679 6.349277 2.409561
v 3.308063 6.349277 2.437730
v 3.294476 6.349277 2.470533
v 3.289841 6.349277 2.505737
v 3.294476 6.349277 2.540941
v 3.308063 6.349277 2.573744
v 3.329679 6.349277 2.601913
v 3.357848 6.349277 2.623529
v 3.390652 6.349277 2.637117
v 3.425855 6.349277 2.641751
v 3.461058 6.349277 2.637117
v 3.493862 6.349277 2.623529
v 3.522031 6.349277 2.601913
v 3.543646 6.349277 2.573744
v 3.557234 6.349277 2.540941
v 3.561869 6.349277 2.505737
v 3.557234 6.349277 2.470533
v 3.557234 6.349277 2.470533
v 3.522151 6.420857 2.479934
v 3.543646 6.349277 2.437730
v 3.512192 6.420857 2.455891
v 3.522031 6.349277 2.409561
v 3.496349 6.420857 2.435243
v 3.493862 6.349277 2.387945
v 3.475702 6.420857 2.419399
v 3.461058 6.349277 2.374357
v 3.451658 6.420857 2.409441
v 3.425855 6.349277 2.369723
v 3.425855 6.420857 2.406044
v 3.390652 6.349277 2.374357
v 3.400052 6.420857 2.409441
v 3.357848 6.349277 2.387945
v 3.376008 6.420857 2.419399
v 3.329679 6.349277 2.409561
v 3.355361 6.420857 2.435243
v 3.308063 6.349277 2.437730
v 3.339518 6.420857 2.455891
v 3.294476 6.349277 2.470533
v 3.329558 6.420857 2.479934
v 3.289841 6.349277 2.505737
v 3.326162 6.420857 2.505737
v 3.294476 6.349277 2.540941
v 3.329558 6.420857 2.531539
v 3.308063 6.349277 2.573744
v 3.339518 6.420857 2.555583
v 3.329679 6.349277 2.601913
v 3.355361 6.420857 2.576231
v 3.357848 6.349277 2.623529
v 3.376008 6.420857 2.592075
v 3.390652 6.349277 2.637117
v 3.400052 6.420857 2.602034
v 3.425855 6.349277 2.641751
v 3.425855 6.420857 2.605430
v 3.461058 6.349277 2.637117
v 3.451658 6.420857 2.602034
v 3.493862 6.349277 2.623529
v 3.475702 6.420857 2.592075
v 3.522031 6.349277 2.601913
v 3.496349 6.420857 2.576231
v 3.543646 6.349277 2.573744
v 3.512192 6.420857 2.555583
v 3.557234 6.349277 2.540941
v 3.522151 6.420857 2.531539
v 3.561869 6.349277 2.505737
v 3.525548 6.420857 2.505737
v 3.557234 6.349277 2.470533
v 3.522151 6.420857 2.479934
v 3.425855 6.420857 2.505737
v 3.425855 6.420857 2.505737
v 3.425855 6.420857 2.505737
v 3.425855 6.420857 2.505737
v 3.425855 6.420857 2.505737
v 3.425855 6.420857 2.505737
v 3.425855 6.420857 2.505737
v 3.425855 6.420857 2.505737
v 3.425855 6.420857 2.505737
v 3.425855 6.420857 2.505737
v 3.425855 6.420857 2.505737
v 3.425855 6.420857 2.505737
v 3.425855 6.420857 2.505737
v 3.425855 6.420857 2.505737
v 3.425855 6.420857 2.505737
v 3.425855 6.420857 2.505737
v 3.425855 6.420857 2.505737
v 3.425855 6.420857 2.505737
v 3.425855 6.420857 2.505737
v 3.425855 6.420857 2.505737
v 3.425855 6.420857 2.505737
v 3.425855 6.420857 2.505737
v 3.425855 6.420857 2.505737
v 3.425855 6.420857 2.505737
v 3.407778 6.414722 2.523814
v 3.407778 6.994764 2.523814
v 3.425855 6.414722 2.530432
v 3.425855 6.994764 2.530432
v 3.407778 6.994764 2.487659
v 3.407778 6.414722 2.487659
v 3.425855 6.994764 2.481042
v 3.425855 6.414722 2.481042
v 3.401160 6.414722 2.505737
v 3.425855 6.414722 2.481042
v 3.443932 6.414722 2.487659
v 3.407778 6.414722 2.523814
v 3.450550 6.414722 2.505737
v 3.425855 6.414722 2.530432
v 3.443932 6.414722 2.523814
v 3.443932 6.414722 2.523814
v 3.443932 6.994764 2.523814
v 3.450550 6.414722 2.505737
v 3.450550 6.994764 2.505737
v 3.401160 6.414722 2.505737
v 3.401160 6.994764 2.505737
v 3.407778 6.414722 2.487659
v 3.407778 6.994764 2.487659
v 3.425855 6.994764 2.481042
v 3.443932 6.994764 2.487659
v 3.443932 6.414722 2.487659
v 3.443932 6.994764 2.487659
v 3.522151 6.923261 2.531539
v 3.496349 6.923259 2.576231
v 3.557234 6.994838 2.540941
v 3.522031 6.994840 2.601913
v 3.451658 6.923259 2.602034
v 3.461058 6.994840 2.637117
v 3.400052 6.923259 2.602034
v 3.390652 6.994840 2.637117
v 3.355361 6.923259 2.576231
v 3.329679 6.994840 2.601913
v 3.329558 6.923261 2.531539
v 3.294476 6.994837 2.540941
v 3.329558 6.923258 2.479934
v 3.294476 6.994840 2.470535
v 3.355361 6.923258 2.435243
v 3.329679 6.994840 2.409561
v 3.400052 6.923259 2.409441
v 3.390652 6.994840 2.374357
v 3.451658 6.923259 2.409441
v 3.461058 6.994840 2.374357
v 3.496349 6.923258 2.435243
v 3.522031 6.994840 2.409561
v 3.522151 6.923258 2.479934
v 3.557234 6.994840 2.470535
v 3.522151 6.923261 2.531539
v 3.557234 6.994838 2.540941
v 3.425855 6.923257 2.505737
v 3.425855 6.923257 2.505737
v 3.425855 6.923257 2.505737
v 3.425855 6.923257 2.505737
v 3.425855 6.923257 2.505737
v 3.425855 6.923257 2.505737
v 3.425855 6.923257 2.505737
v 3.425855 6.923257 2.505737
v 3.425855 6.923257 2.505737
v 3.425855 6.923257 2.505737
v 3.425855 6.923257 2.505737
v 3.425855 6.923257 2.505737
v 3.806844 5.930670 9.008899
v 3.787195 5.930670 9.020244
v 3.850794 5.930670 9.115002
v 3.828878 5.930670 9.120875
v 3.736932 5.930670 8.917788
v 3.720888 5.930670 8.933831
v 3.645819 5.930670 8.847876
v 3.634475 5.930670 8.867523
v 3.539717 5.930670 8.803925
v 3.533844 5.930670 8.825841
v 3.425855 5.930670 8.788936
v 3.425855 5.930670 8.811625
v 3.311993 5.930670 8.803925
v 3.317865 5.930670 8.825841
v 3.205890 5.930670 8.847873
v 3.217235 5.930670 8.867523
v 3.114778 5.930670 8.917788
v 3.130821 5.930670 8.933831
v 3.044865 5.930670 9.008899
v 3.064514 5.930670 9.020244
v 3.000916 5.930670 9.115002
v 3.022832 5.930670 9.120875
v 2.985925 5.930670 9.228864
v 3.008615 5.930670 9.228864
v 3.000916 5.930670 9.342727
v 3.022832 5.930670 9.336853
v 3.044865 5.930670 9.448829
v 3.064514 5.930670 9.437484
v 3.114778 5.930671 9.539940
v 3.130821 5.930671 9.523897
v 3.205890 5.930671 9.609855
v 3.217235 5.930671 9.590203
v 3.311993 5.930671 9.653802
v 3.317865 5.930671 9.631887
v 3.425855 5.930671 9.668793
v 3.425855 5.930671 9.646104
v 3.539717 5.930671 9.653802
v 3.533844 5.930671 9.631887
v 3.645819 5.930671 9.609855
v 3.634475 5.930671 9.590203
v 3.736932 5.930671 9.539940
v 3.720888 5.930671 9.523897
v 3.806844 5.930670 9.448829
v 3.787196 5.930670 9.437484
v 3.850794 5.930670 9.342727
v 3.828878 5.930670 9.336853
v 3.865784 5.930670 9.228864
v 3.843095 5.930670 9.228864
v 3.850794 5.930670 9.115002
v 3.828878 5.930670 9.120875
v 3.770253 6.059883 9.030025
v 3.718817 6.176448 9.059722
v 3.809981 6.059883 9.125937
v 3.752612 6.176448 9.141309
v 3.707054 6.059883 8.947665
v 3.665058 6.176448 8.989661
v 3.624693 6.059883 8.884465
v 3.594997 6.176448 8.935901
v 3.528781 6.059883 8.844737
v 3.513409 6.176448 8.902106
v 3.425855 6.059883 8.831187
v 3.425855 6.176448 8.890579
v 3.322929 6.059883 8.844737
v 3.338301 6.176448 8.902106
v 3.227016 6.059883 8.884465
v 3.256713 6.176448 8.935901
v 3.144655 6.059883 8.947665
v 3.186652 6.176448 8.989661
v 3.081457 6.059883 9.030025
v 3.132892 6.176448 9.059722
v 3.041729 6.059883 9.125937
v 3.099097 6.176448 9.141309
v 3.028178 6.059883 9.228864
v 3.087571 6.176448 9.228864
v 3.041729 6.059883 9.331790
v 3.099097 6.176448 9.316419
v 3.081457 6.059883 9.427703
v 3.132892 6.176448 9.398005
v 3.144655 6.059884 9.510063
v 3.186652 6.176448 9.468067
v 3.227016 6.059884 9.573262
v 3.256713 6.176448 9.521827
v 3.322929 6.059884 9.612990
v 3.338301 6.176448 9.555622
v 3.425855 6.059884 9.626540
v 3.425855 6.176448 9.567149
v 3.528781 6.059884 9.612990
v 3.513409 6.176448 9.555622
v 3.624693 6.059884 9.573262
v 3.594997 6.176448 9.521827
v 3.707055 6.059884 9.510063
v 3.665058 6.176448 9.468067
v 3.770253 6.059883 9.427703
v 3.718817 6.176448 9.398005
v 3.809981 6.059883 9.331790
v 3.752612 6.176448 9.316419
v 3.823532 6.059883 9.228864
v 3.764138 6.176448 9.228864
v 3.809981 6.059883 9.125937
v 3.752612 6.176448 9.141309
v 3.638704 6.268954 9.105975
v 3.663258 6.268954 9.165252
v 3.599646 6.268954 9.055072
v 3.548744 6.268954 9.016015
v 3.489467 6.268954 8.991462
v 3.425855 6.268954 8.983087
v 3.362242 6.268954 8.991462
v 3.302966 6.268954 9.016015
v 3.252064 6.268954 9.055072
v 3.213005 6.268954 9.105975
v 3.188452 6.268954 9.165252
v 3.180077 6.268954 9.228864
v 3.188452 6.268954 9.292477
v 3.213005 6.268954 9.351752
v 3.252064 6.268954 9.402656
v 3.302966 6.268954 9.441713
v 3.362242 6.268954 9.466267
v 3.425855 6.268955 9.474643
v 3.489467 6.268954 9.466267
v 3.548744 6.268954 9.441713
v 3.599646 6.268954 9.402656
v 3.638704 6.268954 9.351752
v 3.663258 6.268954 9.292477
v 3.671633 6.268954 9.228864
v 3.663258 6.268954 9.165252
v 3.537756 6.328347 9.164258
v 3.550665 6.328347 9.195421
v 3.517222 6.328347 9.137495
v 3.490461 6.328347 9.116961
v 3.459297 6.328347 9.104053
v 3.425855 6.328347 9.099649
v 3.392412 6.328347 9.104053
v 3.361248 6.328347 9.116961
v 3.334488 6.328347 9.137495
v 3.313953 6.328347 9.164256
v 3.301045 6.328347 9.195421
v 3.296642 6.328347 9.228863
v 3.301045 6.328347 9.262306
v 3.313953 6.328347 9.293470
v 3.334488 6.328347 9.320230
v 3.361248 6.328347 9.340765
v 3.392412 6.328347 9.353674
v 3.425855 6.328347 9.358076
v 3.459297 6.328347 9.353674
v 3.490461 6.328347 9.340765
v 3.517222 6.328347 9.320230
v 3.537756 6.328347 9.293470
v 3.550665 6.328347 9.262306
v 3.555068 6.328347 9.228863
v 3.550665 6.328347 9.195421
v 3.489037 6.343664 9.211933
v 3.482503 6.343664 9.196157
v 3.472108 6.343664 9.182611
v 3.458561 6.343664 9.172215
v 3.442785 6.343664 9.165679
v 3.425855 6.343664 9.163451
v 3.408925 6.343664 9.165679
v 3.393149 6.343664 9.172215
v 3.379602 6.343664 9.182611
v 3.369207 6.343664 9.196157
v 3.362672 6.343664 9.211933
v 3.360443 6.343664 9.228863
v 3.362672 6.343664 9.245792
v 3.369207 6.343664 9.261568
v 3.379602 6.343664 9.275115
v 3.393149 6.343664 9.285511
v 3.408925 6.343664 9.292047
v 3.425855 6.343664 9.294274
v 3.442785 6.343664 9.292047
v 3.458561 6.343664 9.285511
v 3.472108 6.343664 9.275115
v 3.482503 6.343664 9.261568
v 3.489037 6.343664 9.245792
v 3.491266 6.343664 9.228863
v 3.489037 6.343664 9.211933
v 3.425855 6.348812 9.228863
v 3.425855 6.348812 9.228863
v 3.425855 6.348812 9.228863
v 3.425855 6.348812 9.228863
v 3.425855 6.348812 9.228863
v 3.425855 6.348812 9.228863
v 3.425855 6.348812 9.228863
v 3.425855 6.348812 9.228863
v 3.425855 6.348812 9.228863
v 3.425855 6.348812 9.228863
v 3.425855 6.348812 9.228863
v 3.425855 6.348812 9.228863
v 3.425855 6.348812 9.228863
v 3.425855 6.348812 9.228863
v 3.425855 6.348812 9.228863
v 3.425855 6.348812 9.228863
v 3.425855 6.348812 9.228863
v 3.425855 6.348812 9.228863
v 3.425855 6.348812 9.228863
v 3.425855 6.348812 9.228863
v 3.425855 6.348812 9.228863
v 3.425855 6.348812 9.228863
v 3.425855 6.348812 9.228863
v 3.425855 6.348812 9.228863
v 3.806844 5.930670 9.008899
v 3.850794 5.930670 9.115002
v 3.788379 6.066684 9.019561
v 3.830198 6.066684 9.120521
v 3.736932 5.930670 8.917788
v 3.721854 6.066684 8.932864
v 3.645819 5.930670 8.847876
v 3.635158 6.066684 8.866340
v 3.539717 5.930670 8.803925
v 3.534198 6.066684 8.824521
v 3.425855 5.930670 8.788936
v 3.425855 6.066684 8.810257
v 3.311993 5.930670 8.803925
v 3.317511 6.066684 8.824521
v 3.205890 5.930670 8.847873
v 3.216551 6.066684 8.866340
v 3.114778 5.930670 8.917788
v 3.129855 6.066684 8.932864
v 3.044865 5.930670 9.008899
v 3.063331 6.066684 9.019561
v 3.000916 5.930670 9.115002
v 3.021511 6.066684 9.120521
v 2.985925 5.930670 9.228864
v 3.007248 6.066684 9.228864
v 3.000916 5.930670 9.342727
v 3.021511 6.066684 9.337207
v 3.044865 5.930670 9.448829
v 3.063330 6.066684 9.438167
v 3.114778 5.930671 9.539940
v 3.129855 6.066685 9.524863
v 3.205890 5.930671 9.609855
v 3.216551 6.066685 9.591389
v 3.311993 5.930671 9.653802
v 3.317511 6.066685 9.633207
v 3.425855 5.930671 9.668793
v 3.425855 6.066685 9.647470
v 3.539717 5.930671 9.653802
v 3.534198 6.066685 9.633208
v 3.645819 5.930671 9.609855
v 3.635158 6.066685 9.591389
v 3.736932 5.930671 9.539940
v 3.721854 6.066685 9.524863
v 3.806844 5.930670 9.448829
v 3.788379 6.066684 9.438167
v 3.850794 5.930670 9.342727
v 3.830198 6.066684 9.337207
v 3.865784 5.930670 9.228864
v 3.844462 6.066684 9.228864
v 3.850794 5.930670 9.115002
v 3.830198 6.066684 9.120521
v 3.734236 6.189384 9.050819
v 3.769809 6.189384 9.136701
v 3.677647 6.189384 8.977071
v 3.603899 6.189384 8.920483
v 3.518017 6.189384 8.884910
v 3.425855 6.189384 8.872776
v 3.333692 6.189384 8.884910
v 3.247811 6.189384 8.920483
v 3.174062 6.189384 8.977071
v 3.117473 6.189384 9.050819
v 3.081900 6.189384 9.136701
v 3.069766 6.189384 9.228864
v 3.081900 6.189384 9.321027
v 3.117473 6.189384 9.406908
v 3.174062 6.189384 9.480657
v 3.247811 6.189384 9.537246
v 3.333692 6.189384 9.572819
v 3.425855 6.189384 9.584951
v 3.518017 6.189384 9.572819
v 3.603899 6.189384 9.537246
v 3.677647 6.189384 9.480657
v 3.734236 6.189384 9.406908
v 3.769810 6.189384 9.321027
v 3.781944 6.189384 9.228864
v 3.769809 6.189384 9.136701
v 3.649907 6.286759 9.099507
v 3.675752 6.286759 9.161903
v 3.608793 6.286759 9.045926
v 3.555211 6.286759 9.004811
v 3.492815 6.286759 8.978966
v 3.425855 6.286759 8.970151
v 3.358895 6.286759 8.978966
v 3.296498 6.286759 9.004811
v 3.242917 6.286759 9.045926
v 3.201802 6.286759 9.099507
v 3.175957 6.286759 9.161903
v 3.167142 6.286759 9.228864
v 3.175957 6.286759 9.295824
v 3.201802 6.286759 9.358220
v 3.242917 6.286759 9.411800
v 3.296498 6.286759 9.452917
v 3.358895 6.286759 9.478763
v 3.425855 6.286759 9.487577
v 3.492815 6.286759 9.478763
v 3.555211 6.286759 9.452917
v 3.608793 6.286759 9.411800
v 3.649907 6.286759 9.358220
v 3.675753 6.286759 9.295824
v 3.684568 6.286759 9.228864
v 3.675752 6.286759 9.161903
v 3.543646 6.349277 9.160856
v 3.557234 6.349277 9.193659
v 3.522031 6.349277 9.132687
v 3.493862 6.349277 9.111072
v 3.461058 6.349277 9.097483
v 3.425855 6.349277 9.092849
v 3.390652 6.349277 9.097483
v 3.357848 6.349277 9.111072
v 3.329679 6.349277 9.132687
v 3.308063 6.349277 9.160856
v 3.294476 6.349277 9.193659
v 3.289841 6.349277 9.228863
v 3.294476 6.349277 9.264067
v 3.308063 6.349277 9.296869
v 3.329679 6.349277 9.325039
v 3.357848 6.349277 9.346655
v 3.390652 6.349277 9.360243
v 3.425855 6.349277 9.364877
v 3.461058 6.349277 9.360243
v 3.493862 6.349277 9.346655
v 3.522031 6.349277 9.325039
v 3.543646 6.349277 9.296869
v 3.557234 6.349277 9.264067
v 3.561869 6.349277 9.228863
v 3.557234 6.349277 9.193659
v 3.557234 6.349277 9.193659
v 3.522151 6.420858 9.203060
v 3.543646 6.349277 9.160856
v 3.512192 6.420858 9.179017
v 3.522031 6.349277 9.132687
v 3.496349 6.420858 9.158369
v 3.493862 6.349277 9.111072
v 3.475702 6.420858 9.142527
v 3.461058 6.349277 9.097483
v 3.451658 6.420858 9.132566
v 3.425855 6.349277 9.092849
v 3.425855 6.420858 9.129170
v 3.390652 6.349277 9.097483
v 3.400052 6.420858 9.132566
v 3.357848 6.349277 9.111072
v 3.376008 6.420858 9.142527
v 3.329679 6.349277 9.132687
v 3.355361 6.420858 9.158369
v 3.308063 6.349277 9.160856
v 3.339518 6.420858 9.179017
v 3.294476 6.349277 9.193659
v 3.329558 6.420858 9.203060
v 3.289841 6.349277 9.228863
v 3.326162 6.420858 9.228863
v 3.294476 6.349277 9.264067
v 3.329558 6.420858 9.254665
v 3.308063 6.349277 9.296869
v 3.339518 6.420858 9.278709
v 3.329679 6.349277 9.325039
v 3.355361 6.420858 9.299356
v 3.357848 6.349277 9.346655
v 3.376008 6.420858 9.315201
v 3.390652 6.349277 9.360243
v 3.400052 6.420858 9.325159
v 3.425855 6.349277 9.364877
v 3.425855 6.420858 9.328557
v 3.461058 6.349277 9.360243
v 3.451658 6.420858 9.325159
v 3.493862 6.349277 9.346655
v 3.475702 6.420858 9.315201
v 3.522031 6.349277 9.325039
v 3.496349 6.420858 9.299356
v 3.543646 6.349277 9.296869
v 3.512192 6.420858 9.278709
v 3.557234 6.349277 9.264067
v 3.522151 6.420858 9.254665
v 3.561869 6.349277 9.228863
v 3.525548 6.420858 9.228863
v 3.557234 6.349277 9.193659
v 3.522151 6.420858 9.203060
v 3.425855 6.420858 9.228863
v 3.425855 6.420858 9.228863
v 3.425855 6.420858 9.228863
v 3.425855 6.420858 9.228863
v 3.425855 6.420858 9.228863
v 3.425855 6.420858 9.228863
v 3.425855 6.420858 9.228863
v 3.425855 6.420858 9.228863
v 3.425855 6.420858 9.228863
v 3.425855 6.420858 9.228863
v 3.425855 6.420858 9.228863
v 3.425855 6.420858 9.228863
v 3.425855 6.420858 9.228863
v 3.425855 6.420858 9.228863
v 3.425855 6.420858 9.228863
v 3.425855 6.420858 9.228863
v 3.425855 6.420858 9.228863
v 3.425855 6.420858 9.228863
v 3.425855 6.420858 9.228863
v 3.425855 6.420858 9.228863
v 3.425855 6.420858 9.228863
v 3.425855 6.420858 9.228863
v 3.425855 6.420858 9.228863
v 3.425855 6.420858 9.228863
v 3.407778 6.414722 9.246940
v 3.407778 6.994764 9.246940
v 3.425855 6.414722 9.253558
v 3.425855 6.994764 9.253558
v 3.407778 6.994764 9.210786
v 3.407778 6.414722 9.210786
v 3.425855 6.994764 9.204168
v 3.425855 6.414722 9.204168
v 3.401160 6.414722 9.228863
v 3.425855 6.414722 9.204168
v 3.443932 6.414722 9.210786
v 3.407778 6.414722 9.246940
v 3.450550 6.414722 9.228863
v 3.425855 6.414722 9.253558
v 3.443932 6.414722 9.246940
v 3.443932 6.414722 9.246940
v 3.443932 6.994764 9.246940
v 3.450550 6.414722 9.228863
v 3.450550 6.994764 9.228863
v 3.401160 6.414722 9.228863
v 3.401160 6.994764 9.228863
v 3.407778 6.414722 9.210786
v 3.407778 6.994764 9.210786
v 3.425855 6.994764 9.204168
v 3.443932 6.994764 9.210786
v 3.443932 6.414722 9.210786
v 3.443932 6.994764 9.210786
v 3.522151 6.923261 9.254665
v 3.496349 6.923260 9.299356
v 3.557234 6.994839 9.264067
v 3.522031 6.994840 9.325039
v 3.451658 6.923260 9.325159
v 3.461058 6.994840 9.360243
v 3.400052 6.923260 9.325159
v 3.390652 6.994840 9.360243
v 3.355361 6.923260 9.299356
v 3.329679 6.994840 9.325039
v 3.329558 6.923262 9.254665
v 3.294476 6.994838 9.264067
v 3.329558 6.923259 9.203060
v 3.294476 6.994841 9.193661
v 3.355361 6.923259 9.158369
v 3.329679 6.994840 9.132687
v 3.400052 6.923260 9.132566
v 3.390652 6.994840 9.097483
v 3.451658 6.923260 9.132566
v 3.461058 6.994840 9.097483
v 3.496349 6.923259 9.158369
v 3.522031 6.994840 9.132687
v 3.522151 6.923259 9.203060
v 3.557234 6.994841 9.193661
v 3.522151 6.923261 9.254665
v 3.557234 6.994839 9.264067
v 3.425855 6.923258 9.228863
v 3.425855 6.923258 9.228863
v 3.425855 6.923258 9.228863
v 3.425855 6.923258 9.228863
v 3.425855 6.923258 9.228863
v 3.425855 6.923258 9.228863
v 3.425855 6.923258 9.228863
v 3.425855 6.923258 9.228863
v 3.425855 6.923258 9.228863
v 3.425855 6.923258 9.228863
v 3.425855 6.923258 9.228863
v 3.425855 6.923258 9.228863
v 3.806844 5.930671 13.707438
v 3.787195 5.930671 13.718785
v 3.850794 5.930671 13.813542
v 3.828878 5.930671 13.819415
v 3.736932 5.930671 13.616328
v 3.720888 5.930671 13.632372
v 3.645819 5.930671 13.546416
v 3.634475 5.930671 13.566063
v 3.539717 5.930671 13.502464
v 3.533844 5.930671 13.524383
v 3.425855 5.930671 13.487475
v 3.425855 5.930671 13.510165
v 3.311993 5.930671 13.502464
v 3.317865 5.930671 13.524383
v 3.205890 5.930671 13.546414
v 3.217235 5.930671 13.566063
v 3.114778 5.930671 13.616328
v 3.130821 5.930671 13.632372
v 3.044865 5.930671 13.707438
v 3.064514 5.930671 13.718785
v 3.000916 5.930671 13.813542
v 3.022832 5.930671 13.819415
v 2.985925 5.930671 13.927405
v 3.008615 5.930671 13.927405
v 3.000916 5.930671 14.041267
v 3.022832 5.930671 14.035395
v 3.044865 5.930671 14.147369
v 3.064514 5.930671 14.136024
v 3.114778 5.930671 14.238480
v 3.130821 5.930671 14.222437
v 3.205890 5.930671 14.308395
v 3.217235 5.930671 14.288744
v 3.311993 5.930671 14.352343
v 3.317865 5.930671 14.330428
v 3.425855 5.930671 14.367332
v 3.425855 5.930671 14.344645
v 3.539717 5.930671 14.352343
v 3.533844 5.930671 14.330428
v 3.645819 5.930671 14.308395
v 3.634475 5.930671 14.288744
v 3.736932 5.930671 14.238480
v 3.720888 5.930671 14.222437
v 3.806844 5.930671 14.147369
v 3.787196 5.930671 14.136024
v 3.850794 5.930671 14.041267
v 3.828878 5.930671 14.035395
v 3.865784 5.930671 13.927405
v 3.843095 5.930671 13.927405
v 3.850794 5.930671 13.813542
v 3.828878 5.930671 13.819415
v 3.770253 6.059884 13.728566
v 3.718817 6.176448 13.758263
v 3.809981 6.059884 13.824478
v 3.752612 6.176448 13.839849
v 3.707054 6.059884 13.646205
v 3.665058 6.176448 13.688202
v 3.624693 6.059884 13.583007
v 3.594997 6.176448 13.634442
v 3.528781 6.059884 13.543279
v 3.513409 6.176448 13.600647
v 3.425855 6.059884 13.529729
v 3.425855 6.176448 13.589121
v 3.322929 6.059884 13.543279
v 3.338301 6.176448 13.600647
v 3.227016 6.059884 13.583007
v 3.256713 6.176448 13.634442
v 3.144655 6.059884 13.646205
v 3.186652 6.176448 13.688202
v 3.081457 6.059884 13.728566
v 3.132892 6.176448 13.758263
v 3.041729 6.059884 13.824478
v 3.099097 6.176448 13.839849
v 3.028178 6.059884 13.927405
v 3.087571 6.176448 13.927405
v 3.041729 6.059884 14.030332
v 3.099097 6.176448 14.014960
v 3.081457 6.059884 14.126244
v 3.132892 6.176448 14.096545
v 3.144655 6.059884 14.208603
v 3.186652 6.176448 14.166608
v 3.227016 6.059884 14.271802
v 3.256713 6.176448 14.220367
v 3.322929 6.059884 14.311530
v 3.338301 6.176448 14.254163
v 3.425855 6.059884 14.325080
v 3.425855 6.176448 14.265689
v 3.528781 6.059884 14.311530
v 3.513409 6.176448 14.254163
v 3.624693 6.059884 14.271802
v 3.594997 6.176448 14.220367
v 3.707055 6.059884 14.208603
v 3.665058 6.176448 14.166608
v 3.770253 6.059884 14.126244
v 3.718817 6.176448 14.096545
v 3.809981 6.059884 14.030332
v 3.752612 6.176448 14.014960
v 3.823532 6.059884 13.927405
v 3.764138 6.176448 13.927405
v 3.809981 6.059884 13.824478
v 3.752612 6.176448 13.839849
v 3.638704 6.268955 13.804517
v 3.663258 6.268955 13.863792
v 3.599646 6.268955 13.753613
v 3.548744 6.268955 13.714556
v 3.489467 6.268955 13.690001
v 3.425855 6.268955 13.681627
v 3.362242 6.268955 13.690001
v 3.302966 6.268955 13.714556
v 3.252064 6.268955 13.753613
v 3.213005 6.268955 13.804517
v 3.188452 6.268955 13.863792
v 3.180077 6.268955 13.927405
v 3.188452 6.268955 13.991017
v 3.213005 6.268955 14.050292
v 3.252064 6.268955 14.101195
v 3.302966 6.268955 14.140253
v 3.362242 6.268955 14.164807
v 3.425855 6.268955 14.173182
v 3.489467 6.268955 14.164807
v 3.548744 6.268955 14.140253
v 3.599646 6.268955 14.101195
v 3.638704 6.268955 14.050292
v 3.663258 6.268955 13.991017
v 3.671633 6.268955 13.927405
v 3.663258 6.268955 13.863792
v 3.537756 6.328348 13.862799
v 3.550665 6.328348 13.893961
v 3.517222 6.328348 13.836035
v 3.490461 6.328348 13.815500
v 3.459297 6.328348 13.802593
v 3.425855 6.328348 13.798191
v 3.392412 6.328348 13.802593
v 3.361248 6.328348 13.815500
v 3.334488 6.328348 13.836035
v 3.313953 6.328348 13.862797
v 3.301045 6.328348 13.893961
v 3.296642 6.328348 13.927404
v 3.301045 6.328348 13.960847
v 3.313953 6.328348 13.992011
v 3.334488 6.328348 14.018772
v 3.361248 6.328348 14.039306
v 3.392412 6.328348 14.052215
v 3.425855 6.328348 14.056616
v 3.459297 6.328348 14.052215
v 3.490461 6.328348 14.039306
v 3.517222 6.328348 14.018772
v 3.537756 6.328348 13.992011
v 3.550665 6.328348 13.960847
v 3.555068 6.328348 13.927404
v 3.550665 6.328348 13.893961
v 3.489037 6.343665 13.910473
v 3.482503 6.343665 13.894698
v 3.472108 6.343665 13.881151
v 3.458561 6.343665 13.870756
v 3.442785 6.343665 13.864219
v 3.425855 6.343665 13.861993
v 3.408925 6.343665 13.864219
v 3.393149 6.343665 13.870756
v 3.379602 6.343665 13.881151
v 3.369207 6.343665 13.894698
v 3.362672 6.343665 13.910473
v 3.360443 6.343665 13.927404
v 3.362672 6.343665 13.944334
v 3.369207 6.343665 13.960110
v 3.379602 6.343665 13.973657
v 3.393149 6.343665 13.984053
v 3.408925 6.343665 13.990587
v 3.425855 6.343665 13.992814
v 3.442785 6.343665 13.990587
v 3.458561 6.343665 13.984053
v 3.472108 6.343665 13.973657
v 3.482503 6.343665 13.960110
v 3.489037 6.343665 13.944334
v 3.491266 6.343665 13.927404
v 3.489037 6.343665 13.910473
v 3.425855 6.348813 13.927404
v 3.425855 6.348813 13.927404
v 3.425855 6.348813 13.927404
v 3.425855 6.348813 13.927404
v 3.425855 6.348813 13.927404
v 3.425855 6.348813 13.927404
v 3.425855 6.348813 13.927404
v 3.425855 6.348813 13.927404
v 3.425855 6.348813 13.927404
v 3.425855 6.348813 13.927404
v 3.425855 6.348813 13.927404
v 3.425855 6.348813 13.927404
v 3.425855 6.348813 13.927404
v 3.425855 6.348813 13.927404
v 3.425855 6.348813 13.927404
v 3.425855 6.348813 13.927404
v 3.425855 6.348813 13.927404
v 3.425855 6.348813 13.927404
v 3.425855 6.348813 13.927404
v 3.425855 6.348813 13.927404
v 3.425855 6.348813 13.927404
v 3.425855 6.348813 13.927404
v 3.425855 6.348813 13.927404
v 3.425855 6.348813 13.927404
v 3.806844 5.930671 13.707438
v 3.850794 5.930671 13.813542
v 3.788379 6.066685 13.718102
v 3.830198 6.066685 13.819061
v 3.736932 5.930671 13.616328
v 3.721854 6.066685 13.631406
v 3.645819 5.930671 13.546416
v 3.635158 6.066685 13.564880
v 3.539717 5.930671 13.502464
v 3.534198 6.066685 13.523063
v 3.425855 5.930671 13.487475
v 3.425855 6.066685 13.508797
v 3.311993 5.930671 13.502464
v 3.317511 6.066685 13.523063
v 3.205890 5.930671 13.546414
v 3.216551 6.066685 13.564880
v 3.114778 5.930671 13.616328
v 3.129855 6.066685 13.631406
v 3.044865 5.930671 13.707438
v 3.063331 6.066685 13.718102
v 3.000916 5.930671 13.813542
v 3.021511 6.066685 13.819061
v 2.985925 5.930671 13.927405
v 3.007248 6.066685 13.927405
v 3.000916 5.930671 14.041267
v 3.021511 6.066685 14.035747
v 3.044865 5.930671 14.147369
v 3.063330 6.066685 14.136706
v 3.114778 5.930671 14.238480
v 3.129855 6.066685 14.223404
v 3.205890 5.930671 14.308395
v 3.216551 6.066685 14.289929
v 3.311993 5.930671 14.352343
v 3.317511 6.066685 14.331748
v 3.425855 5.930671 14.367332
v 3.425855 6.066685 14.346011
v 3.539717 5.930671 14.352343
v 3.534198 6.066685 14.331749
v 3.645819 5.930671 14.308395
v 3.635158 6.066685 14.289929
v 3.736932 5.930671 14.238480
v 3.721854 6.066685 14.223404
v 3.806844 5.930671 14.147369
v 3.788379 6.066685 14.136706
v 3.850794 5.930671 14.041267
v 3.830198 6.066685 14.035747
v 3.865784 5.930671 13.927405
v 3.844462 6.066685 13.927405
v 3.850794 5.930671 13.813542
v 3.830198 6.066685 13.819061
v 3.734236 6.189384 13.749359
v 3.769809 6.189384 13.835240
v 3.677647 6.189384 13.675612
v 3.603899 6.189384 13.619023
v 3.518017 6.189384 13.583450
v 3.425855 6.189384 13.571317
v 3.333692 6.189384 13.583450
v 3.247811 6.189384 13.619023
v 3.174062 6.189384 13.675612
v 3.117473 6.189384 13.749359
v 3.081900 6.189384 13.835240
v 3.069766 6.189384 13.927405
v 3.081900 6.189384 14.019568
v 3.117473 6.189384 14.105449
v 3.174062 6.189384 14.179196
v 3.247811 6.189384 14.235785
v 3.333692 6.189384 14.271359
v 3.425855 6.189384 14.283492
v 3.518017 6.189384 14.271359
v 3.603899 6.189384 14.235785
v 3.677647 6.189384 14.179196
v 3.734236 6.189384 14.105449
v 3.769810 6.189384 14.019568
v 3.781944 6.189384 13.927405
v 3.769809 6.189384 13.835240
v 3.649907 6.286759 13.798049
v 3.675752 6.286759 13.860445
v 3.608793 6.286759 13.744466
v 3.555211 6.286759 13.703353
v 3.492815 6.286759 13.677505
v 3.425855 6.286759 13.668693
v 3.358895 6.286759 13.677505
v 3.296498 6.286759 13.703353
v 3.242917 6.286759 13.744466
v 3.201802 6.286759 13.798049
v 3.175957 6.286759 13.860445
v 3.167142 6.286759 13.927405
v 3.175957 6.286759 13.994364
v 3.201802 6.286759 14.056762
v 3.242917 6.286759 14.110341
v 3.296498 6.286759 14.151458
v 3.358895 6.286759 14.177302
v 3.425855 6.286759 14.186118
v 3.492815 6.286759 14.177302
v 3.555211 6.286759 14.151458
v 3.608793 6.286759 14.110341
v 3.649907 6.286759 14.056762
v 3.675753 6.286759 13.994364
v 3.684568 6.286759 13.927405
v 3.675752 6.286759 13.860445
v 3.543646 6.349278 13.859397
v 3.557234 6.349278 13.892200
v 3.522031 6.349278 13.831228
v 3.493862 6.349278 13.809612
v 3.461058 6.349278 13.796024
v 3.425855 6.349278 13.791390
v 3.390652 6.349278 13.796024
v 3.357848 6.349278 13.809612
v 3.329679 6.349278 13.831228
v 3.308063 6.349278 13.859397
v 3.294476 6.349278 13.892200
v 3.289841 6.349278 13.927404
v 3.294476 6.349278 13.962607
v 3.308063 6.349278 13.995411
v 3.329679 6.349278 14.023581
v 3.357848 6.349278 14.045196
v 3.390652 6.349278 14.058784
v 3.425855 6.349278 14.063417
v 3.461058 6.349278 14.058784
v 3.493862 6.349278 14.045196
v 3.522031 6.349278 14.023581
v 3.543646 6.349278 13.995411
v 3.557234 6.349278 13.962607
v 3.561869 6.349278 13.927404
v 3.557234 6.349278 13.892200
v 3.557234 6.349278 13.892200
v 3.522151 6.420858 13.901602
v 3.543646 6.349278 13.859397
v 3.512192 6.420858 13.877558
v 3.522031 6.349278 13.831228
v 3.496349 6.420858 13.856910
v 3.493862 6.349278 13.809612
v 3.475702 6.420858 13.841066
v 3.461058 6.349278 13.796024
v 3.451658 6.420858 13.831107
v 3.425855 6.349278 13.791390
v 3.425855 6.420858 13.827711
v 3.390652 6.349278 13.796024
v 3.400052 6.420858 13.831107
v 3.357848 6.349278 13.809612
v 3.376008 6.420858 13.841066
v 3.329679 6.349278 13.831228
v 3.355361 6.420858 13.856910
v 3.308063 6.349278 13.859397
v 3.339518 6.420858 13.877558
v 3.294476 6.349278 13.892200
v 3.329558 6.420858 13.901602
v 3.289841 6.349278 13.927404
v 3.326162 6.420858 13.927404
v 3.294476 6.349278 13.962607
v 3.329558 6.420858 13.953207
v 3.308063 6.349278 13.995411
v 3.339518 6.420858 13.977250
v 3.329679 6.349278 14.023581
v 3.355361 6.420858 13.997898
v 3.357848 6.349278 14.045196
v 3.376008 6.420858 14.013741
v 3.390652 6.349278 14.058784
v 3.400052 6.420858 14.023701
v 3.425855 6.349278 14.063417
v 3.425855 6.420858 14.027098
v 3.461058 6.349278 14.058784
v 3.451658 6.420858 14.023701
v 3.493862 6.349278 14.045196
v 3.475702 6.420858 14.013741
v 3.522031 6.349278 14.023581
v 3.496349 6.420858 13.997898
v 3.543646 6.349278 13.995411
v 3.512192 6.420858 13.977250
v 3.557234 6.349278 13.962607
v 3.522151 6.420858 13.953207
v 3.561869 6.349278 13.927404
v 3.525548 6.420858 13.927404
v 3.557234 6.349278 13.892200
v 3.522151 6.420858 13.901602
v 3.425855 6.420858 13.927404
v 3.425855 6.420858 13.927404
v 3.425855 6.420858 13.927404
v 3.425855 6.420858 13.927404
v 3.425855 6.420858 13.927404
v 3.425855 6.420858 13.927404
v 3.425855 6.420858 13.927404
v 3.425855 6.420858 13.927404
v 3.425855 6.420858 13.927404
v 3.425855 6.420858 13.927404
v 3.425855 6.420858 13.927404
v 3.425855 6.420858 13.927404
v 3.425855 6.420858 13.927404
v 3.425855 6.420858 13.927404
v 3.425855 6.420858 13.927404
v 3.425855 6.420858 13.927404
v 3.425855 6.420858 13.927404
v 3.425855 6.420858 13.927404
v 3.425855 6.420858 13.927404
v 3.425855 6.420858 13.927404
v 3.425855 6.420858 13.927404
v 3.425855 6.420858 13.927404
v 3.425855 6.420858 13.927404
v 3.425855 6.420858 13.927404
v 3.407778 6.414723 13.945481
v 3.407778 6.994765 13.945481
v 3.425855 6.414723 13.952099
v 3.425855 6.994765 13.952099
v 3.407778 6.994765 13.909326
v 3.407778 6.414723 13.909326
v 3.425855 6.994765 13.902709
v 3.425855 6.414723 13.902709
v 3.401160 6.414723 13.927404
v 3.425855 6.414723 13.902709
v 3.443932 6.414723 13.909326
v 3.407778 6.414723 13.945481
v 3.450550 6.414723 13.927404
v 3.425855 6.414723 13.952099
v 3.443932 6.414723 13.945481
v 3.443932 6.414723 13.945481
v 3.443932 6.994765 13.945481
v 3.450550 6.414723 13.927404
v 3.450550 6.994765 13.927404
v 3.401160 6.414723 13.927404
v 3.401160 6.994765 13.927404
v 3.407778 6.414723 13.909326
v 3.407778 6.994765 13.909326
v 3.425855 6.994765 13.902709
v 3.443932 6.994765 13.909326
v 3.443932 6.414723 13.909326
v 3.443932 6.994765 13.909326
v 3.522151 6.923262 13.953207
v 3.496349 6.923260 13.997898
v 3.557234 6.994839 13.962607
v 3.522031 6.994841 14.023581
v 3.451658 6.923260 14.023701
v 3.461058 6.994841 14.058784
v 3.400052 6.923260 14.023701
v 3.390652 6.994841 14.058784
v 3.355361 6.923260 13.997898
v 3.329679 6.994841 14.023581
v 3.329558 6.923262 13.953207
v 3.294476 6.994838 13.962607
v 3.329558 6.923259 13.901602
v 3.294476 6.994841 13.892202
v 3.355361 6.923259 13.856910
v 3.329679 6.994841 13.831228
v 3.400052 6.923260 13.831107
v 3.390652 6.994841 13.796024
v 3.451658 6.923260 13.831107
v 3.461058 6.994841 13.796024
v 3.496349 6.923259 13.856910
v 3.522031 6.994841 13.831228
v 3.522151 6.923259 13.901602
v 3.557234 6.994841 13.892202
v 3.522151 6.923262 13.953207
v 3.557234 6.994839 13.962607
v 3.425855 6.923258 13.927404
v 3.425855 6.923258 13.927404
v 3.425855 6.923258 13.927404
v 3.425855 6.923258 13.927404
v 3.425855 6.923258 13.927404
v 3.425855 6.923258 13.927404
v 3.425855 6.923258 13.927404
v 3.425855 6.923258 13.927404
v 3.425855 6.923258 13.927404
v 3.425855 6.923258 13.927404
v 3.425855 6.923258 13.927404
v 3.425855 6.923258 13.927404
v -7.367791 8.518304 17.270893
v -7.638902 8.518304 17.270893
v -7.367791 4.841698 17.270893
v -7.638902 4.841698 17.270893
v -7.354343 4.841698 17.290728
v -7.354343 8.518304 17.290728
v -7.367791 4.841698 17.270893
v -7.367791 8.518304 17.270893
v -7.354343 4.841698 17.388811
v -7.354343 8.518304 17.388811
v -7.354343 4.841698 17.290728
v -7.354343 8.518304 17.290728
v -7.371185 4.869770 17.413328
v -7.371184 8.546375 17.413328
v -7.354343 4.841698 17.388811
v -7.354343 8.518304 17.388811
v -7.371185 4.869770 17.590580
v -7.371184 8.546375 17.590580
v -7.371185 4.869770 17.413328
v -7.371184 8.546375 17.413328
v -7.354343 4.841698 17.615097
v -7.354343 8.518304 17.615097
v -7.371185 4.869770 17.590580
v -7.371184 8.546375 17.590580
v -7.354343 8.518304 17.713181
v -7.354343 8.518304 17.615097
v -7.354343 4.841698 17.713181
v -7.354343 4.841698 17.615097
v -7.367791 4.841698 17.733015
v -7.367791 8.518304 17.733015
v -7.354343 4.841698 17.713181
v -7.354343 8.518304 17.713181
v -7.638902 4.841698 17.733015
v -7.638902 8.518304 17.733015
v -7.367791 4.841698 17.733015
v -7.367791 8.518304 17.733015
v -7.368633 0.243193 14.147870
v -7.639743 0.243193 14.147870
v -7.368633 8.518304 14.147869
v -7.639743 8.518304 14.147869
v -7.368633 8.518304 13.685747
v -7.639743 8.518304 13.685747
v -7.368633 0.243193 13.685748
v -7.639743 0.243193 13.685748
v -7.355184 0.243193 13.803667
v -7.355185 8.518304 13.803666
v -7.355184 0.243193 13.705584
v -7.355185 8.518304 13.705583
v -7.372026 0.243193 13.828183
v -7.372025 8.546375 13.828182
v -7.355184 0.243193 13.803667
v -7.355185 8.518304 13.803666
v -7.372026 0.243193 14.005435
v -7.372025 8.546375 14.005434
v -7.372026 0.243193 13.828183
v -7.372025 8.546375 13.828182
v -7.355184 0.243193 14.029953
v -7.355185 8.518304 14.029952
v -7.372026 0.243193 14.005435
v -7.372025 8.546375 14.005434
v -7.355185 8.518304 14.128036
v -7.355185 8.518304 14.029952
v -7.355184 0.243193 14.128036
v -7.355184 0.243193 14.029953
v -7.331933 0.000001 14.201209
v -7.331933 0.241011 14.201209
v -7.301202 0.000001 14.172577
v -7.301202 0.241011 14.172577
v -7.301202 0.000001 13.661005
v -7.301202 0.241011 13.661005
v -7.331933 0.000001 13.632373
v -7.331933 0.241011 13.632373
v -7.331933 0.241011 14.201209
v -7.778325 0.241011 14.201209
v -7.331933 0.277858 14.172577
v -7.778325 0.277858 14.172577
v -7.331933 0.277858 14.172577
v -7.331933 0.277858 13.661005
v -7.301202 0.241011 14.172577
v -7.301202 0.241011 13.661005
v -7.331933 0.277858 13.661005
v -7.778325 0.277858 13.661005
v -7.331933 0.241011 13.632373
v -7.778325 0.241011 13.632373
v -7.301202 0.000001 14.172577
v -7.301202 0.241011 14.172577
v -7.301202 0.000001 13.661005
v -7.301202 0.241011 13.661005
v -7.331933 0.277858 14.172577
v -7.778325 0.277858 14.172577
v -7.331933 0.277858 13.661005
v -7.778325 0.277858 13.661005
v -7.331933 0.000001 13.632373
v -7.331933 0.241011 13.632373
v -7.778325 0.000001 13.632373
v -7.778325 0.241011 13.632373
v -7.778325 0.000001 14.201209
v -7.778325 0.241011 14.201209
v -7.331933 0.000001 14.201209
v -7.331933 0.241011 14.201209
v -7.331933 0.241011 14.201209
v -7.331933 0.277858 14.172577
v -7.301202 0.241011 14.172577
v -7.331933 0.277858 13.661005
v -7.331933 0.241011 13.632373
v -7.301202 0.241011 13.661005
v -7.355184 0.243193 13.705584
v -7.355185 8.518304 13.705583
v -7.368633 0.243193 13.685748
v -7.368633 8.518304 13.685747
v -7.368633 0.243193 14.147870
v -7.368633 8.518304 14.147869
v -7.355184 0.243193 14.128036
v -7.355185 8.518304 14.128036
v -7.368633 0.243192 9.478162
v -7.639743 0.243192 9.478162
v -7.368633 8.518304 9.478161
v -7.639743 8.518304 9.478161
v -7.368633 8.518304 9.016040
v -7.639743 8.518304 9.016040
v -7.368633 0.243192 9.016041
v -7.639743 0.243192 9.016041
v -7.355184 0.243192 9.133959
v -7.355185 8.518304 9.133958
v -7.355184 0.243192 9.035874
v -7.355185 8.518304 9.035873
v -7.372026 0.243192 9.158476
v -7.372025 8.546375 9.158475
v -7.355184 0.243192 9.133959
v -7.355185 8.518304 9.133958
v -7.372026 0.243192 9.335727
v -7.372025 8.546375 9.335726
v -7.372026 0.243192 9.158476
v -7.372025 8.546375 9.158475
v -7.355184 0.243192 9.360244
v -7.355185 8.518304 9.360243
v -7.372026 0.243192 9.335727
v -7.372025 8.546375 9.335726
v -7.355185 8.518304 9.458328
v -7.355185 8.518304 9.360243
v -7.355184 0.243192 9.458329
v -7.355184 0.243192 9.360244
v -7.331933 0.000001 9.531500
v -7.331933 0.241011 9.531500
v -7.301202 0.000001 9.502869
v -7.301202 0.241011 9.502869
v -7.301202 0.000001 8.991297
v -7.301202 0.241011 8.991297
v -7.331933 0.000001 8.962665
v -7.331933 0.241011 8.962665
v -7.331933 0.241011 9.531500
v -7.778325 0.241011 9.531500
v -7.331933 0.277858 9.502869
v -7.778325 0.277858 9.502869
v -7.331933 0.277858 9.502869
v -7.331933 0.277858 8.991297
v -7.301202 0.241011 9.502869
v -7.301202 0.241011 8.991297
v -7.331933 0.277858 8.991297
v -7.778325 0.277858 8.991297
v -7.331933 0.241011 8.962665
v -7.778325 0.241011 8.962665
v -7.301202 0.000001 9.502869
v -7.301202 0.241011 9.502869
v -7.301202 0.000001 8.991297
v -7.301202 0.241011 8.991297
v -7.331933 0.277858 9.502869
v -7.778325 0.277858 9.502869
v -7.331933 0.277858 8.991297
v -7.778325 0.277858 8.991297
v -7.331933 0.000001 8.962665
v -7.331933 0.241011 8.962665
v -7.778325 0.000001 8.962665
v -7.778325 0.241011 8.962665
v -7.778325 0.000001 9.531500
v -7.778325 0.241011 9.531500
v -7.331933 0.000001 9.531500
v -7.331933 0.241011 9.531500
v -7.331933 0.241011 9.531500
v -7.331933 0.277858 9.502869
v -7.301202 0.241011 9.502869
v -7.331933 0.277858 8.991297
v -7.331933 0.241011 8.962665
v -7.301202 0.241011 8.991297
v -7.355184 0.243192 9.035874
v -7.355185 8.518304 9.035873
v -7.368633 0.243192 9.016041
v -7.368633 8.518304 9.016040
v -7.368633 0.243192 9.478162
v -7.368633 8.518304 9.478161
v -7.355184 0.243192 9.458329
v -7.355185 8.518304 9.458328
v -7.368633 0.243192 6.024495
v -7.639743 0.243192 6.024495
v -7.368633 8.518303 6.024494
v -7.639743 8.518303 6.024494
v -7.368633 8.518303 5.562373
v -7.639743 8.518303 5.562373
v -7.368633 0.243192 5.562374
v -7.639743 0.243192 5.562374
v -7.355184 0.243192 5.680292
v -7.355185 8.518303 5.680291
v -7.355184 0.243192 5.582207
v -7.355185 8.518303 5.582207
v -7.372026 0.243192 5.704809
v -7.372025 8.546374 5.704808
v -7.355184 0.243192 5.680292
v -7.355185 8.518303 5.680291
v -7.372026 0.243192 5.882060
v -7.372025 8.546374 5.882059
v -7.372026 0.243192 5.704809
v -7.372025 8.546374 5.704808
v -7.355184 0.243192 5.906577
v -7.355185 8.518303 5.906577
v -7.372026 0.243192 5.882060
v -7.372025 8.546374 5.882059
v -7.355185 8.518303 6.004662
v -7.355185 8.518303 5.906577
v -7.355184 0.243192 6.004662
v -7.355184 0.243192 5.906577
v -7.331933 0.000000 6.077833
v -7.331933 0.241010 6.077833
v -7.301202 0.000000 6.049201
v -7.301202 0.241010 6.049201
v -7.301202 0.000000 5.537629
v -7.301202 0.241010 5.537629
v -7.331933 0.000000 5.508998
v -7.331933 0.241010 5.508998
v -7.331933 0.241010 6.077833
v -7.778325 0.241010 6.077833
v -7.331933 0.277858 6.049201
v -7.778325 0.277858 6.049201
v -7.331933 0.277858 6.049201
v -7.331933 0.277858 5.537629
v -7.301202 0.241010 6.049201
v -7.301202 0.241010 5.537629
v -7.331933 0.277858 5.537629
v -7.778325 0.277858 5.537629
v -7.331933 0.241010 5.508998
v -7.778325 0.241010 5.508998
v -7.301202 0.000000 6.049201
v -7.301202 0.241010 6.049201
v -7.301202 0.000000 5.537629
v -7.301202 0.241010 5.537629
v -7.331933 0.277858 6.049201
v -7.778325 0.277858 6.049201
v -7.331933 0.277858 5.537629
v -7.778325 0.277858 5.537629
v -7.331933 0.000000 5.508998
v -7.331933 0.241010 5.508998
v -7.778325 0.000000 5.508998
v -7.778325 0.241010 5.508998
v -7.778325 0.000000 6.077833
v -7.778325 0.241010 6.077833
v -7.331933 0.000000 6.077833
v -7.331933 0.241010 6.077833
v -7.331933 0.241010 6.077833
v -7.331933 0.277858 6.049201
v -7.301202 0.241010 6.049201
v -7.331933 0.277858 5.537629
v -7.331933 0.241010 5.508998
v -7.301202 0.241010 5.537629
v -7.355184 0.243192 5.582207
v -7.355185 8.518303 5.582207
v -7.368633 0.243192 5.562374
v -7.368633 8.518303 5.562373
v -7.368633 0.243192 6.024495
v -7.368633 8.518303 6.024494
v -7.355184 0.243192 6.004662
v -7.355185 8.518303 6.004662
v -7.368633 0.243192 2.732616
v -7.639743 0.243192 2.732616
v -7.368633 8.518303 2.732616
v -7.639743 8.518303 2.732616
v -7.368633 8.518303 2.270495
v -7.639743 8.518303 2.270495
v -7.368633 0.243192 2.270496
v -7.639743 0.243192 2.270496
v -7.355184 0.243192 2.388413
v -7.355185 8.518303 2.388412
v -7.355184 0.243192 2.290329
v -7.355185 8.518303 2.290328
v -7.372026 0.243192 2.412930
v -7.372025 8.546374 2.412929
v -7.355184 0.243192 2.388413
v -7.355185 8.518303 2.388412
v -7.372026 0.243192 2.590181
v -7.372025 8.546374 2.590181
v -7.372026 0.243192 2.412930
v -7.372025 8.546374 2.412929
v -7.355184 0.243192 2.614699
v -7.355185 8.518303 2.614698
v -7.372026 0.243192 2.590181
v -7.372025 8.546374 2.590181
v -7.355185 8.518303 2.712783
v -7.355185 8.518303 2.614698
v -7.355184 0.243192 2.712784
v -7.355184 0.243192 2.614699
v -7.331933 0.000000 2.785954
v -7.331933 0.241010 2.785954
v -7.301202 0.000000 2.757323
v -7.301202 0.241010 2.757323
v -7.301202 0.000000 2.245751
v -7.301202 0.241010 2.245751
v -7.331933 0.000000 2.217120
v -7.331933 0.241010 2.217120
v -7.331933 0.241010 2.785954
v -7.778325 0.241010 2.785954
v -7.331933 0.277857 2.757323
v -7.778325 0.277857 2.757323
v -7.331933 0.277857 2.757323
v -7.331933 0.277857 2.245751
v -7.301202 0.241010 2.757323
v -7.301202 0.241010 2.245751
v -7.331933 0.277857 2.245751
v -7.778325 0.277857 2.245751
v -7.331933 0.241010 2.217120
v -7.778325 0.241010 2.217120
v -7.301202 0.000000 2.757323
v -7.301202 0.241010 2.757323
v -7.301202 0.000000 2.245751
v -7.301202 0.241010 2.245751
v -7.331933 0.277857 2.757323
v -7.778325 0.277857 2.757323
v -7.331933 0.277857 2.245751
v -7.778325 0.277857 2.245751
v -7.331933 0.000000 2.217120
v -7.331933 0.241010 2.217120
v -7.778325 0.000000 2.217120
v -7.778325 0.241010 2.217120
v -7.778325 0.000000 2.785954
v -7.778325 0.241010 2.785954
v -7.331933 0.000000 2.785954
v -7.331933 0.241010 2.785954
v -7.331933 0.241010 2.785954
v -7.331933 0.277857 2.757323
v -7.301202 0.241010 2.757323
v -7.331933 0.277857 2.245751
v -7.331933 0.241010 2.217120
v -7.301202 0.241010 2.245751
v -7.355184 0.243192 2.290329
v -7.355185 8.518303 2.290328
v -7.368633 0.243192 2.270496
v -7.368633 8.518303 2.270495
v -7.368633 0.243192 2.732616
v -7.368633 8.518303 2.732616
v -7.355184 0.243192 2.712784
v -7.355185 8.518303 2.712783
v -7.368633 0.243191 -2.035021
v -7.639743 0.243191 -2.035021
v -7.368633 8.518303 -2.035022
v -7.639743 8.518303 -2.035022
v -7.368633 8.518303 -2.497143
v -7.639743 8.518303 -2.497143
v -7.368633 0.243191 -2.497142
v -7.639743 0.243191 -2.497142
v -7.355184 0.243191 -2.379225
v -7.355185 8.518303 -2.379225
v -7.355184 0.243191 -2.477309
v -7.355185 8.518303 -2.477309
v -7.372026 0.243191 -2.354707
v -7.372025 8.546374 -2.354708
v -7.355184 0.243191 -2.379225
v -7.355185 8.518303 -2.379225
v -7.372026 0.243191 -2.177456
v -7.372025 8.546374 -2.177457
v -7.372026 0.243191 -2.354707
v -7.372025 8.546374 -2.354708
v -7.355184 0.243191 -2.152939
v -7.355185 8.518303 -2.152940
v -7.372026 0.243191 -2.177456
v -7.372025 8.546374 -2.177457
v -7.355185 8.518303 -2.054855
v -7.355185 8.518303 -2.152940
v -7.355184 0.243191 -2.054854
v -7.355184 0.243191 -2.152939
v -7.331933 -0.000000 -1.981683
v -7.331933 0.241010 -1.981683
v -7.301202 -0.000000 -2.010314
v -7.301202 0.241010 -2.010314
v -7.301202 -0.000000 -2.521887
v -7.301202 0.241010 -2.521887
v -7.331933 -0.000000 -2.550517
v -7.331933 0.241010 -2.550517
v -7.331933 0.241010 -1.981683
v -7.778325 0.241010 -1.981683
v -7.331933 0.277857 -2.010314
v -7.778325 0.277857 -2.010314
v -7.331933 0.277857 -2.010314
v -7.331933 0.277857 -2.521887
v -7.301202 0.241010 -2.010314
v -7.301202 0.241010 -2.521887
v -7.331933 0.277857 -2.521887
v -7.778325 0.277857 -2.521887
v -7.331933 0.241010 -2.550517
v -7.778325 0.241010 -2.550517
v -7.301202 -0.000000 -2.010314
v -7.301202 0.241010 -2.010314
v -7.301202 -0.000000 -2.521887
v -7.301202 0.241010 -2.521887
v -7.331933 0.277857 -2.010314
v -7.778325 0.277857 -2.010314
v -7.331933 0.277857 -2.521887
v -7.778325 0.277857 -2.521887
v -7.331933 -0.000000 -2.550517
v -7.331933 0.241010 -2.550517
v -7.778325 -0.000000 -2.550517
v -7.778325 0.241010 -2.550517
v -7.778325 -0.000000 -1.981683
v -7.778325 0.241010 -1.981683
v -7.331933 -0.000000 -1.981683
v -7.331933 0.241010 -1.981683
v -7.331933 0.241010 -1.981683
v -7.331933 0.277857 -2.010314
v -7.301202 0.241010 -2.010314
v -7.331933 0.277857 -2.521887
v -7.331933 0.241010 -2.550517
v -7.301202 0.241010 -2.521887
v -7.355184 0.243191 -2.477309
v -7.355185 8.518303 -2.477309
v -7.368633 0.243191 -2.497142
v -7.368633 8.518303 -2.497143
v -7.368633 0.243191 -2.035021
v -7.368633 8.518303 -2.035022
v -7.355184 0.243191 -2.054854
v -7.355185 8.518303 -2.054855
v -7.362598 8.518303 -5.778348
v -7.633709 8.518303 -5.778348
v -7.362598 4.841696 -5.778348
v -7.633709 4.841696 -5.778348
v -7.349151 4.841696 -5.758515
v -7.349151 8.518303 -5.758515
v -7.362598 4.841696 -5.778348
v -7.362598 8.518303 -5.778348
v -7.349151 4.841696 -5.660431
v -7.349151 8.518303 -5.660431
v -7.349151 4.841696 -5.758515
v -7.349151 8.518303 -5.758515
v -7.365992 4.869768 -5.635914
v -7.365991 8.546374 -5.635914
v -7.349151 4.841696 -5.660431
v -7.349151 8.518303 -5.660431
v -7.365992 4.869768 -5.458663
v -7.365991 8.546374 -5.458663
v -7.365992 4.869768 -5.635914
v -7.365991 8.546374 -5.635914
v -7.349151 4.841696 -5.434145
v -7.349151 8.518303 -5.434145
v -7.365992 4.869768 -5.458663
v -7.365991 8.546374 -5.458663
v -7.349151 8.518303 -5.336060
v -7.349151 8.518303 -5.434145
v -7.349151 4.841696 -5.336060
v -7.349151 4.841696 -5.434145
v -7.362598 4.841696 -5.316227
v -7.362598 8.518303 -5.316227
v -7.349151 4.841696 -5.336060
v -7.349151 8.518303 -5.336060
v -7.633709 4.841696 -5.316227
v -7.633709 8.518303 -5.316227
v -7.362598 4.841696 -5.316227
v -7.362598 8.518303 -5.316227
v -0.539864 8.518303 -5.558591
v -0.539864 8.518303 -5.829701
v -0.539864 4.841696 -5.558591
v -0.539864 4.841696 -5.829701
v -0.559697 4.841696 -5.545143
v -0.559697 8.518303 -5.545144
v -0.539864 4.841696 -5.558591
v -0.539864 8.518303 -5.558591
v -0.657782 4.841696 -5.545143
v -0.657782 8.518303 -5.545144
v -0.559697 4.841696 -5.545143
v -0.559697 8.518303 -5.545144
v -0.682298 4.869768 -5.561984
v -0.682298 8.546374 -5.561983
v -0.657782 4.841696 -5.545143
v -0.657782 8.518303 -5.545144
v -0.859550 4.869768 -5.561984
v -0.859550 8.546374 -5.561983
v -0.682298 4.869768 -5.561984
v -0.682298 8.546374 -5.561983
v -0.884067 4.841696 -5.545143
v -0.884067 8.518303 -5.545144
v -0.859550 4.869768 -5.561984
v -0.859550 8.546374 -5.561983
v -0.982152 8.518303 -5.545144
v -0.884067 8.518303 -5.545144
v -0.982152 4.841696 -5.545143
v -0.884067 4.841696 -5.545143
v -1.001985 4.841696 -5.558591
v -1.001985 8.518303 -5.558591
v -0.982152 4.841696 -5.545143
v -0.982152 8.518303 -5.545144
v -1.001985 4.841696 -5.829701
v -1.001985 8.518303 -5.829701
v -1.001985 4.841696 -5.558591
v -1.001985 8.518303 -5.558591
v 5.097216 8.518303 -5.558639
v 5.097216 8.518303 -5.829749
v 5.097216 4.841696 -5.558639
v 5.097216 4.841696 -5.829749
v 5.077383 4.841696 -5.545191
v 5.077383 8.518303 -5.545191
v 5.097216 4.841696 -5.558639
v 5.097216 8.518303 -5.558639
v 4.979298 4.841696 -5.545191
v 4.979298 8.518303 -5.545191
v 5.077383 4.841696 -5.545191
v 5.077383 8.518303 -5.545191
v 4.954781 4.869768 -5.562032
v 4.954781 8.546374 -5.562031
v 4.979298 4.841696 -5.545191
v 4.979298 8.518303 -5.545191
v 4.777530 4.869768 -5.562032
v 4.777530 8.546374 -5.562031
v 4.954781 4.869768 -5.562032
v 4.954781 8.546374 -5.562031
v 4.753013 4.841696 -5.545191
v 4.753013 8.518303 -5.545191
v 4.777530 4.869768 -5.562032
v 4.777530 8.546374 -5.562031
v 4.654928 8.518303 -5.545191
v 4.753013 8.518303 -5.545191
v 4.654928 4.841696 -5.545191
v 4.753013 4.841696 -5.545191
v 4.635095 4.841696 -5.558639
v 4.635095 8.518303 -5.558639
v 4.654928 4.841696 -5.545191
v 4.654928 8.518303 -5.545191
v 4.635095 4.841696 -5.829749
v 4.635095 8.518303 -5.829749
v 4.635095 4.841696 -5.558639
v 4.635095 8.518303 -5.558639
v 7.535812 8.518303 -5.558639
v 7.535812 8.518303 -5.829749
v 7.535812 4.841696 -5.558639
v 7.535812 4.841696 -5.829749
v 7.515978 4.841696 -5.545191
v 7.515978 8.518303 -5.545191
v 7.535812 4.841696 -5.558639
v 7.535812 8.518303 -5.558639
v 7.417894 4.841696 -5.545191
v 7.417894 8.518303 -5.545191
v 7.515978 4.841696 -5.545191
v 7.515978 8.518303 -5.545191
v 7.393377 4.869768 -5.562032
v 7.393377 8.546374 -5.562031
v 7.417894 4.841696 -5.545191
v 7.417894 8.518303 -5.545191
v 7.216125 4.869768 -5.562032
v 7.216125 8.546374 -5.562031
v 7.393377 4.869768 -5.562032
v 7.393377 8.546374 -5.562031
v 7.191608 4.841696 -5.545191
v 7.191608 8.518303 -5.545191
v 7.216125 4.869768 -5.562032
v 7.216125 8.546374 -5.562031
v 7.093524 8.518303 -5.545191
v 7.191608 8.518303 -5.545191
v 7.093524 4.841696 -5.545191
v 7.191608 4.841696 -5.545191
v 7.073691 4.841696 -5.558639
v 7.073691 8.518303 -5.558639
v 7.093524 4.841696 -5.545191
v 7.093524 8.518303 -5.545191
v 7.073691 4.841696 -5.829749
v 7.073691 8.518303 -5.829749
v 7.073691 4.841696 -5.558639
v 7.073691 8.518303 -5.558639
v 7.415345 0.243191 -2.496466
v 7.686456 0.243191 -2.496466
v 7.415345 8.518303 -2.496467
v 7.686456 8.518303 -2.496467
v 7.415345 8.518303 -2.034347
v 7.686456 8.518303 -2.034347
v 7.415345 0.243191 -2.034346
v 7.686456 0.243191 -2.034346
v 7.401897 0.243191 -2.152263
v 7.401897 8.518303 -2.152264
v 7.401897 0.243191 -2.054179
v 7.401897 8.518303 -2.054180
v 7.418739 0.243191 -2.176780
v 7.418738 8.546374 -2.176781
v 7.401897 0.243191 -2.152263
v 7.401897 8.518303 -2.152264
v 7.418739 0.243191 -2.354031
v 7.418738 8.546374 -2.354032
v 7.418739 0.243191 -2.176780
v 7.418738 8.546374 -2.176781
v 7.401897 0.243191 -2.378549
v 7.401897 8.518303 -2.378550
v 7.418739 0.243191 -2.354031
v 7.418738 8.546374 -2.354032
v 7.401897 8.518303 -2.476634
v 7.401897 8.518303 -2.378550
v 7.401897 0.243191 -2.476634
v 7.401897 0.243191 -2.378549
v 7.378645 -0.000000 -2.549805
v 7.378645 0.241010 -2.549805
v 7.347914 -0.000000 -2.521173
v 7.347914 0.241010 -2.521173
v 7.347914 -0.000000 -2.009601
v 7.347914 0.241010 -2.009601
v 7.378645 -0.000000 -1.980970
v 7.378645 0.241010 -1.980970
v 7.378645 0.241010 -2.549805
v 7.825037 0.241010 -2.549805
v 7.378645 0.277857 -2.521173
v 7.825037 0.277857 -2.521173
v 7.378645 0.277857 -2.521173
v 7.378645 0.277857 -2.009601
v 7.347914 0.241010 -2.521173
v 7.347914 0.241010 -2.009601
v 7.378645 0.277857 -2.009601
v 7.825037 0.277857 -2.009601
v 7.378645 0.241010 -1.980970
v 7.825037 0.241010 -1.980970
v 7.347914 -0.000000 -2.521173
v 7.347914 0.241010 -2.521173
v 7.347914 -0.000000 -2.009601
v 7.347914 0.241010 -2.009601
v 7.378645 0.277857 -2.521173
v 7.825037 0.277857 -2.521173
v 7.378645 0.277857 -2.009601
v 7.825037 0.277857 -2.009601
v 7.378645 -0.000000 -1.980970
v 7.378645 0.241010 -1.980970
v 7.825037 -0.000000 -1.980970
v 7.825037 0.241010 -1.980970
v 7.825037 -0.000000 -2.549805
v 7.825037 0.241010 -2.549805
v 7.378645 -0.000000 -2.549805
v 7.378645 0.241010 -2.549805
v 7.378645 0.241010 -2.549805
v 7.378645 0.277857 -2.521173
v 7.347914 0.241010 -2.521173
v 7.378645 0.277857 -2.009601
v 7.378645 0.241010 -1.980970
v 7.347914 0.241010 -2.009601
v 7.401897 0.243191 -2.054179
v 7.401897 8.518303 -2.054180
v 7.415345 0.243191 -2.034346
v 7.415345 8.518303 -2.034347
v 7.415345 0.243191 -2.496466
v 7.415345 8.518303 -2.496467
v 7.401897 0.243191 -2.476634
v 7.401897 8.518303 -2.476634
v 7.415345 0.243192 2.270058
v 7.686456 0.243192 2.270058
v 7.415345 8.518303 2.270057
v 7.686456 8.518303 2.270057
v 7.415345 8.518303 2.732178
v 7.686456 8.518303 2.732178
v 7.415345 0.243192 2.732178
v 7.686456 0.243192 2.732178
v 7.401897 0.243192 2.614261
v 7.401897 8.518303 2.614260
v 7.401897 0.243192 2.712345
v 7.401897 8.518303 2.712344
v 7.418739 0.243192 2.589744
v 7.418738 8.546374 2.589743
v 7.401897 0.243192 2.614261
v 7.401897 8.518303 2.614260
v 7.418739 0.243192 2.412493
v 7.418738 8.546374 2.412492
v 7.418739 0.243192 2.589744
v 7.418738 8.546374 2.589743
v 7.401897 0.243192 2.387975
v 7.401897 8.518303 2.387975
v 7.418739 0.243192 2.412493
v 7.418738 8.546374 2.412492
v 7.401897 8.518303 2.289890
v 7.401897 8.518303 2.387975
v 7.401897 0.243192 2.289890
v 7.401897 0.243192 2.387975
v 7.378645 0.000000 2.216719
v 7.378645 0.241010 2.216719
v 7.347914 0.000000 2.245351
v 7.347914 0.241010 2.245351
v 7.347914 0.000000 2.756923
v 7.347914 0.241010 2.756923
v 7.378645 0.000000 2.785554
v 7.378645 0.241010 2.785554
v 7.378645 0.241010 2.216719
v 7.825037 0.241010 2.216719
v 7.378645 0.277857 2.245351
v 7.825037 0.277857 2.245351
v 7.378645 0.277857 2.245351
v 7.378645 0.277857 2.756923
v 7.347914 0.241010 2.245351
v 7.347914 0.241010 2.756923
v 7.378645 0.277857 2.756923
v 7.825037 0.277857 2.756923
v 7.378645 0.241010 2.785554
v 7.825037 0.241010 2.785554
v 7.347914 0.000000 2.245351
v 7.347914 0.241010 2.245351
v 7.347914 0.000000 2.756923
v 7.347914 0.241010 2.756923
v 7.378645 0.277857 2.245351
v 7.825037 0.277857 2.245351
v 7.378645 0.277857 2.756923
v 7.825037 0.277857 2.756923
v 7.378645 0.000000 2.785554
v 7.378645 0.241010 2.785554
v 7.825037 0.000000 2.785554
v 7.825037 0.241010 2.785554
v 7.825037 0.000000 2.216719
v 7.825037 0.241010 2.216719
v 7.378645 0.000000 2.216719
v 7.378645 0.241010 2.216719
v 7.378645 0.241010 2.216719
v 7.378645 0.277857 2.245351
v 7.347914 0.241010 2.245351
v 7.378645 0.277857 2.756923
v 7.378645 0.241010 2.785554
v 7.347914 0.241010 2.756923
v 7.401897 0.243192 2.712345
v 7.401897 8.518303 2.712344
v 7.415345 0.243192 2.732178
v 7.415345 8.518303 2.732178
v 7.415345 0.243192 2.270058
v 7.415345 8.518303 2.270057
v 7.401897 0.243192 2.289890
v 7.401897 8.518303 2.289890
v 7.415345 0.243192 5.562620
v 7.686456 0.243192 5.562620
v 7.415345 8.518303 5.562620
v 7.686456 8.518303 5.562620
v 7.415345 8.518303 6.024741
v 7.686456 8.518303 6.024741
v 7.415345 0.243192 6.024741
v 7.686456 0.243192 6.024741
v 7.401897 0.243192 5.906824
v 7.401897 8.518303 5.906823
v 7.401897 0.243192 6.004908
v 7.401897 8.518303 6.004907
v 7.418739 0.243192 5.882307
v 7.418738 8.546374 5.882306
v 7.401897 0.243192 5.906824
v 7.401897 8.518303 5.906823
v 7.418739 0.243192 5.705055
v 7.418738 8.546374 5.705055
v 7.418739 0.243192 5.882307
v 7.418738 8.546374 5.882306
v 7.401897 0.243192 5.680538
v 7.401897 8.518303 5.680537
v 7.418739 0.243192 5.705055
v 7.418738 8.546374 5.705055
v 7.401897 8.518303 5.582452
v 7.401897 8.518303 5.680537
v 7.401897 0.243192 5.582453
v 7.401897 0.243192 5.680538
v 7.378645 0.000000 5.509283
v 7.378645 0.241010 5.509283
v 7.347914 0.000000 5.537913
v 7.347914 0.241010 5.537913
v 7.347914 0.000000 6.049486
v 7.347914 0.241010 6.049486
v 7.378645 0.000000 6.078117
v 7.378645 0.241010 6.078117
v 7.378645 0.241010 5.509283
v 7.825037 0.241010 5.509283
v 7.378645 0.277858 5.537913
v 7.825037 0.277858 5.537913
v 7.378645 0.277858 5.537913
v 7.378645 0.277858 6.049486
v 7.347914 0.241010 5.537913
v 7.347914 0.241010 6.049486
v 7.378645 0.277858 6.049486
v 7.825037 0.277858 6.049486
v 7.378645 0.241010 6.078117
v 7.825037 0.241010 6.078117
v 7.347914 0.000000 5.537913
v 7.347914 0.241010 5.537913
v 7.347914 0.000000 6.049486
v 7.347914 0.241010 6.049486
v 7.378645 0.277858 5.537913
v 7.825037 0.277858 5.537913
v 7.378645 0.277858 6.049486
v 7.825037 0.277858 6.049486
v 7.378645 0.000000 6.078117
v 7.378645 0.241010 6.078117
v 7.825037 0.000000 6.078117
v 7.825037 0.241010 6.078117
v 7.825037 0.000000 5.509283
v 7.825037 0.241010 5.509283
v 7.378645 0.000000 5.509283
v 7.378645 0.241010 5.509283
v 7.378645 0.241010 5.509283
v 7.378645 0.277858 5.537913
v 7.347914 0.241010 5.537913
v 7.378645 0.277858 6.049486
v 7.378645 0.241010 6.078117
v 7.347914 0.241010 6.049486
v 7.401897 0.243192 6.004908
v 7.401897 8.518303 6.004907
v 7.415345 0.243192 6.024741
v 7.415345 8.518303 6.024741
v 7.415345 0.243192 5.562620
v 7.415345 8.518303 5.562620
v 7.401897 0.243192 5.582453
v 7.401897 8.518303 5.582452
v 7.415345 0.243192 9.016746
v 7.686456 0.243192 9.016746
v 7.415345 8.518304 9.016745
v 7.686456 8.518304 9.016745
v 7.415345 8.518304 9.478866
v 7.686456 8.518304 9.478866
v 7.415345 0.243192 9.478867
v 7.686456 0.243192 9.478867
v 7.401897 0.243192 9.360950
v 7.401897 8.518304 9.360949
v 7.401897 0.243192 9.459033
v 7.401897 8.518304 9.459032
v 7.418739 0.243192 9.336432
v 7.418738 8.546375 9.336432
v 7.401897 0.243192 9.360950
v 7.401897 8.518304 9.360949
v 7.418739 0.243192 9.159181
v 7.418738 8.546375 9.159180
v 7.418739 0.243192 9.336432
v 7.418738 8.546375 9.336432
v 7.401897 0.243192 9.134664
v 7.401897 8.518304 9.134663
v 7.418739 0.243192 9.159181
v 7.418738 8.546375 9.159180
v 7.401897 8.518304 9.036577
v 7.401897 8.518304 9.134663
v 7.401897 0.243192 9.036578
v 7.401897 0.243192 9.134664
v 7.378645 0.000001 8.963408
v 7.378645 0.241011 8.963408
v 7.347914 0.000001 8.992039
v 7.347914 0.241011 8.992039
v 7.347914 0.000001 9.503612
v 7.347914 0.241011 9.503612
v 7.378645 0.000001 9.532243
v 7.378645 0.241011 9.532243
v 7.378645 0.241011 8.963408
v 7.825037 0.241011 8.963408
v 7.378645 0.277858 8.992039
v 7.825037 0.277858 8.992039
v 7.378645 0.277858 8.992039
v 7.378645 0.277858 9.503612
v 7.347914 0.241011 8.992039
v 7.347914 0.241011 9.503612
v 7.378645 0.277858 9.503612
v 7.825037 0.277858 9.503612
v 7.378645 0.241011 9.532243
v 7.825037 0.241011 9.532243
v 7.347914 0.000001 8.992039
v 7.347914 0.241011 8.992039
v 7.347914 0.000001 9.503612
v 7.347914 0.241011 9.503612
v 7.378645 0.277858 8.992039
v 7.825037 0.277858 8.992039
v 7.378645 0.277858 9.503612
v 7.825037 0.277858 9.503612
v 7.378645 0.000001 9.532243
v 7.378645 0.241011 9.532243
v 7.825037 0.000001 9.532243
v 7.825037 0.241011 9.532243
v 7.825037 0.000001 8.963408
v 7.825037 0.241011 8.963408
v 7.378645 0.000001 8.963408
v 7.378645 0.241011 8.963408
v 7.378645 0.241011 8.963408
v 7.378645 0.277858 8.992039
v 7.347914 0.241011 8.992039
v 7.378645 0.277858 9.503612
v 7.378645 0.241011 9.532243
v 7.347914 0.241011 9.503612
v 7.401897 0.243192 9.459033
v 7.401897 8.518304 9.459032
v 7.415345 0.243192 9.478867
v 7.415345 8.518304 9.478866
v 7.415345 0.243192 9.016746
v 7.415345 8.518304 9.016745
v 7.401897 0.243192 9.036578
v 7.401897 8.518304 9.036577
v 7.415345 0.243193 13.686523
v 7.686456 0.243193 13.686523
v 7.415345 8.518304 13.686522
v 7.686456 8.518304 13.686522
v 7.415345 8.518304 14.148644
v 7.686456 8.518304 14.148644
v 7.415345 0.243193 14.148645
v 7.686456 0.243193 14.148645
v 7.401897 0.243193 14.030726
v 7.401897 8.518304 14.030725
v 7.401897 0.243193 14.128810
v 7.401897 8.518304 14.128809
v 7.418739 0.243193 14.006210
v 7.418738 8.546375 14.006209
v 7.401897 0.243193 14.030726
v 7.401897 8.518304 14.030725
v 7.418739 0.243193 13.828959
v 7.418738 8.546375 13.828958
v 7.418739 0.243193 14.006210
v 7.418738 8.546375 14.006209
v 7.401897 0.243193 13.804440
v 7.401897 8.518304 13.804440
v 7.418739 0.243193 13.828959
v 7.418738 8.546375 13.828958
v 7.401897 8.518304 13.706356
v 7.401897 8.518304 13.804440
v 7.401897 0.243193 13.706357
v 7.401897 0.243193 13.804440
v 7.378645 0.000001 13.633185
v 7.378645 0.241011 13.633185
v 7.347914 0.000001 13.661817
v 7.347914 0.241011 13.661817
v 7.347914 0.000001 14.173388
v 7.347914 0.241011 14.173388
v 7.378645 0.000001 14.202021
v 7.378645 0.241011 14.202021
v 7.378645 0.241011 13.633185
v 7.825037 0.241011 13.633185
v 7.378645 0.277858 13.661817
v 7.825037 0.277858 13.661817
v 7.378645 0.277858 13.661817
v 7.378645 0.277858 14.173388
v 7.347914 0.241011 13.661817
v 7.347914 0.241011 14.173388
v 7.378645 0.277858 14.173388
v 7.825037 0.277858 14.173388
v 7.378645 0.241011 14.202021
v 7.825037 0.241011 14.202021
v 7.347914 0.000001 13.661817
v 7.347914 0.241011 13.661817
v 7.347914 0.000001 14.173388
v 7.347914 0.241011 14.173388
v 7.378645 0.277858 13.661817
v 7.825037 0.277858 13.661817
v 7.378645 0.277858 14.173388
v 7.825037 0.277858 14.173388
v 7.378645 0.000001 14.202021
v 7.378645 0.241011 14.202021
v 7.825037 0.000001 14.202021
v 7.825037 0.241011 14.202021
v 7.825037 0.000001 13.633185
v 7.825037 0.241011 13.633185
v 7.378645 0.000001 13.633185
v 7.378645 0.241011 13.633185
v 7.378645 0.241011 13.633185
v 7.378645 0.277858 13.661817
v 7.347914 0.241011 13.661817
v 7.378645 0.277858 14.173388
v 7.378645 0.241011 14.202021
v 7.347914 0.241011 14.173388
v 7.401897 0.243193 14.128810
v 7.401897 8.518304 14.128809
v 7.415345 0.243193 14.148645
v 7.415345 8.518304 14.148644
v 7.415345 0.243193 13.686523
v 7.415345 8.518304 13.686522
v 7.401897 0.243193 13.706357
v 7.401897 8.518304 13.706356
v 7.745014 4.768464 17.411659
v 7.745014 4.768464 17.682770
v 7.745014 8.518304 17.411659
v 7.745014 8.518304 17.682770
v 7.282894 8.518304 17.411659
v 7.282894 8.518304 17.682770
v 7.282894 4.768464 17.411659
v 7.282894 4.768464 17.682770
v 7.400811 4.768464 17.398212
v 7.400811 8.518304 17.398212
v 7.302727 4.768464 17.398212
v 7.302727 8.518304 17.398212
v 7.425328 4.796536 17.415052
v 7.425328 8.546375 17.415052
v 7.400811 4.768464 17.398212
v 7.400811 8.518304 17.398212
v 7.602580 4.796536 17.415052
v 7.602580 8.546375 17.415052
v 7.425328 4.796536 17.415052
v 7.425328 8.546375 17.415052
v 7.627097 4.768464 17.398212
v 7.627097 8.518304 17.398212
v 7.602580 4.796536 17.415052
v 7.602580 8.546375 17.415052
v 7.725182 8.518304 17.398212
v 7.627097 8.518304 17.398212
v 7.725182 4.768464 17.398212
v 7.627097 4.768464 17.398212
v 7.302727 4.768464 17.398212
v 7.302727 8.518304 17.398212
v 7.282894 4.768464 17.411659
v 7.282894 8.518304 17.411659
v 7.745014 4.768464 17.411659
v 7.745014 8.518304 17.411659
v 7.725182 4.768464 17.398212
v 7.725182 8.518304 17.398212
v 4.634919 8.518304 17.436699
v 4.634919 8.518304 17.707809
v 4.634919 4.841698 17.436699
v 4.634919 4.841698 17.707809
v 4.654752 4.841698 17.423252
v 4.654752 8.518304 17.423252
v 4.634919 4.841698 17.436699
v 4.634919 8.518304 17.436699
v 4.752837 4.841698 17.423252
v 4.752837 8.518304 17.423252
v 4.654752 4.841698 17.423252
v 4.654752 8.518304 17.423252
v 4.777354 4.869769 17.440092
v 4.777354 8.546375 17.440092
v 4.752837 4.841698 17.423252
v 4.752837 8.518304 17.423252
v 4.954605 4.869769 17.440092
v 4.954605 8.546375 17.440092
v 4.777354 4.869769 17.440092
v 4.777354 8.546375 17.440092
v 4.979122 4.841698 17.423252
v 4.979122 8.518304 17.423252
v 4.954605 4.869769 17.440092
v 4.954605 8.546375 17.440092
v 5.077207 8.518304 17.423252
v 4.979122 8.518304 17.423252
v 5.077207 4.841698 17.423252
v 4.979122 4.841698 17.423252
v 5.097040 4.841698 17.436699
v 5.097040 8.518304 17.436699
v 5.077207 4.841698 17.423252
v 5.077207 8.518304 17.423252
v 5.097040 4.841698 17.707809
v 5.097040 8.518304 17.707809
v 5.097040 4.841698 17.436699
v 5.097040 8.518304 17.436699
v -1.001334 8.518304 17.436747
v -1.001334 8.518304 17.707857
v -1.001334 4.841698 17.436747
v -1.001334 4.841698 17.707857
v -0.981500 4.841698 17.423300
v -0.981500 8.518304 17.423300
v -1.001334 4.841698 17.436747
v -1.001334 8.518304 17.436747
v -0.883416 4.841698 17.423300
v -0.883416 8.518304 17.423300
v -0.981500 4.841698 17.423300
v -0.981500 8.518304 17.423300
v -0.858899 4.869769 17.440140
v -0.858899 8.546375 17.440140
v -0.883416 4.841698 17.423300
v -0.883416 8.518304 17.423300
v -0.681648 4.869769 17.440140
v -0.681648 8.546375 17.440140
v -0.858899 4.869769 17.440140
v -0.858899 8.546375 17.440140
v -0.657131 4.841698 17.423300
v -0.657131 8.518304 17.423300
v -0.681648 4.869769 17.440140
v -0.681648 8.546375 17.440140
v -0.559046 8.518304 17.423300
v -0.657131 8.518304 17.423300
v -0.559046 4.841698 17.423300
v -0.657131 4.841698 17.423300
v -0.539213 4.841698 17.436747
v -0.539213 8.518304 17.436747
v -0.559046 4.841698 17.423300
v -0.559046 8.518304 17.423300
v -0.539213 4.841698 17.707857
v -0.539213 8.518304 17.707857
v -0.539213 4.841698 17.436747
v -0.539213 8.518304 17.436747
v -0.232101 1.710168 16.690071
v -0.089125 1.710168 16.534273
v -0.258309 1.742977 16.679869
v -0.100646 1.742977 16.508068
v -0.258309 1.742977 16.679869
v -0.258309 1.742977 17.300200
v -0.232101 1.710168 16.690071
v -0.232101 1.710168 17.300200
v -0.089125 1.710168 16.534273
v 0.509616 1.710168 16.534273
v -0.100646 1.742977 16.508068
v 0.521137 1.742977 16.508068
v 0.509616 1.710168 16.534273
v 0.652593 1.710168 16.690071
v 0.521137 1.742977 16.508068
v 0.678800 1.742977 16.679869
v 0.652593 1.710168 16.690071
v 0.652593 1.710168 17.300200
v 0.678800 1.742977 16.679869
v 0.678800 1.742977 17.300200
v -0.232101 1.872054 16.690071
v -0.232101 1.872054 17.300200
v -0.258309 1.839244 16.679869
v -0.258309 1.839244 17.300200
v -0.258309 1.839244 16.679869
v -0.100646 1.839243 16.508068
v -0.232101 1.872054 16.690071
v -0.089125 1.872054 16.534273
v -0.100646 1.839243 16.508068
v 0.521137 1.839243 16.508068
v -0.089125 1.872054 16.534273
v 0.509616 1.872054 16.534273
v 0.521137 1.839243 16.508068
v 0.678800 1.839244 16.679869
v 0.509616 1.872054 16.534273
v 0.652593 1.872054 16.690071
v 0.678800 1.839244 16.679869
v 0.678800 1.839244 17.300200
v 0.652593 1.872054 16.690071
v 0.652593 1.872054 17.300200
v -0.258309 1.742977 16.679869
v -0.100646 1.742977 16.508068
v -0.258309 1.839244 16.679869
v -0.100646 1.839243 16.508068
v -0.100646 1.742977 16.508068
v 0.521137 1.742977 16.508068
v -0.100646 1.839243 16.508068
v 0.521137 1.839243 16.508068
v 0.521137 1.742977 16.508068
v 0.678800 1.742977 16.679869
v 0.521137 1.839243 16.508068
v 0.678800 1.839244 16.679869
v 0.509616 1.710168 16.534273
v -0.089125 1.710168 16.534273
v 0.652593 1.710168 16.690071
v 0.652593 1.710168 17.300200
v -0.232101 1.710168 16.690071
v -0.232101 1.710168 17.300200
v 0.509616 1.872054 16.534273
v 0.652593 1.872054 16.690071
v -0.089125 1.872054 16.534273
v -0.232101 1.872054 16.690071
v 0.652593 1.872054 17.300200
v -0.232101 1.872054 17.300200
v 0.678800 1.742977 16.679869
v 0.678800 1.742977 17.300200
v 0.678800 1.839244 16.679869
v 0.678800 1.839244 17.300200
v -0.258309 1.742977 17.300200
v -0.258309 1.742977 16.679869
v -0.258309 1.839244 17.300200
v -0.258309 1.839244 16.679869
v -0.232101 4.093771 16.690071
v -0.089125 4.093771 16.534273
v -0.258309 4.126580 16.679869
v -0.100646 4.126580 16.508068
v -0.258309 4.126580 16.679869
v -0.258309 4.126580 17.300200
v -0.232101 4.093771 16.690071
v -0.232101 4.093771 17.300200
v -0.089125 4.093771 16.534273
v 0.509616 4.093771 16.534273
v -0.100646 4.126580 16.508068
v 0.521137 4.126580 16.508068
v 0.509616 4.093771 16.534273
v 0.652593 4.093771 16.690071
v 0.521137 4.126580 16.508068
v 0.678800 4.126580 16.679869
v 0.652593 4.093771 16.690071
v 0.652593 4.093771 17.300200
v 0.678800 4.126580 16.679869
v 0.678800 4.126580 17.300200
v -0.232101 4.255657 16.690071
v -0.232101 4.255657 17.300200
v -0.258309 4.222847 16.679869
v -0.258309 4.222847 17.300200
v -0.258309 4.222847 16.679869
v -0.100646 4.222847 16.508068
v -0.232101 4.255657 16.690071
v -0.089125 4.255657 16.534273
v -0.100646 4.222847 16.508068
v 0.521137 4.222847 16.508068
v -0.089125 4.255657 16.534273
v 0.509616 4.255657 16.534273
v 0.521137 4.222847 16.508068
v 0.678800 4.222847 16.679869
v 0.509616 4.255657 16.534273
v 0.652593 4.255657 16.690071
v 0.678800 4.222847 16.679869
v 0.678800 4.222847 17.300200
v 0.652593 4.255657 16.690071
v 0.652593 4.255657 17.300200
v -0.258309 4.126580 16.679869
v -0.100646 4.126580 16.508068
v -0.258309 4.222847 16.679869
v -0.100646 4.222847 16.508068
v -0.100646 4.126580 16.508068
v 0.521137 4.126580 16.508068
v -0.100646 4.222847 16.508068
v 0.521137 4.222847 16.508068
v 0.521137 4.126580 16.508068
v 0.678800 4.126580 16.679869
v 0.521137 4.222847 16.508068
v 0.678800 4.222847 16.679869
v 0.509616 4.093771 16.534273
v -0.089125 4.093771 16.534273
v 0.652593 4.093771 16.690071
v 0.652593 4.093771 17.300200
v -0.232101 4.093771 16.690071
v -0.232101 4.093771 17.300200
v 0.509616 4.255657 16.534273
v 0.652593 4.255657 16.690071
v -0.089125 4.255657 16.534273
v -0.232101 4.255657 16.690071
v 0.652593 4.255657 17.300200
v -0.232101 4.255657 17.300200
v 0.678800 4.126580 16.679869
v 0.678800 4.126580 17.300200
v 0.678800 4.222847 16.679869
v 0.678800 4.222847 17.300200
v -0.258309 4.126580 17.300200
v -0.258309 4.126580 16.679869
v -0.258309 4.222847 17.300200
v -0.258309 4.222847 16.679869
v 6.724785 4.093771 16.690071
v 6.867761 4.093771 16.534273
v 6.698578 4.126580 16.679869
v 6.856241 4.126580 16.508068
v 6.698578 4.126580 16.679869
v 6.698578 4.126580 17.300200
v 6.724785 4.093771 16.690071
v 6.724785 4.093771 17.300200
v 6.867761 4.093771 16.534273
v 7.307794 4.093771 16.534273
v 6.856241 4.126580 16.508068
v 7.319314 4.126580 16.508068
v 7.307794 4.093771 16.534273
v 7.450771 4.093771 16.690071
v 7.319314 4.126580 16.508068
v 7.476978 4.126580 16.679869
v 7.450771 4.093771 16.690071
v 7.450771 4.093771 17.300200
v 7.476978 4.126580 16.679869
v 7.476978 4.126580 17.300200
v 6.724785 4.255657 16.690071
v 6.724785 4.255657 17.300200
v 6.698578 4.222847 16.679869
v 6.698578 4.222847 17.300200
v 6.698578 4.222847 16.679869
v 6.856241 4.222847 16.508068
v 6.724785 4.255657 16.690071
v 6.867761 4.255657 16.534273
v 6.856241 4.222847 16.508068
v 7.319314 4.222847 16.508068
v 6.867761 4.255657 16.534273
v 7.307794 4.255657 16.534273
v 7.319314 4.222847 16.508068
v 7.476978 4.222847 16.679869
v 7.307794 4.255657 16.534273
v 7.450771 4.255657 16.690071
v 7.476978 4.222847 16.679869
v 7.476978 4.222847 17.300200
v 7.450771 4.255657 16.690071
v 7.450771 4.255657 17.300200
v 6.698578 4.126580 16.679869
v 6.856241 4.126580 16.508068
v 6.698578 4.222847 16.679869
v 6.856241 4.222847 16.508068
v 6.856241 4.126580 16.508068
v 7.319314 4.126580 16.508068
v 6.856241 4.222847 16.508068
v 7.319314 4.222847 16.508068
v 7.319314 4.126580 16.508068
v 7.476978 4.126580 16.679869
v 7.319314 4.222847 16.508068
v 7.476978 4.222847 16.679869
v 7.307794 4.093771 16.534273
v 6.867761 4.093771 16.534273
v 7.450771 4.093771 16.690071
v 7.450771 4.093771 17.300200
v 6.724785 4.093771 16.690071
v 6.724785 4.093771 17.300200
v 7.307794 4.255657 16.534273
v 7.450771 4.255657 16.690071
v 6.867761 4.255657 16.534273
v 6.724785 4.255657 16.690071
v 7.450771 4.255657 17.300200
v 6.724785 4.255657 17.300200
v 7.476978 4.126580 16.679869
v 7.476978 4.126580 17.300200
v 7.476978 4.222847 16.679869
v 7.476978 4.222847 17.300200
v 6.698578 4.126580 17.300200
v 6.698578 4.126580 16.679869
v 6.698578 4.222847 17.300200
v 6.698578 4.222847 16.679869
v 6.724785 1.710168 16.690071
v 6.867761 1.710168 16.534273
v 6.698578 1.742977 16.679869
v 6.856241 1.742977 16.508068
v 6.698578 1.742977 16.679869
v 6.698578 1.742977 17.300200
v 6.724785 1.710168 16.690071
v 6.724785 1.710168 17.300200
v 6.867761 1.710168 16.534273
v 7.307794 1.710168 16.534273
v 6.856241 1.742977 16.508068
v 7.319314 1.742977 16.508068
v 7.307794 1.710168 16.534273
v 7.450771 1.710168 16.690071
v 7.319314 1.742977 16.508068
v 7.476978 1.742977 16.679869
v 7.450771 1.710168 16.690071
v 7.450771 1.710168 17.300200
v 7.476978 1.742977 16.679869
v 7.476978 1.742977 17.300200
v 6.724785 1.872054 16.690071
v 6.724785 1.872054 17.300200
v 6.698578 1.839244 16.679869
v 6.698578 1.839244 17.300200
v 6.698578 1.839244 16.679869
v 6.856241 1.839243 16.508068
v 6.724785 1.872054 16.690071
v 6.867761 1.872054 16.534273
v 6.856241 1.839243 16.508068
v 7.319314 1.839243 16.508068
v 6.867761 1.872054 16.534273
v 7.307794 1.872054 16.534273
v 7.319314 1.839243 16.508068
v 7.476978 1.839244 16.679869
v 7.307794 1.872054 16.534273
v 7.450771 1.872054 16.690071
v 7.476978 1.839244 16.679869
v 7.476978 1.839244 17.300200
v 7.450771 1.872054 16.690071
v 7.450771 1.872054 17.300200
v 6.698578 1.742977 16.679869
v 6.856241 1.742977 16.508068
v 6.698578 1.839244 16.679869
v 6.856241 1.839243 16.508068
v 6.856241 1.742977 16.508068
v 7.319314 1.742977 16.508068
v 6.856241 1.839243 16.508068
v 7.319314 1.839243 16.508068
v 7.319314 1.742977 16.508068
v 7.476978 1.742977 16.679869
v 7.319314 1.839243 16.508068
v 7.476978 1.839244 16.679869
v 7.307794 1.710168 16.534273
v 6.867761 1.710168 16.534273
v 7.450771 1.710168 16.690071
v 7.450771 1.710168 17.300200
v 6.724785 1.710168 16.690071
v 6.724785 1.710168 17.300200
v 7.307794 1.872054 16.534273
v 7.450771 1.872054 16.690071
v 6.867761 1.872054 16.534273
v 6.724785 1.872054 16.690071
v 7.450771 1.872054 17.300200
v 6.724785 1.872054 17.300200
v 7.476978 1.742977 16.679869
v 7.476978 1.742977 17.300200
v 7.476978 1.839244 16.679869
v 7.476978 1.839244 17.300200
v 6.698578 1.742977 17.300200
v 6.698578 1.742977 16.679869
v 6.698578 1.839244 17.300200
v 6.698578 1.839244 16.679869
v -7.204323 1.412567 0.821653
v -7.048524 1.412567 0.964629
v -7.194121 1.445377 0.795446
v -7.022319 1.445377 0.953109
v -7.194121 1.445377 0.795446
v -7.814452 1.445377 0.795446
v -7.204323 1.412567 0.821653
v -7.814452 1.412567 0.821653
v -7.048524 1.412567 0.964629
v -7.048524 1.412567 1.563371
v -7.022319 1.445377 0.953109
v -7.022319 1.445377 1.574891
v -7.048524 1.412567 1.563371
v -7.204323 1.412567 1.706347
v -7.022319 1.445377 1.574891
v -7.194121 1.445377 1.732554
v -7.204323 1.412567 1.706347
v -7.814452 1.412567 1.706347
v -7.194121 1.445377 1.732554
v -7.814452 1.445377 1.732554
v -7.204323 1.574453 0.821653
v -7.814452 1.574453 0.821653
v -7.194121 1.541643 0.795446
v -7.814452 1.541643 0.795446
v -7.194121 1.541643 0.795446
v -7.022319 1.541643 0.953109
v -7.204323 1.574453 0.821653
v -7.048524 1.574453 0.964629
v -7.022319 1.541643 0.953109
v -7.022319 1.541643 1.574892
v -7.048524 1.574453 0.964629
v -7.048524 1.574453 1.563371
v -7.022319 1.541643 1.574892
v -7.194121 1.541643 1.732554
v -7.048524 1.574453 1.563371
v -7.204323 1.574453 1.706347
v -7.194121 1.541643 1.732554
v -7.814452 1.541643 1.732554
v -7.204323 1.574453 1.706347
v -7.814452 1.574453 1.706347
v -7.022319 1.517707 0.953109
v -7.022319 1.541643 0.953109
v -7.194121 1.517707 0.795446
v -7.194121 1.541643 0.795446
v -7.022319 1.517707 1.574891
v -7.022319 1.541643 1.574892
v -7.022319 1.517707 0.953109
v -7.022319 1.541643 0.953109
v -7.194121 1.517707 1.732555
v -7.194121 1.541643 1.732554
v -7.022319 1.517707 1.574891
v -7.022319 1.541643 1.574892
v -7.204323 1.412567 0.821653
v -7.814452 1.412567 0.821653
v -7.204323 1.412567 1.706347
v -7.814452 1.412567 1.706347
v -7.048524 1.574453 1.563371
v -7.204323 1.574453 1.706347
v -7.048524 1.574453 0.964629
v -7.204323 1.574453 0.821653
v -7.194121 1.517707 1.732555
v -7.814452 1.517707 1.732555
v -7.194121 1.541643 1.732554
v -7.814452 1.541643 1.732554
v -7.194121 1.517707 0.795446
v -7.194121 1.541643 0.795446
v -7.814452 1.517707 0.795446
v -7.814452 1.541643 0.795446
v -7.194121 1.445377 1.732554
v -7.814452 1.445377 1.732554
v -7.194121 1.465214 1.732555
v -7.814452 1.465214 1.732555
v -7.194121 1.445377 1.732554
v -7.194121 1.465214 1.732555
v -7.022319 1.445377 1.574891
v -7.022319 1.465214 1.574892
v -7.022319 1.445377 1.574891
v -7.022319 1.465214 1.574892
v -7.022319 1.445377 0.953109
v -7.022319 1.465214 0.953109
v -7.022319 1.445377 0.953109
v -7.022319 1.465214 0.953109
v -7.194121 1.445377 0.795446
v -7.194121 1.465214 0.795446
v -7.194121 1.445377 0.795446
v -7.194121 1.465214 0.795446
v -7.814452 1.445377 0.795446
v -7.814452 1.465214 0.795446
v -7.194121 1.517707 1.732555
v -7.194121 1.465214 1.732555
v -7.814452 1.517707 1.732555
v -7.814452 1.465214 1.732555
v -7.022319 1.517707 1.574891
v -7.022319 1.465214 1.574892
v -7.194121 1.517707 1.732555
v -7.194121 1.465214 1.732555
v -7.022319 1.517707 0.953109
v -7.022319 1.465214 0.953109
v -7.022319 1.517707 1.574891
v -7.022319 1.465214 1.574892
v -7.814452 1.517707 0.795446
v -7.814452 1.465214 0.795446
v -7.194121 1.517707 0.795446
v -7.194121 1.465214 0.795446
v -7.194121 1.465214 0.795446
v -7.022319 1.465214 0.953109
v -7.194121 1.517707 0.795446
v -7.022319 1.517707 0.953109
v -7.204323 4.926085 0.821653
v -7.048524 4.926085 0.964629
v -7.194121 4.958894 0.795446
v -7.022319 4.958894 0.953109
v -7.194121 4.958894 0.795446
v -7.814452 4.958894 0.795446
v -7.204323 4.926085 0.821653
v -7.814452 4.926085 0.821653
v -7.048524 4.926085 0.964629
v -7.048524 4.926085 1.563371
v -7.022319 4.958894 0.953109
v -7.022319 4.958894 1.574891
v -7.048524 4.926085 1.563371
v -7.204323 4.926085 1.706347
v -7.022319 4.958894 1.574891
v -7.194121 4.958894 1.732554
v -7.204323 4.926085 1.706347
v -7.814452 4.926085 1.706347
v -7.194121 4.958894 1.732554
v -7.814452 4.958894 1.732554
v -7.204323 5.087971 0.821653
v -7.814452 5.087971 0.821653
v -7.194121 5.055161 0.795446
v -7.814452 5.055161 0.795446
v -7.194121 5.055161 0.795446
v -7.022319 5.055161 0.953109
v -7.204323 5.087971 0.821653
v -7.048524 5.087971 0.964629
v -7.022319 5.055161 0.953109
v -7.022319 5.055161 1.574891
v -7.048524 5.087971 0.964629
v -7.048524 5.087971 1.563371
v -7.022319 5.055161 1.574891
v -7.194121 5.055161 1.732554
v -7.048524 5.087971 1.563371
v -7.204323 5.087971 1.706347
v -7.194121 5.055161 1.732554
v -7.814452 5.055161 1.732554
v -7.204323 5.087971 1.706347
v -7.814452 5.087971 1.706347
v -7.022319 5.031224 0.953109
v -7.022319 5.055161 0.953109
v -7.194121 5.031224 0.795446
v -7.194121 5.055161 0.795446
v -7.022319 5.031224 1.574891
v -7.022319 5.055161 1.574891
v -7.022319 5.031224 0.953109
v -7.022319 5.055161 0.953109
v -7.194121 5.031224 1.732554
v -7.194121 5.055161 1.732554
v -7.022319 5.031224 1.574891
v -7.022319 5.055161 1.574891
v -7.204323 4.926085 0.821653
v -7.814452 4.926085 0.821653
v -7.204323 4.926085 1.706347
v -7.814452 4.926085 1.706347
v -7.048524 5.087971 1.563371
v -7.204323 5.087971 1.706347
v -7.048524 5.087971 0.964629
v -7.204323 5.087971 0.821653
v -7.194121 5.031224 1.732554
v -7.814452 5.031224 1.732554
v -7.194121 5.055161 1.732554
v -7.814452 5.055161 1.732554
v -7.194121 5.031224 0.795446
v -7.194121 5.055161 0.795446
v -7.814452 5.031224 0.795446
v -7.814452 5.055161 0.795446
v -7.194121 4.958894 1.732554
v -7.814452 4.958894 1.732554
v -7.194121 4.978732 1.732554
v -7.814452 4.978732 1.732554
v -7.194121 4.958894 1.732554
v -7.194121 4.978732 1.732554
v -7.022319 4.958894 1.574891
v -7.022319 4.978732 1.574891
v -7.022319 4.958894 1.574891
v -7.022319 4.978732 1.574891
v -7.022319 4.958894 0.953109
v -7.022319 4.978732 0.953109
v -7.022319 4.958894 0.953109
v -7.022319 4.978732 0.953109
v -7.194121 4.958894 0.795446
v -7.194121 4.978732 0.795446
v -7.194121 4.958894 0.795446
v -7.194121 4.978732 0.795446
v -7.814452 4.958894 0.795446
v -7.814452 4.978732 0.795446
v -7.194121 5.031224 1.732554
v -7.194121 4.978732 1.732554
v -7.814452 5.031224 1.732554
v -7.814452 4.978732 1.732554
v -7.022319 5.031224 1.574891
v -7.022319 4.978732 1.574891
v -7.194121 5.031224 1.732554
v -7.194121 4.978732 1.732554
v -7.022319 4.978732 0.953109
v -7.022319 4.978732 1.574891
v -7.814452 5.031224 0.795446
v -7.814452 4.978732 0.795446
v -7.194121 5.031224 0.795446
v -7.194121 4.978732 0.795446
v -7.194121 4.978732 0.795446
v -7.022319 4.978732 0.953109
v -7.194121 5.031224 0.795446
v -7.022319 5.031224 0.953109
v -7.048524 4.926085 1.563371
v -7.048524 4.926085 0.964629
v -7.204323 4.926085 1.706347
v -7.204323 4.926085 0.821653
v -7.204323 5.087971 1.706347
v -7.814452 5.087971 1.706347
v -7.204323 5.087971 0.821653
v -7.814452 5.087971 0.821653
v -7.048524 1.412567 1.563371
v -7.048524 1.412567 0.964629
v -7.204323 1.412567 1.706347
v -7.204323 1.412567 0.821653
v -7.204323 1.574453 1.706347
v -7.814452 1.574453 1.706347
v -7.204323 1.574453 0.821653
v -7.814452 1.574453 0.821653
v -7.204323 1.412568 12.679568
v -7.194121 1.445377 12.705775
v -7.048524 1.412568 12.536592
v -7.022319 1.445377 12.548113
v -7.194121 1.445377 12.705775
v -7.204323 1.412568 12.679568
v -7.814452 1.445377 12.705775
v -7.814452 1.412568 12.679568
v -7.048524 1.412568 12.536592
v -7.022319 1.445377 12.548113
v -7.048524 1.412568 11.937851
v -7.022319 1.445377 11.926331
v -7.048524 1.412568 11.937851
v -7.022319 1.445377 11.926331
v -7.204323 1.412568 11.794875
v -7.194121 1.445377 11.768668
v -7.204323 1.412568 11.794875
v -7.194121 1.445377 11.768668
v -7.814452 1.412568 11.794875
v -7.814452 1.445377 11.768668
v -7.204323 1.574454 12.679568
v -7.194121 1.541644 12.705775
v -7.814452 1.574454 12.679568
v -7.814452 1.541644 12.705775
v -7.194121 1.541644 12.705775
v -7.204323 1.574454 12.679568
v -7.022319 1.541644 12.548113
v -7.048524 1.574454 12.536592
v -7.022319 1.541644 12.548113
v -7.048524 1.574454 12.536592
v -7.022319 1.541644 11.926330
v -7.048524 1.574454 11.937851
v -7.022319 1.541644 11.926330
v -7.048524 1.574454 11.937851
v -7.194121 1.541644 11.768668
v -7.204323 1.574454 11.794875
v -7.194121 1.541644 11.768668
v -7.204323 1.574454 11.794875
v -7.814452 1.541644 11.768668
v -7.814452 1.574454 11.794875
v -7.022319 1.517708 12.548113
v -7.194121 1.517708 12.705775
v -7.022319 1.541644 12.548113
v -7.194121 1.541644 12.705775
v -7.022319 1.517708 11.926331
v -7.022319 1.517708 12.548113
v -7.022319 1.541644 11.926330
v -7.022319 1.541644 12.548113
v -7.194121 1.517708 11.768667
v -7.022319 1.517708 11.926331
v -7.194121 1.541644 11.768668
v -7.022319 1.541644 11.926330
v -7.204323 1.412568 12.679568
v -7.204323 1.412568 11.794875
v -7.814452 1.412568 12.679568
v -7.814452 1.412568 11.794875
v -7.048524 1.574454 11.937851
v -7.048524 1.574454 12.536592
v -7.204323 1.574454 11.794875
v -7.204323 1.574454 12.679568
v -7.194121 1.517708 11.768667
v -7.194121 1.541644 11.768668
v -7.814452 1.517708 11.768667
v -7.814452 1.541644 11.768668
v -7.194121 1.517708 12.705775
v -7.814452 1.517708 12.705775
v -7.194121 1.541644 12.705775
v -7.814452 1.541644 12.705775
v -7.194121 1.445377 11.768668
v -7.194121 1.465215 11.768667
v -7.814452 1.445377 11.768668
v -7.814452 1.465215 11.768667
v -7.194121 1.445377 11.768668
v -7.022319 1.445377 11.926331
v -7.194121 1.465215 11.768667
v -7.022319 1.465215 11.926330
v -7.022319 1.445377 11.926331
v -7.022319 1.445377 12.548113
v -7.022319 1.465215 11.926330
v -7.022319 1.465215 12.548113
v -7.022319 1.445377 12.548113
v -7.194121 1.445377 12.705775
v -7.022319 1.465215 12.548113
v -7.194121 1.465215 12.705775
v -7.194121 1.445377 12.705775
v -7.814452 1.445377 12.705775
v -7.194121 1.465215 12.705775
v -7.814452 1.465215 12.705775
v -7.194121 1.517708 11.768667
v -7.814452 1.517708 11.768667
v -7.194121 1.465215 11.768667
v -7.814452 1.465215 11.768667
v -7.022319 1.517708 11.926331
v -7.194121 1.517708 11.768667
v -7.022319 1.465215 11.926330
v -7.194121 1.465215 11.768667
v -7.022319 1.517708 12.548113
v -7.022319 1.465215 11.926330
v -7.814452 1.517708 12.705775
v -7.194121 1.517708 12.705775
v -7.814452 1.465215 12.705775
v -7.194121 1.465215 12.705775
v -7.194121 1.465215 12.705775
v -7.194121 1.517708 12.705775
v -7.022319 1.465215 12.548113
v -7.022319 1.517708 12.548113
v -7.204323 4.926086 12.679568
v -7.194121 4.958895 12.705775
v -7.048524 4.926086 12.536592
v -7.022319 4.958895 12.548113
v -7.194121 4.958895 12.705775
v -7.204323 4.926086 12.679568
v -7.814452 4.958895 12.705775
v -7.814452 4.926086 12.679568
v -7.048524 4.926086 12.536592
v -7.022319 4.958895 12.548113
v -7.048524 4.926086 11.937851
v -7.022319 4.958895 11.926330
v -7.048524 4.926086 11.937851
v -7.022319 4.958895 11.926330
v -7.204323 4.926086 11.794875
v -7.194121 4.958895 11.768667
v -7.204323 4.926086 11.794875
v -7.194121 4.958895 11.768667
v -7.814452 4.926086 11.794875
v -7.814452 4.958895 11.768667
v -7.204323 5.087972 12.679568
v -7.194121 5.055161 12.705775
v -7.814452 5.087972 12.679568
v -7.814452 5.055161 12.705775
v -7.194121 5.055161 12.705775
v -7.204323 5.087972 12.679568
v -7.022319 5.055161 12.548113
v -7.048524 5.087972 12.536592
v -7.022319 5.055161 12.548113
v -7.048524 5.087972 12.536592
v -7.022319 5.055161 11.926330
v -7.048524 5.087972 11.937851
v -7.022319 5.055161 11.926330
v -7.048524 5.087972 11.937851
v -7.194121 5.055161 11.768667
v -7.204323 5.087972 11.794875
v -7.194121 5.055161 11.768667
v -7.204323 5.087972 11.794875
v -7.814452 5.055161 11.768667
v -7.814452 5.087972 11.794875
v -7.204323 4.926086 12.679568
v -7.204323 4.926086 11.794875
v -7.814452 4.926086 12.679568
v -7.814452 4.926086 11.794875
v -7.048524 5.087972 11.937851
v -7.048524 5.087972 12.536592
v -7.204323 5.087972 11.794875
v -7.204323 5.087972 12.679568
v -7.194121 4.958895 11.768667
v -7.194121 5.055161 11.768667
v -7.814452 4.958895 11.768667
v -7.814452 5.055161 11.768667
v -7.022319 4.958895 11.926330
v -7.022319 5.055161 11.926330
v -7.194121 4.958895 11.768667
v -7.194121 5.055161 11.768667
v -7.022319 4.958895 12.548113
v -7.022319 5.055161 12.548113
v -7.022319 4.958895 11.926330
v -7.022319 5.055161 11.926330
v -7.194121 4.958895 12.705775
v -7.194121 5.055161 12.705775
v -7.022319 4.958895 12.548113
v -7.022319 5.055161 12.548113
v -7.814452 5.055161 12.705775
v -7.194121 5.055161 12.705775
v -7.814452 4.958895 12.705775
v -7.194121 4.958895 12.705775
v -7.048524 4.926086 11.937851
v -7.204323 4.926086 11.794875
v -7.048524 4.926086 12.536592
v -7.204323 4.926086 12.679568
v -7.204323 5.087972 11.794875
v -7.204323 5.087972 12.679568
v -7.814452 5.087972 11.794875
v -7.814452 5.087972 12.679568
v -7.048524 1.412568 11.937851
v -7.204323 1.412568 11.794875
v -7.048524 1.412568 12.536592
v -7.204323 1.412568 12.679568
v -7.204323 1.574454 11.794875
v -7.204323 1.574454 12.679568
v -7.814452 1.574454 11.794875
v -7.814452 1.574454 12.679568
v 0.355006 4.125213 -4.915739
v 0.212029 4.125213 -4.759941
v 0.381213 4.158022 -4.905538
v 0.223550 4.158022 -4.733735
v 0.381213 4.158022 -4.905538
v 0.381213 4.158022 -5.525867
v 0.355006 4.125213 -4.915739
v 0.355006 4.125213 -5.525867
v 0.212029 4.125213 -4.759941
v -0.386712 4.125213 -4.759941
v 0.223550 4.158022 -4.733735
v -0.398233 4.158022 -4.733735
v -0.386712 4.125213 -4.759941
v -0.529689 4.125213 -4.915739
v -0.398233 4.158022 -4.733735
v -0.555896 4.158022 -4.905538
v -0.529689 4.125213 -4.915739
v -0.529689 4.125213 -5.525867
v -0.555896 4.158022 -4.905538
v -0.555896 4.158022 -5.525867
v 0.355006 4.287099 -4.915739
v 0.355006 4.287099 -5.525867
v 0.381213 4.254289 -4.905538
v 0.381213 4.254289 -5.525867
v 0.381213 4.254289 -4.905538
v 0.223550 4.254289 -4.733735
v 0.355006 4.287099 -4.915739
v 0.212029 4.287099 -4.759941
v 0.223550 4.254289 -4.733735
v -0.398233 4.254289 -4.733735
v 0.212029 4.287099 -4.759941
v -0.386712 4.287099 -4.759941
v -0.398233 4.254289 -4.733735
v -0.555896 4.254289 -4.905538
v -0.386712 4.287099 -4.759941
v -0.529689 4.287099 -4.915739
v -0.555896 4.254289 -4.905538
v -0.555896 4.254289 -5.525867
v -0.529689 4.287099 -4.915739
v -0.529689 4.287099 -5.525867
v 0.223550 4.230352 -4.733735
v 0.223550 4.254289 -4.733735
v 0.381213 4.230352 -4.905538
v 0.381213 4.254289 -4.905538
v -0.398233 4.230352 -4.733735
v -0.398233 4.254289 -4.733735
v 0.223550 4.230352 -4.733735
v 0.223550 4.254289 -4.733735
v -0.555896 4.230352 -4.905538
v -0.555896 4.254289 -4.905538
v -0.398233 4.230352 -4.733735
v -0.398233 4.254289 -4.733735
v 0.355006 4.125213 -4.915739
v 0.355006 4.125213 -5.525867
v -0.529689 4.125213 -4.915739
v -0.529689 4.125213 -5.525867
v -0.386712 4.287099 -4.759941
v -0.529689 4.287099 -4.915739
v 0.212029 4.287099 -4.759941
v 0.355006 4.287099 -4.915739
v -0.555896 4.230352 -4.905538
v -0.555896 4.230352 -5.525867
v -0.555896 4.254289 -4.905538
v -0.555896 4.254289 -5.525867
v 0.381213 4.230352 -4.905538
v 0.381213 4.254289 -4.905538
v 0.381213 4.230352 -5.525867
v 0.381213 4.254289 -5.525867
v -0.555896 4.158022 -4.905538
v -0.555896 4.158022 -5.525867
v -0.555896 4.177860 -4.905538
v -0.555896 4.177860 -5.525867
v -0.555896 4.158022 -4.905538
v -0.555896 4.177860 -4.905538
v -0.398233 4.158022 -4.733735
v -0.398233 4.177860 -4.733735
v -0.398233 4.158022 -4.733735
v -0.398233 4.177860 -4.733735
v 0.223550 4.158022 -4.733735
v 0.223550 4.177860 -4.733735
v 0.223550 4.158022 -4.733735
v 0.223550 4.177860 -4.733735
v 0.381213 4.158022 -4.905538
v 0.381213 4.177860 -4.905538
v 0.381213 4.158022 -4.905538
v 0.381213 4.177860 -4.905538
v 0.381213 4.158022 -5.525867
v 0.381213 4.177860 -5.525867
v -0.555896 4.230352 -4.905538
v -0.555896 4.177860 -4.905538
v -0.555896 4.230352 -5.525867
v -0.555896 4.177860 -5.525867
v -0.398233 4.230352 -4.733735
v -0.398233 4.177860 -4.733735
v -0.555896 4.230352 -4.905538
v -0.555896 4.177860 -4.905538
v 0.223550 4.230352 -4.733735
v 0.223550 4.177860 -4.733735
v -0.398233 4.177860 -4.733735
v 0.381213 4.230352 -5.525867
v 0.381213 4.177860 -5.525867
v 0.381213 4.230352 -4.905538
v 0.381213 4.177860 -4.905538
v 0.381213 4.177860 -4.905538
v 0.223550 4.177860 -4.733735
v 0.381213 4.230352 -4.905538
v 0.223550 4.230352 -4.733735
v -0.386712 4.125213 -4.759941
v 0.212029 4.125213 -4.759941
v -0.529689 4.125213 -4.915739
v 0.355006 4.125213 -4.915739
v -0.529689 4.287099 -4.915739
v -0.529689 4.287099 -5.525867
v 0.355006 4.287099 -4.915739
v 0.355006 4.287099 -5.525867
v 12.255838 0.851280 -2.099492
v 12.130267 0.851280 -2.214722
v 12.247619 0.884089 -2.078362
v 12.109143 0.884089 -2.205441
v 12.247619 0.884089 -2.078362
v 12.747592 0.884089 -2.078368
v 12.255838 0.851280 -2.099492
v 12.747590 0.851280 -2.099488
v 12.130267 0.851280 -2.214722
v 12.130267 0.851280 -2.697309
v 12.109143 0.884089 -2.205441
v 12.109145 0.884089 -2.706592
v 12.130267 0.851280 -2.697309
v 12.255823 0.851280 -2.812547
v 12.109145 0.884089 -2.706592
v 12.247607 0.884089 -2.833674
v 12.255823 0.851280 -2.812547
v 12.747602 0.851280 -2.812545
v 12.247607 0.884089 -2.833674
v 12.747602 0.884089 -2.833670
v 12.255839 1.013166 -2.099491
v 12.747590 1.013166 -2.099487
v 12.247619 0.980356 -2.078362
v 12.747591 0.980356 -2.078371
v 12.247619 0.980356 -2.078362
v 12.109145 0.980356 -2.205441
v 12.255839 1.013166 -2.099491
v 12.130267 1.013166 -2.214722
v 12.109145 0.980356 -2.205441
v 12.109145 0.980356 -2.706592
v 12.130267 1.013166 -2.214722
v 12.130267 1.013166 -2.697308
v 12.109145 0.980356 -2.706592
v 12.247609 0.980356 -2.833673
v 12.130267 1.013166 -2.697308
v 12.255823 1.013166 -2.812546
v 12.247609 0.980356 -2.833673
v 12.747602 0.980356 -2.833671
v 12.255823 1.013166 -2.812546
v 12.747602 1.013166 -2.812545
v 12.109143 0.956420 -2.205441
v 12.109145 0.980356 -2.205441
v 12.247619 0.956420 -2.078364
v 12.247619 0.980356 -2.078362
v 12.109145 0.956420 -2.706593
v 12.109145 0.980356 -2.706592
v 12.109143 0.956420 -2.205441
v 12.109145 0.980356 -2.205441
v 12.247607 0.956420 -2.833674
v 12.247609 0.980356 -2.833673
v 12.109145 0.956420 -2.706593
v 12.109145 0.980356 -2.706592
v 12.255838 0.851280 -2.099492
v 12.747590 0.851280 -2.099488
v 12.255823 0.851280 -2.812547
v 12.747602 0.851280 -2.812545
v 12.130267 1.013166 -2.697308
v 12.255823 1.013166 -2.812546
v 12.130267 1.013166 -2.214722
v 12.255839 1.013166 -2.099491
v 12.247607 0.956420 -2.833674
v 12.747603 0.956420 -2.833673
v 12.247609 0.980356 -2.833673
v 12.747602 0.980356 -2.833671
v 12.247619 0.956420 -2.078364
v 12.247619 0.980356 -2.078362
v 12.747591 0.956420 -2.078368
v 12.747591 0.980356 -2.078371
v 12.247607 0.884089 -2.833674
v 12.747602 0.884089 -2.833670
v 12.247609 0.903927 -2.833671
v 12.747602 0.903927 -2.833670
v 12.247607 0.884089 -2.833674
v 12.247609 0.903927 -2.833671
v 12.109145 0.884089 -2.706592
v 12.109145 0.903927 -2.706592
v 12.109145 0.884089 -2.706592
v 12.109145 0.903927 -2.706592
v 12.109143 0.884089 -2.205441
v 12.109145 0.903927 -2.205441
v 12.109143 0.884089 -2.205441
v 12.109145 0.903927 -2.205441
v 12.247619 0.884089 -2.078362
v 12.247619 0.903927 -2.078364
v 12.247619 0.884089 -2.078362
v 12.247619 0.903927 -2.078364
v 12.747592 0.884089 -2.078368
v 12.747592 0.903927 -2.078367
v 12.247607 0.956420 -2.833674
v 12.247609 0.903927 -2.833671
v 12.747603 0.956420 -2.833673
v 12.747602 0.903927 -2.833670
v 12.109145 0.956420 -2.706593
v 12.109145 0.903927 -2.706592
v 12.247607 0.956420 -2.833674
v 12.247609 0.903927 -2.833671
v 12.109143 0.956420 -2.205441
v 12.109145 0.903927 -2.205441
v 12.109145 0.956420 -2.706593
v 12.109145 0.903927 -2.706592
v 12.747591 0.956420 -2.078368
v 12.747592 0.903927 -2.078367
v 12.247619 0.956420 -2.078364
v 12.247619 0.903927 -2.078364
v 12.247619 0.903927 -2.078364
v 12.109145 0.903927 -2.205441
v 12.247619 0.956420 -2.078364
v 12.109143 0.956420 -2.205441
v 12.130267 0.851280 -2.697309
v 12.130267 0.851280 -2.214722
v 12.255823 0.851280 -2.812547
v 12.255838 0.851280 -2.099492
v 12.255823 1.013166 -2.812546
v 12.747602 1.013166 -2.812545
v 12.255839 1.013166 -2.099491
v 12.747590 1.013166 -2.099487
v 12.255838 3.499531 -2.099492
v 12.130267 3.499531 -2.214723
v 12.247619 3.532339 -2.078362
v 12.109143 3.532339 -2.205441
v 12.247619 3.532339 -2.078362
v 12.747592 3.532339 -2.078368
v 12.255838 3.499531 -2.099492
v 12.747590 3.499531 -2.099488
v 12.130267 3.499531 -2.214723
v 12.130267 3.499531 -2.697309
v 12.109143 3.532339 -2.205441
v 12.109145 3.532339 -2.706592
v 12.130267 3.499531 -2.697309
v 12.255823 3.499531 -2.812548
v 12.109145 3.532339 -2.706592
v 12.247607 3.532339 -2.833675
v 12.255823 3.499531 -2.812548
v 12.747602 3.499531 -2.812545
v 12.247607 3.532339 -2.833675
v 12.747602 3.532339 -2.833671
v 12.255839 3.661417 -2.099491
v 12.747590 3.661417 -2.099487
v 12.247619 3.628606 -2.078362
v 12.747591 3.628606 -2.078371
v 12.247619 3.628606 -2.078362
v 12.109145 3.628606 -2.205441
v 12.255839 3.661417 -2.099491
v 12.130267 3.661417 -2.214722
v 12.109145 3.628606 -2.205441
v 12.109145 3.628606 -2.706593
v 12.130267 3.661417 -2.214722
v 12.130267 3.661417 -2.697308
v 12.109145 3.628606 -2.706593
v 12.247609 3.628606 -2.833673
v 12.130267 3.661417 -2.697308
v 12.255823 3.661417 -2.812546
v 12.247609 3.628606 -2.833673
v 12.747602 3.628606 -2.833672
v 12.255823 3.661417 -2.812546
v 12.747602 3.661417 -2.812545
v 12.109143 3.604670 -2.205441
v 12.109145 3.628606 -2.205441
v 12.247619 3.604670 -2.078364
v 12.247619 3.628606 -2.078362
v 12.109145 3.604670 -2.706594
v 12.109145 3.628606 -2.706593
v 12.109143 3.604670 -2.205441
v 12.109145 3.628606 -2.205441
v 12.247607 3.604670 -2.833674
v 12.247609 3.628606 -2.833673
v 12.109145 3.604670 -2.706594
v 12.109145 3.628606 -2.706593
v 12.255838 3.499531 -2.099492
v 12.747590 3.499531 -2.099488
v 12.255823 3.499531 -2.812548
v 12.747602 3.499531 -2.812545
v 12.130267 3.661417 -2.697308
v 12.255823 3.661417 -2.812546
v 12.130267 3.661417 -2.214722
v 12.255839 3.661417 -2.099491
v 12.247607 3.604670 -2.833674
v 12.747603 3.604670 -2.833673
v 12.247609 3.628606 -2.833673
v 12.747602 3.628606 -2.833672
v 12.247619 3.604670 -2.078364
v 12.247619 3.628606 -2.078362
v 12.747591 3.604670 -2.078368
v 12.747591 3.628606 -2.078371
v 12.247607 3.532339 -2.833675
v 12.747602 3.532339 -2.833671
v 12.247609 3.552177 -2.833672
v 12.747602 3.552177 -2.833671
v 12.247607 3.532339 -2.833675
v 12.247609 3.552177 -2.833672
v 12.109145 3.532339 -2.706592
v 12.109145 3.552177 -2.706592
v 12.109145 3.532339 -2.706592
v 12.109145 3.552177 -2.706592
v 12.109143 3.532339 -2.205441
v 12.109145 3.552177 -2.205441
v 12.109143 3.532339 -2.205441
v 12.109145 3.552177 -2.205441
v 12.247619 3.532339 -2.078362
v 12.247619 3.552177 -2.078364
v 12.247619 3.532339 -2.078362
v 12.247619 3.552177 -2.078364
v 12.747592 3.532339 -2.078368
v 12.747592 3.552177 -2.078367
v 12.247607 3.604670 -2.833674
v 12.247609 3.552177 -2.833672
v 12.747603 3.604670 -2.833673
v 12.747602 3.552177 -2.833671
v 12.109145 3.604670 -2.706594
v 12.109145 3.552177 -2.706592
v 12.247607 3.604670 -2.833674
v 12.247609 3.552177 -2.833672
v 12.109143 3.604670 -2.205441
v 12.109145 3.552177 -2.205441
v 12.109145 3.604670 -2.706594
v 12.109145 3.552177 -2.706592
v 12.747591 3.604670 -2.078368
v 12.747592 3.552177 -2.078367
v 12.247619 3.604670 -2.078364
v 12.247619 3.552177 -2.078364
v 12.247619 3.552177 -2.078364
v 12.109145 3.552177 -2.205441
v 12.247619 3.604670 -2.078364
v 12.109143 3.604670 -2.205441
v 12.130267 3.499531 -2.697309
v 12.130267 3.499531 -2.214723
v 12.255823 3.499531 -2.812548
v 12.255838 3.499531 -2.099492
v 12.255823 3.661417 -2.812546
v 12.747602 3.661417 -2.812545
v 12.255839 3.661417 -2.099491
v 12.747590 3.661417 -2.099487
v 12.255838 0.539811 -1.108135
v 12.130267 0.424580 -1.108135
v 12.247619 0.560940 -1.140944
v 12.109143 0.433862 -1.140944
v 12.247619 0.560940 -1.140944
v 12.747592 0.560934 -1.140945
v 12.255838 0.539811 -1.108135
v 12.747590 0.539815 -1.108135
v 12.130267 0.424580 -1.108135
v 12.130267 0.116426 -1.108135
v 12.109143 0.433862 -1.140944
v 12.109145 0.107143 -1.140944
v 12.130267 0.116426 -1.108135
v 12.255823 0.001187 -1.108135
v 12.109145 0.107143 -1.140944
v 12.247607 -0.019940 -1.140944
v 12.255823 0.001187 -1.108135
v 12.747602 0.001190 -1.108135
v 12.247607 -0.019940 -1.140944
v 12.747602 -0.019936 -1.140944
v 12.255839 0.539811 -1.270021
v 12.747590 0.539815 -1.270021
v 12.247619 0.560940 -1.237211
v 12.747591 0.560931 -1.237211
v 12.247619 0.560940 -1.237211
v 12.109145 0.433861 -1.237211
v 12.255839 0.539811 -1.270021
v 12.130267 0.424580 -1.270021
v 12.109145 0.433861 -1.237211
v 12.109145 0.107142 -1.237211
v 12.130267 0.424580 -1.270021
v 12.130267 0.116427 -1.270021
v 12.109145 0.107142 -1.237211
v 12.247609 -0.019938 -1.237210
v 12.130267 0.116427 -1.270021
v 12.255823 0.001188 -1.270021
v 12.247609 -0.019938 -1.237210
v 12.747602 -0.019937 -1.237210
v 12.255823 0.001188 -1.270021
v 12.747602 0.001190 -1.270021
v 12.247619 0.560940 -1.140944
v 12.109143 0.433862 -1.140944
v 12.247619 0.560940 -1.237211
v 12.109145 0.433861 -1.237211
v 12.109143 0.433862 -1.140944
v 12.109145 0.107143 -1.140944
v 12.109145 0.433861 -1.237211
v 12.109145 0.107142 -1.237211
v 12.109145 0.107143 -1.140944
v 12.247607 -0.019940 -1.140944
v 12.109145 0.107142 -1.237211
v 12.247609 -0.019938 -1.237210
v 12.255838 0.539811 -1.108135
v 12.747590 0.539815 -1.108135
v 12.255823 0.001187 -1.108135
v 12.747602 0.001190 -1.108135
v 12.130267 0.116427 -1.270021
v 12.255823 0.001188 -1.270021
v 12.130267 0.424580 -1.270021
v 12.255839 0.539811 -1.270021
v 12.247607 -0.019940 -1.140944
v 12.747602 -0.019936 -1.140944
v 12.247609 -0.019938 -1.237210
v 12.747602 -0.019937 -1.237210
v 12.747592 0.560934 -1.140945
v 12.247619 0.560940 -1.140944
v 12.747591 0.560931 -1.237211
v 12.247619 0.560940 -1.237211
v 12.130267 0.116426 -1.108135
v 12.130267 0.424580 -1.108135
v 12.255823 0.001187 -1.108135
v 12.255838 0.539811 -1.108135
v 12.255823 0.001188 -1.270021
v 12.747602 0.001190 -1.270021
v 12.255839 0.539811 -1.270021
v 12.747590 0.539815 -1.270021
v 12.255838 0.539811 0.991333
v 12.130267 0.424580 0.991333
v 12.247619 0.560940 0.958524
v 12.109143 0.433862 0.958524
v 12.247619 0.560940 0.958524
v 12.747592 0.560935 0.958524
v 12.255838 0.539811 0.991333
v 12.747590 0.539815 0.991333
v 12.130267 0.424580 0.991333
v 12.130267 0.116426 0.991334
v 12.109143 0.433862 0.958524
v 12.109145 0.107143 0.958525
v 12.130267 0.116426 0.991334
v 12.255823 0.001187 0.991334
v 12.109145 0.107143 0.958525
v 12.247607 -0.019940 0.958525
v 12.255823 0.001187 0.991334
v 12.747602 0.001190 0.991334
v 12.247607 -0.019940 0.958525
v 12.747602 -0.019936 0.958525
v 12.255839 0.539811 0.829447
v 12.747590 0.539816 0.829447
v 12.247619 0.560940 0.862257
v 12.747591 0.560931 0.862257
v 12.247619 0.560940 0.862257
v 12.109145 0.433862 0.862257
v 12.255839 0.539811 0.829447
v 12.130267 0.424580 0.829447
v 12.109145 0.433862 0.862257
v 12.109145 0.107142 0.862257
v 12.130267 0.424580 0.829447
v 12.130267 0.116427 0.829447
v 12.109145 0.107142 0.862257
v 12.247609 -0.019938 0.862258
v 12.130267 0.116427 0.829447
v 12.255823 0.001188 0.829448
v 12.247609 -0.019938 0.862258
v 12.747602 -0.019937 0.862258
v 12.255823 0.001188 0.829448
v 12.747602 0.001190 0.829448
v 12.247619 0.560940 0.958524
v 12.109143 0.433862 0.958524
v 12.247619 0.560940 0.862257
v 12.109145 0.433862 0.862257
v 12.109143 0.433862 0.958524
v 12.109145 0.107143 0.958525
v 12.109145 0.433862 0.862257
v 12.109145 0.107142 0.862257
v 12.109145 0.107143 0.958525
v 12.247607 -0.019940 0.958525
v 12.109145 0.107142 0.862257
v 12.247609 -0.019938 0.862258
v 12.255838 0.539811 0.991333
v 12.747590 0.539815 0.991333
v 12.255823 0.001187 0.991334
v 12.747602 0.001190 0.991334
v 12.130267 0.116427 0.829447
v 12.255823 0.001188 0.829448
v 12.130267 0.424580 0.829447
v 12.255839 0.539811 0.829447
v 12.247607 -0.019940 0.958525
v 12.747602 -0.019936 0.958525
v 12.247609 -0.019938 0.862258
v 12.747602 -0.019937 0.862258
v 12.747592 0.560935 0.958524
v 12.247619 0.560940 0.958524
v 12.747591 0.560931 0.862257
v 12.247619 0.560940 0.862257
v 12.130267 0.116426 0.991334
v 12.130267 0.424580 0.991333
v 12.255823 0.001187 0.991334
v 12.255838 0.539811 0.991333
v 12.255823 0.001188 0.829448
v 12.747602 0.001190 0.829448
v 12.255839 0.539811 0.829447
v 12.747590 0.539816 0.829447
vn -0.0000 1.0000 -0.0000
vn 0.9111 0.3331 -0.2429
vn 0.9429 0.3332 -0.0000
vn 0.9233 0.2941 -0.2469
vn 0.9559 0.2938 -0.0000
vn 0.7962 0.5668 -0.2117
vn 0.8244 0.5660 -0.0000
vn 0.6019 0.7822 -0.1607
vn 0.6233 0.7820 -0.0000
vn 0.4018 0.9096 -0.1058
vn 0.4156 0.9096 -0.0000
vn 0.1980 0.9802 -0.0000
vn 0.1921 0.9801 -0.0509
vn 0.1920 0.9801 0.0514
vn 0.4019 0.9096 0.1059
vn 0.1725 0.9801 0.0980
vn 0.3591 0.9100 0.2073
vn 0.1411 0.9799 0.1411
vn 0.2940 0.9095 0.2940
vn 0.0980 0.9801 0.1725
vn 0.2074 0.9100 0.3591
vn 0.0514 0.9801 0.1920
vn 0.1059 0.9096 0.4019
vn -0.0000 0.9802 0.1980
vn -0.0000 0.9096 0.4156
vn -0.0514 0.9801 0.1920
vn -0.1059 0.9096 0.4019
vn -0.0980 0.9801 0.1725
vn -0.2073 0.9100 0.3592
vn -0.1411 0.9799 0.1411
vn -0.2940 0.9095 0.2940
vn -0.1725 0.9801 0.0980
vn -0.3591 0.9100 0.2074
vn -0.1920 0.9801 0.0515
vn -0.4018 0.9096 0.1059
vn -0.1980 0.9802 -0.0000
vn -0.4156 0.9096 -0.0000
vn -0.1920 0.9801 -0.0514
vn -0.4019 0.9096 -0.1059
vn -0.1725 0.9801 -0.0980
vn -0.3592 0.9100 -0.2073
vn -0.1411 0.9799 -0.1411
vn -0.2940 0.9095 -0.2940
vn -0.0980 0.9801 -0.1725
vn -0.2074 0.9100 -0.3591
vn -0.0514 0.9801 -0.1920
vn -0.1059 0.9096 -0.4019
vn -0.0000 0.9802 -0.1980
vn -0.0000 0.9096 -0.4156
vn 0.0515 0.9801 -0.1920
vn 0.1059 0.9096 -0.4019
vn 0.0980 0.9801 -0.1725
vn 0.2073 0.9100 -0.3592
vn 0.1411 0.9799 -0.1411
vn 0.2940 0.9095 -0.2940
vn 0.1725 0.9801 -0.0980
vn 0.3591 0.9100 -0.2073
vn 0.1921 0.9801 -0.0510
vn 0.4019 0.9096 -0.1058
vn 0.6018 0.7823 -0.1608
vn 0.5392 0.7823 -0.3118
vn 0.7962 0.5668 -0.2118
vn 0.7137 0.5667 -0.4117
vn 0.9233 0.2941 -0.2471
vn 0.8274 0.2941 -0.4784
vn 0.9111 0.3331 -0.2430
vn 0.8172 0.3331 -0.4703
vn 0.6667 0.3333 -0.6667
vn 0.4703 0.3331 -0.8172
vn 0.2430 0.3330 -0.9111
vn -0.0000 0.3332 -0.9428
vn -0.2429 0.3330 -0.9111
vn -0.4703 0.3331 -0.8172
vn -0.6667 0.3333 -0.6667
vn -0.8172 0.3331 -0.4703
vn -0.9111 0.3330 -0.2430
vn -0.9428 0.3332 -0.0000
vn -0.9111 0.3330 0.2429
vn -0.8172 0.3331 0.4703
vn -0.6667 0.3333 0.6666
vn -0.4703 0.3331 0.8172
vn -0.2430 0.3330 0.9111
vn -0.0000 0.3332 0.9428
vn 0.2430 0.3330 0.9111
vn 0.4704 0.3331 0.8172
vn 0.6667 0.3333 0.6667
vn 0.8172 0.3331 0.4703
vn 0.9111 0.3330 0.2430
vn 0.9233 0.2941 0.2470
vn 0.7962 0.5668 0.2118
vn 0.6018 0.7823 0.1607
vn 0.5392 0.7823 0.3118
vn 0.4409 0.7818 0.4409
vn 0.3118 0.7823 0.5392
vn 0.1607 0.7823 0.6018
vn -0.0000 0.7820 0.6233
vn -0.1608 0.7823 0.6018
vn -0.3118 0.7823 0.5392
vn -0.4409 0.7818 0.4409
vn -0.5392 0.7823 0.3118
vn -0.6018 0.7823 0.1608
vn -0.6233 0.7820 -0.0000
vn -0.6018 0.7823 -0.1608
vn -0.5392 0.7823 -0.3118
vn -0.4409 0.7818 -0.4409
vn -0.3118 0.7823 -0.5392
vn -0.1608 0.7823 -0.6018
vn -0.0000 0.7820 -0.6233
vn 0.1608 0.7823 -0.6018
vn 0.3118 0.7823 -0.5392
vn 0.4409 0.7818 -0.4409
vn 0.5825 0.5668 -0.5825
vn 0.6759 0.2939 -0.6759
vn 0.4784 0.2941 -0.8274
vn 0.2470 0.2941 -0.9233
vn -0.0000 0.2938 -0.9559
vn -0.2470 0.2941 -0.9233
vn -0.4784 0.2941 -0.8274
vn -0.6759 0.2938 -0.6759
vn -0.8274 0.2941 -0.4784
vn -0.9233 0.2941 -0.2470
vn -0.9559 0.2938 -0.0000
vn -0.9233 0.2941 0.2470
vn -0.8274 0.2941 0.4784
vn -0.6759 0.2938 0.6759
vn -0.4784 0.2941 0.8274
vn -0.2470 0.2941 0.9233
vn -0.0000 0.2938 0.9559
vn 0.2470 0.2941 0.9233
vn 0.4784 0.2941 0.8274
vn 0.6759 0.2939 0.6759
vn 0.8274 0.2941 0.4784
vn 0.7137 0.5666 0.4118
vn 0.5825 0.5668 0.5825
vn 0.4118 0.5666 0.7137
vn 0.2118 0.5668 0.7962
vn -0.0000 0.5660 0.8244
vn -0.2118 0.5668 0.7962
vn -0.4118 0.5666 0.7137
vn -0.5825 0.5668 0.5825
vn -0.7137 0.5666 0.4118
vn -0.7962 0.5668 0.2118
vn -0.8244 0.5660 -0.0000
vn -0.7962 0.5668 -0.2118
vn -0.7137 0.5666 -0.4118
vn -0.5825 0.5668 -0.5825
vn -0.4118 0.5666 -0.7137
vn -0.2118 0.5668 -0.7962
vn -0.0000 0.5660 -0.8244
vn 0.2118 0.5668 -0.7962
vn 0.4118 0.5666 -0.7137
vn -0.9228 -0.2959 0.2468
vn -0.9545 -0.1548 0.2547
vn -0.9879 -0.1549 -0.0000
vn -0.9553 -0.2956 -0.0000
vn -0.9544 -0.1549 -0.2551
vn -0.9228 -0.2958 -0.2469
vn -0.8556 -0.1549 -0.4940
vn -0.8269 -0.2959 -0.4781
vn -0.6986 -0.1549 -0.6986
vn -0.6755 -0.2956 -0.6755
vn -0.4935 -0.1547 -0.8559
vn -0.4781 -0.2959 -0.8269
vn -0.2547 -0.1548 -0.9545
vn -0.2469 -0.2958 -0.9228
vn -0.0000 -0.1549 -0.9879
vn -0.0000 -0.2956 -0.9553
vn 0.2550 -0.1549 -0.9545
vn 0.2469 -0.2958 -0.9228
vn 0.4936 -0.1547 -0.8558
vn 0.4781 -0.2959 -0.8269
vn 0.6986 -0.1549 -0.6986
vn 0.6755 -0.2957 -0.6755
vn 0.8558 -0.1547 -0.4936
vn 0.8269 -0.2959 -0.4781
vn 0.9545 -0.1548 -0.2549
vn 0.9228 -0.2958 -0.2469
vn 0.9879 -0.1549 -0.0000
vn 0.9553 -0.2956 -0.0000
vn 0.9545 -0.1548 0.2549
vn 0.9228 -0.2958 0.2469
vn 0.8556 -0.1549 0.4940
vn 0.8269 -0.2959 0.4781
vn 0.6986 -0.1549 0.6986
vn 0.6755 -0.2956 0.6755
vn 0.4936 -0.1547 0.8558
vn 0.4781 -0.2959 0.8269
vn 0.2549 -0.1548 0.9545
vn 0.2469 -0.2959 0.9228
vn -0.0000 -0.1549 0.9879
vn -0.0000 -0.2956 0.9553
vn -0.2547 -0.1548 0.9545
vn -0.2469 -0.2959 0.9228
vn -0.4936 -0.1547 0.8558
vn -0.4781 -0.2959 0.8269
vn -0.6986 -0.1549 0.6986
vn -0.6755 -0.2956 0.6755
vn -0.8556 -0.1549 0.4940
vn -0.8269 -0.2959 0.4781
vn -0.9545 -0.1548 0.2549
vn -0.9228 -0.2959 0.2469
vn -0.7137 -0.5667 0.4117
vn -0.7962 -0.5668 0.2119
vn -0.5392 -0.7823 0.3118
vn -0.6019 -0.7822 0.1608
vn -0.3921 -0.8919 0.2255
vn -0.4386 -0.8910 0.1175
vn -0.3210 -0.8910 0.3210
vn -0.4409 -0.7818 0.4409
vn -0.2254 -0.8919 0.3921
vn -0.3118 -0.7823 0.5392
vn -0.1175 -0.8910 0.4385
vn -0.1608 -0.7822 0.6019
vn -0.0000 -0.8916 0.4528
vn -0.0000 -0.7820 0.6233
vn 0.1175 -0.8910 0.4385
vn 0.1608 -0.7822 0.6019
vn 0.2255 -0.8919 0.3921
vn 0.3118 -0.7823 0.5392
vn 0.3210 -0.8910 0.3210
vn 0.4409 -0.7818 0.4409
vn 0.3921 -0.8919 0.2255
vn 0.5392 -0.7823 0.3118
vn 0.4385 -0.8910 0.1175
vn 0.6019 -0.7823 0.1608
vn 0.4527 -0.8916 -0.0000
vn 0.6233 -0.7820 -0.0000
vn 0.4385 -0.8910 -0.1175
vn 0.6019 -0.7823 -0.1608
vn 0.3921 -0.8919 -0.2255
vn 0.5392 -0.7823 -0.3118
vn 0.3210 -0.8910 -0.3210
vn 0.4409 -0.7818 -0.4409
vn 0.2255 -0.8919 -0.3921
vn 0.3118 -0.7823 -0.5392
vn 0.1175 -0.8910 -0.4385
vn 0.1608 -0.7822 -0.6019
vn -0.0000 -0.8916 -0.4527
vn -0.0000 -0.7820 -0.6233
vn -0.1175 -0.8910 -0.4385
vn -0.1608 -0.7823 -0.6019
vn -0.2255 -0.8919 -0.3921
vn -0.3118 -0.7823 -0.5392
vn -0.3210 -0.8910 -0.3210
vn -0.4409 -0.7818 -0.4409
vn -0.3920 -0.8919 -0.2254
vn -0.5392 -0.7823 -0.3118
vn -0.4385 -0.8910 -0.1175
vn -0.6019 -0.7823 -0.1608
vn -0.4527 -0.8917 -0.0000
vn -0.6233 -0.7820 -0.0000
vn -0.6019 -0.7822 0.1607
vn -0.8245 -0.5659 -0.0000
vn -0.7962 -0.5668 0.2117
vn -0.7962 -0.5668 -0.2118
vn -0.7137 -0.5667 -0.4117
vn -0.5825 -0.5668 -0.5825
vn -0.4117 -0.5667 -0.7137
vn -0.2118 -0.5668 -0.7962
vn -0.0000 -0.5660 -0.8244
vn 0.2118 -0.5668 -0.7962
vn 0.4118 -0.5666 -0.7137
vn 0.5825 -0.5668 -0.5825
vn 0.7137 -0.5667 -0.4117
vn 0.7962 -0.5668 -0.2118
vn 0.8244 -0.5660 -0.0000
vn 0.7962 -0.5667 0.2118
vn 0.7137 -0.5667 0.4117
vn 0.5825 -0.5668 0.5825
vn 0.4117 -0.5667 0.7137
vn 0.2118 -0.5667 0.7962
vn -0.0000 -0.5660 0.8244
vn -0.2118 -0.5668 0.7962
vn -0.4117 -0.5667 0.7137
vn -0.5825 -0.5668 0.5825
vn -0.7724 -0.4528 0.4454
vn -0.8618 -0.4525 0.2293
vn -0.6736 -0.7168 0.1802
vn -0.6036 -0.7171 0.3485
vn -0.0000 -1.0000 -0.0000
vn -0.6306 -0.4525 0.6306
vn -0.4923 -0.7179 0.4923
vn -0.4454 -0.4528 0.7724
vn -0.3485 -0.7171 0.6036
vn -0.2291 -0.4525 0.8619
vn -0.1805 -0.7168 0.6735
vn -0.0000 -0.4525 0.8918
vn -0.0000 -0.7169 0.6972
vn 0.2293 -0.4525 0.8618
vn 0.1805 -0.7168 0.6736
vn 0.4451 -0.4529 0.7725
vn 0.3485 -0.7171 0.6036
vn 0.6306 -0.4525 0.6306
vn 0.4923 -0.7179 0.4923
vn 0.7724 -0.4528 0.4454
vn 0.6036 -0.7171 0.3485
vn 0.8618 -0.4525 0.2293
vn 0.6736 -0.7168 0.1805
vn 0.8918 -0.4525 -0.0000
vn 0.6972 -0.7169 -0.0000
vn 0.8618 -0.4525 -0.2293
vn 0.6736 -0.7168 -0.1805
vn 0.7725 -0.4529 -0.4452
vn 0.6036 -0.7171 -0.3485
vn 0.6306 -0.4525 -0.6306
vn 0.4923 -0.7179 -0.4923
vn 0.4453 -0.4528 -0.7725
vn 0.3485 -0.7171 -0.6036
vn 0.2293 -0.4525 -0.8618
vn 0.1805 -0.7168 -0.6735
vn -0.0000 -0.4525 -0.8918
vn -0.0000 -0.7169 -0.6972
vn -0.2292 -0.4525 -0.8618
vn -0.1805 -0.7168 -0.6735
vn -0.4454 -0.4527 -0.7724
vn -0.3485 -0.7171 -0.6036
vn -0.6306 -0.4525 -0.6306
vn -0.4923 -0.7179 -0.4923
vn -0.7725 -0.4529 -0.4452
vn -0.6036 -0.7171 -0.3485
vn -0.8618 -0.4525 -0.2293
vn -0.6735 -0.7168 -0.1805
vn -0.8918 -0.4525 -0.0000
vn -0.6972 -0.7169 -0.0000
vn -0.8619 -0.4525 0.2291
vn -0.6736 -0.7168 0.1801
vn 0.0001 -0.0000 1.0000
vn 0.7071 0.0001 0.7071
vn 0.7015 0.1254 0.7015
vn 0.0001 0.1312 0.9914
vn -0.0000 0.1312 0.9914
vn 0.7015 0.1253 0.7015
vn 0.9916 0.1293 -0.0000
vn -0.7015 0.1253 0.7015
vn 0.7016 0.1254 -0.7015
vn -0.9916 0.1293 -0.0000
vn -0.0000 0.1293 -0.9916
vn -0.7015 0.1253 -0.7016
vn -0.7071 -0.0000 0.7071
vn -0.0001 -0.0000 1.0000
vn 0.7071 -0.0000 0.7071
vn 1.0000 -0.0000 -0.0001
vn 0.7016 0.1253 -0.7015
vn 0.7071 -0.0000 -0.7071
vn -0.0001 -0.0000 -1.0000
vn -0.7015 0.1253 -0.7015
vn -0.7071 -0.0000 -0.7071
vn -1.0000 -0.0000 -0.0000
vn -0.7015 0.1254 0.7015
vn -0.7071 0.0001 0.7071
vn -0.6957 0.6938 -0.1861
vn -0.8619 0.4525 -0.2291
vn -0.8618 0.4525 0.2291
vn -0.6956 0.6938 0.1864
vn -0.6306 0.4525 0.6306
vn -0.5093 0.6936 0.5093
vn -0.2294 0.4525 0.8618
vn -0.1864 0.6938 0.6956
vn 0.2293 0.4525 0.8618
vn 0.1864 0.6938 0.6956
vn 0.6306 0.4525 0.6306
vn 0.5093 0.6937 0.5093
vn 0.8618 0.4525 0.2291
vn 0.6956 0.6938 0.1864
vn 0.8618 0.4525 -0.2292
vn 0.6956 0.6938 -0.1864
vn 0.6306 0.4525 -0.6306
vn 0.5094 0.6936 -0.5094
vn 0.2292 0.4525 -0.8618
vn 0.1864 0.6938 -0.6956
vn -0.2292 0.4525 -0.8618
vn -0.1864 0.6938 -0.6956
vn -0.6306 0.4525 -0.6306
vn -0.5093 0.6937 -0.5093
vn -0.8618 0.4525 -0.2293
vn -0.6957 0.6938 -0.1862
vn 0.9428 0.3332 -0.0000
vn 0.3592 0.9100 0.2073
vn -0.1058 0.9096 0.4019
vn -0.2073 0.9100 0.3591
vn -0.4019 0.9096 0.1059
vn -0.3591 0.9100 -0.2073
vn -0.0000 0.9096 -0.4155
vn 0.0514 0.9801 -0.1920
vn 0.1920 0.9801 -0.0510
vn 0.6018 0.7823 -0.1609
vn 0.7962 0.5668 -0.2119
vn 0.7137 0.5666 -0.4118
vn 0.2429 0.3330 -0.9111
vn -0.0000 0.3332 -0.9429
vn -0.4704 0.3331 -0.8172
vn 0.0001 0.3332 0.9429
vn 0.2429 0.3330 0.9111
vn 0.6018 0.7823 0.1608
vn -0.6018 0.7823 0.1607
vn -0.1607 0.7823 -0.6018
vn 0.6759 0.2938 -0.6759
vn 0.4784 0.2942 -0.8274
vn 0.6759 0.2938 0.6759
vn -0.8245 0.5659 -0.0000
vn -0.9545 -0.1548 -0.2550
vn -0.8558 -0.1547 -0.4936
vn -0.6755 -0.2957 -0.6755
vn -0.4940 -0.1549 -0.8556
vn -0.2548 -0.1548 -0.9545
vn 0.2552 -0.1549 -0.9544
vn 0.8556 -0.1549 -0.4940
vn 0.9544 -0.1549 -0.2551
vn 0.9545 -0.1548 0.2550
vn 0.6755 -0.2957 0.6755
vn 0.2551 -0.1549 0.9544
vn 0.2469 -0.2958 0.9228
vn -0.2549 -0.1548 0.9545
vn -0.2469 -0.2958 0.9228
vn -0.4940 -0.1549 0.8556
vn -0.6755 -0.2957 0.6755
vn -0.8559 -0.1547 0.4935
vn -0.2255 -0.8919 0.3921
vn -0.0000 -0.8917 0.4527
vn 0.3921 -0.8919 0.2254
vn 0.4528 -0.8916 -0.0000
vn 0.3920 -0.8919 -0.2254
vn 0.2254 -0.8919 -0.3920
vn -0.0000 -0.8916 -0.4528
vn -0.1608 -0.7822 -0.6019
vn -0.3921 -0.8918 -0.2255
vn -0.6019 -0.7822 -0.1608
vn -0.4528 -0.8916 -0.0000
vn -0.8244 -0.5660 -0.0000
vn 0.4117 -0.5667 -0.7137
vn 0.7962 -0.5668 0.2118
vn 0.4120 -0.5667 0.7136
vn 0.2118 -0.5668 0.7962
vn -0.7724 -0.4527 0.4455
vn 0.7725 -0.4528 0.4452
vn 0.6735 -0.7168 0.1805
vn 0.6735 -0.7168 -0.1805
vn 0.7725 -0.4529 -0.4451
vn 0.4452 -0.4529 -0.7725
vn -0.0000 -0.4529 -0.8915
vn -0.4453 -0.4528 -0.7724
vn 0.0001 0.1293 0.9916
vn -0.0000 0.1293 0.9916
vn 0.9916 0.1293 0.0001
vn -0.7016 0.1254 0.7015
vn 0.7015 0.1254 -0.7015
vn -0.9916 0.1293 -0.0001
vn 0.9916 0.1292 -0.0000
vn 1.0000 -0.0000 -0.0000
vn 0.7015 0.1253 -0.7015
vn -0.0000 -0.0000 -1.0000
vn -0.8618 0.4525 0.2293
vn -0.5093 0.6937 0.5093
vn -0.2291 0.4525 0.8618
vn 0.8618 0.4525 -0.2293
vn 0.2291 0.4525 -0.8618
vn -0.5094 0.6936 -0.5094
vn -0.0000 0.9802 0.1979
vn -0.1920 0.9801 0.0514
vn 0.1058 0.9096 -0.4019
vn 0.4019 0.9096 -0.1059
vn 0.6019 0.7822 -0.1608
vn -0.6666 0.3333 -0.6667
vn 0.1608 0.7823 0.6018
vn 0.4784 0.2942 0.8274
vn -0.7137 0.5667 -0.4117
vn -0.9545 -0.1549 0.2547
vn -0.4937 -0.1548 -0.8558
vn -0.2550 -0.1548 -0.9545
vn 0.2547 -0.1548 -0.9545
vn 0.4940 -0.1549 -0.8556
vn 0.6755 -0.2956 -0.6755
vn 0.9545 -0.1548 -0.2550
vn 0.9544 -0.1549 0.2551
vn 0.8560 -0.1547 0.4933
vn 0.4935 -0.1547 0.8559
vn 0.2552 -0.1549 0.9544
vn -0.2550 -0.1549 0.9545
vn -0.4934 -0.1547 0.8559
vn -0.8559 -0.1547 0.4934
vn -0.9228 -0.2958 0.2469
vn -0.3921 -0.8919 0.2254
vn 0.1174 -0.8907 0.4391
vn 0.4527 -0.8917 -0.0000
vn -0.0000 -0.8917 -0.4527
vn -0.3118 -0.7824 -0.5392
vn -0.3921 -0.8919 -0.2255
vn -0.4118 -0.5666 -0.7137
vn 0.7136 -0.5667 -0.4120
vn 0.7137 -0.5666 0.4118
vn -0.7725 -0.4528 0.4452
vn -0.4452 -0.4528 0.7725
vn -0.2293 -0.4525 0.8618
vn -0.0000 -0.4528 0.8916
vn 0.2292 -0.4525 0.8618
vn 0.1805 -0.7168 0.6735
vn 0.4452 -0.4529 0.7725
vn 0.7725 -0.4529 0.4452
vn 0.8618 -0.4525 0.2292
vn 0.7724 -0.4527 -0.4455
vn -0.2294 -0.4525 -0.8618
vn -0.4451 -0.4529 -0.7725
vn -0.7725 -0.4528 -0.4453
vn 0.7071 0.0002 0.7071
vn -0.0000 0.1292 -0.9916
vn -0.7016 0.1253 -0.7015
vn -0.8618 0.4525 0.2292
vn -0.2293 0.4525 0.8618
vn 0.2291 0.4525 0.8618
vn 0.8618 0.4525 0.2292
vn 0.2293 0.4525 -0.8618
vn -0.2291 0.4525 -0.8618
vn -0.8274 0.2942 0.4784
vn -0.6759 0.2939 0.6759
vn -0.9545 -0.1548 -0.2548
vn -0.2549 -0.1548 -0.9545
vn 0.2548 -0.1549 -0.9545
vn 0.9545 -0.1548 0.2548
vn 0.4940 -0.1549 0.8556
vn 0.2548 -0.1548 0.9545
vn -0.2550 -0.1549 0.9544
vn -0.4935 -0.1547 0.8559
vn -0.3921 -0.8918 0.2255
vn -0.1608 -0.7823 0.6018
vn -0.0000 -0.8916 0.4527
vn 0.4391 -0.8908 -0.1174
vn 0.3921 -0.8919 -0.2254
vn 0.2254 -0.8919 -0.3921
vn -0.2254 -0.8919 -0.3920
vn -0.4526 -0.8917 -0.0000
vn -0.4118 -0.5666 0.7137
vn -0.7724 -0.4528 0.4453
vn -0.2292 -0.4525 0.8618
vn 0.4455 -0.4527 0.7724
vn 0.7725 -0.4528 -0.4452
vn -0.2293 -0.4525 -0.8618
vn -0.4452 -0.4528 -0.7725
vn -0.7724 -0.4527 -0.4454
vn 0.2294 0.4525 0.8618
vn 0.8618 0.4525 0.2293
vn 0.8618 0.4525 -0.2291
vn 0.5093 0.6937 -0.5093
vn -0.2293 0.4525 -0.8618
vn -0.5093 0.6936 -0.5093
vn 0.4019 0.9096 0.1058
vn -0.1979 0.9802 -0.0000
vn -0.4019 0.9096 -0.1058
vn -0.9429 0.3332 -0.0000
vn -0.8172 0.3331 0.4704
vn 0.4117 0.5667 0.7137
vn -0.4936 -0.1547 -0.8558
vn 0.9545 -0.1548 -0.2547
vn 0.9543 -0.1549 0.2557
vn 0.8559 -0.1547 0.4934
vn 0.4934 -0.1547 0.8559
vn 0.2547 -0.1548 0.9545
vn -0.2551 -0.1549 0.9544
vn -0.3920 -0.8919 0.2254
vn -0.3117 -0.7824 -0.5392
vn -0.7962 -0.5668 0.2118
vn -0.7725 -0.4529 0.4451
vn -0.8618 -0.4524 0.2293
vn 0.4456 -0.4527 0.7724
vn 0.7725 -0.4529 0.4451
vn 0.8618 -0.4525 0.2291
vn 0.8618 -0.4525 -0.2294
vn 0.2292 -0.4525 -0.8618
vn 0.1805 -0.7168 -0.6736
vn -0.1805 -0.7168 -0.6736
vn -0.4455 -0.4527 -0.7724
vn -0.7725 -0.4529 -0.4451
vn -0.8619 0.4525 0.2291
vn -0.5094 0.6936 0.5094
vn -0.2292 0.4525 0.8618
vn 0.5093 0.6936 0.5093
vn 0.5093 0.6936 -0.5093
vn -0.2074 0.9100 0.3591
vn -0.6759 0.2939 -0.6759
vn -0.4784 0.2942 0.8274
vn -0.9545 -0.1548 -0.2547
vn -0.2552 -0.1549 -0.9544
vn 0.2549 -0.1549 -0.9545
vn 0.4937 -0.1548 -0.8558
vn 0.9546 -0.1548 -0.2547
vn 0.8559 -0.1547 0.4935
vn 0.2254 -0.8919 0.3921
vn 0.6019 -0.7822 0.1608
vn -0.2254 -0.8919 -0.3921
vn -0.7725 -0.4528 0.4453
vn -0.4452 -0.4529 0.7725
vn 0.2291 -0.4525 0.8618
vn 0.7724 -0.4527 0.4456
vn 0.8618 -0.4525 -0.2292
vn 0.7724 -0.4528 -0.4454
vn 0.2294 -0.4525 -0.8618
vn 0.0001 0.1293 -0.9916
vn -0.2294 0.4525 -0.8618
vn 0.6018 0.7822 -0.1608
vn 0.8274 0.2942 -0.4784
vn 0.0001 0.3332 0.9428
vn -0.7137 0.5667 0.4117
vn -0.9546 -0.1548 -0.2546
vn -0.2551 -0.1548 -0.9544
vn 0.9545 -0.1548 -0.2548
vn -0.7137 -0.5666 0.4118
vn -0.1174 -0.8908 0.4389
vn 0.3921 -0.8918 0.2255
vn 0.1608 -0.7823 -0.6019
vn 0.8618 -0.4525 0.2294
vn 0.7725 -0.4528 -0.4453
vn 0.4451 -0.4529 -0.7725
vn -0.4450 -0.4530 -0.7725
vn -0.8618 -0.4525 -0.2292
vn -0.8915 -0.4529 -0.0000
vn -0.9916 0.1292 -0.0000
vn 0.2294 0.4525 -0.8618
vn 0.9111 0.3330 0.2429
vn 0.8560 -0.1546 -0.4933
vn 0.9546 -0.1548 0.2546
vn -0.4937 -0.1548 0.8558
vn -0.8558 -0.1547 0.4936
vn -0.2255 -0.8918 0.3921
vn 0.1175 -0.8907 0.4391
vn 0.2255 -0.8918 0.3921
vn 0.7962 -0.5667 -0.2118
vn -0.7725 -0.4529 0.4452
vn -0.4453 -0.4528 0.7724
vn -0.2294 -0.4525 0.8618
vn -0.0000 -0.4529 0.8915
vn 0.4453 -0.4528 0.7725
vn 0.4452 -0.4528 -0.7725
vn -0.8618 0.4525 0.2294
vn -0.5920 -0.4940 -0.6368
vn -0.5920 -0.4939 0.6369
vn -0.5920 -0.4940 0.6368
vn -0.5921 -0.4940 0.6367
vn -0.5919 -0.4939 -0.6369
vn -0.5919 -0.4939 0.6369
vn -0.5921 -0.4940 -0.6368
vn -0.5921 -0.4940 -0.6367
vn -0.5921 -0.4940 0.6368
vn -0.5920 -0.4939 -0.6369
vn 0.5918 -0.4939 0.6370
vn 0.5918 -0.4939 0.6371
vn 0.5919 -0.4939 -0.6370
vn 0.5919 -0.4939 0.6369
vn 0.5919 -0.4939 0.6370
vn 0.5919 -0.4939 -0.6369
vn 0.5918 -0.4938 0.6371
vn 0.5920 -0.4939 -0.6369
vn 0.5920 -0.4940 -0.6368
vn 0.5921 -0.4940 -0.6367
vn -0.0000 -0.0000 1.0000
vn -0.8277 -0.0000 0.5612
vn -0.8277 -0.0000 0.5611
vn -0.8242 -0.0000 -0.5662
vn -0.8243 -0.0000 -0.5661
vn -0.8242 -0.0000 0.5662
vn -0.8243 -0.0000 0.5662
vn -0.8276 -0.0000 -0.5613
vn -0.8280 -0.0000 -0.5607
vn -0.8277 -0.0000 -0.5611
vn -0.8242 -0.0000 -0.5663
vn -0.8243 -0.0000 -0.5662
vn -0.6822 -0.0000 -0.7311
vn -0.6822 -0.0000 -0.7312
vn -0.6822 -0.0000 0.7312
vn -0.6822 -0.0000 0.7311
vn -0.0000 -0.6131 -0.7900
vn -0.7680 -0.6405 -0.0000
vn -0.0000 -0.6131 0.7900
vn -0.8280 -0.0000 0.5608
vn -0.8277 -0.0000 -0.5612
vn -0.8279 -0.0000 -0.5608
vn -0.8245 -0.0000 -0.5658
vn -0.6820 -0.0000 -0.7313
vn -0.0000 -0.6132 -0.7899
vn -0.6823 -0.0000 -0.7311
vn -0.6820 -0.0000 0.7313
vn -0.0000 -0.6130 0.7901
vn -0.0000 -0.6136 0.7896
vn -0.0000 -0.6132 0.7899
vn -0.8279 -0.0000 0.5608
vn -0.8280 -0.0000 0.5607
vn -0.6817 -0.0000 -0.7317
vn -0.6817 -0.0000 0.7317
vn -0.8279 -0.0000 0.5609
vn -0.0000 -0.6136 -0.7896
vn -0.8280 -0.0000 -0.5608
vn -0.8247 -0.0000 0.5656
vn -0.5612 -0.0000 -0.8277
vn -0.5606 -0.0000 -0.8281
vn 0.5662 -0.0000 -0.8243
vn 0.5661 -0.0000 -0.8243
vn -0.5662 -0.0000 -0.8243
vn 0.5612 -0.0000 -0.8277
vn 0.5608 -0.0000 -0.8280
vn -0.5608 -0.0000 -0.8279
vn 0.8243 -0.0000 0.5662
vn 0.8243 -0.0000 -0.5662
vn 0.6823 -0.0000 0.7311
vn 0.6817 -0.0000 0.7317
vn 0.6822 -0.0000 -0.7312
vn 0.6820 -0.0000 -0.7313
vn -0.0000 -0.6133 0.7898
vn 0.7680 -0.6405 -0.0000
vn 0.8277 -0.0000 -0.5612
vn 0.8282 -0.0000 -0.5605
vn 0.8277 -0.0000 0.5612
vn 0.8279 -0.0000 0.5608
vn 0.6822 -0.0000 0.7312
vn 0.6817 -0.0000 -0.7317
vn 0.8279 -0.0000 -0.5608
vn 0.8279 -0.0000 -0.5609
vn 0.8280 -0.0000 0.5607
vn 0.6824 -0.0000 0.7310
vn 0.6820 -0.0000 0.7314
vn 0.6822 -0.0000 0.7311
vn 0.6823 -0.0000 -0.7311
vn 0.6821 -0.0000 -0.7313
vn 0.8280 -0.0000 -0.5608
vn 0.6820 -0.0000 0.7313
vn -0.0000 -0.6136 0.7897
vn 0.8281 -0.0000 -0.5605
vn -0.5662 -0.0000 0.8242
vn -0.5661 -0.0000 0.8243
vn -0.5657 -0.0000 0.8246
vn 0.5661 -0.0000 0.8243
vn 0.5662 -0.0000 0.8242
vn 0.5607 -0.0000 0.8280
vn 0.5610 -0.0000 0.8278
vn 0.5611 -0.0000 0.8277
vn -0.5606 -0.0000 0.8281
vn -0.5611 -0.0000 0.8277
vn -0.5607 -0.0000 0.8280
vn -0.5608 -0.0000 0.8279
vn 0.5612 -0.0000 0.8277
vn 0.5608 -0.0000 0.8280
vn -0.5663 -0.0000 0.8242
vn 0.5662 -0.0000 0.8243
vn -0.5612 -0.0000 0.8277
vn -0.5662 -0.0000 0.8243
vn -0.5658 -0.0000 0.8245
vn -0.5608 -0.0000 0.8280
vn 0.5767 0.6237 0.5276
vn 0.5765 0.6238 0.5277
vn 0.5766 0.6238 0.5277
vn 0.7819 0.6234 -0.0000
vn 0.7821 0.6232 -0.0000
vn 0.7820 0.6233 -0.0000
vn -0.0000 0.6234 0.7819
vn -0.0000 0.6231 0.7821
vn -0.5765 0.6238 0.5277
vn -0.5766 0.6238 0.5277
vn -0.5768 0.6237 0.5276
vn -0.7821 0.6232 -0.0000
vn -0.7820 0.6232 -0.0000
vn 0.7820 -0.6232 -0.0000
vn 0.7820 -0.6233 -0.0000
vn 0.7821 -0.6232 -0.0000
vn 0.7819 -0.6234 -0.0000
vn 0.5767 -0.6237 0.5276
vn 0.5766 -0.6238 0.5277
vn -0.0000 -0.6232 0.7821
vn -0.0000 -0.6231 0.7821
vn -0.5766 -0.6238 0.5277
vn -0.5767 -0.6237 0.5276
vn -0.7820 -0.6232 -0.0000
vn -0.7818 -0.6236 -0.0000
vn -0.7819 -0.6233 -0.0000
vn 0.7368 -0.0000 0.6761
vn -0.7368 -0.0000 0.6761
vn 0.7820 0.6232 -0.0000
vn 0.7821 0.6231 -0.0000
vn -0.0000 0.6232 0.7821
vn -0.0000 0.6233 0.7820
vn -0.0000 0.6232 0.7820
vn -0.5768 0.6237 0.5275
vn -0.5767 0.6237 0.5276
vn -0.7820 0.6233 -0.0000
vn -0.7819 0.6234 -0.0000
vn 0.5764 -0.6238 0.5278
vn -0.7821 -0.6231 -0.0000
vn -0.7819 -0.6234 -0.0000
vn -0.7818 -0.6235 -0.0000
vn 0.5768 0.6237 0.5276
vn -0.0000 0.6231 0.7822
vn -0.7821 0.6231 -0.0000
vn 0.5768 -0.6237 0.5276
vn -0.0000 -0.6231 0.7822
vn -0.0000 -0.6232 0.7820
vn -0.7821 -0.6232 -0.0000
vn 0.7819 0.6233 -0.0000
vn 0.5765 -0.6238 0.5277
vn -0.0000 -0.6233 0.7820
vn -0.5764 -0.6238 0.5278
vn -0.5277 0.6238 0.5766
vn -0.5276 0.6237 0.5767
vn -0.7822 0.6231 -0.0000
vn -0.5276 0.6237 -0.5767
vn -0.0000 0.6232 -0.7821
vn -0.0000 0.6234 -0.7819
vn -0.5277 -0.6238 0.5766
vn -0.5277 -0.6238 0.5765
vn -0.5276 -0.6237 0.5767
vn -0.7822 -0.6230 -0.0000
vn -0.7820 -0.6233 -0.0000
vn -0.5277 -0.6238 -0.5766
vn -0.5276 -0.6237 -0.5767
vn -0.0000 -0.6232 -0.7821
vn -0.0000 -0.6233 -0.7819
vn -0.0000 -0.6234 -0.7819
vn -0.6761 -0.0000 0.7368
vn -0.6761 -0.0000 -0.7368
vn -0.5277 0.6238 -0.5766
vn -0.0000 0.6233 -0.7820
vn -0.0000 0.6232 -0.7820
vn -0.0000 -0.6231 -0.7821
vn -0.0000 -0.6233 -0.7820
vn -0.5276 0.6237 -0.5768
vn -0.0000 0.6230 -0.7822
vn -0.5276 0.6237 0.5768
vn -0.0000 -0.6232 -0.7820
vn -0.5276 -0.6237 -0.5768
vn -0.5276 -0.6237 0.5768
vn -0.0000 -0.6233 0.7819
vn -0.6761 0.0001 0.7368
vn -0.5277 0.6238 -0.5765
vn -0.0000 -0.6235 -0.7818
vn -0.5767 0.6237 -0.5276
vn -0.5766 0.6238 -0.5277
vn -0.5768 0.6237 -0.5276
vn 0.5766 0.6238 -0.5277
vn -0.5766 -0.6238 -0.5277
vn -0.5767 -0.6237 -0.5276
vn 0.5768 -0.6237 -0.5276
vn 0.5766 -0.6238 -0.5277
vn 0.5767 -0.6237 -0.5276
vn -0.7368 -0.0000 -0.6761
vn 0.7368 -0.0000 -0.6761
vn 0.5688 0.5408 -0.6197
vn 0.5689 0.5406 -0.6198
vn 0.5688 0.5407 -0.6197
vn 0.5685 0.5413 -0.6195
vn -0.0000 0.5414 -0.8407
vn -0.0000 0.5413 -0.8408
vn 0.8408 0.5413 -0.0000
vn 0.5686 0.5413 0.6195
vn -0.0000 0.5414 0.8408
vn -0.0000 0.5409 0.8411
vn -0.0000 0.5410 0.8410
vn -0.0000 -0.5414 -0.8408
vn -0.0000 -0.5412 -0.8409
vn 0.5688 -0.5408 -0.6197
vn 0.5685 -0.5414 -0.6195
vn 0.5685 -0.5413 -0.6195
vn 0.8412 -0.5408 -0.0000
vn 0.8412 -0.5407 -0.0000
vn 0.8410 -0.5410 -0.0000
vn 0.8408 -0.5413 -0.0000
vn 0.5685 -0.5413 0.6195
vn 0.5686 -0.5410 0.6196
vn 0.5686 -0.5413 0.6195
vn 0.5686 -0.5412 0.6195
vn -0.0000 -0.5408 0.8411
vn -0.0000 -0.5414 0.8408
vn 0.6761 -0.0000 -0.7368
vn 0.6761 -0.0001 -0.7368
vn 1.0000 -0.0001 -0.0000
vn 0.6762 -0.0000 0.7367
vn 0.6762 -0.0001 0.7367
vn -0.0000 -0.0001 1.0000
vn -0.0000 -0.0001 -1.0000
vn -0.0000 0.0001 -1.0000
vn -0.0000 -0.0002 1.0000
vn 0.6762 -0.0002 0.7367
vn -0.0000 0.0001 1.0000
vn 0.6758 -0.0001 0.7371
vn 0.5687 0.5409 -0.6196
vn 0.5687 0.5409 -0.6197
vn -0.0000 0.5415 -0.8407
vn -0.0000 0.5409 -0.8411
vn 0.8411 0.5409 -0.0000
vn 0.8412 0.5408 -0.0000
vn 0.5686 0.5410 0.6196
vn -0.0000 0.5408 0.8411
vn -0.0000 -0.5409 -0.8411
vn 0.5687 -0.5409 0.6197
vn 0.6762 -0.0000 0.7368
vn 0.5687 -0.6196 -0.5410
vn 0.5685 -0.6195 -0.5414
vn 0.5685 -0.6195 -0.5413
vn 0.5688 -0.6197 -0.5407
vn -0.0000 -0.8411 -0.5410
vn -0.0000 -0.8411 -0.5409
vn -0.0000 -0.8408 -0.5413
vn -0.0000 -0.8409 -0.5413
vn 0.8411 -0.0000 -0.5409
vn 0.8411 -0.0000 -0.5408
vn 0.5687 0.6198 -0.5408
vn 0.5686 0.6195 -0.5413
vn 0.5687 0.6200 -0.5405
vn -0.0000 0.8408 -0.5414
vn -0.0000 0.8411 -0.5409
vn -0.0000 0.8410 -0.5411
vn -0.0000 0.8410 -0.5410
vn -0.0000 -0.8408 0.5414
vn -0.0000 -0.8409 0.5412
vn 0.5687 -0.6197 0.5409
vn 0.5687 -0.6197 0.5410
vn 0.5688 -0.6197 0.5408
vn 0.5685 -0.6195 0.5412
vn 0.8413 -0.0000 0.5406
vn 0.8408 -0.0000 0.5413
vn 0.8411 -0.0000 0.5409
vn 0.5685 0.6195 0.5413
vn 0.5686 0.6198 0.5409
vn 0.5686 0.6195 0.5412
vn -0.0000 0.8411 0.5409
vn -0.0000 0.8408 0.5414
vn 0.6761 -0.7368 -0.0000
vn 0.6762 0.7367 -0.0000
vn 0.5688 -0.6197 -0.5408
vn -0.0000 -0.8409 -0.5412
vn -0.0000 -0.8407 -0.5414
vn -0.0000 -0.8412 -0.5407
vn -0.0000 -0.8410 -0.5410
vn 0.8408 -0.0000 -0.5413
vn 0.5686 0.6197 -0.5409
vn -0.0000 0.8411 -0.5408
vn 0.5685 -0.6195 0.5413
vn 0.5685 -0.6195 0.5414
vn 0.8412 -0.0000 0.5407
vn 0.5687 0.6198 0.5408
vn -0.0000 0.8410 0.5411
vn 0.6756 0.7372 -0.0000
vt 0.958496 0.500000
vt 1.000000 0.500000
vt 1.000000 0.504395
vt 0.958496 0.504395
vt 1.000000 0.600098
vt 0.958496 0.600098
vt 1.000000 0.699951
vt 0.958496 0.699951
vt 1.000000 0.800049
vt 0.958496 0.800049
vt 1.000000 0.900024
vt 0.958496 0.900024
vt 0.958496 0.950012
vt 1.000000 0.950012
vt 0.979004 1.000000
vt 0.916504 0.950012
vt 0.937500 1.000000
vt 0.916504 0.900024
vt 0.875000 0.950012
vt 0.895996 1.000000
vt 0.875000 0.900024
vt 0.833496 0.950012
vt 0.854004 1.000000
vt 0.833496 0.900024
vt 0.791504 0.950012
vt 0.812500 1.000000
vt 0.791504 0.900024
vt 0.750000 0.950012
vt 0.770996 1.000000
vt 0.750000 0.900024
vt 0.708496 0.950012
vt 0.729004 1.000000
vt 0.708496 0.900024
vt 0.666504 0.950012
vt 0.687500 1.000000
vt 0.666504 0.900024
vt 0.625000 0.950012
vt 0.645996 1.000000
vt 0.625000 0.900024
vt 0.583496 0.950012
vt 0.604004 1.000000
vt 0.583496 0.900024
vt 0.541504 0.950012
vt 0.562500 1.000000
vt 0.541504 0.900024
vt 0.500000 0.950012
vt 0.520996 1.000000
vt 0.500000 0.900024
vt 0.458252 0.950012
vt 0.479248 1.000000
vt 0.458252 0.900024
vt 0.416748 0.950012
vt 0.437500 1.000000
vt 0.416748 0.900024
vt 0.375000 0.950012
vt 0.395752 1.000000
vt 0.375000 0.900024
vt 0.333252 0.950012
vt 0.354248 1.000000
vt 0.333252 0.900024
vt 0.291748 0.950012
vt 0.312500 1.000000
vt 0.291748 0.900024
vt 0.250000 0.950012
vt 0.270752 1.000000
vt 0.250000 0.900024
vt 0.208374 0.950012
vt 0.229126 1.000000
vt 0.208374 0.900024
vt 0.166626 0.950012
vt 0.187500 1.000000
vt 0.166626 0.900024
vt 0.125000 0.950012
vt 0.145874 1.000000
vt 0.125000 0.900024
vt 0.083313 0.950012
vt 0.104187 1.000000
vt 0.083313 0.900024
vt 0.041656 0.950012
vt 0.062500 1.000000
vt 0.041656 0.900024
vt 0.000000 0.950012
vt 0.020828 1.000000
vt 0.000000 0.900024
vt 0.000000 0.800049
vt 0.041656 0.800049
vt 0.000000 0.699951
vt 0.041656 0.699951
vt 0.000000 0.600098
vt 0.041656 0.600098
vt 0.000000 0.504395
vt 0.041656 0.504395
vt 0.000000 0.500000
vt 0.041656 0.500000
vt 0.083313 0.504395
vt 0.083313 0.500000
vt 0.125000 0.504395
vt 0.125000 0.500000
vt 0.166626 0.504395
vt 0.166626 0.500000
vt 0.208374 0.504395
vt 0.208374 0.500000
vt 0.250000 0.504395
vt 0.250000 0.500000
vt 0.291748 0.504395
vt 0.291748 0.500000
vt 0.333252 0.504395
vt 0.333252 0.500000
vt 0.375000 0.504395
vt 0.375000 0.500000
vt 0.416748 0.504395
vt 0.416748 0.500000
vt 0.458252 0.504395
vt 0.458252 0.500000
vt 0.500000 0.504395
vt 0.500000 0.500000
vt 0.541504 0.504395
vt 0.541504 0.500000
vt 0.583496 0.504395
vt 0.583496 0.500000
vt 0.625000 0.504395
vt 0.625000 0.500000
vt 0.666504 0.504395
vt 0.666504 0.500000
vt 0.708496 0.504395
vt 0.708496 0.500000
vt 0.750000 0.504395
vt 0.750000 0.500000
vt 0.791504 0.504395
vt 0.791504 0.500000
vt 0.833496 0.504395
vt 0.833496 0.500000
vt 0.875000 0.504395
vt 0.875000 0.500000
vt 0.916504 0.504395
vt 0.916504 0.500000
vt 0.916504 0.600098
vt 0.916504 0.699951
vt 0.916504 0.800049
vt 0.875000 0.800049
vt 0.833496 0.800049
vt 0.791504 0.800049
vt 0.750000 0.800049
vt 0.708496 0.800049
vt 0.666504 0.800049
vt 0.625000 0.800049
vt 0.583496 0.800049
vt 0.541504 0.800049
vt 0.500000 0.800049
vt 0.458252 0.800049
vt 0.416748 0.800049
vt 0.375000 0.800049
vt 0.333252 0.800049
vt 0.291748 0.800049
vt 0.250000 0.800049
vt 0.208374 0.800049
vt 0.166626 0.800049
vt 0.125000 0.800049
vt 0.083313 0.800049
vt 0.083313 0.699951
vt 0.083313 0.600098
vt 0.125000 0.600098
vt 0.166626 0.600098
vt 0.208374 0.600098
vt 0.250000 0.600098
vt 0.291748 0.600098
vt 0.333252 0.600098
vt 0.375000 0.600098
vt 0.416748 0.600098
vt 0.458252 0.600098
vt 0.500000 0.600098
vt 0.541504 0.600098
vt 0.583496 0.600098
vt 0.625000 0.600098
vt 0.666504 0.600098
vt 0.708496 0.600098
vt 0.750000 0.600098
vt 0.791504 0.600098
vt 0.833496 0.600098
vt 0.875000 0.600098
vt 0.875000 0.699951
vt 0.833496 0.699951
vt 0.791504 0.699951
vt 0.750000 0.699951
vt 0.708496 0.699951
vt 0.666504 0.699951
vt 0.625000 0.699951
vt 0.583496 0.699951
vt 0.541504 0.699951
vt 0.500000 0.699951
vt 0.458252 0.699951
vt 0.416748 0.699951
vt 0.375000 0.699951
vt 0.333252 0.699951
vt 0.291748 0.699951
vt 0.250000 0.699951
vt 0.208374 0.699951
vt 0.166626 0.699951
vt 0.125000 0.699951
vt 0.375000 0.750000
vt 0.500000 0.750000
vt 0.375000 0.875000
vt 0.625000 0.750000
vt 0.375000 1.000000
vt 0.625000 0.875000
vt 0.500000 1.000000
vt 0.625000 1.000000
vt 0.250000 0.000000
vt 0.125000 0.000000
vt 0.125000 0.250000
vt 0.250000 0.250000
vt 0.375000 0.000000
vt 0.375000 0.250000
vt 0.500000 0.000000
vt 0.500000 0.250000
vt 0.625000 0.000000
vt 0.625000 0.250000
vt 0.750000 0.000000
vt 0.750000 0.250000
vt 0.875000 0.000000
vt 0.875000 0.250000
vt 0.348145 0.565918
vt 0.326172 0.565918
vt 0.326172 0.592041
vt 0.709961 0.565918
vt 0.731934 0.592041
vt 0.731934 0.565918
vt 0.326416 0.565918
vt 0.326416 0.592041
vt 0.143188 -2.675781
vt 0.143188 -0.285156
vt 0.319580 -0.285156
vt 0.319580 -2.675781
vt 0.130371 -2.675781
vt 0.130249 -0.285156
vt 0.066528 -2.675781
vt 0.066528 -0.285156
vt 0.050598 -2.658203
vt 0.050598 -0.267578
vt -0.064636 -2.658203
vt -0.064697 -0.267578
vt -0.080627 -2.675781
vt -0.080627 -0.285156
vt -0.144409 -2.675781
vt -0.144409 -0.285156
vt -0.157227 -2.675781
vt -0.157349 -0.285156
vt -0.333496 -2.675781
vt -0.333496 -0.285156
vt -0.157349 2.705078
vt -0.157349 -2.675781
vt -0.333740 -2.675781
vt -0.333740 2.705078
vt 0.143188 2.705078
vt 0.319336 2.705078
vt 0.130249 -2.675781
vt 0.066467 -2.675781
vt 0.066467 2.705078
vt 0.130249 2.705078
vt 0.050507 -2.675781
vt 0.050537 2.722656
vt -0.064758 -2.675781
vt -0.064758 2.722656
vt -0.080688 -2.675781
vt -0.080688 2.705078
vt -0.144409 2.705078
vt 0.348145 0.395508
vt 0.326172 0.395508
vt 0.731934 0.395508
vt 0.709961 0.395508
vt 0.010315 0.565918
vt 0.010315 0.592041
vt 0.348145 0.592041
vt 0.709961 0.592041
vt 1.047852 0.592041
vt 1.047852 0.565918
vt 0.348145 0.908081
vt 0.709961 0.908081
vt 1.047852 0.395508
vt 0.010315 0.395508
vt -0.157227 2.705078
vt -0.333496 2.705078
vt 0.143311 2.705078
vt 0.319580 2.705078
vt 0.066589 -2.675781
vt 0.066589 2.705078
vt 0.130371 2.705078
vt 0.050659 -2.675781
vt 0.050659 2.722656
vt -0.064636 -2.675781
vt -0.064575 2.722656
vt -0.080566 -2.675781
vt -0.080566 2.705078
vt -0.144287 -2.675781
vt -0.144287 2.705078
vt 0.050537 -2.675781
vt -0.064697 -2.675781
vt -0.064697 2.722656
vt 0.050598 -2.675781
vt 0.050629 2.722656
vt -0.064636 2.722656
vt -0.144531 -2.675781
vt 0.130371 -0.285156
vt -0.064636 -0.267578
vt -0.157227 -0.285156
vt 0.066528 2.705078
vt 0.050598 2.722656
vt -0.080627 2.705078
vt 0.326416 0.395508
vt 0.010307 0.565918
vt 0.050568 2.722656
vt -0.157227 -0.238281
vt -0.333496 -0.238281
vt 0.143188 -0.238281
vt 0.319580 -0.238281
vt 0.066528 -0.238281
vt 0.130371 -0.238281
vt 0.050598 -0.219727
vt -0.064697 -0.219727
vt -0.080627 -0.238281
vt -0.144409 -0.238281
vt 0.740723 0.431152
vt 0.736328 0.420898
vt 0.652344 0.420898
vt 0.647949 0.431152
vt 1.418945 0.009766
vt 1.421875 0.002930
vt 1.261719 0.002930
vt 1.261719 0.009766
vt 0.643066 0.420898
vt 0.404541 0.420898
vt 0.399902 0.431152
vt 0.395508 0.420898
vt 0.311035 0.420898
vt 0.307129 0.431152
vt 1.421875 0.244141
vt 1.418945 0.237305
vt 1.261719 0.237305
vt 1.261719 0.244141
vt 0.736328 0.489746
vt 0.740723 0.479492
vt 0.647949 0.479492
vt 0.652344 0.489746
vt 0.643066 0.489746
vt 0.399902 0.479492
vt 0.404541 0.489746
vt 0.395508 0.489746
vt 0.307129 0.479492
vt 0.311035 0.489746
vt 1.458984 0.200684
vt 1.458984 0.046387
vt 0.059937 0.431152
vt 0.059937 0.479492
vt 0.987793 0.479492
vt 0.987793 0.431152
vt 0.740723 0.471680
vt 0.647949 0.471680
vt 0.399902 0.471680
vt 0.307129 0.471680
vt 0.059937 0.471680
vt 0.987793 0.471680
vt 0.307129 0.437500
vt 0.059937 0.437500
vt 0.399902 0.437500
vt 0.647949 0.437500
vt 0.740723 0.437500
vt 0.987793 0.437500
s 1
f 47/1/1 49/2/1 50/3/2
f 48/4/3 47/1/1 50/3/2
f 50/3/2 99/5/4 48/4/3
f 97/6/5 48/4/3 99/5/4
f 99/5/4 100/7/6 97/6/5
f 98/8/7 97/6/5 100/7/6
f 100/7/6 125/9/8 98/8/7
f 124/10/9 98/8/7 125/9/8
f 125/9/8 150/11/10 124/10/9
f 149/12/11 124/10/9 150/11/10
f 174/13/12 149/12/11 150/11/10
f 150/11/10 175/14/13 174/13/12
f 199/15/1 174/13/12 175/14/13
f 173/16/14 149/12/11 174/13/12
f 174/13/12 198/17/1 173/16/14
f 148/18/15 149/12/11 173/16/14
f 172/19/16 148/18/15 173/16/14
f 173/16/14 197/20/1 172/19/16
f 147/21/17 148/18/15 172/19/16
f 171/22/18 147/21/17 172/19/16
f 172/19/16 196/23/1 171/22/18
f 146/24/19 147/21/17 171/22/18
f 170/25/20 146/24/19 171/22/18
f 171/22/18 195/26/1 170/25/20
f 145/27/21 146/24/19 170/25/20
f 169/28/22 145/27/21 170/25/20
f 170/25/20 194/29/1 169/28/22
f 144/30/23 145/27/21 169/28/22
f 168/31/24 144/30/23 169/28/22
f 169/28/22 193/32/1 168/31/24
f 143/33/25 144/30/23 168/31/24
f 167/34/26 143/33/25 168/31/24
f 168/31/24 192/35/1 167/34/26
f 142/36/27 143/33/25 167/34/26
f 166/37/28 142/36/27 167/34/26
f 167/34/26 191/38/1 166/37/28
f 141/39/29 142/36/27 166/37/28
f 165/40/30 141/39/29 166/37/28
f 166/37/28 190/41/1 165/40/30
f 140/42/31 141/39/29 165/40/30
f 164/43/32 140/42/31 165/40/30
f 165/40/30 189/44/1 164/43/32
f 139/45/33 140/42/31 164/43/32
f 163/46/34 139/45/33 164/43/32
f 164/43/32 188/47/1 163/46/34
f 138/48/35 139/45/33 163/46/34
f 162/49/36 138/48/35 163/46/34
f 163/46/34 187/50/1 162/49/36
f 137/51/37 138/48/35 162/49/36
f 161/52/38 137/51/37 162/49/36
f 162/49/36 186/53/1 161/52/38
f 136/54/39 137/51/37 161/52/38
f 160/55/40 136/54/39 161/52/38
f 161/52/38 185/56/1 160/55/40
f 135/57/41 136/54/39 160/55/40
f 159/58/42 135/57/41 160/55/40
f 160/55/40 184/59/1 159/58/42
f 134/60/43 135/57/41 159/58/42
f 158/61/44 134/60/43 159/58/42
f 159/58/42 183/62/1 158/61/44
f 133/63/45 134/60/43 158/61/44
f 157/64/46 133/63/45 158/61/44
f 158/61/44 182/65/1 157/64/46
f 132/66/47 133/63/45 157/64/46
f 156/67/48 132/66/47 157/64/46
f 157/64/46 181/68/1 156/67/48
f 131/69/49 132/66/47 156/67/48
f 155/70/50 131/69/49 156/67/48
f 156/67/48 180/71/1 155/70/50
f 130/72/51 131/69/49 155/70/50
f 154/73/52 130/72/51 155/70/50
f 155/70/50 179/74/1 154/73/52
f 129/75/53 130/72/51 154/73/52
f 153/76/54 129/75/53 154/73/52
f 154/73/52 178/77/1 153/76/54
f 128/78/55 129/75/53 153/76/54
f 152/79/56 128/78/55 153/76/54
f 153/76/54 177/80/1 152/79/56
f 126/81/57 128/78/55 152/79/56
f 151/82/58 126/81/57 152/79/56
f 152/79/56 176/83/1 151/82/58
f 126/81/57 151/82/58 127/84/59
f 127/84/59 102/85/60 126/81/57
f 101/86/61 126/81/57 102/85/60
f 102/85/60 54/87/62 101/86/61
f 52/88/63 101/86/61 54/87/62
f 54/87/62 53/89/64 52/88/63
f 51/90/65 52/88/63 53/89/64
f 53/89/64 4/91/66 51/90/65
f 2/92/67 51/90/65 4/91/66
f 4/91/66 3/93/1 2/92/67
f 3/93/1 1/94/1 2/92/67
f 6/95/68 2/92/67 1/94/1
f 1/94/1 5/96/1 6/95/68
f 8/97/69 6/95/68 5/96/1
f 5/96/1 7/98/1 8/97/69
f 10/99/70 8/97/69 7/98/1
f 7/98/1 9/100/1 10/99/70
f 12/101/71 10/99/70 9/100/1
f 9/100/1 11/102/1 12/101/71
f 14/103/72 12/101/71 11/102/1
f 11/102/1 13/104/1 14/103/72
f 16/105/73 14/103/72 13/104/1
f 13/104/1 15/106/1 16/105/73
f 18/107/74 16/105/73 15/106/1
f 15/106/1 17/108/1 18/107/74
f 20/109/75 18/107/74 17/108/1
f 17/108/1 19/110/1 20/109/75
f 22/111/76 20/109/75 19/110/1
f 19/110/1 21/112/1 22/111/76
f 24/113/77 22/111/76 21/112/1
f 21/112/1 23/114/1 24/113/77
f 26/115/78 24/113/77 23/114/1
f 23/114/1 25/116/1 26/115/78
f 28/117/79 26/115/78 25/116/1
f 25/116/1 27/118/1 28/117/79
f 30/119/80 28/117/79 27/118/1
f 27/118/1 29/120/1 30/119/80
f 32/121/81 30/119/80 29/120/1
f 29/120/1 31/122/1 32/121/81
f 34/123/82 32/121/81 31/122/1
f 31/122/1 33/124/1 34/123/82
f 36/125/83 34/123/82 33/124/1
f 33/124/1 35/126/1 36/125/83
f 38/127/84 36/125/83 35/126/1
f 35/126/1 37/128/1 38/127/84
f 40/129/85 38/127/84 37/128/1
f 37/128/1 39/130/1 40/129/85
f 42/131/86 40/129/85 39/130/1
f 39/130/1 41/132/1 42/131/86
f 44/133/87 42/131/86 41/132/1
f 41/132/1 43/134/1 44/133/87
f 46/135/88 44/133/87 43/134/1
f 43/134/1 45/136/1 46/135/88
f 48/4/3 46/135/88 45/136/1
f 45/136/1 47/1/1 48/4/3
f 46/135/88 48/4/3 97/6/5
f 95/137/89 46/135/88 97/6/5
f 97/6/5 98/8/7 95/137/89
f 96/138/90 95/137/89 98/8/7
f 98/8/7 124/10/9 96/138/90
f 123/139/91 96/138/90 124/10/9
f 124/10/9 149/12/11 123/139/91
f 149/12/11 148/18/15 123/139/91
f 122/140/92 123/139/91 148/18/15
f 148/18/15 147/21/17 122/140/92
f 121/141/93 122/140/92 147/21/17
f 147/21/17 146/24/19 121/141/93
f 120/142/94 121/141/93 146/24/19
f 146/24/19 145/27/21 120/142/94
f 119/143/95 120/142/94 145/27/21
f 145/27/21 144/30/23 119/143/95
f 118/144/96 119/143/95 144/30/23
f 144/30/23 143/33/25 118/144/96
f 117/145/97 118/144/96 143/33/25
f 143/33/25 142/36/27 117/145/97
f 116/146/98 117/145/97 142/36/27
f 142/36/27 141/39/29 116/146/98
f 115/147/99 116/146/98 141/39/29
f 141/39/29 140/42/31 115/147/99
f 114/148/100 115/147/99 140/42/31
f 140/42/31 139/45/33 114/148/100
f 113/149/101 114/148/100 139/45/33
f 139/45/33 138/48/35 113/149/101
f 112/150/102 113/149/101 138/48/35
f 138/48/35 137/51/37 112/150/102
f 111/151/103 112/150/102 137/51/37
f 137/51/37 136/54/39 111/151/103
f 110/152/104 111/151/103 136/54/39
f 136/54/39 135/57/41 110/152/104
f 109/153/105 110/152/104 135/57/41
f 135/57/41 134/60/43 109/153/105
f 108/154/106 109/153/105 134/60/43
f 134/60/43 133/63/45 108/154/106
f 107/155/107 108/154/106 133/63/45
f 133/63/45 132/66/47 107/155/107
f 106/156/108 107/155/107 132/66/47
f 132/66/47 131/69/49 106/156/108
f 105/157/109 106/156/108 131/69/49
f 131/69/49 130/72/51 105/157/109
f 104/158/110 105/157/109 130/72/51
f 130/72/51 129/75/53 104/158/110
f 103/159/111 104/158/110 129/75/53
f 129/75/53 128/78/55 103/159/111
f 101/86/61 103/159/111 128/78/55
f 128/78/55 126/81/57 101/86/61
f 103/159/111 101/86/61 52/88/63
f 56/160/112 103/159/111 52/88/63
f 52/88/63 51/90/65 56/160/112
f 55/161/113 56/160/112 51/90/65
f 51/90/65 2/92/67 55/161/113
f 2/92/67 6/95/68 55/161/113
f 57/162/114 55/161/113 6/95/68
f 6/95/68 8/97/69 57/162/114
f 59/163/115 57/162/114 8/97/69
f 8/97/69 10/99/70 59/163/115
f 61/164/116 59/163/115 10/99/70
f 10/99/70 12/101/71 61/164/116
f 63/165/117 61/164/116 12/101/71
f 12/101/71 14/103/72 63/165/117
f 65/166/118 63/165/117 14/103/72
f 14/103/72 16/105/73 65/166/118
f 67/167/119 65/166/118 16/105/73
f 16/105/73 18/107/74 67/167/119
f 69/168/120 67/167/119 18/107/74
f 18/107/74 20/109/75 69/168/120
f 71/169/121 69/168/120 20/109/75
f 20/109/75 22/111/76 71/169/121
f 73/170/122 71/169/121 22/111/76
f 22/111/76 24/113/77 73/170/122
f 75/171/123 73/170/122 24/113/77
f 24/113/77 26/115/78 75/171/123
f 77/172/124 75/171/123 26/115/78
f 26/115/78 28/117/79 77/172/124
f 79/173/125 77/172/124 28/117/79
f 28/117/79 30/119/80 79/173/125
f 81/174/126 79/173/125 30/119/80
f 30/119/80 32/121/81 81/174/126
f 83/175/127 81/174/126 32/121/81
f 32/121/81 34/123/82 83/175/127
f 85/176/128 83/175/127 34/123/82
f 34/123/82 36/125/83 85/176/128
f 87/177/129 85/176/128 36/125/83
f 36/125/83 38/127/84 87/177/129
f 89/178/130 87/177/129 38/127/84
f 38/127/84 40/129/85 89/178/130
f 91/179/131 89/178/130 40/129/85
f 40/129/85 42/131/86 91/179/131
f 93/180/132 91/179/131 42/131/86
f 42/131/86 44/133/87 93/180/132
f 95/137/89 93/180/132 44/133/87
f 44/133/87 46/135/88 95/137/89
f 93/180/132 95/137/89 96/138/90
f 94/181/133 93/180/132 96/138/90
f 96/138/90 123/139/91 94/181/133
f 123/139/91 122/140/92 94/181/133
f 92/182/134 94/181/133 122/140/92
f 122/140/92 121/141/93 92/182/134
f 90/183/135 92/182/134 121/141/93
f 121/141/93 120/142/94 90/183/135
f 88/184/136 90/183/135 120/142/94
f 120/142/94 119/143/95 88/184/136
f 86/185/137 88/184/136 119/143/95
f 119/143/95 118/144/96 86/185/137
f 84/186/138 86/185/137 118/144/96
f 118/144/96 117/145/97 84/186/138
f 82/187/139 84/186/138 117/145/97
f 117/145/97 116/146/98 82/187/139
f 80/188/140 82/187/139 116/146/98
f 116/146/98 115/147/99 80/188/140
f 78/189/141 80/188/140 115/147/99
f 115/147/99 114/148/100 78/189/141
f 76/190/142 78/189/141 114/148/100
f 114/148/100 113/149/101 76/190/142
f 74/191/143 76/190/142 113/149/101
f 113/149/101 112/150/102 74/191/143
f 72/192/144 74/191/143 112/150/102
f 112/150/102 111/151/103 72/192/144
f 70/193/145 72/192/144 111/151/103
f 111/151/103 110/152/104 70/193/145
f 68/194/146 70/193/145 110/152/104
f 110/152/104 109/153/105 68/194/146
f 66/195/147 68/194/146 109/153/105
f 109/153/105 108/154/106 66/195/147
f 64/196/148 66/195/147 108/154/106
f 108/154/106 107/155/107 64/196/148
f 62/197/149 64/196/148 107/155/107
f 107/155/107 106/156/108 62/197/149
f 60/198/150 62/197/149 106/156/108
f 106/156/108 105/157/109 60/198/150
f 58/199/151 60/198/150 105/157/109
f 105/157/109 104/158/110 58/199/151
f 56/160/112 58/199/151 104/158/110
f 104/158/110 103/159/111 56/160/112
f 58/199/151 56/160/112 55/161/113
f 55/161/113 57/162/114 58/199/151
f 60/198/150 58/199/151 57/162/114
f 57/162/114 59/163/115 60/198/150
f 62/197/149 60/198/150 59/163/115
f 59/163/115 61/164/116 62/197/149
f 64/196/148 62/197/149 61/164/116
f 61/164/116 63/165/117 64/196/148
f 66/195/147 64/196/148 63/165/117
f 63/165/117 65/166/118 66/195/147
f 68/194/146 66/195/147 65/166/118
f 65/166/118 67/167/119 68/194/146
f 70/193/145 68/194/146 67/167/119
f 67/167/119 69/168/120 70/193/145
f 72/192/144 70/193/145 69/168/120
f 69/168/120 71/169/121 72/192/144
f 74/191/143 72/192/144 71/169/121
f 71/169/121 73/170/122 74/191/143
f 76/190/142 74/191/143 73/170/122
f 73/170/122 75/171/123 76/190/142
f 78/189/141 76/190/142 75/171/123
f 75/171/123 77/172/124 78/189/141
f 80/188/140 78/189/141 77/172/124
f 77/172/124 79/173/125 80/188/140
f 82/187/139 80/188/140 79/173/125
f 79/173/125 81/174/126 82/187/139
f 84/186/138 82/187/139 81/174/126
f 81/174/126 83/175/127 84/186/138
f 86/185/137 84/186/138 83/175/127
f 83/175/127 85/176/128 86/185/137
f 88/184/136 86/185/137 85/176/128
f 85/176/128 87/177/129 88/184/136
f 90/183/135 88/184/136 87/177/129
f 87/177/129 89/178/130 90/183/135
f 92/182/134 90/183/135 89/178/130
f 89/178/130 91/179/131 92/182/134
f 94/181/133 92/182/134 91/179/131
f 91/179/131 93/180/132 94/181/133
f 249/5/152 248/2/153 246/1/154
f 247/6/155 249/5/152 246/1/154
f 246/1/154 244/136/156 247/6/155
f 245/137/157 247/6/155 244/136/156
f 244/136/156 242/134/158 245/137/157
f 243/180/159 245/137/157 242/134/158
f 242/134/158 240/132/160 243/180/159
f 241/179/161 243/180/159 240/132/160
f 240/132/160 238/130/162 241/179/161
f 239/178/163 241/179/161 238/130/162
f 238/130/162 236/128/164 239/178/163
f 237/177/165 239/178/163 236/128/164
f 236/128/164 234/126/166 237/177/165
f 235/176/167 237/177/165 234/126/166
f 234/126/166 232/124/168 235/176/167
f 233/175/169 235/176/167 232/124/168
f 232/124/168 230/122/170 233/175/169
f 231/174/171 233/175/169 230/122/170
f 230/122/170 228/120/172 231/174/171
f 229/173/173 231/174/171 228/120/172
f 228/120/172 226/118/174 229/173/173
f 227/172/175 229/173/173 226/118/174
f 226/118/174 224/116/176 227/172/175
f 225/171/177 227/172/175 224/116/176
f 224/116/176 222/114/178 225/171/177
f 223/170/179 225/171/177 222/114/178
f 222/114/178 220/112/180 223/170/179
f 221/169/181 223/170/179 220/112/180
f 220/112/180 218/110/182 221/169/181
f 219/168/183 221/169/181 218/110/182
f 218/110/182 216/108/184 219/168/183
f 217/167/185 219/168/183 216/108/184
f 216/108/184 214/106/186 217/167/185
f 215/166/187 217/167/185 214/106/186
f 214/106/186 212/104/188 215/166/187
f 213/165/189 215/166/187 212/104/188
f 212/104/188 210/102/190 213/165/189
f 211/164/191 213/165/189 210/102/190
f 210/102/190 208/100/192 211/164/191
f 209/163/193 211/164/191 208/100/192
f 208/100/192 206/98/194 209/163/193
f 207/162/195 209/163/193 206/98/194
f 206/98/194 204/96/196 207/162/195
f 205/161/197 207/162/195 204/96/196
f 204/96/196 200/94/198 205/161/197
f 202/90/199 205/161/197 200/94/198
f 200/94/198 201/93/200 202/90/199
f 201/93/200 203/89/201 202/90/199
f 250/88/202 202/90/199 203/89/201
f 203/89/201 251/87/203 250/88/202
f 275/86/204 250/88/202 251/87/203
f 251/87/203 276/85/205 275/86/204
f 300/81/206 275/86/204 276/85/205
f 276/85/205 301/84/207 300/81/206
f 275/86/204 300/81/206 302/78/208
f 277/159/209 275/86/204 302/78/208
f 302/78/208 303/75/210 277/159/209
f 278/158/211 277/159/209 303/75/210
f 303/75/210 304/72/212 278/158/211
f 279/157/213 278/158/211 304/72/212
f 304/72/212 305/69/214 279/157/213
f 280/156/215 279/157/213 305/69/214
f 305/69/214 306/66/216 280/156/215
f 281/155/217 280/156/215 306/66/216
f 306/66/216 307/63/218 281/155/217
f 282/154/219 281/155/217 307/63/218
f 307/63/218 308/60/220 282/154/219
f 283/153/221 282/154/219 308/60/220
f 308/60/220 309/57/222 283/153/221
f 284/152/223 283/153/221 309/57/222
f 309/57/222 310/54/224 284/152/223
f 285/151/225 284/152/223 310/54/224
f 310/54/224 311/51/226 285/151/225
f 286/150/227 285/151/225 311/51/226
f 311/51/226 312/48/228 286/150/227
f 287/149/229 286/150/227 312/48/228
f 312/48/228 313/45/230 287/149/229
f 288/148/231 287/149/229 313/45/230
f 313/45/230 314/42/232 288/148/231
f 289/147/233 288/148/231 314/42/232
f 314/42/232 315/39/234 289/147/233
f 290/146/235 289/147/233 315/39/234
f 315/39/234 316/36/236 290/146/235
f 291/145/237 290/146/235 316/36/236
f 316/36/236 317/33/238 291/145/237
f 292/144/239 291/145/237 317/33/238
f 317/33/238 318/30/240 292/144/239
f 293/143/241 292/144/239 318/30/240
f 318/30/240 319/27/242 293/143/241
f 294/142/243 293/143/241 319/27/242
f 319/27/242 320/24/244 294/142/243
f 295/141/245 294/142/243 320/24/244
f 320/24/244 321/21/246 295/141/245
f 296/140/247 295/141/245 321/21/246
f 321/21/246 322/18/248 296/140/247
f 297/139/249 296/140/247 322/18/248
f 322/18/248 323/12/250 297/139/249
f 298/10/251 297/139/249 323/12/250
f 323/12/250 324/11/207 298/10/251
f 324/11/207 299/9/252 298/10/251
f 273/8/253 298/10/251 299/9/252
f 299/9/252 274/7/254 273/8/253
f 247/6/155 273/8/253 274/7/254
f 274/7/254 249/5/152 247/6/155
f 273/8/253 247/6/155 245/137/157
f 272/138/255 273/8/253 245/137/157
f 245/137/157 243/180/159 272/138/255
f 271/181/256 272/138/255 243/180/159
f 243/180/159 241/179/161 271/181/256
f 270/182/257 271/181/256 241/179/161
f 241/179/161 239/178/163 270/182/257
f 269/183/258 270/182/257 239/178/163
f 239/178/163 237/177/165 269/183/258
f 268/184/259 269/183/258 237/177/165
f 237/177/165 235/176/167 268/184/259
f 267/185/260 268/184/259 235/176/167
f 235/176/167 233/175/169 267/185/260
f 266/186/261 267/185/260 233/175/169
f 233/175/169 231/174/171 266/186/261
f 265/187/262 266/186/261 231/174/171
f 231/174/171 229/173/173 265/187/262
f 264/188/263 265/187/262 229/173/173
f 229/173/173 227/172/175 264/188/263
f 263/189/264 264/188/263 227/172/175
f 227/172/175 225/171/177 263/189/264
f 262/190/265 263/189/264 225/171/177
f 225/171/177 223/170/179 262/190/265
f 261/191/266 262/190/265 223/170/179
f 223/170/179 221/169/181 261/191/266
f 260/192/267 261/191/266 221/169/181
f 221/169/181 219/168/183 260/192/267
f 259/193/268 260/192/267 219/168/183
f 219/168/183 217/167/185 259/193/268
f 258/194/269 259/193/268 217/167/185
f 217/167/185 215/166/187 258/194/269
f 257/195/270 258/194/269 215/166/187
f 215/166/187 213/165/189 257/195/270
f 256/196/271 257/195/270 213/165/189
f 213/165/189 211/164/191 256/196/271
f 255/197/272 256/196/271 211/164/191
f 211/164/191 209/163/193 255/197/272
f 254/198/273 255/197/272 209/163/193
f 209/163/193 207/162/195 254/198/273
f 253/199/274 254/198/273 207/162/195
f 207/162/195 205/161/197 253/199/274
f 252/160/275 253/199/274 205/161/197
f 205/161/197 202/90/199 252/160/275
f 202/90/199 250/88/202 252/160/275
f 277/159/209 252/160/275 250/88/202
f 250/88/202 275/86/204 277/159/209
f 252/160/275 277/159/209 278/158/211
f 253/199/274 252/160/275 278/158/211
f 278/158/211 279/157/213 253/199/274
f 254/198/273 253/199/274 279/157/213
f 279/157/213 280/156/215 254/198/273
f 255/197/272 254/198/273 280/156/215
f 280/156/215 281/155/217 255/197/272
f 256/196/271 255/197/272 281/155/217
f 281/155/217 282/154/219 256/196/271
f 257/195/270 256/196/271 282/154/219
f 282/154/219 283/153/221 257/195/270
f 258/194/269 257/195/270 283/153/221
f 283/153/221 284/152/223 258/194/269
f 259/193/268 258/194/269 284/152/223
f 284/152/223 285/151/225 259/193/268
f 260/192/267 259/193/268 285/151/225
f 285/151/225 286/150/227 260/192/267
f 261/191/266 260/192/267 286/150/227
f 286/150/227 287/149/229 261/191/266
f 262/190/265 261/191/266 287/149/229
f 287/149/229 288/148/231 262/190/265
f 263/189/264 262/190/265 288/148/231
f 288/148/231 289/147/233 263/189/264
f 264/188/263 263/189/264 289/147/233
f 289/147/233 290/146/235 264/188/263
f 265/187/262 264/188/263 290/146/235
f 290/146/235 291/145/237 265/187/262
f 266/186/261 265/187/262 291/145/237
f 291/145/237 292/144/239 266/186/261
f 267/185/260 266/186/261 292/144/239
f 292/144/239 293/143/241 267/185/260
f 268/184/259 267/185/260 293/143/241
f 293/143/241 294/142/243 268/184/259
f 269/183/258 268/184/259 294/142/243
f 294/142/243 295/141/245 269/183/258
f 270/182/257 269/183/258 295/141/245
f 295/141/245 296/140/247 270/182/257
f 271/181/256 270/182/257 296/140/247
f 296/140/247 297/139/249 271/181/256
f 272/138/255 271/181/256 297/139/249
f 297/139/249 298/10/251 272/138/255
f 273/8/253 272/138/255 298/10/251
f 327/81/276 325/84/277 326/82/278
f 328/79/279 327/81/276 326/82/278
f 326/82/278 375/83/280 328/79/279
f 329/78/281 327/81/276 328/79/279
f 330/76/282 329/78/281 328/79/279
f 328/79/279 376/80/280 330/76/282
f 331/75/283 329/78/281 330/76/282
f 332/73/284 331/75/283 330/76/282
f 330/76/282 377/77/280 332/73/284
f 333/72/285 331/75/283 332/73/284
f 334/70/286 333/72/285 332/73/284
f 332/73/284 378/74/280 334/70/286
f 335/69/287 333/72/285 334/70/286
f 336/67/288 335/69/287 334/70/286
f 334/70/286 379/71/280 336/67/288
f 337/66/289 335/69/287 336/67/288
f 338/64/290 337/66/289 336/67/288
f 336/67/288 380/68/280 338/64/290
f 339/63/291 337/66/289 338/64/290
f 340/61/292 339/63/291 338/64/290
f 338/64/290 381/65/280 340/61/292
f 341/60/293 339/63/291 340/61/292
f 342/58/294 341/60/293 340/61/292
f 340/61/292 382/62/280 342/58/294
f 343/57/295 341/60/293 342/58/294
f 344/55/296 343/57/295 342/58/294
f 342/58/294 383/59/280 344/55/296
f 345/54/297 343/57/295 344/55/296
f 346/52/298 345/54/297 344/55/296
f 344/55/296 384/56/280 346/52/298
f 347/51/299 345/54/297 346/52/298
f 348/49/300 347/51/299 346/52/298
f 346/52/298 385/53/280 348/49/300
f 349/48/301 347/51/299 348/49/300
f 350/46/302 349/48/301 348/49/300
f 348/49/300 386/50/280 350/46/302
f 351/45/303 349/48/301 350/46/302
f 352/43/304 351/45/303 350/46/302
f 350/46/302 387/47/280 352/43/304
f 353/42/305 351/45/303 352/43/304
f 354/40/306 353/42/305 352/43/304
f 352/43/304 388/44/280 354/40/306
f 355/39/307 353/42/305 354/40/306
f 356/37/308 355/39/307 354/40/306
f 354/40/306 389/41/280 356/37/308
f 357/36/309 355/39/307 356/37/308
f 358/34/310 357/36/309 356/37/308
f 356/37/308 390/38/280 358/34/310
f 359/33/311 357/36/309 358/34/310
f 360/31/312 359/33/311 358/34/310
f 358/34/310 391/35/280 360/31/312
f 361/30/313 359/33/311 360/31/312
f 362/28/314 361/30/313 360/31/312
f 360/31/312 392/32/280 362/28/314
f 363/27/315 361/30/313 362/28/314
f 364/25/316 363/27/315 362/28/314
f 362/28/314 393/29/280 364/25/316
f 365/24/317 363/27/315 364/25/316
f 366/22/318 365/24/317 364/25/316
f 364/25/316 394/26/280 366/22/318
f 367/21/319 365/24/317 366/22/318
f 368/19/320 367/21/319 366/22/318
f 366/22/318 395/23/280 368/19/320
f 369/18/321 367/21/319 368/19/320
f 370/16/322 369/18/321 368/19/320
f 368/19/320 396/20/280 370/16/322
f 371/12/323 369/18/321 370/16/322
f 372/13/324 371/12/323 370/16/322
f 370/16/322 397/17/280 372/13/324
f 373/11/325 371/12/323 372/13/324
f 374/14/326 373/11/325 372/13/324
f 372/13/324 398/15/280 374/14/326
f 405/116/327 403/110/328 404/200/329
f 404/200/329 406/201/330 405/116/327
f 408/201/331 404/200/332 407/202/333
f 409/203/334 408/201/331 407/202/333
f 407/202/333 410/204/335 409/203/334
f 411/205/336 409/203/334 410/204/335
f 410/204/335 412/206/337 411/205/336
f 413/207/338 411/205/336 412/206/337
f 408/201/331 409/203/334 423/122/339
f 423/122/339 422/116/340 408/201/331
f 418/208/333 420/209/329 421/210/341
f 421/210/341 419/211/342 418/208/333
f 399/212/343 418/208/333 419/211/342
f 419/211/342 400/213/344 399/212/343
f 401/214/337 399/212/343 400/213/344
f 400/213/344 402/215/345 401/214/337
f 414/216/346 401/214/337 402/215/345
f 402/215/345 415/217/347 414/216/346
f 416/218/336 414/216/346 415/217/347
f 415/217/347 417/219/348 416/218/336
f 424/220/349 416/218/336 417/219/348
f 417/219/348 425/221/350 424/220/349
f 450/14/351 451/11/352 449/18/353
f 448/16/354 450/14/351 449/18/353
f 449/18/353 447/24/355 448/16/354
f 446/22/356 448/16/354 447/24/355
f 447/24/355 445/30/357 446/22/356
f 444/28/358 446/22/356 445/30/357
f 445/30/357 443/36/359 444/28/358
f 442/34/360 444/28/358 443/36/359
f 443/36/359 441/42/361 442/34/360
f 440/40/362 442/34/360 441/42/361
f 441/42/361 439/48/363 440/40/362
f 438/46/364 440/40/362 439/48/363
f 439/48/363 437/54/365 438/46/364
f 436/52/366 438/46/364 437/54/365
f 437/54/365 435/60/367 436/52/366
f 434/58/368 436/52/366 435/60/367
f 435/60/367 433/66/369 434/58/368
f 432/64/370 434/58/368 433/66/369
f 433/66/369 431/72/371 432/64/370
f 430/70/372 432/64/370 431/72/371
f 431/72/371 429/78/373 430/70/372
f 427/76/374 430/70/372 429/78/373
f 429/78/373 428/84/375 427/76/374
f 428/84/375 426/82/376 427/76/374
f 452/83/1 427/76/374 426/82/376
f 427/76/374 453/77/1 430/70/372
f 430/70/372 454/71/1 432/64/370
f 432/64/370 455/65/1 434/58/368
f 434/58/368 456/59/1 436/52/366
f 436/52/366 457/53/1 438/46/364
f 438/46/364 458/47/1 440/40/362
f 440/40/362 459/41/1 442/34/360
f 442/34/360 460/35/1 444/28/358
f 444/28/358 461/29/1 446/22/356
f 446/22/356 462/23/1 448/16/354
f 448/16/354 463/17/1 450/14/351
f 510/1/1 512/2/1 513/3/2
f 511/4/377 510/1/1 513/3/2
f 513/3/2 562/5/4 511/4/377
f 560/6/5 511/4/377 562/5/4
f 562/5/4 563/7/6 560/6/5
f 561/8/7 560/6/5 563/7/6
f 563/7/6 588/9/8 561/8/7
f 587/10/9 561/8/7 588/9/8
f 588/9/8 613/11/10 587/10/9
f 612/12/11 587/10/9 613/11/10
f 637/13/12 612/12/11 613/11/10
f 613/11/10 638/14/58 637/13/12
f 662/15/1 637/13/12 638/14/58
f 636/16/14 612/12/11 637/13/12
f 637/13/12 661/17/1 636/16/14
f 611/18/15 612/12/11 636/16/14
f 635/19/16 611/18/15 636/16/14
f 636/16/14 660/20/1 635/19/16
f 610/21/378 611/18/15 635/19/16
f 634/22/18 610/21/378 635/19/16
f 635/19/16 659/23/1 634/22/18
f 609/24/19 610/21/378 634/22/18
f 633/25/20 609/24/19 634/22/18
f 634/22/18 658/26/1 633/25/20
f 608/27/21 609/24/19 633/25/20
f 632/28/22 608/27/21 633/25/20
f 633/25/20 657/29/1 632/28/22
f 607/30/23 608/27/21 632/28/22
f 631/31/24 607/30/23 632/28/22
f 632/28/22 656/32/1 631/31/24
f 606/33/25 607/30/23 631/31/24
f 630/34/26 606/33/25 631/31/24
f 631/31/24 655/35/1 630/34/26
f 605/36/379 606/33/25 630/34/26
f 629/37/28 605/36/379 630/34/26
f 630/34/26 654/38/1 629/37/28
f 604/39/380 605/36/379 629/37/28
f 628/40/30 604/39/380 629/37/28
f 629/37/28 653/41/1 628/40/30
f 603/42/31 604/39/380 628/40/30
f 627/43/32 603/42/31 628/40/30
f 628/40/30 652/44/1 627/43/32
f 602/45/33 603/42/31 627/43/32
f 626/46/34 602/45/33 627/43/32
f 627/43/32 651/47/1 626/46/34
f 601/48/381 602/45/33 626/46/34
f 625/49/36 601/48/381 626/46/34
f 626/46/34 650/50/1 625/49/36
f 600/51/37 601/48/381 625/49/36
f 624/52/38 600/51/37 625/49/36
f 625/49/36 649/53/1 624/52/38
f 599/54/39 600/51/37 624/52/38
f 623/55/40 599/54/39 624/52/38
f 624/52/38 648/56/1 623/55/40
f 598/57/382 599/54/39 623/55/40
f 622/58/42 598/57/382 623/55/40
f 623/55/40 647/59/1 622/58/42
f 597/60/43 598/57/382 622/58/42
f 621/61/44 597/60/43 622/58/42
f 622/58/42 646/62/1 621/61/44
f 596/63/45 597/60/43 621/61/44
f 620/64/46 596/63/45 621/61/44
f 621/61/44 645/65/1 620/64/46
f 595/66/47 596/63/45 620/64/46
f 619/67/48 595/66/47 620/64/46
f 620/64/46 644/68/1 619/67/48
f 594/69/383 595/66/47 619/67/48
f 618/70/384 594/69/383 619/67/48
f 619/67/48 643/71/1 618/70/384
f 593/72/51 594/69/383 618/70/384
f 617/73/52 593/72/51 618/70/384
f 618/70/384 642/74/1 617/73/52
f 592/75/53 593/72/51 617/73/52
f 616/76/54 592/75/53 617/73/52
f 617/73/52 641/77/1 616/76/54
f 591/78/55 592/75/53 616/76/54
f 615/79/56 591/78/55 616/76/54
f 616/76/54 640/80/1 615/79/56
f 589/81/57 591/78/55 615/79/56
f 614/82/385 589/81/57 615/79/56
f 615/79/56 639/83/1 614/82/385
f 589/81/57 614/82/385 590/84/59
f 590/84/59 565/85/386 589/81/57
f 564/86/61 589/81/57 565/85/386
f 565/85/386 517/87/387 564/86/61
f 515/88/388 564/86/61 517/87/387
f 517/87/387 516/89/64 515/88/388
f 514/90/65 515/88/388 516/89/64
f 516/89/64 467/91/66 514/90/65
f 465/92/67 514/90/65 467/91/66
f 467/91/66 466/93/1 465/92/67
f 466/93/1 464/94/1 465/92/67
f 469/95/68 465/92/67 464/94/1
f 464/94/1 468/96/1 469/95/68
f 471/97/69 469/95/68 468/96/1
f 468/96/1 470/98/1 471/97/69
f 473/99/389 471/97/69 470/98/1
f 470/98/1 472/100/1 473/99/389
f 475/101/390 473/99/389 472/100/1
f 472/100/1 474/102/1 475/101/390
f 477/103/72 475/101/390 474/102/1
f 474/102/1 476/104/1 477/103/72
f 479/105/391 477/103/72 476/104/1
f 476/104/1 478/106/1 479/105/391
f 481/107/74 479/105/391 478/106/1
f 478/106/1 480/108/1 481/107/74
f 483/109/75 481/107/74 480/108/1
f 480/108/1 482/110/1 483/109/75
f 485/111/76 483/109/75 482/110/1
f 482/110/1 484/112/1 485/111/76
f 487/113/77 485/111/76 484/112/1
f 484/112/1 486/114/1 487/113/77
f 489/115/78 487/113/77 486/114/1
f 486/114/1 488/116/1 489/115/78
f 491/117/79 489/115/78 488/116/1
f 488/116/1 490/118/1 491/117/79
f 493/119/80 491/117/79 490/118/1
f 490/118/1 492/120/1 493/119/80
f 495/121/81 493/119/80 492/120/1
f 492/120/1 494/122/1 495/121/81
f 497/123/82 495/121/81 494/122/1
f 494/122/1 496/124/1 497/123/82
f 499/125/392 497/123/82 496/124/1
f 496/124/1 498/126/1 499/125/392
f 501/127/393 499/125/392 498/126/1
f 498/126/1 500/128/1 501/127/393
f 503/129/85 501/127/393 500/128/1
f 500/128/1 502/130/1 503/129/85
f 505/131/86 503/129/85 502/130/1
f 502/130/1 504/132/1 505/131/86
f 507/133/87 505/131/86 504/132/1
f 504/132/1 506/134/1 507/133/87
f 509/135/88 507/133/87 506/134/1
f 506/134/1 508/136/1 509/135/88
f 511/4/377 509/135/88 508/136/1
f 508/136/1 510/1/1 511/4/377
f 509/135/88 511/4/377 560/6/5
f 558/137/89 509/135/88 560/6/5
f 560/6/5 561/8/7 558/137/89
f 559/138/90 558/137/89 561/8/7
f 561/8/7 587/10/9 559/138/90
f 586/139/394 559/138/90 587/10/9
f 587/10/9 612/12/11 586/139/394
f 612/12/11 611/18/15 586/139/394
f 585/140/92 586/139/394 611/18/15
f 611/18/15 610/21/378 585/140/92
f 584/141/93 585/140/92 610/21/378
f 610/21/378 609/24/19 584/141/93
f 583/142/94 584/141/93 609/24/19
f 609/24/19 608/27/21 583/142/94
f 582/143/95 583/142/94 608/27/21
f 608/27/21 607/30/23 582/143/95
f 581/144/96 582/143/95 607/30/23
f 607/30/23 606/33/25 581/144/96
f 580/145/97 581/144/96 606/33/25
f 606/33/25 605/36/379 580/145/97
f 579/146/98 580/145/97 605/36/379
f 605/36/379 604/39/380 579/146/98
f 578/147/99 579/146/98 604/39/380
f 604/39/380 603/42/31 578/147/99
f 577/148/100 578/147/99 603/42/31
f 603/42/31 602/45/33 577/148/100
f 576/149/395 577/148/100 602/45/33
f 602/45/33 601/48/381 576/149/395
f 575/150/102 576/149/395 601/48/381
f 601/48/381 600/51/37 575/150/102
f 574/151/103 575/150/102 600/51/37
f 600/51/37 599/54/39 574/151/103
f 573/152/104 574/151/103 599/54/39
f 599/54/39 598/57/382 573/152/104
f 572/153/105 573/152/104 598/57/382
f 598/57/382 597/60/43 572/153/105
f 571/154/106 572/153/105 597/60/43
f 597/60/43 596/63/45 571/154/106
f 570/155/396 571/154/106 596/63/45
f 596/63/45 595/66/47 570/155/396
f 569/156/108 570/155/396 595/66/47
f 595/66/47 594/69/383 569/156/108
f 568/157/109 569/156/108 594/69/383
f 594/69/383 593/72/51 568/157/109
f 567/158/110 568/157/109 593/72/51
f 593/72/51 592/75/53 567/158/110
f 566/159/111 567/158/110 592/75/53
f 592/75/53 591/78/55 566/159/111
f 564/86/61 566/159/111 591/78/55
f 591/78/55 589/81/57 564/86/61
f 566/159/111 564/86/61 515/88/388
f 519/160/112 566/159/111 515/88/388
f 515/88/388 514/90/65 519/160/112
f 518/161/397 519/160/112 514/90/65
f 514/90/65 465/92/67 518/161/397
f 465/92/67 469/95/68 518/161/397
f 520/162/398 518/161/397 469/95/68
f 469/95/68 471/97/69 520/162/398
f 522/163/115 520/162/398 471/97/69
f 471/97/69 473/99/389 522/163/115
f 524/164/116 522/163/115 473/99/389
f 473/99/389 475/101/390 524/164/116
f 526/165/117 524/164/116 475/101/390
f 475/101/390 477/103/72 526/165/117
f 528/166/118 526/165/117 477/103/72
f 477/103/72 479/105/391 528/166/118
f 530/167/119 528/166/118 479/105/391
f 479/105/391 481/107/74 530/167/119
f 532/168/120 530/167/119 481/107/74
f 481/107/74 483/109/75 532/168/120
f 534/169/121 532/168/120 483/109/75
f 483/109/75 485/111/76 534/169/121
f 536/170/122 534/169/121 485/111/76
f 485/111/76 487/113/77 536/170/122
f 538/171/123 536/170/122 487/113/77
f 487/113/77 489/115/78 538/171/123
f 540/172/124 538/171/123 489/115/78
f 489/115/78 491/117/79 540/172/124
f 542/173/125 540/172/124 491/117/79
f 491/117/79 493/119/80 542/173/125
f 544/174/126 542/173/125 493/119/80
f 493/119/80 495/121/81 544/174/126
f 546/175/127 544/174/126 495/121/81
f 495/121/81 497/123/82 546/175/127
f 548/176/128 546/175/127 497/123/82
f 497/123/82 499/125/392 548/176/128
f 550/177/129 548/176/128 499/125/392
f 499/125/392 501/127/393 550/177/129
f 552/178/130 550/177/129 501/127/393
f 501/127/393 503/129/85 552/178/130
f 554/179/399 552/178/130 503/129/85
f 503/129/85 505/131/86 554/179/399
f 556/180/132 554/179/399 505/131/86
f 505/131/86 507/133/87 556/180/132
f 558/137/89 556/180/132 507/133/87
f 507/133/87 509/135/88 558/137/89
f 556/180/132 558/137/89 559/138/90
f 557/181/133 556/180/132 559/138/90
f 559/138/90 586/139/394 557/181/133
f 586/139/394 585/140/92 557/181/133
f 555/182/134 557/181/133 585/140/92
f 585/140/92 584/141/93 555/182/134
f 553/183/135 555/182/134 584/141/93
f 584/141/93 583/142/94 553/183/135
f 551/184/136 553/183/135 583/142/94
f 583/142/94 582/143/95 551/184/136
f 549/185/137 551/184/136 582/143/95
f 582/143/95 581/144/96 549/185/137
f 547/186/138 549/185/137 581/144/96
f 581/144/96 580/145/97 547/186/138
f 545/187/139 547/186/138 580/145/97
f 580/145/97 579/146/98 545/187/139
f 543/188/140 545/187/139 579/146/98
f 579/146/98 578/147/99 543/188/140
f 541/189/141 543/188/140 578/147/99
f 578/147/99 577/148/100 541/189/141
f 539/190/142 541/189/141 577/148/100
f 577/148/100 576/149/395 539/190/142
f 537/191/400 539/190/142 576/149/395
f 576/149/395 575/150/102 537/191/400
f 535/192/144 537/191/400 575/150/102
f 575/150/102 574/151/103 535/192/144
f 533/193/145 535/192/144 574/151/103
f 574/151/103 573/152/104 533/193/145
f 531/194/146 533/193/145 573/152/104
f 573/152/104 572/153/105 531/194/146
f 529/195/147 531/194/146 572/153/105
f 572/153/105 571/154/106 529/195/147
f 527/196/148 529/195/147 571/154/106
f 571/154/106 570/155/396 527/196/148
f 525/197/149 527/196/148 570/155/396
f 570/155/396 569/156/108 525/197/149
f 523/198/150 525/197/149 569/156/108
f 569/156/108 568/157/109 523/198/150
f 521/199/151 523/198/150 568/157/109
f 568/157/109 567/158/110 521/199/151
f 519/160/112 521/199/151 567/158/110
f 567/158/110 566/159/111 519/160/112
f 521/199/151 519/160/112 518/161/397
f 518/161/397 520/162/398 521/199/151
f 523/198/150 521/199/151 520/162/398
f 520/162/398 522/163/115 523/198/150
f 525/197/149 523/198/150 522/163/115
f 522/163/115 524/164/116 525/197/149
f 527/196/148 525/197/149 524/164/116
f 524/164/116 526/165/117 527/196/148
f 529/195/147 527/196/148 526/165/117
f 526/165/117 528/166/118 529/195/147
f 531/194/146 529/195/147 528/166/118
f 528/166/118 530/167/119 531/194/146
f 533/193/145 531/194/146 530/167/119
f 530/167/119 532/168/120 533/193/145
f 535/192/144 533/193/145 532/168/120
f 532/168/120 534/169/121 535/192/144
f 537/191/400 535/192/144 534/169/121
f 534/169/121 536/170/122 537/191/400
f 539/190/142 537/191/400 536/170/122
f 536/170/122 538/171/123 539/190/142
f 541/189/141 539/190/142 538/171/123
f 538/171/123 540/172/124 541/189/141
f 543/188/140 541/189/141 540/172/124
f 540/172/124 542/173/125 543/188/140
f 545/187/139 543/188/140 542/173/125
f 542/173/125 544/174/126 545/187/139
f 547/186/138 545/187/139 544/174/126
f 544/174/126 546/175/127 547/186/138
f 549/185/137 547/186/138 546/175/127
f 546/175/127 548/176/128 549/185/137
f 551/184/136 549/185/137 548/176/128
f 548/176/128 550/177/129 551/184/136
f 553/183/135 551/184/136 550/177/129
f 550/177/129 552/178/130 553/183/135
f 555/182/134 553/183/135 552/178/130
f 552/178/130 554/179/399 555/182/134
f 557/181/133 555/182/134 554/179/399
f 554/179/399 556/180/132 557/181/133
f 712/5/152 711/2/153 709/1/154
f 710/6/155 712/5/152 709/1/154
f 709/1/154 707/136/401 710/6/155
f 708/137/157 710/6/155 707/136/401
f 707/136/401 705/134/402 708/137/157
f 706/180/159 708/137/157 705/134/402
f 705/134/402 703/132/160 706/180/159
f 704/179/403 706/180/159 703/132/160
f 703/132/160 701/130/404 704/179/403
f 702/178/163 704/179/403 701/130/404
f 701/130/404 699/128/405 702/178/163
f 700/177/165 702/178/163 699/128/405
f 699/128/405 697/126/166 700/177/165
f 698/176/167 700/177/165 697/126/166
f 697/126/166 695/124/406 698/176/167
f 696/175/169 698/176/167 695/124/406
f 695/124/406 693/122/170 696/175/169
f 694/174/171 696/175/169 693/122/170
f 693/122/170 691/120/172 694/174/171
f 692/173/173 694/174/171 691/120/172
f 691/120/172 689/118/407 692/173/173
f 690/172/175 692/173/173 689/118/407
f 689/118/407 687/116/408 690/172/175
f 688/171/177 690/172/175 687/116/408
f 687/116/408 685/114/178 688/171/177
f 686/170/179 688/171/177 685/114/178
f 685/114/178 683/112/409 686/170/179
f 684/169/181 686/170/179 683/112/409
f 683/112/409 681/110/182 684/169/181
f 682/168/183 684/169/181 681/110/182
f 681/110/182 679/108/184 682/168/183
f 680/167/410 682/168/183 679/108/184
f 679/108/184 677/106/186 680/167/410
f 678/166/187 680/167/410 677/106/186
f 677/106/186 675/104/411 678/166/187
f 676/165/412 678/166/187 675/104/411
f 675/104/411 673/102/190 676/165/412
f 674/164/191 676/165/412 673/102/190
f 673/102/190 671/100/413 674/164/191
f 672/163/414 674/164/191 671/100/413
f 671/100/413 669/98/415 672/163/414
f 670/162/195 672/163/414 669/98/415
f 669/98/415 667/96/196 670/162/195
f 668/161/416 670/162/195 667/96/196
f 667/96/196 663/94/417 668/161/416
f 665/90/199 668/161/416 663/94/417
f 663/94/417 664/93/200 665/90/199
f 664/93/200 666/89/201 665/90/199
f 713/88/202 665/90/199 666/89/201
f 666/89/201 714/87/203 713/88/202
f 738/86/204 713/88/202 714/87/203
f 714/87/203 739/85/205 738/86/204
f 763/81/206 738/86/204 739/85/205
f 739/85/205 764/84/207 763/81/206
f 738/86/204 763/81/206 765/78/208
f 740/159/209 738/86/204 765/78/208
f 765/78/208 766/75/418 740/159/209
f 741/158/211 740/159/209 766/75/418
f 766/75/418 767/72/212 741/158/211
f 742/157/213 741/158/211 767/72/212
f 767/72/212 768/69/419 742/157/213
f 743/156/215 742/157/213 768/69/419
f 768/69/419 769/66/216 743/156/215
f 744/155/217 743/156/215 769/66/216
f 769/66/216 770/63/218 744/155/217
f 745/154/219 744/155/217 770/63/218
f 770/63/218 771/60/220 745/154/219
f 746/153/221 745/154/219 771/60/220
f 771/60/220 772/57/420 746/153/221
f 747/152/223 746/153/221 772/57/420
f 772/57/420 773/54/224 747/152/223
f 748/151/225 747/152/223 773/54/224
f 773/54/224 774/51/421 748/151/225
f 749/150/227 748/151/225 774/51/421
f 774/51/421 775/48/228 749/150/227
f 750/149/229 749/150/227 775/48/228
f 775/48/228 776/45/422 750/149/229
f 751/148/231 750/149/229 776/45/422
f 776/45/422 777/42/232 751/148/231
f 752/147/233 751/148/231 777/42/232
f 777/42/232 778/39/423 752/147/233
f 753/146/235 752/147/233 778/39/423
f 778/39/423 779/36/236 753/146/235
f 754/145/237 753/146/235 779/36/236
f 779/36/236 780/33/424 754/145/237
f 755/144/239 754/145/237 780/33/424
f 780/33/424 781/30/240 755/144/239
f 756/143/425 755/144/239 781/30/240
f 781/30/240 782/27/242 756/143/425
f 757/142/243 756/143/425 782/27/242
f 782/27/242 783/24/244 757/142/243
f 758/141/245 757/142/243 783/24/244
f 783/24/244 784/21/426 758/141/245
f 759/140/247 758/141/245 784/21/426
f 784/21/426 785/18/248 759/140/247
f 760/139/427 759/140/247 785/18/248
f 785/18/248 786/12/428 760/139/427
f 761/10/251 760/139/427 786/12/428
f 786/12/428 787/11/207 761/10/251
f 787/11/207 762/9/252 761/10/251
f 736/8/429 761/10/251 762/9/252
f 762/9/252 737/7/254 736/8/429
f 710/6/155 736/8/429 737/7/254
f 737/7/254 712/5/152 710/6/155
f 736/8/429 710/6/155 708/137/157
f 735/138/255 736/8/429 708/137/157
f 708/137/157 706/180/159 735/138/255
f 734/181/256 735/138/255 706/180/159
f 706/180/159 704/179/403 734/181/256
f 733/182/257 734/181/256 704/179/403
f 704/179/403 702/178/163 733/182/257
f 732/183/258 733/182/257 702/178/163
f 702/178/163 700/177/165 732/183/258
f 731/184/259 732/183/258 700/177/165
f 700/177/165 698/176/167 731/184/259
f 730/185/260 731/184/259 698/176/167
f 698/176/167 696/175/169 730/185/260
f 729/186/261 730/185/260 696/175/169
f 696/175/169 694/174/171 729/186/261
f 728/187/430 729/186/261 694/174/171
f 694/174/171 692/173/173 728/187/430
f 727/188/263 728/187/430 692/173/173
f 692/173/173 690/172/175 727/188/263
f 726/189/264 727/188/263 690/172/175
f 690/172/175 688/171/177 726/189/264
f 725/190/265 726/189/264 688/171/177
f 688/171/177 686/170/179 725/190/265
f 724/191/266 725/190/265 686/170/179
f 686/170/179 684/169/181 724/191/266
f 723/192/431 724/191/266 684/169/181
f 684/169/181 682/168/183 723/192/431
f 722/193/268 723/192/431 682/168/183
f 682/168/183 680/167/410 722/193/268
f 721/194/269 722/193/268 680/167/410
f 680/167/410 678/166/187 721/194/269
f 720/195/432 721/194/269 678/166/187
f 678/166/187 676/165/412 720/195/432
f 719/196/433 720/195/432 676/165/412
f 676/165/412 674/164/191 719/196/433
f 718/197/272 719/196/433 674/164/191
f 674/164/191 672/163/414 718/197/272
f 717/198/273 718/197/272 672/163/414
f 672/163/414 670/162/195 717/198/273
f 716/199/274 717/198/273 670/162/195
f 670/162/195 668/161/416 716/199/274
f 715/160/275 716/199/274 668/161/416
f 668/161/416 665/90/199 715/160/275
f 665/90/199 713/88/202 715/160/275
f 740/159/209 715/160/275 713/88/202
f 713/88/202 738/86/204 740/159/209
f 715/160/275 740/159/209 741/158/211
f 716/199/274 715/160/275 741/158/211
f 741/158/211 742/157/213 716/199/274
f 717/198/273 716/199/274 742/157/213
f 742/157/213 743/156/215 717/198/273
f 718/197/272 717/198/273 743/156/215
f 743/156/215 744/155/217 718/197/272
f 719/196/433 718/197/272 744/155/217
f 744/155/217 745/154/219 719/196/433
f 720/195/432 719/196/433 745/154/219
f 745/154/219 746/153/221 720/195/432
f 721/194/269 720/195/432 746/153/221
f 746/153/221 747/152/223 721/194/269
f 722/193/268 721/194/269 747/152/223
f 747/152/223 748/151/225 722/193/268
f 723/192/431 722/193/268 748/151/225
f 748/151/225 749/150/227 723/192/431
f 724/191/266 723/192/431 749/150/227
f 749/150/227 750/149/229 724/191/266
f 725/190/265 724/191/266 750/149/229
f 750/149/229 751/148/231 725/190/265
f 726/189/264 725/190/265 751/148/231
f 751/148/231 752/147/233 726/189/264
f 727/188/263 726/189/264 752/147/233
f 752/147/233 753/146/235 727/188/263
f 728/187/430 727/188/263 753/146/235
f 753/146/235 754/145/237 728/187/430
f 729/186/261 728/187/430 754/145/237
f 754/145/237 755/144/239 729/186/261
f 730/185/260 729/186/261 755/144/239
f 755/144/239 756/143/425 730/185/260
f 731/184/259 730/185/260 756/143/425
f 756/143/425 757/142/243 731/184/259
f 732/183/258 731/184/259 757/142/243
f 757/142/243 758/141/245 732/183/258
f 733/182/257 732/183/258 758/141/245
f 758/141/245 759/140/247 733/182/257
f 734/181/256 733/182/257 759/140/247
f 759/140/247 760/139/427 734/181/256
f 735/138/255 734/181/256 760/139/427
f 760/139/427 761/10/251 735/138/255
f 736/8/429 735/138/255 761/10/251
f 790/81/434 788/84/277 789/82/278
f 791/79/279 790/81/434 789/82/278
f 789/82/278 838/83/280 791/79/279
f 792/78/281 790/81/434 791/79/279
f 793/76/282 792/78/281 791/79/279
f 791/79/279 839/80/280 793/76/282
f 794/75/283 792/78/281 793/76/282
f 795/73/284 794/75/283 793/76/282
f 793/76/282 840/77/280 795/73/284
f 796/72/285 794/75/283 795/73/284
f 797/70/286 796/72/285 795/73/284
f 795/73/284 841/74/280 797/70/286
f 798/69/287 796/72/285 797/70/286
f 799/67/288 798/69/287 797/70/286
f 797/70/286 842/71/280 799/67/288
f 800/66/289 798/69/287 799/67/288
f 801/64/290 800/66/289 799/67/288
f 799/67/288 843/68/280 801/64/290
f 802/63/291 800/66/289 801/64/290
f 803/61/292 802/63/291 801/64/290
f 801/64/290 844/65/280 803/61/292
f 804/60/293 802/63/291 803/61/292
f 805/58/294 804/60/293 803/61/292
f 803/61/292 845/62/280 805/58/294
f 806/57/435 804/60/293 805/58/294
f 807/55/296 806/57/435 805/58/294
f 805/58/294 846/59/280 807/55/296
f 808/54/297 806/57/435 807/55/296
f 809/52/436 808/54/297 807/55/296
f 807/55/296 847/56/280 809/52/436
f 810/51/299 808/54/297 809/52/436
f 811/49/300 810/51/299 809/52/436
f 809/52/436 848/53/280 811/49/300
f 812/48/301 810/51/299 811/49/300
f 813/46/437 812/48/301 811/49/300
f 811/49/300 849/50/280 813/46/437
f 814/45/438 812/48/301 813/46/437
f 815/43/304 814/45/438 813/46/437
f 813/46/437 850/47/280 815/43/304
f 816/42/305 814/45/438 815/43/304
f 817/40/306 816/42/305 815/43/304
f 815/43/304 851/44/280 817/40/306
f 818/39/439 816/42/305 817/40/306
f 819/37/308 818/39/439 817/40/306
f 817/40/306 852/41/280 819/37/308
f 820/36/309 818/39/439 819/37/308
f 821/34/310 820/36/309 819/37/308
f 819/37/308 853/38/280 821/34/310
f 822/33/440 820/36/309 821/34/310
f 823/31/312 822/33/440 821/34/310
f 821/34/310 854/35/280 823/31/312
f 824/30/313 822/33/440 823/31/312
f 825/28/314 824/30/313 823/31/312
f 823/31/312 855/32/280 825/28/314
f 826/27/441 824/30/313 825/28/314
f 827/25/316 826/27/441 825/28/314
f 825/28/314 856/29/280 827/25/316
f 828/24/317 826/27/441 827/25/316
f 829/22/318 828/24/317 827/25/316
f 827/25/316 857/26/280 829/22/318
f 830/21/319 828/24/317 829/22/318
f 831/19/320 830/21/319 829/22/318
f 829/22/318 858/23/280 831/19/320
f 832/18/321 830/21/319 831/19/320
f 833/16/322 832/18/321 831/19/320
f 831/19/320 859/20/280 833/16/322
f 834/12/323 832/18/321 833/16/322
f 835/13/324 834/12/323 833/16/322
f 833/16/322 860/17/280 835/13/324
f 836/11/325 834/12/323 835/13/324
f 837/14/326 836/11/325 835/13/324
f 835/13/324 861/15/280 837/14/326
f 868/116/327 866/110/341 867/200/329
f 867/200/329 869/201/442 868/116/327
f 871/201/443 867/200/332 870/202/444
f 872/203/445 871/201/443 870/202/444
f 870/202/444 873/204/446 872/203/445
f 874/205/447 872/203/445 873/204/446
f 873/204/446 875/206/337 874/205/447
f 876/207/346 874/205/447 875/206/337
f 871/201/443 872/203/445 886/122/339
f 886/122/339 885/116/340 871/201/443
f 881/208/448 883/209/329 884/210/341
f 884/210/341 882/211/449 881/208/448
f 862/212/450 881/208/448 882/211/449
f 882/211/449 863/213/344 862/212/450
f 864/214/337 862/212/450 863/213/344
f 863/213/344 865/215/451 864/214/337
f 877/216/338 864/214/337 865/215/451
f 865/215/451 878/217/347 877/216/338
f 879/218/336 877/216/338 878/217/347
f 878/217/347 880/219/348 879/218/336
f 887/220/349 879/218/336 880/219/348
f 880/219/348 888/221/339 887/220/349
f 913/14/351 914/11/352 912/18/452
f 911/16/354 913/14/351 912/18/452
f 912/18/452 910/24/355 911/16/354
f 909/22/453 911/16/354 910/24/355
f 910/24/355 908/30/454 909/22/453
f 907/28/358 909/22/453 908/30/454
f 908/30/454 906/36/359 907/28/358
f 905/34/360 907/28/358 906/36/359
f 906/36/359 904/42/361 905/34/360
f 903/40/362 905/34/360 904/42/361
f 904/42/361 902/48/363 903/40/362
f 901/46/364 903/40/362 902/48/363
f 902/48/363 900/54/455 901/46/364
f 899/52/366 901/46/364 900/54/455
f 900/54/455 898/60/367 899/52/366
f 897/58/368 899/52/366 898/60/367
f 898/60/367 896/66/456 897/58/368
f 895/64/370 897/58/368 896/66/456
f 896/66/456 894/72/371 895/64/370
f 893/70/372 895/64/370 894/72/371
f 894/72/371 892/78/373 893/70/372
f 890/76/457 893/70/372 892/78/373
f 892/78/373 891/84/375 890/76/457
f 891/84/375 889/82/376 890/76/457
f 915/83/1 890/76/457 889/82/376
f 890/76/457 916/77/1 893/70/372
f 893/70/372 917/71/1 895/64/370
f 895/64/370 918/65/1 897/58/368
f 897/58/368 919/59/1 899/52/366
f 899/52/366 920/53/1 901/46/364
f 901/46/364 921/47/1 903/40/362
f 903/40/362 922/41/1 905/34/360
f 905/34/360 923/35/1 907/28/358
f 907/28/358 924/29/1 909/22/453
f 909/22/453 925/23/1 911/16/354
f 911/16/354 926/17/1 913/14/351
f 973/1/1 975/2/1 976/3/66
f 974/4/3 973/1/1 976/3/66
f 976/3/66 1025/5/4 974/4/3
f 1023/6/5 974/4/3 1025/5/4
f 1025/5/4 1026/7/6 1023/6/5
f 1024/8/7 1023/6/5 1026/7/6
f 1026/7/6 1051/9/8 1024/8/7
f 1050/10/9 1024/8/7 1051/9/8
f 1051/9/8 1076/11/10 1050/10/9
f 1075/12/11 1050/10/9 1076/11/10
f 1100/13/12 1075/12/11 1076/11/10
f 1076/11/10 1101/14/58 1100/13/12
f 1125/15/1 1100/13/12 1101/14/58
f 1099/16/14 1075/12/11 1100/13/12
f 1100/13/12 1124/17/1 1099/16/14
f 1074/18/15 1075/12/11 1099/16/14
f 1098/19/16 1074/18/15 1099/16/14
f 1099/16/14 1123/20/1 1098/19/16
f 1073/21/378 1074/18/15 1098/19/16
f 1097/22/18 1073/21/378 1098/19/16
f 1098/19/16 1122/23/1 1097/22/18
f 1072/24/19 1073/21/378 1097/22/18
f 1096/25/20 1072/24/19 1097/22/18
f 1097/22/18 1121/26/1 1096/25/20
f 1071/27/21 1072/24/19 1096/25/20
f 1095/28/22 1071/27/21 1096/25/20
f 1096/25/20 1120/29/1 1095/28/22
f 1070/30/23 1071/27/21 1095/28/22
f 1094/31/458 1070/30/23 1095/28/22
f 1095/28/22 1119/32/1 1094/31/458
f 1069/33/25 1070/30/23 1094/31/458
f 1093/34/26 1069/33/25 1094/31/458
f 1094/31/458 1118/35/1 1093/34/26
f 1068/36/27 1069/33/25 1093/34/26
f 1092/37/28 1068/36/27 1093/34/26
f 1093/34/26 1117/38/1 1092/37/28
f 1067/39/380 1068/36/27 1092/37/28
f 1091/40/30 1067/39/380 1092/37/28
f 1092/37/28 1116/41/1 1091/40/30
f 1066/42/31 1067/39/380 1091/40/30
f 1090/43/32 1066/42/31 1091/40/30
f 1091/40/30 1115/44/1 1090/43/32
f 1065/45/33 1066/42/31 1090/43/32
f 1089/46/459 1065/45/33 1090/43/32
f 1090/43/32 1114/47/1 1089/46/459
f 1064/48/381 1065/45/33 1089/46/459
f 1088/49/36 1064/48/381 1089/46/459
f 1089/46/459 1113/50/1 1088/49/36
f 1063/51/37 1064/48/381 1088/49/36
f 1087/52/38 1063/51/37 1088/49/36
f 1088/49/36 1112/53/1 1087/52/38
f 1062/54/39 1063/51/37 1087/52/38
f 1086/55/40 1062/54/39 1087/52/38
f 1087/52/38 1111/56/1 1086/55/40
f 1061/57/41 1062/54/39 1086/55/40
f 1085/58/42 1061/57/41 1086/55/40
f 1086/55/40 1110/59/1 1085/58/42
f 1060/60/43 1061/57/41 1085/58/42
f 1084/61/44 1060/60/43 1085/58/42
f 1085/58/42 1109/62/1 1084/61/44
f 1059/63/45 1060/60/43 1084/61/44
f 1083/64/46 1059/63/45 1084/61/44
f 1084/61/44 1108/65/1 1083/64/46
f 1058/66/47 1059/63/45 1083/64/46
f 1082/67/48 1058/66/47 1083/64/46
f 1083/64/46 1107/68/1 1082/67/48
f 1057/69/49 1058/66/47 1082/67/48
f 1081/70/384 1057/69/49 1082/67/48
f 1082/67/48 1106/71/1 1081/70/384
f 1056/72/460 1057/69/49 1081/70/384
f 1080/73/52 1056/72/460 1081/70/384
f 1081/70/384 1105/74/1 1080/73/52
f 1055/75/53 1056/72/460 1080/73/52
f 1079/76/54 1055/75/53 1080/73/52
f 1080/73/52 1104/77/1 1079/76/54
f 1054/78/55 1055/75/53 1079/76/54
f 1078/79/56 1054/78/55 1079/76/54
f 1079/76/54 1103/80/1 1078/79/56
f 1052/81/57 1054/78/55 1078/79/56
f 1077/82/58 1052/81/57 1078/79/56
f 1078/79/56 1102/83/1 1077/82/58
f 1052/81/57 1077/82/58 1053/84/461
f 1053/84/461 1028/85/462 1052/81/57
f 1027/86/61 1052/81/57 1028/85/462
f 1028/85/462 980/87/387 1027/86/61
f 978/88/388 1027/86/61 980/87/387
f 980/87/387 979/89/64 978/88/388
f 977/90/65 978/88/388 979/89/64
f 979/89/64 930/91/66 977/90/65
f 928/92/67 977/90/65 930/91/66
f 930/91/66 929/93/1 928/92/67
f 929/93/1 927/94/1 928/92/67
f 932/95/68 928/92/67 927/94/1
f 927/94/1 931/96/1 932/95/68
f 934/97/69 932/95/68 931/96/1
f 931/96/1 933/98/1 934/97/69
f 936/99/70 934/97/69 933/98/1
f 933/98/1 935/100/1 936/99/70
f 938/101/390 936/99/70 935/100/1
f 935/100/1 937/102/1 938/101/390
f 940/103/72 938/101/390 937/102/1
f 937/102/1 939/104/1 940/103/72
f 942/105/391 940/103/72 939/104/1
f 939/104/1 941/106/1 942/105/391
f 944/107/463 942/105/391 941/106/1
f 941/106/1 943/108/1 944/107/463
f 946/109/75 944/107/463 943/108/1
f 943/108/1 945/110/1 946/109/75
f 948/111/76 946/109/75 945/110/1
f 945/110/1 947/112/1 948/111/76
f 950/113/77 948/111/76 947/112/1
f 947/112/1 949/114/1 950/113/77
f 952/115/78 950/113/77 949/114/1
f 949/114/1 951/116/1 952/115/78
f 954/117/79 952/115/78 951/116/1
f 951/116/1 953/118/1 954/117/79
f 956/119/80 954/117/79 953/118/1
f 953/118/1 955/120/1 956/119/80
f 958/121/81 956/119/80 955/120/1
f 955/120/1 957/122/1 958/121/81
f 960/123/82 958/121/81 957/122/1
f 957/122/1 959/124/1 960/123/82
f 962/125/83 960/123/82 959/124/1
f 959/124/1 961/126/1 962/125/83
f 964/127/84 962/125/83 961/126/1
f 961/126/1 963/128/1 964/127/84
f 966/129/85 964/127/84 963/128/1
f 963/128/1 965/130/1 966/129/85
f 968/131/86 966/129/85 965/130/1
f 965/130/1 967/132/1 968/131/86
f 970/133/87 968/131/86 967/132/1
f 967/132/1 969/134/1 970/133/87
f 972/135/88 970/133/87 969/134/1
f 969/134/1 971/136/1 972/135/88
f 974/4/3 972/135/88 971/136/1
f 971/136/1 973/1/1 974/4/3
f 972/135/88 974/4/3 1023/6/5
f 1021/137/89 972/135/88 1023/6/5
f 1023/6/5 1024/8/7 1021/137/89
f 1022/138/90 1021/137/89 1024/8/7
f 1024/8/7 1050/10/9 1022/138/90
f 1049/139/394 1022/138/90 1050/10/9
f 1050/10/9 1075/12/11 1049/139/394
f 1075/12/11 1074/18/15 1049/139/394
f 1048/140/92 1049/139/394 1074/18/15
f 1074/18/15 1073/21/378 1048/140/92
f 1047/141/93 1048/140/92 1073/21/378
f 1073/21/378 1072/24/19 1047/141/93
f 1046/142/94 1047/141/93 1072/24/19
f 1072/24/19 1071/27/21 1046/142/94
f 1045/143/464 1046/142/94 1071/27/21
f 1071/27/21 1070/30/23 1045/143/464
f 1044/144/96 1045/143/464 1070/30/23
f 1070/30/23 1069/33/25 1044/144/96
f 1043/145/97 1044/144/96 1069/33/25
f 1069/33/25 1068/36/27 1043/145/97
f 1042/146/98 1043/145/97 1068/36/27
f 1068/36/27 1067/39/380 1042/146/98
f 1041/147/99 1042/146/98 1067/39/380
f 1067/39/380 1066/42/31 1041/147/99
f 1040/148/100 1041/147/99 1066/42/31
f 1066/42/31 1065/45/33 1040/148/100
f 1039/149/101 1040/148/100 1065/45/33
f 1065/45/33 1064/48/381 1039/149/101
f 1038/150/102 1039/149/101 1064/48/381
f 1064/48/381 1063/51/37 1038/150/102
f 1037/151/103 1038/150/102 1063/51/37
f 1063/51/37 1062/54/39 1037/151/103
f 1036/152/104 1037/151/103 1062/54/39
f 1062/54/39 1061/57/41 1036/152/104
f 1035/153/105 1036/152/104 1061/57/41
f 1061/57/41 1060/60/43 1035/153/105
f 1034/154/106 1035/153/105 1060/60/43
f 1060/60/43 1059/63/45 1034/154/106
f 1033/155/107 1034/154/106 1059/63/45
f 1059/63/45 1058/66/47 1033/155/107
f 1032/156/108 1033/155/107 1058/66/47
f 1058/66/47 1057/69/49 1032/156/108
f 1031/157/109 1032/156/108 1057/69/49
f 1057/69/49 1056/72/460 1031/157/109
f 1030/158/110 1031/157/109 1056/72/460
f 1056/72/460 1055/75/53 1030/158/110
f 1029/159/111 1030/158/110 1055/75/53
f 1055/75/53 1054/78/55 1029/159/111
f 1027/86/61 1029/159/111 1054/78/55
f 1054/78/55 1052/81/57 1027/86/61
f 1029/159/111 1027/86/61 978/88/388
f 982/160/112 1029/159/111 978/88/388
f 978/88/388 977/90/65 982/160/112
f 981/161/113 982/160/112 977/90/65
f 977/90/65 928/92/67 981/161/113
f 928/92/67 932/95/68 981/161/113
f 983/162/114 981/161/113 932/95/68
f 932/95/68 934/97/69 983/162/114
f 985/163/115 983/162/114 934/97/69
f 934/97/69 936/99/70 985/163/115
f 987/164/116 985/163/115 936/99/70
f 936/99/70 938/101/390 987/164/116
f 989/165/117 987/164/116 938/101/390
f 938/101/390 940/103/72 989/165/117
f 991/166/118 989/165/117 940/103/72
f 940/103/72 942/105/391 991/166/118
f 993/167/119 991/166/118 942/105/391
f 942/105/391 944/107/463 993/167/119
f 995/168/120 993/167/119 944/107/463
f 944/107/463 946/109/75 995/168/120
f 997/169/121 995/168/120 946/109/75
f 946/109/75 948/111/76 997/169/121
f 999/170/122 997/169/121 948/111/76
f 948/111/76 950/113/77 999/170/122
f 1001/171/123 999/170/122 950/113/77
f 950/113/77 952/115/78 1001/171/123
f 1003/172/124 1001/171/123 952/115/78
f 952/115/78 954/117/79 1003/172/124
f 1005/173/125 1003/172/124 954/117/79
f 954/117/79 956/119/80 1005/173/125
f 1007/174/126 1005/173/125 956/119/80
f 956/119/80 958/121/81 1007/174/126
f 1009/175/127 1007/174/126 958/121/81
f 958/121/81 960/123/82 1009/175/127
f 1011/176/128 1009/175/127 960/123/82
f 960/123/82 962/125/83 1011/176/128
f 1013/177/129 1011/176/128 962/125/83
f 962/125/83 964/127/84 1013/177/129
f 1015/178/465 1013/177/129 964/127/84
f 964/127/84 966/129/85 1015/178/465
f 1017/179/399 1015/178/465 966/129/85
f 966/129/85 968/131/86 1017/179/399
f 1019/180/132 1017/179/399 968/131/86
f 968/131/86 970/133/87 1019/180/132
f 1021/137/89 1019/180/132 970/133/87
f 970/133/87 972/135/88 1021/137/89
f 1019/180/132 1021/137/89 1022/138/90
f 1020/181/133 1019/180/132 1022/138/90
f 1022/138/90 1049/139/394 1020/181/133
f 1049/139/394 1048/140/92 1020/181/133
f 1018/182/134 1020/181/133 1048/140/92
f 1048/140/92 1047/141/93 1018/182/134
f 1016/183/135 1018/182/134 1047/141/93
f 1047/141/93 1046/142/94 1016/183/135
f 1014/184/136 1016/183/135 1046/142/94
f 1046/142/94 1045/143/464 1014/184/136
f 1012/185/137 1014/184/136 1045/143/464
f 1045/143/464 1044/144/96 1012/185/137
f 1010/186/138 1012/185/137 1044/144/96
f 1044/144/96 1043/145/97 1010/186/138
f 1008/187/139 1010/186/138 1043/145/97
f 1043/145/97 1042/146/98 1008/187/139
f 1006/188/140 1008/187/139 1042/146/98
f 1042/146/98 1041/147/99 1006/188/140
f 1004/189/141 1006/188/140 1041/147/99
f 1041/147/99 1040/148/100 1004/189/141
f 1002/190/142 1004/189/141 1040/148/100
f 1040/148/100 1039/149/101 1002/190/142
f 1000/191/143 1002/190/142 1039/149/101
f 1039/149/101 1038/150/102 1000/191/143
f 998/192/144 1000/191/143 1038/150/102
f 1038/150/102 1037/151/103 998/192/144
f 996/193/466 998/192/144 1037/151/103
f 1037/151/103 1036/152/104 996/193/466
f 994/194/146 996/193/466 1036/152/104
f 1036/152/104 1035/153/105 994/194/146
f 992/195/147 994/194/146 1035/153/105
f 1035/153/105 1034/154/106 992/195/147
f 990/196/148 992/195/147 1034/154/106
f 1034/154/106 1033/155/107 990/196/148
f 988/197/149 990/196/148 1033/155/107
f 1033/155/107 1032/156/108 988/197/149
f 986/198/150 988/197/149 1032/156/108
f 1032/156/108 1031/157/109 986/198/150
f 984/199/151 986/198/150 1031/157/109
f 1031/157/109 1030/158/110 984/199/151
f 982/160/112 984/199/151 1030/158/110
f 1030/158/110 1029/159/111 982/160/112
f 984/199/151 982/160/112 981/161/113
f 981/161/113 983/162/114 984/199/151
f 986/198/150 984/199/151 983/162/114
f 983/162/114 985/163/115 986/198/150
f 988/197/149 986/198/150 985/163/115
f 985/163/115 987/164/116 988/197/149
f 990/196/148 988/197/149 987/164/116
f 987/164/116 989/165/117 990/196/148
f 992/195/147 990/196/148 989/165/117
f 989/165/117 991/166/118 992/195/147
f 994/194/146 992/195/147 991/166/118
f 991/166/118 993/167/119 994/194/146
f 996/193/466 994/194/146 993/167/119
f 993/167/119 995/168/120 996/193/466
f 998/192/144 996/193/466 995/168/120
f 995/168/120 997/169/121 998/192/144
f 1000/191/143 998/192/144 997/169/121
f 997/169/121 999/170/122 1000/191/143
f 1002/190/142 1000/191/143 999/170/122
f 999/170/122 1001/171/123 1002/190/142
f 1004/189/141 1002/190/142 1001/171/123
f 1001/171/123 1003/172/124 1004/189/141
f 1006/188/140 1004/189/141 1003/172/124
f 1003/172/124 1005/173/125 1006/188/140
f 1008/187/139 1006/188/140 1005/173/125
f 1005/173/125 1007/174/126 1008/187/139
f 1010/186/138 1008/187/139 1007/174/126
f 1007/174/126 1009/175/127 1010/186/138
f 1012/185/137 1010/186/138 1009/175/127
f 1009/175/127 1011/176/128 1012/185/137
f 1014/184/136 1012/185/137 1011/176/128
f 1011/176/128 1013/177/129 1014/184/136
f 1016/183/135 1014/184/136 1013/177/129
f 1013/177/129 1015/178/465 1016/183/135
f 1018/182/134 1016/183/135 1015/178/465
f 1015/178/465 1017/179/399 1018/182/134
f 1020/181/133 1018/182/134 1017/179/399
f 1017/179/399 1019/180/132 1020/181/133
f 1175/5/152 1174/2/467 1172/1/154
f 1173/6/155 1175/5/152 1172/1/154
f 1172/1/154 1170/136/156 1173/6/155
f 1171/137/157 1173/6/155 1170/136/156
f 1170/136/156 1168/134/402 1171/137/157
f 1169/180/159 1171/137/157 1168/134/402
f 1168/134/402 1166/132/160 1169/180/159
f 1167/179/403 1169/180/159 1166/132/160
f 1166/132/160 1164/130/468 1167/179/403
f 1165/178/163 1167/179/403 1164/130/468
f 1164/130/468 1162/128/469 1165/178/163
f 1163/177/165 1165/178/163 1162/128/469
f 1162/128/469 1160/126/166 1163/177/165
f 1161/176/167 1163/177/165 1160/126/166
f 1160/126/166 1158/124/470 1161/176/167
f 1159/175/169 1161/176/167 1158/124/470
f 1158/124/470 1156/122/471 1159/175/169
f 1157/174/171 1159/175/169 1156/122/471
f 1156/122/471 1154/120/172 1157/174/171
f 1155/173/472 1157/174/171 1154/120/172
f 1154/120/172 1152/118/407 1155/173/472
f 1153/172/175 1155/173/472 1152/118/407
f 1152/118/407 1150/116/473 1153/172/175
f 1151/171/177 1153/172/175 1150/116/473
f 1150/116/473 1148/114/178 1151/171/177
f 1149/170/179 1151/171/177 1148/114/178
f 1148/114/178 1146/112/474 1149/170/179
f 1147/169/181 1149/170/179 1146/112/474
f 1146/112/474 1144/110/475 1147/169/181
f 1145/168/183 1147/169/181 1144/110/475
f 1144/110/475 1142/108/184 1145/168/183
f 1143/167/185 1145/168/183 1142/108/184
f 1142/108/184 1140/106/476 1143/167/185
f 1141/166/187 1143/167/185 1140/106/476
f 1140/106/476 1138/104/477 1141/166/187
f 1139/165/412 1141/166/187 1138/104/477
f 1138/104/477 1136/102/190 1139/165/412
f 1137/164/191 1139/165/412 1136/102/190
f 1136/102/190 1134/100/478 1137/164/191
f 1135/163/414 1137/164/191 1134/100/478
f 1134/100/478 1132/98/479 1135/163/414
f 1133/162/195 1135/163/414 1132/98/479
f 1132/98/479 1130/96/196 1133/162/195
f 1131/161/197 1133/162/195 1130/96/196
f 1130/96/196 1126/94/480 1131/161/197
f 1128/90/199 1131/161/197 1126/94/480
f 1126/94/480 1127/93/200 1128/90/199
f 1127/93/200 1129/89/481 1128/90/199
f 1176/88/202 1128/90/199 1129/89/481
f 1129/89/481 1177/87/203 1176/88/202
f 1201/86/204 1176/88/202 1177/87/203
f 1177/87/203 1202/85/205 1201/86/204
f 1226/81/482 1201/86/204 1202/85/205
f 1202/85/205 1227/84/207 1226/81/482
f 1201/86/204 1226/81/482 1228/78/208
f 1203/159/209 1201/86/204 1228/78/208
f 1228/78/208 1229/75/418 1203/159/209
f 1204/158/211 1203/159/209 1229/75/418
f 1229/75/418 1230/72/212 1204/158/211
f 1205/157/213 1204/158/211 1230/72/212
f 1230/72/212 1231/69/214 1205/157/213
f 1206/156/215 1205/157/213 1231/69/214
f 1231/69/214 1232/66/483 1206/156/215
f 1207/155/217 1206/156/215 1232/66/483
f 1232/66/483 1233/63/218 1207/155/217
f 1208/154/219 1207/155/217 1233/63/218
f 1233/63/218 1234/60/220 1208/154/219
f 1209/153/221 1208/154/219 1234/60/220
f 1234/60/220 1235/57/222 1209/153/221
f 1210/152/223 1209/153/221 1235/57/222
f 1235/57/222 1236/54/224 1210/152/223
f 1211/151/225 1210/152/223 1236/54/224
f 1236/54/224 1237/51/484 1211/151/225
f 1212/150/227 1211/151/225 1237/51/484
f 1237/51/484 1238/48/228 1212/150/227
f 1213/149/229 1212/150/227 1238/48/228
f 1238/48/228 1239/45/230 1213/149/229
f 1214/148/231 1213/149/229 1239/45/230
f 1239/45/230 1240/42/232 1214/148/231
f 1215/147/233 1214/148/231 1240/42/232
f 1240/42/232 1241/39/234 1215/147/233
f 1216/146/235 1215/147/233 1241/39/234
f 1241/39/234 1242/36/236 1216/146/235
f 1217/145/237 1216/146/235 1242/36/236
f 1242/36/236 1243/33/485 1217/145/237
f 1218/144/239 1217/145/237 1243/33/485
f 1243/33/485 1244/30/240 1218/144/239
f 1219/143/425 1218/144/239 1244/30/240
f 1244/30/240 1245/27/242 1219/143/425
f 1220/142/486 1219/143/425 1245/27/242
f 1245/27/242 1246/24/244 1220/142/486
f 1221/141/245 1220/142/486 1246/24/244
f 1246/24/244 1247/21/487 1221/141/245
f 1222/140/247 1221/141/245 1247/21/487
f 1247/21/487 1248/18/248 1222/140/247
f 1223/139/249 1222/140/247 1248/18/248
f 1248/18/248 1249/12/250 1223/139/249
f 1224/10/251 1223/139/249 1249/12/250
f 1249/12/250 1250/11/207 1224/10/251
f 1250/11/207 1225/9/252 1224/10/251
f 1199/8/429 1224/10/251 1225/9/252
f 1225/9/252 1200/7/254 1199/8/429
f 1173/6/155 1199/8/429 1200/7/254
f 1200/7/254 1175/5/152 1173/6/155
f 1199/8/429 1173/6/155 1171/137/157
f 1198/138/255 1199/8/429 1171/137/157
f 1171/137/157 1169/180/159 1198/138/255
f 1197/181/256 1198/138/255 1169/180/159
f 1169/180/159 1167/179/403 1197/181/256
f 1196/182/257 1197/181/256 1167/179/403
f 1167/179/403 1165/178/163 1196/182/257
f 1195/183/488 1196/182/257 1165/178/163
f 1165/178/163 1163/177/165 1195/183/488
f 1194/184/259 1195/183/488 1163/177/165
f 1163/177/165 1161/176/167 1194/184/259
f 1193/185/260 1194/184/259 1161/176/167
f 1161/176/167 1159/175/169 1193/185/260
f 1192/186/261 1193/185/260 1159/175/169
f 1159/175/169 1157/174/171 1192/186/261
f 1191/187/430 1192/186/261 1157/174/171
f 1157/174/171 1155/173/472 1191/187/430
f 1190/188/263 1191/187/430 1155/173/472
f 1155/173/472 1153/172/175 1190/188/263
f 1189/189/489 1190/188/263 1153/172/175
f 1153/172/175 1151/171/177 1189/189/489
f 1188/190/265 1189/189/489 1151/171/177
f 1151/171/177 1149/170/179 1188/190/265
f 1187/191/266 1188/190/265 1149/170/179
f 1149/170/179 1147/169/181 1187/191/266
f 1186/192/431 1187/191/266 1147/169/181
f 1147/169/181 1145/168/183 1186/192/431
f 1185/193/490 1186/192/431 1145/168/183
f 1145/168/183 1143/167/185 1185/193/490
f 1184/194/269 1185/193/490 1143/167/185
f 1143/167/185 1141/166/187 1184/194/269
f 1183/195/432 1184/194/269 1141/166/187
f 1141/166/187 1139/165/412 1183/195/432
f 1182/196/433 1183/195/432 1139/165/412
f 1139/165/412 1137/164/191 1182/196/433
f 1181/197/272 1182/196/433 1137/164/191
f 1137/164/191 1135/163/414 1181/197/272
f 1180/198/273 1181/197/272 1135/163/414
f 1135/163/414 1133/162/195 1180/198/273
f 1179/199/274 1180/198/273 1133/162/195
f 1133/162/195 1131/161/197 1179/199/274
f 1178/160/275 1179/199/274 1131/161/197
f 1131/161/197 1128/90/199 1178/160/275
f 1128/90/199 1176/88/202 1178/160/275
f 1203/159/209 1178/160/275 1176/88/202
f 1176/88/202 1201/86/204 1203/159/209
f 1178/160/275 1203/159/209 1204/158/211
f 1179/199/274 1178/160/275 1204/158/211
f 1204/158/211 1205/157/213 1179/199/274
f 1180/198/273 1179/199/274 1205/157/213
f 1205/157/213 1206/156/215 1180/198/273
f 1181/197/272 1180/198/273 1206/156/215
f 1206/156/215 1207/155/217 1181/197/272
f 1182/196/433 1181/197/272 1207/155/217
f 1207/155/217 1208/154/219 1182/196/433
f 1183/195/432 1182/196/433 1208/154/219
f 1208/154/219 1209/153/221 1183/195/432
f 1184/194/269 1183/195/432 1209/153/221
f 1209/153/221 1210/152/223 1184/194/269
f 1185/193/490 1184/194/269 1210/152/223
f 1210/152/223 1211/151/225 1185/193/490
f 1186/192/431 1185/193/490 1211/151/225
f 1211/151/225 1212/150/227 1186/192/431
f 1187/191/266 1186/192/431 1212/150/227
f 1212/150/227 1213/149/229 1187/191/266
f 1188/190/265 1187/191/266 1213/149/229
f 1213/149/229 1214/148/231 1188/190/265
f 1189/189/489 1188/190/265 1214/148/231
f 1214/148/231 1215/147/233 1189/189/489
f 1190/188/263 1189/189/489 1215/147/233
f 1215/147/233 1216/146/235 1190/188/263
f 1191/187/430 1190/188/263 1216/146/235
f 1216/146/235 1217/145/237 1191/187/430
f 1192/186/261 1191/187/430 1217/145/237
f 1217/145/237 1218/144/239 1192/186/261
f 1193/185/260 1192/186/261 1218/144/239
f 1218/144/239 1219/143/425 1193/185/260
f 1194/184/259 1193/185/260 1219/143/425
f 1219/143/425 1220/142/486 1194/184/259
f 1195/183/488 1194/184/259 1220/142/486
f 1220/142/486 1221/141/245 1195/183/488
f 1196/182/257 1195/183/488 1221/141/245
f 1221/141/245 1222/140/247 1196/182/257
f 1197/181/256 1196/182/257 1222/140/247
f 1222/140/247 1223/139/249 1197/181/256
f 1198/138/255 1197/181/256 1223/139/249
f 1223/139/249 1224/10/251 1198/138/255
f 1199/8/429 1198/138/255 1224/10/251
f 1253/81/491 1251/84/277 1252/82/278
f 1254/79/279 1253/81/491 1252/82/278
f 1252/82/278 1301/83/280 1254/79/279
f 1255/78/281 1253/81/491 1254/79/279
f 1256/76/282 1255/78/281 1254/79/279
f 1254/79/279 1302/80/280 1256/76/282
f 1257/75/492 1255/78/281 1256/76/282
f 1258/73/284 1257/75/492 1256/76/282
f 1256/76/282 1303/77/280 1258/73/284
f 1259/72/493 1257/75/492 1258/73/284
f 1260/70/286 1259/72/493 1258/73/284
f 1258/73/284 1304/74/280 1260/70/286
f 1261/69/494 1259/72/493 1260/70/286
f 1262/67/288 1261/69/494 1260/70/286
f 1260/70/286 1305/71/280 1262/67/288
f 1263/66/495 1261/69/494 1262/67/288
f 1264/64/496 1263/66/495 1262/67/288
f 1262/67/288 1306/68/280 1264/64/496
f 1265/63/497 1263/66/495 1264/64/496
f 1266/61/292 1265/63/497 1264/64/496
f 1264/64/496 1307/65/280 1266/61/292
f 1267/60/293 1265/63/497 1266/61/292
f 1268/58/294 1267/60/293 1266/61/292
f 1266/61/292 1308/62/280 1268/58/294
f 1269/57/498 1267/60/293 1268/58/294
f 1270/55/296 1269/57/498 1268/58/294
f 1268/58/294 1309/59/280 1270/55/296
f 1271/54/499 1269/57/498 1270/55/296
f 1272/52/436 1271/54/499 1270/55/296
f 1270/55/296 1310/56/280 1272/52/436
f 1273/51/299 1271/54/499 1272/52/436
f 1274/49/300 1273/51/299 1272/52/436
f 1272/52/436 1311/53/280 1274/49/300
f 1275/48/301 1273/51/299 1274/49/300
f 1276/46/437 1275/48/301 1274/49/300
f 1274/49/300 1312/50/280 1276/46/437
f 1277/45/500 1275/48/301 1276/46/437
f 1278/43/304 1277/45/500 1276/46/437
f 1276/46/437 1313/47/280 1278/43/304
f 1279/42/305 1277/45/500 1278/43/304
f 1280/40/306 1279/42/305 1278/43/304
f 1278/43/304 1314/44/280 1280/40/306
f 1281/39/307 1279/42/305 1280/40/306
f 1282/37/308 1281/39/307 1280/40/306
f 1280/40/306 1315/41/280 1282/37/308
f 1283/36/309 1281/39/307 1282/37/308
f 1284/34/310 1283/36/309 1282/37/308
f 1282/37/308 1316/38/280 1284/34/310
f 1285/33/311 1283/36/309 1284/34/310
f 1286/31/312 1285/33/311 1284/34/310
f 1284/34/310 1317/35/280 1286/31/312
f 1287/30/501 1285/33/311 1286/31/312
f 1288/28/314 1287/30/501 1286/31/312
f 1286/31/312 1318/32/280 1288/28/314
f 1289/27/502 1287/30/501 1288/28/314
f 1290/25/316 1289/27/502 1288/28/314
f 1288/28/314 1319/29/280 1290/25/316
f 1291/24/317 1289/27/502 1290/25/316
f 1292/22/318 1291/24/317 1290/25/316
f 1290/25/316 1320/26/280 1292/22/318
f 1293/21/503 1291/24/317 1292/22/318
f 1294/19/320 1293/21/503 1292/22/318
f 1292/22/318 1321/23/280 1294/19/320
f 1295/18/321 1293/21/503 1294/19/320
f 1296/16/322 1295/18/321 1294/19/320
f 1294/19/320 1322/20/280 1296/16/322
f 1297/12/323 1295/18/321 1296/16/322
f 1298/13/324 1297/12/323 1296/16/322
f 1296/16/322 1323/17/280 1298/13/324
f 1299/11/325 1297/12/323 1298/13/324
f 1300/14/326 1299/11/325 1298/13/324
f 1298/13/324 1324/15/280 1300/14/326
f 1331/116/327 1329/110/504 1330/200/329
f 1330/200/329 1332/201/442 1331/116/327
f 1334/201/442 1330/200/332 1333/202/444
f 1335/203/445 1334/201/442 1333/202/444
f 1333/202/444 1336/204/446 1335/203/445
f 1337/205/447 1335/203/445 1336/204/446
f 1336/204/446 1338/206/337 1337/205/447
f 1339/207/338 1337/205/447 1338/206/337
f 1334/201/442 1335/203/445 1349/122/339
f 1349/122/339 1348/116/340 1334/201/442
f 1344/208/448 1346/209/329 1347/210/341
f 1347/210/341 1345/211/449 1344/208/448
f 1325/212/450 1344/208/448 1345/211/449
f 1345/211/449 1326/213/344 1325/212/450
f 1327/214/505 1325/212/450 1326/213/344
f 1326/213/344 1328/215/451 1327/214/505
f 1340/216/506 1327/214/505 1328/215/451
f 1328/215/451 1341/217/347 1340/216/506
f 1342/218/336 1340/216/506 1341/217/347
f 1341/217/347 1343/219/348 1342/218/336
f 1350/220/349 1342/218/336 1343/219/348
f 1343/219/348 1351/221/339 1350/220/349
f 1376/14/351 1377/11/352 1375/18/507
f 1374/16/354 1376/14/351 1375/18/507
f 1375/18/507 1373/24/355 1374/16/354
f 1372/22/453 1374/16/354 1373/24/355
f 1373/24/355 1371/30/508 1372/22/453
f 1370/28/358 1372/22/453 1371/30/508
f 1371/30/508 1369/36/509 1370/28/358
f 1368/34/360 1370/28/358 1369/36/509
f 1369/36/509 1367/42/361 1368/34/360
f 1366/40/362 1368/34/360 1367/42/361
f 1367/42/361 1365/48/510 1366/40/362
f 1364/46/364 1366/40/362 1365/48/510
f 1365/48/510 1363/54/455 1364/46/364
f 1362/52/366 1364/46/364 1363/54/455
f 1363/54/455 1361/60/367 1362/52/366
f 1360/58/368 1362/52/366 1361/60/367
f 1361/60/367 1359/66/511 1360/58/368
f 1358/64/370 1360/58/368 1359/66/511
f 1359/66/511 1357/72/512 1358/64/370
f 1356/70/372 1358/64/370 1357/72/512
f 1357/72/512 1355/78/373 1356/70/372
f 1353/76/457 1356/70/372 1355/78/373
f 1355/78/373 1354/84/375 1353/76/457
f 1354/84/375 1352/82/376 1353/76/457
f 1378/83/1 1353/76/457 1352/82/376
f 1353/76/457 1379/77/1 1356/70/372
f 1356/70/372 1380/71/1 1358/64/370
f 1358/64/370 1381/65/1 1360/58/368
f 1360/58/368 1382/59/1 1362/52/366
f 1362/52/366 1383/53/1 1364/46/364
f 1364/46/364 1384/47/1 1366/40/362
f 1366/40/362 1385/41/1 1368/34/360
f 1368/34/360 1386/35/1 1370/28/358
f 1370/28/358 1387/29/1 1372/22/453
f 1372/22/453 1388/23/1 1374/16/354
f 1374/16/354 1389/17/1 1376/14/351
f 1436/1/1 1438/2/1 1439/3/66
f 1437/4/3 1436/1/1 1439/3/66
f 1439/3/66 1488/5/4 1437/4/3
f 1486/6/5 1437/4/3 1488/5/4
f 1488/5/4 1489/7/6 1486/6/5
f 1487/8/7 1486/6/5 1489/7/6
f 1489/7/6 1514/9/8 1487/8/7
f 1513/10/9 1487/8/7 1514/9/8
f 1514/9/8 1539/11/10 1513/10/9
f 1538/12/11 1513/10/9 1539/11/10
f 1563/13/12 1538/12/11 1539/11/10
f 1539/11/10 1564/14/58 1563/13/12
f 1588/15/1 1563/13/12 1564/14/58
f 1562/16/14 1538/12/11 1563/13/12
f 1563/13/12 1587/17/1 1562/16/14
f 1537/18/15 1538/12/11 1562/16/14
f 1561/19/16 1537/18/15 1562/16/14
f 1562/16/14 1586/20/1 1561/19/16
f 1536/21/378 1537/18/15 1561/19/16
f 1560/22/18 1536/21/378 1561/19/16
f 1561/19/16 1585/23/1 1560/22/18
f 1535/24/19 1536/21/378 1560/22/18
f 1559/25/20 1535/24/19 1560/22/18
f 1560/22/18 1584/26/1 1559/25/20
f 1534/27/21 1535/24/19 1559/25/20
f 1558/28/22 1534/27/21 1559/25/20
f 1559/25/20 1583/29/1 1558/28/22
f 1533/30/23 1534/27/21 1558/28/22
f 1557/31/24 1533/30/23 1558/28/22
f 1558/28/22 1582/32/1 1557/31/24
f 1532/33/25 1533/30/23 1557/31/24
f 1556/34/26 1532/33/25 1557/31/24
f 1557/31/24 1581/35/1 1556/34/26
f 1531/36/379 1532/33/25 1556/34/26
f 1555/37/28 1531/36/379 1556/34/26
f 1556/34/26 1580/38/1 1555/37/28
f 1530/39/380 1531/36/379 1555/37/28
f 1554/40/30 1530/39/380 1555/37/28
f 1555/37/28 1579/41/1 1554/40/30
f 1529/42/31 1530/39/380 1554/40/30
f 1553/43/32 1529/42/31 1554/40/30
f 1554/40/30 1578/44/1 1553/43/32
f 1528/45/33 1529/42/31 1553/43/32
f 1552/46/34 1528/45/33 1553/43/32
f 1553/43/32 1577/47/1 1552/46/34
f 1527/48/381 1528/45/33 1552/46/34
f 1551/49/36 1527/48/381 1552/46/34
f 1552/46/34 1576/50/1 1551/49/36
f 1526/51/37 1527/48/381 1551/49/36
f 1550/52/38 1526/51/37 1551/49/36
f 1551/49/36 1575/53/1 1550/52/38
f 1525/54/39 1526/51/37 1550/52/38
f 1549/55/40 1525/54/39 1550/52/38
f 1550/52/38 1574/56/1 1549/55/40
f 1524/57/41 1525/54/39 1549/55/40
f 1548/58/42 1524/57/41 1549/55/40
f 1549/55/40 1573/59/1 1548/58/42
f 1523/60/43 1524/57/41 1548/58/42
f 1547/61/44 1523/60/43 1548/58/42
f 1548/58/42 1572/62/1 1547/61/44
f 1522/63/45 1523/60/43 1547/61/44
f 1546/64/46 1522/63/45 1547/61/44
f 1547/61/44 1571/65/1 1546/64/46
f 1521/66/47 1522/63/45 1546/64/46
f 1545/67/48 1521/66/47 1546/64/46
f 1546/64/46 1570/68/1 1545/67/48
f 1520/69/49 1521/66/47 1545/67/48
f 1544/70/384 1520/69/49 1545/67/48
f 1545/67/48 1569/71/1 1544/70/384
f 1519/72/460 1520/69/49 1544/70/384
f 1543/73/52 1519/72/460 1544/70/384
f 1544/70/384 1568/74/1 1543/73/52
f 1518/75/53 1519/72/460 1543/73/52
f 1542/76/54 1518/75/53 1543/73/52
f 1543/73/52 1567/77/1 1542/76/54
f 1517/78/55 1518/75/53 1542/76/54
f 1541/79/56 1517/78/55 1542/76/54
f 1542/76/54 1566/80/1 1541/79/56
f 1515/81/57 1517/78/55 1541/79/56
f 1540/82/58 1515/81/57 1541/79/56
f 1541/79/56 1565/83/1 1540/82/58
f 1515/81/57 1540/82/58 1516/84/461
f 1516/84/461 1491/85/386 1515/81/57
f 1490/86/61 1515/81/57 1491/85/386
f 1491/85/386 1443/87/387 1490/86/61
f 1441/88/388 1490/86/61 1443/87/387
f 1443/87/387 1442/89/64 1441/88/388
f 1440/90/65 1441/88/388 1442/89/64
f 1442/89/64 1393/91/66 1440/90/65
f 1391/92/67 1440/90/65 1393/91/66
f 1393/91/66 1392/93/1 1391/92/67
f 1392/93/1 1390/94/1 1391/92/67
f 1395/95/68 1391/92/67 1390/94/1
f 1390/94/1 1394/96/1 1395/95/68
f 1397/97/69 1395/95/68 1394/96/1
f 1394/96/1 1396/98/1 1397/97/69
f 1399/99/70 1397/97/69 1396/98/1
f 1396/98/1 1398/100/1 1399/99/70
f 1401/101/390 1399/99/70 1398/100/1
f 1398/100/1 1400/102/1 1401/101/390
f 1403/103/72 1401/101/390 1400/102/1
f 1400/102/1 1402/104/1 1403/103/72
f 1405/105/73 1403/103/72 1402/104/1
f 1402/104/1 1404/106/1 1405/105/73
f 1407/107/74 1405/105/73 1404/106/1
f 1404/106/1 1406/108/1 1407/107/74
f 1409/109/75 1407/107/74 1406/108/1
f 1406/108/1 1408/110/1 1409/109/75
f 1411/111/76 1409/109/75 1408/110/1
f 1408/110/1 1410/112/1 1411/111/76
f 1413/113/77 1411/111/76 1410/112/1
f 1410/112/1 1412/114/1 1413/113/77
f 1415/115/78 1413/113/77 1412/114/1
f 1412/114/1 1414/116/1 1415/115/78
f 1417/117/79 1415/115/78 1414/116/1
f 1414/116/1 1416/118/1 1417/117/79
f 1419/119/80 1417/117/79 1416/118/1
f 1416/118/1 1418/120/1 1419/119/80
f 1421/121/81 1419/119/80 1418/120/1
f 1418/120/1 1420/122/1 1421/121/81
f 1423/123/82 1421/121/81 1420/122/1
f 1420/122/1 1422/124/1 1423/123/82
f 1425/125/83 1423/123/82 1422/124/1
f 1422/124/1 1424/126/1 1425/125/83
f 1427/127/84 1425/125/83 1424/126/1
f 1424/126/1 1426/128/1 1427/127/84
f 1429/129/85 1427/127/84 1426/128/1
f 1426/128/1 1428/130/1 1429/129/85
f 1431/131/86 1429/129/85 1428/130/1
f 1428/130/1 1430/132/1 1431/131/86
f 1433/133/87 1431/131/86 1430/132/1
f 1430/132/1 1432/134/1 1433/133/87
f 1435/135/88 1433/133/87 1432/134/1
f 1432/134/1 1434/136/1 1435/135/88
f 1437/4/3 1435/135/88 1434/136/1
f 1434/136/1 1436/1/1 1437/4/3
f 1435/135/88 1437/4/3 1486/6/5
f 1484/137/89 1435/135/88 1486/6/5
f 1486/6/5 1487/8/7 1484/137/89
f 1485/138/90 1484/137/89 1487/8/7
f 1487/8/7 1513/10/9 1485/138/90
f 1512/139/394 1485/138/90 1513/10/9
f 1513/10/9 1538/12/11 1512/139/394
f 1538/12/11 1537/18/15 1512/139/394
f 1511/140/92 1512/139/394 1537/18/15
f 1537/18/15 1536/21/378 1511/140/92
f 1510/141/93 1511/140/92 1536/21/378
f 1536/21/378 1535/24/19 1510/141/93
f 1509/142/94 1510/141/93 1535/24/19
f 1535/24/19 1534/27/21 1509/142/94
f 1508/143/464 1509/142/94 1534/27/21
f 1534/27/21 1533/30/23 1508/143/464
f 1507/144/96 1508/143/464 1533/30/23
f 1533/30/23 1532/33/25 1507/144/96
f 1506/145/97 1507/144/96 1532/33/25
f 1532/33/25 1531/36/379 1506/145/97
f 1505/146/98 1506/145/97 1531/36/379
f 1531/36/379 1530/39/380 1505/146/98
f 1504/147/99 1505/146/98 1530/39/380
f 1530/39/380 1529/42/31 1504/147/99
f 1503/148/100 1504/147/99 1529/42/31
f 1529/42/31 1528/45/33 1503/148/100
f 1502/149/101 1503/148/100 1528/45/33
f 1528/45/33 1527/48/381 1502/149/101
f 1501/150/102 1502/149/101 1527/48/381
f 1527/48/381 1526/51/37 1501/150/102
f 1500/151/103 1501/150/102 1526/51/37
f 1526/51/37 1525/54/39 1500/151/103
f 1499/152/104 1500/151/103 1525/54/39
f 1525/54/39 1524/57/41 1499/152/104
f 1498/153/105 1499/152/104 1524/57/41
f 1524/57/41 1523/60/43 1498/153/105
f 1497/154/106 1498/153/105 1523/60/43
f 1523/60/43 1522/63/45 1497/154/106
f 1496/155/396 1497/154/106 1522/63/45
f 1522/63/45 1521/66/47 1496/155/396
f 1495/156/108 1496/155/396 1521/66/47
f 1521/66/47 1520/69/49 1495/156/108
f 1494/157/109 1495/156/108 1520/69/49
f 1520/69/49 1519/72/460 1494/157/109
f 1493/158/110 1494/157/109 1519/72/460
f 1519/72/460 1518/75/53 1493/158/110
f 1492/159/111 1493/158/110 1518/75/53
f 1518/75/53 1517/78/55 1492/159/111
f 1490/86/61 1492/159/111 1517/78/55
f 1517/78/55 1515/81/57 1490/86/61
f 1492/159/111 1490/86/61 1441/88/388
f 1445/160/112 1492/159/111 1441/88/388
f 1441/88/388 1440/90/65 1445/160/112
f 1444/161/113 1445/160/112 1440/90/65
f 1440/90/65 1391/92/67 1444/161/113
f 1391/92/67 1395/95/68 1444/161/113
f 1446/162/114 1444/161/113 1395/95/68
f 1395/95/68 1397/97/69 1446/162/114
f 1448/163/115 1446/162/114 1397/97/69
f 1397/97/69 1399/99/70 1448/163/115
f 1450/164/116 1448/163/115 1399/99/70
f 1399/99/70 1401/101/390 1450/164/116
f 1452/165/117 1450/164/116 1401/101/390
f 1401/101/390 1403/103/72 1452/165/117
f 1454/166/118 1452/165/117 1403/103/72
f 1403/103/72 1405/105/73 1454/166/118
f 1456/167/119 1454/166/118 1405/105/73
f 1405/105/73 1407/107/74 1456/167/119
f 1458/168/120 1456/167/119 1407/107/74
f 1407/107/74 1409/109/75 1458/168/120
f 1460/169/121 1458/168/120 1409/109/75
f 1409/109/75 1411/111/76 1460/169/121
f 1462/170/122 1460/169/121 1411/111/76
f 1411/111/76 1413/113/77 1462/170/122
f 1464/171/123 1462/170/122 1413/113/77
f 1413/113/77 1415/115/78 1464/171/123
f 1466/172/513 1464/171/123 1415/115/78
f 1415/115/78 1417/117/79 1466/172/513
f 1468/173/514 1466/172/513 1417/117/79
f 1417/117/79 1419/119/80 1468/173/514
f 1470/174/126 1468/173/514 1419/119/80
f 1419/119/80 1421/121/81 1470/174/126
f 1472/175/127 1470/174/126 1421/121/81
f 1421/121/81 1423/123/82 1472/175/127
f 1474/176/128 1472/175/127 1423/123/82
f 1423/123/82 1425/125/83 1474/176/128
f 1476/177/129 1474/176/128 1425/125/83
f 1425/125/83 1427/127/84 1476/177/129
f 1478/178/130 1476/177/129 1427/127/84
f 1427/127/84 1429/129/85 1478/178/130
f 1480/179/399 1478/178/130 1429/129/85
f 1429/129/85 1431/131/86 1480/179/399
f 1482/180/132 1480/179/399 1431/131/86
f 1431/131/86 1433/133/87 1482/180/132
f 1484/137/89 1482/180/132 1433/133/87
f 1433/133/87 1435/135/88 1484/137/89
f 1482/180/132 1484/137/89 1485/138/90
f 1483/181/133 1482/180/132 1485/138/90
f 1485/138/90 1512/139/394 1483/181/133
f 1512/139/394 1511/140/92 1483/181/133
f 1481/182/134 1483/181/133 1511/140/92
f 1511/140/92 1510/141/93 1481/182/134
f 1479/183/135 1481/182/134 1510/141/93
f 1510/141/93 1509/142/94 1479/183/135
f 1477/184/136 1479/183/135 1509/142/94
f 1509/142/94 1508/143/464 1477/184/136
f 1475/185/137 1477/184/136 1508/143/464
f 1508/143/464 1507/144/96 1475/185/137
f 1473/186/138 1475/185/137 1507/144/96
f 1507/144/96 1506/145/97 1473/186/138
f 1471/187/139 1473/186/138 1506/145/97
f 1506/145/97 1505/146/98 1471/187/139
f 1469/188/140 1471/187/139 1505/146/98
f 1505/146/98 1504/147/99 1469/188/140
f 1467/189/141 1469/188/140 1504/147/99
f 1504/147/99 1503/148/100 1467/189/141
f 1465/190/142 1467/189/141 1503/148/100
f 1503/148/100 1502/149/101 1465/190/142
f 1463/191/143 1465/190/142 1502/149/101
f 1502/149/101 1501/150/102 1463/191/143
f 1461/192/144 1463/191/143 1501/150/102
f 1501/150/102 1500/151/103 1461/192/144
f 1459/193/145 1461/192/144 1500/151/103
f 1500/151/103 1499/152/104 1459/193/145
f 1457/194/146 1459/193/145 1499/152/104
f 1499/152/104 1498/153/105 1457/194/146
f 1455/195/147 1457/194/146 1498/153/105
f 1498/153/105 1497/154/106 1455/195/147
f 1453/196/148 1455/195/147 1497/154/106
f 1497/154/106 1496/155/396 1453/196/148
f 1451/197/149 1453/196/148 1496/155/396
f 1496/155/396 1495/156/108 1451/197/149
f 1449/198/150 1451/197/149 1495/156/108
f 1495/156/108 1494/157/109 1449/198/150
f 1447/199/151 1449/198/150 1494/157/109
f 1494/157/109 1493/158/110 1447/199/151
f 1445/160/112 1447/199/151 1493/158/110
f 1493/158/110 1492/159/111 1445/160/112
f 1447/199/151 1445/160/112 1444/161/113
f 1444/161/113 1446/162/114 1447/199/151
f 1449/198/150 1447/199/151 1446/162/114
f 1446/162/114 1448/163/115 1449/198/150
f 1451/197/149 1449/198/150 1448/163/115
f 1448/163/115 1450/164/116 1451/197/149
f 1453/196/148 1451/197/149 1450/164/116
f 1450/164/116 1452/165/117 1453/196/148
f 1455/195/147 1453/196/148 1452/165/117
f 1452/165/117 1454/166/118 1455/195/147
f 1457/194/146 1455/195/147 1454/166/118
f 1454/166/118 1456/167/119 1457/194/146
f 1459/193/145 1457/194/146 1456/167/119
f 1456/167/119 1458/168/120 1459/193/145
f 1461/192/144 1459/193/145 1458/168/120
f 1458/168/120 1460/169/121 1461/192/144
f 1463/191/143 1461/192/144 1460/169/121
f 1460/169/121 1462/170/122 1463/191/143
f 1465/190/142 1463/191/143 1462/170/122
f 1462/170/122 1464/171/123 1465/190/142
f 1467/189/141 1465/190/142 1464/171/123
f 1464/171/123 1466/172/513 1467/189/141
f 1469/188/140 1467/189/141 1466/172/513
f 1466/172/513 1468/173/514 1469/188/140
f 1471/187/139 1469/188/140 1468/173/514
f 1468/173/514 1470/174/126 1471/187/139
f 1473/186/138 1471/187/139 1470/174/126
f 1470/174/126 1472/175/127 1473/186/138
f 1475/185/137 1473/186/138 1472/175/127
f 1472/175/127 1474/176/128 1475/185/137
f 1477/184/136 1475/185/137 1474/176/128
f 1474/176/128 1476/177/129 1477/184/136
f 1479/183/135 1477/184/136 1476/177/129
f 1476/177/129 1478/178/130 1479/183/135
f 1481/182/134 1479/183/135 1478/178/130
f 1478/178/130 1480/179/399 1481/182/134
f 1483/181/133 1481/182/134 1480/179/399
f 1480/179/399 1482/180/132 1483/181/133
f 1638/5/152 1637/2/153 1635/1/154
f 1636/6/155 1638/5/152 1635/1/154
f 1635/1/154 1633/136/515 1636/6/155
f 1634/137/157 1636/6/155 1633/136/515
f 1633/136/515 1631/134/402 1634/137/157
f 1632/180/159 1634/137/157 1631/134/402
f 1631/134/402 1629/132/160 1632/180/159
f 1630/179/403 1632/180/159 1629/132/160
f 1629/132/160 1627/130/404 1630/179/403
f 1628/178/163 1630/179/403 1627/130/404
f 1627/130/404 1625/128/516 1628/178/163
f 1626/177/165 1628/178/163 1625/128/516
f 1625/128/516 1623/126/166 1626/177/165
f 1624/176/167 1626/177/165 1623/126/166
f 1623/126/166 1621/124/517 1624/176/167
f 1622/175/169 1624/176/167 1621/124/517
f 1621/124/517 1619/122/471 1622/175/169
f 1620/174/171 1622/175/169 1619/122/471
f 1619/122/471 1617/120/172 1620/174/171
f 1618/173/472 1620/174/171 1617/120/172
f 1617/120/172 1615/118/407 1618/173/472
f 1616/172/175 1618/173/472 1615/118/407
f 1615/118/407 1613/116/473 1616/172/175
f 1614/171/177 1616/172/175 1613/116/473
f 1613/116/473 1611/114/178 1614/171/177
f 1612/170/179 1614/171/177 1611/114/178
f 1611/114/178 1609/112/518 1612/170/179
f 1610/169/181 1612/170/179 1609/112/518
f 1609/112/518 1607/110/182 1610/169/181
f 1608/168/183 1610/169/181 1607/110/182
f 1607/110/182 1605/108/184 1608/168/183
f 1606/167/410 1608/168/183 1605/108/184
f 1605/108/184 1603/106/519 1606/167/410
f 1604/166/187 1606/167/410 1603/106/519
f 1603/106/519 1601/104/520 1604/166/187
f 1602/165/412 1604/166/187 1601/104/520
f 1601/104/520 1599/102/190 1602/165/412
f 1600/164/191 1602/165/412 1599/102/190
f 1599/102/190 1597/100/521 1600/164/191
f 1598/163/193 1600/164/191 1597/100/521
f 1597/100/521 1595/98/522 1598/163/193
f 1596/162/195 1598/163/193 1595/98/522
f 1595/98/522 1593/96/196 1596/162/195
f 1594/161/197 1596/162/195 1593/96/196
f 1593/96/196 1589/94/198 1594/161/197
f 1591/90/199 1594/161/197 1589/94/198
f 1589/94/198 1590/93/200 1591/90/199
f 1590/93/200 1592/89/481 1591/90/199
f 1639/88/202 1591/90/199 1592/89/481
f 1592/89/481 1640/87/203 1639/88/202
f 1664/86/204 1639/88/202 1640/87/203
f 1640/87/203 1665/85/205 1664/86/204
f 1689/81/523 1664/86/204 1665/85/205
f 1665/85/205 1690/84/207 1689/81/523
f 1664/86/204 1689/81/523 1691/78/208
f 1666/159/209 1664/86/204 1691/78/208
f 1691/78/208 1692/75/418 1666/159/209
f 1667/158/211 1666/159/209 1692/75/418
f 1692/75/418 1693/72/212 1667/158/211
f 1668/157/524 1667/158/211 1693/72/212
f 1693/72/212 1694/69/525 1668/157/524
f 1669/156/215 1668/157/524 1694/69/525
f 1694/69/525 1695/66/216 1669/156/215
f 1670/155/217 1669/156/215 1695/66/216
f 1695/66/216 1696/63/218 1670/155/217
f 1671/154/219 1670/155/217 1696/63/218
f 1696/63/218 1697/60/220 1671/154/219
f 1672/153/221 1671/154/219 1697/60/220
f 1697/60/220 1698/57/420 1672/153/221
f 1673/152/223 1672/153/221 1698/57/420
f 1698/57/420 1699/54/224 1673/152/223
f 1674/151/225 1673/152/223 1699/54/224
f 1699/54/224 1700/51/421 1674/151/225
f 1675/150/227 1674/151/225 1700/51/421
f 1700/51/421 1701/48/526 1675/150/227
f 1676/149/229 1675/150/227 1701/48/526
f 1701/48/526 1702/45/527 1676/149/229
f 1677/148/231 1676/149/229 1702/45/527
f 1702/45/527 1703/42/232 1677/148/231
f 1678/147/233 1677/148/231 1703/42/232
f 1703/42/232 1704/39/528 1678/147/233
f 1679/146/235 1678/147/233 1704/39/528
f 1704/39/528 1705/36/236 1679/146/235
f 1680/145/237 1679/146/235 1705/36/236
f 1705/36/236 1706/33/424 1680/145/237
f 1681/144/239 1680/145/237 1706/33/424
f 1706/33/424 1707/30/240 1681/144/239
f 1682/143/425 1681/144/239 1707/30/240
f 1707/30/240 1708/27/529 1682/143/425
f 1683/142/243 1682/143/425 1708/27/529
f 1708/27/529 1709/24/244 1683/142/243
f 1684/141/245 1683/142/243 1709/24/244
f 1709/24/244 1710/21/246 1684/141/245
f 1685/140/247 1684/141/245 1710/21/246
f 1710/21/246 1711/18/248 1685/140/247
f 1686/139/249 1685/140/247 1711/18/248
f 1711/18/248 1712/12/530 1686/139/249
f 1687/10/251 1686/139/249 1712/12/530
f 1712/12/530 1713/11/207 1687/10/251
f 1713/11/207 1688/9/252 1687/10/251
f 1662/8/429 1687/10/251 1688/9/252
f 1688/9/252 1663/7/254 1662/8/429
f 1636/6/155 1662/8/429 1663/7/254
f 1663/7/254 1638/5/152 1636/6/155
f 1662/8/429 1636/6/155 1634/137/157
f 1661/138/255 1662/8/429 1634/137/157
f 1634/137/157 1632/180/159 1661/138/255
f 1660/181/256 1661/138/255 1632/180/159
f 1632/180/159 1630/179/403 1660/181/256
f 1659/182/257 1660/181/256 1630/179/403
f 1630/179/403 1628/178/163 1659/182/257
f 1658/183/258 1659/182/257 1628/178/163
f 1628/178/163 1626/177/165 1658/183/258
f 1657/184/259 1658/183/258 1626/177/165
f 1626/177/165 1624/176/167 1657/184/259
f 1656/185/260 1657/184/259 1624/176/167
f 1624/176/167 1622/175/169 1656/185/260
f 1655/186/261 1656/185/260 1622/175/169
f 1622/175/169 1620/174/171 1655/186/261
f 1654/187/430 1655/186/261 1620/174/171
f 1620/174/171 1618/173/472 1654/187/430
f 1653/188/263 1654/187/430 1618/173/472
f 1618/173/472 1616/172/175 1653/188/263
f 1652/189/264 1653/188/263 1616/172/175
f 1616/172/175 1614/171/177 1652/189/264
f 1651/190/265 1652/189/264 1614/171/177
f 1614/171/177 1612/170/179 1651/190/265
f 1650/191/266 1651/190/265 1612/170/179
f 1612/170/179 1610/169/181 1650/191/266
f 1649/192/431 1650/191/266 1610/169/181
f 1610/169/181 1608/168/183 1649/192/431
f 1648/193/268 1649/192/431 1608/168/183
f 1608/168/183 1606/167/410 1648/193/268
f 1647/194/269 1648/193/268 1606/167/410
f 1606/167/410 1604/166/187 1647/194/269
f 1646/195/432 1647/194/269 1604/166/187
f 1604/166/187 1602/165/412 1646/195/432
f 1645/196/433 1646/195/432 1602/165/412
f 1602/165/412 1600/164/191 1645/196/433
f 1644/197/272 1645/196/433 1600/164/191
f 1600/164/191 1598/163/193 1644/197/272
f 1643/198/273 1644/197/272 1598/163/193
f 1598/163/193 1596/162/195 1643/198/273
f 1642/199/531 1643/198/273 1596/162/195
f 1596/162/195 1594/161/197 1642/199/531
f 1641/160/275 1642/199/531 1594/161/197
f 1594/161/197 1591/90/199 1641/160/275
f 1591/90/199 1639/88/202 1641/160/275
f 1666/159/209 1641/160/275 1639/88/202
f 1639/88/202 1664/86/204 1666/159/209
f 1641/160/275 1666/159/209 1667/158/211
f 1642/199/531 1641/160/275 1667/158/211
f 1667/158/211 1668/157/524 1642/199/531
f 1643/198/273 1642/199/531 1668/157/524
f 1668/157/524 1669/156/215 1643/198/273
f 1644/197/272 1643/198/273 1669/156/215
f 1669/156/215 1670/155/217 1644/197/272
f 1645/196/433 1644/197/272 1670/155/217
f 1670/155/217 1671/154/219 1645/196/433
f 1646/195/432 1645/196/433 1671/154/219
f 1671/154/219 1672/153/221 1646/195/432
f 1647/194/269 1646/195/432 1672/153/221
f 1672/153/221 1673/152/223 1647/194/269
f 1648/193/268 1647/194/269 1673/152/223
f 1673/152/223 1674/151/225 1648/193/268
f 1649/192/431 1648/193/268 1674/151/225
f 1674/151/225 1675/150/227 1649/192/431
f 1650/191/266 1649/192/431 1675/150/227
f 1675/150/227 1676/149/229 1650/191/266
f 1651/190/265 1650/191/266 1676/149/229
f 1676/149/229 1677/148/231 1651/190/265
f 1652/189/264 1651/190/265 1677/148/231
f 1677/148/231 1678/147/233 1652/189/264
f 1653/188/263 1652/189/264 1678/147/233
f 1678/147/233 1679/146/235 1653/188/263
f 1654/187/430 1653/188/263 1679/146/235
f 1679/146/235 1680/145/237 1654/187/430
f 1655/186/261 1654/187/430 1680/145/237
f 1680/145/237 1681/144/239 1655/186/261
f 1656/185/260 1655/186/261 1681/144/239
f 1681/144/239 1682/143/425 1656/185/260
f 1657/184/259 1656/185/260 1682/143/425
f 1682/143/425 1683/142/243 1657/184/259
f 1658/183/258 1657/184/259 1683/142/243
f 1683/142/243 1684/141/245 1658/183/258
f 1659/182/257 1658/183/258 1684/141/245
f 1684/141/245 1685/140/247 1659/182/257
f 1660/181/256 1659/182/257 1685/140/247
f 1685/140/247 1686/139/249 1660/181/256
f 1661/138/255 1660/181/256 1686/139/249
f 1686/139/249 1687/10/251 1661/138/255
f 1662/8/429 1661/138/255 1687/10/251
f 1716/81/532 1714/84/277 1715/82/278
f 1717/79/279 1716/81/532 1715/82/278
f 1715/82/278 1764/83/280 1717/79/279
f 1718/78/281 1716/81/532 1717/79/279
f 1719/76/282 1718/78/281 1717/79/279
f 1717/79/279 1765/80/280 1719/76/282
f 1720/75/492 1718/78/281 1719/76/282
f 1721/73/284 1720/75/492 1719/76/282
f 1719/76/282 1766/77/280 1721/73/284
f 1722/72/533 1720/75/492 1721/73/284
f 1723/70/286 1722/72/533 1721/73/284
f 1721/73/284 1767/74/280 1723/70/286
f 1724/69/287 1722/72/533 1723/70/286
f 1725/67/288 1724/69/287 1723/70/286
f 1723/70/286 1768/71/280 1725/67/288
f 1726/66/289 1724/69/287 1725/67/288
f 1727/64/496 1726/66/289 1725/67/288
f 1725/67/288 1769/68/280 1727/64/496
f 1728/63/534 1726/66/289 1727/64/496
f 1729/61/292 1728/63/534 1727/64/496
f 1727/64/496 1770/65/280 1729/61/292
f 1730/60/293 1728/63/534 1729/61/292
f 1731/58/294 1730/60/293 1729/61/292
f 1729/61/292 1771/62/280 1731/58/294
f 1732/57/435 1730/60/293 1731/58/294
f 1733/55/296 1732/57/435 1731/58/294
f 1731/58/294 1772/59/280 1733/55/296
f 1734/54/297 1732/57/435 1733/55/296
f 1735/52/436 1734/54/297 1733/55/296
f 1733/55/296 1773/56/280 1735/52/436
f 1736/51/299 1734/54/297 1735/52/436
f 1737/49/300 1736/51/299 1735/52/436
f 1735/52/436 1774/53/280 1737/49/300
f 1738/48/301 1736/51/299 1737/49/300
f 1739/46/437 1738/48/301 1737/49/300
f 1737/49/300 1775/50/280 1739/46/437
f 1740/45/535 1738/48/301 1739/46/437
f 1741/43/304 1740/45/535 1739/46/437
f 1739/46/437 1776/47/280 1741/43/304
f 1742/42/305 1740/45/535 1741/43/304
f 1743/40/306 1742/42/305 1741/43/304
f 1741/43/304 1777/44/280 1743/40/306
f 1744/39/307 1742/42/305 1743/40/306
f 1745/37/308 1744/39/307 1743/40/306
f 1743/40/306 1778/41/280 1745/37/308
f 1746/36/309 1744/39/307 1745/37/308
f 1747/34/310 1746/36/309 1745/37/308
f 1745/37/308 1779/38/280 1747/34/310
f 1748/33/311 1746/36/309 1747/34/310
f 1749/31/312 1748/33/311 1747/34/310
f 1747/34/310 1780/35/280 1749/31/312
f 1750/30/536 1748/33/311 1749/31/312
f 1751/28/314 1750/30/536 1749/31/312
f 1749/31/312 1781/32/280 1751/28/314
f 1752/27/537 1750/30/536 1751/28/314
f 1753/25/316 1752/27/537 1751/28/314
f 1751/28/314 1782/29/280 1753/25/316
f 1754/24/317 1752/27/537 1753/25/316
f 1755/22/318 1754/24/317 1753/25/316
f 1753/25/316 1783/26/280 1755/22/318
f 1756/21/538 1754/24/317 1755/22/318
f 1757/19/320 1756/21/538 1755/22/318
f 1755/22/318 1784/23/280 1757/19/320
f 1758/18/321 1756/21/538 1757/19/320
f 1759/16/322 1758/18/321 1757/19/320
f 1757/19/320 1785/20/280 1759/16/322
f 1760/12/323 1758/18/321 1759/16/322
f 1761/13/324 1760/12/323 1759/16/322
f 1759/16/322 1786/17/280 1761/13/324
f 1762/11/325 1760/12/323 1761/13/324
f 1763/14/326 1762/11/325 1761/13/324
f 1761/13/324 1787/15/280 1763/14/326
f 1794/116/327 1792/110/328 1793/200/329
f 1793/200/329 1795/201/442 1794/116/327
f 1797/201/443 1793/200/332 1796/202/333
f 1798/203/445 1797/201/443 1796/202/333
f 1796/202/333 1799/204/335 1798/203/445
f 1800/205/336 1798/203/445 1799/204/335
f 1799/204/335 1801/206/337 1800/205/336
f 1802/207/338 1800/205/336 1801/206/337
f 1797/201/443 1798/203/445 1812/122/339
f 1812/122/339 1811/116/340 1797/201/443
f 1807/208/448 1809/209/329 1810/210/341
f 1810/210/341 1808/211/449 1807/208/448
f 1788/212/343 1807/208/448 1808/211/449
f 1808/211/449 1789/213/344 1788/212/343
f 1790/214/337 1788/212/343 1789/213/344
f 1789/213/344 1791/215/451 1790/214/337
f 1803/216/506 1790/214/337 1791/215/451
f 1791/215/451 1804/217/347 1803/216/506
f 1805/218/336 1803/216/506 1804/217/347
f 1804/217/347 1806/219/348 1805/218/336
f 1813/220/349 1805/218/336 1806/219/348
f 1806/219/348 1814/221/339 1813/220/349
f 1839/14/351 1840/11/352 1838/18/353
f 1837/16/354 1839/14/351 1838/18/353
f 1838/18/353 1836/24/355 1837/16/354
f 1835/22/453 1837/16/354 1836/24/355
f 1836/24/355 1834/30/508 1835/22/453
f 1833/28/358 1835/22/453 1834/30/508
f 1834/30/508 1832/36/539 1833/28/358
f 1831/34/360 1833/28/358 1832/36/539
f 1832/36/539 1830/42/361 1831/34/360
f 1829/40/362 1831/34/360 1830/42/361
f 1830/42/361 1828/48/540 1829/40/362
f 1827/46/364 1829/40/362 1828/48/540
f 1828/48/540 1826/54/541 1827/46/364
f 1825/52/366 1827/46/364 1826/54/541
f 1826/54/541 1824/60/367 1825/52/366
f 1823/58/542 1825/52/366 1824/60/367
f 1824/60/367 1822/66/369 1823/58/542
f 1821/64/370 1823/58/542 1822/66/369
f 1822/66/369 1820/72/543 1821/64/370
f 1819/70/372 1821/64/370 1820/72/543
f 1820/72/543 1818/78/373 1819/70/372
f 1816/76/544 1819/70/372 1818/78/373
f 1818/78/373 1817/84/375 1816/76/544
f 1817/84/375 1815/82/376 1816/76/544
f 1841/83/1 1816/76/544 1815/82/376
f 1816/76/544 1842/77/1 1819/70/372
f 1819/70/372 1843/71/1 1821/64/370
f 1821/64/370 1844/65/1 1823/58/542
f 1823/58/542 1845/59/1 1825/52/366
f 1825/52/366 1846/53/1 1827/46/364
f 1827/46/364 1847/47/1 1829/40/362
f 1829/40/362 1848/41/1 1831/34/360
f 1831/34/360 1849/35/1 1833/28/358
f 1833/28/358 1850/29/1 1835/22/453
f 1835/22/453 1851/23/1 1837/16/354
f 1837/16/354 1852/17/1 1839/14/351
f 1899/1/1 1901/2/1 1902/3/66
f 1900/4/3 1899/1/1 1902/3/66
f 1902/3/66 1951/5/4 1900/4/3
f 1949/6/5 1900/4/3 1951/5/4
f 1951/5/4 1952/7/6 1949/6/5
f 1950/8/7 1949/6/5 1952/7/6
f 1952/7/6 1977/9/8 1950/8/7
f 1976/10/9 1950/8/7 1977/9/8
f 1977/9/8 2002/11/10 1976/10/9
f 2001/12/11 1976/10/9 2002/11/10
f 2026/13/12 2001/12/11 2002/11/10
f 2002/11/10 2027/14/58 2026/13/12
f 2051/15/1 2026/13/12 2027/14/58
f 2025/16/14 2001/12/11 2026/13/12
f 2026/13/12 2050/17/1 2025/16/14
f 2000/18/545 2001/12/11 2025/16/14
f 2024/19/16 2000/18/545 2025/16/14
f 2025/16/14 2049/20/1 2024/19/16
f 1999/21/378 2000/18/545 2024/19/16
f 2023/22/18 1999/21/378 2024/19/16
f 2024/19/16 2048/23/1 2023/22/18
f 1998/24/19 1999/21/378 2023/22/18
f 2022/25/20 1998/24/19 2023/22/18
f 2023/22/18 2047/26/1 2022/25/20
f 1997/27/21 1998/24/19 2022/25/20
f 2021/28/22 1997/27/21 2022/25/20
f 2022/25/20 2046/29/1 2021/28/22
f 1996/30/23 1997/27/21 2021/28/22
f 2020/31/458 1996/30/23 2021/28/22
f 2021/28/22 2045/32/1 2020/31/458
f 1995/33/25 1996/30/23 2020/31/458
f 2019/34/26 1995/33/25 2020/31/458
f 2020/31/458 2044/35/1 2019/34/26
f 1994/36/379 1995/33/25 2019/34/26
f 2018/37/28 1994/36/379 2019/34/26
f 2019/34/26 2043/38/1 2018/37/28
f 1993/39/380 1994/36/379 2018/37/28
f 2017/40/30 1993/39/380 2018/37/28
f 2018/37/28 2042/41/1 2017/40/30
f 1992/42/31 1993/39/380 2017/40/30
f 2016/43/32 1992/42/31 2017/40/30
f 2017/40/30 2041/44/1 2016/43/32
f 1991/45/33 1992/42/31 2016/43/32
f 2015/46/459 1991/45/33 2016/43/32
f 2016/43/32 2040/47/1 2015/46/459
f 1990/48/381 1991/45/33 2015/46/459
f 2014/49/546 1990/48/381 2015/46/459
f 2015/46/459 2039/50/1 2014/49/546
f 1989/51/37 1990/48/381 2014/49/546
f 2013/52/38 1989/51/37 2014/49/546
f 2014/49/546 2038/53/1 2013/52/38
f 1988/54/547 1989/51/37 2013/52/38
f 2012/55/40 1988/54/547 2013/52/38
f 2013/52/38 2037/56/1 2012/55/40
f 1987/57/41 1988/54/547 2012/55/40
f 2011/58/42 1987/57/41 2012/55/40
f 2012/55/40 2036/59/1 2011/58/42
f 1986/60/43 1987/57/41 2011/58/42
f 2010/61/44 1986/60/43 2011/58/42
f 2011/58/42 2035/62/1 2010/61/44
f 1985/63/45 1986/60/43 2010/61/44
f 2009/64/46 1985/63/45 2010/61/44
f 2010/61/44 2034/65/1 2009/64/46
f 1984/66/47 1985/63/45 2009/64/46
f 2008/67/48 1984/66/47 2009/64/46
f 2009/64/46 2033/68/1 2008/67/48
f 1983/69/49 1984/66/47 2008/67/48
f 2007/70/384 1983/69/49 2008/67/48
f 2008/67/48 2032/71/1 2007/70/384
f 1982/72/460 1983/69/49 2007/70/384
f 2006/73/52 1982/72/460 2007/70/384
f 2007/70/384 2031/74/1 2006/73/52
f 1981/75/53 1982/72/460 2006/73/52
f 2005/76/54 1981/75/53 2006/73/52
f 2006/73/52 2030/77/1 2005/76/54
f 1980/78/55 1981/75/53 2005/76/54
f 2004/79/56 1980/78/55 2005/76/54
f 2005/76/54 2029/80/1 2004/79/56
f 1978/81/57 1980/78/55 2004/79/56
f 2003/82/58 1978/81/57 2004/79/56
f 2004/79/56 2028/83/1 2003/82/58
f 1978/81/57 2003/82/58 1979/84/59
f 1979/84/59 1954/85/60 1978/81/57
f 1953/86/61 1978/81/57 1954/85/60
f 1954/85/60 1906/87/387 1953/86/61
f 1904/88/388 1953/86/61 1906/87/387
f 1906/87/387 1905/89/64 1904/88/388
f 1903/90/65 1904/88/388 1905/89/64
f 1905/89/64 1856/91/66 1903/90/65
f 1854/92/67 1903/90/65 1856/91/66
f 1856/91/66 1855/93/1 1854/92/67
f 1855/93/1 1853/94/1 1854/92/67
f 1858/95/68 1854/92/67 1853/94/1
f 1853/94/1 1857/96/1 1858/95/68
f 1860/97/69 1858/95/68 1857/96/1
f 1857/96/1 1859/98/1 1860/97/69
f 1862/99/70 1860/97/69 1859/98/1
f 1859/98/1 1861/100/1 1862/99/70
f 1864/101/390 1862/99/70 1861/100/1
f 1861/100/1 1863/102/1 1864/101/390
f 1866/103/72 1864/101/390 1863/102/1
f 1863/102/1 1865/104/1 1866/103/72
f 1868/105/73 1866/103/72 1865/104/1
f 1865/104/1 1867/106/1 1868/105/73
f 1870/107/74 1868/105/73 1867/106/1
f 1867/106/1 1869/108/1 1870/107/74
f 1872/109/75 1870/107/74 1869/108/1
f 1869/108/1 1871/110/1 1872/109/75
f 1874/111/76 1872/109/75 1871/110/1
f 1871/110/1 1873/112/1 1874/111/76
f 1876/113/548 1874/111/76 1873/112/1
f 1873/112/1 1875/114/1 1876/113/548
f 1878/115/78 1876/113/548 1875/114/1
f 1875/114/1 1877/116/1 1878/115/78
f 1880/117/549 1878/115/78 1877/116/1
f 1877/116/1 1879/118/1 1880/117/549
f 1882/119/80 1880/117/549 1879/118/1
f 1879/118/1 1881/120/1 1882/119/80
f 1884/121/81 1882/119/80 1881/120/1
f 1881/120/1 1883/122/1 1884/121/81
f 1886/123/82 1884/121/81 1883/122/1
f 1883/122/1 1885/124/1 1886/123/82
f 1888/125/83 1886/123/82 1885/124/1
f 1885/124/1 1887/126/1 1888/125/83
f 1890/127/393 1888/125/83 1887/126/1
f 1887/126/1 1889/128/1 1890/127/393
f 1892/129/85 1890/127/393 1889/128/1
f 1889/128/1 1891/130/1 1892/129/85
f 1894/131/86 1892/129/85 1891/130/1
f 1891/130/1 1893/132/1 1894/131/86
f 1896/133/87 1894/131/86 1893/132/1
f 1893/132/1 1895/134/1 1896/133/87
f 1898/135/88 1896/133/87 1895/134/1
f 1895/134/1 1897/136/1 1898/135/88
f 1900/4/3 1898/135/88 1897/136/1
f 1897/136/1 1899/1/1 1900/4/3
f 1898/135/88 1900/4/3 1949/6/5
f 1947/137/89 1898/135/88 1949/6/5
f 1949/6/5 1950/8/7 1947/137/89
f 1948/138/90 1947/137/89 1950/8/7
f 1950/8/7 1976/10/9 1948/138/90
f 1975/139/394 1948/138/90 1976/10/9
f 1976/10/9 2001/12/11 1975/139/394
f 2001/12/11 2000/18/545 1975/139/394
f 1974/140/92 1975/139/394 2000/18/545
f 2000/18/545 1999/21/378 1974/140/92
f 1973/141/93 1974/140/92 1999/21/378
f 1999/21/378 1998/24/19 1973/141/93
f 1972/142/94 1973/141/93 1998/24/19
f 1998/24/19 1997/27/21 1972/142/94
f 1971/143/464 1972/142/94 1997/27/21
f 1997/27/21 1996/30/23 1971/143/464
f 1970/144/96 1971/143/464 1996/30/23
f 1996/30/23 1995/33/25 1970/144/96
f 1969/145/97 1970/144/96 1995/33/25
f 1995/33/25 1994/36/379 1969/145/97
f 1968/146/98 1969/145/97 1994/36/379
f 1994/36/379 1993/39/380 1968/146/98
f 1967/147/99 1968/146/98 1993/39/380
f 1993/39/380 1992/42/31 1967/147/99
f 1966/148/100 1967/147/99 1992/42/31
f 1992/42/31 1991/45/33 1966/148/100
f 1965/149/101 1966/148/100 1991/45/33
f 1991/45/33 1990/48/381 1965/149/101
f 1964/150/102 1965/149/101 1990/48/381
f 1990/48/381 1989/51/37 1964/150/102
f 1963/151/103 1964/150/102 1989/51/37
f 1989/51/37 1988/54/547 1963/151/103
f 1962/152/104 1963/151/103 1988/54/547
f 1988/54/547 1987/57/41 1962/152/104
f 1961/153/105 1962/152/104 1987/57/41
f 1987/57/41 1986/60/43 1961/153/105
f 1960/154/106 1961/153/105 1986/60/43
f 1986/60/43 1985/63/45 1960/154/106
f 1959/155/107 1960/154/106 1985/63/45
f 1985/63/45 1984/66/47 1959/155/107
f 1958/156/108 1959/155/107 1984/66/47
f 1984/66/47 1983/69/49 1958/156/108
f 1957/157/109 1958/156/108 1983/69/49
f 1983/69/49 1982/72/460 1957/157/109
f 1956/158/110 1957/157/109 1982/72/460
f 1982/72/460 1981/75/53 1956/158/110
f 1955/159/111 1956/158/110 1981/75/53
f 1981/75/53 1980/78/55 1955/159/111
f 1953/86/61 1955/159/111 1980/78/55
f 1980/78/55 1978/81/57 1953/86/61
f 1955/159/111 1953/86/61 1904/88/388
f 1908/160/112 1955/159/111 1904/88/388
f 1904/88/388 1903/90/65 1908/160/112
f 1907/161/397 1908/160/112 1903/90/65
f 1903/90/65 1854/92/67 1907/161/397
f 1854/92/67 1858/95/68 1907/161/397
f 1909/162/114 1907/161/397 1858/95/68
f 1858/95/68 1860/97/69 1909/162/114
f 1911/163/115 1909/162/114 1860/97/69
f 1860/97/69 1862/99/70 1911/163/115
f 1913/164/116 1911/163/115 1862/99/70
f 1862/99/70 1864/101/390 1913/164/116
f 1915/165/117 1913/164/116 1864/101/390
f 1864/101/390 1866/103/72 1915/165/117
f 1917/166/118 1915/165/117 1866/103/72
f 1866/103/72 1868/105/73 1917/166/118
f 1919/167/119 1917/166/118 1868/105/73
f 1868/105/73 1870/107/74 1919/167/119
f 1921/168/120 1919/167/119 1870/107/74
f 1870/107/74 1872/109/75 1921/168/120
f 1923/169/121 1921/168/120 1872/109/75
f 1872/109/75 1874/111/76 1923/169/121
f 1925/170/122 1923/169/121 1874/111/76
f 1874/111/76 1876/113/548 1925/170/122
f 1927/171/123 1925/170/122 1876/113/548
f 1876/113/548 1878/115/78 1927/171/123
f 1929/172/124 1927/171/123 1878/115/78
f 1878/115/78 1880/117/549 1929/172/124
f 1931/173/125 1929/172/124 1880/117/549
f 1880/117/549 1882/119/80 1931/173/125
f 1933/174/126 1931/173/125 1882/119/80
f 1882/119/80 1884/121/81 1933/174/126
f 1935/175/127 1933/174/126 1884/121/81
f 1884/121/81 1886/123/82 1935/175/127
f 1937/176/128 1935/175/127 1886/123/82
f 1886/123/82 1888/125/83 1937/176/128
f 1939/177/129 1937/176/128 1888/125/83
f 1888/125/83 1890/127/393 1939/177/129
f 1941/178/130 1939/177/129 1890/127/393
f 1890/127/393 1892/129/85 1941/178/130
f 1943/179/399 1941/178/130 1892/129/85
f 1892/129/85 1894/131/86 1943/179/399
f 1945/180/132 1943/179/399 1894/131/86
f 1894/131/86 1896/133/87 1945/180/132
f 1947/137/89 1945/180/132 1896/133/87
f 1896/133/87 1898/135/88 1947/137/89
f 1945/180/132 1947/137/89 1948/138/90
f 1946/181/133 1945/180/132 1948/138/90
f 1948/138/90 1975/139/394 1946/181/133
f 1975/139/394 1974/140/92 1946/181/133
f 1944/182/134 1946/181/133 1974/140/92
f 1974/140/92 1973/141/93 1944/182/134
f 1942/183/550 1944/182/134 1973/141/93
f 1973/141/93 1972/142/94 1942/183/550
f 1940/184/136 1942/183/550 1972/142/94
f 1972/142/94 1971/143/464 1940/184/136
f 1938/185/137 1940/184/136 1971/143/464
f 1971/143/464 1970/144/96 1938/185/137
f 1936/186/138 1938/185/137 1970/144/96
f 1970/144/96 1969/145/97 1936/186/138
f 1934/187/139 1936/186/138 1969/145/97
f 1969/145/97 1968/146/98 1934/187/139
f 1932/188/140 1934/187/139 1968/146/98
f 1968/146/98 1967/147/99 1932/188/140
f 1930/189/141 1932/188/140 1967/147/99
f 1967/147/99 1966/148/100 1930/189/141
f 1928/190/142 1930/189/141 1966/148/100
f 1966/148/100 1965/149/101 1928/190/142
f 1926/191/143 1928/190/142 1965/149/101
f 1965/149/101 1964/150/102 1926/191/143
f 1924/192/144 1926/191/143 1964/150/102
f 1964/150/102 1963/151/103 1924/192/144
f 1922/193/145 1924/192/144 1963/151/103
f 1963/151/103 1962/152/104 1922/193/145
f 1920/194/146 1922/193/145 1962/152/104
f 1962/152/104 1961/153/105 1920/194/146
f 1918/195/147 1920/194/146 1961/153/105
f 1961/153/105 1960/154/106 1918/195/147
f 1916/196/148 1918/195/147 1960/154/106
f 1960/154/106 1959/155/107 1916/196/148
f 1914/197/149 1916/196/148 1959/155/107
f 1959/155/107 1958/156/108 1914/197/149
f 1912/198/150 1914/197/149 1958/156/108
f 1958/156/108 1957/157/109 1912/198/150
f 1910/199/151 1912/198/150 1957/157/109
f 1957/157/109 1956/158/110 1910/199/151
f 1908/160/112 1910/199/151 1956/158/110
f 1956/158/110 1955/159/111 1908/160/112
f 1910/199/151 1908/160/112 1907/161/397
f 1907/161/397 1909/162/114 1910/199/151
f 1912/198/150 1910/199/151 1909/162/114
f 1909/162/114 1911/163/115 1912/198/150
f 1914/197/149 1912/198/150 1911/163/115
f 1911/163/115 1913/164/116 1914/197/149
f 1916/196/148 1914/197/149 1913/164/116
f 1913/164/116 1915/165/117 1916/196/148
f 1918/195/147 1916/196/148 1915/165/117
f 1915/165/117 1917/166/118 1918/195/147
f 1920/194/146 1918/195/147 1917/166/118
f 1917/166/118 1919/167/119 1920/194/146
f 1922/193/145 1920/194/146 1919/167/119
f 1919/167/119 1921/168/120 1922/193/145
f 1924/192/144 1922/193/145 1921/168/120
f 1921/168/120 1923/169/121 1924/192/144
f 1926/191/143 1924/192/144 1923/169/121
f 1923/169/121 1925/170/122 1926/191/143
f 1928/190/142 1926/191/143 1925/170/122
f 1925/170/122 1927/171/123 1928/190/142
f 1930/189/141 1928/190/142 1927/171/123
f 1927/171/123 1929/172/124 1930/189/141
f 1932/188/140 1930/189/141 1929/172/124
f 1929/172/124 1931/173/125 1932/188/140
f 1934/187/139 1932/188/140 1931/173/125
f 1931/173/125 1933/174/126 1934/187/139
f 1936/186/138 1934/187/139 1933/174/126
f 1933/174/126 1935/175/127 1936/186/138
f 1938/185/137 1936/186/138 1935/175/127
f 1935/175/127 1937/176/128 1938/185/137
f 1940/184/136 1938/185/137 1937/176/128
f 1937/176/128 1939/177/129 1940/184/136
f 1942/183/550 1940/184/136 1939/177/129
f 1939/177/129 1941/178/130 1942/183/550
f 1944/182/134 1942/183/550 1941/178/130
f 1941/178/130 1943/179/399 1944/182/134
f 1946/181/133 1944/182/134 1943/179/399
f 1943/179/399 1945/180/132 1946/181/133
f 2101/5/152 2100/2/467 2098/1/154
f 2099/6/155 2101/5/152 2098/1/154
f 2098/1/154 2096/136/401 2099/6/155
f 2097/137/157 2099/6/155 2096/136/401
f 2096/136/401 2094/134/158 2097/137/157
f 2095/180/159 2097/137/157 2094/134/158
f 2094/134/158 2092/132/160 2095/180/159
f 2093/179/161 2095/180/159 2092/132/160
f 2092/132/160 2090/130/551 2093/179/161
f 2091/178/163 2093/179/161 2090/130/551
f 2090/130/551 2088/128/405 2091/178/163
f 2089/177/165 2091/178/163 2088/128/405
f 2088/128/405 2086/126/166 2089/177/165
f 2087/176/167 2089/177/165 2086/126/166
f 2086/126/166 2084/124/517 2087/176/167
f 2085/175/169 2087/176/167 2084/124/517
f 2084/124/517 2082/122/170 2085/175/169
f 2083/174/171 2085/175/169 2082/122/170
f 2082/122/170 2080/120/172 2083/174/171
f 2081/173/472 2083/174/171 2080/120/172
f 2080/120/172 2078/118/407 2081/173/472
f 2079/172/175 2081/173/472 2078/118/407
f 2078/118/407 2076/116/552 2079/172/175
f 2077/171/177 2079/172/175 2076/116/552
f 2076/116/552 2074/114/178 2077/171/177
f 2075/170/179 2077/171/177 2074/114/178
f 2074/114/178 2072/112/553 2075/170/179
f 2073/169/181 2075/170/179 2072/112/553
f 2072/112/553 2070/110/554 2073/169/181
f 2071/168/183 2073/169/181 2070/110/554
f 2070/110/554 2068/108/184 2071/168/183
f 2069/167/185 2071/168/183 2068/108/184
f 2068/108/184 2066/106/555 2069/167/185
f 2067/166/187 2069/167/185 2066/106/555
f 2066/106/555 2064/104/556 2067/166/187
f 2065/165/412 2067/166/187 2064/104/556
f 2064/104/556 2062/102/190 2065/165/412
f 2063/164/191 2065/165/412 2062/102/190
f 2062/102/190 2060/100/557 2063/164/191
f 2061/163/193 2063/164/191 2060/100/557
f 2060/100/557 2058/98/415 2061/163/193
f 2059/162/195 2061/163/193 2058/98/415
f 2058/98/415 2056/96/196 2059/162/195
f 2057/161/416 2059/162/195 2056/96/196
f 2056/96/196 2052/94/198 2057/161/416
f 2054/90/199 2057/161/416 2052/94/198
f 2052/94/198 2053/93/200 2054/90/199
f 2053/93/200 2055/89/481 2054/90/199
f 2102/88/202 2054/90/199 2055/89/481
f 2055/89/481 2103/87/203 2102/88/202
f 2127/86/204 2102/88/202 2103/87/203
f 2103/87/203 2128/85/205 2127/86/204
f 2152/81/558 2127/86/204 2128/85/205
f 2128/85/205 2153/84/207 2152/81/558
f 2127/86/204 2152/81/558 2154/78/208
f 2129/159/209 2127/86/204 2154/78/208
f 2154/78/208 2155/75/418 2129/159/209
f 2130/158/211 2129/159/209 2155/75/418
f 2155/75/418 2156/72/212 2130/158/211
f 2131/157/524 2130/158/211 2156/72/212
f 2156/72/212 2157/69/419 2131/157/524
f 2132/156/215 2131/157/524 2157/69/419
f 2157/69/419 2158/66/216 2132/156/215
f 2133/155/217 2132/156/215 2158/66/216
f 2158/66/216 2159/63/218 2133/155/217
f 2134/154/219 2133/155/217 2159/63/218
f 2159/63/218 2160/60/220 2134/154/219
f 2135/153/221 2134/154/219 2160/60/220
f 2160/60/220 2161/57/222 2135/153/221
f 2136/152/223 2135/153/221 2161/57/222
f 2161/57/222 2162/54/224 2136/152/223
f 2137/151/225 2136/152/223 2162/54/224
f 2162/54/224 2163/51/226 2137/151/225
f 2138/150/227 2137/151/225 2163/51/226
f 2163/51/226 2164/48/228 2138/150/227
f 2139/149/229 2138/150/227 2164/48/228
f 2164/48/228 2165/45/230 2139/149/229
f 2140/148/231 2139/149/229 2165/45/230
f 2165/45/230 2166/42/232 2140/148/231
f 2141/147/233 2140/148/231 2166/42/232
f 2166/42/232 2167/39/234 2141/147/233
f 2142/146/235 2141/147/233 2167/39/234
f 2167/39/234 2168/36/236 2142/146/235
f 2143/145/237 2142/146/235 2168/36/236
f 2168/36/236 2169/33/238 2143/145/237
f 2144/144/239 2143/145/237 2169/33/238
f 2169/33/238 2170/30/240 2144/144/239
f 2145/143/425 2144/144/239 2170/30/240
f 2170/30/240 2171/27/242 2145/143/425
f 2146/142/559 2145/143/425 2171/27/242
f 2171/27/242 2172/24/244 2146/142/559
f 2147/141/245 2146/142/559 2172/24/244
f 2172/24/244 2173/21/487 2147/141/245
f 2148/140/247 2147/141/245 2173/21/487
f 2173/21/487 2174/18/248 2148/140/247
f 2149/139/249 2148/140/247 2174/18/248
f 2174/18/248 2175/12/428 2149/139/249
f 2150/10/251 2149/139/249 2175/12/428
f 2175/12/428 2176/11/207 2150/10/251
f 2176/11/207 2151/9/252 2150/10/251
f 2125/8/429 2150/10/251 2151/9/252
f 2151/9/252 2126/7/560 2125/8/429
f 2099/6/155 2125/8/429 2126/7/560
f 2126/7/560 2101/5/152 2099/6/155
f 2125/8/429 2099/6/155 2097/137/157
f 2124/138/255 2125/8/429 2097/137/157
f 2097/137/157 2095/180/159 2124/138/255
f 2123/181/256 2124/138/255 2095/180/159
f 2095/180/159 2093/179/161 2123/181/256
f 2122/182/257 2123/181/256 2093/179/161
f 2093/179/161 2091/178/163 2122/182/257
f 2121/183/258 2122/182/257 2091/178/163
f 2091/178/163 2089/177/165 2121/183/258
f 2120/184/259 2121/183/258 2089/177/165
f 2089/177/165 2087/176/167 2120/184/259
f 2119/185/260 2120/184/259 2087/176/167
f 2087/176/167 2085/175/169 2119/185/260
f 2118/186/261 2119/185/260 2085/175/169
f 2085/175/169 2083/174/171 2118/186/261
f 2117/187/430 2118/186/261 2083/174/171
f 2083/174/171 2081/173/472 2117/187/430
f 2116/188/263 2117/187/430 2081/173/472
f 2081/173/472 2079/172/175 2116/188/263
f 2115/189/264 2116/188/263 2079/172/175
f 2079/172/175 2077/171/177 2115/189/264
f 2114/190/265 2115/189/264 2077/171/177
f 2077/171/177 2075/170/179 2114/190/265
f 2113/191/266 2114/190/265 2075/170/179
f 2075/170/179 2073/169/181 2113/191/266
f 2112/192/431 2113/191/266 2073/169/181
f 2073/169/181 2071/168/183 2112/192/431
f 2111/193/268 2112/192/431 2071/168/183
f 2071/168/183 2069/167/185 2111/193/268
f 2110/194/269 2111/193/268 2069/167/185
f 2069/167/185 2067/166/187 2110/194/269
f 2109/195/432 2110/194/269 2067/166/187
f 2067/166/187 2065/165/412 2109/195/432
f 2108/196/433 2109/195/432 2065/165/412
f 2065/165/412 2063/164/191 2108/196/433
f 2107/197/272 2108/196/433 2063/164/191
f 2063/164/191 2061/163/193 2107/197/272
f 2106/198/273 2107/197/272 2061/163/193
f 2061/163/193 2059/162/195 2106/198/273
f 2105/199/274 2106/198/273 2059/162/195
f 2059/162/195 2057/161/416 2105/199/274
f 2104/160/275 2105/199/274 2057/161/416
f 2057/161/416 2054/90/199 2104/160/275
f 2054/90/199 2102/88/202 2104/160/275
f 2129/159/209 2104/160/275 2102/88/202
f 2102/88/202 2127/86/204 2129/159/209
f 2104/160/275 2129/159/209 2130/158/211
f 2105/199/274 2104/160/275 2130/158/211
f 2130/158/211 2131/157/524 2105/199/274
f 2106/198/273 2105/199/274 2131/157/524
f 2131/157/524 2132/156/215 2106/198/273
f 2107/197/272 2106/198/273 2132/156/215
f 2132/156/215 2133/155/217 2107/197/272
f 2108/196/433 2107/197/272 2133/155/217
f 2133/155/217 2134/154/219 2108/196/433
f 2109/195/432 2108/196/433 2134/154/219
f 2134/154/219 2135/153/221 2109/195/432
f 2110/194/269 2109/195/432 2135/153/221
f 2135/153/221 2136/152/223 2110/194/269
f 2111/193/268 2110/194/269 2136/152/223
f 2136/152/223 2137/151/225 2111/193/268
f 2112/192/431 2111/193/268 2137/151/225
f 2137/151/225 2138/150/227 2112/192/431
f 2113/191/266 2112/192/431 2138/150/227
f 2138/150/227 2139/149/229 2113/191/266
f 2114/190/265 2113/191/266 2139/149/229
f 2139/149/229 2140/148/231 2114/190/265
f 2115/189/264 2114/190/265 2140/148/231
f 2140/148/231 2141/147/233 2115/189/264
f 2116/188/263 2115/189/264 2141/147/233
f 2141/147/233 2142/146/235 2116/188/263
f 2117/187/430 2116/188/263 2142/146/235
f 2142/146/235 2143/145/237 2117/187/430
f 2118/186/261 2117/187/430 2143/145/237
f 2143/145/237 2144/144/239 2118/186/261
f 2119/185/260 2118/186/261 2144/144/239
f 2144/144/239 2145/143/425 2119/185/260
f 2120/184/259 2119/185/260 2145/143/425
f 2145/143/425 2146/142/559 2120/184/259
f 2121/183/258 2120/184/259 2146/142/559
f 2146/142/559 2147/141/245 2121/183/258
f 2122/182/257 2121/183/258 2147/141/245
f 2147/141/245 2148/140/247 2122/182/257
f 2123/181/256 2122/182/257 2148/140/247
f 2148/140/247 2149/139/249 2123/181/256
f 2124/138/255 2123/181/256 2149/139/249
f 2149/139/249 2150/10/251 2124/138/255
f 2125/8/429 2124/138/255 2150/10/251
f 2179/81/561 2177/84/562 2178/82/278
f 2180/79/279 2179/81/561 2178/82/278
f 2178/82/278 2227/83/280 2180/79/279
f 2181/78/281 2179/81/561 2180/79/279
f 2182/76/282 2181/78/281 2180/79/279
f 2180/79/279 2228/80/280 2182/76/282
f 2183/75/283 2181/78/281 2182/76/282
f 2184/73/284 2183/75/283 2182/76/282
f 2182/76/282 2229/77/280 2184/73/284
f 2185/72/493 2183/75/283 2184/73/284
f 2186/70/286 2185/72/493 2184/73/284
f 2184/73/284 2230/74/280 2186/70/286
f 2187/69/287 2185/72/493 2186/70/286
f 2188/67/288 2187/69/287 2186/70/286
f 2186/70/286 2231/71/280 2188/67/288
f 2189/66/289 2187/69/287 2188/67/288
f 2190/64/290 2189/66/289 2188/67/288
f 2188/67/288 2232/68/280 2190/64/290
f 2191/63/563 2189/66/289 2190/64/290
f 2192/61/292 2191/63/563 2190/64/290
f 2190/64/290 2233/65/280 2192/61/292
f 2193/60/293 2191/63/563 2192/61/292
f 2194/58/294 2193/60/293 2192/61/292
f 2192/61/292 2234/62/280 2194/58/294
f 2195/57/564 2193/60/293 2194/58/294
f 2196/55/296 2195/57/564 2194/58/294
f 2194/58/294 2235/59/280 2196/55/296
f 2197/54/565 2195/57/564 2196/55/296
f 2198/52/298 2197/54/565 2196/55/296
f 2196/55/296 2236/56/280 2198/52/298
f 2199/51/299 2197/54/565 2198/52/298
f 2200/49/300 2199/51/299 2198/52/298
f 2198/52/298 2237/53/280 2200/49/300
f 2201/48/566 2199/51/299 2200/49/300
f 2202/46/437 2201/48/566 2200/49/300
f 2200/49/300 2238/50/280 2202/46/437
f 2203/45/438 2201/48/566 2202/46/437
f 2204/43/304 2203/45/438 2202/46/437
f 2202/46/437 2239/47/280 2204/43/304
f 2205/42/305 2203/45/438 2204/43/304
f 2206/40/306 2205/42/305 2204/43/304
f 2204/43/304 2240/44/280 2206/40/306
f 2207/39/439 2205/42/305 2206/40/306
f 2208/37/308 2207/39/439 2206/40/306
f 2206/40/306 2241/41/280 2208/37/308
f 2209/36/567 2207/39/439 2208/37/308
f 2210/34/568 2209/36/567 2208/37/308
f 2208/37/308 2242/38/280 2210/34/568
f 2211/33/311 2209/36/567 2210/34/568
f 2212/31/312 2211/33/311 2210/34/568
f 2210/34/568 2243/35/280 2212/31/312
f 2213/30/536 2211/33/311 2212/31/312
f 2214/28/569 2213/30/536 2212/31/312
f 2212/31/312 2244/32/280 2214/28/569
f 2215/27/570 2213/30/536 2214/28/569
f 2216/25/316 2215/27/570 2214/28/569
f 2214/28/569 2245/29/280 2216/25/316
f 2217/24/317 2215/27/570 2216/25/316
f 2218/22/318 2217/24/317 2216/25/316
f 2216/25/316 2246/26/280 2218/22/318
f 2219/21/571 2217/24/317 2218/22/318
f 2220/19/320 2219/21/571 2218/22/318
f 2218/22/318 2247/23/280 2220/19/320
f 2221/18/321 2219/21/571 2220/19/320
f 2222/16/322 2221/18/321 2220/19/320
f 2220/19/320 2248/20/280 2222/16/322
f 2223/12/323 2221/18/321 2222/16/322
f 2224/13/324 2223/12/323 2222/16/322
f 2222/16/322 2249/17/280 2224/13/324
f 2225/11/325 2223/12/323 2224/13/324
f 2226/14/326 2225/11/325 2224/13/324
f 2224/13/324 2250/15/280 2226/14/326
f 2257/116/327 2255/110/341 2256/200/329
f 2256/200/329 2258/201/442 2257/116/327
f 2260/201/443 2256/200/332 2259/202/333
f 2261/203/445 2260/201/443 2259/202/333
f 2259/202/333 2262/204/343 2261/203/445
f 2263/205/447 2261/203/445 2262/204/343
f 2262/204/343 2264/206/337 2263/205/447
f 2265/207/338 2263/205/447 2264/206/337
f 2260/201/443 2261/203/445 2275/122/339
f 2275/122/339 2274/116/340 2260/201/443
f 2270/208/448 2272/209/329 2273/210/341
f 2273/210/341 2271/211/449 2270/208/448
f 2251/212/343 2270/208/448 2271/211/449
f 2271/211/449 2252/213/344 2251/212/343
f 2253/214/337 2251/212/343 2252/213/344
f 2252/213/344 2254/215/451 2253/214/337
f 2266/216/346 2253/214/337 2254/215/451
f 2254/215/451 2267/217/347 2266/216/346
f 2268/218/336 2266/216/346 2267/217/347
f 2267/217/347 2269/219/348 2268/218/336
f 2276/220/349 2268/218/336 2269/219/348
f 2269/219/348 2277/221/339 2276/220/349
f 2302/14/351 2303/11/352 2301/18/572
f 2300/16/354 2302/14/351 2301/18/572
f 2301/18/572 2299/24/355 2300/16/354
f 2298/22/573 2300/16/354 2299/24/355
f 2299/24/355 2297/30/574 2298/22/573
f 2296/28/358 2298/22/573 2297/30/574
f 2297/30/574 2295/36/539 2296/28/358
f 2294/34/360 2296/28/358 2295/36/539
f 2295/36/539 2293/42/361 2294/34/360
f 2292/40/575 2294/34/360 2293/42/361
f 2293/42/361 2291/48/363 2292/40/575
f 2290/46/364 2292/40/575 2291/48/363
f 2291/48/363 2289/54/365 2290/46/364
f 2288/52/366 2290/46/364 2289/54/365
f 2289/54/365 2287/60/367 2288/52/366
f 2286/58/576 2288/52/366 2287/60/367
f 2287/60/367 2285/66/369 2286/58/576
f 2284/64/370 2286/58/576 2285/66/369
f 2285/66/369 2283/72/543 2284/64/370
f 2282/70/372 2284/64/370 2283/72/543
f 2283/72/543 2281/78/373 2282/70/372
f 2279/76/544 2282/70/372 2281/78/373
f 2281/78/373 2280/84/375 2279/76/544
f 2280/84/375 2278/82/376 2279/76/544
f 2304/83/1 2279/76/544 2278/82/376
f 2279/76/544 2305/77/1 2282/70/372
f 2282/70/372 2306/71/1 2284/64/370
f 2284/64/370 2307/65/1 2286/58/576
f 2286/58/576 2308/59/1 2288/52/366
f 2288/52/366 2309/53/1 2290/46/364
f 2290/46/364 2310/47/1 2292/40/575
f 2292/40/575 2311/41/1 2294/34/360
f 2294/34/360 2312/35/1 2296/28/358
f 2296/28/358 2313/29/1 2298/22/573
f 2298/22/573 2314/23/1 2300/16/354
f 2300/16/354 2315/17/1 2302/14/351
f 2362/1/1 2364/2/1 2365/3/66
f 2363/4/377 2362/1/1 2365/3/66
f 2365/3/66 2414/5/4 2363/4/377
f 2412/6/5 2363/4/377 2414/5/4
f 2414/5/4 2415/7/6 2412/6/5
f 2413/8/7 2412/6/5 2415/7/6
f 2415/7/6 2440/9/8 2413/8/7
f 2439/10/9 2413/8/7 2440/9/8
f 2440/9/8 2465/11/10 2439/10/9
f 2464/12/11 2439/10/9 2465/11/10
f 2489/13/12 2464/12/11 2465/11/10
f 2465/11/10 2490/14/58 2489/13/12
f 2514/15/1 2489/13/12 2490/14/58
f 2488/16/14 2464/12/11 2489/13/12
f 2489/13/12 2513/17/1 2488/16/14
f 2463/18/545 2464/12/11 2488/16/14
f 2487/19/16 2463/18/545 2488/16/14
f 2488/16/14 2512/20/1 2487/19/16
f 2462/21/378 2463/18/545 2487/19/16
f 2486/22/18 2462/21/378 2487/19/16
f 2487/19/16 2511/23/1 2486/22/18
f 2461/24/19 2462/21/378 2486/22/18
f 2485/25/20 2461/24/19 2486/22/18
f 2486/22/18 2510/26/1 2485/25/20
f 2460/27/21 2461/24/19 2485/25/20
f 2484/28/22 2460/27/21 2485/25/20
f 2485/25/20 2509/29/1 2484/28/22
f 2459/30/23 2460/27/21 2484/28/22
f 2483/31/24 2459/30/23 2484/28/22
f 2484/28/22 2508/32/1 2483/31/24
f 2458/33/25 2459/30/23 2483/31/24
f 2482/34/26 2458/33/25 2483/31/24
f 2483/31/24 2507/35/1 2482/34/26
f 2457/36/379 2458/33/25 2482/34/26
f 2481/37/28 2457/36/379 2482/34/26
f 2482/34/26 2506/38/1 2481/37/28
f 2456/39/577 2457/36/379 2481/37/28
f 2480/40/30 2456/39/577 2481/37/28
f 2481/37/28 2505/41/1 2480/40/30
f 2455/42/31 2456/39/577 2480/40/30
f 2479/43/32 2455/42/31 2480/40/30
f 2480/40/30 2504/44/1 2479/43/32
f 2454/45/33 2455/42/31 2479/43/32
f 2478/46/459 2454/45/33 2479/43/32
f 2479/43/32 2503/47/1 2478/46/459
f 2453/48/381 2454/45/33 2478/46/459
f 2477/49/36 2453/48/381 2478/46/459
f 2478/46/459 2502/50/1 2477/49/36
f 2452/51/37 2453/48/381 2477/49/36
f 2476/52/38 2452/51/37 2477/49/36
f 2477/49/36 2501/53/1 2476/52/38
f 2451/54/547 2452/51/37 2476/52/38
f 2475/55/40 2451/54/547 2476/52/38
f 2476/52/38 2500/56/1 2475/55/40
f 2450/57/41 2451/54/547 2475/55/40
f 2474/58/42 2450/57/41 2475/55/40
f 2475/55/40 2499/59/1 2474/58/42
f 2449/60/43 2450/57/41 2474/58/42
f 2473/61/44 2449/60/43 2474/58/42
f 2474/58/42 2498/62/1 2473/61/44
f 2448/63/45 2449/60/43 2473/61/44
f 2472/64/46 2448/63/45 2473/61/44
f 2473/61/44 2497/65/1 2472/64/46
f 2447/66/47 2448/63/45 2472/64/46
f 2471/67/48 2447/66/47 2472/64/46
f 2472/64/46 2496/68/1 2471/67/48
f 2446/69/49 2447/66/47 2471/67/48
f 2470/70/384 2446/69/49 2471/67/48
f 2471/67/48 2495/71/1 2470/70/384
f 2445/72/460 2446/69/49 2470/70/384
f 2469/73/52 2445/72/460 2470/70/384
f 2470/70/384 2494/74/1 2469/73/52
f 2444/75/53 2445/72/460 2469/73/52
f 2468/76/54 2444/75/53 2469/73/52
f 2469/73/52 2493/77/1 2468/76/54
f 2443/78/55 2444/75/53 2468/76/54
f 2467/79/56 2443/78/55 2468/76/54
f 2468/76/54 2492/80/1 2467/79/56
f 2441/81/57 2443/78/55 2467/79/56
f 2466/82/58 2441/81/57 2467/79/56
f 2467/79/56 2491/83/1 2466/82/58
f 2441/81/57 2466/82/58 2442/84/59
f 2442/84/59 2417/85/60 2441/81/57
f 2416/86/61 2441/81/57 2417/85/60
f 2417/85/60 2369/87/387 2416/86/61
f 2367/88/388 2416/86/61 2369/87/387
f 2369/87/387 2368/89/64 2367/88/388
f 2366/90/65 2367/88/388 2368/89/64
f 2368/89/64 2319/91/66 2366/90/65
f 2317/92/67 2366/90/65 2319/91/66
f 2319/91/66 2318/93/1 2317/92/67
f 2318/93/1 2316/94/1 2317/92/67
f 2321/95/68 2317/92/67 2316/94/1
f 2316/94/1 2320/96/1 2321/95/68
f 2323/97/69 2321/95/68 2320/96/1
f 2320/96/1 2322/98/1 2323/97/69
f 2325/99/70 2323/97/69 2322/98/1
f 2322/98/1 2324/100/1 2325/99/70
f 2327/101/390 2325/99/70 2324/100/1
f 2324/100/1 2326/102/1 2327/101/390
f 2329/103/72 2327/101/390 2326/102/1
f 2326/102/1 2328/104/1 2329/103/72
f 2331/105/391 2329/103/72 2328/104/1
f 2328/104/1 2330/106/1 2331/105/391
f 2333/107/463 2331/105/391 2330/106/1
f 2330/106/1 2332/108/1 2333/107/463
f 2335/109/75 2333/107/463 2332/108/1
f 2332/108/1 2334/110/1 2335/109/75
f 2337/111/76 2335/109/75 2334/110/1
f 2334/110/1 2336/112/1 2337/111/76
f 2339/113/548 2337/111/76 2336/112/1
f 2336/112/1 2338/114/1 2339/113/548
f 2341/115/78 2339/113/548 2338/114/1
f 2338/114/1 2340/116/1 2341/115/78
f 2343/117/79 2341/115/78 2340/116/1
f 2340/116/1 2342/118/1 2343/117/79
f 2345/119/80 2343/117/79 2342/118/1
f 2342/118/1 2344/120/1 2345/119/80
f 2347/121/81 2345/119/80 2344/120/1
f 2344/120/1 2346/122/1 2347/121/81
f 2349/123/82 2347/121/81 2346/122/1
f 2346/122/1 2348/124/1 2349/123/82
f 2351/125/83 2349/123/82 2348/124/1
f 2348/124/1 2350/126/1 2351/125/83
f 2353/127/393 2351/125/83 2350/126/1
f 2350/126/1 2352/128/1 2353/127/393
f 2355/129/85 2353/127/393 2352/128/1
f 2352/128/1 2354/130/1 2355/129/85
f 2357/131/86 2355/129/85 2354/130/1
f 2354/130/1 2356/132/1 2357/131/86
f 2359/133/87 2357/131/86 2356/132/1
f 2356/132/1 2358/134/1 2359/133/87
f 2361/135/88 2359/133/87 2358/134/1
f 2358/134/1 2360/136/1 2361/135/88
f 2363/4/377 2361/135/88 2360/136/1
f 2360/136/1 2362/1/1 2363/4/377
f 2361/135/88 2363/4/377 2412/6/5
f 2410/137/89 2361/135/88 2412/6/5
f 2412/6/5 2413/8/7 2410/137/89
f 2411/138/90 2410/137/89 2413/8/7
f 2413/8/7 2439/10/9 2411/138/90
f 2438/139/394 2411/138/90 2439/10/9
f 2439/10/9 2464/12/11 2438/139/394
f 2464/12/11 2463/18/545 2438/139/394
f 2437/140/92 2438/139/394 2463/18/545
f 2463/18/545 2462/21/378 2437/140/92
f 2436/141/93 2437/140/92 2462/21/378
f 2462/21/378 2461/24/19 2436/141/93
f 2435/142/94 2436/141/93 2461/24/19
f 2461/24/19 2460/27/21 2435/142/94
f 2434/143/464 2435/142/94 2460/27/21
f 2460/27/21 2459/30/23 2434/143/464
f 2433/144/96 2434/143/464 2459/30/23
f 2459/30/23 2458/33/25 2433/144/96
f 2432/145/97 2433/144/96 2458/33/25
f 2458/33/25 2457/36/379 2432/145/97
f 2431/146/98 2432/145/97 2457/36/379
f 2457/36/379 2456/39/577 2431/146/98
f 2430/147/99 2431/146/98 2456/39/577
f 2456/39/577 2455/42/31 2430/147/99
f 2429/148/100 2430/147/99 2455/42/31
f 2455/42/31 2454/45/33 2429/148/100
f 2428/149/101 2429/148/100 2454/45/33
f 2454/45/33 2453/48/381 2428/149/101
f 2427/150/102 2428/149/101 2453/48/381
f 2453/48/381 2452/51/37 2427/150/102
f 2426/151/103 2427/150/102 2452/51/37
f 2452/51/37 2451/54/547 2426/151/103
f 2425/152/104 2426/151/103 2451/54/547
f 2451/54/547 2450/57/41 2425/152/104
f 2424/153/105 2425/152/104 2450/57/41
f 2450/57/41 2449/60/43 2424/153/105
f 2423/154/106 2424/153/105 2449/60/43
f 2449/60/43 2448/63/45 2423/154/106
f 2422/155/107 2423/154/106 2448/63/45
f 2448/63/45 2447/66/47 2422/155/107
f 2421/156/108 2422/155/107 2447/66/47
f 2447/66/47 2446/69/49 2421/156/108
f 2420/157/109 2421/156/108 2446/69/49
f 2446/69/49 2445/72/460 2420/157/109
f 2419/158/110 2420/157/109 2445/72/460
f 2445/72/460 2444/75/53 2419/158/110
f 2418/159/111 2419/158/110 2444/75/53
f 2444/75/53 2443/78/55 2418/159/111
f 2416/86/61 2418/159/111 2443/78/55
f 2443/78/55 2441/81/57 2416/86/61
f 2418/159/111 2416/86/61 2367/88/388
f 2371/160/112 2418/159/111 2367/88/388
f 2367/88/388 2366/90/65 2371/160/112
f 2370/161/397 2371/160/112 2366/90/65
f 2366/90/65 2317/92/67 2370/161/397
f 2317/92/67 2321/95/68 2370/161/397
f 2372/162/114 2370/161/397 2321/95/68
f 2321/95/68 2323/97/69 2372/162/114
f 2374/163/115 2372/162/114 2323/97/69
f 2323/97/69 2325/99/70 2374/163/115
f 2376/164/116 2374/163/115 2325/99/70
f 2325/99/70 2327/101/390 2376/164/116
f 2378/165/117 2376/164/116 2327/101/390
f 2327/101/390 2329/103/72 2378/165/117
f 2380/166/118 2378/165/117 2329/103/72
f 2329/103/72 2331/105/391 2380/166/118
f 2382/167/578 2380/166/118 2331/105/391
f 2331/105/391 2333/107/463 2382/167/578
f 2384/168/120 2382/167/578 2333/107/463
f 2333/107/463 2335/109/75 2384/168/120
f 2386/169/121 2384/168/120 2335/109/75
f 2335/109/75 2337/111/76 2386/169/121
f 2388/170/122 2386/169/121 2337/111/76
f 2337/111/76 2339/113/548 2388/170/122
f 2390/171/123 2388/170/122 2339/113/548
f 2339/113/548 2341/115/78 2390/171/123
f 2392/172/124 2390/171/123 2341/115/78
f 2341/115/78 2343/117/79 2392/172/124
f 2394/173/125 2392/172/124 2343/117/79
f 2343/117/79 2345/119/80 2394/173/125
f 2396/174/579 2394/173/125 2345/119/80
f 2345/119/80 2347/121/81 2396/174/579
f 2398/175/127 2396/174/579 2347/121/81
f 2347/121/81 2349/123/82 2398/175/127
f 2400/176/128 2398/175/127 2349/123/82
f 2349/123/82 2351/125/83 2400/176/128
f 2402/177/129 2400/176/128 2351/125/83
f 2351/125/83 2353/127/393 2402/177/129
f 2404/178/130 2402/177/129 2353/127/393
f 2353/127/393 2355/129/85 2404/178/130
f 2406/179/399 2404/178/130 2355/129/85
f 2355/129/85 2357/131/86 2406/179/399
f 2408/180/132 2406/179/399 2357/131/86
f 2357/131/86 2359/133/87 2408/180/132
f 2410/137/89 2408/180/132 2359/133/87
f 2359/133/87 2361/135/88 2410/137/89
f 2408/180/132 2410/137/89 2411/138/90
f 2409/181/133 2408/180/132 2411/138/90
f 2411/138/90 2438/139/394 2409/181/133
f 2438/139/394 2437/140/92 2409/181/133
f 2407/182/134 2409/181/133 2437/140/92
f 2437/140/92 2436/141/93 2407/182/134
f 2405/183/135 2407/182/134 2436/141/93
f 2436/141/93 2435/142/94 2405/183/135
f 2403/184/136 2405/183/135 2435/142/94
f 2435/142/94 2434/143/464 2403/184/136
f 2401/185/137 2403/184/136 2434/143/464
f 2434/143/464 2433/144/96 2401/185/137
f 2399/186/138 2401/185/137 2433/144/96
f 2433/144/96 2432/145/97 2399/186/138
f 2397/187/139 2399/186/138 2432/145/97
f 2432/145/97 2431/146/98 2397/187/139
f 2395/188/140 2397/187/139 2431/146/98
f 2431/146/98 2430/147/99 2395/188/140
f 2393/189/141 2395/188/140 2430/147/99
f 2430/147/99 2429/148/100 2393/189/141
f 2391/190/142 2393/189/141 2429/148/100
f 2429/148/100 2428/149/101 2391/190/142
f 2389/191/143 2391/190/142 2428/149/101
f 2428/149/101 2427/150/102 2389/191/143
f 2387/192/144 2389/191/143 2427/150/102
f 2427/150/102 2426/151/103 2387/192/144
f 2385/193/145 2387/192/144 2426/151/103
f 2426/151/103 2425/152/104 2385/193/145
f 2383/194/146 2385/193/145 2425/152/104
f 2425/152/104 2424/153/105 2383/194/146
f 2381/195/147 2383/194/146 2424/153/105
f 2424/153/105 2423/154/106 2381/195/147
f 2379/196/148 2381/195/147 2423/154/106
f 2423/154/106 2422/155/107 2379/196/148
f 2377/197/149 2379/196/148 2422/155/107
f 2422/155/107 2421/156/108 2377/197/149
f 2375/198/150 2377/197/149 2421/156/108
f 2421/156/108 2420/157/109 2375/198/150
f 2373/199/151 2375/198/150 2420/157/109
f 2420/157/109 2419/158/110 2373/199/151
f 2371/160/112 2373/199/151 2419/158/110
f 2419/158/110 2418/159/111 2371/160/112
f 2373/199/151 2371/160/112 2370/161/397
f 2370/161/397 2372/162/114 2373/199/151
f 2375/198/150 2373/199/151 2372/162/114
f 2372/162/114 2374/163/115 2375/198/150
f 2377/197/149 2375/198/150 2374/163/115
f 2374/163/115 2376/164/116 2377/197/149
f 2379/196/148 2377/197/149 2376/164/116
f 2376/164/116 2378/165/117 2379/196/148
f 2381/195/147 2379/196/148 2378/165/117
f 2378/165/117 2380/166/118 2381/195/147
f 2383/194/146 2381/195/147 2380/166/118
f 2380/166/118 2382/167/578 2383/194/146
f 2385/193/145 2383/194/146 2382/167/578
f 2382/167/578 2384/168/120 2385/193/145
f 2387/192/144 2385/193/145 2384/168/120
f 2384/168/120 2386/169/121 2387/192/144
f 2389/191/143 2387/192/144 2386/169/121
f 2386/169/121 2388/170/122 2389/191/143
f 2391/190/142 2389/191/143 2388/170/122
f 2388/170/122 2390/171/123 2391/190/142
f 2393/189/141 2391/190/142 2390/171/123
f 2390/171/123 2392/172/124 2393/189/141
f 2395/188/140 2393/189/141 2392/172/124
f 2392/172/124 2394/173/125 2395/188/140
f 2397/187/139 2395/188/140 2394/173/125
f 2394/173/125 2396/174/579 2397/187/139
f 2399/186/138 2397/187/139 2396/174/579
f 2396/174/579 2398/175/127 2399/186/138
f 2401/185/137 2399/186/138 2398/175/127
f 2398/175/127 2400/176/128 2401/185/137
f 2403/184/136 2401/185/137 2400/176/128
f 2400/176/128 2402/177/129 2403/184/136
f 2405/183/135 2403/184/136 2402/177/129
f 2402/177/129 2404/178/130 2405/183/135
f 2407/182/134 2405/183/135 2404/178/130
f 2404/178/130 2406/179/399 2407/182/134
f 2409/181/133 2407/182/134 2406/179/399
f 2406/179/399 2408/180/132 2409/181/133
f 2564/5/152 2563/2/153 2561/1/154
f 2562/6/155 2564/5/152 2561/1/154
f 2561/1/154 2559/136/580 2562/6/155
f 2560/137/157 2562/6/155 2559/136/580
f 2559/136/580 2557/134/402 2560/137/157
f 2558/180/159 2560/137/157 2557/134/402
f 2557/134/402 2555/132/160 2558/180/159
f 2556/179/161 2558/180/159 2555/132/160
f 2555/132/160 2553/130/551 2556/179/161
f 2554/178/163 2556/179/161 2553/130/551
f 2553/130/551 2551/128/581 2554/178/163
f 2552/177/165 2554/178/163 2551/128/581
f 2551/128/581 2549/126/166 2552/177/165
f 2550/176/167 2552/177/165 2549/126/166
f 2549/126/166 2547/124/582 2550/176/167
f 2548/175/169 2550/176/167 2547/124/582
f 2547/124/582 2545/122/583 2548/175/169
f 2546/174/171 2548/175/169 2545/122/583
f 2545/122/583 2543/120/172 2546/174/171
f 2544/173/472 2546/174/171 2543/120/172
f 2543/120/172 2541/118/407 2544/173/472
f 2542/172/175 2544/173/472 2541/118/407
f 2541/118/407 2539/116/584 2542/172/175
f 2540/171/177 2542/172/175 2539/116/584
f 2539/116/584 2537/114/178 2540/171/177
f 2538/170/179 2540/171/177 2537/114/178
f 2537/114/178 2535/112/180 2538/170/179
f 2536/169/181 2538/170/179 2535/112/180
f 2535/112/180 2533/110/585 2536/169/181
f 2534/168/183 2536/169/181 2533/110/585
f 2533/110/585 2531/108/184 2534/168/183
f 2532/167/185 2534/168/183 2531/108/184
f 2531/108/184 2529/106/555 2532/167/185
f 2530/166/187 2532/167/185 2529/106/555
f 2529/106/555 2527/104/411 2530/166/187
f 2528/165/412 2530/166/187 2527/104/411
f 2527/104/411 2525/102/190 2528/165/412
f 2526/164/191 2528/165/412 2525/102/190
f 2525/102/190 2523/100/557 2526/164/191
f 2524/163/414 2526/164/191 2523/100/557
f 2523/100/557 2521/98/415 2524/163/414
f 2522/162/195 2524/163/414 2521/98/415
f 2521/98/415 2519/96/196 2522/162/195
f 2520/161/197 2522/162/195 2519/96/196
f 2519/96/196 2515/94/198 2520/161/197
f 2517/90/199 2520/161/197 2515/94/198
f 2515/94/198 2516/93/200 2517/90/199
f 2516/93/200 2518/89/481 2517/90/199
f 2565/88/202 2517/90/199 2518/89/481
f 2518/89/481 2566/87/203 2565/88/202
f 2590/86/204 2565/88/202 2566/87/203
f 2566/87/203 2591/85/205 2590/86/204
f 2615/81/206 2590/86/204 2591/85/205
f 2591/85/205 2616/84/207 2615/81/206
f 2590/86/204 2615/81/206 2617/78/208
f 2592/159/209 2590/86/204 2617/78/208
f 2617/78/208 2618/75/418 2592/159/209
f 2593/158/211 2592/159/209 2618/75/418
f 2618/75/418 2619/72/212 2593/158/211
f 2594/157/213 2593/158/211 2619/72/212
f 2619/72/212 2620/69/214 2594/157/213
f 2595/156/215 2594/157/213 2620/69/214
f 2620/69/214 2621/66/216 2595/156/215
f 2596/155/217 2595/156/215 2621/66/216
f 2621/66/216 2622/63/586 2596/155/217
f 2597/154/219 2596/155/217 2622/63/586
f 2622/63/586 2623/60/220 2597/154/219
f 2598/153/221 2597/154/219 2623/60/220
f 2623/60/220 2624/57/420 2598/153/221
f 2599/152/223 2598/153/221 2624/57/420
f 2624/57/420 2625/54/224 2599/152/223
f 2600/151/587 2599/152/223 2625/54/224
f 2625/54/224 2626/51/484 2600/151/587
f 2601/150/227 2600/151/587 2626/51/484
f 2626/51/484 2627/48/228 2601/150/227
f 2602/149/229 2601/150/227 2627/48/228
f 2627/48/228 2628/45/230 2602/149/229
f 2603/148/231 2602/149/229 2628/45/230
f 2628/45/230 2629/42/232 2603/148/231
f 2604/147/233 2603/148/231 2629/42/232
f 2629/42/232 2630/39/234 2604/147/233
f 2605/146/235 2604/147/233 2630/39/234
f 2630/39/234 2631/36/236 2605/146/235
f 2606/145/237 2605/146/235 2631/36/236
f 2631/36/236 2632/33/424 2606/145/237
f 2607/144/239 2606/145/237 2632/33/424
f 2632/33/424 2633/30/240 2607/144/239
f 2608/143/425 2607/144/239 2633/30/240
f 2633/30/240 2634/27/588 2608/143/425
f 2609/142/243 2608/143/425 2634/27/588
f 2634/27/588 2635/24/244 2609/142/243
f 2610/141/245 2609/142/243 2635/24/244
f 2635/24/244 2636/21/487 2610/141/245
f 2611/140/247 2610/141/245 2636/21/487
f 2636/21/487 2637/18/248 2611/140/247
f 2612/139/249 2611/140/247 2637/18/248
f 2637/18/248 2638/12/428 2612/139/249
f 2613/10/251 2612/139/249 2638/12/428
f 2638/12/428 2639/11/207 2613/10/251
f 2639/11/207 2614/9/252 2613/10/251
f 2588/8/429 2613/10/251 2614/9/252
f 2614/9/252 2589/7/254 2588/8/429
f 2562/6/155 2588/8/429 2589/7/254
f 2589/7/254 2564/5/152 2562/6/155
f 2588/8/429 2562/6/155 2560/137/157
f 2587/138/255 2588/8/429 2560/137/157
f 2560/137/157 2558/180/159 2587/138/255
f 2586/181/256 2587/138/255 2558/180/159
f 2558/180/159 2556/179/161 2586/181/256
f 2585/182/257 2586/181/256 2556/179/161
f 2556/179/161 2554/178/163 2585/182/257
f 2584/183/258 2585/182/257 2554/178/163
f 2554/178/163 2552/177/165 2584/183/258
f 2583/184/259 2584/183/258 2552/177/165
f 2552/177/165 2550/176/167 2583/184/259
f 2582/185/260 2583/184/259 2550/176/167
f 2550/176/167 2548/175/169 2582/185/260
f 2581/186/261 2582/185/260 2548/175/169
f 2548/175/169 2546/174/171 2581/186/261
f 2580/187/430 2581/186/261 2546/174/171
f 2546/174/171 2544/173/472 2580/187/430
f 2579/188/263 2580/187/430 2544/173/472
f 2544/173/472 2542/172/175 2579/188/263
f 2578/189/264 2579/188/263 2542/172/175
f 2542/172/175 2540/171/177 2578/189/264
f 2577/190/265 2578/189/264 2540/171/177
f 2540/171/177 2538/170/179 2577/190/265
f 2576/191/266 2577/190/265 2538/170/179
f 2538/170/179 2536/169/181 2576/191/266
f 2575/192/431 2576/191/266 2536/169/181
f 2536/169/181 2534/168/183 2575/192/431
f 2574/193/268 2575/192/431 2534/168/183
f 2534/168/183 2532/167/185 2574/193/268
f 2573/194/269 2574/193/268 2532/167/185
f 2532/167/185 2530/166/187 2573/194/269
f 2572/195/270 2573/194/269 2530/166/187
f 2530/166/187 2528/165/412 2572/195/270
f 2571/196/433 2572/195/270 2528/165/412
f 2528/165/412 2526/164/191 2571/196/433
f 2570/197/272 2571/196/433 2526/164/191
f 2526/164/191 2524/163/414 2570/197/272
f 2569/198/273 2570/197/272 2524/163/414
f 2524/163/414 2522/162/195 2569/198/273
f 2568/199/274 2569/198/273 2522/162/195
f 2522/162/195 2520/161/197 2568/199/274
f 2567/160/275 2568/199/274 2520/161/197
f 2520/161/197 2517/90/199 2567/160/275
f 2517/90/199 2565/88/202 2567/160/275
f 2592/159/209 2567/160/275 2565/88/202
f 2565/88/202 2590/86/204 2592/159/209
f 2567/160/275 2592/159/209 2593/158/211
f 2568/199/274 2567/160/275 2593/158/211
f 2593/158/211 2594/157/213 2568/199/274
f 2569/198/273 2568/199/274 2594/157/213
f 2594/157/213 2595/156/215 2569/198/273
f 2570/197/272 2569/198/273 2595/156/215
f 2595/156/215 2596/155/217 2570/197/272
f 2571/196/433 2570/197/272 2596/155/217
f 2596/155/217 2597/154/219 2571/196/433
f 2572/195/270 2571/196/433 2597/154/219
f 2597/154/219 2598/153/221 2572/195/270
f 2573/194/269 2572/195/270 2598/153/221
f 2598/153/221 2599/152/223 2573/194/269
f 2574/193/268 2573/194/269 2599/152/223
f 2599/152/223 2600/151/587 2574/193/268
f 2575/192/431 2574/193/268 2600/151/587
f 2600/151/587 2601/150/227 2575/192/431
f 2576/191/266 2575/192/431 2601/150/227
f 2601/150/227 2602/149/229 2576/191/266
f 2577/190/265 2576/191/266 2602/149/229
f 2602/149/229 2603/148/231 2577/190/265
f 2578/189/264 2577/190/265 2603/148/231
f 2603/148/231 2604/147/233 2578/189/264
f 2579/188/263 2578/189/264 2604/147/233
f 2604/147/233 2605/146/235 2579/188/263
f 2580/187/430 2579/188/263 2605/146/235
f 2605/146/235 2606/145/237 2580/187/430
f 2581/186/261 2580/187/430 2606/145/237
f 2606/145/237 2607/144/239 2581/186/261
f 2582/185/260 2581/186/261 2607/144/239
f 2607/144/239 2608/143/425 2582/185/260
f 2583/184/259 2582/185/260 2608/143/425
f 2608/143/425 2609/142/243 2583/184/259
f 2584/183/258 2583/184/259 2609/142/243
f 2609/142/243 2610/141/245 2584/183/258
f 2585/182/257 2584/183/258 2610/141/245
f 2610/141/245 2611/140/247 2585/182/257
f 2586/181/256 2585/182/257 2611/140/247
f 2611/140/247 2612/139/249 2586/181/256
f 2587/138/255 2586/181/256 2612/139/249
f 2612/139/249 2613/10/251 2587/138/255
f 2588/8/429 2587/138/255 2613/10/251
f 2642/81/589 2640/84/277 2641/82/278
f 2643/79/279 2642/81/589 2641/82/278
f 2641/82/278 2690/83/280 2643/79/279
f 2644/78/281 2642/81/589 2643/79/279
f 2645/76/282 2644/78/281 2643/79/279
f 2643/79/279 2691/80/280 2645/76/282
f 2646/75/590 2644/78/281 2645/76/282
f 2647/73/284 2646/75/590 2645/76/282
f 2645/76/282 2692/77/280 2647/73/284
f 2648/72/493 2646/75/590 2647/73/284
f 2649/70/286 2648/72/493 2647/73/284
f 2647/73/284 2693/74/280 2649/70/286
f 2650/69/287 2648/72/493 2649/70/286
f 2651/67/288 2650/69/287 2649/70/286
f 2649/70/286 2694/71/280 2651/67/288
f 2652/66/591 2650/69/287 2651/67/288
f 2653/64/496 2652/66/591 2651/67/288
f 2651/67/288 2695/68/280 2653/64/496
f 2654/63/497 2652/66/591 2653/64/496
f 2655/61/292 2654/63/497 2653/64/496
f 2653/64/496 2696/65/280 2655/61/292
f 2656/60/293 2654/63/497 2655/61/292
f 2657/58/294 2656/60/293 2655/61/292
f 2655/61/292 2697/62/280 2657/58/294
f 2658/57/592 2656/60/293 2657/58/294
f 2659/55/296 2658/57/592 2657/58/294
f 2657/58/294 2698/59/280 2659/55/296
f 2660/54/565 2658/57/592 2659/55/296
f 2661/52/436 2660/54/565 2659/55/296
f 2659/55/296 2699/56/280 2661/52/436
f 2662/51/299 2660/54/565 2661/52/436
f 2663/49/300 2662/51/299 2661/52/436
f 2661/52/436 2700/53/280 2663/49/300
f 2664/48/593 2662/51/299 2663/49/300
f 2665/46/437 2664/48/593 2663/49/300
f 2663/49/300 2701/50/280 2665/46/437
f 2666/45/594 2664/48/593 2665/46/437
f 2667/43/304 2666/45/594 2665/46/437
f 2665/46/437 2702/47/280 2667/43/304
f 2668/42/305 2666/45/594 2667/43/304
f 2669/40/306 2668/42/305 2667/43/304
f 2667/43/304 2703/44/280 2669/40/306
f 2670/39/307 2668/42/305 2669/40/306
f 2671/37/308 2670/39/307 2669/40/306
f 2669/40/306 2704/41/280 2671/37/308
f 2672/36/595 2670/39/307 2671/37/308
f 2673/34/310 2672/36/595 2671/37/308
f 2671/37/308 2705/38/280 2673/34/310
f 2674/33/311 2672/36/595 2673/34/310
f 2675/31/312 2674/33/311 2673/34/310
f 2673/34/310 2706/35/280 2675/31/312
f 2676/30/313 2674/33/311 2675/31/312
f 2677/28/314 2676/30/313 2675/31/312
f 2675/31/312 2707/32/280 2677/28/314
f 2678/27/537 2676/30/313 2677/28/314
f 2679/25/316 2678/27/537 2677/28/314
f 2677/28/314 2708/29/280 2679/25/316
f 2680/24/317 2678/27/537 2679/25/316
f 2681/22/318 2680/24/317 2679/25/316
f 2679/25/316 2709/26/280 2681/22/318
f 2682/21/571 2680/24/317 2681/22/318
f 2683/19/320 2682/21/571 2681/22/318
f 2681/22/318 2710/23/280 2683/19/320
f 2684/18/321 2682/21/571 2683/19/320
f 2685/16/322 2684/18/321 2683/19/320
f 2683/19/320 2711/20/280 2685/16/322
f 2686/12/323 2684/18/321 2685/16/322
f 2687/13/324 2686/12/323 2685/16/322
f 2685/16/322 2712/17/280 2687/13/324
f 2688/11/325 2686/12/323 2687/13/324
f 2689/14/326 2688/11/325 2687/13/324
f 2687/13/324 2713/15/280 2689/14/326
f 2720/116/327 2718/110/341 2719/200/329
f 2719/200/329 2721/201/442 2720/116/327
f 2723/201/443 2719/200/332 2722/202/444
f 2724/203/349 2723/201/443 2722/202/444
f 2722/202/444 2725/204/450 2724/203/349
f 2726/205/336 2724/203/349 2725/204/450
f 2725/204/450 2727/206/596 2726/205/336
f 2728/207/338 2726/205/336 2727/206/596
f 2723/201/443 2724/203/349 2738/122/339
f 2738/122/339 2737/116/340 2723/201/443
f 2733/208/448 2735/209/329 2736/210/341
f 2736/210/341 2734/211/449 2733/208/448
f 2714/212/450 2733/208/448 2734/211/449
f 2734/211/449 2715/213/344 2714/212/450
f 2716/214/505 2714/212/450 2715/213/344
f 2715/213/344 2717/215/451 2716/214/505
f 2729/216/346 2716/214/505 2717/215/451
f 2717/215/451 2730/217/347 2729/216/346
f 2731/218/336 2729/216/346 2730/217/347
f 2730/217/347 2732/219/348 2731/218/336
f 2739/220/349 2731/218/336 2732/219/348
f 2732/219/348 2740/221/339 2739/220/349
f 2765/14/351 2766/11/352 2764/18/353
f 2763/16/354 2765/14/351 2764/18/353
f 2764/18/353 2762/24/355 2763/16/354
f 2761/22/573 2763/16/354 2762/24/355
f 2762/24/355 2760/30/508 2761/22/573
f 2759/28/358 2761/22/573 2760/30/508
f 2760/30/508 2758/36/509 2759/28/358
f 2757/34/360 2759/28/358 2758/36/509
f 2758/36/509 2756/42/361 2757/34/360
f 2755/40/575 2757/34/360 2756/42/361
f 2756/42/361 2754/48/510 2755/40/575
f 2753/46/364 2755/40/575 2754/48/510
f 2754/48/510 2752/54/541 2753/46/364
f 2751/52/366 2753/46/364 2752/54/541
f 2752/54/541 2750/60/367 2751/52/366
f 2749/58/576 2751/52/366 2750/60/367
f 2750/60/367 2748/66/369 2749/58/576
f 2747/64/370 2749/58/576 2748/66/369
f 2748/66/369 2746/72/597 2747/64/370
f 2745/70/372 2747/64/370 2746/72/597
f 2746/72/597 2744/78/373 2745/70/372
f 2742/76/374 2745/70/372 2744/78/373
f 2744/78/373 2743/84/375 2742/76/374
f 2743/84/375 2741/82/376 2742/76/374
f 2767/83/1 2742/76/374 2741/82/376
f 2742/76/374 2768/77/1 2745/70/372
f 2745/70/372 2769/71/1 2747/64/370
f 2747/64/370 2770/65/1 2749/58/576
f 2749/58/576 2771/59/1 2751/52/366
f 2751/52/366 2772/53/1 2753/46/364
f 2753/46/364 2773/47/1 2755/40/575
f 2755/40/575 2774/41/1 2757/34/360
f 2757/34/360 2775/35/1 2759/28/358
f 2759/28/358 2776/29/1 2761/22/573
f 2761/22/573 2777/23/1 2763/16/354
f 2763/16/354 2778/17/1 2765/14/351
f 2825/1/1 2827/2/1 2828/3/66
f 2826/4/377 2825/1/1 2828/3/66
f 2828/3/66 2877/5/4 2826/4/377
f 2875/6/5 2826/4/377 2877/5/4
f 2877/5/4 2878/7/6 2875/6/5
f 2876/8/7 2875/6/5 2878/7/6
f 2878/7/6 2903/9/8 2876/8/7
f 2902/10/9 2876/8/7 2903/9/8
f 2903/9/8 2928/11/10 2902/10/9
f 2927/12/11 2902/10/9 2928/11/10
f 2952/13/12 2927/12/11 2928/11/10
f 2928/11/10 2953/14/58 2952/13/12
f 2977/15/1 2952/13/12 2953/14/58
f 2951/16/14 2927/12/11 2952/13/12
f 2952/13/12 2976/17/1 2951/16/14
f 2926/18/545 2927/12/11 2951/16/14
f 2950/19/16 2926/18/545 2951/16/14
f 2951/16/14 2975/20/1 2950/19/16
f 2925/21/378 2926/18/545 2950/19/16
f 2949/22/18 2925/21/378 2950/19/16
f 2950/19/16 2974/23/1 2949/22/18
f 2924/24/19 2925/21/378 2949/22/18
f 2948/25/20 2924/24/19 2949/22/18
f 2949/22/18 2973/26/1 2948/25/20
f 2923/27/21 2924/24/19 2948/25/20
f 2947/28/22 2923/27/21 2948/25/20
f 2948/25/20 2972/29/1 2947/28/22
f 2922/30/23 2923/27/21 2947/28/22
f 2946/31/458 2922/30/23 2947/28/22
f 2947/28/22 2971/32/1 2946/31/458
f 2921/33/25 2922/30/23 2946/31/458
f 2945/34/26 2921/33/25 2946/31/458
f 2946/31/458 2970/35/1 2945/34/26
f 2920/36/379 2921/33/25 2945/34/26
f 2944/37/28 2920/36/379 2945/34/26
f 2945/34/26 2969/38/1 2944/37/28
f 2919/39/380 2920/36/379 2944/37/28
f 2943/40/30 2919/39/380 2944/37/28
f 2944/37/28 2968/41/1 2943/40/30
f 2918/42/31 2919/39/380 2943/40/30
f 2942/43/32 2918/42/31 2943/40/30
f 2943/40/30 2967/44/1 2942/43/32
f 2917/45/33 2918/42/31 2942/43/32
f 2941/46/459 2917/45/33 2942/43/32
f 2942/43/32 2966/47/1 2941/46/459
f 2916/48/381 2917/45/33 2941/46/459
f 2940/49/36 2916/48/381 2941/46/459
f 2941/46/459 2965/50/1 2940/49/36
f 2915/51/37 2916/48/381 2940/49/36
f 2939/52/38 2915/51/37 2940/49/36
f 2940/49/36 2964/53/1 2939/52/38
f 2914/54/547 2915/51/37 2939/52/38
f 2938/55/40 2914/54/547 2939/52/38
f 2939/52/38 2963/56/1 2938/55/40
f 2913/57/382 2914/54/547 2938/55/40
f 2937/58/42 2913/57/382 2938/55/40
f 2938/55/40 2962/59/1 2937/58/42
f 2912/60/43 2913/57/382 2937/58/42
f 2936/61/44 2912/60/43 2937/58/42
f 2937/58/42 2961/62/1 2936/61/44
f 2911/63/45 2912/60/43 2936/61/44
f 2935/64/46 2911/63/45 2936/61/44
f 2936/61/44 2960/65/1 2935/64/46
f 2910/66/47 2911/63/45 2935/64/46
f 2934/67/48 2910/66/47 2935/64/46
f 2935/64/46 2959/68/1 2934/67/48
f 2909/69/49 2910/66/47 2934/67/48
f 2933/70/384 2909/69/49 2934/67/48
f 2934/67/48 2958/71/1 2933/70/384
f 2908/72/51 2909/69/49 2933/70/384
f 2932/73/52 2908/72/51 2933/70/384
f 2933/70/384 2957/74/1 2932/73/52
f 2907/75/53 2908/72/51 2932/73/52
f 2931/76/54 2907/75/53 2932/73/52
f 2932/73/52 2956/77/1 2931/76/54
f 2906/78/55 2907/75/53 2931/76/54
f 2930/79/56 2906/78/55 2931/76/54
f 2931/76/54 2955/80/1 2930/79/56
f 2904/81/57 2906/78/55 2930/79/56
f 2929/82/58 2904/81/57 2930/79/56
f 2930/79/56 2954/83/1 2929/82/58
f 2904/81/57 2929/82/58 2905/84/461
f 2905/84/461 2880/85/598 2904/81/57
f 2879/86/61 2904/81/57 2880/85/598
f 2880/85/598 2832/87/387 2879/86/61
f 2830/88/388 2879/86/61 2832/87/387
f 2832/87/387 2831/89/64 2830/88/388
f 2829/90/599 2830/88/388 2831/89/64
f 2831/89/64 2782/91/66 2829/90/599
f 2780/92/67 2829/90/599 2782/91/66
f 2782/91/66 2781/93/1 2780/92/67
f 2781/93/1 2779/94/1 2780/92/67
f 2784/95/68 2780/92/67 2779/94/1
f 2779/94/1 2783/96/1 2784/95/68
f 2786/97/69 2784/95/68 2783/96/1
f 2783/96/1 2785/98/1 2786/97/69
f 2788/99/389 2786/97/69 2785/98/1
f 2785/98/1 2787/100/1 2788/99/389
f 2790/101/390 2788/99/389 2787/100/1
f 2787/100/1 2789/102/1 2790/101/390
f 2792/103/72 2790/101/390 2789/102/1
f 2789/102/1 2791/104/1 2792/103/72
f 2794/105/391 2792/103/72 2791/104/1
f 2791/104/1 2793/106/1 2794/105/391
f 2796/107/74 2794/105/391 2793/106/1
f 2793/106/1 2795/108/1 2796/107/74
f 2798/109/75 2796/107/74 2795/108/1
f 2795/108/1 2797/110/1 2798/109/75
f 2800/111/76 2798/109/75 2797/110/1
f 2797/110/1 2799/112/1 2800/111/76
f 2802/113/548 2800/111/76 2799/112/1
f 2799/112/1 2801/114/1 2802/113/548
f 2804/115/78 2802/113/548 2801/114/1
f 2801/114/1 2803/116/1 2804/115/78
f 2806/117/79 2804/115/78 2803/116/1
f 2803/116/1 2805/118/1 2806/117/79
f 2808/119/80 2806/117/79 2805/118/1
f 2805/118/1 2807/120/1 2808/119/80
f 2810/121/81 2808/119/80 2807/120/1
f 2807/120/1 2809/122/1 2810/121/81
f 2812/123/82 2810/121/81 2809/122/1
f 2809/122/1 2811/124/1 2812/123/82
f 2814/125/600 2812/123/82 2811/124/1
f 2811/124/1 2813/126/1 2814/125/600
f 2816/127/393 2814/125/600 2813/126/1
f 2813/126/1 2815/128/1 2816/127/393
f 2818/129/85 2816/127/393 2815/128/1
f 2815/128/1 2817/130/1 2818/129/85
f 2820/131/86 2818/129/85 2817/130/1
f 2817/130/1 2819/132/1 2820/131/86
f 2822/133/87 2820/131/86 2819/132/1
f 2819/132/1 2821/134/1 2822/133/87
f 2824/135/88 2822/133/87 2821/134/1
f 2821/134/1 2823/136/1 2824/135/88
f 2826/4/377 2824/135/88 2823/136/1
f 2823/136/1 2825/1/1 2826/4/377
f 2824/135/88 2826/4/377 2875/6/5
f 2873/137/89 2824/135/88 2875/6/5
f 2875/6/5 2876/8/7 2873/137/89
f 2874/138/90 2873/137/89 2876/8/7
f 2876/8/7 2902/10/9 2874/138/90
f 2901/139/394 2874/138/90 2902/10/9
f 2902/10/9 2927/12/11 2901/139/394
f 2927/12/11 2926/18/545 2901/139/394
f 2900/140/92 2901/139/394 2926/18/545
f 2926/18/545 2925/21/378 2900/140/92
f 2899/141/93 2900/140/92 2925/21/378
f 2925/21/378 2924/24/19 2899/141/93
f 2898/142/94 2899/141/93 2924/24/19
f 2924/24/19 2923/27/21 2898/142/94
f 2897/143/95 2898/142/94 2923/27/21
f 2923/27/21 2922/30/23 2897/143/95
f 2896/144/96 2897/143/95 2922/30/23
f 2922/30/23 2921/33/25 2896/144/96
f 2895/145/97 2896/144/96 2921/33/25
f 2921/33/25 2920/36/379 2895/145/97
f 2894/146/98 2895/145/97 2920/36/379
f 2920/36/379 2919/39/380 2894/146/98
f 2893/147/99 2894/146/98 2919/39/380
f 2919/39/380 2918/42/31 2893/147/99
f 2892/148/100 2893/147/99 2918/42/31
f 2918/42/31 2917/45/33 2892/148/100
f 2891/149/101 2892/148/100 2917/45/33
f 2917/45/33 2916/48/381 2891/149/101
f 2890/150/102 2891/149/101 2916/48/381
f 2916/48/381 2915/51/37 2890/150/102
f 2889/151/103 2890/150/102 2915/51/37
f 2915/51/37 2914/54/547 2889/151/103
f 2888/152/104 2889/151/103 2914/54/547
f 2914/54/547 2913/57/382 2888/152/104
f 2887/153/105 2888/152/104 2913/57/382
f 2913/57/382 2912/60/43 2887/153/105
f 2886/154/106 2887/153/105 2912/60/43
f 2912/60/43 2911/63/45 2886/154/106
f 2885/155/107 2886/154/106 2911/63/45
f 2911/63/45 2910/66/47 2885/155/107
f 2884/156/108 2885/155/107 2910/66/47
f 2910/66/47 2909/69/49 2884/156/108
f 2883/157/109 2884/156/108 2909/69/49
f 2909/69/49 2908/72/51 2883/157/109
f 2882/158/110 2883/157/109 2908/72/51
f 2908/72/51 2907/75/53 2882/158/110
f 2881/159/111 2882/158/110 2907/75/53
f 2907/75/53 2906/78/55 2881/159/111
f 2879/86/61 2881/159/111 2906/78/55
f 2906/78/55 2904/81/57 2879/86/61
f 2881/159/111 2879/86/61 2830/88/388
f 2834/160/112 2881/159/111 2830/88/388
f 2830/88/388 2829/90/599 2834/160/112
f 2833/161/113 2834/160/112 2829/90/599
f 2829/90/599 2780/92/67 2833/161/113
f 2780/92/67 2784/95/68 2833/161/113
f 2835/162/398 2833/161/113 2784/95/68
f 2784/95/68 2786/97/69 2835/162/398
f 2837/163/115 2835/162/398 2786/97/69
f 2786/97/69 2788/99/389 2837/163/115
f 2839/164/116 2837/163/115 2788/99/389
f 2788/99/389 2790/101/390 2839/164/116
f 2841/165/117 2839/164/116 2790/101/390
f 2790/101/390 2792/103/72 2841/165/117
f 2843/166/118 2841/165/117 2792/103/72
f 2792/103/72 2794/105/391 2843/166/118
f 2845/167/119 2843/166/118 2794/105/391
f 2794/105/391 2796/107/74 2845/167/119
f 2847/168/120 2845/167/119 2796/107/74
f 2796/107/74 2798/109/75 2847/168/120
f 2849/169/121 2847/168/120 2798/109/75
f 2798/109/75 2800/111/76 2849/169/121
f 2851/170/122 2849/169/121 2800/111/76
f 2800/111/76 2802/113/548 2851/170/122
f 2853/171/123 2851/170/122 2802/113/548
f 2802/113/548 2804/115/78 2853/171/123
f 2855/172/124 2853/171/123 2804/115/78
f 2804/115/78 2806/117/79 2855/172/124
f 2857/173/125 2855/172/124 2806/117/79
f 2806/117/79 2808/119/80 2857/173/125
f 2859/174/126 2857/173/125 2808/119/80
f 2808/119/80 2810/121/81 2859/174/126
f 2861/175/127 2859/174/126 2810/121/81
f 2810/121/81 2812/123/82 2861/175/127
f 2863/176/128 2861/175/127 2812/123/82
f 2812/123/82 2814/125/600 2863/176/128
f 2865/177/129 2863/176/128 2814/125/600
f 2814/125/600 2816/127/393 2865/177/129
f 2867/178/130 2865/177/129 2816/127/393
f 2816/127/393 2818/129/85 2867/178/130
f 2869/179/131 2867/178/130 2818/129/85
f 2818/129/85 2820/131/86 2869/179/131
f 2871/180/132 2869/179/131 2820/131/86
f 2820/131/86 2822/133/87 2871/180/132
f 2873/137/89 2871/180/132 2822/133/87
f 2822/133/87 2824/135/88 2873/137/89
f 2871/180/132 2873/137/89 2874/138/90
f 2872/181/133 2871/180/132 2874/138/90
f 2874/138/90 2901/139/394 2872/181/133
f 2901/139/394 2900/140/92 2872/181/133
f 2870/182/134 2872/181/133 2900/140/92
f 2900/140/92 2899/141/93 2870/182/134
f 2868/183/135 2870/182/134 2899/141/93
f 2899/141/93 2898/142/94 2868/183/135
f 2866/184/136 2868/183/135 2898/142/94
f 2898/142/94 2897/143/95 2866/184/136
f 2864/185/137 2866/184/136 2897/143/95
f 2897/143/95 2896/144/96 2864/185/137
f 2862/186/138 2864/185/137 2896/144/96
f 2896/144/96 2895/145/97 2862/186/138
f 2860/187/139 2862/186/138 2895/145/97
f 2895/145/97 2894/146/98 2860/187/139
f 2858/188/140 2860/187/139 2894/146/98
f 2894/146/98 2893/147/99 2858/188/140
f 2856/189/601 2858/188/140 2893/147/99
f 2893/147/99 2892/148/100 2856/189/601
f 2854/190/142 2856/189/601 2892/148/100
f 2892/148/100 2891/149/101 2854/190/142
f 2852/191/143 2854/190/142 2891/149/101
f 2891/149/101 2890/150/102 2852/191/143
f 2850/192/144 2852/191/143 2890/150/102
f 2890/150/102 2889/151/103 2850/192/144
f 2848/193/145 2850/192/144 2889/151/103
f 2889/151/103 2888/152/104 2848/193/145
f 2846/194/146 2848/193/145 2888/152/104
f 2888/152/104 2887/153/105 2846/194/146
f 2844/195/147 2846/194/146 2887/153/105
f 2887/153/105 2886/154/106 2844/195/147
f 2842/196/148 2844/195/147 2886/154/106
f 2886/154/106 2885/155/107 2842/196/148
f 2840/197/149 2842/196/148 2885/155/107
f 2885/155/107 2884/156/108 2840/197/149
f 2838/198/150 2840/197/149 2884/156/108
f 2884/156/108 2883/157/109 2838/198/150
f 2836/199/151 2838/198/150 2883/157/109
f 2883/157/109 2882/158/110 2836/199/151
f 2834/160/112 2836/199/151 2882/158/110
f 2882/158/110 2881/159/111 2834/160/112
f 2836/199/151 2834/160/112 2833/161/113
f 2833/161/113 2835/162/398 2836/199/151
f 2838/198/150 2836/199/151 2835/162/398
f 2835/162/398 2837/163/115 2838/198/150
f 2840/197/149 2838/198/150 2837/163/115
f 2837/163/115 2839/164/116 2840/197/149
f 2842/196/148 2840/197/149 2839/164/116
f 2839/164/116 2841/165/117 2842/196/148
f 2844/195/147 2842/196/148 2841/165/117
f 2841/165/117 2843/166/118 2844/195/147
f 2846/194/146 2844/195/147 2843/166/118
f 2843/166/118 2845/167/119 2846/194/146
f 2848/193/145 2846/194/146 2845/167/119
f 2845/167/119 2847/168/120 2848/193/145
f 2850/192/144 2848/193/145 2847/168/120
f 2847/168/120 2849/169/121 2850/192/144
f 2852/191/143 2850/192/144 2849/169/121
f 2849/169/121 2851/170/122 2852/191/143
f 2854/190/142 2852/191/143 2851/170/122
f 2851/170/122 2853/171/123 2854/190/142
f 2856/189/601 2854/190/142 2853/171/123
f 2853/171/123 2855/172/124 2856/189/601
f 2858/188/140 2856/189/601 2855/172/124
f 2855/172/124 2857/173/125 2858/188/140
f 2860/187/139 2858/188/140 2857/173/125
f 2857/173/125 2859/174/126 2860/187/139
f 2862/186/138 2860/187/139 2859/174/126
f 2859/174/126 2861/175/127 2862/186/138
f 2864/185/137 2862/186/138 2861/175/127
f 2861/175/127 2863/176/128 2864/185/137
f 2866/184/136 2864/185/137 2863/176/128
f 2863/176/128 2865/177/129 2866/184/136
f 2868/183/135 2866/184/136 2865/177/129
f 2865/177/129 2867/178/130 2868/183/135
f 2870/182/134 2868/183/135 2867/178/130
f 2867/178/130 2869/179/131 2870/182/134
f 2872/181/133 2870/182/134 2869/179/131
f 2869/179/131 2871/180/132 2872/181/133
f 3027/5/152 3026/2/467 3024/1/154
f 3025/6/155 3027/5/152 3024/1/154
f 3024/1/154 3022/136/602 3025/6/155
f 3023/137/157 3025/6/155 3022/136/602
f 3022/136/602 3020/134/158 3023/137/157
f 3021/180/159 3023/137/157 3020/134/158
f 3020/134/158 3018/132/160 3021/180/159
f 3019/179/403 3021/180/159 3018/132/160
f 3018/132/160 3016/130/404 3019/179/403
f 3017/178/163 3019/179/403 3016/130/404
f 3016/130/404 3014/128/603 3017/178/163
f 3015/177/165 3017/178/163 3014/128/603
f 3014/128/603 3012/126/166 3015/177/165
f 3013/176/167 3015/177/165 3012/126/166
f 3012/126/166 3010/124/168 3013/176/167
f 3011/175/169 3013/176/167 3010/124/168
f 3010/124/168 3008/122/170 3011/175/169
f 3009/174/171 3011/175/169 3008/122/170
f 3008/122/170 3006/120/172 3009/174/171
f 3007/173/472 3009/174/171 3006/120/172
f 3006/120/172 3004/118/174 3007/173/472
f 3005/172/175 3007/173/472 3004/118/174
f 3004/118/174 3002/116/604 3005/172/175
f 3003/171/177 3005/172/175 3002/116/604
f 3002/116/604 3000/114/178 3003/171/177
f 3001/170/179 3003/171/177 3000/114/178
f 3000/114/178 2998/112/409 3001/170/179
f 2999/169/181 3001/170/179 2998/112/409
f 2998/112/409 2996/110/585 2999/169/181
f 2997/168/183 2999/169/181 2996/110/585
f 2996/110/585 2994/108/184 2997/168/183
f 2995/167/185 2997/168/183 2994/108/184
f 2994/108/184 2992/106/186 2995/167/185
f 2993/166/187 2995/167/185 2992/106/186
f 2992/106/186 2990/104/477 2993/166/187
f 2991/165/412 2993/166/187 2990/104/477
f 2990/104/477 2988/102/190 2991/165/412
f 2989/164/191 2991/165/412 2988/102/190
f 2988/102/190 2986/100/413 2989/164/191
f 2987/163/414 2989/164/191 2986/100/413
f 2986/100/413 2984/98/194 2987/163/414
f 2985/162/195 2987/163/414 2984/98/194
f 2984/98/194 2982/96/196 2985/162/195
f 2983/161/197 2985/162/195 2982/96/196
f 2982/96/196 2978/94/198 2983/161/197
f 2980/90/199 2983/161/197 2978/94/198
f 2978/94/198 2979/93/200 2980/90/199
f 2979/93/200 2981/89/481 2980/90/199
f 3028/88/605 2980/90/199 2981/89/481
f 2981/89/481 3029/87/203 3028/88/605
f 3053/86/204 3028/88/605 3029/87/203
f 3029/87/203 3054/85/205 3053/86/204
f 3078/81/206 3053/86/204 3054/85/205
f 3054/85/205 3079/84/207 3078/81/206
f 3053/86/204 3078/81/206 3080/78/208
f 3055/159/209 3053/86/204 3080/78/208
f 3080/78/208 3081/75/418 3055/159/209
f 3056/158/211 3055/159/209 3081/75/418
f 3081/75/418 3082/72/606 3056/158/211
f 3057/157/213 3056/158/211 3082/72/606
f 3082/72/606 3083/69/525 3057/157/213
f 3058/156/215 3057/157/213 3083/69/525
f 3083/69/525 3084/66/216 3058/156/215
f 3059/155/217 3058/156/215 3084/66/216
f 3084/66/216 3085/63/218 3059/155/217
f 3060/154/219 3059/155/217 3085/63/218
f 3085/63/218 3086/60/220 3060/154/219
f 3061/153/221 3060/154/219 3086/60/220
f 3086/60/220 3087/57/607 3061/153/221
f 3062/152/223 3061/153/221 3087/57/607
f 3087/57/607 3088/54/224 3062/152/223
f 3063/151/225 3062/152/223 3088/54/224
f 3088/54/224 3089/51/484 3063/151/225
f 3064/150/227 3063/151/225 3089/51/484
f 3089/51/484 3090/48/228 3064/150/227
f 3065/149/229 3064/150/227 3090/48/228
f 3090/48/228 3091/45/230 3065/149/229
f 3066/148/231 3065/149/229 3091/45/230
f 3091/45/230 3092/42/232 3066/148/231
f 3067/147/233 3066/148/231 3092/42/232
f 3092/42/232 3093/39/528 3067/147/233
f 3068/146/235 3067/147/233 3093/39/528
f 3093/39/528 3094/36/236 3068/146/235
f 3069/145/608 3068/146/235 3094/36/236
f 3094/36/236 3095/33/238 3069/145/608
f 3070/144/239 3069/145/608 3095/33/238
f 3095/33/238 3096/30/240 3070/144/239
f 3071/143/425 3070/144/239 3096/30/240
f 3096/30/240 3097/27/242 3071/143/425
f 3072/142/486 3071/143/425 3097/27/242
f 3097/27/242 3098/24/244 3072/142/486
f 3073/141/245 3072/142/486 3098/24/244
f 3098/24/244 3099/21/487 3073/141/245
f 3074/140/247 3073/141/245 3099/21/487
f 3099/21/487 3100/18/248 3074/140/247
f 3075/139/427 3074/140/247 3100/18/248
f 3100/18/248 3101/12/428 3075/139/427
f 3076/10/251 3075/139/427 3101/12/428
f 3101/12/428 3102/11/207 3076/10/251
f 3102/11/207 3077/9/252 3076/10/251
f 3051/8/429 3076/10/251 3077/9/252
f 3077/9/252 3052/7/254 3051/8/429
f 3025/6/155 3051/8/429 3052/7/254
f 3052/7/254 3027/5/152 3025/6/155
f 3051/8/429 3025/6/155 3023/137/157
f 3050/138/255 3051/8/429 3023/137/157
f 3023/137/157 3021/180/159 3050/138/255
f 3049/181/256 3050/138/255 3021/180/159
f 3021/180/159 3019/179/403 3049/181/256
f 3048/182/257 3049/181/256 3019/179/403
f 3019/179/403 3017/178/163 3048/182/257
f 3047/183/258 3048/182/257 3017/178/163
f 3017/178/163 3015/177/165 3047/183/258
f 3046/184/259 3047/183/258 3015/177/165
f 3015/177/165 3013/176/167 3046/184/259
f 3045/185/260 3046/184/259 3013/176/167
f 3013/176/167 3011/175/169 3045/185/260
f 3044/186/261 3045/185/260 3011/175/169
f 3011/175/169 3009/174/171 3044/186/261
f 3043/187/430 3044/186/261 3009/174/171
f 3009/174/171 3007/173/472 3043/187/430
f 3042/188/263 3043/187/430 3007/173/472
f 3007/173/472 3005/172/175 3042/188/263
f 3041/189/264 3042/188/263 3005/172/175
f 3005/172/175 3003/171/177 3041/189/264
f 3040/190/265 3041/189/264 3003/171/177
f 3003/171/177 3001/170/179 3040/190/265
f 3039/191/266 3040/190/265 3001/170/179
f 3001/170/179 2999/169/181 3039/191/266
f 3038/192/431 3039/191/266 2999/169/181
f 2999/169/181 2997/168/183 3038/192/431
f 3037/193/268 3038/192/431 2997/168/183
f 2997/168/183 2995/167/185 3037/193/268
f 3036/194/269 3037/193/268 2995/167/185
f 2995/167/185 2993/166/187 3036/194/269
f 3035/195/432 3036/194/269 2993/166/187
f 2993/166/187 2991/165/412 3035/195/432
f 3034/196/433 3035/195/432 2991/165/412
f 2991/165/412 2989/164/191 3034/196/433
f 3033/197/272 3034/196/433 2989/164/191
f 2989/164/191 2987/163/414 3033/197/272
f 3032/198/273 3033/197/272 2987/163/414
f 2987/163/414 2985/162/195 3032/198/273
f 3031/199/274 3032/198/273 2985/162/195
f 2985/162/195 2983/161/197 3031/199/274
f 3030/160/275 3031/199/274 2983/161/197
f 2983/161/197 2980/90/199 3030/160/275
f 2980/90/199 3028/88/605 3030/160/275
f 3055/159/209 3030/160/275 3028/88/605
f 3028/88/605 3053/86/204 3055/159/209
f 3030/160/275 3055/159/209 3056/158/211
f 3031/199/274 3030/160/275 3056/158/211
f 3056/158/211 3057/157/213 3031/199/274
f 3032/198/273 3031/199/274 3057/157/213
f 3057/157/213 3058/156/215 3032/198/273
f 3033/197/272 3032/198/273 3058/156/215
f 3058/156/215 3059/155/217 3033/197/272
f 3034/196/433 3033/197/272 3059/155/217
f 3059/155/217 3060/154/219 3034/196/433
f 3035/195/432 3034/196/433 3060/154/219
f 3060/154/219 3061/153/221 3035/195/432
f 3036/194/269 3035/195/432 3061/153/221
f 3061/153/221 3062/152/223 3036/194/269
f 3037/193/268 3036/194/269 3062/152/223
f 3062/152/223 3063/151/225 3037/193/268
f 3038/192/431 3037/193/268 3063/151/225
f 3063/151/225 3064/150/227 3038/192/431
f 3039/191/266 3038/192/431 3064/150/227
f 3064/150/227 3065/149/229 3039/191/266
f 3040/190/265 3039/191/266 3065/149/229
f 3065/149/229 3066/148/231 3040/190/265
f 3041/189/264 3040/190/265 3066/148/231
f 3066/148/231 3067/147/233 3041/189/264
f 3042/188/263 3041/189/264 3067/147/233
f 3067/147/233 3068/146/235 3042/188/263
f 3043/187/430 3042/188/263 3068/146/235
f 3068/146/235 3069/145/608 3043/187/430
f 3044/186/261 3043/187/430 3069/145/608
f 3069/145/608 3070/144/239 3044/186/261
f 3045/185/260 3044/186/261 3070/144/239
f 3070/144/239 3071/143/425 3045/185/260
f 3046/184/259 3045/185/260 3071/143/425
f 3071/143/425 3072/142/486 3046/184/259
f 3047/183/258 3046/184/259 3072/142/486
f 3072/142/486 3073/141/245 3047/183/258
f 3048/182/257 3047/183/258 3073/141/245
f 3073/141/245 3074/140/247 3048/182/257
f 3049/181/256 3048/182/257 3074/140/247
f 3074/140/247 3075/139/427 3049/181/256
f 3050/138/255 3049/181/256 3075/139/427
f 3075/139/427 3076/10/251 3050/138/255
f 3051/8/429 3050/138/255 3076/10/251
f 3105/81/532 3103/84/277 3104/82/278
f 3106/79/279 3105/81/532 3104/82/278
f 3104/82/278 3153/83/280 3106/79/279
f 3107/78/281 3105/81/532 3106/79/279
f 3108/76/282 3107/78/281 3106/79/279
f 3106/79/279 3154/80/280 3108/76/282
f 3109/75/492 3107/78/281 3108/76/282
f 3110/73/284 3109/75/492 3108/76/282
f 3108/76/282 3155/77/280 3110/73/284
f 3111/72/493 3109/75/492 3110/73/284
f 3112/70/286 3111/72/493 3110/73/284
f 3110/73/284 3156/74/280 3112/70/286
f 3113/69/287 3111/72/493 3112/70/286
f 3114/67/288 3113/69/287 3112/70/286
f 3112/70/286 3157/71/280 3114/67/288
f 3115/66/289 3113/69/287 3114/67/288
f 3116/64/290 3115/66/289 3114/67/288
f 3114/67/288 3158/68/280 3116/64/290
f 3117/63/497 3115/66/289 3116/64/290
f 3118/61/292 3117/63/497 3116/64/290
f 3116/64/290 3159/65/280 3118/61/292
f 3119/60/293 3117/63/497 3118/61/292
f 3120/58/294 3119/60/293 3118/61/292
f 3118/61/292 3160/62/280 3120/58/294
f 3121/57/498 3119/60/293 3120/58/294
f 3122/55/296 3121/57/498 3120/58/294
f 3120/58/294 3161/59/280 3122/55/296
f 3123/54/609 3121/57/498 3122/55/296
f 3124/52/436 3123/54/609 3122/55/296
f 3122/55/296 3162/56/280 3124/52/436
f 3125/51/299 3123/54/609 3124/52/436
f 3126/49/300 3125/51/299 3124/52/436
f 3124/52/436 3163/53/280 3126/49/300
f 3127/48/301 3125/51/299 3126/49/300
f 3128/46/437 3127/48/301 3126/49/300
f 3126/49/300 3164/50/280 3128/46/437
f 3129/45/610 3127/48/301 3128/46/437
f 3130/43/304 3129/45/610 3128/46/437
f 3128/46/437 3165/47/280 3130/43/304
f 3131/42/305 3129/45/610 3130/43/304
f 3132/40/306 3131/42/305 3130/43/304
f 3130/43/304 3166/44/280 3132/40/306
f 3133/39/611 3131/42/305 3132/40/306
f 3134/37/308 3133/39/611 3132/40/306
f 3132/40/306 3167/41/280 3134/37/308
f 3135/36/309 3133/39/611 3134/37/308
f 3136/34/310 3135/36/309 3134/37/308
f 3134/37/308 3168/38/280 3136/34/310
f 3137/33/311 3135/36/309 3136/34/310
f 3138/31/312 3137/33/311 3136/34/310
f 3136/34/310 3169/35/280 3138/31/312
f 3139/30/313 3137/33/311 3138/31/312
f 3140/28/314 3139/30/313 3138/31/312
f 3138/31/312 3170/32/280 3140/28/314
f 3141/27/612 3139/30/313 3140/28/314
f 3142/25/316 3141/27/612 3140/28/314
f 3140/28/314 3171/29/280 3142/25/316
f 3143/24/317 3141/27/612 3142/25/316
f 3144/22/318 3143/24/317 3142/25/316
f 3142/25/316 3172/26/280 3144/22/318
f 3145/21/538 3143/24/317 3144/22/318
f 3146/19/320 3145/21/538 3144/22/318
f 3144/22/318 3173/23/280 3146/19/320
f 3147/18/613 3145/21/538 3146/19/320
f 3148/16/322 3147/18/613 3146/19/320
f 3146/19/320 3174/20/280 3148/16/322
f 3149/12/614 3147/18/613 3148/16/322
f 3150/13/324 3149/12/614 3148/16/322
f 3148/16/322 3175/17/280 3150/13/324
f 3151/11/325 3149/12/614 3150/13/324
f 3152/14/326 3151/11/325 3150/13/324
f 3150/13/324 3176/15/280 3152/14/326
f 3183/116/327 3181/110/341 3182/200/329
f 3182/200/329 3184/201/442 3183/116/327
f 3186/201/443 3182/200/332 3185/202/444
f 3187/203/349 3186/201/443 3185/202/444
f 3185/202/444 3188/204/450 3187/203/349
f 3189/205/336 3187/203/349 3188/204/450
f 3188/204/450 3190/206/596 3189/205/336
f 3191/207/338 3189/205/336 3190/206/596
f 3186/201/443 3187/203/349 3201/122/339
f 3201/122/339 3200/116/340 3186/201/443
f 3196/208/448 3198/209/329 3199/210/341
f 3199/210/341 3197/211/449 3196/208/448
f 3177/212/450 3196/208/448 3197/211/449
f 3197/211/449 3178/213/344 3177/212/450
f 3179/214/337 3177/212/450 3178/213/344
f 3178/213/344 3180/215/451 3179/214/337
f 3192/216/346 3179/214/337 3180/215/451
f 3180/215/451 3193/217/347 3192/216/346
f 3194/218/615 3192/216/346 3193/217/347
f 3193/217/347 3195/219/348 3194/218/615
f 3202/220/349 3194/218/615 3195/219/348
f 3195/219/348 3203/221/350 3202/220/349
f 3228/14/351 3229/11/352 3227/18/507
f 3226/16/354 3228/14/351 3227/18/507
f 3227/18/507 3225/24/355 3226/16/354
f 3224/22/573 3226/16/354 3225/24/355
f 3225/24/355 3223/30/454 3224/22/573
f 3222/28/358 3224/22/573 3223/30/454
f 3223/30/454 3221/36/509 3222/28/358
f 3220/34/360 3222/28/358 3221/36/509
f 3221/36/509 3219/42/361 3220/34/360
f 3218/40/575 3220/34/360 3219/42/361
f 3219/42/361 3217/48/510 3218/40/575
f 3216/46/364 3218/40/575 3217/48/510
f 3217/48/510 3215/54/365 3216/46/364
f 3214/52/366 3216/46/364 3215/54/365
f 3215/54/365 3213/60/367 3214/52/366
f 3212/58/576 3214/52/366 3213/60/367
f 3213/60/367 3211/66/616 3212/58/576
f 3210/64/370 3212/58/576 3211/66/616
f 3211/66/616 3209/72/371 3210/64/370
f 3208/70/372 3210/64/370 3209/72/371
f 3209/72/371 3207/78/373 3208/70/372
f 3205/76/457 3208/70/372 3207/78/373
f 3207/78/373 3206/84/375 3205/76/457
f 3206/84/375 3204/82/376 3205/76/457
f 3230/83/1 3205/76/457 3204/82/376
f 3205/76/457 3231/77/1 3208/70/372
f 3208/70/372 3232/71/1 3210/64/370
f 3210/64/370 3233/65/1 3212/58/576
f 3212/58/576 3234/59/1 3214/52/366
f 3214/52/366 3235/53/1 3216/46/364
f 3216/46/364 3236/47/1 3218/40/575
f 3218/40/575 3237/41/1 3220/34/360
f 3220/34/360 3238/35/1 3222/28/358
f 3222/28/358 3239/29/1 3224/22/573
f 3224/22/573 3240/23/1 3226/16/354
f 3226/16/354 3241/17/1 3228/14/351
f 3288/1/1 3290/2/1 3291/3/2
f 3289/4/377 3288/1/1 3291/3/2
f 3291/3/2 3340/5/4 3289/4/377
f 3338/6/5 3289/4/377 3340/5/4
f 3340/5/4 3341/7/6 3338/6/5
f 3339/8/7 3338/6/5 3341/7/6
f 3341/7/6 3366/9/8 3339/8/7
f 3365/10/9 3339/8/7 3366/9/8
f 3366/9/8 3391/11/10 3365/10/9
f 3390/12/11 3365/10/9 3391/11/10
f 3415/13/12 3390/12/11 3391/11/10
f 3391/11/10 3416/14/58 3415/13/12
f 3440/15/1 3415/13/12 3416/14/58
f 3414/16/14 3390/12/11 3415/13/12
f 3415/13/12 3439/17/1 3414/16/14
f 3389/18/545 3390/12/11 3414/16/14
f 3413/19/16 3389/18/545 3414/16/14
f 3414/16/14 3438/20/1 3413/19/16
f 3388/21/17 3389/18/545 3413/19/16
f 3412/22/18 3388/21/17 3413/19/16
f 3413/19/16 3437/23/1 3412/22/18
f 3387/24/19 3388/21/17 3412/22/18
f 3411/25/20 3387/24/19 3412/22/18
f 3412/22/18 3436/26/1 3411/25/20
f 3386/27/21 3387/24/19 3411/25/20
f 3410/28/22 3386/27/21 3411/25/20
f 3411/25/20 3435/29/1 3410/28/22
f 3385/30/23 3386/27/21 3410/28/22
f 3409/31/24 3385/30/23 3410/28/22
f 3410/28/22 3434/32/1 3409/31/24
f 3384/33/25 3385/30/23 3409/31/24
f 3408/34/26 3384/33/25 3409/31/24
f 3409/31/24 3433/35/1 3408/34/26
f 3383/36/27 3384/33/25 3408/34/26
f 3407/37/28 3383/36/27 3408/34/26
f 3408/34/26 3432/38/1 3407/37/28
f 3382/39/29 3383/36/27 3407/37/28
f 3406/40/30 3382/39/29 3407/37/28
f 3407/37/28 3431/41/1 3406/40/30
f 3381/42/31 3382/39/29 3406/40/30
f 3405/43/32 3381/42/31 3406/40/30
f 3406/40/30 3430/44/1 3405/43/32
f 3380/45/33 3381/42/31 3405/43/32
f 3404/46/459 3380/45/33 3405/43/32
f 3405/43/32 3429/47/1 3404/46/459
f 3379/48/35 3380/45/33 3404/46/459
f 3403/49/36 3379/48/35 3404/46/459
f 3404/46/459 3428/50/1 3403/49/36
f 3378/51/37 3379/48/35 3403/49/36
f 3402/52/38 3378/51/37 3403/49/36
f 3403/49/36 3427/53/1 3402/52/38
f 3377/54/547 3378/51/37 3402/52/38
f 3401/55/40 3377/54/547 3402/52/38
f 3402/52/38 3426/56/1 3401/55/40
f 3376/57/41 3377/54/547 3401/55/40
f 3400/58/42 3376/57/41 3401/55/40
f 3401/55/40 3425/59/1 3400/58/42
f 3375/60/43 3376/57/41 3400/58/42
f 3399/61/44 3375/60/43 3400/58/42
f 3400/58/42 3424/62/1 3399/61/44
f 3374/63/45 3375/60/43 3399/61/44
f 3398/64/46 3374/63/45 3399/61/44
f 3399/61/44 3423/65/1 3398/64/46
f 3373/66/47 3374/63/45 3398/64/46
f 3397/67/48 3373/66/47 3398/64/46
f 3398/64/46 3422/68/1 3397/67/48
f 3372/69/49 3373/66/47 3397/67/48
f 3396/70/384 3372/69/49 3397/67/48
f 3397/67/48 3421/71/1 3396/70/384
f 3371/72/51 3372/69/49 3396/70/384
f 3395/73/52 3371/72/51 3396/70/384
f 3396/70/384 3420/74/1 3395/73/52
f 3370/75/53 3371/72/51 3395/73/52
f 3394/76/54 3370/75/53 3395/73/52
f 3395/73/52 3419/77/1 3394/76/54
f 3369/78/55 3370/75/53 3394/76/54
f 3393/79/56 3369/78/55 3394/76/54
f 3394/76/54 3418/80/1 3393/79/56
f 3367/81/57 3369/78/55 3393/79/56
f 3392/82/58 3367/81/57 3393/79/56
f 3393/79/56 3417/83/1 3392/82/58
f 3367/81/57 3392/82/58 3368/84/59
f 3368/84/59 3343/85/60 3367/81/57
f 3342/86/61 3367/81/57 3343/85/60
f 3343/85/60 3295/87/62 3342/86/61
f 3293/88/388 3342/86/61 3295/87/62
f 3295/87/62 3294/89/64 3293/88/388
f 3292/90/65 3293/88/388 3294/89/64
f 3294/89/64 3245/91/66 3292/90/65
f 3243/92/67 3292/90/65 3245/91/66
f 3245/91/66 3244/93/1 3243/92/67
f 3244/93/1 3242/94/1 3243/92/67
f 3247/95/68 3243/92/67 3242/94/1
f 3242/94/1 3246/96/1 3247/95/68
f 3249/97/69 3247/95/68 3246/96/1
f 3246/96/1 3248/98/1 3249/97/69
f 3251/99/70 3249/97/69 3248/98/1
f 3248/98/1 3250/100/1 3251/99/70
f 3253/101/71 3251/99/70 3250/100/1
f 3250/100/1 3252/102/1 3253/101/71
f 3255/103/72 3253/101/71 3252/102/1
f 3252/102/1 3254/104/1 3255/103/72
f 3257/105/73 3255/103/72 3254/104/1
f 3254/104/1 3256/106/1 3257/105/73
f 3259/107/74 3257/105/73 3256/106/1
f 3256/106/1 3258/108/1 3259/107/74
f 3261/109/75 3259/107/74 3258/108/1
f 3258/108/1 3260/110/1 3261/109/75
f 3263/111/76 3261/109/75 3260/110/1
f 3260/110/1 3262/112/1 3263/111/76
f 3265/113/548 3263/111/76 3262/112/1
f 3262/112/1 3264/114/1 3265/113/548
f 3267/115/78 3265/113/548 3264/114/1
f 3264/114/1 3266/116/1 3267/115/78
f 3269/117/549 3267/115/78 3266/116/1
f 3266/116/1 3268/118/1 3269/117/549
f 3271/119/80 3269/117/549 3268/118/1
f 3268/118/1 3270/120/1 3271/119/80
f 3273/121/81 3271/119/80 3270/120/1
f 3270/120/1 3272/122/1 3273/121/81
f 3275/123/82 3273/121/81 3272/122/1
f 3272/122/1 3274/124/1 3275/123/82
f 3277/125/83 3275/123/82 3274/124/1
f 3274/124/1 3276/126/1 3277/125/83
f 3279/127/84 3277/125/83 3276/126/1
f 3276/126/1 3278/128/1 3279/127/84
f 3281/129/85 3279/127/84 3278/128/1
f 3278/128/1 3280/130/1 3281/129/85
f 3283/131/86 3281/129/85 3280/130/1
f 3280/130/1 3282/132/1 3283/131/86
f 3285/133/87 3283/131/86 3282/132/1
f 3282/132/1 3284/134/1 3285/133/87
f 3287/135/617 3285/133/87 3284/134/1
f 3284/134/1 3286/136/1 3287/135/617
f 3289/4/377 3287/135/617 3286/136/1
f 3286/136/1 3288/1/1 3289/4/377
f 3287/135/617 3289/4/377 3338/6/5
f 3336/137/89 3287/135/617 3338/6/5
f 3338/6/5 3339/8/7 3336/137/89
f 3337/138/90 3336/137/89 3339/8/7
f 3339/8/7 3365/10/9 3337/138/90
f 3364/139/91 3337/138/90 3365/10/9
f 3365/10/9 3390/12/11 3364/139/91
f 3390/12/11 3389/18/545 3364/139/91
f 3363/140/92 3364/139/91 3389/18/545
f 3389/18/545 3388/21/17 3363/140/92
f 3362/141/93 3363/140/92 3388/21/17
f 3388/21/17 3387/24/19 3362/141/93
f 3361/142/94 3362/141/93 3387/24/19
f 3387/24/19 3386/27/21 3361/142/94
f 3360/143/464 3361/142/94 3386/27/21
f 3386/27/21 3385/30/23 3360/143/464
f 3359/144/96 3360/143/464 3385/30/23
f 3385/30/23 3384/33/25 3359/144/96
f 3358/145/97 3359/144/96 3384/33/25
f 3384/33/25 3383/36/27 3358/145/97
f 3357/146/98 3358/145/97 3383/36/27
f 3383/36/27 3382/39/29 3357/146/98
f 3356/147/99 3357/146/98 3382/39/29
f 3382/39/29 3381/42/31 3356/147/99
f 3355/148/100 3356/147/99 3381/42/31
f 3381/42/31 3380/45/33 3355/148/100
f 3354/149/101 3355/148/100 3380/45/33
f 3380/45/33 3379/48/35 3354/149/101
f 3353/150/102 3354/149/101 3379/48/35
f 3379/48/35 3378/51/37 3353/150/102
f 3352/151/103 3353/150/102 3378/51/37
f 3378/51/37 3377/54/547 3352/151/103
f 3351/152/104 3352/151/103 3377/54/547
f 3377/54/547 3376/57/41 3351/152/104
f 3350/153/105 3351/152/104 3376/57/41
f 3376/57/41 3375/60/43 3350/153/105
f 3349/154/106 3350/153/105 3375/60/43
f 3375/60/43 3374/63/45 3349/154/106
f 3348/155/107 3349/154/106 3374/63/45
f 3374/63/45 3373/66/47 3348/155/107
f 3347/156/108 3348/155/107 3373/66/47
f 3373/66/47 3372/69/49 3347/156/108
f 3346/157/109 3347/156/108 3372/69/49
f 3372/69/49 3371/72/51 3346/157/109
f 3345/158/110 3346/157/109 3371/72/51
f 3371/72/51 3370/75/53 3345/158/110
f 3344/159/111 3345/158/110 3370/75/53
f 3370/75/53 3369/78/55 3344/159/111
f 3342/86/61 3344/159/111 3369/78/55
f 3369/78/55 3367/81/57 3342/86/61
f 3344/159/111 3342/86/61 3293/88/388
f 3297/160/112 3344/159/111 3293/88/388
f 3293/88/388 3292/90/65 3297/160/112
f 3296/161/397 3297/160/112 3292/90/65
f 3292/90/65 3243/92/67 3296/161/397
f 3243/92/67 3247/95/68 3296/161/397
f 3298/162/114 3296/161/397 3247/95/68
f 3247/95/68 3249/97/69 3298/162/114
f 3300/163/115 3298/162/114 3249/97/69
f 3249/97/69 3251/99/70 3300/163/115
f 3302/164/116 3300/163/115 3251/99/70
f 3251/99/70 3253/101/71 3302/164/116
f 3304/165/117 3302/164/116 3253/101/71
f 3253/101/71 3255/103/72 3304/165/117
f 3306/166/118 3304/165/117 3255/103/72
f 3255/103/72 3257/105/73 3306/166/118
f 3308/167/119 3306/166/118 3257/105/73
f 3257/105/73 3259/107/74 3308/167/119
f 3310/168/120 3308/167/119 3259/107/74
f 3259/107/74 3261/109/75 3310/168/120
f 3312/169/121 3310/168/120 3261/109/75
f 3261/109/75 3263/111/76 3312/169/121
f 3314/170/122 3312/169/121 3263/111/76
f 3263/111/76 3265/113/548 3314/170/122
f 3316/171/123 3314/170/122 3265/113/548
f 3265/113/548 3267/115/78 3316/171/123
f 3318/172/124 3316/171/123 3267/115/78
f 3267/115/78 3269/117/549 3318/172/124
f 3320/173/125 3318/172/124 3269/117/549
f 3269/117/549 3271/119/80 3320/173/125
f 3322/174/126 3320/173/125 3271/119/80
f 3271/119/80 3273/121/81 3322/174/126
f 3324/175/127 3322/174/126 3273/121/81
f 3273/121/81 3275/123/82 3324/175/127
f 3326/176/128 3324/175/127 3275/123/82
f 3275/123/82 3277/125/83 3326/176/128
f 3328/177/129 3326/176/128 3277/125/83
f 3277/125/83 3279/127/84 3328/177/129
f 3330/178/130 3328/177/129 3279/127/84
f 3279/127/84 3281/129/85 3330/178/130
f 3332/179/131 3330/178/130 3281/129/85
f 3281/129/85 3283/131/86 3332/179/131
f 3334/180/132 3332/179/131 3283/131/86
f 3283/131/86 3285/133/87 3334/180/132
f 3336/137/89 3334/180/132 3285/133/87
f 3285/133/87 3287/135/617 3336/137/89
f 3334/180/132 3336/137/89 3337/138/90
f 3335/181/133 3334/180/132 3337/138/90
f 3337/138/90 3364/139/91 3335/181/133
f 3364/139/91 3363/140/92 3335/181/133
f 3333/182/134 3335/181/133 3363/140/92
f 3363/140/92 3362/141/93 3333/182/134
f 3331/183/135 3333/182/134 3362/141/93
f 3362/141/93 3361/142/94 3331/183/135
f 3329/184/136 3331/183/135 3361/142/94
f 3361/142/94 3360/143/464 3329/184/136
f 3327/185/137 3329/184/136 3360/143/464
f 3360/143/464 3359/144/96 3327/185/137
f 3325/186/138 3327/185/137 3359/144/96
f 3359/144/96 3358/145/97 3325/186/138
f 3323/187/139 3325/186/138 3358/145/97
f 3358/145/97 3357/146/98 3323/187/139
f 3321/188/140 3323/187/139 3357/146/98
f 3357/146/98 3356/147/99 3321/188/140
f 3319/189/141 3321/188/140 3356/147/99
f 3356/147/99 3355/148/100 3319/189/141
f 3317/190/142 3319/189/141 3355/148/100
f 3355/148/100 3354/149/101 3317/190/142
f 3315/191/143 3317/190/142 3354/149/101
f 3354/149/101 3353/150/102 3315/191/143
f 3313/192/144 3315/191/143 3353/150/102
f 3353/150/102 3352/151/103 3313/192/144
f 3311/193/145 3313/192/144 3352/151/103
f 3352/151/103 3351/152/104 3311/193/145
f 3309/194/146 3311/193/145 3351/152/104
f 3351/152/104 3350/153/105 3309/194/146
f 3307/195/147 3309/194/146 3350/153/105
f 3350/153/105 3349/154/106 3307/195/147
f 3305/196/148 3307/195/147 3349/154/106
f 3349/154/106 3348/155/107 3305/196/148
f 3303/197/149 3305/196/148 3348/155/107
f 3348/155/107 3347/156/108 3303/197/149
f 3301/198/150 3303/197/149 3347/156/108
f 3347/156/108 3346/157/109 3301/198/150
f 3299/199/151 3301/198/150 3346/157/109
f 3346/157/109 3345/158/110 3299/199/151
f 3297/160/112 3299/199/151 3345/158/110
f 3345/158/110 3344/159/111 3297/160/112
f 3299/199/151 3297/160/112 3296/161/397
f 3296/161/397 3298/162/114 3299/199/151
f 3301/198/150 3299/199/151 3298/162/114
f 3298/162/114 3300/163/115 3301/198/150
f 3303/197/149 3301/198/150 3300/163/115
f 3300/163/115 3302/164/116 3303/197/149
f 3305/196/148 3303/197/149 3302/164/116
f 3302/164/116 3304/165/117 3305/196/148
f 3307/195/147 3305/196/148 3304/165/117
f 3304/165/117 3306/166/118 3307/195/147
f 3309/194/146 3307/195/147 3306/166/118
f 3306/166/118 3308/167/119 3309/194/146
f 3311/193/145 3309/194/146 3308/167/119
f 3308/167/119 3310/168/120 3311/193/145
f 3313/192/144 3311/193/145 3310/168/120
f 3310/168/120 3312/169/121 3313/192/144
f 3315/191/143 3313/192/144 3312/169/121
f 3312/169/121 3314/170/122 3315/191/143
f 3317/190/142 3315/191/143 3314/170/122
f 3314/170/122 3316/171/123 3317/190/142
f 3319/189/141 3317/190/142 3316/171/123
f 3316/171/123 3318/172/124 3319/189/141
f 3321/188/140 3319/189/141 3318/172/124
f 3318/172/124 3320/173/125 3321/188/140
f 3323/187/139 3321/188/140 3320/173/125
f 3320/173/125 3322/174/126 3323/187/139
f 3325/186/138 3323/187/139 3322/174/126
f 3322/174/126 3324/175/127 3325/186/138
f 3327/185/137 3325/186/138 3324/175/127
f 3324/175/127 3326/176/128 3327/185/137
f 3329/184/136 3327/185/137 3326/176/128
f 3326/176/128 3328/177/129 3329/184/136
f 3331/183/135 3329/184/136 3328/177/129
f 3328/177/129 3330/178/130 3331/183/135
f 3333/182/134 3331/183/135 3330/178/130
f 3330/178/130 3332/179/131 3333/182/134
f 3335/181/133 3333/182/134 3332/179/131
f 3332/179/131 3334/180/132 3335/181/133
f 3490/5/152 3489/2/467 3487/1/154
f 3488/6/155 3490/5/152 3487/1/154
f 3487/1/154 3485/136/580 3488/6/155
f 3486/137/157 3488/6/155 3485/136/580
f 3485/136/580 3483/134/158 3486/137/157
f 3484/180/159 3486/137/157 3483/134/158
f 3483/134/158 3481/132/160 3484/180/159
f 3482/179/161 3484/180/159 3481/132/160
f 3481/132/160 3479/130/404 3482/179/161
f 3480/178/163 3482/179/161 3479/130/404
f 3479/130/404 3477/128/164 3480/178/163
f 3478/177/165 3480/178/163 3477/128/164
f 3477/128/164 3475/126/166 3478/177/165
f 3476/176/167 3478/177/165 3475/126/166
f 3475/126/166 3473/124/582 3476/176/167
f 3474/175/169 3476/176/167 3473/124/582
f 3473/124/582 3471/122/471 3474/175/169
f 3472/174/171 3474/175/169 3471/122/471
f 3471/122/471 3469/120/172 3472/174/171
f 3470/173/472 3472/174/171 3469/120/172
f 3469/120/172 3467/118/618 3470/173/472
f 3468/172/175 3470/173/472 3467/118/618
f 3467/118/618 3465/116/604 3468/172/175
f 3466/171/177 3468/172/175 3465/116/604
f 3465/116/604 3463/114/178 3466/171/177
f 3464/170/179 3466/171/177 3463/114/178
f 3463/114/178 3461/112/619 3464/170/179
f 3462/169/181 3464/170/179 3461/112/619
f 3461/112/619 3459/110/182 3462/169/181
f 3460/168/183 3462/169/181 3459/110/182
f 3459/110/182 3457/108/184 3460/168/183
f 3458/167/410 3460/168/183 3457/108/184
f 3457/108/184 3455/106/555 3458/167/410
f 3456/166/187 3458/167/410 3455/106/555
f 3455/106/555 3453/104/477 3456/166/187
f 3454/165/189 3456/166/187 3453/104/477
f 3453/104/477 3451/102/190 3454/165/189
f 3452/164/191 3454/165/189 3451/102/190
f 3451/102/190 3449/100/521 3452/164/191
f 3450/163/193 3452/164/191 3449/100/521
f 3449/100/521 3447/98/620 3450/163/193
f 3448/162/195 3450/163/193 3447/98/620
f 3447/98/620 3445/96/196 3448/162/195
f 3446/161/416 3448/162/195 3445/96/196
f 3445/96/196 3441/94/621 3446/161/416
f 3443/90/199 3446/161/416 3441/94/621
f 3441/94/621 3442/93/200 3443/90/199
f 3442/93/200 3444/89/201 3443/90/199
f 3491/88/605 3443/90/199 3444/89/201
f 3444/89/201 3492/87/203 3491/88/605
f 3516/86/204 3491/88/605 3492/87/203
f 3492/87/203 3517/85/205 3516/86/204
f 3541/81/206 3516/86/204 3517/85/205
f 3517/85/205 3542/84/207 3541/81/206
f 3516/86/204 3541/81/206 3543/78/208
f 3518/159/209 3516/86/204 3543/78/208
f 3543/78/208 3544/75/622 3518/159/209
f 3519/158/211 3518/159/209 3544/75/622
f 3544/75/622 3545/72/212 3519/158/211
f 3520/157/213 3519/158/211 3545/72/212
f 3545/72/212 3546/69/419 3520/157/213
f 3521/156/215 3520/157/213 3546/69/419
f 3546/69/419 3547/66/623 3521/156/215
f 3522/155/217 3521/156/215 3547/66/623
f 3547/66/623 3548/63/624 3522/155/217
f 3523/154/219 3522/155/217 3548/63/624
f 3548/63/624 3549/60/220 3523/154/219
f 3524/153/221 3523/154/219 3549/60/220
f 3549/60/220 3550/57/607 3524/153/221
f 3525/152/223 3524/153/221 3550/57/607
f 3550/57/607 3551/54/224 3525/152/223
f 3526/151/225 3525/152/223 3551/54/224
f 3551/54/224 3552/51/226 3526/151/225
f 3527/150/227 3526/151/225 3552/51/226
f 3552/51/226 3553/48/228 3527/150/227
f 3528/149/229 3527/150/227 3553/48/228
f 3553/48/228 3554/45/230 3528/149/229
f 3529/148/231 3528/149/229 3554/45/230
f 3554/45/230 3555/42/232 3529/148/231
f 3530/147/233 3529/148/231 3555/42/232
f 3555/42/232 3556/39/234 3530/147/233
f 3531/146/235 3530/147/233 3556/39/234
f 3556/39/234 3557/36/236 3531/146/235
f 3532/145/608 3531/146/235 3557/36/236
f 3557/36/236 3558/33/485 3532/145/608
f 3533/144/239 3532/145/608 3558/33/485
f 3558/33/485 3559/30/240 3533/144/239
f 3534/143/241 3533/144/239 3559/30/240
f 3559/30/240 3560/27/588 3534/143/241
f 3535/142/243 3534/143/241 3560/27/588
f 3560/27/588 3561/24/244 3535/142/243
f 3536/141/245 3535/142/243 3561/24/244
f 3561/24/244 3562/21/487 3536/141/245
f 3537/140/247 3536/141/245 3562/21/487
f 3562/21/487 3563/18/248 3537/140/247
f 3538/139/249 3537/140/247 3563/18/248
f 3563/18/248 3564/12/428 3538/139/249
f 3539/10/251 3538/139/249 3564/12/428
f 3564/12/428 3565/11/207 3539/10/251
f 3565/11/207 3540/9/252 3539/10/251
f 3514/8/429 3539/10/251 3540/9/252
f 3540/9/252 3515/7/254 3514/8/429
f 3488/6/155 3514/8/429 3515/7/254
f 3515/7/254 3490/5/152 3488/6/155
f 3514/8/429 3488/6/155 3486/137/157
f 3513/138/255 3514/8/429 3486/137/157
f 3486/137/157 3484/180/159 3513/138/255
f 3512/181/256 3513/138/255 3484/180/159
f 3484/180/159 3482/179/161 3512/181/256
f 3511/182/257 3512/181/256 3482/179/161
f 3482/179/161 3480/178/163 3511/182/257
f 3510/183/258 3511/182/257 3480/178/163
f 3480/178/163 3478/177/165 3510/183/258
f 3509/184/259 3510/183/258 3478/177/165
f 3478/177/165 3476/176/167 3509/184/259
f 3508/185/260 3509/184/259 3476/176/167
f 3476/176/167 3474/175/169 3508/185/260
f 3507/186/261 3508/185/260 3474/175/169
f 3474/175/169 3472/174/171 3507/186/261
f 3506/187/430 3507/186/261 3472/174/171
f 3472/174/171 3470/173/472 3506/187/430
f 3505/188/263 3506/187/430 3470/173/472
f 3470/173/472 3468/172/175 3505/188/263
f 3504/189/264 3505/188/263 3468/172/175
f 3468/172/175 3466/171/177 3504/189/264
f 3503/190/625 3504/189/264 3466/171/177
f 3466/171/177 3464/170/179 3503/190/625
f 3502/191/266 3503/190/625 3464/170/179
f 3464/170/179 3462/169/181 3502/191/266
f 3501/192/267 3502/191/266 3462/169/181
f 3462/169/181 3460/168/183 3501/192/267
f 3500/193/268 3501/192/267 3460/168/183
f 3460/168/183 3458/167/410 3500/193/268
f 3499/194/269 3500/193/268 3458/167/410
f 3458/167/410 3456/166/187 3499/194/269
f 3498/195/270 3499/194/269 3456/166/187
f 3456/166/187 3454/165/189 3498/195/270
f 3497/196/433 3498/195/270 3454/165/189
f 3454/165/189 3452/164/191 3497/196/433
f 3496/197/272 3497/196/433 3452/164/191
f 3452/164/191 3450/163/193 3496/197/272
f 3495/198/273 3496/197/272 3450/163/193
f 3450/163/193 3448/162/195 3495/198/273
f 3494/199/274 3495/198/273 3448/162/195
f 3448/162/195 3446/161/416 3494/199/274
f 3493/160/275 3494/199/274 3446/161/416
f 3446/161/416 3443/90/199 3493/160/275
f 3443/90/199 3491/88/605 3493/160/275
f 3518/159/209 3493/160/275 3491/88/605
f 3491/88/605 3516/86/204 3518/159/209
f 3493/160/275 3518/159/209 3519/158/211
f 3494/199/274 3493/160/275 3519/158/211
f 3519/158/211 3520/157/213 3494/199/274
f 3495/198/273 3494/199/274 3520/157/213
f 3520/157/213 3521/156/215 3495/198/273
f 3496/197/272 3495/198/273 3521/156/215
f 3521/156/215 3522/155/217 3496/197/272
f 3497/196/433 3496/197/272 3522/155/217
f 3522/155/217 3523/154/219 3497/196/433
f 3498/195/270 3497/196/433 3523/154/219
f 3523/154/219 3524/153/221 3498/195/270
f 3499/194/269 3498/195/270 3524/153/221
f 3524/153/221 3525/152/223 3499/194/269
f 3500/193/268 3499/194/269 3525/152/223
f 3525/152/223 3526/151/225 3500/193/268
f 3501/192/267 3500/193/268 3526/151/225
f 3526/151/225 3527/150/227 3501/192/267
f 3502/191/266 3501/192/267 3527/150/227
f 3527/150/227 3528/149/229 3502/191/266
f 3503/190/625 3502/191/266 3528/149/229
f 3528/149/229 3529/148/231 3503/190/625
f 3504/189/264 3503/190/625 3529/148/231
f 3529/148/231 3530/147/233 3504/189/264
f 3505/188/263 3504/189/264 3530/147/233
f 3530/147/233 3531/146/235 3505/188/263
f 3506/187/430 3505/188/263 3531/146/235
f 3531/146/235 3532/145/608 3506/187/430
f 3507/186/261 3506/187/430 3532/145/608
f 3532/145/608 3533/144/239 3507/186/261
f 3508/185/260 3507/186/261 3533/144/239
f 3533/144/239 3534/143/241 3508/185/260
f 3509/184/259 3508/185/260 3534/143/241
f 3534/143/241 3535/142/243 3509/184/259
f 3510/183/258 3509/184/259 3535/142/243
f 3535/142/243 3536/141/245 3510/183/258
f 3511/182/257 3510/183/258 3536/141/245
f 3536/141/245 3537/140/247 3511/182/257
f 3512/181/256 3511/182/257 3537/140/247
f 3537/140/247 3538/139/249 3512/181/256
f 3513/138/255 3512/181/256 3538/139/249
f 3538/139/249 3539/10/251 3513/138/255
f 3514/8/429 3513/138/255 3539/10/251
f 3568/81/626 3566/84/277 3567/82/278
f 3569/79/279 3568/81/626 3567/82/278
f 3567/82/278 3616/83/280 3569/79/279
f 3570/78/281 3568/81/626 3569/79/279
f 3571/76/282 3570/78/281 3569/79/279
f 3569/79/279 3617/80/280 3571/76/282
f 3572/75/627 3570/78/281 3571/76/282
f 3573/73/284 3572/75/627 3571/76/282
f 3571/76/282 3618/77/280 3573/73/284
f 3574/72/628 3572/75/627 3573/73/284
f 3575/70/286 3574/72/628 3573/73/284
f 3573/73/284 3619/74/280 3575/70/286
f 3576/69/629 3574/72/628 3575/70/286
f 3577/67/288 3576/69/629 3575/70/286
f 3575/70/286 3620/71/280 3577/67/288
f 3578/66/591 3576/69/629 3577/67/288
f 3579/64/290 3578/66/591 3577/67/288
f 3577/67/288 3621/68/280 3579/64/290
f 3580/63/630 3578/66/591 3579/64/290
f 3581/61/292 3580/63/630 3579/64/290
f 3579/64/290 3622/65/280 3581/61/292
f 3582/60/293 3580/63/630 3581/61/292
f 3583/58/294 3582/60/293 3581/61/292
f 3581/61/292 3623/62/280 3583/58/294
f 3584/57/498 3582/60/293 3583/58/294
f 3585/55/296 3584/57/498 3583/58/294
f 3583/58/294 3624/59/280 3585/55/296
f 3586/54/499 3584/57/498 3585/55/296
f 3587/52/298 3586/54/499 3585/55/296
f 3585/55/296 3625/56/280 3587/52/298
f 3588/51/299 3586/54/499 3587/52/298
f 3589/49/300 3588/51/299 3587/52/298
f 3587/52/298 3626/53/280 3589/49/300
f 3590/48/301 3588/51/299 3589/49/300
f 3591/46/302 3590/48/301 3589/49/300
f 3589/49/300 3627/50/280 3591/46/302
f 3592/45/303 3590/48/301 3591/46/302
f 3593/43/304 3592/45/303 3591/46/302
f 3591/46/302 3628/47/280 3593/43/304
f 3594/42/305 3592/45/303 3593/43/304
f 3595/40/306 3594/42/305 3593/43/304
f 3593/43/304 3629/44/280 3595/40/306
f 3596/39/631 3594/42/305 3595/40/306
f 3597/37/308 3596/39/631 3595/40/306
f 3595/40/306 3630/41/280 3597/37/308
f 3598/36/309 3596/39/631 3597/37/308
f 3599/34/310 3598/36/309 3597/37/308
f 3597/37/308 3631/38/280 3599/34/310
f 3600/33/440 3598/36/309 3599/34/310
f 3601/31/312 3600/33/440 3599/34/310
f 3599/34/310 3632/35/280 3601/31/312
f 3602/30/536 3600/33/440 3601/31/312
f 3603/28/314 3602/30/536 3601/31/312
f 3601/31/312 3633/32/280 3603/28/314
f 3604/27/441 3602/30/536 3603/28/314
f 3605/25/316 3604/27/441 3603/28/314
f 3603/28/314 3634/29/280 3605/25/316
f 3606/24/317 3604/27/441 3605/25/316
f 3607/22/318 3606/24/317 3605/25/316
f 3605/25/316 3635/26/280 3607/22/318
f 3608/21/503 3606/24/317 3607/22/318
f 3609/19/320 3608/21/503 3607/22/318
f 3607/22/318 3636/23/280 3609/19/320
f 3610/18/321 3608/21/503 3609/19/320
f 3611/16/322 3610/18/321 3609/19/320
f 3609/19/320 3637/20/280 3611/16/322
f 3612/12/323 3610/18/321 3611/16/322
f 3613/13/324 3612/12/323 3611/16/322
f 3611/16/322 3638/17/280 3613/13/324
f 3614/11/325 3612/12/323 3613/13/324
f 3615/14/326 3614/11/325 3613/13/324
f 3613/13/324 3639/15/280 3615/14/326
f 3646/116/327 3644/110/341 3645/200/329
f 3645/200/329 3647/201/330 3646/116/327
f 3649/201/331 3645/200/332 3648/202/333
f 3650/203/445 3649/201/331 3648/202/333
f 3648/202/333 3651/204/343 3650/203/445
f 3652/205/336 3650/203/445 3651/204/343
f 3651/204/343 3653/206/337 3652/205/336
f 3654/207/346 3652/205/336 3653/206/337
f 3649/201/331 3650/203/445 3664/122/339
f 3664/122/339 3663/116/340 3649/201/331
f 3659/208/333 3661/209/329 3662/210/341
f 3662/210/341 3660/211/342 3659/208/333
f 3640/212/450 3659/208/333 3660/211/342
f 3660/211/342 3641/213/344 3640/212/450
f 3642/214/337 3640/212/450 3641/213/344
f 3641/213/344 3643/215/345 3642/214/337
f 3655/216/346 3642/214/337 3643/215/345
f 3643/215/345 3656/217/347 3655/216/346
f 3657/218/336 3655/216/346 3656/217/347
f 3656/217/347 3658/219/348 3657/218/336
f 3665/220/349 3657/218/336 3658/219/348
f 3658/219/348 3666/221/339 3665/220/349
f 3691/14/351 3692/11/352 3690/18/632
f 3689/16/354 3691/14/351 3690/18/632
f 3690/18/632 3688/24/355 3689/16/354
f 3687/22/356 3689/16/354 3688/24/355
f 3688/24/355 3686/30/454 3687/22/356
f 3685/28/358 3687/22/356 3686/30/454
f 3686/30/454 3684/36/359 3685/28/358
f 3683/34/360 3685/28/358 3684/36/359
f 3684/36/359 3682/42/361 3683/34/360
f 3681/40/575 3683/34/360 3682/42/361
f 3682/42/361 3680/48/540 3681/40/575
f 3679/46/364 3681/40/575 3680/48/540
f 3680/48/540 3678/54/455 3679/46/364
f 3677/52/366 3679/46/364 3678/54/455
f 3678/54/455 3676/60/367 3677/52/366
f 3675/58/576 3677/52/366 3676/60/367
f 3676/60/367 3674/66/456 3675/58/576
f 3673/64/370 3675/58/576 3674/66/456
f 3674/66/456 3672/72/543 3673/64/370
f 3671/70/372 3673/64/370 3672/72/543
f 3672/72/543 3670/78/373 3671/70/372
f 3668/76/457 3671/70/372 3670/78/373
f 3670/78/373 3669/84/375 3668/76/457
f 3669/84/375 3667/82/376 3668/76/457
f 3693/83/1 3668/76/457 3667/82/376
f 3668/76/457 3694/77/1 3671/70/372
f 3671/70/372 3695/71/1 3673/64/370
f 3673/64/370 3696/65/1 3675/58/576
f 3675/58/576 3697/59/1 3677/52/366
f 3677/52/366 3698/53/1 3679/46/364
f 3679/46/364 3699/47/1 3681/40/575
f 3681/40/575 3700/41/1 3683/34/360
f 3683/34/360 3701/35/1 3685/28/358
f 3685/28/358 3702/29/1 3687/22/356
f 3687/22/356 3703/23/1 3689/16/354
f 3689/16/354 3704/17/1 3691/14/351
f 3807/222/633 3805/223/633 3806/224/633
f 3810/225/634 3808/226/635 3809/227/636
f 3885/222/637 3883/223/637 3884/224/637
f 3888/225/638 3886/226/638 3887/227/638
f 3963/222/639 3961/223/640 3962/224/633
f 3966/225/638 3964/226/638 3965/227/638
f 4041/222/637 4039/223/637 4040/224/637
f 4044/225/636 4042/226/641 4043/227/641
f 4119/222/637 4117/223/637 4118/224/642
f 4122/225/638 4120/226/638 4121/227/638
f 4341/222/643 4339/228/644 4340/229/644
f 4344/225/645 4342/226/645 4343/227/645
f 4419/222/646 4417/228/646 4418/229/647
f 4422/225/645 4420/226/648 4421/227/648
f 4497/222/647 4495/228/647 4496/229/647
f 4500/225/645 4498/226/645 4499/227/645
f 4575/222/649 4573/228/649 4574/229/649
f 4578/225/645 4576/226/645 4577/227/645
f 4653/222/646 4651/228/647 4652/229/647
f 4656/225/650 4654/226/651 4655/227/652
f 3707/230/653 3705/231/653 3706/232/653
f 3706/232/653 3708/233/653 3707/230/653
f 3711/230/654 3709/234/654 3710/235/655
f 3710/235/655 3712/231/655 3711/230/654
f 3715/234/348 3713/236/348 3714/237/348
f 3714/237/348 3716/235/348 3715/234/348
f 3719/236/656 3717/238/656 3718/239/657
f 3718/239/657 3720/237/657 3719/236/656
f 3723/238/348 3721/240/348 3722/241/348
f 3722/241/348 3724/239/348 3723/238/348
f 3727/240/658 3725/242/658 3726/243/659
f 3726/243/659 3728/241/659 3727/240/658
f 3731/244/348 3729/245/348 3730/243/348
f 3730/243/348 3732/242/348 3731/244/348
f 3735/244/660 3733/246/661 3734/247/662
f 3734/247/662 3736/245/662 3735/244/660
f 3739/246/451 3737/248/451 3738/249/451
f 3738/249/451 3740/247/451 3739/246/451
f 3743/250/451 3741/251/451 3742/252/451
f 3742/252/451 3744/253/451 3743/250/451
f 3747/230/653 3745/254/653 3746/255/653
f 3746/255/653 3748/233/653 3747/230/653
f 3751/256/348 3749/257/348 3750/258/348
f 3750/258/348 3752/259/348 3751/256/348
f 3755/257/663 3753/260/663 3754/261/664
f 3754/261/664 3756/258/664 3755/257/663
f 3759/260/348 3757/262/348 3758/263/348
f 3758/263/348 3760/261/348 3759/260/348
f 3763/262/659 3761/264/659 3762/265/659
f 3762/265/659 3764/263/659 3763/262/659
f 3767/244/348 3765/266/348 3766/265/348
f 3766/265/348 3768/264/348 3767/244/348
f 3771/267/665 3769/268/665 3770/223/666
f 3770/223/666 3772/222/666 3771/267/665
f 3775/269/667 3773/270/667 3774/225/668
f 3774/225/668 3776/227/668 3775/269/667
f 3779/224/669 3777/223/669 3778/271/669
f 3778/271/669 3780/272/669 3779/224/669
f 3783/222/670 3781/273/670 3782/274/670
f 3782/274/670 3784/225/670 3783/222/670
f 3787/227/671 3785/226/671 3786/275/671
f 3786/275/671 3788/276/671 3787/227/671
f 3791/270/348 3789/267/348 3790/222/348
f 3790/222/348 3792/225/348 3791/270/348
f 3795/274/280 3793/273/280 3794/277/280
f 3794/277/280 3796/278/280 3795/274/280
f 3799/279/653 3797/269/653 3798/227/653
f 3798/227/653 3800/276/653 3799/279/653
f 3803/268/451 3801/280/451 3802/271/451
f 3802/271/451 3804/223/451 3803/268/451
f 3813/230/654 3811/256/654 3812/259/672
f 3812/259/672 3814/254/654 3813/230/654
f 3817/244/673 3815/251/674 3816/250/673
f 3816/250/673 3818/266/673 3817/244/673
f 3821/281/451 3819/246/451 3820/248/451
f 3820/248/451 3822/282/451 3821/281/451
f 3825/230/653 3823/283/653 3824/284/653
f 3824/284/653 3826/233/653 3825/230/653
f 3829/234/348 3827/285/348 3828/286/348
f 3828/286/348 3830/287/348 3829/234/348
f 3833/285/664 3831/288/675 3832/289/664
f 3832/289/664 3834/286/664 3833/285/664
f 3837/288/348 3835/290/348 3836/291/348
f 3836/291/348 3838/289/348 3837/288/348
f 3841/290/659 3839/292/659 3840/293/659
f 3840/293/659 3842/291/659 3841/290/659
f 3845/294/348 3843/295/348 3844/293/348
f 3844/293/348 3846/292/348 3845/294/348
f 3849/267/666 3847/268/676 3848/223/666
f 3848/223/666 3850/222/676 3849/267/666
f 3853/269/667 3851/270/667 3852/225/668
f 3852/225/668 3854/227/668 3853/269/667
f 3857/224/677 3855/223/677 3856/271/677
f 3856/271/677 3858/272/677 3857/224/677
f 3861/222/670 3859/273/670 3860/274/670
f 3860/274/670 3862/225/670 3861/222/670
f 3865/227/671 3863/226/671 3864/275/671
f 3864/275/671 3866/276/671 3865/227/671
f 3869/270/348 3867/267/348 3868/222/348
f 3868/222/348 3870/225/348 3869/270/348
f 3873/274/280 3871/273/280 3872/277/280
f 3872/277/280 3874/278/280 3873/274/280
f 3877/279/653 3875/269/653 3876/227/653
f 3876/227/653 3878/276/653 3877/279/653
f 3881/268/451 3879/280/451 3880/271/451
f 3880/271/451 3882/223/451 3881/268/451
f 3891/230/654 3889/234/654 3890/287/654
f 3890/287/654 3892/283/654 3891/230/654
f 3895/294/661 3893/246/674 3894/281/673
f 3894/281/673 3896/295/673 3895/294/661
f 3899/250/451 3897/251/451 3898/252/451
f 3898/252/451 3900/253/451 3899/250/451
f 3903/230/653 3901/254/653 3902/255/653
f 3902/255/653 3904/233/653 3903/230/653
f 3907/256/348 3905/257/348 3906/258/348
f 3906/258/348 3908/259/348 3907/256/348
f 3911/257/664 3909/296/675 3910/261/664
f 3910/261/664 3912/258/664 3911/257/664
f 3915/296/348 3913/297/348 3914/298/348
f 3914/298/348 3916/261/348 3915/296/348
f 3919/297/659 3917/264/659 3918/265/659
f 3918/265/659 3920/298/659 3919/297/659
f 3923/244/348 3921/266/348 3922/265/348
f 3922/265/348 3924/264/348 3923/244/348
f 3927/267/666 3925/268/676 3926/223/678
f 3926/223/678 3928/222/665 3927/267/666
f 3931/269/679 3929/270/679 3930/225/679
f 3930/225/679 3932/227/679 3931/269/679
f 3935/224/677 3933/223/677 3934/271/677
f 3934/271/677 3936/272/677 3935/224/677
f 3939/222/670 3937/273/670 3938/274/670
f 3938/274/670 3940/225/670 3939/222/670
f 3943/227/680 3941/226/681 3942/275/680
f 3942/275/680 3944/276/682 3943/227/680
f 3947/270/348 3945/267/348 3946/222/348
f 3946/222/348 3948/225/348 3947/270/348
f 3951/274/280 3949/273/280 3950/277/280
f 3950/277/280 3952/278/280 3951/274/280
f 3955/279/653 3953/269/653 3954/227/653
f 3954/227/653 3956/276/653 3955/279/653
f 3959/268/451 3957/280/451 3958/271/451
f 3958/271/451 3960/223/451 3959/268/451
f 3969/230/654 3967/256/683 3968/259/684
f 3968/259/684 3970/254/654 3969/230/654
f 3973/244/661 3971/251/674 3972/250/661
f 3972/250/661 3974/266/673 3973/244/661
f 3977/281/451 3975/246/451 3976/248/451
f 3976/248/451 3978/282/451 3977/281/451
f 3981/230/653 3979/283/653 3980/284/653
f 3980/284/653 3982/233/653 3981/230/653
f 3985/234/348 3983/236/348 3984/286/348
f 3984/286/348 3986/287/348 3985/234/348
f 3989/236/664 3987/299/675 3988/300/664
f 3988/300/664 3990/286/664 3989/236/664
f 3993/299/348 3991/290/348 3992/301/348
f 3992/301/348 3994/300/348 3993/299/348
f 3997/290/659 3995/242/659 3996/293/659
f 3996/293/659 3998/301/659 3997/290/659
f 4001/244/348 3999/266/348 4000/293/348
f 4000/293/348 4002/242/348 4001/244/348
f 4005/267/666 4003/268/685 4004/223/666
f 4004/223/666 4006/222/685 4005/267/666
f 4009/269/686 4007/270/686 4008/225/667
f 4008/225/667 4010/227/679 4009/269/686
f 4013/224/677 4011/223/677 4012/271/677
f 4012/271/677 4014/272/677 4013/224/677
f 4017/222/670 4015/273/670 4016/274/670
f 4016/274/670 4018/225/670 4017/222/670
f 4021/227/682 4019/226/682 4020/275/682
f 4020/275/682 4022/276/682 4021/227/682
f 4025/270/348 4023/267/348 4024/222/348
f 4024/222/348 4026/225/348 4025/270/348
f 4029/274/280 4027/273/280 4028/277/280
f 4028/277/280 4030/278/280 4029/274/280
f 4033/279/653 4031/269/653 4032/227/653
f 4032/227/653 4034/276/653 4033/279/653
f 4037/268/451 4035/280/451 4036/271/451
f 4036/271/451 4038/223/451 4037/268/451
f 4047/230/687 4045/234/654 4046/287/654
f 4046/287/654 4048/283/683 4047/230/687
f 4051/244/661 4049/246/661 4050/281/661
f 4050/281/661 4052/266/674 4051/244/661
f 4055/250/451 4053/251/451 4054/252/451
f 4054/252/451 4056/253/451 4055/250/451
f 4059/230/653 4057/254/653 4058/255/653
f 4058/255/653 4060/233/653 4059/230/653
f 4063/256/348 4061/257/348 4062/258/348
f 4062/258/348 4064/259/348 4063/256/348
f 4067/257/664 4065/260/675 4066/261/664
f 4066/261/664 4068/258/664 4067/257/664
f 4071/260/348 4069/262/348 4070/263/348
f 4070/263/348 4072/261/348 4071/260/348
f 4075/262/659 4073/264/659 4074/265/659
f 4074/265/659 4076/263/659 4075/262/659
f 4079/302/348 4077/266/348 4078/265/348
f 4078/265/348 4080/264/348 4079/302/348
f 4083/267/666 4081/268/685 4082/223/665
f 4082/223/665 4084/222/676 4083/267/666
f 4087/269/679 4085/270/679 4086/225/679
f 4086/225/679 4088/227/679 4087/269/679
f 4091/224/688 4089/223/688 4090/271/688
f 4090/271/688 4092/272/688 4091/224/688
f 4095/222/670 4093/273/670 4094/274/670
f 4094/274/670 4096/225/670 4095/222/670
f 4099/227/680 4097/226/681 4098/275/680
f 4098/275/680 4100/276/682 4099/227/680
f 4103/270/348 4101/267/348 4102/222/348
f 4102/222/348 4104/225/348 4103/270/348
f 4107/274/280 4105/273/280 4106/277/280
f 4106/277/280 4108/278/280 4107/274/280
f 4111/279/653 4109/269/653 4110/227/653
f 4110/227/653 4112/276/653 4111/279/653
f 4115/268/451 4113/280/451 4114/271/451
f 4114/271/451 4116/223/451 4115/268/451
f 4125/230/687 4123/256/654 4124/259/654
f 4124/259/654 4126/254/654 4125/230/687
f 4129/302/661 4127/251/689 4128/250/661
f 4128/250/661 4130/266/673 4129/302/661
f 4133/230/653 4131/231/653 4132/232/653
f 4132/232/653 4134/233/653 4133/230/653
f 4137/230/654 4135/234/654 4136/303/654
f 4136/303/654 4138/231/672 4137/230/654
f 4141/234/348 4139/236/348 4140/237/348
f 4140/237/348 4142/303/348 4141/234/348
f 4145/236/664 4143/238/664 4144/239/664
f 4144/239/664 4146/237/664 4145/236/664
f 4149/238/348 4147/240/348 4148/241/348
f 4148/241/348 4150/239/348 4149/238/348
f 4153/240/659 4151/242/659 4152/243/659
f 4152/243/659 4154/241/690 4153/240/659
f 4157/244/348 4155/245/348 4156/243/348
f 4156/243/348 4158/242/348 4157/244/348
f 4161/244/673 4159/246/673 4160/247/673
f 4160/247/673 4162/245/689 4161/244/673
f 4165/246/451 4163/248/451 4164/249/451
f 4164/249/451 4166/247/451 4165/246/451
f 4169/230/348 4167/231/348 4168/232/348
f 4168/232/348 4170/233/348 4169/230/348
f 4173/230/691 4171/234/691 4172/303/692
f 4172/303/692 4174/231/691 4173/230/691
f 4177/234/451 4175/236/451 4176/237/451
f 4176/237/451 4178/303/451 4177/234/451
f 4181/236/693 4179/238/693 4180/239/694
f 4180/239/694 4182/237/694 4181/236/693
f 4185/238/451 4183/240/451 4184/241/451
f 4184/241/451 4186/239/451 4185/238/451
f 4189/240/695 4187/242/695 4188/243/695
f 4188/243/695 4190/241/695 4189/240/695
f 4193/244/451 4191/245/451 4192/243/451
f 4192/243/451 4194/242/451 4193/244/451
f 4197/244/696 4195/246/696 4196/247/696
f 4196/247/696 4198/245/697 4197/244/696
f 4201/246/449 4199/248/449 4200/249/449
f 4200/249/449 4202/247/449 4201/246/449
f 4205/230/348 4203/231/348 4204/232/348
f 4204/232/348 4206/233/348 4205/230/348
f 4209/230/691 4207/234/691 4208/303/691
f 4208/303/691 4210/231/698 4209/230/691
f 4213/234/451 4211/236/451 4212/237/451
f 4212/237/451 4214/303/451 4213/234/451
f 4217/236/693 4215/238/693 4216/239/693
f 4216/239/693 4218/237/693 4217/236/693
f 4221/238/451 4219/240/451 4220/304/451
f 4220/304/451 4222/239/451 4221/238/451
f 4225/240/695 4223/242/695 4224/243/695
f 4224/243/695 4226/304/695 4225/240/695
f 4229/244/451 4227/245/451 4228/243/451
f 4228/243/451 4230/242/451 4229/244/451
f 4233/244/696 4231/246/696 4232/305/696
f 4232/305/696 4234/245/696 4233/244/696
f 4237/246/449 4235/248/449 4236/249/449
f 4236/249/449 4238/305/449 4237/246/449
f 4241/230/348 4239/231/348 4240/232/348
f 4240/232/348 4242/233/348 4241/230/348
f 4245/230/691 4243/234/691 4244/303/691
f 4244/303/691 4246/231/691 4245/230/691
f 4249/234/451 4247/236/451 4248/237/451
f 4248/237/451 4250/303/451 4249/234/451
f 4253/236/693 4251/238/693 4252/239/693
f 4252/239/693 4254/237/693 4253/236/693
f 4257/238/451 4255/240/451 4256/304/451
f 4256/304/451 4258/239/451 4257/238/451
f 4261/240/695 4259/242/695 4260/243/695
f 4260/243/695 4262/304/695 4261/240/695
f 4265/244/451 4263/245/451 4264/243/451
f 4264/243/451 4266/242/451 4265/244/451
f 4269/244/696 4267/246/696 4268/305/696
f 4268/305/696 4270/245/696 4269/244/696
f 4273/246/449 4271/248/449 4272/249/449
f 4272/249/449 4274/305/449 4273/246/449
f 4277/250/653 4275/246/653 4276/248/653
f 4276/248/653 4278/253/653 4277/250/653
f 4281/230/451 4279/254/451 4280/284/451
f 4280/284/451 4282/233/451 4281/230/451
f 4285/234/449 4283/236/449 4284/306/449
f 4284/306/449 4286/287/449 4285/234/449
f 4289/236/699 4287/299/699 4288/307/699
f 4288/307/699 4290/306/699 4289/236/699
f 4293/299/449 4291/290/449 4292/301/449
f 4292/301/449 4294/307/449 4293/299/449
f 4297/290/700 4295/242/700 4296/308/700
f 4296/308/700 4298/301/700 4297/290/700
f 4301/244/449 4299/266/449 4300/308/449
f 4300/308/449 4302/242/449 4301/244/449
f 4305/267/701 4303/309/702 4304/228/701
f 4304/228/701 4306/222/702 4305/267/701
f 4309/269/703 4307/270/704 4308/225/703
f 4308/225/703 4310/227/704 4309/269/703
f 4313/229/681 4311/228/681 4312/310/681
f 4312/310/681 4314/272/705 4313/229/681
f 4317/222/706 4315/273/706 4316/274/706
f 4316/274/706 4318/225/706 4317/222/706
f 4321/227/677 4319/226/688 4320/275/677
f 4320/275/677 4322/276/688 4321/227/677
f 4325/270/449 4323/267/449 4324/222/449
f 4324/222/449 4326/225/449 4325/270/449
f 4329/274/280 4327/273/280 4328/277/280
f 4328/277/280 4330/278/280 4329/274/280
f 4333/279/451 4331/269/451 4332/227/451
f 4332/227/451 4334/276/451 4333/279/451
f 4337/309/653 4335/280/653 4336/310/653
f 4336/310/653 4338/228/653 4337/309/653
f 4347/230/707 4345/234/708 4346/287/707
f 4346/287/707 4348/254/707 4347/230/707
f 4351/244/709 4349/246/710 4350/250/709
f 4350/250/709 4352/266/710 4351/244/709
f 4355/250/653 4353/246/653 4354/248/653
f 4354/248/653 4356/282/653 4355/250/653
f 4359/230/451 4357/254/451 4358/284/451
f 4358/284/451 4360/233/451 4359/230/451
f 4363/234/449 4361/236/449 4362/306/449
f 4362/306/449 4364/259/449 4363/234/449
f 4367/236/699 4365/299/699 4366/311/699
f 4366/311/699 4368/306/699 4367/236/699
f 4371/299/449 4369/290/449 4370/298/449
f 4370/298/449 4372/311/449 4371/299/449
f 4375/290/700 4373/242/700 4374/308/700
f 4374/308/700 4376/298/700 4375/290/700
f 4379/244/449 4377/266/449 4378/308/449
f 4378/308/449 4380/242/449 4379/244/449
f 4383/267/711 4381/309/702 4382/228/711
f 4382/228/711 4384/222/702 4383/267/711
f 4387/269/712 4385/270/712 4386/225/703
f 4386/225/703 4388/227/704 4387/269/712
f 4391/229/671 4389/228/682 4390/271/671
f 4390/271/671 4392/272/682 4391/229/671
f 4395/222/706 4393/273/706 4394/274/706
f 4394/274/706 4396/225/706 4395/222/706
f 4399/227/669 4397/226/677 4398/275/669
f 4398/275/669 4400/276/677 4399/227/669
f 4403/270/449 4401/267/449 4402/222/449
f 4402/222/449 4404/225/449 4403/270/449
f 4407/274/280 4405/273/280 4406/277/280
f 4406/277/280 4408/278/280 4407/274/280
f 4411/279/451 4409/269/451 4410/227/451
f 4410/227/451 4412/276/451 4411/279/451
f 4415/309/653 4413/280/653 4414/271/653
f 4414/271/653 4416/228/653 4415/309/653
f 4425/230/707 4423/234/713 4424/259/707
f 4424/259/707 4426/254/714 4425/230/707
f 4429/244/710 4427/246/709 4428/250/715
f 4428/250/715 4430/266/709 4429/244/710
f 4433/281/653 4431/246/653 4432/248/653
f 4432/248/653 4434/282/653 4433/281/653
f 4437/230/451 4435/283/451 4436/284/451
f 4436/284/451 4438/233/451 4437/230/451
f 4441/234/449 4439/236/449 4440/286/449
f 4440/286/449 4442/287/449 4441/234/449
f 4445/236/699 4443/299/699 4444/289/699
f 4444/289/699 4446/286/699 4445/236/699
f 4449/299/449 4447/290/449 4448/301/449
f 4448/301/449 4450/289/449 4449/299/449
f 4453/290/700 4451/242/700 4452/293/700
f 4452/293/700 4454/301/700 4453/290/700
f 4457/244/449 4455/295/449 4456/293/449
f 4456/293/449 4458/242/449 4457/244/449
f 4461/267/716 4459/309/717 4460/228/701
f 4460/228/701 4462/222/718 4461/267/716
f 4465/269/703 4463/270/704 4464/225/719
f 4464/225/719 4466/227/720 4465/269/703
f 4469/229/680 4467/228/681 4468/271/680
f 4468/271/680 4470/272/682 4469/229/680
f 4473/222/706 4471/273/706 4472/274/706
f 4472/274/706 4474/225/706 4473/222/706
f 4477/227/669 4475/226/677 4476/275/669
f 4476/275/669 4478/276/677 4477/227/669
f 4481/270/449 4479/267/449 4480/222/449
f 4480/222/449 4482/225/449 4481/270/449
f 4485/274/280 4483/273/280 4484/277/280
f 4484/277/280 4486/278/280 4485/274/280
f 4489/279/451 4487/269/451 4488/227/451
f 4488/227/451 4490/276/451 4489/279/451
f 4493/309/653 4491/280/653 4492/271/653
f 4492/271/653 4494/228/653 4493/309/653
f 4503/230/707 4501/234/721 4502/287/707
f 4502/287/707 4504/283/707 4503/230/707
f 4507/244/709 4505/246/710 4506/281/709
f 4506/281/709 4508/295/709 4507/244/709
f 4511/281/653 4509/246/653 4510/248/653
f 4510/248/653 4512/282/653 4511/281/653
f 4515/230/451 4513/254/451 4514/284/451
f 4514/284/451 4516/233/451 4515/230/451
f 4519/234/449 4517/236/449 4518/306/449
f 4518/306/449 4520/287/449 4519/234/449
f 4523/236/699 4521/299/699 4522/307/699
f 4522/307/699 4524/306/699 4523/236/699
f 4527/299/449 4525/297/449 4526/301/449
f 4526/301/449 4528/307/449 4527/299/449
f 4531/297/700 4529/242/700 4530/293/700
f 4530/293/700 4532/301/700 4531/297/700
f 4535/244/449 4533/266/449 4534/293/449
f 4534/293/449 4536/242/449 4535/244/449
f 4539/267/711 4537/309/722 4538/228/711
f 4538/228/711 4540/222/722 4539/267/711
f 4543/269/703 4541/270/704 4542/225/703
f 4542/225/703 4544/227/704 4543/269/703
f 4547/229/682 4545/228/671 4546/271/723
f 4546/271/723 4548/272/723 4547/229/682
f 4551/222/706 4549/273/706 4550/274/706
f 4550/274/706 4552/225/706 4551/222/706
f 4555/227/669 4553/226/677 4554/275/669
f 4554/275/669 4556/276/677 4555/227/669
f 4559/270/449 4557/267/449 4558/222/449
f 4558/222/449 4560/225/449 4559/270/449
f 4563/274/280 4561/273/280 4562/277/280
f 4562/277/280 4564/278/280 4563/274/280
f 4567/279/451 4565/269/451 4566/227/451
f 4566/227/451 4568/276/451 4567/279/451
f 4571/309/653 4569/280/653 4570/271/653
f 4570/271/653 4572/228/653 4571/309/653
f 4581/230/713 4579/234/713 4580/287/707
f 4580/287/707 4582/254/707 4581/230/713
f 4585/244/709 4583/246/710 4584/281/709
f 4584/281/709 4586/266/709 4585/244/709
f 4589/250/653 4587/246/653 4588/248/653
f 4588/248/653 4590/282/653 4589/250/653
f 4593/230/451 4591/254/451 4592/284/451
f 4592/284/451 4594/233/451 4593/230/451
f 4597/234/449 4595/236/449 4596/306/449
f 4596/306/449 4598/259/449 4597/234/449
f 4601/236/699 4599/299/699 4600/311/699
f 4600/311/699 4602/306/699 4601/236/699
f 4605/299/449 4603/290/449 4604/298/449
f 4604/298/449 4606/311/449 4605/299/449
f 4609/290/700 4607/242/700 4608/308/700
f 4608/308/700 4610/298/700 4609/290/700
f 4613/244/449 4611/266/449 4612/308/449
f 4612/308/449 4614/242/449 4613/244/449
f 4617/267/711 4615/309/722 4616/228/711
f 4616/228/711 4618/222/722 4617/267/711
f 4621/269/719 4619/270/703 4620/225/719
f 4620/225/719 4622/227/703 4621/269/719
f 4625/229/671 4623/228/682 4624/271/671
f 4624/271/671 4626/272/682 4625/229/671
f 4629/222/706 4627/273/706 4628/274/706
f 4628/274/706 4630/225/706 4629/222/706
f 4633/227/669 4631/226/669 4632/275/688
f 4632/275/688 4634/276/669 4633/227/669
f 4637/270/449 4635/267/449 4636/222/449
f 4636/222/449 4638/225/449 4637/270/449
f 4641/274/280 4639/273/280 4640/277/280
f 4640/277/280 4642/278/280 4641/274/280
f 4645/279/451 4643/269/451 4644/227/451
f 4644/227/451 4646/276/451 4645/279/451
f 4649/309/653 4647/280/653 4648/271/653
f 4648/271/653 4650/228/653 4649/309/653
f 4659/230/707 4657/234/724 4658/259/707
f 4658/259/707 4660/254/707 4659/230/707
f 4663/244/709 4661/246/710 4662/250/709
f 4662/250/709 4664/266/709 4663/244/709
f 4667/312/348 4665/246/348 4666/248/348
f 4666/248/348 4668/313/348 4667/312/348
f 4671/230/449 4669/314/449 4670/315/449
f 4670/315/449 4672/233/449 4671/230/449
f 4675/234/653 4673/236/653 4674/316/653
f 4674/316/653 4676/317/653 4675/234/653
f 4679/236/725 4677/238/725 4678/318/726
f 4678/318/726 4680/316/727 4679/236/725
f 4683/238/653 4681/240/653 4682/319/653
f 4682/319/653 4684/318/653 4683/238/653
f 4687/240/728 4685/242/728 4686/320/729
f 4686/320/729 4688/319/729 4687/240/728
f 4691/244/653 4689/321/653 4690/320/653
f 4690/320/653 4692/242/653 4691/244/653
f 4695/230/730 4693/234/731 4694/317/732
f 4694/317/732 4696/314/732 4695/230/730
f 4699/244/733 4697/246/734 4698/312/735
f 4698/312/735 4700/321/736 4699/244/733
f 4703/230/449 4701/231/449 4702/232/449
f 4702/232/449 4704/233/449 4703/230/449
f 4707/230/737 4705/234/737 4706/303/730
f 4706/303/730 4708/231/738 4707/230/737
f 4711/234/653 4709/236/653 4710/237/653
f 4710/237/653 4712/303/653 4711/234/653
f 4715/236/739 4713/238/739 4714/239/726
f 4714/239/726 4716/237/726 4715/236/739
f 4719/238/653 4717/240/653 4718/304/653
f 4718/304/653 4720/239/653 4719/238/653
f 4723/240/740 4721/242/740 4722/243/740
f 4722/243/740 4724/304/740 4723/240/740
f 4727/244/653 4725/245/653 4726/243/653
f 4726/243/653 4728/242/653 4727/244/653
f 4731/244/741 4729/246/741 4730/305/741
f 4730/305/741 4732/245/741 4731/244/741
f 4735/246/348 4733/248/348 4734/249/348
f 4734/249/348 4736/305/348 4735/246/348
f 4739/230/449 4737/231/449 4738/232/449
f 4738/232/449 4740/233/449 4739/230/449
f 4743/230/737 4741/234/737 4742/303/737
f 4742/303/737 4744/231/737 4743/230/737
f 4747/234/653 4745/236/653 4746/237/653
f 4746/237/653 4748/303/653 4747/234/653
f 4751/236/742 4749/238/742 4750/239/743
f 4750/239/743 4752/237/742 4751/236/742
f 4755/238/653 4753/240/653 4754/304/653
f 4754/304/653 4756/239/653 4755/238/653
f 4759/240/740 4757/242/740 4758/243/740
f 4758/243/740 4760/304/740 4759/240/740
f 4763/244/653 4761/245/653 4762/243/653
f 4762/243/653 4764/242/653 4763/244/653
f 4767/244/744 4765/246/741 4766/305/744
f 4766/305/744 4768/245/741 4767/244/744
f 4771/246/348 4769/248/348 4770/249/348
f 4770/249/348 4772/305/348 4771/246/348
f 4775/322/745 4773/323/746 4774/324/747
f 4774/324/747 4776/325/747 4775/322/745
f 4779/326/748 4777/327/749 4778/328/750
f 4778/328/750 4780/329/748 4779/326/748
f 4783/325/751 4781/330/752 4782/331/752
f 4782/331/752 4784/332/751 4783/325/751
f 4787/332/753 4785/333/754 4786/334/755
f 4786/334/755 4788/335/754 4787/332/753
f 4791/336/756 4789/337/757 4790/338/756
f 4790/338/756 4792/339/756 4791/336/756
f 4795/336/758 4793/337/759 4794/338/760
f 4794/338/760 4796/339/761 4795/336/758
f 4799/340/762 4797/341/763 4798/342/763
f 4798/342/763 4800/343/762 4799/340/762
f 4803/344/764 4801/342/764 4802/345/764
f 4802/345/764 4804/346/765 4803/344/764
f 4807/347/766 4805/345/766 4806/348/767
f 4806/348/767 4808/349/766 4807/347/766
f 4811/326/768 4809/327/769 4810/328/768
f 4810/328/768 4812/329/770 4811/326/768
f 4815/341/771 4813/322/771 4814/325/771
f 4814/325/771 4816/342/771 4815/341/771
f 4819/342/653 4817/325/653 4818/332/653
f 4818/332/653 4820/345/653 4819/342/653
f 4823/345/772 4821/332/772 4822/335/772
f 4822/335/772 4824/348/772 4823/345/772
f 4827/337/1 4825/350/1 4826/351/1
f 4828/338/1 4827/337/1 4826/351/1
f 4826/351/1 4829/326/1 4828/338/1
f 4830/329/1 4828/338/1 4829/326/1
f 4833/350/280 4831/351/280 4832/326/280
f 4834/337/280 4833/350/280 4832/326/280
f 4832/326/280 4835/329/280 4834/337/280
f 4836/338/280 4834/337/280 4835/329/280
f 4839/348/348 4837/335/348 4838/352/348
f 4838/352/348 4840/353/348 4839/348/348
f 4843/354/449 4841/355/449 4842/322/449
f 4842/322/449 4844/341/449 4843/354/449
f 4847/322/747 4845/323/747 4846/324/745
f 4846/324/745 4848/325/745 4847/322/747
f 4851/326/773 4849/327/773 4850/328/773
f 4850/328/773 4852/329/774 4851/326/773
f 4855/325/775 4853/330/776 4854/331/776
f 4854/331/776 4856/332/777 4855/325/775
f 4859/332/754 4857/333/778 4858/334/779
f 4858/334/779 4860/335/754 4859/332/754
f 4863/336/780 4861/337/780 4862/338/781
f 4862/338/781 4864/339/756 4863/336/780
f 4867/336/761 4865/337/761 4866/338/760
f 4866/338/760 4868/339/761 4867/336/761
f 4871/340/763 4869/341/782 4870/342/762
f 4870/342/762 4872/343/762 4871/340/763
f 4875/344/765 4873/342/764 4874/345/764
f 4874/345/764 4876/346/764 4875/344/765
f 4879/347/766 4877/345/767 4878/348/766
f 4878/348/766 4880/349/767 4879/347/766
f 4883/326/783 4881/327/768 4882/328/784
f 4882/328/784 4884/329/785 4883/326/783
f 4887/341/771 4885/322/771 4886/325/771
f 4886/325/771 4888/342/771 4887/341/771
f 4891/342/653 4889/325/653 4890/332/653
f 4890/332/653 4892/345/653 4891/342/653
f 4895/345/772 4893/332/772 4894/335/772
f 4894/335/772 4896/348/772 4895/345/772
f 4899/337/1 4897/350/1 4898/351/1
f 4900/338/1 4899/337/1 4898/351/1
f 4898/351/1 4901/326/1 4900/338/1
f 4902/329/1 4900/338/1 4901/326/1
f 4905/350/280 4903/351/280 4904/326/280
f 4906/337/280 4905/350/280 4904/326/280
f 4904/326/280 4907/329/280 4906/337/280
f 4908/338/280 4906/337/280 4907/329/280
f 4911/348/348 4909/335/348 4910/352/348
f 4910/352/348 4912/353/348 4911/348/348
f 4915/354/449 4913/355/449 4914/322/449
f 4914/322/449 4916/341/449 4915/354/449
f 4919/322/745 4917/323/747 4918/324/746
f 4918/324/746 4920/325/786 4919/322/745
f 4923/326/773 4921/327/773 4922/328/748
f 4922/328/748 4924/329/748 4923/326/773
f 4927/325/775 4925/330/775 4926/331/752
f 4926/331/752 4928/332/787 4927/325/775
f 4931/332/754 4929/333/753 4930/334/755
f 4930/334/755 4932/335/779 4931/332/754
f 4935/336/757 4933/337/781 4934/338/756
f 4934/338/756 4936/339/788 4935/336/757
f 4939/336/758 4937/337/758 4938/338/758
f 4938/338/758 4940/339/761 4939/336/758
f 4943/340/762 4941/341/789 4942/342/763
f 4942/342/763 4944/343/763 4943/340/762
f 4947/344/765 4945/342/790 4946/345/791
f 4946/345/791 4948/346/791 4947/344/765
f 4951/347/767 4949/345/767 4950/348/767
f 4950/348/767 4952/349/766 4951/347/767
f 4955/326/768 4953/327/784 4954/328/768
f 4954/328/768 4956/329/792 4955/326/768
f 4959/341/771 4957/322/771 4958/325/771
f 4958/325/771 4960/342/771 4959/341/771
f 4963/342/653 4961/325/653 4962/332/653
f 4962/332/653 4964/345/653 4963/342/653
f 4967/345/772 4965/332/772 4966/335/772
f 4966/335/772 4968/348/772 4967/345/772
f 4971/337/1 4969/350/1 4970/351/1
f 4972/338/1 4971/337/1 4970/351/1
f 4970/351/1 4973/326/1 4972/338/1
f 4974/329/1 4972/338/1 4973/326/1
f 4977/350/280 4975/351/280 4976/326/280
f 4978/337/280 4977/350/280 4976/326/280
f 4976/326/280 4979/329/280 4978/337/280
f 4980/338/280 4978/337/280 4979/329/280
f 4983/348/348 4981/335/348 4982/352/348
f 4982/352/348 4984/353/348 4983/348/348
f 4987/354/449 4985/355/449 4986/322/449
f 4986/322/449 4988/341/449 4987/354/449
f 4991/322/745 4989/323/786 4990/324/745
f 4990/324/745 4992/325/786 4991/322/745
f 4995/326/773 4993/327/793 4994/328/773
f 4994/328/773 4996/329/748 4995/326/773
f 4999/325/775 4997/330/777 4998/331/752
f 4998/331/752 5000/332/777 4999/325/775
f 5003/332/779 5001/333/754 5002/334/779
f 5002/334/779 5004/335/779 5003/332/779
f 5007/336/756 5005/337/781 5006/338/781
f 5006/338/781 5008/339/781 5007/336/756
f 5011/336/760 5009/337/760 5010/338/758
f 5010/338/758 5012/339/758 5011/336/760
f 5015/340/762 5013/341/762 5014/342/794
f 5014/342/794 5016/343/794 5015/340/762
f 5019/344/795 5017/342/795 5018/345/795
f 5018/345/795 5020/346/765 5019/344/795
f 5023/347/766 5021/345/767 5022/348/796
f 5022/348/796 5024/349/766 5023/347/766
f 5027/326/784 5025/327/768 5026/328/783
f 5026/328/783 5028/329/792 5027/326/784
f 5031/341/771 5029/322/771 5030/325/771
f 5030/325/771 5032/342/771 5031/341/771
f 5035/342/653 5033/325/653 5034/332/653
f 5034/332/653 5036/345/653 5035/342/653
f 5039/345/772 5037/332/772 5038/335/772
f 5038/335/772 5040/348/772 5039/345/772
f 5043/337/1 5041/350/1 5042/351/1
f 5044/338/1 5043/337/1 5042/351/1
f 5042/351/1 5045/326/1 5044/338/1
f 5046/329/1 5044/338/1 5045/326/1
f 5049/350/280 5047/351/280 5048/326/280
f 5050/337/280 5049/350/280 5048/326/280
f 5048/326/280 5051/329/280 5050/337/280
f 5052/338/280 5050/337/280 5051/329/280
f 5055/348/348 5053/335/348 5054/352/348
f 5054/352/348 5056/353/348 5055/348/348
f 5059/354/449 5057/355/449 5058/322/449
f 5058/322/449 5060/341/449 5059/354/449
f 5063/322/797 5061/323/797 5062/324/798
f 5062/324/798 5064/325/798 5063/322/797
f 5067/326/751 5065/327/787 5066/328/775
f 5066/328/775 5068/329/776 5067/326/751
f 5071/325/756 5069/330/799 5070/331/788
f 5070/331/788 5072/332/781 5071/325/756
f 5075/332/800 5073/333/800 5074/334/800
f 5074/334/800 5076/335/800 5075/332/800
f 5079/336/801 5077/337/802 5078/338/802
f 5078/338/802 5080/339/802 5079/336/801
f 5083/336/791 5081/337/791 5082/338/764
f 5082/338/764 5084/339/795 5083/336/791
f 5087/340/803 5085/341/804 5086/342/805
f 5086/342/805 5088/343/803 5087/340/803
f 5091/344/792 5089/342/792 5090/345/806
f 5090/345/806 5092/346/807 5091/344/792
f 5095/347/808 5093/345/808 5094/348/809
f 5094/348/809 5096/349/809 5095/347/808
f 5099/326/810 5097/327/811 5098/328/812
f 5098/328/812 5100/329/811 5099/326/810
f 5103/356/813 5101/357/813 5102/342/813
f 5102/342/813 5104/341/813 5103/356/813
f 5107/357/348 5105/358/348 5106/345/348
f 5106/345/348 5108/342/348 5107/357/348
f 5111/358/814 5109/359/814 5110/348/814
f 5110/348/814 5112/345/814 5111/358/814
f 5115/337/1 5113/326/1 5114/329/1
f 5114/329/1 5116/338/1 5115/337/1
f 5119/350/280 5117/351/280 5118/326/280
f 5118/326/280 5120/337/280 5119/350/280
f 5123/348/451 5121/359/451 5122/360/451
f 5122/360/451 5124/353/451 5123/348/451
f 5127/361/653 5125/356/653 5126/341/653
f 5126/341/653 5128/354/653 5127/361/653
f 5131/362/451 5129/335/451 5130/352/451
f 5130/352/451 5132/363/451 5131/362/451
f 5135/332/814 5133/335/814 5134/362/814
f 5134/362/814 5136/364/814 5135/332/814
f 5139/325/348 5137/332/348 5138/364/348
f 5138/364/348 5140/365/348 5139/325/348
f 5143/322/813 5141/325/813 5142/365/813
f 5142/365/813 5144/366/813 5143/322/813
f 5147/355/653 5145/322/653 5146/366/653
f 5146/366/653 5148/367/653 5147/355/653
f 5151/360/451 5149/359/451 5150/362/451
f 5150/362/451 5152/363/451 5151/360/451
f 5155/359/814 5153/358/814 5154/364/814
f 5154/364/814 5156/362/814 5155/359/814
f 5159/358/348 5157/357/348 5158/365/348
f 5158/365/348 5160/364/348 5159/358/348
f 5163/356/653 5161/361/653 5162/367/653
f 5162/367/653 5164/366/653 5163/356/653
f 5167/356/813 5165/366/813 5166/365/813
f 5166/365/813 5168/357/813 5167/356/813
f 5171/322/797 5169/323/797 5170/324/797
f 5170/324/797 5172/325/798 5171/322/797
f 5175/326/752 5173/327/775 5174/328/751
f 5174/328/751 5176/329/775 5175/326/752
f 5179/325/799 5177/330/756 5178/331/780
f 5178/331/780 5180/332/788 5179/325/799
f 5183/332/815 5181/333/815 5182/334/815
f 5182/334/815 5184/335/815 5183/332/815
f 5187/336/816 5185/337/817 5186/338/816
f 5186/338/816 5188/339/801 5187/336/816
f 5191/336/765 5189/337/791 5190/338/791
f 5190/338/791 5192/339/791 5191/336/765
f 5195/340/805 5193/341/805 5194/342/803
f 5194/342/803 5196/343/803 5195/340/805
f 5199/344/783 5197/342/792 5198/345/783
f 5198/345/783 5200/346/792 5199/344/783
f 5203/347/808 5201/345/808 5202/348/808
f 5202/348/808 5204/349/808 5203/347/808
f 5207/326/818 5205/327/819 5206/328/818
f 5206/328/818 5208/329/812 5207/326/818
f 5211/356/813 5209/357/813 5210/342/813
f 5210/342/813 5212/341/813 5211/356/813
f 5214/345/348 5216/342/348 5215/357/348
f 5213/358/348 5214/345/348 5215/357/348
f 5215/357/348 5265/365/348 5213/358/348
f 5266/364/348 5213/358/348 5265/365/348
f 5219/358/814 5217/359/814 5218/348/814
f 5218/348/814 5220/345/814 5219/358/814
f 5223/337/1 5221/326/1 5222/329/1
f 5222/329/1 5224/338/1 5223/337/1
f 5227/350/280 5225/351/280 5226/326/280
f 5226/326/280 5228/337/280 5227/350/280
f 5231/348/451 5229/359/451 5230/360/451
f 5230/360/451 5232/353/451 5231/348/451
f 5235/361/653 5233/356/653 5234/341/653
f 5234/341/653 5236/354/653 5235/361/653
f 5239/362/451 5237/335/451 5238/352/451
f 5238/352/451 5240/363/451 5239/362/451
f 5243/332/814 5241/335/814 5242/362/814
f 5242/362/814 5244/364/814 5243/332/814
f 5247/325/348 5245/332/348 5246/364/348
f 5246/364/348 5248/365/348 5247/325/348
f 5251/322/813 5249/325/813 5250/365/813
f 5250/365/813 5252/366/813 5251/322/813
f 5255/355/653 5253/322/653 5254/366/653
f 5254/366/653 5256/367/653 5255/355/653
f 5259/360/451 5257/359/451 5258/362/451
f 5258/362/451 5260/363/451 5259/360/451
f 5263/359/814 5261/358/814 5262/364/814
f 5262/364/814 5264/362/814 5263/359/814
f 5269/356/653 5267/361/653 5268/367/653
f 5268/367/653 5270/366/653 5269/356/653
f 5273/356/813 5271/366/813 5272/365/813
f 5272/365/813 5274/357/813 5273/356/813
f 5277/337/1 5275/350/1 5276/351/1
f 5276/351/1 5278/326/1 5277/337/1
f 5281/337/280 5279/326/280 5280/329/280
f 5280/329/280 5282/338/280 5281/337/280
f 5285/337/1 5283/350/1 5284/351/1
f 5284/351/1 5286/326/1 5285/337/1
f 5289/337/280 5287/326/280 5288/329/280
f 5288/329/280 5290/338/280 5289/337/280
f 5293/324/815 5291/323/815 5292/322/820
f 5292/322/820 5294/325/815 5293/324/815
f 5297/328/821 5295/327/801 5296/326/817
f 5296/326/817 5298/329/802 5297/328/821
f 5301/331/756 5299/330/756 5300/325/756
f 5300/325/756 5302/332/780 5301/331/756
f 5305/334/822 5303/333/797 5304/332/797
f 5304/332/797 5306/335/798 5305/334/822
f 5309/338/751 5307/337/775 5308/336/752
f 5308/336/752 5310/339/751 5309/338/751
f 5313/338/810 5311/337/811 5312/336/819
f 5312/336/819 5314/339/823 5313/338/810
f 5317/342/808 5315/341/824 5316/340/809
f 5316/340/809 5318/343/809 5317/342/808
f 5321/345/768 5319/342/792 5320/344/783
f 5320/344/783 5322/346/784 5321/345/768
f 5325/348/803 5323/345/803 5324/347/803
f 5324/347/803 5326/349/825 5325/348/803
f 5329/328/791 5327/327/791 5328/326/764
f 5328/326/764 5330/329/826 5329/328/791
f 5333/342/814 5331/357/814 5332/356/814
f 5332/356/814 5334/341/814 5333/342/814
f 5337/345/348 5335/358/348 5336/357/348
f 5336/357/348 5338/342/348 5337/345/348
f 5341/348/813 5339/359/813 5340/358/813
f 5340/358/813 5342/345/813 5341/348/813
f 5345/329/1 5343/326/1 5344/337/1
f 5344/337/1 5346/338/1 5345/329/1
f 5349/326/280 5347/351/280 5348/350/280
f 5348/350/280 5350/337/280 5349/326/280
f 5353/360/653 5351/359/653 5352/348/653
f 5352/348/653 5354/353/653 5353/360/653
f 5357/341/451 5355/356/451 5356/361/451
f 5356/361/451 5358/354/451 5357/341/451
f 5361/352/653 5359/335/653 5360/362/653
f 5360/362/653 5362/363/653 5361/352/653
f 5365/362/827 5363/335/827 5364/332/827
f 5364/332/827 5366/364/827 5365/362/827
f 5369/364/348 5367/332/348 5368/325/348
f 5368/325/348 5370/365/348 5369/364/348
f 5373/365/814 5371/325/814 5372/322/814
f 5372/322/814 5374/366/814 5373/365/814
f 5377/366/451 5375/322/451 5376/355/451
f 5376/355/451 5378/367/451 5377/366/451
f 5381/362/653 5379/359/653 5380/360/653
f 5380/360/653 5382/363/653 5381/362/653
f 5385/364/813 5383/358/813 5384/359/813
f 5384/359/813 5386/362/813 5385/364/813
f 5370/365/348 5387/357/348 5335/358/348
f 5335/358/348 5388/364/348 5370/365/348
f 5391/367/451 5389/361/451 5390/356/451
f 5390/356/451 5392/366/451 5391/367/451
f 5395/365/814 5393/366/814 5394/356/814
f 5394/356/814 5396/357/814 5395/365/814
f 5399/324/815 5397/323/828 5398/322/815
f 5398/322/815 5400/325/815 5399/324/815
f 5403/328/816 5401/327/817 5402/326/816
f 5402/326/816 5404/329/802 5403/328/816
f 5407/331/756 5405/330/756 5406/325/757
f 5406/325/757 5408/332/756 5407/331/756
f 5411/334/798 5409/333/797 5410/332/798
f 5410/332/798 5412/335/798 5411/334/798
f 5415/338/776 5413/337/751 5414/336/787
f 5414/336/787 5416/339/775 5415/338/776
f 5419/338/823 5417/337/823 5418/336/819
f 5418/336/819 5420/339/829 5419/338/823
f 5423/342/809 5421/341/808 5422/340/809
f 5422/340/809 5424/343/809 5423/342/809
f 5427/345/792 5425/342/783 5426/344/783
f 5426/344/783 5428/346/768 5427/345/792
f 5431/348/803 5429/345/803 5430/347/805
f 5430/347/805 5432/349/805 5431/348/803
f 5435/328/791 5433/327/764 5434/326/795
f 5434/326/795 5436/329/791 5435/328/791
f 5439/329/1 5437/326/1 5438/337/1
f 5438/337/1 5440/338/1 5439/329/1
f 5443/326/280 5441/351/280 5442/350/280
f 5442/350/280 5444/337/280 5443/326/280
f 5447/352/653 5445/335/653 5446/348/653
f 5446/348/653 5448/353/653 5447/352/653
f 5451/335/813 5449/332/813 5450/345/813
f 5450/345/813 5452/348/813 5451/335/813
f 5455/332/348 5453/325/348 5454/342/348
f 5454/342/348 5456/345/348 5455/332/348
f 5459/325/814 5457/322/814 5458/341/814
f 5458/341/814 5460/342/814 5459/325/814
f 5463/355/451 5461/354/451 5462/341/451
f 5462/341/451 5464/322/451 5463/355/451
f 5467/351/1 5465/350/1 5466/337/1
f 5466/337/1 5468/326/1 5467/351/1
f 5471/329/280 5469/326/280 5470/337/280
f 5470/337/280 5472/338/280 5471/329/280
f 5475/351/1 5473/350/1 5474/337/1
f 5474/337/1 5476/326/1 5475/351/1
f 5479/329/280 5477/326/280 5478/337/280
f 5478/337/280 5480/338/280 5479/329/280
f 5483/322/830 5481/323/831 5482/324/832
f 5482/324/832 5484/325/831 5483/322/830
f 5487/326/788 5485/327/781 5486/328/756
f 5486/328/756 5488/329/756 5487/326/788
f 5491/325/817 5489/330/802 5490/331/802
f 5490/331/802 5492/332/801 5491/325/817
f 5495/332/833 5493/333/833 5494/334/833
f 5494/334/833 5496/335/833 5495/332/833
f 5499/336/749 5497/337/773 5498/338/750
f 5498/338/750 5500/339/748 5499/336/749
f 5503/336/807 5501/337/784 5502/338/768
f 5502/338/768 5504/339/792 5503/336/807
f 5507/340/834 5505/341/835 5506/342/834
f 5506/342/834 5508/343/834 5507/340/834
f 5511/344/810 5509/342/810 5510/345/819
f 5510/345/819 5512/346/823 5511/344/810
f 5515/347/836 5513/345/837 5514/348/838
f 5514/348/838 5516/349/837 5515/347/836
f 5519/326/761 5517/327/760 5518/328/760
f 5518/328/760 5520/329/758 5519/326/761
f 5523/356/839 5521/357/839 5522/342/839
f 5522/342/839 5524/341/839 5523/356/839
f 5527/357/451 5525/358/451 5526/345/451
f 5526/345/451 5528/342/451 5527/357/451
f 5531/358/840 5529/359/840 5530/348/840
f 5530/348/840 5532/345/840 5531/358/840
f 5535/337/1 5533/326/1 5534/329/1
f 5534/329/1 5536/338/1 5535/337/1
f 5539/350/280 5537/351/280 5538/326/280
f 5538/326/280 5540/337/280 5539/350/280
f 5543/348/449 5541/359/449 5542/360/449
f 5542/360/449 5544/353/449 5543/348/449
f 5547/361/348 5545/356/348 5546/341/348
f 5546/341/348 5548/354/348 5547/361/348
f 5551/362/449 5549/335/449 5550/352/449
f 5550/352/449 5552/363/449 5551/362/449
f 5555/332/840 5553/335/840 5554/362/840
f 5554/362/840 5556/364/840 5555/332/840
f 5559/325/451 5557/332/451 5558/364/451
f 5558/364/451 5560/365/451 5559/325/451
f 5563/322/839 5561/325/839 5562/365/839
f 5562/365/839 5564/366/839 5563/322/839
f 5567/355/348 5565/322/348 5566/366/348
f 5566/366/348 5568/367/348 5567/355/348
f 5571/360/449 5569/359/449 5570/362/449
f 5570/362/449 5572/363/449 5571/360/449
f 5575/359/840 5573/358/840 5574/364/840
f 5574/364/840 5576/362/840 5575/359/840
f 5525/358/451 5577/357/451 5578/365/451
f 5578/365/451 5579/364/451 5525/358/451
f 5582/356/348 5580/361/348 5581/367/348
f 5581/367/348 5583/366/348 5582/356/348
f 5586/356/839 5584/366/839 5585/365/839
f 5585/365/839 5587/357/839 5586/356/839
f 5590/337/1 5588/350/1 5589/351/1
f 5589/351/1 5591/326/1 5590/337/1
f 5594/337/280 5592/326/280 5593/329/280
f 5593/329/280 5595/338/280 5594/337/280
f 5598/322/841 5596/323/842 5597/324/843
f 5597/324/843 5599/325/844 5598/322/841
f 5602/326/845 5600/327/845 5601/328/846
f 5601/328/846 5603/329/846 5602/326/845
f 5606/325/847 5604/330/847 5605/331/847
f 5605/331/847 5607/332/847 5606/325/847
f 5610/332/848 5608/333/848 5609/334/848
f 5609/334/848 5611/335/848 5610/332/848
f 5614/336/849 5612/337/850 5613/338/849
f 5613/338/849 5615/339/851 5614/336/849
f 5618/336/852 5616/337/852 5617/338/853
f 5617/338/853 5619/339/853 5618/336/852
f 5622/340/854 5620/341/855 5621/342/856
f 5621/342/856 5623/343/856 5622/340/854
f 5626/344/857 5624/342/858 5625/345/859
f 5625/345/859 5627/346/860 5626/344/857
f 5630/347/861 5628/345/862 5629/348/863
f 5629/348/863 5631/349/864 5630/347/861
f 5634/326/865 5632/327/865 5633/328/866
f 5633/328/866 5635/329/866 5634/326/865
f 5638/356/867 5636/357/868 5637/342/868
f 5637/342/868 5639/341/867 5638/356/867
f 5642/357/869 5640/358/449 5641/345/449
f 5641/345/449 5643/342/869 5642/357/869
f 5646/358/870 5644/359/871 5645/348/871
f 5645/348/871 5647/345/870 5646/358/870
f 5650/337/1 5648/326/1 5649/329/1
f 5649/329/1 5651/338/1 5650/337/1
f 5654/350/280 5652/351/280 5653/326/280
f 5653/326/280 5655/337/280 5654/350/280
f 5658/348/872 5656/359/653 5657/360/872
f 5657/360/872 5659/353/872 5658/348/872
f 5662/361/873 5660/356/874 5661/341/874
f 5661/341/874 5663/354/873 5662/361/873
f 5666/362/875 5664/335/875 5665/352/653
f 5665/352/653 5667/363/653 5666/362/875
f 5670/332/870 5668/335/876 5669/362/871
f 5669/362/871 5671/364/870 5670/332/870
f 5674/325/449 5672/332/449 5673/364/449
f 5673/364/449 5675/365/449 5674/325/449
f 5678/322/867 5676/325/868 5677/365/868
f 5677/365/868 5679/366/867 5678/322/867
f 5682/355/451 5680/322/873 5681/366/873
f 5681/366/873 5683/367/451 5682/355/451
f 5686/360/877 5684/359/877 5685/362/877
f 5685/362/877 5687/363/877 5686/360/877
f 5690/359/870 5688/358/878 5689/364/870
f 5689/364/870 5691/362/870 5690/359/870
f 5694/358/449 5692/357/449 5693/365/449
f 5693/365/449 5695/364/449 5694/358/449
f 5698/356/451 5696/361/451 5697/367/451
f 5697/367/451 5699/366/451 5698/356/451
f 5702/356/867 5700/366/867 5701/365/867
f 5701/365/867 5703/357/867 5702/356/867
f 5706/337/1 5704/350/1 5705/351/1
f 5705/351/1 5707/326/1 5706/337/1
f 5710/337/280 5708/326/280 5709/329/280
f 5709/329/280 5711/338/280 5710/337/280
f 5714/322/879 5712/323/841 5713/324/880
f 5713/324/880 5715/325/844 5714/322/879
f 5718/326/845 5716/327/881 5717/328/846
f 5717/328/846 5719/329/882 5718/326/845
f 5722/325/847 5720/330/883 5721/331/847
f 5721/331/847 5723/332/884 5722/325/847
f 5726/332/848 5724/333/885 5725/334/848
f 5725/334/848 5727/335/848 5726/332/848
f 5730/336/886 5728/337/886 5729/338/849
f 5729/338/849 5731/339/849 5730/336/886
f 5734/336/887 5732/337/852 5733/338/887
f 5733/338/887 5735/339/853 5734/336/887
f 5738/340/856 5736/341/855 5737/342/856
f 5737/342/856 5739/343/856 5738/340/856
f 5742/344/857 5740/342/858 5741/345/859
f 5741/345/859 5743/346/860 5742/344/857
f 5746/347/861 5744/345/888 5745/348/863
f 5745/348/863 5747/349/864 5746/347/861
f 5750/326/866 5748/327/866 5749/328/865
f 5749/328/865 5751/329/866 5750/326/866
f 5754/356/867 5752/357/868 5753/342/868
f 5753/342/868 5755/341/867 5754/356/867
f 5758/357/869 5756/358/449 5757/345/449
f 5757/345/449 5759/342/869 5758/357/869
f 5762/358/870 5760/359/871 5761/348/871
f 5761/348/871 5763/345/870 5762/358/870
f 5766/337/1 5764/326/1 5765/329/1
f 5765/329/1 5767/338/1 5766/337/1
f 5770/350/280 5768/351/280 5769/326/280
f 5769/326/280 5771/337/280 5770/350/280
f 5774/348/872 5772/359/653 5773/360/872
f 5773/360/872 5775/353/872 5774/348/872
f 5778/361/873 5776/356/874 5777/341/874
f 5777/341/874 5779/354/873 5778/361/873
f 5782/362/875 5780/335/875 5781/352/653
f 5781/352/653 5783/363/653 5782/362/875
f 5786/332/889 5784/335/876 5785/362/871
f 5785/362/871 5787/364/889 5786/332/889
f 5790/325/449 5788/332/449 5789/364/449
f 5789/364/449 5791/365/449 5790/325/449
f 5794/322/867 5792/325/868 5793/365/868
f 5793/365/868 5795/366/867 5794/322/867
f 5798/355/451 5796/322/873 5797/366/873
f 5797/366/873 5799/367/451 5798/355/451
f 5802/360/877 5800/359/877 5801/362/877
f 5801/362/877 5803/363/877 5802/360/877
f 5806/359/870 5804/358/870 5805/364/870
f 5805/364/870 5807/362/870 5806/359/870
f 5810/358/449 5808/357/449 5809/365/449
f 5809/365/449 5811/364/449 5810/358/449
f 5814/356/451 5812/361/451 5813/367/451
f 5813/367/451 5815/366/451 5814/356/451
f 5818/356/867 5816/366/867 5817/365/867
f 5817/365/867 5819/357/867 5818/356/867
f 5822/337/1 5820/350/1 5821/351/1
f 5821/351/1 5823/326/1 5822/337/1
f 5826/337/280 5824/326/280 5825/329/280
f 5825/329/280 5827/338/280 5826/337/280
f 5830/322/890 5828/323/891 5829/324/892
f 5829/324/892 5831/325/893 5830/322/890
f 5834/326/894 5832/327/895 5833/328/896
f 5833/328/896 5835/329/897 5834/326/894
f 5838/325/898 5836/330/898 5837/331/899
f 5837/331/899 5839/332/898 5838/325/898
f 5842/332/900 5840/333/900 5841/334/901
f 5841/334/901 5843/335/902 5842/332/900
f 5846/336/903 5844/337/904 5845/338/905
f 5845/338/905 5847/339/906 5846/336/903
f 5850/336/907 5848/337/907 5849/338/908
f 5849/338/908 5851/339/908 5850/336/907
f 5854/340/909 5852/341/910 5853/342/911
f 5853/342/911 5855/343/912 5854/340/909
f 5858/344/913 5856/342/914 5857/345/914
f 5857/345/914 5859/346/915 5858/344/913
f 5862/347/916 5860/345/916 5861/348/917
f 5861/348/917 5863/349/918 5862/347/916
f 5866/326/919 5864/327/920 5865/328/919
f 5865/328/919 5867/329/919 5866/326/919
f 5870/341/921 5868/322/921 5869/325/921
f 5869/325/921 5871/342/921 5870/341/921
f 5874/342/449 5872/325/449 5873/332/449
f 5873/332/449 5875/345/449 5874/342/449
f 5878/345/922 5876/332/922 5877/335/922
f 5877/335/922 5879/348/922 5878/345/922
f 5882/337/451 5880/326/451 5881/329/451
f 5881/329/451 5883/338/451 5882/337/451
f 5886/350/653 5884/351/653 5885/326/653
f 5885/326/653 5887/337/653 5886/350/653
f 5890/348/1 5888/335/1 5889/352/1
f 5889/352/1 5891/353/1 5890/348/1
f 5894/354/280 5892/355/280 5893/322/280
f 5893/322/280 5895/341/280 5894/354/280
f 5898/337/451 5896/350/451 5897/351/451
f 5897/351/451 5899/326/451 5898/337/451
f 5902/337/653 5900/326/653 5901/329/653
f 5901/329/653 5903/338/653 5902/337/653
f 5906/322/923 5904/323/890 5905/324/892
f 5905/324/892 5907/325/893 5906/322/923
f 5910/326/924 5908/327/925 5909/328/926
f 5909/328/926 5911/329/927 5910/326/924
f 5914/325/898 5912/330/898 5913/331/928
f 5913/331/928 5915/332/928 5914/325/898
f 5918/332/901 5916/333/929 5917/334/901
f 5917/334/901 5919/335/929 5918/332/901
f 5922/336/903 5920/337/930 5921/338/906
f 5921/338/906 5923/339/903 5922/336/903
f 5926/336/907 5924/337/907 5925/338/908
f 5925/338/908 5927/339/908 5926/336/907
f 5930/340/931 5928/341/932 5929/342/931
f 5929/342/931 5931/343/912 5930/340/931
f 5934/344/914 5932/342/914 5933/345/914
f 5933/345/914 5935/346/933 5934/344/914
f 5938/347/916 5936/345/934 5937/348/918
f 5937/348/918 5939/349/918 5938/347/916
f 5942/326/920 5940/327/920 5941/328/920
f 5941/328/920 5943/329/935 5942/326/920
f 5946/341/921 5944/322/921 5945/325/921
f 5945/325/921 5947/342/921 5946/341/921
f 5950/342/449 5948/325/449 5949/332/449
f 5949/332/449 5951/345/449 5950/342/449
f 5954/345/922 5952/332/936 5953/335/922
f 5953/335/922 5955/348/922 5954/345/922
f 5958/337/451 5956/326/451 5957/329/451
f 5957/329/451 5959/338/451 5958/337/451
f 5962/350/653 5960/351/653 5961/326/653
f 5961/326/653 5963/337/653 5962/350/653
f 5966/348/1 5964/335/1 5965/352/1
f 5965/352/1 5967/353/1 5966/348/1
f 5970/354/280 5968/355/280 5969/322/280
f 5969/322/280 5971/341/280 5970/354/280
f 5974/337/451 5972/350/451 5973/351/451
f 5973/351/451 5975/326/451 5974/337/451
f 5978/337/653 5976/326/653 5977/329/653
f 5977/329/653 5979/338/653 5978/337/653
