# Blender 4.5.3 LTS
# www.blender.org
o w9a02_tire01
v -0.399336 0.503908 11.042258
v -0.423874 0.384240 11.225818
v -0.551094 0.503908 11.045929
v -0.517708 0.384240 11.228087
v -0.694289 0.503908 11.096316
v -0.606247 0.384240 11.259242
v -0.814905 0.503908 11.188487
v -0.680825 0.384240 11.316233
v -0.901135 0.503908 11.313420
v -0.734142 0.384240 11.393480
v -0.944539 0.503908 11.458884
v -0.760979 0.384240 11.483422
v -0.940867 0.503908 11.610641
v -0.758709 0.384240 11.577255
v -0.890480 0.503908 11.753837
v -0.727554 0.384240 11.665794
v -0.798309 0.503908 11.874453
v -0.670564 0.384240 11.740373
v -0.673376 0.503908 11.960683
v -0.593317 0.384240 11.793690
v -0.527912 0.503908 12.004086
v -0.503374 0.384240 11.820527
v -0.376155 0.503908 12.000415
v -0.409541 0.384240 11.818257
v -0.232960 0.503908 11.950027
v -0.321002 0.384240 11.787102
v -0.112344 0.503908 11.857856
v -0.246424 0.384240 11.730111
v -0.026114 0.503908 11.732924
v -0.193106 0.384240 11.652864
v -0.026114 0.503908 11.732924
v -0.193106 0.384240 11.652864
v 0.017290 0.503908 11.587460
v -0.166269 0.384240 11.562922
v 0.013618 0.503908 11.435702
v -0.168540 0.384240 11.469089
v -0.036769 0.503908 11.292508
v -0.199695 0.384240 11.380549
v -0.128940 0.503908 11.171892
v -0.256685 0.384240 11.305972
v -0.253872 0.503908 11.085662
v -0.333932 0.384240 11.252654
v -0.399336 0.503908 11.042258
v -0.423874 0.384240 11.225818
v -0.386408 0.456746 10.945548
v -0.211692 0.456746 10.997680
v -0.386408 0.456746 10.945548
v -0.568683 0.456746 10.949958
v -0.740674 0.456746 11.010478
v -0.885546 0.456746 11.121184
v -0.989117 0.456746 11.271239
v -1.041249 0.456746 11.445956
v -1.036839 0.456746 11.628231
v -0.976319 0.456746 11.800222
v -0.865612 0.456746 11.945094
v -0.715557 0.456746 12.048664
v -0.540840 0.456746 12.100797
v -0.358565 0.456746 12.096386
v -0.186574 0.456746 12.035866
v -0.041703 0.456746 11.925160
v 0.061868 0.456746 11.775105
v 0.061868 0.456746 11.775105
v 0.114000 0.456746 11.600388
v 0.109590 0.456746 11.418113
v 0.049070 0.456746 11.246122
v -0.061636 0.456746 11.101251
v -0.333932 0.384240 11.252654
v -0.256685 0.384240 11.305972
v -0.209229 0.248356 10.992542
v -0.057706 0.248356 11.097125
v -0.423874 0.384240 11.225818
v -0.385653 0.248355 10.939900
v -0.517708 0.384240 11.228087
v -0.423874 0.384240 11.225818
v -0.569711 0.248355 10.944354
v -0.385653 0.248355 10.939900
v -0.606247 0.384240 11.259242
v -0.743383 0.248356 11.005466
v -0.680825 0.384240 11.316233
v -0.889671 0.248356 11.117254
v -0.734142 0.384240 11.393480
v -0.994254 0.248356 11.268776
v -0.760979 0.384240 11.483422
v -1.046896 0.248356 11.445201
v -0.758709 0.384240 11.577255
v -1.042443 0.248356 11.629258
v -0.727554 0.384240 11.665794
v -0.758709 0.384240 11.577255
v -0.981331 0.248356 11.802931
v -1.042443 0.248356 11.629258
v -0.670564 0.384240 11.740373
v -0.869542 0.248356 11.949218
v -0.593317 0.384240 11.793690
v -0.718020 0.248356 12.053802
v -0.503374 0.384240 11.820527
v -0.541595 0.248356 12.106443
v -0.409541 0.384240 11.818257
v -0.357538 0.248356 12.101991
v -0.321002 0.384240 11.787102
v -0.183866 0.248356 12.040879
v -0.246424 0.384240 11.730111
v -0.037578 0.248356 11.929090
v -0.193106 0.384240 11.652864
v 0.067006 0.248356 11.777568
v -0.166269 0.384240 11.562922
v 0.119648 0.248356 11.601143
v -0.168540 0.384240 11.469089
v 0.115194 0.248356 11.417087
v -0.199695 0.384240 11.380549
v 0.054083 0.248356 11.243414
v 0.081543 0.352551 11.784537
v 0.135627 0.352551 11.603279
v 0.089742 0.248356 11.788468
v 0.144639 0.248356 11.604484
v -0.025906 0.352551 11.940211
v 0.081543 0.352551 11.784537
v -0.019323 0.248356 11.946483
v 0.089742 0.248356 11.788468
v -0.176201 0.352551 12.055062
v -0.171879 0.248356 12.063062
v -0.354632 0.352551 12.117848
v -0.352993 0.248356 12.126792
v -0.543731 0.352551 12.122424
v -0.544936 0.248356 12.131435
v -0.724990 0.352551 12.068339
v -0.728920 0.248356 12.076538
v -0.880664 0.352551 11.960891
v -0.886935 0.248356 11.967474
v -0.995515 0.352551 11.810596
v -1.003514 0.248356 11.814918
v -1.058301 0.352551 11.632165
v -1.067244 0.248356 11.633803
v -1.062876 0.352551 11.443065
v -1.071888 0.248356 11.441860
v -1.008792 0.352551 11.261806
v -1.016991 0.248356 11.257876
v -0.901343 0.352551 11.106133
v -0.907926 0.248356 11.099861
v -0.751048 0.352551 10.991282
v -0.755370 0.248356 10.983283
v -0.572617 0.352551 10.928496
v -0.574256 0.248355 10.919552
v -0.383517 0.352551 10.923921
v -0.382313 0.248355 10.914908
v -0.202259 0.352551 10.978004
v -0.383517 0.352551 10.923921
v -0.198328 0.248356 10.969806
v -0.382313 0.248355 10.914908
v -0.046585 0.352551 11.085453
v -0.040313 0.248356 11.078871
v 0.068266 0.352551 11.235749
v 0.076265 0.248356 11.231426
v 0.131052 0.352551 11.414180
v 0.139995 0.248356 11.412540
v -0.399336 -0.007196 11.042258
v -0.551094 -0.007196 11.045929
v -0.423874 0.112471 11.225818
v -0.517708 0.112471 11.228087
v -0.694289 -0.007196 11.096316
v -0.606247 0.112471 11.259242
v -0.814905 -0.007196 11.188487
v -0.680825 0.112471 11.316233
v -0.901135 -0.007196 11.313420
v -0.734142 0.112471 11.393480
v -0.944539 -0.007196 11.458884
v -0.760979 0.112471 11.483422
v -0.940867 -0.007196 11.610641
v -0.758709 0.112471 11.577255
v -0.890480 -0.007197 11.753837
v -0.727554 0.112471 11.665794
v -0.798309 -0.007196 11.874453
v -0.670564 0.112471 11.740373
v -0.673376 -0.007196 11.960683
v -0.593317 0.112471 11.793690
v -0.527912 -0.007196 12.004086
v -0.503374 0.112471 11.820527
v -0.376155 -0.007196 12.000415
v -0.409541 0.112471 11.818257
v -0.232960 -0.007196 11.950027
v -0.321002 0.112471 11.787102
v -0.112344 -0.007196 11.857856
v -0.246424 0.112471 11.730111
v -0.026114 -0.007196 11.732924
v -0.193106 0.112471 11.652864
v -0.026114 -0.007196 11.732924
v 0.017290 -0.007196 11.587460
v -0.193106 0.112471 11.652864
v -0.166269 0.112471 11.562922
v 0.013618 -0.007196 11.435702
v -0.168540 0.112471 11.469089
v -0.036769 -0.007196 11.292508
v -0.199695 0.112471 11.380549
v -0.128940 -0.007196 11.171892
v -0.256685 0.112471 11.305972
v -0.253872 -0.007196 11.085662
v -0.333932 0.112471 11.252654
v -0.399336 -0.007196 11.042258
v -0.423874 0.112471 11.225818
v -0.386408 0.039965 10.945548
v -0.211692 0.039965 10.997680
v -0.386408 0.039965 10.945548
v -0.568683 0.039965 10.949958
v -0.740674 0.039965 11.010478
v -0.885546 0.039965 11.121184
v -0.989117 0.039965 11.271239
v -1.041249 0.039965 11.445956
v -1.036839 0.039965 11.628231
v -0.976319 0.039965 11.800222
v -0.865612 0.039965 11.945094
v -0.715557 0.039965 12.048664
v -0.540840 0.039965 12.100797
v -0.358565 0.039965 12.096386
v -0.186574 0.039965 12.035866
v -0.041703 0.039965 11.925160
v 0.061868 0.039965 11.775105
v 0.061868 0.039965 11.775105
v 0.114000 0.039965 11.600388
v 0.109590 0.039965 11.418113
v 0.049070 0.039965 11.246122
v -0.061636 0.039965 11.101251
v -0.333932 0.112471 11.252654
v -0.209229 0.248356 10.992542
v -0.256685 0.112471 11.305972
v -0.057706 0.248356 11.097125
v -0.423874 0.112471 11.225818
v -0.385653 0.248355 10.939900
v -0.517708 0.112471 11.228087
v -0.569711 0.248355 10.944354
v -0.423874 0.112471 11.225818
v -0.385653 0.248355 10.939900
v -0.606247 0.112471 11.259242
v -0.743383 0.248356 11.005466
v -0.680825 0.112471 11.316233
v -0.889671 0.248356 11.117254
v -0.734142 0.112471 11.393480
v -0.994254 0.248356 11.268776
v -0.760979 0.112471 11.483422
v -1.046896 0.248356 11.445201
v -0.758709 0.112471 11.577255
v -1.042443 0.248356 11.629258
v -0.727554 0.112471 11.665794
v -0.981331 0.248356 11.802931
v -0.758709 0.112471 11.577255
v -1.042443 0.248356 11.629258
v -0.670564 0.112471 11.740373
v -0.869542 0.248356 11.949218
v -0.593317 0.112471 11.793690
v -0.718020 0.248356 12.053802
v -0.503374 0.112471 11.820527
v -0.541595 0.248356 12.106443
v -0.409541 0.112471 11.818257
v -0.357538 0.248356 12.101991
v -0.321002 0.112471 11.787102
v -0.183866 0.248356 12.040879
v -0.246424 0.112471 11.730111
v -0.037578 0.248356 11.929090
v -0.193106 0.112471 11.652864
v 0.067006 0.248356 11.777568
v -0.166269 0.112471 11.562922
v 0.119648 0.248356 11.601143
v -0.168540 0.112471 11.469089
v 0.115194 0.248356 11.417087
v -0.199695 0.112471 11.380549
v 0.054083 0.248356 11.243414
v 0.081543 0.144160 11.784537
v 0.089742 0.248356 11.788468
v 0.135627 0.144160 11.603279
v 0.144639 0.248356 11.604484
v -0.025906 0.144160 11.940211
v -0.019323 0.248356 11.946483
v 0.081543 0.144160 11.784537
v 0.089742 0.248356 11.788468
v -0.176201 0.144160 12.055062
v -0.171879 0.248356 12.063062
v -0.354632 0.144160 12.117848
v -0.352993 0.248356 12.126792
v -0.543731 0.144160 12.122424
v -0.544936 0.248356 12.131435
v -0.724990 0.144160 12.068339
v -0.728920 0.248356 12.076538
v -0.880664 0.144160 11.960891
v -0.886935 0.248356 11.967474
v -0.995515 0.144160 11.810596
v -1.003514 0.248356 11.814918
v -1.058301 0.144160 11.632165
v -1.067244 0.248356 11.633803
v -1.062876 0.144160 11.443065
v -1.071888 0.248356 11.441860
v -1.008792 0.144160 11.261806
v -1.016991 0.248356 11.257876
v -0.901343 0.144160 11.106133
v -0.907926 0.248356 11.099861
v -0.751048 0.144160 10.991282
v -0.755370 0.248356 10.983283
v -0.572617 0.144160 10.928496
v -0.574256 0.248355 10.919552
v -0.383517 0.144160 10.923921
v -0.382313 0.248355 10.914908
v -0.202259 0.144160 10.978004
v -0.198328 0.248356 10.969806
v -0.383517 0.144160 10.923921
v -0.382313 0.248355 10.914908
v -0.046585 0.144160 11.085453
v -0.040313 0.248356 11.078871
v 0.068266 0.144160 11.235749
v 0.076265 0.248356 11.231426
v 0.131052 0.144160 11.414180
v 0.139995 0.248356 11.412540
v 0.058646 0.703186 11.775618
v -0.068928 0.630293 11.940020
v -0.047582 0.811352 11.767896
v -0.134610 0.697173 11.935245
v -0.154552 0.911705 11.807014
v -0.200750 0.759223 11.959434
v -0.251794 0.994422 11.889146
v -0.260876 0.810368 12.010215
v -0.329790 1.051407 12.006249
v -0.309102 0.845602 12.082622
v -0.380903 1.077081 12.146862
v -0.340706 0.861477 12.169564
v -0.400132 1.068931 12.297220
v -0.352595 0.856438 12.262533
v -0.385593 1.027755 12.442605
v -0.343606 0.830978 12.352427
v -0.338711 0.957583 12.568786
v -0.314618 0.787590 12.430446
v -0.264073 0.865285 12.663412
v -0.268469 0.730521 12.488954
v -0.168987 0.759894 12.717219
v -0.209676 0.665357 12.522223
v -0.062760 0.651729 12.724940
v -0.143994 0.598476 12.526998
v 0.044210 0.551376 12.685822
v -0.077853 0.536427 12.502810
v 0.141453 0.468658 12.603690
v -0.017727 0.485282 12.452027
v 0.219448 0.411674 12.486587
v 0.030498 0.450047 12.379621
v 0.219448 0.411674 12.486587
v 0.030498 0.450047 12.379621
v 0.270561 0.386000 12.345974
v 0.062102 0.434173 12.292678
v 0.289790 0.394150 12.195617
v 0.073992 0.439212 12.199710
v 0.275252 0.435326 12.050231
v 0.065002 0.464672 12.109817
v 0.228369 0.505498 11.924050
v 0.036014 0.508060 12.031797
v 0.153732 0.597796 11.829425
v -0.010135 0.565129 11.973289
v 0.058646 0.703186 11.775618
v -0.068928 0.630293 11.940020
v 0.048377 0.664492 11.674912
v 0.162585 0.537908 11.739540
v 0.048377 0.664492 11.674912
v -0.079212 0.794409 11.665637
v -0.207694 0.914943 11.712624
v -0.324491 1.014294 11.811271
v -0.418171 1.082739 11.951923
v -0.479563 1.113575 12.120813
v -0.502659 1.103786 12.301408
v -0.485197 1.054330 12.476029
v -0.428886 0.970047 12.627585
v -0.339239 0.859187 12.741239
v -0.225032 0.732604 12.805867
v -0.097442 0.602686 12.815142
v 0.031039 0.482152 12.768155
v 0.147836 0.382801 12.669509
v 0.241516 0.314357 12.528856
v 0.241516 0.314357 12.528856
v 0.302908 0.283520 12.359966
v 0.326004 0.293309 12.179372
v 0.308542 0.342766 12.004750
v 0.252231 0.427049 11.853194
v -0.010135 0.565129 11.973289
v 0.036014 0.508060 12.031797
v 0.018531 0.390554 11.708006
v 0.109054 0.278611 11.822771
v -0.068928 0.630293 11.940020
v -0.096793 0.518375 11.642745
v -0.134610 0.697173 11.935245
v -0.068928 0.630293 11.940020
v -0.225630 0.649563 11.633380
v -0.096793 0.518375 11.642745
v -0.200750 0.759223 11.959434
v -0.355368 0.771275 11.680825
v -0.260876 0.810368 12.010215
v -0.473307 0.871598 11.780437
v -0.309102 0.845602 12.082622
v -0.567903 0.940712 11.922465
v -0.340706 0.861477 12.169564
v -0.629895 0.971850 12.093005
v -0.352595 0.856438 12.262533
v -0.653216 0.961965 12.275366
v -0.343606 0.830978 12.352427
v -0.352595 0.856438 12.262533
v -0.635584 0.912025 12.451694
v -0.653216 0.961965 12.275366
v -0.314618 0.787590 12.430446
v -0.578722 0.826918 12.604732
v -0.268469 0.730521 12.488954
v -0.488200 0.714975 12.719498
v -0.209676 0.665357 12.522223
v -0.372875 0.587153 12.784757
v -0.143994 0.598476 12.526998
v -0.244038 0.455966 12.794123
v -0.077853 0.536427 12.502810
v -0.114301 0.334254 12.746677
v -0.017727 0.485282 12.452027
v 0.003639 0.233931 12.647065
v 0.030498 0.450047 12.379621
v 0.098234 0.164817 12.505038
v 0.062102 0.434173 12.292678
v 0.160227 0.133679 12.334497
v 0.073992 0.439212 12.199710
v 0.183548 0.143564 12.152137
v 0.065002 0.464672 12.109817
v 0.165915 0.193504 11.975808
v 0.180613 0.227080 12.526337
v 0.244304 0.195089 12.351124
v 0.112505 0.148195 12.517519
v 0.177154 0.115722 12.339671
v 0.083425 0.298087 12.672256
v 0.180613 0.227080 12.526337
v 0.013857 0.220269 12.665632
v 0.112505 0.148195 12.517519
v -0.037745 0.401159 12.774596
v -0.109136 0.324891 12.769511
v -0.171037 0.526205 12.823341
v -0.244433 0.451818 12.818990
v -0.303404 0.660987 12.813720
v -0.378790 0.588627 12.809224
v -0.421887 0.792310 12.746673
v -0.499056 0.721925 12.741168
v -0.514891 0.907320 12.628763
v -0.593458 0.838665 12.621485
v -0.573309 0.994759 12.471533
v -0.652755 0.927419 12.461890
v -0.591425 1.046067 12.290373
v -0.671143 0.979499 12.278007
v -0.567465 1.056223 12.103017
v -0.646823 0.989807 12.087832
v -0.503774 1.024232 11.927804
v -0.582174 0.957334 11.909984
v -0.406587 0.953225 11.781885
v -0.483525 0.885260 11.761870
v -0.285417 0.850154 11.679544
v -0.360532 0.780638 11.657990
v -0.152124 0.725107 11.630799
v -0.225236 0.653711 11.608512
v -0.019758 0.590325 11.640421
v -0.090878 0.516902 11.618279
v 0.098726 0.459002 11.707469
v -0.019758 0.590325 11.640421
v 0.029387 0.383604 11.686336
v -0.090878 0.516902 11.618279
v 0.191729 0.343992 11.825378
v 0.123789 0.266864 11.806018
v 0.250148 0.256553 11.982608
v 0.183087 0.178110 11.965613
v 0.268264 0.205245 12.163768
v 0.201475 0.126030 12.149497
v -0.300681 0.345634 11.710284
v -0.406909 0.453800 11.702562
v -0.259992 0.440172 11.905280
v -0.325674 0.507052 11.900505
v -0.513879 0.554153 11.741681
v -0.391815 0.569102 11.924693
v -0.611121 0.636871 11.823812
v -0.451941 0.620247 11.975475
v -0.689116 0.693856 11.940915
v -0.500167 0.655481 12.047882
v -0.740230 0.719529 12.081528
v -0.531771 0.671356 12.134825
v -0.759458 0.711379 12.231887
v -0.543660 0.666317 12.227793
v -0.744920 0.670203 12.377272
v -0.534671 0.640857 12.317686
v -0.698037 0.600031 12.503452
v -0.505683 0.597469 12.395705
v -0.623400 0.507733 12.598079
v -0.459533 0.540400 12.454213
v -0.528314 0.402343 12.651885
v -0.400740 0.475236 12.487483
v -0.422086 0.294177 12.659607
v -0.335059 0.408356 12.492258
v -0.315116 0.193824 12.620488
v -0.268918 0.346306 12.468070
v -0.217874 0.111106 12.538357
v -0.208792 0.295161 12.417287
v -0.139879 0.054122 12.421253
v -0.160566 0.259927 12.344881
v -0.139879 0.054122 12.421253
v -0.088765 0.028448 12.280641
v -0.160566 0.259927 12.344881
v -0.128962 0.244052 12.257938
v -0.069537 0.036598 12.130282
v -0.117073 0.249091 12.164969
v -0.084075 0.077774 11.984898
v -0.126062 0.274551 12.075076
v -0.130958 0.147946 11.858717
v -0.155050 0.317939 11.997058
v -0.205595 0.240244 11.764091
v -0.201200 0.375008 11.938549
v -0.300681 0.345634 11.710284
v -0.259992 0.440172 11.905280
v -0.244637 0.372925 11.621635
v -0.130429 0.246341 11.686264
v -0.244637 0.372925 11.621635
v -0.372226 0.502843 11.612361
v -0.500708 0.623377 11.659347
v -0.617505 0.722728 11.757995
v -0.711184 0.791172 11.898646
v -0.772577 0.822009 12.067536
v -0.795672 0.812220 12.248131
v -0.778210 0.762763 12.422752
v -0.721900 0.678480 12.574308
v -0.632253 0.567621 12.687963
v -0.518045 0.441037 12.752590
v -0.390456 0.311120 12.761865
v -0.261974 0.190586 12.714879
v -0.145177 0.091235 12.616232
v -0.051498 0.022790 12.475579
v -0.051498 0.022790 12.475579
v 0.009895 -0.008046 12.306689
v 0.032990 0.001743 12.126095
v 0.015528 0.051199 11.951473
v -0.040782 0.135482 11.799918
v -0.201200 0.375008 11.938549
v 0.018531 0.390554 11.708006
v -0.155050 0.317939 11.997058
v 0.109054 0.278611 11.822771
v -0.259992 0.440172 11.905280
v -0.096793 0.518375 11.642745
v -0.325674 0.507052 11.900505
v -0.225630 0.649563 11.633380
v -0.259992 0.440172 11.905280
v -0.096793 0.518375 11.642745
v -0.391815 0.569102 11.924693
v -0.355368 0.771275 11.680825
v -0.451941 0.620247 11.975475
v -0.473307 0.871598 11.780437
v -0.500167 0.655481 12.047882
v -0.567903 0.940712 11.922465
v -0.531771 0.671356 12.134825
v -0.629895 0.971850 12.093005
v -0.543660 0.666317 12.227793
v -0.653216 0.961965 12.275366
v -0.534671 0.640857 12.317686
v -0.635584 0.912025 12.451694
v -0.543660 0.666317 12.227793
v -0.653216 0.961965 12.275366
v -0.505683 0.597469 12.395705
v -0.578722 0.826918 12.604732
v -0.459533 0.540400 12.454213
v -0.488200 0.714975 12.719498
v -0.400740 0.475236 12.487483
v -0.372875 0.587153 12.784757
v -0.335059 0.408356 12.492258
v -0.244038 0.455966 12.794123
v -0.268918 0.346306 12.468070
v -0.114301 0.334254 12.746677
v -0.208792 0.295161 12.417287
v 0.003639 0.233931 12.647065
v -0.160566 0.259927 12.344881
v 0.098234 0.164817 12.505038
v -0.128962 0.244052 12.257938
v 0.160227 0.133679 12.334497
v -0.117073 0.249091 12.164969
v 0.183548 0.143564 12.152137
v -0.126062 0.274551 12.075076
v 0.165915 0.193504 11.975808
v 0.034106 0.081297 12.499699
v 0.112505 0.148195 12.517519
v 0.097797 0.049306 12.324486
v 0.177154 0.115722 12.339671
v -0.063082 0.152304 12.645617
v 0.013857 0.220269 12.665632
v 0.034106 0.081297 12.499699
v 0.112505 0.148195 12.517519
v -0.184252 0.255376 12.747958
v -0.109136 0.324891 12.769511
v -0.317544 0.380422 12.796703
v -0.244433 0.451818 12.818990
v -0.449910 0.515204 12.787082
v -0.378790 0.588627 12.809224
v -0.568394 0.646527 12.720035
v -0.499056 0.721925 12.741168
v -0.661397 0.761537 12.602124
v -0.593458 0.838665 12.621485
v -0.719816 0.848976 12.444895
v -0.652755 0.927419 12.461890
v -0.737932 0.900284 12.263735
v -0.671143 0.979499 12.278007
v -0.713972 0.910440 12.076379
v -0.646823 0.989807 12.087832
v -0.650281 0.878448 11.901165
v -0.582174 0.957334 11.909984
v -0.553094 0.807442 11.755247
v -0.483525 0.885260 11.761870
v -0.431923 0.704370 11.652905
v -0.360532 0.780638 11.657990
v -0.298631 0.579324 11.604160
v -0.225236 0.653711 11.608512
v -0.166265 0.444542 11.613783
v -0.090878 0.516902 11.618279
v -0.047781 0.313219 11.680831
v 0.029387 0.383604 11.686336
v -0.166265 0.444542 11.613783
v -0.090878 0.516902 11.618279
v 0.045222 0.198209 11.798739
v 0.123789 0.266864 11.806018
v 0.103641 0.110770 11.955970
v 0.183087 0.178110 11.965613
v 0.121757 0.059462 12.137130
v 0.201475 0.126030 12.149497
v -5.757520 0.508445 -8.855475
v -5.641107 0.388778 -8.711448
v -5.859199 0.508445 -8.742759
v -5.703976 0.388778 -8.641753
v -5.921069 0.508445 -8.604136
v -5.742231 0.388778 -8.556042
v -5.937074 0.508445 -8.453181
v -5.752127 0.388778 -8.462705
v -5.905649 0.508445 -8.304668
v -5.732696 0.388778 -8.370877
v -5.829868 0.508446 -8.173135
v -5.685840 0.388778 -8.289549
v -5.717151 0.508446 -8.071457
v -5.616146 0.388778 -8.226680
v -5.578529 0.508446 -8.009586
v -5.530435 0.388778 -8.188425
v -5.427574 0.508446 -7.993581
v -5.437097 0.388778 -8.178528
v -5.279061 0.508446 -8.025006
v -5.345270 0.388778 -8.197959
v -5.147528 0.508446 -8.100787
v -5.263941 0.388778 -8.244815
v -5.045850 0.508446 -8.213505
v -5.201072 0.388778 -8.314509
v -4.983980 0.508445 -8.352126
v -5.162817 0.388778 -8.400221
v -4.967974 0.508445 -8.503081
v -5.152921 0.388778 -8.493558
v -4.999399 0.508445 -8.651594
v -5.172351 0.388778 -8.585385
v -4.999399 0.508445 -8.651594
v -5.172351 0.388778 -8.585385
v -5.075180 0.508445 -8.783128
v -5.219207 0.388778 -8.666714
v -5.187897 0.508445 -8.884806
v -5.288902 0.388778 -8.729583
v -5.326519 0.508445 -8.946676
v -5.374613 0.388778 -8.767838
v -5.477474 0.508445 -8.962681
v -5.467950 0.388778 -8.777735
v -5.625987 0.508445 -8.931255
v -5.559778 0.388778 -8.758304
v -5.757520 0.508445 -8.855475
v -5.641107 0.388778 -8.711448
v -5.818854 0.461284 -8.931358
v -5.660869 0.461284 -9.022377
v -5.818854 0.461284 -8.931358
v -5.940979 0.461284 -8.795974
v -6.015291 0.461284 -8.629477
v -6.034515 0.461284 -8.448165
v -5.996770 0.461284 -8.269786
v -5.905751 0.461284 -8.111801
v -5.770366 0.461284 -7.989676
v -5.603869 0.461284 -7.915364
v -5.422557 0.461284 -7.896140
v -5.244178 0.461284 -7.933885
v -5.086194 0.461284 -8.024905
v -4.964069 0.461284 -8.160289
v -4.889757 0.461284 -8.326786
v -4.870533 0.461284 -8.508098
v -4.908278 0.461284 -8.686477
v -4.908278 0.461284 -8.686477
v -4.999297 0.461284 -8.844461
v -5.134682 0.461284 -8.966586
v -5.301179 0.461284 -9.040898
v -5.482491 0.461284 -9.060122
v -5.559778 0.388778 -8.758304
v -5.467950 0.388778 -8.777735
v -5.662906 0.252893 -9.027699
v -5.482784 0.252893 -9.065813
v -5.641107 0.388778 -8.711448
v -5.822435 0.252893 -8.935790
v -5.703976 0.388778 -8.641753
v -5.641107 0.388778 -8.711448
v -5.945755 0.252893 -8.799081
v -5.822435 0.252893 -8.935790
v -5.742231 0.388778 -8.556042
v -6.020793 0.252893 -8.630957
v -5.752127 0.388778 -8.462705
v -6.040205 0.252893 -8.447871
v -5.732696 0.388778 -8.370877
v -6.002092 0.252893 -8.267749
v -5.685840 0.388778 -8.289549
v -5.910182 0.252893 -8.108220
v -5.616146 0.388778 -8.226680
v -5.773473 0.252893 -7.984900
v -5.530435 0.388778 -8.188425
v -5.616146 0.388778 -8.226680
v -5.605349 0.252893 -7.909862
v -5.773473 0.252893 -7.984900
v -5.437097 0.388778 -8.178528
v -5.422264 0.252893 -7.890450
v -5.345270 0.388778 -8.197959
v -5.242141 0.252893 -7.928564
v -5.263941 0.388778 -8.244815
v -5.082613 0.252893 -8.020473
v -5.201072 0.388778 -8.314509
v -4.959293 0.252893 -8.157182
v -5.162817 0.388778 -8.400221
v -4.884254 0.252893 -8.325307
v -5.152921 0.388778 -8.493558
v -4.864842 0.252893 -8.508391
v -5.172351 0.388778 -8.585385
v -4.902956 0.252893 -8.688514
v -5.219207 0.388778 -8.666714
v -4.994865 0.252893 -8.848042
v -5.288902 0.388778 -8.729583
v -5.131574 0.252893 -8.971362
v -5.374613 0.388778 -8.767838
v -5.299699 0.252893 -9.046401
v -4.887900 0.357089 -8.694278
v -4.982328 0.357089 -8.858177
v -4.879409 0.252893 -8.697528
v -4.975256 0.252893 -8.863893
v -4.848742 0.357089 -8.509220
v -4.887900 0.357089 -8.694278
v -4.839662 0.252893 -8.509688
v -4.879409 0.252893 -8.697528
v -4.868686 0.357089 -8.321120
v -4.859905 0.252893 -8.318759
v -4.945780 0.357089 -8.148389
v -4.938159 0.252893 -8.143430
v -5.072478 0.357089 -8.007935
v -5.066762 0.252893 -8.000864
v -5.236377 0.357089 -7.913507
v -5.233127 0.252893 -7.905015
v -5.421435 0.357089 -7.874349
v -5.420967 0.252893 -7.865269
v -5.609535 0.357089 -7.894293
v -5.611897 0.252893 -7.885513
v -5.782267 0.357089 -7.971387
v -5.787226 0.252893 -7.963767
v -5.922720 0.357089 -8.098085
v -5.929792 0.252893 -8.092370
v -6.017148 0.357089 -8.261985
v -6.025640 0.252893 -8.258735
v -6.056306 0.357089 -8.447042
v -6.065387 0.252893 -8.446574
v -6.036362 0.357089 -8.635142
v -6.045143 0.252893 -8.637504
v -5.959268 0.357089 -8.807874
v -5.966889 0.252893 -8.812833
v -5.832570 0.357089 -8.948328
v -5.838285 0.252893 -8.955400
v -5.668670 0.357089 -9.042755
v -5.832570 0.357089 -8.948328
v -5.671921 0.252893 -9.051247
v -5.838285 0.252893 -8.955400
v -5.483613 0.357089 -9.081913
v -5.484081 0.252893 -9.090994
v -5.295513 0.357089 -9.061969
v -5.293151 0.252893 -9.070750
v -5.122781 0.357089 -8.984875
v -5.117822 0.252893 -8.992496
v -5.757520 -0.002659 -8.855475
v -5.859199 -0.002659 -8.742759
v -5.641107 0.117009 -8.711448
v -5.703976 0.117009 -8.641753
v -5.921069 -0.002659 -8.604136
v -5.742231 0.117009 -8.556042
v -5.937074 -0.002659 -8.453181
v -5.752127 0.117009 -8.462705
v -5.905649 -0.002659 -8.304668
v -5.732696 0.117009 -8.370877
v -5.829868 -0.002659 -8.173135
v -5.685840 0.117009 -8.289549
v -5.717151 -0.002659 -8.071457
v -5.616146 0.117009 -8.226680
v -5.578529 -0.002659 -8.009586
v -5.530435 0.117009 -8.188425
v -5.427574 -0.002659 -7.993581
v -5.437097 0.117009 -8.178528
v -5.279061 -0.002659 -8.025006
v -5.345270 0.117009 -8.197959
v -5.147528 -0.002659 -8.100787
v -5.263941 0.117009 -8.244815
v -5.045850 -0.002659 -8.213505
v -5.201072 0.117009 -8.314509
v -4.983980 -0.002659 -8.352126
v -5.162817 0.117009 -8.400221
v -4.967974 -0.002659 -8.503081
v -5.152921 0.117009 -8.493558
v -4.999399 -0.002659 -8.651594
v -5.172351 0.117009 -8.585385
v -4.999399 -0.002659 -8.651594
v -5.075180 -0.002659 -8.783128
v -5.172351 0.117009 -8.585385
v -5.219207 0.117009 -8.666714
v -5.187897 -0.002659 -8.884806
v -5.288902 0.117009 -8.729583
v -5.326519 -0.002659 -8.946676
v -5.374613 0.117009 -8.767838
v -5.477474 -0.002659 -8.962681
v -5.467950 0.117009 -8.777735
v -5.625987 -0.002659 -8.931255
v -5.559778 0.117009 -8.758304
v -5.757520 -0.002659 -8.855475
v -5.641107 0.117009 -8.711448
v -5.818854 0.044503 -8.931358
v -5.660869 0.044503 -9.022377
v -5.818854 0.044503 -8.931358
v -5.940979 0.044503 -8.795974
v -6.015291 0.044503 -8.629477
v -6.034515 0.044503 -8.448165
v -5.996770 0.044503 -8.269786
v -5.905751 0.044503 -8.111801
v -5.770366 0.044503 -7.989676
v -5.603869 0.044503 -7.915364
v -5.422557 0.044503 -7.896140
v -5.244178 0.044503 -7.933885
v -5.086194 0.044503 -8.024905
v -4.964069 0.044503 -8.160289
v -4.889757 0.044503 -8.326786
v -4.870533 0.044503 -8.508098
v -4.908278 0.044503 -8.686477
v -4.908278 0.044503 -8.686477
v -4.999297 0.044503 -8.844461
v -5.134682 0.044503 -8.966586
v -5.301179 0.044503 -9.040898
v -5.482491 0.044503 -9.060122
v -5.559778 0.117009 -8.758304
v -5.662906 0.252893 -9.027699
v -5.467950 0.117009 -8.777735
v -5.482784 0.252893 -9.065813
v -5.641107 0.117009 -8.711448
v -5.822435 0.252893 -8.935790
v -5.703976 0.117009 -8.641753
v -5.945755 0.252893 -8.799081
v -5.641107 0.117009 -8.711448
v -5.822435 0.252893 -8.935790
v -5.742231 0.117009 -8.556042
v -6.020793 0.252893 -8.630957
v -5.752127 0.117009 -8.462705
v -6.040205 0.252893 -8.447871
v -5.732696 0.117009 -8.370877
v -6.002092 0.252893 -8.267749
v -5.685840 0.117009 -8.289549
v -5.910182 0.252893 -8.108220
v -5.616146 0.117009 -8.226680
v -5.773473 0.252893 -7.984900
v -5.530435 0.117009 -8.188425
v -5.605349 0.252893 -7.909862
v -5.616146 0.117009 -8.226680
v -5.773473 0.252893 -7.984900
v -5.437097 0.117009 -8.178528
v -5.422264 0.252893 -7.890450
v -5.345270 0.117009 -8.197959
v -5.242141 0.252893 -7.928564
v -5.263941 0.117009 -8.244815
v -5.082613 0.252893 -8.020473
v -5.201072 0.117009 -8.314509
v -4.959293 0.252893 -8.157182
v -5.162817 0.117009 -8.400221
v -4.884254 0.252893 -8.325307
v -5.152921 0.117009 -8.493558
v -4.864842 0.252893 -8.508391
v -5.172351 0.117009 -8.585385
v -4.902956 0.252893 -8.688514
v -5.219207 0.117009 -8.666714
v -4.994865 0.252893 -8.848042
v -5.288902 0.117009 -8.729583
v -5.131574 0.252893 -8.971362
v -5.374613 0.117009 -8.767838
v -5.299699 0.252893 -9.046401
v -4.887900 0.148698 -8.694278
v -4.879409 0.252893 -8.697528
v -4.982328 0.148698 -8.858177
v -4.975256 0.252893 -8.863893
v -4.848742 0.148698 -8.509220
v -4.839662 0.252893 -8.509688
v -4.887900 0.148698 -8.694278
v -4.879409 0.252893 -8.697528
v -4.868686 0.148698 -8.321120
v -4.859905 0.252893 -8.318759
v -4.945780 0.148698 -8.148389
v -4.938159 0.252893 -8.143430
v -5.072478 0.148698 -8.007935
v -5.066762 0.252893 -8.000864
v -5.236377 0.148698 -7.913507
v -5.233127 0.252893 -7.905015
v -5.421435 0.148698 -7.874349
v -5.420967 0.252893 -7.865269
v -5.609535 0.148698 -7.894293
v -5.611897 0.252893 -7.885513
v -5.782267 0.148698 -7.971387
v -5.787226 0.252893 -7.963767
v -5.922720 0.148698 -8.098085
v -5.929792 0.252893 -8.092370
v -6.017148 0.148698 -8.261985
v -6.025640 0.252893 -8.258735
v -6.056306 0.148698 -8.447042
v -6.065387 0.252893 -8.446574
v -6.036362 0.148698 -8.635142
v -6.045143 0.252893 -8.637504
v -5.959268 0.148698 -8.807874
v -5.966889 0.252893 -8.812833
v -5.832570 0.148698 -8.948328
v -5.838285 0.252893 -8.955400
v -5.668670 0.148698 -9.042755
v -5.671921 0.252893 -9.051247
v -5.832570 0.148698 -8.948328
v -5.838285 0.252893 -8.955400
v -5.483613 0.148698 -9.081913
v -5.484081 0.252893 -9.090994
v -5.295513 0.148698 -9.061969
v -5.293151 0.252893 -9.070750
v -5.122781 0.148698 -8.984875
v -5.117822 0.252893 -8.992496
v -6.042513 1.169056 -7.350332
v -6.168755 0.990423 -7.322587
v -6.116212 1.175936 -7.482864
v -6.214324 0.994677 -7.404533
v -6.224626 1.164695 -7.588523
v -6.281357 0.987726 -7.469864
v -6.357143 1.136434 -7.656966
v -6.363294 0.970252 -7.512183
v -6.500790 1.093919 -7.681493
v -6.452113 0.943964 -7.527348
v -6.641507 1.041311 -7.659703
v -6.539120 0.911436 -7.513875
v -6.765520 0.983761 -7.593729
v -6.615798 0.875852 -7.473083
v -6.860689 0.926901 -7.490030
v -6.674642 0.840695 -7.408965
v -6.917699 0.876298 -7.358756
v -6.709892 0.809407 -7.327796
v -6.930968 0.836904 -7.212757
v -6.718096 0.785049 -7.237523
v -6.899198 0.812577 -7.066324
v -6.698453 0.770007 -7.146982
v -6.825499 0.805697 -6.933792
v -6.652884 0.765754 -7.065035
v -6.717085 0.816938 -6.828132
v -6.585851 0.772704 -6.999705
v -6.584569 0.845199 -6.759689
v -6.503914 0.790178 -6.957386
v -6.440922 0.887714 -6.735162
v -6.415095 0.816466 -6.942220
v -6.440922 0.887714 -6.735162
v -6.415095 0.816466 -6.942220
v -6.300204 0.940322 -6.756952
v -6.328088 0.848994 -6.955694
v -6.176191 0.997872 -6.822926
v -6.251410 0.884578 -6.996486
v -6.081023 1.054732 -6.926625
v -6.192565 0.919735 -7.060604
v -6.024013 1.105335 -7.057899
v -6.157316 0.951023 -7.141773
v -6.010744 1.144728 -7.203899
v -6.149111 0.975381 -7.232046
v -6.042513 1.169056 -7.350332
v -6.168755 0.990423 -7.322587
v -5.941694 1.161310 -7.389315
v -5.903536 1.132091 -7.213435
v -5.941694 1.161310 -7.389315
v -6.030214 1.169574 -7.548500
v -6.160429 1.156073 -7.675406
v -6.319594 1.122128 -7.757612
v -6.492129 1.071063 -7.787071
v -6.661144 1.007877 -7.760900
v -6.810094 0.938753 -7.681659
v -6.924402 0.870459 -7.557106
v -6.992876 0.809680 -7.399433
v -7.008813 0.762365 -7.224074
v -6.970654 0.733145 -7.048194
v -6.882135 0.724882 -6.889010
v -6.751920 0.738383 -6.762104
v -6.592755 0.772327 -6.679897
v -6.420221 0.823392 -6.650437
v -6.420221 0.823392 -6.650437
v -6.251205 0.886579 -6.676609
v -6.102254 0.955702 -6.755849
v -5.987947 1.023996 -6.880403
v -5.919474 1.084776 -7.038076
v -6.149111 0.975381 -7.232046
v -6.157316 0.951023 -7.141773
v -5.833262 0.941296 -7.259454
v -5.849355 0.893518 -7.082382
v -6.168755 0.990423 -7.322587
v -5.871793 0.970801 -7.437055
v -6.214324 0.994677 -7.404533
v -6.168755 0.990423 -7.322587
v -5.961178 0.979145 -7.597795
v -5.871793 0.970801 -7.437055
v -6.281357 0.987726 -7.469864
v -6.092666 0.965512 -7.725942
v -6.363294 0.970252 -7.512183
v -6.253388 0.931236 -7.808952
v -6.452113 0.943964 -7.527348
v -6.427609 0.879672 -7.838699
v -6.539120 0.911436 -7.513875
v -6.598277 0.815867 -7.812272
v -6.615798 0.875852 -7.473083
v -6.748684 0.746068 -7.732257
v -6.674642 0.840695 -7.408965
v -6.615798 0.875852 -7.473083
v -6.864109 0.677106 -7.606486
v -6.748684 0.746068 -7.732257
v -6.709892 0.809407 -7.327796
v -6.933251 0.615733 -7.447271
v -6.718096 0.785049 -7.237523
v -6.949346 0.567955 -7.270198
v -6.698453 0.770007 -7.146982
v -6.910813 0.538450 -7.092598
v -6.652884 0.765754 -7.065035
v -6.821429 0.530105 -6.931858
v -6.585851 0.772704 -6.999705
v -6.689941 0.543738 -6.803710
v -6.503914 0.790178 -6.957386
v -6.529219 0.578015 -6.720700
v -6.415095 0.816466 -6.942220
v -6.354999 0.629579 -6.690953
v -6.328088 0.848994 -6.955694
v -6.184331 0.693383 -6.717380
v -6.251410 0.884578 -6.996486
v -6.033924 0.763183 -6.797396
v -6.192565 0.919735 -7.060604
v -5.918499 0.832144 -6.923166
v -6.386439 0.722454 -6.652195
v -6.211096 0.788007 -6.679347
v -6.353443 0.624221 -6.666364
v -6.175462 0.690759 -6.693923
v -6.565434 0.669477 -6.682757
v -6.386439 0.722454 -6.652195
v -6.535129 0.570447 -6.697385
v -6.353443 0.624221 -6.666364
v -6.730558 0.634262 -6.768041
v -6.702737 0.534702 -6.783952
v -6.865649 0.620255 -6.899700
v -6.839859 0.520485 -6.917591
v -6.957482 0.628828 -7.064844
v -6.933074 0.529187 -7.085219
v -6.997070 0.659142 -7.247309
v -6.973256 0.559956 -7.270428
v -6.980535 0.708229 -7.429234
v -6.956474 0.609781 -7.455089
v -6.909498 0.771284 -7.592811
v -6.884367 0.673785 -7.621126
v -6.790910 0.842135 -7.722027
v -6.763997 0.745701 -7.752285
v -6.636383 0.913846 -7.804235
v -6.607145 0.818491 -7.835729
v -6.461039 0.979399 -7.831386
v -6.429165 0.885030 -7.863289
v -6.282045 1.032376 -7.800824
v -6.247478 0.938803 -7.832267
v -6.116920 1.067591 -7.715539
v -6.079871 0.974548 -7.745700
v -5.981830 1.081598 -7.583881
v -5.942748 0.988766 -7.612062
v -5.889996 1.073025 -7.418737
v -5.849533 0.980064 -7.444434
v -5.850409 1.042711 -7.236272
v -5.889996 1.073025 -7.418737
v -5.809351 0.949294 -7.259225
v -5.849533 0.980064 -7.444434
v -5.866943 0.993624 -7.054347
v -5.826134 0.899469 -7.074564
v -5.937981 0.930569 -6.890770
v -5.898240 0.835466 -6.908527
v -6.056568 0.859718 -6.761554
v -6.018610 0.763549 -6.777368
v -5.883409 0.696674 -7.463329
v -5.957108 0.703554 -7.595862
v -6.084154 0.739243 -7.382671
v -6.129723 0.743497 -7.464617
v -6.065522 0.692313 -7.701520
v -6.196757 0.736547 -7.529948
v -6.198039 0.664052 -7.769963
v -6.278694 0.719072 -7.572267
v -6.341686 0.621536 -7.794490
v -6.367512 0.692785 -7.587432
v -6.482404 0.568929 -7.772701
v -6.454520 0.660257 -7.573959
v -6.606416 0.511378 -7.706727
v -6.531198 0.624673 -7.533166
v -6.701585 0.454519 -7.603027
v -6.590042 0.589516 -7.469049
v -6.758595 0.403916 -7.471753
v -6.625291 0.558227 -7.387880
v -6.771863 0.364522 -7.325754
v -6.633496 0.533870 -7.297607
v -6.740094 0.340195 -7.179321
v -6.613853 0.518828 -7.207066
v -6.666395 0.333315 -7.046788
v -6.568284 0.514574 -7.125119
v -6.557981 0.344556 -6.941129
v -6.501251 0.521524 -7.059789
v -6.425465 0.372817 -6.872687
v -6.419314 0.538998 -7.017470
v -6.281817 0.415332 -6.848160
v -6.330495 0.565286 -7.002305
v -6.281817 0.415332 -6.848160
v -6.141100 0.467940 -6.869949
v -6.330495 0.565286 -7.002305
v -6.243488 0.597814 -7.015778
v -6.017087 0.525490 -6.935923
v -6.166809 0.633398 -7.056570
v -5.921918 0.582350 -7.039623
v -6.107965 0.668555 -7.120688
v -5.864909 0.632953 -7.170897
v -6.072715 0.699844 -7.201857
v -5.851640 0.672346 -7.316896
v -6.064511 0.724201 -7.292130
v -5.883409 0.696674 -7.463329
v -6.084154 0.739243 -7.382671
v -5.811952 0.776105 -7.481459
v -5.773794 0.746886 -7.305579
v -5.811952 0.776105 -7.481459
v -5.900472 0.784369 -7.640644
v -6.030687 0.770868 -7.767550
v -6.189852 0.736923 -7.849756
v -6.362387 0.685859 -7.879215
v -6.531402 0.622672 -7.853044
v -6.680353 0.553548 -7.773803
v -6.794660 0.485254 -7.649250
v -6.863134 0.424475 -7.491577
v -6.879071 0.377160 -7.316218
v -6.840913 0.347940 -7.140337
v -6.752393 0.339677 -6.981153
v -6.622178 0.353178 -6.854247
v -6.463014 0.387122 -6.772041
v -6.290479 0.438187 -6.742581
v -6.290479 0.438187 -6.742581
v -6.121464 0.501374 -6.768753
v -5.972513 0.570497 -6.847993
v -5.858206 0.638791 -6.972547
v -5.789732 0.699571 -7.130219
v -6.064511 0.724201 -7.292130
v -5.833262 0.941296 -7.259454
v -6.072715 0.699844 -7.201857
v -5.849355 0.893518 -7.082382
v -6.084154 0.739243 -7.382671
v -5.871793 0.970801 -7.437055
v -6.129723 0.743497 -7.464617
v -5.961178 0.979145 -7.597795
v -6.084154 0.739243 -7.382671
v -5.871793 0.970801 -7.437055
v -6.196757 0.736547 -7.529948
v -6.092666 0.965512 -7.725942
v -6.278694 0.719072 -7.572267
v -6.253388 0.931236 -7.808952
v -6.367512 0.692785 -7.587432
v -6.427609 0.879672 -7.838699
v -6.454520 0.660257 -7.573959
v -6.598277 0.815867 -7.812272
v -6.531198 0.624673 -7.533166
v -6.748684 0.746068 -7.732257
v -6.590042 0.589516 -7.469049
v -6.864109 0.677106 -7.606486
v -6.531198 0.624673 -7.533166
v -6.748684 0.746068 -7.732257
v -6.625291 0.558227 -7.387880
v -6.933251 0.615733 -7.447271
v -6.633496 0.533870 -7.297607
v -6.949346 0.567955 -7.270198
v -6.613853 0.518828 -7.207066
v -6.910813 0.538450 -7.092598
v -6.568284 0.514574 -7.125119
v -6.821429 0.530105 -6.931858
v -6.501251 0.521524 -7.059789
v -6.689941 0.543738 -6.803710
v -6.419314 0.538998 -7.017470
v -6.529219 0.578015 -6.720700
v -6.330495 0.565286 -7.002305
v -6.354999 0.629579 -6.690953
v -6.243488 0.597814 -7.015778
v -6.184331 0.693383 -6.717380
v -6.166809 0.633398 -7.056570
v -6.033924 0.763183 -6.797396
v -6.107965 0.668555 -7.120688
v -5.918499 0.832144 -6.923166
v -6.321568 0.529852 -6.698267
v -6.353443 0.624221 -6.666364
v -6.146225 0.595404 -6.725418
v -6.175462 0.690759 -6.693923
v -6.500562 0.476875 -6.728829
v -6.535129 0.570447 -6.697385
v -6.321568 0.529852 -6.698267
v -6.353443 0.624221 -6.666364
v -6.665687 0.441660 -6.814113
v -6.702737 0.534702 -6.783952
v -6.800777 0.427653 -6.945771
v -6.839859 0.520485 -6.917591
v -6.892612 0.436226 -7.110916
v -6.933074 0.529187 -7.085219
v -6.932199 0.466539 -7.293381
v -6.973256 0.559956 -7.270428
v -6.915664 0.515626 -7.475306
v -6.956474 0.609781 -7.455089
v -6.844627 0.578681 -7.638883
v -6.884367 0.673785 -7.621126
v -6.726040 0.649532 -7.768098
v -6.763997 0.745701 -7.752285
v -6.571512 0.721244 -7.850307
v -6.607145 0.818491 -7.835729
v -6.396168 0.786796 -7.877458
v -6.429165 0.885030 -7.863289
v -6.217174 0.839773 -7.846896
v -6.247478 0.938803 -7.832267
v -6.052049 0.874989 -7.761611
v -6.079871 0.974548 -7.745700
v -5.916959 0.888995 -7.629953
v -5.942748 0.988766 -7.612062
v -5.825125 0.880422 -7.464809
v -5.849533 0.980064 -7.444434
v -5.785538 0.850109 -7.282343
v -5.809351 0.949294 -7.259225
v -5.825125 0.880422 -7.464809
v -5.849533 0.980064 -7.444434
v -5.802073 0.801022 -7.100419
v -5.826134 0.899469 -7.074564
v -5.873110 0.737967 -6.936842
v -5.898240 0.835466 -6.908527
v -5.991697 0.667116 -6.807626
v -6.018610 0.763549 -6.777368
vn 0.3920 -0.8404 0.3742
vn 0.4896 -0.8402 0.2331
vn 0.1117 -0.9923 0.0529
vn 0.0901 -0.9922 0.0862
vn -0.5916 -0.5759 -0.5642
vn -0.7370 -0.5764 -0.3529
vn -0.7170 -0.1450 -0.6818
vn -0.8923 -0.1451 -0.4276
vn -0.7236 -0.0000 -0.6902
vn -0.9021 -0.0001 -0.4315
vn -0.4745 -0.0000 -0.8803
vn -0.4704 -0.1454 -0.8704
vn -0.1803 -0.0000 -0.9836
vn -0.1781 -0.1447 -0.9733
vn 0.1292 -0.1449 -0.9810
vn 0.1313 -0.0000 -0.9913
vn 0.4315 -0.0000 -0.9021
vn 0.4277 -0.1454 -0.8921
vn 0.6902 -0.0000 -0.7236
vn 0.6818 -0.1450 -0.7171
vn 0.8803 -0.0000 -0.4745
vn 0.8704 -0.1454 -0.4704
vn 0.9836 -0.0000 -0.1803
vn 0.9732 -0.1454 -0.1784
vn 0.9913 -0.0000 0.1313
vn 0.9810 -0.1449 0.1291
vn 0.9021 -0.0000 0.4315
vn 0.8921 -0.1454 0.4277
vn 0.7236 -0.0000 0.6902
vn 0.7170 -0.1450 0.6819
vn 0.4745 -0.0000 0.8803
vn 0.4704 -0.1454 0.8704
vn 0.1803 -0.0000 0.9836
vn 0.1782 -0.1450 0.9732
vn -0.1312 -0.0001 0.9914
vn -0.1292 -0.1449 0.9810
vn 0.1470 -0.5764 0.8038
vn -0.1076 -0.5756 0.8106
vn -0.0226 -0.9921 -0.1233
vn 0.0157 -0.9922 -0.1235
vn 0.0705 -0.8407 -0.5369
vn -0.0961 -0.8406 -0.5330
vn -0.0588 -0.9922 -0.1097
vn -0.2568 -0.8409 -0.4764
vn -0.0901 -0.9922 -0.0862
vn -0.3920 -0.8404 -0.3742
vn -0.1117 -0.9923 -0.0529
vn -0.4896 -0.8402 -0.2331
vn -0.1234 -0.9922 -0.0157
vn -0.5370 -0.8406 -0.0706
vn -0.1235 -0.9921 0.0216
vn -0.5330 -0.8407 0.0959
vn -0.1097 -0.9922 0.0588
vn -0.4764 -0.8409 0.2568
vn -0.0862 -0.9922 0.0901
vn -0.3742 -0.8404 0.3919
vn -0.0529 -0.9923 0.1117
vn -0.2330 -0.8402 0.4896
vn -0.0157 -0.9922 0.1235
vn -0.0705 -0.8407 0.5369
vn 0.0216 -0.9921 0.1235
vn 0.0960 -0.8406 0.5330
vn 0.0588 -0.9922 0.1097
vn 0.2569 -0.8408 0.4765
vn -0.3881 -0.5762 -0.7193
vn -0.1473 -0.5764 -0.8038
vn 0.1077 -0.5757 -0.8106
vn 0.3529 -0.5764 -0.7371
vn 0.5642 -0.5759 -0.5916
vn 0.7193 -0.5762 -0.3881
vn 0.8038 -0.5764 -0.1473
vn 0.8106 -0.5757 0.1077
vn 0.7371 -0.5764 0.3529
vn 0.5916 -0.5759 0.5642
vn 0.3881 -0.5762 0.7193
vn 0.2331 -0.8402 -0.4896
vn 0.0706 -0.8407 -0.5369
vn 0.0529 -0.9923 -0.1117
vn -0.3529 -0.5764 0.7371
vn -0.1078 -0.5756 0.8106
vn -0.4273 -0.1449 0.8924
vn -0.1293 -0.1449 0.9810
vn -0.4315 -0.0000 0.9021
vn -0.1313 -0.0000 0.9913
vn -0.6902 -0.0000 0.7236
vn -0.6818 -0.1450 0.7170
vn -0.8803 -0.0000 0.4745
vn -0.8704 -0.1454 0.4704
vn -0.9836 -0.0000 0.1803
vn -0.9732 -0.1454 0.1784
vn -0.9913 -0.0000 -0.1313
vn -0.9810 -0.1449 -0.1293
vn -0.9022 -0.0000 -0.4314
vn -0.8923 -0.1451 -0.4274
vn -0.8106 -0.5757 -0.1077
vn -0.7371 -0.5764 -0.3528
vn 0.1233 -0.9922 0.0165
vn 0.5369 -0.8407 0.0706
vn 0.1234 -0.9921 -0.0215
vn 0.5330 -0.8406 -0.0961
vn 0.1097 -0.9922 -0.0588
vn 0.4764 -0.8409 -0.2568
vn 0.0862 -0.9922 -0.0901
vn 0.3742 -0.8405 -0.3919
vn -0.5642 -0.5759 0.5916
vn -0.7193 -0.5762 0.3881
vn -0.8038 -0.5764 0.1473
vn 0.1313 0.0001 -0.9913
vn 0.0549 0.9053 -0.4213
vn 0.1841 0.9049 -0.3838
vn 0.2939 0.9050 -0.3077
vn 0.3743 0.9051 -0.2019
vn 0.4191 0.9048 -0.0763
vn 0.4213 0.9053 0.0549
vn 0.3843 0.9047 0.1842
vn 0.3076 0.9050 0.2938
vn 0.2018 0.9051 0.3742
vn 0.0768 0.9047 0.4192
vn -0.0550 0.9052 0.4214
vn -0.1840 0.9049 0.3837
vn -0.2939 0.9050 0.3077
vn -0.3742 0.9051 0.2018
vn -0.4191 0.9047 0.0764
vn -0.9836 0.0001 0.1802
vn 0.1312 0.0001 -0.9914
vn -0.0768 0.9047 -0.4192
vn -0.2019 0.9051 -0.3743
vn -0.3078 0.9049 -0.2939
vn -0.9021 -0.0000 -0.4315
vn -0.3843 0.9047 -0.1842
vn -0.4212 0.9053 -0.0548
vn 0.1117 0.9923 0.0529
vn 0.4896 0.8402 0.2331
vn 0.3919 0.8404 0.3742
vn 0.0903 0.9922 0.0860
vn 0.2570 0.8408 0.4765
vn 0.0592 0.9922 0.1095
vn 0.0960 0.8407 0.5330
vn 0.0226 0.9921 0.1233
vn -0.0706 0.8407 0.5369
vn -0.0165 0.9922 0.1233
vn -0.2331 0.8402 0.4896
vn -0.0534 0.9923 0.1114
vn -0.3742 0.8404 0.3919
vn -0.0860 0.9922 0.0903
vn -0.4763 0.8409 0.2568
vn -0.1095 0.9922 0.0592
vn -0.5330 0.8407 0.0960
vn -0.1233 0.9921 0.0226
vn -0.5370 0.8406 -0.0706
vn -0.1233 0.9922 -0.0165
vn -0.4896 0.8402 -0.2330
vn -0.1114 0.9923 -0.0534
vn -0.3919 0.8405 -0.3742
vn -0.0903 0.9922 -0.0860
vn -0.2568 0.8409 -0.4763
vn -0.0592 0.9922 -0.1095
vn -0.0960 0.8406 -0.5330
vn -0.0226 0.9921 -0.1233
vn 0.0705 0.8407 -0.5369
vn 0.0146 0.9922 -0.1236
vn -0.1076 0.5756 0.8106
vn 0.1473 0.5764 0.8038
vn -0.1292 0.1449 0.9810
vn 0.1784 0.1454 0.9732
vn -0.1312 0.0001 0.9914
vn 0.4704 0.1454 0.8704
vn 0.4744 -0.0000 0.8803
vn 0.7170 0.1450 0.6818
vn 0.8921 0.1454 0.4277
vn 0.9809 0.1449 0.1294
vn 0.9733 0.1449 -0.1782
vn 0.8704 0.1454 -0.4704
vn 0.6817 0.1449 -0.7171
vn 0.4277 0.1454 -0.8921
vn 0.1293 0.1449 -0.9810
vn -0.1784 0.1454 -0.9732
vn -0.4706 0.1449 -0.8704
vn -0.7170 0.1450 -0.6818
vn -0.8923 0.1451 -0.4276
vn -0.7370 0.5764 -0.3529
vn -0.5916 0.5759 -0.5642
vn -0.3881 0.5762 -0.7193
vn -0.1470 0.5764 -0.8038
vn 0.1077 0.5757 -0.8106
vn 0.3529 0.5764 -0.7371
vn 0.5642 0.5759 -0.5916
vn 0.7193 0.5762 -0.3881
vn 0.8038 0.5764 -0.1470
vn 0.8105 0.5757 0.1077
vn 0.7371 0.5764 0.3529
vn 0.5916 0.5759 0.5642
vn 0.3881 0.5762 0.7193
vn 0.0157 0.9922 -0.1235
vn 0.0706 0.8407 -0.5369
vn 0.2331 0.8402 -0.4896
vn 0.0534 0.9923 -0.1114
vn 0.3742 0.8404 -0.3919
vn 0.0860 0.9922 -0.0903
vn 0.4764 0.8409 -0.2569
vn 0.1095 0.9922 -0.0592
vn 0.5330 0.8406 -0.0960
vn 0.1233 0.9921 -0.0226
vn 0.5370 0.8406 0.0706
vn 0.1233 0.9922 0.0165
vn 0.1123 0.9923 0.0517
vn -0.7371 0.5764 -0.3528
vn -0.8106 0.5757 -0.1077
vn -0.8923 0.1451 -0.4274
vn -0.9810 0.1449 -0.1293
vn -0.9732 0.1454 0.1784
vn -0.8704 0.1454 0.4704
vn -0.6818 0.1450 0.7171
vn -0.4277 0.1454 0.8921
vn -0.1293 0.1449 0.9810
vn -0.1078 0.5757 0.8106
vn -0.3529 0.5764 0.7371
vn -0.5642 0.5759 0.5916
vn -0.7193 0.5762 0.3881
vn -0.8038 0.5764 0.1470
vn 0.1840 -0.9050 -0.3836
vn 0.0549 -0.9053 -0.4213
vn 0.1312 -0.0001 -0.9914
vn 0.2938 -0.9050 -0.3076
vn 0.6903 -0.0000 -0.7236
vn 0.3742 -0.9051 -0.2018
vn 0.8803 -0.0000 -0.4744
vn 0.4192 -0.9047 -0.0768
vn 0.9836 -0.0000 -0.1802
vn 0.4213 -0.9053 0.0549
vn 0.3843 -0.9047 0.1842
vn 0.3078 -0.9049 0.2939
vn 0.7236 -0.0000 0.6903
vn 0.2019 -0.9051 0.3743
vn 0.0768 -0.9047 0.4192
vn 0.1802 -0.0000 0.9836
vn -0.0549 -0.9053 0.4213
vn -0.1841 -0.9049 0.3838
vn -0.2939 -0.9049 0.3078
vn -0.6903 -0.0000 0.7236
vn -0.3743 -0.9051 0.2019
vn -0.8803 -0.0000 0.4744
vn -0.4191 -0.9047 0.0764
vn -0.9836 -0.0001 0.1803
vn -0.1802 -0.0000 -0.9836
vn 0.1313 -0.0001 -0.9913
vn -0.0768 -0.9047 -0.4192
vn -0.4744 -0.0000 -0.8803
vn -0.2018 -0.9051 -0.3742
vn -0.7236 -0.0000 -0.6903
vn -0.3078 -0.9049 -0.2939
vn -0.3837 -0.9049 -0.1840
vn -0.4212 -0.9053 -0.0548
vn -0.9836 -0.0001 0.1802
vn -0.3705 -0.8816 0.2923
vn -0.2820 -0.9459 0.1606
vn -0.6278 -0.7758 -0.0635
vn -0.6466 -0.7621 -0.0334
vn -0.7363 0.0391 -0.6756
vn -0.8679 0.1351 -0.4781
vn -0.5036 0.4351 -0.7464
vn -0.6625 0.5508 -0.5077
vn -0.4057 0.5408 -0.7368
vn -0.5669 0.6590 -0.4944
vn -0.2040 0.3706 -0.9061
vn -0.3038 0.2646 -0.9153
vn 0.0137 0.1647 -0.9862
vn -0.0861 0.0607 -0.9944
vn 0.1294 -0.1588 -0.9788
vn 0.2333 -0.0569 -0.9707
vn 0.4308 -0.2742 -0.8598
vn 0.3234 -0.3742 -0.8691
vn 0.5840 -0.4665 -0.6644
vn 0.4760 -0.5626 -0.6759
vn 0.6811 -0.6104 -0.4043
vn 0.5724 -0.7057 -0.4176
vn 0.7111 -0.6954 -0.1038
vn 0.6015 -0.7896 -0.1215
vn 0.6724 -0.7116 0.2039
vn 0.5625 -0.8060 0.1843
vn 0.5669 -0.6591 0.4943
vn 0.4583 -0.7542 0.4703
vn 0.4056 -0.5409 0.7368
vn 0.2981 -0.6376 0.7103
vn 0.2039 -0.3707 0.9061
vn 0.0998 -0.4682 0.8780
vn -0.0137 -0.1647 0.9862
vn -0.1177 -0.2644 0.9572
vn -0.2333 0.0568 0.9707
vn -0.3329 -0.0431 0.9420
vn -0.4175 -0.5371 0.7330
vn -0.5963 -0.3551 0.7199
vn -0.6957 -0.6739 -0.2487
vn -0.6684 -0.7017 -0.2469
vn -0.4629 -0.6199 -0.6336
vn -0.5820 -0.4983 -0.6426
vn -0.7237 -0.6473 -0.2392
vn -0.7014 -0.3859 -0.5993
vn -0.7491 -0.6256 -0.2177
vn -0.8108 -0.2920 -0.5073
vn -0.7684 -0.6117 -0.1882
vn -0.8977 -0.2291 -0.3765
vn -0.7816 -0.6053 -0.1508
vn -0.9553 -0.2001 -0.2177
vn -0.7860 -0.6077 -0.1137
vn -0.9765 -0.2098 -0.0490
vn -0.7834 -0.6170 -0.0745
vn -0.9605 -0.2548 0.1117
vn -0.7708 -0.6356 -0.0432
vn -0.9076 -0.3352 0.2529
vn -0.7506 -0.6605 -0.0177
vn -0.8249 -0.4369 0.3586
vn -0.7274 -0.6862 -0.0040
vn -0.7173 -0.5565 0.4193
vn -0.6992 -0.7149 -0.0020
vn -0.5999 -0.6764 0.4274
vn -0.6720 -0.7405 -0.0118
vn -0.4784 -0.7897 0.3841
vn -0.5727 -0.0981 -0.8139
vn -0.3921 -0.2684 -0.8799
vn -0.2118 -0.4511 -0.8670
vn -0.0529 -0.6288 -0.7757
vn 0.0725 -0.7836 -0.6171
vn 0.1510 -0.9022 -0.4041
vn 0.1762 -0.9715 -0.1587
vn 0.1430 -0.9853 0.0939
vn 0.0568 -0.9419 0.3309
vn -0.0725 -0.8467 0.5272
vn -0.2371 -0.7072 0.6660
vn -0.3568 -0.7372 -0.5738
vn -0.6673 -0.7028 -0.2466
vn -0.6432 -0.7293 -0.2332
vn -0.7568 -0.1764 0.6294
vn -0.5964 -0.3550 0.7199
vn -0.5269 0.1704 0.8327
vn -0.3330 -0.0430 0.9419
vn -0.4309 0.2742 0.8598
vn -0.2334 0.0569 0.9707
vn -0.5840 0.4664 0.6644
vn -0.6804 0.3592 0.6388
vn -0.6811 0.6104 0.4043
vn -0.7766 0.5021 0.3805
vn -0.7111 0.6954 0.1038
vn -0.8057 0.5862 0.0845
vn -0.6724 0.7116 -0.2039
vn -0.7661 0.6034 -0.2214
vn -0.5669 0.6590 -0.4942
vn -0.6626 0.5508 -0.5076
vn -0.9540 0.1782 -0.2410
vn -0.8679 0.1352 -0.4779
vn -0.6130 -0.7836 -0.1010
vn -0.6272 -0.7761 -0.0647
vn -0.2258 -0.9742 0.0040
vn -0.6076 -0.7819 -0.1392
vn -0.2037 -0.9654 -0.1626
vn -0.6121 -0.7709 -0.1765
vn -0.2194 -0.9191 -0.3273
vn -0.6237 -0.7530 -0.2098
vn -0.2722 -0.8406 -0.4683
vn -0.8834 -0.0216 0.4681
vn -0.9617 0.0959 0.2568
vn -0.9863 0.1647 0.0118
vn 0.2335 -0.0568 -0.9707
vn 0.7366 0.6073 -0.2978
vn 0.8195 0.5154 -0.2506
vn 0.4309 -0.2741 -0.8598
vn 0.8858 0.4332 -0.1667
vn 0.5841 -0.4664 -0.6643
vn 0.9265 0.3722 -0.0548
vn 0.6811 -0.6104 -0.4044
vn 0.9394 0.3355 0.0706
vn 0.9225 0.3290 0.2017
vn 0.6724 -0.7115 0.2039
vn 0.8780 0.3509 0.3255
vn 0.5669 -0.6590 0.4943
vn 0.8091 0.4016 0.4290
vn 0.4057 -0.5408 0.7368
vn 0.7233 0.4746 0.5016
vn 0.2040 -0.3706 0.9061
vn 0.6293 0.5628 0.5359
vn -0.0136 -0.1647 0.9862
vn 0.5350 0.6586 0.5292
vn -0.2333 0.0569 0.9707
vn 0.4525 0.7503 0.4819
vn -0.4308 0.2742 0.8598
vn 0.3866 0.8317 0.3984
vn -0.5840 0.4665 0.6643
vn 0.3452 0.8932 0.2880
vn -0.6810 0.6105 0.4044
vn 0.3333 0.9293 0.1588
vn -0.7110 0.6955 0.1038
vn 0.0137 0.1648 -0.9862
vn 0.6427 0.7033 -0.3038
vn -0.2040 0.3707 -0.9061
vn 0.5487 0.7911 -0.2703
vn -0.4056 0.5409 -0.7368
vn 0.4625 0.8643 -0.1979
vn -0.5668 0.6591 -0.4943
vn 0.3943 0.9141 -0.0942
vn -0.6723 0.7116 -0.2039
vn 0.3489 0.9368 0.0275
vn -0.7110 0.6955 0.1037
vn 0.7684 0.6117 0.1882
vn 0.8977 0.2293 0.3763
vn 0.8109 0.2918 0.5073
vn 0.7491 0.6256 0.2177
vn 0.7013 0.3859 0.5993
vn 0.7231 0.6479 0.2396
vn 0.5820 0.4983 0.6426
vn 0.6957 0.6739 0.2487
vn 0.4630 0.6198 0.6336
vn 0.6686 0.7014 0.2469
vn 0.3568 0.7372 0.5738
vn 0.6439 0.7285 0.2339
vn 0.2722 0.8406 0.4683
vn 0.6240 0.7526 0.2103
vn 0.2195 0.9191 0.3273
vn 0.6123 0.7705 0.1774
vn 0.2037 0.9654 0.1627
vn 0.6076 0.7818 0.1400
vn 0.2256 0.9742 -0.0039
vn 0.6130 0.7836 0.1010
vn 0.2822 0.9458 -0.1607
vn 0.6270 0.7763 0.0652
vn 0.3705 0.8816 -0.2923
vn 0.6462 0.7624 0.0338
vn 0.4782 0.7898 -0.3841
vn 0.6714 0.7410 0.0121
vn 0.5998 0.6764 -0.4275
vn 0.6994 0.7148 0.0020
vn 0.7172 0.5565 -0.4194
vn 0.7274 0.6862 0.0040
vn 0.2119 0.4511 0.8670
vn 0.3921 0.2684 0.8799
vn -0.1291 0.1585 0.9789
vn 0.0862 -0.0607 0.9944
vn -0.0137 -0.1647 0.9863
vn 0.3038 -0.2646 0.9153
vn 0.2040 -0.3707 0.9061
vn 0.5035 -0.4350 0.7465
vn 0.6624 -0.5507 0.5079
vn 0.7660 -0.6035 0.2214
vn 0.8058 -0.5862 -0.0841
vn 0.7766 -0.5021 -0.3806
vn 0.6804 -0.3592 -0.6388
vn 0.5840 -0.4664 -0.6644
vn 0.5271 -0.1705 -0.8325
vn 0.4309 -0.2742 -0.8598
vn 0.3329 0.0431 -0.9420
vn 0.2334 -0.0569 -0.9707
vn 0.1177 0.2644 -0.9572
vn -0.1001 0.4686 -0.8777
vn -0.2984 0.6377 -0.7101
vn -0.4584 0.7542 -0.4702
vn -0.0567 0.9419 -0.3310
vn 0.0725 0.8467 -0.5272
vn 0.2371 0.7072 -0.6660
vn 0.4175 0.5371 -0.7330
vn 0.5963 0.3551 -0.7199
vn 0.7568 0.1765 -0.6294
vn 0.8834 0.0216 -0.4681
vn 0.9617 -0.0960 -0.2566
vn 0.9863 -0.1647 -0.0118
vn 0.9540 -0.1782 0.2410
vn 0.8679 -0.1352 0.4780
vn 0.7363 -0.0391 0.6756
vn 0.5727 0.0981 0.8139
vn 0.8249 0.4370 -0.3586
vn 0.7506 0.6605 0.0177
vn 0.9077 0.3347 -0.2532
vn 0.7709 0.6355 0.0433
vn 0.9605 0.2547 -0.1117
vn 0.7837 0.6166 0.0756
vn 0.9765 0.2098 0.0491
vn 0.7860 0.6077 0.1138
vn 0.9553 0.2001 0.2177
vn 0.7816 0.6053 0.1508
vn 0.7690 0.6113 0.1870
vn -0.0568 0.9420 -0.3309
vn -0.1430 0.9853 -0.0939
vn -0.4584 0.7542 -0.4701
vn -0.5624 0.8060 -0.1844
vn -0.5669 0.6591 -0.4942
vn -0.6012 0.7897 0.1222
vn -0.5725 0.7057 0.4175
vn -0.4760 0.5626 0.6759
vn -0.5840 0.4665 0.6644
vn -0.3232 0.3740 0.8693
vn -0.1293 0.1586 0.9788
vn 0.2118 0.4512 0.8669
vn 0.0529 0.6288 0.7757
vn -0.0725 0.7836 0.6171
vn -0.1510 0.9022 0.4040
vn -0.1762 0.9715 0.1587
vn -0.4525 -0.7503 -0.4819
vn -0.5351 -0.6585 -0.5292
vn 0.2333 -0.0570 -0.9707
vn -0.3866 -0.8318 -0.3984
vn -0.3450 -0.8933 -0.2880
vn 0.6810 -0.6105 -0.4044
vn -0.3333 -0.9293 -0.1588
vn 0.7110 -0.6955 -0.1038
vn -0.3490 -0.9367 -0.0275
vn 0.6723 -0.7116 0.2039
vn -0.3942 -0.9142 0.0940
vn 0.5668 -0.6591 0.4943
vn -0.4625 -0.8643 0.1979
vn -0.5483 -0.7914 0.2703
vn -0.6427 -0.7034 0.3037
vn -0.0138 -0.1648 0.9862
vn -0.7365 -0.6073 0.2978
vn -0.2334 0.0568 0.9707
vn -0.8195 -0.5154 0.2506
vn -0.4309 0.2741 0.8598
vn -0.8858 -0.4332 0.1666
vn -0.5841 0.4664 0.6644
vn -0.9265 -0.3722 0.0548
vn -0.6811 0.6104 0.4044
vn -0.9394 -0.3354 -0.0706
vn -0.7111 0.6953 0.1038
vn 0.0137 0.1647 -0.9863
vn -0.6296 -0.5629 -0.5355
vn -0.2041 0.3707 -0.9061
vn -0.7233 -0.4746 -0.5016
vn -0.8090 -0.4017 -0.4291
vn -0.5669 0.6590 -0.4943
vn -0.8781 -0.3509 -0.3254
vn -0.6724 0.7115 -0.2039
vn -0.9225 -0.3290 -0.2016
vn 0.5409 -0.8407 -0.0274
vn 0.5070 -0.8398 -0.1938
vn 0.1160 -0.9923 -0.0424
vn 0.1235 -0.9923 -0.0059
vn -0.8166 -0.5757 0.0411
vn -0.7638 -0.5758 0.2917
vn -0.9882 -0.1451 0.0490
vn -0.9245 -0.1449 0.3525
vn -0.9987 -0.0000 0.0509
vn -0.9343 -0.0000 0.3564
vn -0.9660 -0.0000 -0.2586
vn -0.9554 -0.1454 -0.2569
vn -0.8386 -0.0000 -0.5447
vn -0.8295 -0.1452 -0.5394
vn -0.6213 -0.1451 -0.7700
vn -0.6287 -0.0000 -0.7776
vn -0.3565 -0.0000 -0.9343
vn -0.3525 -0.1449 -0.9245
vn -0.0509 -0.0000 -0.9987
vn -0.0490 -0.1451 -0.9882
vn 0.2586 -0.0000 -0.9660
vn 0.2565 -0.1449 -0.9556
vn 0.5447 -0.0000 -0.8386
vn 0.5396 -0.1454 -0.8293
vn 0.7776 -0.0000 -0.6287
vn 0.7700 -0.1451 -0.6213
vn 0.9343 -0.0000 -0.3565
vn 0.9245 -0.1449 -0.3525
vn 0.9987 -0.0000 -0.0509
vn 0.9882 -0.1451 -0.0490
vn 0.9660 -0.0000 0.2586
vn 0.9557 -0.1447 0.2563
vn 0.8386 -0.0000 0.5447
vn 0.8293 -0.1454 0.5396
vn 0.6288 -0.0000 0.7776
vn 0.6213 -0.1450 0.7701
vn 0.6858 -0.5761 0.4448
vn 0.5138 -0.5765 0.6353
vn -0.1035 -0.9924 -0.0673
vn -0.0784 -0.9923 -0.0960
vn -0.3409 -0.8405 -0.4212
vn -0.4543 -0.8403 -0.2957
vn -0.1195 -0.9923 -0.0314
vn -0.5232 -0.8405 -0.1411
vn -0.1235 -0.9923 0.0059
vn -0.5409 -0.8406 0.0275
vn -0.1156 -0.9924 0.0431
vn -0.5069 -0.8399 0.1940
vn -0.0960 -0.9923 0.0784
vn -0.4212 -0.8405 0.3409
vn -0.0666 -0.9924 0.1039
vn -0.2960 -0.8399 0.4549
vn -0.0314 -0.9923 0.1195
vn -0.1411 -0.8405 0.5231
vn 0.0059 -0.9923 0.1234
vn 0.0274 -0.8407 0.5408
vn 0.0431 -0.9924 0.1156
vn 0.1940 -0.8399 0.5069
vn 0.0784 -0.9923 0.0960
vn 0.3409 -0.8405 0.4212
vn 0.1039 -0.9924 0.0666
vn 0.4549 -0.8399 0.2960
vn 0.1195 -0.9923 0.0314
vn 0.5233 -0.8404 0.1410
vn -0.7896 -0.5760 -0.2116
vn -0.6858 -0.5761 -0.4448
vn -0.5136 -0.5766 -0.6354
vn -0.2918 -0.5757 -0.7638
vn -0.0411 -0.5758 -0.8166
vn 0.2116 -0.5760 -0.7896
vn 0.4448 -0.5761 -0.6858
vn 0.6354 -0.5766 -0.5136
vn 0.7637 -0.5758 -0.2918
vn 0.8166 -0.5758 -0.0411
vn 0.7896 -0.5760 0.2116
vn -0.1940 -0.8399 -0.5069
vn -0.0784 -0.9923 -0.0961
vn -0.0431 -0.9924 -0.1157
vn 0.2918 -0.5758 0.7638
vn 0.5137 -0.5765 0.6354
vn 0.3526 -0.1450 0.9245
vn 0.6211 -0.1450 0.7702
vn 0.3565 -0.0000 0.9343
vn 0.6287 -0.0001 0.7777
vn 0.0509 -0.0000 0.9987
vn 0.0490 -0.1451 0.9882
vn -0.2586 -0.0000 0.9660
vn -0.2569 -0.1454 0.9554
vn -0.5447 -0.0000 0.8386
vn -0.5396 -0.1454 0.8293
vn -0.7776 -0.0000 0.6287
vn -0.7700 -0.1451 0.6213
vn -0.9343 -0.0000 0.3566
vn -0.9245 -0.1449 0.3526
vn -0.6353 -0.5766 0.5138
vn -0.7637 -0.5758 0.2919
vn 0.0964 -0.9923 -0.0779
vn 0.1156 -0.9924 -0.0431
vn 0.4212 -0.8405 -0.3409
vn 0.0666 -0.9924 -0.1039
vn 0.2958 -0.8402 -0.4545
vn 0.0314 -0.9923 -0.1195
vn 0.1410 -0.8404 -0.5233
vn -0.0059 -0.9923 -0.1235
vn -0.0275 -0.8406 -0.5409
vn 0.0411 -0.5758 0.8166
vn -0.2116 -0.5760 0.7896
vn -0.4448 -0.5761 0.6858
vn -0.6287 0.0001 -0.7777
vn -0.2665 0.9052 -0.3311
vn -0.1509 0.9050 -0.3977
vn -0.0216 0.9049 -0.4251
vn 0.1096 0.9049 -0.4113
vn 0.2312 0.9052 -0.3566
vn 0.3311 0.9052 -0.2664
vn 0.3977 0.9050 -0.1509
vn 0.4251 0.9049 -0.0216
vn 0.4113 0.9049 0.1096
vn 0.3566 0.9052 0.2312
vn 0.2666 0.9051 0.3312
vn 0.6287 -0.0000 0.7776
vn 0.1509 0.9050 0.3977
vn 0.0215 0.9049 0.4250
vn -0.1097 0.9049 0.4113
vn -0.2312 0.9052 0.3566
vn -0.5447 0.0001 0.8386
vn -0.6288 0.0001 -0.7776
vn -0.3567 0.9051 -0.2314
vn -0.4113 0.9049 -0.1097
vn -0.4252 0.9048 0.0217
vn -0.9343 -0.0000 0.3565
vn -0.3977 0.9050 0.1510
vn -0.3311 0.9052 0.2665
vn -0.5448 0.0001 0.8386
vn 0.1157 0.9924 -0.0431
vn 0.5070 0.8398 -0.1938
vn 0.5409 0.8406 -0.0275
vn 0.1234 0.9923 -0.0064
vn 0.5232 0.8404 0.1411
vn 0.1194 0.9923 0.0321
vn 0.4549 0.8399 0.2960
vn 0.1035 0.9924 0.0673
vn 0.3409 0.8405 0.4212
vn 0.0779 0.9923 0.0964
vn 0.1940 0.8399 0.5069
vn 0.0441 0.9924 0.1153
vn 0.0274 0.8407 0.5408
vn 0.0064 0.9923 0.1234
vn -0.1411 0.8404 0.5232
vn -0.0321 0.9923 0.1193
vn -0.2960 0.8399 0.4549
vn -0.0673 0.9924 0.1035
vn -0.4213 0.8404 0.3409
vn -0.0964 0.9923 0.0779
vn -0.5069 0.8399 0.1940
vn -0.1153 0.9924 0.0441
vn -0.5408 0.8407 0.0274
vn -0.1234 0.9923 0.0064
vn -0.5232 0.8404 -0.1411
vn -0.1193 0.9923 -0.0321
vn -0.4543 0.8404 -0.2957
vn -0.1035 0.9924 -0.0673
vn -0.3409 0.8405 -0.4212
vn -0.0794 0.9923 -0.0952
vn 0.5138 0.5765 0.6353
vn 0.6858 0.5761 0.4448
vn 0.6213 0.1450 0.7701
vn 0.8295 0.1451 0.5393
vn 0.9556 0.1449 0.2565
vn 0.9882 0.1451 -0.0490
vn 0.9245 0.1450 -0.3526
vn 0.7700 0.1451 -0.6214
vn 0.5396 0.1454 -0.8293
vn 0.2569 0.1454 -0.9554
vn -0.0490 0.1451 -0.9882
vn -0.3528 0.1450 -0.9244
vn -0.6215 0.1452 -0.7698
vn -0.8296 0.1450 -0.5392
vn -0.9556 0.1449 -0.2565
vn -0.9882 0.1451 0.0490
vn -0.9245 0.1449 0.3525
vn -0.7638 0.5758 0.2917
vn -0.8166 0.5758 0.0411
vn -0.7896 0.5760 -0.2116
vn -0.6858 0.5761 -0.4448
vn -0.5137 0.5766 -0.6353
vn -0.2918 0.5757 -0.7638
vn -0.0411 0.5758 -0.8166
vn 0.2116 0.5760 -0.7896
vn 0.4448 0.5761 -0.6858
vn 0.6353 0.5766 -0.5138
vn 0.7638 0.5757 -0.2918
vn 0.8166 0.5758 -0.0411
vn 0.7896 0.5760 0.2116
vn -0.0784 0.9923 -0.0961
vn -0.1940 0.8399 -0.5069
vn -0.0441 0.9924 -0.1153
vn -0.0274 0.8407 -0.5408
vn -0.0064 0.9923 -0.1234
vn 0.1411 0.8404 -0.5232
vn 0.0321 0.9923 -0.1193
vn 0.2957 0.8403 -0.4544
vn 0.0673 0.9924 -0.1035
vn 0.4211 0.8405 -0.3408
vn 0.0964 0.9923 -0.0779
vn 0.1156 0.9924 -0.0431
vn -0.7637 0.5758 0.2919
vn -0.6354 0.5766 0.5136
vn -0.9245 0.1449 0.3526
vn -0.7701 0.1450 0.6213
vn -0.5396 0.1454 0.8293
vn -0.2569 0.1454 0.9554
vn 0.0490 0.1451 0.9882
vn 0.3526 0.1450 0.9245
vn 0.6211 0.1450 0.7702
vn 0.6287 0.0001 0.7777
vn 0.5137 0.5765 0.6354
vn 0.2918 0.5758 0.7638
vn 0.0411 0.5758 0.8166
vn -0.2116 0.5760 0.7896
vn -0.4448 0.5761 0.6858
vn -0.1509 -0.9050 -0.3977
vn -0.2665 -0.9052 -0.3311
vn -0.6288 -0.0001 -0.7776
vn -0.0217 -0.9048 -0.4253
vn 0.1097 -0.9049 -0.4113
vn 0.2587 -0.0000 -0.9660
vn 0.2311 -0.9053 -0.3565
vn 0.3311 -0.9052 -0.2665
vn 0.7776 -0.0000 -0.6288
vn 0.3977 -0.9050 -0.1509
vn 0.4252 -0.9048 -0.0217
vn 0.4113 -0.9049 0.1098
vn 0.9660 -0.0000 0.2587
vn 0.3566 -0.9052 0.2312
vn 0.2665 -0.9052 0.3311
vn 0.1510 -0.9050 0.3977
vn 0.3565 -0.0001 0.9343
vn 0.0215 -0.9049 0.4250
vn -0.1097 -0.9049 0.4113
vn -0.2587 -0.0000 0.9660
vn -0.2312 -0.9052 0.3566
vn -0.5447 -0.0001 0.8386
vn -0.6287 -0.0001 -0.7776
vn -0.3567 -0.9051 -0.2314
vn -0.9660 -0.0000 -0.2587
vn -0.4113 -0.9049 -0.1097
vn -0.4251 -0.9049 0.0216
vn -0.3977 -0.9050 0.1509
vn -0.7776 -0.0000 0.6288
vn -0.3311 -0.9052 0.2664
vn -0.5448 -0.0001 0.8386
vn 0.1336 -0.9394 0.3158
vn 0.2941 -0.8921 0.3431
vn 0.3148 -0.9443 -0.0961
vn 0.2785 -0.9550 -0.1021
vn 0.3704 -0.2861 -0.8837
vn 0.1274 -0.3585 -0.9248
vn 0.2771 0.1626 -0.9470
vn -0.0156 0.0745 -0.9971
vn 0.2332 0.2998 -0.9250
vn -0.0606 0.2115 -0.9755
vn 0.5074 0.3585 -0.7836
vn 0.5470 0.2196 -0.8078
vn 0.7311 0.3802 -0.5665
vn 0.7684 0.2431 -0.5920
vn 0.9187 0.2291 -0.3217
vn 0.8835 0.3663 -0.2919
vn 0.9483 0.3174 0.0078
vn 0.9837 0.1783 -0.0216
vn 0.9213 0.2352 0.3097
vn 0.9566 0.0980 0.2744
vn 0.8038 0.1314 0.5803
vn 0.8401 -0.0019 0.5424
vn 0.6078 0.0137 0.7940
vn 0.6461 -0.1200 0.7538
vn 0.3507 -0.1039 0.9307
vn 0.3925 -0.2374 0.8886
vn 0.0607 -0.2116 0.9755
vn 0.1059 -0.3431 0.9333
vn -0.2332 -0.2999 0.9250
vn -0.1864 -0.4311 0.8829
vn -0.5074 -0.3585 0.7836
vn -0.4569 -0.4886 0.7433
vn -0.7311 -0.3803 0.5665
vn -0.6779 -0.5118 0.5277
vn -0.8835 -0.3664 0.2920
vn -0.8286 -0.4976 0.2567
vn -0.4174 -0.8447 0.3351
vn -0.5426 -0.8325 0.1117
vn 0.3997 -0.8697 -0.2897
vn 0.4191 -0.8715 -0.2546
vn 0.7409 -0.5763 -0.3450
vn 0.6590 -0.5687 -0.4922
vn 0.3723 -0.8722 -0.3174
vn 0.5365 -0.5817 -0.6113
vn 0.3370 -0.8799 -0.3350
vn 0.3882 -0.6134 -0.6878
vn 0.3002 -0.8907 -0.3413
vn 0.2274 -0.6606 -0.7155
vn 0.2648 -0.9041 -0.3353
vn 0.0706 -0.7198 -0.6906
vn 0.2314 -0.9196 -0.3176
vn -0.0666 -0.7839 -0.6173
vn 0.2079 -0.9335 -0.2922
vn -0.1744 -0.8483 -0.4999
vn 0.1922 -0.9471 -0.2569
vn -0.2371 -0.9052 -0.3527
vn 0.1903 -0.9569 -0.2196
vn -0.2528 -0.9486 -0.1901
vn 0.1978 -0.9632 -0.1821
vn -0.2175 -0.9757 -0.0254
vn 0.2155 -0.9654 -0.1469
vn -0.1352 -0.9833 0.1214
vn 0.2450 -0.9621 -0.1196
vn -0.0138 -0.9709 0.2391
vn 0.5938 -0.2391 -0.7682
vn 0.7767 -0.2197 -0.5904
vn 0.9012 -0.2312 -0.3666
vn 0.9547 -0.2724 -0.1198
vn 0.9324 -0.3389 0.1254
vn 0.8362 -0.4250 0.3466
vn 0.6766 -0.5197 0.5216
vn 0.4668 -0.6174 0.6331
vn 0.2296 -0.7056 0.6704
vn -0.0117 -0.7776 0.6287
vn -0.2352 -0.8252 0.5135
vn 0.7761 -0.6041 -0.1807
vn 0.7409 -0.5762 -0.3450
vn 0.4193 -0.8716 -0.2540
vn 0.4270 -0.8777 -0.2175
vn -0.5959 -0.7919 -0.1333
vn -0.5426 -0.8325 0.1116
vn -0.8937 -0.4468 -0.0412
vn -0.8286 -0.4976 0.2565
vn -0.9483 -0.3174 -0.0078
vn -0.8835 -0.3664 0.2918
vn -0.9213 -0.2353 -0.3097
vn -0.8663 -0.3667 -0.3391
vn -0.8038 -0.1313 -0.5803
vn -0.7506 -0.2646 -0.6055
vn -0.6077 -0.0138 -0.7940
vn -0.5554 -0.1472 -0.8184
vn -0.3507 0.1038 -0.9307
vn -0.3019 -0.0294 -0.9529
vn -0.0608 0.2115 -0.9755
vn -0.0158 0.0744 -0.9971
vn -0.1078 -0.4470 -0.8880
vn 0.1273 -0.3586 -0.9248
vn 0.3531 -0.9300 -0.1022
vn 0.3154 -0.9441 -0.0960
vn 0.4523 -0.8328 0.3192
vn 0.3842 -0.9155 -0.1197
vn 0.5916 -0.7681 0.2450
vn 0.4092 -0.9008 -0.1450
vn 0.6975 -0.7048 0.1294
vn 0.4233 -0.8879 -0.1804
vn 0.7615 -0.6480 -0.0156
vn -0.5742 -0.7251 -0.3802
vn -0.4764 -0.6411 -0.6017
vn -0.3175 -0.5448 -0.7761
vn 0.8835 0.3664 -0.2918
vn 0.0940 0.9928 0.0744
vn 0.1213 0.9715 0.2037
vn 0.9482 0.3175 0.0079
vn 0.1097 0.9371 0.3313
vn 0.9213 0.2353 0.3097
vn 0.0608 0.8923 0.4474
vn 0.8037 0.1314 0.5803
vn -0.0213 0.8422 0.5387
vn 0.6077 0.0138 0.7940
vn -0.1313 0.7922 0.5959
vn 0.3507 -0.1038 0.9307
vn -0.2553 0.7456 0.6156
vn 0.0607 -0.2115 0.9755
vn -0.3808 0.7083 0.5944
vn -0.2333 -0.2998 0.9250
vn -0.4979 0.6840 0.5332
vn -0.5074 -0.3584 0.7836
vn -0.5933 0.6736 0.4407
vn -0.7311 -0.3802 0.5665
vn -0.6583 0.6798 0.3233
vn -0.8835 -0.3663 0.2919
vn -0.6857 0.7009 0.1961
vn -0.9483 -0.3173 -0.0078
vn -0.6745 0.7353 0.0666
vn -0.9213 -0.2352 -0.3097
vn -0.6236 0.7803 -0.0471
vn -0.5404 0.8302 -0.1370
vn -0.6078 -0.0137 -0.7939
vn 0.8835 0.3664 -0.2919
vn 0.7311 0.3803 -0.5665
vn 0.0299 0.9987 -0.0411
vn 0.5074 0.3586 -0.7836
vn -0.0646 0.9890 -0.1331
vn 0.2332 0.2999 -0.9250
vn -0.1804 0.9643 -0.1940
vn -0.0608 0.2116 -0.9755
vn -0.3079 0.9267 -0.2156
vn -0.3508 0.1039 -0.9307
vn -0.4315 0.8805 -0.1964
vn -0.6078 -0.0136 -0.7940
vn -0.5404 0.8302 -0.1371
vn -0.3002 0.8907 0.3414
vn -0.2274 0.6606 0.7155
vn -0.3882 0.6134 0.6878
vn -0.3381 0.8796 0.3347
vn -0.5369 0.5818 0.6110
vn -0.3723 0.8721 0.3174
vn -0.6588 0.5688 0.4923
vn -0.3997 0.8697 0.2897
vn -0.7408 0.5764 0.3449
vn -0.4186 0.8714 0.2557
vn -0.7761 0.6041 0.1807
vn -0.4270 0.8775 0.2182
vn -0.7615 0.6480 0.0156
vn -0.4234 0.8877 0.1808
vn -0.6972 0.7051 -0.1292
vn -0.4100 0.9003 0.1462
vn -0.5918 0.7680 -0.2448
vn -0.3847 0.9152 0.1201
vn -0.4524 0.8328 -0.3192
vn -0.3531 0.9300 0.1022
vn -0.2941 0.8921 -0.3431
vn -0.3166 0.9437 0.0960
vn -0.1333 0.9394 -0.3157
vn -0.2790 0.9549 0.1019
vn 0.0137 0.9709 -0.2390
vn -0.2444 0.9622 0.1200
vn 0.1352 0.9833 -0.1214
vn -0.2154 0.9654 0.1470
vn 0.2175 0.9757 0.0254
vn -0.1983 0.9633 0.1807
vn -0.9012 0.2312 0.3665
vn -0.7767 0.2197 0.5904
vn -0.9188 -0.2292 0.3214
vn -0.7684 -0.2431 0.5920
vn -0.8835 -0.3663 0.2920
vn -0.5470 -0.2195 0.8079
vn -0.2763 -0.1628 0.9472
vn -0.2332 -0.2998 0.9251
vn 0.0157 -0.0744 0.9971
vn 0.3020 0.0294 0.9529
vn 0.5554 0.1472 0.8184
vn 0.7505 0.2646 0.6056
vn 0.8664 0.3666 0.3391
vn 0.8936 0.4469 0.0412
vn 0.8284 0.4977 -0.2570
vn 0.6783 0.5117 -0.5274
vn 0.4570 0.4885 -0.7433
vn 0.1861 0.4308 -0.8830
vn -0.1058 0.3431 -0.9333
vn -0.0607 0.2116 -0.9755
vn -0.2293 0.7057 -0.6704
vn 0.0118 0.7776 -0.6287
vn 0.2352 0.8252 -0.5135
vn 0.4174 0.8447 -0.3351
vn 0.5426 0.8325 -0.1117
vn 0.5959 0.7919 0.1333
vn 0.5742 0.7251 0.3802
vn 0.4763 0.6410 0.6018
vn 0.3175 0.5449 0.7761
vn 0.1078 0.4470 0.8880
vn -0.1274 0.3586 0.9248
vn -0.3704 0.2861 0.8837
vn -0.5938 0.2391 0.7682
vn -0.1977 0.9632 0.1821
vn 0.2175 0.9757 0.0255
vn 0.2527 0.9487 0.1900
vn -0.1902 0.9567 0.2205
vn 0.2371 0.9052 0.3527
vn -0.1922 0.9471 0.2569
vn 0.1744 0.8486 0.4995
vn -0.2080 0.9335 0.2922
vn 0.0667 0.7839 0.6173
vn -0.2314 0.9196 0.3176
vn -0.0706 0.7198 0.6906
vn -0.2650 0.9040 0.3354
vn -0.2994 0.8910 0.3413
vn -0.2294 0.7057 -0.6704
vn -0.4668 0.6174 -0.6331
vn -0.1059 0.3431 -0.9333
vn -0.3925 0.2374 -0.8886
vn -0.3507 0.1039 -0.9307
vn -0.6461 0.1200 -0.7538
vn -0.6078 -0.0137 -0.7940
vn -0.8401 0.0021 -0.5424
vn -0.9566 -0.0980 -0.2744
vn -0.9837 -0.1783 0.0216
vn -0.9188 -0.2292 0.3212
vn -0.8836 -0.3663 0.2918
vn -0.9013 0.2312 0.3663
vn -0.9547 0.2725 0.1196
vn -0.9324 0.3389 -0.1254
vn -0.8362 0.4250 -0.3466
vn -0.6766 0.5197 -0.5216
vn 0.6857 -0.7009 -0.1961
vn 0.6583 -0.6798 -0.3233
vn 0.9483 0.3173 0.0079
vn 0.6744 -0.7353 -0.0668
vn 0.9213 0.2351 0.3097
vn 0.6236 -0.7804 0.0471
vn 0.8038 0.1313 0.5802
vn 0.5404 -0.8301 0.1373
vn 0.4315 -0.8805 0.1964
vn 0.3079 -0.9267 0.2156
vn 0.1804 -0.9643 0.1940
vn 0.0646 -0.9890 0.1332
vn -0.5074 -0.3586 0.7836
vn -0.0299 -0.9987 0.0411
vn -0.7311 -0.3803 0.5664
vn -0.0942 -0.9927 -0.0747
vn -0.8835 -0.3664 0.2919
vn -0.1214 -0.9715 -0.2037
vn -0.9482 -0.3175 -0.0079
vn -0.1097 -0.9371 -0.3313
vn -0.0608 -0.8923 -0.4474
vn -0.8038 -0.1314 -0.5802
vn 0.0215 -0.8422 -0.5387
vn -0.6078 -0.0138 -0.7940
vn 0.8835 0.3663 -0.2920
vn 0.5931 -0.6735 -0.4411
vn 0.5074 0.3584 -0.7836
vn 0.4979 -0.6838 -0.5334
vn 0.2332 0.2998 -0.9251
vn 0.3806 -0.7083 -0.5945
vn -0.0607 0.2115 -0.9755
vn 0.2553 -0.7456 -0.6156
vn 0.1313 -0.7922 -0.5959
vn -0.6077 -0.0138 -0.7941
vn 0.0215 -0.8423 -0.5386
vt 0.906738 0.734863
vt 1.000000 0.734863
vt 1.000000 0.481445
vt 0.906738 0.481445
vt 0.906738 0.332031
vt 1.000000 0.332031
vt 0.906738 0.167480
vt 1.000000 0.167480
vt 0.906738 0.003418
vt 1.000000 0.003418
vt 0.808105 0.003418
vt 0.808105 0.167480
vt 0.708984 0.003418
vt 0.708984 0.167480
vt 0.608398 0.167480
vt 0.608398 0.003418
vt 0.508301 0.003418
vt 0.508301 0.167480
vt 0.400391 0.003418
vt 0.400391 0.167480
vt 0.303467 0.003418
vt 0.303467 0.167480
vt 0.206787 0.003418
vt 0.206787 0.167480
vt 0.107056 0.003418
vt 0.107056 0.167480
vt 0.006786 0.003418
vt 0.006786 0.167480
vt -0.093506 0.003418
vt -0.093506 0.167480
vt -0.193848 0.003418
vt -0.193848 0.167480
vt -0.294189 0.003418
vt -0.294189 0.167480
vt -0.394287 0.003418
vt -0.394287 0.167480
vt -0.294189 0.332031
vt -0.394287 0.332031
vt -0.294189 0.481445
vt -0.394287 0.481445
vt -0.394287 0.734863
vt -0.294189 0.734863
vt -0.193848 0.481445
vt -0.193848 0.734863
vt -0.093506 0.481445
vt -0.093506 0.734863
vt 0.006786 0.481445
vt 0.006786 0.734863
vt 0.107056 0.481445
vt 0.107056 0.734863
vt 0.206787 0.481445
vt 0.206787 0.734863
vt 0.303467 0.481445
vt 0.303467 0.734863
vt 0.400391 0.481445
vt 0.400391 0.734863
vt 0.508301 0.481445
vt 0.508301 0.734863
vt 0.608398 0.481445
vt 0.608398 0.734863
vt 0.708984 0.481445
vt 0.708984 0.734863
vt 0.808105 0.481445
vt 0.808105 0.734863
vt 0.808105 0.332031
vt 0.708984 0.332031
vt 0.608398 0.332031
vt 0.508301 0.332031
vt 0.400391 0.332031
vt 0.303467 0.332031
vt 0.206787 0.332031
vt 0.107056 0.332031
vt 0.006786 0.332031
vt -0.093506 0.332031
vt -0.193848 0.332031
vt -0.499268 0.734863
vt -0.499268 0.481445
vt -0.499268 0.332031
vt -0.499268 0.167480
vt -0.499268 0.003418
vt -0.603516 0.003418
vt -0.603516 0.167480
vt -0.702148 0.003418
vt -0.702148 0.167480
vt -0.799805 0.003418
vt -0.799805 0.167480
vt -0.900391 0.003418
vt -0.900391 0.167480
vt -1.000977 0.003418
vt -1.000977 0.167480
vt -0.900391 0.332031
vt -1.000977 0.332031
vt -0.900391 0.481445
vt -1.000977 0.481445
vt -1.000977 0.734863
vt -0.900391 0.734863
vt -0.799805 0.481445
vt -0.799805 0.734863
vt -0.702148 0.481445
vt -0.702148 0.734863
vt -0.603516 0.481445
vt -0.603516 0.734863
vt -0.603516 0.332031
vt -0.702148 0.332031
vt -0.799805 0.332031
vt 0.405273 0.985138
vt 0.405273 0.755981
vt 0.291992 0.755981
vt 0.291992 0.985138
vt 0.179565 0.755981
vt 0.179565 0.985138
vt 0.080078 0.755981
vt 0.080078 0.985138
vt 0.004391 0.755981
vt 0.004391 0.985138
vt -0.091003 0.755981
vt -0.091003 0.985138
vt -0.198364 0.755981
vt -0.198364 0.985138
vt -0.308594 0.755981
vt -0.308594 0.985138
vt -0.408203 0.755981
vt -0.408203 0.985138
vt -0.489014 0.755981
vt -0.489014 0.985138
vt -0.590820 0.755981
vt -0.590820 0.985138
vt -0.703613 0.755981
vt -0.703613 0.985138
vt -0.813965 0.755981
vt -0.813965 0.985138
vt -0.913574 0.755981
vt -0.913574 0.985138
vt -1.000000 0.755981
vt -1.000000 0.985138
vt 0.507324 0.985138
vt 0.507324 0.755981
vt 0.588379 0.985138
vt 0.588379 0.755981
vt 0.687988 0.985138
vt 0.687988 0.755981
vt 0.798340 0.985138
vt 0.798340 0.755981
vt 0.902344 0.985138
vt 0.902344 0.755981
vt 1.000000 0.985138
vt 1.000000 0.755981
s 1
f 28/1/1 30/2/2 29/3/3
f 27/4/4 28/1/1 29/3/3
f 60/5/5 27/4/4 29/3/3
f 29/3/3 61/6/6 60/5/5
f 115/7/7 60/5/5 61/6/6
f 61/6/6 116/8/8 115/7/7
f 117/9/9 115/7/7 116/8/8
f 116/8/8 118/10/10 117/9/9
f 115/7/7 117/9/9 120/11/11
f 119/12/12 115/7/7 120/11/11
f 120/11/11 122/13/13 119/12/12
f 121/14/14 119/12/12 122/13/13
f 123/15/15 121/14/14 122/13/13
f 122/13/13 124/16/16 123/15/15
f 124/16/16 126/17/17 123/15/15
f 125/18/18 123/15/15 126/17/17
f 126/17/17 128/19/19 125/18/18
f 127/20/20 125/18/18 128/19/19
f 128/19/19 130/21/21 127/20/20
f 129/22/22 127/20/20 130/21/21
f 130/21/21 132/23/23 129/22/22
f 131/24/24 129/22/22 132/23/23
f 132/23/23 134/25/25 131/24/24
f 133/26/26 131/24/24 134/25/25
f 134/25/25 136/27/27 133/26/26
f 135/28/28 133/26/26 136/27/27
f 136/27/27 138/29/29 135/28/28
f 137/30/30 135/28/28 138/29/29
f 138/29/29 140/31/31 137/30/30
f 139/32/32 137/30/30 140/31/31
f 140/31/31 142/33/33 139/32/32
f 141/34/34 139/32/32 142/33/33
f 142/33/33 144/35/35 141/34/34
f 144/35/35 143/36/36 141/34/34
f 48/37/37 141/34/34 143/36/36
f 143/36/36 47/38/38 48/37/37
f 3/39/39 48/37/37 47/38/38
f 47/38/38 1/40/40 3/39/39
f 1/40/40 2/41/41 3/39/39
f 2/41/41 4/42/42 3/39/39
f 5/43/43 3/39/39 4/42/42
f 4/42/42 6/44/44 5/43/43
f 7/45/45 5/43/43 6/44/44
f 6/44/44 8/46/46 7/45/45
f 9/47/47 7/45/45 8/46/46
f 8/46/46 10/48/48 9/47/47
f 11/49/49 9/47/47 10/48/48
f 10/48/48 12/50/50 11/49/49
f 13/51/51 11/49/49 12/50/50
f 12/50/50 14/52/52 13/51/51
f 15/53/53 13/51/51 14/52/52
f 14/52/52 16/54/54 15/53/53
f 17/55/55 15/53/53 16/54/54
f 16/54/54 18/56/56 17/55/55
f 19/57/57 17/55/55 18/56/56
f 18/56/56 20/58/58 19/57/57
f 21/59/59 19/57/57 20/58/58
f 20/58/58 22/60/60 21/59/59
f 23/61/61 21/59/59 22/60/60
f 22/60/60 24/62/62 23/61/61
f 25/63/63 23/61/61 24/62/62
f 24/62/62 26/64/64 25/63/63
f 27/4/4 25/63/63 26/64/64
f 26/64/64 28/1/1 27/4/4
f 59/65/65 25/63/63 27/4/4
f 27/4/4 60/5/5 59/65/65
f 119/12/12 59/65/65 60/5/5
f 60/5/5 115/7/7 119/12/12
f 59/65/65 119/12/12 121/14/14
f 58/66/66 59/65/65 121/14/14
f 121/14/14 123/15/15 58/66/66
f 57/67/67 58/66/66 123/15/15
f 123/15/15 125/18/18 57/67/67
f 56/68/68 57/67/67 125/18/18
f 125/18/18 127/20/20 56/68/68
f 55/69/69 56/68/68 127/20/20
f 127/20/20 129/22/22 55/69/69
f 54/70/70 55/69/69 129/22/22
f 129/22/22 131/24/24 54/70/70
f 53/71/71 54/70/70 131/24/24
f 131/24/24 133/26/26 53/71/71
f 52/72/72 53/71/71 133/26/26
f 133/26/26 135/28/28 52/72/72
f 51/73/73 52/72/72 135/28/28
f 135/28/28 137/30/30 51/73/73
f 50/74/74 51/73/73 137/30/30
f 137/30/30 139/32/32 50/74/74
f 49/75/75 50/74/74 139/32/32
f 139/32/32 141/34/34 49/75/75
f 141/34/34 48/37/37 49/75/75
f 5/43/43 49/75/75 48/37/37
f 48/37/37 3/39/39 5/43/43
f 49/75/75 5/43/43 7/45/45
f 50/74/74 49/75/75 7/45/45
f 7/45/45 9/47/47 50/74/74
f 51/73/73 50/74/74 9/47/47
f 9/47/47 11/49/49 51/73/73
f 52/72/72 51/73/73 11/49/49
f 11/49/49 13/51/51 52/72/72
f 53/71/71 52/72/72 13/51/51
f 13/51/51 15/53/53 53/71/71
f 54/70/70 53/71/71 15/53/53
f 15/53/53 17/55/55 54/70/70
f 55/69/69 54/70/70 17/55/55
f 17/55/55 19/57/57 55/69/69
f 56/68/68 55/69/69 19/57/57
f 19/57/57 21/59/59 56/68/68
f 57/67/67 56/68/68 21/59/59
f 21/59/59 23/61/61 57/67/67
f 58/66/66 57/67/67 23/61/61
f 23/61/61 25/63/63 58/66/66
f 59/65/65 58/66/66 25/63/63
f 42/76/76 44/41/77 43/40/40
f 41/77/78 42/76/76 43/40/40
f 46/78/79 41/77/78 43/40/40
f 43/40/40 45/38/80 46/78/79
f 145/79/81 46/78/79 45/38/80
f 45/38/80 146/36/82 145/79/81
f 147/80/83 145/79/81 146/36/82
f 146/36/82 148/35/84 147/80/83
f 145/79/81 147/80/83 150/81/85
f 149/82/86 145/79/81 150/81/85
f 150/81/85 152/83/87 149/82/86
f 151/84/88 149/82/86 152/83/87
f 152/83/87 154/85/89 151/84/88
f 153/86/90 151/84/88 154/85/89
f 154/85/89 114/87/91 153/86/90
f 112/88/92 153/86/90 114/87/91
f 114/87/91 113/89/93 112/88/92
f 113/89/93 111/90/94 112/88/92
f 63/91/95 112/88/92 111/90/94
f 111/90/94 62/92/96 63/91/95
f 33/93/97 63/91/95 62/92/96
f 62/92/96 31/94/3 33/93/97
f 31/94/3 32/95/2 33/93/97
f 32/95/2 34/96/98 33/93/97
f 35/97/99 33/93/97 34/96/98
f 34/96/98 36/98/100 35/97/99
f 37/99/101 35/97/99 36/98/100
f 36/98/100 38/100/102 37/99/101
f 39/101/103 37/99/101 38/100/102
f 38/100/102 40/102/104 39/101/103
f 41/77/78 39/101/103 40/102/104
f 40/102/104 42/76/76 41/77/78
f 66/103/105 39/101/103 41/77/78
f 41/77/78 46/78/79 66/103/105
f 149/82/86 66/103/105 46/78/79
f 46/78/79 145/79/81 149/82/86
f 66/103/105 149/82/86 151/84/88
f 65/104/106 66/103/105 151/84/88
f 151/84/88 153/86/90 65/104/106
f 64/105/107 65/104/106 153/86/90
f 153/86/90 112/88/92 64/105/107
f 112/88/92 63/91/95 64/105/107
f 35/97/99 64/105/107 63/91/95
f 63/91/95 33/93/97 35/97/99
f 64/105/107 35/97/99 37/99/101
f 65/104/106 64/105/107 37/99/101
f 37/99/101 39/101/103 65/104/106
f 66/103/105 65/104/106 39/101/103
f 72/106/108 71/107/109 67/108/110
f 69/109/17 72/106/108 67/108/110
f 67/108/110 68/110/111 69/109/17
f 70/111/19 69/109/17 68/110/111
f 68/110/111 109/112/112 70/111/19
f 110/113/21 70/111/19 109/112/112
f 109/112/112 107/114/113 110/113/21
f 108/115/23 110/113/21 107/114/113
f 107/114/113 105/116/114 108/115/23
f 106/117/25 108/115/23 105/116/114
f 105/116/114 103/118/115 106/117/25
f 104/119/27 106/117/25 103/118/115
f 103/118/115 101/120/116 104/119/27
f 102/121/29 104/119/27 101/120/116
f 101/120/116 99/122/117 102/121/29
f 100/123/31 102/121/29 99/122/117
f 99/122/117 97/124/118 100/123/31
f 98/125/33 100/123/31 97/124/118
f 97/124/118 95/126/119 98/125/33
f 96/127/84 98/125/33 95/126/119
f 95/126/119 93/128/120 96/127/84
f 94/129/83 96/127/84 93/128/120
f 93/128/120 91/130/121 94/129/83
f 92/131/85 94/129/83 91/130/121
f 91/130/121 87/132/122 92/131/85
f 89/133/87 92/131/85 87/132/122
f 87/132/122 88/134/123 89/133/87
f 90/135/124 89/133/87 88/134/123
f 74/107/109 76/106/125 75/136/13
f 73/137/126 74/107/109 75/136/13
f 75/136/13 78/138/11 73/137/126
f 77/139/127 73/137/126 78/138/11
f 78/138/11 80/140/9 77/139/127
f 79/141/128 77/139/127 80/140/9
f 80/140/9 82/142/129 79/141/128
f 81/143/130 79/141/128 82/142/129
f 82/142/129 84/144/91 81/143/130
f 83/145/131 81/143/130 84/144/91
f 84/144/91 86/146/124 83/145/131
f 85/147/123 83/145/131 86/146/124
f 183/3/132 184/2/133 182/1/134
f 181/4/135 183/3/132 182/1/134
f 182/1/134 180/64/136 181/4/135
f 179/63/137 181/4/135 180/64/136
f 180/64/136 178/62/138 179/63/137
f 177/61/139 179/63/137 178/62/138
f 178/62/138 176/60/140 177/61/139
f 175/59/141 177/61/139 176/60/140
f 176/60/140 174/58/142 175/59/141
f 173/57/143 175/59/141 174/58/142
f 174/58/142 172/56/144 173/57/143
f 171/55/145 173/57/143 172/56/144
f 172/56/144 170/54/146 171/55/145
f 169/53/147 171/55/145 170/54/146
f 170/54/146 168/52/148 169/53/147
f 167/51/149 169/53/147 168/52/148
f 168/52/148 166/50/150 167/51/149
f 165/49/151 167/51/149 166/50/150
f 166/50/150 164/48/152 165/49/151
f 163/47/153 165/49/151 164/48/152
f 164/48/152 162/46/154 163/47/153
f 161/45/155 163/47/153 162/46/154
f 162/46/154 160/44/156 161/45/155
f 159/43/157 161/45/155 160/44/156
f 160/44/156 158/42/158 159/43/157
f 156/39/159 159/43/157 158/42/158
f 158/42/158 157/41/160 156/39/159
f 157/41/160 155/40/161 156/39/159
f 155/40/161 201/38/162 156/39/159
f 202/37/163 156/39/159 201/38/162
f 201/38/162 297/36/164 202/37/163
f 295/34/165 202/37/163 297/36/164
f 297/36/164 298/35/166 295/34/165
f 298/35/166 296/33/33 295/34/165
f 293/32/167 295/34/165 296/33/33
f 296/33/33 294/31/168 293/32/167
f 291/30/169 293/32/167 294/31/168
f 294/31/168 292/29/29 291/30/169
f 289/28/170 291/30/169 292/29/29
f 292/29/29 290/27/27 289/28/170
f 287/26/171 289/28/170 290/27/27
f 290/27/27 288/25/25 287/26/171
f 285/24/172 287/26/171 288/25/25
f 288/25/25 286/23/23 285/24/172
f 283/22/173 285/24/172 286/23/23
f 286/23/23 284/21/21 283/22/173
f 281/20/174 283/22/173 284/21/21
f 284/21/21 282/19/19 281/20/174
f 279/18/175 281/20/174 282/19/19
f 282/19/19 280/17/17 279/18/175
f 277/15/176 279/18/175 280/17/17
f 280/17/17 278/16/16 277/15/176
f 275/14/177 277/15/176 278/16/16
f 278/16/16 276/13/13 275/14/177
f 273/12/178 275/14/177 276/13/13
f 276/13/13 274/11/11 273/12/178
f 269/7/179 273/12/178 274/11/11
f 274/11/11 270/9/9 269/7/179
f 271/8/180 269/7/179 270/9/9
f 270/9/9 272/10/129 271/8/180
f 269/7/179 271/8/180 215/6/181
f 214/5/182 269/7/179 215/6/181
f 215/6/181 183/3/132 214/5/182
f 183/3/132 181/4/135 214/5/182
f 213/65/183 214/5/182 181/4/135
f 181/4/135 179/63/137 213/65/183
f 212/66/184 213/65/183 179/63/137
f 179/63/137 177/61/139 212/66/184
f 211/67/185 212/66/184 177/61/139
f 177/61/139 175/59/141 211/67/185
f 210/68/186 211/67/185 175/59/141
f 175/59/141 173/57/143 210/68/186
f 209/69/187 210/68/186 173/57/143
f 173/57/143 171/55/145 209/69/187
f 208/70/188 209/69/187 171/55/145
f 171/55/145 169/53/147 208/70/188
f 207/71/189 208/70/188 169/53/147
f 169/53/147 167/51/149 207/71/189
f 206/72/190 207/71/189 167/51/149
f 167/51/149 165/49/151 206/72/190
f 205/73/191 206/72/190 165/49/151
f 165/49/151 163/47/153 205/73/191
f 204/74/192 205/73/191 163/47/153
f 163/47/153 161/45/155 204/74/192
f 203/75/193 204/74/192 161/45/155
f 161/45/155 159/43/157 203/75/193
f 202/37/163 203/75/193 159/43/157
f 159/43/157 156/39/159 202/37/163
f 203/75/193 202/37/163 295/34/165
f 295/34/165 293/32/167 203/75/193
f 204/74/192 203/75/193 293/32/167
f 293/32/167 291/30/169 204/74/192
f 205/73/191 204/74/192 291/30/169
f 291/30/169 289/28/170 205/73/191
f 206/72/190 205/73/191 289/28/170
f 289/28/170 287/26/171 206/72/190
f 207/71/189 206/72/190 287/26/171
f 287/26/171 285/24/172 207/71/189
f 208/70/188 207/71/189 285/24/172
f 285/24/172 283/22/173 208/70/188
f 209/69/187 208/70/188 283/22/173
f 283/22/173 281/20/174 209/69/187
f 210/68/186 209/69/187 281/20/174
f 281/20/174 279/18/175 210/68/186
f 211/67/185 210/68/186 279/18/175
f 279/18/175 277/15/176 211/67/185
f 212/66/184 211/67/185 277/15/176
f 277/15/176 275/14/177 212/66/184
f 213/65/183 212/66/184 275/14/177
f 275/14/177 273/12/178 213/65/183
f 214/5/182 213/65/183 273/12/178
f 273/12/178 269/7/179 214/5/182
f 197/40/194 198/41/195 196/76/196
f 195/77/197 197/40/194 196/76/196
f 196/76/196 194/102/198 195/77/197
f 193/101/199 195/77/197 194/102/198
f 194/102/198 192/100/200 193/101/199
f 191/99/201 193/101/199 192/100/200
f 192/100/200 190/98/202 191/99/201
f 189/97/203 191/99/201 190/98/202
f 190/98/202 188/96/204 189/97/203
f 186/93/205 189/97/203 188/96/204
f 188/96/204 187/95/133 186/93/205
f 187/95/133 185/94/206 186/93/205
f 185/94/206 216/92/207 186/93/205
f 217/91/208 186/93/205 216/92/207
f 216/92/207 265/90/209 217/91/208
f 267/88/210 217/91/208 265/90/209
f 265/90/209 266/89/93 267/88/210
f 266/89/93 268/87/91 267/88/210
f 307/86/211 267/88/210 268/87/91
f 268/87/91 308/85/89 307/86/211
f 305/84/212 307/86/211 308/85/89
f 308/85/89 306/83/87 305/84/212
f 303/82/213 305/84/212 306/83/87
f 306/83/87 304/81/85 303/82/213
f 299/79/214 303/82/213 304/81/85
f 304/81/85 300/80/83 299/79/214
f 301/36/215 299/79/214 300/80/83
f 300/80/83 302/35/84 301/36/215
f 299/79/214 301/36/215 199/38/216
f 200/78/217 299/79/214 199/38/216
f 199/38/216 197/40/194 200/78/217
f 197/40/194 195/77/197 200/78/217
f 220/103/218 200/78/217 195/77/197
f 195/77/197 193/101/199 220/103/218
f 219/104/219 220/103/218 193/101/199
f 193/101/199 191/99/201 219/104/219
f 218/105/220 219/104/219 191/99/201
f 191/99/201 189/97/203 218/105/220
f 217/91/208 218/105/220 189/97/203
f 189/97/203 186/93/205 217/91/208
f 218/105/220 217/91/208 267/88/210
f 267/88/210 307/86/211 218/105/220
f 219/104/219 218/105/220 307/86/211
f 307/86/211 305/84/212 219/104/219
f 220/103/218 219/104/219 305/84/212
f 305/84/212 303/82/213 220/103/218
f 200/78/217 220/103/218 303/82/213
f 303/82/213 299/79/214 200/78/217
f 221/108/221 225/107/222 226/106/223
f 226/106/223 222/109/17 221/108/221
f 223/110/224 221/108/221 222/109/17
f 222/109/17 224/111/225 223/110/224
f 263/112/226 223/110/224 224/111/225
f 224/111/225 264/113/227 263/112/226
f 261/114/228 263/112/226 264/113/227
f 264/113/227 262/115/229 261/114/228
f 259/116/230 261/114/228 262/115/229
f 262/115/229 260/117/25 259/116/230
f 257/118/231 259/116/230 260/117/25
f 260/117/25 258/119/27 257/118/231
f 255/120/232 257/118/231 258/119/27
f 258/119/27 256/121/233 255/120/232
f 253/122/234 255/120/232 256/121/233
f 256/121/233 254/123/168 253/122/234
f 251/124/235 253/122/234 254/123/168
f 254/123/168 252/125/236 251/124/235
f 249/126/237 251/124/235 252/125/236
f 252/125/236 250/127/84 249/126/237
f 247/128/238 249/126/237 250/127/84
f 250/127/84 248/129/83 247/128/238
f 245/130/239 247/128/238 248/129/83
f 248/129/83 246/131/240 245/130/239
f 241/132/241 245/130/239 246/131/240
f 246/131/240 242/133/242 241/132/241
f 243/134/243 241/132/241 242/133/242
f 242/133/242 244/135/244 243/134/243
f 228/136/245 230/106/246 229/107/222
f 229/107/222 227/137/247 228/136/245
f 232/138/248 228/136/245 227/137/247
f 227/137/247 231/139/249 232/138/248
f 234/140/250 232/138/248 231/139/249
f 231/139/249 233/141/251 234/140/250
f 236/142/129 234/140/250 233/141/251
f 233/141/251 235/143/252 236/142/129
f 238/144/91 236/142/129 235/143/252
f 235/143/252 237/145/253 238/144/91
f 240/146/254 238/144/91 237/145/253
f 237/145/253 239/147/243 240/146/254
f 336/1/255 338/2/256 337/3/257
f 335/4/258 336/1/255 337/3/257
f 368/5/259 335/4/258 337/3/257
f 337/3/257 369/6/260 368/5/259
f 423/7/261 368/5/259 369/6/260
f 369/6/260 424/8/262 423/7/261
f 425/9/263 423/7/261 424/8/262
f 424/8/262 426/10/264 425/9/263
f 423/7/261 425/9/263 428/11/265
f 427/12/266 423/7/261 428/11/265
f 428/11/265 430/13/267 427/12/266
f 429/14/268 427/12/266 430/13/267
f 431/15/269 429/14/268 430/13/267
f 430/13/267 432/16/270 431/15/269
f 432/16/270 434/17/271 431/15/269
f 433/18/272 431/15/269 434/17/271
f 434/17/271 436/19/273 433/18/272
f 435/20/274 433/18/272 436/19/273
f 436/19/273 438/21/275 435/20/274
f 437/22/276 435/20/274 438/21/275
f 438/21/275 440/23/277 437/22/276
f 439/24/278 437/22/276 440/23/277
f 440/23/277 442/25/279 439/24/278
f 441/26/280 439/24/278 442/25/279
f 442/25/279 444/27/281 441/26/280
f 443/28/282 441/26/280 444/27/281
f 444/27/281 446/29/283 443/28/282
f 445/30/284 443/28/282 446/29/283
f 446/29/283 448/31/285 445/30/284
f 447/32/286 445/30/284 448/31/285
f 448/31/285 450/33/287 447/32/286
f 449/34/288 447/32/286 450/33/287
f 450/33/287 452/35/289 449/34/288
f 452/35/289 451/36/290 449/34/288
f 356/37/291 449/34/288 451/36/290
f 451/36/290 355/38/292 356/37/291
f 311/39/293 356/37/291 355/38/292
f 355/38/292 309/40/294 311/39/293
f 309/40/294 310/41/295 311/39/293
f 310/41/295 312/42/296 311/39/293
f 313/43/297 311/39/293 312/42/296
f 312/42/296 314/44/298 313/43/297
f 315/45/299 313/43/297 314/44/298
f 314/44/298 316/46/300 315/45/299
f 317/47/301 315/45/299 316/46/300
f 316/46/300 318/48/302 317/47/301
f 319/49/303 317/47/301 318/48/302
f 318/48/302 320/50/304 319/49/303
f 321/51/305 319/49/303 320/50/304
f 320/50/304 322/52/306 321/51/305
f 323/53/307 321/51/305 322/52/306
f 322/52/306 324/54/308 323/53/307
f 325/55/309 323/53/307 324/54/308
f 324/54/308 326/56/310 325/55/309
f 327/57/311 325/55/309 326/56/310
f 326/56/310 328/58/312 327/57/311
f 329/59/313 327/57/311 328/58/312
f 328/58/312 330/60/314 329/59/313
f 331/61/315 329/59/313 330/60/314
f 330/60/314 332/62/316 331/61/315
f 333/63/317 331/61/315 332/62/316
f 332/62/316 334/64/318 333/63/317
f 335/4/258 333/63/317 334/64/318
f 334/64/318 336/1/255 335/4/258
f 367/65/319 333/63/317 335/4/258
f 335/4/258 368/5/259 367/65/319
f 427/12/266 367/65/319 368/5/259
f 368/5/259 423/7/261 427/12/266
f 367/65/319 427/12/266 429/14/268
f 366/66/320 367/65/319 429/14/268
f 429/14/268 431/15/269 366/66/320
f 365/67/321 366/66/320 431/15/269
f 431/15/269 433/18/272 365/67/321
f 364/68/322 365/67/321 433/18/272
f 433/18/272 435/20/274 364/68/322
f 363/69/323 364/68/322 435/20/274
f 435/20/274 437/22/276 363/69/323
f 362/70/324 363/69/323 437/22/276
f 437/22/276 439/24/278 362/70/324
f 361/71/325 362/70/324 439/24/278
f 439/24/278 441/26/280 361/71/325
f 360/72/326 361/71/325 441/26/280
f 441/26/280 443/28/282 360/72/326
f 359/73/327 360/72/326 443/28/282
f 443/28/282 445/30/284 359/73/327
f 358/74/328 359/73/327 445/30/284
f 445/30/284 447/32/286 358/74/328
f 357/75/329 358/74/328 447/32/286
f 447/32/286 449/34/288 357/75/329
f 449/34/288 356/37/291 357/75/329
f 313/43/297 357/75/329 356/37/291
f 356/37/291 311/39/293 313/43/297
f 357/75/329 313/43/297 315/45/299
f 358/74/328 357/75/329 315/45/299
f 315/45/299 317/47/301 358/74/328
f 359/73/327 358/74/328 317/47/301
f 317/47/301 319/49/303 359/73/327
f 360/72/326 359/73/327 319/49/303
f 319/49/303 321/51/305 360/72/326
f 361/71/325 360/72/326 321/51/305
f 321/51/305 323/53/307 361/71/325
f 362/70/324 361/71/325 323/53/307
f 323/53/307 325/55/309 362/70/324
f 363/69/323 362/70/324 325/55/309
f 325/55/309 327/57/311 363/69/323
f 364/68/322 363/69/323 327/57/311
f 327/57/311 329/59/313 364/68/322
f 365/67/321 364/68/322 329/59/313
f 329/59/313 331/61/315 365/67/321
f 366/66/320 365/67/321 331/61/315
f 331/61/315 333/63/317 366/66/320
f 367/65/319 366/66/320 333/63/317
f 350/76/330 352/41/295 351/40/331
f 349/77/332 350/76/330 351/40/331
f 354/78/333 349/77/332 351/40/331
f 351/40/331 353/38/334 354/78/333
f 453/79/335 354/78/333 353/38/334
f 353/38/334 454/36/336 453/79/335
f 455/80/337 453/79/335 454/36/336
f 454/36/336 456/35/338 455/80/337
f 453/79/335 455/80/337 458/81/339
f 457/82/340 453/79/335 458/81/339
f 458/81/339 460/83/341 457/82/340
f 459/84/342 457/82/340 460/83/341
f 460/83/341 462/85/343 459/84/342
f 461/86/344 459/84/342 462/85/343
f 462/85/343 422/87/345 461/86/344
f 420/88/346 461/86/344 422/87/345
f 422/87/345 421/89/347 420/88/346
f 421/89/347 419/90/348 420/88/346
f 371/91/349 420/88/346 419/90/348
f 419/90/348 370/92/350 371/91/349
f 341/93/351 371/91/349 370/92/350
f 370/92/350 339/94/352 341/93/351
f 339/94/352 340/95/256 341/93/351
f 340/95/256 342/96/353 341/93/351
f 343/97/354 341/93/351 342/96/353
f 342/96/353 344/98/355 343/97/354
f 345/99/356 343/97/354 344/98/355
f 344/98/355 346/100/357 345/99/356
f 347/101/358 345/99/356 346/100/357
f 346/100/357 348/102/359 347/101/358
f 349/77/332 347/101/358 348/102/359
f 348/102/359 350/76/330 349/77/332
f 374/103/360 347/101/358 349/77/332
f 349/77/332 354/78/333 374/103/360
f 457/82/340 374/103/360 354/78/333
f 354/78/333 453/79/335 457/82/340
f 374/103/360 457/82/340 459/84/342
f 373/104/361 374/103/360 459/84/342
f 459/84/342 461/86/344 373/104/361
f 372/105/362 373/104/361 461/86/344
f 461/86/344 420/88/346 372/105/362
f 420/88/346 371/91/349 372/105/362
f 343/97/354 372/105/362 371/91/349
f 371/91/349 341/93/351 343/97/354
f 372/105/362 343/97/354 345/99/356
f 373/104/361 372/105/362 345/99/356
f 345/99/356 347/101/358 373/104/361
f 374/103/360 373/104/361 347/101/358
f 380/106/363 379/107/364 375/108/365
f 377/109/366 380/106/363 375/108/365
f 375/108/365 376/110/367 377/109/366
f 378/111/368 377/109/366 376/110/367
f 376/110/367 417/112/369 378/111/368
f 418/113/370 378/111/368 417/112/369
f 417/112/369 415/114/371 418/113/370
f 416/115/277 418/113/370 415/114/371
f 415/114/371 413/116/372 416/115/277
f 414/117/373 416/115/277 413/116/372
f 413/116/372 411/118/374 414/117/373
f 412/119/375 414/117/373 411/118/374
f 411/118/374 409/120/376 412/119/375
f 410/121/377 412/119/375 409/120/376
f 409/120/376 407/122/378 410/121/377
f 408/123/379 410/121/377 407/122/378
f 407/122/378 405/124/380 408/123/379
f 406/125/381 408/123/379 405/124/380
f 405/124/380 403/126/382 406/125/381
f 404/127/383 406/125/381 403/126/382
f 403/126/382 401/128/384 404/127/383
f 402/129/385 404/127/383 401/128/384
f 401/128/384 399/130/386 402/129/385
f 400/131/387 402/129/385 399/130/386
f 399/130/386 395/132/388 400/131/387
f 397/133/389 400/131/387 395/132/388
f 395/132/388 396/134/390 397/133/389
f 398/135/391 397/133/389 396/134/390
f 382/107/364 384/106/363 383/136/392
f 381/137/393 382/107/364 383/136/392
f 383/136/392 386/138/394 381/137/393
f 385/139/395 381/137/393 386/138/394
f 386/138/394 388/140/396 385/139/395
f 387/141/397 385/139/395 388/140/396
f 388/140/396 390/142/398 387/141/397
f 389/143/399 387/141/397 390/142/398
f 390/142/398 392/144/400 389/143/399
f 391/145/401 389/143/399 392/144/400
f 392/144/400 394/146/402 391/145/401
f 393/147/390 391/145/401 394/146/402
f 491/3/403 492/2/404 490/1/405
f 489/4/406 491/3/403 490/1/405
f 490/1/405 488/64/407 489/4/406
f 487/63/408 489/4/406 488/64/407
f 488/64/407 486/62/409 487/63/408
f 485/61/410 487/63/408 486/62/409
f 486/62/409 484/60/411 485/61/410
f 483/59/412 485/61/410 484/60/411
f 484/60/411 482/58/413 483/59/412
f 481/57/414 483/59/412 482/58/413
f 482/58/413 480/56/415 481/57/414
f 479/55/416 481/57/414 480/56/415
f 480/56/415 478/54/417 479/55/416
f 477/53/418 479/55/416 478/54/417
f 478/54/417 476/52/419 477/53/418
f 475/51/420 477/53/418 476/52/419
f 476/52/419 474/50/421 475/51/420
f 473/49/422 475/51/420 474/50/421
f 474/50/421 472/48/423 473/49/422
f 471/47/424 473/49/422 472/48/423
f 472/48/423 470/46/425 471/47/424
f 469/45/426 471/47/424 470/46/425
f 470/46/425 468/44/427 469/45/426
f 467/43/428 469/45/426 468/44/427
f 468/44/427 466/42/429 467/43/428
f 464/39/430 467/43/428 466/42/429
f 466/42/429 465/41/431 464/39/430
f 465/41/431 463/40/432 464/39/430
f 463/40/432 509/38/433 464/39/430
f 510/37/434 464/39/430 509/38/433
f 509/38/433 605/36/435 510/37/434
f 603/34/436 510/37/434 605/36/435
f 605/36/435 606/35/289 603/34/436
f 606/35/289 604/33/437 603/34/436
f 601/32/438 603/34/436 604/33/437
f 604/33/437 602/31/439 601/32/438
f 599/30/440 601/32/438 602/31/439
f 602/31/439 600/29/377 599/30/440
f 597/28/441 599/30/440 600/29/377
f 600/29/377 598/27/375 597/28/441
f 595/26/442 597/28/441 598/27/375
f 598/27/375 596/25/279 595/26/442
f 593/24/443 595/26/442 596/25/279
f 596/25/279 594/23/277 593/24/443
f 591/22/444 593/24/443 594/23/277
f 594/23/277 592/21/275 591/22/444
f 589/20/445 591/22/444 592/21/275
f 592/21/275 590/19/446 589/20/445
f 587/18/447 589/20/445 590/19/446
f 590/19/446 588/17/448 587/18/447
f 585/15/449 587/18/447 588/17/448
f 588/17/448 586/16/450 585/15/449
f 583/14/451 585/15/449 586/16/450
f 586/16/450 584/13/267 583/14/451
f 581/12/452 583/14/451 584/13/267
f 584/13/267 582/11/394 581/12/452
f 577/7/453 581/12/452 582/11/394
f 582/11/394 578/9/396 577/7/453
f 579/8/454 577/7/453 578/9/396
f 578/9/396 580/10/398 579/8/454
f 577/7/453 579/8/454 523/6/455
f 522/5/456 577/7/453 523/6/455
f 523/6/455 491/3/403 522/5/456
f 491/3/403 489/4/406 522/5/456
f 521/65/457 522/5/456 489/4/406
f 489/4/406 487/63/408 521/65/457
f 520/66/458 521/65/457 487/63/408
f 487/63/408 485/61/410 520/66/458
f 519/67/459 520/66/458 485/61/410
f 485/61/410 483/59/412 519/67/459
f 518/68/460 519/67/459 483/59/412
f 483/59/412 481/57/414 518/68/460
f 517/69/461 518/68/460 481/57/414
f 481/57/414 479/55/416 517/69/461
f 516/70/462 517/69/461 479/55/416
f 479/55/416 477/53/418 516/70/462
f 515/71/463 516/70/462 477/53/418
f 477/53/418 475/51/420 515/71/463
f 514/72/464 515/71/463 475/51/420
f 475/51/420 473/49/422 514/72/464
f 513/73/465 514/72/464 473/49/422
f 473/49/422 471/47/424 513/73/465
f 512/74/466 513/73/465 471/47/424
f 471/47/424 469/45/426 512/74/466
f 511/75/467 512/74/466 469/45/426
f 469/45/426 467/43/428 511/75/467
f 510/37/434 511/75/467 467/43/428
f 467/43/428 464/39/430 510/37/434
f 511/75/467 510/37/434 603/34/436
f 603/34/436 601/32/438 511/75/467
f 512/74/466 511/75/467 601/32/438
f 601/32/438 599/30/440 512/74/466
f 513/73/465 512/74/466 599/30/440
f 599/30/440 597/28/441 513/73/465
f 514/72/464 513/73/465 597/28/441
f 597/28/441 595/26/442 514/72/464
f 515/71/463 514/72/464 595/26/442
f 595/26/442 593/24/443 515/71/463
f 516/70/462 515/71/463 593/24/443
f 593/24/443 591/22/444 516/70/462
f 517/69/461 516/70/462 591/22/444
f 591/22/444 589/20/445 517/69/461
f 518/68/460 517/69/461 589/20/445
f 589/20/445 587/18/447 518/68/460
f 519/67/459 518/68/460 587/18/447
f 587/18/447 585/15/449 519/67/459
f 520/66/458 519/67/459 585/15/449
f 585/15/449 583/14/451 520/66/458
f 521/65/457 520/66/458 583/14/451
f 583/14/451 581/12/452 521/65/457
f 522/5/456 521/65/457 581/12/452
f 581/12/452 577/7/453 522/5/456
f 505/40/432 506/41/431 504/76/468
f 503/77/469 505/40/432 504/76/468
f 504/76/468 502/102/470 503/77/469
f 501/101/471 503/77/469 502/102/470
f 502/102/470 500/100/472 501/101/471
f 499/99/473 501/101/471 500/100/472
f 500/100/472 498/98/474 499/99/473
f 497/97/475 499/99/473 498/98/474
f 498/98/474 496/96/476 497/97/475
f 494/93/477 497/97/475 496/96/476
f 496/96/476 495/95/404 494/93/477
f 495/95/404 493/94/478 494/93/477
f 493/94/478 524/92/479 494/93/477
f 525/91/480 494/93/477 524/92/479
f 524/92/479 573/90/481 525/91/480
f 575/88/482 525/91/480 573/90/481
f 573/90/481 574/89/483 575/88/482
f 574/89/483 576/87/345 575/88/482
f 615/86/484 575/88/482 576/87/345
f 576/87/345 616/85/343 615/86/484
f 613/84/485 615/86/484 616/85/343
f 616/85/343 614/83/341 613/84/485
f 611/82/486 613/84/485 614/83/341
f 614/83/341 612/81/487 611/82/486
f 607/79/488 611/82/486 612/81/487
f 612/81/487 608/80/385 607/79/488
f 609/36/489 607/79/488 608/80/385
f 608/80/385 610/35/338 609/36/489
f 607/79/488 609/36/489 507/38/490
f 508/78/491 607/79/488 507/38/490
f 507/38/490 505/40/432 508/78/491
f 505/40/432 503/77/469 508/78/491
f 528/103/492 508/78/491 503/77/469
f 503/77/469 501/101/471 528/103/492
f 527/104/493 528/103/492 501/101/471
f 501/101/471 499/99/473 527/104/493
f 526/105/494 527/104/493 499/99/473
f 499/99/473 497/97/475 526/105/494
f 525/91/480 526/105/494 497/97/475
f 497/97/475 494/93/477 525/91/480
f 526/105/494 525/91/480 575/88/482
f 575/88/482 615/86/484 526/105/494
f 527/104/493 526/105/494 615/86/484
f 615/86/484 613/84/485 527/104/493
f 528/103/492 527/104/493 613/84/485
f 613/84/485 611/82/486 528/103/492
f 508/78/491 528/103/492 611/82/486
f 611/82/486 607/79/488 508/78/491
f 529/108/495 533/107/496 534/106/497
f 534/106/497 530/109/271 529/108/495
f 531/110/498 529/108/495 530/109/271
f 530/109/271 532/111/273 531/110/498
f 571/112/499 531/110/498 532/111/273
f 532/111/273 572/113/500 571/112/499
f 569/114/501 571/112/499 572/113/500
f 572/113/500 570/115/502 569/114/501
f 567/116/503 569/114/501 570/115/502
f 570/115/502 568/117/504 567/116/503
f 565/118/505 567/116/503 568/117/504
f 568/117/504 566/119/506 565/118/505
f 563/120/507 565/118/505 566/119/506
f 566/119/506 564/121/283 563/120/507
f 561/122/508 563/120/507 564/121/283
f 564/121/283 562/123/439 561/122/508
f 559/124/509 561/122/508 562/123/439
f 562/123/439 560/125/510 559/124/509
f 557/126/511 559/124/509 560/125/510
f 560/125/510 558/127/512 557/126/511
f 555/128/513 557/126/511 558/127/512
f 558/127/512 556/129/514 555/128/513
f 553/130/515 555/128/513 556/129/514
f 556/129/514 554/131/516 553/130/515
f 549/132/517 553/130/515 554/131/516
f 554/131/516 550/133/518 549/132/517
f 551/134/519 549/132/517 550/133/518
f 550/133/518 552/135/520 551/134/519
f 536/136/521 538/106/270 537/107/496
f 537/107/496 535/137/522 536/136/521
f 540/138/523 536/136/521 535/137/522
f 535/137/522 539/139/524 540/138/523
f 542/140/263 540/138/523 539/139/524
f 539/139/524 541/141/525 542/140/263
f 544/142/526 542/140/263 541/141/525
f 541/141/525 543/143/527 544/142/526
f 546/144/528 544/142/526 543/143/527
f 543/143/527 545/145/529 546/144/528
f 548/146/520 546/144/528 545/145/529
f 545/145/529 547/147/519 548/146/520
f 644/1/530 646/2/531 645/3/532
f 643/4/533 644/1/530 645/3/532
f 676/5/534 643/4/533 645/3/532
f 645/3/532 677/6/535 676/5/534
f 731/7/536 676/5/534 677/6/535
f 677/6/535 732/8/537 731/7/536
f 733/9/538 731/7/536 732/8/537
f 732/8/537 734/10/539 733/9/538
f 731/7/536 733/9/538 736/11/540
f 735/12/541 731/7/536 736/11/540
f 736/11/540 738/13/542 735/12/541
f 737/14/543 735/12/541 738/13/542
f 739/15/544 737/14/543 738/13/542
f 738/13/542 740/16/545 739/15/544
f 740/16/545 742/17/546 739/15/544
f 741/18/547 739/15/544 742/17/546
f 742/17/546 744/19/548 741/18/547
f 743/20/549 741/18/547 744/19/548
f 744/19/548 746/21/550 743/20/549
f 745/22/551 743/20/549 746/21/550
f 746/21/550 748/23/552 745/22/551
f 747/24/553 745/22/551 748/23/552
f 748/23/552 750/25/554 747/24/553
f 749/26/555 747/24/553 750/25/554
f 750/25/554 752/27/556 749/26/555
f 751/28/557 749/26/555 752/27/556
f 752/27/556 754/29/558 751/28/557
f 753/30/559 751/28/557 754/29/558
f 754/29/558 756/31/560 753/30/559
f 755/32/561 753/30/559 756/31/560
f 756/31/560 758/33/562 755/32/561
f 757/34/563 755/32/561 758/33/562
f 758/33/562 760/35/564 757/34/563
f 760/35/564 759/36/565 757/34/563
f 664/37/566 757/34/563 759/36/565
f 759/36/565 663/38/567 664/37/566
f 619/39/568 664/37/566 663/38/567
f 663/38/567 617/40/569 619/39/568
f 617/40/569 618/41/570 619/39/568
f 618/41/570 620/42/571 619/39/568
f 621/43/572 619/39/568 620/42/571
f 620/42/571 622/44/573 621/43/572
f 623/45/574 621/43/572 622/44/573
f 622/44/573 624/46/575 623/45/574
f 625/47/576 623/45/574 624/46/575
f 624/46/575 626/48/577 625/47/576
f 627/49/578 625/47/576 626/48/577
f 626/48/577 628/50/579 627/49/578
f 629/51/580 627/49/578 628/50/579
f 628/50/579 630/52/581 629/51/580
f 631/53/582 629/51/580 630/52/581
f 630/52/581 632/54/583 631/53/582
f 633/55/584 631/53/582 632/54/583
f 632/54/583 634/56/585 633/55/584
f 635/57/586 633/55/584 634/56/585
f 634/56/585 636/58/587 635/57/586
f 637/59/588 635/57/586 636/58/587
f 636/58/587 638/60/589 637/59/588
f 639/61/590 637/59/588 638/60/589
f 638/60/589 640/62/591 639/61/590
f 641/63/592 639/61/590 640/62/591
f 640/62/591 642/64/593 641/63/592
f 643/4/533 641/63/592 642/64/593
f 642/64/593 644/1/530 643/4/533
f 675/65/594 641/63/592 643/4/533
f 643/4/533 676/5/534 675/65/594
f 735/12/541 675/65/594 676/5/534
f 676/5/534 731/7/536 735/12/541
f 675/65/594 735/12/541 737/14/543
f 674/66/595 675/65/594 737/14/543
f 737/14/543 739/15/544 674/66/595
f 673/67/596 674/66/595 739/15/544
f 739/15/544 741/18/547 673/67/596
f 672/68/597 673/67/596 741/18/547
f 741/18/547 743/20/549 672/68/597
f 671/69/598 672/68/597 743/20/549
f 743/20/549 745/22/551 671/69/598
f 670/70/599 671/69/598 745/22/551
f 745/22/551 747/24/553 670/70/599
f 669/71/600 670/70/599 747/24/553
f 747/24/553 749/26/555 669/71/600
f 668/72/601 669/71/600 749/26/555
f 749/26/555 751/28/557 668/72/601
f 667/73/602 668/72/601 751/28/557
f 751/28/557 753/30/559 667/73/602
f 666/74/603 667/73/602 753/30/559
f 753/30/559 755/32/561 666/74/603
f 665/75/604 666/74/603 755/32/561
f 755/32/561 757/34/563 665/75/604
f 757/34/563 664/37/566 665/75/604
f 621/43/572 665/75/604 664/37/566
f 664/37/566 619/39/568 621/43/572
f 665/75/604 621/43/572 623/45/574
f 666/74/603 665/75/604 623/45/574
f 623/45/574 625/47/576 666/74/603
f 667/73/602 666/74/603 625/47/576
f 625/47/576 627/49/578 667/73/602
f 668/72/601 667/73/602 627/49/578
f 627/49/578 629/51/580 668/72/601
f 669/71/600 668/72/601 629/51/580
f 629/51/580 631/53/582 669/71/600
f 670/70/599 669/71/600 631/53/582
f 631/53/582 633/55/584 670/70/599
f 671/69/598 670/70/599 633/55/584
f 633/55/584 635/57/586 671/69/598
f 672/68/597 671/69/598 635/57/586
f 635/57/586 637/59/588 672/68/597
f 673/67/596 672/68/597 637/59/588
f 637/59/588 639/61/590 673/67/596
f 674/66/595 673/67/596 639/61/590
f 639/61/590 641/63/592 674/66/595
f 675/65/594 674/66/595 641/63/592
f 658/76/605 660/41/570 659/40/606
f 657/77/607 658/76/605 659/40/606
f 662/78/608 657/77/607 659/40/606
f 659/40/606 661/38/609 662/78/608
f 761/79/610 662/78/608 661/38/609
f 661/38/609 762/36/611 761/79/610
f 763/80/612 761/79/610 762/36/611
f 762/36/611 764/35/613 763/80/612
f 761/79/610 763/80/612 766/81/614
f 765/82/615 761/79/610 766/81/614
f 766/81/614 768/83/616 765/82/615
f 767/84/617 765/82/615 768/83/616
f 768/83/616 770/85/618 767/84/617
f 769/86/619 767/84/617 770/85/618
f 770/85/618 730/87/620 769/86/619
f 728/88/621 769/86/619 730/87/620
f 730/87/620 729/89/622 728/88/621
f 729/89/622 727/90/623 728/88/621
f 679/91/624 728/88/621 727/90/623
f 727/90/623 678/92/625 679/91/624
f 649/93/626 679/91/624 678/92/625
f 678/92/625 647/94/627 649/93/626
f 647/94/627 648/95/531 649/93/626
f 648/95/531 650/96/628 649/93/626
f 651/97/629 649/93/626 650/96/628
f 650/96/628 652/98/630 651/97/629
f 653/99/631 651/97/629 652/98/630
f 652/98/630 654/100/632 653/99/631
f 655/101/633 653/99/631 654/100/632
f 654/100/632 656/102/634 655/101/633
f 657/77/607 655/101/633 656/102/634
f 656/102/634 658/76/605 657/77/607
f 682/103/635 655/101/633 657/77/607
f 657/77/607 662/78/608 682/103/635
f 765/82/615 682/103/635 662/78/608
f 662/78/608 761/79/610 765/82/615
f 682/103/635 765/82/615 767/84/617
f 681/104/636 682/103/635 767/84/617
f 767/84/617 769/86/619 681/104/636
f 680/105/637 681/104/636 769/86/619
f 769/86/619 728/88/621 680/105/637
f 728/88/621 679/91/624 680/105/637
f 651/97/629 680/105/637 679/91/624
f 679/91/624 649/93/626 651/97/629
f 680/105/637 651/97/629 653/99/631
f 681/104/636 680/105/637 653/99/631
f 653/99/631 655/101/633 681/104/636
f 682/103/635 681/104/636 655/101/633
f 688/106/638 687/107/639 683/108/640
f 685/109/546 688/106/638 683/108/640
f 683/108/640 684/110/641 685/109/546
f 686/111/548 685/109/546 684/110/641
f 684/110/641 725/112/642 686/111/548
f 726/113/550 686/111/548 725/112/642
f 725/112/642 723/114/643 726/113/550
f 724/115/552 726/113/550 723/114/643
f 723/114/643 721/116/644 724/115/552
f 722/117/554 724/115/552 721/116/644
f 721/116/644 719/118/645 722/117/554
f 720/119/556 722/117/554 719/118/645
f 719/118/645 717/120/646 720/119/556
f 718/121/558 720/119/556 717/120/646
f 717/120/646 715/122/647 718/121/558
f 716/123/560 718/121/558 715/122/647
f 715/122/647 713/124/648 716/123/560
f 714/125/562 716/123/560 713/124/648
f 713/124/648 711/126/649 714/125/562
f 712/127/650 714/125/562 711/126/649
f 711/126/649 709/128/651 712/127/650
f 710/129/612 712/127/650 709/128/651
f 709/128/651 707/130/652 710/129/612
f 708/131/614 710/129/612 707/130/652
f 707/130/652 703/132/653 708/131/614
f 705/133/616 708/131/614 703/132/653
f 703/132/653 704/134/654 705/133/616
f 706/135/655 705/133/616 704/134/654
f 690/107/639 692/106/656 691/136/542
f 689/137/657 690/107/639 691/136/542
f 691/136/542 694/138/540 689/137/657
f 693/139/658 689/137/657 694/138/540
f 694/138/540 696/140/538 693/139/658
f 695/141/659 693/139/658 696/140/538
f 696/140/538 698/142/660 695/141/659
f 697/143/661 695/141/659 698/142/660
f 698/142/660 700/144/620 697/143/661
f 699/145/662 697/143/661 700/144/620
f 700/144/620 702/146/663 699/145/662
f 701/147/654 699/145/662 702/146/663
f 799/3/664 800/2/665 798/1/666
f 797/4/667 799/3/664 798/1/666
f 798/1/666 796/64/668 797/4/667
f 795/63/669 797/4/667 796/64/668
f 796/64/668 794/62/670 795/63/669
f 793/61/671 795/63/669 794/62/670
f 794/62/670 792/60/672 793/61/671
f 791/59/673 793/61/671 792/60/672
f 792/60/672 790/58/674 791/59/673
f 789/57/675 791/59/673 790/58/674
f 790/58/674 788/56/676 789/57/675
f 787/55/677 789/57/675 788/56/676
f 788/56/676 786/54/678 787/55/677
f 785/53/679 787/55/677 786/54/678
f 786/54/678 784/52/680 785/53/679
f 783/51/681 785/53/679 784/52/680
f 784/52/680 782/50/682 783/51/681
f 781/49/683 783/51/681 782/50/682
f 782/50/682 780/48/684 781/49/683
f 779/47/685 781/49/683 780/48/684
f 780/48/684 778/46/686 779/47/685
f 777/45/687 779/47/685 778/46/686
f 778/46/686 776/44/688 777/45/687
f 775/43/689 777/45/687 776/44/688
f 776/44/688 774/42/690 775/43/689
f 772/39/691 775/43/689 774/42/690
f 774/42/690 773/41/692 772/39/691
f 773/41/692 771/40/693 772/39/691
f 771/40/693 817/38/694 772/39/691
f 818/37/695 772/39/691 817/38/694
f 817/38/694 913/36/696 818/37/695
f 911/34/697 818/37/695 913/36/696
f 913/36/696 914/35/564 911/34/697
f 914/35/564 912/33/562 911/34/697
f 909/32/698 911/34/697 912/33/562
f 912/33/562 910/31/560 909/32/698
f 907/30/699 909/32/698 910/31/560
f 910/31/560 908/29/558 907/30/699
f 905/28/700 907/30/699 908/29/558
f 908/29/558 906/27/556 905/28/700
f 903/26/701 905/28/700 906/27/556
f 906/27/556 904/25/554 903/26/701
f 901/24/702 903/26/701 904/25/554
f 904/25/554 902/23/552 901/24/702
f 899/22/703 901/24/702 902/23/552
f 902/23/552 900/21/550 899/22/703
f 897/20/704 899/22/703 900/21/550
f 900/21/550 898/19/548 897/20/704
f 895/18/705 897/20/704 898/19/548
f 898/19/548 896/17/546 895/18/705
f 893/15/706 895/18/705 896/17/546
f 896/17/546 894/16/545 893/15/706
f 891/14/707 893/15/706 894/16/545
f 894/16/545 892/13/542 891/14/707
f 889/12/708 891/14/707 892/13/542
f 892/13/542 890/11/540 889/12/708
f 885/7/709 889/12/708 890/11/540
f 890/11/540 886/9/538 885/7/709
f 887/8/710 885/7/709 886/9/538
f 886/9/538 888/10/539 887/8/710
f 885/7/709 887/8/710 831/6/711
f 830/5/712 885/7/709 831/6/711
f 831/6/711 799/3/664 830/5/712
f 799/3/664 797/4/667 830/5/712
f 829/65/713 830/5/712 797/4/667
f 797/4/667 795/63/669 829/65/713
f 828/66/714 829/65/713 795/63/669
f 795/63/669 793/61/671 828/66/714
f 827/67/715 828/66/714 793/61/671
f 793/61/671 791/59/673 827/67/715
f 826/68/716 827/67/715 791/59/673
f 791/59/673 789/57/675 826/68/716
f 825/69/717 826/68/716 789/57/675
f 789/57/675 787/55/677 825/69/717
f 824/70/718 825/69/717 787/55/677
f 787/55/677 785/53/679 824/70/718
f 823/71/719 824/70/718 785/53/679
f 785/53/679 783/51/681 823/71/719
f 822/72/720 823/71/719 783/51/681
f 783/51/681 781/49/683 822/72/720
f 821/73/721 822/72/720 781/49/683
f 781/49/683 779/47/685 821/73/721
f 820/74/722 821/73/721 779/47/685
f 779/47/685 777/45/687 820/74/722
f 819/75/723 820/74/722 777/45/687
f 777/45/687 775/43/689 819/75/723
f 818/37/695 819/75/723 775/43/689
f 775/43/689 772/39/691 818/37/695
f 819/75/723 818/37/695 911/34/697
f 911/34/697 909/32/698 819/75/723
f 820/74/722 819/75/723 909/32/698
f 909/32/698 907/30/699 820/74/722
f 821/73/721 820/74/722 907/30/699
f 907/30/699 905/28/700 821/73/721
f 822/72/720 821/73/721 905/28/700
f 905/28/700 903/26/701 822/72/720
f 823/71/719 822/72/720 903/26/701
f 903/26/701 901/24/702 823/71/719
f 824/70/718 823/71/719 901/24/702
f 901/24/702 899/22/703 824/70/718
f 825/69/717 824/70/718 899/22/703
f 899/22/703 897/20/704 825/69/717
f 826/68/716 825/69/717 897/20/704
f 897/20/704 895/18/705 826/68/716
f 827/67/715 826/68/716 895/18/705
f 895/18/705 893/15/706 827/67/715
f 828/66/714 827/67/715 893/15/706
f 893/15/706 891/14/707 828/66/714
f 829/65/713 828/66/714 891/14/707
f 891/14/707 889/12/708 829/65/713
f 830/5/712 829/65/713 889/12/708
f 889/12/708 885/7/709 830/5/712
f 813/40/724 814/41/692 812/76/725
f 811/77/726 813/40/724 812/76/725
f 812/76/725 810/102/727 811/77/726
f 809/101/728 811/77/726 810/102/727
f 810/102/727 808/100/729 809/101/728
f 807/99/730 809/101/728 808/100/729
f 808/100/729 806/98/731 807/99/730
f 805/97/732 807/99/730 806/98/731
f 806/98/731 804/96/733 805/97/732
f 802/93/734 805/97/732 804/96/733
f 804/96/733 803/95/665 802/93/734
f 803/95/665 801/94/735 802/93/734
f 801/94/735 832/92/736 802/93/734
f 833/91/737 802/93/734 832/92/736
f 832/92/736 881/90/738 833/91/737
f 883/88/739 833/91/737 881/90/738
f 881/90/738 882/89/622 883/88/739
f 882/89/622 884/87/620 883/88/739
f 923/86/740 883/88/739 884/87/620
f 884/87/620 924/85/618 923/86/740
f 921/84/741 923/86/740 924/85/618
f 924/85/618 922/83/616 921/84/741
f 919/82/742 921/84/741 922/83/616
f 922/83/616 920/81/614 919/82/742
f 915/79/743 919/82/742 920/81/614
f 920/81/614 916/80/612 915/79/743
f 917/36/744 915/79/743 916/80/612
f 916/80/612 918/35/745 917/36/744
f 915/79/743 917/36/744 815/38/746
f 816/78/747 915/79/743 815/38/746
f 815/38/746 813/40/724 816/78/747
f 813/40/724 811/77/726 816/78/747
f 836/103/748 816/78/747 811/77/726
f 811/77/726 809/101/728 836/103/748
f 835/104/749 836/103/748 809/101/728
f 809/101/728 807/99/730 835/104/749
f 834/105/750 835/104/749 807/99/730
f 807/99/730 805/97/732 834/105/750
f 833/91/737 834/105/750 805/97/732
f 805/97/732 802/93/734 833/91/737
f 834/105/750 833/91/737 883/88/739
f 883/88/739 923/86/740 834/105/750
f 835/104/749 834/105/750 923/86/740
f 923/86/740 921/84/741 835/104/749
f 836/103/748 835/104/749 921/84/741
f 921/84/741 919/82/742 836/103/748
f 816/78/747 836/103/748 919/82/742
f 919/82/742 915/79/743 816/78/747
f 837/108/751 841/107/752 842/106/753
f 842/106/753 838/109/546 837/108/751
f 839/110/754 837/108/751 838/109/546
f 838/109/546 840/111/548 839/110/754
f 879/112/755 839/110/754 840/111/548
f 840/111/548 880/113/756 879/112/755
f 877/114/757 879/112/755 880/113/756
f 880/113/756 878/115/552 877/114/757
f 875/116/758 877/114/757 878/115/552
f 878/115/552 876/117/759 875/116/758
f 873/118/760 875/116/758 876/117/759
f 876/117/759 874/119/556 873/118/760
f 871/120/761 873/118/760 874/119/556
f 874/119/556 872/121/558 871/120/761
f 869/122/762 871/120/761 872/121/558
f 872/121/558 870/123/763 869/122/762
f 867/124/764 869/122/762 870/123/763
f 870/123/763 868/125/562 867/124/764
f 865/126/765 867/124/764 868/125/562
f 868/125/562 866/127/564 865/126/765
f 863/128/766 865/126/765 866/127/564
f 866/127/564 864/129/767 863/128/766
f 861/130/768 863/128/766 864/129/767
f 864/129/767 862/131/614 861/130/768
f 857/132/769 861/130/768 862/131/614
f 862/131/614 858/133/770 857/132/769
f 859/134/771 857/132/769 858/133/770
f 858/133/770 860/135/772 859/134/771
f 844/136/542 846/106/773 845/107/752
f 845/107/752 843/137/774 844/136/542
f 848/138/775 844/136/542 843/137/774
f 843/137/774 847/139/776 848/138/775
f 850/140/538 848/138/775 847/139/776
f 847/139/776 849/141/777 850/140/538
f 852/142/660 850/140/538 849/141/777
f 849/141/777 851/143/778 852/142/660
f 854/144/779 852/142/660 851/143/778
f 851/143/778 853/145/780 854/144/779
f 856/146/781 854/144/779 853/145/780
f 853/145/780 855/147/771 856/146/781
f 952/1/782 954/2/783 953/3/784
f 951/4/785 952/1/782 953/3/784
f 984/5/786 951/4/785 953/3/784
f 953/3/784 985/6/787 984/5/786
f 1039/7/788 984/5/786 985/6/787
f 985/6/787 1040/8/789 1039/7/788
f 1041/9/790 1039/7/788 1040/8/789
f 1040/8/789 1042/10/791 1041/9/790
f 1039/7/788 1041/9/790 1044/11/792
f 1043/12/793 1039/7/788 1044/11/792
f 1044/11/792 1046/13/794 1043/12/793
f 1045/14/795 1043/12/793 1046/13/794
f 1047/15/796 1045/14/795 1046/13/794
f 1046/13/794 1048/16/797 1047/15/796
f 1048/16/797 1050/17/798 1047/15/796
f 1049/18/799 1047/15/796 1050/17/798
f 1050/17/798 1052/19/800 1049/18/799
f 1051/20/801 1049/18/799 1052/19/800
f 1052/19/800 1054/21/802 1051/20/801
f 1053/22/803 1051/20/801 1054/21/802
f 1054/21/802 1056/23/804 1053/22/803
f 1055/24/805 1053/22/803 1056/23/804
f 1056/23/804 1058/25/806 1055/24/805
f 1057/26/807 1055/24/805 1058/25/806
f 1058/25/806 1060/27/808 1057/26/807
f 1059/28/809 1057/26/807 1060/27/808
f 1060/27/808 1062/29/810 1059/28/809
f 1061/30/811 1059/28/809 1062/29/810
f 1062/29/810 1064/31/812 1061/30/811
f 1063/32/813 1061/30/811 1064/31/812
f 1064/31/812 1066/33/814 1063/32/813
f 1065/34/815 1063/32/813 1066/33/814
f 1066/33/814 1068/35/816 1065/34/815
f 1068/35/816 1067/36/817 1065/34/815
f 972/37/818 1065/34/815 1067/36/817
f 1067/36/817 971/38/819 972/37/818
f 927/39/820 972/37/818 971/38/819
f 971/38/819 925/40/821 927/39/820
f 925/40/821 926/41/822 927/39/820
f 926/41/822 928/42/823 927/39/820
f 929/43/824 927/39/820 928/42/823
f 928/42/823 930/44/825 929/43/824
f 931/45/826 929/43/824 930/44/825
f 930/44/825 932/46/827 931/45/826
f 933/47/828 931/45/826 932/46/827
f 932/46/827 934/48/829 933/47/828
f 935/49/830 933/47/828 934/48/829
f 934/48/829 936/50/831 935/49/830
f 937/51/832 935/49/830 936/50/831
f 936/50/831 938/52/833 937/51/832
f 939/53/834 937/51/832 938/52/833
f 938/52/833 940/54/835 939/53/834
f 941/55/836 939/53/834 940/54/835
f 940/54/835 942/56/837 941/55/836
f 943/57/838 941/55/836 942/56/837
f 942/56/837 944/58/839 943/57/838
f 945/59/840 943/57/838 944/58/839
f 944/58/839 946/60/841 945/59/840
f 947/61/842 945/59/840 946/60/841
f 946/60/841 948/62/843 947/61/842
f 949/63/844 947/61/842 948/62/843
f 948/62/843 950/64/845 949/63/844
f 951/4/785 949/63/844 950/64/845
f 950/64/845 952/1/782 951/4/785
f 983/65/846 949/63/844 951/4/785
f 951/4/785 984/5/786 983/65/846
f 1043/12/793 983/65/846 984/5/786
f 984/5/786 1039/7/788 1043/12/793
f 983/65/846 1043/12/793 1045/14/795
f 982/66/847 983/65/846 1045/14/795
f 1045/14/795 1047/15/796 982/66/847
f 981/67/848 982/66/847 1047/15/796
f 1047/15/796 1049/18/799 981/67/848
f 980/68/849 981/67/848 1049/18/799
f 1049/18/799 1051/20/801 980/68/849
f 979/69/850 980/68/849 1051/20/801
f 1051/20/801 1053/22/803 979/69/850
f 978/70/851 979/69/850 1053/22/803
f 1053/22/803 1055/24/805 978/70/851
f 977/71/852 978/70/851 1055/24/805
f 1055/24/805 1057/26/807 977/71/852
f 976/72/853 977/71/852 1057/26/807
f 1057/26/807 1059/28/809 976/72/853
f 975/73/854 976/72/853 1059/28/809
f 1059/28/809 1061/30/811 975/73/854
f 974/74/855 975/73/854 1061/30/811
f 1061/30/811 1063/32/813 974/74/855
f 973/75/856 974/74/855 1063/32/813
f 1063/32/813 1065/34/815 973/75/856
f 1065/34/815 972/37/818 973/75/856
f 929/43/824 973/75/856 972/37/818
f 972/37/818 927/39/820 929/43/824
f 973/75/856 929/43/824 931/45/826
f 974/74/855 973/75/856 931/45/826
f 931/45/826 933/47/828 974/74/855
f 975/73/854 974/74/855 933/47/828
f 933/47/828 935/49/830 975/73/854
f 976/72/853 975/73/854 935/49/830
f 935/49/830 937/51/832 976/72/853
f 977/71/852 976/72/853 937/51/832
f 937/51/832 939/53/834 977/71/852
f 978/70/851 977/71/852 939/53/834
f 939/53/834 941/55/836 978/70/851
f 979/69/850 978/70/851 941/55/836
f 941/55/836 943/57/838 979/69/850
f 980/68/849 979/69/850 943/57/838
f 943/57/838 945/59/840 980/68/849
f 981/67/848 980/68/849 945/59/840
f 945/59/840 947/61/842 981/67/848
f 982/66/847 981/67/848 947/61/842
f 947/61/842 949/63/844 982/66/847
f 983/65/846 982/66/847 949/63/844
f 966/76/857 968/41/858 967/40/859
f 965/77/860 966/76/857 967/40/859
f 970/78/861 965/77/860 967/40/859
f 967/40/859 969/38/862 970/78/861
f 1069/79/863 970/78/861 969/38/862
f 969/38/862 1070/36/864 1069/79/863
f 1071/80/865 1069/79/863 1070/36/864
f 1070/36/864 1072/35/866 1071/80/865
f 1069/79/863 1071/80/865 1074/81/867
f 1073/82/868 1069/79/863 1074/81/867
f 1074/81/867 1076/83/869 1073/82/868
f 1075/84/870 1073/82/868 1076/83/869
f 1076/83/869 1078/85/871 1075/84/870
f 1077/86/872 1075/84/870 1078/85/871
f 1078/85/871 1038/87/873 1077/86/872
f 1036/88/874 1077/86/872 1038/87/873
f 1038/87/873 1037/89/875 1036/88/874
f 1037/89/875 1035/90/876 1036/88/874
f 987/91/877 1036/88/874 1035/90/876
f 1035/90/876 986/92/878 987/91/877
f 957/93/879 987/91/877 986/92/878
f 986/92/878 955/94/880 957/93/879
f 955/94/880 956/95/783 957/93/879
f 956/95/783 958/96/881 957/93/879
f 959/97/882 957/93/879 958/96/881
f 958/96/881 960/98/883 959/97/882
f 961/99/884 959/97/882 960/98/883
f 960/98/883 962/100/885 961/99/884
f 963/101/886 961/99/884 962/100/885
f 962/100/885 964/102/887 963/101/886
f 965/77/860 963/101/886 964/102/887
f 964/102/887 966/76/857 965/77/860
f 990/103/888 963/101/886 965/77/860
f 965/77/860 970/78/861 990/103/888
f 1073/82/868 990/103/888 970/78/861
f 970/78/861 1069/79/863 1073/82/868
f 990/103/888 1073/82/868 1075/84/870
f 989/104/889 990/103/888 1075/84/870
f 1075/84/870 1077/86/872 989/104/889
f 988/105/890 989/104/889 1077/86/872
f 1077/86/872 1036/88/874 988/105/890
f 1036/88/874 987/91/877 988/105/890
f 959/97/882 988/105/890 987/91/877
f 987/91/877 957/93/879 959/97/882
f 988/105/890 959/97/882 961/99/884
f 989/104/889 988/105/890 961/99/884
f 961/99/884 963/101/886 989/104/889
f 990/103/888 989/104/889 963/101/886
f 996/106/891 995/107/892 991/108/893
f 993/109/894 996/106/891 991/108/893
f 991/108/893 992/110/895 993/109/894
f 994/111/896 993/109/894 992/110/895
f 992/110/895 1033/112/897 994/111/896
f 1034/113/898 994/111/896 1033/112/897
f 1033/112/897 1031/114/899 1034/113/898
f 1032/115/900 1034/113/898 1031/114/899
f 1031/114/899 1029/116/901 1032/115/900
f 1030/117/902 1032/115/900 1029/116/901
f 1029/116/901 1027/118/903 1030/117/902
f 1028/119/904 1030/117/902 1027/118/903
f 1027/118/903 1025/120/905 1028/119/904
f 1026/121/906 1028/119/904 1025/120/905
f 1025/120/905 1023/122/907 1026/121/906
f 1024/123/908 1026/121/906 1023/122/907
f 1023/122/907 1021/124/909 1024/123/908
f 1022/125/910 1024/123/908 1021/124/909
f 1021/124/909 1019/126/911 1022/125/910
f 1020/127/912 1022/125/910 1019/126/911
f 1019/126/911 1017/128/913 1020/127/912
f 1018/129/914 1020/127/912 1017/128/913
f 1017/128/913 1015/130/915 1018/129/914
f 1016/131/916 1018/129/914 1015/130/915
f 1015/130/915 1011/132/917 1016/131/916
f 1013/133/869 1016/131/916 1011/132/917
f 1011/132/917 1012/134/918 1013/133/869
f 1014/135/919 1013/133/869 1012/134/918
f 998/107/892 1000/106/920 999/136/921
f 997/137/922 998/107/892 999/136/921
f 999/136/921 1002/138/923 997/137/922
f 1001/139/924 997/137/922 1002/138/923
f 1002/138/923 1004/140/925 1001/139/924
f 1003/141/926 1001/139/924 1004/140/925
f 1004/140/925 1006/142/927 1003/141/926
f 1005/143/928 1003/141/926 1006/142/927
f 1006/142/927 1008/144/929 1005/143/928
f 1007/145/930 1005/143/928 1008/144/929
f 1008/144/929 1010/146/931 1007/145/930
f 1009/147/932 1007/145/930 1010/146/931
f 1107/3/933 1108/2/934 1106/1/935
f 1105/4/936 1107/3/933 1106/1/935
f 1106/1/935 1104/64/937 1105/4/936
f 1103/63/938 1105/4/936 1104/64/937
f 1104/64/937 1102/62/939 1103/63/938
f 1101/61/940 1103/63/938 1102/62/939
f 1102/62/939 1100/60/941 1101/61/940
f 1099/59/942 1101/61/940 1100/60/941
f 1100/60/941 1098/58/943 1099/59/942
f 1097/57/944 1099/59/942 1098/58/943
f 1098/58/943 1096/56/945 1097/57/944
f 1095/55/946 1097/57/944 1096/56/945
f 1096/56/945 1094/54/947 1095/55/946
f 1093/53/948 1095/55/946 1094/54/947
f 1094/54/947 1092/52/949 1093/53/948
f 1091/51/950 1093/53/948 1092/52/949
f 1092/52/949 1090/50/951 1091/51/950
f 1089/49/952 1091/51/950 1090/50/951
f 1090/50/951 1088/48/953 1089/49/952
f 1087/47/954 1089/49/952 1088/48/953
f 1088/48/953 1086/46/955 1087/47/954
f 1085/45/956 1087/47/954 1086/46/955
f 1086/46/955 1084/44/957 1085/45/956
f 1083/43/958 1085/45/956 1084/44/957
f 1084/44/957 1082/42/959 1083/43/958
f 1080/39/960 1083/43/958 1082/42/959
f 1082/42/959 1081/41/961 1080/39/960
f 1081/41/961 1079/40/962 1080/39/960
f 1079/40/962 1125/38/963 1080/39/960
f 1126/37/964 1080/39/960 1125/38/963
f 1125/38/963 1221/36/965 1126/37/964
f 1219/34/966 1126/37/964 1221/36/965
f 1221/36/965 1222/35/967 1219/34/966
f 1222/35/967 1220/33/910 1219/34/966
f 1217/32/968 1219/34/966 1220/33/910
f 1220/33/910 1218/31/812 1217/32/968
f 1215/30/969 1217/32/968 1218/31/812
f 1218/31/812 1216/29/970 1215/30/969
f 1213/28/971 1215/30/969 1216/29/970
f 1216/29/970 1214/27/808 1213/28/971
f 1211/26/972 1213/28/971 1214/27/808
f 1214/27/808 1212/25/902 1211/26/972
f 1209/24/973 1211/26/972 1212/25/902
f 1212/25/902 1210/23/900 1209/24/973
f 1207/22/974 1209/24/973 1210/23/900
f 1210/23/900 1208/21/802 1207/22/974
f 1205/20/975 1207/22/974 1208/21/802
f 1208/21/802 1206/19/800 1205/20/975
f 1203/18/976 1205/20/975 1206/19/800
f 1206/19/800 1204/17/798 1203/18/976
f 1201/15/977 1203/18/976 1204/17/798
f 1204/17/798 1202/16/920 1201/15/977
f 1199/14/978 1201/15/977 1202/16/920
f 1202/16/920 1200/13/921 1199/14/978
f 1197/12/979 1199/14/978 1200/13/921
f 1200/13/921 1198/11/792 1197/12/979
f 1193/7/980 1197/12/979 1198/11/792
f 1198/11/792 1194/9/925 1193/7/980
f 1195/8/981 1193/7/980 1194/9/925
f 1194/9/925 1196/10/982 1195/8/981
f 1193/7/980 1195/8/981 1139/6/983
f 1138/5/984 1193/7/980 1139/6/983
f 1139/6/983 1107/3/933 1138/5/984
f 1107/3/933 1105/4/936 1138/5/984
f 1137/65/985 1138/5/984 1105/4/936
f 1105/4/936 1103/63/938 1137/65/985
f 1136/66/986 1137/65/985 1103/63/938
f 1103/63/938 1101/61/940 1136/66/986
f 1135/67/987 1136/66/986 1101/61/940
f 1101/61/940 1099/59/942 1135/67/987
f 1134/68/988 1135/67/987 1099/59/942
f 1099/59/942 1097/57/944 1134/68/988
f 1133/69/989 1134/68/988 1097/57/944
f 1097/57/944 1095/55/946 1133/69/989
f 1132/70/990 1133/69/989 1095/55/946
f 1095/55/946 1093/53/948 1132/70/990
f 1131/71/991 1132/70/990 1093/53/948
f 1093/53/948 1091/51/950 1131/71/991
f 1130/72/992 1131/71/991 1091/51/950
f 1091/51/950 1089/49/952 1130/72/992
f 1129/73/993 1130/72/992 1089/49/952
f 1089/49/952 1087/47/954 1129/73/993
f 1128/74/994 1129/73/993 1087/47/954
f 1087/47/954 1085/45/956 1128/74/994
f 1127/75/995 1128/74/994 1085/45/956
f 1085/45/956 1083/43/958 1127/75/995
f 1126/37/964 1127/75/995 1083/43/958
f 1083/43/958 1080/39/960 1126/37/964
f 1127/75/995 1126/37/964 1219/34/966
f 1219/34/966 1217/32/968 1127/75/995
f 1128/74/994 1127/75/995 1217/32/968
f 1217/32/968 1215/30/969 1128/74/994
f 1129/73/993 1128/74/994 1215/30/969
f 1215/30/969 1213/28/971 1129/73/993
f 1130/72/992 1129/73/993 1213/28/971
f 1213/28/971 1211/26/972 1130/72/992
f 1131/71/991 1130/72/992 1211/26/972
f 1211/26/972 1209/24/973 1131/71/991
f 1132/70/990 1131/71/991 1209/24/973
f 1209/24/973 1207/22/974 1132/70/990
f 1133/69/989 1132/70/990 1207/22/974
f 1207/22/974 1205/20/975 1133/69/989
f 1134/68/988 1133/69/989 1205/20/975
f 1205/20/975 1203/18/976 1134/68/988
f 1135/67/987 1134/68/988 1203/18/976
f 1203/18/976 1201/15/977 1135/67/987
f 1136/66/986 1135/67/987 1201/15/977
f 1201/15/977 1199/14/978 1136/66/986
f 1137/65/985 1136/66/986 1199/14/978
f 1199/14/978 1197/12/979 1137/65/985
f 1138/5/984 1137/65/985 1197/12/979
f 1197/12/979 1193/7/980 1138/5/984
f 1121/40/996 1122/41/997 1120/76/998
f 1119/77/999 1121/40/996 1120/76/998
f 1120/76/998 1118/102/1000 1119/77/999
f 1117/101/1001 1119/77/999 1118/102/1000
f 1118/102/1000 1116/100/1002 1117/101/1001
f 1115/99/1003 1117/101/1001 1116/100/1002
f 1116/100/1002 1114/98/1004 1115/99/1003
f 1113/97/1005 1115/99/1003 1114/98/1004
f 1114/98/1004 1112/96/1006 1113/97/1005
f 1110/93/1007 1113/97/1005 1112/96/1006
f 1112/96/1006 1111/95/934 1110/93/1007
f 1111/95/934 1109/94/1008 1110/93/1007
f 1109/94/1008 1140/92/1009 1110/93/1007
f 1141/91/1010 1110/93/1007 1140/92/1009
f 1140/92/1009 1189/90/1011 1141/91/1010
f 1191/88/1012 1141/91/1010 1189/90/1011
f 1189/90/1011 1190/89/927 1191/88/1012
f 1190/89/927 1192/87/1013 1191/88/1012
f 1231/86/1014 1191/88/1012 1192/87/1013
f 1192/87/1013 1232/85/1015 1231/86/1014
f 1229/84/1016 1231/86/1014 1232/85/1015
f 1232/85/1015 1230/83/869 1229/84/1016
f 1227/82/1017 1229/84/1016 1230/83/869
f 1230/83/869 1228/81/916 1227/82/1017
f 1223/79/1018 1227/82/1017 1228/81/916
f 1228/81/916 1224/80/865 1223/79/1018
f 1225/36/1019 1223/79/1018 1224/80/865
f 1224/80/865 1226/35/1020 1225/36/1019
f 1223/79/1018 1225/36/1019 1123/38/1021
f 1124/78/1022 1223/79/1018 1123/38/1021
f 1123/38/1021 1121/40/996 1124/78/1022
f 1121/40/996 1119/77/999 1124/78/1022
f 1144/103/1023 1124/78/1022 1119/77/999
f 1119/77/999 1117/101/1001 1144/103/1023
f 1143/104/1024 1144/103/1023 1117/101/1001
f 1117/101/1001 1115/99/1003 1143/104/1024
f 1142/105/1025 1143/104/1024 1115/99/1003
f 1115/99/1003 1113/97/1005 1142/105/1025
f 1141/91/1010 1142/105/1025 1113/97/1005
f 1113/97/1005 1110/93/1007 1141/91/1010
f 1142/105/1025 1141/91/1010 1191/88/1012
f 1191/88/1012 1231/86/1014 1142/105/1025
f 1143/104/1024 1142/105/1025 1231/86/1014
f 1231/86/1014 1229/84/1016 1143/104/1024
f 1144/103/1023 1143/104/1024 1229/84/1016
f 1229/84/1016 1227/82/1017 1144/103/1023
f 1124/78/1022 1144/103/1023 1227/82/1017
f 1227/82/1017 1223/79/1018 1124/78/1022
f 1145/108/1026 1149/107/1027 1150/106/797
f 1150/106/797 1146/109/1028 1145/108/1026
f 1147/110/1029 1145/108/1026 1146/109/1028
f 1146/109/1028 1148/111/1030 1147/110/1029
f 1187/112/1031 1147/110/1029 1148/111/1030
f 1148/111/1030 1188/113/1032 1187/112/1031
f 1185/114/1033 1187/112/1031 1188/113/1032
f 1188/113/1032 1186/115/804 1185/114/1033
f 1183/116/1034 1185/114/1033 1186/115/804
f 1186/115/804 1184/117/806 1183/116/1034
f 1181/118/1035 1183/116/1034 1184/117/806
f 1184/117/806 1182/119/808 1181/118/1035
f 1179/120/1036 1181/118/1035 1182/119/808
f 1182/119/808 1180/121/810 1179/120/1036
f 1177/122/1037 1179/120/1036 1180/121/810
f 1180/121/810 1178/123/1038 1177/122/1037
f 1175/124/1039 1177/122/1037 1178/123/1038
f 1178/123/1038 1176/125/1040 1175/124/1039
f 1173/126/1041 1175/124/1039 1176/125/1040
f 1176/125/1040 1174/127/1042 1173/126/1041
f 1171/128/1043 1173/126/1041 1174/127/1042
f 1174/127/1042 1172/129/1044 1171/128/1043
f 1169/130/1045 1171/128/1043 1172/129/1044
f 1172/129/1044 1170/131/867 1169/130/1045
f 1165/132/1046 1169/130/1045 1170/131/867
f 1170/131/867 1166/133/1047 1165/132/1046
f 1167/134/1048 1165/132/1046 1166/133/1047
f 1166/133/1047 1168/135/1049 1167/134/1048
f 1152/136/794 1154/106/1050 1153/107/1027
f 1153/107/1027 1151/137/1051 1152/136/794
f 1156/138/1052 1152/136/794 1151/137/1051
f 1151/137/1051 1155/139/1053 1156/138/1052
f 1158/140/1054 1156/138/1052 1155/139/1053
f 1155/139/1053 1157/141/1055 1158/140/1054
f 1160/142/1056 1158/140/1054 1157/141/1055
f 1157/141/1055 1159/143/1057 1160/142/1056
f 1162/144/873 1160/142/1056 1159/143/1057
f 1159/143/1057 1161/145/1058 1162/144/873
f 1164/146/1059 1162/144/873 1161/145/1058
f 1161/145/1058 1163/147/1060 1164/146/1059
