# Blender 4.5.3 LTS
# www.blender.org
o w9a02_wood01
v 6.280288 0.056518 2.303593
v 6.457736 0.052006 2.181342
v 6.296784 0.100697 2.321789
v 6.457736 0.052006 2.181342
v 6.474218 0.096196 2.199522
v 6.296784 0.100697 2.321789
v 6.296784 0.100697 2.321789
v 6.474218 0.096196 2.199522
v 6.820878 0.090962 2.943204
v 6.474218 0.096196 2.199522
v 6.984778 0.086712 2.804905
v 6.820878 0.090962 2.943204
v 6.984778 0.086712 2.804905
v 6.995670 0.042020 2.819195
v 6.820878 0.090962 2.943204
v 6.995670 0.042020 2.819195
v 6.831767 0.046264 2.957490
v 6.820878 0.090962 2.943204
v 6.820878 0.090962 2.943204
v 6.831767 0.046264 2.957490
v 6.296784 0.100697 2.321789
v 6.831767 0.046264 2.957490
v 6.280288 0.056518 2.303593
v 6.296784 0.100697 2.321789
v 6.984778 0.086712 2.804905
v 6.474218 0.096196 2.199522
v 6.995670 0.042020 2.819195
v 6.474218 0.096196 2.199522
v 6.457736 0.052006 2.181342
v 6.995670 0.042020 2.819195
v 3.974122 0.051361 4.195758
v 4.133978 0.047215 4.052642
v 3.967455 0.091257 4.186625
v 4.133978 0.047215 4.052642
v 4.127306 0.086997 4.043520
v 3.967455 0.091257 4.186625
v 4.142577 0.046920 4.395533
v 3.974122 0.051361 4.195758
v 4.139899 0.091460 4.390979
v 3.974122 0.051361 4.195758
v 3.967455 0.091257 4.186625
v 4.139899 0.091460 4.390979
v 4.157673 0.090306 4.323775
v 4.139899 0.091460 4.390979
v 3.967455 0.091257 4.186625
v 4.127306 0.086997 4.043520
v 4.157673 0.090306 4.323775
v 3.967455 0.091257 4.186625
v 4.127306 0.086997 4.043520
v 4.242485 0.089223 4.336286
v 4.157673 0.090306 4.323775
v 6.472443 -0.002170 1.814501
v 6.629471 -0.002175 1.990829
v 6.481294 0.042310 1.807044
v 6.629471 -0.002175 1.990829
v 6.638306 0.042315 1.983371
v 6.481294 0.042310 1.807044
v 6.022033 -0.002284 2.194556
v 6.472443 -0.002170 1.814501
v 6.026281 0.042200 2.190974
v 6.472443 -0.002170 1.814501
v 6.481294 0.042310 1.807044
v 6.026281 0.042200 2.190974
v 6.097179 0.042211 2.213124
v 6.026281 0.042200 2.190974
v 6.481294 0.042310 1.807044
v 6.638306 0.042315 1.983371
v 6.097179 0.042211 2.213124
v 6.481294 0.042310 1.807044
v 6.638306 0.042315 1.983371
v 6.088350 0.042200 2.302279
v 6.097179 0.042211 2.213124
v 3.873289 0.039996 4.626247
v 3.781532 0.039996 4.517488
v 3.795609 0.040002 4.482433
v 3.781532 0.039996 4.517488
v 3.873289 0.039996 4.626247
v 3.774618 -0.004494 4.528187
v 3.873289 0.039996 4.626247
v 3.863982 -0.004488 4.634114
v 3.774618 -0.004494 4.528187
v 3.795609 0.040002 4.482433
v 3.781532 0.039996 4.517488
v 3.791950 -0.004483 4.488982
v 3.781532 0.039996 4.517488
v 3.774618 -0.004494 4.528187
v 3.791950 -0.004483 4.488982
v 3.795609 0.040002 4.482433
v 3.757926 0.040002 4.489502
v 3.781347 0.040013 4.439837
v 3.744470 -0.004494 4.492476
v 3.766522 -0.004477 4.440721
v 3.757926 0.040002 4.489502
v 3.766522 -0.004477 4.440721
v 3.781347 0.040013 4.439837
v 3.757926 0.040002 4.489502
v 4.504140 0.043332 3.793352
v 3.716767 0.039996 4.440733
v 4.495408 -0.001147 3.800710
v 3.716767 0.039996 4.440733
v 3.707454 -0.004494 4.448591
v 4.495408 -0.001147 3.800710
v 3.781347 0.040013 4.439837
v 3.766522 -0.004477 4.440721
v 3.716767 0.039996 4.440733
v 3.766522 -0.004477 4.440721
v 3.707454 -0.004494 4.448591
v 3.716767 0.039996 4.440733
v 3.795609 0.040002 4.482433
v 3.791950 -0.004483 4.488982
v 3.757926 0.040002 4.489502
v 3.791950 -0.004483 4.488982
v 3.744470 -0.004494 4.492476
v 3.757926 0.040002 4.489502
v 4.657760 0.043322 3.981260
v 4.649010 -0.001163 3.988632
v 3.873289 0.039996 4.626247
v 4.649010 -0.001163 3.988632
v 3.863982 -0.004488 4.634114
v 3.873289 0.039996 4.626247
v 3.781347 0.040013 4.439837
v 3.716767 0.039996 4.440733
v 4.504140 0.043332 3.793352
v 4.657760 0.043322 3.981260
v 3.873289 0.039996 4.626247
v 3.795609 0.040002 4.482433
v 3.795609 0.040002 4.482433
v 3.781347 0.040013 4.439837
v 4.504140 0.043332 3.793352
v 3.795609 0.040002 4.482433
v 4.504140 0.043332 3.793352
v 4.657760 0.043322 3.981260
v 4.103928 0.047358 4.852906
v 4.405769 0.047429 4.598228
v 4.262055 0.047358 5.040315
v 4.405769 0.047429 4.598228
v 4.574417 0.047434 4.776748
v 4.262055 0.047358 5.040315
v 4.262055 0.047358 5.040315
v 4.269308 0.002879 5.034170
v 4.103928 0.047358 4.852906
v 4.269308 0.002879 5.034170
v 4.111183 0.002873 4.846781
v 4.103928 0.047358 4.852906
v 4.103928 0.047358 4.852906
v 4.111183 0.002873 4.846781
v 4.405769 0.047429 4.598228
v 4.111183 0.002873 4.846781
v 4.414730 0.002944 4.590683
v 4.405769 0.047429 4.598228
v 4.097869 -0.002875 4.805472
v 3.933904 -0.002875 4.620922
v 4.089017 0.041610 4.812943
v 3.933904 -0.002875 4.620922
v 3.925060 0.041610 4.628386
v 4.089017 0.041610 4.812943
v 4.548278 -0.002766 4.425432
v 4.097869 -0.002875 4.805472
v 4.544038 0.041719 4.429007
v 4.097869 -0.002875 4.805472
v 4.089017 0.041610 4.812943
v 4.544038 0.041719 4.429007
v 4.471281 0.041714 4.404690
v 4.544038 0.041719 4.429007
v 4.089017 0.041610 4.812943
v 3.925060 0.041610 4.628386
v 4.471281 0.041714 4.404690
v 4.089017 0.041610 4.812943
v 3.925060 0.041610 4.628386
v 4.478289 0.041725 4.313344
v 4.471281 0.041714 4.404690
v 5.462335 0.043196 2.545367
v 5.476659 0.087598 2.560208
v 5.316298 0.047347 2.703932
v 5.476659 0.087598 2.560208
v 5.330619 0.091738 2.718769
v 5.316298 0.047347 2.703932
v 6.234192 0.083278 3.415408
v 6.241996 0.038749 3.425539
v 6.081361 0.087445 3.566044
v 6.241996 0.038749 3.425539
v 6.089160 0.042928 3.576172
v 6.081361 0.087445 3.566044
v 6.081361 0.087445 3.566044
v 6.089160 0.042928 3.576172
v 5.330619 0.091738 2.718769
v 6.089160 0.042928 3.576172
v 5.316298 0.047347 2.703932
v 5.330619 0.091738 2.718769
v 5.804820 0.086204 2.978253
v 5.476659 0.087598 2.560208
v 5.842404 0.085498 2.972974
v 5.936700 0.084962 3.079413
v 5.932537 0.040500 3.076033
v 6.234192 0.083278 3.415408
v 5.932537 0.040500 3.076033
v 6.241996 0.038749 3.425539
v 6.234192 0.083278 3.415408
v 5.936700 0.084962 3.079413
v 5.903409 0.085564 3.082164
v 5.932537 0.040500 3.076033
v 5.903409 0.085564 3.082164
v 5.889076 0.041298 3.080531
v 5.932537 0.040500 3.076033
v 5.803392 0.041785 2.983003
v 5.804820 0.086204 2.978253
v 5.843137 0.041014 2.975134
v 5.842404 0.085498 2.972974
v 5.843137 0.041014 2.975134
v 5.804820 0.086204 2.978253
v 6.089160 0.042928 3.576172
v 6.241996 0.038749 3.425539
v 5.932537 0.040500 3.076033
v 5.462335 0.043196 2.545367
v 5.843137 0.041014 2.975134
v 5.476659 0.087598 2.560208
v 5.842404 0.085498 2.972974
v 5.476659 0.087598 2.560208
v 5.843137 0.041014 2.975134
v 5.903409 0.085564 3.082164
v 5.853187 0.086335 3.073204
v 5.889076 0.041298 3.080531
v 5.853187 0.086335 3.073204
v 5.844992 0.041883 3.062821
v 5.889076 0.041298 3.080531
v 5.803392 0.041785 2.983003
v 5.804371 0.042113 3.016819
v 5.804820 0.086204 2.978253
v 5.804371 0.042113 3.016819
v 5.812357 0.086696 3.039085
v 5.804820 0.086204 2.978253
v 5.804371 0.042113 3.016819
v 5.844992 0.041883 3.062821
v 5.812357 0.086696 3.039085
v 5.844992 0.041883 3.062821
v 5.853187 0.086335 3.073204
v 5.812357 0.086696 3.039085
v 5.804820 0.086204 2.978253
v 5.812357 0.086696 3.039085
v 5.330619 0.091738 2.718769
v 5.804820 0.086204 2.978253
v 5.330619 0.091738 2.718769
v 5.476659 0.087598 2.560208
v 5.903409 0.085564 3.082164
v 6.234192 0.083278 3.415408
v 6.081361 0.087445 3.566044
v 5.853187 0.086335 3.073204
v 5.903409 0.085564 3.082164
v 6.081361 0.087445 3.566044
v 5.812357 0.086696 3.039085
v 6.081361 0.087445 3.566044
v 5.330619 0.091738 2.718769
v 5.812357 0.086696 3.039085
v 5.853187 0.086335 3.073204
v 6.081361 0.087445 3.566044
v 5.903409 0.085564 3.082164
v 5.936700 0.084962 3.079413
v 6.234192 0.083278 3.415408
v 5.803392 0.041785 2.983003
v 5.843137 0.041014 2.975134
v 5.462335 0.043196 2.545367
v 5.803392 0.041785 2.983003
v 5.462335 0.043196 2.545367
v 5.316298 0.047347 2.703932
v 5.804371 0.042113 3.016819
v 5.803392 0.041785 2.983003
v 5.316298 0.047347 2.703932
v 5.889076 0.041298 3.080531
v 5.844992 0.041883 3.062821
v 6.089160 0.042928 3.576172
v 6.089160 0.042928 3.576172
v 5.844992 0.041883 3.062821
v 5.316298 0.047347 2.703932
v 5.844992 0.041883 3.062821
v 5.804371 0.042113 3.016819
v 5.316298 0.047347 2.703932
v 5.889076 0.041298 3.080531
v 6.089160 0.042928 3.576172
v 5.932537 0.040500 3.076033
v 4.503171 0.093975 3.353988
v 4.669477 0.089693 3.218504
v 5.004797 0.088036 4.001213
v 4.669477 0.089693 3.218504
v 5.180171 0.083650 3.877392
v 5.004797 0.088036 4.001213
v 5.187679 0.039072 3.888560
v 5.180171 0.083650 3.877392
v 4.660906 0.045307 3.208920
v 5.180171 0.083650 3.877392
v 4.669477 0.089693 3.218504
v 4.660906 0.045307 3.208920
v 3.085262 0.001728 3.106950
v 3.105499 0.046131 3.102966
v 3.139259 0.005879 3.315645
v 3.105499 0.046131 3.102966
v 3.159491 0.050271 3.311662
v 3.139259 0.005879 3.315645
v 4.234861 0.041810 2.930441
v 4.247606 -0.002718 2.929380
v 4.278512 0.045977 3.140544
v 4.247606 -0.002718 2.929380
v 4.291251 0.001460 3.139486
v 4.278512 0.045977 3.140544
v 4.278512 0.045977 3.140544
v 4.291251 0.001460 3.139486
v 3.159491 0.050271 3.311662
v 4.291251 0.001460 3.139486
v 3.139259 0.005879 3.315645
v 3.159491 0.050271 3.311662
v 3.634703 0.044736 3.054036
v 3.105499 0.046131 3.102966
v 3.650655 0.044031 3.019596
v 3.791223 0.043495 2.998113
v 3.786126 -0.000968 2.999777
v 4.234861 0.041810 2.930441
v 3.786126 -0.000968 2.999777
v 4.247606 -0.002718 2.929380
v 4.234861 0.041810 2.930441
v 3.791223 0.043495 2.998113
v 3.775476 0.044096 3.027572
v 3.786126 -0.000968 2.999777
v 3.775476 0.044096 3.027572
v 3.766329 -0.000170 3.038729
v 3.786126 -0.000968 2.999777
v 3.637920 0.000317 3.057810
v 3.634703 0.044736 3.054036
v 3.652867 -0.000454 3.020153
v 3.650655 0.044031 3.019596
v 3.652867 -0.000454 3.020153
v 3.634703 0.044736 3.054036
v 4.291251 0.001460 3.139486
v 4.247606 -0.002718 2.929380
v 3.786126 -0.000968 2.999777
v 3.085262 0.001728 3.106950
v 3.652867 -0.000454 3.020153
v 3.105499 0.046131 3.102966
v 3.650655 0.044031 3.019596
v 3.105499 0.046131 3.102966
v 3.652867 -0.000454 3.020153
v 3.775476 0.044096 3.027572
v 3.740707 0.044867 3.064905
v 3.766329 -0.000170 3.038729
v 3.740707 0.044867 3.064905
v 3.727540 0.000415 3.066159
v 3.766329 -0.000170 3.038729
v 3.637920 0.000317 3.057810
v 3.666859 0.000645 3.075330
v 3.634703 0.044736 3.054036
v 3.666859 0.000645 3.075330
v 3.689896 0.045228 3.080698
v 3.634703 0.044736 3.054036
v 3.666859 0.000645 3.075330
v 3.727540 0.000415 3.066159
v 3.689896 0.045228 3.080698
v 3.727540 0.000415 3.066159
v 3.740707 0.044867 3.064905
v 3.689896 0.045228 3.080698
v 3.634703 0.044736 3.054036
v 3.689896 0.045228 3.080698
v 3.159491 0.050271 3.311662
v 3.634703 0.044736 3.054036
v 3.159491 0.050271 3.311662
v 3.105499 0.046131 3.102966
v 3.775476 0.044096 3.027572
v 4.234861 0.041810 2.930441
v 4.278512 0.045977 3.140544
v 3.740707 0.044867 3.064905
v 3.775476 0.044096 3.027572
v 4.278512 0.045977 3.140544
v 3.689896 0.045228 3.080698
v 4.278512 0.045977 3.140544
v 3.159491 0.050271 3.311662
v 3.689896 0.045228 3.080698
v 3.740707 0.044867 3.064905
v 4.278512 0.045977 3.140544
v 3.775476 0.044096 3.027572
v 3.791223 0.043495 2.998113
v 4.234861 0.041810 2.930441
v 3.637920 0.000317 3.057810
v 3.652867 -0.000454 3.020153
v 3.085262 0.001728 3.106950
v 3.637920 0.000317 3.057810
v 3.085262 0.001728 3.106950
v 3.139259 0.005879 3.315645
v 3.666859 0.000645 3.075330
v 3.637920 0.000317 3.057810
v 3.139259 0.005879 3.315645
v 3.766329 -0.000170 3.038729
v 3.727540 0.000415 3.066159
v 4.291251 0.001460 3.139486
v 4.291251 0.001460 3.139486
v 3.727540 0.000415 3.066159
v 3.139259 0.005879 3.315645
v 3.727540 0.000415 3.066159
v 3.666859 0.000645 3.075330
v 3.139259 0.005879 3.315645
v 3.766329 -0.000170 3.038729
v 4.291251 0.001460 3.139486
v 3.786126 -0.000968 2.999777
v 8.560299 0.056518 7.278896
v 8.637015 0.052007 7.077531
v 8.584208 0.100697 7.284515
v 8.637015 0.052007 7.077531
v 8.660903 0.096196 7.083145
v 8.584208 0.100697 7.284515
v 8.584208 0.100697 7.284515
v 8.660903 0.096196 7.083145
v 9.368400 0.090962 7.498699
v 8.660903 0.096196 7.083145
v 9.424853 0.086713 7.291811
v 9.368400 0.090962 7.498699
v 9.424853 0.086713 7.291811
v 9.441932 0.042020 7.297394
v 9.368400 0.090962 7.498699
v 9.441932 0.042020 7.297394
v 9.385473 0.046264 7.504281
v 9.368400 0.090962 7.498699
v 9.368400 0.090962 7.498699
v 9.385473 0.046264 7.504281
v 8.584208 0.100697 7.284515
v 9.385473 0.046264 7.504281
v 8.560299 0.056518 7.278896
v 8.584208 0.100697 7.284515
v 9.424853 0.086713 7.291811
v 8.660903 0.096196 7.083145
v 9.441932 0.042020 7.297394
v 8.660903 0.096196 7.083145
v 8.637015 0.052007 7.077531
v 9.441932 0.042020 7.297394
v 7.735448 0.051361 10.145656
v 7.785839 0.047216 9.937096
v 7.724776 0.091258 10.141921
v 7.785839 0.047216 9.937096
v 7.775167 0.086997 9.933372
v 7.724776 0.091258 10.141921
v 7.987526 0.046921 10.214531
v 7.735448 0.051361 10.145656
v 7.982736 0.091460 10.212302
v 7.735448 0.051361 10.145656
v 7.724776 0.091258 10.141921
v 7.982736 0.091460 10.212302
v 7.959229 0.090306 10.146882
v 7.982736 0.091460 10.212302
v 7.724776 0.091258 10.141921
v 7.775167 0.086997 9.933372
v 7.959229 0.090306 10.146882
v 7.724776 0.091258 10.141921
v 7.775167 0.086997 9.933372
v 8.036158 0.089223 10.109048
v 7.959229 0.090306 10.146882
v 8.440922 -0.002169 6.767150
v 8.670284 -0.002175 6.823205
v 8.443978 0.042310 6.755988
v 8.670284 -0.002175 6.823205
v 8.673326 0.042315 6.812051
v 8.443978 0.042310 6.755988
v 8.285784 -0.002284 7.335695
v 8.440922 -0.002169 6.767150
v 8.287249 0.042201 7.330335
v 8.440922 -0.002169 6.767150
v 8.443978 0.042310 6.755988
v 8.287249 0.042201 7.330335
v 8.358193 0.042212 7.308333
v 8.287249 0.042201 7.330335
v 8.443978 0.042310 6.755988
v 8.673326 0.042315 6.812051
v 8.358193 0.042212 7.308333
v 8.443978 0.042310 6.755988
v 8.673326 0.042315 6.812051
v 8.401524 0.042201 7.386749
v 8.358193 0.042212 7.308333
v 7.896753 0.039997 10.557322
v 7.759480 0.039997 10.519854
v 7.751175 0.040002 10.483002
v 7.759480 0.039997 10.519854
v 7.896753 0.039997 10.557322
v 7.759861 -0.004493 10.532586
v 7.896753 0.039997 10.557322
v 7.893556 -0.004488 10.569080
v 7.759861 -0.004493 10.532586
v 7.751175 0.040002 10.483002
v 7.759480 0.039997 10.519854
v 7.751878 -0.004482 10.490470
v 7.759480 0.039997 10.519854
v 7.759861 -0.004493 10.532586
v 7.751878 -0.004482 10.490470
v 7.751175 0.040002 10.483002
v 7.724161 0.040002 10.510209
v 7.715257 0.040013 10.456025
v 7.714771 -0.004493 10.520294
v 7.703553 -0.004477 10.465167
v 7.724161 0.040002 10.510209
v 7.703553 -0.004477 10.465167
v 7.715257 0.040013 10.456025
v 7.724161 0.040002 10.510209
v 7.943447 0.043333 9.513527
v 7.662594 0.039997 10.493416
v 7.940432 -0.001146 9.524542
v 7.662594 0.039997 10.493416
v 7.659387 -0.004493 10.505172
v 7.940432 -0.001146 9.524542
v 7.715257 0.040013 10.456025
v 7.703553 -0.004477 10.465167
v 7.662594 0.039997 10.493416
v 7.703553 -0.004477 10.465167
v 7.659387 -0.004493 10.505172
v 7.662594 0.039997 10.493416
v 7.751175 0.040002 10.483002
v 7.751878 -0.004482 10.490470
v 7.724161 0.040002 10.510209
v 7.751878 -0.004482 10.490470
v 7.714771 -0.004493 10.520294
v 7.724161 0.040002 10.510209
v 8.176574 0.043322 9.581051
v 8.173554 -0.001163 9.592087
v 7.896753 0.039997 10.557322
v 8.173554 -0.001163 9.592087
v 7.893556 -0.004488 10.569080
v 7.896753 0.039997 10.557322
v 7.715257 0.040013 10.456025
v 7.662594 0.039997 10.493416
v 7.943447 0.043333 9.513527
v 8.176574 0.043322 9.581051
v 7.896753 0.039997 10.557322
v 7.751175 0.040002 10.483002
v 7.751175 0.040002 10.483002
v 7.715257 0.040013 10.456025
v 7.943447 0.043333 9.513527
v 7.751175 0.040002 10.483002
v 7.943447 0.043333 9.513527
v 8.176574 0.043322 9.581051
v 8.215288 0.047358 10.613039
v 8.319263 0.047429 10.232043
v 8.451844 0.047358 10.677594
v 8.319263 0.047429 10.232043
v 8.559436 0.047435 10.283309
v 8.451844 0.047358 10.677594
v 8.451844 0.047358 10.677594
v 8.454329 0.002879 10.668418
v 8.215288 0.047358 10.613039
v 8.454329 0.002879 10.668418
v 8.217785 0.002873 10.603879
v 8.215288 0.047358 10.613039
v 8.215288 0.047358 10.613039
v 8.217785 0.002873 10.603879
v 8.319263 0.047429 10.232043
v 8.217785 0.002873 10.603879
v 8.322357 0.002945 10.220744
v 8.319263 0.047429 10.232043
v 8.183379 -0.002874 10.577423
v 7.943638 -0.002874 10.518535
v 8.180330 0.041610 10.588599
v 7.943638 -0.002874 10.518535
v 7.940593 0.041610 10.529700
v 8.180330 0.041610 10.588599
v 8.338524 -0.002765 10.008892
v 8.183379 -0.002874 10.577423
v 8.337062 0.041720 10.014242
v 8.183379 -0.002874 10.577423
v 8.180330 0.041610 10.588599
v 8.337062 0.041720 10.014242
v 8.263358 0.041714 10.035514
v 8.337062 0.041720 10.014242
v 8.180330 0.041610 10.588599
v 7.940593 0.041610 10.529700
v 8.263358 0.041714 10.035514
v 8.180330 0.041610 10.588599
v 7.940593 0.041610 10.529700
v 8.217284 0.041725 9.956328
v 8.263358 0.041714 10.035514
v 8.024067 0.043196 7.942189
v 8.044284 0.087599 7.946278
v 7.993824 0.047347 8.155624
v 8.044284 0.087599 7.946278
v 8.014035 0.091739 8.159713
v 7.993824 0.047347 8.155624
v 9.153360 0.083278 8.220457
v 9.165535 0.038750 8.224370
v 9.113022 0.087446 8.431221
v 9.165535 0.038750 8.224370
v 9.125192 0.042928 8.435133
v 9.113022 0.087446 8.431221
v 9.113022 0.087446 8.431221
v 9.125192 0.042928 8.435133
v 8.014035 0.091739 8.159713
v 9.125192 0.042928 8.435133
v 7.993824 0.047347 8.155624
v 8.014035 0.091739 8.159713
v 8.551733 0.086204 8.104222
v 8.044284 0.087599 7.946278
v 8.579681 0.085499 8.078545
v 8.717729 0.084963 8.112662
v 8.712383 0.040500 8.112243
v 9.153360 0.083278 8.220457
v 8.712383 0.040500 8.112243
v 9.165535 0.038750 8.224370
v 9.153360 0.083278 8.220457
v 8.717729 0.084963 8.112662
v 8.691881 0.085564 8.133821
v 8.712383 0.040500 8.112243
v 8.691881 0.085564 8.133821
v 8.679152 0.041298 8.140613
v 8.712383 0.040500 8.112243
v 8.553254 0.041785 8.108944
v 8.551733 0.086204 8.104222
v 8.581511 0.041014 8.079907
v 8.579681 0.085499 8.078545
v 8.581511 0.041014 8.079907
v 8.551733 0.086204 8.104222
v 9.125192 0.042928 8.435133
v 9.165535 0.038750 8.224370
v 8.712383 0.040500 8.112243
v 8.024067 0.043196 7.942189
v 8.581511 0.041014 8.079907
v 8.044284 0.087599 7.946278
v 8.579681 0.085499 8.078545
v 8.044284 0.087599 7.946278
v 8.581511 0.041014 8.079907
v 8.691881 0.085564 8.133821
v 8.645446 0.086335 8.154948
v 8.679152 0.041298 8.140613
v 8.645446 0.086335 8.154948
v 8.632805 0.041884 8.151050
v 8.679152 0.041298 8.140613
v 8.553254 0.041785 8.108944
v 8.573253 0.042113 8.136230
v 8.551733 0.086204 8.104222
v 8.573253 0.042113 8.136230
v 8.592464 0.086696 8.150029
v 8.551733 0.086204 8.104222
v 8.573253 0.042113 8.136230
v 8.632805 0.041884 8.151050
v 8.592464 0.086696 8.150029
v 8.632805 0.041884 8.151050
v 8.645446 0.086335 8.154948
v 8.592464 0.086696 8.150029
v 8.551733 0.086204 8.104222
v 8.592464 0.086696 8.150029
v 8.014035 0.091739 8.159713
v 8.551733 0.086204 8.104222
v 8.014035 0.091739 8.159713
v 8.044284 0.087599 7.946278
v 8.691881 0.085564 8.133821
v 9.153360 0.083278 8.220457
v 9.113022 0.087446 8.431221
v 8.645446 0.086335 8.154948
v 8.691881 0.085564 8.133821
v 9.113022 0.087446 8.431221
v 8.592464 0.086696 8.150029
v 9.113022 0.087446 8.431221
v 8.014035 0.091739 8.159713
v 8.592464 0.086696 8.150029
v 8.645446 0.086335 8.154948
v 9.113022 0.087446 8.431221
v 8.691881 0.085564 8.133821
v 8.717729 0.084963 8.112662
v 9.153360 0.083278 8.220457
v 8.553254 0.041785 8.108944
v 8.581511 0.041014 8.079907
v 8.024067 0.043196 7.942189
v 8.553254 0.041785 8.108944
v 8.024067 0.043196 7.942189
v 7.993824 0.047347 8.155624
v 8.573253 0.042113 8.136230
v 8.553254 0.041785 8.108944
v 7.993824 0.047347 8.155624
v 8.679152 0.041298 8.140613
v 8.632805 0.041884 8.151050
v 9.125192 0.042928 8.435133
v 9.125192 0.042928 8.435133
v 8.632805 0.041884 8.151050
v 7.993824 0.047347 8.155624
v 8.632805 0.041884 8.151050
v 8.573253 0.042113 8.136230
v 7.993824 0.047347 8.155624
v 8.679152 0.041298 8.140613
v 9.125192 0.042928 8.435133
v 8.712383 0.040500 8.112243
v 6.797718 0.468771 4.455299
v 6.760339 0.257124 4.439113
v 6.752612 0.476013 4.433668
v 6.760339 0.257124 4.439113
v 6.715224 0.264368 4.417504
v 6.752612 0.476013 4.433668
v 6.752612 0.476013 4.433668
v 6.715224 0.264368 4.417504
v 6.707330 0.465404 3.622026
v 6.715224 0.264368 4.417504
v 6.671113 0.254044 3.626809
v 6.707330 0.465404 3.622026
v 6.671113 0.254044 3.626809
v 6.713859 0.246254 3.606016
v 6.707330 0.465404 3.622026
v 6.713859 0.246254 3.606016
v 6.750082 0.457613 3.601238
v 6.707330 0.465404 3.622026
v 6.707330 0.465404 3.622026
v 6.750082 0.457613 3.601238
v 6.752612 0.476013 4.433668
v 6.750082 0.457613 3.601238
v 6.797718 0.468771 4.455299
v 6.752612 0.476013 4.433668
v 6.671113 0.254044 3.626809
v 6.715224 0.264368 4.417504
v 6.713859 0.246254 3.606016
v 6.715224 0.264368 4.417504
v 6.760339 0.257124 4.439113
v 6.713859 0.246254 3.606016
v 7.367200 3.396829 4.425641
v 7.331301 3.185542 4.436707
v 7.328721 3.403732 4.439474
v 7.331301 3.185542 4.436707
v 7.292938 3.192434 4.450527
v 7.328721 3.403732 4.439474
v 7.353933 3.393195 4.164648
v 7.367200 3.396829 4.425641
v 7.310478 3.400817 4.172723
v 7.367200 3.396829 4.425641
v 7.328721 3.403732 4.439474
v 7.310478 3.400817 4.172723
v 7.303582 3.345148 4.213798
v 7.310478 3.400817 4.172723
v 7.328721 3.403732 4.439474
v 7.292938 3.192434 4.450527
v 7.303582 3.345148 4.213798
v 7.328721 3.403732 4.439474
v 7.292938 3.192434 4.450527
v 7.289621 3.288516 4.150960
v 7.303582 3.345148 4.213798
v 6.785037 0.006534 4.711728
v 6.767929 -0.002252 4.476400
v 6.739276 0.003598 4.714846
v 6.767929 -0.002252 4.476400
v 6.722160 -0.005176 4.479530
v 6.739276 0.003598 4.714846
v 6.896119 0.585135 4.697826
v 6.785037 0.006534 4.711728
v 6.851487 0.588106 4.700809
v 6.785037 0.006534 4.711728
v 6.739276 0.003598 4.714846
v 6.851487 0.588106 4.700809
v 6.839736 0.548242 4.639247
v 6.851487 0.588106 4.700809
v 6.739276 0.003598 4.714846
v 6.722160 -0.005176 4.479530
v 6.839736 0.548242 4.639247
v 6.739276 0.003598 4.714846
v 6.722160 -0.005176 4.479530
v 6.847629 0.610628 4.575433
v 6.839736 0.548242 4.639247
v 7.293344 2.745205 4.403503
v 7.489570 3.746205 4.392195
v 7.477933 3.696547 4.361378
v 7.477933 3.696547 4.361378
v 7.485697 3.745583 4.334918
v 7.476543 3.707437 4.307944
v 7.476543 3.707437 4.307944
v 7.482542 3.745056 4.288292
v 7.473186 3.743543 4.150029
v 7.476543 3.707437 4.307944
v 7.473186 3.743543 4.150029
v 7.277699 2.746255 4.161300
v 7.277699 2.746255 4.161300
v 7.293344 2.745205 4.403503
v 7.476543 3.707437 4.307944
v 7.293344 2.745205 4.403503
v 7.477933 3.696547 4.361378
v 7.476543 3.707437 4.307944
v 7.427307 3.740006 4.153183
v 7.436907 3.741563 4.295145
v 7.431815 3.709001 4.313603
v 7.436907 3.741563 4.295145
v 7.427307 3.740006 4.153183
v 7.482542 3.745056 4.288292
v 7.427307 3.740006 4.153183
v 7.473186 3.743543 4.150029
v 7.482542 3.745056 4.288292
v 7.431815 3.709001 4.313603
v 7.436907 3.741563 4.295145
v 7.476543 3.707437 4.307944
v 7.436907 3.741563 4.295145
v 7.482542 3.745056 4.288292
v 7.476543 3.707437 4.307944
v 7.431815 3.709001 4.313603
v 7.439372 3.741962 4.331672
v 7.431501 3.693194 4.355650
v 7.485697 3.745583 4.334918
v 7.477933 3.696547 4.361378
v 7.439372 3.741962 4.331672
v 7.477933 3.696547 4.361378
v 7.431501 3.693194 4.355650
v 7.439372 3.741962 4.331672
v 7.247613 2.742419 4.406620
v 7.443685 3.742670 4.395338
v 7.293344 2.745205 4.403503
v 7.443685 3.742670 4.395338
v 7.489570 3.746205 4.392195
v 7.293344 2.745205 4.403503
v 7.431501 3.693194 4.355650
v 7.477933 3.696547 4.361378
v 7.443685 3.742670 4.395338
v 7.477933 3.696547 4.361378
v 7.489570 3.746205 4.392195
v 7.443685 3.742670 4.395338
v 7.431815 3.709001 4.313603
v 7.476543 3.707437 4.307944
v 7.439372 3.741962 4.331672
v 7.476543 3.707437 4.307944
v 7.485697 3.745583 4.334918
v 7.439372 3.741962 4.331672
v 7.231958 2.743448 4.164417
v 7.277699 2.746255 4.161300
v 7.427307 3.740006 4.153183
v 7.277699 2.746255 4.161300
v 7.473186 3.743543 4.150029
v 7.427307 3.740006 4.153183
v 7.431501 3.693194 4.355650
v 7.443685 3.742670 4.395338
v 7.247613 2.742419 4.406620
v 7.231958 2.743448 4.164417
v 7.427307 3.740006 4.153183
v 7.431815 3.709001 4.313603
v 7.431815 3.709001 4.313603
v 7.431501 3.693194 4.355650
v 7.247613 2.742419 4.406620
v 7.431815 3.709001 4.313603
v 7.247613 2.742419 4.406620
v 7.231958 2.743448 4.164417
v 7.392700 3.708300 3.833151
v 7.318265 3.320561 3.842455
v 7.376154 3.705605 3.588519
v 7.318265 3.320561 3.842455
v 7.299121 3.304345 3.598157
v 7.376154 3.705605 3.588519
v 7.376154 3.705605 3.588519
v 7.417947 3.687845 3.585907
v 7.392700 3.708300 3.833151
v 7.417947 3.687845 3.585907
v 7.434499 3.690551 3.830523
v 7.392700 3.708300 3.833151
v 7.392700 3.708300 3.833151
v 7.434499 3.690551 3.830523
v 7.318265 3.320561 3.842455
v 7.434499 3.690551 3.830523
v 7.359643 3.300631 3.839866
v 7.318265 3.320561 3.842455
v 7.439739 3.673738 3.870605
v 7.457579 3.682642 4.116666
v 7.398335 3.693540 3.873186
v 7.457579 3.682642 4.116666
v 7.416172 3.702433 4.119246
v 7.398335 3.693540 3.873186
v 7.328663 3.095148 3.884496
v 7.439739 3.673738 3.870605
v 7.286122 3.109020 3.887223
v 7.439739 3.673738 3.870605
v 7.398335 3.693540 3.873186
v 7.286122 3.109020 3.887223
v 7.298065 3.148940 3.951633
v 7.286122 3.109020 3.887223
v 7.398335 3.693540 3.873186
v 7.416172 3.702433 4.119246
v 7.298065 3.148940 3.951633
v 7.398335 3.693540 3.873186
v 7.416172 3.702433 4.119246
v 7.290359 3.086564 4.018291
v 7.298065 3.148940 3.951633
v 6.980969 1.236887 4.777936
v 6.935816 1.243721 4.760287
v 7.015351 1.447359 4.746215
v 6.935816 1.243721 4.760287
v 6.970209 1.454190 4.728570
v 7.015351 1.447359 4.746215
v 6.857809 1.203368 3.621195
v 6.900683 1.195351 3.605579
v 6.892894 1.414037 3.599890
v 6.900683 1.195351 3.605579
v 6.935758 1.406022 3.584280
v 6.892894 1.414037 3.599890
v 6.892894 1.414037 3.599890
v 6.935758 1.406022 3.584280
v 6.970209 1.454190 4.728570
v 6.935758 1.406022 3.584280
v 7.015351 1.447359 4.746215
v 6.970209 1.454190 4.728570
v 6.904880 1.256054 4.229868
v 6.935816 1.243721 4.760287
v 6.898159 1.224152 4.210424
v 6.888445 1.219121 4.068645
v 6.932553 1.211739 4.071023
v 6.857809 1.203368 3.621195
v 6.932553 1.211739 4.071023
v 6.900683 1.195351 3.605579
v 6.857809 1.203368 3.621195
v 6.888445 1.219121 4.068645
v 6.894287 1.246170 4.087362
v 6.932553 1.211739 4.071023
v 6.894287 1.246170 4.087362
v 6.940231 1.247622 4.094755
v 6.932553 1.211739 4.071023
v 6.949001 1.251688 4.224216
v 6.904880 1.256054 4.229868
v 6.941757 1.216519 4.205431
v 6.898159 1.224152 4.210424
v 6.941757 1.216519 4.205431
v 6.904880 1.256054 4.229868
v 6.935758 1.406022 3.584280
v 6.900683 1.195351 3.605579
v 6.932553 1.211739 4.071023
v 6.980969 1.236887 4.777936
v 6.941757 1.216519 4.205431
v 6.935816 1.243721 4.760287
v 6.898159 1.224152 4.210424
v 6.935816 1.243721 4.760287
v 6.941757 1.216519 4.205431
v 6.894287 1.246170 4.087362
v 6.902319 1.278762 4.125787
v 6.940231 1.247622 4.094755
v 6.902319 1.278762 4.125787
v 6.946683 1.270061 4.136134
v 6.940231 1.247622 4.094755
v 6.949001 1.251688 4.224216
v 6.950859 1.272135 4.197326
v 6.904880 1.256054 4.229868
v 6.950859 1.272135 4.197326
v 6.907234 1.288442 4.177877
v 6.904880 1.256054 4.229868
v 6.950859 1.272135 4.197326
v 6.946683 1.270061 4.136134
v 6.907234 1.288442 4.177877
v 6.946683 1.270061 4.136134
v 6.902319 1.278762 4.125787
v 6.907234 1.288442 4.177877
v 6.904880 1.256054 4.229868
v 6.907234 1.288442 4.177877
v 6.970209 1.454190 4.728570
v 6.904880 1.256054 4.229868
v 6.970209 1.454190 4.728570
v 6.935816 1.243721 4.760287
v 6.894287 1.246170 4.087362
v 6.857809 1.203368 3.621195
v 6.892894 1.414037 3.599890
v 6.902319 1.278762 4.125787
v 6.894287 1.246170 4.087362
v 6.892894 1.414037 3.599890
v 6.907234 1.288442 4.177877
v 6.892894 1.414037 3.599890
v 6.970209 1.454190 4.728570
v 6.907234 1.288442 4.177877
v 6.902319 1.278762 4.125787
v 6.892894 1.414037 3.599890
v 6.894287 1.246170 4.087362
v 6.888445 1.219121 4.068645
v 6.857809 1.203368 3.621195
v 6.949001 1.251688 4.224216
v 6.941757 1.216519 4.205431
v 6.980969 1.236887 4.777936
v 6.949001 1.251688 4.224216
v 6.980969 1.236887 4.777936
v 7.015351 1.447359 4.746215
v 6.950859 1.272135 4.197326
v 6.949001 1.251688 4.224216
v 7.015351 1.447359 4.746215
v 6.940231 1.247622 4.094755
v 6.946683 1.270061 4.136134
v 6.935758 1.406022 3.584280
v 6.935758 1.406022 3.584280
v 6.946683 1.270061 4.136134
v 7.015351 1.447359 4.746215
v 6.946683 1.270061 4.136134
v 6.950859 1.272135 4.197326
v 7.015351 1.447359 4.746215
v 6.940231 1.247622 4.094755
v 6.935758 1.406022 3.584280
v 6.932553 1.211739 4.071023
v 7.167482 2.478254 4.752165
v 7.131042 2.266823 4.753253
v 7.124496 2.501508 3.934744
v 7.131042 2.266823 4.753253
v 7.087274 2.290476 3.921086
v 7.124496 2.501508 3.934744
v 7.130323 2.283320 3.904844
v 7.087274 2.290476 3.921086
v 7.175468 2.258919 4.763217
v 7.087274 2.290476 3.921086
v 7.131042 2.266823 4.753253
v 7.175468 2.258919 4.763217
v 4.847833 0.033259 -3.958141
v 5.062512 0.037771 -3.976735
v 4.848982 -0.010919 -3.982674
v 5.062512 0.037771 -3.976735
v 5.063661 -0.006418 -4.001247
v 4.848982 -0.010919 -3.982674
v 4.848982 -0.010919 -3.982674
v 5.063661 -0.006418 -4.001247
v 4.857907 -0.001185 -4.795541
v 5.063661 -0.006418 -4.001247
v 5.072346 0.003065 -4.793134
v 4.857907 -0.001185 -4.795541
v 5.072346 0.003065 -4.793134
v 5.071657 0.047757 -4.811089
v 4.857907 -0.001185 -4.795541
v 5.071657 0.047757 -4.811089
v 4.857218 0.043513 -4.813489
v 4.857907 -0.001185 -4.795541
v 4.857907 -0.001185 -4.795541
v 4.857218 0.043513 -4.813489
v 4.848982 -0.010919 -3.982674
v 4.857218 0.043513 -4.813489
v 4.847833 0.033259 -3.958141
v 4.848982 -0.010919 -3.982674
v 5.072346 0.003065 -4.793134
v 5.063661 -0.006418 -4.001247
v 5.071657 0.047757 -4.811089
v 5.063661 -0.006418 -4.001247
v 5.062512 0.037771 -3.976735
v 5.071657 0.047757 -4.811089
v 1.864776 0.038416 -3.950512
v 2.079160 0.042562 -3.941816
v 1.865443 -0.001480 -3.939223
v 2.079160 0.042562 -3.941816
v 2.079817 0.002780 -3.930533
v 1.865443 -0.001480 -3.939223
v 1.867620 0.042857 -4.211814
v 1.864776 0.038416 -3.950512
v 1.868451 -0.001682 -4.206597
v 1.864776 0.038416 -3.950512
v 1.865443 -0.001480 -3.939223
v 1.868451 -0.001682 -4.206597
v 1.924924 -0.000528 -4.166061
v 1.868451 -0.001682 -4.206597
v 1.865443 -0.001480 -3.939223
v 2.079817 0.002780 -3.930533
v 1.924924 -0.000528 -4.166061
v 1.865443 -0.001480 -3.939223
v 2.079817 0.002780 -3.930533
v 1.982392 0.000554 -4.229675
v 1.924924 -0.000528 -4.166061
v 5.307271 0.091947 -3.703089
v 5.316219 0.091952 -3.939032
v 5.318844 0.047467 -3.702969
v 5.316219 0.091952 -3.939032
v 5.327780 0.047462 -3.938900
v 5.318844 0.047467 -3.702969
v 4.717977 0.092062 -3.709701
v 5.307271 0.091947 -3.703089
v 4.723534 0.047577 -3.709641
v 5.307271 0.091947 -3.703089
v 5.318844 0.047467 -3.702969
v 4.723534 0.047577 -3.709641
v 4.764136 0.047566 -3.771840
v 4.723534 0.047577 -3.709641
v 5.318844 0.047467 -3.702969
v 5.327780 0.047462 -3.938900
v 4.764136 0.047566 -3.771840
v 5.318844 0.047467 -3.702969
v 5.327780 0.047462 -3.938900
v 4.700597 0.047577 -3.835001
v 4.764136 0.047566 -3.771840
v 2.518287 0.090924 -3.977430
v 1.498179 0.094271 -3.975888
v 1.548756 0.094255 -4.007400
v 1.548756 0.094255 -4.007400
v 1.498814 0.094271 -4.033295
v 1.537665 0.094260 -4.060810
v 1.537665 0.094260 -4.060810
v 1.499350 0.094271 -4.080028
v 1.500892 0.094266 -4.218606
v 1.537665 0.094260 -4.060810
v 1.500892 0.094266 -4.218606
v 2.517215 0.090940 -4.220138
v 2.517215 0.090940 -4.220138
v 2.518287 0.090924 -3.977430
v 1.537665 0.094260 -4.060810
v 2.518287 0.090924 -3.977430
v 1.548756 0.094255 -4.007400
v 1.537665 0.094260 -4.060810
v 1.513077 0.049781 -4.218459
v 1.511491 0.049781 -4.076172
v 1.544655 0.049775 -4.058086
v 1.511491 0.049781 -4.076172
v 1.513077 0.049781 -4.218459
v 1.499350 0.094271 -4.080028
v 1.513077 0.049781 -4.218459
v 1.500892 0.094266 -4.218606
v 1.499350 0.094271 -4.080028
v 1.544655 0.049775 -4.058086
v 1.511491 0.049781 -4.076172
v 1.537665 0.094260 -4.060810
v 1.511491 0.049781 -4.076172
v 1.499350 0.094271 -4.080028
v 1.537665 0.094260 -4.060810
v 1.544655 0.049775 -4.058086
v 1.511086 0.049775 -4.039563
v 1.560755 0.049764 -4.016150
v 1.498814 0.094271 -4.033295
v 1.548756 0.094255 -4.007400
v 1.511086 0.049775 -4.039563
v 1.548756 0.094255 -4.007400
v 1.560755 0.049764 -4.016150
v 1.511086 0.049775 -4.039563
v 2.529706 0.046445 -3.977309
v 1.510364 0.049781 -3.975750
v 2.518287 0.090924 -3.977430
v 1.510364 0.049781 -3.975750
v 1.498179 0.094271 -3.975888
v 2.518287 0.090924 -3.977430
v 1.560755 0.049764 -4.016150
v 1.548756 0.094255 -4.007400
v 1.510364 0.049781 -3.975750
v 1.548756 0.094255 -4.007400
v 1.498179 0.094271 -3.975888
v 1.510364 0.049781 -3.975750
v 1.544655 0.049775 -4.058086
v 1.537665 0.094260 -4.060810
v 1.511086 0.049775 -4.039563
v 1.537665 0.094260 -4.060810
v 1.498814 0.094271 -4.033295
v 1.511086 0.049775 -4.039563
v 2.528656 0.046456 -4.220018
v 2.517215 0.090940 -4.220138
v 1.513077 0.049781 -4.218459
v 2.517215 0.090940 -4.220138
v 1.500892 0.094266 -4.218606
v 1.513077 0.049781 -4.218459
v 1.560755 0.049764 -4.016150
v 1.510364 0.049781 -3.975750
v 2.529706 0.046445 -3.977309
v 2.528656 0.046456 -4.220018
v 1.513077 0.049781 -4.218459
v 1.544655 0.049775 -4.058086
v 1.544655 0.049775 -4.058086
v 1.560755 0.049764 -4.016150
v 2.529706 0.046445 -3.977309
v 1.544655 0.049775 -4.058086
v 2.529706 0.046445 -3.977309
v 2.528656 0.046456 -4.220018
v 1.546788 0.042420 -4.540068
v 1.941692 0.042348 -4.535649
v 1.549533 0.042420 -4.785259
v 1.941692 0.042348 -4.535649
v 1.958208 0.042343 -4.780676
v 1.549533 0.042420 -4.785259
v 1.549533 0.042420 -4.785259
v 1.559038 0.086899 -4.785133
v 1.546788 0.042420 -4.540068
v 1.559038 0.086899 -4.785133
v 1.556282 0.086904 -4.539958
v 1.546788 0.042420 -4.540068
v 1.546788 0.042420 -4.540068
v 1.556282 0.086904 -4.539958
v 1.941692 0.042348 -4.535649
v 1.556282 0.086904 -4.539958
v 1.953407 0.086833 -4.535528
v 1.941692 0.042348 -4.535649
v 1.572295 0.092652 -4.499619
v 1.563227 0.092652 -4.252919
v 1.560712 0.048167 -4.499750
v 1.563227 0.092652 -4.252919
v 1.551655 0.048167 -4.253050
v 1.560712 0.048167 -4.499750
v 2.161578 0.092543 -4.493019
v 1.572295 0.092652 -4.499619
v 2.156033 0.048058 -4.493078
v 1.572295 0.092652 -4.499619
v 1.560712 0.048167 -4.499750
v 2.156033 0.048058 -4.493078
v 2.115376 0.048064 -4.428024
v 2.156033 0.048058 -4.493078
v 1.560712 0.048167 -4.499750
v 1.551655 0.048167 -4.253050
v 2.115376 0.048064 -4.428024
v 1.560712 0.048167 -4.499750
v 1.551655 0.048167 -4.253050
v 2.178904 0.048053 -4.362014
v 2.115376 0.048064 -4.428024
v 4.062980 0.046581 -3.624216
v 4.064588 0.002179 -3.644778
v 3.849427 0.042431 -3.653622
v 4.064588 0.002179 -3.644778
v 3.851035 -0.001961 -3.674180
v 3.849427 0.042431 -3.653622
v 4.104850 0.006499 -4.786533
v 4.104424 0.051028 -4.799314
v 3.891100 0.002332 -4.805500
v 4.104424 0.051028 -4.799314
v 3.890674 0.046849 -4.818275
v 3.891100 0.002332 -4.805500
v 3.891100 0.002332 -4.805500
v 3.890674 0.046849 -4.818275
v 3.851035 -0.001961 -3.674180
v 3.890674 0.046849 -4.818275
v 3.849427 0.042431 -3.653622
v 3.851035 -0.001961 -3.674180
v 4.051757 0.003573 -4.176085
v 4.064588 0.002179 -3.644778
v 4.084112 0.004279 -4.195926
v 4.089132 0.004815 -4.338038
v 4.088071 0.049278 -4.332782
v 4.104850 0.006499 -4.786533
v 4.088071 0.049278 -4.332782
v 4.104424 0.051028 -4.799314
v 4.104850 0.006499 -4.786533
v 4.089132 0.004815 -4.338038
v 4.061699 0.004213 -4.318979
v 4.088071 0.049278 -4.332782
v 4.061699 0.004213 -4.318979
v 4.051680 0.048479 -4.308599
v 4.088071 0.049278 -4.332782
v 4.047634 0.047992 -4.178841
v 4.051757 0.003573 -4.176085
v 4.083302 0.048764 -4.198059
v 4.084112 0.004279 -4.195926
v 4.083302 0.048764 -4.198059
v 4.051757 0.003573 -4.176085
v 3.890674 0.046849 -4.818275
v 4.104424 0.051028 -4.799314
v 4.088071 0.049278 -4.332782
v 4.062980 0.046581 -3.624216
v 4.083302 0.048764 -4.198059
v 4.064588 0.002179 -3.644778
v 4.084112 0.004279 -4.195926
v 4.064588 0.002179 -3.644778
v 4.083302 0.048764 -4.198059
v 4.061699 0.004213 -4.318979
v 4.028656 0.003442 -4.280110
v 4.051680 0.048479 -4.308599
v 4.028656 0.003442 -4.280110
v 4.028941 0.047894 -4.266886
v 4.051680 0.048479 -4.308599
v 4.047634 0.047992 -4.178841
v 4.026874 0.047664 -4.205552
v 4.051757 0.003573 -4.176085
v 4.026874 0.047664 -4.205552
v 4.018867 0.003081 -4.227810
v 4.051757 0.003573 -4.176085
v 4.026874 0.047664 -4.205552
v 4.028941 0.047894 -4.266886
v 4.018867 0.003081 -4.227810
v 4.028941 0.047894 -4.266886
v 4.028656 0.003442 -4.280110
v 4.018867 0.003081 -4.227810
v 4.051757 0.003573 -4.176085
v 4.018867 0.003081 -4.227810
v 3.851035 -0.001961 -3.674180
v 4.051757 0.003573 -4.176085
v 3.851035 -0.001961 -3.674180
v 4.064588 0.002179 -3.644778
v 4.061699 0.004213 -4.318979
v 4.104850 0.006499 -4.786533
v 3.891100 0.002332 -4.805500
v 4.028656 0.003442 -4.280110
v 4.061699 0.004213 -4.318979
v 3.891100 0.002332 -4.805500
v 4.018867 0.003081 -4.227810
v 3.891100 0.002332 -4.805500
v 3.851035 -0.001961 -3.674180
v 4.018867 0.003081 -4.227810
v 4.028656 0.003442 -4.280110
v 3.891100 0.002332 -4.805500
v 4.061699 0.004213 -4.318979
v 4.089132 0.004815 -4.338038
v 4.104850 0.006499 -4.786533
v 4.047634 0.047992 -4.178841
v 4.083302 0.048764 -4.198059
v 4.062980 0.046581 -3.624216
v 4.047634 0.047992 -4.178841
v 4.062980 0.046581 -3.624216
v 3.849427 0.042431 -3.653622
v 4.026874 0.047664 -4.205552
v 4.047634 0.047992 -4.178841
v 3.849427 0.042431 -3.653622
v 4.051680 0.048479 -4.308599
v 4.028941 0.047894 -4.266886
v 3.890674 0.046849 -4.818275
v 3.890674 0.046849 -4.818275
v 4.028941 0.047894 -4.266886
v 3.849427 0.042431 -3.653622
v 4.028941 0.047894 -4.266886
v 4.026874 0.047664 -4.205552
v 3.849427 0.042431 -3.653622
v 4.051680 0.048479 -4.308599
v 3.890674 0.046849 -4.818275
v 4.088071 0.049278 -4.332782
v 2.808515 -0.004198 -3.637740
v 3.023019 0.000084 -3.639037
v 2.783686 0.001741 -4.456223
v 3.023019 0.000084 -3.639037
v 2.997764 0.006127 -4.472286
v 2.783686 0.001741 -4.456223
v 2.996451 0.050705 -4.485679
v 2.997764 0.006127 -4.472286
v 3.022506 0.044470 -3.626189
v 2.997764 0.006127 -4.472286
v 3.023019 0.000084 -3.639037
v 3.022506 0.044470 -3.626189
v 4.370530 0.046581 -2.979985
v 4.351040 0.002179 -2.986736
v 4.288115 0.042431 -2.780793
v 4.351040 0.002179 -2.986736
v 4.268631 -0.001961 -2.787543
v 4.288115 0.042431 -2.780793
v 3.256513 0.006499 -3.314198
v 3.244040 0.051028 -3.317015
v 3.184150 0.002332 -3.112178
v 3.244040 0.051028 -3.317015
v 3.171681 0.046849 -3.114994
v 3.184150 0.002332 -3.112178
v 3.184150 0.002332 -3.112178
v 3.171681 0.046849 -3.114994
v 4.268631 -0.001961 -2.787543
v 3.171681 0.046849 -3.114994
v 4.288115 0.042431 -2.780793
v 4.268631 -0.001961 -2.787543
v 3.833734 0.003573 -3.108576
v 4.351040 0.002179 -2.986736
v 3.822712 0.004279 -3.144895
v 3.686480 0.004815 -3.185663
v 3.691297 0.049278 -3.183308
v 3.256513 0.006499 -3.314198
v 3.691297 0.049278 -3.183308
v 3.244040 0.051028 -3.317015
v 3.256513 0.006499 -3.314198
v 3.686480 0.004815 -3.185663
v 3.697989 0.004213 -3.154305
v 3.691297 0.049278 -3.183308
v 3.697989 0.004213 -3.154305
v 3.705501 0.048479 -3.141987
v 3.691297 0.049278 -3.183308
v 3.830025 0.047992 -3.105284
v 3.833734 0.003573 -3.108576
v 3.820444 0.048764 -3.144651
v 3.822712 0.004279 -3.144895
v 3.820444 0.048764 -3.144651
v 3.833734 0.003573 -3.108576
v 3.171681 0.046849 -3.114994
v 3.244040 0.051028 -3.317015
v 3.691297 0.049278 -3.183308
v 4.370530 0.046581 -2.979985
v 3.820444 0.048764 -3.144651
v 4.351040 0.002179 -2.986736
v 3.822712 0.004279 -3.144895
v 4.351040 0.002179 -2.986736
v 3.820444 0.048764 -3.144651
v 3.697989 0.004213 -3.154305
v 3.727247 0.003442 -3.112511
v 3.705501 0.048479 -3.141987
v 3.727247 0.003442 -3.112511
v 3.740113 0.047894 -3.109445
v 3.705501 0.048479 -3.141987
v 3.830025 0.047992 -3.105284
v 3.798936 0.047664 -3.091946
v 3.833734 0.003573 -3.108576
v 3.798936 0.047664 -3.091946
v 3.775376 0.003081 -3.089824
v 3.833734 0.003573 -3.108576
v 3.798936 0.047664 -3.091946
v 3.740113 0.047894 -3.109445
v 3.775376 0.003081 -3.089824
v 3.740113 0.047894 -3.109445
v 3.727247 0.003442 -3.112511
v 3.775376 0.003081 -3.089824
v 3.833734 0.003573 -3.108576
v 3.775376 0.003081 -3.089824
v 4.268631 -0.001961 -2.787543
v 3.833734 0.003573 -3.108576
v 4.268631 -0.001961 -2.787543
v 4.351040 0.002179 -2.986736
v 3.697989 0.004213 -3.154305
v 3.256513 0.006499 -3.314198
v 3.184150 0.002332 -3.112178
v 3.727247 0.003442 -3.112511
v 3.697989 0.004213 -3.154305
v 3.184150 0.002332 -3.112178
v 3.775376 0.003081 -3.089824
v 3.184150 0.002332 -3.112178
v 4.268631 -0.001961 -2.787543
v 3.775376 0.003081 -3.089824
v 3.727247 0.003442 -3.112511
v 3.184150 0.002332 -3.112178
v 3.697989 0.004213 -3.154305
v 3.686480 0.004815 -3.185663
v 3.256513 0.006499 -3.314198
v 3.830025 0.047992 -3.105284
v 3.820444 0.048764 -3.144651
v 4.370530 0.046581 -2.979985
v 3.830025 0.047992 -3.105284
v 4.370530 0.046581 -2.979985
v 4.288115 0.042431 -2.780793
v 3.798936 0.047664 -3.091946
v 3.830025 0.047992 -3.105284
v 4.288115 0.042431 -2.780793
v 3.705501 0.048479 -3.141987
v 3.740113 0.047894 -3.109445
v 3.171681 0.046849 -3.114994
v 3.171681 0.046849 -3.114994
v 3.740113 0.047894 -3.109445
v 4.288115 0.042431 -2.780793
v 3.740113 0.047894 -3.109445
v 3.798936 0.047664 -3.091946
v 4.288115 0.042431 -2.780793
v 3.705501 0.048479 -3.141987
v 3.171681 0.046849 -3.114994
v 3.691297 0.049278 -3.183308
v -3.733949 0.835933 -9.408901
v -3.519270 0.816988 -9.411588
v -3.732801 0.815803 -9.362551
v -3.519270 0.816988 -9.411588
v -3.518121 0.796881 -9.365228
v -3.732801 0.815803 -9.362551
v -3.732801 0.815803 -9.362551
v -3.518121 0.796881 -9.365228
v -3.723876 0.005830 -9.293343
v -3.518121 0.796881 -9.365228
v -3.509437 0.007812 -9.297806
v -3.723876 0.005830 -9.293343
v -3.509437 0.007812 -9.297806
v -3.510126 -0.014395 -9.340545
v -3.723876 0.005830 -9.293343
v -3.510126 -0.014395 -9.340545
v -3.724564 -0.016373 -9.336087
v -3.723876 0.005830 -9.293343
v -3.723876 0.005830 -9.293343
v -3.724564 -0.016373 -9.336087
v -3.732801 0.815803 -9.362551
v -3.724564 -0.016373 -9.336087
v -3.733949 0.835933 -9.408901
v -3.732801 0.815803 -9.362551
v -3.509437 0.007812 -9.297806
v -3.518121 0.796881 -9.365228
v -3.510126 -0.014395 -9.340545
v -3.518121 0.796881 -9.365228
v -3.519270 0.816988 -9.411588
v -3.510126 -0.014395 -9.340545
v -6.717006 0.843026 -9.414775
v -6.502622 0.851278 -9.419745
v -6.716339 0.858133 -9.376163
v -6.502622 0.851278 -9.419745
v -6.501966 0.866368 -9.381247
v -6.716339 0.858133 -9.376163
v -6.714162 0.582526 -9.393832
v -6.717006 0.843026 -9.414775
v -6.713331 0.592041 -9.350010
v -6.717006 0.843026 -9.414775
v -6.716339 0.858133 -9.376163
v -6.713331 0.592041 -9.350010
v -6.656858 0.632274 -9.355093
v -6.713331 0.592041 -9.350010
v -6.716339 0.858133 -9.376163
v -6.501966 0.866368 -9.381247
v -6.656858 0.632274 -9.355093
v -6.716339 0.858133 -9.376163
v -6.501966 0.866368 -9.381247
v -6.599391 0.568854 -9.349997
v -6.656858 0.632274 -9.355093
v -3.274511 1.084084 -9.492067
v -3.265564 0.849255 -9.469172
v -3.262939 1.088521 -9.447810
v -3.265564 0.849255 -9.469172
v -3.254002 0.853703 -9.424905
v -3.262939 1.088521 -9.447810
v -3.863805 1.077492 -9.491540
v -3.274511 1.084084 -9.492067
v -3.858248 1.081870 -9.447271
v -3.274511 1.084084 -9.492067
v -3.262939 1.088521 -9.447810
v -3.858248 1.081870 -9.447271
v -3.817647 1.019966 -9.441223
v -3.858248 1.081870 -9.447271
v -3.262939 1.088521 -9.447810
v -3.254002 0.853703 -9.424905
v -3.817647 1.019966 -9.441223
v -3.262939 1.088521 -9.447810
v -3.254002 0.853703 -9.424905
v -3.881185 0.957102 -9.435103
v -3.817647 1.019966 -9.441223
v -7.068706 0.575240 -9.400079
v -7.070291 0.716855 -9.413890
v -7.037128 0.734856 -9.415639
v -7.070291 0.716855 -9.413890
v -7.068706 0.575240 -9.400079
v -7.082433 0.708699 -9.457795
v -7.068706 0.575240 -9.400079
v -7.080891 0.570776 -9.444339
v -7.082433 0.708699 -9.457795
v -7.037128 0.734856 -9.415639
v -7.070291 0.716855 -9.413890
v -7.044117 0.727828 -9.459650
v -7.070291 0.716855 -9.413890
v -7.082433 0.708699 -9.457795
v -7.044117 0.727828 -9.459650
v -7.037128 0.734856 -9.415639
v -7.070696 0.753292 -9.417438
v -7.021027 0.776595 -9.419699
v -7.082969 0.755211 -9.462331
v -7.033026 0.780986 -9.464828
v -7.070696 0.753292 -9.417438
v -7.033026 0.780986 -9.464828
v -7.021027 0.776595 -9.419699
v -7.070696 0.753292 -9.417438
v -6.052076 0.815575 -9.420165
v -7.071418 0.816802 -9.423636
v -6.063496 0.811138 -9.464422
v -7.071418 0.816802 -9.423636
v -7.083603 0.812348 -9.467903
v -6.063496 0.811138 -9.464422
v -7.021027 0.776595 -9.419699
v -7.033026 0.780986 -9.464828
v -7.071418 0.816802 -9.423636
v -7.033026 0.780986 -9.464828
v -7.083603 0.812348 -9.467903
v -7.071418 0.816802 -9.423636
v -7.037128 0.734856 -9.415639
v -7.044117 0.727828 -9.459650
v -7.070696 0.753292 -9.417438
v -7.044117 0.727828 -9.459650
v -7.082969 0.755211 -9.462331
v -7.070696 0.753292 -9.417438
v -6.053127 0.574012 -9.396618
v -6.064568 0.569574 -9.440882
v -7.068706 0.575240 -9.400079
v -6.064568 0.569574 -9.440882
v -7.080891 0.570776 -9.444339
v -7.068706 0.575240 -9.400079
v -7.021027 0.776595 -9.419699
v -7.071418 0.816802 -9.423636
v -6.052076 0.815575 -9.420165
v -6.053127 0.574012 -9.396618
v -7.068706 0.575240 -9.400079
v -7.037128 0.734856 -9.415639
v -7.037128 0.734856 -9.415639
v -7.021027 0.776595 -9.419699
v -6.052076 0.815575 -9.420165
v -7.037128 0.734856 -9.415639
v -6.052076 0.815575 -9.420165
v -6.053127 0.574012 -9.396618
v -7.034995 0.255864 -9.361537
v -6.640090 0.260269 -9.361896
v -7.032249 0.011831 -9.337739
v -6.640090 0.260269 -9.361896
v -6.623574 0.016400 -9.338107
v -7.032249 0.011831 -9.337739
v -7.032249 0.011831 -9.337739
v -7.022744 0.007639 -9.382021
v -7.034995 0.255864 -9.361537
v -7.022744 0.007639 -9.382021
v -7.025501 0.251655 -9.405822
v -7.034995 0.255864 -9.361537
v -7.034995 0.255864 -9.361537
v -7.025501 0.251655 -9.405822
v -6.640090 0.260269 -9.361896
v -7.025501 0.251655 -9.405822
v -6.628376 0.256071 -9.406181
v -6.640090 0.260269 -9.361896
v -7.009487 0.291246 -9.415459
v -7.018555 0.536782 -9.439403
v -7.021071 0.295433 -9.371171
v -7.018555 0.536782 -9.439403
v -7.030127 0.540969 -9.395116
v -7.021071 0.295433 -9.371171
v -6.420204 0.297827 -9.415991
v -7.009487 0.291246 -9.415459
v -6.425750 0.302084 -9.371710
v -7.009487 0.291246 -9.415459
v -7.021071 0.295433 -9.371171
v -6.425750 0.302084 -9.371710
v -6.466406 0.366830 -9.378029
v -6.425750 0.302084 -9.371710
v -7.021071 0.295433 -9.371171
v -7.030127 0.540969 -9.395116
v -6.466406 0.366830 -9.378029
v -7.021071 0.295433 -9.371171
v -7.030127 0.540969 -9.395116
v -6.402879 0.432530 -9.384425
v -6.466406 0.366830 -9.378029
v -4.518803 1.166988 -9.454572
v -4.517195 1.150832 -9.408382
v -4.732356 1.138124 -9.447586
v -4.517195 1.150832 -9.408382
v -4.730748 1.121971 -9.401408
v -4.732356 1.138124 -9.447586
v -4.476933 0.014049 -9.301865
v -4.477359 -0.002994 -9.344943
v -4.690682 -0.004423 -9.295876
v -4.477359 -0.002994 -9.344943
v -4.691109 -0.021459 -9.338943
v -4.690682 -0.004423 -9.295876
v -4.690682 -0.004423 -9.295876
v -4.691109 -0.021459 -9.338943
v -4.730748 1.121971 -9.401408
v -4.691109 -0.021459 -9.338943
v -4.732356 1.138124 -9.447586
v -4.730748 1.121971 -9.401408
v -4.530025 0.621899 -9.358203
v -4.517195 1.150832 -9.408382
v -4.497671 0.602082 -9.356978
v -4.492651 0.460590 -9.343719
v -4.493711 0.461505 -9.388482
v -4.476933 0.014049 -9.301865
v -4.493711 0.461505 -9.388482
v -4.477359 -0.002994 -9.344943
v -4.476933 0.014049 -9.301865
v -4.492651 0.460590 -9.343719
v -4.520083 0.479618 -9.344970
v -4.493711 0.461505 -9.388482
v -4.520083 0.479618 -9.344970
v -4.530102 0.485652 -9.390035
v -4.493711 0.461505 -9.388482
v -4.534149 0.614844 -9.402144
v -4.530025 0.621899 -9.358203
v -4.498480 0.595642 -9.401046
v -4.497671 0.602082 -9.356978
v -4.498480 0.595642 -9.401046
v -4.530025 0.621899 -9.358203
v -4.518803 1.166988 -9.454572
v -4.498480 0.595642 -9.401046
v -4.517195 1.150832 -9.408382
v -4.497671 0.602082 -9.356978
v -4.517195 1.150832 -9.408382
v -4.498480 0.595642 -9.401046
v -4.520083 0.479618 -9.344970
v -4.553127 0.518377 -9.347976
v -4.530102 0.485652 -9.390035
v -4.553127 0.518377 -9.347976
v -4.552842 0.527224 -9.393500
v -4.530102 0.485652 -9.390035
v -4.534149 0.614844 -9.402144
v -4.554909 0.588292 -9.399225
v -4.530025 0.621899 -9.358203
v -4.554909 0.588292 -9.399225
v -4.562916 0.570465 -9.352692
v -4.530025 0.621899 -9.358203
v -4.554909 0.588292 -9.399225
v -4.552842 0.527224 -9.393500
v -4.562916 0.570465 -9.352692
v -4.552842 0.527224 -9.393500
v -4.553127 0.518377 -9.347976
v -4.562916 0.570465 -9.352692
v -4.530025 0.621899 -9.358203
v -4.562916 0.570465 -9.352692
v -4.730748 1.121971 -9.401408
v -4.530025 0.621899 -9.358203
v -4.730748 1.121971 -9.401408
v -4.517195 1.150832 -9.408382
v -4.520083 0.479618 -9.344970
v -4.476933 0.014049 -9.301865
v -4.690682 -0.004423 -9.295876
v -4.553127 0.518377 -9.347976
v -4.520083 0.479618 -9.344970
v -4.690682 -0.004423 -9.295876
v -4.562916 0.570465 -9.352692
v -4.690682 -0.004423 -9.295876
v -4.730748 1.121971 -9.401408
v -4.562916 0.570465 -9.352692
v -4.553127 0.518377 -9.347976
v -4.690682 -0.004423 -9.295876
v -4.520083 0.479618 -9.344970
v -4.492651 0.460590 -9.343719
v -4.476933 0.014049 -9.301865
v -5.773267 1.158456 -9.402719
v -5.558763 1.156750 -9.406856
v -5.798097 0.343261 -9.329188
v -5.558763 1.156750 -9.406856
v -5.584019 0.326849 -9.331996
v -5.798097 0.343261 -9.329188
v -5.585331 0.309192 -9.375063
v -5.584019 0.326849 -9.331996
v -5.559277 1.165228 -9.452279
v -5.584019 0.326849 -9.331996
v -5.558763 1.156750 -9.406856
v -5.559277 1.165228 -9.452279
v 3.050548 0.056518 4.177899
v 3.263238 0.052006 4.212484
v 3.049860 0.100697 4.202450
v 3.263238 0.052006 4.212484
v 3.262551 0.096196 4.237014
v 3.049860 0.100697 4.202450
v 3.049860 0.100697 4.202450
v 3.262551 0.096196 4.237014
v 2.998016 0.090962 5.013710
v 3.262551 0.096196 4.237014
v 3.212035 0.086713 5.027336
v 2.998016 0.090962 5.013710
v 3.212035 0.086713 5.027336
v 3.210007 0.042020 5.045188
v 2.998016 0.090962 5.013710
v 3.210007 0.042020 5.045188
v 2.995988 0.046264 5.031558
v 2.998016 0.090962 5.013710
v 2.998016 0.090962 5.013710
v 2.995988 0.046264 5.031558
v 3.049860 0.100697 4.202450
v 2.995988 0.046264 5.031558
v 3.050548 0.056518 4.177899
v 3.049860 0.100697 4.202450
v 3.212035 0.086713 5.027336
v 3.262551 0.096196 4.237014
v 3.210007 0.042020 5.045188
v 3.262551 0.096196 4.237014
v 3.263238 0.052006 4.212484
v 3.210007 0.042020 5.045188
v 0.076402 0.051361 3.947373
v 0.290836 0.047215 3.954723
v 0.077911 0.091257 3.936167
v 0.290836 0.047215 3.954723
v 0.292334 0.086997 3.943520
v 0.077911 0.091257 3.936167
v 0.059711 0.046920 4.208158
v 0.076402 0.051361 3.947373
v 0.060930 0.091460 4.203017
v 0.076402 0.051361 3.947373
v 0.077911 0.091257 3.936167
v 0.060930 0.091460 4.203017
v 0.120274 0.090306 4.166814
v 0.060930 0.091460 4.203017
v 0.077911 0.091257 3.936167
v 0.292334 0.086997 3.943520
v 0.120274 0.090306 4.166814
v 0.077911 0.091257 3.936167
v 0.292334 0.086997 3.943520
v 0.172828 0.089223 4.234546
v 0.120274 0.090306 4.166814
v 3.527761 -0.002169 3.957893
v 3.519052 -0.002175 4.193845
v 3.539310 0.042310 3.958638
v 3.519052 -0.002175 4.193845
v 3.530591 0.042315 4.194579
v 3.539310 0.042310 3.958638
v 2.939621 -0.002284 3.920451
v 3.527761 -0.002169 3.957893
v 2.945166 0.042200 3.920806
v 3.527761 -0.002169 3.957893
v 3.539310 0.042310 3.958638
v 2.945166 0.042200 3.920806
v 2.981006 0.042211 3.985865
v 2.945166 0.042200 3.920806
v 3.539310 0.042310 3.958638
v 3.530591 0.042315 4.194579
v 2.981006 0.042211 3.985865
v 3.539310 0.042310 3.958638
v 3.530591 0.042315 4.194579
v 2.912925 0.042200 4.044101
v 2.981006 0.042211 3.985865
v -0.294337 0.039996 4.188290
v -0.285286 0.039996 4.046283
v -0.250863 0.040002 4.030725
v -0.285286 0.039996 4.046283
v -0.294337 0.039996 4.188290
v -0.297681 -0.004494 4.049221
v -0.294337 0.039996 4.188290
v -0.306499 -0.004488 4.187526
v -0.297681 -0.004494 4.049221
v -0.250863 0.040002 4.030725
v -0.285286 0.039996 4.046283
v -0.258037 -0.004483 4.032919
v -0.285286 0.039996 4.046283
v -0.297681 -0.004494 4.049221
v -0.258037 -0.004483 4.032919
v -0.250863 0.040002 4.030725
v -0.282954 0.040002 4.009746
v -0.231674 0.040013 3.990110
v -0.294724 -0.004494 4.002578
v -0.242986 -0.004477 3.980487
v -0.282954 0.040002 4.009746
v -0.242986 -0.004477 3.980487
v -0.231674 0.040013 3.990110
v -0.282954 0.040002 4.009746
v 0.737470 0.043332 4.023786
v -0.278905 0.039996 3.946058
v 0.726074 -0.001147 4.023052
v -0.278905 0.039996 3.946058
v -0.291066 -0.004494 3.945284
v 0.726074 -0.001147 4.023052
v -0.231674 0.040013 3.990110
v -0.242986 -0.004477 3.980487
v -0.278905 0.039996 3.946058
v -0.242986 -0.004477 3.980487
v -0.291066 -0.004494 3.945284
v -0.278905 0.039996 3.946058
v -0.250863 0.040002 4.030725
v -0.258037 -0.004483 4.032919
v -0.282954 0.040002 4.009746
v -0.258037 -0.004483 4.032919
v -0.294724 -0.004494 4.002578
v -0.282954 0.040002 4.009746
v 0.718286 0.043322 4.265737
v 0.706868 -0.001163 4.265001
v -0.294337 0.039996 4.188290
v 0.706868 -0.001163 4.265001
v -0.306499 -0.004488 4.187526
v -0.294337 0.039996 4.188290
v -0.231674 0.040013 3.990110
v -0.278905 0.039996 3.946058
v 0.737470 0.043332 4.023786
v 0.718286 0.043322 4.265737
v -0.294337 0.039996 4.188290
v -0.250863 0.040002 4.030725
v -0.250863 0.040002 4.030725
v -0.231674 0.040013 3.990110
v 0.737470 0.043332 4.023786
v -0.250863 0.040002 4.030725
v 0.737470 0.043332 4.023786
v 0.718286 0.043322 4.265737
v -0.284754 0.047358 4.511519
v 0.109376 0.047429 4.536623
v -0.300339 0.047358 4.756229
v 0.109376 0.047429 4.536623
v 0.107536 0.047434 4.782198
v -0.300339 0.047358 4.756229
v -0.300339 0.047358 4.756229
v -0.290851 0.002879 4.756814
v -0.284754 0.047358 4.511519
v -0.290851 0.002879 4.756814
v -0.275278 0.002873 4.512119
v -0.284754 0.047358 4.511519
v -0.284754 0.047358 4.511519
v -0.275278 0.002873 4.512119
v 0.109376 0.047429 4.536623
v -0.275278 0.002873 4.512119
v 0.121067 0.002944 4.537378
v 0.109376 0.047429 4.536623
v -0.256295 -0.002875 4.473089
v -0.246902 -0.002875 4.226401
v -0.267856 0.041610 4.472354
v -0.246902 -0.002875 4.226401
v -0.258452 0.041610 4.225667
v -0.267856 0.041610 4.472354
v 0.331833 -0.002765 4.510543
v -0.256295 -0.002875 4.473089
v 0.326299 0.041719 4.510189
v -0.256295 -0.002875 4.473089
v -0.267856 0.041610 4.472354
v 0.326299 0.041719 4.510189
v 0.290617 0.041714 4.442278
v 0.326299 0.041719 4.510189
v -0.267856 0.041610 4.472354
v -0.258452 0.041610 4.225667
v 0.290617 0.041714 4.442278
v -0.267856 0.041610 4.472354
v -0.258452 0.041610 4.225667
v 0.358900 0.041725 4.381200
v 0.290617 0.041714 4.442278
v 2.292842 0.043196 3.786257
v 2.292909 0.087598 3.806883
v 2.077689 0.047347 3.799623
v 2.292909 0.087598 3.806883
v 2.077756 0.091738 3.820244
v 2.077689 0.047347 3.799623
v 2.247738 0.083278 4.948453
v 2.246357 0.038750 4.961167
v 2.033169 0.087445 4.951394
v 2.246357 0.038750 4.961167
v 2.031789 0.042928 4.964102
v 2.033169 0.087445 4.951394
v 2.033169 0.087445 4.951394
v 2.031789 0.042928 4.964102
v 2.077756 0.091738 3.820244
v 2.031789 0.042928 4.964102
v 2.077689 0.047347 3.799623
v 2.077756 0.091738 3.820244
v 2.240411 0.086204 4.335745
v 2.292909 0.087598 3.806883
v 2.271192 0.085498 4.357949
v 2.265579 0.084962 4.500038
v 2.264914 0.040500 4.494718
v 2.247738 0.083278 4.948453
v 2.264914 0.040500 4.494718
v 2.246357 0.038750 4.961167
v 2.247738 0.083278 4.948453
v 2.265579 0.084962 4.500038
v 2.239648 0.085564 4.478982
v 2.264914 0.040500 4.494718
v 2.239648 0.085564 4.478982
v 2.230432 0.041298 4.467882
v 2.264914 0.040500 4.494718
v 2.236093 0.041785 4.338186
v 2.240411 0.086204 4.335745
v 2.270226 0.041014 4.360015
v 2.271192 0.085498 4.357949
v 2.270226 0.041014 4.360015
v 2.240411 0.086204 4.335745
v 2.031789 0.042928 4.964102
v 2.246357 0.038750 4.961167
v 2.264914 0.040500 4.494718
v 2.292842 0.043196 3.786257
v 2.270226 0.041014 4.360015
v 2.292909 0.087598 3.806883
v 2.271192 0.085498 4.357949
v 2.292909 0.087598 3.806883
v 2.270226 0.041014 4.360015
v 2.239648 0.085564 4.478982
v 2.209601 0.086335 4.437753
v 2.230432 0.041298 4.467882
v 2.209601 0.086335 4.437753
v 2.210873 0.041883 4.424588
v 2.230432 0.041298 4.467882
v 2.236093 0.041785 4.338186
v 2.213395 0.042113 4.363270
v 2.240411 0.086204 4.335745
v 2.213395 0.042113 4.363270
v 2.203747 0.086696 4.384868
v 2.240411 0.086204 4.335745
v 2.213395 0.042113 4.363270
v 2.210873 0.041883 4.424588
v 2.203747 0.086696 4.384868
v 2.210873 0.041883 4.424588
v 2.209601 0.086335 4.437753
v 2.203747 0.086696 4.384868
v 2.240411 0.086204 4.335745
v 2.203747 0.086696 4.384868
v 2.077756 0.091738 3.820244
v 2.240411 0.086204 4.335745
v 2.077756 0.091738 3.820244
v 2.292909 0.087598 3.806883
v 2.239648 0.085564 4.478982
v 2.247738 0.083278 4.948453
v 2.033169 0.087445 4.951394
v 2.209601 0.086335 4.437753
v 2.239648 0.085564 4.478982
v 2.033169 0.087445 4.951394
v 2.203747 0.086696 4.384868
v 2.033169 0.087445 4.951394
v 2.077756 0.091738 3.820244
v 2.203747 0.086696 4.384868
v 2.209601 0.086335 4.437753
v 2.033169 0.087445 4.951394
v 2.239648 0.085564 4.478982
v 2.265579 0.084962 4.500038
v 2.247738 0.083278 4.948453
v 2.236093 0.041785 4.338186
v 2.270226 0.041014 4.360015
v 2.292842 0.043196 3.786257
v 2.236093 0.041785 4.338186
v 2.292842 0.043196 3.786257
v 2.077689 0.047347 3.799623
v 2.213395 0.042113 4.363270
v 2.236093 0.041785 4.338186
v 2.077689 0.047347 3.799623
v 2.230432 0.041298 4.467882
v 2.210873 0.041883 4.424588
v 2.031789 0.042928 4.964102
v 2.031789 0.042928 4.964102
v 2.210873 0.041883 4.424588
v 2.077689 0.047347 3.799623
v 2.210873 0.041883 4.424588
v 2.213395 0.042113 4.363270
v 2.077689 0.047347 3.799623
v 2.230432 0.041298 4.467882
v 2.031789 0.042928 4.964102
v 2.264914 0.040500 4.494718
v 1.040874 0.093975 3.706001
v 1.254682 0.089693 3.723322
v 0.954951 0.088036 4.520339
v 1.254682 0.089693 3.723322
v 1.167230 0.083650 4.552354
v 0.954951 0.088036 4.520339
v 1.164920 0.039072 4.565612
v 1.167230 0.083650 4.552354
v 1.255130 0.045307 3.710473
v 1.167230 0.083650 4.552354
v 1.254682 0.089693 3.723322
v 1.255130 0.045307 3.710473
v -2.230605 0.056518 4.133482
v -2.027211 0.052006 4.204644
v -2.235566 0.100697 4.157537
v -2.027211 0.052006 4.204644
v -2.032167 0.096196 4.228677
v -2.235566 0.100697 4.157537
v -2.235566 0.100697 4.157537
v -2.032167 0.096196 4.228677
v -2.428151 0.090962 4.947310
v -2.032167 0.096196 4.228677
v -2.219791 0.086713 4.998065
v -2.428151 0.090962 4.947310
v -2.219791 0.086713 4.998065
v -2.224904 0.042020 5.015290
v -2.428151 0.090962 4.947310
v -2.224904 0.042020 5.015290
v -2.433262 0.046264 4.964530
v -2.428151 0.090962 4.947310
v -2.428151 0.090962 4.947310
v -2.433262 0.046264 4.964530
v -2.235566 0.100697 4.157537
v -2.433262 0.046264 4.964530
v -2.230605 0.056518 4.133482
v -2.235566 0.100697 4.157537
v -2.219791 0.086713 4.998065
v -2.032167 0.096196 4.228677
v -2.224904 0.042020 5.015290
v -2.032167 0.096196 4.228677
v -2.027211 0.052006 4.204644
v -2.224904 0.042020 5.015290
v -1.722327 -0.002169 4.000108
v -1.772068 -0.002175 4.230922
v -1.711085 0.042310 4.002857
v -1.772068 -0.002175 4.230922
v -1.760834 0.042315 4.233657
v -1.711085 0.042310 4.002857
v -2.294914 -0.002284 3.860629
v -1.722327 -0.002169 4.000108
v -2.289516 0.042200 3.861946
v -1.722327 -0.002169 4.000108
v -1.711085 0.042310 4.002857
v -2.289516 0.042200 3.861946
v -2.265576 0.042211 3.932261
v -2.289516 0.042200 3.861946
v -1.711085 0.042310 4.002857
v -1.760834 0.042315 4.233657
v -2.265576 0.042211 3.932261
v -1.711085 0.042310 4.002857
v -1.760834 0.042315 4.233657
v -2.342773 0.042200 3.977726
v -2.265576 0.042211 3.932261
v -4.874715 0.039996 3.726558
v -4.841028 0.039996 3.588308
v -4.804419 0.040002 3.578995
v -4.841028 0.039996 3.588308
v -4.874715 0.039996 3.726558
v -4.853746 -0.004494 3.589037
v -4.874715 0.039996 3.726558
v -4.886558 -0.004488 3.723684
v -4.853746 -0.004494 3.589037
v -4.804419 0.040002 3.578995
v -4.841028 0.039996 3.588308
v -4.811864 -0.004483 3.579903
v -4.841028 0.039996 3.588308
v -4.853746 -0.004494 3.589037
v -4.811864 -0.004483 3.579903
v -4.804419 0.040002 3.578995
v -4.832357 0.040002 3.552737
v -4.778438 0.040013 3.542350
v -4.842696 -0.004494 3.543627
v -4.787897 -0.004477 3.530902
v -4.832357 0.040002 3.552737
v -4.787897 -0.004477 3.530902
v -4.778438 0.040013 3.542350
v -4.832357 0.040002 3.552737
v -3.830032 0.043332 3.744591
v -4.817258 0.039996 3.490733
v -3.841126 -0.001147 3.741882
v -4.817258 0.039996 3.490733
v -4.829098 -0.004494 3.487849
v -3.841126 -0.001147 3.741882
v -4.778438 0.040013 3.542350
v -4.787897 -0.004477 3.530902
v -4.817258 0.039996 3.490733
v -4.787897 -0.004477 3.530902
v -4.829098 -0.004494 3.487849
v -4.817258 0.039996 3.490733
v -4.804419 0.040002 3.578995
v -4.811864 -0.004483 3.579903
v -4.832357 0.040002 3.552737
v -4.811864 -0.004483 3.579903
v -4.842696 -0.004494 3.543627
v -4.832357 0.040002 3.552737
v -3.891135 0.043322 3.979485
v -3.902250 -0.001163 3.976769
v -4.874715 0.039996 3.726558
v -3.902250 -0.001163 3.976769
v -4.886558 -0.004488 3.723684
v -4.874715 0.039996 3.726558
v -4.778438 0.040013 3.542350
v -4.817258 0.039996 3.490733
v -3.830032 0.043332 3.744591
v -3.891135 0.043322 3.979485
v -4.874715 0.039996 3.726558
v -4.804419 0.040002 3.578995
v -4.804419 0.040002 3.578995
v -4.778438 0.040013 3.542350
v -3.830032 0.043332 3.744591
v -4.804419 0.040002 3.578995
v -3.830032 0.043332 3.744591
v -3.891135 0.043322 3.979485
v -5.280401 0.047358 3.954841
v -4.896696 0.047429 4.048322
v -5.338440 0.047358 4.193079
v -4.896696 0.047429 4.048322
v -4.941352 0.047434 4.289811
v -5.338440 0.047358 4.193079
v -5.338440 0.047358 4.193079
v -5.329200 0.002878 4.195310
v -5.280401 0.047358 3.954841
v -5.329200 0.002878 4.195310
v -5.271175 0.002873 3.957085
v -5.280401 0.047358 3.954841
v -5.280401 0.047358 3.954841
v -5.271175 0.002873 3.957085
v -4.896696 0.047429 4.048322
v -5.271175 0.002873 3.957085
v -4.885316 0.002944 4.051105
v -4.896696 0.047429 4.048322
v -5.245674 -0.002875 3.921966
v -5.193387 -0.002875 3.680700
v -5.256930 0.041610 3.919226
v -5.193387 -0.002875 3.680700
v -5.204631 0.041610 3.677963
v -5.256930 0.041610 3.919226
v -4.673100 -0.002766 4.061453
v -5.245674 -0.002875 3.921966
v -4.678488 0.041719 4.060138
v -5.245674 -0.002875 3.921966
v -5.256930 0.041610 3.919226
v -4.678488 0.041719 4.060138
v -4.701774 0.041714 3.987045
v -4.678488 0.041719 4.060138
v -5.256930 0.041610 3.919226
v -5.204631 0.041610 3.677963
v -4.701774 0.041714 3.987045
v -5.256930 0.041610 3.919226
v -5.204631 0.041610 3.677963
v -4.623883 0.041725 3.938817
v -4.701774 0.041714 3.987045
v -2.678715 0.043196 3.674330
v -2.682248 0.087598 3.694652
v -2.892900 0.047347 3.649955
v -2.682248 0.087598 3.694652
v -2.896431 0.091738 3.670271
v -2.892900 0.047347 3.649955
v -2.925891 0.083278 4.810834
v -2.929469 0.038750 4.823112
v -3.137683 0.087445 4.776294
v -2.929469 0.038750 4.823112
v -3.141258 0.042928 4.788566
v -3.137683 0.087445 4.776294
v -3.137683 0.087445 4.776294
v -3.141258 0.042928 4.788566
v -2.896431 0.091738 3.670271
v -3.141258 0.042928 4.788566
v -2.892900 0.047347 3.649955
v -2.896431 0.091738 3.670271
v -2.826209 0.086204 4.206244
v -2.682248 0.087598 3.694652
v -2.799773 0.085498 4.233478
v -2.830090 0.084962 4.372408
v -2.829817 0.040500 4.367054
v -2.925891 0.083278 4.810834
v -2.829817 0.040500 4.367054
v -2.929469 0.038750 4.823112
v -2.925891 0.083278 4.810834
v -2.830090 0.084962 4.372408
v -2.851950 0.085564 4.347151
v -2.829817 0.040500 4.367054
v -2.851950 0.085564 4.347151
v -2.859088 0.041298 4.334613
v -2.829817 0.040500 4.367054
v -2.830886 0.041785 4.207893
v -2.826209 0.086204 4.206244
v -2.801086 0.041014 4.235343
v -2.799773 0.085498 4.233478
v -2.801086 0.041014 4.235343
v -2.826209 0.086204 4.206244
v -3.141258 0.042928 4.788566
v -2.929469 0.038750 4.823112
v -2.829817 0.040500 4.367054
v -2.678715 0.043196 3.674330
v -2.801086 0.041014 4.235343
v -2.682248 0.087598 3.694652
v -2.799773 0.085498 4.233478
v -2.682248 0.087598 3.694652
v -2.801086 0.041014 4.235343
v -2.851950 0.085564 4.347151
v -2.874343 0.086335 4.301312
v -2.859088 0.041298 4.334613
v -2.874343 0.086335 4.301312
v -2.870794 0.041883 4.288570
v -2.859088 0.041298 4.334613
v -2.830886 0.041785 4.207893
v -2.857613 0.042113 4.228633
v -2.826209 0.086204 4.206244
v -2.857613 0.042113 4.228633
v -2.870880 0.086696 4.248218
v -2.826209 0.086204 4.206244
v -2.857613 0.042113 4.228633
v -2.870794 0.041883 4.288570
v -2.870880 0.086696 4.248218
v -2.870794 0.041883 4.288570
v -2.874343 0.086335 4.301312
v -2.870880 0.086696 4.248218
v -2.826209 0.086204 4.206244
v -2.870880 0.086696 4.248218
v -2.896431 0.091738 3.670271
v -2.826209 0.086204 4.206244
v -2.896431 0.091738 3.670271
v -2.682248 0.087598 3.694652
v -2.851950 0.085564 4.347151
v -2.925891 0.083278 4.810834
v -3.137683 0.087445 4.776294
v -2.874343 0.086335 4.301312
v -2.851950 0.085564 4.347151
v -3.137683 0.087445 4.776294
v -2.870880 0.086696 4.248218
v -3.137683 0.087445 4.776294
v -2.896431 0.091738 3.670271
v -2.870880 0.086696 4.248218
v -2.874343 0.086335 4.301312
v -3.137683 0.087445 4.776294
v -2.851950 0.085564 4.347151
v -2.830090 0.084962 4.372408
v -2.925891 0.083278 4.810834
v -2.830886 0.041785 4.207893
v -2.801086 0.041014 4.235343
v -2.678715 0.043196 3.674330
v -2.830886 0.041785 4.207893
v -2.678715 0.043196 3.674330
v -2.892900 0.047347 3.649955
v -2.857613 0.042113 4.228633
v -2.830886 0.041785 4.207893
v -2.892900 0.047347 3.649955
v -2.859088 0.041298 4.334613
v -2.870794 0.041883 4.288570
v -3.141258 0.042928 4.788566
v -3.141258 0.042928 4.788566
v -2.870794 0.041883 4.288570
v -2.892900 0.047347 3.649955
v -2.870794 0.041883 4.288570
v -2.857613 0.042113 4.228633
v -2.892900 0.047347 3.649955
v -2.859088 0.041298 4.334613
v -3.141258 0.042928 4.788566
v -2.829817 0.040500 4.367054
v -4.281753 0.003284 -3.282078
v -4.285285 0.047687 -3.261757
v -4.495938 0.007435 -3.306453
v -4.285285 0.047687 -3.261757
v -4.499469 0.051827 -3.286137
v -4.495938 0.007435 -3.306453
v -4.528929 0.043366 -2.145574
v -4.532506 -0.001162 -2.133296
v -4.740720 0.047534 -2.180113
v -4.532506 -0.001162 -2.133296
v -4.744297 0.003016 -2.167842
v -4.740720 0.047534 -2.180113
v -4.740720 0.047534 -2.180113
v -4.744297 0.003016 -2.167842
v -4.499469 0.051827 -3.286137
v -4.744297 0.003016 -2.167842
v -4.495938 0.007435 -3.306453
v -4.499469 0.051827 -3.286137
v -4.429246 0.046292 -2.750163
v -4.285285 0.047687 -3.261757
v -4.402812 0.045587 -2.722930
v -4.433128 0.045051 -2.583999
v -4.432855 0.000588 -2.589354
v -4.528929 0.043366 -2.145574
v -4.432855 0.000588 -2.589354
v -4.532506 -0.001162 -2.133296
v -4.528929 0.043366 -2.145574
v -4.433128 0.045051 -2.583999
v -4.454988 0.045652 -2.609257
v -4.432855 0.000588 -2.589354
v -4.454988 0.045652 -2.609257
v -4.462126 0.001386 -2.621794
v -4.432855 0.000588 -2.589354
v -4.433924 0.001873 -2.748515
v -4.429246 0.046292 -2.750163
v -4.404124 0.001102 -2.721064
v -4.402812 0.045587 -2.722930
v -4.404124 0.001102 -2.721064
v -4.429246 0.046292 -2.750163
v -4.744297 0.003016 -2.167842
v -4.532506 -0.001162 -2.133296
v -4.432855 0.000588 -2.589354
v -4.281753 0.003284 -3.282078
v -4.404124 0.001102 -2.721064
v -4.285285 0.047687 -3.261757
v -4.402812 0.045587 -2.722930
v -4.285285 0.047687 -3.261757
v -4.404124 0.001102 -2.721064
v -4.454988 0.045652 -2.609257
v -4.477381 0.046423 -2.655096
v -4.462126 0.001386 -2.621794
v -4.477381 0.046423 -2.655096
v -4.473832 0.001971 -2.667837
v -4.462126 0.001386 -2.621794
v -4.433924 0.001873 -2.748515
v -4.460651 0.002201 -2.727775
v -4.429246 0.046292 -2.750163
v -4.460651 0.002201 -2.727775
v -4.473918 0.046784 -2.708190
v -4.429246 0.046292 -2.750163
v -4.460651 0.002201 -2.727775
v -4.473832 0.001971 -2.667837
v -4.473918 0.046784 -2.708190
v -4.473832 0.001971 -2.667837
v -4.477381 0.046423 -2.655096
v -4.473918 0.046784 -2.708190
v -4.429246 0.046292 -2.750163
v -4.473918 0.046784 -2.708190
v -4.499469 0.051827 -3.286137
v -4.429246 0.046292 -2.750163
v -4.499469 0.051827 -3.286137
v -4.285285 0.047687 -3.261757
v -4.454988 0.045652 -2.609257
v -4.528929 0.043366 -2.145574
v -4.740720 0.047534 -2.180113
v -4.477381 0.046423 -2.655096
v -4.454988 0.045652 -2.609257
v -4.740720 0.047534 -2.180113
v -4.473918 0.046784 -2.708190
v -4.740720 0.047534 -2.180113
v -4.499469 0.051827 -3.286137
v -4.473918 0.046784 -2.708190
v -4.477381 0.046423 -2.655096
v -4.740720 0.047534 -2.180113
v -4.454988 0.045652 -2.609257
v -4.433128 0.045051 -2.583999
v -4.528929 0.043366 -2.145574
v -4.433924 0.001873 -2.748515
v -4.404124 0.001102 -2.721064
v -4.281753 0.003284 -3.282078
v -4.433924 0.001873 -2.748515
v -4.281753 0.003284 -3.282078
v -4.495938 0.007435 -3.306453
v -4.460651 0.002201 -2.727775
v -4.433924 0.001873 -2.748515
v -4.495938 0.007435 -3.306453
v -4.462126 0.001386 -2.621794
v -4.473832 0.001971 -2.667837
v -4.744297 0.003016 -2.167842
v -4.744297 0.003016 -2.167842
v -4.473832 0.001971 -2.667837
v -4.495938 0.007435 -3.306453
v -4.473832 0.001971 -2.667837
v -4.460651 0.002201 -2.727775
v -4.495938 0.007435 -3.306453
v -4.462126 0.001386 -2.621794
v -4.744297 0.003016 -2.167842
v -4.432855 0.000588 -2.589354
v 4.891935 0.056519 15.657254
v 5.095329 0.052007 15.728416
v 4.886974 0.100698 15.681308
v 5.095329 0.052007 15.728416
v 5.090373 0.096197 15.752449
v 4.886974 0.100698 15.681308
v 4.886974 0.100698 15.681308
v 5.090373 0.096197 15.752449
v 4.694388 0.090963 16.471083
v 5.090373 0.096197 15.752449
v 4.902748 0.086713 16.521837
v 4.694388 0.090963 16.471083
v 4.902748 0.086713 16.521837
v 4.897636 0.042021 16.539062
v 4.694388 0.090963 16.471083
v 4.897636 0.042021 16.539062
v 4.689277 0.046265 16.488302
v 4.694388 0.090963 16.471083
v 4.694388 0.090963 16.471083
v 4.689277 0.046265 16.488302
v 4.886974 0.100698 15.681308
v 4.689277 0.046265 16.488302
v 4.891935 0.056519 15.657254
v 4.886974 0.100698 15.681308
v 4.902748 0.086713 16.521837
v 5.090373 0.096197 15.752449
v 4.897636 0.042021 16.539062
v 5.090373 0.096197 15.752449
v 5.095329 0.052007 15.728416
v 4.897636 0.042021 16.539062
v 2.003621 0.051362 14.911377
v 2.213485 0.047216 14.956024
v 2.007062 0.091258 14.900606
v 2.213485 0.047216 14.956024
v 2.216914 0.086998 14.945256
v 2.007062 0.091258 14.900606
v 1.941689 0.046921 15.165250
v 2.003621 0.051362 14.911377
v 1.943786 0.091460 15.160400
v 2.003621 0.051362 14.911377
v 2.007062 0.091258 14.900606
v 1.943786 0.091460 15.160400
v 2.008536 0.090306 15.135108
v 1.943786 0.091460 15.160400
v 2.007062 0.091258 14.900606
v 2.216914 0.086998 14.945256
v 2.008536 0.090306 15.135108
v 2.007062 0.091258 14.900606
v 2.216914 0.086998 14.945256
v 2.048466 0.089224 15.210968
v 2.008536 0.090306 15.135108
v 5.400213 -0.002169 15.523880
v 5.350471 -0.002174 15.754694
v 5.411455 0.042311 15.526628
v 5.350471 -0.002174 15.754694
v 5.361705 0.042316 15.757430
v 5.411455 0.042311 15.526628
v 4.827625 -0.002283 15.384401
v 5.400213 -0.002169 15.523880
v 4.833023 0.042201 15.385718
v 5.400213 -0.002169 15.523880
v 5.411455 0.042311 15.526628
v 4.833023 0.042201 15.385718
v 4.856964 0.042212 15.456032
v 4.833023 0.042201 15.385718
v 5.411455 0.042311 15.526628
v 5.361705 0.042316 15.757430
v 4.856964 0.042212 15.456032
v 5.411455 0.042311 15.526628
v 5.361705 0.042316 15.757430
v 4.779766 0.042201 15.501498
v 4.856964 0.042212 15.456032
v 1.596536 0.039997 15.083918
v 1.630224 0.039997 14.945666
v 1.666833 0.040003 14.936355
v 1.630224 0.039997 14.945666
v 1.596536 0.039997 15.083918
v 1.617507 -0.004493 14.946398
v 1.596536 0.039997 15.083918
v 1.584694 -0.004487 15.081044
v 1.617507 -0.004493 14.946398
v 1.666833 0.040003 14.936355
v 1.630224 0.039997 14.945666
v 1.659387 -0.004482 14.937263
v 1.630224 0.039997 14.945666
v 1.617507 -0.004493 14.946398
v 1.659387 -0.004482 14.937263
v 1.666833 0.040003 14.936355
v 1.638895 0.040003 14.910097
v 1.692814 0.040014 14.899709
v 1.628556 -0.004493 14.900986
v 1.683355 -0.004477 14.888260
v 1.638895 0.040003 14.910097
v 1.683355 -0.004477 14.888260
v 1.692814 0.040014 14.899709
v 1.638895 0.040003 14.910097
v 2.641220 0.043333 15.101951
v 1.653993 0.039997 14.848093
v 2.630126 -0.001146 15.099240
v 1.653993 0.039997 14.848093
v 1.642154 -0.004493 14.845209
v 2.630126 -0.001146 15.099240
v 1.692814 0.040014 14.899709
v 1.683355 -0.004477 14.888260
v 1.653993 0.039997 14.848093
v 1.683355 -0.004477 14.888260
v 1.642154 -0.004493 14.845209
v 1.653993 0.039997 14.848093
v 1.666833 0.040003 14.936355
v 1.659387 -0.004482 14.937263
v 1.638895 0.040003 14.910097
v 1.659387 -0.004482 14.937263
v 1.628556 -0.004493 14.900986
v 1.638895 0.040003 14.910097
v 2.580117 0.043322 15.336844
v 2.569003 -0.001162 15.334128
v 1.596536 0.039997 15.083918
v 2.569003 -0.001162 15.334128
v 1.584694 -0.004487 15.081044
v 1.596536 0.039997 15.083918
v 1.692814 0.040014 14.899709
v 1.653993 0.039997 14.848093
v 2.641220 0.043333 15.101951
v 2.580117 0.043322 15.336844
v 1.596536 0.039997 15.083918
v 1.666833 0.040003 14.936355
v 1.666833 0.040003 14.936355
v 1.692814 0.040014 14.899709
v 2.641220 0.043333 15.101951
v 1.666833 0.040003 14.936355
v 2.641220 0.043333 15.101951
v 2.580117 0.043322 15.336844
v 1.549580 0.047359 15.403861
v 1.933286 0.047430 15.497342
v 1.491541 0.047359 15.642099
v 1.933286 0.047430 15.497342
v 1.888630 0.047435 15.738831
v 1.491541 0.047359 15.642099
v 1.491541 0.047359 15.642099
v 1.500781 0.002879 15.644330
v 1.549580 0.047359 15.403861
v 1.500781 0.002879 15.644330
v 1.558806 0.002874 15.406105
v 1.549580 0.047359 15.403861
v 1.549580 0.047359 15.403861
v 1.558806 0.002874 15.406105
v 1.933286 0.047430 15.497342
v 1.558806 0.002874 15.406105
v 1.944666 0.002945 15.500125
v 1.933286 0.047430 15.497342
v 1.584307 -0.002874 15.370986
v 1.636595 -0.002874 15.129720
v 1.573052 0.041611 15.368245
v 1.636595 -0.002874 15.129720
v 1.625350 0.041611 15.126983
v 1.573052 0.041611 15.368245
v 2.156881 -0.002765 15.510474
v 1.584307 -0.002874 15.370986
v 2.151494 0.041720 15.509158
v 1.584307 -0.002874 15.370986
v 1.573052 0.041611 15.368245
v 2.151494 0.041720 15.509158
v 2.128207 0.041715 15.436066
v 2.151494 0.041720 15.509158
v 1.573052 0.041611 15.368245
v 1.625350 0.041611 15.126983
v 2.128207 0.041715 15.436066
v 1.573052 0.041611 15.368245
v 1.625350 0.041611 15.126983
v 2.206099 0.041725 15.387836
v 2.128207 0.041715 15.436066
v 4.214178 0.043197 15.139426
v 4.210645 0.087599 15.159746
v 3.999992 0.047348 15.115050
v 4.210645 0.087599 15.159746
v 3.996461 0.091739 15.135365
v 3.999992 0.047348 15.115050
v 3.967002 0.083279 16.275928
v 3.963424 0.038750 16.288206
v 3.755210 0.087446 16.241388
v 3.963424 0.038750 16.288206
v 3.751634 0.042929 16.253660
v 3.755210 0.087446 16.241388
v 3.755210 0.087446 16.241388
v 3.751634 0.042929 16.253660
v 3.996461 0.091739 15.135365
v 3.751634 0.042929 16.253660
v 3.999992 0.047348 15.115050
v 3.996461 0.091739 15.135365
v 4.066684 0.086205 15.671338
v 4.210645 0.087599 15.159746
v 4.093120 0.085499 15.698572
v 4.062803 0.084963 15.837503
v 4.063076 0.040500 15.832148
v 3.967002 0.083279 16.275928
v 4.063076 0.040500 15.832148
v 3.963424 0.038750 16.288206
v 3.967002 0.083279 16.275928
v 4.062803 0.084963 15.837503
v 4.040943 0.085565 15.812245
v 4.063076 0.040500 15.832148
v 4.040943 0.085565 15.812245
v 4.033805 0.041299 15.799707
v 4.063076 0.040500 15.832148
v 4.062006 0.041786 15.672988
v 4.066684 0.086205 15.671338
v 4.091807 0.041015 15.700438
v 4.093120 0.085499 15.698572
v 4.091807 0.041015 15.700438
v 4.066684 0.086205 15.671338
v 3.751634 0.042929 16.253660
v 3.963424 0.038750 16.288206
v 4.063076 0.040500 15.832148
v 4.214178 0.043197 15.139426
v 4.091807 0.041015 15.700438
v 4.210645 0.087599 15.159746
v 4.093120 0.085499 15.698572
v 4.210645 0.087599 15.159746
v 4.091807 0.041015 15.700438
v 4.040943 0.085565 15.812245
v 4.018549 0.086336 15.766406
v 4.033805 0.041299 15.799707
v 4.018549 0.086336 15.766406
v 4.022099 0.041884 15.753665
v 4.033805 0.041299 15.799707
v 4.062006 0.041786 15.672988
v 4.035280 0.042114 15.693727
v 4.066684 0.086205 15.671338
v 4.035280 0.042114 15.693727
v 4.022012 0.086697 15.713312
v 4.066684 0.086205 15.671338
v 4.035280 0.042114 15.693727
v 4.022099 0.041884 15.753665
v 4.022012 0.086697 15.713312
v 4.022099 0.041884 15.753665
v 4.018549 0.086336 15.766406
v 4.022012 0.086697 15.713312
v 4.066684 0.086205 15.671338
v 4.022012 0.086697 15.713312
v 3.996461 0.091739 15.135365
v 4.066684 0.086205 15.671338
v 3.996461 0.091739 15.135365
v 4.210645 0.087599 15.159746
v 4.040943 0.085565 15.812245
v 3.967002 0.083279 16.275928
v 3.755210 0.087446 16.241388
v 4.018549 0.086336 15.766406
v 4.040943 0.085565 15.812245
v 3.755210 0.087446 16.241388
v 4.022012 0.086697 15.713312
v 3.755210 0.087446 16.241388
v 3.996461 0.091739 15.135365
v 4.022012 0.086697 15.713312
v 4.018549 0.086336 15.766406
v 3.755210 0.087446 16.241388
v 4.040943 0.085565 15.812245
v 4.062803 0.084963 15.837503
v 3.967002 0.083279 16.275928
v 4.062006 0.041786 15.672988
v 4.091807 0.041015 15.700438
v 4.214178 0.043197 15.139426
v 4.062006 0.041786 15.672988
v 4.214178 0.043197 15.139426
v 3.999992 0.047348 15.115050
v 4.035280 0.042114 15.693727
v 4.062006 0.041786 15.672988
v 3.999992 0.047348 15.115050
v 4.033805 0.041299 15.799707
v 4.022099 0.041884 15.753665
v 3.751634 0.042929 16.253660
v 3.751634 0.042929 16.253660
v 4.022099 0.041884 15.753665
v 3.999992 0.047348 15.115050
v 4.022099 0.041884 15.753665
v 4.035280 0.042114 15.693727
v 3.999992 0.047348 15.115050
v 4.033805 0.041299 15.799707
v 3.751634 0.042929 16.253660
v 4.063076 0.040500 15.832148
v -0.182324 0.056519 13.341228
v 0.032870 0.052007 13.330070
v -0.177806 0.100697 13.365371
v 0.032870 0.052007 13.330070
v 0.037385 0.096196 13.354189
v -0.177806 0.100697 13.365371
v -0.177806 0.100697 13.365371
v 0.037385 0.096196 13.354189
v -0.056976 0.090963 14.169255
v 0.037385 0.096196 13.354189
v 0.155087 0.086713 14.137328
v -0.056976 0.090963 14.169255
v 0.155087 0.086713 14.137328
v 0.156878 0.042021 14.155207
v -0.056976 0.090963 14.169255
v 0.156878 0.042021 14.155207
v -0.055186 0.046265 14.187128
v -0.056976 0.090963 14.169255
v -0.056976 0.090963 14.169255
v -0.055186 0.046265 14.187128
v -0.177806 0.100697 13.365371
v -0.055186 0.046265 14.187128
v -0.182324 0.056519 13.341228
v -0.177806 0.100697 13.365371
v 0.155087 0.086713 14.137328
v 0.037385 0.096196 13.354189
v 0.156878 0.042021 14.155207
v 0.037385 0.096196 13.354189
v 0.032870 0.052007 13.330070
v 0.156878 0.042021 14.155207
v -3.137985 0.051362 13.744654
v -2.926844 0.047216 13.706505
v -3.138880 0.091258 13.733382
v -2.926844 0.047216 13.706505
v -2.927748 0.086998 13.695239
v -3.138880 0.091258 13.733382
v -3.099169 0.046921 14.003072
v -3.137985 0.051362 13.744654
v -3.099064 0.091460 13.997790
v -3.137985 0.051362 13.744654
v -3.138880 0.091258 13.733382
v -3.099064 0.091460 13.997790
v -3.048714 0.090306 13.949860
v -3.099064 0.091460 13.997790
v -3.138880 0.091258 13.733382
v -2.927748 0.086998 13.695239
v -3.048714 0.090306 13.949860
v -3.138880 0.091258 13.733382
v -2.927748 0.086998 13.695239
v -2.983030 0.089224 14.004951
v -3.048714 0.090306 13.949860
v 0.237594 -0.002169 13.025311
v 0.278963 -0.002174 13.257771
v 0.249040 0.042310 13.023598
v 0.278963 -0.002174 13.257771
v 0.290396 0.042316 13.256049
v 0.249040 0.042310 13.023598
v -0.345169 -0.002284 13.113048
v 0.237594 -0.002169 13.025311
v -0.339674 0.042201 13.112224
v 0.237594 -0.002169 13.025311
v 0.249040 0.042310 13.023598
v -0.339674 0.042201 13.112224
v -0.290890 0.042212 13.168236
v -0.339674 0.042201 13.112224
v 0.249040 0.042310 13.023598
v 0.290396 0.042316 13.256049
v -0.290890 0.042212 13.168236
v 0.249040 0.042310 13.023598
v 0.290396 0.042316 13.256049
v -0.345121 0.042201 13.239548
v -0.290890 0.042212 13.168236
v -3.449415 0.039997 14.058499
v -3.470589 0.039997 13.917789
v -3.440234 0.040003 13.895307
v -3.470589 0.039997 13.917789
v -3.449415 0.039997 14.058499
v -3.482084 -0.004493 13.923281
v -3.449415 0.039997 14.058499
v -3.461464 -0.004488 14.060325
v -3.482084 -0.004493 13.923281
v -3.440234 0.040003 13.895307
v -3.470589 0.039997 13.917789
v -3.446781 -0.004482 13.898967
v -3.470589 0.039997 13.917789
v -3.482084 -0.004493 13.923281
v -3.446781 -0.004482 13.898967
v -3.440234 0.040003 13.895307
v -3.476034 0.040003 13.881584
v -3.430064 0.040014 13.851552
v -3.489053 -0.004493 13.877068
v -3.443154 -0.004477 13.844538
v -3.476034 0.040003 13.881584
v -3.443154 -0.004477 13.844538
v -3.430064 0.040014 13.851552
v -3.476034 0.040003 13.881584
v -2.475704 0.043333 13.679587
v -3.485541 0.039997 13.818480
v -2.486998 -0.001146 13.681279
v -3.485541 0.039997 13.818480
v -3.497590 -0.004493 13.820294
v -2.486998 -0.001146 13.681279
v -3.430064 0.040014 13.851552
v -3.443154 -0.004477 13.844538
v -3.485541 0.039997 13.818480
v -3.443154 -0.004477 13.844538
v -3.497590 -0.004493 13.820294
v -3.485541 0.039997 13.818480
v -3.440234 0.040003 13.895307
v -3.446781 -0.004482 13.898967
v -3.476034 0.040003 13.881584
v -3.446781 -0.004482 13.898967
v -3.489053 -0.004493 13.877068
v -3.476034 0.040003 13.881584
v -2.443306 0.043322 13.920125
v -2.454621 -0.001162 13.921821
v -3.449415 0.039997 14.058499
v -2.454621 -0.001162 13.921821
v -3.461464 -0.004488 14.060325
v -3.449415 0.039997 14.058499
v -3.430064 0.040014 13.851552
v -3.485541 0.039997 13.818480
v -2.475704 0.043333 13.679587
v -2.443306 0.043322 13.920125
v -3.449415 0.039997 14.058499
v -3.440234 0.040003 13.895307
v -3.440234 0.040003 13.895307
v -3.430064 0.040014 13.851552
v -2.475704 0.043333 13.679587
v -3.440234 0.040003 13.895307
v -2.475704 0.043333 13.679587
v -2.443306 0.043322 13.920125
v -3.371717 0.047358 14.372397
v -2.981188 0.047430 14.313614
v -3.335218 0.047359 14.614873
v -2.981188 0.047430 14.313614
v -2.931071 0.047435 14.554029
v -3.335218 0.047359 14.614873
v -3.335218 0.047359 14.614873
v -3.325820 0.002879 14.613439
v -3.371717 0.047358 14.372397
v -3.325820 0.002879 14.613439
v -3.362329 0.002874 14.370981
v -3.371717 0.047358 14.372397
v -3.371717 0.047358 14.372397
v -3.362329 0.002874 14.370981
v -2.981188 0.047430 14.313614
v -3.362329 0.002874 14.370981
v -2.969601 0.002945 14.311881
v -2.981188 0.047430 14.313614
v -3.352026 -0.002874 14.328821
v -3.394995 -0.002874 14.085723
v -3.363480 0.041611 14.330546
v -3.394995 -0.002874 14.085723
v -3.406439 0.041611 14.087447
v -3.363480 0.041611 14.330546
v -2.769272 -0.002765 14.241096
v -3.352026 -0.002874 14.328821
v -2.774756 0.041720 14.241920
v -3.352026 -0.002874 14.328821
v -3.363480 0.041611 14.330546
v -2.774756 0.041720 14.241920
v -2.823988 0.041714 14.183087
v -2.774756 0.041720 14.241920
v -3.363480 0.041611 14.330546
v -3.406439 0.041611 14.087447
v -2.823988 0.041714 14.183087
v -3.363480 0.041611 14.330546
v -3.406439 0.041611 14.087447
v -2.770160 0.041725 14.108954
v -2.823988 0.041714 14.183087
v -1.005699 0.043196 13.118619
v -1.001273 0.087599 13.138763
v -1.213164 0.047347 13.177167
v -1.001273 0.087599 13.138763
v -1.208739 0.091739 13.197307
v -1.213164 0.047347 13.177167
v -0.804093 0.083279 14.264084
v -0.802754 0.038750 14.276802
v -1.013191 0.087446 14.312319
v -0.802754 0.038750 14.276802
v -1.011854 0.042929 14.325030
v -1.013191 0.087446 14.312319
v -1.013191 0.087446 14.312319
v -1.011854 0.042929 14.325030
v -1.208739 0.091739 13.197307
v -1.011854 0.042929 14.325030
v -1.213164 0.047347 13.177167
v -1.208739 0.091739 13.197307
v -0.940782 0.086205 13.666771
v -1.001273 0.087599 13.138763
v -0.906002 0.085499 13.681966
v -0.881451 0.084963 13.822031
v -0.883226 0.040500 13.816971
v -0.804093 0.083279 14.264084
v -0.883226 0.040500 13.816971
v -0.802754 0.038750 14.276802
v -0.804093 0.083279 14.264084
v -0.881451 0.084963 13.822031
v -0.911247 0.085565 13.806932
v -0.883226 0.040500 13.816971
v -0.911247 0.085565 13.806932
v -0.922601 0.041299 13.798032
v -0.883226 0.040500 13.816971
v -0.944486 0.041786 13.670070
v -0.940782 0.086205 13.666771
v -0.906510 0.041014 13.684191
v -0.906002 0.085499 13.681966
v -0.906510 0.041014 13.684191
v -0.940782 0.086205 13.666771
v -1.011854 0.042929 14.325030
v -0.802754 0.038750 14.276802
v -0.883226 0.040500 13.816971
v -1.005699 0.043196 13.118619
v -0.906510 0.041014 13.684191
v -1.001273 0.087599 13.138763
v -0.906002 0.085499 13.681966
v -1.001273 0.087599 13.138763
v -0.906510 0.041014 13.684191
v -0.911247 0.085565 13.806932
v -0.949331 0.086336 13.772987
v -0.922601 0.041299 13.798032
v -0.949331 0.086336 13.772987
v -0.950871 0.041884 13.759851
v -0.922601 0.041299 13.798032
v -0.944486 0.041786 13.670070
v -0.961369 0.042114 13.699386
v -0.940782 0.086205 13.666771
v -0.961369 0.042114 13.699386
v -0.966232 0.086697 13.722536
v -0.940782 0.086205 13.666771
v -0.961369 0.042114 13.699386
v -0.950871 0.041884 13.759851
v -0.966232 0.086697 13.722536
v -0.950871 0.041884 13.759851
v -0.949331 0.086336 13.772987
v -0.966232 0.086697 13.722536
v -0.940782 0.086205 13.666771
v -0.966232 0.086697 13.722536
v -1.208739 0.091739 13.197307
v -0.940782 0.086205 13.666771
v -1.208739 0.091739 13.197307
v -1.001273 0.087599 13.138763
v -0.911247 0.085565 13.806932
v -0.804093 0.083279 14.264084
v -1.013191 0.087446 14.312319
v -0.949331 0.086336 13.772987
v -0.911247 0.085565 13.806932
v -1.013191 0.087446 14.312319
v -0.966232 0.086697 13.722536
v -1.013191 0.087446 14.312319
v -1.208739 0.091739 13.197307
v -0.966232 0.086697 13.722536
v -0.949331 0.086336 13.772987
v -1.013191 0.087446 14.312319
v -0.911247 0.085565 13.806932
v -0.881451 0.084963 13.822031
v -0.804093 0.083279 14.264084
v -0.944486 0.041786 13.670070
v -0.906510 0.041014 13.684191
v -1.005699 0.043196 13.118619
v -0.944486 0.041786 13.670070
v -1.005699 0.043196 13.118619
v -1.213164 0.047347 13.177167
v -0.961369 0.042114 13.699386
v -0.944486 0.041786 13.670070
v -1.213164 0.047347 13.177167
v -0.922601 0.041299 13.798032
v -0.950871 0.041884 13.759851
v -1.011854 0.042929 14.325030
v -1.011854 0.042929 14.325030
v -0.950871 0.041884 13.759851
v -1.213164 0.047347 13.177167
v -0.950871 0.041884 13.759851
v -0.961369 0.042114 13.699386
v -1.213164 0.047347 13.177167
v -0.922601 0.041299 13.798032
v -1.011854 0.042929 14.325030
v -0.883226 0.040500 13.816971
v -2.246337 0.093976 13.304845
v -2.033700 0.089694 13.276575
v -2.158166 0.088037 14.118942
v -2.033700 0.089694 13.276575
v -1.943916 0.083651 14.105357
v -2.158166 0.088037 14.118942
v -1.943371 0.039073 14.118805
v -1.943916 0.083651 14.105357
v -2.035979 0.045307 13.263923
v -1.943916 0.083651 14.105357
v -2.033700 0.089694 13.276575
v -2.035979 0.045307 13.263923
v -5.036649 0.899362 14.975280
v -5.251332 0.882387 14.966535
v -5.035975 0.886339 14.926444
v -5.251332 0.882387 14.966535
v -5.250658 0.869388 14.917693
v -5.035975 0.886339 14.926444
v -5.035975 0.886339 14.926444
v -5.250658 0.869388 14.917693
v -5.045295 0.095708 14.737389
v -5.250658 0.869388 14.917693
v -5.259726 0.099162 14.733518
v -5.045295 0.095708 14.737389
v -5.259726 0.099162 14.733518
v -5.260880 0.070858 14.772476
v -5.045295 0.095708 14.737389
v -5.260880 0.070858 14.772476
v -5.046449 0.067408 14.776355
v -5.045295 0.095708 14.737389
v -5.045295 0.095708 14.737389
v -5.046449 0.067408 14.776355
v -5.035975 0.886339 14.926444
v -5.046449 0.067408 14.776355
v -5.036649 0.899362 14.975280
v -5.035975 0.886339 14.926444
v -5.259726 0.099162 14.733518
v -5.250658 0.869388 14.917693
v -5.260880 0.070858 14.772476
v -5.250658 0.869388 14.917693
v -5.251332 0.882387 14.966535
v -5.260880 0.070858 14.772476
v -2.056342 0.875524 15.101428
v -2.270715 0.885103 15.098991
v -2.055364 0.896195 15.065493
v -2.270715 0.885103 15.098991
v -2.269730 0.905740 15.063166
v -2.055364 0.896195 15.065493
v -2.059367 0.621050 15.041926
v -2.056342 0.875524 15.101428
v -2.058361 0.636965 15.000005
v -2.056342 0.875524 15.101428
v -2.055364 0.896195 15.065493
v -2.058361 0.636965 15.000005
v -2.114833 0.676565 15.008746
v -2.058361 0.636965 15.000005
v -2.055364 0.896195 15.065493
v -2.269730 0.905740 15.063166
v -2.114833 0.676565 15.008746
v -2.055364 0.896195 15.065493
v -2.269730 0.905740 15.063166
v -2.172297 0.615183 14.991991
v -2.114833 0.676565 15.008746
v -5.498117 1.137046 15.075943
v -5.507057 0.908308 15.018081
v -5.507845 1.148111 15.032409
v -5.507057 0.908308 15.018081
v -5.516774 0.919387 14.974540
v -5.507845 1.148111 15.032409
v -4.909329 1.124683 15.098007
v -5.498117 1.137046 15.075943
v -4.913046 1.135631 15.054694
v -5.498117 1.137046 15.075943
v -5.507845 1.148111 15.032409
v -4.913046 1.135631 15.054694
v -4.953613 1.075719 15.037900
v -4.913046 1.135631 15.054694
v -5.507845 1.148111 15.032409
v -5.516774 0.919387 14.974540
v -4.953613 1.075719 15.037900
v -5.507845 1.148111 15.032409
v -5.516774 0.919387 14.974540
v -4.890129 1.013821 15.025055
v -4.953613 1.075719 15.037900
v -1.705411 0.609356 15.061194
v -1.703826 0.747335 15.095939
v -1.736961 0.765210 15.099016
v -1.703826 0.747335 15.095939
v -1.705411 0.609356 15.061194
v -1.693529 0.732639 15.138596
v -1.705411 0.609356 15.061194
v -1.695070 0.598257 15.104752
v -1.693529 0.732639 15.138596
v -1.736961 0.765210 15.099016
v -1.703826 0.747335 15.095939
v -1.731812 0.751665 15.141738
v -1.703826 0.747335 15.095939
v -1.693529 0.732639 15.138596
v -1.731812 0.751665 15.141738
v -1.736961 0.765210 15.099016
v -1.703421 0.782838 15.104874
v -1.753048 0.806046 15.108583
v -1.692994 0.777956 15.150008
v -1.742894 0.803577 15.154307
v -1.703421 0.782838 15.104874
v -1.742894 0.803577 15.154307
v -1.753048 0.806046 15.108583
v -1.703421 0.782838 15.104874
v -2.721038 0.854262 15.076085
v -1.702700 0.844717 15.120461
v -2.711462 0.843198 15.119614
v -1.702700 0.844717 15.120461
v -1.692360 0.833627 15.164026
v -2.711462 0.843198 15.119614
v -1.753048 0.806046 15.108583
v -1.742894 0.803577 15.154307
v -1.702700 0.844717 15.120461
v -1.742894 0.803577 15.154307
v -1.692360 0.833627 15.164026
v -1.702700 0.844717 15.120461
v -1.736961 0.765210 15.099016
v -1.731812 0.751665 15.141738
v -1.703421 0.782838 15.104874
v -1.731812 0.751665 15.141738
v -1.692994 0.777956 15.150008
v -1.703421 0.782838 15.104874
v -2.719989 0.618861 15.016978
v -2.710392 0.607796 15.060513
v -1.705411 0.609356 15.061194
v -2.710392 0.607796 15.060513
v -1.695070 0.598257 15.104752
v -1.705411 0.609356 15.061194
v -1.753048 0.806046 15.108583
v -1.702700 0.844717 15.120461
v -2.721038 0.854262 15.076085
v -2.719989 0.618861 15.016978
v -1.705411 0.609356 15.061194
v -1.736961 0.765210 15.099016
v -1.736961 0.765210 15.099016
v -1.753048 0.806046 15.108583
v -2.721038 0.854262 15.076085
v -1.736961 0.765210 15.099016
v -2.721038 0.854262 15.076085
v -2.719989 0.618861 15.016978
v -1.738789 0.299578 14.974322
v -2.133355 0.307850 14.959538
v -1.741532 0.061810 14.914449
v -2.133355 0.307850 14.959538
v -2.149857 0.070381 14.899149
v -1.741532 0.061810 14.914449
v -1.741532 0.061810 14.914449
v -1.752863 0.051195 14.957201
v -1.738789 0.299578 14.974322
v -1.752863 0.051195 14.957201
v -1.750110 0.288946 15.017076
v -1.738789 0.299578 14.974322
v -1.738789 0.299578 14.974322
v -1.750110 0.288946 15.017076
v -2.133355 0.307850 14.959538
v -1.750110 0.288946 15.017076
v -2.146894 0.297251 15.002207
v -2.133355 0.307850 14.959538
v -1.766346 0.326830 15.031837
v -1.757286 0.565999 15.092333
v -1.752938 0.337420 14.989163
v -1.757286 0.565999 15.092333
v -1.743889 0.576589 15.049657
v -1.752938 0.337420 14.989163
v -2.355123 0.339181 15.009775
v -1.766346 0.326830 15.031837
v -2.347748 0.349901 14.966876
v -1.766346 0.326830 15.031837
v -1.752938 0.337420 14.989163
v -2.347748 0.349901 14.966876
v -2.307127 0.412582 14.984365
v -2.347748 0.349901 14.966876
v -1.752938 0.337420 14.989163
v -1.743889 0.576589 15.049657
v -2.307127 0.412582 14.984365
v -1.752938 0.337420 14.989163
v -1.743889 0.576589 15.049657
v -2.370600 0.477243 14.997902
v -2.307127 0.412582 14.984365
v -4.253013 1.212083 15.100967
v -4.252788 1.202970 15.052864
v -4.039470 1.182428 15.098317
v -4.252788 1.202970 15.052864
v -4.039246 1.173318 15.050226
v -4.039470 1.182428 15.098317
v -4.293195 0.095004 14.777145
v -4.294605 0.071760 14.817195
v -4.079455 0.075476 14.777031
v -4.294605 0.071760 14.817195
v -4.080864 0.052240 14.817073
v -4.079455 0.075476 14.777031
v -4.079455 0.075476 14.777031
v -4.080864 0.052240 14.817073
v -4.039246 1.173318 15.050226
v -4.080864 0.052240 14.817073
v -4.039470 1.182428 15.098317
v -4.039246 1.173318 15.050226
v -4.240026 0.687220 14.925226
v -4.252788 1.202970 15.052864
v -4.272382 0.668130 14.919779
v -4.277421 0.530224 14.885459
v -4.278194 0.524483 14.929868
v -4.293195 0.095004 14.777145
v -4.278194 0.524483 14.929868
v -4.294605 0.071760 14.817195
v -4.293195 0.095004 14.777145
v -4.277421 0.530224 14.885459
v -4.249987 0.548580 14.890619
v -4.278194 0.524483 14.929868
v -4.249987 0.548580 14.890619
v -4.241802 0.547766 14.936444
v -4.278194 0.524483 14.929868
v -4.237738 0.673687 14.967761
v -4.240026 0.687220 14.925226
v -4.273408 0.655220 14.962398
v -4.272382 0.668130 14.919779
v -4.273408 0.655220 14.962398
v -4.240026 0.687220 14.925226
v -4.253013 1.212083 15.100967
v -4.273408 0.655220 14.962398
v -4.252788 1.202970 15.052864
v -4.272382 0.668130 14.919779
v -4.252788 1.202970 15.052864
v -4.273408 0.655220 14.962398
v -4.249987 0.548580 14.890619
v -4.216939 0.586131 14.900667
v -4.241802 0.547766 14.936444
v -4.216939 0.586131 14.900667
v -4.219057 0.588134 14.946953
v -4.241802 0.547766 14.936444
v -4.237738 0.673687 14.967761
v -4.216981 0.647654 14.961763
v -4.240026 0.687220 14.925226
v -4.216981 0.647654 14.961763
v -4.207143 0.636843 14.913455
v -4.240026 0.687220 14.925226
v -4.216981 0.647654 14.961763
v -4.219057 0.588134 14.946953
v -4.207143 0.636843 14.913455
v -4.219057 0.588134 14.946953
v -4.216939 0.586131 14.900667
v -4.207143 0.636843 14.913455
v -4.240026 0.687220 14.925226
v -4.207143 0.636843 14.913455
v -4.039246 1.173318 15.050226
v -4.240026 0.687220 14.925226
v -4.039246 1.173318 15.050226
v -4.252788 1.202970 15.052864
v -4.249987 0.548580 14.890619
v -4.293195 0.095004 14.777145
v -4.079455 0.075476 14.777031
v -4.216939 0.586131 14.900667
v -4.249987 0.548580 14.890619
v -4.079455 0.075476 14.777031
v -4.207143 0.636843 14.913455
v -4.079455 0.075476 14.777031
v -4.039246 1.173318 15.050226
v -4.207143 0.636843 14.913455
v -4.216939 0.586131 14.900667
v -4.079455 0.075476 14.777031
v -4.249987 0.548580 14.890619
v -4.277421 0.530224 14.885459
v -4.293195 0.095004 14.777145
v -2.997521 1.198725 15.098630
v -3.212020 1.198581 15.093886
v -2.972958 0.403232 14.905878
v -3.212020 1.198581 15.093886
v -3.187035 0.388738 14.897652
v -2.972958 0.403232 14.905878
v -3.187561 0.364879 14.937637
v -3.187035 0.388738 14.897652
v -3.213336 1.200225 15.140048
v -3.187035 0.388738 14.897652
v -3.212020 1.198581 15.093886
v -3.213336 1.200225 15.140048
v -4.117769 0.056519 15.588908
v -3.954727 0.052007 15.729800
v -4.131218 0.100698 15.609459
v -3.954727 0.052007 15.729800
v -3.968163 0.096197 15.750335
v -4.131218 0.100698 15.609459
v -4.131218 0.100698 15.609459
v -3.968163 0.096197 15.750335
v -4.600415 0.090963 16.273300
v -3.968163 0.096197 15.750335
v -4.425260 0.086713 16.397036
v -4.600415 0.090963 16.273300
v -4.425260 0.086713 16.397036
v -4.436341 0.042021 16.411179
v -4.600415 0.090963 16.273300
v -4.436341 0.042021 16.411179
v -4.611494 0.046265 16.287439
v -4.600415 0.090963 16.273300
v -4.600415 0.090963 16.273300
v -4.611494 0.046265 16.287439
v -4.131218 0.100698 15.609459
v -4.611494 0.046265 16.287439
v -4.117769 0.056519 15.588908
v -4.131218 0.100698 15.609459
v -4.425260 0.086713 16.397036
v -3.968163 0.096197 15.750335
v -4.436341 0.042021 16.411179
v -3.968163 0.096197 15.750335
v -3.954727 0.052007 15.729800
v -4.436341 0.042021 16.411179
v -6.530265 0.051362 13.834328
v -6.351468 0.047216 13.952936
v -6.523109 0.091258 13.825574
v -6.351468 0.047216 13.952936
v -6.344323 0.086998 13.944179
v -6.523109 0.091258 13.825574
v -6.681113 0.046921 14.047711
v -6.530265 0.051362 13.834328
v -6.677381 0.091460 14.043971
v -6.530265 0.051362 13.834328
v -6.523109 0.091258 13.825574
v -6.677381 0.091460 14.043971
v -6.607867 0.090306 14.044227
v -6.677381 0.091460 14.043971
v -6.523109 0.091258 13.825574
v -6.344323 0.086998 13.944179
v -6.607867 0.090306 14.044227
v -6.523109 0.091258 13.825574
v -6.344323 0.086998 13.944179
v -6.598589 0.089224 14.129453
v -6.607867 0.090306 14.044227
v -3.596029 -0.002169 15.651538
v -3.727068 -0.002174 15.847951
v -3.586583 0.042311 15.658225
v -3.727068 -0.002174 15.847951
v -3.717624 0.042316 15.854622
v -3.586583 0.042311 15.658225
v -4.077369 -0.002283 15.311505
v -3.596029 -0.002169 15.651538
v -4.072832 0.042201 15.314713
v -3.596029 -0.002169 15.651538
v -3.586583 0.042311 15.658225
v -4.072832 0.042201 15.314713
v -4.076391 0.042212 15.388906
v -4.072832 0.042201 15.314713
v -3.586583 0.042311 15.658225
v -3.717624 0.042316 15.854622
v -4.076391 0.042212 15.388906
v -3.586583 0.042311 15.658225
v -3.717624 0.042316 15.854622
v -4.164891 0.042201 15.402840
v -4.076391 0.042212 15.388906
v -6.972270 0.039997 13.845293
v -6.890159 0.039997 13.729079
v -6.852689 0.040003 13.733863
v -6.890159 0.039997 13.729079
v -6.972270 0.039997 13.845293
v -6.902256 -0.004493 13.725087
v -6.972270 0.039997 13.845293
v -6.982229 -0.004488 13.838272
v -6.902256 -0.004493 13.725087
v -6.852689 0.040003 13.733863
v -6.890159 0.039997 13.729079
v -6.859947 -0.004482 13.731974
v -6.890159 0.039997 13.729079
v -6.902256 -0.004493 13.725087
v -6.859947 -0.004482 13.731974
v -6.852689 0.040003 13.733863
v -6.869030 0.040003 13.699180
v -6.815063 0.040014 13.709322
v -6.875300 -0.004493 13.686908
v -6.819657 -0.004477 13.695200
v -6.869030 0.040003 13.699180
v -6.819657 -0.004477 13.695200
v -6.815063 0.040014 13.709322
v -6.869030 0.040003 13.699180
v -6.007225 0.043333 14.245763
v -6.832214 0.039997 13.647054
v -6.016547 -0.001146 14.239168
v -6.832214 0.039997 13.647054
v -6.842166 -0.004493 13.640022
v -6.016547 -0.001146 14.239168
v -6.815063 0.040014 13.709322
v -6.819657 -0.004477 13.695200
v -6.832214 0.039997 13.647054
v -6.819657 -0.004477 13.695200
v -6.842166 -0.004493 13.640022
v -6.832214 0.039997 13.647054
v -6.852689 0.040003 13.733863
v -6.859947 -0.004482 13.731974
v -6.869030 0.040003 13.699180
v -6.859947 -0.004482 13.731974
v -6.875300 -0.004493 13.686908
v -6.869030 0.040003 13.699180
v -6.150329 0.043322 14.441797
v -6.159669 -0.001162 14.435188
v -6.972270 0.039997 13.845293
v -6.159669 -0.001162 14.435188
v -6.982229 -0.004488 13.838272
v -6.972270 0.039997 13.845293
v -6.815063 0.040014 13.709322
v -6.832214 0.039997 13.647054
v -6.007225 0.043333 14.245763
v -6.150329 0.043322 14.441797
v -6.972270 0.039997 13.845293
v -6.852689 0.040003 13.733863
v -6.852689 0.040003 13.733863
v -6.815063 0.040014 13.709322
v -6.007225 0.043333 14.245763
v -6.852689 0.040003 13.733863
v -6.007225 0.043333 14.245763
v -6.150329 0.043322 14.441797
v -7.133454 0.047358 14.125628
v -6.810900 0.047430 14.353507
v -7.274938 0.047358 14.325900
v -6.810900 0.047430 14.353507
v -6.941131 0.047435 14.561716
v -7.274938 0.047358 14.325900
v -7.274938 0.047358 14.325900
v -7.267163 0.002879 14.331369
v -7.133454 0.047358 14.125628
v -7.267163 0.002879 14.331369
v -7.125698 0.002874 14.131105
v -7.133454 0.047358 14.125628
v -7.133454 0.047358 14.125628
v -7.125698 0.002874 14.131105
v -6.810900 0.047430 14.353507
v -7.125698 0.002874 14.131105
v -6.801338 0.002945 14.360275
v -6.810900 0.047430 14.353507
v -7.089080 -0.002874 14.107806
v -6.951833 -0.002874 13.902608
v -7.098542 0.041611 14.101125
v -6.951833 -0.002874 13.902608
v -6.961287 0.041611 13.895932
v -7.098542 0.041611 14.101125
v -6.607755 -0.002765 14.447843
v -7.089080 -0.002874 14.107806
v -6.612283 0.041720 14.444641
v -7.089080 -0.002874 14.107806
v -7.098542 0.041611 14.101125
v -6.612283 0.041720 14.444641
v -6.607096 0.041714 14.368103
v -6.612283 0.041720 14.444641
v -7.098542 0.041611 14.101125
v -6.961287 0.041611 13.895932
v -6.607096 0.041714 14.368103
v -7.098542 0.041611 14.101125
v -6.961287 0.041611 13.895932
v -6.516935 0.041725 14.351854
v -6.607096 0.041714 14.368103
v -4.557966 0.043197 14.858340
v -4.568716 0.087599 14.875945
v -4.748229 0.047348 14.757003
v -4.568716 0.087599 14.875945
v -4.758976 0.091739 14.774602
v -4.748229 0.047348 14.757003
v -5.205287 0.083279 15.824628
v -5.213123 0.038750 15.834734
v -5.389590 0.087446 15.714716
v -5.213123 0.038750 15.834734
v -5.397423 0.042929 15.724815
v -5.389590 0.087446 15.714716
v -5.389590 0.087446 15.714716
v -5.397423 0.042929 15.724815
v -4.758976 0.091739 14.774602
v -5.397423 0.042929 15.724815
v -4.748229 0.047348 14.757003
v -4.758976 0.091739 14.774602
v -4.890514 0.086205 15.298906
v -4.568716 0.087599 14.875945
v -4.875929 0.085499 15.333945
v -4.955154 0.084963 15.452031
v -4.952934 0.040500 15.447151
v -5.205287 0.083279 15.824628
v -4.952934 0.040500 15.447151
v -5.213123 0.038750 15.834734
v -5.205287 0.083279 15.824628
v -4.955154 0.084963 15.452031
v -4.966210 0.085565 15.420511
v -4.952934 0.040500 15.447151
v -4.966210 0.085565 15.420511
v -4.968244 0.041299 15.406227
v -4.952934 0.040500 15.447151
v -4.895471 0.041786 15.298723
v -4.890514 0.086205 15.298906
v -4.877835 0.041015 15.335199
v -4.875929 0.085499 15.333945
v -4.877835 0.041015 15.335199
v -4.890514 0.086205 15.298906
v -5.397423 0.042929 15.724815
v -5.213123 0.038750 15.834734
v -4.952934 0.040500 15.447151
v -4.557966 0.043197 14.858340
v -4.877835 0.041015 15.335199
v -4.568716 0.087599 14.875945
v -4.875929 0.085499 15.333945
v -4.568716 0.087599 14.875945
v -4.877835 0.041015 15.335199
v -4.966210 0.085565 15.420511
v -4.970202 0.086336 15.369651
v -4.968244 0.041299 15.406227
v -4.970202 0.086336 15.369651
v -4.962221 0.041884 15.359103
v -4.968244 0.041299 15.406227
v -4.895471 0.041786 15.298723
v -4.927948 0.042114 15.308196
v -4.890514 0.086205 15.298906
v -4.927948 0.042114 15.308196
v -4.947481 0.086697 15.321538
v -4.890514 0.086205 15.298906
v -4.927948 0.042114 15.308196
v -4.962221 0.041884 15.359103
v -4.947481 0.086697 15.321538
v -4.962221 0.041884 15.359103
v -4.970202 0.086336 15.369651
v -4.947481 0.086697 15.321538
v -4.890514 0.086205 15.298906
v -4.947481 0.086697 15.321538
v -4.758976 0.091739 14.774602
v -4.890514 0.086205 15.298906
v -4.758976 0.091739 14.774602
v -4.568716 0.087599 14.875945
v -4.966210 0.085565 15.420511
v -5.205287 0.083279 15.824628
v -5.389590 0.087446 15.714716
v -4.970202 0.086336 15.369651
v -4.966210 0.085565 15.420511
v -5.389590 0.087446 15.714716
v -4.947481 0.086697 15.321538
v -5.389590 0.087446 15.714716
v -4.758976 0.091739 14.774602
v -4.947481 0.086697 15.321538
v -4.970202 0.086336 15.369651
v -5.389590 0.087446 15.714716
v -4.966210 0.085565 15.420511
v -4.955154 0.084963 15.452031
v -5.205287 0.083279 15.824628
v -4.895471 0.041786 15.298723
v -4.877835 0.041015 15.335199
v -4.557966 0.043197 14.858340
v -4.895471 0.041786 15.298723
v -4.557966 0.043197 14.858340
v -4.748229 0.047348 14.757003
v -4.927948 0.042114 15.308196
v -4.895471 0.041786 15.298723
v -4.748229 0.047348 14.757003
v -4.968244 0.041299 15.406227
v -4.962221 0.041884 15.359103
v -5.397423 0.042929 15.724815
v -5.397423 0.042929 15.724815
v -4.962221 0.041884 15.359103
v -4.748229 0.047348 14.757003
v -4.962221 0.041884 15.359103
v -4.927948 0.042114 15.308196
v -4.748229 0.047348 14.757003
v -4.968244 0.041299 15.406227
v -5.397423 0.042929 15.724815
v -4.952934 0.040500 15.447151
v -5.582300 0.093976 14.134046
v -5.409261 0.089694 14.260818
v -6.082138 0.088037 14.782654
v -5.409261 0.089694 14.260818
v -5.918099 0.083651 14.921142
v -6.082138 0.088037 14.782654
v -5.927013 0.039073 14.931224
v -5.918099 0.083651 14.921142
v -5.402148 0.045308 14.250109
v -5.918099 0.083651 14.921142
v -5.409261 0.089694 14.260818
v -5.402148 0.045308 14.250109
v -7.269510 0.835559 -3.341996
v -7.272106 0.816602 -3.556676
v -7.223064 0.815649 -3.343145
v -7.272106 0.816602 -3.556676
v -7.225652 0.796714 -3.557824
v -7.223064 0.815649 -3.343145
v -7.223064 0.815649 -3.343145
v -7.225652 0.796714 -3.557824
v -7.150028 0.006012 -3.352070
v -7.225652 0.796714 -3.557824
v -7.154500 0.007973 -3.566509
v -7.150028 0.006012 -3.352070
v -7.154500 0.007973 -3.566509
v -7.197133 -0.014436 -3.565820
v -7.150028 0.006012 -3.352070
v -7.197133 -0.014436 -3.565820
v -7.192667 -0.016393 -3.351381
v -7.150028 0.006012 -3.352070
v -7.150028 0.006012 -3.352070
v -7.192667 -0.016393 -3.351381
v -7.223064 0.815649 -3.343145
v -7.192667 -0.016393 -3.351381
v -7.269510 0.835559 -3.341996
v -7.223064 0.815649 -3.343145
v -7.154500 0.007973 -3.566509
v -7.225652 0.796714 -3.557824
v -7.197133 -0.014436 -3.565820
v -7.225652 0.796714 -3.557824
v -7.272106 0.816602 -3.556676
v -7.197133 -0.014436 -3.565820
v -7.275417 0.842624 -0.358939
v -7.280426 0.850853 -0.573323
v -7.236877 0.857914 -0.359606
v -7.280426 0.850853 -0.573323
v -7.241999 0.866125 -0.573980
v -7.236877 0.857914 -0.359606
v -7.253243 0.582226 -0.361783
v -7.275417 0.842624 -0.358939
v -7.209466 0.591949 -0.362614
v -7.275417 0.842624 -0.358939
v -7.236877 0.857914 -0.359606
v -7.209466 0.591949 -0.362614
v -7.214739 0.632157 -0.419087
v -7.209466 0.591949 -0.362614
v -7.236877 0.857914 -0.359606
v -7.241999 0.866125 -0.573980
v -7.214739 0.632157 -0.419087
v -7.236877 0.857914 -0.359606
v -7.241999 0.866125 -0.573980
v -7.209342 0.568762 -0.476555
v -7.214739 0.632157 -0.419087
v -7.353848 1.083314 -3.801434
v -7.329843 0.848596 -3.810382
v -7.309612 1.087960 -3.813007
v -7.329843 0.848596 -3.810382
v -7.285597 0.853254 -3.821943
v -7.309612 1.087960 -3.813007
v -7.353290 1.076725 -3.212141
v -7.353848 1.083314 -3.801434
v -7.309042 1.081312 -3.217697
v -7.353848 1.083314 -3.801434
v -7.309612 1.087960 -3.813007
v -7.309042 1.081312 -3.217697
v -7.302701 1.019437 -3.258299
v -7.309042 1.081312 -3.217697
v -7.309612 1.087960 -3.813007
v -7.285597 0.853254 -3.821943
v -7.302701 1.019437 -3.258299
v -7.309612 1.087960 -3.813007
v -7.285597 0.853254 -3.821943
v -7.296285 0.956603 -3.194760
v -7.302701 1.019437 -3.258299
v -7.259455 0.574911 -0.007240
v -7.273934 0.716459 -0.005654
v -7.275770 0.734452 -0.038818
v -7.273934 0.716459 -0.005654
v -7.259455 0.574911 -0.007240
v -7.317802 0.708096 0.006487
v -7.259455 0.574911 -0.007240
v -7.303693 0.570238 0.004945
v -7.317802 0.708096 0.006487
v -7.275770 0.734452 -0.038818
v -7.273934 0.716459 -0.005654
v -7.319746 0.727216 -0.031828
v -7.273934 0.716459 -0.005654
v -7.317802 0.708096 0.006487
v -7.319746 0.727216 -0.031828
v -7.275770 0.734452 -0.038818
v -7.277654 0.752879 -0.005249
v -7.280026 0.776172 -0.054918
v -7.322557 0.754586 0.007023
v -7.325176 0.780349 -0.042919
v -7.277654 0.752879 -0.005249
v -7.325176 0.780349 -0.042919
v -7.280026 0.776172 -0.054918
v -7.277654 0.752879 -0.005249
v -7.280676 0.815148 -1.023869
v -7.284154 0.816359 -0.004527
v -7.324913 0.810502 -1.012450
v -7.284154 0.816359 -0.004527
v -7.328399 0.811696 0.007658
v -7.324913 0.810502 -1.012450
v -7.280026 0.776172 -0.054918
v -7.325176 0.780349 -0.042919
v -7.284154 0.816359 -0.004527
v -7.325176 0.780349 -0.042919
v -7.328399 0.811696 0.007658
v -7.284154 0.816359 -0.004527
v -7.275770 0.734452 -0.038818
v -7.319746 0.727216 -0.031828
v -7.277654 0.752879 -0.005249
v -7.319746 0.727216 -0.031828
v -7.322557 0.754586 0.007023
v -7.277654 0.752879 -0.005249
v -7.255989 0.573699 -1.022819
v -7.300230 0.569053 -1.011378
v -7.259455 0.574911 -0.007240
v -7.300230 0.569053 -1.011378
v -7.303693 0.570238 0.004945
v -7.259455 0.574911 -0.007240
v -7.280026 0.776172 -0.054918
v -7.284154 0.816359 -0.004527
v -7.280676 0.815148 -1.023869
v -7.255989 0.573699 -1.022819
v -7.259455 0.574911 -0.007240
v -7.275770 0.734452 -0.038818
v -7.275770 0.734452 -0.038818
v -7.280026 0.776172 -0.054918
v -7.280676 0.815148 -1.023869
v -7.275770 0.734452 -0.038818
v -7.280676 0.815148 -1.023869
v -7.255989 0.573699 -1.022819
v -7.219403 0.255721 -0.040951
v -7.219782 0.260124 -0.435855
v -7.194452 0.011803 -0.043696
v -7.219782 0.260124 -0.435855
v -7.194842 0.016370 -0.452371
v -7.194452 0.011803 -0.043696
v -7.194452 0.011803 -0.043696
v -7.238712 0.007402 -0.053201
v -7.219403 0.255721 -0.040951
v -7.238712 0.007402 -0.053201
v -7.263668 0.251303 -0.050445
v -7.219403 0.255721 -0.040951
v -7.219403 0.255721 -0.040951
v -7.263668 0.251303 -0.050445
v -7.219782 0.260124 -0.435855
v -7.263668 0.251303 -0.050445
v -7.264048 0.255717 -0.447569
v -7.219782 0.260124 -0.435855
v -7.273492 0.290848 -0.066458
v -7.298597 0.536267 -0.057390
v -7.229225 0.295244 -0.054875
v -7.298597 0.536267 -0.057390
v -7.254330 0.540664 -0.045818
v -7.229225 0.295244 -0.054875
v -7.274054 0.297426 -0.655741
v -7.273492 0.290848 -0.066458
v -7.229795 0.301893 -0.650195
v -7.273492 0.290848 -0.066458
v -7.229225 0.295244 -0.054875
v -7.229795 0.301893 -0.650195
v -7.236420 0.366608 -0.609539
v -7.229795 0.301893 -0.650195
v -7.229225 0.295244 -0.054875
v -7.254330 0.540664 -0.045818
v -7.236420 0.366608 -0.609539
v -7.229225 0.295244 -0.054875
v -7.254330 0.540664 -0.045818
v -7.243127 0.432277 -0.673067
v -7.236420 0.366608 -0.609539
v -7.316745 1.166395 -2.557142
v -7.270481 1.150457 -2.558750
v -7.309623 1.137564 -2.343590
v -7.270481 1.150457 -2.558750
v -7.263370 1.121630 -2.345197
v -7.309623 1.137564 -2.343590
v -7.158588 0.014191 -2.599013
v -7.201585 -0.003055 -2.598586
v -7.152513 -0.004253 -2.385263
v -7.201585 -0.003055 -2.598586
v -7.195499 -0.021493 -2.384837
v -7.152513 -0.004253 -2.385263
v -7.152513 -0.004253 -2.385263
v -7.195499 -0.021493 -2.384837
v -7.263370 1.121630 -2.345197
v -7.195499 -0.021493 -2.384837
v -7.309623 1.137564 -2.343590
v -7.263370 1.121630 -2.345197
v -7.217800 0.621767 -2.545920
v -7.270481 1.150457 -2.558750
v -7.216482 0.601957 -2.578274
v -7.202554 0.460529 -2.583295
v -7.247321 0.461232 -2.582234
v -7.158588 0.014191 -2.599013
v -7.247321 0.461232 -2.582234
v -7.201585 -0.003055 -2.598586
v -7.158588 0.014191 -2.599013
v -7.202554 0.460529 -2.583295
v -7.203895 0.479550 -2.555862
v -7.247321 0.461232 -2.582234
v -7.203895 0.479550 -2.555862
v -7.248987 0.485372 -2.545843
v -7.247321 0.461232 -2.582234
v -7.261707 0.614505 -2.541796
v -7.217800 0.621767 -2.545920
v -7.260519 0.595308 -2.577465
v -7.216482 0.601957 -2.578274
v -7.260519 0.595308 -2.577465
v -7.217800 0.621767 -2.545920
v -7.195499 -0.021493 -2.384837
v -7.201585 -0.003055 -2.598586
v -7.247321 0.461232 -2.582234
v -7.316745 1.166395 -2.557142
v -7.260519 0.595308 -2.577465
v -7.270481 1.150457 -2.558750
v -7.216482 0.601957 -2.578274
v -7.270481 1.150457 -2.558750
v -7.260519 0.595308 -2.577465
v -7.203895 0.479550 -2.555862
v -7.207083 0.518295 -2.522819
v -7.248987 0.485372 -2.545843
v -7.207083 0.518295 -2.522819
v -7.252650 0.526927 -2.523103
v -7.248987 0.485372 -2.545843
v -7.261707 0.614505 -2.541796
v -7.258663 0.587966 -2.521036
v -7.217800 0.621767 -2.545920
v -7.258663 0.587966 -2.521036
v -7.212046 0.570360 -2.513030
v -7.217800 0.621767 -2.545920
v -7.258663 0.587966 -2.521036
v -7.252650 0.526927 -2.523103
v -7.212046 0.570360 -2.513030
v -7.252650 0.526927 -2.523103
v -7.207083 0.518295 -2.522819
v -7.212046 0.570360 -2.513030
v -7.217800 0.621767 -2.545920
v -7.212046 0.570360 -2.513030
v -7.263370 1.121630 -2.345197
v -7.217800 0.621767 -2.545920
v -7.263370 1.121630 -2.345197
v -7.270481 1.150457 -2.558750
v -7.203895 0.479550 -2.555862
v -7.158588 0.014191 -2.599013
v -7.152513 -0.004253 -2.385263
v -7.207083 0.518295 -2.522819
v -7.203895 0.479550 -2.555862
v -7.152513 -0.004253 -2.385263
v -7.212046 0.570360 -2.513030
v -7.152513 -0.004253 -2.385263
v -7.263370 1.121630 -2.345197
v -7.212046 0.570360 -2.513030
v -7.207083 0.518295 -2.522819
v -7.152513 -0.004253 -2.385263
v -7.203895 0.479550 -2.555862
v -7.202554 0.460529 -2.583295
v -7.158588 0.014191 -2.599013
v -7.261707 0.614505 -2.541796
v -7.260519 0.595308 -2.577465
v -7.316745 1.166395 -2.557142
v -7.261707 0.614505 -2.541796
v -7.316745 1.166395 -2.557142
v -7.309623 1.137564 -2.343590
v -7.258663 0.587966 -2.521036
v -7.261707 0.614505 -2.541796
v -7.309623 1.137564 -2.343590
v -7.248987 0.485372 -2.545843
v -7.252650 0.526927 -2.523103
v -7.195499 -0.021493 -2.384837
v -7.195499 -0.021493 -2.384837
v -7.252650 0.526927 -2.523103
v -7.309623 1.137564 -2.343590
v -7.252650 0.526927 -2.523103
v -7.258663 0.587966 -2.521036
v -7.309623 1.137564 -2.343590
v -7.248987 0.485372 -2.545843
v -7.195499 -0.021493 -2.384837
v -7.247321 0.461232 -2.582234
v -7.264853 1.158108 -1.302678
v -7.268981 1.156383 -1.517182
v -7.187469 0.343270 -1.277849
v -7.268981 1.156383 -1.517182
v -7.190198 0.326845 -1.491927
v -7.187469 0.343270 -1.277849
v -7.233181 0.308985 -1.490614
v -7.190198 0.326845 -1.491927
v -7.314444 1.164646 -1.516668
v -7.190198 0.326845 -1.491927
v -7.268981 1.156383 -1.517182
v -7.314444 1.164646 -1.516668
vn 0.4887 -0.4820 0.7272
vn 0.4883 -0.4822 0.7274
vn 0.4882 -0.4823 0.7274
vn -0.0216 -0.9998 0.0020
vn -0.6033 -0.3722 -0.7053
vn -0.6034 -0.3722 -0.7052
vn -0.6035 -0.3722 -0.7052
vn -0.6035 -0.3722 -0.7051
vn 0.7641 -0.0199 -0.6448
vn 0.7641 -0.0198 -0.6448
vn -0.7641 0.0199 0.6448
vn -0.7641 0.0198 0.6447
vn 0.6466 0.2704 0.7133
vn 0.6467 0.2703 0.7132
vn 0.6466 0.2706 0.7133
vn 0.7641 -0.0200 -0.6448
vn -0.0138 -0.9998 0.0118
vn -0.0138 -0.9998 0.0119
vn -0.0137 -0.9998 0.0118
vn -0.7235 0.2509 0.6431
vn -0.7236 0.2509 0.6430
vn 0.6449 -0.0000 0.7643
vn 0.6449 -0.0002 0.7643
vn 0.0002 -1.0000 -0.0001
vn 0.0001 -1.0000 -0.0001
vn 0.7376 -0.2631 -0.6219
vn 0.7376 -0.2630 -0.6219
vn 0.7377 -0.2629 -0.6219
vn 0.7376 -0.2629 -0.6219
vn 0.7819 -0.1118 -0.6133
vn 0.7309 -0.1568 -0.6642
vn 0.9211 -0.0333 0.3880
vn 0.7819 -0.1116 -0.6133
vn 0.9138 -0.0431 0.4039
vn -0.0000 -1.0000 -0.0002
vn 0.8822 -0.2607 0.3921
vn 0.8923 -0.2433 0.3804
vn 0.8795 -0.2644 0.3957
vn 0.8682 -0.2801 0.4096
vn 0.6352 0.0020 0.7724
vn 0.6351 0.0021 0.7724
vn -0.0802 -0.0900 -0.9927
vn -0.0137 -0.0138 -0.9998
vn -0.0568 -0.0627 -0.9964
vn -0.0803 -0.0901 -0.9927
vn -0.1292 -0.1449 -0.9810
vn -0.1215 -0.0803 -0.9893
vn 0.7309 -0.1567 -0.6643
vn 0.7818 -0.1117 -0.6134
vn 0.7819 -0.1116 -0.6134
vn -0.0724 -0.0431 -0.9964
vn -0.6352 -0.0020 -0.7724
vn -0.6351 -0.0022 -0.7724
vn -0.6351 -0.0021 -0.7724
vn -0.6352 -0.0021 -0.7724
vn -0.0000 -1.0000 -0.0038
vn 0.0019 -1.0000 -0.0000
vn 0.0020 -1.0000 -0.0000
vn 0.0019 -1.0000 -0.0019
vn 0.0018 -1.0000 -0.0019
vn 0.7471 0.2079 -0.6314
vn 0.7471 0.2078 -0.6314
vn 0.7471 0.2078 -0.6315
vn 0.6449 -0.0001 0.7643
vn 0.6448 -0.0002 0.7644
vn 0.7235 0.2509 -0.6431
vn 0.7235 0.2508 -0.6432
vn -0.6449 -0.0001 -0.7643
vn -0.6449 -0.0000 -0.7643
vn 0.6617 -0.4209 0.6205
vn -0.6784 -0.2725 -0.6823
vn -0.6784 -0.2725 -0.6824
vn -0.6784 -0.2726 -0.6823
vn 0.7488 -0.0196 -0.6625
vn -0.0156 -0.9998 0.0098
vn -0.7489 0.0196 0.6624
vn -0.7485 0.0197 0.6628
vn -0.7485 0.0196 0.6628
vn 0.0940 -0.0724 0.9929
vn 0.0802 -0.0820 0.9934
vn -0.0352 -0.0294 0.9989
vn 0.0940 -0.0725 0.9929
vn -0.1292 -0.0608 0.9897
vn -0.1683 -0.0763 -0.9828
vn -0.7547 -0.0451 -0.6545
vn -0.8385 0.0214 -0.5445
vn -0.8385 0.0216 -0.5445
vn -0.0920 -0.0489 -0.9946
vn 0.0158 0.9998 -0.0098
vn -0.7486 0.0197 0.6627
vn -0.1294 -0.0607 0.9897
vn -0.0354 -0.0293 0.9989
vn -0.4447 -0.0626 0.8935
vn -0.1294 -0.0608 0.9897
vn -0.4447 -0.0628 0.8935
vn -0.5821 -0.1353 0.8018
vn -0.8384 0.0215 -0.5446
vn -0.7545 -0.0451 -0.6547
vn -0.9399 -0.0235 0.3406
vn -0.8384 0.0215 -0.5447
vn -0.9399 -0.0234 0.3406
vn -0.8552 -0.0510 0.5158
vn -0.8551 -0.0511 0.5159
vn -0.9398 -0.0235 0.3408
vn -0.5823 -0.1353 0.8017
vn -0.8550 -0.0553 0.5157
vn -0.5825 -0.1355 0.8015
vn -0.4448 -0.0627 0.8934
vn -0.0158 -0.9998 0.0098
vn -0.0157 -0.9998 0.0098
vn -0.0159 -0.9998 0.0099
vn 0.0157 0.9998 -0.0098
vn 0.0156 0.9998 -0.0098
vn -0.0197 -0.9998 0.0060
vn -0.7897 0.0196 0.6132
vn -0.7897 0.0197 0.6132
vn -0.7896 0.0196 0.6133
vn 0.6616 -0.4208 0.6206
vn -0.6783 -0.2726 -0.6823
vn 0.7488 -0.0139 -0.6627
vn 0.7488 -0.0197 -0.6625
vn -0.7488 0.0138 0.6627
vn -0.7488 0.0139 0.6627
vn -0.7488 0.0197 0.6625
vn -0.7488 0.0196 0.6625
vn 0.0803 -0.0822 0.9934
vn -0.0345 -0.0206 0.9992
vn -0.0351 -0.0295 0.9989
vn -0.1293 -0.0608 0.9897
vn -0.1684 -0.0762 -0.9828
vn -0.7547 -0.0451 -0.6546
vn -0.8385 0.0215 -0.5445
vn -0.0923 -0.0414 -0.9949
vn -0.1684 -0.0763 -0.9828
vn -0.7488 0.0195 0.6625
vn -0.7488 0.0140 0.6627
vn -0.1294 -0.0609 0.9897
vn -0.0353 -0.0294 0.9989
vn -0.4447 -0.0627 0.8935
vn -0.5821 -0.1352 0.8018
vn -0.7546 -0.0451 -0.6546
vn -0.9399 -0.0236 0.3406
vn -0.8552 -0.0509 0.5159
vn -0.9399 -0.0236 0.3407
vn -0.5823 -0.1351 0.8017
vn -0.8552 -0.0511 0.5158
vn -0.5822 -0.1353 0.8017
vn 0.8151 -0.4820 0.3213
vn 0.8151 -0.4821 0.3213
vn -0.0157 -0.9998 0.0157
vn -0.0156 -0.9998 0.0157
vn -0.8972 -0.3725 -0.2372
vn -0.8975 -0.3721 -0.2368
vn 0.2628 -0.0197 -0.9646
vn 0.2627 -0.0196 -0.9647
vn 0.2632 -0.0198 -0.9645
vn -0.2632 0.0199 0.9645
vn -0.2627 0.0196 0.9647
vn 0.9373 0.2706 0.2195
vn 0.9374 0.2705 0.2195
vn 0.9373 0.2707 0.2197
vn -0.0040 -0.9998 0.0178
vn -0.0040 -0.9998 0.0177
vn -0.0039 -0.9998 0.0177
vn -0.2292 0.2508 0.9405
vn -0.2293 0.2508 0.9405
vn -0.2293 0.2509 0.9405
vn 0.9647 -0.0001 0.2632
vn 0.9649 0.0001 0.2627
vn 0.0001 -1.0000 -0.0002
vn 0.2529 -0.2628 -0.9311
vn 0.2529 -0.2627 -0.9312
vn 0.2960 -0.1117 -0.9486
vn 0.2234 -0.1567 -0.9620
vn 0.9789 -0.0333 -0.2017
vn 0.9789 -0.0333 -0.2016
vn 0.9816 -0.0430 -0.1861
vn -0.0002 -1.0000 -0.0002
vn 0.9491 -0.2608 -0.1765
vn 0.9508 -0.2431 -0.1922
vn 0.9488 -0.2647 -0.1725
vn 0.9488 -0.2646 -0.1725
vn 0.9473 -0.2804 -0.1549
vn 0.9617 0.0019 0.2741
vn 0.9617 0.0018 0.2741
vn 0.9617 0.0019 0.2742
vn -0.6302 -0.0900 -0.7712
vn -0.5784 -0.0137 -0.8156
vn -0.6131 -0.0627 -0.7875
vn -0.6132 -0.0627 -0.7875
vn -0.6645 -0.1450 -0.7331
vn -0.6625 -0.0803 -0.7448
vn 0.2234 -0.1568 -0.9620
vn 0.2959 -0.1117 -0.9487
vn -0.6624 -0.0804 -0.7448
vn 0.2960 -0.1116 -0.9486
vn -0.6249 -0.0432 -0.7795
vn -0.9617 -0.0020 -0.2742
vn -0.9617 -0.0019 -0.2742
vn -0.0019 -1.0000 -0.0039
vn -0.0018 -1.0000 -0.0039
vn -0.0000 -1.0000 -0.0019
vn 0.0020 -1.0000 -0.0019
vn 0.0001 -1.0000 -0.0021
vn 0.2565 0.2075 -0.9440
vn 0.2566 0.2076 -0.9440
vn 0.9648 -0.0000 0.2628
vn 0.9647 0.0002 0.2633
vn 0.9649 -0.0001 0.2626
vn 0.2293 0.2508 -0.9405
vn 0.2292 0.2508 -0.9405
vn 0.2292 0.2507 -0.9405
vn -0.9647 -0.0001 -0.2633
vn -0.9647 -0.0000 -0.2633
vn 0.8970 -0.4208 0.1353
vn 0.8970 -0.4209 0.1353
vn -0.9462 -0.2724 -0.1744
vn -0.9463 -0.2723 -0.1744
vn 0.2397 -0.0198 -0.9706
vn 0.2390 -0.0195 -0.9708
vn -0.0082 -0.9998 0.0180
vn -0.0081 -0.9998 0.0179
vn -0.2391 0.0196 0.9708
vn -0.2392 0.0196 0.9708
vn -0.2394 0.0196 0.9707
vn -0.2395 0.0196 0.9707
vn 0.6408 -0.0725 0.7643
vn 0.6306 -0.0824 0.7717
vn 0.5372 -0.0295 0.8429
vn 0.5372 -0.0294 0.8429
vn 0.4543 -0.0607 0.8888
vn -0.6972 -0.0764 -0.7128
vn -0.9930 -0.0451 -0.1096
vn -0.9994 0.0215 0.0256
vn -0.6408 -0.0490 -0.7662
vn -0.6971 -0.0764 -0.7128
vn 0.0079 0.9998 -0.0177
vn -0.2394 0.0197 0.9707
vn -0.2389 0.0194 0.9708
vn -0.2390 0.0195 0.9708
vn 0.4542 -0.0607 0.8888
vn 0.5371 -0.0293 0.8430
vn 0.1393 -0.0627 0.9883
vn 0.4541 -0.0607 0.8889
vn 0.1393 -0.0628 0.9883
vn -0.0215 -0.1351 0.9906
vn -0.9994 0.0215 0.0255
vn -0.9929 -0.0451 -0.1098
vn -0.5806 -0.0235 0.8139
vn -0.9994 0.0215 0.0254
vn -0.4094 -0.0509 0.9109
vn -0.4093 -0.0510 0.9110
vn -0.5805 -0.0236 0.8139
vn -0.0216 -0.1351 0.9906
vn -0.4094 -0.0554 0.9107
vn -0.0216 -0.1350 0.9906
vn 0.1391 -0.0628 0.9883
vn -0.0080 -0.9998 0.0178
vn -0.0079 -0.9998 0.0177
vn -0.0078 -0.9998 0.0176
vn -0.0083 -0.9998 0.0181
vn -0.0079 -0.9998 0.0178
vn 0.0078 0.9998 -0.0176
vn 0.0084 0.9998 -0.0182
vn 0.0084 0.9998 -0.0183
vn 0.4307 -0.0058 -0.9025
vn 0.4307 -0.0059 -0.9025
vn 0.9844 -0.1686 -0.0509
vn 0.9844 -0.1686 -0.0510
vn 0.4294 -0.0528 0.9016
vn 0.4293 -0.0529 0.9016
vn -0.1684 -0.9855 0.0214
vn -0.1684 -0.9855 0.0215
vn -0.1685 -0.9855 0.0215
vn 0.1685 0.9855 -0.0216
vn 0.1684 0.9855 -0.0214
vn 0.1685 0.9855 -0.0215
vn -0.3364 0.0077 -0.9417
vn -0.3366 0.0078 -0.9416
vn -0.3376 0.0079 -0.9413
vn -0.1685 -0.9855 0.0216
vn -0.1684 -0.9855 0.0213
vn 0.9836 -0.1685 -0.0646
vn 0.9836 -0.1686 -0.0647
vn -0.0646 0.9974 -0.0313
vn -0.0666 -0.0098 -0.9977
vn -0.0666 -0.0097 -0.9977
vn 0.9801 -0.1882 -0.0627
vn 0.9801 -0.1882 -0.0628
vn 0.9801 -0.1883 -0.0628
vn -0.9796 0.1920 0.0588
vn -0.9801 0.1882 0.0628
vn -0.9793 0.1919 0.0646
vn -0.9794 0.1920 0.0627
vn -0.9794 0.1919 0.0626
vn -0.9793 0.1918 0.0646
vn 0.0764 -0.9971 0.0039
vn 0.0764 -0.9971 0.0040
vn -0.0782 -0.9967 -0.0196
vn -0.0274 -0.9984 0.0489
vn -0.1118 -0.4608 -0.8804
vn -0.0784 -0.9967 -0.0196
vn -0.0981 -0.4489 -0.8882
vn 0.9801 -0.1881 -0.0627
vn 0.1175 -0.4721 -0.8737
vn 0.0980 -0.4839 -0.8696
vn 0.1214 -0.4680 -0.8753
vn 0.1411 -0.4546 -0.8794
vn -0.0665 0.0019 -0.9978
vn -0.0666 0.0020 -0.9978
vn 0.0332 -0.5759 0.8168
vn -0.0509 -0.6169 0.7854
vn 0.0020 -0.5899 0.8075
vn 0.0333 -0.5759 0.8168
vn 0.0981 -0.5411 0.8352
vn 0.0333 -0.5408 0.8405
vn -0.0274 -0.9984 0.0490
vn -0.0783 -0.9967 -0.0195
vn -0.0118 -0.5761 0.8173
vn 0.0669 -0.0020 0.9978
vn 0.0667 -0.0020 0.9978
vn 0.0666 -0.0020 0.9978
vn 0.0687 -0.0022 0.9976
vn 0.9796 -0.1920 -0.0588
vn 0.9792 -0.1923 -0.0647
vn 0.9792 -0.1921 -0.0647
vn 0.9794 -0.1920 -0.0627
vn -0.3880 -0.9210 0.0353
vn -0.3881 -0.9210 0.0354
vn -0.3880 -0.9210 0.0352
vn -0.0667 -0.0098 -0.9977
vn -0.4274 -0.9019 0.0629
vn -0.4274 -0.9019 0.0628
vn -0.4274 -0.9019 0.0627
vn -0.4273 -0.9019 0.0630
vn 0.0665 0.0096 0.9977
vn 0.0667 0.0098 0.9977
vn 0.3314 -0.1922 -0.9237
vn 0.3315 -0.1923 -0.9237
vn 0.3314 -0.1921 -0.9237
vn 0.3470 0.0352 0.9372
vn 0.3471 0.0354 0.9372
vn -0.1664 -0.9850 0.0450
vn -0.1665 -0.9850 0.0450
vn 0.9838 -0.1685 -0.0607
vn 0.1665 0.9850 -0.0451
vn 0.1665 0.9850 -0.0452
vn 0.1664 0.9850 -0.0450
vn 0.1234 0.5346 -0.8361
vn 0.1352 0.5429 -0.8289
vn 0.1059 0.6450 -0.7568
vn 0.1233 0.5345 -0.8361
vn 0.1529 0.7055 -0.6920
vn 0.0372 -0.4994 0.8656
vn 0.1393 0.1530 0.9784
vn 0.0960 0.2978 0.9498
vn -0.0018 -0.5601 0.8284
vn -0.9838 0.1685 0.0607
vn 0.1664 0.9850 -0.0449
vn 0.1528 0.7057 -0.6919
vn 0.1058 0.6451 -0.7567
vn 0.2077 0.8837 -0.4194
vn 0.1529 0.7057 -0.6918
vn 0.2078 0.8837 -0.4194
vn 0.2981 0.9159 -0.2688
vn 0.0959 0.2977 0.9498
vn 0.1392 0.1529 0.9784
vn 0.2232 0.9203 0.3212
vn 0.0960 0.2976 0.9498
vn 0.2469 0.9604 0.1294
vn 0.2470 0.9604 0.1293
vn 0.2233 0.9203 0.3211
vn 0.2982 0.9159 -0.2686
vn 0.2505 0.9595 0.1291
vn 0.2984 0.9160 -0.2683
vn 0.2077 0.8838 -0.4192
vn 0.9838 -0.1685 -0.0608
vn 0.9838 -0.1686 -0.0608
vn 0.9838 -0.1684 -0.0607
vn -0.9838 0.1684 0.0607
vn -0.9839 0.1684 0.0607
vn -0.9838 0.1686 0.0608
vn -0.9838 0.1685 0.0608
vn -0.9838 0.1688 0.0609
vn -0.9838 0.1687 0.0608
vn 0.9842 -0.1685 -0.0547
vn 0.9842 -0.1685 -0.0548
vn 0.9842 -0.1686 -0.0549
vn 0.1704 0.9852 0.0176
vn -0.0844 0.4821 -0.8721
vn -0.0845 0.4821 -0.8721
vn -0.0843 0.4821 -0.8721
vn -0.0842 0.4821 -0.8721
vn -0.0199 0.9997 0.0118
vn -0.0195 0.9997 0.0118
vn -0.0176 0.3720 0.9281
vn -0.0178 0.3723 0.9279
vn -0.0176 0.3719 0.9281
vn 0.9998 0.0196 0.0099
vn 0.9998 0.0196 0.0098
vn -0.9998 -0.0196 -0.0097
vn -0.9998 -0.0197 -0.0101
vn -0.9998 -0.0196 -0.0101
vn 0.0431 -0.2703 -0.9618
vn 0.0431 -0.2704 -0.9618
vn 0.9998 0.0196 0.0097
vn -0.0197 0.9998 -0.0005
vn -0.0196 0.9998 -0.0002
vn -0.0197 0.9998 -0.0004
vn -0.0197 0.9998 -0.0003
vn -0.0196 0.9998 0.0001
vn -0.0196 0.9998 -0.0000
vn -0.9674 -0.2507 -0.0353
vn -0.9674 -0.2507 -0.0354
vn 0.0097 -0.0000 -1.0000
vn 0.0100 -0.0000 -0.9999
vn 0.0002 1.0000 -0.0001
vn 0.0002 1.0000 -0.0000
vn -0.0020 -1.0000 -0.0040
vn -0.0020 -1.0000 -0.0039
vn -0.0003 -1.0000 -0.0000
vn -0.0020 -1.0000 -0.0000
vn -0.0019 -1.0000 -0.0000
vn 0.9648 0.2627 0.0098
vn 0.9648 0.2628 0.0098
vn 0.9935 0.1117 -0.0235
vn 0.9865 0.1569 0.0469
vn 0.4626 0.0333 -0.8860
vn 0.9935 0.1116 -0.0236
vn 0.4626 0.0333 -0.8859
vn 0.4468 0.0431 -0.8936
vn -0.0000 1.0000 -0.0001
vn 0.4294 0.2608 -0.8647
vn 0.4471 0.2432 -0.8608
vn 0.4250 0.2644 -0.8657
vn 0.4096 0.2802 -0.8682
vn -0.0000 -0.0020 -1.0000
vn -0.0000 -0.0019 -1.0000
vn 0.5687 0.0901 0.8176
vn 0.6254 0.0138 0.7802
vn 0.5897 0.0627 0.8052
vn 0.5686 0.0902 0.8176
vn 0.5896 0.0628 0.8052
vn 0.5228 0.1450 0.8400
vn 0.5351 0.0804 0.8409
vn 0.9865 0.1569 0.0471
vn 0.9935 0.1116 -0.0234
vn 0.9935 0.1116 -0.0235
vn 0.5779 0.0431 0.8150
vn -0.0000 0.0020 1.0000
vn -0.0000 0.0019 1.0000
vn 0.0020 1.0000 0.0020
vn 0.0019 1.0000 -0.0000
vn 0.0020 1.0000 -0.0000
vn 0.9781 -0.2078 0.0098
vn 0.9781 -0.2077 0.0097
vn 0.0098 -0.0000 -1.0000
vn 0.9675 -0.2505 0.0352
vn 0.9675 -0.2506 0.0352
vn -0.0097 -0.0000 1.0000
vn -0.0099 -0.0000 1.0000
vn 0.1156 0.4213 -0.8995
vn -0.0901 0.2723 0.9580
vn -0.0901 0.2724 0.9580
vn -0.0901 0.2725 0.9579
vn 0.9992 0.0197 0.0355
vn 0.9992 0.0198 0.0355
vn -0.0197 0.9998 0.0023
vn -0.0197 0.9998 0.0022
vn -0.9993 -0.0196 -0.0331
vn -0.9993 -0.0196 -0.0333
vn -0.5582 0.0725 -0.8265
vn -0.5702 0.0824 -0.8173
vn -0.6623 0.0295 -0.7487
vn -0.6623 0.0294 -0.7487
vn -0.7308 0.0608 -0.6799
vn 0.4938 0.0764 0.8662
vn -0.1647 0.0451 0.9853
vn -0.2980 -0.0214 0.9543
vn -0.2980 -0.0215 0.9543
vn 0.5604 0.0490 0.8268
vn 0.0197 -0.9998 -0.0022
vn -0.9992 -0.0193 -0.0349
vn -0.9992 -0.0199 -0.0355
vn -0.7309 0.0606 -0.6798
vn -0.6624 0.0293 -0.7485
vn -0.9117 0.0627 -0.4060
vn -0.7309 0.0608 -0.6798
vn -0.9117 0.0628 -0.4059
vn -0.9590 0.1353 -0.2492
vn -0.2979 -0.0216 0.9544
vn -0.1645 0.0451 0.9854
vn -0.9419 0.0235 0.3350
vn -0.2978 -0.0215 0.9544
vn -0.9419 0.0234 0.3349
vn -0.9881 0.0510 0.1451
vn -0.9881 0.0510 0.1450
vn -0.9420 0.0236 0.3348
vn -0.9590 0.1353 -0.2490
vn -0.9879 0.0554 0.1451
vn -0.9591 0.1360 -0.2481
vn -0.9118 0.0627 -0.4058
vn -0.0196 0.9998 0.0022
vn -0.0196 0.9998 0.0018
vn -0.0196 0.9998 0.0019
vn -0.0196 0.9998 0.0020
vn -0.0196 0.9998 0.0021
vn 0.0196 -0.9998 -0.0021
vn 0.0196 -0.9998 -0.0020
vn 0.0196 -0.9998 -0.0022
vn 0.0197 -0.9998 -0.0024
vn 0.0197 -0.9998 -0.0023
vn 0.0197 -0.9998 -0.0021
vn -0.0199 0.9998 0.0079
vn -0.0193 0.9998 0.0078
vn -0.0192 0.9998 0.0078
vn -0.9994 -0.0196 0.0294
vn -0.9994 -0.0195 0.0293
vn 0.1155 0.4212 -0.8996
vn 0.1155 0.4214 -0.8995
vn 0.1155 0.4213 -0.8995
vn -0.0900 0.2722 0.9580
vn -0.0900 0.2723 0.9580
vn 0.9992 0.0195 0.0353
vn 0.9992 0.0196 0.0353
vn 0.9992 0.0197 0.0353
vn -0.9993 -0.0197 -0.0333
vn -0.5703 0.0824 -0.8173
vn -0.6625 0.0294 -0.7485
vn -0.5583 0.0724 -0.8265
vn -0.7318 0.0489 -0.6798
vn 0.4939 0.0764 0.8661
vn -0.1645 0.0449 0.9853
vn -0.2979 -0.0216 0.9543
vn -0.2979 -0.0215 0.9544
vn 0.5604 0.0490 0.8267
vn 0.4938 0.0765 0.8662
vn -0.9992 -0.0196 -0.0353
vn -0.7308 0.0606 -0.6799
vn -0.9118 0.0627 -0.4059
vn -0.7308 0.0607 -0.6799
vn -0.9118 0.0628 -0.4058
vn -0.9590 0.1353 -0.2491
vn -0.2979 -0.0215 0.9543
vn -0.1645 0.0451 0.9853
vn -0.9420 0.0235 0.3348
vn -0.9881 0.0509 0.1451
vn -0.9881 0.0509 0.1452
vn -0.9420 0.0235 0.3349
vn -0.9590 0.1352 -0.2492
vn 0.0196 -0.9998 -0.0019
vn -0.0843 -0.9153 -0.3940
vn -0.0843 -0.9153 -0.3939
vn -0.0842 -0.9153 -0.3939
vn -0.0196 -0.0842 -0.9963
vn -0.0196 -0.0841 -0.9963
vn -0.0196 -0.0843 -0.9962
vn -0.0178 0.8873 -0.4608
vn -0.0178 0.8874 -0.4607
vn 0.9998 0.0079 -0.0196
vn 0.9998 0.0079 -0.0197
vn -0.9998 -0.0078 0.0196
vn -0.9998 -0.0078 0.0195
vn 0.0432 -0.9309 0.3626
vn 0.9998 0.0078 -0.0196
vn 0.9998 0.0078 -0.0195
vn -0.0197 -0.0980 -0.9950
vn -0.0198 -0.0980 -0.9950
vn -0.0196 -0.0979 -0.9950
vn -0.9675 -0.0118 0.2527
vn -0.9675 -0.0117 0.2526
vn 0.0099 -0.9953 0.0961
vn 0.0098 -0.9953 0.0960
vn 0.0099 -0.9953 0.0960
vn -0.0000 -0.0960 -0.9954
vn -0.0000 -0.0961 -0.9954
vn -0.0000 -0.0962 -0.9954
vn -0.0000 -0.0959 -0.9954
vn 0.9648 -0.0137 -0.2627
vn 0.9648 -0.0138 -0.2628
vn 0.9647 -0.0138 -0.2628
vn 0.9933 -0.0353 -0.1098
vn 0.9865 0.0313 -0.1608
vn 0.4622 -0.8853 0.0509
vn 0.9933 -0.0353 -0.1097
vn 0.4469 -0.8937 0.0412
vn -0.0000 -0.0958 -0.9954
vn 0.4293 -0.8861 -0.1745
vn 0.4470 -0.8803 -0.1588
vn 0.4251 -0.8874 -0.1783
vn 0.4095 -0.8915 -0.1940
vn -0.0001 -0.9950 0.0999
vn -0.0000 -0.9950 0.0999
vn 0.0001 -0.9950 0.0998
vn 0.5683 0.8054 -0.1685
vn 0.6248 0.7756 -0.0901
vn 0.5896 0.7953 -0.1410
vn 0.5896 0.7953 -0.1411
vn 0.5236 0.8216 -0.2254
vn 0.5350 0.8290 -0.1627
vn 0.9865 0.0314 -0.1609
vn 0.9933 -0.0352 -0.1097
vn 0.5779 0.8070 -0.1214
vn -0.0001 0.9950 -0.0999
vn -0.0000 0.9950 -0.0999
vn 0.0020 -0.0921 -0.9957
vn 0.0020 -0.0922 -0.9957
vn 0.0019 -0.0959 -0.9954
vn 0.0019 -0.0980 -0.9952
vn 0.0019 -0.0960 -0.9954
vn 0.9781 0.0294 0.2058
vn 0.9781 0.0295 0.2059
vn 0.9673 0.0587 0.2467
vn -0.0097 0.9953 -0.0960
vn -0.0098 0.9953 -0.0960
vn 0.1157 -0.9363 -0.3315
vn 0.1156 -0.9364 -0.3312
vn 0.1156 -0.9365 -0.3311
vn -0.0902 0.9267 -0.3647
vn -0.0901 0.9268 -0.3645
vn -0.0902 0.9268 -0.3646
vn -0.0902 0.9268 -0.3647
vn -0.0902 0.9267 -0.3648
vn 0.9992 0.0333 -0.0216
vn 0.9992 0.0333 -0.0213
vn -0.0199 -0.0939 -0.9954
vn -0.9993 -0.0315 0.0217
vn -0.9993 -0.0313 0.0215
vn -0.5587 -0.8293 0.0059
vn -0.5705 -0.8213 -0.0019
vn -0.6630 -0.7475 0.0412
vn -0.5588 -0.8293 0.0059
vn -0.7302 -0.6833 0.0039
vn 0.4939 0.8545 -0.1607
vn -0.1647 0.9762 -0.1411
vn -0.2979 0.9521 -0.0686
vn -0.2979 0.9521 -0.0687
vn 0.5608 0.8178 -0.1294
vn -0.9992 -0.0333 0.0218
vn -0.9992 -0.0333 0.0217
vn -0.9992 -0.0333 0.0216
vn -0.7302 -0.6832 0.0040
vn -0.6631 -0.7474 0.0412
vn -0.9118 -0.4099 -0.0235
vn -0.7303 -0.6832 0.0038
vn -0.9118 -0.4099 -0.0236
vn -0.9591 -0.2609 -0.1098
vn -0.2978 0.9522 -0.0686
vn -0.1646 0.9762 -0.1412
vn -0.9419 0.3310 -0.0568
vn -0.2977 0.9522 -0.0687
vn -0.9419 0.3310 -0.0567
vn -0.9881 0.1392 -0.0647
vn -0.9882 0.1391 -0.0647
vn -0.9420 0.3309 -0.0569
vn -0.9591 -0.2608 -0.1099
vn -0.9879 0.1388 -0.0692
vn -0.9591 -0.2608 -0.1098
vn -0.9119 -0.4097 -0.0235
vn -0.0198 -0.0940 -0.9954
vn -0.0192 -0.0942 -0.9954
vn -0.0193 -0.0941 -0.9954
vn -0.0197 -0.0940 -0.9954
vn -0.0194 -0.0941 -0.9954
vn -0.0195 -0.0941 -0.9954
vn -0.0196 -0.0882 -0.9959
vn -0.0196 -0.0881 -0.9959
vn -0.9994 0.0314 0.0159
vn -0.9994 0.0314 0.0158
vn -0.1488 -0.4817 0.8636
vn -0.0177 -0.9998 -0.0119
vn -0.0177 -0.9998 -0.0118
vn 0.0510 -0.3723 -0.9267
vn 0.0509 -0.3722 -0.9267
vn 0.0512 -0.3723 -0.9267
vn 0.9978 -0.0196 0.0628
vn 0.9978 -0.0197 0.0629
vn 0.9978 -0.0196 0.0626
vn -0.9978 0.0196 -0.0626
vn -0.9979 0.0195 -0.0626
vn -0.0274 0.2705 0.9623
vn -0.0274 0.2704 0.9623
vn -0.0274 0.2704 0.9624
vn 0.9978 -0.0197 0.0630
vn 0.9978 -0.0196 0.0627
vn -0.0196 -0.9998 0.0001
vn -0.0196 -0.9998 -0.0001
vn -0.0196 -0.9998 -0.0000
vn -0.9674 0.2509 -0.0353
vn -0.9674 0.2508 -0.0353
vn -0.9675 0.2505 -0.0351
vn -0.0628 -0.0000 0.9980
vn -0.0627 -0.0000 0.9980
vn -0.0629 -0.0000 0.9980
vn 0.0002 -1.0000 0.0001
vn 0.0002 -1.0000 -0.0000
vn 0.9629 -0.2628 0.0608
vn 0.9629 -0.2629 0.0608
vn 0.9889 -0.1117 0.0979
vn 0.9873 -0.1567 0.0255
vn 0.3961 -0.0333 0.9176
vn 0.9889 -0.1116 0.0980
vn 0.3798 -0.0432 0.9241
vn -0.0001 -1.0000 0.0002
vn 0.3646 -0.2607 0.8939
vn 0.3805 -0.2433 0.8922
vn 0.3602 -0.2643 0.8947
vn 0.3602 -0.2643 0.8946
vn 0.3433 -0.2805 0.8964
vn -0.0744 0.0019 0.9972
vn -0.0743 0.0019 0.9972
vn 0.6291 -0.0901 -0.7721
vn 0.6821 -0.0137 -0.7311
vn 0.6487 -0.0627 -0.7585
vn 0.6290 -0.0902 -0.7721
vn 0.6487 -0.0628 -0.7585
vn 0.5845 -0.1450 -0.7983
vn 0.5965 -0.0805 -0.7986
vn 0.9873 -0.1568 0.0254
vn 0.9889 -0.1116 0.0978
vn 0.5965 -0.0804 -0.7986
vn 0.9889 -0.1116 0.0979
vn 0.6367 -0.0430 -0.7699
vn 0.0745 -0.0020 -0.9972
vn 0.0744 -0.0019 -0.9972
vn 0.0021 -1.0000 -0.0021
vn 0.0018 -1.0000 -0.0001
vn 0.0018 -1.0000 -0.0000
vn 0.9762 0.2079 0.0609
vn 0.9763 0.2078 0.0608
vn -0.0625 -0.0001 0.9980
vn 0.9674 0.2507 0.0353
vn 0.0626 -0.0000 -0.9980
vn 0.0471 -0.4214 0.9056
vn 0.0472 -0.4214 0.9057
vn 0.0470 -0.4215 0.9056
vn -0.0177 -0.2724 -0.9620
vn -0.0176 -0.2724 -0.9620
vn 0.9990 -0.0197 0.0393
vn 0.9990 -0.0198 0.0393
vn -0.0177 -0.9998 -0.0039
vn -0.9990 0.0196 -0.0393
vn -0.9990 0.0196 -0.0392
vn -0.6192 -0.0725 0.7819
vn -0.6293 -0.0830 0.7727
vn -0.7174 -0.0295 0.6960
vn -0.7174 -0.0294 0.6960
vn -0.7798 -0.0607 0.6231
vn 0.5567 -0.0764 -0.8272
vn -0.0902 -0.0451 -0.9949
vn -0.2255 0.0215 -0.9740
vn -0.2255 0.0216 -0.9740
vn 0.6213 -0.0490 -0.7820
vn 0.0178 0.9998 0.0040
vn -0.9990 0.0198 -0.0393
vn -0.9990 0.0199 -0.0393
vn -0.7176 -0.0294 0.6959
vn -0.9401 -0.0626 0.3350
vn -0.7798 -0.0608 0.6230
vn -0.9401 -0.0627 0.3350
vn -0.9750 -0.1351 0.1763
vn -0.2254 0.0215 -0.9740
vn -0.0900 -0.0450 -0.9949
vn -0.9146 -0.0235 -0.4036
vn -0.2253 0.0215 -0.9741
vn -0.9147 -0.0235 -0.4035
vn -0.9747 -0.0510 -0.2177
vn -0.9747 -0.0511 -0.2176
vn -0.9147 -0.0236 -0.4034
vn -0.9751 -0.1351 0.1761
vn -0.9744 -0.0554 -0.2177
vn -0.9751 -0.1357 0.1755
vn -0.9402 -0.0627 0.3348
vn -0.0178 -0.9998 -0.0040
vn -0.0176 -0.9998 -0.0039
vn -0.0196 -0.9998 -0.0042
vn 0.0177 0.9998 0.0039
vn 0.0176 0.9998 0.0039
vn -0.0176 -0.9998 -0.0078
vn -0.0178 -0.9998 -0.0080
vn -0.9944 0.0196 -0.1037
vn -0.9944 0.0196 -0.1038
vn -0.2980 -0.4825 0.8237
vn -0.2979 -0.4825 0.8237
vn -0.2981 -0.4824 0.8237
vn -0.0156 -0.9998 -0.0156
vn 0.2116 -0.3724 -0.9036
vn 0.2115 -0.3724 -0.9036
vn 0.2119 -0.3724 -0.9035
vn 0.2125 -0.3724 -0.9034
vn 0.2120 -0.3724 -0.9035
vn 0.9718 -0.0196 0.2350
vn 0.9717 -0.0196 0.2352
vn -0.9718 0.0196 -0.2351
vn -0.9718 0.0196 -0.2350
vn -0.9463 0.2508 -0.2038
vn -0.9463 0.2510 -0.2038
vn -0.2350 -0.0000 0.9720
vn -0.2351 -0.0000 0.9720
vn 0.9376 -0.2628 0.2275
vn 0.9562 -0.1118 0.2704
vn 0.9680 -0.1568 0.1960
vn 0.2290 -0.0333 0.9728
vn 0.9562 -0.1117 0.2705
vn 0.2290 -0.0333 0.9729
vn 0.2118 -0.0432 0.9764
vn 0.0002 -1.0000 -0.0002
vn 0.2018 -0.2605 0.9442
vn 0.2195 -0.2432 0.9448
vn 0.1978 -0.2644 0.9439
vn 0.1803 -0.2803 0.9428
vn -0.2490 0.0020 0.9685
vn 0.7543 -0.0900 -0.6503
vn 0.7990 -0.0137 -0.6012
vn 0.7701 -0.0627 -0.6349
vn 0.7542 -0.0901 -0.6504
vn 0.7700 -0.0628 -0.6349
vn 0.7152 -0.1449 -0.6838
vn 0.7270 -0.0803 -0.6819
vn 0.9680 -0.1567 0.1959
vn 0.9563 -0.1116 0.2703
vn 0.9563 -0.1116 0.2704
vn 0.7619 -0.0430 -0.6463
vn 0.2490 -0.0020 -0.9685
vn 0.2490 -0.0021 -0.9685
vn 0.0039 -1.0000 -0.0020
vn 0.0040 -1.0000 -0.0021
vn 0.0020 -1.0000 0.0001
vn 0.0018 -1.0000 0.0020
vn 0.0019 -1.0000 0.0020
vn 0.9504 0.2078 0.2313
vn 0.9505 0.2078 0.2313
vn 0.9505 0.2077 0.2312
vn -0.2352 -0.0000 0.9720
vn 0.9463 0.2508 0.2038
vn 0.9464 0.2508 0.2037
vn 0.2351 -0.0000 -0.9720
vn 0.2350 -0.0000 -0.9720
vn -0.1098 -0.4209 0.9005
vn -0.1097 -0.4209 0.9005
vn -0.1095 -0.4209 0.9005
vn -0.1096 -0.4209 0.9005
vn 0.1489 -0.2723 -0.9506
vn 0.1490 -0.2724 -0.9506
vn 0.1490 -0.2725 -0.9506
vn 0.9772 -0.0196 0.2112
vn 0.9772 -0.0196 0.2113
vn 0.9772 -0.0196 0.2115
vn -0.0175 -0.9998 -0.0078
vn -0.9768 0.0197 -0.2134
vn -0.7461 -0.0724 0.6619
vn -0.7546 -0.0826 0.6509
vn -0.8274 -0.0295 0.5608
vn -0.7461 -0.0725 0.6619
vn -0.8274 -0.0294 0.5609
vn -0.8761 -0.0608 0.4783
vn 0.6932 -0.0764 -0.7167
vn 0.0822 -0.0451 -0.9956
vn -0.0530 0.0214 -0.9984
vn -0.0530 0.0215 -0.9984
vn 0.7480 -0.0490 -0.6619
vn 0.0178 0.9998 0.0078
vn 0.0180 0.9998 0.0079
vn -0.9772 0.0196 -0.2116
vn -0.9772 0.0196 -0.2115
vn -0.8761 -0.0607 0.4782
vn -0.8275 -0.0294 0.5607
vn -0.9840 -0.0627 0.1667
vn -0.8762 -0.0608 0.4782
vn -0.9840 -0.0628 0.1667
vn -0.9908 -0.1351 0.0021
vn -0.0529 0.0215 -0.9984
vn 0.0824 -0.0450 -0.9956
vn -0.8290 -0.0234 -0.5587
vn -0.0528 0.0215 -0.9984
vn -0.8291 -0.0234 -0.5587
vn -0.9211 -0.0509 -0.3861
vn -0.9211 -0.0510 -0.3860
vn -0.8291 -0.0236 -0.5586
vn -0.9908 -0.1351 0.0018
vn -0.9208 -0.0553 -0.3860
vn -0.9908 -0.1350 0.0020
vn -0.9840 -0.0627 0.1665
vn -0.0178 -0.9998 -0.0079
vn -0.0179 -0.9998 -0.0079
vn -0.0181 -0.9998 -0.0079
vn -0.0178 -0.9998 -0.0078
vn -0.0177 -0.9998 -0.0078
vn -0.0180 -0.9998 -0.0079
vn -0.0177 -0.9998 -0.0079
vn 0.0175 0.9998 0.0078
vn 0.0181 0.9998 0.0079
vn 0.0176 0.9998 0.0078
vn 0.0179 0.9998 0.0079
vn 0.1490 -0.2725 -0.9505
vn 0.1489 -0.2724 -0.9506
vn 0.9772 -0.0196 0.2114
vn -0.7548 -0.0822 0.6508
vn -0.8274 -0.0295 0.5609
vn -0.0529 0.0214 -0.9984
vn 0.7480 -0.0490 -0.6618
vn -0.9772 0.0196 -0.2113
vn -0.9772 0.0196 -0.2114
vn -0.8762 -0.0607 0.4782
vn -0.8290 -0.0235 -0.5587
vn -0.8291 -0.0236 -0.5585
vn -0.0184 -0.9998 -0.0079
vn -0.0174 -0.9998 -0.0078
vn -0.0173 -0.9998 -0.0078
vn -0.0185 -0.9998 -0.0079
vn 0.0178 0.9998 0.0079
vn -0.2978 -0.4826 0.8237
vn -0.2979 -0.4826 0.8237
vn -0.2982 -0.4823 0.8237
vn 0.2118 -0.3724 -0.9036
vn 0.2117 -0.3724 -0.9036
vn 0.9718 -0.0196 0.2351
vn -0.9718 0.0196 -0.2352
vn -0.1940 0.2705 0.9430
vn -0.1941 0.2706 0.9429
vn 0.9718 -0.0196 0.2352
vn -0.0178 -0.9998 -0.0039
vn -0.0179 -0.9998 -0.0039
vn -0.9464 0.2507 -0.2038
vn -0.9465 0.2505 -0.2037
vn -0.9465 0.2504 -0.2037
vn 0.9376 -0.2629 0.2276
vn 0.9680 -0.1568 0.1961
vn 0.9562 -0.1116 0.2705
vn 0.2117 -0.0431 0.9764
vn 0.2196 -0.2430 0.9449
vn 0.1804 -0.2803 0.9428
vn -0.2490 0.0019 0.9685
vn 0.7151 -0.1451 -0.6838
vn 0.9680 -0.1567 0.1960
vn 0.9562 -0.1116 0.2704
vn 0.7618 -0.0431 -0.6463
vn 0.2490 -0.0019 -0.9685
vn 0.0039 -1.0000 -0.0019
vn 0.9505 0.2078 0.2312
vn 0.9504 0.2079 0.2313
vn 0.9504 0.2080 0.2313
vn 0.9464 0.2508 0.2038
vn 0.9463 0.2509 0.2039
vn -0.0003 -1.0000 -0.0001
vn -0.9768 0.0194 -0.2134
vn -0.9768 0.0196 -0.2134
vn -0.7548 -0.0823 0.6508
vn -0.8274 -0.0294 0.5608
vn 0.0822 -0.0452 -0.9956
vn 0.0177 0.9998 0.0078
vn 0.0179 0.9998 0.0078
vn -0.8761 -0.0608 0.4782
vn -0.0529 0.0216 -0.9984
vn 0.0824 -0.0451 -0.9956
vn -0.8291 -0.0235 -0.5587
vn -0.9211 -0.0509 -0.3860
vn -0.9908 -0.1351 0.0019
vn -0.9909 -0.1349 0.0020
vn 0.0177 0.9998 0.0079
vn 0.0174 0.9998 0.0078
vn 0.0353 -0.4820 0.8754
vn 0.0353 -0.4818 0.8756
vn 0.0354 -0.4816 0.8757
vn -0.0197 -0.9998 -0.0079
vn -0.0198 -0.9998 -0.0079
vn -0.0196 -0.9998 -0.0078
vn -0.1455 -0.3725 -0.9166
vn -0.1447 -0.3721 -0.9168
vn 0.9887 -0.0199 -0.1488
vn 0.9887 -0.0198 -0.1488
vn -0.9887 0.0199 0.1488
vn -0.9887 0.0194 0.1488
vn -0.9887 0.0192 0.1487
vn -0.9887 0.0191 0.1487
vn 0.1763 0.2713 0.9462
vn 0.1764 0.2705 0.9464
vn 0.1764 0.2706 0.9464
vn 0.9887 -0.0195 -0.1488
vn 0.9887 -0.0194 -0.1488
vn 0.9887 -0.0192 -0.1487
vn -0.0177 -0.9998 0.0020
vn -0.0178 -0.9998 0.0021
vn -0.0176 -0.9998 0.0020
vn -0.0176 -0.9998 0.0019
vn -0.9532 0.2510 0.1686
vn -0.9531 0.2511 0.1688
vn -0.9532 0.2510 0.1687
vn 0.1489 -0.0001 0.9889
vn 0.1489 -0.0002 0.9889
vn 0.9543 -0.2626 -0.1430
vn 0.9543 -0.2625 -0.1430
vn 0.9874 -0.1118 -0.1117
vn 0.9707 -0.1568 -0.1823
vn 0.5803 -0.0333 0.8137
vn 0.9875 -0.1116 -0.1116
vn 0.5804 -0.0333 0.8137
vn 0.5663 -0.0431 0.8230
vn 0.5446 -0.2605 0.7972
vn 0.5605 -0.2429 0.7918
vn 0.5412 -0.2647 0.7981
vn 0.5445 -0.2605 0.7972
vn 0.5251 -0.2805 0.8035
vn 0.1351 0.0020 0.9908
vn 0.1351 0.0019 0.9908
vn 0.1350 0.0018 0.9908
vn 0.4509 -0.0901 -0.8880
vn 0.5119 -0.0138 -0.8590
vn 0.4720 -0.0627 -0.8794
vn 0.4509 -0.0902 -0.8880
vn 0.4719 -0.0627 -0.8794
vn 0.4022 -0.1454 -0.9039
vn 0.4134 -0.0803 -0.9070
vn 0.9706 -0.1568 -0.1824
vn 0.9874 -0.1116 -0.1118
vn 0.4133 -0.0803 -0.9070
vn 0.4601 -0.0430 -0.8868
vn -0.1350 -0.0019 -0.9908
vn -0.1351 -0.0019 -0.9908
vn 0.0021 -1.0000 -0.0040
vn 0.0022 -1.0000 -0.0040
vn 0.9674 0.2077 -0.1450
vn 0.1488 -0.0001 0.9889
vn 0.1488 -0.0004 0.9889
vn 0.1488 -0.0003 0.9889
vn 0.9532 0.2511 -0.1687
vn 0.9531 0.2512 -0.1686
vn 0.9532 0.2508 -0.1687
vn 0.9532 0.2509 -0.1687
vn -0.1488 -0.0001 -0.9889
vn -0.1489 -0.0000 -0.9889
vn 0.2369 -0.4211 0.8755
vn -0.2214 -0.2724 -0.9364
vn -0.2214 -0.2723 -0.9364
vn 0.9848 -0.0196 -0.1725
vn 0.9848 -0.0197 -0.1728
vn 0.9849 -0.0195 -0.1722
vn -0.0201 -0.9998 -0.0003
vn -0.0199 -0.9998 -0.0002
vn -0.9848 0.0197 0.1724
vn -0.9848 0.0196 0.1724
vn -0.4390 -0.0725 0.8956
vn -0.4511 -0.0823 0.8887
vn -0.5526 -0.0294 0.8329
vn -0.5526 -0.0294 0.8330
vn -0.6294 -0.0608 0.7747
vn 0.3700 -0.0764 -0.9259
vn -0.3000 -0.0452 -0.9529
vn -0.4275 0.0214 -0.9038
vn -0.4275 0.0215 -0.9038
vn 0.4412 -0.0490 -0.8961
vn 0.0195 0.9998 -0.0001
vn 0.0196 0.9998 -0.0000
vn -0.9848 0.0196 0.1725
vn -0.9848 0.0197 0.1725
vn -0.9848 0.0199 0.1728
vn -0.6295 -0.0607 0.7746
vn -0.5527 -0.0293 0.8329
vn -0.8472 -0.0627 0.5276
vn -0.6296 -0.0608 0.7746
vn -0.8472 -0.0628 0.5276
vn -0.9156 -0.1353 0.3785
vn -0.4274 0.0216 -0.9038
vn -0.2999 -0.0451 -0.9529
vn -0.9792 -0.0235 -0.2018
vn -0.4273 0.0215 -0.9038
vn -0.9791 -0.0234 -0.2018
vn -0.9987 -0.0509 -0.0078
vn -0.9987 -0.0510 -0.0078
vn -0.9792 -0.0235 -0.2016
vn -0.9157 -0.1353 0.3784
vn -0.9984 -0.0553 -0.0079
vn -0.9159 -0.1358 0.3778
vn -0.8473 -0.0627 0.5275
vn -0.0200 -0.9998 -0.0003
vn -0.0197 -0.9998 -0.0001
vn -0.0194 -0.9998 0.0002
vn -0.0194 -0.9998 0.0001
vn -0.0200 -0.9998 -0.0002
vn -0.0193 -0.9998 0.0002
vn 0.0197 0.9998 -0.0000
vn 0.0198 0.9998 0.0001
vn 0.0195 0.9998 -0.0000
vn 0.0197 0.9998 0.0001
vn 0.0194 0.9998 -0.0001
vn 0.0201 0.9998 0.0003
vn 0.0202 0.9998 0.0003
vn -0.0196 -0.9998 -0.0039
vn -0.0195 -0.9998 -0.0039
vn -0.9940 0.0204 0.1078
vn -0.9940 0.0194 0.1078
vn 0.0646 -0.9643 0.2567
vn 0.0648 -0.9643 0.2568
vn 0.0647 -0.9643 0.2568
vn -0.0196 -0.2314 0.9727
vn -0.0195 -0.2313 0.9727
vn -0.0195 -0.2314 0.9727
vn 0.0019 0.8091 0.5877
vn 0.0020 0.8091 0.5877
vn 0.0024 0.8091 0.5877
vn -0.9997 0.0153 -0.0174
vn -0.9997 0.0154 -0.0173
vn -0.9997 0.0154 -0.0174
vn 0.9997 -0.0157 0.0177
vn -0.0314 -0.8666 -0.4980
vn -0.0314 -0.8658 -0.4995
vn -0.0313 -0.8658 -0.4995
vn -0.9997 0.0161 -0.0179
vn -0.0196 -0.2448 0.9694
vn -0.0197 -0.2448 0.9694
vn 0.9768 0.0157 -0.2136
vn 0.9768 0.0157 -0.2134
vn 0.9768 0.0158 -0.2136
vn 0.9768 0.0157 -0.2135
vn -0.0099 -0.9700 -0.2430
vn -0.0098 -0.9700 -0.2430
vn -0.0411 -0.2428 0.9692
vn -0.0411 -0.2427 0.9692
vn -0.0410 -0.2426 0.9693
vn -0.0410 -0.2425 0.9693
vn -0.9746 -0.0432 0.2196
vn -0.9746 -0.0431 0.2196
vn -0.9746 -0.0432 0.2197
vn -0.9972 -0.0412 0.0628
vn -0.9920 0.0176 0.1254
vn -0.4645 -0.8623 -0.2019
vn -0.9972 -0.0412 0.0627
vn -0.4644 -0.8623 -0.2018
vn -0.4488 -0.8727 -0.1922
vn -0.0412 -0.2429 0.9692
vn -0.4408 -0.8973 0.0235
vn -0.4566 -0.8896 0.0078
vn -0.4368 -0.8991 0.0274
vn -0.4192 -0.9069 0.0431
vn -0.0000 -0.9691 -0.2467
vn 0.0001 -0.9691 -0.2467
vn -0.5724 0.7761 0.2645
vn -0.6258 0.7592 0.1787
vn -0.5916 0.7718 0.2331
vn -0.5723 0.7762 0.2646
vn -0.5915 0.7718 0.2332
vn -0.5291 0.7838 0.3253
vn -0.5370 0.8016 0.2626
vn -0.9919 0.0176 0.1255
vn -0.9972 -0.0410 0.0627
vn -0.9972 -0.0411 0.0626
vn -0.5784 0.7862 0.2177
vn 0.0001 0.9691 0.2467
vn -0.0000 0.9691 0.2467
vn -0.0430 -0.2390 0.9701
vn -0.0432 -0.2429 0.9691
vn -0.0431 -0.2451 0.9685
vn -0.0432 -0.2428 0.9691
vn -0.0431 -0.2428 0.9691
vn -0.9688 0.0706 -0.2374
vn -0.9688 0.0707 -0.2374
vn -0.9689 0.0706 -0.2373
vn -0.9689 0.0706 -0.2372
vn -0.0099 -0.9700 -0.2431
vn -0.0097 -0.9700 -0.2429
vn -0.9560 0.1037 -0.2743
vn -0.9560 0.1038 -0.2743
vn 0.0099 0.9700 0.2431
vn 0.0100 0.9699 0.2431
vn -0.1314 -0.9741 0.1842
vn -0.1313 -0.9741 0.1842
vn 0.0785 0.8612 0.5022
vn 0.0789 0.8610 0.5024
vn 0.0784 0.8616 0.5014
vn -0.9992 0.0393 -0.0118
vn -0.9992 0.0394 -0.0119
vn -0.9991 0.0396 -0.0122
vn -0.0196 -0.2393 0.9708
vn 0.9992 -0.0392 0.0117
vn 0.9992 -0.0392 0.0116
vn 0.9992 -0.0392 0.0120
vn 0.9992 -0.0393 0.0124
vn 0.5548 -0.8253 -0.1058
vn 0.5664 -0.8185 -0.0959
vn 0.6611 -0.7397 -0.1255
vn 0.5547 -0.8253 -0.1059
vn 0.6611 -0.7397 -0.1256
vn 0.7271 -0.6822 -0.0765
vn -0.4956 0.8267 0.2664
vn 0.1628 0.9430 0.2902
vn 0.2997 0.9280 0.2213
vn 0.2996 0.9280 0.2213
vn -0.5621 0.7952 0.2272
vn 0.9992 -0.0392 0.0118
vn 0.9992 -0.0393 0.0118
vn 0.9992 -0.0393 0.0119
vn 0.7272 -0.6821 -0.0764
vn 0.6612 -0.7396 -0.1256
vn 0.9088 -0.4173 -0.0001
vn 0.7273 -0.6821 -0.0764
vn 0.9088 -0.4173 -0.0000
vn 0.9524 -0.2843 0.1097
vn 0.2996 0.9281 0.2213
vn 0.1627 0.9431 0.2901
vn 0.9401 0.3095 0.1429
vn 0.2995 0.9281 0.2213
vn 0.9854 0.1175 0.1234
vn 0.9854 0.1174 0.1234
vn 0.9401 0.3094 0.1430
vn 0.9525 -0.2841 0.1098
vn 0.9525 -0.2839 0.1100
vn 0.9089 -0.4171 -0.0000
vn -0.0196 -0.2392 0.9708
vn -0.0194 -0.2411 0.9703
vn -0.0195 -0.2411 0.9703
vn -0.0197 -0.2393 0.9707
vn -0.0196 -0.2411 0.9703
vn -0.0197 -0.2352 0.9718
vn -0.0197 -0.2352 0.9717
vn -0.0195 -0.2351 0.9718
vn -0.0196 -0.2351 0.9718
vn 0.9993 0.0238 0.0275
vn 0.9993 0.0242 0.0276
vn 0.9993 0.0237 0.0275
vn 0.9993 0.0236 0.0275
vn 0.9993 0.0235 0.0274
vn -0.5801 -0.4821 0.6565
vn -0.5799 -0.4822 0.6567
vn -0.5802 -0.4820 0.6565
vn -0.0078 -0.9998 -0.0196
vn -0.0079 -0.9998 -0.0196
vn 0.5294 -0.3725 -0.7622
vn 0.5289 -0.3724 -0.7626
vn 0.5290 -0.3724 -0.7625
vn 0.5291 -0.3724 -0.7625
vn 0.8171 -0.0196 0.5761
vn 0.8171 -0.0196 0.5762
vn 0.8172 -0.0196 0.5760
vn -0.8171 0.0196 -0.5762
vn -0.8170 0.0197 -0.5764
vn -0.8171 0.0196 -0.5761
vn -0.8170 0.0196 -0.5763
vn -0.5272 0.2704 0.8056
vn 0.8172 -0.0195 0.5760
vn -0.0158 -0.9998 -0.0099
vn -0.0156 -0.9998 -0.0097
vn -0.0159 -0.9998 -0.0101
vn -0.0160 -0.9998 -0.0101
vn -0.8054 0.2509 -0.5370
vn -0.8054 0.2510 -0.5370
vn -0.8053 0.2511 -0.5370
vn -0.5762 -0.0000 0.8173
vn -0.5763 -0.0000 0.8173
vn -0.5761 -0.0000 0.8174
vn 0.0001 -1.0000 0.0002
vn 0.0001 -1.0000 0.0001
vn 0.7881 -0.2627 0.5567
vn 0.7880 -0.2628 0.5567
vn 0.7880 -0.2627 0.5567
vn 0.7905 -0.1120 0.6022
vn 0.8274 -0.1568 0.5392
vn -0.1430 -0.0333 0.9892
vn 0.7904 -0.1117 0.6023
vn -0.1607 -0.0432 0.9861
vn -0.0001 -1.0000 -0.0000
vn -0.0002 -1.0000 0.0001
vn -0.1568 -0.2607 0.9526
vn -0.1410 -0.2429 0.9598
vn -0.1608 -0.2647 0.9508
vn -0.1765 -0.2805 0.9435
vn -0.5877 0.0020 0.8091
vn -0.5877 0.0021 0.8091
vn -0.5877 0.0019 0.8091
vn 0.9401 -0.0900 -0.3289
vn 0.9643 -0.0137 -0.2646
vn 0.9501 -0.0627 -0.3056
vn 0.9400 -0.0901 -0.3290
vn 0.9501 -0.0628 -0.3057
vn 0.9168 -0.1449 -0.3721
vn 0.9270 -0.0803 -0.3665
vn 0.8274 -0.1569 0.5392
vn 0.7906 -0.1118 0.6021
vn 0.9270 -0.0804 -0.3665
vn 0.7905 -0.1117 0.6022
vn 0.9460 -0.0431 -0.3213
vn 0.5877 -0.0018 -0.8090
vn 0.5877 -0.0019 -0.8091
vn 0.5877 -0.0020 -0.8091
vn 0.0040 -1.0000 -0.0000
vn 0.0039 -1.0000 -0.0000
vn 0.0020 -1.0000 0.0020
vn 0.0019 -1.0000 0.0018
vn 0.7992 0.2077 0.5641
vn 0.7992 0.2076 0.5641
vn -0.5764 -0.0000 0.8172
vn -0.5763 -0.0000 0.8172
vn 0.8055 0.2508 0.5370
vn 0.8055 0.2508 0.5369
vn 0.5760 -0.0000 -0.8174
vn 0.5761 -0.0000 -0.8174
vn -0.4329 -0.4211 0.7971
vn -0.4326 -0.4211 0.7972
vn -0.4325 -0.4211 0.7972
vn 0.4881 -0.2724 -0.8292
vn 0.4881 -0.2725 -0.8292
vn 0.8306 -0.0196 0.5565
vn 0.8307 -0.0196 0.5564
vn 0.8303 -0.0198 0.5569
vn -0.0139 -0.9998 -0.0139
vn -0.0138 -0.9998 -0.0138
vn -0.8307 0.0196 -0.5564
vn -0.8308 0.0196 -0.5563
vn -0.9372 -0.0726 0.3411
vn -0.9412 -0.0824 0.3276
vn -0.9756 -0.0294 0.2175
vn -0.9372 -0.0725 0.3412
vn -0.9905 -0.0607 0.1234
vn 0.9080 -0.0765 -0.4119
vn 0.4427 -0.0451 -0.8955
vn 0.3155 0.0216 -0.9487
vn 0.3154 0.0216 -0.9487
vn 0.9388 -0.0490 -0.3410
vn 0.0143 0.9998 0.0141
vn -0.8303 0.0198 -0.5569
vn -0.8306 0.0196 -0.5565
vn -0.8304 0.0199 -0.5569
vn -0.9905 -0.0606 0.1233
vn -0.9756 -0.0293 0.2174
vn -0.9767 -0.0626 -0.2054
vn -0.9905 -0.0607 0.1232
vn -0.9767 -0.0627 -0.2054
vn -0.9229 -0.1352 -0.3604
vn 0.3156 0.0215 -0.9486
vn 0.4429 -0.0450 -0.8954
vn -0.5666 -0.0235 -0.8236
vn -0.7150 -0.0509 -0.6973
vn -0.7150 -0.0510 -0.6972
vn -0.5668 -0.0236 -0.8235
vn -0.9229 -0.1352 -0.3606
vn -0.7148 -0.0553 -0.6972
vn -0.9225 -0.1358 -0.3613
vn -0.9766 -0.0626 -0.2056
vn -0.0136 -0.9998 -0.0137
vn -0.0142 -0.9998 -0.0141
vn -0.0137 -0.9998 -0.0137
vn -0.0142 -0.9998 -0.0140
vn -0.0136 -0.9998 -0.0136
vn 0.0136 0.9998 0.0136
vn 0.0137 0.9998 0.0137
vn 0.0134 0.9998 0.0135
vn 0.0138 0.9998 0.0137
vn 0.0138 0.9998 0.0138
vn 0.0140 0.9998 0.0139
vn 0.0139 0.9998 0.0139
vn -0.0098 -0.9998 -0.0177
vn -0.0099 -0.9998 -0.0177
vn -0.0098 -0.9998 -0.0176
vn -0.7922 0.0199 -0.6100
vn -0.7922 0.0198 -0.6100
vn -0.7922 0.0198 -0.6099
vn -0.7920 0.0203 -0.6101
vn -0.3899 -0.9170 0.0842
vn -0.9957 -0.0902 0.0194
vn -0.9957 -0.0900 0.0199
vn -0.4642 0.8856 0.0176
vn -0.4644 0.8854 0.0177
vn -0.4649 0.8852 0.0178
vn -0.0196 0.0079 -0.9998
vn -0.0196 0.0078 -0.9998
vn 0.0197 -0.0079 0.9998
vn 0.0196 -0.0078 0.9998
vn 0.3667 -0.9293 -0.0432
vn 0.3683 -0.9287 -0.0432
vn 0.3666 -0.9294 -0.0431
vn 0.3683 -0.9287 -0.0431
vn -0.9946 -0.1021 0.0196
vn -0.9946 -0.1019 0.0196
vn -0.9946 -0.1020 0.0196
vn -0.9946 -0.1017 0.0196
vn -0.9946 -0.1018 0.0196
vn 0.2527 -0.0098 0.9675
vn 0.2526 -0.0097 0.9675
vn 0.1018 -0.9948 -0.0100
vn 0.1018 -0.9948 -0.0099
vn 0.0999 -0.9949 -0.0098
vn 0.1018 -0.9948 -0.0097
vn 0.0998 -0.9950 -0.0097
vn -0.9948 -0.1018 -0.0002
vn -0.2630 -0.0158 -0.9647
vn -0.2629 -0.0157 -0.9647
vn -0.2628 -0.0157 -0.9647
vn -0.1099 -0.0353 -0.9933
vn -0.1608 0.0313 -0.9865
vn 0.0569 -0.8846 -0.4629
vn -0.1097 -0.0354 -0.9933
vn 0.0450 -0.8935 -0.4467
vn -0.9948 -0.1015 -0.0001
vn -0.1707 -0.8867 -0.4296
vn -0.1549 -0.8813 -0.4465
vn -0.1745 -0.8880 -0.4254
vn -0.1901 -0.8921 -0.4098
vn 0.1037 -0.9946 -0.0001
vn 0.1038 -0.9946 -0.0000
vn -0.1725 0.8041 -0.5689
vn -0.0940 0.7745 -0.6255
vn -0.1449 0.7948 -0.5893
vn -0.1726 0.8042 -0.5688
vn -0.1449 0.7949 -0.5892
vn -0.2291 0.8209 -0.5231
vn -0.1665 0.8285 -0.5347
vn -0.1608 0.0314 -0.9865
vn -0.1098 -0.0352 -0.9933
vn -0.1097 -0.0352 -0.9933
vn -0.1253 0.8067 -0.5776
vn -0.1037 0.9946 0.0001
vn -0.1038 0.9946 -0.0001
vn -0.9952 -0.0979 -0.0019
vn -0.9948 -0.1019 -0.0020
vn -0.9948 -0.1019 -0.0021
vn -0.9950 -0.0999 -0.0020
vn 0.2060 0.0315 -0.9780
vn 0.2060 0.0315 -0.9781
vn 0.2058 0.0314 -0.9781
vn 0.0998 -0.9950 -0.0098
vn 0.2468 0.0608 -0.9672
vn 0.2467 0.0606 -0.9672
vn -0.0999 0.9949 0.0098
vn -0.1018 0.9948 0.0099
vn -0.9948 -0.1017 -0.0002
vn -0.3269 -0.9380 -0.1154
vn -0.3271 -0.9379 -0.1157
vn -0.3684 0.9253 0.0902
vn -0.3702 0.9246 0.0901
vn -0.3700 0.9246 0.0903
vn -0.3686 0.9252 0.0902
vn -0.3699 0.9247 0.0903
vn -0.0216 0.0333 -0.9992
vn -0.0215 0.0333 -0.9992
vn -0.9950 -0.0981 0.0197
vn -0.9950 -0.0982 0.0197
vn 0.0215 -0.0313 0.9993
vn 0.0216 -0.0314 0.9993
vn 0.0098 -0.8293 0.5588
vn 0.0006 -0.8218 0.5698
vn 0.0451 -0.7473 0.6629
vn 0.0098 -0.8293 0.5587
vn 0.0451 -0.7474 0.6629
vn 0.0059 -0.6833 0.7301
vn -0.1645 0.8540 -0.4936
vn -0.1450 0.9756 0.1647
vn -0.0725 0.9519 0.2978
vn -0.1333 0.8173 -0.5606
vn 0.9950 0.0984 -0.0197
vn 0.0215 -0.0333 0.9992
vn 0.0059 -0.6832 0.7302
vn 0.0452 -0.7473 0.6630
vn -0.0215 -0.4099 0.9119
vn 0.0058 -0.6832 0.7302
vn -0.0216 -0.4099 0.9119
vn -0.1098 -0.2609 0.9591
vn -0.0724 0.9519 0.2977
vn -0.1449 0.9757 0.1645
vn -0.0587 0.3310 0.9418
vn -0.0725 0.9519 0.2976
vn -0.0647 0.1392 0.9881
vn -0.0647 0.1391 0.9882
vn -0.0588 0.3308 0.9419
vn -0.1099 -0.2608 0.9591
vn -0.1100 -0.2606 0.9592
vn -0.0216 -0.4098 0.9119
vn -0.9950 -0.0978 0.0196
vn -0.9950 -0.0978 0.0195
vn -0.9949 -0.0987 0.0198
vn -0.9950 -0.0983 0.0197
vn -0.9950 -0.0982 0.0196
vn -0.9950 -0.0981 0.0196
vn -0.9950 -0.0979 0.0196
vn 0.9950 0.0979 -0.0196
vn 0.9950 0.0980 -0.0196
vn 0.9950 0.0978 -0.0195
vn 0.9950 0.0978 -0.0196
vn 0.9949 0.0986 -0.0200
vn 0.9949 0.0987 -0.0199
vn 0.9950 0.0984 -0.0198
vn 0.9950 0.0981 -0.0196
vn -0.9956 -0.0920 0.0196
vn -0.9956 -0.0921 0.0196
vn 0.0158 0.0314 0.9994
vn 0.0156 0.0313 0.9994
vt 3.679688 1.099915
vt 3.679688 1.260986
vt 3.947266 1.259521
vt 3.947266 1.099426
vt 1.327148 0.573242
vt 2.298828 0.571045
vt 2.287109 0.303711
vt 1.325195 0.306152
vt 2.529297 1.102173
vt 2.261719 1.102173
vt 2.261719 1.261963
vt 2.529297 1.261963
vt 1.329102 0.733154
vt 2.296875 0.732178
vt 1.141602 1.099670
vt 1.141602 1.261719
vt 1.568359 0.515381
vt 1.656250 0.517090
vt 1.659180 0.332031
vt 1.572266 0.330566
vt 1.166016 0.515381
vt 1.165039 0.603027
vt 1.569336 0.603027
vt 1.193359 0.466309
vt 1.151367 0.417480
vt 1.559570 0.515381
vt 1.647461 0.517090
vt 1.650391 0.332031
vt 1.563477 0.330566
vt 1.560547 0.603027
vt 5.203125 0.539795
vt 5.226562 0.663574
vt 5.226562 0.553467
vt 5.328125 0.425293
vt 5.328125 0.476074
vt 5.359375 0.476074
vt 5.359375 0.425293
vt 5.308594 0.425293
vt 5.308594 0.476074
vt 5.191406 0.507568
vt 5.226562 0.525391
vt 5.285156 0.476074
vt 5.285156 0.425293
vt 5.257812 0.425293
vt 5.257812 0.476074
vt 4.285156 0.425293
vt 4.285156 0.475586
vt 5.226562 0.476074
vt 5.226562 0.425293
vt 4.289062 0.663818
vt 4.289062 0.716553
vt 5.226562 0.716553
vt 1.527344 0.278809
vt 1.527344 0.468262
vt 1.818359 0.467285
vt 1.828125 0.279785
vt 1.471680 0.277344
vt 1.471680 0.469238
vt 1.527344 0.520264
vt 1.819336 0.520264
vt 2.755859 0.481445
vt 2.843750 0.483398
vt 2.847656 0.298340
vt 2.759766 0.296875
vt 2.363281 0.481445
vt 2.361328 0.569092
vt 2.757812 0.569092
vt 2.390625 0.432617
vt 2.347656 0.383789
vt 2.501953 0.058105
vt 2.285156 0.058594
vt 2.287109 0.180176
vt 2.503906 0.179199
vt 1.199219 0.180176
vt 1.273438 0.180176
vt 1.273438 0.059082
vt 1.199219 0.059082
vt 1.431641 0.449219
vt 2.421875 0.449219
vt 2.419922 0.407715
vt 1.429688 0.407227
vt 2.017578 0.666748
vt 2.003906 0.634521
vt 1.416992 0.666748
vt 1.570312 0.180176
vt 1.573242 0.059082
vt 1.583008 0.180176
vt 1.589844 0.059082
vt 1.689453 0.058105
vt 1.676758 0.059082
vt 1.676758 0.180176
vt 1.690430 0.179199
vt 1.723633 0.904419
vt 1.403320 0.686768
vt 1.414062 0.904358
vt 1.693359 0.179199
vt 1.609375 0.180176
vt 1.618164 0.059082
vt 1.658203 0.059082
vt 1.643555 0.180176
vt 2.037109 0.599365
vt 2.099609 0.639648
vt 2.410156 0.666748
vt 2.072266 0.607422
vt 2.113281 0.666748
vt 2.429688 0.904419
vt 1.828125 0.868896
vt 1.814453 0.904358
vt 2.414062 0.686768
vt 1.810547 0.846924
vt 1.741211 0.868286
vt 1.769531 0.846802
vt -0.636719 2.660156
vt 0.383789 2.660156
vt 0.387207 2.421875
vt -0.643066 2.421875
vt 0.386963 2.337891
vt -0.641113 2.337891
vt 5.187500 0.400391
vt 5.195312 0.359375
vt 5.222656 0.380859
vt 5.222656 0.237793
vt 5.222656 0.344727
vt 4.289062 0.237305
s 1
f 3/1/1 1/2/1 2/3/1
f 6/1/2 4/3/3 5/4/2
f 9/5/4 7/6/4 8/7/4
f 12/5/4 10/7/4 11/8/4
f 15/9/5 13/10/6 14/11/5
f 18/9/7 16/11/8 17/12/8
f 21/6/9 19/5/9 20/13/9
f 24/6/10 22/13/10 23/14/10
f 27/11/11 25/10/11 26/15/11
f 30/11/12 28/15/12 29/16/12
f 33/17/13 31/18/14 32/19/14
f 36/17/15 34/19/15 35/20/15
f 39/21/16 37/22/16 38/23/16
f 42/21/9 40/23/9 41/17/9
f 45/17/17 43/24/17 44/21/17
f 48/17/18 46/20/18 47/24/18
f 51/24/19 49/20/19 50/25/19
f 54/26/20 52/27/20 53/28/20
f 57/26/21 55/28/21 56/29/21
f 60/21/22 58/22/22 59/30/22
f 63/21/23 61/30/23 62/26/23
f 66/26/24 64/24/24 65/21/24
f 69/26/25 67/29/25 68/24/25
f 72/24/25 70/29/25 71/25/25
f 75/31/25 73/32/25 74/33/25
f 78/34/26 76/35/27 77/36/27
f 81/34/28 79/36/28 80/37/29
f 84/38/30 82/39/31 83/35/32
f 87/38/33 85/35/32 86/34/34
f 90/40/35 88/31/35 89/41/35
f 93/42/36 91/43/37 92/44/38
f 96/42/36 94/44/38 95/45/39
f 99/46/40 97/47/40 98/48/40
f 102/46/41 100/48/41 101/49/40
f 105/48/42 103/45/43 104/44/44
f 108/48/45 106/44/44 107/49/46
f 111/42/47 109/39/48 110/38/49
f 114/42/47 112/38/50 113/43/51
f 117/32/52 115/50/53 116/51/54
f 120/32/55 118/51/55 119/52/55
f 123/47/56 121/40/56 122/48/56
f 126/31/57 124/50/57 125/32/58
f 129/47/57 127/31/57 128/40/58
f 132/50/59 130/31/59 131/47/60
f 135/53/25 133/54/25 134/55/25
f 138/53/24 136/55/24 137/56/24
f 141/54/61 139/53/61 140/57/61
f 144/54/62 142/57/63 143/58/63
f 147/55/64 145/54/64 146/59/64
f 150/55/65 148/59/65 149/60/65
f 153/61/66 151/62/67 152/63/66
f 156/61/66 154/63/66 155/64/66
f 159/65/68 157/66/68 158/67/68
f 162/65/69 160/67/69 161/61/69
f 165/61/25 163/68/25 164/65/25
f 168/61/25 166/64/25 167/68/25
f 171/68/25 169/64/25 170/69/25
f 174/70/70 172/71/70 173/72/70
f 177/70/70 175/72/70 176/73/70
f 180/74/71 178/75/72 179/76/71
f 183/74/73 181/76/71 182/77/71
f 186/78/74 184/79/74 185/80/74
f 189/78/74 187/80/74 188/81/74
f 192/82/75 190/83/75 191/84/75
f 195/75/76 193/85/76 194/86/77
f 198/75/78 196/86/78 197/76/78
f 201/86/79 199/85/80 200/87/81
f 204/86/82 202/87/81 203/88/83
f 207/89/84 205/90/85 206/91/86
f 210/91/87 208/92/88 209/89/84
f 213/93/89 211/94/89 212/95/89
f 216/72/76 214/71/76 215/89/76
f 219/89/90 217/96/90 218/72/90
f 222/88/91 220/87/92 221/97/93
f 225/88/94 223/97/95 224/98/96
f 228/91/97 226/90/98 227/99/99
f 231/91/100 229/99/101 230/100/102
f 234/100/103 232/99/104 233/98/105
f 237/100/106 235/98/107 236/97/108
f 240/78/109 238/83/109 239/101/109
f 243/84/75 241/83/110 242/78/110
f 246/79/75 244/102/75 245/103/75
f 249/79/111 247/104/110 248/102/110
f 252/78/109 250/101/109 251/79/109
f 255/79/110 253/101/110 254/104/110
f 258/103/109 256/102/109 257/105/109
f 261/106/112 259/107/113 260/108/112
f 264/109/112 262/107/112 263/106/112
f 267/109/112 265/110/112 266/107/112
f 270/94/89 268/111/89 269/112/89
f 273/109/89 271/94/89 272/112/89
f 276/109/112 274/112/112 275/110/112
f 279/93/113 277/111/113 278/94/113
f 282/113/114 280/114/114 281/115/114
f 285/113/114 283/115/114 284/116/114
f 288/117/115 286/118/116 287/116/115
f 291/117/117 289/116/117 290/115/117
f 294/70/118 292/71/118 293/72/118
f 297/70/118 295/72/118 296/73/118
f 300/74/71 298/75/73 299/76/73
f 303/74/119 301/76/71 302/77/71
f 306/78/120 304/79/120 305/80/74
f 309/78/74 307/80/74 308/81/121
f 312/82/110 310/83/110 311/84/110
f 315/75/122 313/85/123 314/86/124
f 318/75/125 316/86/125 317/76/125
f 321/86/79 319/85/126 320/87/127
f 324/86/79 322/87/128 323/88/129
f 327/89/130 325/90/131 326/91/132
f 330/91/132 328/92/133 329/89/134
f 333/93/112 331/94/112 332/95/112
f 336/72/125 334/71/135 335/89/124
f 339/89/125 337/96/136 338/72/136
f 342/88/137 340/87/138 341/97/139
f 345/88/91 343/97/95 344/98/140
f 348/91/132 346/90/141 347/99/101
f 351/91/97 349/99/142 350/100/143
f 354/100/103 352/99/144 353/98/145
f 357/100/146 355/98/147 356/97/108
f 360/78/110 358/83/110 359/101/110
f 363/84/110 361/83/110 362/78/110
f 366/79/110 364/102/110 365/103/110
f 369/79/110 367/104/110 368/102/110
f 372/78/110 370/101/110 371/79/110
f 375/79/110 373/101/110 374/104/110
f 378/103/110 376/102/110 377/105/110
f 381/106/112 379/107/112 380/108/112
f 384/109/112 382/107/112 383/106/112
f 387/109/112 385/110/112 386/107/112
f 390/94/112 388/111/112 389/112/112
f 393/109/112 391/94/112 392/112/112
f 396/109/112 394/112/112 395/110/112
f 399/93/112 397/111/112 398/94/112
f 402/1/148 400/2/148 401/3/148
f 405/1/149 403/3/149 404/4/149
f 408/5/150 406/6/150 407/7/150
f 411/5/151 409/7/150 410/8/151
f 414/9/152 412/10/152 413/11/152
f 417/9/153 415/11/153 416/12/153
f 420/6/154 418/5/155 419/13/155
f 423/6/156 421/13/156 422/14/156
f 426/11/157 424/10/157 425/15/157
f 429/11/158 427/15/158 428/16/158
f 432/17/159 430/18/160 431/19/159
f 435/17/161 433/19/161 434/20/161
f 438/21/154 436/22/154 437/23/154
f 441/21/155 439/23/155 440/17/155
f 444/17/162 442/24/162 443/21/162
f 447/17/163 445/20/163 446/24/163
f 450/24/164 448/20/164 449/25/162
f 453/26/165 451/27/166 452/28/166
f 456/26/166 454/28/167 455/29/167
f 459/21/168 457/22/168 458/30/168
f 462/21/169 460/30/169 461/26/169
f 465/26/170 463/24/170 464/21/170
f 468/26/170 466/29/170 467/24/170
f 471/24/170 469/29/170 470/25/170
f 474/31/35 472/32/35 473/33/35
f 477/34/171 475/35/171 476/36/171
f 480/34/172 478/36/172 479/37/172
f 483/38/173 481/39/174 482/35/175
f 486/38/173 484/35/176 485/34/177
f 489/40/178 487/31/178 488/41/178
f 492/42/179 490/43/180 491/44/181
f 495/42/179 493/44/182 494/45/183
f 498/46/184 496/47/184 497/48/184
f 501/46/184 499/48/185 500/49/186
f 504/48/187 502/45/188 503/44/189
f 507/48/187 505/44/190 506/49/191
f 510/42/192 508/39/193 509/38/194
f 513/42/195 511/38/196 512/43/197
f 516/32/198 514/50/199 515/51/199
f 519/32/199 517/51/199 518/52/199
f 522/47/200 520/40/201 521/48/200
f 525/31/202 523/50/202 524/32/202
f 528/47/203 526/31/203 527/40/203
f 531/50/204 529/31/204 530/47/204
f 534/53/35 532/54/35 533/55/35
f 537/53/170 535/55/170 536/56/170
f 540/54/205 538/53/205 539/57/205
f 543/54/206 541/57/206 542/58/206
f 546/55/207 544/54/207 545/59/207
f 549/55/208 547/59/208 548/60/209
f 552/61/210 550/62/210 551/63/210
f 555/61/211 553/63/212 554/64/211
f 558/65/213 556/66/213 557/67/213
f 561/65/214 559/67/214 560/61/214
f 564/61/35 562/68/35 563/65/35
f 567/61/35 565/64/35 566/68/35
f 570/68/170 568/64/170 569/69/170
f 573/70/215 571/71/215 572/72/215
f 576/70/216 574/72/216 575/73/216
f 579/74/217 577/75/217 578/76/217
f 582/74/218 580/76/218 581/77/218
f 585/78/219 583/79/219 584/80/219
f 588/78/220 586/80/220 587/81/220
f 591/82/221 589/83/221 590/84/222
f 594/75/223 592/85/223 593/86/224
f 597/75/225 595/86/226 596/76/224
f 600/86/227 598/85/228 599/87/229
f 603/86/227 601/87/230 602/88/231
f 606/89/232 604/90/233 605/91/234
f 609/91/234 607/92/235 608/89/236
f 612/93/237 610/94/237 611/95/237
f 615/72/238 613/71/238 614/89/238
f 618/89/239 616/96/240 617/72/239
f 621/88/241 619/87/242 620/97/243
f 624/88/244 622/97/245 623/98/246
f 627/91/247 625/90/248 626/99/249
f 630/91/250 628/99/249 629/100/251
f 633/100/252 631/99/253 632/98/254
f 636/100/255 634/98/256 635/97/257
f 639/78/221 637/83/222 638/101/221
f 642/84/258 640/83/258 641/78/259
f 645/79/260 643/102/260 644/103/259
f 648/79/261 646/104/261 647/102/261
f 651/78/262 649/101/262 650/79/262
f 654/79/260 652/101/259 653/104/260
f 657/103/258 655/102/258 656/105/258
f 660/106/263 658/107/263 659/108/263
f 663/109/237 661/107/237 662/106/237
f 666/109/264 664/110/264 665/107/264
f 669/94/237 667/111/237 668/112/237
f 672/109/237 670/94/237 671/112/237
f 675/109/263 673/112/263 674/110/263
f 678/93/265 676/111/265 677/94/265
f 681/1/266 679/2/266 680/3/267
f 684/1/266 682/3/267 683/4/266
f 687/5/268 685/6/268 686/7/269
f 690/5/269 688/7/269 689/8/269
f 693/9/270 691/10/270 692/11/270
f 696/9/271 694/11/271 695/12/271
f 699/6/272 697/5/272 698/13/272
f 702/6/273 700/13/273 701/14/274
f 705/11/275 703/10/275 704/15/275
f 708/11/276 706/15/276 707/16/277
f 711/17/278 709/18/278 710/19/278
f 714/17/279 712/19/279 713/20/280
f 717/21/281 715/22/281 716/23/281
f 720/21/282 718/23/272 719/17/282
f 723/17/283 721/24/283 722/21/283
f 726/17/284 724/20/284 725/24/283
f 729/24/284 727/20/284 728/25/284
f 732/26/285 730/27/285 731/28/285
f 735/26/285 733/28/285 734/29/285
f 738/21/286 736/22/287 737/30/287
f 741/21/286 739/30/286 740/26/286
f 744/26/288 742/24/289 743/21/289
f 747/26/288 745/29/288 746/24/288
f 750/24/289 748/29/290 749/25/288
f 753/119/291 751/46/291 752/49/291
f 756/120/292 754/119/292 755/121/292
f 759/122/292 757/120/292 758/123/292
f 762/124/293 760/120/293 761/122/293
f 765/120/294 763/124/294 764/46/294
f 768/120/294 766/46/295 767/119/296
f 771/31/288 769/32/288 770/33/288
f 774/34/297 772/35/297 773/36/298
f 777/34/298 775/36/298 776/37/298
f 780/38/299 778/39/300 779/35/301
f 783/38/302 781/35/301 782/34/303
f 786/40/288 784/31/304 785/41/288
f 789/42/305 787/43/306 788/44/307
f 792/42/305 790/44/307 791/45/308
f 795/46/309 793/47/310 794/48/310
f 798/46/310 796/48/310 797/49/310
f 801/48/311 799/45/312 800/44/313
f 804/48/314 802/44/313 803/49/315
f 807/42/316 805/39/317 806/38/318
f 810/42/316 808/38/302 809/43/319
f 813/32/320 811/50/320 812/51/320
f 816/32/321 814/51/322 815/52/323
f 819/47/324 817/40/324 818/48/324
f 822/31/325 820/50/325 821/32/325
f 825/47/326 823/31/326 824/40/326
f 828/50/327 826/31/327 827/47/327
f 831/53/288 829/54/288 830/55/288
f 834/53/288 832/55/288 833/56/288
f 837/54/328 835/53/329 836/57/329
f 840/54/330 838/57/330 839/58/330
f 843/55/286 841/54/331 842/59/286
f 846/55/286 844/59/286 845/60/286
f 849/61/332 847/62/333 848/63/332
f 852/61/333 850/63/334 851/64/335
f 855/65/336 853/66/336 854/67/336
f 858/65/337 856/67/337 857/61/337
f 861/61/288 859/68/289 860/65/288
f 864/61/288 862/64/288 863/68/288
f 867/68/288 865/64/288 866/69/288
f 870/70/338 868/71/339 869/72/339
f 873/70/338 871/72/338 872/73/340
f 876/74/341 874/75/341 875/76/341
f 879/74/342 877/76/342 878/77/342
f 882/78/343 880/79/343 881/80/343
f 885/78/343 883/80/343 884/81/344
f 888/82/345 886/83/345 887/84/345
f 891/75/346 889/85/347 890/86/347
f 894/75/346 892/86/348 893/76/346
f 897/86/349 895/85/350 896/87/351
f 900/86/352 898/87/351 899/88/353
f 903/89/354 901/90/355 902/91/356
f 906/91/356 904/92/357 905/89/354
f 909/93/358 907/94/358 908/95/358
f 912/72/359 910/71/359 911/89/348
f 915/89/348 913/96/348 914/72/348
f 918/88/360 916/87/361 917/97/362
f 921/88/363 919/97/364 920/98/365
f 924/91/366 922/90/367 923/99/368
f 927/91/369 925/99/368 926/100/370
f 930/100/371 928/99/372 929/98/373
f 933/100/374 931/98/375 932/97/376
f 936/78/377 934/83/377 935/101/378
f 939/84/345 937/83/379 938/78/379
f 942/79/379 940/102/379 941/103/379
f 945/79/379 943/104/345 944/102/345
f 948/78/379 946/101/379 947/79/379
f 951/79/378 949/101/378 950/104/378
f 954/103/345 952/102/345 953/105/345
f 957/106/380 955/107/381 956/108/381
f 960/109/358 958/107/358 959/106/382
f 963/109/382 961/110/382 962/107/383
f 966/94/384 964/111/384 965/112/385
f 969/109/382 967/94/382 968/112/382
f 972/109/383 970/112/358 971/110/383
f 975/93/382 973/111/382 974/94/382
f 978/113/386 976/114/387 977/115/387
f 981/113/388 979/115/388 980/116/388
f 984/117/389 982/118/389 983/116/389
f 987/117/389 985/116/389 986/115/389
f 990/1/390 988/2/391 989/3/392
f 993/1/393 991/3/393 992/4/393
f 996/5/394 994/6/394 995/7/394
f 999/5/395 997/7/395 998/8/395
f 1002/9/396 1000/10/396 1001/11/396
f 1005/9/397 1003/11/397 1004/12/398
f 1008/6/399 1006/5/399 1007/13/399
f 1011/6/400 1009/13/400 1010/14/400
f 1014/11/401 1012/10/401 1013/15/401
f 1017/11/402 1015/15/403 1016/16/402
f 1020/17/404 1018/18/404 1019/19/404
f 1023/17/405 1021/19/404 1022/20/404
f 1026/21/400 1024/22/406 1025/23/400
f 1029/21/400 1027/23/400 1028/17/406
f 1032/17/407 1030/24/407 1031/21/408
f 1035/17/409 1033/20/409 1034/24/410
f 1038/24/411 1036/20/411 1037/25/412
f 1041/26/413 1039/27/414 1040/28/413
f 1044/26/413 1042/28/413 1043/29/413
f 1047/21/415 1045/22/415 1046/30/415
f 1050/21/416 1048/30/416 1049/26/416
f 1053/26/417 1051/24/417 1052/21/417
f 1056/26/418 1054/29/418 1055/24/418
f 1059/24/418 1057/29/418 1058/25/418
f 1062/119/419 1060/46/419 1061/49/420
f 1065/120/421 1063/119/421 1064/121/421
f 1068/122/421 1066/120/421 1067/123/421
f 1071/124/422 1069/120/422 1070/122/422
f 1074/120/423 1072/124/423 1073/46/423
f 1077/120/423 1075/46/423 1076/119/423
f 1080/31/418 1078/32/418 1079/33/418
f 1083/34/424 1081/35/424 1082/36/424
f 1086/34/425 1084/36/425 1085/37/425
f 1089/38/426 1087/39/427 1088/35/428
f 1092/38/429 1090/35/430 1091/34/431
f 1095/40/432 1093/31/432 1094/41/432
f 1098/42/433 1096/43/434 1097/44/435
f 1101/42/433 1099/44/435 1100/45/436
f 1104/46/437 1102/47/437 1103/48/437
f 1107/46/438 1105/48/438 1106/49/438
f 1110/48/439 1108/45/440 1109/44/441
f 1113/48/442 1111/44/443 1112/49/444
f 1116/42/445 1114/39/446 1115/38/447
f 1119/42/445 1117/38/448 1118/43/449
f 1122/32/450 1120/50/450 1121/51/450
f 1125/32/451 1123/51/451 1124/52/451
f 1128/47/452 1126/40/452 1127/48/452
f 1131/31/453 1129/50/453 1130/32/453
f 1134/47/454 1132/31/454 1133/40/453
f 1137/50/453 1135/31/453 1136/47/453
f 1140/53/418 1138/54/418 1139/55/418
f 1143/53/418 1141/55/418 1142/56/418
f 1146/54/455 1144/53/455 1145/57/455
f 1149/54/456 1147/57/455 1148/58/455
f 1152/55/415 1150/54/415 1151/59/415
f 1155/55/457 1153/59/457 1154/60/457
f 1158/61/458 1156/62/458 1157/63/458
f 1161/61/459 1159/63/459 1160/64/459
f 1164/65/460 1162/66/460 1163/67/460
f 1167/65/461 1165/67/461 1166/61/461
f 1170/61/418 1168/68/418 1169/65/418
f 1173/61/418 1171/64/418 1172/68/418
f 1176/68/418 1174/64/418 1175/69/418
f 1179/70/462 1177/71/462 1178/72/462
f 1182/70/462 1180/72/462 1181/73/462
f 1185/74/463 1183/75/464 1184/76/464
f 1188/74/465 1186/76/465 1187/77/465
f 1191/78/466 1189/79/466 1190/80/466
f 1194/78/467 1192/80/467 1193/81/467
f 1197/82/468 1195/83/469 1196/84/468
f 1200/75/470 1198/85/470 1199/86/470
f 1203/75/471 1201/86/471 1202/76/471
f 1206/86/472 1204/85/473 1205/87/474
f 1209/86/472 1207/87/475 1208/88/476
f 1212/89/477 1210/90/478 1211/91/479
f 1215/91/480 1213/92/481 1214/89/477
f 1218/93/482 1216/94/482 1217/95/482
f 1221/72/483 1219/71/483 1220/89/483
f 1224/89/484 1222/96/484 1223/72/484
f 1227/88/485 1225/87/486 1226/97/487
f 1230/88/488 1228/97/489 1229/98/490
f 1233/91/491 1231/90/492 1232/99/493
f 1236/91/494 1234/99/495 1235/100/496
f 1239/100/497 1237/99/498 1238/98/499
f 1242/100/500 1240/98/501 1241/97/502
f 1245/78/468 1243/83/469 1244/101/469
f 1248/84/503 1246/83/503 1247/78/503
f 1251/79/504 1249/102/505 1250/103/505
f 1254/79/505 1252/104/506 1253/102/505
f 1257/78/469 1255/101/469 1256/79/469
f 1260/79/506 1258/101/507 1259/104/507
f 1263/103/468 1261/102/468 1262/105/468
f 1266/106/508 1264/107/482 1265/108/509
f 1269/109/510 1267/107/510 1268/106/510
f 1272/109/511 1270/110/511 1271/107/512
f 1275/94/513 1273/111/513 1274/112/513
f 1278/109/482 1276/94/482 1277/112/482
f 1281/109/482 1279/112/482 1280/110/482
f 1284/93/482 1282/111/482 1283/94/482
f 1287/113/514 1285/114/514 1286/115/514
f 1290/113/515 1288/115/516 1289/116/515
f 1293/117/517 1291/118/517 1292/116/517
f 1296/117/518 1294/116/518 1295/115/518
f 1299/70/519 1297/71/520 1298/72/521
f 1302/70/520 1300/72/521 1301/73/520
f 1305/74/522 1303/75/464 1304/76/523
f 1308/74/523 1306/76/523 1307/77/523
f 1311/78/524 1309/79/525 1310/80/524
f 1314/78/526 1312/80/525 1313/81/526
f 1317/82/506 1315/83/506 1316/84/506
f 1320/75/527 1318/85/527 1319/86/471
f 1323/75/471 1321/86/527 1322/76/471
f 1326/86/472 1324/85/528 1325/87/529
f 1329/86/530 1327/87/529 1328/88/531
f 1332/89/532 1330/90/533 1331/91/534
f 1335/91/535 1333/92/536 1334/89/537
f 1338/93/509 1336/94/509 1337/95/509
f 1341/72/538 1339/71/538 1340/89/538
f 1344/89/538 1342/96/538 1343/72/538
f 1347/88/539 1345/87/475 1346/97/540
f 1350/88/541 1348/97/542 1349/98/543
f 1353/91/544 1351/90/545 1352/99/546
f 1356/91/480 1354/99/546 1355/100/547
f 1359/100/548 1357/99/549 1358/98/550
f 1362/100/496 1360/98/543 1361/97/487
f 1365/78/506 1363/83/506 1364/101/506
f 1368/84/506 1366/83/506 1367/78/506
f 1371/79/506 1369/102/506 1370/103/506
f 1374/79/506 1372/104/506 1373/102/506
f 1377/78/506 1375/101/506 1376/79/506
f 1380/79/505 1378/101/505 1379/104/505
f 1383/103/506 1381/102/506 1382/105/506
f 1386/106/509 1384/107/509 1385/108/509
f 1389/109/509 1387/107/509 1388/106/509
f 1392/109/509 1390/110/509 1391/107/509
f 1395/94/509 1393/111/509 1394/112/509
f 1398/109/509 1396/94/509 1397/112/509
f 1401/109/509 1399/112/509 1400/110/509
f 1404/93/551 1402/111/551 1403/94/551
f 1407/1/552 1405/2/553 1406/3/552
f 1410/1/554 1408/3/553 1409/4/553
f 1413/5/555 1411/6/555 1412/7/556
f 1416/5/557 1414/7/557 1415/8/557
f 1419/9/558 1417/10/558 1418/11/558
f 1422/9/559 1420/11/559 1421/12/559
f 1425/6/560 1423/5/560 1424/13/561
f 1428/6/561 1426/13/561 1427/14/561
f 1431/11/562 1429/10/562 1430/15/562
f 1434/11/562 1432/15/563 1433/16/562
f 1437/17/564 1435/18/564 1436/19/564
f 1440/17/564 1438/19/564 1439/20/564
f 1443/21/565 1441/22/565 1442/23/565
f 1446/21/565 1444/23/566 1445/17/565
f 1449/17/567 1447/24/567 1448/21/567
f 1452/17/568 1450/20/568 1451/24/568
f 1455/24/569 1453/20/569 1454/25/569
f 1458/26/570 1456/27/570 1457/28/570
f 1461/26/571 1459/28/571 1460/29/571
f 1464/21/572 1462/22/572 1463/30/572
f 1467/21/573 1465/30/574 1466/26/573
f 1470/26/575 1468/24/576 1469/21/576
f 1473/26/575 1471/29/577 1472/24/575
f 1476/24/578 1474/29/578 1475/25/575
f 1479/31/577 1477/32/577 1478/33/577
f 1482/34/579 1480/35/580 1481/36/580
f 1485/34/581 1483/36/581 1484/37/581
f 1488/38/582 1486/39/583 1487/35/584
f 1491/38/585 1489/35/584 1490/34/586
f 1494/40/587 1492/31/587 1493/41/587
f 1497/42/588 1495/43/589 1496/44/590
f 1500/42/588 1498/44/590 1499/45/591
f 1503/46/592 1501/47/592 1502/48/592
f 1506/46/593 1504/48/594 1505/49/593
f 1509/48/595 1507/45/596 1508/44/597
f 1512/48/595 1510/44/598 1511/49/599
f 1515/42/600 1513/39/601 1514/38/602
f 1518/42/600 1516/38/585 1517/43/603
f 1521/32/604 1519/50/605 1520/51/605
f 1524/32/604 1522/51/604 1523/52/605
f 1527/47/606 1525/40/607 1526/48/606
f 1530/31/608 1528/50/608 1529/32/608
f 1533/47/609 1531/31/609 1532/40/609
f 1536/50/610 1534/31/610 1535/47/610
f 1539/53/578 1537/54/578 1538/55/578
f 1542/53/575 1540/55/575 1541/56/577
f 1545/54/611 1543/53/611 1544/57/611
f 1548/54/612 1546/57/612 1547/58/612
f 1551/55/573 1549/54/573 1550/59/573
f 1554/55/573 1552/59/573 1553/60/573
f 1557/61/613 1555/62/613 1556/63/613
f 1560/61/613 1558/63/613 1559/64/613
f 1563/65/614 1561/66/615 1562/67/614
f 1566/65/615 1564/67/615 1565/61/615
f 1569/61/577 1567/68/577 1568/65/576
f 1572/61/575 1570/64/575 1571/68/575
f 1575/68/576 1573/64/575 1574/69/576
f 1578/70/616 1576/71/616 1577/72/616
f 1581/70/617 1579/72/618 1580/73/617
f 1584/74/619 1582/75/620 1583/76/621
f 1587/74/622 1585/76/623 1586/77/622
f 1590/78/624 1588/79/624 1589/80/624
f 1593/78/625 1591/80/625 1592/81/625
f 1596/82/626 1594/83/626 1595/84/626
f 1599/75/627 1597/85/627 1598/86/627
f 1602/75/628 1600/86/628 1601/76/628
f 1605/86/629 1603/85/630 1604/87/631
f 1608/86/632 1606/87/631 1607/88/633
f 1611/89/634 1609/90/635 1610/91/636
f 1614/91/637 1612/92/638 1613/89/634
f 1617/72/639 1615/71/640 1616/89/640
f 1620/89/641 1618/96/640 1619/72/641
f 1623/88/642 1621/87/643 1622/97/644
f 1626/88/645 1624/97/646 1625/98/647
f 1629/91/648 1627/90/649 1628/99/650
f 1632/91/651 1630/99/652 1631/100/653
f 1635/100/654 1633/99/655 1634/98/656
f 1638/100/657 1636/98/658 1637/97/659
f 1641/78/660 1639/83/660 1640/101/660
f 1644/84/661 1642/83/661 1643/78/661
f 1647/79/662 1645/102/662 1646/103/662
f 1650/79/663 1648/104/663 1649/102/663
f 1653/78/660 1651/101/660 1652/79/660
f 1656/79/664 1654/101/665 1655/104/664
f 1659/103/660 1657/102/660 1658/105/660
f 1662/113/666 1660/114/667 1661/115/666
f 1665/113/667 1663/115/667 1664/116/667
f 1668/117/668 1666/118/668 1667/116/668
f 1671/117/669 1669/116/669 1670/115/669
f 1674/1/670 1672/2/670 1673/3/670
f 1677/1/670 1675/3/670 1676/4/670
f 1680/5/671 1678/6/671 1679/7/671
f 1683/5/672 1681/7/671 1682/8/672
f 1686/9/673 1684/10/674 1685/11/673
f 1689/9/673 1687/11/675 1688/12/673
f 1692/6/676 1690/5/676 1691/13/677
f 1695/6/678 1693/13/678 1694/14/678
f 1698/11/679 1696/10/679 1697/15/680
f 1701/11/679 1699/15/679 1700/16/679
f 1704/17/681 1702/18/681 1703/19/681
f 1707/17/682 1705/19/682 1706/20/683
f 1710/21/677 1708/22/684 1709/23/684
f 1713/21/685 1711/23/685 1712/17/685
f 1716/17/686 1714/24/686 1715/21/686
f 1719/17/687 1717/20/687 1718/24/687
f 1722/24/688 1720/20/688 1721/25/688
f 1725/26/689 1723/27/689 1724/28/690
f 1728/26/691 1726/28/691 1727/29/691
f 1731/21/692 1729/22/692 1730/30/693
f 1734/21/694 1732/30/692 1733/26/692
f 1737/26/695 1735/24/695 1736/21/695
f 1740/26/696 1738/29/696 1739/24/696
f 1743/24/696 1741/29/696 1742/25/696
f 1746/31/696 1744/32/696 1745/33/696
f 1749/34/697 1747/35/697 1748/36/697
f 1752/34/698 1750/36/697 1751/37/697
f 1755/38/699 1753/39/700 1754/35/701
f 1758/38/702 1756/35/701 1757/34/703
f 1761/40/704 1759/31/704 1760/41/704
f 1764/42/705 1762/43/706 1763/44/707
f 1767/42/705 1765/44/708 1766/45/709
f 1770/46/710 1768/47/710 1769/48/711
f 1773/46/710 1771/48/710 1772/49/710
f 1776/48/712 1774/45/713 1775/44/714
f 1779/48/715 1777/44/716 1778/49/717
f 1782/42/718 1780/39/719 1781/38/720
f 1785/42/721 1783/38/722 1784/43/723
f 1788/32/724 1786/50/724 1787/51/724
f 1791/32/725 1789/51/724 1790/52/724
f 1794/47/726 1792/40/726 1793/48/726
f 1797/31/727 1795/50/727 1796/32/727
f 1800/47/57 1798/31/57 1799/40/57
f 1803/50/728 1801/31/728 1802/47/728
f 1806/53/696 1804/54/696 1805/55/696
f 1809/53/696 1807/55/696 1808/56/696
f 1812/54/729 1810/53/729 1811/57/729
f 1815/54/730 1813/57/730 1814/58/730
f 1818/55/693 1816/54/693 1817/59/693
f 1821/55/731 1819/59/731 1820/60/731
f 1824/61/732 1822/62/732 1823/63/732
f 1827/61/732 1825/63/732 1826/64/732
f 1830/65/733 1828/66/733 1829/67/733
f 1833/65/733 1831/67/733 1832/61/733
f 1836/61/696 1834/68/696 1835/65/696
f 1839/61/696 1837/64/696 1838/68/696
f 1842/68/696 1840/64/696 1841/69/696
f 1845/70/734 1843/71/735 1844/72/734
f 1848/70/736 1846/72/736 1847/73/734
f 1851/74/737 1849/75/737 1850/76/737
f 1854/74/738 1852/76/738 1853/77/737
f 1857/78/739 1855/79/739 1856/80/739
f 1860/78/740 1858/80/740 1859/81/740
f 1863/82/741 1861/83/741 1862/84/741
f 1866/75/742 1864/85/742 1865/86/742
f 1869/75/743 1867/86/743 1868/76/743
f 1872/86/744 1870/85/745 1871/87/746
f 1875/86/744 1873/87/747 1874/88/748
f 1878/89/749 1876/90/750 1877/91/751
f 1881/91/752 1879/92/753 1880/89/749
f 1884/93/754 1882/94/754 1883/95/754
f 1887/72/755 1885/71/755 1886/89/755
f 1890/89/756 1888/96/756 1889/72/756
f 1893/88/748 1891/87/757 1892/97/758
f 1896/88/759 1894/97/760 1895/98/761
f 1899/91/762 1897/90/763 1898/99/764
f 1902/91/765 1900/99/766 1901/100/767
f 1905/100/768 1903/99/769 1904/98/770
f 1908/100/771 1906/98/772 1907/97/773
f 1911/78/741 1909/83/774 1910/101/741
f 1914/84/774 1912/83/774 1913/78/774
f 1917/79/741 1915/102/741 1916/103/741
f 1920/79/741 1918/104/774 1919/102/774
f 1923/78/775 1921/101/775 1922/79/775
f 1926/79/775 1924/101/775 1925/104/775
f 1929/103/776 1927/102/776 1928/105/776
f 1932/106/777 1930/107/777 1931/108/777
f 1935/109/754 1933/107/754 1934/106/754
f 1938/109/777 1936/110/777 1937/107/777
f 1941/94/777 1939/111/777 1940/112/777
f 1944/109/777 1942/94/778 1943/112/777
f 1947/109/777 1945/112/777 1946/110/777
f 1950/93/754 1948/111/754 1949/94/754
f 1953/113/779 1951/114/779 1952/115/779
f 1956/113/780 1954/115/780 1955/116/780
f 1959/117/781 1957/118/781 1958/116/781
f 1962/117/782 1960/116/782 1961/115/782
f 1965/1/783 1963/2/784 1964/3/783
f 1968/1/785 1966/3/785 1967/4/785
f 1971/5/786 1969/6/786 1970/7/786
f 1974/5/786 1972/7/786 1973/8/786
f 1977/9/787 1975/10/787 1976/11/788
f 1980/9/789 1978/11/790 1979/12/791
f 1983/6/792 1981/5/792 1982/13/792
f 1986/6/793 1984/13/793 1985/14/793
f 1989/11/794 1987/10/794 1988/15/794
f 1992/11/795 1990/15/795 1991/16/795
f 1995/26/796 1993/27/797 1994/28/796
f 1998/26/796 1996/28/796 1997/29/796
f 2001/21/798 1999/22/798 2000/30/798
f 2004/21/799 2002/30/799 2003/26/799
f 2007/26/695 2005/24/695 2006/21/695
f 2010/26/695 2008/29/695 2009/24/695
f 2013/24/695 2011/29/695 2012/25/695
f 2016/31/696 2014/32/696 2015/33/696
f 2019/34/800 2017/35/800 2018/36/800
f 2022/34/800 2020/36/800 2021/37/800
f 2025/38/801 2023/39/802 2024/35/803
f 2028/38/804 2026/35/805 2027/34/806
f 2031/40/807 2029/31/807 2030/41/807
f 2034/42/808 2032/43/809 2033/44/810
f 2037/42/808 2035/44/810 2036/45/811
f 2040/46/812 2038/47/812 2039/48/812
f 2043/46/812 2041/48/812 2042/49/812
f 2046/48/813 2044/45/814 2045/44/815
f 2049/48/816 2047/44/817 2048/49/818
f 2052/42/819 2050/39/820 2051/38/821
f 2055/42/819 2053/38/822 2054/43/823
f 2058/32/824 2056/50/824 2057/51/824
f 2061/32/825 2059/51/825 2060/52/825
f 2064/47/826 2062/40/826 2063/48/827
f 2067/31/828 2065/50/58 2066/32/58
f 2070/47/829 2068/31/830 2069/40/829
f 2073/50/58 2071/31/58 2072/47/58
f 2076/53/696 2074/54/696 2075/55/696
f 2079/53/695 2077/55/695 2078/56/695
f 2082/54/831 2080/53/832 2081/57/832
f 2085/54/831 2083/57/833 2084/58/833
f 2088/55/834 2086/54/834 2087/59/834
f 2091/55/799 2089/59/799 2090/60/799
f 2094/61/835 2092/62/835 2093/63/835
f 2097/61/836 2095/63/836 2096/64/836
f 2100/65/837 2098/66/837 2099/67/837
f 2103/65/838 2101/67/838 2102/61/838
f 2106/61/696 2104/68/696 2105/65/696
f 2109/61/696 2107/64/696 2108/68/696
f 2112/68/695 2110/64/695 2111/69/695
f 2115/70/839 2113/71/840 2114/72/839
f 2118/70/841 2116/72/841 2117/73/842
f 2121/74/843 2119/75/843 2120/76/843
f 2124/74/844 2122/76/845 2123/77/844
f 2127/78/846 2125/79/846 2126/80/847
f 2130/78/848 2128/80/848 2129/81/848
f 2133/82/849 2131/83/849 2132/84/849
f 2136/75/850 2134/85/850 2135/86/850
f 2139/75/850 2137/86/850 2138/76/850
f 2142/86/851 2140/85/852 2141/87/853
f 2145/86/854 2143/87/855 2144/88/856
f 2148/89/857 2146/90/858 2147/91/859
f 2151/91/860 2149/92/861 2150/89/857
f 2154/93/862 2152/94/863 2153/95/862
f 2157/72/864 2155/71/864 2156/89/864
f 2160/89/865 2158/96/865 2159/72/864
f 2163/88/866 2161/87/867 2162/97/868
f 2166/88/869 2164/97/870 2165/98/871
f 2169/91/872 2167/90/873 2168/99/874
f 2172/91/875 2170/99/876 2171/100/877
f 2175/100/878 2173/99/879 2174/98/880
f 2178/100/881 2176/98/882 2177/97/883
f 2181/78/884 2179/83/884 2180/101/885
f 2184/84/886 2182/83/886 2183/78/885
f 2187/79/887 2185/102/888 2186/103/888
f 2190/79/849 2188/104/849 2189/102/849
f 2193/78/889 2191/101/886 2192/79/886
f 2196/79/884 2194/101/890 2195/104/884
f 2199/103/849 2197/102/849 2198/105/849
f 2202/106/891 2200/107/891 2201/108/891
f 2205/109/892 2203/107/892 2204/106/892
f 2208/109/893 2206/110/893 2207/107/893
f 2211/94/891 2209/111/891 2210/112/891
f 2214/109/894 2212/94/894 2213/112/894
f 2217/109/893 2215/112/893 2216/110/893
f 2220/93/891 2218/111/891 2219/94/891
f 2223/70/840 2221/71/840 2222/72/839
f 2226/70/841 2224/72/842 2225/73/840
f 2229/74/895 2227/75/895 2228/76/895
f 2232/74/896 2230/76/896 2231/77/843
f 2235/78/897 2233/79/848 2234/80/897
f 2238/78/897 2236/80/897 2237/81/897
f 2241/82/889 2239/83/885 2240/84/885
f 2244/75/850 2242/85/850 2243/86/850
f 2247/75/850 2245/86/850 2246/76/850
f 2250/86/851 2248/85/898 2249/87/899
f 2253/86/854 2251/87/855 2252/88/856
f 2256/89/857 2254/90/858 2255/91/900
f 2259/91/860 2257/92/901 2258/89/857
f 2262/93/862 2260/94/862 2261/95/862
f 2265/72/902 2263/71/902 2264/89/902
f 2268/89/903 2266/96/903 2267/72/903
f 2271/88/904 2269/87/867 2270/97/868
f 2274/88/869 2272/97/870 2273/98/871
f 2277/91/875 2275/90/873 2276/99/905
f 2280/91/875 2278/99/905 2279/100/877
f 2283/100/878 2281/99/906 2282/98/880
f 2286/100/881 2284/98/882 2285/97/883
f 2289/78/907 2287/83/907 2288/101/907
f 2292/84/886 2290/83/886 2291/78/885
f 2295/79/849 2293/102/849 2294/103/849
f 2298/79/908 2296/104/909 2297/102/909
f 2301/78/910 2299/101/910 2300/79/910
f 2304/79/779 2302/101/779 2303/104/849
f 2307/103/888 2305/102/888 2306/105/888
f 2310/106/891 2308/107/891 2309/108/891
f 2313/109/894 2311/107/894 2312/106/894
f 2316/109/891 2314/110/891 2315/107/891
f 2319/94/893 2317/111/893 2318/112/893
f 2322/109/893 2320/94/893 2321/112/893
f 2325/109/863 2323/112/863 2324/110/911
f 2328/93/891 2326/111/891 2327/94/891
f 2331/1/912 2329/2/784 2330/3/913
f 2334/1/914 2332/3/914 2333/4/785
f 2337/5/786 2335/6/786 2336/7/786
f 2340/5/786 2338/7/786 2339/8/786
f 2343/9/915 2341/10/915 2342/11/789
f 2346/9/787 2344/11/916 2345/12/787
f 2349/6/917 2347/5/917 2348/13/917
f 2352/6/793 2350/13/793 2351/14/793
f 2355/11/918 2353/10/794 2354/15/918
f 2358/11/794 2356/15/794 2357/16/918
f 2361/17/919 2359/18/919 2360/19/919
f 2364/17/920 2362/19/920 2363/20/920
f 2367/21/921 2365/22/921 2366/23/921
f 2370/21/917 2368/23/917 2369/17/917
f 2373/17/741 2371/24/741 2372/21/741
f 2376/17/922 2374/20/922 2375/24/922
f 2379/24/923 2377/20/923 2378/25/923
f 2382/26/924 2380/27/924 2381/28/924
f 2385/26/925 2383/28/925 2384/29/926
f 2388/21/799 2386/22/799 2387/30/799
f 2391/21/799 2389/30/798 2390/26/798
f 2394/26/695 2392/24/695 2393/21/695
f 2397/26/695 2395/29/695 2396/24/695
f 2400/24/695 2398/29/695 2399/25/695
f 2403/31/696 2401/32/696 2402/33/696
f 2406/34/927 2404/35/927 2405/36/927
f 2409/34/927 2407/36/927 2408/37/927
f 2412/38/801 2410/39/928 2411/35/805
f 2415/38/929 2413/35/805 2414/34/930
f 2418/40/807 2416/31/807 2417/41/807
f 2421/42/808 2419/43/931 2420/44/810
f 2424/42/808 2422/44/810 2423/45/932
f 2427/46/933 2425/47/933 2426/48/933
f 2430/46/812 2428/48/812 2429/49/812
f 2433/48/813 2431/45/814 2432/44/815
f 2436/48/816 2434/44/817 2435/49/934
f 2439/42/819 2437/39/935 2438/38/821
f 2442/42/819 2440/38/936 2441/43/937
f 2445/32/824 2443/50/938 2444/51/938
f 2448/32/938 2446/51/938 2447/52/938
f 2451/47/939 2449/40/939 2450/48/939
f 2454/31/58 2452/50/58 2453/32/58
f 2457/47/830 2455/31/830 2456/40/830
f 2460/50/727 2458/31/727 2459/47/727
f 2463/53/696 2461/54/696 2462/55/696
f 2466/53/695 2464/55/695 2465/56/695
f 2469/54/940 2467/53/940 2468/57/831
f 2472/54/941 2470/57/942 2471/58/941
f 2475/55/834 2473/54/834 2474/59/834
f 2478/55/798 2476/59/799 2477/60/799
f 2481/61/943 2479/62/835 2480/63/943
f 2484/61/835 2482/63/835 2483/64/944
f 2487/65/837 2485/66/837 2486/67/837
f 2490/65/837 2488/67/837 2489/61/837
f 2493/61/696 2491/68/696 2492/65/696
f 2496/61/696 2494/64/696 2495/68/696
f 2499/68/945 2497/64/945 2498/69/945
f 2502/70/842 2500/71/840 2501/72/840
f 2505/70/840 2503/72/840 2504/73/840
f 2508/74/845 2506/75/844 2507/76/844
f 2511/74/844 2509/76/844 2510/77/844
f 2514/78/897 2512/79/897 2513/80/897
f 2517/78/897 2515/80/897 2516/81/897
f 2520/82/885 2518/83/884 2519/84/884
f 2523/75/946 2521/85/946 2522/86/946
f 2526/75/947 2524/86/947 2525/76/947
f 2529/86/851 2527/85/948 2528/87/949
f 2532/86/854 2530/87/855 2531/88/856
f 2535/89/857 2533/90/950 2534/91/872
f 2538/91/872 2536/92/861 2537/89/857
f 2541/93/951 2539/94/952 2540/95/951
f 2544/72/865 2542/71/865 2543/89/865
f 2547/89/903 2545/96/903 2546/72/903
f 2550/88/953 2548/87/867 2549/97/868
f 2553/88/869 2551/97/870 2552/98/871
f 2556/91/954 2554/90/955 2555/99/956
f 2559/91/875 2557/99/876 2558/100/957
f 2562/100/878 2560/99/906 2561/98/958
f 2565/100/881 2563/98/959 2564/97/883
f 2568/78/888 2566/83/888 2567/101/884
f 2571/84/885 2569/83/885 2570/78/885
f 2574/79/887 2572/102/888 2573/103/888
f 2577/79/908 2575/104/909 2576/102/909
f 2580/78/910 2578/101/910 2579/79/910
f 2583/79/779 2581/101/890 2582/104/779
f 2586/103/885 2584/102/886 2585/105/885
f 2589/106/911 2587/107/951 2588/108/951
f 2592/109/892 2590/107/892 2591/106/892
f 2595/109/891 2593/110/891 2594/107/891
f 2598/94/960 2596/111/960 2597/112/951
f 2601/109/863 2599/94/863 2600/112/863
f 2604/109/894 2602/112/894 2603/110/911
f 2607/93/961 2605/111/961 2606/94/961
f 2610/1/962 2608/2/962 2609/3/962
f 2613/1/963 2611/3/964 2612/4/964
f 2616/5/965 2614/6/965 2615/7/966
f 2619/5/967 2617/7/967 2618/8/967
f 2622/9/968 2620/10/968 2621/11/968
f 2625/9/969 2623/11/969 2624/12/969
f 2628/6/970 2626/5/970 2627/13/970
f 2631/6/971 2629/13/971 2630/14/971
f 2634/11/972 2632/10/973 2633/15/972
f 2637/11/974 2635/15/974 2636/16/975
f 2640/17/976 2638/18/976 2639/19/976
f 2643/17/977 2641/19/978 2642/20/978
f 2646/21/979 2644/22/979 2645/23/980
f 2649/21/981 2647/23/981 2648/17/981
f 2652/17/982 2650/24/982 2651/21/982
f 2655/17/983 2653/20/983 2654/24/983
f 2658/24/984 2656/20/984 2657/25/985
f 2661/26/986 2659/27/987 2660/28/987
f 2664/26/988 2662/28/988 2663/29/986
f 2667/21/989 2665/22/989 2666/30/989
f 2670/21/990 2668/30/990 2669/26/990
f 2673/26/696 2671/24/696 2672/21/696
f 2676/26/696 2674/29/696 2675/24/696
f 2679/24/696 2677/29/696 2678/25/696
f 2682/31/696 2680/32/696 2681/33/696
f 2685/34/991 2683/35/992 2684/36/991
f 2688/34/991 2686/36/991 2687/37/991
f 2691/38/993 2689/39/994 2690/35/995
f 2694/38/996 2692/35/997 2693/34/998
f 2697/40/170 2695/31/170 2696/41/170
f 2700/42/999 2698/43/1000 2699/44/1001
f 2703/42/1002 2701/44/1001 2702/45/1003
f 2706/46/1004 2704/47/1004 2705/48/1004
f 2709/46/1005 2707/48/1005 2708/49/1006
f 2712/48/1007 2710/45/1008 2711/44/1009
f 2715/48/1010 2713/44/1011 2714/49/1012
f 2718/42/1013 2716/39/1014 2717/38/1015
f 2721/42/1016 2719/38/996 2720/43/1017
f 2724/32/1018 2722/50/1019 2723/51/1019
f 2727/32/1018 2725/51/1019 2726/52/1019
f 2730/47/1020 2728/40/1021 2729/48/1021
f 2733/31/57 2731/50/57 2732/32/57
f 2736/47/58 2734/31/58 2735/40/58
f 2739/50/58 2737/31/58 2738/47/58
f 2742/53/696 2740/54/696 2741/55/696
f 2745/53/696 2743/55/696 2744/56/696
f 2748/54/1022 2746/53/1022 2747/57/1022
f 2751/54/1022 2749/57/1022 2750/58/1022
f 2754/55/1023 2752/54/1023 2753/59/1023
f 2757/55/1024 2755/59/1025 2756/60/1025
f 2760/61/1026 2758/62/1026 2759/63/1027
f 2763/61/1028 2761/63/1028 2762/64/1029
f 2766/65/1030 2764/66/1030 2765/67/1030
f 2769/65/1031 2767/67/1031 2768/61/1031
f 2772/61/24 2770/68/24 2771/65/24
f 2775/61/696 2773/64/696 2774/68/696
f 2778/68/696 2776/64/696 2777/69/696
f 2781/70/1032 2779/71/1032 2780/72/1032
f 2784/70/1032 2782/72/1032 2783/73/1032
f 2787/74/1033 2785/75/1033 2786/76/1033
f 2790/74/1034 2788/76/1034 2789/77/1034
f 2793/78/1035 2791/79/1036 2792/80/1035
f 2796/78/1037 2794/80/1037 2795/81/1037
f 2799/82/1038 2797/83/1039 2798/84/1038
f 2802/75/1040 2800/85/1040 2801/86/1040
f 2805/75/1041 2803/86/1041 2804/76/1041
f 2808/86/1042 2806/85/1043 2807/87/1044
f 2811/86/1042 2809/87/1045 2810/88/1046
f 2814/89/1047 2812/90/1048 2813/91/1049
f 2817/91/1050 2815/92/1051 2816/89/1047
f 2820/93/1052 2818/94/1052 2819/95/1053
f 2823/72/1054 2821/71/1054 2822/89/1054
f 2826/89/1055 2824/96/1056 2825/72/1056
f 2829/88/1057 2827/87/1058 2828/97/1059
f 2832/88/1060 2830/97/1061 2831/98/1062
f 2835/91/1063 2833/90/1064 2834/99/1065
f 2838/91/1066 2836/99/1067 2837/100/1068
f 2841/100/1069 2839/99/1070 2840/98/1071
f 2844/100/1072 2842/98/1073 2843/97/1074
f 2847/78/1038 2845/83/1038 2846/101/1038
f 2850/84/1075 2848/83/1075 2849/78/1075
f 2853/79/1076 2851/102/1075 2852/103/1076
f 2856/79/1076 2854/104/1075 2855/102/1076
f 2859/78/1077 2857/101/1078 2858/79/1078
f 2862/79/1076 2860/101/1076 2861/104/1079
f 2865/103/1080 2863/102/1080 2864/105/1080
f 2868/106/1053 2866/107/1081 2867/108/1082
f 2871/109/1083 2869/107/1084 2870/106/1083
f 2874/109/1053 2872/110/1084 2873/107/1053
f 2877/94/1085 2875/111/1085 2876/112/1085
f 2880/109/1086 2878/94/1086 2879/112/1086
f 2883/109/1087 2881/112/1087 2882/110/1087
f 2886/93/1052 2884/111/1052 2885/94/1085
f 2889/113/1088 2887/114/1088 2888/115/1088
f 2892/113/1088 2890/115/1089 2891/116/1088
f 2895/117/1090 2893/118/1090 2894/116/1090
f 2898/117/1091 2896/116/1091 2897/115/1091
f 2901/1/1092 2899/2/1092 2900/3/1092
f 2904/1/1093 2902/3/1094 2903/4/1093
f 2907/5/1095 2905/6/1095 2906/7/1095
f 2910/5/1096 2908/7/1097 2909/8/1096
f 2913/9/1098 2911/10/1099 2912/11/1098
f 2916/9/1100 2914/11/1100 2915/12/1100
f 2919/6/1101 2917/5/1101 2918/13/1101
f 2922/6/1102 2920/13/1103 2921/14/1103
f 2925/11/1104 2923/10/1104 2924/15/1104
f 2928/11/1104 2926/15/1104 2927/16/1104
f 2931/17/1105 2929/18/1105 2930/19/1106
f 2934/17/1105 2932/19/1107 2933/20/1107
f 2937/21/1108 2935/22/1108 2936/23/1108
f 2940/21/1103 2938/23/1103 2939/17/1103
f 2943/17/1109 2941/24/1109 2942/21/1109
f 2946/17/1109 2944/20/1109 2945/24/1109
f 2949/24/1109 2947/20/1110 2948/25/1110
f 2952/26/1111 2950/27/1112 2951/28/1111
f 2955/26/1113 2953/28/1114 2954/29/1114
f 2958/21/1115 2956/22/1115 2957/30/1115
f 2961/21/1116 2959/30/1116 2960/26/1115
f 2964/26/1117 2962/24/1117 2963/21/1117
f 2967/26/1118 2965/29/1119 2966/24/1119
f 2970/24/1119 2968/29/1119 2969/25/1119
f 2973/31/1120 2971/32/1120 2972/33/1120
f 2976/34/1121 2974/35/1122 2975/36/1122
f 2979/34/1123 2977/36/1122 2978/37/1123
f 2982/38/1124 2980/39/1125 2981/35/1126
f 2985/38/1127 2983/35/1128 2984/34/1129
f 2988/40/1117 2986/31/1130 2987/41/1118
f 2991/42/1131 2989/43/1132 2990/44/1133
f 2994/42/1131 2992/44/1133 2993/45/1134
f 2997/46/1135 2995/47/1136 2996/48/1136
f 3000/46/1135 2998/48/1135 2999/49/1135
f 3003/48/1137 3001/45/1138 3002/44/1139
f 3006/48/1140 3004/44/1141 3005/49/1142
f 3009/42/1143 3007/39/1144 3008/38/1145
f 3012/42/1143 3010/38/1146 3011/43/1147
f 3015/32/1148 3013/50/1148 3014/51/1148
f 3018/32/1149 3016/51/1149 3017/52/1149
f 3021/47/1150 3019/40/1150 3020/48/1150
f 3024/31/1151 3022/50/1151 3023/32/1151
f 3027/47/1152 3025/31/1152 3026/40/1152
f 3030/50/1153 3028/31/1154 3029/47/1154
f 3033/53/1119 3031/54/1118 3032/55/1118
f 3036/53/1118 3034/55/1118 3035/56/1118
f 3039/54/1155 3037/53/1155 3038/57/1156
f 3042/54/1157 3040/57/1158 3041/58/1157
f 3045/55/1159 3043/54/1115 3044/59/1116
f 3048/55/1160 3046/59/1116 3047/60/1116
f 3051/61/1161 3049/62/1162 3050/63/1162
f 3054/61/1162 3052/63/1162 3053/64/1162
f 3057/65/1163 3055/66/1164 3056/67/1163
f 3060/65/1163 3058/67/1163 3059/61/1163
f 3063/61/1118 3061/68/1118 3062/65/1118
f 3066/61/1118 3064/64/1118 3065/68/1118
f 3069/68/1118 3067/64/1118 3068/69/1118
f 3072/70/1165 3070/71/1165 3071/72/1165
f 3075/70/1166 3073/72/1166 3074/73/1166
f 3078/74/1167 3076/75/1167 3077/76/1167
f 3081/74/1168 3079/76/1168 3080/77/1169
f 3084/78/1170 3082/79/1171 3083/80/1170
f 3087/78/1172 3085/80/1172 3086/81/1172
f 3090/82/1173 3088/83/1173 3089/84/1173
f 3093/75/1174 3091/85/1174 3092/86/1175
f 3096/75/1176 3094/86/1176 3095/76/1177
f 3099/86/1178 3097/85/1179 3098/87/1180
f 3102/86/1181 3100/87/1182 3101/88/1183
f 3105/89/1184 3103/90/1185 3104/91/1186
f 3108/91/1187 3106/92/1188 3107/89/1184
f 3111/72/1189 3109/71/1190 3110/89/1189
f 3114/89/1191 3112/96/1191 3113/72/1191
f 3117/88/1192 3115/87/1193 3116/97/1194
f 3120/88/1195 3118/97/1196 3119/98/1197
f 3123/91/1198 3121/90/1199 3122/99/1200
f 3126/91/1201 3124/99/1200 3125/100/1202
f 3129/100/1203 3127/99/1204 3128/98/1205
f 3132/100/1202 3130/98/1206 3131/97/1207
f 3135/78/1208 3133/83/1208 3134/101/1208
f 3138/84/1173 3136/83/1173 3137/78/1173
f 3141/79/1209 3139/102/1210 3140/103/1209
f 3144/79/1173 3142/104/1173 3143/102/1173
f 3147/78/1211 3145/101/1211 3146/79/1211
f 3150/79/1208 3148/101/1173 3149/104/1208
f 3153/103/1212 3151/102/1212 3152/105/1212
f 3156/113/1213 3154/114/1214 3155/115/1214
f 3159/113/1215 3157/115/1216 3158/116/1216
f 3162/117/1217 3160/118/1218 3161/116/1219
f 3165/117/1220 3163/116/1221 3164/115/1220
f 3168/1/1222 3166/2/1223 3167/3/1223
f 3171/1/1224 3169/3/1224 3170/4/1224
f 3174/5/1225 3172/6/1225 3173/7/1225
f 3177/5/1226 3175/7/1226 3176/8/1226
f 3180/9/1227 3178/10/1227 3179/11/1227
f 3183/9/1228 3181/11/1229 3182/12/1230
f 3186/6/1231 3184/5/1232 3185/13/1231
f 3189/6/1233 3187/13/1233 3188/14/1233
f 3192/11/1234 3190/10/1235 3191/15/1235
f 3195/11/1236 3193/15/1237 3194/16/1237
f 3198/17/1238 3196/18/1238 3197/19/1238
f 3201/17/1238 3199/19/1238 3200/20/1238
f 3204/21/1232 3202/22/1231 3203/23/1232
f 3207/21/1239 3205/23/1231 3206/17/1239
f 3210/17/1240 3208/24/1240 3209/21/1240
f 3213/17/1241 3211/20/1241 3212/24/1241
f 3216/24/1242 3214/20/1242 3215/25/1243
f 3219/26/1244 3217/27/1244 3218/28/1244
f 3222/26/1245 3220/28/1246 3221/29/1246
f 3225/21/1247 3223/22/1248 3224/30/1248
f 3228/21/1249 3226/30/1247 3227/26/1247
f 3231/26/1250 3229/24/1250 3230/21/1250
f 3234/26/1251 3232/29/1251 3233/24/1251
f 3237/24/1251 3235/29/1251 3236/25/1251
f 3240/31/1251 3238/32/1251 3239/33/1251
f 3243/34/1252 3241/35/1252 3242/36/1252
f 3246/34/1253 3244/36/1254 3245/37/1254
f 3249/38/1255 3247/39/1256 3248/35/1257
f 3252/38/1258 3250/35/1257 3251/34/1259
f 3255/40/1260 3253/31/1261 3254/41/1261
f 3258/42/1262 3256/43/1263 3257/44/1264
f 3261/42/1262 3259/44/1264 3260/45/1265
f 3264/46/1266 3262/47/1266 3263/48/1267
f 3267/46/1268 3265/48/1266 3266/49/1268
f 3270/48/1269 3268/45/1270 3269/44/1271
f 3273/48/1272 3271/44/1273 3272/49/1274
f 3276/42/1275 3274/39/1276 3275/38/1277
f 3279/42/1278 3277/38/1279 3278/43/1280
f 3282/32/1281 3280/50/1282 3281/51/1283
f 3285/32/1283 3283/51/1283 3284/52/1283
f 3288/47/1284 3286/40/1285 3287/48/1284
f 3291/31/1286 3289/50/1286 3290/32/1286
f 3294/47/1287 3292/31/1287 3293/40/1287
f 3297/50/58 3295/31/58 3296/47/58
f 3300/53/1251 3298/54/1251 3299/55/1251
f 3303/53/1251 3301/55/1251 3302/56/1251
f 3306/54/1288 3304/53/1288 3305/57/1288
f 3309/54/1289 3307/57/1289 3308/58/1289
f 3312/55/1290 3310/54/1290 3311/59/1291
f 3315/55/1247 3313/59/1247 3314/60/1247
f 3318/61/1292 3316/62/1293 3317/63/1293
f 3321/61/1293 3319/63/1292 3320/64/1293
f 3324/65/1294 3322/66/1294 3323/67/1294
f 3327/65/1295 3325/67/1295 3326/61/1295
f 3330/61/695 3328/68/695 3329/65/695
f 3333/61/695 3331/64/695 3332/68/695
f 3336/68/1251 3334/64/1251 3335/69/1251
f 3339/70/1296 3337/71/1296 3338/72/1296
f 3342/70/1297 3340/72/1297 3341/73/1298
f 3345/74/1299 3343/75/1299 3344/76/1299
f 3348/74/1300 3346/76/1300 3347/77/1300
f 3351/78/1301 3349/79/1301 3350/80/1302
f 3354/78/1303 3352/80/1303 3353/81/1303
f 3357/82/1304 3355/83/1305 3356/84/1305
f 3360/75/1306 3358/85/1306 3359/86/1306
f 3363/75/1307 3361/86/1307 3362/76/1307
f 3366/86/1308 3364/85/1309 3365/87/1310
f 3369/86/1311 3367/87/1310 3368/88/1312
f 3372/89/1313 3370/90/1314 3371/91/1315
f 3375/91/1316 3373/92/1317 3374/89/1313
f 3378/93/1318 3376/94/1318 3377/95/1318
f 3381/72/1306 3379/71/1319 3380/89/1306
f 3384/89/1320 3382/96/1320 3383/72/1321
f 3387/88/1322 3385/87/1323 3386/97/1324
f 3390/88/1325 3388/97/1326 3389/98/1327
f 3393/91/1328 3391/90/1329 3392/99/1330
f 3396/91/1328 3394/99/1330 3395/100/1331
f 3399/100/1332 3397/99/1333 3398/98/1334
f 3402/100/1335 3400/98/1336 3401/97/1337
f 3405/78/1305 3403/83/1338 3404/101/1338
f 3408/84/1339 3406/83/1339 3407/78/1339
f 3411/79/1340 3409/102/1340 3410/103/1340
f 3414/79/1341 3412/104/1341 3413/102/1341
f 3417/78/1342 3415/101/1342 3416/79/1342
f 3420/79/1342 3418/101/1342 3419/104/1342
f 3423/103/1305 3421/102/1340 3422/105/1340
f 3426/106/1343 3424/107/1344 3425/108/1344
f 3429/109/1344 3427/107/1344 3428/106/1344
f 3432/109/1345 3430/110/1345 3431/107/1345
f 3435/94/1343 3433/111/1343 3434/112/1343
f 3438/109/1346 3436/94/1347 3437/112/1346
f 3441/109/1348 3439/112/1348 3440/110/1348
f 3444/93/1349 3442/111/1349 3443/94/1349
f 3447/113/1350 3445/114/1351 3446/115/1351
f 3450/113/1352 3448/115/1351 3449/116/1351
f 3453/117/1353 3451/118/1354 3452/116/1355
f 3456/117/1353 3454/116/1356 3455/115/1353
f 3459/1/1357 3457/2/1357 3458/3/1357
f 3462/1/1357 3460/3/1357 3461/4/1357
f 3465/5/1358 3463/6/1358 3464/7/1358
f 3468/5/1359 3466/7/1359 3467/8/1359
f 3471/9/1360 3469/10/1360 3470/11/1360
f 3474/9/1361 3472/11/1362 3473/12/1361
f 3477/6/1363 3475/5/1363 3476/13/1363
f 3480/6/1364 3478/13/1364 3479/14/1364
f 3483/11/1365 3481/10/1366 3482/15/1366
f 3486/11/1366 3484/15/1366 3485/16/1366
f 3489/17/1367 3487/18/1367 3488/19/1368
f 3492/17/1369 3490/19/1368 3491/20/1370
f 3495/21/1363 3493/22/1363 3494/23/1363
f 3498/21/1364 3496/23/1364 3497/17/1364
f 3501/17/1371 3499/24/1372 3500/21/1373
f 3504/17/1374 3502/20/1374 3503/24/1374
f 3507/24/1375 3505/20/1375 3506/25/1375
f 3510/26/1376 3508/27/1376 3509/28/1376
f 3513/26/1377 3511/28/1376 3512/29/1376
f 3516/21/1378 3514/22/1379 3515/30/1380
f 3519/21/1381 3517/30/1382 3518/26/1382
f 3522/26/1383 3520/24/1383 3521/21/1383
f 3525/26/1383 3523/29/1383 3524/24/1383
f 3528/24/1383 3526/29/1383 3527/25/1383
f 3531/31/1383 3529/32/1383 3530/33/1383
f 3534/34/1384 3532/35/1384 3533/36/1385
f 3537/34/1386 3535/36/1386 3536/37/1386
f 3540/38/1387 3538/39/1388 3539/35/1389
f 3543/38/1390 3541/35/1389 3542/34/1391
f 3546/40/1392 3544/31/1392 3545/41/1392
f 3549/42/1393 3547/43/1394 3548/44/1395
f 3552/42/1393 3550/44/1395 3551/45/1396
f 3555/46/1397 3553/47/1397 3554/48/1397
f 3558/46/1397 3556/48/1398 3557/49/1397
f 3561/48/1399 3559/45/1400 3560/44/1401
f 3564/48/1402 3562/44/1403 3563/49/1404
f 3567/42/1405 3565/39/1406 3566/38/1407
f 3570/42/1405 3568/38/1408 3569/43/1409
f 3573/32/1410 3571/50/1410 3572/51/1410
f 3576/32/1411 3574/51/1411 3575/52/1411
f 3579/47/1412 3577/40/1412 3578/48/1412
f 3582/31/1413 3580/50/1414 3581/32/1414
f 3585/47/1413 3583/31/1413 3584/40/1413
f 3588/50/1415 3586/31/1415 3587/47/1415
f 3591/53/1383 3589/54/1383 3590/55/1383
f 3594/53/1383 3592/55/1383 3593/56/1383
f 3597/54/1416 3595/53/1417 3596/57/1417
f 3600/54/1418 3598/57/1418 3599/58/1418
f 3603/55/1381 3601/54/1419 3602/59/1419
f 3606/55/1379 3604/59/1380 3605/60/1379
f 3609/61/1420 3607/62/1420 3608/63/1420
f 3612/61/1421 3610/63/1421 3611/64/1421
f 3615/65/1422 3613/66/1423 3614/67/1422
f 3618/65/1422 3616/67/1422 3617/61/1422
f 3621/61/1424 3619/68/1424 3620/65/1424
f 3624/61/1383 3622/64/1383 3623/68/1383
f 3627/68/1383 3625/64/1383 3626/69/1383
f 3630/70/1425 3628/71/1425 3629/72/1425
f 3633/70/1426 3631/72/1426 3632/73/1426
f 3636/74/1427 3634/75/1428 3635/76/1429
f 3639/74/1430 3637/76/1431 3638/77/1430
f 3642/78/1432 3640/79/1432 3641/80/1432
f 3645/78/1432 3643/80/1432 3644/81/1433
f 3648/82/1434 3646/83/1435 3647/84/1434
f 3651/75/1436 3649/85/1436 3650/86/1436
f 3654/75/1437 3652/86/1437 3653/76/1437
f 3657/86/1438 3655/85/1439 3656/87/1440
f 3660/86/1441 3658/87/1442 3659/88/1443
f 3663/89/1444 3661/90/1445 3662/91/1446
f 3666/91/1446 3664/92/1447 3665/89/1444
f 3669/93/1448 3667/94/1448 3668/95/1448
f 3672/72/1449 3670/71/1449 3671/89/1449
f 3675/89/1449 3673/96/1449 3674/72/1449
f 3678/88/1450 3676/87/1451 3677/97/1452
f 3681/88/1453 3679/97/1454 3680/98/1455
f 3684/91/1456 3682/90/1457 3683/99/1458
f 3687/91/1459 3685/99/1458 3686/100/1460
f 3690/100/1461 3688/99/1462 3689/98/1463
f 3693/100/1461 3691/98/1464 3692/97/1465
f 3696/78/1466 3694/83/1466 3695/101/1467
f 3699/84/1468 3697/83/1469 3698/78/1468
f 3702/79/1466 3700/102/1467 3701/103/1467
f 3705/79/1470 3703/104/1471 3704/102/1470
f 3708/78/1468 3706/101/1435 3707/79/1434
f 3711/79/1434 3709/101/1434 3710/104/1434
f 3714/103/1472 3712/102/1472 3713/105/1472
f 3717/106/1473 3715/107/1474 3716/108/1473
f 3720/109/1473 3718/107/1475 3719/106/1475
f 3723/109/1476 3721/110/1473 3722/107/1473
f 3726/94/1477 3724/111/1477 3725/112/1477
f 3729/109/1478 3727/94/1478 3728/112/1479
f 3732/109/1473 3730/112/1474 3731/110/1474
f 3735/93/1480 3733/111/1480 3734/94/1480
f 3738/113/1481 3736/114/1481 3737/115/1481
f 3741/113/1482 3739/115/1482 3740/116/1482
f 3744/117/1483 3742/118/1483 3743/116/1483
f 3747/117/1484 3745/116/1484 3746/115/1484
